run_id,runtime,yjit,scenario,scenario_family,benchmark_source,benchmark_source_url,server,server_capacity,adapter,workers,threads,requests,target_requests,duration_s,min_duration_s,target_warmup_requests,warmup_requests,warmup_duration_s,warmup_min_duration_s,concurrency,keep_alive,completed,errors,achieved_rps,p50_ms,p95_ms,p99_ms,p999_ms,max_ms,rss_mb_peak,rss_mb_end,cpu_pct_avg,target_sample_count,sample_count,raw_sample_count,gc_delta_scope,gc_count_delta,total_allocated_objects_delta
yjit-off/puma-response-array-1kb/raptor-3r/repeat-1,yjit-off,false,puma-response-array-1kb,puma-response-time-wrk,puma/benchmarks/local/response_time_wrk,https://github.com/puma/puma/blob/main/benchmarks/local/response_time_wrk.rb,raptor-3r,3,raptor,3,,1000,1000,16.13,5.0,1000,1000,16.206,2.0,5,true,1000,0,61.996,40.984,41.983,42.675,4034.019,4034.727,29.23,29.23,3.145,20,20,236,same_worker,15,720526
yjit-off/puma-response-chunk-1kb/raptor-3r/repeat-1,yjit-off,false,puma-response-chunk-1kb,puma-response-time-wrk,puma/benchmarks/local/response_time_wrk,https://github.com/puma/puma/blob/main/benchmarks/local/response_time_wrk.rb,raptor-3r,3,raptor,3,,1000,1000,16.11,5.0,1000,1000,16.249,2.0,5,true,1000,0,62.074,40.978,41.965,42.367,4029.151,4029.41,29.262,29.262,2.595,20,20,236,same_worker,15,716317
yjit-off/puma-response-string-1kb/raptor-3r/repeat-1,yjit-off,false,puma-response-string-1kb,puma-response-time-wrk,puma/benchmarks/local/response_time_wrk,https://github.com/puma/puma/blob/main/benchmarks/local/response_time_wrk.rb,raptor-3r,3,raptor,3,,1000,1000,16.12,5.0,1000,1000,16.279,2.0,5,true,1000,0,62.035,40.984,41.962,42.3,4029.44,4029.985,29.277,29.277,2.485,20,20,236,same_worker,15,718168
yjit-off/puma-response-io-1kb/raptor-3r/repeat-1,yjit-off,false,puma-response-io-1kb,puma-response-time-wrk,puma/benchmarks/local/response_time_wrk,https://github.com/puma/puma/blob/main/benchmarks/local/response_time_wrk.rb,raptor-3r,3,raptor,3,,1000,1000,16.118,5.0,1000,1000,16.325,2.0,5,true,1000,0,62.041,40.981,41.953,42.304,4031.286,4031.451,29.352,29.352,2.445,20,20,236,same_worker,15,727876
yjit-off/puma-response-array-10kb/raptor-3r/repeat-1,yjit-off,false,puma-response-array-10kb,puma-response-time-wrk,puma/benchmarks/local/response_time_wrk,https://github.com/puma/puma/blob/main/benchmarks/local/response_time_wrk.rb,raptor-3r,3,raptor,3,,1000,1000,16.12,5.0,1000,1000,16.263,2.0,5,true,1000,0,62.035,40.978,41.956,42.4,4028.581,4031.734,29.449,29.449,2.4,20,20,236,same_worker,15,719311
yjit-off/puma-response-chunk-10kb/raptor-3r/repeat-1,yjit-off,false,puma-response-chunk-10kb,puma-response-time-wrk,puma/benchmarks/local/response_time_wrk,https://github.com/puma/puma/blob/main/benchmarks/local/response_time_wrk.rb,raptor-3r,3,raptor,3,,1000,1000,16.102,5.0,1000,1000,16.21,2.0,5,true,1000,0,62.103,40.973,41.957,42.245,4024.434,4031.208,29.492,29.492,2.4,20,20,236,same_worker,15,716297
yjit-off/puma-response-string-10kb/raptor-3r/repeat-1,yjit-off,false,puma-response-string-10kb,puma-response-time-wrk,puma/benchmarks/local/response_time_wrk,https://github.com/puma/puma/blob/main/benchmarks/local/response_time_wrk.rb,raptor-3r,3,raptor,3,,1000,1000,16.119,5.0,1000,1000,16.2,2.0,5,true,1000,0,62.04,40.979,41.96,42.323,4034.354,4037.172,29.586,29.586,2.4,20,20,237,same_worker,14,719305
yjit-off/puma-response-io-10kb/raptor-3r/repeat-1,yjit-off,false,puma-response-io-10kb,puma-response-time-wrk,puma/benchmarks/local/response_time_wrk,https://github.com/puma/puma/blob/main/benchmarks/local/response_time_wrk.rb,raptor-3r,3,raptor,3,,1000,1000,16.117,5.0,1000,1000,16.226,2.0,5,true,1000,0,62.047,40.978,41.962,42.579,4031.111,4031.554,30.195,30.195,2.4,20,20,235,same_worker,15,744009
yjit-off/puma-response-array-100kb/raptor-3r/repeat-1,yjit-off,false,puma-response-array-100kb,puma-response-time-wrk,puma/benchmarks/local/response_time_wrk,https://github.com/puma/puma/blob/main/benchmarks/local/response_time_wrk.rb,raptor-3r,3,raptor,3,,1000,1000,15.279,5.0,1000,1000,14.411,2.0,5,true,1000,0,65.45,40.967,41.957,42.55,3747.635,3938.971,30.195,30.195,2.48,20,20,225,same_worker,15,719303
yjit-off/puma-response-chunk-100kb/raptor-3r/repeat-1,yjit-off,false,puma-response-chunk-100kb,puma-response-time-wrk,puma/benchmarks/local/response_time_wrk,https://github.com/puma/puma/blob/main/benchmarks/local/response_time_wrk.rb,raptor-3r,3,raptor,3,,1000,1000,14.921,5.0,1000,1000,13.986,2.0,5,true,1000,0,67.019,40.965,41.963,42.332,3670.29,3707.323,30.285,30.285,2.555,20,20,219,same_worker,14,716300
yjit-off/puma-response-string-100kb/raptor-3r/repeat-1,yjit-off,false,puma-response-string-100kb,puma-response-time-wrk,puma/benchmarks/local/response_time_wrk,https://github.com/puma/puma/blob/main/benchmarks/local/response_time_wrk.rb,raptor-3r,3,raptor,3,,13837,1000,5.001,5.0,1000,5597,2.002,2.0,5,true,13837,0,2766.6,0.983,1.779,6.447,104.185,116.442,30.473,30.473,3.755,20,20,72,same_worker,206,9949881
yjit-off/puma-response-io-100kb/raptor-3r/repeat-1,yjit-off,false,puma-response-io-100kb,puma-response-time-wrk,puma/benchmarks/local/response_time_wrk,https://github.com/puma/puma/blob/main/benchmarks/local/response_time_wrk.rb,raptor-3r,3,raptor,3,,1000,1000,14.839,5.0,1000,1000,14.021,2.0,5,true,1000,0,67.39,40.97,41.979,42.962,3598.003,3632.48,41.379,41.379,4.4,20,20,218,same_worker,20,925317
yjit-off/puma-response-array-256kb/raptor-3r/repeat-1,yjit-off,false,puma-response-array-256kb,puma-response-time-wrk,puma/benchmarks/local/response_time_wrk,https://github.com/puma/puma/blob/main/benchmarks/local/response_time_wrk.rb,raptor-3r,3,raptor,3,,1000,1000,11.84,5.0,1000,1000,9.403,2.0,5,true,1000,0,84.462,40.992,42.255,43.219,2691.046,3341.954,41.379,41.379,4.5,20,20,174,same_worker,15,719309
yjit-off/puma-response-chunk-256kb/raptor-3r/repeat-1,yjit-off,false,puma-response-chunk-256kb,puma-response-time-wrk,puma/benchmarks/local/response_time_wrk,https://github.com/puma/puma/blob/main/benchmarks/local/response_time_wrk.rb,raptor-3r,3,raptor,3,,1001,1000,9.546,5.0,1000,1000,11.16,2.0,5,true,1001,0,104.865,40.949,42.164,42.973,3039.158,3045.259,41.379,41.379,4.6,20,20,141,same_worker,15,716280
yjit-off/puma-response-string-256kb/raptor-3r/repeat-1,yjit-off,false,puma-response-string-256kb,puma-response-time-wrk,puma/benchmarks/local/response_time_wrk,https://github.com/puma/puma/blob/main/benchmarks/local/response_time_wrk.rb,raptor-3r,3,raptor,3,,10488,1000,5.002,5.0,1000,4092,2.002,2.0,5,true,10488,0,2096.773,1.246,2.465,41.932,128.154,180.497,41.379,41.379,5.425,20,20,72,same_worker,159,7543730
yjit-off/puma-response-io-256kb/raptor-3r/repeat-1,yjit-off,false,puma-response-io-256kb,puma-response-time-wrk,puma/benchmarks/local/response_time_wrk,https://github.com/puma/puma/blob/main/benchmarks/local/response_time_wrk.rb,raptor-3r,3,raptor,3,,1000,1000,10.411,5.0,1000,1000,13.061,2.0,5,true,1000,0,96.051,41.892,42.805,43.693,3266.189,3306.739,50.207,50.207,5.97,20,20,153,same_worker,28,1236065
yjit-off/puma-response-array-512kb/raptor-3r/repeat-1,yjit-off,false,puma-response-array-512kb,puma-response-time-wrk,puma/benchmarks/local/response_time_wrk,https://github.com/puma/puma/blob/main/benchmarks/local/response_time_wrk.rb,raptor-3r,3,raptor,3,,1000,1000,13.705,5.0,1000,1000,12.597,2.0,5,true,1000,0,72.967,41.944,42.951,44.011,3605.138,3677.194,50.207,50.207,6.15,20,20,201,same_worker,15,719309
yjit-off/puma-response-chunk-512kb/raptor-3r/repeat-1,yjit-off,false,puma-response-chunk-512kb,puma-response-time-wrk,puma/benchmarks/local/response_time_wrk,https://github.com/puma/puma/blob/main/benchmarks/local/response_time_wrk.rb,raptor-3r,3,raptor,3,,1000,1000,13.688,5.0,1000,1000,13.861,2.0,5,true,1000,0,73.056,41.95,43.003,43.896,3336.099,3398.789,50.207,50.207,6.265,20,20,201,same_worker,15,714522
yjit-off/puma-response-string-512kb/raptor-3r/repeat-1,yjit-off,false,puma-response-string-512kb,puma-response-time-wrk,puma/benchmarks/local/response_time_wrk,https://github.com/puma/puma/blob/main/benchmarks/local/response_time_wrk.rb,raptor-3r,3,raptor,3,,7496,1000,5.003,5.0,1000,3039,2.005,2.0,5,true,7496,0,1498.313,1.631,3.275,75.067,198.495,214.613,50.207,50.207,6.79,20,20,72,same_worker,114,5390070
yjit-off/puma-response-io-512kb/raptor-3r/repeat-1,yjit-off,false,puma-response-io-512kb,puma-response-time-wrk,puma/benchmarks/local/response_time_wrk,https://github.com/puma/puma/blob/main/benchmarks/local/response_time_wrk.rb,raptor-3r,3,raptor,3,,1000,1000,14.599,5.0,1000,1000,14.283,2.0,5,true,1000,0,68.5,41.974,43.729,44.925,3612.496,3651.166,63.836,63.836,7.275,20,20,214,same_worker,43,1748567
yjit-off/puma-response-array-1024kb/raptor-3r/repeat-1,yjit-off,false,puma-response-array-1024kb,puma-response-time-wrk,puma/benchmarks/local/response_time_wrk,https://github.com/puma/puma/blob/main/benchmarks/local/response_time_wrk.rb,raptor-3r,3,raptor,3,,1000,1000,14.685,5.0,1000,1000,15.161,2.0,5,true,1000,0,68.097,42.346,44.09,45.491,3581.645,3688.066,63.836,63.836,7.555,20,20,215,same_worker,15,719297
yjit-off/puma-response-chunk-1024kb/raptor-3r/repeat-1,yjit-off,false,puma-response-chunk-1024kb,puma-response-time-wrk,puma/benchmarks/local/response_time_wrk,https://github.com/puma/puma/blob/main/benchmarks/local/response_time_wrk.rb,raptor-3r,3,raptor,3,,1000,1000,15.121,5.0,1000,1000,15.316,2.0,5,true,1000,0,66.132,42.907,44.039,45.122,3634.139,3653.682,63.836,63.836,7.85,20,20,221,same_worker,15,714882
yjit-off/puma-response-string-1024kb/raptor-3r/repeat-1,yjit-off,false,puma-response-string-1024kb,puma-response-time-wrk,puma/benchmarks/local/response_time_wrk,https://github.com/puma/puma/blob/main/benchmarks/local/response_time_wrk.rb,raptor-3r,3,raptor,3,,4921,1000,5.005,5.0,1000,1979,2.006,2.0,5,true,4921,0,983.285,2.69,5.333,42.169,286.047,304.604,63.836,63.836,8.275,20,20,69,same_worker,76,3538811
yjit-off/puma-response-io-1024kb/raptor-3r/repeat-1,yjit-off,false,puma-response-io-1024kb,puma-response-time-wrk,puma/benchmarks/local/response_time_wrk,https://github.com/puma/puma/blob/main/benchmarks/local/response_time_wrk.rb,raptor-3r,3,raptor,3,,1000,1000,15.818,5.0,1000,1000,16.146,2.0,5,true,1000,0,63.219,43.83,45.795,47.195,3874.48,3896.964,77.828,77.828,8.96,20,20,231,same_worker,71,2773533
yjit-off/puma-response-array-2048kb/raptor-3r/repeat-1,yjit-off,false,puma-response-array-2048kb,puma-response-time-wrk,puma/benchmarks/local/response_time_wrk,https://github.com/puma/puma/blob/main/benchmarks/local/response_time_wrk.rb,raptor-3r,3,raptor,3,,1000,1000,15.402,5.0,1000,1000,16.044,2.0,5,true,1000,0,64.928,43.989,47.79,49.929,3985.126,4024.442,77.828,77.828,9.605,20,20,225,same_worker,16,719312
yjit-off/puma-response-chunk-2048kb/raptor-3r/repeat-1,yjit-off,false,puma-response-chunk-2048kb,puma-response-time-wrk,puma/benchmarks/local/response_time_wrk,https://github.com/puma/puma/blob/main/benchmarks/local/response_time_wrk.rb,raptor-3r,3,raptor,3,,1000,1000,15.985,5.0,1000,1000,16.127,2.0,5,true,1000,0,62.558,43.972,47.269,49.918,4013.707,4014.321,77.828,77.828,10.255,20,20,233,same_worker,15,716301
yjit-off/puma-response-string-2048kb/raptor-3r/repeat-1,yjit-off,false,puma-response-string-2048kb,puma-response-time-wrk,puma/benchmarks/local/response_time_wrk,https://github.com/puma/puma/blob/main/benchmarks/local/response_time_wrk.rb,raptor-3r,3,raptor,3,,3122,1000,5.007,5.0,1000,1270,2.007,2.0,5,true,3122,0,623.546,4.459,8.338,42.431,477.425,498.754,77.828,77.828,10.65,20,20,66,same_worker,49,2244788
yjit-off/puma-response-io-2048kb/raptor-3r/repeat-1,yjit-off,false,puma-response-io-2048kb,puma-response-time-wrk,puma/benchmarks/local/response_time_wrk,https://github.com/puma/puma/blob/main/benchmarks/local/response_time_wrk.rb,raptor-3r,3,raptor,3,,1000,1000,16.992,5.0,1000,1000,17.448,2.0,5,true,1000,0,58.853,45.967,50.979,53.842,4243.9,4397.985,90.691,90.691,11.72,20,20,248,same_worker,135,4820349
yjit-off/puma-long-tail-fib-200ms-x6p0/raptor-3r/repeat-1,yjit-off,false,puma-long-tail-fib-200ms-x6p0,puma-long-tail-hey,puma/benchmarks/local/long_tail_hey + test/rackup/sleep_fibonacci,https://github.com/puma/puma/blob/main/benchmarks/local/long_tail_hey.rb,raptor-3r,3,raptor,3,,363,360,29.013,5.0,360,360,28.759,2.0,18,true,363,0,12.512,241.821,242.995,19610.207,24400.524,24401.05,91.063,91.063,21.22,20,20,422,same_worker,1,64930
yjit-off/puma-long-tail-fib-200ms-x4p0/raptor-3r/repeat-1,yjit-off,false,puma-long-tail-fib-200ms-x4p0,puma-long-tail-hey,puma/benchmarks/local/long_tail_hey + test/rackup/sleep_fibonacci,https://github.com/puma/puma/blob/main/benchmarks/local/long_tail_hey.rb,raptor-3r,3,raptor,3,,243,240,19.422,5.0,240,240,19.17,2.0,12,true,243,0,12.512,241.799,242.855,12800.294,14814.574,14814.658,91.09,91.09,29.57,20,20,282,same_worker,1,43374
yjit-off/puma-long-tail-fib-200ms-x3p0/raptor-3r/repeat-1,yjit-off,false,puma-long-tail-fib-200ms-x3p0,puma-long-tail-hey,puma/benchmarks/local/long_tail_hey + test/rackup/sleep_fibonacci,https://github.com/puma/puma/blob/main/benchmarks/local/long_tail_hey.rb,raptor-3r,3,raptor,3,,183,180,14.63,5.0,180,180,14.376,2.0,9,true,183,0,12.508,241.821,242.877,10034.149,10034.426,10034.479,91.098,91.098,35.055,20,20,213,same_worker,1,31721
yjit-off/puma-long-tail-fib-200ms-x2p0/raptor-3r/repeat-1,yjit-off,false,puma-long-tail-fib-200ms-x2p0,puma-long-tail-hey,puma/benchmarks/local/long_tail_hey + test/rackup/sleep_fibonacci,https://github.com/puma/puma/blob/main/benchmarks/local/long_tail_hey.rb,raptor-3r,3,raptor,3,,123,120,9.838,5.0,120,120,9.594,2.0,6,true,123,0,12.502,241.947,243.091,5239.377,5240.178,5240.248,91.102,91.102,38.63,20,20,144,same_worker,0,20245
yjit-off/puma-long-tail-fib-200ms-x1p5/raptor-3r/repeat-1,yjit-off,false,puma-long-tail-fib-200ms-x1p5,puma-long-tail-hey,puma/benchmarks/local/long_tail_hey + test/rackup/sleep_fibonacci,https://github.com/puma/puma/blob/main/benchmarks/local/long_tail_hey.rb,raptor-3r,3,raptor,3,,103,100,9.827,5.0,100,100,9.592,2.0,5,true,103,0,10.481,241.547,242.454,5131.187,5231.016,5231.024,91.102,91.102,41.275,20,20,144,same_worker,0,15537
yjit-off/puma-long-tail-fib-200ms-x1p0/raptor-3r/repeat-1,yjit-off,false,puma-long-tail-fib-200ms-x1p0,puma-long-tail-hey,puma/benchmarks/local/long_tail_hey + test/rackup/sleep_fibonacci,https://github.com/puma/puma/blob/main/benchmarks/local/long_tail_hey.rb,raptor-3r,3,raptor,3,,63,60,5.037,5.0,60,60,4.79,2.0,3,true,63,0,12.506,241.765,242.688,242.869,243.012,243.028,91.102,91.102,42.885,20,20,75,same_worker,0,11056
yjit-off/puma-long-tail-fib-200ms-x0p5/raptor-3r/repeat-1,yjit-off,false,puma-long-tail-fib-200ms-x0p5,puma-long-tail-hey,puma/benchmarks/local/long_tail_hey + test/rackup/sleep_fibonacci,https://github.com/puma/puma/blob/main/benchmarks/local/long_tail_hey.rb,raptor-3r,3,raptor,3,,42,40,5.037,5.0,40,40,4.8,2.0,2,true,42,0,8.338,241.712,242.986,243.132,243.213,243.222,91.102,91.102,43.85,20,20,75,same_worker,0,6960
yjit-off/puma-sleep-fibonacci-1ms/raptor-3r/repeat-1,yjit-off,false,puma-sleep-fibonacci-1ms,puma-sleep-fibonacci-test,puma/benchmarks/local/sleep_fibonacci_test + test/rackup/sleep_fibonacci,https://github.com/puma/puma/blob/main/benchmarks/local/sleep_fibonacci_test.rb,raptor-3r,3,raptor,3,,122,10,5.008,5.0,10,49,2.024,2.0,1,true,122,0,24.362,41.96,42.135,42.962,42.967,42.968,91.113,91.113,43.84,20,20,74,same_worker,0,20669
yjit-off/puma-sleep-fibonacci-5ms/raptor-3r/repeat-1,yjit-off,false,puma-sleep-fibonacci-5ms,puma-sleep-fibonacci-test,puma/benchmarks/local/sleep_fibonacci_test + test/rackup/sleep_fibonacci,https://github.com/puma/puma/blob/main/benchmarks/local/sleep_fibonacci_test.rb,raptor-3r,3,raptor,3,,109,10,5.006,5.0,10,45,2.043,2.0,1,true,109,0,21.775,46.965,47.572,47.998,48.039,48.044,91.156,91.156,43.56,20,20,74,same_worker,0,16489
yjit-off/puma-sleep-fibonacci-10ms/raptor-3r/repeat-1,yjit-off,false,puma-sleep-fibonacci-10ms,puma-sleep-fibonacci-test,puma/benchmarks/local/sleep_fibonacci_test + test/rackup/sleep_fibonacci,https://github.com/puma/puma/blob/main/benchmarks/local/sleep_fibonacci_test.rb,raptor-3r,3,raptor,3,,99,10,5.02,5.0,10,40,2.018,2.0,1,true,99,0,19.723,50.968,51.965,52.009,52.874,52.97,91.156,91.156,43.33,20,20,75,same_worker,1,20564
yjit-off/puma-sleep-fibonacci-50ms/raptor-3r/repeat-1,yjit-off,false,puma-sleep-fibonacci-50ms,puma-sleep-fibonacci-test,puma/benchmarks/local/sleep_fibonacci_test + test/rackup/sleep_fibonacci,https://github.com/puma/puma/blob/main/benchmarks/local/sleep_fibonacci_test.rb,raptor-3r,3,raptor,3,,55,10,5.001,5.0,10,23,2.062,2.0,1,true,55,0,10.997,91.925,92.035,92.504,92.963,93.014,91.16,91.16,43.2,20,20,74,same_worker,0,9872
yjit-off/puma-sleep-fibonacci-100ms/raptor-3r/repeat-1,yjit-off,false,puma-sleep-fibonacci-100ms,puma-sleep-fibonacci-test,puma/benchmarks/local/sleep_fibonacci_test + test/rackup/sleep_fibonacci,https://github.com/puma/puma/blob/main/benchmarks/local/sleep_fibonacci_test.rb,raptor-3r,3,raptor,3,,36,10,5.068,5.0,10,15,2.09,2.0,1,true,36,0,7.104,141.941,142.245,142.718,142.945,142.97,91.16,91.16,43.275,20,20,75,same_worker,0,4237
yjit-off/puma-sleep-fibonacci-200ms/raptor-3r/repeat-1,yjit-off,false,puma-sleep-fibonacci-200ms,puma-sleep-fibonacci-test,puma/benchmarks/local/sleep_fibonacci_test + test/rackup/sleep_fibonacci,https://github.com/puma/puma/blob/main/benchmarks/local/sleep_fibonacci_test.rb,raptor-3r,3,raptor,3,,21,10,5.045,5.0,10,10,2.401,2.0,1,true,21,0,4.163,241.925,242.994,247.803,248.885,249.005,91.16,91.16,43.365,20,20,75,same_worker,0,3888
yjit-off/puma-response-array-1kb/raptor-3r/repeat-2,yjit-off,false,puma-response-array-1kb,puma-response-time-wrk,puma/benchmarks/local/response_time_wrk,https://github.com/puma/puma/blob/main/benchmarks/local/response_time_wrk.rb,raptor-3r,3,raptor,3,,1000,1000,16.12,5.0,1000,1000,16.146,2.0,5,true,1000,0,62.036,40.98,41.972,42.356,4032.59,4033.042,27.617,27.617,3.145,20,20,237,same_worker,28,717103
yjit-off/puma-response-chunk-1kb/raptor-3r/repeat-2,yjit-off,false,puma-response-chunk-1kb,puma-response-time-wrk,puma/benchmarks/local/response_time_wrk,https://github.com/puma/puma/blob/main/benchmarks/local/response_time_wrk.rb,raptor-3r,3,raptor,3,,1000,1000,16.114,5.0,1000,1000,16.142,2.0,5,true,1000,0,62.059,40.978,41.935,42.122,4027.919,4033.597,27.641,27.641,2.665,20,20,237,same_worker,28,714802
yjit-off/puma-response-string-1kb/raptor-3r/repeat-2,yjit-off,false,puma-response-string-1kb,puma-response-time-wrk,puma/benchmarks/local/response_time_wrk,https://github.com/puma/puma/blob/main/benchmarks/local/response_time_wrk.rb,raptor-3r,3,raptor,3,,1000,1000,16.113,5.0,1000,1000,16.132,2.0,5,true,1000,0,62.063,40.978,41.936,42.449,4030.014,4030.194,27.645,27.645,2.5,20,20,237,same_worker,28,718354
yjit-off/puma-response-io-1kb/raptor-3r/repeat-2,yjit-off,false,puma-response-io-1kb,puma-response-time-wrk,puma/benchmarks/local/response_time_wrk,https://github.com/puma/puma/blob/main/benchmarks/local/response_time_wrk.rb,raptor-3r,3,raptor,3,,1000,1000,16.098,5.0,1000,1000,16.147,2.0,5,true,1000,0,62.12,40.981,41.942,42.216,4026.056,4027.204,27.695,27.695,2.465,20,20,237,same_worker,28,727667
yjit-off/puma-response-array-10kb/raptor-3r/repeat-2,yjit-off,false,puma-response-array-10kb,puma-response-time-wrk,puma/benchmarks/local/response_time_wrk,https://github.com/puma/puma/blob/main/benchmarks/local/response_time_wrk.rb,raptor-3r,3,raptor,3,,1000,1000,16.123,5.0,1000,1000,16.234,2.0,5,true,1000,0,62.022,40.981,41.964,42.656,4034.082,4035.522,27.711,27.711,2.4,20,20,237,same_worker,28,718360
yjit-off/puma-response-chunk-10kb/raptor-3r/repeat-2,yjit-off,false,puma-response-chunk-10kb,puma-response-time-wrk,puma/benchmarks/local/response_time_wrk,https://github.com/puma/puma/blob/main/benchmarks/local/response_time_wrk.rb,raptor-3r,3,raptor,3,,1000,1000,16.113,5.0,1000,1000,16.223,2.0,5,true,1000,0,62.062,40.983,41.966,42.417,4028.521,4031.202,27.711,27.711,2.395,20,20,239,same_worker,28,714381
yjit-off/puma-response-string-10kb/raptor-3r/repeat-2,yjit-off,false,puma-response-string-10kb,puma-response-time-wrk,puma/benchmarks/local/response_time_wrk,https://github.com/puma/puma/blob/main/benchmarks/local/response_time_wrk.rb,raptor-3r,3,raptor,3,,1000,1000,16.103,5.0,1000,1000,16.288,2.0,5,true,1000,0,62.1,40.979,41.96,42.281,4026.753,4030.578,27.727,27.727,2.3,20,20,238,same_worker,29,718364
yjit-off/puma-response-io-10kb/raptor-3r/repeat-2,yjit-off,false,puma-response-io-10kb,puma-response-time-wrk,puma/benchmarks/local/response_time_wrk,https://github.com/puma/puma/blob/main/benchmarks/local/response_time_wrk.rb,raptor-3r,3,raptor,3,,1000,1000,16.112,5.0,1000,1000,16.206,2.0,5,true,1000,0,62.065,40.978,41.959,42.662,4032.237,4033.2,28.086,28.086,2.3,20,20,238,same_worker,29,745508
yjit-off/puma-response-array-100kb/raptor-3r/repeat-2,yjit-off,false,puma-response-array-100kb,puma-response-time-wrk,puma/benchmarks/local/response_time_wrk,https://github.com/puma/puma/blob/main/benchmarks/local/response_time_wrk.rb,raptor-3r,3,raptor,3,,1000,1000,14.209,5.0,1000,1000,14.484,2.0,5,true,1000,0,70.38,40.962,41.954,42.821,3429.281,3591.242,28.086,28.086,2.4,20,20,209,same_worker,28,718356
yjit-off/puma-response-chunk-100kb/raptor-3r/repeat-2,yjit-off,false,puma-response-chunk-100kb,puma-response-time-wrk,puma/benchmarks/local/response_time_wrk,https://github.com/puma/puma/blob/main/benchmarks/local/response_time_wrk.rb,raptor-3r,3,raptor,3,,1000,1000,15.24,5.0,1000,1000,14.3,2.0,5,true,1000,0,65.617,40.966,41.954,42.169,3708.035,3711.394,28.191,28.191,2.5,20,20,224,same_worker,28,714478
yjit-off/puma-response-string-100kb/raptor-3r/repeat-2,yjit-off,false,puma-response-string-100kb,puma-response-time-wrk,puma/benchmarks/local/response_time_wrk,https://github.com/puma/puma/blob/main/benchmarks/local/response_time_wrk.rb,raptor-3r,3,raptor,3,,13675,1000,5.002,5.0,1000,5585,2.002,2.0,5,true,13675,0,2734.115,0.992,1.818,13.486,102.888,110.527,28.719,28.719,3.74,20,20,72,same_worker,394,9820384
yjit-off/puma-response-io-100kb/raptor-3r/repeat-2,yjit-off,false,puma-response-io-100kb,puma-response-time-wrk,puma/benchmarks/local/response_time_wrk,https://github.com/puma/puma/blob/main/benchmarks/local/response_time_wrk.rb,raptor-3r,3,raptor,3,,1000,1000,14.788,5.0,1000,1000,14.417,2.0,5,true,1000,0,67.623,40.974,41.986,42.886,3642.85,3757.939,34.602,34.602,4.4,20,20,217,same_worker,39,924396
yjit-off/puma-response-array-256kb/raptor-3r/repeat-2,yjit-off,false,puma-response-array-256kb,puma-response-time-wrk,puma/benchmarks/local/response_time_wrk,https://github.com/puma/puma/blob/main/benchmarks/local/response_time_wrk.rb,raptor-3r,3,raptor,3,,1000,1000,8.614,5.0,1000,1000,10.516,2.0,5,true,1000,0,116.094,40.932,42.249,43.01,2292.566,2740.13,34.602,34.602,4.525,20,20,127,same_worker,29,718352
yjit-off/puma-response-chunk-256kb/raptor-3r/repeat-2,yjit-off,false,puma-response-chunk-256kb,puma-response-time-wrk,puma/benchmarks/local/response_time_wrk,https://github.com/puma/puma/blob/main/benchmarks/local/response_time_wrk.rb,raptor-3r,3,raptor,3,,1000,1000,9.84,5.0,1000,1000,7.802,2.0,5,true,1000,0,101.624,41.017,42.42,43.149,2728.84,3468.211,34.602,34.602,4.7,20,20,145,same_worker,29,715422
yjit-off/puma-response-string-256kb/raptor-3r/repeat-2,yjit-off,false,puma-response-string-256kb,puma-response-time-wrk,puma/benchmarks/local/response_time_wrk,https://github.com/puma/puma/blob/main/benchmarks/local/response_time_wrk.rb,raptor-3r,3,raptor,3,,9827,1000,5.002,5.0,1000,3965,2.003,2.0,5,true,9827,0,1964.622,1.318,2.675,35.808,145.789,204.843,34.922,34.922,5.53,20,20,72,same_worker,291,7058735
yjit-off/puma-response-io-256kb/raptor-3r/repeat-2,yjit-off,false,puma-response-io-256kb,puma-response-time-wrk,puma/benchmarks/local/response_time_wrk,https://github.com/puma/puma/blob/main/benchmarks/local/response_time_wrk.rb,raptor-3r,3,raptor,3,,1000,1000,12.113,5.0,1000,1000,12.136,2.0,5,true,1000,0,82.557,41.868,42.817,43.75,2923.844,3085.29,39.043,39.043,6.095,20,20,178,same_worker,56,1236287
yjit-off/puma-response-array-512kb/raptor-3r/repeat-2,yjit-off,false,puma-response-array-512kb,puma-response-time-wrk,puma/benchmarks/local/response_time_wrk,https://github.com/puma/puma/blob/main/benchmarks/local/response_time_wrk.rb,raptor-3r,3,raptor,3,,1000,1000,14.057,5.0,1000,1000,14.076,2.0,5,true,1000,0,71.141,41.945,42.97,44.104,3563.103,3635.602,39.043,39.043,6.2,20,20,207,same_worker,30,718364
yjit-off/puma-response-chunk-512kb/raptor-3r/repeat-2,yjit-off,false,puma-response-chunk-512kb,puma-response-time-wrk,puma/benchmarks/local/response_time_wrk,https://github.com/puma/puma/blob/main/benchmarks/local/response_time_wrk.rb,raptor-3r,3,raptor,3,,1000,1000,13.291,5.0,1000,1000,13.021,2.0,5,true,1000,0,75.239,41.94,42.969,43.974,3471.319,3756.063,39.043,39.043,6.36,20,20,195,same_worker,30,714785
yjit-off/puma-response-string-512kb/raptor-3r/repeat-2,yjit-off,false,puma-response-string-512kb,puma-response-time-wrk,puma/benchmarks/local/response_time_wrk,https://github.com/puma/puma/blob/main/benchmarks/local/response_time_wrk.rb,raptor-3r,3,raptor,3,,7427,1000,5.004,5.0,1000,3082,2.002,2.0,5,true,7427,0,1484.295,1.662,3.43,69.502,202.426,210.532,39.543,39.543,6.88,20,20,71,same_worker,224,5333633
yjit-off/puma-response-io-512kb/raptor-3r/repeat-2,yjit-off,false,puma-response-io-512kb,puma-response-time-wrk,puma/benchmarks/local/response_time_wrk,https://github.com/puma/puma/blob/main/benchmarks/local/response_time_wrk.rb,raptor-3r,3,raptor,3,,1000,1000,14.108,5.0,1000,1000,15.597,2.0,5,true,1000,0,70.88,41.98,43.784,44.839,3610.873,3640.17,43.914,43.914,7.355,20,20,207,same_worker,86,1748590
yjit-off/puma-response-array-1024kb/raptor-3r/repeat-2,yjit-off,false,puma-response-array-1024kb,puma-response-time-wrk,puma/benchmarks/local/response_time_wrk,https://github.com/puma/puma/blob/main/benchmarks/local/response_time_wrk.rb,raptor-3r,3,raptor,3,,1000,1000,14.552,5.0,1000,1000,15.286,2.0,5,true,1000,0,68.721,42.16,44.662,47.628,3655.409,3680.131,41.945,41.945,7.63,20,20,213,same_worker,31,718366
yjit-off/puma-response-chunk-1024kb/raptor-3r/repeat-2,yjit-off,false,puma-response-chunk-1024kb,puma-response-time-wrk,puma/benchmarks/local/response_time_wrk,https://github.com/puma/puma/blob/main/benchmarks/local/response_time_wrk.rb,raptor-3r,3,raptor,3,,1000,1000,14.527,5.0,1000,1000,15.234,2.0,5,true,1000,0,68.835,42.77,44.924,46.857,3554.843,3579.94,41.945,41.945,7.96,20,20,213,same_worker,31,715363
yjit-off/puma-response-string-1024kb/raptor-3r/repeat-2,yjit-off,false,puma-response-string-1024kb,puma-response-time-wrk,puma/benchmarks/local/response_time_wrk,https://github.com/puma/puma/blob/main/benchmarks/local/response_time_wrk.rb,raptor-3r,3,raptor,3,,5384,1000,5.004,5.0,1000,2181,2.004,2.0,5,true,5384,0,1076.024,2.399,4.802,17.048,270.492,288.309,44.938,44.938,8.38,20,20,70,same_worker,166,3867132
yjit-off/puma-response-io-1024kb/raptor-3r/repeat-2,yjit-off,false,puma-response-io-1024kb,puma-response-time-wrk,puma/benchmarks/local/response_time_wrk,https://github.com/puma/puma/blob/main/benchmarks/local/response_time_wrk.rb,raptor-3r,3,raptor,3,,1000,1000,15.702,5.0,1000,1000,16.448,2.0,5,true,1000,0,63.684,43.915,46.282,49.168,3905.266,3977.855,51.125,49.984,8.99,20,20,230,same_worker,152,2773900
yjit-off/puma-response-array-2048kb/raptor-3r/repeat-2,yjit-off,false,puma-response-array-2048kb,puma-response-time-wrk,puma/benchmarks/local/response_time_wrk,https://github.com/puma/puma/blob/main/benchmarks/local/response_time_wrk.rb,raptor-3r,3,raptor,3,,1000,1000,15.722,5.0,1000,1000,16.433,2.0,5,true,1000,0,63.604,43.987,47.969,50.714,3861.089,4097.0,49.984,49.984,9.67,20,20,230,same_worker,31,716650
yjit-off/puma-response-chunk-2048kb/raptor-3r/repeat-2,yjit-off,false,puma-response-chunk-2048kb,puma-response-time-wrk,puma/benchmarks/local/response_time_wrk,https://github.com/puma/puma/blob/main/benchmarks/local/response_time_wrk.rb,raptor-3r,3,raptor,3,,1000,1000,15.877,5.0,1000,1000,16.416,2.0,5,true,1000,0,62.985,44.063,47.967,50.279,3940.093,3954.308,49.984,49.984,10.29,20,20,233,same_worker,31,714426
yjit-off/puma-response-string-2048kb/raptor-3r/repeat-2,yjit-off,false,puma-response-string-2048kb,puma-response-time-wrk,puma/benchmarks/local/response_time_wrk,https://github.com/puma/puma/blob/main/benchmarks/local/response_time_wrk.rb,raptor-3r,3,raptor,3,,3579,1000,5.006,5.0,1000,1437,2.006,2.0,5,true,3579,0,714.992,3.848,7.408,16.349,421.832,439.45,55.996,55.996,10.68,20,20,68,same_worker,112,2570805
yjit-off/puma-response-io-2048kb/raptor-3r/repeat-2,yjit-off,false,puma-response-io-2048kb,puma-response-time-wrk,puma/benchmarks/local/response_time_wrk,https://github.com/puma/puma/blob/main/benchmarks/local/response_time_wrk.rb,raptor-3r,3,raptor,3,,1000,1000,16.831,5.0,1000,1000,17.398,2.0,5,true,1000,0,59.414,45.449,49.807,52.882,4154.525,4262.236,82.93,81.887,11.725,20,20,247,same_worker,105,4819448
yjit-off/puma-long-tail-fib-200ms-x6p0/raptor-3r/repeat-2,yjit-off,false,puma-long-tail-fib-200ms-x6p0,puma-long-tail-hey,puma/benchmarks/local/long_tail_hey + test/rackup/sleep_fibonacci,https://github.com/puma/puma/blob/main/benchmarks/local/long_tail_hey.rb,raptor-3r,3,raptor,3,,363,360,28.995,5.0,360,360,28.801,2.0,18,true,363,0,12.52,241.607,242.704,19601.114,24387.575,24387.814,82.148,82.148,21.27,20,20,423,same_worker,2,64156
yjit-off/puma-long-tail-fib-200ms-x4p0/raptor-3r/repeat-2,yjit-off,false,puma-long-tail-fib-200ms-x4p0,puma-long-tail-hey,puma/benchmarks/local/long_tail_hey + test/rackup/sleep_fibonacci,https://github.com/puma/puma/blob/main/benchmarks/local/long_tail_hey.rb,raptor-3r,3,raptor,3,,243,240,19.409,5.0,240,240,19.172,2.0,12,true,243,0,12.52,241.579,242.61,12797.398,14807.112,14807.136,82.203,82.203,29.645,20,20,283,same_worker,1,44756
yjit-off/puma-long-tail-fib-200ms-x3p0/raptor-3r/repeat-2,yjit-off,false,puma-long-tail-fib-200ms-x3p0,puma-long-tail-hey,puma/benchmarks/local/long_tail_hey + test/rackup/sleep_fibonacci,https://github.com/puma/puma/blob/main/benchmarks/local/long_tail_hey.rb,raptor-3r,3,raptor,3,,183,180,14.619,5.0,180,180,14.376,2.0,9,true,183,0,12.518,241.624,242.498,10024.678,10025.959,10026.234,82.227,82.227,35.17,20,20,213,same_worker,1,33411
yjit-off/puma-long-tail-fib-200ms-x2p0/raptor-3r/repeat-2,yjit-off,false,puma-long-tail-fib-200ms-x2p0,puma-long-tail-hey,puma/benchmarks/local/long_tail_hey + test/rackup/sleep_fibonacci,https://github.com/puma/puma/blob/main/benchmarks/local/long_tail_hey.rb,raptor-3r,3,raptor,3,,123,120,9.829,5.0,120,120,9.595,2.0,6,true,123,0,12.514,241.741,242.64,5232.408,5232.725,5232.732,82.234,82.234,38.77,20,20,144,same_worker,1,20421
yjit-off/puma-long-tail-fib-200ms-x1p5/raptor-3r/repeat-2,yjit-off,false,puma-long-tail-fib-200ms-x1p5,puma-long-tail-hey,puma/benchmarks/local/long_tail_hey + test/rackup/sleep_fibonacci,https://github.com/puma/puma/blob/main/benchmarks/local/long_tail_hey.rb,raptor-3r,3,raptor,3,,103,100,9.827,5.0,100,100,9.595,2.0,5,true,103,0,10.482,241.636,242.364,5128.371,5230.113,5230.344,82.242,82.242,41.415,20,20,144,same_worker,1,20766
yjit-off/puma-long-tail-fib-200ms-x1p0/raptor-3r/repeat-2,yjit-off,false,puma-long-tail-fib-200ms-x1p0,puma-long-tail-hey,puma/benchmarks/local/long_tail_hey + test/rackup/sleep_fibonacci,https://github.com/puma/puma/blob/main/benchmarks/local/long_tail_hey.rb,raptor-3r,3,raptor,3,,63,60,5.038,5.0,60,60,4.792,2.0,3,true,63,0,12.506,241.761,242.306,242.531,242.681,242.698,82.242,82.242,43.035,20,20,74,same_worker,0,11184
yjit-off/puma-long-tail-fib-200ms-x0p5/raptor-3r/repeat-2,yjit-off,false,puma-long-tail-fib-200ms-x0p5,puma-long-tail-hey,puma/benchmarks/local/long_tail_hey + test/rackup/sleep_fibonacci,https://github.com/puma/puma/blob/main/benchmarks/local/long_tail_hey.rb,raptor-3r,3,raptor,3,,42,40,5.032,5.0,40,40,4.792,2.0,2,true,42,0,8.347,241.25,242.186,242.224,242.226,242.226,82.246,82.246,44.02,20,20,75,same_worker,0,6938
yjit-off/puma-sleep-fibonacci-1ms/raptor-3r/repeat-2,yjit-off,false,puma-sleep-fibonacci-1ms,puma-sleep-fibonacci-test,puma/benchmarks/local/sleep_fibonacci_test + test/rackup/sleep_fibonacci,https://github.com/puma/puma/blob/main/benchmarks/local/sleep_fibonacci_test.rb,raptor-3r,3,raptor,3,,122,10,5.005,5.0,10,49,2.021,2.0,1,true,122,0,24.377,41.952,42.126,42.763,42.95,42.955,82.266,82.266,44.01,20,20,74,same_worker,0,20668
yjit-off/puma-sleep-fibonacci-5ms/raptor-3r/repeat-2,yjit-off,false,puma-sleep-fibonacci-5ms,puma-sleep-fibonacci-test,puma/benchmarks/local/sleep_fibonacci_test + test/rackup/sleep_fibonacci,https://github.com/puma/puma/blob/main/benchmarks/local/sleep_fibonacci_test.rb,raptor-3r,3,raptor,3,,110,10,5.044,5.0,10,45,2.035,2.0,1,true,110,0,21.809,46.959,47.908,47.98,48.048,48.056,82.293,82.293,43.72,20,20,75,same_worker,1,20398
yjit-off/puma-sleep-fibonacci-10ms/raptor-3r/repeat-2,yjit-off,false,puma-sleep-fibonacci-10ms,puma-sleep-fibonacci-test,puma/benchmarks/local/sleep_fibonacci_test + test/rackup/sleep_fibonacci,https://github.com/puma/puma/blob/main/benchmarks/local/sleep_fibonacci_test.rb,raptor-3r,3,raptor,3,,98,10,5.031,5.0,10,40,2.035,2.0,1,true,98,0,19.481,51.928,52.04,52.157,52.725,52.788,82.387,82.387,43.475,20,20,75,same_worker,0,17341
yjit-off/puma-sleep-fibonacci-50ms/raptor-3r/repeat-2,yjit-off,false,puma-sleep-fibonacci-50ms,puma-sleep-fibonacci-test,puma/benchmarks/local/sleep_fibonacci_test + test/rackup/sleep_fibonacci,https://github.com/puma/puma/blob/main/benchmarks/local/sleep_fibonacci_test.rb,raptor-3r,3,raptor,3,,55,10,5.002,5.0,10,23,2.068,2.0,1,true,55,0,10.996,91.933,92.021,92.265,92.48,92.504,82.402,82.402,43.4,20,20,74,same_worker,0,8380
yjit-off/puma-sleep-fibonacci-100ms/raptor-3r/repeat-2,yjit-off,false,puma-sleep-fibonacci-100ms,puma-sleep-fibonacci-test,puma/benchmarks/local/sleep_fibonacci_test + test/rackup/sleep_fibonacci,https://github.com/puma/puma/blob/main/benchmarks/local/sleep_fibonacci_test.rb,raptor-3r,3,raptor,3,,36,10,5.065,5.0,10,15,2.088,2.0,1,true,36,0,7.107,141.922,142.618,143.29,143.487,143.509,82.43,82.43,43.4,20,20,75,same_worker,1,8101
yjit-off/puma-sleep-fibonacci-200ms/raptor-3r/repeat-2,yjit-off,false,puma-sleep-fibonacci-200ms,puma-sleep-fibonacci-test,puma/benchmarks/local/sleep_fibonacci_test + test/rackup/sleep_fibonacci,https://github.com/puma/puma/blob/main/benchmarks/local/sleep_fibonacci_test.rb,raptor-3r,3,raptor,3,,21,10,5.041,5.0,10,10,2.38,2.0,1,true,21,0,4.166,241.942,242.271,242.81,242.932,242.945,82.434,82.434,43.51,20,20,75,same_worker,0,2158
yjit-off/puma-response-array-1kb/raptor-3r/repeat-3,yjit-off,false,puma-response-array-1kb,puma-response-time-wrk,puma/benchmarks/local/response_time_wrk,https://github.com/puma/puma/blob/main/benchmarks/local/response_time_wrk.rb,raptor-3r,3,raptor,3,,1000,1000,16.122,5.0,1000,1000,16.167,2.0,5,true,1000,0,62.028,40.976,41.974,42.471,4033.342,4035.034,27.406,27.406,3.485,20,20,235,same_worker,28,720717
yjit-off/puma-response-chunk-1kb/raptor-3r/repeat-3,yjit-off,false,puma-response-chunk-1kb,puma-response-time-wrk,puma/benchmarks/local/response_time_wrk,https://github.com/puma/puma/blob/main/benchmarks/local/response_time_wrk.rb,raptor-3r,3,raptor,3,,1000,1000,16.12,5.0,1000,1000,16.167,2.0,5,true,1000,0,62.035,40.971,41.928,42.497,4030.357,4035.014,27.43,27.43,2.89,20,20,235,same_worker,27,716364
yjit-off/puma-response-string-1kb/raptor-3r/repeat-3,yjit-off,false,puma-response-string-1kb,puma-response-time-wrk,puma/benchmarks/local/response_time_wrk,https://github.com/puma/puma/blob/main/benchmarks/local/response_time_wrk.rb,raptor-3r,3,raptor,3,,1000,1000,16.123,5.0,1000,1000,16.166,2.0,5,true,1000,0,62.023,40.975,41.972,42.324,4030.063,4031.182,27.43,27.43,2.725,20,20,236,same_worker,28,719358
yjit-off/puma-response-io-1kb/raptor-3r/repeat-3,yjit-off,false,puma-response-io-1kb,puma-response-time-wrk,puma/benchmarks/local/response_time_wrk,https://github.com/puma/puma/blob/main/benchmarks/local/response_time_wrk.rb,raptor-3r,3,raptor,3,,1000,1000,16.122,5.0,1000,1000,16.184,2.0,5,true,1000,0,62.026,40.974,41.962,42.257,4029.635,4030.198,27.508,27.508,2.7,20,20,236,same_worker,28,727357
yjit-off/puma-response-array-10kb/raptor-3r/repeat-3,yjit-off,false,puma-response-array-10kb,puma-response-time-wrk,puma/benchmarks/local/response_time_wrk,https://github.com/puma/puma/blob/main/benchmarks/local/response_time_wrk.rb,raptor-3r,3,raptor,3,,1000,1000,16.128,5.0,1000,1000,16.152,2.0,5,true,1000,0,62.006,40.976,41.961,42.297,4029.827,4029.854,27.711,27.711,2.7,20,20,236,same_worker,28,719358
yjit-off/puma-response-chunk-10kb/raptor-3r/repeat-3,yjit-off,false,puma-response-chunk-10kb,puma-response-time-wrk,puma/benchmarks/local/response_time_wrk,https://github.com/puma/puma/blob/main/benchmarks/local/response_time_wrk.rb,raptor-3r,3,raptor,3,,1000,1000,16.122,5.0,1000,1000,16.125,2.0,5,true,1000,0,62.028,40.982,41.969,42.362,4035.129,4035.507,27.719,27.719,2.6,20,20,236,same_worker,28,716361
yjit-off/puma-response-string-10kb/raptor-3r/repeat-3,yjit-off,false,puma-response-string-10kb,puma-response-time-wrk,puma/benchmarks/local/response_time_wrk,https://github.com/puma/puma/blob/main/benchmarks/local/response_time_wrk.rb,raptor-3r,3,raptor,3,,1000,1000,16.111,5.0,1000,1000,16.155,2.0,5,true,1000,0,62.068,40.978,41.965,42.532,4027.765,4028.866,27.738,27.738,2.595,20,20,237,same_worker,29,719362
yjit-off/puma-response-io-10kb/raptor-3r/repeat-3,yjit-off,false,puma-response-io-10kb,puma-response-time-wrk,puma/benchmarks/local/response_time_wrk,https://github.com/puma/puma/blob/main/benchmarks/local/response_time_wrk.rb,raptor-3r,3,raptor,3,,1000,1000,16.105,5.0,1000,1000,16.132,2.0,5,true,1000,0,62.094,40.978,41.932,42.33,4032.642,4064.357,28.066,28.066,2.575,20,20,237,same_worker,29,745353
yjit-off/puma-response-array-100kb/raptor-3r/repeat-3,yjit-off,false,puma-response-array-100kb,puma-response-time-wrk,puma/benchmarks/local/response_time_wrk,https://github.com/puma/puma/blob/main/benchmarks/local/response_time_wrk.rb,raptor-3r,3,raptor,3,,1000,1000,15.316,5.0,1000,1000,14.421,2.0,5,true,1000,0,65.29,40.968,41.955,42.108,3786.543,3790.905,28.156,28.156,2.6,20,20,225,same_worker,28,718186
yjit-off/puma-response-chunk-100kb/raptor-3r/repeat-3,yjit-off,false,puma-response-chunk-100kb,puma-response-time-wrk,puma/benchmarks/local/response_time_wrk,https://github.com/puma/puma/blob/main/benchmarks/local/response_time_wrk.rb,raptor-3r,3,raptor,3,,1000,1000,15.15,5.0,1000,1000,14.213,2.0,5,true,1000,0,66.007,40.97,41.953,42.136,3705.582,3913.572,28.156,28.156,2.7,20,20,223,same_worker,29,718420
yjit-off/puma-response-string-100kb/raptor-3r/repeat-3,yjit-off,false,puma-response-string-100kb,puma-response-time-wrk,puma/benchmarks/local/response_time_wrk,https://github.com/puma/puma/blob/main/benchmarks/local/response_time_wrk.rb,raptor-3r,3,raptor,3,,13625,1000,5.002,5.0,1000,5397,2.002,2.0,5,true,13625,0,2723.766,0.99,1.885,6.991,96.228,113.437,28.719,28.719,3.875,20,20,73,same_worker,394,9798645
yjit-off/puma-response-io-100kb/raptor-3r/repeat-3,yjit-off,false,puma-response-io-100kb,puma-response-time-wrk,puma/benchmarks/local/response_time_wrk,https://github.com/puma/puma/blob/main/benchmarks/local/response_time_wrk.rb,raptor-3r,3,raptor,3,,1000,1000,14.965,5.0,1000,1000,14.356,2.0,5,true,1000,0,66.822,40.972,41.976,42.139,3750.553,3831.744,34.363,34.363,4.5,20,20,221,same_worker,39,926577
yjit-off/puma-response-array-256kb/raptor-3r/repeat-3,yjit-off,false,puma-response-array-256kb,puma-response-time-wrk,puma/benchmarks/local/response_time_wrk,https://github.com/puma/puma/blob/main/benchmarks/local/response_time_wrk.rb,raptor-3r,3,raptor,3,,1000,1000,12.641,5.0,1000,1000,12.626,2.0,5,true,1000,0,79.107,40.976,42.035,43.972,3202.365,3406.589,34.363,34.363,4.5,20,20,187,same_worker,30,719365
yjit-off/puma-response-chunk-256kb/raptor-3r/repeat-3,yjit-off,false,puma-response-chunk-256kb,puma-response-time-wrk,puma/benchmarks/local/response_time_wrk,https://github.com/puma/puma/blob/main/benchmarks/local/response_time_wrk.rb,raptor-3r,3,raptor,3,,1000,1000,12.347,5.0,1000,1000,12.393,2.0,5,true,1000,0,80.993,40.978,42.059,42.832,3006.085,3718.576,34.363,34.363,4.57,20,20,182,same_worker,29,716361
yjit-off/puma-response-string-256kb/raptor-3r/repeat-3,yjit-off,false,puma-response-string-256kb,puma-response-time-wrk,puma/benchmarks/local/response_time_wrk,https://github.com/puma/puma/blob/main/benchmarks/local/response_time_wrk.rb,raptor-3r,3,raptor,3,,10333,1000,5.003,5.0,1000,4375,2.002,2.0,5,true,10333,0,2065.52,1.208,2.456,41.328,137.148,205.84,34.363,34.363,5.34,20,20,73,same_worker,305,7428944
yjit-off/puma-response-io-256kb/raptor-3r/repeat-3,yjit-off,false,puma-response-io-256kb,puma-response-time-wrk,puma/benchmarks/local/response_time_wrk,https://github.com/puma/puma/blob/main/benchmarks/local/response_time_wrk.rb,raptor-3r,3,raptor,3,,1000,1000,12.333,5.0,1000,1000,12.871,2.0,5,true,1000,0,81.083,41.922,42.931,43.277,3400.721,3480.525,38.48,38.48,5.895,20,20,180,same_worker,57,1236928
yjit-off/puma-response-array-512kb/raptor-3r/repeat-3,yjit-off,false,puma-response-array-512kb,puma-response-time-wrk,puma/benchmarks/local/response_time_wrk,https://github.com/puma/puma/blob/main/benchmarks/local/response_time_wrk.rb,raptor-3r,3,raptor,3,,1000,1000,12.239,5.0,1000,1000,13.12,2.0,5,true,1000,0,81.708,41.927,43.089,44.03,3081.038,3311.43,38.48,38.48,6.085,20,20,179,same_worker,30,719767
yjit-off/puma-response-chunk-512kb/raptor-3r/repeat-3,yjit-off,false,puma-response-chunk-512kb,puma-response-time-wrk,puma/benchmarks/local/response_time_wrk,https://github.com/puma/puma/blob/main/benchmarks/local/response_time_wrk.rb,raptor-3r,3,raptor,3,,1000,1000,13.606,5.0,1000,1000,13.347,2.0,5,true,1000,0,73.497,41.938,43.043,44.171,3416.149,3541.967,38.48,38.48,6.26,20,20,199,same_worker,30,715684
yjit-off/puma-response-string-512kb/raptor-3r/repeat-3,yjit-off,false,puma-response-string-512kb,puma-response-time-wrk,puma/benchmarks/local/response_time_wrk,https://github.com/puma/puma/blob/main/benchmarks/local/response_time_wrk.rb,raptor-3r,3,raptor,3,,6458,1000,5.003,5.0,1000,2742,2.003,2.0,5,true,6458,0,1290.789,1.927,4.172,24.485,227.368,239.012,38.574,38.574,6.8,20,20,70,same_worker,196,4645595
yjit-off/puma-response-io-512kb/raptor-3r/repeat-3,yjit-off,false,puma-response-io-512kb,puma-response-time-wrk,puma/benchmarks/local/response_time_wrk,https://github.com/puma/puma/blob/main/benchmarks/local/response_time_wrk.rb,raptor-3r,3,raptor,3,,1000,1000,13.893,5.0,1000,1000,15.231,2.0,5,true,1000,0,71.979,41.988,43.858,45.214,3320.905,3344.146,44.664,44.664,7.315,20,20,203,same_worker,86,1748649
yjit-off/puma-response-array-1024kb/raptor-3r/repeat-3,yjit-off,false,puma-response-array-1024kb,puma-response-time-wrk,puma/benchmarks/local/response_time_wrk,https://github.com/puma/puma/blob/main/benchmarks/local/response_time_wrk.rb,raptor-3r,3,raptor,3,,1000,1000,14.131,5.0,1000,1000,14.887,2.0,5,true,1000,0,70.767,42.902,44.538,53.579,3411.334,3461.455,44.664,44.664,7.645,20,20,206,same_worker,30,718257
yjit-off/puma-response-chunk-1024kb/raptor-3r/repeat-3,yjit-off,false,puma-response-chunk-1024kb,puma-response-time-wrk,puma/benchmarks/local/response_time_wrk,https://github.com/puma/puma/blob/main/benchmarks/local/response_time_wrk.rb,raptor-3r,3,raptor,3,,1000,1000,14.427,5.0,1000,1000,15.066,2.0,5,true,1000,0,69.316,42.911,44.28,45.51,3522.624,3841.022,44.664,44.664,7.97,20,20,211,same_worker,30,717815
yjit-off/puma-response-string-1024kb/raptor-3r/repeat-3,yjit-off,false,puma-response-string-1024kb,puma-response-time-wrk,puma/benchmarks/local/response_time_wrk,https://github.com/puma/puma/blob/main/benchmarks/local/response_time_wrk.rb,raptor-3r,3,raptor,3,,4905,1000,5.004,5.0,1000,2014,2.003,2.0,5,true,4905,0,980.184,2.68,5.388,18.787,301.25,313.033,47.289,47.289,8.405,20,20,69,same_worker,151,3526816
yjit-off/puma-response-io-1024kb/raptor-3r/repeat-3,yjit-off,false,puma-response-io-1024kb,puma-response-time-wrk,puma/benchmarks/local/response_time_wrk,https://github.com/puma/puma/blob/main/benchmarks/local/response_time_wrk.rb,raptor-3r,3,raptor,3,,1000,1000,15.68,5.0,1000,1000,16.425,2.0,5,true,1000,0,63.774,43.692,45.954,47.76,3998.618,4037.966,54.676,54.676,9.025,20,20,229,same_worker,148,2772953
yjit-off/puma-response-array-2048kb/raptor-3r/repeat-3,yjit-off,false,puma-response-array-2048kb,puma-response-time-wrk,puma/benchmarks/local/response_time_wrk,https://github.com/puma/puma/blob/main/benchmarks/local/response_time_wrk.rb,raptor-3r,3,raptor,3,,1000,1000,14.846,5.0,1000,1000,16.142,2.0,5,true,1000,0,67.36,43.965,47.574,49.579,3741.399,3784.239,54.676,54.676,9.67,20,20,217,same_worker,31,717586
yjit-off/puma-response-chunk-2048kb/raptor-3r/repeat-3,yjit-off,false,puma-response-chunk-2048kb,puma-response-time-wrk,puma/benchmarks/local/response_time_wrk,https://github.com/puma/puma/blob/main/benchmarks/local/response_time_wrk.rb,raptor-3r,3,raptor,3,,1000,1000,15.086,5.0,1000,1000,15.506,2.0,5,true,1000,0,66.285,43.945,46.719,49.413,3661.22,3737.094,54.676,54.676,10.335,20,20,220,same_worker,31,716360
yjit-off/puma-response-string-2048kb/raptor-3r/repeat-3,yjit-off,false,puma-response-string-2048kb,puma-response-time-wrk,puma/benchmarks/local/response_time_wrk,https://github.com/puma/puma/blob/main/benchmarks/local/response_time_wrk.rb,raptor-3r,3,raptor,3,,3046,1000,5.007,5.0,1000,1242,2.006,2.0,5,true,3046,0,608.312,4.49,8.422,160.133,454.034,493.683,60.688,60.688,10.72,20,20,66,same_worker,95,2191028
yjit-off/puma-response-io-2048kb/raptor-3r/repeat-3,yjit-off,false,puma-response-io-2048kb,puma-response-time-wrk,puma/benchmarks/local/response_time_wrk,https://github.com/puma/puma/blob/main/benchmarks/local/response_time_wrk.rb,raptor-3r,3,raptor,3,,1000,1000,16.488,5.0,1000,1000,17.836,2.0,5,true,1000,0,60.651,45.961,51.072,54.73,4289.451,4382.765,68.824,68.824,11.775,20,20,240,same_worker,268,4821375
yjit-off/puma-long-tail-fib-200ms-x6p0/raptor-3r/repeat-3,yjit-off,false,puma-long-tail-fib-200ms-x6p0,puma-long-tail-hey,puma/benchmarks/local/long_tail_hey + test/rackup/sleep_fibonacci,https://github.com/puma/puma/blob/main/benchmarks/local/long_tail_hey.rb,raptor-3r,3,raptor,3,,363,360,29.003,5.0,360,360,28.744,2.0,18,true,363,0,12.516,241.706,243.132,19605.647,24403.87,24407.129,69.047,69.047,21.21,20,20,423,same_worker,3,64591
yjit-off/puma-long-tail-fib-200ms-x4p0/raptor-3r/repeat-3,yjit-off,false,puma-long-tail-fib-200ms-x4p0,puma-long-tail-hey,puma/benchmarks/local/long_tail_hey + test/rackup/sleep_fibonacci,https://github.com/puma/puma/blob/main/benchmarks/local/long_tail_hey.rb,raptor-3r,3,raptor,3,,243,240,19.421,5.0,240,240,19.167,2.0,12,true,243,0,12.512,241.736,243.033,12804.876,14822.774,14823.739,69.074,69.074,29.515,20,20,284,same_worker,2,43009
yjit-off/puma-long-tail-fib-200ms-x3p0/raptor-3r/repeat-3,yjit-off,false,puma-long-tail-fib-200ms-x3p0,puma-long-tail-hey,puma/benchmarks/local/long_tail_hey + test/rackup/sleep_fibonacci,https://github.com/puma/puma/blob/main/benchmarks/local/long_tail_hey.rb,raptor-3r,3,raptor,3,,183,180,14.637,5.0,180,180,14.375,2.0,9,true,183,0,12.503,241.938,243.217,10029.757,10031.066,10031.292,69.074,69.074,34.98,20,20,214,same_worker,1,31405
yjit-off/puma-long-tail-fib-200ms-x2p0/raptor-3r/repeat-3,yjit-off,false,puma-long-tail-fib-200ms-x2p0,puma-long-tail-hey,puma/benchmarks/local/long_tail_hey + test/rackup/sleep_fibonacci,https://github.com/puma/puma/blob/main/benchmarks/local/long_tail_hey.rb,raptor-3r,3,raptor,3,,123,120,9.829,5.0,120,120,9.585,2.0,6,true,123,0,12.514,241.66,242.444,5231.552,5233.268,5233.496,69.09,69.09,38.555,20,20,145,same_worker,1,21752
yjit-off/puma-long-tail-fib-200ms-x1p5/raptor-3r/repeat-3,yjit-off,false,puma-long-tail-fib-200ms-x1p5,puma-long-tail-hey,puma/benchmarks/local/long_tail_hey + test/rackup/sleep_fibonacci,https://github.com/puma/puma/blob/main/benchmarks/local/long_tail_hey.rb,raptor-3r,3,raptor,3,,103,100,9.823,5.0,100,100,9.579,2.0,5,true,103,0,10.486,241.429,242.657,5129.605,5229.412,5229.421,69.09,69.09,41.175,20,20,145,same_worker,1,18105
yjit-off/puma-long-tail-fib-200ms-x1p0/raptor-3r/repeat-3,yjit-off,false,puma-long-tail-fib-200ms-x1p0,puma-long-tail-hey,puma/benchmarks/local/long_tail_hey + test/rackup/sleep_fibonacci,https://github.com/puma/puma/blob/main/benchmarks/local/long_tail_hey.rb,raptor-3r,3,raptor,3,,63,60,5.038,5.0,60,60,4.789,2.0,3,true,63,0,12.506,241.718,243.037,243.349,243.56,243.584,69.094,69.094,42.775,20,20,75,same_worker,1,12546
yjit-off/puma-long-tail-fib-200ms-x0p5/raptor-3r/repeat-3,yjit-off,false,puma-long-tail-fib-200ms-x0p5,puma-long-tail-hey,puma/benchmarks/local/long_tail_hey + test/rackup/sleep_fibonacci,https://github.com/puma/puma/blob/main/benchmarks/local/long_tail_hey.rb,raptor-3r,3,raptor,3,,42,40,5.033,5.0,40,40,4.794,2.0,2,true,42,0,8.345,241.44,242.265,242.355,242.407,242.413,69.102,69.102,43.745,20,20,75,same_worker,0,6619
yjit-off/puma-sleep-fibonacci-1ms/raptor-3r/repeat-3,yjit-off,false,puma-sleep-fibonacci-1ms,puma-sleep-fibonacci-test,puma/benchmarks/local/sleep_fibonacci_test + test/rackup/sleep_fibonacci,https://github.com/puma/puma/blob/main/benchmarks/local/sleep_fibonacci_test.rb,raptor-3r,3,raptor,3,,122,10,5.015,5.0,10,49,2.019,2.0,1,true,122,0,24.328,41.968,42.953,43.135,43.373,43.402,69.105,69.105,43.735,20,20,75,same_worker,1,20721
yjit-off/puma-sleep-fibonacci-5ms/raptor-3r/repeat-3,yjit-off,false,puma-sleep-fibonacci-5ms,puma-sleep-fibonacci-test,puma/benchmarks/local/sleep_fibonacci_test + test/rackup/sleep_fibonacci,https://github.com/puma/puma/blob/main/benchmarks/local/sleep_fibonacci_test.rb,raptor-3r,3,raptor,3,,110,10,5.036,5.0,10,44,2.015,2.0,1,true,110,0,21.843,46.957,47.944,47.98,48.004,48.007,69.109,69.109,43.45,20,20,75,same_worker,1,18574
yjit-off/puma-sleep-fibonacci-10ms/raptor-3r/repeat-3,yjit-off,false,puma-sleep-fibonacci-10ms,puma-sleep-fibonacci-test,puma/benchmarks/local/sleep_fibonacci_test + test/rackup/sleep_fibonacci,https://github.com/puma/puma/blob/main/benchmarks/local/sleep_fibonacci_test.rb,raptor-3r,3,raptor,3,,99,10,5.036,5.0,10,40,2.035,2.0,1,true,99,0,19.657,50.982,51.992,52.097,52.868,52.954,69.191,69.191,43.22,20,20,75,same_worker,1,17849
yjit-off/puma-sleep-fibonacci-50ms/raptor-3r/repeat-3,yjit-off,false,puma-sleep-fibonacci-50ms,puma-sleep-fibonacci-test,puma/benchmarks/local/sleep_fibonacci_test + test/rackup/sleep_fibonacci,https://github.com/puma/puma/blob/main/benchmarks/local/sleep_fibonacci_test.rb,raptor-3r,3,raptor,3,,55,10,5.016,5.0,10,23,2.073,2.0,1,true,55,0,10.966,91.953,92.138,92.511,92.813,92.847,69.191,69.191,43.1,20,20,75,same_worker,0,8291
yjit-off/puma-sleep-fibonacci-100ms/raptor-3r/repeat-3,yjit-off,false,puma-sleep-fibonacci-100ms,puma-sleep-fibonacci-test,puma/benchmarks/local/sleep_fibonacci_test + test/rackup/sleep_fibonacci,https://github.com/puma/puma/blob/main/benchmarks/local/sleep_fibonacci_test.rb,raptor-3r,3,raptor,3,,36,10,5.068,5.0,10,15,2.087,2.0,1,true,36,0,7.104,141.943,142.12,142.234,142.275,142.279,69.203,69.203,43.15,20,20,75,same_worker,0,5788
yjit-off/puma-sleep-fibonacci-200ms/raptor-3r/repeat-3,yjit-off,false,puma-sleep-fibonacci-200ms,puma-sleep-fibonacci-test,puma/benchmarks/local/sleep_fibonacci_test + test/rackup/sleep_fibonacci,https://github.com/puma/puma/blob/main/benchmarks/local/sleep_fibonacci_test.rb,raptor-3r,3,raptor,3,,21,10,5.036,5.0,10,10,2.382,2.0,1,true,21,0,4.17,241.921,242.109,242.125,242.128,242.129,69.203,69.203,43.255,20,20,75,same_worker,0,3888
yjit-off/puma-response-array-1kb/puma-1w-3t/repeat-1,yjit-off,false,puma-response-array-1kb,puma-response-time-wrk,puma/benchmarks/local/response_time_wrk,https://github.com/puma/puma/blob/main/benchmarks/local/response_time_wrk.rb,puma-1w-3t,3,puma,1,3,18238,1000,5.001,5.0,1000,7403,2.001,2.0,5,true,18238,0,3646.987,1.298,1.863,2.258,2.818,3.923,63.781,63.59,99.54,20,20,72,multiprocess_sample_only,,
yjit-off/puma-response-chunk-1kb/puma-1w-3t/repeat-1,yjit-off,false,puma-response-chunk-1kb,puma-response-time-wrk,puma/benchmarks/local/response_time_wrk,https://github.com/puma/puma/blob/main/benchmarks/local/response_time_wrk.rb,puma-1w-3t,3,puma,1,3,18140,1000,5.001,5.0,1000,7373,2.001,2.0,5,true,18140,0,3627.251,1.302,1.887,2.311,2.832,3.736,63.773,63.773,96.235,20,20,72,multiprocess_sample_only,,
yjit-off/puma-response-string-1kb/puma-1w-3t/repeat-1,yjit-off,false,puma-response-string-1kb,puma-response-time-wrk,puma/benchmarks/local/response_time_wrk,https://github.com/puma/puma/blob/main/benchmarks/local/response_time_wrk.rb,puma-1w-3t,3,puma,1,3,18388,1000,5.001,5.0,1000,7623,2.001,2.0,5,true,18388,0,3676.826,1.282,1.875,2.293,2.792,3.916,63.676,63.512,95.555,20,20,72,multiprocess_sample_only,,
yjit-off/puma-response-io-1kb/puma-1w-3t/repeat-1,yjit-off,false,puma-response-io-1kb,puma-response-time-wrk,puma/benchmarks/local/response_time_wrk,https://github.com/puma/puma/blob/main/benchmarks/local/response_time_wrk.rb,puma-1w-3t,3,puma,1,3,17641,1000,5.001,5.0,1000,7320,2.002,2.0,5,true,17641,0,3527.533,1.343,2.092,2.52,3.032,3.849,64.27,64.27,96.705,20,20,73,multiprocess_sample_only,,
yjit-off/puma-response-array-10kb/puma-1w-3t/repeat-1,yjit-off,false,puma-response-array-10kb,puma-response-time-wrk,puma/benchmarks/local/response_time_wrk,https://github.com/puma/puma/blob/main/benchmarks/local/response_time_wrk.rb,puma-1w-3t,3,puma,1,3,17876,1000,5.001,5.0,1000,7397,2.001,2.0,5,true,17876,0,3574.313,1.316,1.994,2.359,2.881,3.931,66.012,65.082,97.055,20,20,72,multiprocess_sample_only,,
yjit-off/puma-response-chunk-10kb/puma-1w-3t/repeat-1,yjit-off,false,puma-response-chunk-10kb,puma-response-time-wrk,puma/benchmarks/local/response_time_wrk,https://github.com/puma/puma/blob/main/benchmarks/local/response_time_wrk.rb,puma-1w-3t,3,puma,1,3,15442,1000,5.001,5.0,1000,6450,2.001,2.0,5,true,15442,0,3087.633,1.532,2.313,2.782,3.384,4.034,65.73,65.73,96.445,20,20,72,multiprocess_sample_only,,
yjit-off/puma-response-string-10kb/puma-1w-3t/repeat-1,yjit-off,false,puma-response-string-10kb,puma-response-time-wrk,puma/benchmarks/local/response_time_wrk,https://github.com/puma/puma/blob/main/benchmarks/local/response_time_wrk.rb,puma-1w-3t,3,puma,1,3,17620,1000,5.001,5.0,1000,7242,2.001,2.0,5,true,17620,0,3523.282,1.329,2.078,2.484,3.155,3.827,65.852,65.699,96.0,20,20,72,multiprocess_sample_only,,
yjit-off/puma-response-io-10kb/puma-1w-3t/repeat-1,yjit-off,false,puma-response-io-10kb,puma-response-time-wrk,puma/benchmarks/local/response_time_wrk,https://github.com/puma/puma/blob/main/benchmarks/local/response_time_wrk.rb,puma-1w-3t,3,puma,1,3,16993,1000,5.001,5.0,1000,6824,2.001,2.0,5,true,16993,0,3397.752,1.385,2.235,2.707,3.36,4.617,68.156,67.73,96.6,20,20,73,multiprocess_sample_only,,
yjit-off/puma-response-array-100kb/puma-1w-3t/repeat-1,yjit-off,false,puma-response-array-100kb,puma-response-time-wrk,puma/benchmarks/local/response_time_wrk,https://github.com/puma/puma/blob/main/benchmarks/local/response_time_wrk.rb,puma-1w-3t,3,puma,1,3,13747,1000,5.002,5.0,1000,5653,2.001,2.0,5,true,13747,0,2748.554,1.706,2.573,3.19,3.962,5.187,77.41,75.453,96.78,20,20,72,multiprocess_sample_only,,
yjit-off/puma-response-chunk-100kb/puma-1w-3t/repeat-1,yjit-off,false,puma-response-chunk-100kb,puma-response-time-wrk,puma/benchmarks/local/response_time_wrk,https://github.com/puma/puma/blob/main/benchmarks/local/response_time_wrk.rb,puma-1w-3t,3,puma,1,3,7563,1000,5.003,5.0,1000,3115,2.003,2.0,5,true,7563,0,1511.631,3.184,4.592,6.118,7.057,8.847,71.422,71.012,95.355,20,20,68,multiprocess_sample_only,,
yjit-off/puma-response-string-100kb/puma-1w-3t/repeat-1,yjit-off,false,puma-response-string-100kb,puma-response-time-wrk,puma/benchmarks/local/response_time_wrk,https://github.com/puma/puma/blob/main/benchmarks/local/response_time_wrk.rb,puma-1w-3t,3,puma,1,3,13671,1000,5.001,5.0,1000,5611,2.001,2.0,5,true,13671,0,2733.541,1.708,2.715,3.286,3.813,4.437,76.82,76.273,94.385,20,20,71,multiprocess_sample_only,,
yjit-off/puma-response-io-100kb/puma-1w-3t/repeat-1,yjit-off,false,puma-response-io-100kb,puma-response-time-wrk,puma/benchmarks/local/response_time_wrk,https://github.com/puma/puma/blob/main/benchmarks/local/response_time_wrk.rb,puma-1w-3t,3,puma,1,3,14060,1000,5.001,5.0,1000,5626,2.036,2.0,5,true,14060,0,2811.258,1.523,2.363,3.146,42.383,43.538,65.57,65.445,94.26,20,20,72,multiprocess_sample_only,,
yjit-off/puma-response-array-256kb/puma-1w-3t/repeat-1,yjit-off,false,puma-response-array-256kb,puma-response-time-wrk,puma/benchmarks/local/response_time_wrk,https://github.com/puma/puma/blob/main/benchmarks/local/response_time_wrk.rb,puma-1w-3t,3,puma,1,3,10411,1000,5.002,5.0,1000,4033,2.001,2.0,5,true,10411,0,2081.419,2.14,3.611,5.684,14.192,15.963,99.543,94.848,94.065,20,20,71,multiprocess_sample_only,,
yjit-off/puma-response-chunk-256kb/puma-1w-3t/repeat-1,yjit-off,false,puma-response-chunk-256kb,puma-response-time-wrk,puma/benchmarks/local/response_time_wrk,https://github.com/puma/puma/blob/main/benchmarks/local/response_time_wrk.rb,puma-1w-3t,3,puma,1,3,4296,1000,5.005,5.0,1000,1708,2.004,2.0,5,true,4296,0,858.372,5.66,9.548,10.933,11.614,11.949,76.066,75.379,92.805,20,20,63,multiprocess_sample_only,,
yjit-off/puma-response-string-256kb/puma-1w-3t/repeat-1,yjit-off,false,puma-response-string-256kb,puma-response-time-wrk,puma/benchmarks/local/response_time_wrk,https://github.com/puma/puma/blob/main/benchmarks/local/response_time_wrk.rb,puma-1w-3t,3,puma,1,3,10668,1000,5.002,5.0,1000,4156,2.002,2.0,5,true,10668,0,2132.828,2.054,3.728,5.675,13.969,16.312,70.832,70.832,91.33,20,20,70,multiprocess_sample_only,,
yjit-off/puma-response-io-256kb/puma-1w-3t/repeat-1,yjit-off,false,puma-response-io-256kb,puma-response-time-wrk,puma/benchmarks/local/response_time_wrk,https://github.com/puma/puma/blob/main/benchmarks/local/response_time_wrk.rb,puma-1w-3t,3,puma,1,3,10462,1000,5.002,5.0,1000,4246,2.002,2.0,5,true,10462,0,2091.761,2.087,3.791,6.037,14.171,43.788,70.957,70.645,90.075,20,20,70,multiprocess_sample_only,,
yjit-off/puma-response-array-512kb/puma-1w-3t/repeat-1,yjit-off,false,puma-response-array-512kb,puma-response-time-wrk,puma/benchmarks/local/response_time_wrk,https://github.com/puma/puma/blob/main/benchmarks/local/response_time_wrk.rb,puma-1w-3t,3,puma,1,3,7967,1000,5.002,5.0,1000,3266,2.003,2.0,5,true,7967,0,1592.705,2.773,4.769,13.501,17.704,18.943,125.82,125.82,89.76,20,20,71,multiprocess_sample_only,,
yjit-off/puma-response-chunk-512kb/puma-1w-3t/repeat-1,yjit-off,false,puma-response-chunk-512kb,puma-response-time-wrk,puma/benchmarks/local/response_time_wrk,https://github.com/puma/puma/blob/main/benchmarks/local/response_time_wrk.rb,puma-1w-3t,3,puma,1,3,2414,1000,5.008,5.0,1000,1010,2.033,2.0,5,true,2414,0,482.025,10.102,17.057,19.115,21.011,22.006,79.539,77.688,88.83,20,20,56,multiprocess_sample_only,,
yjit-off/puma-response-string-512kb/puma-1w-3t/repeat-1,yjit-off,false,puma-response-string-512kb,puma-response-time-wrk,puma/benchmarks/local/response_time_wrk,https://github.com/puma/puma/blob/main/benchmarks/local/response_time_wrk.rb,puma-1w-3t,3,puma,1,3,7967,1000,5.002,5.0,1000,3382,2.002,2.0,5,true,7967,0,1592.649,2.662,5.178,13.727,17.627,19.956,71.941,71.941,87.53,20,20,68,multiprocess_sample_only,,
yjit-off/puma-response-io-512kb/puma-1w-3t/repeat-1,yjit-off,false,puma-response-io-512kb,puma-response-time-wrk,puma/benchmarks/local/response_time_wrk,https://github.com/puma/puma/blob/main/benchmarks/local/response_time_wrk.rb,puma-1w-3t,3,puma,1,3,7793,1000,5.003,5.0,1000,3147,2.002,2.0,5,true,7793,0,1557.817,2.713,5.197,14.273,18.454,209.33,71.941,71.941,86.155,20,20,68,multiprocess_sample_only,,
yjit-off/puma-response-array-1024kb/puma-1w-3t/repeat-1,yjit-off,false,puma-response-array-1024kb,puma-response-time-wrk,puma/benchmarks/local/response_time_wrk,https://github.com/puma/puma/blob/main/benchmarks/local/response_time_wrk.rb,puma-1w-3t,3,puma,1,3,5080,1000,5.004,5.0,1000,2035,2.004,2.0,5,true,5080,0,1015.158,4.562,7.675,17.434,21.588,24.289,159.02,158.219,85.97,20,20,71,multiprocess_sample_only,,
yjit-off/puma-response-chunk-1024kb/puma-1w-3t/repeat-1,yjit-off,false,puma-response-chunk-1024kb,puma-response-time-wrk,puma/benchmarks/local/response_time_wrk,https://github.com/puma/puma/blob/main/benchmarks/local/response_time_wrk.rb,puma-1w-3t,3,puma,1,3,1285,1000,5.016,5.0,1000,1000,3.903,2.0,5,true,1285,0,256.156,19.282,21.138,35.082,36.013,36.677,84.051,82.164,85.075,20,20,45,multiprocess_sample_only,,
yjit-off/puma-response-string-1024kb/puma-1w-3t/repeat-1,yjit-off,false,puma-response-string-1024kb,puma-response-time-wrk,puma/benchmarks/local/response_time_wrk,https://github.com/puma/puma/blob/main/benchmarks/local/response_time_wrk.rb,puma-1w-3t,3,puma,1,3,5126,1000,5.005,5.0,1000,2112,2.005,2.0,5,true,5126,0,1024.2,4.185,8.031,18.227,23.781,25.447,78.91,78.91,83.77,20,20,65,multiprocess_sample_only,,
yjit-off/puma-response-io-1024kb/puma-1w-3t/repeat-1,yjit-off,false,puma-response-io-1024kb,puma-response-time-wrk,puma/benchmarks/local/response_time_wrk,https://github.com/puma/puma/blob/main/benchmarks/local/response_time_wrk.rb,puma-1w-3t,3,puma,1,3,5037,1000,5.004,5.0,1000,2024,2.004,2.0,5,true,5037,0,1006.67,4.278,8.197,17.875,23.435,211.064,79.223,79.223,82.135,20,20,64,multiprocess_sample_only,,
yjit-off/puma-response-array-2048kb/puma-1w-3t/repeat-1,yjit-off,false,puma-response-array-2048kb,puma-response-time-wrk,puma/benchmarks/local/response_time_wrk,https://github.com/puma/puma/blob/main/benchmarks/local/response_time_wrk.rb,puma-1w-3t,3,puma,1,3,2848,1000,5.007,5.0,1000,1168,2.01,2.0,5,true,2848,0,568.821,8.731,13.537,15.354,17.398,18.833,143.289,119.73,81.985,20,20,73,multiprocess_sample_only,,
yjit-off/puma-response-chunk-2048kb/puma-1w-3t/repeat-1,yjit-off,false,puma-response-chunk-2048kb,puma-response-time-wrk,puma/benchmarks/local/response_time_wrk,https://github.com/puma/puma/blob/main/benchmarks/local/response_time_wrk.rb,puma-1w-3t,3,puma,1,3,1000,1000,7.361,5.0,1000,1000,7.296,2.0,5,true,1000,0,135.842,36.578,38.297,66.621,67.552,67.595,84.781,81.98,80.77,20,20,49,multiprocess_sample_only,,
yjit-off/puma-response-string-2048kb/puma-1w-3t/repeat-1,yjit-off,false,puma-response-string-2048kb,puma-response-time-wrk,puma/benchmarks/local/response_time_wrk,https://github.com/puma/puma/blob/main/benchmarks/local/response_time_wrk.rb,puma-1w-3t,3,puma,1,3,3215,1000,5.006,5.0,1000,1304,2.007,2.0,5,true,3215,0,642.286,7.197,13.196,14.58,16.44,17.132,85.324,85.324,79.535,20,20,60,multiprocess_sample_only,,
yjit-off/puma-response-io-2048kb/puma-1w-3t/repeat-1,yjit-off,false,puma-response-io-2048kb,puma-response-time-wrk,puma/benchmarks/local/response_time_wrk,https://github.com/puma/puma/blob/main/benchmarks/local/response_time_wrk.rb,puma-1w-3t,3,puma,1,3,3240,1000,5.007,5.0,1000,1333,2.007,2.0,5,true,3240,0,647.072,7.273,13.059,14.663,15.591,16.167,85.328,85.328,78.015,20,20,60,multiprocess_sample_only,,
yjit-off/puma-long-tail-fib-200ms-x6p0/puma-1w-3t/repeat-1,yjit-off,false,puma-long-tail-fib-200ms-x6p0,puma-long-tail-hey,puma/benchmarks/local/long_tail_hey + test/rackup/sleep_fibonacci,https://github.com/puma/puma/blob/main/benchmarks/local/long_tail_hey.rb,puma-1w-3t,3,puma,1,3,360,360,50.786,5.0,360,360,50.915,2.0,18,true,360,0,7.089,2538.738,2558.347,2569.361,2570.458,2570.888,103.156,103.156,83.405,20,20,741,multiprocess_sample_only,,
yjit-off/puma-long-tail-fib-200ms-x4p0/puma-1w-3t/repeat-1,yjit-off,false,puma-long-tail-fib-200ms-x4p0,puma-long-tail-hey,puma/benchmarks/local/long_tail_hey + test/rackup/sleep_fibonacci,https://github.com/puma/puma/blob/main/benchmarks/local/long_tail_hey.rb,puma-1w-3t,3,puma,1,3,240,240,33.847,5.0,240,240,34.01,2.0,12,true,240,0,7.091,1691.641,1706.411,1714.705,1715.528,1715.675,106.781,106.781,86.925,20,20,495,multiprocess_sample_only,,
yjit-off/puma-long-tail-fib-200ms-x3p0/puma-1w-3t/repeat-1,yjit-off,false,puma-long-tail-fib-200ms-x3p0,puma-long-tail-hey,puma/benchmarks/local/long_tail_hey + test/rackup/sleep_fibonacci,https://github.com/puma/puma/blob/main/benchmarks/local/long_tail_hey.rb,puma-1w-3t,3,puma,1,3,180,180,25.39,5.0,180,180,25.465,2.0,9,true,180,0,7.089,1268.794,1290.563,1305.17,1308.182,1308.502,102.793,102.793,88.64,20,20,372,multiprocess_sample_only,,
yjit-off/puma-long-tail-fib-200ms-x2p0/puma-1w-3t/repeat-1,yjit-off,false,puma-long-tail-fib-200ms-x2p0,puma-long-tail-hey,puma/benchmarks/local/long_tail_hey + test/rackup/sleep_fibonacci,https://github.com/puma/puma/blob/main/benchmarks/local/long_tail_hey.rb,puma-1w-3t,3,puma,1,3,120,120,16.921,5.0,120,120,16.961,2.0,6,true,120,0,7.092,845.309,861.61,869.775,871.452,871.62,107.297,107.297,89.575,20,20,248,multiprocess_sample_only,,
yjit-off/puma-long-tail-fib-200ms-x1p5/puma-1w-3t/repeat-1,yjit-off,false,puma-long-tail-fib-200ms-x1p5,puma-long-tail-hey,puma/benchmarks/local/long_tail_hey + test/rackup/sleep_fibonacci,https://github.com/puma/puma/blob/main/benchmarks/local/long_tail_hey.rb,puma-1w-3t,3,puma,1,3,100,100,14.156,5.0,100,100,14.145,2.0,5,true,100,0,7.064,814.556,847.523,855.71,856.739,856.853,107.613,107.613,90.205,20,20,208,multiprocess_sample_only,,
yjit-off/puma-long-tail-fib-200ms-x1p0/puma-1w-3t/repeat-1,yjit-off,false,puma-long-tail-fib-200ms-x1p0,puma-long-tail-hey,puma/benchmarks/local/long_tail_hey + test/rackup/sleep_fibonacci,https://github.com/puma/puma/blob/main/benchmarks/local/long_tail_hey.rb,puma-1w-3t,3,puma,1,3,60,60,8.457,5.0,60,60,8.485,2.0,3,true,60,0,7.095,422.591,424.744,425.835,426.007,426.026,107.613,107.613,90.565,20,20,125,multiprocess_sample_only,,
yjit-off/puma-long-tail-fib-200ms-x0p5/puma-1w-3t/repeat-1,yjit-off,false,puma-long-tail-fib-200ms-x0p5,puma-long-tail-hey,puma/benchmarks/local/long_tail_hey + test/rackup/sleep_fibonacci,https://github.com/puma/puma/blob/main/benchmarks/local/long_tail_hey.rb,puma-1w-3t,3,puma,1,3,40,40,5.639,5.0,40,40,5.641,2.0,2,true,40,0,7.094,281.766,282.462,282.599,282.603,282.603,107.617,107.617,90.79,20,20,84,multiprocess_sample_only,,
yjit-off/puma-sleep-fibonacci-1ms/puma-1w-3t/repeat-1,yjit-off,false,puma-sleep-fibonacci-1ms,puma-sleep-fibonacci-test,puma/benchmarks/local/sleep_fibonacci_test + test/rackup/sleep_fibonacci,https://github.com/puma/puma/blob/main/benchmarks/local/sleep_fibonacci_test.rb,puma-1w-3t,3,puma,1,3,3612,10,5.001,5.0,10,1454,2.001,2.0,1,true,3612,0,722.209,1.347,1.471,1.746,2.234,2.375,112.566,112.566,90.66,20,20,74,multiprocess_sample_only,,
yjit-off/puma-sleep-fibonacci-5ms/puma-1w-3t/repeat-1,yjit-off,false,puma-sleep-fibonacci-5ms,puma-sleep-fibonacci-test,puma/benchmarks/local/sleep_fibonacci_test + test/rackup/sleep_fibonacci,https://github.com/puma/puma/blob/main/benchmarks/local/sleep_fibonacci_test.rb,puma-1w-3t,3,puma,1,3,941,10,5.001,5.0,10,381,2.002,2.0,1,true,941,0,188.158,5.263,5.46,5.837,6.511,8.385,116.93,116.93,90.415,20,20,74,multiprocess_sample_only,,
yjit-off/puma-sleep-fibonacci-10ms/puma-1w-3t/repeat-1,yjit-off,false,puma-sleep-fibonacci-10ms,puma-sleep-fibonacci-test,puma/benchmarks/local/sleep_fibonacci_test + test/rackup/sleep_fibonacci,https://github.com/puma/puma/blob/main/benchmarks/local/sleep_fibonacci_test.rb,puma-1w-3t,3,puma,1,3,482,10,5.009,5.0,10,194,2.007,2.0,1,true,482,0,96.218,10.352,10.507,10.815,11.19,11.422,116.93,116.93,90.17,20,20,74,multiprocess_sample_only,,
yjit-off/puma-sleep-fibonacci-50ms/puma-1w-3t/repeat-1,yjit-off,false,puma-sleep-fibonacci-50ms,puma-sleep-fibonacci-test,puma/benchmarks/local/sleep_fibonacci_test + test/rackup/sleep_fibonacci,https://github.com/puma/puma/blob/main/benchmarks/local/sleep_fibonacci_test.rb,puma-1w-3t,3,puma,1,3,99,10,5.004,5.0,10,40,2.026,2.0,1,true,99,0,19.785,50.474,50.667,50.695,50.895,50.917,116.93,116.93,89.925,20,20,74,multiprocess_sample_only,,
yjit-off/puma-sleep-fibonacci-100ms/puma-1w-3t/repeat-1,yjit-off,false,puma-sleep-fibonacci-100ms,puma-sleep-fibonacci-test,puma/benchmarks/local/sleep_fibonacci_test + test/rackup/sleep_fibonacci,https://github.com/puma/puma/blob/main/benchmarks/local/sleep_fibonacci_test.rb,puma-1w-3t,3,puma,1,3,50,10,5.03,5.0,10,20,2.016,2.0,1,true,50,0,9.941,100.548,100.688,100.734,100.754,100.756,116.93,116.93,89.665,20,20,75,multiprocess_sample_only,,
yjit-off/puma-sleep-fibonacci-200ms/puma-1w-3t/repeat-1,yjit-off,false,puma-sleep-fibonacci-200ms,puma-sleep-fibonacci-test,puma/benchmarks/local/sleep_fibonacci_test + test/rackup/sleep_fibonacci,https://github.com/puma/puma/blob/main/benchmarks/local/sleep_fibonacci_test.rb,puma-1w-3t,3,puma,1,3,25,10,5.017,5.0,10,10,2.007,2.0,1,true,25,0,4.983,200.604,200.681,200.701,200.706,200.707,116.93,116.93,89.425,20,20,75,multiprocess_sample_only,,
yjit-off/puma-response-array-1kb/puma-1w-3t/repeat-2,yjit-off,false,puma-response-array-1kb,puma-response-time-wrk,puma/benchmarks/local/response_time_wrk,https://github.com/puma/puma/blob/main/benchmarks/local/response_time_wrk.rb,puma-1w-3t,3,puma,1,3,18599,1000,5.001,5.0,1000,7537,2.001,2.0,5,true,18599,0,3719.103,1.275,1.788,2.211,2.862,4.056,63.703,63.672,98.59,20,20,72,multiprocess_sample_only,,
yjit-off/puma-response-chunk-1kb/puma-1w-3t/repeat-2,yjit-off,false,puma-response-chunk-1kb,puma-response-time-wrk,puma/benchmarks/local/response_time_wrk,https://github.com/puma/puma/blob/main/benchmarks/local/response_time_wrk.rb,puma-1w-3t,3,puma,1,3,18077,1000,5.001,5.0,1000,7439,2.002,2.0,5,true,18077,0,3614.689,1.311,1.85,2.217,2.893,3.515,63.652,63.582,95.72,20,20,72,multiprocess_sample_only,,
yjit-off/puma-response-string-1kb/puma-1w-3t/repeat-2,yjit-off,false,puma-response-string-1kb,puma-response-time-wrk,puma/benchmarks/local/response_time_wrk,https://github.com/puma/puma/blob/main/benchmarks/local/response_time_wrk.rb,puma-1w-3t,3,puma,1,3,18351,1000,5.001,5.0,1000,7496,2.001,2.0,5,true,18351,0,3669.469,1.286,1.853,2.269,2.772,3.569,63.57,63.488,95.12,20,20,72,multiprocess_sample_only,,
yjit-off/puma-response-io-1kb/puma-1w-3t/repeat-2,yjit-off,false,puma-response-io-1kb,puma-response-time-wrk,puma/benchmarks/local/response_time_wrk,https://github.com/puma/puma/blob/main/benchmarks/local/response_time_wrk.rb,puma-1w-3t,3,puma,1,3,18468,1000,5.001,5.0,1000,7463,2.001,2.0,5,true,18468,0,3692.896,1.281,1.934,2.344,2.914,3.494,63.859,63.859,96.215,20,20,73,multiprocess_sample_only,,
yjit-off/puma-response-array-10kb/puma-1w-3t/repeat-2,yjit-off,false,puma-response-array-10kb,puma-response-time-wrk,puma/benchmarks/local/response_time_wrk,https://github.com/puma/puma/blob/main/benchmarks/local/response_time_wrk.rb,puma-1w-3t,3,puma,1,3,18438,1000,5.001,5.0,1000,7557,2.001,2.0,5,true,18438,0,3686.911,1.279,1.846,2.241,2.904,3.697,65.82,65.023,96.605,20,20,72,multiprocess_sample_only,,
yjit-off/puma-response-chunk-10kb/puma-1w-3t/repeat-2,yjit-off,false,puma-response-chunk-10kb,puma-response-time-wrk,puma/benchmarks/local/response_time_wrk,https://github.com/puma/puma/blob/main/benchmarks/local/response_time_wrk.rb,puma-1w-3t,3,puma,1,3,16174,1000,5.001,5.0,1000,6631,2.001,2.0,5,true,16174,0,3234.084,1.47,2.095,2.646,3.229,4.324,65.434,65.434,96.035,20,20,72,multiprocess_sample_only,,
yjit-off/puma-response-string-10kb/puma-1w-3t/repeat-2,yjit-off,false,puma-response-string-10kb,puma-response-time-wrk,puma/benchmarks/local/response_time_wrk,https://github.com/puma/puma/blob/main/benchmarks/local/response_time_wrk.rb,puma-1w-3t,3,puma,1,3,18238,1000,5.001,5.0,1000,7518,2.002,2.0,5,true,18238,0,3646.971,1.289,1.892,2.3,3.136,4.451,65.703,65.539,95.6,20,20,72,multiprocess_sample_only,,
yjit-off/puma-response-io-10kb/puma-1w-3t/repeat-2,yjit-off,false,puma-response-io-10kb,puma-response-time-wrk,puma/benchmarks/local/response_time_wrk,https://github.com/puma/puma/blob/main/benchmarks/local/response_time_wrk.rb,puma-1w-3t,3,puma,1,3,17629,1000,5.001,5.0,1000,7116,2.001,2.0,5,true,17629,0,3524.956,1.336,2.098,2.574,3.227,4.513,68.203,68.203,96.215,20,20,73,multiprocess_sample_only,,
yjit-off/puma-response-array-100kb/puma-1w-3t/repeat-2,yjit-off,false,puma-response-array-100kb,puma-response-time-wrk,puma/benchmarks/local/response_time_wrk,https://github.com/puma/puma/blob/main/benchmarks/local/response_time_wrk.rb,puma-1w-3t,3,puma,1,3,14016,1000,5.001,5.0,1000,5769,2.001,2.0,5,true,14016,0,2802.441,1.682,2.465,3.087,3.616,3.855,77.379,75.773,96.37,20,20,72,multiprocess_sample_only,,
yjit-off/puma-response-chunk-100kb/puma-1w-3t/repeat-2,yjit-off,false,puma-response-chunk-100kb,puma-response-time-wrk,puma/benchmarks/local/response_time_wrk,https://github.com/puma/puma/blob/main/benchmarks/local/response_time_wrk.rb,puma-1w-3t,3,puma,1,3,7751,1000,5.003,5.0,1000,3164,2.002,2.0,5,true,7751,0,1549.325,3.119,4.203,5.908,6.725,7.053,71.344,70.602,94.965,20,20,68,multiprocess_sample_only,,
yjit-off/puma-response-string-100kb/puma-1w-3t/repeat-2,yjit-off,false,puma-response-string-100kb,puma-response-time-wrk,puma/benchmarks/local/response_time_wrk,https://github.com/puma/puma/blob/main/benchmarks/local/response_time_wrk.rb,puma-1w-3t,3,puma,1,3,14143,1000,5.001,5.0,1000,5829,2.001,2.0,5,true,14143,0,2827.852,1.661,2.506,3.161,3.759,4.191,77.113,74.125,93.955,20,20,72,multiprocess_sample_only,,
yjit-off/puma-response-io-100kb/puma-1w-3t/repeat-2,yjit-off,false,puma-response-io-100kb,puma-response-time-wrk,puma/benchmarks/local/response_time_wrk,https://github.com/puma/puma/blob/main/benchmarks/local/response_time_wrk.rb,puma-1w-3t,3,puma,1,3,14160,1000,5.021,5.0,1000,5765,2.001,2.0,5,true,14160,0,2819.972,1.599,2.43,3.091,41.93,43.92,67.613,67.051,93.79,20,20,72,multiprocess_sample_only,,
yjit-off/puma-response-array-256kb/puma-1w-3t/repeat-2,yjit-off,false,puma-response-array-256kb,puma-response-time-wrk,puma/benchmarks/local/response_time_wrk,https://github.com/puma/puma/blob/main/benchmarks/local/response_time_wrk.rb,puma-1w-3t,3,puma,1,3,10155,1000,5.002,5.0,1000,4166,2.002,2.0,5,true,10155,0,2030.259,2.181,3.706,6.068,15.833,18.745,101.121,95.773,93.465,20,20,70,multiprocess_sample_only,,
yjit-off/puma-response-chunk-256kb/puma-1w-3t/repeat-2,yjit-off,false,puma-response-chunk-256kb,puma-response-time-wrk,puma/benchmarks/local/response_time_wrk,https://github.com/puma/puma/blob/main/benchmarks/local/response_time_wrk.rb,puma-1w-3t,3,puma,1,3,4213,1000,5.005,5.0,1000,1738,2.004,2.0,5,true,4213,0,841.829,5.684,9.707,11.014,12.977,14.522,74.758,72.152,92.28,20,20,63,multiprocess_sample_only,,
yjit-off/puma-response-string-256kb/puma-1w-3t/repeat-2,yjit-off,false,puma-response-string-256kb,puma-response-time-wrk,puma/benchmarks/local/response_time_wrk,https://github.com/puma/puma/blob/main/benchmarks/local/response_time_wrk.rb,puma-1w-3t,3,puma,1,3,10435,1000,5.001,5.0,1000,4186,2.001,2.0,5,true,10435,0,2086.389,2.072,3.841,5.796,16.485,18.024,69.813,69.375,90.805,20,20,69,multiprocess_sample_only,,
yjit-off/puma-response-io-256kb/puma-1w-3t/repeat-2,yjit-off,false,puma-response-io-256kb,puma-response-time-wrk,puma/benchmarks/local/response_time_wrk,https://github.com/puma/puma/blob/main/benchmarks/local/response_time_wrk.rb,puma-1w-3t,3,puma,1,3,10174,1000,5.002,5.0,1000,4301,2.003,2.0,5,true,10174,0,2034.061,2.123,3.873,6.244,16.086,44.737,69.5,69.25,89.55,20,20,70,multiprocess_sample_only,,
yjit-off/puma-response-array-512kb/puma-1w-3t/repeat-2,yjit-off,false,puma-response-array-512kb,puma-response-time-wrk,puma/benchmarks/local/response_time_wrk,https://github.com/puma/puma/blob/main/benchmarks/local/response_time_wrk.rb,puma-1w-3t,3,puma,1,3,7867,1000,5.004,5.0,1000,3069,2.003,2.0,5,true,7867,0,1572.137,2.765,4.82,15.319,19.399,208.672,122.441,109.52,89.2,20,20,70,multiprocess_sample_only,,
yjit-off/puma-response-chunk-512kb/puma-1w-3t/repeat-2,yjit-off,false,puma-response-chunk-512kb,puma-response-time-wrk,puma/benchmarks/local/response_time_wrk,https://github.com/puma/puma/blob/main/benchmarks/local/response_time_wrk.rb,puma-1w-3t,3,puma,1,3,2422,1000,5.009,5.0,1000,1000,2.066,2.0,5,true,2422,0,483.54,10.104,17.251,19.37,19.975,20.42,77.762,76.758,88.305,20,20,56,multiprocess_sample_only,,
yjit-off/puma-response-string-512kb/puma-1w-3t/repeat-2,yjit-off,false,puma-response-string-512kb,puma-response-time-wrk,puma/benchmarks/local/response_time_wrk,https://github.com/puma/puma/blob/main/benchmarks/local/response_time_wrk.rb,puma-1w-3t,3,puma,1,3,7726,1000,5.002,5.0,1000,3369,2.004,2.0,5,true,7726,0,1544.586,2.699,5.228,14.981,20.145,22.111,74.531,74.531,87.03,20,20,68,multiprocess_sample_only,,
yjit-off/puma-response-io-512kb/puma-1w-3t/repeat-2,yjit-off,false,puma-response-io-512kb,puma-response-time-wrk,puma/benchmarks/local/response_time_wrk,https://github.com/puma/puma/blob/main/benchmarks/local/response_time_wrk.rb,puma-1w-3t,3,puma,1,3,7713,1000,5.003,5.0,1000,3137,2.002,2.0,5,true,7713,0,1541.65,2.718,5.328,15.038,19.798,21.552,74.531,74.531,85.66,20,20,68,multiprocess_sample_only,,
yjit-off/puma-response-array-1024kb/puma-1w-3t/repeat-2,yjit-off,false,puma-response-array-1024kb,puma-response-time-wrk,puma/benchmarks/local/response_time_wrk,https://github.com/puma/puma/blob/main/benchmarks/local/response_time_wrk.rb,puma-1w-3t,3,puma,1,3,5128,1000,5.003,5.0,1000,1992,2.005,2.0,5,true,5128,0,1024.908,4.561,7.501,17.869,22.19,25.831,138.16,138.16,85.47,20,20,71,multiprocess_sample_only,,
yjit-off/puma-response-chunk-1024kb/puma-1w-3t/repeat-2,yjit-off,false,puma-response-chunk-1024kb,puma-response-time-wrk,puma/benchmarks/local/response_time_wrk,https://github.com/puma/puma/blob/main/benchmarks/local/response_time_wrk.rb,puma-1w-3t,3,puma,1,3,1305,1000,5.018,5.0,1000,1000,3.802,2.0,5,true,1305,0,260.058,18.826,31.39,34.982,35.559,35.718,78.336,78.336,84.655,20,20,46,multiprocess_sample_only,,
yjit-off/puma-response-string-1024kb/puma-1w-3t/repeat-2,yjit-off,false,puma-response-string-1024kb,puma-response-time-wrk,puma/benchmarks/local/response_time_wrk,https://github.com/puma/puma/blob/main/benchmarks/local/response_time_wrk.rb,puma-1w-3t,3,puma,1,3,5404,1000,5.004,5.0,1000,2221,2.003,2.0,5,true,5404,0,1080.044,3.988,7.601,18.383,23.263,25.047,78.457,78.457,83.385,20,20,65,multiprocess_sample_only,,
yjit-off/puma-response-io-1024kb/puma-1w-3t/repeat-2,yjit-off,false,puma-response-io-1024kb,puma-response-time-wrk,puma/benchmarks/local/response_time_wrk,https://github.com/puma/puma/blob/main/benchmarks/local/response_time_wrk.rb,puma-1w-3t,3,puma,1,3,5304,1000,5.187,5.0,1000,2151,2.003,2.0,5,true,5304,0,1022.521,4.088,7.723,18.577,23.602,211.066,78.52,78.52,81.74,20,20,67,multiprocess_sample_only,,
yjit-off/puma-response-array-2048kb/puma-1w-3t/repeat-2,yjit-off,false,puma-response-array-2048kb,puma-response-time-wrk,puma/benchmarks/local/response_time_wrk,https://github.com/puma/puma/blob/main/benchmarks/local/response_time_wrk.rb,puma-1w-3t,3,puma,1,3,2931,1000,5.008,5.0,1000,1192,2.009,2.0,5,true,2931,0,585.283,8.407,13.421,15.142,25.708,31.172,132.266,109.203,81.495,20,20,72,multiprocess_sample_only,,
yjit-off/puma-response-chunk-2048kb/puma-1w-3t/repeat-2,yjit-off,false,puma-response-chunk-2048kb,puma-response-time-wrk,puma/benchmarks/local/response_time_wrk,https://github.com/puma/puma/blob/main/benchmarks/local/response_time_wrk.rb,puma-1w-3t,3,puma,1,3,1000,1000,7.253,5.0,1000,1000,7.163,2.0,5,true,1000,0,137.873,35.858,58.425,65.726,68.029,73.027,85.211,79.078,80.545,20,20,52,multiprocess_sample_only,,
yjit-off/puma-response-string-2048kb/puma-1w-3t/repeat-2,yjit-off,false,puma-response-string-2048kb,puma-response-time-wrk,puma/benchmarks/local/response_time_wrk,https://github.com/puma/puma/blob/main/benchmarks/local/response_time_wrk.rb,puma-1w-3t,3,puma,1,3,3446,1000,5.007,5.0,1000,1408,2.006,2.0,5,true,3446,0,688.281,6.722,12.219,13.64,22.851,24.658,82.5,82.5,79.32,20,20,61,multiprocess_sample_only,,
yjit-off/puma-response-io-2048kb/puma-1w-3t/repeat-2,yjit-off,false,puma-response-io-2048kb,puma-response-time-wrk,puma/benchmarks/local/response_time_wrk,https://github.com/puma/puma/blob/main/benchmarks/local/response_time_wrk.rb,puma-1w-3t,3,puma,1,3,3459,1000,5.007,5.0,1000,1419,2.007,2.0,5,true,3459,0,690.893,6.894,12.045,13.383,14.452,15.391,82.5,82.5,77.785,20,20,60,multiprocess_sample_only,,
yjit-off/puma-long-tail-fib-200ms-x6p0/puma-1w-3t/repeat-2,yjit-off,false,puma-long-tail-fib-200ms-x6p0,puma-long-tail-hey,puma/benchmarks/local/long_tail_hey + test/rackup/sleep_fibonacci,https://github.com/puma/puma/blob/main/benchmarks/local/long_tail_hey.rb,puma-1w-3t,3,puma,1,3,360,360,50.81,5.0,360,360,50.921,2.0,18,true,360,0,7.085,2540.092,2561.359,2572.645,2579.782,2582.883,101.82,101.82,83.275,20,20,742,multiprocess_sample_only,,
yjit-off/puma-long-tail-fib-200ms-x4p0/puma-1w-3t/repeat-2,yjit-off,false,puma-long-tail-fib-200ms-x4p0,puma-long-tail-hey,puma/benchmarks/local/long_tail_hey + test/rackup/sleep_fibonacci,https://github.com/puma/puma/blob/main/benchmarks/local/long_tail_hey.rb,puma-1w-3t,3,puma,1,3,240,240,33.867,5.0,240,240,33.926,2.0,12,true,240,0,7.087,1692.785,1707.027,1717.996,1731.27,1733.541,101.828,101.828,86.83,20,20,495,multiprocess_sample_only,,
yjit-off/puma-long-tail-fib-200ms-x3p0/puma-1w-3t/repeat-2,yjit-off,false,puma-long-tail-fib-200ms-x3p0,puma-long-tail-hey,puma/benchmarks/local/long_tail_hey + test/rackup/sleep_fibonacci,https://github.com/puma/puma/blob/main/benchmarks/local/long_tail_hey.rb,puma-1w-3t,3,puma,1,3,180,180,25.384,5.0,180,180,25.416,2.0,9,true,180,0,7.091,1268.553,1277.22,1284.188,1293.936,1295.555,105.402,105.402,88.565,20,20,371,multiprocess_sample_only,,
yjit-off/puma-long-tail-fib-200ms-x2p0/puma-1w-3t/repeat-2,yjit-off,false,puma-long-tail-fib-200ms-x2p0,puma-long-tail-hey,puma/benchmarks/local/long_tail_hey + test/rackup/sleep_fibonacci,https://github.com/puma/puma/blob/main/benchmarks/local/long_tail_hey.rb,puma-1w-3t,3,puma,1,3,120,120,16.929,5.0,120,120,16.964,2.0,6,true,120,0,7.088,846.11,853.864,861.234,862.767,862.819,107.297,107.297,89.525,20,20,248,multiprocess_sample_only,,
yjit-off/puma-long-tail-fib-200ms-x1p5/puma-1w-3t/repeat-2,yjit-off,false,puma-long-tail-fib-200ms-x1p5,puma-long-tail-hey,puma/benchmarks/local/long_tail_hey + test/rackup/sleep_fibonacci,https://github.com/puma/puma/blob/main/benchmarks/local/long_tail_hey.rb,puma-1w-3t,3,puma,1,3,100,100,14.226,5.0,100,100,14.18,2.0,5,true,100,0,7.029,825.285,849.209,852.047,856.207,856.669,109.648,109.648,90.135,20,20,209,multiprocess_sample_only,,
yjit-off/puma-long-tail-fib-200ms-x1p0/puma-1w-3t/repeat-2,yjit-off,false,puma-long-tail-fib-200ms-x1p0,puma-long-tail-hey,puma/benchmarks/local/long_tail_hey + test/rackup/sleep_fibonacci,https://github.com/puma/puma/blob/main/benchmarks/local/long_tail_hey.rb,puma-1w-3t,3,puma,1,3,60,60,8.462,5.0,60,60,8.48,2.0,3,true,60,0,7.091,422.871,426.789,432.821,433.716,433.815,109.652,109.652,90.49,20,20,125,multiprocess_sample_only,,
yjit-off/puma-long-tail-fib-200ms-x0p5/puma-1w-3t/repeat-2,yjit-off,false,puma-long-tail-fib-200ms-x0p5,puma-long-tail-hey,puma/benchmarks/local/long_tail_hey + test/rackup/sleep_fibonacci,https://github.com/puma/puma/blob/main/benchmarks/local/long_tail_hey.rb,puma-1w-3t,3,puma,1,3,40,40,5.644,5.0,40,40,5.644,2.0,2,true,40,0,7.088,281.938,284.086,284.471,284.488,284.489,109.652,109.652,90.72,20,20,84,multiprocess_sample_only,,
yjit-off/puma-sleep-fibonacci-1ms/puma-1w-3t/repeat-2,yjit-off,false,puma-sleep-fibonacci-1ms,puma-sleep-fibonacci-test,puma/benchmarks/local/sleep_fibonacci_test + test/rackup/sleep_fibonacci,https://github.com/puma/puma/blob/main/benchmarks/local/sleep_fibonacci_test.rb,puma-1w-3t,3,puma,1,3,3598,10,5.0,5.0,10,1451,2.001,2.0,1,true,3598,0,719.567,1.35,1.49,1.746,2.263,2.399,118.613,118.613,90.58,20,20,74,multiprocess_sample_only,,
yjit-off/puma-sleep-fibonacci-5ms/puma-1w-3t/repeat-2,yjit-off,false,puma-sleep-fibonacci-5ms,puma-sleep-fibonacci-test,puma/benchmarks/local/sleep_fibonacci_test + test/rackup/sleep_fibonacci,https://github.com/puma/puma/blob/main/benchmarks/local/sleep_fibonacci_test.rb,puma-1w-3t,3,puma,1,3,941,10,5.002,5.0,10,378,2.002,2.0,1,true,941,0,188.124,5.275,5.407,5.581,6.236,6.24,120.047,120.047,90.335,20,20,74,multiprocess_sample_only,,
yjit-off/puma-sleep-fibonacci-10ms/puma-1w-3t/repeat-2,yjit-off,false,puma-sleep-fibonacci-10ms,puma-sleep-fibonacci-test,puma/benchmarks/local/sleep_fibonacci_test + test/rackup/sleep_fibonacci,https://github.com/puma/puma/blob/main/benchmarks/local/sleep_fibonacci_test.rb,puma-1w-3t,3,puma,1,3,481,10,5.001,5.0,10,193,2.005,2.0,1,true,481,0,96.184,10.342,10.52,10.741,11.099,11.268,121.426,121.426,90.085,20,20,74,multiprocess_sample_only,,
yjit-off/puma-sleep-fibonacci-50ms/puma-1w-3t/repeat-2,yjit-off,false,puma-sleep-fibonacci-50ms,puma-sleep-fibonacci-test,puma/benchmarks/local/sleep_fibonacci_test + test/rackup/sleep_fibonacci,https://github.com/puma/puma/blob/main/benchmarks/local/sleep_fibonacci_test.rb,puma-1w-3t,3,puma,1,3,99,10,5.007,5.0,10,40,2.027,2.0,1,true,99,0,19.77,50.537,50.671,50.741,50.789,50.794,121.426,121.426,89.835,20,20,74,multiprocess_sample_only,,
yjit-off/puma-sleep-fibonacci-100ms/puma-1w-3t/repeat-2,yjit-off,false,puma-sleep-fibonacci-100ms,puma-sleep-fibonacci-test,puma/benchmarks/local/sleep_fibonacci_test + test/rackup/sleep_fibonacci,https://github.com/puma/puma/blob/main/benchmarks/local/sleep_fibonacci_test.rb,puma-1w-3t,3,puma,1,3,50,10,5.036,5.0,10,20,2.015,2.0,1,true,50,0,9.929,100.671,100.806,100.84,100.841,100.842,121.43,121.43,89.585,20,20,75,multiprocess_sample_only,,
yjit-off/puma-sleep-fibonacci-200ms/puma-1w-3t/repeat-2,yjit-off,false,puma-sleep-fibonacci-200ms,puma-sleep-fibonacci-test,puma/benchmarks/local/sleep_fibonacci_test + test/rackup/sleep_fibonacci,https://github.com/puma/puma/blob/main/benchmarks/local/sleep_fibonacci_test.rb,puma-1w-3t,3,puma,1,3,25,10,5.018,5.0,10,10,2.009,2.0,1,true,25,0,4.982,200.613,200.756,201.134,201.24,201.252,121.43,121.43,89.34,20,20,74,multiprocess_sample_only,,
yjit-off/puma-response-array-1kb/puma-1w-3t/repeat-3,yjit-off,false,puma-response-array-1kb,puma-response-time-wrk,puma/benchmarks/local/response_time_wrk,https://github.com/puma/puma/blob/main/benchmarks/local/response_time_wrk.rb,puma-1w-3t,3,puma,1,3,17117,1000,5.001,5.0,1000,6882,2.001,2.0,5,true,17117,0,3422.637,1.38,1.975,2.437,3.327,4.458,63.871,63.871,99.685,20,20,72,multiprocess_sample_only,,
yjit-off/puma-response-chunk-1kb/puma-1w-3t/repeat-3,yjit-off,false,puma-response-chunk-1kb,puma-response-time-wrk,puma/benchmarks/local/response_time_wrk,https://github.com/puma/puma/blob/main/benchmarks/local/response_time_wrk.rb,puma-1w-3t,3,puma,1,3,16619,1000,5.001,5.0,1000,6866,2.001,2.0,5,true,16619,0,3323.08,1.422,2.062,2.549,3.102,3.729,64.07,64.043,96.405,20,20,72,multiprocess_sample_only,,
yjit-off/puma-response-string-1kb/puma-1w-3t/repeat-3,yjit-off,false,puma-response-string-1kb,puma-response-time-wrk,puma/benchmarks/local/response_time_wrk,https://github.com/puma/puma/blob/main/benchmarks/local/response_time_wrk.rb,puma-1w-3t,3,puma,1,3,16872,1000,5.001,5.0,1000,6945,2.001,2.0,5,true,16872,0,3373.625,1.395,2.042,2.506,3.1,4.465,64.02,64.02,95.71,20,20,72,multiprocess_sample_only,,
yjit-off/puma-response-io-1kb/puma-1w-3t/repeat-3,yjit-off,false,puma-response-io-1kb,puma-response-time-wrk,puma/benchmarks/local/response_time_wrk,https://github.com/puma/puma/blob/main/benchmarks/local/response_time_wrk.rb,puma-1w-3t,3,puma,1,3,16623,1000,5.001,5.0,1000,6782,2.001,2.0,5,true,16623,0,3323.687,1.431,2.243,2.73,3.32,4.285,64.352,64.352,96.92,20,20,73,multiprocess_sample_only,,
yjit-off/puma-response-array-10kb/puma-1w-3t/repeat-3,yjit-off,false,puma-response-array-10kb,puma-response-time-wrk,puma/benchmarks/local/response_time_wrk,https://github.com/puma/puma/blob/main/benchmarks/local/response_time_wrk.rb,puma-1w-3t,3,puma,1,3,17149,1000,5.001,5.0,1000,6946,2.001,2.0,5,true,17149,0,3429.08,1.373,2.025,2.449,3.006,3.982,65.91,65.91,97.265,20,20,72,multiprocess_sample_only,,
yjit-off/puma-response-chunk-10kb/puma-1w-3t/repeat-3,yjit-off,false,puma-response-chunk-10kb,puma-response-time-wrk,puma/benchmarks/local/response_time_wrk,https://github.com/puma/puma/blob/main/benchmarks/local/response_time_wrk.rb,puma-1w-3t,3,puma,1,3,14965,1000,5.001,5.0,1000,6049,2.001,2.0,5,true,14965,0,2992.214,1.581,2.372,2.868,3.52,4.359,66.148,66.07,96.66,20,20,72,multiprocess_sample_only,,
yjit-off/puma-response-string-10kb/puma-1w-3t/repeat-3,yjit-off,false,puma-response-string-10kb,puma-response-time-wrk,puma/benchmarks/local/response_time_wrk,https://github.com/puma/puma/blob/main/benchmarks/local/response_time_wrk.rb,puma-1w-3t,3,puma,1,3,17073,1000,5.001,5.0,1000,7012,2.001,2.0,5,true,17073,0,3413.885,1.375,2.03,2.531,3.123,5.115,66.199,66.199,96.21,20,20,72,multiprocess_sample_only,,
yjit-off/puma-response-io-10kb/puma-1w-3t/repeat-3,yjit-off,false,puma-response-io-10kb,puma-response-time-wrk,puma/benchmarks/local/response_time_wrk,https://github.com/puma/puma/blob/main/benchmarks/local/response_time_wrk.rb,puma-1w-3t,3,puma,1,3,16262,1000,5.002,5.0,1000,6658,2.001,2.0,5,true,16262,0,3251.12,1.447,2.296,2.874,3.595,5.145,68.348,67.531,96.81,20,20,73,multiprocess_sample_only,,
yjit-off/puma-response-array-100kb/puma-1w-3t/repeat-3,yjit-off,false,puma-response-array-100kb,puma-response-time-wrk,puma/benchmarks/local/response_time_wrk,https://github.com/puma/puma/blob/main/benchmarks/local/response_time_wrk.rb,puma-1w-3t,3,puma,1,3,13520,1000,5.001,5.0,1000,5580,2.002,2.0,5,true,13520,0,2703.2,1.74,2.625,3.207,3.831,4.416,77.414,75.461,97.05,20,20,72,multiprocess_sample_only,,
yjit-off/puma-response-chunk-100kb/puma-1w-3t/repeat-3,yjit-off,false,puma-response-chunk-100kb,puma-response-time-wrk,puma/benchmarks/local/response_time_wrk,https://github.com/puma/puma/blob/main/benchmarks/local/response_time_wrk.rb,puma-1w-3t,3,puma,1,3,7476,1000,5.003,5.0,1000,2925,2.002,2.0,5,true,7476,0,1494.223,3.228,4.697,6.106,6.965,7.487,72.09,71.5,95.68,20,20,68,multiprocess_sample_only,,
yjit-off/puma-response-string-100kb/puma-1w-3t/repeat-3,yjit-off,false,puma-response-string-100kb,puma-response-time-wrk,puma/benchmarks/local/response_time_wrk,https://github.com/puma/puma/blob/main/benchmarks/local/response_time_wrk.rb,puma-1w-3t,3,puma,1,3,13488,1000,5.001,5.0,1000,5547,2.001,2.0,5,true,13488,0,2696.827,1.731,2.701,3.331,4.014,4.729,77.242,76.461,94.63,20,20,71,multiprocess_sample_only,,
yjit-off/puma-response-io-100kb/puma-1w-3t/repeat-3,yjit-off,false,puma-response-io-100kb,puma-response-time-wrk,puma/benchmarks/local/response_time_wrk,https://github.com/puma/puma/blob/main/benchmarks/local/response_time_wrk.rb,puma-1w-3t,3,puma,1,3,13389,1000,5.03,5.0,1000,5531,2.002,2.0,5,true,13389,0,2661.86,1.718,2.644,3.262,41.436,43.883,67.563,67.5,94.54,20,20,72,multiprocess_sample_only,,
yjit-off/puma-response-array-256kb/puma-1w-3t/repeat-3,yjit-off,false,puma-response-array-256kb,puma-response-time-wrk,puma/benchmarks/local/response_time_wrk,https://github.com/puma/puma/blob/main/benchmarks/local/response_time_wrk.rb,puma-1w-3t,3,puma,1,3,9741,1000,5.003,5.0,1000,3937,2.002,2.0,5,true,9741,0,1946.976,2.255,3.892,6.622,16.464,20.159,98.043,94.023,94.205,20,20,70,multiprocess_sample_only,,
yjit-off/puma-response-chunk-256kb/puma-1w-3t/repeat-3,yjit-off,false,puma-response-chunk-256kb,puma-response-time-wrk,puma/benchmarks/local/response_time_wrk,https://github.com/puma/puma/blob/main/benchmarks/local/response_time_wrk.rb,puma-1w-3t,3,puma,1,3,4159,1000,5.005,5.0,1000,1688,2.005,2.0,5,true,4159,0,830.987,5.839,9.468,11.014,12.076,13.58,76.043,75.098,92.89,20,20,63,multiprocess_sample_only,,
yjit-off/puma-response-string-256kb/puma-1w-3t/repeat-3,yjit-off,false,puma-response-string-256kb,puma-response-time-wrk,puma/benchmarks/local/response_time_wrk,https://github.com/puma/puma/blob/main/benchmarks/local/response_time_wrk.rb,puma-1w-3t,3,puma,1,3,10115,1000,5.002,5.0,1000,4166,2.001,2.0,5,true,10115,0,2022.36,2.119,3.944,6.494,16.762,20.549,70.121,70.121,91.4,20,20,69,multiprocess_sample_only,,
yjit-off/puma-response-io-256kb/puma-1w-3t/repeat-3,yjit-off,false,puma-response-io-256kb,puma-response-time-wrk,puma/benchmarks/local/response_time_wrk,https://github.com/puma/puma/blob/main/benchmarks/local/response_time_wrk.rb,puma-1w-3t,3,puma,1,3,9832,1000,5.002,5.0,1000,4001,2.002,2.0,5,true,9832,0,1965.5,2.179,4.073,6.497,16.621,19.873,70.371,69.996,90.095,20,20,69,multiprocess_sample_only,,
yjit-off/puma-response-array-512kb/puma-1w-3t/repeat-3,yjit-off,false,puma-response-array-512kb,puma-response-time-wrk,puma/benchmarks/local/response_time_wrk,https://github.com/puma/puma/blob/main/benchmarks/local/response_time_wrk.rb,puma-1w-3t,3,puma,1,3,7473,1000,5.003,5.0,1000,3032,2.002,2.0,5,true,7473,0,1493.844,2.904,5.12,17.032,20.91,23.399,124.07,110.457,89.7,20,20,69,multiprocess_sample_only,,
yjit-off/puma-response-chunk-512kb/puma-1w-3t/repeat-3,yjit-off,false,puma-response-chunk-512kb,puma-response-time-wrk,puma/benchmarks/local/response_time_wrk,https://github.com/puma/puma/blob/main/benchmarks/local/response_time_wrk.rb,puma-1w-3t,3,puma,1,3,2384,1000,5.009,5.0,1000,1002,2.073,2.0,5,true,2384,0,475.924,10.276,17.473,19.583,20.23,22.835,79.258,77.363,88.77,20,20,56,multiprocess_sample_only,,
yjit-off/puma-response-string-512kb/puma-1w-3t/repeat-3,yjit-off,false,puma-response-string-512kb,puma-response-time-wrk,puma/benchmarks/local/response_time_wrk,https://github.com/puma/puma/blob/main/benchmarks/local/response_time_wrk.rb,puma-1w-3t,3,puma,1,3,7729,1000,5.017,5.0,1000,3038,2.003,2.0,5,true,7729,0,1540.67,2.722,5.295,16.964,20.823,22.253,75.391,75.391,87.375,20,20,68,multiprocess_sample_only,,
yjit-off/puma-response-io-512kb/puma-1w-3t/repeat-3,yjit-off,false,puma-response-io-512kb,puma-response-time-wrk,puma/benchmarks/local/response_time_wrk,https://github.com/puma/puma/blob/main/benchmarks/local/response_time_wrk.rb,puma-1w-3t,3,puma,1,3,7584,1000,5.003,5.0,1000,3045,2.002,2.0,5,true,7584,0,1516.026,2.745,5.326,16.834,21.473,209.16,75.391,75.391,85.98,20,20,67,multiprocess_sample_only,,
yjit-off/puma-response-array-1024kb/puma-1w-3t/repeat-3,yjit-off,false,puma-response-array-1024kb,puma-response-time-wrk,puma/benchmarks/local/response_time_wrk,https://github.com/puma/puma/blob/main/benchmarks/local/response_time_wrk.rb,puma-1w-3t,3,puma,1,3,4938,1000,5.003,5.0,1000,1906,2.007,2.0,5,true,4938,0,986.95,4.642,7.794,20.603,24.408,25.194,146.59,132.172,85.725,20,20,71,multiprocess_sample_only,,
yjit-off/puma-response-chunk-1024kb/puma-1w-3t/repeat-3,yjit-off,false,puma-response-chunk-1024kb,puma-response-time-wrk,puma/benchmarks/local/response_time_wrk,https://github.com/puma/puma/blob/main/benchmarks/local/response_time_wrk.rb,puma-1w-3t,3,puma,1,3,1286,1000,5.017,5.0,1000,1000,3.864,2.0,5,true,1286,0,256.311,19.091,31.6,35.266,36.198,36.308,81.953,78.027,84.785,20,20,46,multiprocess_sample_only,,
yjit-off/puma-response-string-1024kb/puma-1w-3t/repeat-3,yjit-off,false,puma-response-string-1024kb,puma-response-time-wrk,puma/benchmarks/local/response_time_wrk,https://github.com/puma/puma/blob/main/benchmarks/local/response_time_wrk.rb,puma-1w-3t,3,puma,1,3,5122,1000,5.004,5.0,1000,2067,2.004,2.0,5,true,5122,0,1023.599,4.094,8.116,20.66,26.532,207.115,79.488,79.488,83.46,20,20,65,multiprocess_sample_only,,
yjit-off/puma-response-io-1024kb/puma-1w-3t/repeat-3,yjit-off,false,puma-response-io-1024kb,puma-response-time-wrk,puma/benchmarks/local/response_time_wrk,https://github.com/puma/puma/blob/main/benchmarks/local/response_time_wrk.rb,puma-1w-3t,3,puma,1,3,5061,1000,5.005,5.0,1000,1961,2.004,2.0,5,true,5061,0,1011.232,4.221,8.174,20.31,26.059,213.596,79.551,79.551,81.825,20,20,64,multiprocess_sample_only,,
yjit-off/puma-response-array-2048kb/puma-1w-3t/repeat-3,yjit-off,false,puma-response-array-2048kb,puma-response-time-wrk,puma/benchmarks/local/response_time_wrk,https://github.com/puma/puma/blob/main/benchmarks/local/response_time_wrk.rb,puma-1w-3t,3,puma,1,3,2838,1000,5.006,5.0,1000,1156,2.008,2.0,5,true,2838,0,566.868,8.61,13.657,16.649,28.018,29.081,133.383,112.758,81.665,20,20,72,multiprocess_sample_only,,
yjit-off/puma-response-chunk-2048kb/puma-1w-3t/repeat-3,yjit-off,false,puma-response-chunk-2048kb,puma-response-time-wrk,puma/benchmarks/local/response_time_wrk,https://github.com/puma/puma/blob/main/benchmarks/local/response_time_wrk.rb,puma-1w-3t,3,puma,1,3,1000,1000,7.365,5.0,1000,1000,7.272,2.0,5,true,1000,0,135.786,36.421,38.576,67.433,69.543,70.146,84.59,81.316,80.435,20,20,49,multiprocess_sample_only,,
yjit-off/puma-response-string-2048kb/puma-1w-3t/repeat-3,yjit-off,false,puma-response-string-2048kb,puma-response-time-wrk,puma/benchmarks/local/response_time_wrk,https://github.com/puma/puma/blob/main/benchmarks/local/response_time_wrk.rb,puma-1w-3t,3,puma,1,3,3265,1000,5.007,5.0,1000,1292,2.006,2.0,5,true,3265,0,652.083,6.905,13.09,15.035,31.746,36.114,83.32,83.32,79.19,20,20,61,multiprocess_sample_only,,
yjit-off/puma-response-io-2048kb/puma-1w-3t/repeat-3,yjit-off,false,puma-response-io-2048kb,puma-response-time-wrk,puma/benchmarks/local/response_time_wrk,https://github.com/puma/puma/blob/main/benchmarks/local/response_time_wrk.rb,puma-1w-3t,3,puma,1,3,3277,1000,5.007,5.0,1000,1329,2.005,2.0,5,true,3277,0,654.44,7.013,13.094,14.846,26.64,34.323,83.32,83.32,77.655,20,20,60,multiprocess_sample_only,,
yjit-off/puma-long-tail-fib-200ms-x6p0/puma-1w-3t/repeat-3,yjit-off,false,puma-long-tail-fib-200ms-x6p0,puma-long-tail-hey,puma/benchmarks/local/long_tail_hey + test/rackup/sleep_fibonacci,https://github.com/puma/puma/blob/main/benchmarks/local/long_tail_hey.rb,puma-1w-3t,3,puma,1,3,360,360,51.035,5.0,360,360,51.206,2.0,18,true,360,0,7.054,2550.988,2574.462,2584.123,2587.871,2588.346,101.375,101.375,83.18,20,20,745,multiprocess_sample_only,,
yjit-off/puma-long-tail-fib-200ms-x4p0/puma-1w-3t/repeat-3,yjit-off,false,puma-long-tail-fib-200ms-x4p0,puma-long-tail-hey,puma/benchmarks/local/long_tail_hey + test/rackup/sleep_fibonacci,https://github.com/puma/puma/blob/main/benchmarks/local/long_tail_hey.rb,puma-1w-3t,3,puma,1,3,240,240,34.052,5.0,240,240,34.105,2.0,12,true,240,0,7.048,1702.65,1720.675,1729.622,1730.606,1730.779,101.758,101.758,86.76,20,20,497,multiprocess_sample_only,,
yjit-off/puma-long-tail-fib-200ms-x3p0/puma-1w-3t/repeat-3,yjit-off,false,puma-long-tail-fib-200ms-x3p0,puma-long-tail-hey,puma/benchmarks/local/long_tail_hey + test/rackup/sleep_fibonacci,https://github.com/puma/puma/blob/main/benchmarks/local/long_tail_hey.rb,puma-1w-3t,3,puma,1,3,180,180,25.534,5.0,180,180,25.6,2.0,9,true,180,0,7.049,1277.479,1292.981,1306.732,1307.864,1308.085,106.578,106.578,88.525,20,20,373,multiprocess_sample_only,,
yjit-off/puma-long-tail-fib-200ms-x2p0/puma-1w-3t/repeat-3,yjit-off,false,puma-long-tail-fib-200ms-x2p0,puma-long-tail-hey,puma/benchmarks/local/long_tail_hey + test/rackup/sleep_fibonacci,https://github.com/puma/puma/blob/main/benchmarks/local/long_tail_hey.rb,puma-1w-3t,3,puma,1,3,120,120,16.996,5.0,120,120,17.053,2.0,6,true,120,0,7.06,849.711,862.32,870.951,874.666,875.044,106.582,106.582,89.47,20,20,249,multiprocess_sample_only,,
yjit-off/puma-long-tail-fib-200ms-x1p5/puma-1w-3t/repeat-3,yjit-off,false,puma-long-tail-fib-200ms-x1p5,puma-long-tail-hey,puma/benchmarks/local/long_tail_hey + test/rackup/sleep_fibonacci,https://github.com/puma/puma/blob/main/benchmarks/local/long_tail_hey.rb,puma-1w-3t,3,puma,1,3,100,100,14.237,5.0,100,100,14.227,2.0,5,true,100,0,7.024,816.627,849.993,853.84,859.253,859.854,106.832,106.832,90.105,20,20,208,multiprocess_sample_only,,
yjit-off/puma-long-tail-fib-200ms-x1p0/puma-1w-3t/repeat-3,yjit-off,false,puma-long-tail-fib-200ms-x1p0,puma-long-tail-hey,puma/benchmarks/local/long_tail_hey + test/rackup/sleep_fibonacci,https://github.com/puma/puma/blob/main/benchmarks/local/long_tail_hey.rb,puma-1w-3t,3,puma,1,3,60,60,8.507,5.0,60,60,8.529,2.0,3,true,60,0,7.053,424.991,429.37,435.381,435.507,435.521,106.961,106.961,90.48,20,20,125,multiprocess_sample_only,,
yjit-off/puma-long-tail-fib-200ms-x0p5/puma-1w-3t/repeat-3,yjit-off,false,puma-long-tail-fib-200ms-x0p5,puma-long-tail-hey,puma/benchmarks/local/long_tail_hey + test/rackup/sleep_fibonacci,https://github.com/puma/puma/blob/main/benchmarks/local/long_tail_hey.rb,puma-1w-3t,3,puma,1,3,40,40,5.663,5.0,40,40,5.665,2.0,2,true,40,0,7.063,282.7,284.151,285.552,286.318,286.403,106.961,106.961,90.715,20,20,84,multiprocess_sample_only,,
yjit-off/puma-sleep-fibonacci-1ms/puma-1w-3t/repeat-3,yjit-off,false,puma-sleep-fibonacci-1ms,puma-sleep-fibonacci-test,puma/benchmarks/local/sleep_fibonacci_test + test/rackup/sleep_fibonacci,https://github.com/puma/puma/blob/main/benchmarks/local/sleep_fibonacci_test.rb,puma-1w-3t,3,puma,1,3,3589,10,5.001,5.0,10,1443,2.001,2.0,1,true,3589,0,717.699,1.354,1.501,1.729,2.313,2.454,116.203,116.203,90.58,20,20,74,multiprocess_sample_only,,
yjit-off/puma-sleep-fibonacci-5ms/puma-1w-3t/repeat-3,yjit-off,false,puma-sleep-fibonacci-5ms,puma-sleep-fibonacci-test,puma/benchmarks/local/sleep_fibonacci_test + test/rackup/sleep_fibonacci,https://github.com/puma/puma/blob/main/benchmarks/local/sleep_fibonacci_test.rb,puma-1w-3t,3,puma,1,3,938,10,5.001,5.0,10,377,2.004,2.0,1,true,938,0,187.563,5.287,5.42,5.576,5.966,6.225,117.582,117.582,90.335,20,20,74,multiprocess_sample_only,,
yjit-off/puma-sleep-fibonacci-10ms/puma-1w-3t/repeat-3,yjit-off,false,puma-sleep-fibonacci-10ms,puma-sleep-fibonacci-test,puma/benchmarks/local/sleep_fibonacci_test + test/rackup/sleep_fibonacci,https://github.com/puma/puma/blob/main/benchmarks/local/sleep_fibonacci_test.rb,puma-1w-3t,3,puma,1,3,481,10,5.007,5.0,10,193,2.006,2.0,1,true,481,0,96.061,10.354,10.505,10.753,11.128,11.4,118.957,118.957,90.085,20,20,74,multiprocess_sample_only,,
yjit-off/puma-sleep-fibonacci-50ms/puma-1w-3t/repeat-3,yjit-off,false,puma-sleep-fibonacci-50ms,puma-sleep-fibonacci-test,puma/benchmarks/local/sleep_fibonacci_test + test/rackup/sleep_fibonacci,https://github.com/puma/puma/blob/main/benchmarks/local/sleep_fibonacci_test.rb,puma-1w-3t,3,puma,1,3,99,10,5.005,5.0,10,40,2.03,2.0,1,true,99,0,19.78,50.492,50.652,50.719,50.807,50.817,118.957,118.957,89.835,20,20,74,multiprocess_sample_only,,
yjit-off/puma-sleep-fibonacci-100ms/puma-1w-3t/repeat-3,yjit-off,false,puma-sleep-fibonacci-100ms,puma-sleep-fibonacci-test,puma/benchmarks/local/sleep_fibonacci_test + test/rackup/sleep_fibonacci,https://github.com/puma/puma/blob/main/benchmarks/local/sleep_fibonacci_test.rb,puma-1w-3t,3,puma,1,3,50,10,5.032,5.0,10,20,2.014,2.0,1,true,50,0,9.937,100.566,100.697,100.784,100.838,100.844,120.266,120.266,89.58,20,20,75,multiprocess_sample_only,,
yjit-off/puma-sleep-fibonacci-200ms/puma-1w-3t/repeat-3,yjit-off,false,puma-sleep-fibonacci-200ms,puma-sleep-fibonacci-test,puma/benchmarks/local/sleep_fibonacci_test + test/rackup/sleep_fibonacci,https://github.com/puma/puma/blob/main/benchmarks/local/sleep_fibonacci_test.rb,puma-1w-3t,3,puma,1,3,25,10,5.017,5.0,10,10,2.008,2.0,1,true,25,0,4.983,200.552,200.797,200.957,200.998,201.002,121.145,121.145,89.335,20,20,74,multiprocess_sample_only,,
yjit-on/puma-response-array-1kb/raptor-3r/repeat-1,yjit-on,true,puma-response-array-1kb,puma-response-time-wrk,puma/benchmarks/local/response_time_wrk,https://github.com/puma/puma/blob/main/benchmarks/local/response_time_wrk.rb,raptor-3r,3,raptor,3,,1000,1000,16.109,5.0,1000,1000,16.172,2.0,5,true,1000,0,62.078,40.973,41.967,42.228,4026.296,4030.267,28.949,28.949,3.405,20,20,236,same_worker,30,719244
yjit-on/puma-response-chunk-1kb/raptor-3r/repeat-1,yjit-on,true,puma-response-chunk-1kb,puma-response-time-wrk,puma/benchmarks/local/response_time_wrk,https://github.com/puma/puma/blob/main/benchmarks/local/response_time_wrk.rb,raptor-3r,3,raptor,3,,1000,1000,16.12,5.0,1000,1000,16.155,2.0,5,true,1000,0,62.035,40.976,41.961,42.475,4030.836,4033.974,29.285,29.285,2.76,20,20,236,same_worker,30,716250
yjit-on/puma-response-string-1kb/raptor-3r/repeat-1,yjit-on,true,puma-response-string-1kb,puma-response-time-wrk,puma/benchmarks/local/response_time_wrk,https://github.com/puma/puma/blob/main/benchmarks/local/response_time_wrk.rb,raptor-3r,3,raptor,3,,1000,1000,16.11,5.0,1000,1000,16.139,2.0,5,true,1000,0,62.073,40.973,41.952,42.273,4025.559,4030.207,29.434,29.434,2.58,20,20,236,same_worker,31,719531
yjit-on/puma-response-io-1kb/raptor-3r/repeat-1,yjit-on,true,puma-response-io-1kb,puma-response-time-wrk,puma/benchmarks/local/response_time_wrk,https://github.com/puma/puma/blob/main/benchmarks/local/response_time_wrk.rb,raptor-3r,3,raptor,3,,1000,1000,16.111,5.0,1000,1000,16.159,2.0,5,true,1000,0,62.068,40.975,41.954,42.233,4026.51,4029.991,29.527,29.527,2.5,20,20,236,same_worker,32,727237
yjit-on/puma-response-array-10kb/raptor-3r/repeat-1,yjit-on,true,puma-response-array-10kb,puma-response-time-wrk,puma/benchmarks/local/response_time_wrk,https://github.com/puma/puma/blob/main/benchmarks/local/response_time_wrk.rb,raptor-3r,3,raptor,3,,1000,1000,16.11,5.0,1000,1000,16.156,2.0,5,true,1000,0,62.074,40.973,41.937,42.148,4027.845,4029.507,29.578,29.578,2.49,20,20,236,same_worker,31,719243
yjit-on/puma-response-chunk-10kb/raptor-3r/repeat-1,yjit-on,true,puma-response-chunk-10kb,puma-response-time-wrk,puma/benchmarks/local/response_time_wrk,https://github.com/puma/puma/blob/main/benchmarks/local/response_time_wrk.rb,raptor-3r,3,raptor,3,,1000,1000,16.116,5.0,1000,1000,16.141,2.0,5,true,1000,0,62.051,40.975,41.959,42.268,4029.552,4033.531,29.578,29.578,2.435,20,20,236,same_worker,32,714693
yjit-on/puma-response-string-10kb/raptor-3r/repeat-1,yjit-on,true,puma-response-string-10kb,puma-response-time-wrk,puma/benchmarks/local/response_time_wrk,https://github.com/puma/puma/blob/main/benchmarks/local/response_time_wrk.rb,raptor-3r,3,raptor,3,,1000,1000,16.115,5.0,1000,1000,16.134,2.0,5,true,1000,0,62.056,40.974,41.958,42.126,4026.629,4027.229,29.594,29.594,2.4,20,20,235,same_worker,32,719243
yjit-on/puma-response-io-10kb/raptor-3r/repeat-1,yjit-on,true,puma-response-io-10kb,puma-response-time-wrk,puma/benchmarks/local/response_time_wrk,https://github.com/puma/puma/blob/main/benchmarks/local/response_time_wrk.rb,raptor-3r,3,raptor,3,,1000,1000,16.137,5.0,1000,1000,16.161,2.0,5,true,1000,0,61.97,40.975,41.99,42.745,4036.253,4037.207,30.145,30.145,2.43,20,20,236,same_worker,33,743226
yjit-on/puma-response-array-100kb/raptor-3r/repeat-1,yjit-on,true,puma-response-array-100kb,puma-response-time-wrk,puma/benchmarks/local/response_time_wrk,https://github.com/puma/puma/blob/main/benchmarks/local/response_time_wrk.rb,raptor-3r,3,raptor,3,,1000,1000,14.778,5.0,1000,1000,14.374,2.0,5,true,1000,0,67.669,40.958,41.963,42.962,3643.189,3760.255,30.176,30.176,2.5,20,20,216,same_worker,32,717756
yjit-on/puma-response-chunk-100kb/raptor-3r/repeat-1,yjit-on,true,puma-response-chunk-100kb,puma-response-time-wrk,puma/benchmarks/local/response_time_wrk,https://github.com/puma/puma/blob/main/benchmarks/local/response_time_wrk.rb,raptor-3r,3,raptor,3,,1000,1000,14.335,5.0,1000,1000,13.953,2.0,5,true,1000,0,69.759,40.96,41.965,43.043,3406.035,3627.147,30.199,30.199,2.6,20,20,210,same_worker,33,715015
yjit-on/puma-response-string-100kb/raptor-3r/repeat-1,yjit-on,true,puma-response-string-100kb,puma-response-time-wrk,puma/benchmarks/local/response_time_wrk,https://github.com/puma/puma/blob/main/benchmarks/local/response_time_wrk.rb,raptor-3r,3,raptor,3,,11573,1000,5.002,5.0,1000,4948,2.002,2.0,5,true,11573,0,2313.779,1.127,2.337,7.686,123.704,137.626,30.582,30.582,3.795,20,20,72,same_worker,421,8321417
yjit-on/puma-response-io-100kb/raptor-3r/repeat-1,yjit-on,true,puma-response-io-100kb,puma-response-time-wrk,puma/benchmarks/local/response_time_wrk,https://github.com/puma/puma/blob/main/benchmarks/local/response_time_wrk.rb,raptor-3r,3,raptor,3,,1000,1000,14.563,5.0,1000,1000,14.335,2.0,5,true,1000,0,68.668,40.975,41.999,42.965,3643.832,3687.849,34.789,34.789,4.415,20,20,213,same_worker,52,924049
yjit-on/puma-response-array-256kb/raptor-3r/repeat-1,yjit-on,true,puma-response-array-256kb,puma-response-time-wrk,puma/benchmarks/local/response_time_wrk,https://github.com/puma/puma/blob/main/benchmarks/local/response_time_wrk.rb,raptor-3r,3,raptor,3,,1002,1000,7.101,5.0,1000,1000,7.085,2.0,5,true,1002,0,141.115,1.389,42.258,44.203,1628.039,1822.458,34.789,34.789,4.585,20,20,105,same_worker,41,720170
yjit-on/puma-response-chunk-256kb/raptor-3r/repeat-1,yjit-on,true,puma-response-chunk-256kb,puma-response-time-wrk,puma/benchmarks/local/response_time_wrk,https://github.com/puma/puma/blob/main/benchmarks/local/response_time_wrk.rb,raptor-3r,3,raptor,3,,1001,1000,7.866,5.0,1000,1000,6.874,2.0,5,true,1001,0,127.256,2.39,42.393,45.999,1844.013,2115.373,34.797,34.797,4.78,20,20,116,same_worker,41,717299
yjit-on/puma-response-string-256kb/raptor-3r/repeat-1,yjit-on,true,puma-response-string-256kb,puma-response-time-wrk,puma/benchmarks/local/response_time_wrk,https://github.com/puma/puma/blob/main/benchmarks/local/response_time_wrk.rb,raptor-3r,3,raptor,3,,8559,1000,5.002,5.0,1000,3580,2.003,2.0,5,true,8559,0,1711.163,1.463,3.171,19.039,177.553,196.338,34.797,34.797,5.6,20,20,71,same_worker,333,6155272
yjit-on/puma-response-io-256kb/raptor-3r/repeat-1,yjit-on,true,puma-response-io-256kb,puma-response-time-wrk,puma/benchmarks/local/response_time_wrk,https://github.com/puma/puma/blob/main/benchmarks/local/response_time_wrk.rb,raptor-3r,3,raptor,3,,1000,1000,11.747,5.0,1000,1000,11.067,2.0,5,true,1000,0,85.132,41.893,42.957,43.931,3396.329,3594.812,42.41,40.582,6.145,20,20,172,same_worker,59,1237249
yjit-on/puma-response-array-512kb/raptor-3r/repeat-1,yjit-on,true,puma-response-array-512kb,puma-response-time-wrk,puma/benchmarks/local/response_time_wrk,https://github.com/puma/puma/blob/main/benchmarks/local/response_time_wrk.rb,raptor-3r,3,raptor,3,,1000,1000,12.007,5.0,1000,1000,12.504,2.0,5,true,1000,0,83.286,41.913,42.986,43.988,2754.14,3074.253,40.582,40.582,6.295,20,20,176,same_worker,31,719885
yjit-on/puma-response-chunk-512kb/raptor-3r/repeat-1,yjit-on,true,puma-response-chunk-512kb,puma-response-time-wrk,puma/benchmarks/local/response_time_wrk,https://github.com/puma/puma/blob/main/benchmarks/local/response_time_wrk.rb,raptor-3r,3,raptor,3,,1000,1000,13.294,5.0,1000,1000,13.138,2.0,5,true,1000,0,75.222,41.926,43.012,46.795,3361.334,3492.167,40.582,40.582,6.43,20,20,195,same_worker,32,716249
yjit-on/puma-response-string-512kb/raptor-3r/repeat-1,yjit-on,true,puma-response-string-512kb,puma-response-time-wrk,puma/benchmarks/local/response_time_wrk,https://github.com/puma/puma/blob/main/benchmarks/local/response_time_wrk.rb,raptor-3r,3,raptor,3,,6758,1000,5.003,5.0,1000,2771,2.004,2.0,5,true,6758,0,1350.783,1.84,3.764,52.478,205.916,220.82,40.824,40.824,6.96,20,20,70,same_worker,224,4858997
yjit-on/puma-response-io-512kb/raptor-3r/repeat-1,yjit-on,true,puma-response-io-512kb,puma-response-time-wrk,puma/benchmarks/local/response_time_wrk,https://github.com/puma/puma/blob/main/benchmarks/local/response_time_wrk.rb,raptor-3r,3,raptor,3,,1000,1000,13.668,5.0,1000,1000,14.409,2.0,5,true,1000,0,73.166,41.964,43.7,45.024,3603.926,3679.76,48.68,48.68,7.445,20,20,200,same_worker,98,1749249
yjit-on/puma-response-array-1024kb/raptor-3r/repeat-1,yjit-on,true,puma-response-array-1024kb,puma-response-time-wrk,puma/benchmarks/local/response_time_wrk,https://github.com/puma/puma/blob/main/benchmarks/local/response_time_wrk.rb,raptor-3r,3,raptor,3,,1000,1000,14.166,5.0,1000,1000,14.787,2.0,5,true,1000,0,70.591,41.966,43.988,46.819,3502.797,3617.199,48.68,48.68,7.695,20,20,207,same_worker,35,717988
yjit-on/puma-response-chunk-1024kb/raptor-3r/repeat-1,yjit-on,true,puma-response-chunk-1024kb,puma-response-time-wrk,puma/benchmarks/local/response_time_wrk,https://github.com/puma/puma/blob/main/benchmarks/local/response_time_wrk.rb,raptor-3r,3,raptor,3,,1000,1000,14.453,5.0,1000,1000,14.991,2.0,5,true,1000,0,69.19,41.994,44.119,57.88,3496.733,3508.486,48.68,48.68,7.96,20,20,211,same_worker,34,714797
yjit-on/puma-response-string-1024kb/raptor-3r/repeat-1,yjit-on,true,puma-response-string-1024kb,puma-response-time-wrk,puma/benchmarks/local/response_time_wrk,https://github.com/puma/puma/blob/main/benchmarks/local/response_time_wrk.rb,raptor-3r,3,raptor,3,,4732,1000,5.004,5.0,1000,1943,2.004,2.0,5,true,4732,0,945.705,2.658,5.637,25.768,306.046,345.336,48.68,48.68,8.335,20,20,68,same_worker,173,3400427
yjit-on/puma-response-io-1024kb/raptor-3r/repeat-1,yjit-on,true,puma-response-io-1024kb,puma-response-time-wrk,puma/benchmarks/local/response_time_wrk,https://github.com/puma/puma/blob/main/benchmarks/local/response_time_wrk.rb,raptor-3r,3,raptor,3,,1000,1000,15.476,5.0,1000,1000,15.962,2.0,5,true,1000,0,64.616,42.986,46.075,47.623,3814.487,3908.951,51.773,51.656,8.985,20,20,226,same_worker,145,2773243
yjit-on/puma-response-array-2048kb/raptor-3r/repeat-1,yjit-on,true,puma-response-array-2048kb,puma-response-time-wrk,puma/benchmarks/local/response_time_wrk,https://github.com/puma/puma/blob/main/benchmarks/local/response_time_wrk.rb,raptor-3r,3,raptor,3,,1000,1000,14.902,5.0,1000,1000,15.351,2.0,5,true,1000,0,67.105,43.913,46.96,57.247,3688.263,3720.947,48.641,48.641,9.575,20,20,218,same_worker,31,717454
yjit-on/puma-response-chunk-2048kb/raptor-3r/repeat-1,yjit-on,true,puma-response-chunk-2048kb,puma-response-time-wrk,puma/benchmarks/local/response_time_wrk,https://github.com/puma/puma/blob/main/benchmarks/local/response_time_wrk.rb,raptor-3r,3,raptor,3,,1000,1000,15.432,5.0,1000,1000,15.546,2.0,5,true,1000,0,64.801,43.935,48.314,51.591,3831.369,3907.796,48.641,48.641,10.19,20,20,225,same_worker,31,715381
yjit-on/puma-response-string-2048kb/raptor-3r/repeat-1,yjit-on,true,puma-response-string-2048kb,puma-response-time-wrk,puma/benchmarks/local/response_time_wrk,https://github.com/puma/puma/blob/main/benchmarks/local/response_time_wrk.rb,raptor-3r,3,raptor,3,,3160,1000,5.007,5.0,1000,1285,2.006,2.0,5,true,3160,0,631.124,4.408,8.222,21.306,452.052,479.147,54.652,54.652,10.565,20,20,67,same_worker,100,2272634
yjit-on/puma-response-io-2048kb/raptor-3r/repeat-1,yjit-on,true,puma-response-io-2048kb,puma-response-time-wrk,puma/benchmarks/local/response_time_wrk,https://github.com/puma/puma/blob/main/benchmarks/local/response_time_wrk.rb,raptor-3r,3,raptor,3,,1000,1000,15.928,5.0,1000,1000,17.048,2.0,5,true,1000,0,62.783,45.588,50.697,55.98,3958.836,3994.512,63.68,63.621,11.58,20,20,232,same_worker,281,4821237
yjit-on/puma-long-tail-fib-200ms-x6p0/raptor-3r/repeat-1,yjit-on,true,puma-long-tail-fib-200ms-x6p0,puma-long-tail-hey,puma/benchmarks/local/long_tail_hey + test/rackup/sleep_fibonacci,https://github.com/puma/puma/blob/main/benchmarks/local/long_tail_hey.rb,raptor-3r,3,raptor,3,,363,360,29.009,5.0,360,360,28.763,2.0,18,true,363,0,12.513,241.727,242.966,19607.942,24403.505,24406.52,64.121,64.121,21.4,20,20,420,same_worker,2,65678
yjit-on/puma-long-tail-fib-200ms-x4p0/raptor-3r/repeat-1,yjit-on,true,puma-long-tail-fib-200ms-x4p0,puma-long-tail-hey,puma/benchmarks/local/long_tail_hey + test/rackup/sleep_fibonacci,https://github.com/puma/puma/blob/main/benchmarks/local/long_tail_hey.rb,raptor-3r,3,raptor,3,,243,240,19.419,5.0,240,240,19.172,2.0,12,true,243,0,12.513,241.751,242.924,12803.779,14816.921,14817.018,64.125,64.125,29.98,20,20,282,same_worker,2,43206
yjit-on/puma-long-tail-fib-200ms-x3p0/raptor-3r/repeat-1,yjit-on,true,puma-long-tail-fib-200ms-x3p0,puma-long-tail-hey,puma/benchmarks/local/long_tail_hey + test/rackup/sleep_fibonacci,https://github.com/puma/puma/blob/main/benchmarks/local/long_tail_hey.rb,raptor-3r,3,raptor,3,,183,180,14.625,5.0,180,180,14.38,2.0,9,true,183,0,12.513,241.759,242.698,10026.603,10029.158,10029.353,64.129,64.129,35.625,20,20,213,same_worker,1,34042
yjit-on/puma-long-tail-fib-200ms-x2p0/raptor-3r/repeat-1,yjit-on,true,puma-long-tail-fib-200ms-x2p0,puma-long-tail-hey,puma/benchmarks/local/long_tail_hey + test/rackup/sleep_fibonacci,https://github.com/puma/puma/blob/main/benchmarks/local/long_tail_hey.rb,raptor-3r,3,raptor,3,,123,120,9.835,5.0,120,120,9.588,2.0,6,true,123,0,12.507,241.86,242.672,5238.141,5238.324,5238.34,64.129,64.129,39.305,20,20,144,same_worker,1,22252
yjit-on/puma-long-tail-fib-200ms-x1p5/raptor-3r/repeat-1,yjit-on,true,puma-long-tail-fib-200ms-x1p5,puma-long-tail-hey,puma/benchmarks/local/long_tail_hey + test/rackup/sleep_fibonacci,https://github.com/puma/puma/blob/main/benchmarks/local/long_tail_hey.rb,raptor-3r,3,raptor,3,,103,100,9.83,5.0,100,100,9.584,2.0,5,true,103,0,10.478,241.719,242.456,5132.638,5232.573,5232.589,64.129,64.129,41.99,20,20,144,same_worker,0,16564
yjit-on/puma-long-tail-fib-200ms-x1p0/raptor-3r/repeat-1,yjit-on,true,puma-long-tail-fib-200ms-x1p0,puma-long-tail-hey,puma/benchmarks/local/long_tail_hey + test/rackup/sleep_fibonacci,https://github.com/puma/puma/blob/main/benchmarks/local/long_tail_hey.rb,raptor-3r,3,raptor,3,,63,60,5.037,5.0,60,60,4.795,2.0,3,true,63,0,12.508,241.7,242.506,242.915,242.919,242.919,64.129,64.129,43.645,20,20,74,same_worker,0,11346
yjit-on/puma-long-tail-fib-200ms-x0p5/raptor-3r/repeat-1,yjit-on,true,puma-long-tail-fib-200ms-x0p5,puma-long-tail-hey,puma/benchmarks/local/long_tail_hey + test/rackup/sleep_fibonacci,https://github.com/puma/puma/blob/main/benchmarks/local/long_tail_hey.rb,raptor-3r,3,raptor,3,,42,40,5.032,5.0,40,40,4.792,2.0,2,true,42,0,8.347,241.268,242.134,242.287,242.366,242.374,64.129,64.129,44.64,20,20,75,same_worker,0,6960
yjit-on/puma-sleep-fibonacci-1ms/raptor-3r/repeat-1,yjit-on,true,puma-sleep-fibonacci-1ms,puma-sleep-fibonacci-test,puma/benchmarks/local/sleep_fibonacci_test + test/rackup/sleep_fibonacci,https://github.com/puma/puma/blob/main/benchmarks/local/sleep_fibonacci_test.rb,raptor-3r,3,raptor,3,,122,10,5.012,5.0,10,49,2.019,2.0,1,true,122,0,24.344,41.963,42.835,43.038,43.14,43.151,64.152,64.152,44.62,20,20,74,same_worker,1,23690
yjit-on/puma-sleep-fibonacci-5ms/raptor-3r/repeat-1,yjit-on,true,puma-sleep-fibonacci-5ms,puma-sleep-fibonacci-test,puma/benchmarks/local/sleep_fibonacci_test + test/rackup/sleep_fibonacci,https://github.com/puma/puma/blob/main/benchmarks/local/sleep_fibonacci_test.rb,raptor-3r,3,raptor,3,,114,10,5.015,5.0,10,46,2.031,2.0,1,true,114,0,22.732,44.971,45.213,45.984,46.041,46.048,64.152,64.152,44.325,20,20,75,same_worker,0,20265
yjit-on/puma-sleep-fibonacci-10ms/raptor-3r/repeat-1,yjit-on,true,puma-sleep-fibonacci-10ms,puma-sleep-fibonacci-test,puma/benchmarks/local/sleep_fibonacci_test + test/rackup/sleep_fibonacci,https://github.com/puma/puma/blob/main/benchmarks/local/sleep_fibonacci_test.rb,raptor-3r,3,raptor,3,,97,10,5.007,5.0,10,40,2.038,2.0,1,true,97,0,19.373,51.96,52.174,52.977,53.015,53.019,64.172,64.172,44.075,20,20,74,same_worker,0,17264
yjit-on/puma-sleep-fibonacci-50ms/raptor-3r/repeat-1,yjit-on,true,puma-sleep-fibonacci-50ms,puma-sleep-fibonacci-test,puma/benchmarks/local/sleep_fibonacci_test + test/rackup/sleep_fibonacci,https://github.com/puma/puma/blob/main/benchmarks/local/sleep_fibonacci_test.rb,raptor-3r,3,raptor,3,,56,10,5.07,5.0,10,23,2.061,2.0,1,true,56,0,11.046,90.977,91.958,92.068,92.117,92.123,64.195,64.195,44.0,20,20,75,same_worker,0,10048
yjit-on/puma-sleep-fibonacci-100ms/raptor-3r/repeat-1,yjit-on,true,puma-sleep-fibonacci-100ms,puma-sleep-fibonacci-test,puma/benchmarks/local/sleep_fibonacci_test + test/rackup/sleep_fibonacci,https://github.com/puma/puma/blob/main/benchmarks/local/sleep_fibonacci_test.rb,raptor-3r,3,raptor,3,,36,10,5.053,5.0,10,15,2.087,2.0,1,true,36,0,7.125,141.049,142.046,142.084,142.092,142.093,64.223,64.223,44.0,20,20,75,same_worker,0,4201
yjit-on/puma-sleep-fibonacci-200ms/raptor-3r/repeat-1,yjit-on,true,puma-sleep-fibonacci-200ms,puma-sleep-fibonacci-test,puma/benchmarks/local/sleep_fibonacci_test + test/rackup/sleep_fibonacci,https://github.com/puma/puma/blob/main/benchmarks/local/sleep_fibonacci_test.rb,raptor-3r,3,raptor,3,,21,10,5.033,5.0,10,10,2.38,2.0,1,true,21,0,4.172,241.703,242.081,242.805,242.968,242.986,64.223,64.223,44.1,20,20,75,same_worker,0,3816
yjit-on/puma-response-array-1kb/raptor-3r/repeat-2,yjit-on,true,puma-response-array-1kb,puma-response-time-wrk,puma/benchmarks/local/response_time_wrk,https://github.com/puma/puma/blob/main/benchmarks/local/response_time_wrk.rb,raptor-3r,3,raptor,3,,1000,1000,16.117,5.0,1000,1000,16.15,2.0,5,true,1000,0,62.047,40.975,41.941,42.314,4029.317,4029.469,28.773,28.773,3.39,20,20,236,same_worker,30,718649
yjit-on/puma-response-chunk-1kb/raptor-3r/repeat-2,yjit-on,true,puma-response-chunk-1kb,puma-response-time-wrk,puma/benchmarks/local/response_time_wrk,https://github.com/puma/puma/blob/main/benchmarks/local/response_time_wrk.rb,raptor-3r,3,raptor,3,,1000,1000,16.123,5.0,1000,1000,16.155,2.0,5,true,1000,0,62.023,40.977,41.971,42.341,4034.156,4034.379,28.973,28.973,2.755,20,20,236,same_worker,30,716244
yjit-on/puma-response-string-1kb/raptor-3r/repeat-2,yjit-on,true,puma-response-string-1kb,puma-response-time-wrk,puma/benchmarks/local/response_time_wrk,https://github.com/puma/puma/blob/main/benchmarks/local/response_time_wrk.rb,raptor-3r,3,raptor,3,,1000,1000,16.112,5.0,1000,1000,16.147,2.0,5,true,1000,0,62.067,40.974,41.906,42.494,4028.362,4030.564,29.293,29.293,2.58,20,20,236,same_worker,31,718618
yjit-on/puma-response-io-1kb/raptor-3r/repeat-2,yjit-on,true,puma-response-io-1kb,puma-response-time-wrk,puma/benchmarks/local/response_time_wrk,https://github.com/puma/puma/blob/main/benchmarks/local/response_time_wrk.rb,raptor-3r,3,raptor,3,,1000,1000,16.114,5.0,1000,1000,16.174,2.0,5,true,1000,0,62.059,40.974,41.957,42.299,4027.158,4032.496,29.57,29.57,2.5,20,20,236,same_worker,31,727249
yjit-on/puma-response-array-10kb/raptor-3r/repeat-2,yjit-on,true,puma-response-array-10kb,puma-response-time-wrk,puma/benchmarks/local/response_time_wrk,https://github.com/puma/puma/blob/main/benchmarks/local/response_time_wrk.rb,raptor-3r,3,raptor,3,,1000,1000,16.113,5.0,1000,1000,16.132,2.0,5,true,1000,0,62.062,40.972,41.945,42.274,4026.815,4030.572,29.613,29.613,2.5,20,20,236,same_worker,31,719421
yjit-on/puma-response-chunk-10kb/raptor-3r/repeat-2,yjit-on,true,puma-response-chunk-10kb,puma-response-time-wrk,puma/benchmarks/local/response_time_wrk,https://github.com/puma/puma/blob/main/benchmarks/local/response_time_wrk.rb,raptor-3r,3,raptor,3,,1000,1000,16.112,5.0,1000,1000,16.148,2.0,5,true,1000,0,62.066,40.973,41.952,42.272,4025.898,4031.099,29.625,29.625,2.49,20,20,236,same_worker,31,716243
yjit-on/puma-response-string-10kb/raptor-3r/repeat-2,yjit-on,true,puma-response-string-10kb,puma-response-time-wrk,puma/benchmarks/local/response_time_wrk,https://github.com/puma/puma/blob/main/benchmarks/local/response_time_wrk.rb,raptor-3r,3,raptor,3,,1000,1000,16.124,5.0,1000,1000,16.143,2.0,5,true,1000,0,62.019,40.974,41.95,42.398,4032.959,4033.558,29.668,29.668,2.4,20,20,236,same_worker,32,718795
yjit-on/puma-response-io-10kb/raptor-3r/repeat-2,yjit-on,true,puma-response-io-10kb,puma-response-time-wrk,puma/benchmarks/local/response_time_wrk,https://github.com/puma/puma/blob/main/benchmarks/local/response_time_wrk.rb,raptor-3r,3,raptor,3,,1000,1000,16.124,5.0,1000,1000,16.162,2.0,5,true,1000,0,62.021,40.973,41.959,42.453,4033.799,4074.661,30.191,30.191,2.46,20,20,236,same_worker,34,745243
yjit-on/puma-response-array-100kb/raptor-3r/repeat-2,yjit-on,true,puma-response-array-100kb,puma-response-time-wrk,puma/benchmarks/local/response_time_wrk,https://github.com/puma/puma/blob/main/benchmarks/local/response_time_wrk.rb,raptor-3r,3,raptor,3,,1000,1000,14.439,5.0,1000,1000,14.204,2.0,5,true,1000,0,69.255,40.963,41.969,42.913,3631.065,3713.566,30.191,30.191,2.51,20,20,212,same_worker,33,718239
yjit-on/puma-response-chunk-100kb/raptor-3r/repeat-2,yjit-on,true,puma-response-chunk-100kb,puma-response-time-wrk,puma/benchmarks/local/response_time_wrk,https://github.com/puma/puma/blob/main/benchmarks/local/response_time_wrk.rb,raptor-3r,3,raptor,3,,1000,1000,14.857,5.0,1000,1000,14.19,2.0,5,true,1000,0,67.309,40.962,41.954,42.601,3750.946,3751.014,30.211,30.211,2.6,20,20,218,same_worker,33,714767
yjit-on/puma-response-string-100kb/raptor-3r/repeat-2,yjit-on,true,puma-response-string-100kb,puma-response-time-wrk,puma/benchmarks/local/response_time_wrk,https://github.com/puma/puma/blob/main/benchmarks/local/response_time_wrk.rb,raptor-3r,3,raptor,3,,12015,1000,5.002,5.0,1000,5014,2.002,2.0,5,true,12015,0,2401.922,1.091,2.243,7.552,116.476,127.668,30.578,30.578,3.765,20,20,72,same_worker,434,8637102
yjit-on/puma-response-io-100kb/raptor-3r/repeat-2,yjit-on,true,puma-response-io-100kb,puma-response-time-wrk,puma/benchmarks/local/response_time_wrk,https://github.com/puma/puma/blob/main/benchmarks/local/response_time_wrk.rb,raptor-3r,3,raptor,3,,1000,1000,14.694,5.0,1000,1000,14.031,2.0,5,true,1000,0,68.055,40.968,41.997,43.006,3484.99,3717.099,33.527,33.527,4.4,20,20,215,same_worker,52,925251
yjit-on/puma-response-array-256kb/raptor-3r/repeat-2,yjit-on,true,puma-response-array-256kb,puma-response-time-wrk,puma/benchmarks/local/response_time_wrk,https://github.com/puma/puma/blob/main/benchmarks/local/response_time_wrk.rb,raptor-3r,3,raptor,3,,1000,1000,8.468,5.0,1000,1000,7.31,2.0,5,true,1000,0,118.09,40.947,42.231,43.155,2266.272,2342.742,33.527,33.527,4.525,20,20,125,same_worker,40,718308
yjit-on/puma-response-chunk-256kb/raptor-3r/repeat-2,yjit-on,true,puma-response-chunk-256kb,puma-response-time-wrk,puma/benchmarks/local/response_time_wrk,https://github.com/puma/puma/blob/main/benchmarks/local/response_time_wrk.rb,raptor-3r,3,raptor,3,,1002,1000,7.113,5.0,1000,1000,6.404,2.0,5,true,1002,0,140.872,1.687,42.239,43.891,2172.549,2496.284,33.527,33.527,4.73,20,20,105,same_worker,41,717701
yjit-on/puma-response-string-256kb/raptor-3r/repeat-2,yjit-on,true,puma-response-string-256kb,puma-response-time-wrk,puma/benchmarks/local/response_time_wrk,https://github.com/puma/puma/blob/main/benchmarks/local/response_time_wrk.rb,raptor-3r,3,raptor,3,,9061,1000,5.002,5.0,1000,3763,2.002,2.0,5,true,9061,0,1811.505,1.393,2.961,21.313,167.33,187.025,34.211,34.211,5.505,20,20,72,same_worker,391,6514707
yjit-on/puma-response-io-256kb/raptor-3r/repeat-2,yjit-on,true,puma-response-io-256kb,puma-response-time-wrk,puma/benchmarks/local/response_time_wrk,https://github.com/puma/puma/blob/main/benchmarks/local/response_time_wrk.rb,raptor-3r,3,raptor,3,,1000,1000,9.66,5.0,1000,1000,9.12,2.0,5,true,1000,0,103.52,41.558,42.358,43.166,1932.82,2118.399,41.551,40.316,6.09,20,20,142,same_worker,57,1237249
yjit-on/puma-response-array-512kb/raptor-3r/repeat-2,yjit-on,true,puma-response-array-512kb,puma-response-time-wrk,puma/benchmarks/local/response_time_wrk,https://github.com/puma/puma/blob/main/benchmarks/local/response_time_wrk.rb,raptor-3r,3,raptor,3,,1000,1000,11.126,5.0,1000,1000,12.157,2.0,5,true,1000,0,89.88,41.899,42.944,44.563,2805.786,3144.688,40.316,40.316,6.255,20,20,163,same_worker,31,719249
yjit-on/puma-response-chunk-512kb/raptor-3r/repeat-2,yjit-on,true,puma-response-chunk-512kb,puma-response-time-wrk,puma/benchmarks/local/response_time_wrk,https://github.com/puma/puma/blob/main/benchmarks/local/response_time_wrk.rb,raptor-3r,3,raptor,3,,1000,1000,12.785,5.0,1000,1000,12.046,2.0,5,true,1000,0,78.216,41.921,42.864,44.767,3157.712,3164.689,40.316,40.316,6.395,20,20,188,same_worker,31,717197
yjit-on/puma-response-string-512kb/raptor-3r/repeat-2,yjit-on,true,puma-response-string-512kb,puma-response-time-wrk,puma/benchmarks/local/response_time_wrk,https://github.com/puma/puma/blob/main/benchmarks/local/response_time_wrk.rb,raptor-3r,3,raptor,3,,6563,1000,5.099,5.0,1000,2718,2.004,2.0,5,true,6563,0,1287.196,1.824,3.963,61.525,210.862,236.762,41.23,41.23,6.88,20,20,72,same_worker,213,4718840
yjit-on/puma-response-io-512kb/raptor-3r/repeat-2,yjit-on,true,puma-response-io-512kb,puma-response-time-wrk,puma/benchmarks/local/response_time_wrk,https://github.com/puma/puma/blob/main/benchmarks/local/response_time_wrk.rb,raptor-3r,3,raptor,3,,1000,1000,13.585,5.0,1000,1000,14.248,2.0,5,true,1000,0,73.611,41.963,43.796,48.395,3228.622,3583.703,45.426,45.426,7.335,20,20,199,same_worker,96,1750406
yjit-on/puma-response-array-1024kb/raptor-3r/repeat-2,yjit-on,true,puma-response-array-1024kb,puma-response-time-wrk,puma/benchmarks/local/response_time_wrk,https://github.com/puma/puma/blob/main/benchmarks/local/response_time_wrk.rb,raptor-3r,3,raptor,3,,1000,1000,13.735,5.0,1000,1000,14.847,2.0,5,true,1000,0,72.809,41.968,43.923,46.011,3250.94,3642.44,45.426,45.426,7.56,20,20,201,same_worker,34,718149
yjit-on/puma-response-chunk-1024kb/raptor-3r/repeat-2,yjit-on,true,puma-response-chunk-1024kb,puma-response-time-wrk,puma/benchmarks/local/response_time_wrk,https://github.com/puma/puma/blob/main/benchmarks/local/response_time_wrk.rb,raptor-3r,3,raptor,3,,1000,1000,13.835,5.0,1000,1000,14.868,2.0,5,true,1000,0,72.282,42.004,44.493,47.58,3440.02,3529.39,45.426,45.426,7.855,20,20,202,same_worker,34,716249
yjit-on/puma-response-string-1024kb/raptor-3r/repeat-2,yjit-on,true,puma-response-string-1024kb,puma-response-time-wrk,puma/benchmarks/local/response_time_wrk,https://github.com/puma/puma/blob/main/benchmarks/local/response_time_wrk.rb,raptor-3r,3,raptor,3,,4662,1000,5.004,5.0,1000,1942,2.022,2.0,5,true,4662,0,931.651,2.76,5.881,27.335,303.295,325.533,47.281,47.281,8.245,20,20,68,same_worker,166,3353005
yjit-on/puma-response-io-1024kb/raptor-3r/repeat-2,yjit-on,true,puma-response-io-1024kb,puma-response-time-wrk,puma/benchmarks/local/response_time_wrk,https://github.com/puma/puma/blob/main/benchmarks/local/response_time_wrk.rb,raptor-3r,3,raptor,3,,1000,1000,15.65,5.0,1000,1000,15.974,2.0,5,true,1000,0,63.897,43.021,45.692,47.808,3816.839,3921.142,52.785,52.777,8.83,20,20,229,same_worker,147,2773245
yjit-on/puma-response-array-2048kb/raptor-3r/repeat-2,yjit-on,true,puma-response-array-2048kb,puma-response-time-wrk,puma/benchmarks/local/response_time_wrk,https://github.com/puma/puma/blob/main/benchmarks/local/response_time_wrk.rb,raptor-3r,3,raptor,3,,1000,1000,14.858,5.0,1000,1000,15.466,2.0,5,true,1000,0,67.305,43.889,47.727,50.329,3764.401,3785.023,52.777,52.777,9.45,20,20,217,same_worker,30,720400
yjit-on/puma-response-chunk-2048kb/raptor-3r/repeat-2,yjit-on,true,puma-response-chunk-2048kb,puma-response-time-wrk,puma/benchmarks/local/response_time_wrk,https://github.com/puma/puma/blob/main/benchmarks/local/response_time_wrk.rb,raptor-3r,3,raptor,3,,1000,1000,14.75,5.0,1000,1000,15.31,2.0,5,true,1000,0,67.799,43.961,47.422,50.09,3718.091,3723.976,52.777,52.777,10.065,20,20,216,same_worker,30,715516
yjit-on/puma-response-string-2048kb/raptor-3r/repeat-2,yjit-on,true,puma-response-string-2048kb,puma-response-time-wrk,puma/benchmarks/local/response_time_wrk,https://github.com/puma/puma/blob/main/benchmarks/local/response_time_wrk.rb,raptor-3r,3,raptor,3,,3216,1000,5.007,5.0,1000,1302,2.01,2.0,5,true,3216,0,642.261,4.359,7.984,12.024,457.818,478.476,58.789,58.789,10.45,20,20,67,same_worker,102,2313614
yjit-on/puma-response-io-2048kb/raptor-3r/repeat-2,yjit-on,true,puma-response-io-2048kb,puma-response-time-wrk,puma/benchmarks/local/response_time_wrk,https://github.com/puma/puma/blob/main/benchmarks/local/response_time_wrk.rb,raptor-3r,3,raptor,3,,1000,1000,16.44,5.0,1000,1000,16.914,2.0,5,true,1000,0,60.828,45.737,50.94,62.142,4071.324,4077.015,65.773,65.625,11.435,20,20,240,same_worker,282,4821249
yjit-on/puma-long-tail-fib-200ms-x6p0/raptor-3r/repeat-2,yjit-on,true,puma-long-tail-fib-200ms-x6p0,puma-long-tail-hey,puma/benchmarks/local/long_tail_hey + test/rackup/sleep_fibonacci,https://github.com/puma/puma/blob/main/benchmarks/local/long_tail_hey.rb,raptor-3r,3,raptor,3,,363,360,29.011,5.0,360,360,28.756,2.0,18,true,363,0,12.513,241.803,243.342,19616.562,24406.992,24407.08,66.063,66.063,21.405,20,20,422,same_worker,3,66462
yjit-on/puma-long-tail-fib-200ms-x4p0/raptor-3r/repeat-2,yjit-on,true,puma-long-tail-fib-200ms-x4p0,puma-long-tail-hey,puma/benchmarks/local/long_tail_hey + test/rackup/sleep_fibonacci,https://github.com/puma/puma/blob/main/benchmarks/local/long_tail_hey.rb,raptor-3r,3,raptor,3,,243,240,19.417,5.0,240,240,19.163,2.0,12,true,243,0,12.515,241.75,242.815,12801.902,14817.62,14818.202,66.078,66.078,30.105,20,20,283,same_worker,2,42264
yjit-on/puma-long-tail-fib-200ms-x3p0/raptor-3r/repeat-2,yjit-on,true,puma-long-tail-fib-200ms-x3p0,puma-long-tail-hey,puma/benchmarks/local/long_tail_hey + test/rackup/sleep_fibonacci,https://github.com/puma/puma/blob/main/benchmarks/local/long_tail_hey.rb,raptor-3r,3,raptor,3,,183,180,14.625,5.0,180,180,14.366,2.0,9,true,183,0,12.513,241.796,242.713,10028.806,10028.99,10029.005,66.082,66.082,35.825,20,20,213,same_worker,2,32584
yjit-on/puma-long-tail-fib-200ms-x2p0/raptor-3r/repeat-2,yjit-on,true,puma-long-tail-fib-200ms-x2p0,puma-long-tail-hey,puma/benchmarks/local/long_tail_hey + test/rackup/sleep_fibonacci,https://github.com/puma/puma/blob/main/benchmarks/local/long_tail_hey.rb,raptor-3r,3,raptor,3,,123,120,9.828,5.0,120,120,9.582,2.0,6,true,123,0,12.516,241.739,242.438,5233.113,5234.235,5234.389,66.082,66.082,39.53,20,20,144,same_worker,1,22389
yjit-on/puma-long-tail-fib-200ms-x1p5/raptor-3r/repeat-2,yjit-on,true,puma-long-tail-fib-200ms-x1p5,puma-long-tail-hey,puma/benchmarks/local/long_tail_hey + test/rackup/sleep_fibonacci,https://github.com/puma/puma/blob/main/benchmarks/local/long_tail_hey.rb,raptor-3r,3,raptor,3,,103,100,9.824,5.0,100,100,9.579,2.0,5,true,103,0,10.485,241.575,242.325,5133.546,5235.088,5235.284,66.086,66.086,42.26,20,20,144,same_worker,1,20081
yjit-on/puma-long-tail-fib-200ms-x1p0/raptor-3r/repeat-2,yjit-on,true,puma-long-tail-fib-200ms-x1p0,puma-long-tail-hey,puma/benchmarks/local/long_tail_hey + test/rackup/sleep_fibonacci,https://github.com/puma/puma/blob/main/benchmarks/local/long_tail_hey.rb,raptor-3r,3,raptor,3,,63,60,5.036,5.0,60,60,4.791,2.0,3,true,63,0,12.511,241.697,242.43,242.714,242.901,242.921,66.086,66.086,43.93,20,20,74,same_worker,1,13142
yjit-on/puma-long-tail-fib-200ms-x0p5/raptor-3r/repeat-2,yjit-on,true,puma-long-tail-fib-200ms-x0p5,puma-long-tail-hey,puma/benchmarks/local/long_tail_hey + test/rackup/sleep_fibonacci,https://github.com/puma/puma/blob/main/benchmarks/local/long_tail_hey.rb,raptor-3r,3,raptor,3,,42,40,5.031,5.0,40,40,4.79,2.0,2,true,42,0,8.347,241.256,242.203,242.23,242.241,242.242,66.09,66.09,44.93,20,20,75,same_worker,0,6533
yjit-on/puma-sleep-fibonacci-1ms/raptor-3r/repeat-2,yjit-on,true,puma-sleep-fibonacci-1ms,puma-sleep-fibonacci-test,puma/benchmarks/local/sleep_fibonacci_test + test/rackup/sleep_fibonacci,https://github.com/puma/puma/blob/main/benchmarks/local/sleep_fibonacci_test.rb,raptor-3r,3,raptor,3,,122,10,5.005,5.0,10,49,2.019,2.0,1,true,122,0,24.376,41.961,42.087,42.676,42.937,42.957,66.121,66.121,44.91,20,20,74,same_worker,0,21673
yjit-on/puma-sleep-fibonacci-5ms/raptor-3r/repeat-2,yjit-on,true,puma-sleep-fibonacci-5ms,puma-sleep-fibonacci-test,puma/benchmarks/local/sleep_fibonacci_test + test/rackup/sleep_fibonacci,https://github.com/puma/puma/blob/main/benchmarks/local/sleep_fibonacci_test.rb,raptor-3r,3,raptor,3,,114,10,5.021,5.0,10,46,2.032,2.0,1,true,114,0,22.705,44.97,45.958,45.971,45.995,45.998,66.258,66.258,44.605,20,20,75,same_worker,1,20277
yjit-on/puma-sleep-fibonacci-10ms/raptor-3r/repeat-2,yjit-on,true,puma-sleep-fibonacci-10ms,puma-sleep-fibonacci-test,puma/benchmarks/local/sleep_fibonacci_test + test/rackup/sleep_fibonacci,https://github.com/puma/puma/blob/main/benchmarks/local/sleep_fibonacci_test.rb,raptor-3r,3,raptor,3,,97,10,5.01,5.0,10,40,2.039,2.0,1,true,97,0,19.361,51.965,52.835,52.987,52.99,52.991,66.324,66.324,44.355,20,20,74,same_worker,1,17300
yjit-on/puma-sleep-fibonacci-50ms/raptor-3r/repeat-2,yjit-on,true,puma-sleep-fibonacci-50ms,puma-sleep-fibonacci-test,puma/benchmarks/local/sleep_fibonacci_test + test/rackup/sleep_fibonacci,https://github.com/puma/puma/blob/main/benchmarks/local/sleep_fibonacci_test.rb,raptor-3r,3,raptor,3,,56,10,5.076,5.0,10,23,2.069,2.0,1,true,56,0,11.033,90.991,92.02,92.167,92.212,92.217,66.371,66.371,44.255,20,20,75,same_worker,0,10048
yjit-on/puma-sleep-fibonacci-100ms/raptor-3r/repeat-2,yjit-on,true,puma-sleep-fibonacci-100ms,puma-sleep-fibonacci-test,puma/benchmarks/local/sleep_fibonacci_test + test/rackup/sleep_fibonacci,https://github.com/puma/puma/blob/main/benchmarks/local/sleep_fibonacci_test.rb,raptor-3r,3,raptor,3,,36,10,5.05,5.0,10,15,2.084,2.0,1,true,36,0,7.129,140.983,142.009,142.102,142.13,142.133,66.375,66.375,44.3,20,20,75,same_worker,1,6570
yjit-on/puma-sleep-fibonacci-200ms/raptor-3r/repeat-2,yjit-on,true,puma-sleep-fibonacci-200ms,puma-sleep-fibonacci-test,puma/benchmarks/local/sleep_fibonacci_test + test/rackup/sleep_fibonacci,https://github.com/puma/puma/blob/main/benchmarks/local/sleep_fibonacci_test.rb,raptor-3r,3,raptor,3,,21,10,5.036,5.0,10,10,2.378,2.0,1,true,21,0,4.17,241.847,242.873,242.924,242.935,242.937,66.379,66.379,44.38,20,20,75,same_worker,0,3888
yjit-on/puma-response-array-1kb/raptor-3r/repeat-3,yjit-on,true,puma-response-array-1kb,puma-response-time-wrk,puma/benchmarks/local/response_time_wrk,https://github.com/puma/puma/blob/main/benchmarks/local/response_time_wrk.rb,raptor-3r,3,raptor,3,,1000,1000,16.113,5.0,1000,1000,16.159,2.0,5,true,1000,0,62.061,40.973,41.965,42.261,4030.32,4033.393,28.93,28.93,3.425,20,20,235,same_worker,30,720260
yjit-on/puma-response-chunk-1kb/raptor-3r/repeat-3,yjit-on,true,puma-response-chunk-1kb,puma-response-time-wrk,puma/benchmarks/local/response_time_wrk,https://github.com/puma/puma/blob/main/benchmarks/local/response_time_wrk.rb,raptor-3r,3,raptor,3,,1000,1000,16.109,5.0,1000,1000,16.157,2.0,5,true,1000,0,62.078,40.971,41.97,42.213,4024.331,4027.532,29.285,29.285,2.78,20,20,236,same_worker,30,716250
yjit-on/puma-response-string-1kb/raptor-3r/repeat-3,yjit-on,true,puma-response-string-1kb,puma-response-time-wrk,puma/benchmarks/local/response_time_wrk,https://github.com/puma/puma/blob/main/benchmarks/local/response_time_wrk.rb,raptor-3r,3,raptor,3,,1000,1000,16.111,5.0,1000,1000,16.146,2.0,5,true,1000,0,62.068,40.974,41.945,42.431,4029.735,4029.994,29.391,29.391,2.585,20,20,236,same_worker,31,719243
yjit-on/puma-response-io-1kb/raptor-3r/repeat-3,yjit-on,true,puma-response-io-1kb,puma-response-time-wrk,puma/benchmarks/local/response_time_wrk,https://github.com/puma/puma/blob/main/benchmarks/local/response_time_wrk.rb,raptor-3r,3,raptor,3,,1000,1000,16.122,5.0,1000,1000,16.169,2.0,5,true,1000,0,62.027,40.977,41.957,42.256,4027.851,4027.9,29.52,29.52,2.5,20,20,236,same_worker,31,727261
yjit-on/puma-response-array-10kb/raptor-3r/repeat-3,yjit-on,true,puma-response-array-10kb,puma-response-time-wrk,puma/benchmarks/local/response_time_wrk,https://github.com/puma/puma/blob/main/benchmarks/local/response_time_wrk.rb,raptor-3r,3,raptor,3,,1000,1000,16.121,5.0,1000,1000,16.149,2.0,5,true,1000,0,62.032,40.975,41.974,42.332,4029.483,4030.655,29.566,29.566,2.495,20,20,235,same_worker,32,719249
yjit-on/puma-response-chunk-10kb/raptor-3r/repeat-3,yjit-on,true,puma-response-chunk-10kb,puma-response-time-wrk,puma/benchmarks/local/response_time_wrk,https://github.com/puma/puma/blob/main/benchmarks/local/response_time_wrk.rb,raptor-3r,3,raptor,3,,1000,1000,16.11,5.0,1000,1000,16.148,2.0,5,true,1000,0,62.074,40.974,41.943,42.182,4026.97,4027.081,29.594,29.594,2.475,20,20,236,same_worker,31,716052
yjit-on/puma-response-string-10kb/raptor-3r/repeat-3,yjit-on,true,puma-response-string-10kb,puma-response-time-wrk,puma/benchmarks/local/response_time_wrk,https://github.com/puma/puma/blob/main/benchmarks/local/response_time_wrk.rb,raptor-3r,3,raptor,3,,1000,1000,16.116,5.0,1000,1000,16.14,2.0,5,true,1000,0,62.049,40.976,41.964,42.278,4029.497,4030.001,29.613,29.613,2.4,20,20,236,same_worker,33,719243
yjit-on/puma-response-io-10kb/raptor-3r/repeat-3,yjit-on,true,puma-response-io-10kb,puma-response-time-wrk,puma/benchmarks/local/response_time_wrk,https://github.com/puma/puma/blob/main/benchmarks/local/response_time_wrk.rb,raptor-3r,3,raptor,3,,1000,1000,16.118,5.0,1000,1000,16.175,2.0,5,true,1000,0,62.042,40.974,41.953,42.234,4028.398,4065.43,29.891,29.891,2.415,20,20,236,same_worker,34,745243
yjit-on/puma-response-array-100kb/raptor-3r/repeat-3,yjit-on,true,puma-response-array-100kb,puma-response-time-wrk,puma/benchmarks/local/response_time_wrk,https://github.com/puma/puma/blob/main/benchmarks/local/response_time_wrk.rb,raptor-3r,3,raptor,3,,1000,1000,14.284,5.0,1000,1000,15.062,2.0,5,true,1000,0,70.009,40.957,41.962,42.184,3751.907,3784.948,29.965,29.965,2.5,20,20,209,same_worker,33,719249
yjit-on/puma-response-chunk-100kb/raptor-3r/repeat-3,yjit-on,true,puma-response-chunk-100kb,puma-response-time-wrk,puma/benchmarks/local/response_time_wrk,https://github.com/puma/puma/blob/main/benchmarks/local/response_time_wrk.rb,raptor-3r,3,raptor,3,,1000,1000,14.695,5.0,1000,1000,14.623,2.0,5,true,1000,0,68.052,40.958,41.965,42.574,3830.067,3871.345,30.059,30.059,2.6,20,20,215,same_worker,33,716243
yjit-on/puma-response-string-100kb/raptor-3r/repeat-3,yjit-on,true,puma-response-string-100kb,puma-response-time-wrk,puma/benchmarks/local/response_time_wrk,https://github.com/puma/puma/blob/main/benchmarks/local/response_time_wrk.rb,raptor-3r,3,raptor,3,,12356,1000,5.002,5.0,1000,4992,2.002,2.0,5,true,12356,0,2470.341,1.087,2.063,6.355,119.172,133.419,30.496,30.496,3.745,20,20,72,same_worker,442,8885231
yjit-on/puma-response-io-100kb/raptor-3r/repeat-3,yjit-on,true,puma-response-io-100kb,puma-response-time-wrk,puma/benchmarks/local/response_time_wrk,https://github.com/puma/puma/blob/main/benchmarks/local/response_time_wrk.rb,raptor-3r,3,raptor,3,,1000,1000,14.833,5.0,1000,1000,13.66,2.0,5,true,1000,0,67.417,40.976,42.004,42.94,3647.417,3768.264,34.824,34.824,4.4,20,20,217,same_worker,51,925243
yjit-on/puma-response-array-256kb/raptor-3r/repeat-3,yjit-on,true,puma-response-array-256kb,puma-response-time-wrk,puma/benchmarks/local/response_time_wrk,https://github.com/puma/puma/blob/main/benchmarks/local/response_time_wrk.rb,raptor-3r,3,raptor,3,,1001,1000,7.818,5.0,1000,1000,7.128,2.0,5,true,1001,0,128.043,1.737,42.079,43.188,1836.386,2230.701,34.824,34.824,4.525,20,20,115,same_worker,39,719971
yjit-on/puma-response-chunk-256kb/raptor-3r/repeat-3,yjit-on,true,puma-response-chunk-256kb,puma-response-time-wrk,puma/benchmarks/local/response_time_wrk,https://github.com/puma/puma/blob/main/benchmarks/local/response_time_wrk.rb,raptor-3r,3,raptor,3,,1030,1000,5.586,5.0,1000,1000,8.049,2.0,5,true,1030,0,184.376,1.064,42.207,225.678,2145.459,2200.445,34.824,34.824,4.715,20,20,83,same_worker,41,738176
yjit-on/puma-response-string-256kb/raptor-3r/repeat-3,yjit-on,true,puma-response-string-256kb,puma-response-time-wrk,puma/benchmarks/local/response_time_wrk,https://github.com/puma/puma/blob/main/benchmarks/local/response_time_wrk.rb,raptor-3r,3,raptor,3,,8358,1000,5.019,5.0,1000,3522,2.002,2.0,5,true,8358,0,1665.235,1.476,3.216,40.928,186.884,207.188,35.152,35.152,5.49,20,20,71,same_worker,357,6009182
yjit-on/puma-response-io-256kb/raptor-3r/repeat-3,yjit-on,true,puma-response-io-256kb,puma-response-time-wrk,puma/benchmarks/local/response_time_wrk,https://github.com/puma/puma/blob/main/benchmarks/local/response_time_wrk.rb,raptor-3r,3,raptor,3,,1000,1000,10.009,5.0,1000,1000,10.248,2.0,5,true,1000,0,99.912,41.748,42.747,44.034,2736.831,3272.097,43.328,43.328,6.045,20,20,147,same_worker,57,1236121
yjit-on/puma-response-array-512kb/raptor-3r/repeat-3,yjit-on,true,puma-response-array-512kb,puma-response-time-wrk,puma/benchmarks/local/response_time_wrk,https://github.com/puma/puma/blob/main/benchmarks/local/response_time_wrk.rb,raptor-3r,3,raptor,3,,1000,1000,11.739,5.0,1000,1000,12.137,2.0,5,true,1000,0,85.186,41.894,42.946,43.993,2957.363,2990.379,43.328,43.328,6.2,20,20,172,same_worker,30,719243
yjit-on/puma-response-chunk-512kb/raptor-3r/repeat-3,yjit-on,true,puma-response-chunk-512kb,puma-response-time-wrk,puma/benchmarks/local/response_time_wrk,https://github.com/puma/puma/blob/main/benchmarks/local/response_time_wrk.rb,raptor-3r,3,raptor,3,,1000,1000,12.255,5.0,1000,1000,12.154,2.0,5,true,1000,0,81.6,41.914,43.021,44.091,2847.975,3155.093,43.328,43.328,6.375,20,20,179,same_worker,31,714892
yjit-on/puma-response-string-512kb/raptor-3r/repeat-3,yjit-on,true,puma-response-string-512kb,puma-response-time-wrk,puma/benchmarks/local/response_time_wrk,https://github.com/puma/puma/blob/main/benchmarks/local/response_time_wrk.rb,raptor-3r,3,raptor,3,,6366,1000,5.006,5.0,1000,2508,2.002,2.0,5,true,6366,0,1271.766,1.89,4.097,37.668,228.544,252.226,43.328,43.328,6.86,20,20,70,same_worker,206,4576478
yjit-on/puma-response-io-512kb/raptor-3r/repeat-3,yjit-on,true,puma-response-io-512kb,puma-response-time-wrk,puma/benchmarks/local/response_time_wrk,https://github.com/puma/puma/blob/main/benchmarks/local/response_time_wrk.rb,raptor-3r,3,raptor,3,,1000,1000,13.398,5.0,1000,1000,14.395,2.0,5,true,1000,0,74.639,41.966,43.832,44.554,3431.407,3489.374,47.008,47.008,7.36,20,20,196,same_worker,95,1747425
yjit-on/puma-response-array-1024kb/raptor-3r/repeat-3,yjit-on,true,puma-response-array-1024kb,puma-response-time-wrk,puma/benchmarks/local/response_time_wrk,https://github.com/puma/puma/blob/main/benchmarks/local/response_time_wrk.rb,raptor-3r,3,raptor,3,,1000,1000,13.1,5.0,1000,1000,15.232,2.0,5,true,1000,0,76.337,41.96,44.314,49.621,3220.824,3267.89,47.008,47.008,7.595,20,20,191,same_worker,33,719249
yjit-on/puma-response-chunk-1024kb/raptor-3r/repeat-3,yjit-on,true,puma-response-chunk-1024kb,puma-response-time-wrk,puma/benchmarks/local/response_time_wrk,https://github.com/puma/puma/blob/main/benchmarks/local/response_time_wrk.rb,raptor-3r,3,raptor,3,,1000,1000,14.278,5.0,1000,1000,14.83,2.0,5,true,1000,0,70.039,41.978,44.385,46.949,3474.097,3822.037,47.008,47.008,7.855,20,20,209,same_worker,34,715687
yjit-on/puma-response-string-1024kb/raptor-3r/repeat-3,yjit-on,true,puma-response-string-1024kb,puma-response-time-wrk,puma/benchmarks/local/response_time_wrk,https://github.com/puma/puma/blob/main/benchmarks/local/response_time_wrk.rb,raptor-3r,3,raptor,3,,4617,1000,5.004,5.0,1000,1959,2.004,2.0,5,true,4617,0,922.693,2.718,5.829,28.457,314.899,349.241,49.086,49.086,8.23,20,20,68,same_worker,163,3319735
yjit-on/puma-response-io-1024kb/raptor-3r/repeat-3,yjit-on,true,puma-response-io-1024kb,puma-response-time-wrk,puma/benchmarks/local/response_time_wrk,https://github.com/puma/puma/blob/main/benchmarks/local/response_time_wrk.rb,raptor-3r,3,raptor,3,,1000,1000,15.192,5.0,1000,1000,16.077,2.0,5,true,1000,0,65.822,43.209,46.347,48.077,3793.589,3936.141,53.578,53.578,8.9,20,20,222,same_worker,145,2773249
yjit-on/puma-response-array-2048kb/raptor-3r/repeat-3,yjit-on,true,puma-response-array-2048kb,puma-response-time-wrk,puma/benchmarks/local/response_time_wrk,https://github.com/puma/puma/blob/main/benchmarks/local/response_time_wrk.rb,raptor-3r,3,raptor,3,,1000,1000,15.188,5.0,1000,1000,15.111,2.0,5,true,1000,0,65.839,43.91,47.508,50.176,3824.219,3856.336,53.578,53.578,9.5,20,20,221,same_worker,31,719237
yjit-on/puma-response-chunk-2048kb/raptor-3r/repeat-3,yjit-on,true,puma-response-chunk-2048kb,puma-response-time-wrk,puma/benchmarks/local/response_time_wrk,https://github.com/puma/puma/blob/main/benchmarks/local/response_time_wrk.rb,raptor-3r,3,raptor,3,,1000,1000,14.812,5.0,1000,1000,15.213,2.0,5,true,1000,0,67.515,43.944,47.213,50.253,3728.359,3768.988,53.578,53.578,10.1,20,20,216,same_worker,31,717863
yjit-on/puma-response-string-2048kb/raptor-3r/repeat-3,yjit-on,true,puma-response-string-2048kb,puma-response-time-wrk,puma/benchmarks/local/response_time_wrk,https://github.com/puma/puma/blob/main/benchmarks/local/response_time_wrk.rb,raptor-3r,3,raptor,3,,3117,1000,5.006,5.0,1000,1330,2.006,2.0,5,true,3117,0,622.643,4.395,8.098,57.651,459.255,473.359,59.59,59.59,10.48,20,20,67,same_worker,99,2240820
yjit-on/puma-response-io-2048kb/raptor-3r/repeat-3,yjit-on,true,puma-response-io-2048kb,puma-response-time-wrk,puma/benchmarks/local/response_time_wrk,https://github.com/puma/puma/blob/main/benchmarks/local/response_time_wrk.rb,raptor-3r,3,raptor,3,,1000,1000,16.547,5.0,1000,1000,16.654,2.0,5,true,1000,0,60.433,45.798,51.535,71.425,4181.349,4204.946,63.641,63.641,11.54,20,20,241,same_worker,279,4820290
yjit-on/puma-long-tail-fib-200ms-x6p0/raptor-3r/repeat-3,yjit-on,true,puma-long-tail-fib-200ms-x6p0,puma-long-tail-hey,puma/benchmarks/local/long_tail_hey + test/rackup/sleep_fibonacci,https://github.com/puma/puma/blob/main/benchmarks/local/long_tail_hey.rb,raptor-3r,3,raptor,3,,363,360,29.01,5.0,360,360,28.763,2.0,18,true,363,0,12.513,241.879,243.002,19609.722,24403.268,24405.324,64.078,64.078,21.46,20,20,420,same_worker,2,61316
yjit-on/puma-long-tail-fib-200ms-x4p0/raptor-3r/repeat-3,yjit-on,true,puma-long-tail-fib-200ms-x4p0,puma-long-tail-hey,puma/benchmarks/local/long_tail_hey + test/rackup/sleep_fibonacci,https://github.com/puma/puma/blob/main/benchmarks/local/long_tail_hey.rb,raptor-3r,3,raptor,3,,243,240,19.426,5.0,240,240,19.18,2.0,12,true,243,0,12.509,241.829,243.082,12810.766,14826.173,14826.942,64.09,64.09,30.13,20,20,282,same_worker,2,44093
yjit-on/puma-long-tail-fib-200ms-x3p0/raptor-3r/repeat-3,yjit-on,true,puma-long-tail-fib-200ms-x3p0,puma-long-tail-hey,puma/benchmarks/local/long_tail_hey + test/rackup/sleep_fibonacci,https://github.com/puma/puma/blob/main/benchmarks/local/long_tail_hey.rb,raptor-3r,3,raptor,3,,183,180,14.622,5.0,180,180,14.388,2.0,9,true,183,0,12.516,241.723,242.964,10024.674,10024.938,10024.958,64.09,64.09,35.815,20,20,213,same_worker,1,31805
yjit-on/puma-long-tail-fib-200ms-x2p0/raptor-3r/repeat-3,yjit-on,true,puma-long-tail-fib-200ms-x2p0,puma-long-tail-hey,puma/benchmarks/local/long_tail_hey + test/rackup/sleep_fibonacci,https://github.com/puma/puma/blob/main/benchmarks/local/long_tail_hey.rb,raptor-3r,3,raptor,3,,123,120,9.83,5.0,120,120,9.593,2.0,6,true,123,0,12.513,241.782,242.577,5234.443,5235.09,5235.15,64.09,64.09,39.51,20,20,144,same_worker,1,22132
yjit-on/puma-long-tail-fib-200ms-x1p5/raptor-3r/repeat-3,yjit-on,true,puma-long-tail-fib-200ms-x1p5,puma-long-tail-hey,puma/benchmarks/local/long_tail_hey + test/rackup/sleep_fibonacci,https://github.com/puma/puma/blob/main/benchmarks/local/long_tail_hey.rb,raptor-3r,3,raptor,3,,103,100,9.824,5.0,100,100,9.592,2.0,5,true,103,0,10.485,241.538,242.323,5133.18,5233.603,5233.673,64.094,64.094,42.22,20,20,144,same_worker,0,16633
yjit-on/puma-long-tail-fib-200ms-x1p0/raptor-3r/repeat-3,yjit-on,true,puma-long-tail-fib-200ms-x1p0,puma-long-tail-hey,puma/benchmarks/local/long_tail_hey + test/rackup/sleep_fibonacci,https://github.com/puma/puma/blob/main/benchmarks/local/long_tail_hey.rb,raptor-3r,3,raptor,3,,63,60,5.037,5.0,60,60,4.797,2.0,3,true,63,0,12.508,241.582,242.268,242.477,242.637,242.655,64.094,64.094,43.88,20,20,74,same_worker,0,9403
yjit-on/puma-long-tail-fib-200ms-x0p5/raptor-3r/repeat-3,yjit-on,true,puma-long-tail-fib-200ms-x0p5,puma-long-tail-hey,puma/benchmarks/local/long_tail_hey + test/rackup/sleep_fibonacci,https://github.com/puma/puma/blob/main/benchmarks/local/long_tail_hey.rb,raptor-3r,3,raptor,3,,42,40,5.032,5.0,40,40,4.791,2.0,2,true,42,0,8.347,241.259,242.209,242.26,242.28,242.282,64.102,64.102,44.88,20,20,75,same_worker,1,9318
yjit-on/puma-sleep-fibonacci-1ms/raptor-3r/repeat-3,yjit-on,true,puma-sleep-fibonacci-1ms,puma-sleep-fibonacci-test,puma/benchmarks/local/sleep_fibonacci_test + test/rackup/sleep_fibonacci,https://github.com/puma/puma/blob/main/benchmarks/local/sleep_fibonacci_test.rb,raptor-3r,3,raptor,3,,122,10,5.012,5.0,10,49,2.018,2.0,1,true,122,0,24.341,41.964,42.941,42.973,42.999,43.003,64.129,64.129,44.865,20,20,74,same_worker,1,22366
yjit-on/puma-sleep-fibonacci-5ms/raptor-3r/repeat-3,yjit-on,true,puma-sleep-fibonacci-5ms,puma-sleep-fibonacci-test,puma/benchmarks/local/sleep_fibonacci_test + test/rackup/sleep_fibonacci,https://github.com/puma/puma/blob/main/benchmarks/local/sleep_fibonacci_test.rb,raptor-3r,3,raptor,3,,114,10,5.021,5.0,10,46,2.031,2.0,1,true,114,0,22.705,44.969,45.925,46.354,46.448,46.453,64.172,64.172,44.565,20,20,75,same_worker,1,18033
yjit-on/puma-sleep-fibonacci-10ms/raptor-3r/repeat-3,yjit-on,true,puma-sleep-fibonacci-10ms,puma-sleep-fibonacci-test,puma/benchmarks/local/sleep_fibonacci_test + test/rackup/sleep_fibonacci,https://github.com/puma/puma/blob/main/benchmarks/local/sleep_fibonacci_test.rb,raptor-3r,3,raptor,3,,97,10,5.011,5.0,10,40,2.039,2.0,1,true,97,0,19.358,51.967,52.948,52.969,52.979,52.98,64.207,64.207,44.315,20,20,75,same_worker,0,17264
yjit-on/puma-sleep-fibonacci-50ms/raptor-3r/repeat-3,yjit-on,true,puma-sleep-fibonacci-50ms,puma-sleep-fibonacci-test,puma/benchmarks/local/sleep_fibonacci_test + test/rackup/sleep_fibonacci,https://github.com/puma/puma/blob/main/benchmarks/local/sleep_fibonacci_test.rb,raptor-3r,3,raptor,3,,56,10,5.074,5.0,10,23,2.06,2.0,1,true,56,0,11.037,90.984,91.968,92.035,92.079,92.084,64.207,64.207,44.2,20,20,75,same_worker,1,10084
yjit-on/puma-sleep-fibonacci-100ms/raptor-3r/repeat-3,yjit-on,true,puma-sleep-fibonacci-100ms,puma-sleep-fibonacci-test,puma/benchmarks/local/sleep_fibonacci_test + test/rackup/sleep_fibonacci,https://github.com/puma/puma/blob/main/benchmarks/local/sleep_fibonacci_test.rb,raptor-3r,3,raptor,3,,36,10,5.062,5.0,10,15,2.085,2.0,1,true,36,0,7.112,141.943,142.235,142.75,142.82,142.828,64.211,64.211,44.2,20,20,75,same_worker,0,6528
yjit-on/puma-sleep-fibonacci-200ms/raptor-3r/repeat-3,yjit-on,true,puma-sleep-fibonacci-200ms,puma-sleep-fibonacci-test,puma/benchmarks/local/sleep_fibonacci_test + test/rackup/sleep_fibonacci,https://github.com/puma/puma/blob/main/benchmarks/local/sleep_fibonacci_test.rb,raptor-3r,3,raptor,3,,21,10,5.041,5.0,10,10,2.381,2.0,1,true,21,0,4.166,241.961,242.387,242.844,242.947,242.959,64.211,64.211,44.325,20,20,75,same_worker,1,3948
yjit-on/puma-response-array-1kb/puma-1w-3t/repeat-1,yjit-on,true,puma-response-array-1kb,puma-response-time-wrk,puma/benchmarks/local/response_time_wrk,https://github.com/puma/puma/blob/main/benchmarks/local/response_time_wrk.rb,puma-1w-3t,3,puma,1,3,17638,1000,5.001,5.0,1000,7015,2.001,2.0,5,true,17638,0,3526.726,1.334,1.967,2.468,3.144,4.967,67.895,67.395,87.435,20,20,72,multiprocess_sample_only,,
yjit-on/puma-response-chunk-1kb/puma-1w-3t/repeat-1,yjit-on,true,puma-response-chunk-1kb,puma-response-time-wrk,puma/benchmarks/local/response_time_wrk,https://github.com/puma/puma/blob/main/benchmarks/local/response_time_wrk.rb,puma-1w-3t,3,puma,1,3,17162,1000,5.001,5.0,1000,7033,2.001,2.0,5,true,17162,0,3431.43,1.37,2.054,2.545,3.162,4.419,68.047,67.875,85.395,20,20,72,multiprocess_sample_only,,
yjit-on/puma-response-string-1kb/puma-1w-3t/repeat-1,yjit-on,true,puma-response-string-1kb,puma-response-time-wrk,puma/benchmarks/local/response_time_wrk,https://github.com/puma/puma/blob/main/benchmarks/local/response_time_wrk.rb,puma-1w-3t,3,puma,1,3,17106,1000,5.001,5.0,1000,7115,2.001,2.0,5,true,17106,0,3420.395,1.365,2.063,2.599,3.248,4.666,68.004,67.824,84.715,20,20,71,multiprocess_sample_only,,
yjit-on/puma-response-io-1kb/puma-1w-3t/repeat-1,yjit-on,true,puma-response-io-1kb,puma-response-time-wrk,puma/benchmarks/local/response_time_wrk,https://github.com/puma/puma/blob/main/benchmarks/local/response_time_wrk.rb,puma-1w-3t,3,puma,1,3,17441,1000,5.001,5.0,1000,7134,2.001,2.0,5,true,17441,0,3487.304,1.351,2.009,2.487,3.248,3.842,68.008,68.008,86.645,20,20,72,multiprocess_sample_only,,
yjit-on/puma-response-array-10kb/puma-1w-3t/repeat-1,yjit-on,true,puma-response-array-10kb,puma-response-time-wrk,puma/benchmarks/local/response_time_wrk,https://github.com/puma/puma/blob/main/benchmarks/local/response_time_wrk.rb,puma-1w-3t,3,puma,1,3,17149,1000,5.001,5.0,1000,6932,2.001,2.0,5,true,17149,0,3429.184,1.369,2.092,2.57,3.116,4.028,69.832,69.668,87.155,20,20,72,multiprocess_sample_only,,
yjit-on/puma-response-chunk-10kb/puma-1w-3t/repeat-1,yjit-on,true,puma-response-chunk-10kb,puma-response-time-wrk,puma/benchmarks/local/response_time_wrk,https://github.com/puma/puma/blob/main/benchmarks/local/response_time_wrk.rb,puma-1w-3t,3,puma,1,3,14818,1000,5.001,5.0,1000,6125,2.001,2.0,5,true,14818,0,2962.756,1.578,2.445,3.049,3.834,4.552,69.699,69.699,86.48,20,20,71,multiprocess_sample_only,,
yjit-on/puma-response-string-10kb/puma-1w-3t/repeat-1,yjit-on,true,puma-response-string-10kb,puma-response-time-wrk,puma/benchmarks/local/response_time_wrk,https://github.com/puma/puma/blob/main/benchmarks/local/response_time_wrk.rb,puma-1w-3t,3,puma,1,3,17008,1000,5.001,5.0,1000,6989,2.001,2.0,5,true,17008,0,3400.609,1.374,2.131,2.635,3.31,3.831,69.941,69.941,86.035,20,20,72,multiprocess_sample_only,,
yjit-on/puma-response-io-10kb/puma-1w-3t/repeat-1,yjit-on,true,puma-response-io-10kb,puma-response-time-wrk,puma/benchmarks/local/response_time_wrk,https://github.com/puma/puma/blob/main/benchmarks/local/response_time_wrk.rb,puma-1w-3t,3,puma,1,3,16714,1000,5.002,5.0,1000,6853,2.001,2.0,5,true,16714,0,3341.302,1.397,2.193,2.708,3.53,5.534,72.898,72.668,86.82,20,20,73,multiprocess_sample_only,,
yjit-on/puma-response-array-100kb/puma-1w-3t/repeat-1,yjit-on,true,puma-response-array-100kb,puma-response-time-wrk,puma/benchmarks/local/response_time_wrk,https://github.com/puma/puma/blob/main/benchmarks/local/response_time_wrk.rb,puma-1w-3t,3,puma,1,3,13411,1000,5.001,5.0,1000,5338,2.001,2.0,5,true,13411,0,2681.492,1.755,2.512,3.349,3.97,4.552,81.82,80.156,86.77,20,20,71,multiprocess_sample_only,,
yjit-on/puma-response-chunk-100kb/puma-1w-3t/repeat-1,yjit-on,true,puma-response-chunk-100kb,puma-response-time-wrk,puma/benchmarks/local/response_time_wrk,https://github.com/puma/puma/blob/main/benchmarks/local/response_time_wrk.rb,puma-1w-3t,3,puma,1,3,7381,1000,5.003,5.0,1000,3036,2.003,2.0,5,true,7381,0,1475.247,3.296,4.327,6.2,6.875,7.699,76.238,75.402,85.19,20,20,67,multiprocess_sample_only,,
yjit-on/puma-response-string-100kb/puma-1w-3t/repeat-1,yjit-on,true,puma-response-string-100kb,puma-response-time-wrk,puma/benchmarks/local/response_time_wrk,https://github.com/puma/puma/blob/main/benchmarks/local/response_time_wrk.rb,puma-1w-3t,3,puma,1,3,13311,1000,5.002,5.0,1000,5461,2.001,2.0,5,true,13311,0,2661.38,1.768,2.507,3.363,3.89,4.77,81.652,80.75,84.05,20,20,71,multiprocess_sample_only,,
yjit-on/puma-response-io-100kb/puma-1w-3t/repeat-1,yjit-on,true,puma-response-io-100kb,puma-response-time-wrk,puma/benchmarks/local/response_time_wrk,https://github.com/puma/puma/blob/main/benchmarks/local/response_time_wrk.rb,puma-1w-3t,3,puma,1,3,13704,1000,5.036,5.0,1000,5482,2.019,2.0,5,true,13704,0,2721.379,1.405,2.282,3.479,42.41,43.301,71.641,71.516,83.605,20,20,72,multiprocess_sample_only,,
yjit-on/puma-response-array-256kb/puma-1w-3t/repeat-1,yjit-on,true,puma-response-array-256kb,puma-response-time-wrk,puma/benchmarks/local/response_time_wrk,https://github.com/puma/puma/blob/main/benchmarks/local/response_time_wrk.rb,puma-1w-3t,3,puma,1,3,9605,1000,5.004,5.0,1000,3948,2.002,2.0,5,true,9605,0,1919.59,2.206,4.079,6.543,21.512,24.182,102.52,100.992,83.155,20,20,70,multiprocess_sample_only,,
yjit-on/puma-response-chunk-256kb/puma-1w-3t/repeat-1,yjit-on,true,puma-response-chunk-256kb,puma-response-time-wrk,puma/benchmarks/local/response_time_wrk,https://github.com/puma/puma/blob/main/benchmarks/local/response_time_wrk.rb,puma-1w-3t,3,puma,1,3,4188,1000,5.006,5.0,1000,1691,2.004,2.0,5,true,4188,0,836.655,5.827,9.561,11.27,12.194,13.116,80.938,79.148,81.88,20,20,63,multiprocess_sample_only,,
yjit-on/puma-response-string-256kb/puma-1w-3t/repeat-1,yjit-on,true,puma-response-string-256kb,puma-response-time-wrk,puma/benchmarks/local/response_time_wrk,https://github.com/puma/puma/blob/main/benchmarks/local/response_time_wrk.rb,puma-1w-3t,3,puma,1,3,9320,1000,5.002,5.0,1000,3989,2.002,2.0,5,true,9320,0,1863.282,2.236,4.366,6.901,22.828,27.868,74.887,74.449,80.3,20,20,68,multiprocess_sample_only,,
yjit-on/puma-response-io-256kb/puma-1w-3t/repeat-1,yjit-on,true,puma-response-io-256kb,puma-response-time-wrk,puma/benchmarks/local/response_time_wrk,https://github.com/puma/puma/blob/main/benchmarks/local/response_time_wrk.rb,puma-1w-3t,3,puma,1,3,9653,1000,5.003,5.0,1000,4005,2.003,2.0,5,true,9653,0,1929.578,2.194,4.091,6.852,21.438,44.049,74.512,74.387,79.085,20,20,69,multiprocess_sample_only,,
yjit-on/puma-response-array-512kb/puma-1w-3t/repeat-1,yjit-on,true,puma-response-array-512kb,puma-response-time-wrk,puma/benchmarks/local/response_time_wrk,https://github.com/puma/puma/blob/main/benchmarks/local/response_time_wrk.rb,puma-1w-3t,3,puma,1,3,7339,1000,5.002,5.0,1000,3023,2.002,2.0,5,true,7339,0,1467.136,2.818,5.403,21.523,26.15,27.805,117.023,113.863,78.63,20,20,67,multiprocess_sample_only,,
yjit-on/puma-response-chunk-512kb/puma-1w-3t/repeat-1,yjit-on,true,puma-response-chunk-512kb,puma-response-time-wrk,puma/benchmarks/local/response_time_wrk,https://github.com/puma/puma/blob/main/benchmarks/local/response_time_wrk.rb,puma-1w-3t,3,puma,1,3,2358,1000,5.01,5.0,1000,1000,2.142,2.0,5,true,2358,0,470.656,10.372,17.484,19.708,21.745,24.502,85.996,84.652,77.705,20,20,55,multiprocess_sample_only,,
yjit-on/puma-response-string-512kb/puma-1w-3t/repeat-1,yjit-on,true,puma-response-string-512kb,puma-response-time-wrk,puma/benchmarks/local/response_time_wrk,https://github.com/puma/puma/blob/main/benchmarks/local/response_time_wrk.rb,puma-1w-3t,3,puma,1,3,7424,1000,5.003,5.0,1000,2949,2.003,2.0,5,true,7424,0,1484.019,2.77,5.489,21.57,25.922,27.344,82.543,82.543,76.495,20,20,66,multiprocess_sample_only,,
yjit-on/puma-response-io-512kb/puma-1w-3t/repeat-1,yjit-on,true,puma-response-io-512kb,puma-response-time-wrk,puma/benchmarks/local/response_time_wrk,https://github.com/puma/puma/blob/main/benchmarks/local/response_time_wrk.rb,puma-1w-3t,3,puma,1,3,7223,1000,5.003,5.0,1000,3056,2.002,2.0,5,true,7223,0,1443.772,2.81,5.833,21.519,26.793,31.582,82.621,82.621,75.25,20,20,67,multiprocess_sample_only,,
yjit-on/puma-response-array-1024kb/puma-1w-3t/repeat-1,yjit-on,true,puma-response-array-1024kb,puma-response-time-wrk,puma/benchmarks/local/response_time_wrk,https://github.com/puma/puma/blob/main/benchmarks/local/response_time_wrk.rb,puma-1w-3t,3,puma,1,3,4945,1000,5.004,5.0,1000,2033,2.003,2.0,5,true,4945,0,988.243,4.272,8.009,25.351,30.189,32.853,126.078,120.633,74.695,20,20,64,multiprocess_sample_only,,
yjit-on/puma-response-chunk-1024kb/puma-1w-3t/repeat-1,yjit-on,true,puma-response-chunk-1024kb,puma-response-time-wrk,puma/benchmarks/local/response_time_wrk,https://github.com/puma/puma/blob/main/benchmarks/local/response_time_wrk.rb,puma-1w-3t,3,puma,1,3,1264,1000,5.02,5.0,1000,1000,3.915,2.0,5,true,1264,0,251.815,19.352,32.423,36.11,37.315,41.088,86.52,85.586,73.72,20,20,46,multiprocess_sample_only,,
yjit-on/puma-response-string-1024kb/puma-1w-3t/repeat-1,yjit-on,true,puma-response-string-1024kb,puma-response-time-wrk,puma/benchmarks/local/response_time_wrk,https://github.com/puma/puma/blob/main/benchmarks/local/response_time_wrk.rb,puma-1w-3t,3,puma,1,3,4941,1000,5.005,5.0,1000,2020,2.003,2.0,5,true,4941,0,987.156,4.244,8.199,24.922,30.338,31.216,84.016,84.016,72.585,20,20,64,multiprocess_sample_only,,
yjit-on/puma-response-io-1024kb/puma-1w-3t/repeat-1,yjit-on,true,puma-response-io-1024kb,puma-response-time-wrk,puma/benchmarks/local/response_time_wrk,https://github.com/puma/puma/blob/main/benchmarks/local/response_time_wrk.rb,puma-1w-3t,3,puma,1,3,4806,1000,5.003,5.0,1000,2011,2.003,2.0,5,true,4806,0,960.568,4.368,8.553,24.849,30.819,40.245,84.078,84.078,71.165,20,20,64,multiprocess_sample_only,,
yjit-on/puma-response-array-2048kb/puma-1w-3t/repeat-1,yjit-on,true,puma-response-array-2048kb,puma-response-time-wrk,puma/benchmarks/local/response_time_wrk,https://github.com/puma/puma/blob/main/benchmarks/local/response_time_wrk.rb,puma-1w-3t,3,puma,1,3,3164,1000,5.006,5.0,1000,1310,2.009,2.0,5,true,3164,0,631.993,7.329,12.721,14.449,16.321,16.917,102.762,79.855,71.1,20,20,63,multiprocess_sample_only,,
yjit-on/puma-response-chunk-2048kb/puma-1w-3t/repeat-1,yjit-on,true,puma-response-chunk-2048kb,puma-response-time-wrk,puma/benchmarks/local/response_time_wrk,https://github.com/puma/puma/blob/main/benchmarks/local/response_time_wrk.rb,puma-1w-3t,3,puma,1,3,1000,1000,7.419,5.0,1000,1000,7.424,2.0,5,true,1000,0,134.798,36.646,54.447,66.982,69.112,69.127,89.414,84.801,70.04,20,20,50,multiprocess_sample_only,,
yjit-on/puma-response-string-2048kb/puma-1w-3t/repeat-1,yjit-on,true,puma-response-string-2048kb,puma-response-time-wrk,puma/benchmarks/local/response_time_wrk,https://github.com/puma/puma/blob/main/benchmarks/local/response_time_wrk.rb,puma-1w-3t,3,puma,1,3,3128,1000,5.006,5.0,1000,1276,2.007,2.0,5,true,3128,0,624.811,7.339,13.488,15.643,21.046,22.857,89.117,89.117,69.005,20,20,59,multiprocess_sample_only,,
yjit-on/puma-response-io-2048kb/puma-1w-3t/repeat-1,yjit-on,true,puma-response-io-2048kb,puma-response-time-wrk,puma/benchmarks/local/response_time_wrk,https://github.com/puma/puma/blob/main/benchmarks/local/response_time_wrk.rb,puma-1w-3t,3,puma,1,3,3320,1000,5.006,5.0,1000,1319,2.008,2.0,5,true,3320,0,663.201,7.025,12.581,14.353,16.937,20.573,89.117,89.117,67.71,20,20,60,multiprocess_sample_only,,
yjit-on/puma-long-tail-fib-200ms-x6p0/puma-1w-3t/repeat-1,yjit-on,true,puma-long-tail-fib-200ms-x6p0,puma-long-tail-hey,puma/benchmarks/local/long_tail_hey + test/rackup/sleep_fibonacci,https://github.com/puma/puma/blob/main/benchmarks/local/long_tail_hey.rb,puma-1w-3t,3,puma,1,3,360,360,50.886,5.0,360,360,50.881,2.0,18,true,360,0,7.075,2543.841,2546.861,2547.235,2547.529,2547.629,108.926,108.926,75.9,20,20,741,multiprocess_sample_only,,
yjit-on/puma-long-tail-fib-200ms-x4p0/puma-1w-3t/repeat-1,yjit-on,true,puma-long-tail-fib-200ms-x4p0,puma-long-tail-hey,puma/benchmarks/local/long_tail_hey + test/rackup/sleep_fibonacci,https://github.com/puma/puma/blob/main/benchmarks/local/long_tail_hey.rb,puma-1w-3t,3,puma,1,3,240,240,33.92,5.0,240,240,33.928,2.0,12,true,240,0,7.075,1695.654,1698.539,1699.014,1699.322,1699.407,108.988,105.031,81.03,20,20,495,multiprocess_sample_only,,
yjit-on/puma-long-tail-fib-200ms-x3p0/puma-1w-3t/repeat-1,yjit-on,true,puma-long-tail-fib-200ms-x3p0,puma-long-tail-hey,puma/benchmarks/local/long_tail_hey + test/rackup/sleep_fibonacci,https://github.com/puma/puma/blob/main/benchmarks/local/long_tail_hey.rb,puma-1w-3t,3,puma,1,3,180,180,25.439,5.0,180,180,25.44,2.0,9,true,180,0,7.076,1271.647,1274.567,1275.159,1275.642,1275.687,107.215,107.215,83.54,20,20,372,multiprocess_sample_only,,
yjit-on/puma-long-tail-fib-200ms-x2p0/puma-1w-3t/repeat-1,yjit-on,true,puma-long-tail-fib-200ms-x2p0,puma-long-tail-hey,puma/benchmarks/local/long_tail_hey + test/rackup/sleep_fibonacci,https://github.com/puma/puma/blob/main/benchmarks/local/long_tail_hey.rb,puma-1w-3t,3,puma,1,3,120,120,16.964,5.0,120,120,16.96,2.0,6,true,120,0,7.074,847.97,851.504,852.053,852.201,852.216,107.215,107.215,84.925,20,20,248,multiprocess_sample_only,,
yjit-on/puma-long-tail-fib-200ms-x1p5/puma-1w-3t/repeat-1,yjit-on,true,puma-long-tail-fib-200ms-x1p5,puma-long-tail-hey,puma/benchmarks/local/long_tail_hey + test/rackup/sleep_fibonacci,https://github.com/puma/puma/blob/main/benchmarks/local/long_tail_hey.rb,puma-1w-3t,3,puma,1,3,100,100,14.197,5.0,100,100,14.135,2.0,5,true,100,0,7.044,840.83,848.316,849.334,849.678,849.716,108.781,108.781,85.85,20,20,208,multiprocess_sample_only,,
yjit-on/puma-long-tail-fib-200ms-x1p0/puma-1w-3t/repeat-1,yjit-on,true,puma-long-tail-fib-200ms-x1p0,puma-long-tail-hey,puma/benchmarks/local/long_tail_hey + test/rackup/sleep_fibonacci,https://github.com/puma/puma/blob/main/benchmarks/local/long_tail_hey.rb,puma-1w-3t,3,puma,1,3,60,60,8.483,5.0,60,60,8.482,2.0,3,true,60,0,7.073,424.081,426.017,426.162,426.166,426.166,108.781,108.781,86.395,20,20,125,multiprocess_sample_only,,
yjit-on/puma-long-tail-fib-200ms-x0p5/puma-1w-3t/repeat-1,yjit-on,true,puma-long-tail-fib-200ms-x0p5,puma-long-tail-hey,puma/benchmarks/local/long_tail_hey + test/rackup/sleep_fibonacci,https://github.com/puma/puma/blob/main/benchmarks/local/long_tail_hey.rb,puma-1w-3t,3,puma,1,3,40,40,5.653,5.0,40,40,5.651,2.0,2,true,40,0,7.076,282.571,282.728,282.989,283.024,283.027,108.781,108.781,86.73,20,20,84,multiprocess_sample_only,,
yjit-on/puma-sleep-fibonacci-1ms/puma-1w-3t/repeat-1,yjit-on,true,puma-sleep-fibonacci-1ms,puma-sleep-fibonacci-test,puma/benchmarks/local/sleep_fibonacci_test + test/rackup/sleep_fibonacci,https://github.com/puma/puma/blob/main/benchmarks/local/sleep_fibonacci_test.rb,puma-1w-3t,3,puma,1,3,1947,10,5.002,5.0,10,787,2.002,2.0,1,true,1947,0,389.213,2.522,2.681,2.965,3.508,3.906,115.777,115.777,86.35,20,20,74,multiprocess_sample_only,,
yjit-on/puma-sleep-fibonacci-5ms/puma-1w-3t/repeat-1,yjit-on,true,puma-sleep-fibonacci-5ms,puma-sleep-fibonacci-test,puma/benchmarks/local/sleep_fibonacci_test + test/rackup/sleep_fibonacci,https://github.com/puma/puma/blob/main/benchmarks/local/sleep_fibonacci_test.rb,puma-1w-3t,3,puma,1,3,570,10,5.005,5.0,10,228,2.0,2.0,1,true,570,0,113.876,8.771,8.974,9.285,9.675,9.95,118.152,118.152,85.74,20,20,74,multiprocess_sample_only,,
yjit-on/puma-sleep-fibonacci-10ms/puma-1w-3t/repeat-1,yjit-on,true,puma-sleep-fibonacci-10ms,puma-sleep-fibonacci-test,puma/benchmarks/local/sleep_fibonacci_test + test/rackup/sleep_fibonacci,https://github.com/puma/puma/blob/main/benchmarks/local/sleep_fibonacci_test.rb,puma-1w-3t,3,puma,1,3,410,10,5.005,5.0,10,164,2.012,2.0,1,true,410,0,81.911,12.165,12.318,12.39,12.48,12.511,118.152,118.152,85.32,20,20,74,multiprocess_sample_only,,
yjit-on/puma-sleep-fibonacci-50ms/puma-1w-3t/repeat-1,yjit-on,true,puma-sleep-fibonacci-50ms,puma-sleep-fibonacci-test,puma/benchmarks/local/sleep_fibonacci_test + test/rackup/sleep_fibonacci,https://github.com/puma/puma/blob/main/benchmarks/local/sleep_fibonacci_test.rb,puma-1w-3t,3,puma,1,3,99,10,5.001,5.0,10,40,2.019,2.0,1,true,99,0,19.797,50.448,50.592,51.078,51.368,51.4,118.586,118.586,85.09,20,20,74,multiprocess_sample_only,,
yjit-on/puma-sleep-fibonacci-100ms/puma-1w-3t/repeat-1,yjit-on,true,puma-sleep-fibonacci-100ms,puma-sleep-fibonacci-test,puma/benchmarks/local/sleep_fibonacci_test + test/rackup/sleep_fibonacci,https://github.com/puma/puma/blob/main/benchmarks/local/sleep_fibonacci_test.rb,puma-1w-3t,3,puma,1,3,50,10,5.028,5.0,10,20,2.011,2.0,1,true,50,0,9.945,100.496,100.618,100.648,100.673,100.676,118.586,118.586,84.9,20,20,75,multiprocess_sample_only,,
yjit-on/puma-sleep-fibonacci-200ms/puma-1w-3t/repeat-1,yjit-on,true,puma-sleep-fibonacci-200ms,puma-sleep-fibonacci-test,puma/benchmarks/local/sleep_fibonacci_test + test/rackup/sleep_fibonacci,https://github.com/puma/puma/blob/main/benchmarks/local/sleep_fibonacci_test.rb,puma-1w-3t,3,puma,1,3,25,10,5.016,5.0,10,10,2.008,2.0,1,true,25,0,4.985,200.529,200.727,200.832,200.854,200.857,118.586,118.586,84.71,20,20,75,multiprocess_sample_only,,
yjit-on/puma-response-array-1kb/puma-1w-3t/repeat-2,yjit-on,true,puma-response-array-1kb,puma-response-time-wrk,puma/benchmarks/local/response_time_wrk,https://github.com/puma/puma/blob/main/benchmarks/local/response_time_wrk.rb,puma-1w-3t,3,puma,1,3,18060,1000,5.001,5.0,1000,7146,2.001,2.0,5,true,18060,0,3611.176,1.304,1.879,2.374,2.963,5.81,67.84,67.84,85.39,20,20,72,multiprocess_sample_only,,
yjit-on/puma-response-chunk-1kb/puma-1w-3t/repeat-2,yjit-on,true,puma-response-chunk-1kb,puma-response-time-wrk,puma/benchmarks/local/response_time_wrk,https://github.com/puma/puma/blob/main/benchmarks/local/response_time_wrk.rb,puma-1w-3t,3,puma,1,3,17452,1000,5.001,5.0,1000,7135,2.001,2.0,5,true,17452,0,3489.676,1.35,1.99,2.459,3.094,3.854,68.285,67.953,83.68,20,20,72,multiprocess_sample_only,,
yjit-on/puma-response-string-1kb/puma-1w-3t/repeat-2,yjit-on,true,puma-response-string-1kb,puma-response-time-wrk,puma/benchmarks/local/response_time_wrk,https://github.com/puma/puma/blob/main/benchmarks/local/response_time_wrk.rb,puma-1w-3t,3,puma,1,3,17716,1000,5.001,5.0,1000,7279,2.001,2.0,5,true,17716,0,3542.628,1.329,1.954,2.456,3.015,3.233,67.922,67.91,83.075,20,20,72,multiprocess_sample_only,,
yjit-on/puma-response-io-1kb/puma-1w-3t/repeat-2,yjit-on,true,puma-response-io-1kb,puma-response-time-wrk,puma/benchmarks/local/response_time_wrk,https://github.com/puma/puma/blob/main/benchmarks/local/response_time_wrk.rb,puma-1w-3t,3,puma,1,3,17927,1000,5.001,5.0,1000,7299,2.001,2.0,5,true,17927,0,3584.639,1.315,1.938,2.382,2.997,3.444,68.324,68.324,84.64,20,20,72,multiprocess_sample_only,,
yjit-on/puma-response-array-10kb/puma-1w-3t/repeat-2,yjit-on,true,puma-response-array-10kb,puma-response-time-wrk,puma/benchmarks/local/response_time_wrk,https://github.com/puma/puma/blob/main/benchmarks/local/response_time_wrk.rb,puma-1w-3t,3,puma,1,3,17987,1000,5.001,5.0,1000,7334,2.001,2.0,5,true,17987,0,3596.708,1.309,1.932,2.456,3.081,3.958,70.105,70.051,85.06,20,20,72,multiprocess_sample_only,,
yjit-on/puma-response-chunk-10kb/puma-1w-3t/repeat-2,yjit-on,true,puma-response-chunk-10kb,puma-response-time-wrk,puma/benchmarks/local/response_time_wrk,https://github.com/puma/puma/blob/main/benchmarks/local/response_time_wrk.rb,puma-1w-3t,3,puma,1,3,15720,1000,5.001,5.0,1000,6371,2.001,2.0,5,true,15720,0,3143.251,1.504,2.23,2.784,3.361,4.883,70.27,70.27,84.46,20,20,71,multiprocess_sample_only,,
yjit-on/puma-response-string-10kb/puma-1w-3t/repeat-2,yjit-on,true,puma-response-string-10kb,puma-response-time-wrk,puma/benchmarks/local/response_time_wrk,https://github.com/puma/puma/blob/main/benchmarks/local/response_time_wrk.rb,puma-1w-3t,3,puma,1,3,17915,1000,5.001,5.0,1000,7312,2.001,2.0,5,true,17915,0,3582.297,1.311,1.943,2.463,3.114,4.521,70.305,70.305,83.98,20,20,72,multiprocess_sample_only,,
yjit-on/puma-response-io-10kb/puma-1w-3t/repeat-2,yjit-on,true,puma-response-io-10kb,puma-response-time-wrk,puma/benchmarks/local/response_time_wrk,https://github.com/puma/puma/blob/main/benchmarks/local/response_time_wrk.rb,puma-1w-3t,3,puma,1,3,17563,1000,5.002,5.0,1000,7146,2.001,2.0,5,true,17563,0,3511.387,1.335,2.008,2.513,3.464,5.188,72.648,72.215,84.77,20,20,73,multiprocess_sample_only,,
yjit-on/puma-response-array-100kb/puma-1w-3t/repeat-2,yjit-on,true,puma-response-array-100kb,puma-response-time-wrk,puma/benchmarks/local/response_time_wrk,https://github.com/puma/puma/blob/main/benchmarks/local/response_time_wrk.rb,puma-1w-3t,3,puma,1,3,13918,1000,5.002,5.0,1000,5667,2.001,2.0,5,true,13918,0,2782.757,1.687,2.534,3.23,3.797,4.544,82.461,80.734,84.83,20,20,71,multiprocess_sample_only,,
yjit-on/puma-response-chunk-100kb/puma-1w-3t/repeat-2,yjit-on,true,puma-response-chunk-100kb,puma-response-time-wrk,puma/benchmarks/local/response_time_wrk,https://github.com/puma/puma/blob/main/benchmarks/local/response_time_wrk.rb,puma-1w-3t,3,puma,1,3,7407,1000,5.003,5.0,1000,3086,2.003,2.0,5,true,7407,0,1480.5,3.237,4.84,6.284,7.449,9.068,76.352,75.707,83.35,20,20,68,multiprocess_sample_only,,
yjit-on/puma-response-string-100kb/puma-1w-3t/repeat-2,yjit-on,true,puma-response-string-100kb,puma-response-time-wrk,puma/benchmarks/local/response_time_wrk,https://github.com/puma/puma/blob/main/benchmarks/local/response_time_wrk.rb,puma-1w-3t,3,puma,1,3,13685,1000,5.001,5.0,1000,5685,2.001,2.0,5,true,13685,0,2736.291,1.712,2.588,3.307,3.821,4.324,81.652,80.535,82.21,20,20,71,multiprocess_sample_only,,
yjit-on/puma-response-io-100kb/puma-1w-3t/repeat-2,yjit-on,true,puma-response-io-100kb,puma-response-time-wrk,puma/benchmarks/local/response_time_wrk,https://github.com/puma/puma/blob/main/benchmarks/local/response_time_wrk.rb,puma-1w-3t,3,puma,1,3,13666,1000,5.022,5.0,1000,5613,2.03,2.0,5,true,13666,0,2721.051,1.306,2.2,40.972,42.525,43.403,72.152,72.09,81.82,20,20,73,multiprocess_sample_only,,
yjit-on/puma-response-array-256kb/puma-1w-3t/repeat-2,yjit-on,true,puma-response-array-256kb,puma-response-time-wrk,puma/benchmarks/local/response_time_wrk,https://github.com/puma/puma/blob/main/benchmarks/local/response_time_wrk.rb,puma-1w-3t,3,puma,1,3,9860,1000,5.002,5.0,1000,4061,2.002,2.0,5,true,9860,0,1971.362,2.131,3.993,6.069,22.378,23.735,99.637,96.914,81.43,20,20,69,multiprocess_sample_only,,
yjit-on/puma-response-chunk-256kb/puma-1w-3t/repeat-2,yjit-on,true,puma-response-chunk-256kb,puma-response-time-wrk,puma/benchmarks/local/response_time_wrk,https://github.com/puma/puma/blob/main/benchmarks/local/response_time_wrk.rb,puma-1w-3t,3,puma,1,3,4175,1000,5.004,5.0,1000,1712,2.005,2.0,5,true,4175,0,834.255,5.778,9.89,11.096,12.023,13.845,80.008,79.863,80.35,20,20,63,multiprocess_sample_only,,
yjit-on/puma-response-string-256kb/puma-1w-3t/repeat-2,yjit-on,true,puma-response-string-256kb,puma-response-time-wrk,puma/benchmarks/local/response_time_wrk,https://github.com/puma/puma/blob/main/benchmarks/local/response_time_wrk.rb,puma-1w-3t,3,puma,1,3,10116,1000,5.002,5.0,1000,4147,2.002,2.0,5,true,10116,0,2022.393,2.097,3.914,6.073,21.513,24.202,72.996,72.996,78.9,20,20,69,multiprocess_sample_only,,
yjit-on/puma-response-io-256kb/puma-1w-3t/repeat-2,yjit-on,true,puma-response-io-256kb,puma-response-time-wrk,puma/benchmarks/local/response_time_wrk,https://github.com/puma/puma/blob/main/benchmarks/local/response_time_wrk.rb,puma-1w-3t,3,puma,1,3,10090,1000,5.002,5.0,1000,4110,2.002,2.0,5,true,10090,0,2017.268,2.096,3.942,6.151,21.843,43.96,72.871,72.871,77.735,20,20,69,multiprocess_sample_only,,
yjit-on/puma-response-array-512kb/puma-1w-3t/repeat-2,yjit-on,true,puma-response-array-512kb,puma-response-time-wrk,puma/benchmarks/local/response_time_wrk,https://github.com/puma/puma/blob/main/benchmarks/local/response_time_wrk.rb,puma-1w-3t,3,puma,1,3,7505,1000,5.003,5.0,1000,3019,2.004,2.0,5,true,7505,0,1500.165,2.727,5.272,22.407,26.609,210.029,118.816,109.504,77.275,20,20,68,multiprocess_sample_only,,
yjit-on/puma-response-chunk-512kb/puma-1w-3t/repeat-2,yjit-on,true,puma-response-chunk-512kb,puma-response-time-wrk,puma/benchmarks/local/response_time_wrk,https://github.com/puma/puma/blob/main/benchmarks/local/response_time_wrk.rb,puma-1w-3t,3,puma,1,3,2339,1000,5.01,5.0,1000,1000,2.105,2.0,5,true,2339,0,466.9,10.523,17.478,19.911,20.82,21.731,82.703,80.707,76.42,20,20,55,multiprocess_sample_only,,
yjit-on/puma-response-string-512kb/puma-1w-3t/repeat-2,yjit-on,true,puma-response-string-512kb,puma-response-time-wrk,puma/benchmarks/local/response_time_wrk,https://github.com/puma/puma/blob/main/benchmarks/local/response_time_wrk.rb,puma-1w-3t,3,puma,1,3,7389,1000,5.003,5.0,1000,3078,2.003,2.0,5,true,7389,0,1476.917,2.746,5.495,22.799,27.206,29.442,73.828,73.828,75.255,20,20,68,multiprocess_sample_only,,
yjit-on/puma-response-io-512kb/puma-1w-3t/repeat-2,yjit-on,true,puma-response-io-512kb,puma-response-time-wrk,puma/benchmarks/local/response_time_wrk,https://github.com/puma/puma/blob/main/benchmarks/local/response_time_wrk.rb,puma-1w-3t,3,puma,1,3,7484,1000,5.002,5.0,1000,3015,2.013,2.0,5,true,7484,0,1496.172,2.666,5.174,21.81,119.605,225.588,73.906,73.906,74.02,20,20,69,multiprocess_sample_only,,
yjit-on/puma-response-array-1024kb/puma-1w-3t/repeat-2,yjit-on,true,puma-response-array-1024kb,puma-response-time-wrk,puma/benchmarks/local/response_time_wrk,https://github.com/puma/puma/blob/main/benchmarks/local/response_time_wrk.rb,puma-1w-3t,3,puma,1,3,5077,1000,5.004,5.0,1000,2013,2.003,2.0,5,true,5077,0,1014.611,4.161,7.809,25.498,30.957,33.124,126.203,118.629,73.5,20,20,65,multiprocess_sample_only,,
yjit-on/puma-response-chunk-1024kb/puma-1w-3t/repeat-2,yjit-on,true,puma-response-chunk-1024kb,puma-response-time-wrk,puma/benchmarks/local/response_time_wrk,https://github.com/puma/puma/blob/main/benchmarks/local/response_time_wrk.rb,puma-1w-3t,3,puma,1,3,1248,1000,5.016,5.0,1000,1000,3.922,2.0,5,true,1248,0,248.792,19.429,32.552,36.511,39.07,41.789,84.082,82.504,72.65,20,20,45,multiprocess_sample_only,,
yjit-on/puma-response-string-1024kb/puma-1w-3t/repeat-2,yjit-on,true,puma-response-string-1024kb,puma-response-time-wrk,puma/benchmarks/local/response_time_wrk,https://github.com/puma/puma/blob/main/benchmarks/local/response_time_wrk.rb,puma-1w-3t,3,puma,1,3,4999,1000,5.003,5.0,1000,2039,2.003,2.0,5,true,4999,0,999.17,4.191,8.047,25.636,31.38,33.998,79.871,79.871,71.565,20,20,64,multiprocess_sample_only,,
yjit-on/puma-response-io-1024kb/puma-1w-3t/repeat-2,yjit-on,true,puma-response-io-1024kb,puma-response-time-wrk,puma/benchmarks/local/response_time_wrk,https://github.com/puma/puma/blob/main/benchmarks/local/response_time_wrk.rb,puma-1w-3t,3,puma,1,3,4905,1000,5.005,5.0,1000,2004,2.004,2.0,5,true,4905,0,980.102,4.279,8.247,25.529,30.497,214.417,79.871,79.871,70.18,20,20,65,multiprocess_sample_only,,
yjit-on/puma-response-array-2048kb/puma-1w-3t/repeat-2,yjit-on,true,puma-response-array-2048kb,puma-response-time-wrk,puma/benchmarks/local/response_time_wrk,https://github.com/puma/puma/blob/main/benchmarks/local/response_time_wrk.rb,puma-1w-3t,3,puma,1,3,3135,1000,5.006,5.0,1000,1255,2.007,2.0,5,true,3135,0,626.262,7.528,12.7,14.434,15.775,16.014,103.203,89.828,70.145,20,20,63,multiprocess_sample_only,,
yjit-on/puma-response-chunk-2048kb/puma-1w-3t/repeat-2,yjit-on,true,puma-response-chunk-2048kb,puma-response-time-wrk,puma/benchmarks/local/response_time_wrk,https://github.com/puma/puma/blob/main/benchmarks/local/response_time_wrk.rb,puma-1w-3t,3,puma,1,3,1000,1000,7.464,5.0,1000,1000,7.517,2.0,5,true,1000,0,133.971,36.782,59.982,67.559,68.736,68.856,90.875,85.227,69.23,20,20,50,multiprocess_sample_only,,
yjit-on/puma-response-string-2048kb/puma-1w-3t/repeat-2,yjit-on,true,puma-response-string-2048kb,puma-response-time-wrk,puma/benchmarks/local/response_time_wrk,https://github.com/puma/puma/blob/main/benchmarks/local/response_time_wrk.rb,puma-1w-3t,3,puma,1,3,3117,1000,5.009,5.0,1000,1272,2.008,2.0,5,true,3117,0,622.278,7.402,13.621,14.949,16.46,17.433,87.23,87.23,68.26,20,20,60,multiprocess_sample_only,,
yjit-on/puma-response-io-2048kb/puma-1w-3t/repeat-2,yjit-on,true,puma-response-io-2048kb,puma-response-time-wrk,puma/benchmarks/local/response_time_wrk,https://github.com/puma/puma/blob/main/benchmarks/local/response_time_wrk.rb,puma-1w-3t,3,puma,1,3,2918,1000,5.007,5.0,1000,1293,2.005,2.0,5,true,2918,0,582.738,8.23,14.551,16.452,17.168,17.693,87.23,87.23,66.96,20,20,59,multiprocess_sample_only,,
yjit-on/puma-long-tail-fib-200ms-x6p0/puma-1w-3t/repeat-2,yjit-on,true,puma-long-tail-fib-200ms-x6p0,puma-long-tail-hey,puma/benchmarks/local/long_tail_hey + test/rackup/sleep_fibonacci,https://github.com/puma/puma/blob/main/benchmarks/local/long_tail_hey.rb,puma-1w-3t,3,puma,1,3,360,360,50.89,5.0,360,360,50.901,2.0,18,true,360,0,7.074,2543.77,2547.915,2549.736,2550.631,2550.641,102.059,102.059,75.305,20,20,741,multiprocess_sample_only,,
yjit-on/puma-long-tail-fib-200ms-x4p0/puma-1w-3t/repeat-2,yjit-on,true,puma-long-tail-fib-200ms-x4p0,puma-long-tail-hey,puma/benchmarks/local/long_tail_hey + test/rackup/sleep_fibonacci,https://github.com/puma/puma/blob/main/benchmarks/local/long_tail_hey.rb,puma-1w-3t,3,puma,1,3,240,240,33.93,5.0,240,240,33.918,2.0,12,true,240,0,7.073,1696.245,1698.009,1698.431,1700.668,1701.022,108.375,108.375,80.58,20,20,494,multiprocess_sample_only,,
yjit-on/puma-long-tail-fib-200ms-x3p0/puma-1w-3t/repeat-2,yjit-on,true,puma-long-tail-fib-200ms-x3p0,puma-long-tail-hey,puma/benchmarks/local/long_tail_hey + test/rackup/sleep_fibonacci,https://github.com/puma/puma/blob/main/benchmarks/local/long_tail_hey.rb,puma-1w-3t,3,puma,1,3,180,180,25.441,5.0,180,180,25.439,2.0,9,true,180,0,7.075,1271.849,1274.858,1275.067,1275.257,1275.276,110.438,110.438,83.165,20,20,371,multiprocess_sample_only,,
yjit-on/puma-long-tail-fib-200ms-x2p0/puma-1w-3t/repeat-2,yjit-on,true,puma-long-tail-fib-200ms-x2p0,puma-long-tail-hey,puma/benchmarks/local/long_tail_hey + test/rackup/sleep_fibonacci,https://github.com/puma/puma/blob/main/benchmarks/local/long_tail_hey.rb,puma-1w-3t,3,puma,1,3,120,120,16.968,5.0,120,120,16.958,2.0,6,true,120,0,7.072,848.079,852.054,852.211,852.997,853.103,114.039,114.039,84.58,20,20,248,multiprocess_sample_only,,
yjit-on/puma-long-tail-fib-200ms-x1p5/puma-1w-3t/repeat-2,yjit-on,true,puma-long-tail-fib-200ms-x1p5,puma-long-tail-hey,puma/benchmarks/local/long_tail_hey + test/rackup/sleep_fibonacci,https://github.com/puma/puma/blob/main/benchmarks/local/long_tail_hey.rb,puma-1w-3t,3,puma,1,3,100,100,14.138,5.0,100,100,14.136,2.0,5,true,100,0,7.073,840.885,848.27,848.574,848.61,848.614,114.039,114.039,85.52,20,20,207,multiprocess_sample_only,,
yjit-on/puma-long-tail-fib-200ms-x1p0/puma-1w-3t/repeat-2,yjit-on,true,puma-long-tail-fib-200ms-x1p0,puma-long-tail-hey,puma/benchmarks/local/long_tail_hey + test/rackup/sleep_fibonacci,https://github.com/puma/puma/blob/main/benchmarks/local/long_tail_hey.rb,puma-1w-3t,3,puma,1,3,60,60,8.481,5.0,60,60,8.48,2.0,3,true,60,0,7.074,424.036,425.294,425.979,426.169,426.19,114.039,114.039,86.09,20,20,125,multiprocess_sample_only,,
yjit-on/puma-long-tail-fib-200ms-x0p5/puma-1w-3t/repeat-2,yjit-on,true,puma-long-tail-fib-200ms-x0p5,puma-long-tail-hey,puma/benchmarks/local/long_tail_hey + test/rackup/sleep_fibonacci,https://github.com/puma/puma/blob/main/benchmarks/local/long_tail_hey.rb,puma-1w-3t,3,puma,1,3,40,40,5.653,5.0,40,40,5.653,2.0,2,true,40,0,7.076,282.577,282.714,282.954,282.968,282.97,114.039,114.039,86.425,20,20,84,multiprocess_sample_only,,
yjit-on/puma-sleep-fibonacci-1ms/puma-1w-3t/repeat-2,yjit-on,true,puma-sleep-fibonacci-1ms,puma-sleep-fibonacci-test,puma/benchmarks/local/sleep_fibonacci_test + test/rackup/sleep_fibonacci,https://github.com/puma/puma/blob/main/benchmarks/local/sleep_fibonacci_test.rb,puma-1w-3t,3,puma,1,3,1934,10,5.002,5.0,10,781,2.001,2.0,1,true,1934,0,386.621,2.533,2.72,3.021,3.648,3.79,116.539,116.539,86.05,20,20,74,multiprocess_sample_only,,
yjit-on/puma-sleep-fibonacci-5ms/puma-1w-3t/repeat-2,yjit-on,true,puma-sleep-fibonacci-5ms,puma-sleep-fibonacci-test,puma/benchmarks/local/sleep_fibonacci_test + test/rackup/sleep_fibonacci,https://github.com/puma/puma/blob/main/benchmarks/local/sleep_fibonacci_test.rb,puma-1w-3t,3,puma,1,3,565,10,5.008,5.0,10,227,2.005,2.0,1,true,565,0,112.812,8.825,9.059,9.312,9.696,9.836,117.664,117.664,85.445,20,20,74,multiprocess_sample_only,,
yjit-on/puma-sleep-fibonacci-10ms/puma-1w-3t/repeat-2,yjit-on,true,puma-sleep-fibonacci-10ms,puma-sleep-fibonacci-test,puma/benchmarks/local/sleep_fibonacci_test + test/rackup/sleep_fibonacci,https://github.com/puma/puma/blob/main/benchmarks/local/sleep_fibonacci_test.rb,puma-1w-3t,3,puma,1,3,408,10,5.004,5.0,10,164,2.01,2.0,1,true,408,0,81.528,12.211,12.395,12.518,13.32,13.332,120.957,120.957,85.025,20,20,74,multiprocess_sample_only,,
yjit-on/puma-sleep-fibonacci-50ms/puma-1w-3t/repeat-2,yjit-on,true,puma-sleep-fibonacci-50ms,puma-sleep-fibonacci-test,puma/benchmarks/local/sleep_fibonacci_test + test/rackup/sleep_fibonacci,https://github.com/puma/puma/blob/main/benchmarks/local/sleep_fibonacci_test.rb,puma-1w-3t,3,puma,1,3,99,10,5.002,5.0,10,40,2.02,2.0,1,true,99,0,19.791,50.476,50.605,50.614,50.67,50.677,120.961,120.961,84.79,20,20,74,multiprocess_sample_only,,
yjit-on/puma-sleep-fibonacci-100ms/puma-1w-3t/repeat-2,yjit-on,true,puma-sleep-fibonacci-100ms,puma-sleep-fibonacci-test,puma/benchmarks/local/sleep_fibonacci_test + test/rackup/sleep_fibonacci,https://github.com/puma/puma/blob/main/benchmarks/local/sleep_fibonacci_test.rb,puma-1w-3t,3,puma,1,3,50,10,5.029,5.0,10,20,2.016,2.0,1,true,50,0,9.942,100.519,100.651,100.678,100.691,100.692,120.961,120.961,84.605,20,20,75,multiprocess_sample_only,,
yjit-on/puma-sleep-fibonacci-200ms/puma-1w-3t/repeat-2,yjit-on,true,puma-sleep-fibonacci-200ms,puma-sleep-fibonacci-test,puma/benchmarks/local/sleep_fibonacci_test + test/rackup/sleep_fibonacci,https://github.com/puma/puma/blob/main/benchmarks/local/sleep_fibonacci_test.rb,puma-1w-3t,3,puma,1,3,25,10,5.016,5.0,10,10,2.008,2.0,1,true,25,0,4.984,200.55,200.669,200.786,200.819,200.823,120.965,120.965,84.42,20,20,74,multiprocess_sample_only,,
yjit-on/puma-response-array-1kb/puma-1w-3t/repeat-3,yjit-on,true,puma-response-array-1kb,puma-response-time-wrk,puma/benchmarks/local/response_time_wrk,https://github.com/puma/puma/blob/main/benchmarks/local/response_time_wrk.rb,puma-1w-3t,3,puma,1,3,17227,1000,5.001,5.0,1000,6842,2.001,2.0,5,true,17227,0,3444.744,1.365,2.019,2.532,3.076,6.408,67.699,67.617,86.82,20,20,72,multiprocess_sample_only,,
yjit-on/puma-response-chunk-1kb/puma-1w-3t/repeat-3,yjit-on,true,puma-response-chunk-1kb,puma-response-time-wrk,puma/benchmarks/local/response_time_wrk,https://github.com/puma/puma/blob/main/benchmarks/local/response_time_wrk.rb,puma-1w-3t,3,puma,1,3,16750,1000,5.001,5.0,1000,6861,2.001,2.0,5,true,16750,0,3349.375,1.395,2.11,2.658,3.195,4.088,67.898,67.781,84.56,20,20,72,multiprocess_sample_only,,
yjit-on/puma-response-string-1kb/puma-1w-3t/repeat-3,yjit-on,true,puma-response-string-1kb,puma-response-time-wrk,puma/benchmarks/local/response_time_wrk,https://github.com/puma/puma/blob/main/benchmarks/local/response_time_wrk.rb,puma-1w-3t,3,puma,1,3,17273,1000,5.001,5.0,1000,7059,2.001,2.0,5,true,17273,0,3453.858,1.359,2.023,2.532,3.129,3.75,67.914,67.914,83.845,20,20,72,multiprocess_sample_only,,
yjit-on/puma-response-io-1kb/puma-1w-3t/repeat-3,yjit-on,true,puma-response-io-1kb,puma-response-time-wrk,puma/benchmarks/local/response_time_wrk,https://github.com/puma/puma/blob/main/benchmarks/local/response_time_wrk.rb,puma-1w-3t,3,puma,1,3,16948,1000,5.001,5.0,1000,7018,2.001,2.0,5,true,16948,0,3388.656,1.389,2.065,2.569,3.17,4.645,68.027,68.027,85.57,20,20,73,multiprocess_sample_only,,
yjit-on/puma-response-array-10kb/puma-1w-3t/repeat-3,yjit-on,true,puma-response-array-10kb,puma-response-time-wrk,puma/benchmarks/local/response_time_wrk,https://github.com/puma/puma/blob/main/benchmarks/local/response_time_wrk.rb,puma-1w-3t,3,puma,1,3,16965,1000,5.002,5.0,1000,6904,2.001,2.0,5,true,16965,0,3391.975,1.381,2.118,2.591,3.295,4.02,69.988,69.891,85.965,20,20,72,multiprocess_sample_only,,
yjit-on/puma-response-chunk-10kb/puma-1w-3t/repeat-3,yjit-on,true,puma-response-chunk-10kb,puma-response-time-wrk,puma/benchmarks/local/response_time_wrk,https://github.com/puma/puma/blob/main/benchmarks/local/response_time_wrk.rb,puma-1w-3t,3,puma,1,3,15461,1000,5.001,5.0,1000,6291,2.001,2.0,5,true,15461,0,3091.308,1.528,2.248,2.855,3.476,4.254,69.973,69.973,85.265,20,20,72,multiprocess_sample_only,,
yjit-on/puma-response-string-10kb/puma-1w-3t/repeat-3,yjit-on,true,puma-response-string-10kb,puma-response-time-wrk,puma/benchmarks/local/response_time_wrk,https://github.com/puma/puma/blob/main/benchmarks/local/response_time_wrk.rb,puma-1w-3t,3,puma,1,3,17412,1000,5.001,5.0,1000,7167,2.001,2.0,5,true,17412,0,3481.643,1.348,2.041,2.528,3.117,3.864,70.016,69.969,84.705,20,20,72,multiprocess_sample_only,,
yjit-on/puma-response-io-10kb/puma-1w-3t/repeat-3,yjit-on,true,puma-response-io-10kb,puma-response-time-wrk,puma/benchmarks/local/response_time_wrk,https://github.com/puma/puma/blob/main/benchmarks/local/response_time_wrk.rb,puma-1w-3t,3,puma,1,3,17170,1000,5.001,5.0,1000,7081,2.002,2.0,5,true,17170,0,3433.191,1.369,2.05,2.547,3.205,4.833,72.691,72.512,85.5,20,20,72,multiprocess_sample_only,,
yjit-on/puma-response-array-100kb/puma-1w-3t/repeat-3,yjit-on,true,puma-response-array-100kb,puma-response-time-wrk,puma/benchmarks/local/response_time_wrk,https://github.com/puma/puma/blob/main/benchmarks/local/response_time_wrk.rb,puma-1w-3t,3,puma,1,3,13475,1000,5.001,5.0,1000,5487,2.001,2.0,5,true,13475,0,2694.271,1.734,2.77,3.365,3.923,4.329,82.066,81.113,85.625,20,20,71,multiprocess_sample_only,,
yjit-on/puma-response-chunk-100kb/puma-1w-3t/repeat-3,yjit-on,true,puma-response-chunk-100kb,puma-response-time-wrk,puma/benchmarks/local/response_time_wrk,https://github.com/puma/puma/blob/main/benchmarks/local/response_time_wrk.rb,puma-1w-3t,3,puma,1,3,7303,1000,5.003,5.0,1000,3019,2.003,2.0,5,true,7303,0,1459.832,3.312,4.485,6.372,7.315,8.582,76.574,75.867,84.195,20,20,67,multiprocess_sample_only,,
yjit-on/puma-response-string-100kb/puma-1w-3t/repeat-3,yjit-on,true,puma-response-string-100kb,puma-response-time-wrk,puma/benchmarks/local/response_time_wrk,https://github.com/puma/puma/blob/main/benchmarks/local/response_time_wrk.rb,puma-1w-3t,3,puma,1,3,13498,1000,5.001,5.0,1000,5560,2.002,2.0,5,true,13498,0,2698.862,1.725,2.782,3.387,4.093,4.983,81.637,80.105,83.02,20,20,71,multiprocess_sample_only,,
yjit-on/puma-response-io-100kb/puma-1w-3t/repeat-3,yjit-on,true,puma-response-io-100kb,puma-response-time-wrk,puma/benchmarks/local/response_time_wrk,https://github.com/puma/puma/blob/main/benchmarks/local/response_time_wrk.rb,puma-1w-3t,3,puma,1,3,13716,1000,5.037,5.0,1000,5605,2.002,2.0,5,true,13716,0,2723.023,1.338,2.244,35.17,42.578,44.357,72.621,72.434,82.695,20,20,73,multiprocess_sample_only,,
yjit-on/puma-response-array-256kb/puma-1w-3t/repeat-3,yjit-on,true,puma-response-array-256kb,puma-response-time-wrk,puma/benchmarks/local/response_time_wrk,https://github.com/puma/puma/blob/main/benchmarks/local/response_time_wrk.rb,puma-1w-3t,3,puma,1,3,9167,1000,5.002,5.0,1000,3884,2.011,2.0,5,true,9167,0,1832.652,2.291,4.286,7.488,24.166,26.64,101.148,101.148,82.165,20,20,69,multiprocess_sample_only,,
yjit-on/puma-response-chunk-256kb/puma-1w-3t/repeat-3,yjit-on,true,puma-response-chunk-256kb,puma-response-time-wrk,puma/benchmarks/local/response_time_wrk,https://github.com/puma/puma/blob/main/benchmarks/local/response_time_wrk.rb,puma-1w-3t,3,puma,1,3,4055,1000,5.006,5.0,1000,1627,2.005,2.0,5,true,4055,0,810.088,5.937,10.101,11.712,13.125,14.661,80.023,79.316,80.96,20,20,62,multiprocess_sample_only,,
yjit-on/puma-response-string-256kb/puma-1w-3t/repeat-3,yjit-on,true,puma-response-string-256kb,puma-response-time-wrk,puma/benchmarks/local/response_time_wrk,https://github.com/puma/puma/blob/main/benchmarks/local/response_time_wrk.rb,puma-1w-3t,3,puma,1,3,9628,1000,5.002,5.0,1000,3983,2.002,2.0,5,true,9628,0,1924.907,2.192,4.107,6.45,24.02,25.308,74.992,74.93,79.56,20,20,68,multiprocess_sample_only,,
yjit-on/puma-response-io-256kb/puma-1w-3t/repeat-3,yjit-on,true,puma-response-io-256kb,puma-response-time-wrk,puma/benchmarks/local/response_time_wrk,https://github.com/puma/puma/blob/main/benchmarks/local/response_time_wrk.rb,puma-1w-3t,3,puma,1,3,9599,1000,5.002,5.0,1000,3952,2.002,2.0,5,true,9599,0,1918.899,2.185,4.14,6.793,24.167,25.827,75.242,74.93,78.25,20,20,68,multiprocess_sample_only,,
yjit-on/puma-response-array-512kb/puma-1w-3t/repeat-3,yjit-on,true,puma-response-array-512kb,puma-response-time-wrk,puma/benchmarks/local/response_time_wrk,https://github.com/puma/puma/blob/main/benchmarks/local/response_time_wrk.rb,puma-1w-3t,3,puma,1,3,7408,1000,5.003,5.0,1000,2969,2.002,2.0,5,true,7408,0,1480.755,2.78,5.287,23.578,28.053,33.93,121.43,121.43,77.88,20,20,68,multiprocess_sample_only,,
yjit-on/puma-response-chunk-512kb/puma-1w-3t/repeat-3,yjit-on,true,puma-response-chunk-512kb,puma-response-time-wrk,puma/benchmarks/local/response_time_wrk,https://github.com/puma/puma/blob/main/benchmarks/local/response_time_wrk.rb,puma-1w-3t,3,puma,1,3,2295,1000,5.009,5.0,1000,1000,2.137,2.0,5,true,2295,0,458.159,10.608,18.1,20.369,21.362,21.775,83.039,81.051,76.98,20,20,55,multiprocess_sample_only,,
yjit-on/puma-response-string-512kb/puma-1w-3t/repeat-3,yjit-on,true,puma-response-string-512kb,puma-response-time-wrk,puma/benchmarks/local/response_time_wrk,https://github.com/puma/puma/blob/main/benchmarks/local/response_time_wrk.rb,puma-1w-3t,3,puma,1,3,7313,1000,5.004,5.0,1000,2923,2.002,2.0,5,true,7313,0,1461.461,2.768,5.633,24.561,28.814,29.505,80.609,80.609,75.81,20,20,66,multiprocess_sample_only,,
yjit-on/puma-response-io-512kb/puma-1w-3t/repeat-3,yjit-on,true,puma-response-io-512kb,puma-response-time-wrk,puma/benchmarks/local/response_time_wrk,https://github.com/puma/puma/blob/main/benchmarks/local/response_time_wrk.rb,puma-1w-3t,3,puma,1,3,7270,1000,5.003,5.0,1000,2946,2.002,2.0,5,true,7270,0,1453.135,2.799,5.577,23.835,27.949,205.215,80.672,80.672,74.625,20,20,67,multiprocess_sample_only,,
yjit-on/puma-response-array-1024kb/puma-1w-3t/repeat-3,yjit-on,true,puma-response-array-1024kb,puma-response-time-wrk,puma/benchmarks/local/response_time_wrk,https://github.com/puma/puma/blob/main/benchmarks/local/response_time_wrk.rb,puma-1w-3t,3,puma,1,3,4964,1000,5.004,5.0,1000,1967,2.003,2.0,5,true,4964,0,991.917,4.253,7.993,27.315,31.837,32.815,125.426,121.758,74.1,20,20,65,multiprocess_sample_only,,
yjit-on/puma-response-chunk-1024kb/puma-1w-3t/repeat-3,yjit-on,true,puma-response-chunk-1024kb,puma-response-time-wrk,puma/benchmarks/local/response_time_wrk,https://github.com/puma/puma/blob/main/benchmarks/local/response_time_wrk.rb,puma-1w-3t,3,puma,1,3,1275,1000,5.022,5.0,1000,1000,3.932,2.0,5,true,1275,0,253.873,19.307,32.849,36.406,37.0,37.026,85.859,84.055,73.185,20,20,46,multiprocess_sample_only,,
yjit-on/puma-response-string-1024kb/puma-1w-3t/repeat-3,yjit-on,true,puma-response-string-1024kb,puma-response-time-wrk,puma/benchmarks/local/response_time_wrk,https://github.com/puma/puma/blob/main/benchmarks/local/response_time_wrk.rb,puma-1w-3t,3,puma,1,3,4946,1000,5.004,5.0,1000,1910,2.004,2.0,5,true,4946,0,988.397,4.203,8.266,27.577,33.487,37.657,86.555,86.555,72.09,20,20,64,multiprocess_sample_only,,
yjit-on/puma-response-io-1024kb/puma-1w-3t/repeat-3,yjit-on,true,puma-response-io-1024kb,puma-response-time-wrk,puma/benchmarks/local/response_time_wrk,https://github.com/puma/puma/blob/main/benchmarks/local/response_time_wrk.rb,puma-1w-3t,3,puma,1,3,4717,1000,5.004,5.0,1000,1967,2.026,2.0,5,true,4717,0,942.588,4.374,8.647,27.395,32.945,217.559,86.617,86.617,70.72,20,20,64,multiprocess_sample_only,,
yjit-on/puma-response-array-2048kb/puma-1w-3t/repeat-3,yjit-on,true,puma-response-array-2048kb,puma-response-time-wrk,puma/benchmarks/local/response_time_wrk,https://github.com/puma/puma/blob/main/benchmarks/local/response_time_wrk.rb,puma-1w-3t,3,puma,1,3,3343,1000,5.007,5.0,1000,1294,2.007,2.0,5,true,3343,0,667.637,7.137,11.723,13.822,31.534,36.478,133.391,110.551,70.745,20,20,67,multiprocess_sample_only,,
yjit-on/puma-response-chunk-2048kb/puma-1w-3t/repeat-3,yjit-on,true,puma-response-chunk-2048kb,puma-response-time-wrk,puma/benchmarks/local/response_time_wrk,https://github.com/puma/puma/blob/main/benchmarks/local/response_time_wrk.rb,puma-1w-3t,3,puma,1,3,1000,1000,7.443,5.0,1000,1000,7.356,2.0,5,true,1000,0,134.357,36.473,59.488,67.238,68.142,68.311,91.77,91.77,70.03,20,20,50,multiprocess_sample_only,,
yjit-on/puma-response-string-2048kb/puma-1w-3t/repeat-3,yjit-on,true,puma-response-string-2048kb,puma-response-time-wrk,puma/benchmarks/local/response_time_wrk,https://github.com/puma/puma/blob/main/benchmarks/local/response_time_wrk.rb,puma-1w-3t,3,puma,1,3,3088,1000,5.007,5.0,1000,1244,2.007,2.0,5,true,3088,0,616.783,7.599,13.521,15.412,17.041,17.969,91.77,91.77,69.065,20,20,59,multiprocess_sample_only,,
yjit-on/puma-response-io-2048kb/puma-1w-3t/repeat-3,yjit-on,true,puma-response-io-2048kb,puma-response-time-wrk,puma/benchmarks/local/response_time_wrk,https://github.com/puma/puma/blob/main/benchmarks/local/response_time_wrk.rb,puma-1w-3t,3,puma,1,3,2789,1000,5.008,5.0,1000,1237,2.006,2.0,5,true,2789,0,556.923,8.666,15.105,17.159,18.099,18.653,91.77,91.77,67.755,20,20,58,multiprocess_sample_only,,
yjit-on/puma-long-tail-fib-200ms-x6p0/puma-1w-3t/repeat-3,yjit-on,true,puma-long-tail-fib-200ms-x6p0,puma-long-tail-hey,puma/benchmarks/local/long_tail_hey + test/rackup/sleep_fibonacci,https://github.com/puma/puma/blob/main/benchmarks/local/long_tail_hey.rb,puma-1w-3t,3,puma,1,3,360,360,50.92,5.0,360,360,50.918,2.0,18,true,360,0,7.07,2545.149,2554.304,2557.122,2561.065,2562.16,106.418,106.418,75.9,20,20,742,multiprocess_sample_only,,
yjit-on/puma-long-tail-fib-200ms-x4p0/puma-1w-3t/repeat-3,yjit-on,true,puma-long-tail-fib-200ms-x4p0,puma-long-tail-hey,puma/benchmarks/local/long_tail_hey + test/rackup/sleep_fibonacci,https://github.com/puma/puma/blob/main/benchmarks/local/long_tail_hey.rb,puma-1w-3t,3,puma,1,3,240,240,33.94,5.0,240,240,33.935,2.0,12,true,240,0,7.071,1695.805,1704.528,1707.196,1708.915,1709.277,110.984,109.484,81.03,20,20,495,multiprocess_sample_only,,
yjit-on/puma-long-tail-fib-200ms-x3p0/puma-1w-3t/repeat-3,yjit-on,true,puma-long-tail-fib-200ms-x3p0,puma-long-tail-hey,puma/benchmarks/local/long_tail_hey + test/rackup/sleep_fibonacci,https://github.com/puma/puma/blob/main/benchmarks/local/long_tail_hey.rb,puma-1w-3t,3,puma,1,3,180,180,25.455,5.0,180,180,25.446,2.0,9,true,180,0,7.071,1272.16,1279.689,1282.472,1283.941,1283.943,111.797,111.797,83.55,20,20,372,multiprocess_sample_only,,
yjit-on/puma-long-tail-fib-200ms-x2p0/puma-1w-3t/repeat-3,yjit-on,true,puma-long-tail-fib-200ms-x2p0,puma-long-tail-hey,puma/benchmarks/local/long_tail_hey + test/rackup/sleep_fibonacci,https://github.com/puma/puma/blob/main/benchmarks/local/long_tail_hey.rb,puma-1w-3t,3,puma,1,3,120,120,16.967,5.0,120,120,16.965,2.0,6,true,120,0,7.073,848.153,854.636,857.427,858.349,858.444,111.797,111.797,84.94,20,20,248,multiprocess_sample_only,,
yjit-on/puma-long-tail-fib-200ms-x1p5/puma-1w-3t/repeat-3,yjit-on,true,puma-long-tail-fib-200ms-x1p5,puma-long-tail-hey,puma/benchmarks/local/long_tail_hey + test/rackup/sleep_fibonacci,https://github.com/puma/puma/blob/main/benchmarks/local/long_tail_hey.rb,puma-1w-3t,3,puma,1,3,100,100,14.169,5.0,100,100,14.169,2.0,5,true,100,0,7.058,822.586,848.609,850.98,851.24,851.269,111.797,111.797,85.86,20,20,208,multiprocess_sample_only,,
yjit-on/puma-long-tail-fib-200ms-x1p0/puma-1w-3t/repeat-3,yjit-on,true,puma-long-tail-fib-200ms-x1p0,puma-long-tail-hey,puma/benchmarks/local/long_tail_hey + test/rackup/sleep_fibonacci,https://github.com/puma/puma/blob/main/benchmarks/local/long_tail_hey.rb,puma-1w-3t,3,puma,1,3,60,60,8.483,5.0,60,60,8.483,2.0,3,true,60,0,7.073,423.892,428.377,429.702,430.101,430.146,111.797,111.797,86.405,20,20,125,multiprocess_sample_only,,
yjit-on/puma-long-tail-fib-200ms-x0p5/puma-1w-3t/repeat-3,yjit-on,true,puma-long-tail-fib-200ms-x0p5,puma-long-tail-hey,puma/benchmarks/local/long_tail_hey + test/rackup/sleep_fibonacci,https://github.com/puma/puma/blob/main/benchmarks/local/long_tail_hey.rb,puma-1w-3t,3,puma,1,3,40,40,5.654,5.0,40,40,5.653,2.0,2,true,40,0,7.074,282.606,284.419,284.757,284.936,284.956,111.797,111.797,86.74,20,20,84,multiprocess_sample_only,,
yjit-on/puma-sleep-fibonacci-1ms/puma-1w-3t/repeat-3,yjit-on,true,puma-sleep-fibonacci-1ms,puma-sleep-fibonacci-test,puma/benchmarks/local/sleep_fibonacci_test + test/rackup/sleep_fibonacci,https://github.com/puma/puma/blob/main/benchmarks/local/sleep_fibonacci_test.rb,puma-1w-3t,3,puma,1,3,1918,10,5.001,5.0,10,767,2.001,2.0,1,true,1918,0,383.512,2.549,2.773,2.975,3.55,3.722,111.734,111.734,86.35,20,20,74,multiprocess_sample_only,,
yjit-on/puma-sleep-fibonacci-5ms/puma-1w-3t/repeat-3,yjit-on,true,puma-sleep-fibonacci-5ms,puma-sleep-fibonacci-test,puma/benchmarks/local/sleep_fibonacci_test + test/rackup/sleep_fibonacci,https://github.com/puma/puma/blob/main/benchmarks/local/sleep_fibonacci_test.rb,puma-1w-3t,3,puma,1,3,565,10,5.009,5.0,10,226,2.002,2.0,1,true,565,0,112.808,8.813,8.982,9.315,9.639,9.744,111.734,107.859,85.74,20,20,74,multiprocess_sample_only,,
yjit-on/puma-sleep-fibonacci-10ms/puma-1w-3t/repeat-3,yjit-on,true,puma-sleep-fibonacci-10ms,puma-sleep-fibonacci-test,puma/benchmarks/local/sleep_fibonacci_test + test/rackup/sleep_fibonacci,https://github.com/puma/puma/blob/main/benchmarks/local/sleep_fibonacci_test.rb,puma-1w-3t,3,puma,1,3,406,10,5.006,5.0,10,162,2.01,2.0,1,true,406,0,81.096,12.314,12.449,12.608,13.009,13.159,111.672,109.734,85.32,20,20,74,multiprocess_sample_only,,
yjit-on/puma-sleep-fibonacci-50ms/puma-1w-3t/repeat-3,yjit-on,true,puma-sleep-fibonacci-50ms,puma-sleep-fibonacci-test,puma/benchmarks/local/sleep_fibonacci_test + test/rackup/sleep_fibonacci,https://github.com/puma/puma/blob/main/benchmarks/local/sleep_fibonacci_test.rb,puma-1w-3t,3,puma,1,3,99,10,5.001,5.0,10,40,2.022,2.0,1,true,99,0,19.795,50.451,50.61,50.984,51.078,51.088,109.734,107.797,85.07,20,20,74,multiprocess_sample_only,,
yjit-on/puma-sleep-fibonacci-100ms/puma-1w-3t/repeat-3,yjit-on,true,puma-sleep-fibonacci-100ms,puma-sleep-fibonacci-test,puma/benchmarks/local/sleep_fibonacci_test + test/rackup/sleep_fibonacci,https://github.com/puma/puma/blob/main/benchmarks/local/sleep_fibonacci_test.rb,puma-1w-3t,3,puma,1,3,50,10,5.029,5.0,10,20,2.013,2.0,1,true,50,0,9.942,100.509,100.663,100.736,100.737,100.738,107.797,107.797,84.89,20,20,75,multiprocess_sample_only,,
yjit-on/puma-sleep-fibonacci-200ms/puma-1w-3t/repeat-3,yjit-on,true,puma-sleep-fibonacci-200ms,puma-sleep-fibonacci-test,puma/benchmarks/local/sleep_fibonacci_test + test/rackup/sleep_fibonacci,https://github.com/puma/puma/blob/main/benchmarks/local/sleep_fibonacci_test.rb,puma-1w-3t,3,puma,1,3,25,10,5.016,5.0,10,10,2.008,2.0,1,true,25,0,4.984,200.579,200.69,200.712,200.717,200.717,107.797,107.797,84.7,20,20,74,multiprocess_sample_only,,
