run_id,runtime,yjit,scenario,scenario_family,benchmark_source,benchmark_source_url,server,server_capacity,adapter,workers,threads,requests,target_requests,duration_s,min_duration_s,target_warmup_requests,warmup_requests,warmup_duration_s,warmup_min_duration_s,concurrency,keep_alive,completed,errors,achieved_rps,p50_ms,p95_ms,p99_ms,p999_ms,max_ms,rss_mb_peak,rss_mb_end,cpu_pct_avg,target_sample_count,sample_count,raw_sample_count,gc_delta_scope,gc_count_delta,total_allocated_objects_delta
yjit-off/puma-response-array-1kb/raptor-3r/repeat-1,yjit-off,false,puma-response-array-1kb,puma-response-time-wrk,puma/benchmarks/local/response_time_wrk,https://github.com/puma/puma/blob/main/benchmarks/local/response_time_wrk.rb,raptor-3r,3,raptor,3,,1000,1000,16.133,5.0,1000,1000,16.102,2.0,5,true,1000,0,61.983,40.99,41.987,43.432,4030.328,4040.008,29.984,29.984,2.93,20,20,228,same_worker,15,717853
yjit-off/puma-response-chunk-1kb/raptor-3r/repeat-1,yjit-off,false,puma-response-chunk-1kb,puma-response-time-wrk,puma/benchmarks/local/response_time_wrk,https://github.com/puma/puma/blob/main/benchmarks/local/response_time_wrk.rb,raptor-3r,3,raptor,3,,1000,1000,16.121,5.0,1000,1000,16.099,2.0,5,true,1000,0,62.031,40.99,41.953,42.378,4032.189,4032.816,30.402,30.402,2.405,20,20,228,same_worker,14,717925
yjit-off/puma-response-string-1kb/raptor-3r/repeat-1,yjit-off,false,puma-response-string-1kb,puma-response-time-wrk,puma/benchmarks/local/response_time_wrk,https://github.com/puma/puma/blob/main/benchmarks/local/response_time_wrk.rb,raptor-3r,3,raptor,3,,1000,1000,16.132,5.0,1000,1000,16.097,2.0,5,true,1000,0,61.987,40.992,41.994,42.429,4033.488,4033.928,30.418,30.418,2.3,20,20,229,same_worker,15,718264
yjit-off/puma-response-io-1kb/raptor-3r/repeat-1,yjit-off,false,puma-response-io-1kb,puma-response-time-wrk,puma/benchmarks/local/response_time_wrk,https://github.com/puma/puma/blob/main/benchmarks/local/response_time_wrk.rb,raptor-3r,3,raptor,3,,1000,1000,16.128,5.0,1000,1000,16.099,2.0,5,true,1000,0,62.003,40.991,41.987,42.268,4033.531,4038.378,30.5,30.5,2.295,20,20,229,same_worker,15,727308
yjit-off/puma-response-array-10kb/raptor-3r/repeat-1,yjit-off,false,puma-response-array-10kb,puma-response-time-wrk,puma/benchmarks/local/response_time_wrk,https://github.com/puma/puma/blob/main/benchmarks/local/response_time_wrk.rb,raptor-3r,3,raptor,3,,1000,1000,16.124,5.0,1000,1000,16.085,2.0,5,true,1000,0,62.02,40.99,41.972,42.277,4030.916,4031.7,30.5,30.5,2.2,20,20,229,same_worker,14,719299
yjit-off/puma-response-chunk-10kb/raptor-3r/repeat-1,yjit-off,false,puma-response-chunk-10kb,puma-response-time-wrk,puma/benchmarks/local/response_time_wrk,https://github.com/puma/puma/blob/main/benchmarks/local/response_time_wrk.rb,raptor-3r,3,raptor,3,,1000,1000,16.114,5.0,1000,1000,16.086,2.0,5,true,1000,0,62.057,40.986,41.963,42.243,4028.745,4066.964,30.5,30.5,2.2,20,20,229,same_worker,14,716305
yjit-off/puma-response-string-10kb/raptor-3r/repeat-1,yjit-off,false,puma-response-string-10kb,puma-response-time-wrk,puma/benchmarks/local/response_time_wrk,https://github.com/puma/puma/blob/main/benchmarks/local/response_time_wrk.rb,raptor-3r,3,raptor,3,,1000,1000,16.121,5.0,1000,1000,16.086,2.0,5,true,1000,0,62.03,40.987,41.96,42.351,4029.978,4030.093,30.5,30.5,2.2,20,20,229,same_worker,14,718088
yjit-off/puma-response-io-10kb/raptor-3r/repeat-1,yjit-off,false,puma-response-io-10kb,puma-response-time-wrk,puma/benchmarks/local/response_time_wrk,https://github.com/puma/puma/blob/main/benchmarks/local/response_time_wrk.rb,raptor-3r,3,raptor,3,,1000,1000,16.161,5.0,1000,1000,16.085,2.0,5,true,1000,0,61.877,40.986,41.95,42.216,4033.595,4063.419,31.395,31.395,2.2,20,20,229,same_worker,14,746401
yjit-off/puma-response-array-100kb/raptor-3r/repeat-1,yjit-off,false,puma-response-array-100kb,puma-response-time-wrk,puma/benchmarks/local/response_time_wrk,https://github.com/puma/puma/blob/main/benchmarks/local/response_time_wrk.rb,raptor-3r,3,raptor,3,,1000,1000,14.911,5.0,1000,1000,14.646,2.0,5,true,1000,0,67.064,40.976,41.964,42.203,3946.266,3950.549,31.445,31.445,2.305,20,20,213,same_worker,14,719296
yjit-off/puma-response-chunk-100kb/raptor-3r/repeat-1,yjit-off,false,puma-response-chunk-100kb,puma-response-time-wrk,puma/benchmarks/local/response_time_wrk,https://github.com/puma/puma/blob/main/benchmarks/local/response_time_wrk.rb,raptor-3r,3,raptor,3,,1000,1000,15.595,5.0,1000,1000,14.791,2.0,5,true,1000,0,64.123,40.976,41.962,42.087,3869.749,3871.659,31.445,31.445,2.445,20,20,223,same_worker,14,714948
yjit-off/puma-response-string-100kb/raptor-3r/repeat-1,yjit-off,false,puma-response-string-100kb,puma-response-time-wrk,puma/benchmarks/local/response_time_wrk,https://github.com/puma/puma/blob/main/benchmarks/local/response_time_wrk.rb,raptor-3r,3,raptor,3,,16517,1000,5.001,5.0,1000,6937,2.001,2.0,5,true,16517,0,3302.53,0.846,1.447,5.543,90.412,100.462,31.813,31.813,3.765,20,20,69,same_worker,238,11878074
yjit-off/puma-response-io-100kb/raptor-3r/repeat-1,yjit-off,false,puma-response-io-100kb,puma-response-time-wrk,puma/benchmarks/local/response_time_wrk,https://github.com/puma/puma/blob/main/benchmarks/local/response_time_wrk.rb,raptor-3r,3,raptor,3,,1000,1000,14.851,5.0,1000,1000,14.714,2.0,5,true,1000,0,67.334,40.982,41.982,42.335,3831.257,3910.878,42.84,42.84,4.495,20,20,212,same_worker,19,923144
yjit-off/puma-response-array-256kb/raptor-3r/repeat-1,yjit-off,false,puma-response-array-256kb,puma-response-time-wrk,puma/benchmarks/local/response_time_wrk,https://github.com/puma/puma/blob/main/benchmarks/local/response_time_wrk.rb,raptor-3r,3,raptor,3,,1000,1000,14.183,5.0,1000,1000,12.999,2.0,5,true,1000,0,70.505,41.717,42.285,43.252,3687.112,3811.046,42.84,42.84,4.59,20,20,202,same_worker,14,717348
yjit-off/puma-response-chunk-256kb/raptor-3r/repeat-1,yjit-off,false,puma-response-chunk-256kb,puma-response-time-wrk,puma/benchmarks/local/response_time_wrk,https://github.com/puma/puma/blob/main/benchmarks/local/response_time_wrk.rb,raptor-3r,3,raptor,3,,1000,1000,13.86,5.0,1000,1000,13.446,2.0,5,true,1000,0,72.15,41.81,42.499,43.742,3449.292,3612.03,42.84,42.84,4.745,20,20,197,same_worker,14,714944
yjit-off/puma-response-string-256kb/raptor-3r/repeat-1,yjit-off,false,puma-response-string-256kb,puma-response-time-wrk,puma/benchmarks/local/response_time_wrk,https://github.com/puma/puma/blob/main/benchmarks/local/response_time_wrk.rb,raptor-3r,3,raptor,3,,12637,1000,5.002,5.0,1000,5130,2.001,2.0,5,true,12637,0,2526.523,1.098,1.797,40.921,115.273,123.452,42.84,42.84,5.6,20,20,69,same_worker,183,9088453
yjit-off/puma-response-io-256kb/raptor-3r/repeat-1,yjit-off,false,puma-response-io-256kb,puma-response-time-wrk,puma/benchmarks/local/response_time_wrk,https://github.com/puma/puma/blob/main/benchmarks/local/response_time_wrk.rb,raptor-3r,3,raptor,3,,1000,1000,14.409,5.0,1000,1000,14.687,2.0,5,true,1000,0,69.402,41.941,42.889,43.325,3712.05,3751.212,49.406,49.406,6.19,20,20,205,same_worker,27,1236307
yjit-off/puma-response-array-512kb/raptor-3r/repeat-1,yjit-off,false,puma-response-array-512kb,puma-response-time-wrk,puma/benchmarks/local/response_time_wrk,https://github.com/puma/puma/blob/main/benchmarks/local/response_time_wrk.rb,raptor-3r,3,raptor,3,,1000,1000,14.148,5.0,1000,1000,14.338,2.0,5,true,1000,0,70.683,41.965,42.98,43.811,3458.471,3467.442,49.406,49.406,6.44,20,20,201,same_worker,14,719305
yjit-off/puma-response-chunk-512kb/raptor-3r/repeat-1,yjit-off,false,puma-response-chunk-512kb,puma-response-time-wrk,puma/benchmarks/local/response_time_wrk,https://github.com/puma/puma/blob/main/benchmarks/local/response_time_wrk.rb,raptor-3r,3,raptor,3,,1000,1000,14.725,5.0,1000,1000,14.235,2.0,5,true,1000,0,67.91,41.972,43.065,44.024,3636.339,3674.191,49.406,49.406,6.665,20,20,209,same_worker,14,716305
yjit-off/puma-response-string-512kb/raptor-3r/repeat-1,yjit-off,false,puma-response-string-512kb,puma-response-time-wrk,puma/benchmarks/local/response_time_wrk,https://github.com/puma/puma/blob/main/benchmarks/local/response_time_wrk.rb,raptor-3r,3,raptor,3,,8391,1000,5.004,5.0,1000,3457,2.002,2.0,5,true,8391,0,1676.785,1.559,3.096,10.22,180.602,191.275,49.406,49.406,7.185,20,20,67,same_worker,121,6033883
yjit-off/puma-response-io-512kb/raptor-3r/repeat-1,yjit-off,false,puma-response-io-512kb,puma-response-time-wrk,puma/benchmarks/local/response_time_wrk,https://github.com/puma/puma/blob/main/benchmarks/local/response_time_wrk.rb,raptor-3r,3,raptor,3,,1000,1000,15.568,5.0,1000,1000,14.671,2.0,5,true,1000,0,64.236,42.871,43.777,44.223,3730.705,3915.563,64.422,64.422,7.725,20,20,221,same_worker,40,1749375
yjit-off/puma-response-array-1024kb/raptor-3r/repeat-1,yjit-off,false,puma-response-array-1024kb,puma-response-time-wrk,puma/benchmarks/local/response_time_wrk,https://github.com/puma/puma/blob/main/benchmarks/local/response_time_wrk.rb,raptor-3r,3,raptor,3,,1000,1000,14.343,5.0,1000,1000,15.423,2.0,5,true,1000,0,69.72,42.985,44.356,45.365,3538.848,3596.724,55.582,55.582,8.205,20,20,203,same_worker,15,718112
yjit-off/puma-response-chunk-1024kb/raptor-3r/repeat-1,yjit-off,false,puma-response-chunk-1024kb,puma-response-time-wrk,puma/benchmarks/local/response_time_wrk,https://github.com/puma/puma/blob/main/benchmarks/local/response_time_wrk.rb,raptor-3r,3,raptor,3,,1000,1000,15.571,5.0,1000,1000,15.576,2.0,5,true,1000,0,64.221,42.991,44.168,45.84,3941.133,3945.927,55.582,55.582,8.63,20,20,221,same_worker,14,714786
yjit-off/puma-response-string-1024kb/raptor-3r/repeat-1,yjit-off,false,puma-response-string-1024kb,puma-response-time-wrk,puma/benchmarks/local/response_time_wrk,https://github.com/puma/puma/blob/main/benchmarks/local/response_time_wrk.rb,raptor-3r,3,raptor,3,,6103,1000,5.017,5.0,1000,2322,2.004,2.0,5,true,6103,0,1216.539,2.184,4.18,12.912,251.778,262.212,57.453,57.453,9.025,20,20,67,same_worker,89,4386965
yjit-off/puma-response-io-1024kb/raptor-3r/repeat-1,yjit-off,false,puma-response-io-1024kb,puma-response-time-wrk,puma/benchmarks/local/response_time_wrk,https://github.com/puma/puma/blob/main/benchmarks/local/response_time_wrk.rb,raptor-3r,3,raptor,3,,1000,1000,15.953,5.0,1000,1000,16.08,2.0,5,true,1000,0,62.684,43.952,45.074,46.96,3912.241,3944.817,75.723,75.723,9.675,20,20,227,same_worker,67,2772782
yjit-off/puma-response-array-2048kb/raptor-3r/repeat-1,yjit-off,false,puma-response-array-2048kb,puma-response-time-wrk,puma/benchmarks/local/response_time_wrk,https://github.com/puma/puma/blob/main/benchmarks/local/response_time_wrk.rb,raptor-3r,3,raptor,3,,1000,1000,16.285,5.0,1000,1000,17.212,2.0,5,true,1000,0,61.405,45.893,47.297,49.002,4050.766,4124.634,75.723,75.723,10.525,20,20,231,same_worker,15,717864
yjit-off/puma-response-chunk-2048kb/raptor-3r/repeat-1,yjit-off,false,puma-response-chunk-2048kb,puma-response-time-wrk,puma/benchmarks/local/response_time_wrk,https://github.com/puma/puma/blob/main/benchmarks/local/response_time_wrk.rb,raptor-3r,3,raptor,3,,1000,1000,16.5,5.0,1000,1000,17.16,2.0,5,true,1000,0,60.605,45.903,47.303,49.45,4012.85,4066.584,75.723,75.723,11.43,20,20,234,same_worker,15,714677
yjit-off/puma-response-string-2048kb/raptor-3r/repeat-1,yjit-off,false,puma-response-string-2048kb,puma-response-time-wrk,puma/benchmarks/local/response_time_wrk,https://github.com/puma/puma/blob/main/benchmarks/local/response_time_wrk.rb,raptor-3r,3,raptor,3,,3588,1000,5.005,5.0,1000,1487,2.008,2.0,5,true,3588,0,716.912,4.036,5.64,16.288,431.931,451.635,80.832,80.832,11.81,20,20,63,same_worker,53,2580525
yjit-off/puma-response-io-2048kb/raptor-3r/repeat-1,yjit-off,false,puma-response-io-2048kb,puma-response-time-wrk,puma/benchmarks/local/response_time_wrk,https://github.com/puma/puma/blob/main/benchmarks/local/response_time_wrk.rb,raptor-3r,3,raptor,3,,1000,1000,17.399,5.0,1000,1000,17.686,2.0,5,true,1000,0,57.474,46.964,49.591,50.905,4338.973,4434.416,85.902,85.902,12.815,20,20,247,same_worker,115,4821710
yjit-off/puma-long-tail-fib-200ms-x6p0/raptor-3r/repeat-1,yjit-off,false,puma-long-tail-fib-200ms-x6p0,puma-long-tail-hey,puma/benchmarks/local/long_tail_hey + test/rackup/sleep_fibonacci,https://github.com/puma/puma/blob/main/benchmarks/local/long_tail_hey.rb,raptor-3r,3,raptor,3,,363,360,29.012,5.0,360,360,28.775,2.0,18,true,363,0,12.512,241.854,243.303,19612.621,24407.606,24407.625,86.336,86.336,21.9,20,20,404,same_worker,2,65418
yjit-off/puma-long-tail-fib-200ms-x4p0/raptor-3r/repeat-1,yjit-off,false,puma-long-tail-fib-200ms-x4p0,puma-long-tail-hey,puma/benchmarks/local/long_tail_hey + test/rackup/sleep_fibonacci,https://github.com/puma/puma/blob/main/benchmarks/local/long_tail_hey.rb,raptor-3r,3,raptor,3,,243,240,19.421,5.0,240,240,19.185,2.0,12,true,243,0,12.512,241.854,242.902,12811.992,14825.8,14825.996,86.352,86.352,29.855,20,20,271,same_worker,1,43389
yjit-off/puma-long-tail-fib-200ms-x3p0/raptor-3r/repeat-1,yjit-off,false,puma-long-tail-fib-200ms-x3p0,puma-long-tail-hey,puma/benchmarks/local/long_tail_hey + test/rackup/sleep_fibonacci,https://github.com/puma/puma/blob/main/benchmarks/local/long_tail_hey.rb,raptor-3r,3,raptor,3,,183,180,14.632,5.0,180,180,14.386,2.0,9,true,183,0,12.507,241.903,242.797,10026.832,10027.754,10027.9,86.367,86.367,35.125,20,20,205,same_worker,1,32492
yjit-off/puma-long-tail-fib-200ms-x2p0/raptor-3r/repeat-1,yjit-off,false,puma-long-tail-fib-200ms-x2p0,puma-long-tail-hey,puma/benchmarks/local/long_tail_hey + test/rackup/sleep_fibonacci,https://github.com/puma/puma/blob/main/benchmarks/local/long_tail_hey.rb,raptor-3r,3,raptor,3,,123,120,9.829,5.0,120,120,9.589,2.0,6,true,123,0,12.514,241.812,242.63,5231.452,5231.906,5231.958,86.371,86.371,38.55,20,20,138,same_worker,1,23897
yjit-off/puma-long-tail-fib-200ms-x1p5/raptor-3r/repeat-1,yjit-off,false,puma-long-tail-fib-200ms-x1p5,puma-long-tail-hey,puma/benchmarks/local/long_tail_hey + test/rackup/sleep_fibonacci,https://github.com/puma/puma/blob/main/benchmarks/local/long_tail_hey.rb,raptor-3r,3,raptor,3,,103,100,9.826,5.0,100,100,9.589,2.0,5,true,103,0,10.482,241.775,242.257,5136.506,5236.476,5236.49,86.379,86.379,41.09,20,20,138,same_worker,0,16899
yjit-off/puma-long-tail-fib-200ms-x1p0/raptor-3r/repeat-1,yjit-off,false,puma-long-tail-fib-200ms-x1p0,puma-long-tail-hey,puma/benchmarks/local/long_tail_hey + test/rackup/sleep_fibonacci,https://github.com/puma/puma/blob/main/benchmarks/local/long_tail_hey.rb,raptor-3r,3,raptor,3,,63,60,5.036,5.0,60,60,4.794,2.0,3,true,63,0,12.51,241.842,242.38,242.564,242.793,242.818,86.379,86.379,42.655,20,20,71,same_worker,0,11264
yjit-off/puma-long-tail-fib-200ms-x0p5/raptor-3r/repeat-1,yjit-off,false,puma-long-tail-fib-200ms-x0p5,puma-long-tail-hey,puma/benchmarks/local/long_tail_hey + test/rackup/sleep_fibonacci,https://github.com/puma/puma/blob/main/benchmarks/local/long_tail_hey.rb,raptor-3r,3,raptor,3,,42,40,5.036,5.0,40,40,4.791,2.0,2,true,42,0,8.34,241.805,242.146,242.563,242.791,242.816,86.441,86.441,43.6,20,20,72,same_worker,0,7820
yjit-off/puma-sleep-fibonacci-1ms/raptor-3r/repeat-1,yjit-off,false,puma-sleep-fibonacci-1ms,puma-sleep-fibonacci-test,puma/benchmarks/local/sleep_fibonacci_test + test/rackup/sleep_fibonacci,https://github.com/puma/puma/blob/main/benchmarks/local/sleep_fibonacci_test.rb,raptor-3r,3,raptor,3,,122,10,5.008,5.0,10,49,2.017,2.0,1,true,122,0,24.362,41.969,42.091,42.99,43.012,43.013,86.453,86.453,43.585,20,20,73,same_worker,1,21954
yjit-off/puma-sleep-fibonacci-5ms/raptor-3r/repeat-1,yjit-off,false,puma-sleep-fibonacci-5ms,puma-sleep-fibonacci-test,puma/benchmarks/local/sleep_fibonacci_test + test/rackup/sleep_fibonacci,https://github.com/puma/puma/blob/main/benchmarks/local/sleep_fibonacci_test.rb,raptor-3r,3,raptor,3,,109,10,5.01,5.0,10,44,2.027,2.0,1,true,109,0,21.757,46.969,47.966,48.018,48.18,48.199,86.461,86.461,43.3,20,20,73,same_worker,0,16519
yjit-off/puma-sleep-fibonacci-10ms/raptor-3r/repeat-1,yjit-off,false,puma-sleep-fibonacci-10ms,puma-sleep-fibonacci-test,puma/benchmarks/local/sleep_fibonacci_test + test/rackup/sleep_fibonacci,https://github.com/puma/puma/blob/main/benchmarks/local/sleep_fibonacci_test.rb,raptor-3r,3,raptor,3,,99,10,5.025,5.0,10,40,2.016,2.0,1,true,99,0,19.701,50.982,51.947,51.985,51.995,51.996,86.473,86.473,43.07,20,20,73,same_worker,0,15459
yjit-off/puma-sleep-fibonacci-50ms/raptor-3r/repeat-1,yjit-off,false,puma-sleep-fibonacci-50ms,puma-sleep-fibonacci-test,puma/benchmarks/local/sleep_fibonacci_test + test/rackup/sleep_fibonacci,https://github.com/puma/puma/blob/main/benchmarks/local/sleep_fibonacci_test.rb,raptor-3r,3,raptor,3,,55,10,5.016,5.0,10,23,2.073,2.0,1,true,55,0,10.965,91.963,92.025,92.459,92.847,92.89,86.473,86.473,43.0,20,20,73,same_worker,0,10466
yjit-off/puma-sleep-fibonacci-100ms/raptor-3r/repeat-1,yjit-off,false,puma-sleep-fibonacci-100ms,puma-sleep-fibonacci-test,puma/benchmarks/local/sleep_fibonacci_test + test/rackup/sleep_fibonacci,https://github.com/puma/puma/blob/main/benchmarks/local/sleep_fibonacci_test.rb,raptor-3r,3,raptor,3,,36,10,5.062,5.0,10,15,2.084,2.0,1,true,36,0,7.112,141.95,141.994,142.635,142.942,142.976,86.539,86.539,43.0,20,20,73,same_worker,0,5794
yjit-off/puma-sleep-fibonacci-200ms/raptor-3r/repeat-1,yjit-off,false,puma-sleep-fibonacci-200ms,puma-sleep-fibonacci-test,puma/benchmarks/local/sleep_fibonacci_test + test/rackup/sleep_fibonacci,https://github.com/puma/puma/blob/main/benchmarks/local/sleep_fibonacci_test.rb,raptor-3r,3,raptor,3,,21,10,5.041,5.0,10,10,2.377,2.0,1,true,21,0,4.166,241.962,242.302,242.805,242.918,242.931,86.539,86.539,43.1,20,20,73,same_worker,0,2255
yjit-off/puma-response-array-1kb/raptor-3r/repeat-2,yjit-off,false,puma-response-array-1kb,puma-response-time-wrk,puma/benchmarks/local/response_time_wrk,https://github.com/puma/puma/blob/main/benchmarks/local/response_time_wrk.rb,raptor-3r,3,raptor,3,,1000,1000,16.128,5.0,1000,1000,16.095,2.0,5,true,1000,0,62.004,40.986,41.988,42.39,4035.323,4037.078,28.512,28.512,2.985,20,20,229,same_worker,31,719390
yjit-off/puma-response-chunk-1kb/raptor-3r/repeat-2,yjit-off,false,puma-response-chunk-1kb,puma-response-time-wrk,puma/benchmarks/local/response_time_wrk,https://github.com/puma/puma/blob/main/benchmarks/local/response_time_wrk.rb,raptor-3r,3,raptor,3,,1000,1000,16.116,5.0,1000,1000,16.104,2.0,5,true,1000,0,62.05,40.982,41.977,42.172,4028.074,4030.035,28.516,28.516,2.52,20,20,230,same_worker,29,716368
yjit-off/puma-response-string-1kb/raptor-3r/repeat-2,yjit-off,false,puma-response-string-1kb,puma-response-time-wrk,puma/benchmarks/local/response_time_wrk,https://github.com/puma/puma/blob/main/benchmarks/local/response_time_wrk.rb,raptor-3r,3,raptor,3,,1000,1000,16.114,5.0,1000,1000,16.088,2.0,5,true,1000,0,62.057,40.984,41.958,42.257,4029.982,4030.074,28.516,28.516,2.39,20,20,230,same_worker,29,718517
yjit-off/puma-response-io-1kb/raptor-3r/repeat-2,yjit-off,false,puma-response-io-1kb,puma-response-time-wrk,puma/benchmarks/local/response_time_wrk,https://github.com/puma/puma/blob/main/benchmarks/local/response_time_wrk.rb,raptor-3r,3,raptor,3,,1000,1000,16.124,5.0,1000,1000,16.101,2.0,5,true,1000,0,62.019,40.985,41.975,42.234,4029.149,4029.984,28.578,28.578,2.385,20,20,230,same_worker,29,728544
yjit-off/puma-response-array-10kb/raptor-3r/repeat-2,yjit-off,false,puma-response-array-10kb,puma-response-time-wrk,puma/benchmarks/local/response_time_wrk,https://github.com/puma/puma/blob/main/benchmarks/local/response_time_wrk.rb,raptor-3r,3,raptor,3,,1000,1000,16.148,5.0,1000,1000,16.088,2.0,5,true,1000,0,61.926,40.985,41.952,42.198,4064.226,4067.501,28.578,28.578,2.3,20,20,231,same_worker,29,719358
yjit-off/puma-response-chunk-10kb/raptor-3r/repeat-2,yjit-off,false,puma-response-chunk-10kb,puma-response-time-wrk,puma/benchmarks/local/response_time_wrk,https://github.com/puma/puma/blob/main/benchmarks/local/response_time_wrk.rb,raptor-3r,3,raptor,3,,1000,1000,16.16,5.0,1000,1000,16.088,2.0,5,true,1000,0,61.88,40.989,41.981,42.208,4069.163,4070.645,28.578,28.578,2.3,20,20,231,same_worker,29,716365
yjit-off/puma-response-string-10kb/raptor-3r/repeat-2,yjit-off,false,puma-response-string-10kb,puma-response-time-wrk,puma/benchmarks/local/response_time_wrk,https://github.com/puma/puma/blob/main/benchmarks/local/response_time_wrk.rb,raptor-3r,3,raptor,3,,1000,1000,16.114,5.0,1000,1000,16.085,2.0,5,true,1000,0,62.057,40.988,41.969,42.227,4028.204,4029.002,28.578,28.578,2.28,20,20,230,same_worker,29,719365
yjit-off/puma-response-io-10kb/raptor-3r/repeat-2,yjit-off,false,puma-response-io-10kb,puma-response-time-wrk,puma/benchmarks/local/response_time_wrk,https://github.com/puma/puma/blob/main/benchmarks/local/response_time_wrk.rb,raptor-3r,3,raptor,3,,1000,1000,16.125,5.0,1000,1000,16.093,2.0,5,true,1000,0,62.016,40.989,41.983,42.581,4036.92,4037.526,29.223,29.223,2.29,20,20,230,same_worker,31,745374
yjit-off/puma-response-array-100kb/raptor-3r/repeat-2,yjit-off,false,puma-response-array-100kb,puma-response-time-wrk,puma/benchmarks/local/response_time_wrk,https://github.com/puma/puma/blob/main/benchmarks/local/response_time_wrk.rb,raptor-3r,3,raptor,3,,1000,1000,15.558,5.0,1000,1000,15.108,2.0,5,true,1000,0,64.274,40.98,41.972,42.066,3867.562,3873.719,29.223,29.223,2.365,20,20,223,same_worker,30,718489
yjit-off/puma-response-chunk-100kb/raptor-3r/repeat-2,yjit-off,false,puma-response-chunk-100kb,puma-response-time-wrk,puma/benchmarks/local/response_time_wrk,https://github.com/puma/puma/blob/main/benchmarks/local/response_time_wrk.rb,raptor-3r,3,raptor,3,,1000,1000,15.569,5.0,1000,1000,15.048,2.0,5,true,1000,0,64.228,40.979,41.976,42.211,3831.785,3832.842,29.23,29.23,2.48,20,20,222,same_worker,30,716363
yjit-off/puma-response-string-100kb/raptor-3r/repeat-2,yjit-off,false,puma-response-string-100kb,puma-response-time-wrk,puma/benchmarks/local/response_time_wrk,https://github.com/puma/puma/blob/main/benchmarks/local/response_time_wrk.rb,raptor-3r,3,raptor,3,,16459,1000,5.001,5.0,1000,6695,2.001,2.0,5,true,16459,0,3291.002,0.859,1.438,8.221,87.724,101.893,29.645,29.645,3.78,20,20,69,same_worker,497,11836389
yjit-off/puma-response-io-100kb/raptor-3r/repeat-2,yjit-off,false,puma-response-io-100kb,puma-response-time-wrk,puma/benchmarks/local/response_time_wrk,https://github.com/puma/puma/blob/main/benchmarks/local/response_time_wrk.rb,raptor-3r,3,raptor,3,,1000,1000,15.193,5.0,1000,1000,13.006,2.0,5,true,1000,0,65.818,40.982,41.984,42.919,3791.752,3837.706,33.379,33.379,4.5,20,20,217,same_worker,41,923474
yjit-off/puma-response-array-256kb/raptor-3r/repeat-2,yjit-off,false,puma-response-array-256kb,puma-response-time-wrk,puma/benchmarks/local/response_time_wrk,https://github.com/puma/puma/blob/main/benchmarks/local/response_time_wrk.rb,raptor-3r,3,raptor,3,,1000,1000,14.152,5.0,1000,1000,13.651,2.0,5,true,1000,0,70.664,41.848,42.611,43.376,3743.186,3744.234,33.379,33.379,4.62,20,20,202,same_worker,31,718699
yjit-off/puma-response-chunk-256kb/raptor-3r/repeat-2,yjit-off,false,puma-response-chunk-256kb,puma-response-time-wrk,puma/benchmarks/local/response_time_wrk,https://github.com/puma/puma/blob/main/benchmarks/local/response_time_wrk.rb,raptor-3r,3,raptor,3,,1000,1000,14.004,5.0,1000,1000,14.121,2.0,5,true,1000,0,71.41,41.819,42.569,43.889,3371.415,3698.429,33.379,33.379,4.77,20,20,200,same_worker,31,715266
yjit-off/puma-response-string-256kb/raptor-3r/repeat-2,yjit-off,false,puma-response-string-256kb,puma-response-time-wrk,puma/benchmarks/local/response_time_wrk,https://github.com/puma/puma/blob/main/benchmarks/local/response_time_wrk.rb,raptor-3r,3,raptor,3,,12704,1000,5.002,5.0,1000,5222,2.003,2.0,5,true,12704,0,2539.918,1.082,1.758,26.085,112.95,155.403,33.699,33.699,5.615,20,20,69,same_worker,398,9137313
yjit-off/puma-response-io-256kb/raptor-3r/repeat-2,yjit-off,false,puma-response-io-256kb,puma-response-time-wrk,puma/benchmarks/local/response_time_wrk,https://github.com/puma/puma/blob/main/benchmarks/local/response_time_wrk.rb,raptor-3r,3,raptor,3,,1000,1000,15.012,5.0,1000,1000,15.014,2.0,5,true,1000,0,66.612,41.946,42.756,43.184,3624.493,3833.697,40.68,40.68,6.185,20,20,214,same_worker,61,1237493
yjit-off/puma-response-array-512kb/raptor-3r/repeat-2,yjit-off,false,puma-response-array-512kb,puma-response-time-wrk,puma/benchmarks/local/response_time_wrk,https://github.com/puma/puma/blob/main/benchmarks/local/response_time_wrk.rb,raptor-3r,3,raptor,3,,1000,1000,15.791,5.0,1000,1000,16.033,2.0,5,true,1000,0,63.329,41.973,43.001,44.029,3982.949,4020.819,40.68,40.68,6.35,20,20,225,same_worker,32,718421
yjit-off/puma-response-chunk-512kb/raptor-3r/repeat-2,yjit-off,false,puma-response-chunk-512kb,puma-response-time-wrk,puma/benchmarks/local/response_time_wrk,https://github.com/puma/puma/blob/main/benchmarks/local/response_time_wrk.rb,raptor-3r,3,raptor,3,,1000,1000,15.547,5.0,1000,1000,15.251,2.0,5,true,1000,0,64.321,41.976,42.963,43.497,3828.003,3889.453,40.68,40.68,6.555,20,20,222,same_worker,32,714867
yjit-off/puma-response-string-512kb/raptor-3r/repeat-2,yjit-off,false,puma-response-string-512kb,puma-response-time-wrk,puma/benchmarks/local/response_time_wrk,https://github.com/puma/puma/blob/main/benchmarks/local/response_time_wrk.rb,raptor-3r,3,raptor,3,,9212,1000,5.002,5.0,1000,3689,2.005,2.0,5,true,9212,0,1841.636,1.436,2.446,55.613,138.13,208.309,41.676,41.676,7.07,20,20,68,same_worker,297,6625144
yjit-off/puma-response-io-512kb/raptor-3r/repeat-2,yjit-off,false,puma-response-io-512kb,puma-response-time-wrk,puma/benchmarks/local/response_time_wrk,https://github.com/puma/puma/blob/main/benchmarks/local/response_time_wrk.rb,raptor-3r,3,raptor,3,,1000,1000,15.277,5.0,1000,1000,16.07,2.0,5,true,1000,0,65.456,42.05,43.21,44.115,3771.442,3775.438,44.805,43.414,7.56,20,20,218,same_worker,93,1748484
yjit-off/puma-response-array-1024kb/raptor-3r/repeat-2,yjit-off,false,puma-response-array-1024kb,puma-response-time-wrk,puma/benchmarks/local/response_time_wrk,https://github.com/puma/puma/blob/main/benchmarks/local/response_time_wrk.rb,raptor-3r,3,raptor,3,,1000,1000,15.939,5.0,1000,1000,16.131,2.0,5,true,1000,0,62.737,42.987,44.116,45.246,3902.645,3926.708,43.414,43.414,7.99,20,20,227,same_worker,33,720569
yjit-off/puma-response-chunk-1024kb/raptor-3r/repeat-2,yjit-off,false,puma-response-chunk-1024kb,puma-response-time-wrk,puma/benchmarks/local/response_time_wrk,https://github.com/puma/puma/blob/main/benchmarks/local/response_time_wrk.rb,raptor-3r,3,raptor,3,,1000,1000,15.848,5.0,1000,1000,15.425,2.0,5,true,1000,0,63.098,42.988,44.147,46.077,3894.088,3962.454,43.414,43.414,8.435,20,20,226,same_worker,32,715374
yjit-off/puma-response-string-1024kb/raptor-3r/repeat-2,yjit-off,false,puma-response-string-1024kb,puma-response-time-wrk,puma/benchmarks/local/response_time_wrk,https://github.com/puma/puma/blob/main/benchmarks/local/response_time_wrk.rb,raptor-3r,3,raptor,3,,5663,1000,5.006,5.0,1000,2459,2.003,2.0,5,true,5663,0,1131.154,2.346,4.485,14.315,265.39,287.561,44.594,44.594,8.835,20,20,66,same_worker,186,4070874
yjit-off/puma-response-io-1024kb/raptor-3r/repeat-2,yjit-off,false,puma-response-io-1024kb,puma-response-time-wrk,puma/benchmarks/local/response_time_wrk,https://github.com/puma/puma/blob/main/benchmarks/local/response_time_wrk.rb,raptor-3r,3,raptor,3,,1000,1000,15.75,5.0,1000,1000,16.648,2.0,5,true,1000,0,63.493,43.977,45.425,47.926,3950.727,3992.5,51.898,51.898,9.5,20,20,224,same_worker,143,2773616
yjit-off/puma-response-array-2048kb/raptor-3r/repeat-2,yjit-off,false,puma-response-array-2048kb,puma-response-time-wrk,puma/benchmarks/local/response_time_wrk,https://github.com/puma/puma/blob/main/benchmarks/local/response_time_wrk.rb,raptor-3r,3,raptor,3,,1000,1000,16.8,5.0,1000,1000,16.791,2.0,5,true,1000,0,59.525,45.846,47.095,49.557,4217.044,4271.709,51.898,51.898,10.4,20,20,238,same_worker,29,719359
yjit-off/puma-response-chunk-2048kb/raptor-3r/repeat-2,yjit-off,false,puma-response-chunk-2048kb,puma-response-time-wrk,puma/benchmarks/local/response_time_wrk,https://github.com/puma/puma/blob/main/benchmarks/local/response_time_wrk.rb,raptor-3r,3,raptor,3,,1000,1000,16.145,5.0,1000,1000,16.497,2.0,5,true,1000,0,61.937,45.91,47.443,49.262,4031.215,4034.565,51.898,51.898,11.35,20,20,228,same_worker,29,716355
yjit-off/puma-response-string-2048kb/raptor-3r/repeat-2,yjit-off,false,puma-response-string-2048kb,puma-response-time-wrk,puma/benchmarks/local/response_time_wrk,https://github.com/puma/puma/blob/main/benchmarks/local/response_time_wrk.rb,raptor-3r,3,raptor,3,,3624,1000,5.007,5.0,1000,1466,2.006,2.0,5,true,3624,0,723.775,4.093,5.237,10.164,415.565,423.725,57.91,57.91,11.74,20,20,63,same_worker,106,2607196
yjit-off/puma-response-io-2048kb/raptor-3r/repeat-2,yjit-off,false,puma-response-io-2048kb,puma-response-time-wrk,puma/benchmarks/local/response_time_wrk,https://github.com/puma/puma/blob/main/benchmarks/local/response_time_wrk.rb,raptor-3r,3,raptor,3,,1000,1000,17.718,5.0,1000,1000,17.488,2.0,5,true,1000,0,56.438,47.006,49.805,58.359,4435.172,4450.03,65.078,62.309,12.845,20,20,251,same_worker,297,4822433
yjit-off/puma-long-tail-fib-200ms-x6p0/raptor-3r/repeat-2,yjit-off,false,puma-long-tail-fib-200ms-x6p0,puma-long-tail-hey,puma/benchmarks/local/long_tail_hey + test/rackup/sleep_fibonacci,https://github.com/puma/puma/blob/main/benchmarks/local/long_tail_hey.rb,raptor-3r,3,raptor,3,,363,360,29.005,5.0,360,360,28.776,2.0,18,true,363,0,12.515,241.836,242.881,19609.769,24405.546,24406.645,62.527,62.527,21.765,20,20,404,same_worker,2,62819
yjit-off/puma-long-tail-fib-200ms-x4p0/raptor-3r/repeat-2,yjit-off,false,puma-long-tail-fib-200ms-x4p0,puma-long-tail-hey,puma/benchmarks/local/long_tail_hey + test/rackup/sleep_fibonacci,https://github.com/puma/puma/blob/main/benchmarks/local/long_tail_hey.rb,raptor-3r,3,raptor,3,,243,240,19.426,5.0,240,240,19.184,2.0,12,true,243,0,12.509,241.845,243.231,12813.337,14827.657,14828.021,62.555,62.555,29.62,20,20,270,same_worker,1,44260
yjit-off/puma-long-tail-fib-200ms-x3p0/raptor-3r/repeat-2,yjit-off,false,puma-long-tail-fib-200ms-x3p0,puma-long-tail-hey,puma/benchmarks/local/long_tail_hey + test/rackup/sleep_fibonacci,https://github.com/puma/puma/blob/main/benchmarks/local/long_tail_hey.rb,raptor-3r,3,raptor,3,,183,180,14.629,5.0,180,180,14.394,2.0,9,true,183,0,12.51,241.852,242.719,10031.891,10033.714,10034.106,62.563,62.563,34.805,20,20,204,same_worker,2,33733
yjit-off/puma-long-tail-fib-200ms-x2p0/raptor-3r/repeat-2,yjit-off,false,puma-long-tail-fib-200ms-x2p0,puma-long-tail-hey,puma/benchmarks/local/long_tail_hey + test/rackup/sleep_fibonacci,https://github.com/puma/puma/blob/main/benchmarks/local/long_tail_hey.rb,raptor-3r,3,raptor,3,,123,120,9.831,5.0,120,120,9.595,2.0,6,true,123,0,12.511,241.784,242.526,5229.783,5232.816,5233.202,62.57,62.57,38.21,20,20,138,same_worker,0,19706
yjit-off/puma-long-tail-fib-200ms-x1p5/raptor-3r/repeat-2,yjit-off,false,puma-long-tail-fib-200ms-x1p5,puma-long-tail-hey,puma/benchmarks/local/long_tail_hey + test/rackup/sleep_fibonacci,https://github.com/puma/puma/blob/main/benchmarks/local/long_tail_hey.rb,raptor-3r,3,raptor,3,,103,100,9.833,5.0,100,100,9.59,2.0,5,true,103,0,10.475,241.823,242.71,5132.601,5234.394,5234.622,62.578,62.578,40.73,20,20,138,same_worker,1,19583
yjit-off/puma-long-tail-fib-200ms-x1p0/raptor-3r/repeat-2,yjit-off,false,puma-long-tail-fib-200ms-x1p0,puma-long-tail-hey,puma/benchmarks/local/long_tail_hey + test/rackup/sleep_fibonacci,https://github.com/puma/puma/blob/main/benchmarks/local/long_tail_hey.rb,raptor-3r,3,raptor,3,,63,60,5.036,5.0,60,60,4.794,2.0,3,true,63,0,12.51,241.771,242.467,243.558,244.62,244.738,62.582,62.582,42.27,20,20,71,same_worker,1,14938
yjit-off/puma-long-tail-fib-200ms-x0p5/raptor-3r/repeat-2,yjit-off,false,puma-long-tail-fib-200ms-x0p5,puma-long-tail-hey,puma/benchmarks/local/long_tail_hey + test/rackup/sleep_fibonacci,https://github.com/puma/puma/blob/main/benchmarks/local/long_tail_hey.rb,raptor-3r,3,raptor,3,,42,40,5.037,5.0,40,40,4.796,2.0,2,true,42,0,8.338,241.866,242.2,242.241,242.248,242.249,62.582,62.582,43.205,20,20,72,same_worker,0,5740
yjit-off/puma-sleep-fibonacci-1ms/raptor-3r/repeat-2,yjit-off,false,puma-sleep-fibonacci-1ms,puma-sleep-fibonacci-test,puma/benchmarks/local/sleep_fibonacci_test + test/rackup/sleep_fibonacci,https://github.com/puma/puma/blob/main/benchmarks/local/sleep_fibonacci_test.rb,raptor-3r,3,raptor,3,,122,10,5.014,5.0,10,49,2.018,2.0,1,true,122,0,24.332,41.96,42.946,42.971,42.983,42.985,62.586,62.586,43.205,20,20,72,same_worker,1,24255
yjit-off/puma-sleep-fibonacci-5ms/raptor-3r/repeat-2,yjit-off,false,puma-sleep-fibonacci-5ms,puma-sleep-fibonacci-test,puma/benchmarks/local/sleep_fibonacci_test + test/rackup/sleep_fibonacci,https://github.com/puma/puma/blob/main/benchmarks/local/sleep_fibonacci_test.rb,raptor-3r,3,raptor,3,,109,10,5.008,5.0,10,44,2.029,2.0,1,true,109,0,21.766,46.953,47.93,47.974,47.988,47.99,62.602,62.602,42.935,20,20,72,same_worker,1,18142
yjit-off/puma-sleep-fibonacci-10ms/raptor-3r/repeat-2,yjit-off,false,puma-sleep-fibonacci-10ms,puma-sleep-fibonacci-test,puma/benchmarks/local/sleep_fibonacci_test + test/rackup/sleep_fibonacci,https://github.com/puma/puma/blob/main/benchmarks/local/sleep_fibonacci_test.rb,raptor-3r,3,raptor,3,,98,10,5.015,5.0,10,40,2.038,2.0,1,true,98,0,19.542,51.871,52.059,52.635,52.91,52.941,62.602,62.602,42.715,20,20,72,same_worker,1,17564
yjit-off/puma-sleep-fibonacci-50ms/raptor-3r/repeat-2,yjit-off,false,puma-sleep-fibonacci-50ms,puma-sleep-fibonacci-test,puma/benchmarks/local/sleep_fibonacci_test + test/rackup/sleep_fibonacci,https://github.com/puma/puma/blob/main/benchmarks/local/sleep_fibonacci_test.rb,raptor-3r,3,raptor,3,,55,10,5.019,5.0,10,23,2.074,2.0,1,true,55,0,10.959,91.955,92.049,92.142,92.198,92.204,62.609,62.609,42.6,20,20,72,same_worker,0,9872
yjit-off/puma-sleep-fibonacci-100ms/raptor-3r/repeat-2,yjit-off,false,puma-sleep-fibonacci-100ms,puma-sleep-fibonacci-test,puma/benchmarks/local/sleep_fibonacci_test + test/rackup/sleep_fibonacci,https://github.com/puma/puma/blob/main/benchmarks/local/sleep_fibonacci_test.rb,raptor-3r,3,raptor,3,,36,10,5.069,5.0,10,15,2.088,2.0,1,true,36,0,7.102,141.957,142.008,142.024,142.028,142.029,62.617,62.617,42.665,20,20,73,same_worker,1,6197
yjit-off/puma-sleep-fibonacci-200ms/raptor-3r/repeat-2,yjit-off,false,puma-sleep-fibonacci-200ms,puma-sleep-fibonacci-test,puma/benchmarks/local/sleep_fibonacci_test + test/rackup/sleep_fibonacci,https://github.com/puma/puma/blob/main/benchmarks/local/sleep_fibonacci_test.rb,raptor-3r,3,raptor,3,,21,10,5.04,5.0,10,10,2.379,2.0,1,true,21,0,4.167,241.958,242.169,242.754,242.886,242.9,62.617,62.617,42.76,20,20,72,same_worker,0,2165
yjit-off/puma-response-array-1kb/raptor-3r/repeat-3,yjit-off,false,puma-response-array-1kb,puma-response-time-wrk,puma/benchmarks/local/response_time_wrk,https://github.com/puma/puma/blob/main/benchmarks/local/response_time_wrk.rb,raptor-3r,3,raptor,3,,1000,1000,16.116,5.0,1000,1000,16.1,2.0,5,true,1000,0,62.05,40.984,41.943,42.277,4028.556,4028.888,28.238,28.238,2.995,20,20,229,same_worker,29,719372
yjit-off/puma-response-chunk-1kb/raptor-3r/repeat-3,yjit-off,false,puma-response-chunk-1kb,puma-response-time-wrk,puma/benchmarks/local/response_time_wrk,https://github.com/puma/puma/blob/main/benchmarks/local/response_time_wrk.rb,raptor-3r,3,raptor,3,,1000,1000,16.119,5.0,1000,1000,16.088,2.0,5,true,1000,0,62.038,40.988,41.973,42.26,4030.842,4030.988,28.238,28.238,2.49,20,20,230,same_worker,29,716376
yjit-off/puma-response-string-1kb/raptor-3r/repeat-3,yjit-off,false,puma-response-string-1kb,puma-response-time-wrk,puma/benchmarks/local/response_time_wrk,https://github.com/puma/puma/blob/main/benchmarks/local/response_time_wrk.rb,raptor-3r,3,raptor,3,,1000,1000,16.105,5.0,1000,1000,16.086,2.0,5,true,1000,0,62.091,40.983,41.969,42.207,4027.311,4033.398,28.438,28.438,2.38,20,20,230,same_worker,29,718576
yjit-off/puma-response-io-1kb/raptor-3r/repeat-3,yjit-off,false,puma-response-io-1kb,puma-response-time-wrk,puma/benchmarks/local/response_time_wrk,https://github.com/puma/puma/blob/main/benchmarks/local/response_time_wrk.rb,raptor-3r,3,raptor,3,,1000,1000,16.113,5.0,1000,1000,16.084,2.0,5,true,1000,0,62.062,40.982,41.964,42.192,4028.253,4031.35,28.473,28.473,2.3,20,20,230,same_worker,29,726342
yjit-off/puma-response-array-10kb/raptor-3r/repeat-3,yjit-off,false,puma-response-array-10kb,puma-response-time-wrk,puma/benchmarks/local/response_time_wrk,https://github.com/puma/puma/blob/main/benchmarks/local/response_time_wrk.rb,raptor-3r,3,raptor,3,,1000,1000,16.126,5.0,1000,1000,16.087,2.0,5,true,1000,0,62.012,40.987,41.982,42.237,4032.382,4032.39,28.492,28.492,2.3,20,20,230,same_worker,29,719357
yjit-off/puma-response-chunk-10kb/raptor-3r/repeat-3,yjit-off,false,puma-response-chunk-10kb,puma-response-time-wrk,puma/benchmarks/local/response_time_wrk,https://github.com/puma/puma/blob/main/benchmarks/local/response_time_wrk.rb,raptor-3r,3,raptor,3,,1000,1000,16.158,5.0,1000,1000,16.094,2.0,5,true,1000,0,61.888,40.987,41.954,42.314,4031.025,4067.928,28.492,28.492,2.3,20,20,230,same_worker,29,715226
yjit-off/puma-response-string-10kb/raptor-3r/repeat-3,yjit-off,false,puma-response-string-10kb,puma-response-time-wrk,puma/benchmarks/local/response_time_wrk,https://github.com/puma/puma/blob/main/benchmarks/local/response_time_wrk.rb,raptor-3r,3,raptor,3,,1000,1000,16.114,5.0,1000,1000,16.086,2.0,5,true,1000,0,62.058,40.986,41.941,42.19,4029.006,4030.6,28.508,28.508,2.295,20,20,230,same_worker,30,718306
yjit-off/puma-response-io-10kb/raptor-3r/repeat-3,yjit-off,false,puma-response-io-10kb,puma-response-time-wrk,puma/benchmarks/local/response_time_wrk,https://github.com/puma/puma/blob/main/benchmarks/local/response_time_wrk.rb,raptor-3r,3,raptor,3,,1000,1000,16.128,5.0,1000,1000,16.097,2.0,5,true,1000,0,62.003,40.988,41.974,42.293,4035.114,4035.881,29.086,29.086,2.3,20,20,230,same_worker,31,744137
yjit-off/puma-response-array-100kb/raptor-3r/repeat-3,yjit-off,false,puma-response-array-100kb,puma-response-time-wrk,puma/benchmarks/local/response_time_wrk,https://github.com/puma/puma/blob/main/benchmarks/local/response_time_wrk.rb,raptor-3r,3,raptor,3,,1000,1000,15.564,5.0,1000,1000,15.221,2.0,5,true,1000,0,64.251,40.978,41.977,42.118,3870.346,3909.037,29.16,29.16,2.39,20,20,222,same_worker,29,720364
yjit-off/puma-response-chunk-100kb/raptor-3r/repeat-3,yjit-off,false,puma-response-chunk-100kb,puma-response-time-wrk,puma/benchmarks/local/response_time_wrk,https://github.com/puma/puma/blob/main/benchmarks/local/response_time_wrk.rb,raptor-3r,3,raptor,3,,1000,1000,15.523,5.0,1000,1000,14.494,2.0,5,true,1000,0,64.419,40.98,41.974,42.061,3948.599,3992.491,29.16,29.16,2.5,20,20,222,same_worker,29,715170
yjit-off/puma-response-string-100kb/raptor-3r/repeat-3,yjit-off,false,puma-response-string-100kb,puma-response-time-wrk,puma/benchmarks/local/response_time_wrk,https://github.com/puma/puma/blob/main/benchmarks/local/response_time_wrk.rb,raptor-3r,3,raptor,3,,15945,1000,5.001,5.0,1000,6668,2.001,2.0,5,true,15945,0,3188.05,0.885,1.513,6.283,91.511,98.211,29.508,29.508,3.825,20,20,69,same_worker,481,11465910
yjit-off/puma-response-io-100kb/raptor-3r/repeat-3,yjit-off,false,puma-response-io-100kb,puma-response-time-wrk,puma/benchmarks/local/response_time_wrk,https://github.com/puma/puma/blob/main/benchmarks/local/response_time_wrk.rb,raptor-3r,3,raptor,3,,1000,1000,14.761,5.0,1000,1000,14.939,2.0,5,true,1000,0,67.745,40.983,41.988,42.985,3570.976,3591.822,33.25,33.25,4.5,20,20,211,same_worker,42,924929
yjit-off/puma-response-array-256kb/raptor-3r/repeat-3,yjit-off,false,puma-response-array-256kb,puma-response-time-wrk,puma/benchmarks/local/response_time_wrk,https://github.com/puma/puma/blob/main/benchmarks/local/response_time_wrk.rb,raptor-3r,3,raptor,3,,1000,1000,14.815,5.0,1000,1000,14.152,2.0,5,true,1000,0,67.501,41.898,42.575,43.115,3624.065,3626.364,33.25,33.25,4.65,20,20,211,same_worker,31,719336
yjit-off/puma-response-chunk-256kb/raptor-3r/repeat-3,yjit-off,false,puma-response-chunk-256kb,puma-response-time-wrk,puma/benchmarks/local/response_time_wrk,https://github.com/puma/puma/blob/main/benchmarks/local/response_time_wrk.rb,raptor-3r,3,raptor,3,,1000,1000,14.295,5.0,1000,1000,14.676,2.0,5,true,1000,0,69.955,41.869,42.35,43.033,3656.476,3660.077,33.25,33.25,4.775,20,20,204,same_worker,30,715144
yjit-off/puma-response-string-256kb/raptor-3r/repeat-3,yjit-off,false,puma-response-string-256kb,puma-response-time-wrk,puma/benchmarks/local/response_time_wrk,https://github.com/puma/puma/blob/main/benchmarks/local/response_time_wrk.rb,raptor-3r,3,raptor,3,,11389,1000,5.002,5.0,1000,4829,2.012,2.0,5,true,11389,0,2277.107,1.162,2.076,35.614,124.47,184.976,33.582,33.582,5.55,20,20,68,same_worker,356,8190018
yjit-off/puma-response-io-256kb/raptor-3r/repeat-3,yjit-off,false,puma-response-io-256kb,puma-response-time-wrk,puma/benchmarks/local/response_time_wrk,https://github.com/puma/puma/blob/main/benchmarks/local/response_time_wrk.rb,raptor-3r,3,raptor,3,,1000,1000,14.895,5.0,1000,1000,14.687,2.0,5,true,1000,0,67.135,41.958,42.91,43.302,3751.939,3834.606,38.305,38.305,6.075,20,20,213,same_worker,60,1236369
yjit-off/puma-response-array-512kb/raptor-3r/repeat-3,yjit-off,false,puma-response-array-512kb,puma-response-time-wrk,puma/benchmarks/local/response_time_wrk,https://github.com/puma/puma/blob/main/benchmarks/local/response_time_wrk.rb,raptor-3r,3,raptor,3,,1000,1000,15.581,5.0,1000,1000,14.857,2.0,5,true,1000,0,64.179,41.981,42.996,44.149,4011.806,4055.201,38.305,38.305,6.27,20,20,222,same_worker,32,719415
yjit-off/puma-response-chunk-512kb/raptor-3r/repeat-3,yjit-off,false,puma-response-chunk-512kb,puma-response-time-wrk,puma/benchmarks/local/response_time_wrk,https://github.com/puma/puma/blob/main/benchmarks/local/response_time_wrk.rb,raptor-3r,3,raptor,3,,1000,1000,15.844,5.0,1000,1000,15.197,2.0,5,true,1000,0,63.115,41.977,42.982,43.891,3978.504,4092.999,38.305,38.305,6.465,20,20,226,same_worker,31,716339
yjit-off/puma-response-string-512kb/raptor-3r/repeat-3,yjit-off,false,puma-response-string-512kb,puma-response-time-wrk,puma/benchmarks/local/response_time_wrk,https://github.com/puma/puma/blob/main/benchmarks/local/response_time_wrk.rb,raptor-3r,3,raptor,3,,9094,1000,5.003,5.0,1000,3700,2.002,2.0,5,true,9094,0,1817.803,1.482,2.442,13.98,163.087,203.499,38.434,38.434,7.005,20,20,68,same_worker,292,6540656
yjit-off/puma-response-io-512kb/raptor-3r/repeat-3,yjit-off,false,puma-response-io-512kb,puma-response-time-wrk,puma/benchmarks/local/response_time_wrk,https://github.com/puma/puma/blob/main/benchmarks/local/response_time_wrk.rb,raptor-3r,3,raptor,3,,1000,1000,15.699,5.0,1000,1000,16.288,2.0,5,true,1000,0,63.697,42.026,43.217,44.048,3963.476,4006.347,44.277,44.277,7.47,20,20,224,same_worker,92,1749523
yjit-off/puma-response-array-1024kb/raptor-3r/repeat-3,yjit-off,false,puma-response-array-1024kb,puma-response-time-wrk,puma/benchmarks/local/response_time_wrk,https://github.com/puma/puma/blob/main/benchmarks/local/response_time_wrk.rb,raptor-3r,3,raptor,3,,1000,1000,15.606,5.0,1000,1000,16.094,2.0,5,true,1000,0,64.076,43.004,44.424,46.747,3689.267,4025.239,44.277,44.277,7.92,20,20,222,same_worker,33,718122
yjit-off/puma-response-chunk-1024kb/raptor-3r/repeat-3,yjit-off,false,puma-response-chunk-1024kb,puma-response-time-wrk,puma/benchmarks/local/response_time_wrk,https://github.com/puma/puma/blob/main/benchmarks/local/response_time_wrk.rb,raptor-3r,3,raptor,3,,1000,1000,15.602,5.0,1000,1000,15.793,2.0,5,true,1000,0,64.093,42.993,44.322,46.06,3846.231,3855.814,44.277,44.277,8.375,20,20,222,same_worker,32,716345
yjit-off/puma-response-string-1024kb/raptor-3r/repeat-3,yjit-off,false,puma-response-string-1024kb,puma-response-time-wrk,puma/benchmarks/local/response_time_wrk,https://github.com/puma/puma/blob/main/benchmarks/local/response_time_wrk.rb,raptor-3r,3,raptor,3,,5919,1000,5.004,5.0,1000,2291,2.003,2.0,5,true,5919,0,1182.89,2.239,4.1,14.62,249.472,268.032,46.691,46.691,8.765,20,20,66,same_worker,195,4257510
yjit-off/puma-response-io-1024kb/raptor-3r/repeat-3,yjit-off,false,puma-response-io-1024kb,puma-response-time-wrk,puma/benchmarks/local/response_time_wrk,https://github.com/puma/puma/blob/main/benchmarks/local/response_time_wrk.rb,raptor-3r,3,raptor,3,,1000,1000,16.192,5.0,1000,1000,16.578,2.0,5,true,1000,0,61.758,43.977,45.368,53.373,4134.573,4147.707,50.777,50.777,9.445,20,20,230,same_worker,166,2773942
yjit-off/puma-response-array-2048kb/raptor-3r/repeat-3,yjit-off,false,puma-response-array-2048kb,puma-response-time-wrk,puma/benchmarks/local/response_time_wrk,https://github.com/puma/puma/blob/main/benchmarks/local/response_time_wrk.rb,raptor-3r,3,raptor,3,,1000,1000,16.32,5.0,1000,1000,16.449,2.0,5,true,1000,0,61.273,45.926,47.105,48.822,4005.458,4203.59,50.777,50.777,10.345,20,20,232,same_worker,33,719348
yjit-off/puma-response-chunk-2048kb/raptor-3r/repeat-3,yjit-off,false,puma-response-chunk-2048kb,puma-response-time-wrk,puma/benchmarks/local/response_time_wrk,https://github.com/puma/puma/blob/main/benchmarks/local/response_time_wrk.rb,raptor-3r,3,raptor,3,,1000,1000,16.295,5.0,1000,1000,16.887,2.0,5,true,1000,0,61.37,45.926,47.099,49.51,4051.947,4285.162,50.777,50.777,11.32,20,20,231,same_worker,33,714755
yjit-off/puma-response-string-2048kb/raptor-3r/repeat-3,yjit-off,false,puma-response-string-2048kb,puma-response-time-wrk,puma/benchmarks/local/response_time_wrk,https://github.com/puma/puma/blob/main/benchmarks/local/response_time_wrk.rb,raptor-3r,3,raptor,3,,3573,1000,5.006,5.0,1000,1476,2.006,2.0,5,true,3573,0,713.799,4.113,5.635,10.306,419.734,431.474,56.789,56.789,11.685,20,20,63,same_worker,120,2569583
yjit-off/puma-response-io-2048kb/raptor-3r/repeat-3,yjit-off,false,puma-response-io-2048kb,puma-response-time-wrk,puma/benchmarks/local/response_time_wrk,https://github.com/puma/puma/blob/main/benchmarks/local/response_time_wrk.rb,raptor-3r,3,raptor,3,,1000,1000,17.5,5.0,1000,1000,17.695,2.0,5,true,1000,0,57.144,46.974,49.107,56.888,4362.952,4423.419,64.02,62.879,12.725,20,20,249,same_worker,284,4822257
yjit-off/puma-long-tail-fib-200ms-x6p0/raptor-3r/repeat-3,yjit-off,false,puma-long-tail-fib-200ms-x6p0,puma-long-tail-hey,puma/benchmarks/local/long_tail_hey + test/rackup/sleep_fibonacci,https://github.com/puma/puma/blob/main/benchmarks/local/long_tail_hey.rb,raptor-3r,3,raptor,3,,363,360,29.009,5.0,360,360,28.794,2.0,18,true,363,0,12.513,241.853,243.236,19609.189,24403.352,24403.441,63.098,63.098,21.635,20,20,404,same_worker,2,64841
yjit-off/puma-long-tail-fib-200ms-x4p0/raptor-3r/repeat-3,yjit-off,false,puma-long-tail-fib-200ms-x4p0,puma-long-tail-hey,puma/benchmarks/local/long_tail_hey + test/rackup/sleep_fibonacci,https://github.com/puma/puma/blob/main/benchmarks/local/long_tail_hey.rb,raptor-3r,3,raptor,3,,243,240,19.429,5.0,240,240,19.182,2.0,12,true,243,0,12.507,241.904,243.311,12812.545,14829.068,14829.1,63.121,63.121,29.505,20,20,271,same_worker,1,42177
yjit-off/puma-long-tail-fib-200ms-x3p0/raptor-3r/repeat-3,yjit-off,false,puma-long-tail-fib-200ms-x3p0,puma-long-tail-hey,puma/benchmarks/local/long_tail_hey + test/rackup/sleep_fibonacci,https://github.com/puma/puma/blob/main/benchmarks/local/long_tail_hey.rb,raptor-3r,3,raptor,3,,183,180,14.626,5.0,180,180,14.391,2.0,9,true,183,0,12.512,241.855,242.639,10023.897,10025.425,10025.745,63.121,63.121,34.695,20,20,205,same_worker,1,30528
yjit-off/puma-long-tail-fib-200ms-x2p0/raptor-3r/repeat-3,yjit-off,false,puma-long-tail-fib-200ms-x2p0,puma-long-tail-hey,puma/benchmarks/local/long_tail_hey + test/rackup/sleep_fibonacci,https://github.com/puma/puma/blob/main/benchmarks/local/long_tail_hey.rb,raptor-3r,3,raptor,3,,123,120,9.831,5.0,120,120,9.589,2.0,6,true,123,0,12.511,241.841,242.674,5231.477,5232.037,5232.047,63.129,63.129,38.095,20,20,138,same_worker,1,22778
yjit-off/puma-long-tail-fib-200ms-x1p5/raptor-3r/repeat-3,yjit-off,false,puma-long-tail-fib-200ms-x1p5,puma-long-tail-hey,puma/benchmarks/local/long_tail_hey + test/rackup/sleep_fibonacci,https://github.com/puma/puma/blob/main/benchmarks/local/long_tail_hey.rb,raptor-3r,3,raptor,3,,103,100,9.83,5.0,100,100,9.588,2.0,5,true,103,0,10.478,241.886,242.259,5137.167,5237.86,5237.952,63.137,63.137,40.605,20,20,139,same_worker,1,17971
yjit-off/puma-long-tail-fib-200ms-x1p0/raptor-3r/repeat-3,yjit-off,false,puma-long-tail-fib-200ms-x1p0,puma-long-tail-hey,puma/benchmarks/local/long_tail_hey + test/rackup/sleep_fibonacci,https://github.com/puma/puma/blob/main/benchmarks/local/long_tail_hey.rb,raptor-3r,3,raptor,3,,63,60,5.035,5.0,60,60,4.794,2.0,3,true,63,0,12.512,241.8,242.51,242.79,242.965,242.984,63.148,63.148,42.145,20,20,71,same_worker,1,12000
yjit-off/puma-long-tail-fib-200ms-x0p5/raptor-3r/repeat-3,yjit-off,false,puma-long-tail-fib-200ms-x0p5,puma-long-tail-hey,puma/benchmarks/local/long_tail_hey + test/rackup/sleep_fibonacci,https://github.com/puma/puma/blob/main/benchmarks/local/long_tail_hey.rb,raptor-3r,3,raptor,3,,42,40,5.037,5.0,40,40,4.797,2.0,2,true,42,0,8.338,241.903,242.138,242.249,242.265,242.267,63.148,63.148,43.08,20,20,72,same_worker,0,7984
yjit-off/puma-sleep-fibonacci-1ms/raptor-3r/repeat-3,yjit-off,false,puma-sleep-fibonacci-1ms,puma-sleep-fibonacci-test,puma/benchmarks/local/sleep_fibonacci_test + test/rackup/sleep_fibonacci,https://github.com/puma/puma/blob/main/benchmarks/local/sleep_fibonacci_test.rb,raptor-3r,3,raptor,3,,122,10,5.006,5.0,10,49,2.017,2.0,1,true,122,0,24.37,41.968,42.073,42.957,42.976,42.978,63.164,63.164,43.075,20,20,73,same_worker,1,20477
yjit-off/puma-sleep-fibonacci-5ms/raptor-3r/repeat-3,yjit-off,false,puma-sleep-fibonacci-5ms,puma-sleep-fibonacci-test,puma/benchmarks/local/sleep_fibonacci_test + test/rackup/sleep_fibonacci,https://github.com/puma/puma/blob/main/benchmarks/local/sleep_fibonacci_test.rb,raptor-3r,3,raptor,3,,110,10,5.047,5.0,10,44,2.027,2.0,1,true,110,0,21.795,46.967,47.075,47.887,48.02,48.029,63.168,63.168,42.805,20,20,73,same_worker,1,19261
yjit-off/puma-sleep-fibonacci-10ms/raptor-3r/repeat-3,yjit-off,false,puma-sleep-fibonacci-10ms,puma-sleep-fibonacci-test,puma/benchmarks/local/sleep_fibonacci_test + test/rackup/sleep_fibonacci,https://github.com/puma/puma/blob/main/benchmarks/local/sleep_fibonacci_test.rb,raptor-3r,3,raptor,3,,99,10,5.032,5.0,10,40,2.017,2.0,1,true,99,0,19.674,50.98,51.96,52.048,52.859,52.949,63.18,63.18,42.575,20,20,73,same_worker,1,19238
yjit-off/puma-sleep-fibonacci-50ms/raptor-3r/repeat-3,yjit-off,false,puma-sleep-fibonacci-50ms,puma-sleep-fibonacci-test,puma/benchmarks/local/sleep_fibonacci_test + test/rackup/sleep_fibonacci,https://github.com/puma/puma/blob/main/benchmarks/local/sleep_fibonacci_test.rb,raptor-3r,3,raptor,3,,55,10,5.018,5.0,10,23,2.074,2.0,1,true,55,0,10.96,91.963,92.639,92.914,92.915,92.915,63.188,63.188,42.5,20,20,73,same_worker,0,8315
yjit-off/puma-sleep-fibonacci-100ms/raptor-3r/repeat-3,yjit-off,false,puma-sleep-fibonacci-100ms,puma-sleep-fibonacci-test,puma/benchmarks/local/sleep_fibonacci_test + test/rackup/sleep_fibonacci,https://github.com/puma/puma/blob/main/benchmarks/local/sleep_fibonacci_test.rb,raptor-3r,3,raptor,3,,36,10,5.059,5.0,10,15,2.087,2.0,1,true,36,0,7.116,141.931,142.015,142.214,142.299,142.309,63.199,63.199,42.5,20,20,73,same_worker,1,7035
yjit-off/puma-sleep-fibonacci-200ms/raptor-3r/repeat-3,yjit-off,false,puma-sleep-fibonacci-200ms,puma-sleep-fibonacci-test,puma/benchmarks/local/sleep_fibonacci_test + test/rackup/sleep_fibonacci,https://github.com/puma/puma/blob/main/benchmarks/local/sleep_fibonacci_test.rb,raptor-3r,3,raptor,3,,21,10,5.034,5.0,10,10,2.376,2.0,1,true,21,0,4.172,241.879,242.049,242.176,242.205,242.208,63.199,63.199,42.63,20,20,73,same_worker,0,3888
yjit-off/puma-response-array-1kb/puma-1w-3t/repeat-1,yjit-off,false,puma-response-array-1kb,puma-response-time-wrk,puma/benchmarks/local/response_time_wrk,https://github.com/puma/puma/blob/main/benchmarks/local/response_time_wrk.rb,puma-1w-3t,3,puma,1,3,22214,1000,5.004,5.0,1000,8992,2.001,2.0,5,true,22214,0,4439.685,1.075,1.514,1.811,2.295,3.095,65.41,65.41,95.205,20,20,69,multiprocess_sample_only,,
yjit-off/puma-response-chunk-1kb/puma-1w-3t/repeat-1,yjit-off,false,puma-response-chunk-1kb,puma-response-time-wrk,puma/benchmarks/local/response_time_wrk,https://github.com/puma/puma/blob/main/benchmarks/local/response_time_wrk.rb,puma-1w-3t,3,puma,1,3,21703,1000,5.001,5.0,1000,8873,2.001,2.0,5,true,21703,0,4339.81,1.102,1.545,1.853,2.356,3.104,65.762,65.762,91.515,20,20,69,multiprocess_sample_only,,
yjit-off/puma-response-string-1kb/puma-1w-3t/repeat-1,yjit-off,false,puma-response-string-1kb,puma-response-time-wrk,puma/benchmarks/local/response_time_wrk,https://github.com/puma/puma/blob/main/benchmarks/local/response_time_wrk.rb,puma-1w-3t,3,puma,1,3,22162,1000,5.001,5.0,1000,9042,2.001,2.0,5,true,22162,0,4431.42,1.075,1.546,1.834,2.342,3.358,65.949,65.949,90.815,20,20,69,multiprocess_sample_only,,
yjit-off/puma-response-io-1kb/puma-1w-3t/repeat-1,yjit-off,false,puma-response-io-1kb,puma-response-time-wrk,puma/benchmarks/local/response_time_wrk,https://github.com/puma/puma/blob/main/benchmarks/local/response_time_wrk.rb,puma-1w-3t,3,puma,1,3,21855,1000,5.001,5.0,1000,9025,2.001,2.0,5,true,21855,0,4370.201,1.09,1.593,1.915,2.473,3.273,66.188,66.188,92.15,20,20,69,multiprocess_sample_only,,
yjit-off/puma-response-array-10kb/puma-1w-3t/repeat-1,yjit-off,false,puma-response-array-10kb,puma-response-time-wrk,puma/benchmarks/local/response_time_wrk,https://github.com/puma/puma/blob/main/benchmarks/local/response_time_wrk.rb,puma-1w-3t,3,puma,1,3,21814,1000,5.001,5.0,1000,8897,2.001,2.0,5,true,21814,0,4361.919,1.092,1.575,1.87,2.364,3.057,67.797,67.797,92.555,20,20,69,multiprocess_sample_only,,
yjit-off/puma-response-chunk-10kb/puma-1w-3t/repeat-1,yjit-off,false,puma-response-chunk-10kb,puma-response-time-wrk,puma/benchmarks/local/response_time_wrk,https://github.com/puma/puma/blob/main/benchmarks/local/response_time_wrk.rb,puma-1w-3t,3,puma,1,3,18717,1000,5.001,5.0,1000,7688,2.001,2.0,5,true,18717,0,3742.806,1.283,1.811,2.149,2.768,4.933,68.121,68.121,92.025,20,20,68,multiprocess_sample_only,,
yjit-off/puma-response-string-10kb/puma-1w-3t/repeat-1,yjit-off,false,puma-response-string-10kb,puma-response-time-wrk,puma/benchmarks/local/response_time_wrk,https://github.com/puma/puma/blob/main/benchmarks/local/response_time_wrk.rb,puma-1w-3t,3,puma,1,3,21720,1000,5.001,5.0,1000,8906,2.001,2.0,5,true,21720,0,4343.073,1.094,1.603,1.986,2.561,3.954,68.68,68.582,91.735,20,20,69,multiprocess_sample_only,,
yjit-off/puma-response-io-10kb/puma-1w-3t/repeat-1,yjit-off,false,puma-response-io-10kb,puma-response-time-wrk,puma/benchmarks/local/response_time_wrk,https://github.com/puma/puma/blob/main/benchmarks/local/response_time_wrk.rb,puma-1w-3t,3,puma,1,3,21483,1000,5.001,5.0,1000,8861,2.001,2.0,5,true,21483,0,4295.789,1.107,1.615,2.003,2.502,3.468,69.438,69.027,92.3,20,20,69,multiprocess_sample_only,,
yjit-off/puma-response-array-100kb/puma-1w-3t/repeat-1,yjit-off,false,puma-response-array-100kb,puma-response-time-wrk,puma/benchmarks/local/response_time_wrk,https://github.com/puma/puma/blob/main/benchmarks/local/response_time_wrk.rb,puma-1w-3t,3,puma,1,3,17444,1000,5.001,5.0,1000,6920,2.001,2.0,5,true,17444,0,3487.979,1.386,1.844,2.242,2.908,3.537,77.625,76.891,92.325,20,20,68,multiprocess_sample_only,,
yjit-off/puma-response-chunk-100kb/puma-1w-3t/repeat-1,yjit-off,false,puma-response-chunk-100kb,puma-response-time-wrk,puma/benchmarks/local/response_time_wrk,https://github.com/puma/puma/blob/main/benchmarks/local/response_time_wrk.rb,puma-1w-3t,3,puma,1,3,8517,1000,5.002,5.0,1000,3491,2.002,2.0,5,true,8517,0,1702.729,2.888,3.561,4.0,5.275,6.503,73.434,73.207,91.845,20,20,65,multiprocess_sample_only,,
yjit-off/puma-response-string-100kb/puma-1w-3t/repeat-1,yjit-off,false,puma-response-string-100kb,puma-response-time-wrk,puma/benchmarks/local/response_time_wrk,https://github.com/puma/puma/blob/main/benchmarks/local/response_time_wrk.rb,puma-1w-3t,3,puma,1,3,17212,1000,5.001,5.0,1000,6971,2.001,2.0,5,true,17212,0,3441.702,1.397,1.875,2.324,4.126,5.688,77.668,77.363,91.2,20,20,68,multiprocess_sample_only,,
yjit-off/puma-response-io-100kb/puma-1w-3t/repeat-1,yjit-off,false,puma-response-io-100kb,puma-response-time-wrk,puma/benchmarks/local/response_time_wrk,https://github.com/puma/puma/blob/main/benchmarks/local/response_time_wrk.rb,puma-1w-3t,3,puma,1,3,16482,1000,5.034,5.0,1000,6701,2.03,2.0,5,true,16482,0,3274.165,0.918,1.589,40.92,42.148,43.169,70.332,70.332,90.345,20,20,70,multiprocess_sample_only,,
yjit-off/puma-response-array-256kb/puma-1w-3t/repeat-1,yjit-off,false,puma-response-array-256kb,puma-response-time-wrk,puma/benchmarks/local/response_time_wrk,https://github.com/puma/puma/blob/main/benchmarks/local/response_time_wrk.rb,puma-1w-3t,3,puma,1,3,11761,1000,5.002,5.0,1000,4759,2.002,2.0,5,true,11761,0,2351.397,1.852,3.425,5.807,13.534,15.233,109.543,100.18,89.54,20,20,66,multiprocess_sample_only,,
yjit-off/puma-response-chunk-256kb/puma-1w-3t/repeat-1,yjit-off,false,puma-response-chunk-256kb,puma-response-time-wrk,puma/benchmarks/local/response_time_wrk,https://github.com/puma/puma/blob/main/benchmarks/local/response_time_wrk.rb,puma-1w-3t,3,puma,1,3,4512,1000,5.006,5.0,1000,1859,2.005,2.0,5,true,4512,0,901.232,5.547,6.529,7.076,10.025,11.707,79.512,78.582,89.03,20,20,61,multiprocess_sample_only,,
yjit-off/puma-response-string-256kb/puma-1w-3t/repeat-1,yjit-off,false,puma-response-string-256kb,puma-response-time-wrk,puma/benchmarks/local/response_time_wrk,https://github.com/puma/puma/blob/main/benchmarks/local/response_time_wrk.rb,puma-1w-3t,3,puma,1,3,12095,1000,5.001,5.0,1000,5034,2.002,2.0,5,true,12095,0,2418.365,1.799,3.48,5.347,12.878,15.234,70.371,70.184,87.745,20,20,66,multiprocess_sample_only,,
yjit-off/puma-response-io-256kb/puma-1w-3t/repeat-1,yjit-off,false,puma-response-io-256kb,puma-response-time-wrk,puma/benchmarks/local/response_time_wrk,https://github.com/puma/puma/blob/main/benchmarks/local/response_time_wrk.rb,puma-1w-3t,3,puma,1,3,11636,1000,5.004,5.0,1000,4773,2.002,2.0,5,true,11636,0,2325.195,1.868,3.622,5.817,13.169,13.99,70.434,70.059,86.095,20,20,66,multiprocess_sample_only,,
yjit-off/puma-response-array-512kb/puma-1w-3t/repeat-1,yjit-off,false,puma-response-array-512kb,puma-response-time-wrk,puma/benchmarks/local/response_time_wrk,https://github.com/puma/puma/blob/main/benchmarks/local/response_time_wrk.rb,puma-1w-3t,3,puma,1,3,8154,1000,5.002,5.0,1000,3248,2.006,2.0,5,true,8154,0,1630.09,2.614,5.449,14.359,16.48,16.938,119.719,119.719,85.235,20,20,63,multiprocess_sample_only,,
yjit-off/puma-response-chunk-512kb/puma-1w-3t/repeat-1,yjit-off,false,puma-response-chunk-512kb,puma-response-time-wrk,puma/benchmarks/local/response_time_wrk,https://github.com/puma/puma/blob/main/benchmarks/local/response_time_wrk.rb,puma-1w-3t,3,puma,1,3,2513,1000,5.008,5.0,1000,1049,2.007,2.0,5,true,2513,0,501.805,9.99,11.547,12.309,18.197,19.95,81.742,80.805,84.85,20,20,54,multiprocess_sample_only,,
yjit-off/puma-response-string-512kb/puma-1w-3t/repeat-1,yjit-off,false,puma-response-string-512kb,puma-response-time-wrk,puma/benchmarks/local/response_time_wrk,https://github.com/puma/puma/blob/main/benchmarks/local/response_time_wrk.rb,puma-1w-3t,3,puma,1,3,8520,1000,5.01,5.0,1000,3567,2.004,2.0,5,true,8520,0,1700.612,2.444,5.232,13.963,16.933,18.399,76.301,76.301,83.59,20,20,64,multiprocess_sample_only,,
yjit-off/puma-response-io-512kb/puma-1w-3t/repeat-1,yjit-off,false,puma-response-io-512kb,puma-response-time-wrk,puma/benchmarks/local/response_time_wrk,https://github.com/puma/puma/blob/main/benchmarks/local/response_time_wrk.rb,puma-1w-3t,3,puma,1,3,8325,1000,5.005,5.0,1000,3290,2.002,2.0,5,true,8325,0,1663.362,2.513,5.235,13.658,17.066,222.452,76.305,76.305,81.74,20,20,64,multiprocess_sample_only,,
yjit-off/puma-response-array-1024kb/puma-1w-3t/repeat-1,yjit-off,false,puma-response-array-1024kb,puma-response-time-wrk,puma/benchmarks/local/response_time_wrk,https://github.com/puma/puma/blob/main/benchmarks/local/response_time_wrk.rb,puma-1w-3t,3,puma,1,3,5322,1000,5.003,5.0,1000,2152,2.005,2.0,5,true,5322,0,1063.723,4.231,7.417,17.791,20.882,21.482,134.441,123.418,81.135,20,20,62,multiprocess_sample_only,,
yjit-off/puma-response-chunk-1024kb/puma-1w-3t/repeat-1,yjit-off,false,puma-response-chunk-1024kb,puma-response-time-wrk,puma/benchmarks/local/response_time_wrk,https://github.com/puma/puma/blob/main/benchmarks/local/response_time_wrk.rb,puma-1w-3t,3,puma,1,3,1325,1000,5.015,5.0,1000,1000,3.653,2.0,5,true,1325,0,264.192,18.85,21.738,22.824,33.981,35.3,83.332,83.273,80.9,20,20,44,multiprocess_sample_only,,
yjit-off/puma-response-string-1024kb/puma-1w-3t/repeat-1,yjit-off,false,puma-response-string-1024kb,puma-response-time-wrk,puma/benchmarks/local/response_time_wrk,https://github.com/puma/puma/blob/main/benchmarks/local/response_time_wrk.rb,puma-1w-3t,3,puma,1,3,5483,1000,5.011,5.0,1000,2322,2.003,2.0,5,true,5483,0,1094.206,4.101,6.611,17.881,20.501,21.795,81.977,81.977,79.72,20,20,61,multiprocess_sample_only,,
yjit-off/puma-response-io-1024kb/puma-1w-3t/repeat-1,yjit-off,false,puma-response-io-1024kb,puma-response-time-wrk,puma/benchmarks/local/response_time_wrk,https://github.com/puma/puma/blob/main/benchmarks/local/response_time_wrk.rb,puma-1w-3t,3,puma,1,3,5596,1000,5.004,5.0,1000,2228,2.003,2.0,5,true,5596,0,1118.198,3.912,6.848,17.63,20.677,210.055,81.977,81.977,77.845,20,20,62,multiprocess_sample_only,,
yjit-off/puma-response-array-2048kb/puma-1w-3t/repeat-1,yjit-off,false,puma-response-array-2048kb,puma-response-time-wrk,puma/benchmarks/local/response_time_wrk,https://github.com/puma/puma/blob/main/benchmarks/local/response_time_wrk.rb,puma-1w-3t,3,puma,1,3,3299,1000,5.007,5.0,1000,1303,2.006,2.0,5,true,3299,0,658.836,7.227,12.936,15.362,17.787,19.602,126.867,102.938,77.685,20,20,67,multiprocess_sample_only,,
yjit-off/puma-response-chunk-2048kb/puma-1w-3t/repeat-1,yjit-off,false,puma-response-chunk-2048kb,puma-response-time-wrk,puma/benchmarks/local/response_time_wrk,https://github.com/puma/puma/blob/main/benchmarks/local/response_time_wrk.rb,puma-1w-3t,3,puma,1,3,1000,1000,7.128,5.0,1000,1000,6.76,2.0,5,true,1000,0,140.284,35.418,40.4,42.321,46.535,51.365,85.977,83.59,78.1,20,20,47,multiprocess_sample_only,,
yjit-off/puma-response-string-2048kb/puma-1w-3t/repeat-1,yjit-off,false,puma-response-string-2048kb,puma-response-time-wrk,puma/benchmarks/local/response_time_wrk,https://github.com/puma/puma/blob/main/benchmarks/local/response_time_wrk.rb,puma-1w-3t,3,puma,1,3,3483,1000,5.006,5.0,1000,1415,2.005,2.0,5,true,3483,0,695.83,7.074,8.198,8.789,10.229,13.182,82.223,82.223,77.1,20,20,57,multiprocess_sample_only,,
yjit-off/puma-response-io-2048kb/puma-1w-3t/repeat-1,yjit-off,false,puma-response-io-2048kb,puma-response-time-wrk,puma/benchmarks/local/response_time_wrk,https://github.com/puma/puma/blob/main/benchmarks/local/response_time_wrk.rb,puma-1w-3t,3,puma,1,3,3475,1000,5.007,5.0,1000,1437,2.007,2.0,5,true,3475,0,694.091,6.97,8.601,10.055,20.678,25.799,82.223,82.223,75.415,20,20,57,multiprocess_sample_only,,
yjit-off/puma-long-tail-fib-200ms-x6p0/puma-1w-3t/repeat-1,yjit-off,false,puma-long-tail-fib-200ms-x6p0,puma-long-tail-hey,puma/benchmarks/local/long_tail_hey + test/rackup/sleep_fibonacci,https://github.com/puma/puma/blob/main/benchmarks/local/long_tail_hey.rb,puma-1w-3t,3,puma,1,3,360,360,50.958,5.0,360,360,50.971,2.0,18,true,360,0,7.065,2559.09,2593.226,2605.133,2611.266,2613.461,101.0,101.0,81.585,20,20,718,multiprocess_sample_only,,
yjit-off/puma-long-tail-fib-200ms-x4p0/puma-1w-3t/repeat-1,yjit-off,false,puma-long-tail-fib-200ms-x4p0,puma-long-tail-hey,puma/benchmarks/local/long_tail_hey + test/rackup/sleep_fibonacci,https://github.com/puma/puma/blob/main/benchmarks/local/long_tail_hey.rb,puma-1w-3t,3,puma,1,3,240,240,33.976,5.0,240,240,33.962,2.0,12,true,240,0,7.064,1707.591,1732.113,1744.692,1752.214,1752.804,101.16,101.16,85.55,20,20,479,multiprocess_sample_only,,
yjit-off/puma-long-tail-fib-200ms-x3p0/puma-1w-3t/repeat-1,yjit-off,false,puma-long-tail-fib-200ms-x3p0,puma-long-tail-hey,puma/benchmarks/local/long_tail_hey + test/rackup/sleep_fibonacci,https://github.com/puma/puma/blob/main/benchmarks/local/long_tail_hey.rb,puma-1w-3t,3,puma,1,3,180,180,25.474,5.0,180,180,25.479,2.0,9,true,180,0,7.066,1274.352,1300.35,1311.235,1311.886,1312.003,101.227,101.227,87.475,20,20,360,multiprocess_sample_only,,
yjit-off/puma-long-tail-fib-200ms-x2p0/puma-1w-3t/repeat-1,yjit-off,false,puma-long-tail-fib-200ms-x2p0,puma-long-tail-hey,puma/benchmarks/local/long_tail_hey + test/rackup/sleep_fibonacci,https://github.com/puma/puma/blob/main/benchmarks/local/long_tail_hey.rb,puma-1w-3t,3,puma,1,3,120,120,16.988,5.0,120,120,16.981,2.0,6,true,120,0,7.064,847.962,879.355,885.307,886.644,886.796,101.23,101.23,88.53,20,20,241,multiprocess_sample_only,,
yjit-off/puma-long-tail-fib-200ms-x1p5/puma-1w-3t/repeat-1,yjit-off,false,puma-long-tail-fib-200ms-x1p5,puma-long-tail-hey,puma/benchmarks/local/long_tail_hey + test/rackup/sleep_fibonacci,https://github.com/puma/puma/blob/main/benchmarks/local/long_tail_hey.rb,puma-1w-3t,3,puma,1,3,100,100,14.186,5.0,100,100,14.209,2.0,5,true,100,0,7.049,669.884,859.973,862.124,864.503,864.768,101.609,101.609,89.235,20,20,201,multiprocess_sample_only,,
yjit-off/puma-long-tail-fib-200ms-x1p0/puma-1w-3t/repeat-1,yjit-off,false,puma-long-tail-fib-200ms-x1p0,puma-long-tail-hey,puma/benchmarks/local/long_tail_hey + test/rackup/sleep_fibonacci,https://github.com/puma/puma/blob/main/benchmarks/local/long_tail_hey.rb,puma-1w-3t,3,puma,1,3,60,60,8.496,5.0,60,60,8.488,2.0,3,true,60,0,7.062,425.245,438.781,443.419,443.637,443.661,101.609,101.609,89.645,20,20,120,multiprocess_sample_only,,
yjit-off/puma-long-tail-fib-200ms-x0p5/puma-1w-3t/repeat-1,yjit-off,false,puma-long-tail-fib-200ms-x0p5,puma-long-tail-hey,puma/benchmarks/local/long_tail_hey + test/rackup/sleep_fibonacci,https://github.com/puma/puma/blob/main/benchmarks/local/long_tail_hey.rb,puma-1w-3t,3,puma,1,3,40,40,5.658,5.0,40,40,5.663,2.0,2,true,40,0,7.07,282.795,289.196,296.591,300.634,301.084,101.613,101.613,89.89,20,20,81,multiprocess_sample_only,,
yjit-off/puma-sleep-fibonacci-1ms/puma-1w-3t/repeat-1,yjit-off,false,puma-sleep-fibonacci-1ms,puma-sleep-fibonacci-test,puma/benchmarks/local/sleep_fibonacci_test + test/rackup/sleep_fibonacci,https://github.com/puma/puma/blob/main/benchmarks/local/sleep_fibonacci_test.rb,puma-1w-3t,3,puma,1,3,3942,10,5.001,5.0,10,1579,2.001,2.0,1,true,3942,0,788.275,1.241,1.358,1.558,2.343,2.777,101.613,101.613,89.785,20,20,72,multiprocess_sample_only,,
yjit-off/puma-sleep-fibonacci-5ms/puma-1w-3t/repeat-1,yjit-off,false,puma-sleep-fibonacci-5ms,puma-sleep-fibonacci-test,puma/benchmarks/local/sleep_fibonacci_test + test/rackup/sleep_fibonacci,https://github.com/puma/puma/blob/main/benchmarks/local/sleep_fibonacci_test.rb,puma-1w-3t,3,puma,1,3,949,10,5.001,5.0,10,379,2.002,2.0,1,true,949,0,189.781,5.233,5.36,5.543,6.245,6.328,101.613,101.613,89.545,20,20,72,multiprocess_sample_only,,
yjit-off/puma-sleep-fibonacci-10ms/puma-1w-3t/repeat-1,yjit-off,false,puma-sleep-fibonacci-10ms,puma-sleep-fibonacci-test,puma/benchmarks/local/sleep_fibonacci_test + test/rackup/sleep_fibonacci,https://github.com/puma/puma/blob/main/benchmarks/local/sleep_fibonacci_test.rb,puma-1w-3t,3,puma,1,3,481,10,5.004,5.0,10,193,2.001,2.0,1,true,481,0,96.119,10.357,10.485,10.591,11.126,11.477,101.613,101.613,89.3,20,20,72,multiprocess_sample_only,,
yjit-off/puma-sleep-fibonacci-50ms/puma-1w-3t/repeat-1,yjit-off,false,puma-sleep-fibonacci-50ms,puma-sleep-fibonacci-test,puma/benchmarks/local/sleep_fibonacci_test + test/rackup/sleep_fibonacci,https://github.com/puma/puma/blob/main/benchmarks/local/sleep_fibonacci_test.rb,puma-1w-3t,3,puma,1,3,99,10,5.01,5.0,10,40,2.026,2.0,1,true,99,0,19.76,50.546,50.687,50.837,50.957,50.971,101.613,101.613,89.055,20,20,72,multiprocess_sample_only,,
yjit-off/puma-sleep-fibonacci-100ms/puma-1w-3t/repeat-1,yjit-off,false,puma-sleep-fibonacci-100ms,puma-sleep-fibonacci-test,puma/benchmarks/local/sleep_fibonacci_test + test/rackup/sleep_fibonacci,https://github.com/puma/puma/blob/main/benchmarks/local/sleep_fibonacci_test.rb,puma-1w-3t,3,puma,1,3,50,10,5.033,5.0,10,20,2.013,2.0,1,true,50,0,9.935,100.603,100.649,100.818,100.88,100.887,101.613,101.613,88.83,20,20,72,multiprocess_sample_only,,
yjit-off/puma-sleep-fibonacci-200ms/puma-1w-3t/repeat-1,yjit-off,false,puma-sleep-fibonacci-200ms,puma-sleep-fibonacci-test,puma/benchmarks/local/sleep_fibonacci_test + test/rackup/sleep_fibonacci,https://github.com/puma/puma/blob/main/benchmarks/local/sleep_fibonacci_test.rb,puma-1w-3t,3,puma,1,3,25,10,5.018,5.0,10,10,2.007,2.0,1,true,25,0,4.982,200.63,200.795,200.812,200.814,200.814,101.613,101.613,88.59,20,20,72,multiprocess_sample_only,,
yjit-off/puma-response-array-1kb/puma-1w-3t/repeat-2,yjit-off,false,puma-response-array-1kb,puma-response-time-wrk,puma/benchmarks/local/response_time_wrk,https://github.com/puma/puma/blob/main/benchmarks/local/response_time_wrk.rb,puma-1w-3t,3,puma,1,3,22127,1000,5.001,5.0,1000,8926,2.001,2.0,5,true,22127,0,4424.76,1.08,1.506,1.805,2.369,3.492,65.398,65.398,95.315,20,20,68,multiprocess_sample_only,,
yjit-off/puma-response-chunk-1kb/puma-1w-3t/repeat-2,yjit-off,false,puma-response-chunk-1kb,puma-response-time-wrk,puma/benchmarks/local/response_time_wrk,https://github.com/puma/puma/blob/main/benchmarks/local/response_time_wrk.rb,puma-1w-3t,3,puma,1,3,21199,1000,5.001,5.0,1000,8724,2.001,2.0,5,true,21199,0,4239.165,1.115,1.607,2.105,3.518,5.724,70.043,69.91,92.015,20,20,68,multiprocess_sample_only,,
yjit-off/puma-response-string-1kb/puma-1w-3t/repeat-2,yjit-off,false,puma-response-string-1kb,puma-response-time-wrk,puma/benchmarks/local/response_time_wrk,https://github.com/puma/puma/blob/main/benchmarks/local/response_time_wrk.rb,puma-1w-3t,3,puma,1,3,21837,1000,5.001,5.0,1000,8943,2.001,2.0,5,true,21837,0,4366.743,1.087,1.559,1.875,2.384,3.097,70.18,70.18,91.025,20,20,68,multiprocess_sample_only,,
yjit-off/puma-response-io-1kb/puma-1w-3t/repeat-2,yjit-off,false,puma-response-io-1kb,puma-response-time-wrk,puma/benchmarks/local/response_time_wrk,https://github.com/puma/puma/blob/main/benchmarks/local/response_time_wrk.rb,puma-1w-3t,3,puma,1,3,21784,1000,5.001,5.0,1000,8931,2.001,2.0,5,true,21784,0,4355.988,1.091,1.572,1.926,2.527,3.499,70.434,70.434,92.335,20,20,69,multiprocess_sample_only,,
yjit-off/puma-response-array-10kb/puma-1w-3t/repeat-2,yjit-off,false,puma-response-array-10kb,puma-response-time-wrk,puma/benchmarks/local/response_time_wrk,https://github.com/puma/puma/blob/main/benchmarks/local/response_time_wrk.rb,puma-1w-3t,3,puma,1,3,21635,1000,5.001,5.0,1000,8914,2.001,2.0,5,true,21635,0,4326.219,1.092,1.577,1.966,3.616,6.623,72.613,72.613,92.53,20,20,68,multiprocess_sample_only,,
yjit-off/puma-response-chunk-10kb/puma-1w-3t/repeat-2,yjit-off,false,puma-response-chunk-10kb,puma-response-time-wrk,puma/benchmarks/local/response_time_wrk,https://github.com/puma/puma/blob/main/benchmarks/local/response_time_wrk.rb,puma-1w-3t,3,puma,1,3,18683,1000,5.001,5.0,1000,7727,2.001,2.0,5,true,18683,0,3735.997,1.285,1.797,2.201,2.715,3.353,72.922,72.922,91.985,20,20,68,multiprocess_sample_only,,
yjit-off/puma-response-string-10kb/puma-1w-3t/repeat-2,yjit-off,false,puma-response-string-10kb,puma-response-time-wrk,puma/benchmarks/local/response_time_wrk,https://github.com/puma/puma/blob/main/benchmarks/local/response_time_wrk.rb,puma-1w-3t,3,puma,1,3,21742,1000,5.001,5.0,1000,8887,2.001,2.0,5,true,21742,0,4347.609,1.091,1.579,1.899,2.477,3.496,72.969,72.844,91.575,20,20,68,multiprocess_sample_only,,
yjit-off/puma-response-io-10kb/puma-1w-3t/repeat-2,yjit-off,false,puma-response-io-10kb,puma-response-time-wrk,puma/benchmarks/local/response_time_wrk,https://github.com/puma/puma/blob/main/benchmarks/local/response_time_wrk.rb,puma-1w-3t,3,puma,1,3,21384,1000,5.001,5.0,1000,8738,2.001,2.0,5,true,21384,0,4275.99,1.107,1.641,2.045,2.71,3.543,73.855,73.516,92.26,20,20,69,multiprocess_sample_only,,
yjit-off/puma-response-array-100kb/puma-1w-3t/repeat-2,yjit-off,false,puma-response-array-100kb,puma-response-time-wrk,puma/benchmarks/local/response_time_wrk,https://github.com/puma/puma/blob/main/benchmarks/local/response_time_wrk.rb,puma-1w-3t,3,puma,1,3,17326,1000,5.001,5.0,1000,7061,2.001,2.0,5,true,17326,0,3464.603,1.387,1.887,2.21,2.959,3.525,92.699,90.895,92.325,20,20,68,multiprocess_sample_only,,
yjit-off/puma-response-chunk-100kb/puma-1w-3t/repeat-2,yjit-off,false,puma-response-chunk-100kb,puma-response-time-wrk,puma/benchmarks/local/response_time_wrk,https://github.com/puma/puma/blob/main/benchmarks/local/response_time_wrk.rb,puma-1w-3t,3,puma,1,3,8337,1000,5.003,5.0,1000,3454,2.002,2.0,5,true,8337,0,1666.52,2.936,3.707,4.244,5.995,6.898,83.07,82.742,91.555,20,20,65,multiprocess_sample_only,,
yjit-off/puma-response-string-100kb/puma-1w-3t/repeat-2,yjit-off,false,puma-response-string-100kb,puma-response-time-wrk,puma/benchmarks/local/response_time_wrk,https://github.com/puma/puma/blob/main/benchmarks/local/response_time_wrk.rb,puma-1w-3t,3,puma,1,3,17154,1000,5.001,5.0,1000,7052,2.001,2.0,5,true,17154,0,3430.027,1.404,1.835,2.319,3.769,5.221,91.766,91.758,90.74,20,20,68,multiprocess_sample_only,,
yjit-off/puma-response-io-100kb/puma-1w-3t/repeat-2,yjit-off,false,puma-response-io-100kb,puma-response-time-wrk,puma/benchmarks/local/response_time_wrk,https://github.com/puma/puma/blob/main/benchmarks/local/response_time_wrk.rb,puma-1w-3t,3,puma,1,3,15709,1000,5.039,5.0,1000,6166,2.02,2.0,5,true,15709,0,3117.222,0.788,1.549,41.078,42.137,43.019,74.348,74.223,89.525,20,20,70,multiprocess_sample_only,,
yjit-off/puma-response-array-256kb/puma-1w-3t/repeat-2,yjit-off,false,puma-response-array-256kb,puma-response-time-wrk,puma/benchmarks/local/response_time_wrk,https://github.com/puma/puma/blob/main/benchmarks/local/response_time_wrk.rb,puma-1w-3t,3,puma,1,3,12821,1000,5.001,5.0,1000,5107,2.001,2.0,5,true,12821,0,2563.484,1.767,2.881,3.789,12.867,14.775,112.172,108.117,88.835,20,20,67,multiprocess_sample_only,,
yjit-off/puma-response-chunk-256kb/puma-1w-3t/repeat-2,yjit-off,false,puma-response-chunk-256kb,puma-response-time-wrk,puma/benchmarks/local/response_time_wrk,https://github.com/puma/puma/blob/main/benchmarks/local/response_time_wrk.rb,puma-1w-3t,3,puma,1,3,4486,1000,5.006,5.0,1000,1790,2.004,2.0,5,true,4486,0,896.065,5.559,6.552,7.104,8.939,11.375,87.844,86.102,88.475,20,20,61,multiprocess_sample_only,,
yjit-off/puma-response-string-256kb/puma-1w-3t/repeat-2,yjit-off,false,puma-response-string-256kb,puma-response-time-wrk,puma/benchmarks/local/response_time_wrk,https://github.com/puma/puma/blob/main/benchmarks/local/response_time_wrk.rb,puma-1w-3t,3,puma,1,3,12363,1000,5.001,5.0,1000,5146,2.001,2.0,5,true,12363,0,2471.908,1.778,3.199,5.103,13.798,15.164,78.723,78.473,87.2,20,20,66,multiprocess_sample_only,,
yjit-off/puma-response-io-256kb/puma-1w-3t/repeat-2,yjit-off,false,puma-response-io-256kb,puma-response-time-wrk,puma/benchmarks/local/response_time_wrk,https://github.com/puma/puma/blob/main/benchmarks/local/response_time_wrk.rb,puma-1w-3t,3,puma,1,3,12150,1000,5.001,5.0,1000,5025,2.001,2.0,5,true,12150,0,2429.4,1.842,2.948,4.52,14.223,14.83,78.535,78.535,85.635,20,20,66,multiprocess_sample_only,,
yjit-off/puma-response-array-512kb/puma-1w-3t/repeat-2,yjit-off,false,puma-response-array-512kb,puma-response-time-wrk,puma/benchmarks/local/response_time_wrk,https://github.com/puma/puma/blob/main/benchmarks/local/response_time_wrk.rb,puma-1w-3t,3,puma,1,3,8595,1000,5.002,5.0,1000,3371,2.002,2.0,5,true,8595,0,1718.29,2.52,4.481,14.901,20.094,28.17,124.637,123.887,84.96,20,20,64,multiprocess_sample_only,,
yjit-off/puma-response-chunk-512kb/puma-1w-3t/repeat-2,yjit-off,false,puma-response-chunk-512kb,puma-response-time-wrk,puma/benchmarks/local/response_time_wrk,https://github.com/puma/puma/blob/main/benchmarks/local/response_time_wrk.rb,puma-1w-3t,3,puma,1,3,2463,1000,5.009,5.0,1000,1000,2.025,2.0,5,true,2463,0,491.738,10.206,11.686,12.576,17.952,19.492,91.039,88.23,84.58,20,20,54,multiprocess_sample_only,,
yjit-off/puma-response-string-512kb/puma-1w-3t/repeat-2,yjit-off,false,puma-response-string-512kb,puma-response-time-wrk,puma/benchmarks/local/response_time_wrk,https://github.com/puma/puma/blob/main/benchmarks/local/response_time_wrk.rb,puma-1w-3t,3,puma,1,3,8708,1000,5.002,5.0,1000,3677,2.002,2.0,5,true,8708,0,1741.04,2.481,4.506,15.271,17.574,20.411,83.777,83.777,83.3,20,20,63,multiprocess_sample_only,,
yjit-off/puma-response-io-512kb/puma-1w-3t/repeat-2,yjit-off,false,puma-response-io-512kb,puma-response-time-wrk,puma/benchmarks/local/response_time_wrk,https://github.com/puma/puma/blob/main/benchmarks/local/response_time_wrk.rb,puma-1w-3t,3,puma,1,3,8749,1000,5.002,5.0,1000,3516,2.002,2.0,5,true,8749,0,1749.063,2.509,4.091,15.056,16.805,212.544,83.898,83.898,81.565,20,20,64,multiprocess_sample_only,,
yjit-off/puma-response-array-1024kb/puma-1w-3t/repeat-2,yjit-off,false,puma-response-array-1024kb,puma-response-time-wrk,puma/benchmarks/local/response_time_wrk,https://github.com/puma/puma/blob/main/benchmarks/local/response_time_wrk.rb,puma-1w-3t,3,puma,1,3,5431,1000,5.004,5.0,1000,2181,2.003,2.0,5,true,5431,0,1085.419,4.218,5.934,18.119,20.181,24.875,135.379,131.828,80.63,20,20,61,multiprocess_sample_only,,
yjit-off/puma-response-chunk-1024kb/puma-1w-3t/repeat-2,yjit-off,false,puma-response-chunk-1024kb,puma-response-time-wrk,puma/benchmarks/local/response_time_wrk,https://github.com/puma/puma/blob/main/benchmarks/local/response_time_wrk.rb,puma-1w-3t,3,puma,1,3,1336,1000,5.016,5.0,1000,1000,3.852,2.0,5,true,1336,0,266.363,18.786,21.541,22.369,33.724,35.127,90.941,90.875,80.37,20,20,45,multiprocess_sample_only,,
yjit-off/puma-response-string-1024kb/puma-1w-3t/repeat-2,yjit-off,false,puma-response-string-1024kb,puma-response-time-wrk,puma/benchmarks/local/response_time_wrk,https://github.com/puma/puma/blob/main/benchmarks/local/response_time_wrk.rb,puma-1w-3t,3,puma,1,3,5613,1000,5.003,5.0,1000,2296,2.004,2.0,5,true,5613,0,1121.895,3.98,6.497,18.109,20.412,21.613,83.531,83.531,79.17,20,20,61,multiprocess_sample_only,,
yjit-off/puma-response-io-1024kb/puma-1w-3t/repeat-2,yjit-off,false,puma-response-io-1024kb,puma-response-time-wrk,puma/benchmarks/local/response_time_wrk,https://github.com/puma/puma/blob/main/benchmarks/local/response_time_wrk.rb,puma-1w-3t,3,puma,1,3,5584,1000,5.004,5.0,1000,2329,2.005,2.0,5,true,5584,0,1115.926,4.007,6.174,18.034,20.318,214.376,83.531,83.531,77.37,20,20,62,multiprocess_sample_only,,
yjit-off/puma-response-array-2048kb/puma-1w-3t/repeat-2,yjit-off,false,puma-response-array-2048kb,puma-response-time-wrk,puma/benchmarks/local/response_time_wrk,https://github.com/puma/puma/blob/main/benchmarks/local/response_time_wrk.rb,puma-1w-3t,3,puma,1,3,3232,1000,5.006,5.0,1000,1283,2.008,2.0,5,true,3232,0,645.579,7.343,13.232,16.235,26.451,28.46,139.379,139.379,77.3,20,20,67,multiprocess_sample_only,,
yjit-off/puma-response-chunk-2048kb/puma-1w-3t/repeat-2,yjit-off,false,puma-response-chunk-2048kb,puma-response-time-wrk,puma/benchmarks/local/response_time_wrk,https://github.com/puma/puma/blob/main/benchmarks/local/response_time_wrk.rb,puma-1w-3t,3,puma,1,3,1000,1000,7.263,5.0,1000,1000,7.008,2.0,5,true,1000,0,137.689,36.286,40.981,42.713,48.638,67.834,95.793,92.559,77.91,20,20,47,multiprocess_sample_only,,
yjit-off/puma-response-string-2048kb/puma-1w-3t/repeat-2,yjit-off,false,puma-response-string-2048kb,puma-response-time-wrk,puma/benchmarks/local/response_time_wrk,https://github.com/puma/puma/blob/main/benchmarks/local/response_time_wrk.rb,puma-1w-3t,3,puma,1,3,3366,1000,5.008,5.0,1000,1361,2.006,2.0,5,true,3366,0,672.14,7.316,8.598,9.285,12.825,14.008,85.277,85.277,76.96,20,20,57,multiprocess_sample_only,,
yjit-off/puma-response-io-2048kb/puma-1w-3t/repeat-2,yjit-off,false,puma-response-io-2048kb,puma-response-time-wrk,puma/benchmarks/local/response_time_wrk,https://github.com/puma/puma/blob/main/benchmarks/local/response_time_wrk.rb,puma-1w-3t,3,puma,1,3,3434,1000,5.006,5.0,1000,1403,2.007,2.0,5,true,3434,0,685.977,7.167,8.491,9.229,12.03,14.126,85.285,85.285,75.285,20,20,57,multiprocess_sample_only,,
yjit-off/puma-long-tail-fib-200ms-x6p0/puma-1w-3t/repeat-2,yjit-off,false,puma-long-tail-fib-200ms-x6p0,puma-long-tail-hey,puma/benchmarks/local/long_tail_hey + test/rackup/sleep_fibonacci,https://github.com/puma/puma/blob/main/benchmarks/local/long_tail_hey.rb,puma-1w-3t,3,puma,1,3,360,360,50.904,5.0,360,360,50.986,2.0,18,true,360,0,7.072,2566.757,2616.747,2630.66,2636.344,2637.539,101.645,101.645,81.47,20,20,716,multiprocess_sample_only,,
yjit-off/puma-long-tail-fib-200ms-x4p0/puma-1w-3t/repeat-2,yjit-off,false,puma-long-tail-fib-200ms-x4p0,puma-long-tail-hey,puma/benchmarks/local/long_tail_hey + test/rackup/sleep_fibonacci,https://github.com/puma/puma/blob/main/benchmarks/local/long_tail_hey.rb,puma-1w-3t,3,puma,1,3,240,240,33.953,5.0,240,240,33.967,2.0,12,true,240,0,7.068,1730.119,1755.651,1770.713,1780.194,1780.567,104.594,104.594,85.455,20,20,476,multiprocess_sample_only,,
yjit-off/puma-long-tail-fib-200ms-x3p0/puma-1w-3t/repeat-2,yjit-off,false,puma-long-tail-fib-200ms-x3p0,puma-long-tail-hey,puma/benchmarks/local/long_tail_hey + test/rackup/sleep_fibonacci,https://github.com/puma/puma/blob/main/benchmarks/local/long_tail_hey.rb,puma-1w-3t,3,puma,1,3,180,180,25.456,5.0,180,180,25.489,2.0,9,true,180,0,7.071,1293.489,1314.522,1323.41,1323.926,1323.982,104.977,104.977,87.395,20,20,358,multiprocess_sample_only,,
yjit-off/puma-long-tail-fib-200ms-x2p0/puma-1w-3t/repeat-2,yjit-off,false,puma-long-tail-fib-200ms-x2p0,puma-long-tail-hey,puma/benchmarks/local/long_tail_hey + test/rackup/sleep_fibonacci,https://github.com/puma/puma/blob/main/benchmarks/local/long_tail_hey.rb,puma-1w-3t,3,puma,1,3,120,120,16.962,5.0,120,120,16.982,2.0,6,true,120,0,7.075,858.144,880.975,888.718,891.472,891.765,105.043,105.043,88.465,20,20,239,multiprocess_sample_only,,
yjit-off/puma-long-tail-fib-200ms-x1p5/puma-1w-3t/repeat-2,yjit-off,false,puma-long-tail-fib-200ms-x1p5,puma-long-tail-hey,puma/benchmarks/local/long_tail_hey + test/rackup/sleep_fibonacci,https://github.com/puma/puma/blob/main/benchmarks/local/long_tail_hey.rb,puma-1w-3t,3,puma,1,3,100,100,14.145,5.0,100,100,14.21,2.0,5,true,100,0,7.07,742.58,831.73,834.883,842.161,842.97,105.113,105.113,89.165,20,20,200,multiprocess_sample_only,,
yjit-off/puma-long-tail-fib-200ms-x1p0/puma-1w-3t/repeat-2,yjit-off,false,puma-long-tail-fib-200ms-x1p0,puma-long-tail-hey,puma/benchmarks/local/long_tail_hey + test/rackup/sleep_fibonacci,https://github.com/puma/puma/blob/main/benchmarks/local/long_tail_hey.rb,puma-1w-3t,3,puma,1,3,60,60,8.487,5.0,60,60,8.493,2.0,3,true,60,0,7.07,424.01,443.191,445.074,446.39,446.537,105.113,105.113,89.585,20,20,120,multiprocess_sample_only,,
yjit-off/puma-long-tail-fib-200ms-x0p5/puma-1w-3t/repeat-2,yjit-off,false,puma-long-tail-fib-200ms-x0p5,puma-long-tail-hey,puma/benchmarks/local/long_tail_hey + test/rackup/sleep_fibonacci,https://github.com/puma/puma/blob/main/benchmarks/local/long_tail_hey.rb,puma-1w-3t,3,puma,1,3,40,40,5.66,5.0,40,40,5.655,2.0,2,true,40,0,7.067,281.665,295.313,295.551,295.672,295.685,105.113,105.113,89.845,20,20,81,multiprocess_sample_only,,
yjit-off/puma-sleep-fibonacci-1ms/puma-1w-3t/repeat-2,yjit-off,false,puma-sleep-fibonacci-1ms,puma-sleep-fibonacci-test,puma/benchmarks/local/sleep_fibonacci_test + test/rackup/sleep_fibonacci,https://github.com/puma/puma/blob/main/benchmarks/local/sleep_fibonacci_test.rb,puma-1w-3t,3,puma,1,3,3929,10,5.001,5.0,10,1557,2.0,2.0,1,true,3929,0,785.604,1.246,1.357,1.605,2.114,2.231,123.996,123.996,89.735,20,20,72,multiprocess_sample_only,,
yjit-off/puma-sleep-fibonacci-5ms/puma-1w-3t/repeat-2,yjit-off,false,puma-sleep-fibonacci-5ms,puma-sleep-fibonacci-test,puma/benchmarks/local/sleep_fibonacci_test + test/rackup/sleep_fibonacci,https://github.com/puma/puma/blob/main/benchmarks/local/sleep_fibonacci_test.rb,puma-1w-3t,3,puma,1,3,954,10,5.005,5.0,10,382,2.001,2.0,1,true,954,0,190.613,5.21,5.358,5.668,6.062,6.143,124.625,124.625,89.5,20,20,72,multiprocess_sample_only,,
yjit-off/puma-sleep-fibonacci-10ms/puma-1w-3t/repeat-2,yjit-off,false,puma-sleep-fibonacci-10ms,puma-sleep-fibonacci-test,puma/benchmarks/local/sleep_fibonacci_test + test/rackup/sleep_fibonacci,https://github.com/puma/puma/blob/main/benchmarks/local/sleep_fibonacci_test.rb,puma-1w-3t,3,puma,1,3,487,10,5.008,5.0,10,195,2.008,2.0,1,true,487,0,97.248,10.253,10.34,10.514,11.105,11.598,127.953,127.953,89.265,20,20,72,multiprocess_sample_only,,
yjit-off/puma-sleep-fibonacci-50ms/puma-1w-3t/repeat-2,yjit-off,false,puma-sleep-fibonacci-50ms,puma-sleep-fibonacci-test,puma/benchmarks/local/sleep_fibonacci_test + test/rackup/sleep_fibonacci,https://github.com/puma/puma/blob/main/benchmarks/local/sleep_fibonacci_test.rb,puma-1w-3t,3,puma,1,3,100,10,5.049,5.0,10,40,2.02,2.0,1,true,100,0,19.806,50.431,50.499,51.229,51.487,51.516,127.953,127.953,89.035,20,20,73,multiprocess_sample_only,,
yjit-off/puma-sleep-fibonacci-100ms/puma-1w-3t/repeat-2,yjit-off,false,puma-sleep-fibonacci-100ms,puma-sleep-fibonacci-test,puma/benchmarks/local/sleep_fibonacci_test + test/rackup/sleep_fibonacci,https://github.com/puma/puma/blob/main/benchmarks/local/sleep_fibonacci_test.rb,puma-1w-3t,3,puma,1,3,50,10,5.03,5.0,10,20,2.013,2.0,1,true,50,0,9.94,100.552,100.612,100.672,100.675,100.675,127.953,127.953,88.795,20,20,73,multiprocess_sample_only,,
yjit-off/puma-sleep-fibonacci-200ms/puma-1w-3t/repeat-2,yjit-off,false,puma-sleep-fibonacci-200ms,puma-sleep-fibonacci-test,puma/benchmarks/local/sleep_fibonacci_test + test/rackup/sleep_fibonacci,https://github.com/puma/puma/blob/main/benchmarks/local/sleep_fibonacci_test.rb,puma-1w-3t,3,puma,1,3,25,10,5.016,5.0,10,10,2.007,2.0,1,true,25,0,4.984,200.576,200.621,200.637,200.642,200.643,127.953,127.953,88.555,20,20,72,multiprocess_sample_only,,
yjit-off/puma-response-array-1kb/puma-1w-3t/repeat-3,yjit-off,false,puma-response-array-1kb,puma-response-time-wrk,puma/benchmarks/local/response_time_wrk,https://github.com/puma/puma/blob/main/benchmarks/local/response_time_wrk.rb,puma-1w-3t,3,puma,1,3,22379,1000,5.001,5.0,1000,9106,2.001,2.0,5,true,22379,0,4475.063,1.069,1.489,1.777,2.2,3.004,65.398,65.227,94.52,20,20,68,multiprocess_sample_only,,
yjit-off/puma-response-chunk-1kb/puma-1w-3t/repeat-3,yjit-off,false,puma-response-chunk-1kb,puma-response-time-wrk,puma/benchmarks/local/response_time_wrk,https://github.com/puma/puma/blob/main/benchmarks/local/response_time_wrk.rb,puma-1w-3t,3,puma,1,3,21883,1000,5.001,5.0,1000,8920,2.001,2.0,5,true,21883,0,4375.709,1.095,1.521,1.847,2.351,3.119,65.453,65.305,91.71,20,20,69,multiprocess_sample_only,,
yjit-off/puma-response-string-1kb/puma-1w-3t/repeat-3,yjit-off,false,puma-response-string-1kb,puma-response-time-wrk,puma/benchmarks/local/response_time_wrk,https://github.com/puma/puma/blob/main/benchmarks/local/response_time_wrk.rb,puma-1w-3t,3,puma,1,3,21837,1000,5.001,5.0,1000,9012,2.001,2.0,5,true,21837,0,4366.634,1.088,1.568,1.882,2.439,3.156,65.363,64.953,91.025,20,20,68,multiprocess_sample_only,,
yjit-off/puma-response-io-1kb/puma-1w-3t/repeat-3,yjit-off,false,puma-response-io-1kb,puma-response-time-wrk,puma/benchmarks/local/response_time_wrk,https://github.com/puma/puma/blob/main/benchmarks/local/response_time_wrk.rb,puma-1w-3t,3,puma,1,3,21647,1000,5.001,5.0,1000,8952,2.001,2.0,5,true,21647,0,4328.375,1.097,1.605,1.991,2.765,3.598,65.219,64.977,92.44,20,20,69,multiprocess_sample_only,,
yjit-off/puma-response-array-10kb/puma-1w-3t/repeat-3,yjit-off,false,puma-response-array-10kb,puma-response-time-wrk,puma/benchmarks/local/response_time_wrk,https://github.com/puma/puma/blob/main/benchmarks/local/response_time_wrk.rb,puma-1w-3t,3,puma,1,3,21219,1000,5.001,5.0,1000,8844,2.001,2.0,5,true,21219,0,4243.125,1.112,1.64,2.009,2.521,3.475,67.203,67.07,92.8,20,20,68,multiprocess_sample_only,,
yjit-off/puma-response-chunk-10kb/puma-1w-3t/repeat-3,yjit-off,false,puma-response-chunk-10kb,puma-response-time-wrk,puma/benchmarks/local/response_time_wrk,https://github.com/puma/puma/blob/main/benchmarks/local/response_time_wrk.rb,puma-1w-3t,3,puma,1,3,18423,1000,5.001,5.0,1000,7538,2.001,2.0,5,true,18423,0,3683.967,1.296,1.858,2.234,2.815,3.435,66.734,66.734,92.375,20,20,68,multiprocess_sample_only,,
yjit-off/puma-response-string-10kb/puma-1w-3t/repeat-3,yjit-off,false,puma-response-string-10kb,puma-response-time-wrk,puma/benchmarks/local/response_time_wrk,https://github.com/puma/puma/blob/main/benchmarks/local/response_time_wrk.rb,puma-1w-3t,3,puma,1,3,21076,1000,5.001,5.0,1000,8648,2.001,2.0,5,true,21076,0,4214.066,1.113,1.693,2.086,2.733,4.351,69.074,68.762,92.19,20,20,68,multiprocess_sample_only,,
yjit-off/puma-response-io-10kb/puma-1w-3t/repeat-3,yjit-off,false,puma-response-io-10kb,puma-response-time-wrk,puma/benchmarks/local/response_time_wrk,https://github.com/puma/puma/blob/main/benchmarks/local/response_time_wrk.rb,puma-1w-3t,3,puma,1,3,21166,1000,5.001,5.0,1000,8683,2.001,2.0,5,true,21166,0,4232.186,1.122,1.653,2.054,2.659,3.686,69.941,69.379,92.72,20,20,69,multiprocess_sample_only,,
yjit-off/puma-response-array-100kb/puma-1w-3t/repeat-3,yjit-off,false,puma-response-array-100kb,puma-response-time-wrk,puma/benchmarks/local/response_time_wrk,https://github.com/puma/puma/blob/main/benchmarks/local/response_time_wrk.rb,puma-1w-3t,3,puma,1,3,17146,1000,5.001,5.0,1000,6861,2.001,2.0,5,true,17146,0,3428.372,1.405,1.89,2.266,3.021,4.765,79.766,76.395,92.73,20,20,68,multiprocess_sample_only,,
yjit-off/puma-response-chunk-100kb/puma-1w-3t/repeat-3,yjit-off,false,puma-response-chunk-100kb,puma-response-time-wrk,puma/benchmarks/local/response_time_wrk,https://github.com/puma/puma/blob/main/benchmarks/local/response_time_wrk.rb,puma-1w-3t,3,puma,1,3,8241,1000,5.002,5.0,1000,3376,2.002,2.0,5,true,8241,0,1647.434,2.969,3.729,4.199,5.893,6.629,71.402,70.73,92.19,20,20,65,multiprocess_sample_only,,
yjit-off/puma-response-string-100kb/puma-1w-3t/repeat-3,yjit-off,false,puma-response-string-100kb,puma-response-time-wrk,puma/benchmarks/local/response_time_wrk,https://github.com/puma/puma/blob/main/benchmarks/local/response_time_wrk.rb,puma-1w-3t,3,puma,1,3,17036,1000,5.001,5.0,1000,6967,2.001,2.0,5,true,17036,0,3406.462,1.417,1.878,2.191,2.835,4.379,77.633,76.453,91.515,20,20,68,multiprocess_sample_only,,
yjit-off/puma-response-io-100kb/puma-1w-3t/repeat-3,yjit-off,false,puma-response-io-100kb,puma-response-time-wrk,puma/benchmarks/local/response_time_wrk,https://github.com/puma/puma/blob/main/benchmarks/local/response_time_wrk.rb,puma-1w-3t,3,puma,1,3,16075,1000,5.032,5.0,1000,6372,2.03,2.0,5,true,16075,0,3194.774,0.853,1.611,41.088,42.118,42.989,68.574,68.012,90.555,20,20,70,multiprocess_sample_only,,
yjit-off/puma-response-array-256kb/puma-1w-3t/repeat-3,yjit-off,false,puma-response-array-256kb,puma-response-time-wrk,puma/benchmarks/local/response_time_wrk,https://github.com/puma/puma/blob/main/benchmarks/local/response_time_wrk.rb,puma-1w-3t,3,puma,1,3,11550,1000,5.002,5.0,1000,4616,2.004,2.0,5,true,11550,0,2309.222,1.883,3.43,6.275,15.268,16.24,103.953,103.953,89.75,20,20,66,multiprocess_sample_only,,
yjit-off/puma-response-chunk-256kb/puma-1w-3t/repeat-3,yjit-off,false,puma-response-chunk-256kb,puma-response-time-wrk,puma/benchmarks/local/response_time_wrk,https://github.com/puma/puma/blob/main/benchmarks/local/response_time_wrk.rb,puma-1w-3t,3,puma,1,3,4368,1000,5.004,5.0,1000,1848,2.005,2.0,5,true,4368,0,872.88,5.693,6.755,7.474,10.548,12.104,78.391,77.703,89.13,20,20,60,multiprocess_sample_only,,
yjit-off/puma-response-string-256kb/puma-1w-3t/repeat-3,yjit-off,false,puma-response-string-256kb,puma-response-time-wrk,puma/benchmarks/local/response_time_wrk,https://github.com/puma/puma/blob/main/benchmarks/local/response_time_wrk.rb,puma-1w-3t,3,puma,1,3,11459,1000,5.002,5.0,1000,4864,2.003,2.0,5,true,11459,0,2290.661,1.854,3.568,7.041,15.941,18.152,74.613,74.238,87.695,20,20,65,multiprocess_sample_only,,
yjit-off/puma-response-io-256kb/puma-1w-3t/repeat-3,yjit-off,false,puma-response-io-256kb,puma-response-time-wrk,puma/benchmarks/local/response_time_wrk,https://github.com/puma/puma/blob/main/benchmarks/local/response_time_wrk.rb,puma-1w-3t,3,puma,1,3,11667,1000,5.002,5.0,1000,4709,2.001,2.0,5,true,11667,0,2332.502,1.873,3.293,5.478,16.214,205.947,74.488,74.051,85.975,20,20,66,multiprocess_sample_only,,
yjit-off/puma-response-array-512kb/puma-1w-3t/repeat-3,yjit-off,false,puma-response-array-512kb,puma-response-time-wrk,puma/benchmarks/local/response_time_wrk,https://github.com/puma/puma/blob/main/benchmarks/local/response_time_wrk.rb,puma-1w-3t,3,puma,1,3,8332,1000,5.002,5.0,1000,3219,2.003,2.0,5,true,8332,0,1665.634,2.571,4.943,17.072,19.053,19.934,130.418,130.418,85.27,20,20,63,multiprocess_sample_only,,
yjit-off/puma-response-chunk-512kb/puma-1w-3t/repeat-3,yjit-off,false,puma-response-chunk-512kb,puma-response-time-wrk,puma/benchmarks/local/response_time_wrk,https://github.com/puma/puma/blob/main/benchmarks/local/response_time_wrk.rb,puma-1w-3t,3,puma,1,3,2440,1000,5.007,5.0,1000,1000,2.027,2.0,5,true,2440,0,487.298,10.265,11.915,12.696,18.458,20.442,81.906,81.234,84.895,20,20,53,multiprocess_sample_only,,
yjit-off/puma-response-string-512kb/puma-1w-3t/repeat-3,yjit-off,false,puma-response-string-512kb,puma-response-time-wrk,puma/benchmarks/local/response_time_wrk,https://github.com/puma/puma/blob/main/benchmarks/local/response_time_wrk.rb,puma-1w-3t,3,puma,1,3,8595,1000,5.002,5.0,1000,3374,2.002,2.0,5,true,8595,0,1718.194,2.497,4.618,17.286,19.8,21.971,76.703,76.703,83.605,20,20,63,multiprocess_sample_only,,
yjit-off/puma-response-io-512kb/puma-1w-3t/repeat-3,yjit-off,false,puma-response-io-512kb,puma-response-time-wrk,puma/benchmarks/local/response_time_wrk,https://github.com/puma/puma/blob/main/benchmarks/local/response_time_wrk.rb,puma-1w-3t,3,puma,1,3,7886,1000,5.01,5.0,1000,3242,2.002,2.0,5,true,7886,0,1574.157,2.658,5.606,18.034,20.276,208.069,76.707,76.707,81.78,20,20,63,multiprocess_sample_only,,
yjit-off/puma-response-array-1024kb/puma-1w-3t/repeat-3,yjit-off,false,puma-response-array-1024kb,puma-response-time-wrk,puma/benchmarks/local/response_time_wrk,https://github.com/puma/puma/blob/main/benchmarks/local/response_time_wrk.rb,puma-1w-3t,3,puma,1,3,4956,1000,5.004,5.0,1000,1929,2.004,2.0,5,true,4956,0,990.419,4.441,7.84,21.753,24.068,26.376,137.383,113.066,80.805,20,20,62,multiprocess_sample_only,,
yjit-off/puma-response-chunk-1024kb/puma-1w-3t/repeat-3,yjit-off,false,puma-response-chunk-1024kb,puma-response-time-wrk,puma/benchmarks/local/response_time_wrk,https://github.com/puma/puma/blob/main/benchmarks/local/response_time_wrk.rb,puma-1w-3t,3,puma,1,3,1299,1000,5.016,5.0,1000,1000,3.819,2.0,5,true,1299,0,258.948,19.316,22.099,23.345,34.263,36.118,82.797,82.758,80.76,20,20,44,multiprocess_sample_only,,
yjit-off/puma-response-string-1024kb/puma-1w-3t/repeat-3,yjit-off,false,puma-response-string-1024kb,puma-response-time-wrk,puma/benchmarks/local/response_time_wrk,https://github.com/puma/puma/blob/main/benchmarks/local/response_time_wrk.rb,puma-1w-3t,3,puma,1,3,5216,1000,5.004,5.0,1000,2100,2.006,2.0,5,true,5216,0,1042.466,4.209,7.412,21.629,23.955,25.818,84.363,84.363,79.405,20,20,60,multiprocess_sample_only,,
yjit-off/puma-response-io-1024kb/puma-1w-3t/repeat-3,yjit-off,false,puma-response-io-1024kb,puma-response-time-wrk,puma/benchmarks/local/response_time_wrk,https://github.com/puma/puma/blob/main/benchmarks/local/response_time_wrk.rb,puma-1w-3t,3,puma,1,3,5107,1000,5.006,5.0,1000,2142,2.004,2.0,5,true,5107,0,1020.178,4.316,7.281,21.679,23.91,25.39,84.242,84.242,77.485,20,20,61,multiprocess_sample_only,,
yjit-off/puma-response-array-2048kb/puma-1w-3t/repeat-3,yjit-off,false,puma-response-array-2048kb,puma-response-time-wrk,puma/benchmarks/local/response_time_wrk,https://github.com/puma/puma/blob/main/benchmarks/local/response_time_wrk.rb,puma-1w-3t,3,puma,1,3,2925,1000,5.011,5.0,1000,1227,2.005,2.0,5,true,2925,0,583.691,8.27,13.449,15.787,28.628,34.488,124.789,97.727,77.385,20,20,64,multiprocess_sample_only,,
yjit-off/puma-response-chunk-2048kb/puma-1w-3t/repeat-3,yjit-off,false,puma-response-chunk-2048kb,puma-response-time-wrk,puma/benchmarks/local/response_time_wrk,https://github.com/puma/puma/blob/main/benchmarks/local/response_time_wrk.rb,puma-1w-3t,3,puma,1,3,1000,1000,7.534,5.0,1000,1000,7.329,2.0,5,true,1000,0,132.728,37.872,42.238,44.238,72.599,73.302,86.441,83.832,77.79,20,20,48,multiprocess_sample_only,,
yjit-off/puma-response-string-2048kb/puma-1w-3t/repeat-3,yjit-off,false,puma-response-string-2048kb,puma-response-time-wrk,puma/benchmarks/local/response_time_wrk,https://github.com/puma/puma/blob/main/benchmarks/local/response_time_wrk.rb,puma-1w-3t,3,puma,1,3,3120,1000,5.007,5.0,1000,1252,2.006,2.0,5,true,3120,0,623.174,7.891,9.301,10.113,11.161,15.487,89.246,89.246,76.825,20,20,56,multiprocess_sample_only,,
yjit-off/puma-response-io-2048kb/puma-1w-3t/repeat-3,yjit-off,false,puma-response-io-2048kb,puma-response-time-wrk,puma/benchmarks/local/response_time_wrk,https://github.com/puma/puma/blob/main/benchmarks/local/response_time_wrk.rb,puma-1w-3t,3,puma,1,3,3301,1000,5.009,5.0,1000,1325,2.006,2.0,5,true,3301,0,659.017,7.43,8.908,9.651,11.613,13.7,89.313,89.313,75.185,20,20,57,multiprocess_sample_only,,
yjit-off/puma-long-tail-fib-200ms-x6p0/puma-1w-3t/repeat-3,yjit-off,false,puma-long-tail-fib-200ms-x6p0,puma-long-tail-hey,puma/benchmarks/local/long_tail_hey + test/rackup/sleep_fibonacci,https://github.com/puma/puma/blob/main/benchmarks/local/long_tail_hey.rb,puma-1w-3t,3,puma,1,3,360,360,50.918,5.0,360,360,50.934,2.0,18,true,360,0,7.07,2545.32,2568.218,2582.902,2587.815,2588.695,111.746,111.746,81.38,20,20,716,multiprocess_sample_only,,
yjit-off/puma-long-tail-fib-200ms-x4p0/puma-1w-3t/repeat-3,yjit-off,false,puma-long-tail-fib-200ms-x4p0,puma-long-tail-hey,puma/benchmarks/local/long_tail_hey + test/rackup/sleep_fibonacci,https://github.com/puma/puma/blob/main/benchmarks/local/long_tail_hey.rb,puma-1w-3t,3,puma,1,3,240,240,33.941,5.0,240,240,33.923,2.0,12,true,240,0,7.071,1696.574,1717.719,1720.26,1722.737,1723.293,112.258,112.258,85.365,20,20,479,multiprocess_sample_only,,
yjit-off/puma-long-tail-fib-200ms-x3p0/puma-1w-3t/repeat-3,yjit-off,false,puma-long-tail-fib-200ms-x3p0,puma-long-tail-hey,puma/benchmarks/local/long_tail_hey + test/rackup/sleep_fibonacci,https://github.com/puma/puma/blob/main/benchmarks/local/long_tail_hey.rb,puma-1w-3t,3,puma,1,3,180,180,25.457,5.0,180,180,25.437,2.0,9,true,180,0,7.071,1272.717,1284.346,1285.552,1288.606,1289.226,112.262,112.262,87.325,20,20,359,multiprocess_sample_only,,
yjit-off/puma-long-tail-fib-200ms-x2p0/puma-1w-3t/repeat-3,yjit-off,false,puma-long-tail-fib-200ms-x2p0,puma-long-tail-hey,puma/benchmarks/local/long_tail_hey + test/rackup/sleep_fibonacci,https://github.com/puma/puma/blob/main/benchmarks/local/long_tail_hey.rb,puma-1w-3t,3,puma,1,3,120,120,16.978,5.0,120,120,16.964,2.0,6,true,120,0,7.068,848.713,860.431,861.345,861.608,861.636,112.328,112.328,88.405,20,20,241,multiprocess_sample_only,,
yjit-off/puma-long-tail-fib-200ms-x1p5/puma-1w-3t/repeat-3,yjit-off,false,puma-long-tail-fib-200ms-x1p5,puma-long-tail-hey,puma/benchmarks/local/long_tail_hey + test/rackup/sleep_fibonacci,https://github.com/puma/puma/blob/main/benchmarks/local/long_tail_hey.rb,puma-1w-3t,3,puma,1,3,100,100,14.15,5.0,100,100,14.133,2.0,5,true,100,0,7.067,809.513,851.306,853.011,858.582,859.201,112.328,112.328,89.115,20,20,200,multiprocess_sample_only,,
yjit-off/puma-long-tail-fib-200ms-x1p0/puma-1w-3t/repeat-3,yjit-off,false,puma-long-tail-fib-200ms-x1p0,puma-long-tail-hey,puma/benchmarks/local/long_tail_hey + test/rackup/sleep_fibonacci,https://github.com/puma/puma/blob/main/benchmarks/local/long_tail_hey.rb,puma-1w-3t,3,puma,1,3,60,60,8.487,5.0,60,60,8.485,2.0,3,true,60,0,7.07,424.21,432.411,434.64,435.278,435.349,112.582,112.582,89.535,20,20,121,multiprocess_sample_only,,
yjit-off/puma-long-tail-fib-200ms-x0p5/puma-1w-3t/repeat-3,yjit-off,false,puma-long-tail-fib-200ms-x0p5,puma-long-tail-hey,puma/benchmarks/local/long_tail_hey + test/rackup/sleep_fibonacci,https://github.com/puma/puma/blob/main/benchmarks/local/long_tail_hey.rb,puma-1w-3t,3,puma,1,3,40,40,5.659,5.0,40,40,5.653,2.0,2,true,40,0,7.068,282.884,284.585,285.136,285.157,285.159,112.582,112.582,89.78,20,20,81,multiprocess_sample_only,,
yjit-off/puma-sleep-fibonacci-1ms/puma-1w-3t/repeat-3,yjit-off,false,puma-sleep-fibonacci-1ms,puma-sleep-fibonacci-test,puma/benchmarks/local/sleep_fibonacci_test + test/rackup/sleep_fibonacci,https://github.com/puma/puma/blob/main/benchmarks/local/sleep_fibonacci_test.rb,puma-1w-3t,3,puma,1,3,3957,10,5.001,5.0,10,1564,2.001,2.0,1,true,3957,0,791.235,1.237,1.344,1.618,2.305,2.485,114.586,114.586,89.67,20,20,72,multiprocess_sample_only,,
yjit-off/puma-sleep-fibonacci-5ms/puma-1w-3t/repeat-3,yjit-off,false,puma-sleep-fibonacci-5ms,puma-sleep-fibonacci-test,puma/benchmarks/local/sleep_fibonacci_test + test/rackup/sleep_fibonacci,https://github.com/puma/puma/blob/main/benchmarks/local/sleep_fibonacci_test.rb,puma-1w-3t,3,puma,1,3,955,10,5.002,5.0,10,379,2.004,2.0,1,true,955,0,190.912,5.211,5.285,5.466,6.333,6.414,114.645,114.645,89.435,20,20,72,multiprocess_sample_only,,
yjit-off/puma-sleep-fibonacci-10ms/puma-1w-3t/repeat-3,yjit-off,false,puma-sleep-fibonacci-10ms,puma-sleep-fibonacci-test,puma/benchmarks/local/sleep_fibonacci_test + test/rackup/sleep_fibonacci,https://github.com/puma/puma/blob/main/benchmarks/local/sleep_fibonacci_test.rb,puma-1w-3t,3,puma,1,3,485,10,5.002,5.0,10,195,2.007,2.0,1,true,485,0,96.967,10.264,10.411,10.736,11.229,11.337,114.645,114.645,89.2,20,20,72,multiprocess_sample_only,,
yjit-off/puma-sleep-fibonacci-50ms/puma-1w-3t/repeat-3,yjit-off,false,puma-sleep-fibonacci-50ms,puma-sleep-fibonacci-test,puma/benchmarks/local/sleep_fibonacci_test + test/rackup/sleep_fibonacci,https://github.com/puma/puma/blob/main/benchmarks/local/sleep_fibonacci_test.rb,puma-1w-3t,3,puma,1,3,99,10,5.006,5.0,10,40,2.025,2.0,1,true,99,0,19.775,50.486,50.805,50.981,51.566,51.631,114.648,114.648,88.955,20,20,72,multiprocess_sample_only,,
yjit-off/puma-sleep-fibonacci-100ms/puma-1w-3t/repeat-3,yjit-off,false,puma-sleep-fibonacci-100ms,puma-sleep-fibonacci-test,puma/benchmarks/local/sleep_fibonacci_test + test/rackup/sleep_fibonacci,https://github.com/puma/puma/blob/main/benchmarks/local/sleep_fibonacci_test.rb,puma-1w-3t,3,puma,1,3,50,10,5.032,5.0,10,20,2.016,2.0,1,true,50,0,9.937,100.575,100.676,100.721,100.725,100.726,114.648,114.648,88.73,20,20,72,multiprocess_sample_only,,
yjit-off/puma-sleep-fibonacci-200ms/puma-1w-3t/repeat-3,yjit-off,false,puma-sleep-fibonacci-200ms,puma-sleep-fibonacci-test,puma/benchmarks/local/sleep_fibonacci_test + test/rackup/sleep_fibonacci,https://github.com/puma/puma/blob/main/benchmarks/local/sleep_fibonacci_test.rb,puma-1w-3t,3,puma,1,3,25,10,5.018,5.0,10,10,2.007,2.0,1,true,25,0,4.983,200.586,200.936,201.476,201.608,201.623,114.648,114.648,88.5,20,20,72,multiprocess_sample_only,,
yjit-on/puma-response-array-1kb/raptor-3r/repeat-1,yjit-on,true,puma-response-array-1kb,puma-response-time-wrk,puma/benchmarks/local/response_time_wrk,https://github.com/puma/puma/blob/main/benchmarks/local/response_time_wrk.rb,raptor-3r,3,raptor,3,,1000,1000,16.114,5.0,1000,1000,16.118,2.0,5,true,1000,0,62.058,40.986,41.966,42.158,4030.206,4030.472,29.582,29.582,2.91,20,20,230,same_worker,29,717993
yjit-on/puma-response-chunk-1kb/raptor-3r/repeat-1,yjit-on,true,puma-response-chunk-1kb,puma-response-time-wrk,puma/benchmarks/local/response_time_wrk,https://github.com/puma/puma/blob/main/benchmarks/local/response_time_wrk.rb,raptor-3r,3,raptor,3,,1000,1000,16.111,5.0,1000,1000,16.087,2.0,5,true,1000,0,62.069,40.984,41.964,42.073,4026.807,4027.164,29.871,29.871,2.285,20,20,230,same_worker,29,716262
yjit-on/puma-response-string-1kb/raptor-3r/repeat-1,yjit-on,true,puma-response-string-1kb,puma-response-time-wrk,puma/benchmarks/local/response_time_wrk,https://github.com/puma/puma/blob/main/benchmarks/local/response_time_wrk.rb,raptor-3r,3,raptor,3,,1000,1000,16.114,5.0,1000,1000,16.081,2.0,5,true,1000,0,62.056,40.984,41.954,42.253,4028.965,4029.407,29.965,29.965,2.1,20,20,230,same_worker,29,719249
yjit-on/puma-response-io-1kb/raptor-3r/repeat-1,yjit-on,true,puma-response-io-1kb,puma-response-time-wrk,puma/benchmarks/local/response_time_wrk,https://github.com/puma/puma/blob/main/benchmarks/local/response_time_wrk.rb,raptor-3r,3,raptor,3,,1000,1000,16.106,5.0,1000,1000,16.086,2.0,5,true,1000,0,62.089,40.985,41.974,42.097,4028.255,4030.972,30.125,30.125,2.1,20,20,231,same_worker,31,725947
yjit-on/puma-response-array-10kb/raptor-3r/repeat-1,yjit-on,true,puma-response-array-10kb,puma-response-time-wrk,puma/benchmarks/local/response_time_wrk,https://github.com/puma/puma/blob/main/benchmarks/local/response_time_wrk.rb,raptor-3r,3,raptor,3,,1000,1000,16.12,5.0,1000,1000,16.089,2.0,5,true,1000,0,62.034,40.993,41.976,42.462,4032.085,4032.934,30.176,30.176,2.03,20,20,231,same_worker,30,719563
yjit-on/puma-response-chunk-10kb/raptor-3r/repeat-1,yjit-on,true,puma-response-chunk-10kb,puma-response-time-wrk,puma/benchmarks/local/response_time_wrk,https://github.com/puma/puma/blob/main/benchmarks/local/response_time_wrk.rb,raptor-3r,3,raptor,3,,1000,1000,16.125,5.0,1000,1000,16.083,2.0,5,true,1000,0,62.016,40.991,41.992,42.376,4069.527,4072.327,30.176,30.176,2.0,20,20,231,same_worker,30,716237
yjit-on/puma-response-string-10kb/raptor-3r/repeat-1,yjit-on,true,puma-response-string-10kb,puma-response-time-wrk,puma/benchmarks/local/response_time_wrk,https://github.com/puma/puma/blob/main/benchmarks/local/response_time_wrk.rb,raptor-3r,3,raptor,3,,1000,1000,16.113,5.0,1000,1000,16.081,2.0,5,true,1000,0,62.06,40.986,41.978,42.201,4033.116,4033.194,30.188,30.188,2.0,20,20,230,same_worker,32,719261
yjit-on/puma-response-io-10kb/raptor-3r/repeat-1,yjit-on,true,puma-response-io-10kb,puma-response-time-wrk,puma/benchmarks/local/response_time_wrk,https://github.com/puma/puma/blob/main/benchmarks/local/response_time_wrk.rb,raptor-3r,3,raptor,3,,1000,1000,16.128,5.0,1000,1000,16.083,2.0,5,true,1000,0,62.004,40.99,41.992,42.268,4032.207,4033.146,30.531,30.531,2.0,20,20,230,same_worker,34,745249
yjit-on/puma-response-array-100kb/raptor-3r/repeat-1,yjit-on,true,puma-response-array-100kb,puma-response-time-wrk,puma/benchmarks/local/response_time_wrk,https://github.com/puma/puma/blob/main/benchmarks/local/response_time_wrk.rb,raptor-3r,3,raptor,3,,1000,1000,15.038,5.0,1000,1000,15.377,2.0,5,true,1000,0,66.497,40.981,41.976,42.147,3665.57,3667.154,30.609,30.609,2.1,20,20,215,same_worker,32,717399
yjit-on/puma-response-chunk-100kb/raptor-3r/repeat-1,yjit-on,true,puma-response-chunk-100kb,puma-response-time-wrk,puma/benchmarks/local/response_time_wrk,https://github.com/puma/puma/blob/main/benchmarks/local/response_time_wrk.rb,raptor-3r,3,raptor,3,,1000,1000,14.996,5.0,1000,1000,15.575,2.0,5,true,1000,0,66.686,40.979,41.975,42.4,3827.01,3954.812,30.633,30.633,2.2,20,20,215,same_worker,33,716249
yjit-on/puma-response-string-100kb/raptor-3r/repeat-1,yjit-on,true,puma-response-string-100kb,puma-response-time-wrk,puma/benchmarks/local/response_time_wrk,https://github.com/puma/puma/blob/main/benchmarks/local/response_time_wrk.rb,raptor-3r,3,raptor,3,,16683,1000,5.001,5.0,1000,6644,2.001,2.0,5,true,16683,0,3335.766,0.852,1.396,5.746,89.15,94.789,31.113,31.113,3.425,20,20,69,same_worker,635,11996879
yjit-on/puma-response-io-100kb/raptor-3r/repeat-1,yjit-on,true,puma-response-io-100kb,puma-response-time-wrk,puma/benchmarks/local/response_time_wrk,https://github.com/puma/puma/blob/main/benchmarks/local/response_time_wrk.rb,raptor-3r,3,raptor,3,,1000,1000,15.652,5.0,1000,1000,15.783,2.0,5,true,1000,0,63.892,40.983,41.976,42.119,3955.937,3994.827,35.035,35.035,4.1,20,20,224,same_worker,57,925249
yjit-on/puma-response-array-256kb/raptor-3r/repeat-1,yjit-on,true,puma-response-array-256kb,puma-response-time-wrk,puma/benchmarks/local/response_time_wrk,https://github.com/puma/puma/blob/main/benchmarks/local/response_time_wrk.rb,raptor-3r,3,raptor,3,,1000,1000,13.865,5.0,1000,1000,13.84,2.0,5,true,1000,0,72.122,41.069,42.186,43.241,3431.4,3445.075,35.035,35.035,4.18,20,20,199,same_worker,43,719243
yjit-on/puma-response-chunk-256kb/raptor-3r/repeat-1,yjit-on,true,puma-response-chunk-256kb,puma-response-time-wrk,puma/benchmarks/local/response_time_wrk,https://github.com/puma/puma/blob/main/benchmarks/local/response_time_wrk.rb,raptor-3r,3,raptor,3,,1000,1000,14.147,5.0,1000,1000,14.018,2.0,5,true,1000,0,70.686,41.023,42.231,43.268,3553.178,3591.57,35.035,35.035,4.3,20,20,202,same_worker,44,716835
yjit-on/puma-response-string-256kb/raptor-3r/repeat-1,yjit-on,true,puma-response-string-256kb,puma-response-time-wrk,puma/benchmarks/local/response_time_wrk,https://github.com/puma/puma/blob/main/benchmarks/local/response_time_wrk.rb,raptor-3r,3,raptor,3,,11646,1000,5.002,5.0,1000,4675,2.002,2.0,5,true,11646,0,2328.388,1.111,2.081,41.391,123.599,147.651,35.316,35.316,5.01,20,20,68,same_worker,366,8373211
yjit-on/puma-response-io-256kb/raptor-3r/repeat-1,yjit-on,true,puma-response-io-256kb,puma-response-time-wrk,puma/benchmarks/local/response_time_wrk,https://github.com/puma/puma/blob/main/benchmarks/local/response_time_wrk.rb,raptor-3r,3,raptor,3,,1000,1000,13.769,5.0,1000,1000,13.769,2.0,5,true,1000,0,72.628,41.927,42.93,43.702,3578.587,3596.036,39.59,39.59,5.5,20,20,197,same_worker,64,1237243
yjit-on/puma-response-array-512kb/raptor-3r/repeat-1,yjit-on,true,puma-response-array-512kb,puma-response-time-wrk,puma/benchmarks/local/response_time_wrk,https://github.com/puma/puma/blob/main/benchmarks/local/response_time_wrk.rb,raptor-3r,3,raptor,3,,1000,1000,14.993,5.0,1000,1000,14.632,2.0,5,true,1000,0,66.7,41.968,42.959,43.963,3737.226,3782.103,39.59,39.59,5.71,20,20,214,same_worker,34,717767
yjit-on/puma-response-chunk-512kb/raptor-3r/repeat-1,yjit-on,true,puma-response-chunk-512kb,puma-response-time-wrk,puma/benchmarks/local/response_time_wrk,https://github.com/puma/puma/blob/main/benchmarks/local/response_time_wrk.rb,raptor-3r,3,raptor,3,,1000,1000,14.743,5.0,1000,1000,14.649,2.0,5,true,1000,0,67.829,41.963,42.955,44.447,3575.226,3801.408,39.59,39.59,5.915,20,20,210,same_worker,34,716249
yjit-on/puma-response-string-512kb/raptor-3r/repeat-1,yjit-on,true,puma-response-string-512kb,puma-response-time-wrk,puma/benchmarks/local/response_time_wrk,https://github.com/puma/puma/blob/main/benchmarks/local/response_time_wrk.rb,raptor-3r,3,raptor,3,,8540,1000,5.002,5.0,1000,3240,2.003,2.0,5,true,8540,0,1707.265,1.504,2.714,18.082,179.613,230.119,39.758,39.758,6.415,20,20,67,same_worker,319,6139344
yjit-on/puma-response-io-512kb/raptor-3r/repeat-1,yjit-on,true,puma-response-io-512kb,puma-response-time-wrk,puma/benchmarks/local/response_time_wrk,https://github.com/puma/puma/blob/main/benchmarks/local/response_time_wrk.rb,raptor-3r,3,raptor,3,,1000,1000,14.9,5.0,1000,1000,14.355,2.0,5,true,1000,0,67.116,42.002,43.192,48.748,3766.046,3805.401,46.621,46.621,6.925,20,20,212,same_worker,83,1749243
yjit-on/puma-response-array-1024kb/raptor-3r/repeat-1,yjit-on,true,puma-response-array-1024kb,puma-response-time-wrk,puma/benchmarks/local/response_time_wrk,https://github.com/puma/puma/blob/main/benchmarks/local/response_time_wrk.rb,raptor-3r,3,raptor,3,,1000,1000,14.695,5.0,1000,1000,15.269,2.0,5,true,1000,0,68.049,42.964,44.017,45.406,3570.532,3629.124,46.621,44.539,7.33,20,20,209,same_worker,30,717466
yjit-on/puma-response-chunk-1024kb/raptor-3r/repeat-1,yjit-on,true,puma-response-chunk-1024kb,puma-response-time-wrk,puma/benchmarks/local/response_time_wrk,https://github.com/puma/puma/blob/main/benchmarks/local/response_time_wrk.rb,raptor-3r,3,raptor,3,,1000,1000,14.747,5.0,1000,1000,15.748,2.0,5,true,1000,0,67.809,42.982,44.147,46.639,3715.734,3756.414,44.539,44.539,7.8,20,20,209,same_worker,30,715452
yjit-on/puma-response-string-1024kb/raptor-3r/repeat-1,yjit-on,true,puma-response-string-1024kb,puma-response-time-wrk,puma/benchmarks/local/response_time_wrk,https://github.com/puma/puma/blob/main/benchmarks/local/response_time_wrk.rb,raptor-3r,3,raptor,3,,5416,1000,5.003,5.0,1000,2248,2.004,2.0,5,true,5416,0,1082.486,2.344,4.765,20.319,279.679,303.309,46.895,46.895,8.15,20,20,65,same_worker,168,3893099
yjit-on/puma-response-io-1024kb/raptor-3r/repeat-1,yjit-on,true,puma-response-io-1024kb,puma-response-time-wrk,puma/benchmarks/local/response_time_wrk,https://github.com/puma/puma/blob/main/benchmarks/local/response_time_wrk.rb,raptor-3r,3,raptor,3,,1000,1000,15.309,5.0,1000,1000,16.528,2.0,5,true,1000,0,65.321,43.963,45.625,48.437,3685.878,3817.71,52.285,52.285,8.805,20,20,217,same_worker,163,2772813
yjit-on/puma-response-array-2048kb/raptor-3r/repeat-1,yjit-on,true,puma-response-array-2048kb,puma-response-time-wrk,puma/benchmarks/local/response_time_wrk,https://github.com/puma/puma/blob/main/benchmarks/local/response_time_wrk.rb,raptor-3r,3,raptor,3,,1000,1000,14.659,5.0,1000,1000,16.125,2.0,5,true,1000,0,68.219,44.976,46.955,48.206,3623.862,4038.952,52.285,52.285,9.745,20,20,207,same_worker,33,718568
yjit-on/puma-response-chunk-2048kb/raptor-3r/repeat-1,yjit-on,true,puma-response-chunk-2048kb,puma-response-time-wrk,puma/benchmarks/local/response_time_wrk,https://github.com/puma/puma/blob/main/benchmarks/local/response_time_wrk.rb,raptor-3r,3,raptor,3,,1000,1000,15.208,5.0,1000,1000,16.413,2.0,5,true,1000,0,65.757,45.081,47.034,50.636,3950.168,4031.985,52.285,52.285,10.585,20,20,215,same_worker,33,714989
yjit-on/puma-response-string-2048kb/raptor-3r/repeat-1,yjit-on,true,puma-response-string-2048kb,puma-response-time-wrk,puma/benchmarks/local/response_time_wrk,https://github.com/puma/puma/blob/main/benchmarks/local/response_time_wrk.rb,raptor-3r,3,raptor,3,,3362,1000,5.007,5.0,1000,1434,2.005,2.0,5,true,3362,0,671.454,4.344,6.178,11.951,451.678,460.462,58.297,58.297,10.98,20,20,63,same_worker,115,2417282
yjit-on/puma-response-io-2048kb/raptor-3r/repeat-1,yjit-on,true,puma-response-io-2048kb,puma-response-time-wrk,puma/benchmarks/local/response_time_wrk,https://github.com/puma/puma/blob/main/benchmarks/local/response_time_wrk.rb,raptor-3r,3,raptor,3,,1000,1000,16.823,5.0,1000,1000,17.631,2.0,5,true,1000,0,59.441,46.889,49.202,56.896,4418.022,4440.213,64.41,64.41,12.005,20,20,238,same_worker,283,4821122
yjit-on/puma-long-tail-fib-200ms-x6p0/raptor-3r/repeat-1,yjit-on,true,puma-long-tail-fib-200ms-x6p0,puma-long-tail-hey,puma/benchmarks/local/long_tail_hey + test/rackup/sleep_fibonacci,https://github.com/puma/puma/blob/main/benchmarks/local/long_tail_hey.rb,raptor-3r,3,raptor,3,,363,360,29.007,5.0,360,360,28.769,2.0,18,true,363,0,12.514,241.827,242.985,19615.726,24406.528,24406.618,64.844,64.844,21.17,20,20,402,same_worker,2,62658
yjit-on/puma-long-tail-fib-200ms-x4p0/raptor-3r/repeat-1,yjit-on,true,puma-long-tail-fib-200ms-x4p0,puma-long-tail-hey,puma/benchmarks/local/long_tail_hey + test/rackup/sleep_fibonacci,https://github.com/puma/puma/blob/main/benchmarks/local/long_tail_hey.rb,raptor-3r,3,raptor,3,,243,240,19.421,5.0,240,240,19.172,2.0,12,true,243,0,12.512,241.888,242.812,12809.642,14823.007,14823.073,64.859,64.859,29.24,20,20,271,same_worker,1,44153
yjit-on/puma-long-tail-fib-200ms-x3p0/raptor-3r/repeat-1,yjit-on,true,puma-long-tail-fib-200ms-x3p0,puma-long-tail-hey,puma/benchmarks/local/long_tail_hey + test/rackup/sleep_fibonacci,https://github.com/puma/puma/blob/main/benchmarks/local/long_tail_hey.rb,raptor-3r,3,raptor,3,,183,180,14.625,5.0,180,180,14.388,2.0,9,true,183,0,12.513,241.854,242.544,10026.586,10026.95,10026.964,64.859,64.859,34.57,20,20,205,same_worker,2,33634
yjit-on/puma-long-tail-fib-200ms-x2p0/raptor-3r/repeat-1,yjit-on,true,puma-long-tail-fib-200ms-x2p0,puma-long-tail-hey,puma/benchmarks/local/long_tail_hey + test/rackup/sleep_fibonacci,https://github.com/puma/puma/blob/main/benchmarks/local/long_tail_hey.rb,raptor-3r,3,raptor,3,,123,120,9.827,5.0,120,120,9.59,2.0,6,true,123,0,12.517,241.638,242.424,5233.013,5233.499,5233.557,64.867,64.867,38.05,20,20,138,same_worker,0,19999
yjit-on/puma-long-tail-fib-200ms-x1p5/raptor-3r/repeat-1,yjit-on,true,puma-long-tail-fib-200ms-x1p5,puma-long-tail-hey,puma/benchmarks/local/long_tail_hey + test/rackup/sleep_fibonacci,https://github.com/puma/puma/blob/main/benchmarks/local/long_tail_hey.rb,raptor-3r,3,raptor,3,,103,100,9.824,5.0,100,100,9.589,2.0,5,true,103,0,10.485,241.625,242.234,5128.799,5228.626,5228.638,64.867,64.867,40.61,20,20,138,same_worker,1,20466
yjit-on/puma-long-tail-fib-200ms-x1p0/raptor-3r/repeat-1,yjit-on,true,puma-long-tail-fib-200ms-x1p0,puma-long-tail-hey,puma/benchmarks/local/long_tail_hey + test/rackup/sleep_fibonacci,https://github.com/puma/puma/blob/main/benchmarks/local/long_tail_hey.rb,raptor-3r,3,raptor,3,,63,60,5.037,5.0,60,60,4.795,2.0,3,true,63,0,12.507,241.849,242.622,242.682,242.694,242.695,64.867,64.867,42.195,20,20,72,same_worker,1,12828
yjit-on/puma-long-tail-fib-200ms-x0p5/raptor-3r/repeat-1,yjit-on,true,puma-long-tail-fib-200ms-x0p5,puma-long-tail-hey,puma/benchmarks/local/long_tail_hey + test/rackup/sleep_fibonacci,https://github.com/puma/puma/blob/main/benchmarks/local/long_tail_hey.rb,raptor-3r,3,raptor,3,,42,40,5.038,5.0,40,40,4.8,2.0,2,true,42,0,8.337,241.803,242.222,242.284,242.294,242.295,64.867,64.867,43.15,20,20,72,same_worker,0,6663
yjit-on/puma-sleep-fibonacci-1ms/raptor-3r/repeat-1,yjit-on,true,puma-sleep-fibonacci-1ms,puma-sleep-fibonacci-test,puma/benchmarks/local/sleep_fibonacci_test + test/rackup/sleep_fibonacci,https://github.com/puma/puma/blob/main/benchmarks/local/sleep_fibonacci_test.rb,raptor-3r,3,raptor,3,,122,10,5.01,5.0,10,49,2.02,2.0,1,true,122,0,24.351,41.952,42.574,43.003,43.058,43.064,64.906,64.906,43.15,20,20,72,same_worker,0,20585
yjit-on/puma-sleep-fibonacci-5ms/raptor-3r/repeat-1,yjit-on,true,puma-sleep-fibonacci-5ms,puma-sleep-fibonacci-test,puma/benchmarks/local/sleep_fibonacci_test + test/rackup/sleep_fibonacci,https://github.com/puma/puma/blob/main/benchmarks/local/sleep_fibonacci_test.rb,raptor-3r,3,raptor,3,,112,10,5.017,5.0,10,45,2.029,2.0,1,true,112,0,22.324,45.942,46.036,46.317,46.856,46.919,64.914,64.914,42.885,20,20,72,same_worker,1,18189
yjit-on/puma-sleep-fibonacci-10ms/raptor-3r/repeat-1,yjit-on,true,puma-sleep-fibonacci-10ms,puma-sleep-fibonacci-test,puma/benchmarks/local/sleep_fibonacci_test + test/rackup/sleep_fibonacci,https://github.com/puma/puma/blob/main/benchmarks/local/sleep_fibonacci_test.rb,raptor-3r,3,raptor,3,,99,10,5.023,5.0,10,40,2.008,2.0,1,true,99,0,19.71,50.957,51.986,52.046,52.063,52.064,64.953,64.953,42.67,20,20,73,same_worker,1,16125
yjit-on/puma-sleep-fibonacci-50ms/raptor-3r/repeat-1,yjit-on,true,puma-sleep-fibonacci-50ms,puma-sleep-fibonacci-test,puma/benchmarks/local/sleep_fibonacci_test + test/rackup/sleep_fibonacci,https://github.com/puma/puma/blob/main/benchmarks/local/sleep_fibonacci_test.rb,raptor-3r,3,raptor,3,,56,10,5.064,5.0,10,23,2.057,2.0,1,true,56,0,11.058,90.972,91.926,91.971,91.991,91.993,64.957,64.957,42.6,20,20,73,same_worker,0,8303
yjit-on/puma-sleep-fibonacci-100ms/raptor-3r/repeat-1,yjit-on,true,puma-sleep-fibonacci-100ms,puma-sleep-fibonacci-test,puma/benchmarks/local/sleep_fibonacci_test + test/rackup/sleep_fibonacci,https://github.com/puma/puma/blob/main/benchmarks/local/sleep_fibonacci_test.rb,raptor-3r,3,raptor,3,,36,10,5.071,5.0,10,15,2.081,2.0,1,true,36,0,7.099,141.958,141.996,142.08,142.117,142.121,64.957,64.957,42.625,20,20,73,same_worker,1,8827
yjit-on/puma-sleep-fibonacci-200ms/raptor-3r/repeat-1,yjit-on,true,puma-sleep-fibonacci-200ms,puma-sleep-fibonacci-test,puma/benchmarks/local/sleep_fibonacci_test + test/rackup/sleep_fibonacci,https://github.com/puma/puma/blob/main/benchmarks/local/sleep_fibonacci_test.rb,raptor-3r,3,raptor,3,,21,10,5.036,5.0,10,10,2.378,2.0,1,true,21,0,4.17,241.885,242.915,242.959,242.969,242.97,64.957,64.957,42.75,20,20,73,same_worker,0,3294
yjit-on/puma-response-array-1kb/raptor-3r/repeat-2,yjit-on,true,puma-response-array-1kb,puma-response-time-wrk,puma/benchmarks/local/response_time_wrk,https://github.com/puma/puma/blob/main/benchmarks/local/response_time_wrk.rb,raptor-3r,3,raptor,3,,1000,1000,16.129,5.0,1000,1000,16.131,2.0,5,true,1000,0,62.0,40.987,41.984,42.272,4031.351,4032.24,29.723,29.723,3.055,20,20,230,same_worker,30,719266
yjit-on/puma-response-chunk-1kb/raptor-3r/repeat-2,yjit-on,true,puma-response-chunk-1kb,puma-response-time-wrk,puma/benchmarks/local/response_time_wrk,https://github.com/puma/puma/blob/main/benchmarks/local/response_time_wrk.rb,raptor-3r,3,raptor,3,,1000,1000,16.113,5.0,1000,1000,16.095,2.0,5,true,1000,0,62.061,40.983,41.951,42.101,4026.843,4028.099,29.875,29.875,2.41,20,20,230,same_worker,29,716258
yjit-on/puma-response-string-1kb/raptor-3r/repeat-2,yjit-on,true,puma-response-string-1kb,puma-response-time-wrk,puma/benchmarks/local/response_time_wrk,https://github.com/puma/puma/blob/main/benchmarks/local/response_time_wrk.rb,raptor-3r,3,raptor,3,,1000,1000,16.127,5.0,1000,1000,16.091,2.0,5,true,1000,0,62.007,40.985,41.985,42.274,4032.526,4034.674,29.957,29.957,2.275,20,20,230,same_worker,29,718062
yjit-on/puma-response-io-1kb/raptor-3r/repeat-2,yjit-on,true,puma-response-io-1kb,puma-response-time-wrk,puma/benchmarks/local/response_time_wrk,https://github.com/puma/puma/blob/main/benchmarks/local/response_time_wrk.rb,raptor-3r,3,raptor,3,,1000,1000,16.122,5.0,1000,1000,16.088,2.0,5,true,1000,0,62.026,40.988,41.952,42.239,4029.95,4033.622,30.258,30.258,2.2,20,20,230,same_worker,31,727243
yjit-on/puma-response-array-10kb/raptor-3r/repeat-2,yjit-on,true,puma-response-array-10kb,puma-response-time-wrk,puma/benchmarks/local/response_time_wrk,https://github.com/puma/puma/blob/main/benchmarks/local/response_time_wrk.rb,raptor-3r,3,raptor,3,,1000,1000,16.116,5.0,1000,1000,16.092,2.0,5,true,1000,0,62.049,40.985,41.977,42.269,4029.585,4033.414,30.301,30.301,2.2,20,20,230,same_worker,30,718407
yjit-on/puma-response-chunk-10kb/raptor-3r/repeat-2,yjit-on,true,puma-response-chunk-10kb,puma-response-time-wrk,puma/benchmarks/local/response_time_wrk,https://github.com/puma/puma/blob/main/benchmarks/local/response_time_wrk.rb,raptor-3r,3,raptor,3,,1000,1000,16.171,5.0,1000,1000,16.086,2.0,5,true,1000,0,61.84,40.987,41.979,42.401,4033.452,4071.892,30.301,30.301,2.14,20,20,230,same_worker,30,715120
yjit-on/puma-response-string-10kb/raptor-3r/repeat-2,yjit-on,true,puma-response-string-10kb,puma-response-time-wrk,puma/benchmarks/local/response_time_wrk,https://github.com/puma/puma/blob/main/benchmarks/local/response_time_wrk.rb,raptor-3r,3,raptor,3,,1000,1000,16.127,5.0,1000,1000,16.084,2.0,5,true,1000,0,62.007,40.984,41.98,42.306,4029.058,4036.813,30.309,30.309,2.1,20,20,229,same_worker,31,719249
yjit-on/puma-response-io-10kb/raptor-3r/repeat-2,yjit-on,true,puma-response-io-10kb,puma-response-time-wrk,puma/benchmarks/local/response_time_wrk,https://github.com/puma/puma/blob/main/benchmarks/local/response_time_wrk.rb,raptor-3r,3,raptor,3,,1000,1000,16.128,5.0,1000,1000,16.094,2.0,5,true,1000,0,62.005,40.984,41.983,42.484,4032.967,4034.578,30.664,30.664,2.135,20,20,229,same_worker,33,744224
yjit-on/puma-response-array-100kb/raptor-3r/repeat-2,yjit-on,true,puma-response-array-100kb,puma-response-time-wrk,puma/benchmarks/local/response_time_wrk,https://github.com/puma/puma/blob/main/benchmarks/local/response_time_wrk.rb,raptor-3r,3,raptor,3,,1000,1000,15.25,5.0,1000,1000,15.108,2.0,5,true,1000,0,65.573,40.973,41.975,42.795,3835.802,3836.062,30.805,30.805,2.255,20,20,217,same_worker,32,718017
yjit-on/puma-response-chunk-100kb/raptor-3r/repeat-2,yjit-on,true,puma-response-chunk-100kb,puma-response-time-wrk,puma/benchmarks/local/response_time_wrk,https://github.com/puma/puma/blob/main/benchmarks/local/response_time_wrk.rb,raptor-3r,3,raptor,3,,1000,1000,14.688,5.0,1000,1000,15.521,2.0,5,true,1000,0,68.081,40.97,41.97,42.103,3673.776,3712.859,30.867,30.867,2.365,20,20,209,same_worker,32,714430
yjit-on/puma-response-string-100kb/raptor-3r/repeat-2,yjit-on,true,puma-response-string-100kb,puma-response-time-wrk,puma/benchmarks/local/response_time_wrk,https://github.com/puma/puma/blob/main/benchmarks/local/response_time_wrk.rb,raptor-3r,3,raptor,3,,16030,1000,5.001,5.0,1000,6584,2.002,2.0,5,true,16030,0,3205.083,0.874,1.495,8.587,88.762,97.774,31.324,31.324,3.605,20,20,69,same_worker,597,11525859
yjit-on/puma-response-io-100kb/raptor-3r/repeat-2,yjit-on,true,puma-response-io-100kb,puma-response-time-wrk,puma/benchmarks/local/response_time_wrk,https://github.com/puma/puma/blob/main/benchmarks/local/response_time_wrk.rb,raptor-3r,3,raptor,3,,1000,1000,14.992,5.0,1000,1000,14.598,2.0,5,true,1000,0,66.701,40.978,41.99,42.947,3675.594,3879.996,35.484,35.484,4.3,20,20,214,same_worker,54,925245
yjit-on/puma-response-array-256kb/raptor-3r/repeat-2,yjit-on,true,puma-response-array-256kb,puma-response-time-wrk,puma/benchmarks/local/response_time_wrk,https://github.com/puma/puma/blob/main/benchmarks/local/response_time_wrk.rb,raptor-3r,3,raptor,3,,1000,1000,12.778,5.0,1000,1000,12.52,2.0,5,true,1000,0,78.259,41.268,42.65,43.882,3241.084,3293.841,35.484,35.484,4.4,20,20,182,same_worker,41,717962
yjit-on/puma-response-chunk-256kb/raptor-3r/repeat-2,yjit-on,true,puma-response-chunk-256kb,puma-response-time-wrk,puma/benchmarks/local/response_time_wrk,https://github.com/puma/puma/blob/main/benchmarks/local/response_time_wrk.rb,raptor-3r,3,raptor,3,,1000,1000,13.094,5.0,1000,1000,13.097,2.0,5,true,1000,0,76.369,41.834,42.871,43.977,3309.316,3333.259,35.484,35.484,4.555,20,20,186,same_worker,42,716249
yjit-on/puma-response-string-256kb/raptor-3r/repeat-2,yjit-on,true,puma-response-string-256kb,puma-response-time-wrk,puma/benchmarks/local/response_time_wrk,https://github.com/puma/puma/blob/main/benchmarks/local/response_time_wrk.rb,raptor-3r,3,raptor,3,,11710,1000,5.002,5.0,1000,4599,2.002,2.0,5,true,11710,0,2341.162,1.087,2.03,40.808,125.333,167.788,36.035,36.035,5.35,20,20,68,same_worker,365,8418920
yjit-on/puma-response-io-256kb/raptor-3r/repeat-2,yjit-on,true,puma-response-io-256kb,puma-response-time-wrk,puma/benchmarks/local/response_time_wrk,https://github.com/puma/puma/blob/main/benchmarks/local/response_time_wrk.rb,raptor-3r,3,raptor,3,,1000,1000,13.513,5.0,1000,1000,14.157,2.0,5,true,1000,0,74.0,41.909,42.875,44.507,3666.397,3709.807,40.285,40.027,5.865,20,20,193,same_worker,60,1237249
yjit-on/puma-response-array-512kb/raptor-3r/repeat-2,yjit-on,true,puma-response-array-512kb,puma-response-time-wrk,puma/benchmarks/local/response_time_wrk,https://github.com/puma/puma/blob/main/benchmarks/local/response_time_wrk.rb,raptor-3r,3,raptor,3,,1000,1000,15.425,5.0,1000,1000,15.208,2.0,5,true,1000,0,64.828,41.969,42.97,43.558,3789.355,3847.632,40.027,40.027,6.045,20,20,220,same_worker,32,719128
yjit-on/puma-response-chunk-512kb/raptor-3r/repeat-2,yjit-on,true,puma-response-chunk-512kb,puma-response-time-wrk,puma/benchmarks/local/response_time_wrk,https://github.com/puma/puma/blob/main/benchmarks/local/response_time_wrk.rb,raptor-3r,3,raptor,3,,1000,1000,15.215,5.0,1000,1000,15.734,2.0,5,true,1000,0,65.725,41.956,42.953,43.233,3777.234,3815.547,40.027,40.027,6.195,20,20,216,same_worker,32,716249
yjit-on/puma-response-string-512kb/raptor-3r/repeat-2,yjit-on,true,puma-response-string-512kb,puma-response-time-wrk,puma/benchmarks/local/response_time_wrk,https://github.com/puma/puma/blob/main/benchmarks/local/response_time_wrk.rb,raptor-3r,3,raptor,3,,8532,1000,5.002,5.0,1000,3345,2.186,2.0,5,true,8532,0,1705.63,1.503,2.598,48.412,170.8,218.195,41.043,41.043,6.715,20,20,67,same_worker,297,6137236
yjit-on/puma-response-io-512kb/raptor-3r/repeat-2,yjit-on,true,puma-response-io-512kb,puma-response-time-wrk,puma/benchmarks/local/response_time_wrk,https://github.com/puma/puma/blob/main/benchmarks/local/response_time_wrk.rb,raptor-3r,3,raptor,3,,1000,1000,14.545,5.0,1000,1000,14.796,2.0,5,true,1000,0,68.753,42.02,43.791,44.918,3821.167,3866.831,45.211,44.078,7.23,20,20,207,same_worker,106,1749243
yjit-on/puma-response-array-1024kb/raptor-3r/repeat-2,yjit-on,true,puma-response-array-1024kb,puma-response-time-wrk,puma/benchmarks/local/response_time_wrk,https://github.com/puma/puma/blob/main/benchmarks/local/response_time_wrk.rb,raptor-3r,3,raptor,3,,1000,1000,15.553,5.0,1000,1000,15.781,2.0,5,true,1000,0,64.297,42.968,44.031,45.759,3772.943,3887.94,44.078,44.078,7.625,20,20,221,same_worker,37,719243
yjit-on/puma-response-chunk-1024kb/raptor-3r/repeat-2,yjit-on,true,puma-response-chunk-1024kb,puma-response-time-wrk,puma/benchmarks/local/response_time_wrk,https://github.com/puma/puma/blob/main/benchmarks/local/response_time_wrk.rb,raptor-3r,3,raptor,3,,1000,1000,15.108,5.0,1000,1000,15.584,2.0,5,true,1000,0,66.189,42.981,44.07,50.005,3692.619,3734.592,44.078,44.078,8.025,20,20,215,same_worker,37,716231
yjit-on/puma-response-string-1024kb/raptor-3r/repeat-2,yjit-on,true,puma-response-string-1024kb,puma-response-time-wrk,puma/benchmarks/local/response_time_wrk,https://github.com/puma/puma/blob/main/benchmarks/local/response_time_wrk.rb,raptor-3r,3,raptor,3,,5909,1000,5.004,5.0,1000,2326,2.003,2.0,5,true,5909,0,1180.913,2.202,3.791,22.551,245.688,278.787,47.68,47.68,8.415,20,20,65,same_worker,237,4248675
yjit-on/puma-response-io-1024kb/raptor-3r/repeat-2,yjit-on,true,puma-response-io-1024kb,puma-response-time-wrk,puma/benchmarks/local/response_time_wrk,https://github.com/puma/puma/blob/main/benchmarks/local/response_time_wrk.rb,raptor-3r,3,raptor,3,,1000,1000,15.594,5.0,1000,1000,15.767,2.0,5,true,1000,0,64.127,43.939,45.322,48.713,3801.465,3965.853,54.266,54.168,9.06,20,20,222,same_worker,145,2771875
yjit-on/puma-response-array-2048kb/raptor-3r/repeat-2,yjit-on,true,puma-response-array-2048kb,puma-response-time-wrk,puma/benchmarks/local/response_time_wrk,https://github.com/puma/puma/blob/main/benchmarks/local/response_time_wrk.rb,raptor-3r,3,raptor,3,,1000,1000,15.927,5.0,1000,1000,16.331,2.0,5,true,1000,0,62.785,44.979,46.698,47.833,4056.832,4082.335,54.168,54.168,9.865,20,20,226,same_worker,30,717758
yjit-on/puma-response-chunk-2048kb/raptor-3r/repeat-2,yjit-on,true,puma-response-chunk-2048kb,puma-response-time-wrk,puma/benchmarks/local/response_time_wrk,https://github.com/puma/puma/blob/main/benchmarks/local/response_time_wrk.rb,raptor-3r,3,raptor,3,,1000,1000,16.282,5.0,1000,1000,16.782,2.0,5,true,1000,0,61.417,45.011,46.882,48.493,4102.905,4287.46,54.168,54.168,10.725,20,20,230,same_worker,30,714633
yjit-on/puma-response-string-2048kb/raptor-3r/repeat-2,yjit-on,true,puma-response-string-2048kb,puma-response-time-wrk,puma/benchmarks/local/response_time_wrk,https://github.com/puma/puma/blob/main/benchmarks/local/response_time_wrk.rb,raptor-3r,3,raptor,3,,3617,1000,5.007,5.0,1000,1435,2.006,2.0,5,true,3617,0,722.42,4.038,5.383,16.265,418.459,433.331,60.18,60.18,11.08,20,20,63,same_worker,111,2600889
yjit-on/puma-response-io-2048kb/raptor-3r/repeat-2,yjit-on,true,puma-response-io-2048kb,puma-response-time-wrk,puma/benchmarks/local/response_time_wrk,https://github.com/puma/puma/blob/main/benchmarks/local/response_time_wrk.rb,raptor-3r,3,raptor,3,,1000,1000,16.892,5.0,1000,1000,17.541,2.0,5,true,1000,0,59.201,46.933,49.084,51.366,4274.171,4315.098,66.188,66.18,12.115,20,20,239,same_worker,288,4820884
yjit-on/puma-long-tail-fib-200ms-x6p0/raptor-3r/repeat-2,yjit-on,true,puma-long-tail-fib-200ms-x6p0,puma-long-tail-hey,puma/benchmarks/local/long_tail_hey + test/rackup/sleep_fibonacci,https://github.com/puma/puma/blob/main/benchmarks/local/long_tail_hey.rb,raptor-3r,3,raptor,3,,363,360,29.013,5.0,360,360,28.79,2.0,18,true,363,0,12.512,241.879,242.888,19612.326,24407.659,24407.756,66.594,66.594,21.295,20,20,403,same_worker,2,62660
yjit-on/puma-long-tail-fib-200ms-x4p0/raptor-3r/repeat-2,yjit-on,true,puma-long-tail-fib-200ms-x4p0,puma-long-tail-hey,puma/benchmarks/local/long_tail_hey + test/rackup/sleep_fibonacci,https://github.com/puma/puma/blob/main/benchmarks/local/long_tail_hey.rb,raptor-3r,3,raptor,3,,243,240,19.422,5.0,240,240,19.179,2.0,12,true,243,0,12.512,241.858,242.94,12812.314,14825.228,14825.261,66.605,66.605,29.33,20,20,270,same_worker,1,44172
yjit-on/puma-long-tail-fib-200ms-x3p0/raptor-3r/repeat-2,yjit-on,true,puma-long-tail-fib-200ms-x3p0,puma-long-tail-hey,puma/benchmarks/local/long_tail_hey + test/rackup/sleep_fibonacci,https://github.com/puma/puma/blob/main/benchmarks/local/long_tail_hey.rb,raptor-3r,3,raptor,3,,183,180,14.626,5.0,180,180,14.388,2.0,9,true,183,0,12.512,241.792,242.431,10030.168,10030.492,10030.543,66.609,66.609,34.66,20,20,204,same_worker,2,33686
yjit-on/puma-long-tail-fib-200ms-x2p0/raptor-3r/repeat-2,yjit-on,true,puma-long-tail-fib-200ms-x2p0,puma-long-tail-hey,puma/benchmarks/local/long_tail_hey + test/rackup/sleep_fibonacci,https://github.com/puma/puma/blob/main/benchmarks/local/long_tail_hey.rb,raptor-3r,3,raptor,3,,123,120,9.835,5.0,120,120,9.591,2.0,6,true,123,0,12.507,241.846,242.663,5235.89,5236.594,5236.634,66.613,66.613,38.135,20,20,138,same_worker,0,19705
yjit-on/puma-long-tail-fib-200ms-x1p5/raptor-3r/repeat-2,yjit-on,true,puma-long-tail-fib-200ms-x1p5,puma-long-tail-hey,puma/benchmarks/local/long_tail_hey + test/rackup/sleep_fibonacci,https://github.com/puma/puma/blob/main/benchmarks/local/long_tail_hey.rb,raptor-3r,3,raptor,3,,103,100,9.832,5.0,100,100,9.594,2.0,5,true,103,0,10.476,241.853,242.425,5133.779,5233.861,5233.891,66.621,66.621,40.705,20,20,138,same_worker,1,19355
yjit-on/puma-long-tail-fib-200ms-x1p0/raptor-3r/repeat-2,yjit-on,true,puma-long-tail-fib-200ms-x1p0,puma-long-tail-hey,puma/benchmarks/local/long_tail_hey + test/rackup/sleep_fibonacci,https://github.com/puma/puma/blob/main/benchmarks/local/long_tail_hey.rb,raptor-3r,3,raptor,3,,63,60,5.034,5.0,60,60,4.794,2.0,3,true,63,0,12.515,241.684,242.344,242.415,242.419,242.42,66.621,66.621,42.29,20,20,71,same_worker,1,11035
yjit-on/puma-long-tail-fib-200ms-x0p5/raptor-3r/repeat-2,yjit-on,true,puma-long-tail-fib-200ms-x0p5,puma-long-tail-hey,puma/benchmarks/local/long_tail_hey + test/rackup/sleep_fibonacci,https://github.com/puma/puma/blob/main/benchmarks/local/long_tail_hey.rb,raptor-3r,3,raptor,3,,42,40,5.037,5.0,40,40,4.8,2.0,2,true,42,0,8.338,241.922,242.218,242.229,242.23,242.23,66.641,66.641,43.24,20,20,72,same_worker,0,7065
yjit-on/puma-sleep-fibonacci-1ms/raptor-3r/repeat-2,yjit-on,true,puma-sleep-fibonacci-1ms,puma-sleep-fibonacci-test,puma/benchmarks/local/sleep_fibonacci_test + test/rackup/sleep_fibonacci,https://github.com/puma/puma/blob/main/benchmarks/local/sleep_fibonacci_test.rb,raptor-3r,3,raptor,3,,122,10,5.006,5.0,10,49,2.021,2.0,1,true,122,0,24.371,41.958,42.078,42.914,42.994,43.002,66.684,66.684,43.235,20,20,72,same_worker,0,20579
yjit-on/puma-sleep-fibonacci-5ms/raptor-3r/repeat-2,yjit-on,true,puma-sleep-fibonacci-5ms,puma-sleep-fibonacci-test,puma/benchmarks/local/sleep_fibonacci_test + test/rackup/sleep_fibonacci,https://github.com/puma/puma/blob/main/benchmarks/local/sleep_fibonacci_test.rb,raptor-3r,3,raptor,3,,112,10,5.016,5.0,10,45,2.029,2.0,1,true,112,0,22.33,45.928,46.196,46.952,46.961,46.962,66.691,66.691,42.975,20,20,72,same_worker,1,19931
yjit-on/puma-sleep-fibonacci-10ms/raptor-3r/repeat-2,yjit-on,true,puma-sleep-fibonacci-10ms,puma-sleep-fibonacci-test,puma/benchmarks/local/sleep_fibonacci_test + test/rackup/sleep_fibonacci,https://github.com/puma/puma/blob/main/benchmarks/local/sleep_fibonacci_test.rb,raptor-3r,3,raptor,3,,99,10,5.024,5.0,10,40,2.003,2.0,1,true,99,0,19.706,50.972,51.962,51.982,52.01,52.013,66.738,66.738,42.76,20,20,72,same_worker,1,16453
yjit-on/puma-sleep-fibonacci-50ms/raptor-3r/repeat-2,yjit-on,true,puma-sleep-fibonacci-50ms,puma-sleep-fibonacci-test,puma/benchmarks/local/sleep_fibonacci_test + test/rackup/sleep_fibonacci,https://github.com/puma/puma/blob/main/benchmarks/local/sleep_fibonacci_test.rb,raptor-3r,3,raptor,3,,56,10,5.074,5.0,10,23,2.069,2.0,1,true,56,0,11.037,91.007,92.003,92.558,92.857,92.89,66.742,66.742,42.7,20,20,73,same_worker,0,8309
yjit-on/puma-sleep-fibonacci-100ms/raptor-3r/repeat-2,yjit-on,true,puma-sleep-fibonacci-100ms,puma-sleep-fibonacci-test,puma/benchmarks/local/sleep_fibonacci_test + test/rackup/sleep_fibonacci,https://github.com/puma/puma/blob/main/benchmarks/local/sleep_fibonacci_test.rb,raptor-3r,3,raptor,3,,36,10,5.072,5.0,10,15,2.089,2.0,1,true,36,0,7.098,141.963,142.024,142.107,142.12,142.122,66.742,66.742,42.7,20,20,73,same_worker,1,9562
yjit-on/puma-sleep-fibonacci-200ms/raptor-3r/repeat-2,yjit-on,true,puma-sleep-fibonacci-200ms,puma-sleep-fibonacci-test,puma/benchmarks/local/sleep_fibonacci_test + test/rackup/sleep_fibonacci,https://github.com/puma/puma/blob/main/benchmarks/local/sleep_fibonacci_test.rb,raptor-3r,3,raptor,3,,21,10,5.033,5.0,10,10,2.375,2.0,1,true,21,0,4.172,241.871,242.282,242.832,242.956,242.97,66.742,66.742,42.835,20,20,72,same_worker,0,2159
yjit-on/puma-response-array-1kb/raptor-3r/repeat-3,yjit-on,true,puma-response-array-1kb,puma-response-time-wrk,puma/benchmarks/local/response_time_wrk,https://github.com/puma/puma/blob/main/benchmarks/local/response_time_wrk.rb,raptor-3r,3,raptor,3,,1000,1000,16.114,5.0,1000,1000,16.118,2.0,5,true,1000,0,62.056,40.984,41.984,42.279,4029.398,4031.478,31.41,31.41,3.12,20,20,230,same_worker,16,716966
yjit-on/puma-response-chunk-1kb/raptor-3r/repeat-3,yjit-on,true,puma-response-chunk-1kb,puma-response-time-wrk,puma/benchmarks/local/response_time_wrk,https://github.com/puma/puma/blob/main/benchmarks/local/response_time_wrk.rb,raptor-3r,3,raptor,3,,1000,1000,16.112,5.0,1000,1000,16.095,2.0,5,true,1000,0,62.065,40.986,41.968,42.211,4029.605,4030.546,31.762,31.762,2.385,20,20,230,same_worker,16,714138
yjit-on/puma-response-string-1kb/raptor-3r/repeat-3,yjit-on,true,puma-response-string-1kb,puma-response-time-wrk,puma/benchmarks/local/response_time_wrk,https://github.com/puma/puma/blob/main/benchmarks/local/response_time_wrk.rb,raptor-3r,3,raptor,3,,1000,1000,16.109,5.0,1000,1000,16.086,2.0,5,true,1000,0,62.076,40.985,41.923,42.273,4026.39,4026.583,31.797,31.797,2.185,20,20,230,same_worker,16,718248
yjit-on/puma-response-io-1kb/raptor-3r/repeat-3,yjit-on,true,puma-response-io-1kb,puma-response-time-wrk,puma/benchmarks/local/response_time_wrk,https://github.com/puma/puma/blob/main/benchmarks/local/response_time_wrk.rb,raptor-3r,3,raptor,3,,1000,1000,16.12,5.0,1000,1000,16.085,2.0,5,true,1000,0,62.033,40.986,41.983,42.234,4029.629,4032.486,32.039,32.039,2.1,20,20,230,same_worker,16,725305
yjit-on/puma-response-array-10kb/raptor-3r/repeat-3,yjit-on,true,puma-response-array-10kb,puma-response-time-wrk,puma/benchmarks/local/response_time_wrk,https://github.com/puma/puma/blob/main/benchmarks/local/response_time_wrk.rb,raptor-3r,3,raptor,3,,1000,1000,16.161,5.0,1000,1000,16.088,2.0,5,true,1000,0,61.879,40.99,41.988,42.42,4066.024,4075.337,32.074,32.074,2.09,20,20,231,same_worker,17,719599
yjit-on/puma-response-chunk-10kb/raptor-3r/repeat-3,yjit-on,true,puma-response-chunk-10kb,puma-response-time-wrk,puma/benchmarks/local/response_time_wrk,https://github.com/puma/puma/blob/main/benchmarks/local/response_time_wrk.rb,raptor-3r,3,raptor,3,,1000,1000,16.109,5.0,1000,1000,16.081,2.0,5,true,1000,0,62.075,40.986,41.982,42.215,4028.307,4028.444,32.184,32.184,2.0,20,20,231,same_worker,17,714474
yjit-on/puma-response-string-10kb/raptor-3r/repeat-3,yjit-on,true,puma-response-string-10kb,puma-response-time-wrk,puma/benchmarks/local/response_time_wrk,https://github.com/puma/puma/blob/main/benchmarks/local/response_time_wrk.rb,raptor-3r,3,raptor,3,,1000,1000,16.11,5.0,1000,1000,16.081,2.0,5,true,1000,0,62.075,40.984,41.956,42.376,4028.434,4029.38,32.203,32.203,2.0,20,20,231,same_worker,17,716620
yjit-on/puma-response-io-10kb/raptor-3r/repeat-3,yjit-on,true,puma-response-io-10kb,puma-response-time-wrk,puma/benchmarks/local/response_time_wrk,https://github.com/puma/puma/blob/main/benchmarks/local/response_time_wrk.rb,raptor-3r,3,raptor,3,,1000,1000,16.119,5.0,1000,1000,16.126,2.0,5,true,1000,0,62.038,40.987,41.966,42.279,4029.121,4030.027,32.719,32.719,2.0,20,20,230,same_worker,17,743852
yjit-on/puma-response-array-100kb/raptor-3r/repeat-3,yjit-on,true,puma-response-array-100kb,puma-response-time-wrk,puma/benchmarks/local/response_time_wrk,https://github.com/puma/puma/blob/main/benchmarks/local/response_time_wrk.rb,raptor-3r,3,raptor,3,,1000,1000,14.924,5.0,1000,1000,15.302,2.0,5,true,1000,0,67.005,40.976,41.977,42.148,3795.107,3871.8,32.777,32.777,2.1,20,20,213,same_worker,16,716654
yjit-on/puma-response-chunk-100kb/raptor-3r/repeat-3,yjit-on,true,puma-response-chunk-100kb,puma-response-time-wrk,puma/benchmarks/local/response_time_wrk,https://github.com/puma/puma/blob/main/benchmarks/local/response_time_wrk.rb,raptor-3r,3,raptor,3,,1000,1000,15.285,5.0,1000,1000,14.423,2.0,5,true,1000,0,65.422,40.975,41.977,42.721,3912.178,3945.76,32.813,32.813,2.2,20,20,218,same_worker,17,715242
yjit-on/puma-response-string-100kb/raptor-3r/repeat-3,yjit-on,true,puma-response-string-100kb,puma-response-time-wrk,puma/benchmarks/local/response_time_wrk,https://github.com/puma/puma/blob/main/benchmarks/local/response_time_wrk.rb,raptor-3r,3,raptor,3,,16179,1000,5.001,5.0,1000,6619,2.001,2.0,5,true,16179,0,3234.938,0.871,1.485,4.803,91.847,97.6,33.27,33.27,3.42,20,20,69,same_worker,284,11617208
yjit-on/puma-response-io-100kb/raptor-3r/repeat-3,yjit-on,true,puma-response-io-100kb,puma-response-time-wrk,puma/benchmarks/local/response_time_wrk,https://github.com/puma/puma/blob/main/benchmarks/local/response_time_wrk.rb,raptor-3r,3,raptor,3,,1000,1000,14.89,5.0,1000,1000,14.532,2.0,5,true,1000,0,67.159,40.98,41.98,42.532,3671.133,3755.514,40.082,40.082,4.1,20,20,213,same_worker,25,924248
yjit-on/puma-response-array-256kb/raptor-3r/repeat-3,yjit-on,true,puma-response-array-256kb,puma-response-time-wrk,puma/benchmarks/local/response_time_wrk,https://github.com/puma/puma/blob/main/benchmarks/local/response_time_wrk.rb,raptor-3r,3,raptor,3,,1000,1000,13.892,5.0,1000,1000,13.661,2.0,5,true,1000,0,71.986,41.111,42.238,43.011,3492.343,3677.615,40.082,40.082,4.165,20,20,198,same_worker,18,718236
yjit-on/puma-response-chunk-256kb/raptor-3r/repeat-3,yjit-on,true,puma-response-chunk-256kb,puma-response-time-wrk,puma/benchmarks/local/response_time_wrk,https://github.com/puma/puma/blob/main/benchmarks/local/response_time_wrk.rb,raptor-3r,3,raptor,3,,1000,1000,13.631,5.0,1000,1000,13.759,2.0,5,true,1000,0,73.364,41.145,42.264,43.312,3093.57,3142.964,40.082,40.082,4.295,20,20,195,same_worker,19,714565
yjit-on/puma-response-string-256kb/raptor-3r/repeat-3,yjit-on,true,puma-response-string-256kb,puma-response-time-wrk,puma/benchmarks/local/response_time_wrk,https://github.com/puma/puma/blob/main/benchmarks/local/response_time_wrk.rb,raptor-3r,3,raptor,3,,11555,1000,5.002,5.0,1000,4942,2.002,2.0,5,true,11555,0,2310.112,1.099,2.064,41.162,130.557,158.284,40.129,40.129,5.03,20,20,68,same_worker,229,8295889
yjit-on/puma-response-io-256kb/raptor-3r/repeat-3,yjit-on,true,puma-response-io-256kb,puma-response-time-wrk,puma/benchmarks/local/response_time_wrk,https://github.com/puma/puma/blob/main/benchmarks/local/response_time_wrk.rb,raptor-3r,3,raptor,3,,1000,1000,13.862,5.0,1000,1000,13.844,2.0,5,true,1000,0,72.142,41.9,42.893,43.964,3464.715,3470.333,50.766,50.766,5.55,20,20,198,same_worker,40,1235347
yjit-on/puma-response-array-512kb/raptor-3r/repeat-3,yjit-on,true,puma-response-array-512kb,puma-response-time-wrk,puma/benchmarks/local/response_time_wrk,https://github.com/puma/puma/blob/main/benchmarks/local/response_time_wrk.rb,raptor-3r,3,raptor,3,,1000,1000,14.364,5.0,1000,1000,15.103,2.0,5,true,1000,0,69.62,41.97,42.958,43.235,3726.906,3794.721,50.766,50.766,5.735,20,20,205,same_worker,21,717587
yjit-on/puma-response-chunk-512kb/raptor-3r/repeat-3,yjit-on,true,puma-response-chunk-512kb,puma-response-time-wrk,puma/benchmarks/local/response_time_wrk,https://github.com/puma/puma/blob/main/benchmarks/local/response_time_wrk.rb,raptor-3r,3,raptor,3,,1000,1000,14.059,5.0,1000,1000,14.141,2.0,5,true,1000,0,71.128,41.957,42.994,47.073,3716.778,3980.46,50.766,50.766,5.95,20,20,199,same_worker,21,715242
yjit-on/puma-response-string-512kb/raptor-3r/repeat-3,yjit-on,true,puma-response-string-512kb,puma-response-time-wrk,puma/benchmarks/local/response_time_wrk,https://github.com/puma/puma/blob/main/benchmarks/local/response_time_wrk.rb,raptor-3r,3,raptor,3,,7790,1000,5.003,5.0,1000,3099,2.014,2.0,5,true,7790,0,1557.033,1.611,2.98,30.719,195.531,208.645,50.766,50.766,6.435,20,20,66,same_worker,171,5592646
yjit-on/puma-response-io-512kb/raptor-3r/repeat-3,yjit-on,true,puma-response-io-512kb,puma-response-time-wrk,puma/benchmarks/local/response_time_wrk,https://github.com/puma/puma/blob/main/benchmarks/local/response_time_wrk.rb,raptor-3r,3,raptor,3,,1000,1000,14.651,5.0,1000,1000,14.591,2.0,5,true,1000,0,68.256,42.233,43.931,45.231,3587.819,3658.51,56.145,56.145,6.965,20,20,208,same_worker,65,1746867
yjit-on/puma-response-array-1024kb/raptor-3r/repeat-3,yjit-on,true,puma-response-array-1024kb,puma-response-time-wrk,puma/benchmarks/local/response_time_wrk,https://github.com/puma/puma/blob/main/benchmarks/local/response_time_wrk.rb,raptor-3r,3,raptor,3,,1000,1000,15.287,5.0,1000,1000,14.418,2.0,5,true,1000,0,65.417,42.976,44.433,54.161,3711.851,4060.308,53.563,53.563,7.43,20,20,217,same_worker,23,718236
yjit-on/puma-response-chunk-1024kb/raptor-3r/repeat-3,yjit-on,true,puma-response-chunk-1024kb,puma-response-time-wrk,puma/benchmarks/local/response_time_wrk,https://github.com/puma/puma/blob/main/benchmarks/local/response_time_wrk.rb,raptor-3r,3,raptor,3,,1000,1000,15.299,5.0,1000,1000,15.06,2.0,5,true,1000,0,65.363,42.98,44.077,46.435,3931.413,3932.626,53.563,53.563,7.845,20,20,218,same_worker,23,714503
yjit-on/puma-response-string-1024kb/raptor-3r/repeat-3,yjit-on,true,puma-response-string-1024kb,puma-response-time-wrk,puma/benchmarks/local/response_time_wrk,https://github.com/puma/puma/blob/main/benchmarks/local/response_time_wrk.rb,raptor-3r,3,raptor,3,,5622,1000,5.004,5.0,1000,2178,2.003,2.0,5,true,5622,0,1123.54,2.243,4.418,21.395,265.872,306.552,53.563,53.563,8.22,20,20,65,same_worker,134,4037127
yjit-on/puma-response-io-1024kb/raptor-3r/repeat-3,yjit-on,true,puma-response-io-1024kb,puma-response-time-wrk,puma/benchmarks/local/response_time_wrk,https://github.com/puma/puma/blob/main/benchmarks/local/response_time_wrk.rb,raptor-3r,3,raptor,3,,1000,1000,15.391,5.0,1000,1000,16.017,2.0,5,true,1000,0,64.974,43.758,45.046,48.14,3706.672,3864.454,58.867,58.867,8.83,20,20,219,same_worker,119,2770437
yjit-on/puma-response-array-2048kb/raptor-3r/repeat-3,yjit-on,true,puma-response-array-2048kb,puma-response-time-wrk,puma/benchmarks/local/response_time_wrk,https://github.com/puma/puma/blob/main/benchmarks/local/response_time_wrk.rb,raptor-3r,3,raptor,3,,1000,1000,15.598,5.0,1000,1000,16.644,2.0,5,true,1000,0,64.112,44.988,46.81,47.992,3813.074,3825.98,58.867,58.867,9.655,20,20,221,same_worker,25,718248
yjit-on/puma-response-chunk-2048kb/raptor-3r/repeat-3,yjit-on,true,puma-response-chunk-2048kb,puma-response-time-wrk,puma/benchmarks/local/response_time_wrk,https://github.com/puma/puma/blob/main/benchmarks/local/response_time_wrk.rb,raptor-3r,3,raptor,3,,1000,1000,16.28,5.0,1000,1000,17.048,2.0,5,true,1000,0,61.424,44.989,46.882,48.036,4153.157,4169.27,58.867,58.867,10.48,20,20,231,same_worker,25,715248
yjit-on/puma-response-string-2048kb/raptor-3r/repeat-3,yjit-on,true,puma-response-string-2048kb,puma-response-time-wrk,puma/benchmarks/local/response_time_wrk,https://github.com/puma/puma/blob/main/benchmarks/local/response_time_wrk.rb,raptor-3r,3,raptor,3,,3489,1000,5.006,5.0,1000,1484,2.007,2.0,5,true,3489,0,696.941,4.167,5.884,11.676,431.839,448.871,64.879,64.879,10.85,20,20,63,same_worker,89,2504367
yjit-on/puma-response-io-2048kb/raptor-3r/repeat-3,yjit-on,true,puma-response-io-2048kb,puma-response-time-wrk,puma/benchmarks/local/response_time_wrk,https://github.com/puma/puma/blob/main/benchmarks/local/response_time_wrk.rb,raptor-3r,3,raptor,3,,1000,1000,16.971,5.0,1000,1000,17.165,2.0,5,true,1000,0,58.923,46.222,48.893,51.924,4207.742,4248.15,79.734,79.734,11.87,20,20,240,same_worker,131,4820242
yjit-on/puma-long-tail-fib-200ms-x6p0/raptor-3r/repeat-3,yjit-on,true,puma-long-tail-fib-200ms-x6p0,puma-long-tail-hey,puma/benchmarks/local/long_tail_hey + test/rackup/sleep_fibonacci,https://github.com/puma/puma/blob/main/benchmarks/local/long_tail_hey.rb,raptor-3r,3,raptor,3,,363,360,28.993,5.0,360,360,28.767,2.0,18,true,363,0,12.52,241.72,242.971,19598.243,24395.297,24395.997,80.188,80.188,21.04,20,20,406,same_worker,1,62557
yjit-on/puma-long-tail-fib-200ms-x4p0/raptor-3r/repeat-3,yjit-on,true,puma-long-tail-fib-200ms-x4p0,puma-long-tail-hey,puma/benchmarks/local/long_tail_hey + test/rackup/sleep_fibonacci,https://github.com/puma/puma/blob/main/benchmarks/local/long_tail_hey.rb,raptor-3r,3,raptor,3,,243,240,19.419,5.0,240,240,19.175,2.0,12,true,243,0,12.513,241.853,242.723,12806.436,14819.608,14819.642,80.227,80.227,29.11,20,20,272,same_worker,1,41329
yjit-on/puma-long-tail-fib-200ms-x3p0/raptor-3r/repeat-3,yjit-on,true,puma-long-tail-fib-200ms-x3p0,puma-long-tail-hey,puma/benchmarks/local/long_tail_hey + test/rackup/sleep_fibonacci,https://github.com/puma/puma/blob/main/benchmarks/local/long_tail_hey.rb,raptor-3r,3,raptor,3,,183,180,14.624,5.0,180,180,14.38,2.0,9,true,183,0,12.514,241.793,242.855,10026.374,10026.595,10026.638,80.242,80.242,34.445,20,20,205,same_worker,0,29526
yjit-on/puma-long-tail-fib-200ms-x2p0/raptor-3r/repeat-3,yjit-on,true,puma-long-tail-fib-200ms-x2p0,puma-long-tail-hey,puma/benchmarks/local/long_tail_hey + test/rackup/sleep_fibonacci,https://github.com/puma/puma/blob/main/benchmarks/local/long_tail_hey.rb,raptor-3r,3,raptor,3,,123,120,9.833,5.0,120,120,9.594,2.0,6,true,123,0,12.509,241.818,242.789,5236.024,5236.618,5236.657,80.246,80.246,37.915,20,20,137,same_worker,0,21711
yjit-on/puma-long-tail-fib-200ms-x1p5/raptor-3r/repeat-3,yjit-on,true,puma-long-tail-fib-200ms-x1p5,puma-long-tail-hey,puma/benchmarks/local/long_tail_hey + test/rackup/sleep_fibonacci,https://github.com/puma/puma/blob/main/benchmarks/local/long_tail_hey.rb,raptor-3r,3,raptor,3,,103,100,9.829,5.0,100,100,9.592,2.0,5,true,103,0,10.479,241.733,242.354,5135.229,5235.329,5235.358,80.246,80.246,40.475,20,20,139,same_worker,0,16348
yjit-on/puma-long-tail-fib-200ms-x1p0/raptor-3r/repeat-3,yjit-on,true,puma-long-tail-fib-200ms-x1p0,puma-long-tail-hey,puma/benchmarks/local/long_tail_hey + test/rackup/sleep_fibonacci,https://github.com/puma/puma/blob/main/benchmarks/local/long_tail_hey.rb,raptor-3r,3,raptor,3,,63,60,5.034,5.0,60,60,4.794,2.0,3,true,63,0,12.515,241.749,242.269,242.687,242.7,242.701,80.246,80.246,42.055,20,20,71,same_worker,0,11466
yjit-on/puma-long-tail-fib-200ms-x0p5/raptor-3r/repeat-3,yjit-on,true,puma-long-tail-fib-200ms-x0p5,puma-long-tail-hey,puma/benchmarks/local/long_tail_hey + test/rackup/sleep_fibonacci,https://github.com/puma/puma/blob/main/benchmarks/local/long_tail_hey.rb,raptor-3r,3,raptor,3,,42,40,5.034,5.0,40,40,4.796,2.0,2,true,42,0,8.343,241.771,242.202,242.605,242.829,242.854,80.246,80.246,43.01,20,20,72,same_worker,0,5914
yjit-on/puma-sleep-fibonacci-1ms/raptor-3r/repeat-3,yjit-on,true,puma-sleep-fibonacci-1ms,puma-sleep-fibonacci-test,puma/benchmarks/local/sleep_fibonacci_test + test/rackup/sleep_fibonacci,https://github.com/puma/puma/blob/main/benchmarks/local/sleep_fibonacci_test.rb,raptor-3r,3,raptor,3,,122,10,5.012,5.0,10,49,2.022,2.0,1,true,122,0,24.341,41.968,42.905,43.103,43.699,43.777,80.301,80.301,43.01,20,20,73,same_worker,0,21380
yjit-on/puma-sleep-fibonacci-5ms/raptor-3r/repeat-3,yjit-on,true,puma-sleep-fibonacci-5ms,puma-sleep-fibonacci-test,puma/benchmarks/local/sleep_fibonacci_test + test/rackup/sleep_fibonacci,https://github.com/puma/puma/blob/main/benchmarks/local/sleep_fibonacci_test.rb,raptor-3r,3,raptor,3,,112,10,5.002,5.0,10,45,2.032,2.0,1,true,112,0,22.392,45.912,46.73,48.229,48.949,49.02,80.332,80.332,42.745,20,20,72,same_worker,0,19800
yjit-on/puma-sleep-fibonacci-10ms/raptor-3r/repeat-3,yjit-on,true,puma-sleep-fibonacci-10ms,puma-sleep-fibonacci-test,puma/benchmarks/local/sleep_fibonacci_test + test/rackup/sleep_fibonacci,https://github.com/puma/puma/blob/main/benchmarks/local/sleep_fibonacci_test.rb,raptor-3r,3,raptor,3,,99,10,5.022,5.0,10,40,2.001,2.0,1,true,99,0,19.713,50.977,51.941,52.023,52.047,52.049,80.348,80.348,42.54,20,20,73,same_worker,1,15430
yjit-on/puma-sleep-fibonacci-50ms/raptor-3r/repeat-3,yjit-on,true,puma-sleep-fibonacci-50ms,puma-sleep-fibonacci-test,puma/benchmarks/local/sleep_fibonacci_test + test/rackup/sleep_fibonacci,https://github.com/puma/puma/blob/main/benchmarks/local/sleep_fibonacci_test.rb,raptor-3r,3,raptor,3,,56,10,5.086,5.0,10,23,2.069,2.0,1,true,56,0,11.01,91.787,92.008,92.06,92.072,92.073,80.348,80.348,42.495,20,20,73,same_worker,0,9991
yjit-on/puma-sleep-fibonacci-100ms/raptor-3r/repeat-3,yjit-on,true,puma-sleep-fibonacci-100ms,puma-sleep-fibonacci-test,puma/benchmarks/local/sleep_fibonacci_test + test/rackup/sleep_fibonacci,https://github.com/puma/puma/blob/main/benchmarks/local/sleep_fibonacci_test.rb,raptor-3r,3,raptor,3,,36,10,5.065,5.0,10,15,2.089,2.0,1,true,36,0,7.108,141.947,142.008,142.015,142.018,142.018,80.348,80.348,42.5,20,20,73,same_worker,0,4236
yjit-on/puma-sleep-fibonacci-200ms/raptor-3r/repeat-3,yjit-on,true,puma-sleep-fibonacci-200ms,puma-sleep-fibonacci-test,puma/benchmarks/local/sleep_fibonacci_test + test/rackup/sleep_fibonacci,https://github.com/puma/puma/blob/main/benchmarks/local/sleep_fibonacci_test.rb,raptor-3r,3,raptor,3,,21,10,5.028,5.0,10,10,2.371,2.0,1,true,21,0,4.177,240.976,241.994,242.001,242.003,242.003,80.348,80.348,42.6,20,20,73,same_worker,0,2242
yjit-on/puma-response-array-1kb/puma-1w-3t/repeat-1,yjit-on,true,puma-response-array-1kb,puma-response-time-wrk,puma/benchmarks/local/response_time_wrk,https://github.com/puma/puma/blob/main/benchmarks/local/response_time_wrk.rb,puma-1w-3t,3,puma,1,3,22833,1000,5.001,5.0,1000,9042,2.001,2.0,5,true,22833,0,4565.887,1.052,1.378,1.666,2.144,5.91,69.227,69.18,79.415,20,20,69,multiprocess_sample_only,,
yjit-on/puma-response-chunk-1kb/puma-1w-3t/repeat-1,yjit-on,true,puma-response-chunk-1kb,puma-response-time-wrk,puma/benchmarks/local/response_time_wrk,https://github.com/puma/puma/blob/main/benchmarks/local/response_time_wrk.rb,puma-1w-3t,3,puma,1,3,22192,1000,5.001,5.0,1000,9086,2.001,2.0,5,true,22192,0,4437.654,1.082,1.422,1.719,2.155,3.035,69.508,68.895,76.095,20,20,68,multiprocess_sample_only,,
yjit-on/puma-response-string-1kb/puma-1w-3t/repeat-1,yjit-on,true,puma-response-string-1kb,puma-response-time-wrk,puma/benchmarks/local/response_time_wrk,https://github.com/puma/puma/blob/main/benchmarks/local/response_time_wrk.rb,puma-1w-3t,3,puma,1,3,22730,1000,5.001,5.0,1000,9326,2.001,2.0,5,true,22730,0,4545.22,1.052,1.42,1.712,2.142,2.819,69.309,69.137,75.54,20,20,68,multiprocess_sample_only,,
yjit-on/puma-response-io-1kb/puma-1w-3t/repeat-1,yjit-on,true,puma-response-io-1kb,puma-response-time-wrk,puma/benchmarks/local/response_time_wrk,https://github.com/puma/puma/blob/main/benchmarks/local/response_time_wrk.rb,puma-1w-3t,3,puma,1,3,22258,1000,5.001,5.0,1000,9076,2.001,2.0,5,true,22258,0,4450.51,1.075,1.478,1.913,2.509,3.717,69.156,68.785,76.68,20,20,68,multiprocess_sample_only,,
yjit-on/puma-response-array-10kb/puma-1w-3t/repeat-1,yjit-on,true,puma-response-array-10kb,puma-response-time-wrk,puma/benchmarks/local/response_time_wrk,https://github.com/puma/puma/blob/main/benchmarks/local/response_time_wrk.rb,puma-1w-3t,3,puma,1,3,22291,1000,5.001,5.0,1000,9175,2.001,2.0,5,true,22291,0,4457.501,1.073,1.467,1.877,2.386,4.713,71.695,71.695,77.07,20,20,68,multiprocess_sample_only,,
yjit-on/puma-response-chunk-10kb/puma-1w-3t/repeat-1,yjit-on,true,puma-response-chunk-10kb,puma-response-time-wrk,puma/benchmarks/local/response_time_wrk,https://github.com/puma/puma/blob/main/benchmarks/local/response_time_wrk.rb,puma-1w-3t,3,puma,1,3,19287,1000,5.001,5.0,1000,7937,2.001,2.0,5,true,19287,0,3856.676,1.25,1.639,1.969,2.456,3.438,71.008,70.484,76.655,20,20,68,multiprocess_sample_only,,
yjit-on/puma-response-string-10kb/puma-1w-3t/repeat-1,yjit-on,true,puma-response-string-10kb,puma-response-time-wrk,puma/benchmarks/local/response_time_wrk,https://github.com/puma/puma/blob/main/benchmarks/local/response_time_wrk.rb,puma-1w-3t,3,puma,1,3,22504,1000,5.001,5.0,1000,9234,2.001,2.0,5,true,22504,0,4500.06,1.065,1.424,1.816,2.187,2.876,72.219,71.594,76.24,20,20,68,multiprocess_sample_only,,
yjit-on/puma-response-io-10kb/puma-1w-3t/repeat-1,yjit-on,true,puma-response-io-10kb,puma-response-time-wrk,puma/benchmarks/local/response_time_wrk,https://github.com/puma/puma/blob/main/benchmarks/local/response_time_wrk.rb,puma-1w-3t,3,puma,1,3,22019,1000,5.001,5.0,1000,9001,2.001,2.0,5,true,22019,0,4402.726,1.087,1.494,1.886,2.319,3.147,72.707,71.996,76.81,20,20,69,multiprocess_sample_only,,
yjit-on/puma-response-array-100kb/puma-1w-3t/repeat-1,yjit-on,true,puma-response-array-100kb,puma-response-time-wrk,puma/benchmarks/local/response_time_wrk,https://github.com/puma/puma/blob/main/benchmarks/local/response_time_wrk.rb,puma-1w-3t,3,puma,1,3,17826,1000,5.001,5.0,1000,7049,2.001,2.0,5,true,17826,0,3564.564,1.358,1.767,2.068,2.626,4.119,79.84,78.637,76.735,20,20,68,multiprocess_sample_only,,
yjit-on/puma-response-chunk-100kb/puma-1w-3t/repeat-1,yjit-on,true,puma-response-chunk-100kb,puma-response-time-wrk,puma/benchmarks/local/response_time_wrk,https://github.com/puma/puma/blob/main/benchmarks/local/response_time_wrk.rb,puma-1w-3t,3,puma,1,3,8485,1000,5.002,5.0,1000,3487,2.002,2.0,5,true,8485,0,1696.409,2.847,3.583,4.591,10.054,12.049,74.086,73.457,76.38,20,20,65,multiprocess_sample_only,,
yjit-on/puma-response-string-100kb/puma-1w-3t/repeat-1,yjit-on,true,puma-response-string-100kb,puma-response-time-wrk,puma/benchmarks/local/response_time_wrk,https://github.com/puma/puma/blob/main/benchmarks/local/response_time_wrk.rb,puma-1w-3t,3,puma,1,3,17624,1000,5.001,5.0,1000,7164,2.001,2.0,5,true,17624,0,3523.999,1.372,1.807,2.139,2.667,3.448,79.004,77.766,76.02,20,20,68,multiprocess_sample_only,,
yjit-on/puma-response-io-100kb/puma-1w-3t/repeat-1,yjit-on,true,puma-response-io-100kb,puma-response-time-wrk,puma/benchmarks/local/response_time_wrk,https://github.com/puma/puma/blob/main/benchmarks/local/response_time_wrk.rb,puma-1w-3t,3,puma,1,3,16970,1000,5.001,5.0,1000,6963,2.017,2.0,5,true,16970,0,3393.141,1.384,1.786,2.157,41.593,42.986,72.891,72.703,75.59,20,20,68,multiprocess_sample_only,,
yjit-on/puma-response-array-256kb/puma-1w-3t/repeat-1,yjit-on,true,puma-response-array-256kb,puma-response-time-wrk,puma/benchmarks/local/response_time_wrk,https://github.com/puma/puma/blob/main/benchmarks/local/response_time_wrk.rb,puma-1w-3t,3,puma,1,3,11594,1000,5.001,5.0,1000,4899,2.001,2.0,5,true,11594,0,2318.161,1.874,3.161,5.916,20.71,21.394,107.551,104.609,74.895,20,20,65,multiprocess_sample_only,,
yjit-on/puma-response-chunk-256kb/puma-1w-3t/repeat-1,yjit-on,true,puma-response-chunk-256kb,puma-response-time-wrk,puma/benchmarks/local/response_time_wrk,https://github.com/puma/puma/blob/main/benchmarks/local/response_time_wrk.rb,puma-1w-3t,3,puma,1,3,4432,1000,5.004,5.0,1000,1830,2.005,2.0,5,true,4432,0,885.693,5.6,6.596,7.151,10.48,11.74,85.848,84.551,74.43,20,20,60,multiprocess_sample_only,,
yjit-on/puma-response-string-256kb/puma-1w-3t/repeat-1,yjit-on,true,puma-response-string-256kb,puma-response-time-wrk,puma/benchmarks/local/response_time_wrk,https://github.com/puma/puma/blob/main/benchmarks/local/response_time_wrk.rb,puma-1w-3t,3,puma,1,3,11858,1000,5.002,5.0,1000,4981,2.002,2.0,5,true,11858,0,2370.765,1.8,3.35,5.808,20.789,22.51,79.18,78.68,73.27,20,20,65,multiprocess_sample_only,,
yjit-on/puma-response-io-256kb/puma-1w-3t/repeat-1,yjit-on,true,puma-response-io-256kb,puma-response-time-wrk,puma/benchmarks/local/response_time_wrk,https://github.com/puma/puma/blob/main/benchmarks/local/response_time_wrk.rb,puma-1w-3t,3,puma,1,3,11565,1000,5.002,5.0,1000,4762,2.001,2.0,5,true,11565,0,2312.156,1.853,3.287,5.809,20.917,22.763,78.617,78.617,71.9,20,20,65,multiprocess_sample_only,,
yjit-on/puma-response-array-512kb/puma-1w-3t/repeat-1,yjit-on,true,puma-response-array-512kb,puma-response-time-wrk,puma/benchmarks/local/response_time_wrk,https://github.com/puma/puma/blob/main/benchmarks/local/response_time_wrk.rb,puma-1w-3t,3,puma,1,3,8137,1000,5.003,5.0,1000,3413,2.003,2.0,5,true,8137,0,1626.436,2.582,4.71,21.661,24.593,26.162,116.586,115.469,71.0,20,20,63,multiprocess_sample_only,,
yjit-on/puma-response-chunk-512kb/puma-1w-3t/repeat-1,yjit-on,true,puma-response-chunk-512kb,puma-response-time-wrk,puma/benchmarks/local/response_time_wrk,https://github.com/puma/puma/blob/main/benchmarks/local/response_time_wrk.rb,puma-1w-3t,3,puma,1,3,2504,1000,5.009,5.0,1000,1000,2.083,2.0,5,true,2504,0,499.949,9.977,11.525,12.871,19.676,22.54,99.07,99.07,70.6,20,20,54,multiprocess_sample_only,,
yjit-on/puma-response-string-512kb/puma-1w-3t/repeat-1,yjit-on,true,puma-response-string-512kb,puma-response-time-wrk,puma/benchmarks/local/response_time_wrk,https://github.com/puma/puma/blob/main/benchmarks/local/response_time_wrk.rb,puma-1w-3t,3,puma,1,3,8550,1000,5.002,5.0,1000,3328,2.003,2.0,5,true,8550,0,1709.373,2.443,4.472,21.313,23.384,24.552,104.258,104.258,69.625,20,20,63,multiprocess_sample_only,,
yjit-on/puma-response-io-512kb/puma-1w-3t/repeat-1,yjit-on,true,puma-response-io-512kb,puma-response-time-wrk,puma/benchmarks/local/response_time_wrk,https://github.com/puma/puma/blob/main/benchmarks/local/response_time_wrk.rb,puma-1w-3t,3,puma,1,3,8037,1000,5.003,5.0,1000,3192,2.002,2.0,5,true,8037,0,1606.53,2.583,4.628,22.411,24.373,215.857,104.355,104.355,68.11,20,20,63,multiprocess_sample_only,,
yjit-on/puma-response-array-1024kb/puma-1w-3t/repeat-1,yjit-on,true,puma-response-array-1024kb,puma-response-time-wrk,puma/benchmarks/local/response_time_wrk,https://github.com/puma/puma/blob/main/benchmarks/local/response_time_wrk.rb,puma-1w-3t,3,puma,1,3,4944,1000,5.003,5.0,1000,1984,2.004,2.0,5,true,4944,0,988.125,4.455,7.131,25.891,27.876,28.224,134.145,113.531,67.155,20,20,60,multiprocess_sample_only,,
yjit-on/puma-response-chunk-1024kb/puma-1w-3t/repeat-1,yjit-on,true,puma-response-chunk-1024kb,puma-response-time-wrk,puma/benchmarks/local/response_time_wrk,https://github.com/puma/puma/blob/main/benchmarks/local/response_time_wrk.rb,puma-1w-3t,3,puma,1,3,1332,1000,5.016,5.0,1000,1000,3.8,2.0,5,true,1332,0,265.546,18.645,21.381,22.718,35.77,36.507,88.305,86.266,67.0,20,20,45,multiprocess_sample_only,,
yjit-on/puma-response-string-1024kb/puma-1w-3t/repeat-1,yjit-on,true,puma-response-string-1024kb,puma-response-time-wrk,puma/benchmarks/local/response_time_wrk,https://github.com/puma/puma/blob/main/benchmarks/local/response_time_wrk.rb,puma-1w-3t,3,puma,1,3,4988,1000,5.004,5.0,1000,2037,2.003,2.0,5,true,4988,0,996.807,4.383,7.465,26.152,28.703,29.596,89.391,89.391,66.0,20,20,61,multiprocess_sample_only,,
yjit-on/puma-response-io-1024kb/puma-1w-3t/repeat-1,yjit-on,true,puma-response-io-1024kb,puma-response-time-wrk,puma/benchmarks/local/response_time_wrk,https://github.com/puma/puma/blob/main/benchmarks/local/response_time_wrk.rb,puma-1w-3t,3,puma,1,3,5082,1000,5.003,5.0,1000,2047,2.004,2.0,5,true,5082,0,1015.704,4.23,7.096,26.153,28.982,212.704,89.391,89.391,64.47,20,20,61,multiprocess_sample_only,,
yjit-on/puma-response-array-2048kb/puma-1w-3t/repeat-1,yjit-on,true,puma-response-array-2048kb,puma-response-time-wrk,puma/benchmarks/local/response_time_wrk,https://github.com/puma/puma/blob/main/benchmarks/local/response_time_wrk.rb,puma-1w-3t,3,puma,1,3,2990,1000,5.007,5.0,1000,1339,2.005,2.0,5,true,2990,0,597.115,8.228,9.849,10.543,12.587,16.225,105.527,91.883,64.0,20,20,56,multiprocess_sample_only,,
yjit-on/puma-response-chunk-2048kb/puma-1w-3t/repeat-1,yjit-on,true,puma-response-chunk-2048kb,puma-response-time-wrk,puma/benchmarks/local/response_time_wrk,https://github.com/puma/puma/blob/main/benchmarks/local/response_time_wrk.rb,puma-1w-3t,3,puma,1,3,1000,1000,7.323,5.0,1000,1000,7.071,2.0,5,true,1000,0,136.547,35.989,41.595,44.703,72.881,73.491,94.242,87.871,64.685,20,20,47,multiprocess_sample_only,,
yjit-on/puma-response-string-2048kb/puma-1w-3t/repeat-1,yjit-on,true,puma-response-string-2048kb,puma-response-time-wrk,puma/benchmarks/local/response_time_wrk,https://github.com/puma/puma/blob/main/benchmarks/local/response_time_wrk.rb,puma-1w-3t,3,puma,1,3,3195,1000,5.007,5.0,1000,1295,2.006,2.0,5,true,3195,0,638.14,7.695,9.141,10.152,13.983,19.323,91.68,91.68,64.07,20,20,57,multiprocess_sample_only,,
yjit-on/puma-response-io-2048kb/puma-1w-3t/repeat-1,yjit-on,true,puma-response-io-2048kb,puma-response-time-wrk,puma/benchmarks/local/response_time_wrk,https://github.com/puma/puma/blob/main/benchmarks/local/response_time_wrk.rb,puma-1w-3t,3,puma,1,3,3214,1000,5.006,5.0,1000,1312,2.006,2.0,5,true,3214,0,641.988,7.712,9.013,9.628,10.847,14.213,91.68,91.68,62.7,20,20,57,multiprocess_sample_only,,
yjit-on/puma-long-tail-fib-200ms-x6p0/puma-1w-3t/repeat-1,yjit-on,true,puma-long-tail-fib-200ms-x6p0,puma-long-tail-hey,puma/benchmarks/local/long_tail_hey + test/rackup/sleep_fibonacci,https://github.com/puma/puma/blob/main/benchmarks/local/long_tail_hey.rb,puma-1w-3t,3,puma,1,3,360,360,51.128,5.0,360,360,51.115,2.0,18,true,360,0,7.041,2554.981,2576.017,2583.257,2588.208,2588.5,111.844,111.844,72.395,20,20,715,multiprocess_sample_only,,
yjit-on/puma-long-tail-fib-200ms-x4p0/puma-1w-3t/repeat-1,yjit-on,true,puma-long-tail-fib-200ms-x4p0,puma-long-tail-hey,puma/benchmarks/local/long_tail_hey + test/rackup/sleep_fibonacci,https://github.com/puma/puma/blob/main/benchmarks/local/long_tail_hey.rb,puma-1w-3t,3,puma,1,3,240,240,34.074,5.0,240,240,34.07,2.0,12,true,240,0,7.043,1702.062,1721.232,1727.863,1730.014,1730.569,117.902,117.902,78.415,20,20,478,multiprocess_sample_only,,
yjit-on/puma-long-tail-fib-200ms-x3p0/puma-1w-3t/repeat-1,yjit-on,true,puma-long-tail-fib-200ms-x3p0,puma-long-tail-hey,puma/benchmarks/local/long_tail_hey + test/rackup/sleep_fibonacci,https://github.com/puma/puma/blob/main/benchmarks/local/long_tail_hey.rb,puma-1w-3t,3,puma,1,3,180,180,25.554,5.0,180,180,25.541,2.0,9,true,180,0,7.044,1276.814,1292.972,1297.753,1301.55,1302.318,118.84,118.84,81.38,20,20,358,multiprocess_sample_only,,
yjit-on/puma-long-tail-fib-200ms-x2p0/puma-1w-3t/repeat-1,yjit-on,true,puma-long-tail-fib-200ms-x2p0,puma-long-tail-hey,puma/benchmarks/local/long_tail_hey + test/rackup/sleep_fibonacci,https://github.com/puma/puma/blob/main/benchmarks/local/long_tail_hey.rb,puma-1w-3t,3,puma,1,3,120,120,17.035,5.0,120,120,17.034,2.0,6,true,120,0,7.044,851.921,865.254,871.883,873.276,873.348,120.09,120.09,83.0,20,20,239,multiprocess_sample_only,,
yjit-on/puma-long-tail-fib-200ms-x1p5/puma-1w-3t/repeat-1,yjit-on,true,puma-long-tail-fib-200ms-x1p5,puma-long-tail-hey,puma/benchmarks/local/long_tail_hey + test/rackup/sleep_fibonacci,https://github.com/puma/puma/blob/main/benchmarks/local/long_tail_hey.rb,puma-1w-3t,3,puma,1,3,100,100,14.23,5.0,100,100,14.206,2.0,5,true,100,0,7.028,833.201,853.732,858.734,859.962,860.099,120.215,120.215,84.075,20,20,200,multiprocess_sample_only,,
yjit-on/puma-long-tail-fib-200ms-x1p0/puma-1w-3t/repeat-1,yjit-on,true,puma-long-tail-fib-200ms-x1p0,puma-long-tail-hey,puma/benchmarks/local/long_tail_hey + test/rackup/sleep_fibonacci,https://github.com/puma/puma/blob/main/benchmarks/local/long_tail_hey.rb,puma-1w-3t,3,puma,1,3,60,60,8.522,5.0,60,60,8.518,2.0,3,true,60,0,7.041,425.729,433.203,437.712,438.504,438.592,120.238,120.238,84.71,20,20,120,multiprocess_sample_only,,
yjit-on/puma-long-tail-fib-200ms-x0p5/puma-1w-3t/repeat-1,yjit-on,true,puma-long-tail-fib-200ms-x0p5,puma-long-tail-hey,puma/benchmarks/local/long_tail_hey + test/rackup/sleep_fibonacci,https://github.com/puma/puma/blob/main/benchmarks/local/long_tail_hey.rb,puma-1w-3t,3,puma,1,3,40,40,5.681,5.0,40,40,5.677,2.0,2,true,40,0,7.041,283.824,287.622,289.12,289.96,290.054,120.242,120.242,85.1,20,20,81,multiprocess_sample_only,,
yjit-on/puma-sleep-fibonacci-1ms/puma-1w-3t/repeat-1,yjit-on,true,puma-sleep-fibonacci-1ms,puma-sleep-fibonacci-test,puma/benchmarks/local/sleep_fibonacci_test + test/rackup/sleep_fibonacci,https://github.com/puma/puma/blob/main/benchmarks/local/sleep_fibonacci_test.rb,puma-1w-3t,3,puma,1,3,1395,10,5.001,5.0,10,550,2.003,2.0,1,true,1395,0,278.953,3.605,3.728,4.028,4.932,6.197,126.133,124.195,84.685,20,20,72,multiprocess_sample_only,,
yjit-on/puma-sleep-fibonacci-5ms/puma-1w-3t/repeat-1,yjit-on,true,puma-sleep-fibonacci-5ms,puma-sleep-fibonacci-test,puma/benchmarks/local/sleep_fibonacci_test + test/rackup/sleep_fibonacci,https://github.com/puma/puma/blob/main/benchmarks/local/sleep_fibonacci_test.rb,puma-1w-3t,3,puma,1,3,415,10,5.004,5.0,10,165,2.008,2.0,1,true,415,0,82.931,12.097,12.31,12.558,13.12,13.173,127.566,127.566,83.975,20,20,72,multiprocess_sample_only,,
yjit-on/puma-sleep-fibonacci-10ms/puma-1w-3t/repeat-1,yjit-on,true,puma-sleep-fibonacci-10ms,puma-sleep-fibonacci-test,puma/benchmarks/local/sleep_fibonacci_test + test/rackup/sleep_fibonacci,https://github.com/puma/puma/blob/main/benchmarks/local/sleep_fibonacci_test.rb,puma-1w-3t,3,puma,1,3,322,10,5.005,5.0,10,128,2.0,2.0,1,true,322,0,64.341,15.506,15.741,15.952,16.158,16.178,127.629,127.629,83.45,20,20,72,multiprocess_sample_only,,
yjit-on/puma-sleep-fibonacci-50ms/puma-1w-3t/repeat-1,yjit-on,true,puma-sleep-fibonacci-50ms,puma-sleep-fibonacci-test,puma/benchmarks/local/sleep_fibonacci_test + test/rackup/sleep_fibonacci,https://github.com/puma/puma/blob/main/benchmarks/local/sleep_fibonacci_test.rb,puma-1w-3t,3,puma,1,3,98,10,5.02,5.0,10,39,2.005,2.0,1,true,98,0,19.522,51.15,51.543,52.163,52.19,52.193,127.629,127.629,83.175,20,20,72,multiprocess_sample_only,,
yjit-on/puma-sleep-fibonacci-100ms/puma-1w-3t/repeat-1,yjit-on,true,puma-sleep-fibonacci-100ms,puma-sleep-fibonacci-test,puma/benchmarks/local/sleep_fibonacci_test + test/rackup/sleep_fibonacci,https://github.com/puma/puma/blob/main/benchmarks/local/sleep_fibonacci_test.rb,puma-1w-3t,3,puma,1,3,50,10,5.029,5.0,10,20,2.014,2.0,1,true,50,0,9.943,100.521,100.562,100.606,100.628,100.631,127.629,127.629,83.02,20,20,72,multiprocess_sample_only,,
yjit-on/puma-sleep-fibonacci-200ms/puma-1w-3t/repeat-1,yjit-on,true,puma-sleep-fibonacci-200ms,puma-sleep-fibonacci-test,puma/benchmarks/local/sleep_fibonacci_test + test/rackup/sleep_fibonacci,https://github.com/puma/puma/blob/main/benchmarks/local/sleep_fibonacci_test.rb,puma-1w-3t,3,puma,1,3,25,10,5.015,5.0,10,10,2.006,2.0,1,true,25,0,4.985,200.537,200.666,200.737,200.754,200.756,127.633,127.633,82.86,20,20,72,multiprocess_sample_only,,
yjit-on/puma-response-array-1kb/puma-1w-3t/repeat-2,yjit-on,true,puma-response-array-1kb,puma-response-time-wrk,puma/benchmarks/local/response_time_wrk,https://github.com/puma/puma/blob/main/benchmarks/local/response_time_wrk.rb,puma-1w-3t,3,puma,1,3,22470,1000,5.001,5.0,1000,8926,2.001,2.0,5,true,22470,0,4493.195,1.066,1.437,1.743,2.161,5.346,69.223,69.223,80.2,20,20,68,multiprocess_sample_only,,
yjit-on/puma-response-chunk-1kb/puma-1w-3t/repeat-2,yjit-on,true,puma-response-chunk-1kb,puma-response-time-wrk,puma/benchmarks/local/response_time_wrk,https://github.com/puma/puma/blob/main/benchmarks/local/response_time_wrk.rb,puma-1w-3t,3,puma,1,3,21847,1000,5.001,5.0,1000,8953,2.001,2.0,5,true,21847,0,4368.663,1.099,1.476,1.807,2.288,3.476,69.43,69.43,77.035,20,20,68,multiprocess_sample_only,,
yjit-on/puma-response-string-1kb/puma-1w-3t/repeat-2,yjit-on,true,puma-response-string-1kb,puma-response-time-wrk,puma/benchmarks/local/response_time_wrk,https://github.com/puma/puma/blob/main/benchmarks/local/response_time_wrk.rb,puma-1w-3t,3,puma,1,3,22381,1000,5.001,5.0,1000,8872,2.001,2.0,5,true,22381,0,4475.409,1.067,1.494,1.825,2.297,3.268,69.547,69.547,76.395,20,20,68,multiprocess_sample_only,,
yjit-on/puma-response-io-1kb/puma-1w-3t/repeat-2,yjit-on,true,puma-response-io-1kb,puma-response-time-wrk,puma/benchmarks/local/response_time_wrk,https://github.com/puma/puma/blob/main/benchmarks/local/response_time_wrk.rb,puma-1w-3t,3,puma,1,3,21850,1000,5.001,5.0,1000,8961,2.001,2.0,5,true,21850,0,4369.164,1.091,1.525,1.902,2.505,3.516,69.813,69.813,77.72,20,20,68,multiprocess_sample_only,,
yjit-on/puma-response-array-10kb/puma-1w-3t/repeat-2,yjit-on,true,puma-response-array-10kb,puma-response-time-wrk,puma/benchmarks/local/response_time_wrk,https://github.com/puma/puma/blob/main/benchmarks/local/response_time_wrk.rb,puma-1w-3t,3,puma,1,3,21913,1000,5.001,5.0,1000,8989,2.001,2.0,5,true,21913,0,4381.994,1.087,1.514,1.886,2.326,3.371,71.27,71.27,78.05,20,20,68,multiprocess_sample_only,,
yjit-on/puma-response-chunk-10kb/puma-1w-3t/repeat-2,yjit-on,true,puma-response-chunk-10kb,puma-response-time-wrk,puma/benchmarks/local/response_time_wrk,https://github.com/puma/puma/blob/main/benchmarks/local/response_time_wrk.rb,puma-1w-3t,3,puma,1,3,18771,1000,5.001,5.0,1000,7734,2.001,2.0,5,true,18771,0,3753.356,1.271,1.75,2.252,3.221,5.854,71.652,71.652,77.525,20,20,68,multiprocess_sample_only,,
yjit-on/puma-response-string-10kb/puma-1w-3t/repeat-2,yjit-on,true,puma-response-string-10kb,puma-response-time-wrk,puma/benchmarks/local/response_time_wrk,https://github.com/puma/puma/blob/main/benchmarks/local/response_time_wrk.rb,puma-1w-3t,3,puma,1,3,21915,1000,5.001,5.0,1000,8987,2.001,2.0,5,true,21915,0,4382.161,1.082,1.528,1.942,2.498,3.53,72.875,72.777,77.11,20,20,68,multiprocess_sample_only,,
yjit-on/puma-response-io-10kb/puma-1w-3t/repeat-2,yjit-on,true,puma-response-io-10kb,puma-response-time-wrk,puma/benchmarks/local/response_time_wrk,https://github.com/puma/puma/blob/main/benchmarks/local/response_time_wrk.rb,puma-1w-3t,3,puma,1,3,21737,1000,5.001,5.0,1000,8963,2.001,2.0,5,true,21737,0,4346.589,1.101,1.503,1.922,2.395,3.59,73.84,73.52,77.605,20,20,68,multiprocess_sample_only,,
yjit-on/puma-response-array-100kb/puma-1w-3t/repeat-2,yjit-on,true,puma-response-array-100kb,puma-response-time-wrk,puma/benchmarks/local/response_time_wrk,https://github.com/puma/puma/blob/main/benchmarks/local/response_time_wrk.rb,puma-1w-3t,3,puma,1,3,17626,1000,5.001,5.0,1000,7158,2.001,2.0,5,true,17626,0,3524.461,1.373,1.801,2.09,2.804,3.878,83.227,81.898,77.535,20,20,68,multiprocess_sample_only,,
yjit-on/puma-response-chunk-100kb/puma-1w-3t/repeat-2,yjit-on,true,puma-response-chunk-100kb,puma-response-time-wrk,puma/benchmarks/local/response_time_wrk,https://github.com/puma/puma/blob/main/benchmarks/local/response_time_wrk.rb,puma-1w-3t,3,puma,1,3,8424,1000,5.002,5.0,1000,3483,2.002,2.0,5,true,8424,0,1684.023,2.918,3.555,3.996,5.264,6.151,77.125,77.109,77.015,20,20,65,multiprocess_sample_only,,
yjit-on/puma-response-string-100kb/puma-1w-3t/repeat-2,yjit-on,true,puma-response-string-100kb,puma-response-time-wrk,puma/benchmarks/local/response_time_wrk,https://github.com/puma/puma/blob/main/benchmarks/local/response_time_wrk.rb,puma-1w-3t,3,puma,1,3,17765,1000,5.001,5.0,1000,7286,2.001,2.0,5,true,17765,0,3552.158,1.361,1.783,2.086,2.675,3.464,82.918,81.887,76.57,20,20,68,multiprocess_sample_only,,
yjit-on/puma-response-io-100kb/puma-1w-3t/repeat-2,yjit-on,true,puma-response-io-100kb,puma-response-time-wrk,puma/benchmarks/local/response_time_wrk,https://github.com/puma/puma/blob/main/benchmarks/local/response_time_wrk.rb,puma-1w-3t,3,puma,1,3,16794,1000,5.026,5.0,1000,6691,2.017,2.0,5,true,16794,0,3341.737,0.97,1.574,40.844,42.198,42.839,73.457,73.395,75.895,20,20,69,multiprocess_sample_only,,
yjit-on/puma-response-array-256kb/puma-1w-3t/repeat-2,yjit-on,true,puma-response-array-256kb,puma-response-time-wrk,puma/benchmarks/local/response_time_wrk,https://github.com/puma/puma/blob/main/benchmarks/local/response_time_wrk.rb,puma-1w-3t,3,puma,1,3,12450,1000,5.021,5.0,1000,5261,2.001,2.0,5,true,12450,0,2479.81,1.785,2.771,3.897,20.677,23.457,109.559,107.066,75.35,20,20,65,multiprocess_sample_only,,
yjit-on/puma-response-chunk-256kb/puma-1w-3t/repeat-2,yjit-on,true,puma-response-chunk-256kb,puma-response-time-wrk,puma/benchmarks/local/response_time_wrk,https://github.com/puma/puma/blob/main/benchmarks/local/response_time_wrk.rb,puma-1w-3t,3,puma,1,3,4549,1000,5.004,5.0,1000,1844,2.005,2.0,5,true,4549,0,909.12,5.465,6.432,6.949,10.085,12.746,84.836,84.52,74.855,20,20,60,multiprocess_sample_only,,
yjit-on/puma-response-string-256kb/puma-1w-3t/repeat-2,yjit-on,true,puma-response-string-256kb,puma-response-time-wrk,puma/benchmarks/local/response_time_wrk,https://github.com/puma/puma/blob/main/benchmarks/local/response_time_wrk.rb,puma-1w-3t,3,puma,1,3,12600,1000,5.001,5.0,1000,5138,2.002,2.0,5,true,12600,0,2519.393,1.751,2.761,3.827,20.535,21.234,81.879,81.863,73.82,20,20,66,multiprocess_sample_only,,
yjit-on/puma-response-io-256kb/puma-1w-3t/repeat-2,yjit-on,true,puma-response-io-256kb,puma-response-time-wrk,puma/benchmarks/local/response_time_wrk,https://github.com/puma/puma/blob/main/benchmarks/local/response_time_wrk.rb,puma-1w-3t,3,puma,1,3,12107,1000,5.002,5.0,1000,5018,2.002,2.0,5,true,12107,0,2420.368,1.841,2.783,4.447,21.043,22.495,80.469,80.09,72.49,20,20,65,multiprocess_sample_only,,
yjit-on/puma-response-array-512kb/puma-1w-3t/repeat-2,yjit-on,true,puma-response-array-512kb,puma-response-time-wrk,puma/benchmarks/local/response_time_wrk,https://github.com/puma/puma/blob/main/benchmarks/local/response_time_wrk.rb,puma-1w-3t,3,puma,1,3,8704,1000,5.002,5.0,1000,3545,2.002,2.0,5,true,8704,0,1740.234,2.45,3.838,21.931,24.244,25.291,127.438,124.91,71.875,20,20,62,multiprocess_sample_only,,
yjit-on/puma-response-chunk-512kb/puma-1w-3t/repeat-2,yjit-on,true,puma-response-chunk-512kb,puma-response-time-wrk,puma/benchmarks/local/response_time_wrk,https://github.com/puma/puma/blob/main/benchmarks/local/response_time_wrk.rb,puma-1w-3t,3,puma,1,3,2494,1000,5.008,5.0,1000,1039,2.008,2.0,5,true,2494,0,497.972,10.037,11.467,12.302,18.98,20.485,86.941,85.914,71.575,20,20,54,multiprocess_sample_only,,
yjit-on/puma-response-string-512kb/puma-1w-3t/repeat-2,yjit-on,true,puma-response-string-512kb,puma-response-time-wrk,puma/benchmarks/local/response_time_wrk,https://github.com/puma/puma/blob/main/benchmarks/local/response_time_wrk.rb,puma-1w-3t,3,puma,1,3,8727,1000,5.002,5.0,1000,3592,2.001,2.0,5,true,8727,0,1744.833,2.453,3.775,22.725,25.777,28.037,86.09,86.09,70.535,20,20,63,multiprocess_sample_only,,
yjit-on/puma-response-io-512kb/puma-1w-3t/repeat-2,yjit-on,true,puma-response-io-512kb,puma-response-time-wrk,puma/benchmarks/local/response_time_wrk,https://github.com/puma/puma/blob/main/benchmarks/local/response_time_wrk.rb,puma-1w-3t,3,puma,1,3,8597,1000,5.002,5.0,1000,3415,2.002,2.0,5,true,8597,0,1718.652,2.437,3.682,22.978,25.076,212.236,86.184,86.184,69.055,20,20,64,multiprocess_sample_only,,
yjit-on/puma-response-array-1024kb/puma-1w-3t/repeat-2,yjit-on,true,puma-response-array-1024kb,puma-response-time-wrk,puma/benchmarks/local/response_time_wrk,https://github.com/puma/puma/blob/main/benchmarks/local/response_time_wrk.rb,puma-1w-3t,3,puma,1,3,5140,1000,5.004,5.0,1000,2098,2.003,2.0,5,true,5140,0,1027.217,4.268,6.072,26.168,27.629,27.888,124.711,121.648,68.13,20,20,59,multiprocess_sample_only,,
yjit-on/puma-response-chunk-1024kb/puma-1w-3t/repeat-2,yjit-on,true,puma-response-chunk-1024kb,puma-response-time-wrk,puma/benchmarks/local/response_time_wrk,https://github.com/puma/puma/blob/main/benchmarks/local/response_time_wrk.rb,puma-1w-3t,3,puma,1,3,1337,1000,5.015,5.0,1000,1000,3.731,2.0,5,true,1337,0,266.591,18.612,21.155,22.128,23.964,35.334,89.574,89.563,67.895,20,20,45,multiprocess_sample_only,,
yjit-on/puma-response-string-1024kb/puma-1w-3t/repeat-2,yjit-on,true,puma-response-string-1024kb,puma-response-time-wrk,puma/benchmarks/local/response_time_wrk,https://github.com/puma/puma/blob/main/benchmarks/local/response_time_wrk.rb,puma-1w-3t,3,puma,1,3,5237,1000,5.005,5.0,1000,2139,2.003,2.0,5,true,5237,0,1046.437,4.131,6.055,26.356,28.248,28.962,92.867,92.867,66.885,20,20,58,multiprocess_sample_only,,
yjit-on/puma-response-io-1024kb/puma-1w-3t/repeat-2,yjit-on,true,puma-response-io-1024kb,puma-response-time-wrk,puma/benchmarks/local/response_time_wrk,https://github.com/puma/puma/blob/main/benchmarks/local/response_time_wrk.rb,puma-1w-3t,3,puma,1,3,5426,1000,5.003,5.0,1000,2215,2.004,2.0,5,true,5426,0,1084.501,3.978,5.909,25.94,27.189,29.452,92.867,92.867,65.35,20,20,58,multiprocess_sample_only,,
yjit-on/puma-response-array-2048kb/puma-1w-3t/repeat-2,yjit-on,true,puma-response-array-2048kb,puma-response-time-wrk,puma/benchmarks/local/response_time_wrk,https://github.com/puma/puma/blob/main/benchmarks/local/response_time_wrk.rb,puma-1w-3t,3,puma,1,3,3123,1000,5.008,5.0,1000,1204,2.007,2.0,5,true,3123,0,623.636,7.914,9.188,9.982,14.241,15.238,113.77,97.277,65.225,20,20,57,multiprocess_sample_only,,
yjit-on/puma-response-chunk-2048kb/puma-1w-3t/repeat-2,yjit-on,true,puma-response-chunk-2048kb,puma-response-time-wrk,puma/benchmarks/local/response_time_wrk,https://github.com/puma/puma/blob/main/benchmarks/local/response_time_wrk.rb,puma-1w-3t,3,puma,1,3,1000,1000,7.228,5.0,1000,1000,6.604,2.0,5,true,1000,0,138.352,35.826,40.419,41.889,55.037,71.007,92.469,89.762,65.5,20,20,48,multiprocess_sample_only,,
yjit-on/puma-response-string-2048kb/puma-1w-3t/repeat-2,yjit-on,true,puma-response-string-2048kb,puma-response-time-wrk,puma/benchmarks/local/response_time_wrk,https://github.com/puma/puma/blob/main/benchmarks/local/response_time_wrk.rb,puma-1w-3t,3,puma,1,3,3036,1000,5.008,5.0,1000,1258,2.007,2.0,5,true,3036,0,606.266,8.157,9.526,10.433,11.717,17.425,94.453,94.453,64.79,20,20,56,multiprocess_sample_only,,
yjit-on/puma-response-io-2048kb/puma-1w-3t/repeat-2,yjit-on,true,puma-response-io-2048kb,puma-response-time-wrk,puma/benchmarks/local/response_time_wrk,https://github.com/puma/puma/blob/main/benchmarks/local/response_time_wrk.rb,puma-1w-3t,3,puma,1,3,3145,1000,5.008,5.0,1000,1246,2.007,2.0,5,true,3145,0,628.004,7.903,9.107,9.591,13.739,15.359,94.453,94.453,63.345,20,20,56,multiprocess_sample_only,,
yjit-on/puma-long-tail-fib-200ms-x6p0/puma-1w-3t/repeat-2,yjit-on,true,puma-long-tail-fib-200ms-x6p0,puma-long-tail-hey,puma/benchmarks/local/long_tail_hey + test/rackup/sleep_fibonacci,https://github.com/puma/puma/blob/main/benchmarks/local/long_tail_hey.rb,puma-1w-3t,3,puma,1,3,360,360,51.108,5.0,360,360,51.133,2.0,18,true,360,0,7.044,2555.273,2574.375,2578.665,2584.216,2585.864,117.102,117.102,72.98,20,20,716,multiprocess_sample_only,,
yjit-on/puma-long-tail-fib-200ms-x4p0/puma-1w-3t/repeat-2,yjit-on,true,puma-long-tail-fib-200ms-x4p0,puma-long-tail-hey,puma/benchmarks/local/long_tail_hey + test/rackup/sleep_fibonacci,https://github.com/puma/puma/blob/main/benchmarks/local/long_tail_hey.rb,puma-1w-3t,3,puma,1,3,240,240,34.077,5.0,240,240,34.062,2.0,12,true,240,0,7.043,1702.574,1719.35,1723.334,1725.53,1725.741,119.387,119.387,78.9,20,20,478,multiprocess_sample_only,,
yjit-on/puma-long-tail-fib-200ms-x3p0/puma-1w-3t/repeat-2,yjit-on,true,puma-long-tail-fib-200ms-x3p0,puma-long-tail-hey,puma/benchmarks/local/long_tail_hey + test/rackup/sleep_fibonacci,https://github.com/puma/puma/blob/main/benchmarks/local/long_tail_hey.rb,puma-1w-3t,3,puma,1,3,180,180,25.562,5.0,180,180,25.545,2.0,9,true,180,0,7.042,1278.065,1290.699,1296.054,1298.346,1298.755,119.387,119.387,81.78,20,20,358,multiprocess_sample_only,,
yjit-on/puma-long-tail-fib-200ms-x2p0/puma-1w-3t/repeat-2,yjit-on,true,puma-long-tail-fib-200ms-x2p0,puma-long-tail-hey,puma/benchmarks/local/long_tail_hey + test/rackup/sleep_fibonacci,https://github.com/puma/puma/blob/main/benchmarks/local/long_tail_hey.rb,puma-1w-3t,3,puma,1,3,120,120,17.034,5.0,120,120,17.03,2.0,6,true,120,0,7.045,851.008,864.567,865.728,869.602,870.105,120.402,120.402,83.355,20,20,239,multiprocess_sample_only,,
yjit-on/puma-long-tail-fib-200ms-x1p5/puma-1w-3t/repeat-2,yjit-on,true,puma-long-tail-fib-200ms-x1p5,puma-long-tail-hey,puma/benchmarks/local/long_tail_hey + test/rackup/sleep_fibonacci,https://github.com/puma/puma/blob/main/benchmarks/local/long_tail_hey.rb,puma-1w-3t,3,puma,1,3,100,100,14.228,5.0,100,100,14.247,2.0,5,true,100,0,7.028,832.551,853.73,860.228,861.989,862.184,120.469,120.469,84.4,20,20,200,multiprocess_sample_only,,
yjit-on/puma-long-tail-fib-200ms-x1p0/puma-1w-3t/repeat-2,yjit-on,true,puma-long-tail-fib-200ms-x1p0,puma-long-tail-hey,puma/benchmarks/local/long_tail_hey + test/rackup/sleep_fibonacci,https://github.com/puma/puma/blob/main/benchmarks/local/long_tail_hey.rb,puma-1w-3t,3,puma,1,3,60,60,8.518,5.0,60,60,8.515,2.0,3,true,60,0,7.044,425.674,431.546,433.332,434.559,434.695,120.531,120.531,85.035,20,20,121,multiprocess_sample_only,,
yjit-on/puma-long-tail-fib-200ms-x0p5/puma-1w-3t/repeat-2,yjit-on,true,puma-long-tail-fib-200ms-x0p5,puma-long-tail-hey,puma/benchmarks/local/long_tail_hey + test/rackup/sleep_fibonacci,https://github.com/puma/puma/blob/main/benchmarks/local/long_tail_hey.rb,puma-1w-3t,3,puma,1,3,40,40,5.683,5.0,40,40,5.679,2.0,2,true,40,0,7.039,284.06,288.498,289.557,289.569,289.57,120.531,120.531,85.415,20,20,81,multiprocess_sample_only,,
yjit-on/puma-sleep-fibonacci-1ms/puma-1w-3t/repeat-2,yjit-on,true,puma-sleep-fibonacci-1ms,puma-sleep-fibonacci-test,puma/benchmarks/local/sleep_fibonacci_test + test/rackup/sleep_fibonacci,https://github.com/puma/puma/blob/main/benchmarks/local/sleep_fibonacci_test.rb,puma-1w-3t,3,puma,1,3,1384,10,5.0,5.0,10,547,2.001,2.0,1,true,1384,0,276.773,3.615,3.741,3.972,4.366,4.47,127.141,127.141,84.985,20,20,72,multiprocess_sample_only,,
yjit-on/puma-sleep-fibonacci-5ms/puma-1w-3t/repeat-2,yjit-on,true,puma-sleep-fibonacci-5ms,puma-sleep-fibonacci-test,puma/benchmarks/local/sleep_fibonacci_test + test/rackup/sleep_fibonacci,https://github.com/puma/puma/blob/main/benchmarks/local/sleep_fibonacci_test.rb,puma-1w-3t,3,puma,1,3,416,10,5.01,5.0,10,165,2.006,2.0,1,true,416,0,83.038,12.11,12.399,12.65,13.15,13.328,127.141,127.141,84.275,20,20,72,multiprocess_sample_only,,
yjit-on/puma-sleep-fibonacci-10ms/puma-1w-3t/repeat-2,yjit-on,true,puma-sleep-fibonacci-10ms,puma-sleep-fibonacci-test,puma/benchmarks/local/sleep_fibonacci_test + test/rackup/sleep_fibonacci,https://github.com/puma/puma/blob/main/benchmarks/local/sleep_fibonacci_test.rb,puma-1w-3t,3,puma,1,3,323,10,5.002,5.0,10,129,2.01,2.0,1,true,323,0,64.572,15.485,15.701,15.789,15.994,16.04,127.141,127.141,83.75,20,20,72,multiprocess_sample_only,,
yjit-on/puma-sleep-fibonacci-50ms/puma-1w-3t/repeat-2,yjit-on,true,puma-sleep-fibonacci-50ms,puma-sleep-fibonacci-test,puma/benchmarks/local/sleep_fibonacci_test + test/rackup/sleep_fibonacci,https://github.com/puma/puma/blob/main/benchmarks/local/sleep_fibonacci_test.rb,puma-1w-3t,3,puma,1,3,98,10,5.005,5.0,10,40,2.047,2.0,1,true,98,0,19.579,51.014,51.244,51.328,51.407,51.416,127.262,127.262,83.475,20,20,72,multiprocess_sample_only,,
yjit-on/puma-sleep-fibonacci-100ms/puma-1w-3t/repeat-2,yjit-on,true,puma-sleep-fibonacci-100ms,puma-sleep-fibonacci-test,puma/benchmarks/local/sleep_fibonacci_test + test/rackup/sleep_fibonacci,https://github.com/puma/puma/blob/main/benchmarks/local/sleep_fibonacci_test.rb,puma-1w-3t,3,puma,1,3,50,10,5.028,5.0,10,20,2.012,2.0,1,true,50,0,9.944,100.504,100.607,100.665,100.687,100.689,127.262,127.262,83.315,20,20,73,multiprocess_sample_only,,
yjit-on/puma-sleep-fibonacci-200ms/puma-1w-3t/repeat-2,yjit-on,true,puma-sleep-fibonacci-200ms,puma-sleep-fibonacci-test,puma/benchmarks/local/sleep_fibonacci_test + test/rackup/sleep_fibonacci,https://github.com/puma/puma/blob/main/benchmarks/local/sleep_fibonacci_test.rb,puma-1w-3t,3,puma,1,3,25,10,5.016,5.0,10,10,2.006,2.0,1,true,25,0,4.984,200.514,200.753,201.139,201.243,201.255,127.262,127.262,83.14,20,20,72,multiprocess_sample_only,,
yjit-on/puma-response-array-1kb/puma-1w-3t/repeat-3,yjit-on,true,puma-response-array-1kb,puma-response-time-wrk,puma/benchmarks/local/response_time_wrk,https://github.com/puma/puma/blob/main/benchmarks/local/response_time_wrk.rb,puma-1w-3t,3,puma,1,3,22548,1000,5.001,5.0,1000,8710,2.001,2.0,5,true,22548,0,4508.835,1.061,1.422,1.756,2.235,5.637,69.648,69.648,79.965,20,20,68,multiprocess_sample_only,,
yjit-on/puma-response-chunk-1kb/puma-1w-3t/repeat-3,yjit-on,true,puma-response-chunk-1kb,puma-response-time-wrk,puma/benchmarks/local/response_time_wrk,https://github.com/puma/puma/blob/main/benchmarks/local/response_time_wrk.rb,puma-1w-3t,3,puma,1,3,21819,1000,5.001,5.0,1000,8898,2.001,2.0,5,true,21819,0,4363.15,1.096,1.47,1.809,2.346,3.106,69.582,69.582,77.12,20,20,68,multiprocess_sample_only,,
yjit-on/puma-response-string-1kb/puma-1w-3t/repeat-3,yjit-on,true,puma-response-string-1kb,puma-response-time-wrk,puma/benchmarks/local/response_time_wrk,https://github.com/puma/puma/blob/main/benchmarks/local/response_time_wrk.rb,puma-1w-3t,3,puma,1,3,22528,1000,5.001,5.0,1000,9206,2.001,2.0,5,true,22528,0,4504.878,1.063,1.448,1.801,2.258,3.352,69.824,69.824,76.555,20,20,68,multiprocess_sample_only,,
yjit-on/puma-response-io-1kb/puma-1w-3t/repeat-3,yjit-on,true,puma-response-io-1kb,puma-response-time-wrk,puma/benchmarks/local/response_time_wrk,https://github.com/puma/puma/blob/main/benchmarks/local/response_time_wrk.rb,puma-1w-3t,3,puma,1,3,21961,1000,5.001,5.0,1000,9055,2.002,2.0,5,true,21961,0,4391.186,1.088,1.499,1.869,2.393,3.065,70.191,70.191,77.665,20,20,69,multiprocess_sample_only,,
yjit-on/puma-response-array-10kb/puma-1w-3t/repeat-3,yjit-on,true,puma-response-array-10kb,puma-response-time-wrk,puma/benchmarks/local/response_time_wrk,https://github.com/puma/puma/blob/main/benchmarks/local/response_time_wrk.rb,puma-1w-3t,3,puma,1,3,22242,1000,5.001,5.0,1000,9110,2.001,2.0,5,true,22242,0,4447.75,1.075,1.471,1.819,2.411,3.758,71.855,71.855,77.725,20,20,68,multiprocess_sample_only,,
yjit-on/puma-response-chunk-10kb/puma-1w-3t/repeat-3,yjit-on,true,puma-response-chunk-10kb,puma-response-time-wrk,puma/benchmarks/local/response_time_wrk,https://github.com/puma/puma/blob/main/benchmarks/local/response_time_wrk.rb,puma-1w-3t,3,puma,1,3,18888,1000,5.001,5.0,1000,7779,2.001,2.0,5,true,18888,0,3776.838,1.268,1.707,2.097,2.685,3.452,71.945,71.945,77.34,20,20,68,multiprocess_sample_only,,
yjit-on/puma-response-string-10kb/puma-1w-3t/repeat-3,yjit-on,true,puma-response-string-10kb,puma-response-time-wrk,puma/benchmarks/local/response_time_wrk,https://github.com/puma/puma/blob/main/benchmarks/local/response_time_wrk.rb,puma-1w-3t,3,puma,1,3,22267,1000,5.001,5.0,1000,9084,2.001,2.0,5,true,22267,0,4452.681,1.073,1.456,1.856,2.575,5.01,72.988,72.883,77.04,20,20,68,multiprocess_sample_only,,
yjit-on/puma-response-io-10kb/puma-1w-3t/repeat-3,yjit-on,true,puma-response-io-10kb,puma-response-time-wrk,puma/benchmarks/local/response_time_wrk,https://github.com/puma/puma/blob/main/benchmarks/local/response_time_wrk.rb,puma-1w-3t,3,puma,1,3,21871,1000,5.001,5.0,1000,8941,2.001,2.0,5,true,21871,0,4373.474,1.094,1.488,1.89,2.335,2.965,74.082,73.805,77.495,20,20,68,multiprocess_sample_only,,
yjit-on/puma-response-array-100kb/puma-1w-3t/repeat-3,yjit-on,true,puma-response-array-100kb,puma-response-time-wrk,puma/benchmarks/local/response_time_wrk,https://github.com/puma/puma/blob/main/benchmarks/local/response_time_wrk.rb,puma-1w-3t,3,puma,1,3,17467,1000,5.001,5.0,1000,7024,2.001,2.0,5,true,17467,0,3492.649,1.387,1.789,2.057,2.694,4.398,82.488,80.781,77.425,20,20,68,multiprocess_sample_only,,
yjit-on/puma-response-chunk-100kb/puma-1w-3t/repeat-3,yjit-on,true,puma-response-chunk-100kb,puma-response-time-wrk,puma/benchmarks/local/response_time_wrk,https://github.com/puma/puma/blob/main/benchmarks/local/response_time_wrk.rb,puma-1w-3t,3,puma,1,3,8384,1000,5.002,5.0,1000,3510,2.002,2.0,5,true,8384,0,1675.978,2.93,3.595,4.017,5.381,6.241,77.938,77.938,76.78,20,20,65,multiprocess_sample_only,,
yjit-on/puma-response-string-100kb/puma-1w-3t/repeat-3,yjit-on,true,puma-response-string-100kb,puma-response-time-wrk,puma/benchmarks/local/response_time_wrk,https://github.com/puma/puma/blob/main/benchmarks/local/response_time_wrk.rb,puma-1w-3t,3,puma,1,3,17591,1000,5.001,5.0,1000,7132,2.001,2.0,5,true,17591,0,3517.359,1.373,1.787,2.152,2.867,3.311,83.324,81.715,76.205,20,20,68,multiprocess_sample_only,,
yjit-on/puma-response-io-100kb/puma-1w-3t/repeat-3,yjit-on,true,puma-response-io-100kb,puma-response-time-wrk,puma/benchmarks/local/response_time_wrk,https://github.com/puma/puma/blob/main/benchmarks/local/response_time_wrk.rb,puma-1w-3t,3,puma,1,3,16799,1000,5.037,5.0,1000,6523,2.032,2.0,5,true,16799,0,3334.857,1.009,1.615,40.834,42.261,43.301,73.672,73.609,75.52,20,20,69,multiprocess_sample_only,,
yjit-on/puma-response-array-256kb/puma-1w-3t/repeat-3,yjit-on,true,puma-response-array-256kb,puma-response-time-wrk,puma/benchmarks/local/response_time_wrk,https://github.com/puma/puma/blob/main/benchmarks/local/response_time_wrk.rb,puma-1w-3t,3,puma,1,3,11142,1000,5.002,5.0,1000,4973,2.002,2.0,5,true,11142,0,2227.304,1.892,3.433,7.338,22.915,25.24,108.402,105.609,74.795,20,20,65,multiprocess_sample_only,,
yjit-on/puma-response-chunk-256kb/puma-1w-3t/repeat-3,yjit-on,true,puma-response-chunk-256kb,puma-response-time-wrk,puma/benchmarks/local/response_time_wrk,https://github.com/puma/puma/blob/main/benchmarks/local/response_time_wrk.rb,puma-1w-3t,3,puma,1,3,4440,1000,5.004,5.0,1000,1824,2.005,2.0,5,true,4440,0,887.285,5.579,6.648,7.395,10.636,11.694,81.555,80.547,74.18,20,20,60,multiprocess_sample_only,,
yjit-on/puma-response-string-256kb/puma-1w-3t/repeat-3,yjit-on,true,puma-response-string-256kb,puma-response-time-wrk,puma/benchmarks/local/response_time_wrk,https://github.com/puma/puma/blob/main/benchmarks/local/response_time_wrk.rb,puma-1w-3t,3,puma,1,3,12108,1000,5.002,5.0,1000,4738,2.001,2.0,5,true,12108,0,2420.602,1.784,3.007,5.075,21.464,24.562,77.438,77.438,73.08,20,20,65,multiprocess_sample_only,,
yjit-on/puma-response-io-256kb/puma-1w-3t/repeat-3,yjit-on,true,puma-response-io-256kb,puma-response-time-wrk,puma/benchmarks/local/response_time_wrk,https://github.com/puma/puma/blob/main/benchmarks/local/response_time_wrk.rb,puma-1w-3t,3,puma,1,3,11660,1000,5.001,5.0,1000,4506,2.001,2.0,5,true,11660,0,2331.384,1.833,3.211,5.941,21.81,43.489,77.688,77.313,71.66,20,20,65,multiprocess_sample_only,,
yjit-on/puma-response-array-512kb/puma-1w-3t/repeat-3,yjit-on,true,puma-response-array-512kb,puma-response-time-wrk,puma/benchmarks/local/response_time_wrk,https://github.com/puma/puma/blob/main/benchmarks/local/response_time_wrk.rb,puma-1w-3t,3,puma,1,3,8202,1000,5.002,5.0,1000,3341,2.002,2.0,5,true,8202,0,1639.634,2.527,4.672,23.501,25.675,26.478,119.762,115.359,70.88,20,20,63,multiprocess_sample_only,,
yjit-on/puma-response-chunk-512kb/puma-1w-3t/repeat-3,yjit-on,true,puma-response-chunk-512kb,puma-response-time-wrk,puma/benchmarks/local/response_time_wrk,https://github.com/puma/puma/blob/main/benchmarks/local/response_time_wrk.rb,puma-1w-3t,3,puma,1,3,2546,1000,5.009,5.0,1000,1054,2.01,2.0,5,true,2546,0,508.286,9.777,11.44,12.095,17.646,19.529,86.941,85.836,70.495,20,20,54,multiprocess_sample_only,,
yjit-on/puma-response-string-512kb/puma-1w-3t/repeat-3,yjit-on,true,puma-response-string-512kb,puma-response-time-wrk,puma/benchmarks/local/response_time_wrk,https://github.com/puma/puma/blob/main/benchmarks/local/response_time_wrk.rb,puma-1w-3t,3,puma,1,3,8565,1000,5.002,5.0,1000,3484,2.002,2.0,5,true,8565,0,1712.216,2.388,4.454,23.251,25.084,211.454,81.367,81.367,69.51,20,20,62,multiprocess_sample_only,,
yjit-on/puma-response-io-512kb/puma-1w-3t/repeat-3,yjit-on,true,puma-response-io-512kb,puma-response-time-wrk,puma/benchmarks/local/response_time_wrk,https://github.com/puma/puma/blob/main/benchmarks/local/response_time_wrk.rb,puma-1w-3t,3,puma,1,3,7870,1000,5.002,5.0,1000,3242,2.004,2.0,5,true,7870,0,1573.29,2.552,4.96,24.001,27.743,221.922,81.453,81.453,67.955,20,20,63,multiprocess_sample_only,,
yjit-on/puma-response-array-1024kb/puma-1w-3t/repeat-3,yjit-on,true,puma-response-array-1024kb,puma-response-time-wrk,puma/benchmarks/local/response_time_wrk,https://github.com/puma/puma/blob/main/benchmarks/local/response_time_wrk.rb,puma-1w-3t,3,puma,1,3,5036,1000,5.015,5.0,1000,2044,2.003,2.0,5,true,5036,0,1004.258,4.333,6.963,27.586,29.823,32.477,123.684,120.652,66.965,20,20,61,multiprocess_sample_only,,
yjit-on/puma-response-chunk-1024kb/puma-1w-3t/repeat-3,yjit-on,true,puma-response-chunk-1024kb,puma-response-time-wrk,puma/benchmarks/local/response_time_wrk,https://github.com/puma/puma/blob/main/benchmarks/local/response_time_wrk.rb,puma-1w-3t,3,puma,1,3,1359,1000,5.017,5.0,1000,1000,3.773,2.0,5,true,1359,0,270.868,18.499,20.958,22.344,31.692,36.727,88.074,88.063,66.805,20,20,45,multiprocess_sample_only,,
yjit-on/puma-response-string-1024kb/puma-1w-3t/repeat-3,yjit-on,true,puma-response-string-1024kb,puma-response-time-wrk,puma/benchmarks/local/response_time_wrk,https://github.com/puma/puma/blob/main/benchmarks/local/response_time_wrk.rb,puma-1w-3t,3,puma,1,3,5069,1000,5.003,5.0,1000,2058,2.004,2.0,5,true,5069,0,1013.108,4.26,7.058,28.125,30.209,31.018,84.758,84.758,65.845,20,20,61,multiprocess_sample_only,,
yjit-on/puma-response-io-1024kb/puma-1w-3t/repeat-3,yjit-on,true,puma-response-io-1024kb,puma-response-time-wrk,puma/benchmarks/local/response_time_wrk,https://github.com/puma/puma/blob/main/benchmarks/local/response_time_wrk.rb,puma-1w-3t,3,puma,1,3,5169,1000,5.004,5.0,1000,2032,2.004,2.0,5,true,5169,0,1032.984,4.166,6.636,28.523,31.069,214.231,84.758,84.758,64.335,20,20,62,multiprocess_sample_only,,
yjit-on/puma-response-array-2048kb/puma-1w-3t/repeat-3,yjit-on,true,puma-response-array-2048kb,puma-response-time-wrk,puma/benchmarks/local/response_time_wrk,https://github.com/puma/puma/blob/main/benchmarks/local/response_time_wrk.rb,puma-1w-3t,3,puma,1,3,2892,1000,5.007,5.0,1000,1175,2.007,2.0,5,true,2892,0,577.635,8.589,10.025,10.803,15.072,18.998,96.184,88.242,64.305,20,20,56,multiprocess_sample_only,,
yjit-on/puma-response-chunk-2048kb/puma-1w-3t/repeat-3,yjit-on,true,puma-response-chunk-2048kb,puma-response-time-wrk,puma/benchmarks/local/response_time_wrk,https://github.com/puma/puma/blob/main/benchmarks/local/response_time_wrk.rb,puma-1w-3t,3,puma,1,3,1000,1000,7.157,5.0,1000,1000,6.847,2.0,5,true,1000,0,139.726,35.684,40.522,42.376,46.741,48.956,88.188,84.332,64.77,20,20,47,multiprocess_sample_only,,
yjit-on/puma-response-string-2048kb/puma-1w-3t/repeat-3,yjit-on,true,puma-response-string-2048kb,puma-response-time-wrk,puma/benchmarks/local/response_time_wrk,https://github.com/puma/puma/blob/main/benchmarks/local/response_time_wrk.rb,puma-1w-3t,3,puma,1,3,3252,1000,5.006,5.0,1000,1285,2.007,2.0,5,true,3252,0,649.63,7.477,9.025,10.123,30.391,35.573,85.25,85.25,64.0,20,20,56,multiprocess_sample_only,,
yjit-on/puma-response-io-2048kb/puma-1w-3t/repeat-3,yjit-on,true,puma-response-io-2048kb,puma-response-time-wrk,puma/benchmarks/local/response_time_wrk,https://github.com/puma/puma/blob/main/benchmarks/local/response_time_wrk.rb,puma-1w-3t,3,puma,1,3,3349,1000,5.006,5.0,1000,1407,2.006,2.0,5,true,3349,0,669.027,7.3,8.759,9.823,20.091,23.669,85.25,85.25,62.55,20,20,57,multiprocess_sample_only,,
yjit-on/puma-long-tail-fib-200ms-x6p0/puma-1w-3t/repeat-3,yjit-on,true,puma-long-tail-fib-200ms-x6p0,puma-long-tail-hey,puma/benchmarks/local/long_tail_hey + test/rackup/sleep_fibonacci,https://github.com/puma/puma/blob/main/benchmarks/local/long_tail_hey.rb,puma-1w-3t,3,puma,1,3,360,360,51.117,5.0,360,360,51.105,2.0,18,true,360,0,7.043,2554.036,2577.088,2581.808,2586.223,2587.402,104.195,104.195,72.385,20,20,716,multiprocess_sample_only,,
yjit-on/puma-long-tail-fib-200ms-x4p0/puma-1w-3t/repeat-3,yjit-on,true,puma-long-tail-fib-200ms-x4p0,puma-long-tail-hey,puma/benchmarks/local/long_tail_hey + test/rackup/sleep_fibonacci,https://github.com/puma/puma/blob/main/benchmarks/local/long_tail_hey.rb,puma-1w-3t,3,puma,1,3,240,240,34.07,5.0,240,240,34.073,2.0,12,true,240,0,7.044,1703.367,1716.791,1724.424,1727.272,1727.494,108.383,108.383,78.42,20,20,477,multiprocess_sample_only,,
yjit-on/puma-long-tail-fib-200ms-x3p0/puma-1w-3t/repeat-3,yjit-on,true,puma-long-tail-fib-200ms-x3p0,puma-long-tail-hey,puma/benchmarks/local/long_tail_hey + test/rackup/sleep_fibonacci,https://github.com/puma/puma/blob/main/benchmarks/local/long_tail_hey.rb,puma-1w-3t,3,puma,1,3,180,180,25.55,5.0,180,180,25.545,2.0,9,true,180,0,7.045,1277.47,1292.043,1294.255,1294.352,1294.36,108.383,108.383,81.38,20,20,359,multiprocess_sample_only,,
yjit-on/puma-long-tail-fib-200ms-x2p0/puma-1w-3t/repeat-3,yjit-on,true,puma-long-tail-fib-200ms-x2p0,puma-long-tail-hey,puma/benchmarks/local/long_tail_hey + test/rackup/sleep_fibonacci,https://github.com/puma/puma/blob/main/benchmarks/local/long_tail_hey.rb,puma-1w-3t,3,puma,1,3,120,120,17.036,5.0,120,120,17.032,2.0,6,true,120,0,7.044,851.3,862.302,865.916,869.297,869.704,108.57,108.57,83.005,20,20,240,multiprocess_sample_only,,
yjit-on/puma-long-tail-fib-200ms-x1p5/puma-1w-3t/repeat-3,yjit-on,true,puma-long-tail-fib-200ms-x1p5,puma-long-tail-hey,puma/benchmarks/local/long_tail_hey + test/rackup/sleep_fibonacci,https://github.com/puma/puma/blob/main/benchmarks/local/long_tail_hey.rb,puma-1w-3t,3,puma,1,3,100,100,14.216,5.0,100,100,14.249,2.0,5,true,100,0,7.034,814.825,847.037,861.298,863.545,863.795,108.574,108.574,84.06,20,20,200,multiprocess_sample_only,,
yjit-on/puma-long-tail-fib-200ms-x1p0/puma-1w-3t/repeat-3,yjit-on,true,puma-long-tail-fib-200ms-x1p0,puma-long-tail-hey,puma/benchmarks/local/long_tail_hey + test/rackup/sleep_fibonacci,https://github.com/puma/puma/blob/main/benchmarks/local/long_tail_hey.rb,puma-1w-3t,3,puma,1,3,60,60,8.52,5.0,60,60,8.513,2.0,3,true,60,0,7.042,425.519,435.305,435.824,436.05,436.075,108.574,108.574,84.705,20,20,120,multiprocess_sample_only,,
yjit-on/puma-long-tail-fib-200ms-x0p5/puma-1w-3t/repeat-3,yjit-on,true,puma-long-tail-fib-200ms-x0p5,puma-long-tail-hey,puma/benchmarks/local/long_tail_hey + test/rackup/sleep_fibonacci,https://github.com/puma/puma/blob/main/benchmarks/local/long_tail_hey.rb,puma-1w-3t,3,puma,1,3,40,40,5.681,5.0,40,40,5.676,2.0,2,true,40,0,7.041,283.592,288.169,288.6,288.838,288.865,108.574,108.574,85.095,20,20,81,multiprocess_sample_only,,
yjit-on/puma-sleep-fibonacci-1ms/puma-1w-3t/repeat-3,yjit-on,true,puma-sleep-fibonacci-1ms,puma-sleep-fibonacci-test,puma/benchmarks/local/sleep_fibonacci_test + test/rackup/sleep_fibonacci,https://github.com/puma/puma/blob/main/benchmarks/local/sleep_fibonacci_test.rb,puma-1w-3t,3,puma,1,3,1392,10,5.003,5.0,10,550,2.003,2.0,1,true,1392,0,278.207,3.601,3.672,3.918,4.628,4.701,108.578,108.578,84.68,20,20,72,multiprocess_sample_only,,
yjit-on/puma-sleep-fibonacci-5ms/puma-1w-3t/repeat-3,yjit-on,true,puma-sleep-fibonacci-5ms,puma-sleep-fibonacci-test,puma/benchmarks/local/sleep_fibonacci_test + test/rackup/sleep_fibonacci,https://github.com/puma/puma/blob/main/benchmarks/local/sleep_fibonacci_test.rb,puma-1w-3t,3,puma,1,3,415,10,5.001,5.0,10,165,2.002,2.0,1,true,415,0,82.987,12.06,12.275,12.484,13.077,13.169,108.578,108.578,83.975,20,20,72,multiprocess_sample_only,,
yjit-on/puma-sleep-fibonacci-10ms/puma-1w-3t/repeat-3,yjit-on,true,puma-sleep-fibonacci-10ms,puma-sleep-fibonacci-test,puma/benchmarks/local/sleep_fibonacci_test + test/rackup/sleep_fibonacci,https://github.com/puma/puma/blob/main/benchmarks/local/sleep_fibonacci_test.rb,puma-1w-3t,3,puma,1,3,323,10,5.006,5.0,10,129,2.013,2.0,1,true,323,0,64.518,15.531,15.665,15.838,16.573,16.633,108.578,108.578,83.445,20,20,72,multiprocess_sample_only,,
yjit-on/puma-sleep-fibonacci-50ms/puma-1w-3t/repeat-3,yjit-on,true,puma-sleep-fibonacci-50ms,puma-sleep-fibonacci-test,puma/benchmarks/local/sleep_fibonacci_test + test/rackup/sleep_fibonacci,https://github.com/puma/puma/blob/main/benchmarks/local/sleep_fibonacci_test.rb,puma-1w-3t,3,puma,1,3,98,10,5.014,5.0,10,40,2.05,2.0,1,true,98,0,19.544,51.137,51.348,51.537,51.647,51.659,108.578,108.578,83.17,20,20,72,multiprocess_sample_only,,
yjit-on/puma-sleep-fibonacci-100ms/puma-1w-3t/repeat-3,yjit-on,true,puma-sleep-fibonacci-100ms,puma-sleep-fibonacci-test,puma/benchmarks/local/sleep_fibonacci_test + test/rackup/sleep_fibonacci,https://github.com/puma/puma/blob/main/benchmarks/local/sleep_fibonacci_test.rb,puma-1w-3t,3,puma,1,3,50,10,5.027,5.0,10,20,2.013,2.0,1,true,50,0,9.946,100.489,100.554,100.635,100.656,100.658,108.578,108.578,83.015,20,20,73,multiprocess_sample_only,,
yjit-on/puma-sleep-fibonacci-200ms/puma-1w-3t/repeat-3,yjit-on,true,puma-sleep-fibonacci-200ms,puma-sleep-fibonacci-test,puma/benchmarks/local/sleep_fibonacci_test + test/rackup/sleep_fibonacci,https://github.com/puma/puma/blob/main/benchmarks/local/sleep_fibonacci_test.rb,puma-1w-3t,3,puma,1,3,25,10,5.014,5.0,10,10,2.006,2.0,1,true,25,0,4.986,200.494,200.705,200.77,200.779,200.78,108.578,108.578,82.845,20,20,72,multiprocess_sample_only,,
