run_id,runtime,yjit,scenario,scenario_family,benchmark_source,benchmark_source_url,server,server_capacity,adapter,workers,threads,requests,target_requests,duration_s,min_duration_s,target_warmup_requests,warmup_requests,warmup_duration_s,warmup_min_duration_s,concurrency,keep_alive,completed,errors,achieved_rps,p50_ms,p95_ms,p99_ms,p999_ms,max_ms,rss_mb_peak,rss_mb_end,cpu_pct_avg,target_sample_count,sample_count,raw_sample_count,gc_delta_scope,gc_count_delta,total_allocated_objects_delta
yjit-off/puma-response-array-1kb/raptor-12r/repeat-1,yjit-off,false,puma-response-array-1kb,puma-response-time-wrk,puma/benchmarks/local/response_time_wrk,https://github.com/puma/puma/blob/main/benchmarks/local/response_time_wrk.rb,raptor-12r,12,raptor,12,,1691,1000,6.166,5.0,1000,1000,4.296,2.0,19,true,1691,0,274.247,41.023,42.505,44.673,4055.024,4055.965,34.785,34.785,13.225,20,20,88,same_worker,25,1214782
yjit-off/puma-response-chunk-1kb/raptor-12r/repeat-1,yjit-off,false,puma-response-chunk-1kb,puma-response-time-wrk,puma/benchmarks/local/response_time_wrk,https://github.com/puma/puma/blob/main/benchmarks/local/response_time_wrk.rb,raptor-12r,12,raptor,12,,1691,1000,6.172,5.0,1000,1000,4.254,2.0,19,true,1691,0,273.981,41.015,42.357,44.78,4055.016,4055.957,35.391,35.391,11.12,20,20,87,same_worker,19,1215200
yjit-off/puma-response-string-1kb/raptor-12r/repeat-1,yjit-off,false,puma-response-string-1kb,puma-response-time-wrk,puma/benchmarks/local/response_time_wrk,https://github.com/puma/puma/blob/main/benchmarks/local/response_time_wrk.rb,raptor-12r,12,raptor,12,,1691,1000,6.165,5.0,1000,1000,4.255,2.0,19,true,1691,0,274.309,41.037,42.465,44.67,4046.76,4052.961,36.395,36.395,10.69,20,20,87,same_worker,16,1212829
yjit-off/puma-response-io-1kb/raptor-12r/repeat-1,yjit-off,false,puma-response-io-1kb,puma-response-time-wrk,puma/benchmarks/local/response_time_wrk,https://github.com/puma/puma/blob/main/benchmarks/local/response_time_wrk.rb,raptor-12r,12,raptor,12,,1688,1000,6.177,5.0,1000,1000,4.263,2.0,19,true,1688,0,273.266,41.053,42.54,45.4,4055.012,4059.047,37.25,37.25,10.605,20,20,87,same_worker,18,1235663
yjit-off/puma-response-array-10kb/raptor-12r/repeat-1,yjit-off,false,puma-response-array-10kb,puma-response-time-wrk,puma/benchmarks/local/response_time_wrk,https://github.com/puma/puma/blob/main/benchmarks/local/response_time_wrk.rb,raptor-12r,12,raptor,12,,1691,1000,6.176,5.0,1000,1000,4.253,2.0,19,true,1691,0,273.802,41.05,42.574,44.294,4065.184,4068.235,37.473,37.473,10.565,20,20,87,same_worker,14,1214413
yjit-off/puma-response-chunk-10kb/raptor-12r/repeat-1,yjit-off,false,puma-response-chunk-10kb,puma-response-time-wrk,puma/benchmarks/local/response_time_wrk,https://github.com/puma/puma/blob/main/benchmarks/local/response_time_wrk.rb,raptor-12r,12,raptor,12,,1689,1000,6.166,5.0,1000,1000,4.288,2.0,19,true,1689,0,273.917,41.056,42.503,44.788,4053.692,4058.622,37.473,37.473,10.495,20,20,87,same_worker,14,1208553
yjit-off/puma-response-string-10kb/raptor-12r/repeat-1,yjit-off,false,puma-response-string-10kb,puma-response-time-wrk,puma/benchmarks/local/response_time_wrk,https://github.com/puma/puma/blob/main/benchmarks/local/response_time_wrk.rb,raptor-12r,12,raptor,12,,1691,1000,6.169,5.0,1000,1000,4.258,2.0,19,true,1691,0,274.12,41.019,42.266,44.199,4040.297,4047.462,37.516,37.516,10.4,20,20,87,same_worker,15,1219236
yjit-off/puma-response-io-10kb/raptor-12r/repeat-1,yjit-off,false,puma-response-io-10kb,puma-response-time-wrk,puma/benchmarks/local/response_time_wrk,https://github.com/puma/puma/blob/main/benchmarks/local/response_time_wrk.rb,raptor-12r,12,raptor,12,,1689,1000,6.216,5.0,1000,1000,4.279,2.0,19,true,1689,0,271.729,41.066,42.782,45.065,4082.594,4108.356,39.07,39.07,10.485,20,20,88,same_worker,15,1255004
yjit-off/puma-response-array-100kb/raptor-12r/repeat-1,yjit-off,false,puma-response-array-100kb,puma-response-time-wrk,puma/benchmarks/local/response_time_wrk,https://github.com/puma/puma/blob/main/benchmarks/local/response_time_wrk.rb,raptor-12r,12,raptor,12,,9801,1000,5.01,5.0,1000,4020,2.008,2.0,19,true,9801,0,1956.353,5.921,7.756,46.409,606.342,615.68,39.09,39.09,17.085,20,20,59,same_worker,84,7040296
yjit-off/puma-response-chunk-100kb/raptor-12r/repeat-1,yjit-off,false,puma-response-chunk-100kb,puma-response-time-wrk,puma/benchmarks/local/response_time_wrk,https://github.com/puma/puma/blob/main/benchmarks/local/response_time_wrk.rb,raptor-12r,12,raptor,12,,9842,1000,5.009,5.0,1000,4054,2.018,2.0,19,true,9842,0,1964.913,5.959,7.672,49.197,589.932,603.58,39.148,39.148,26.215,20,20,59,same_worker,85,7051487
yjit-off/puma-response-string-100kb/raptor-12r/repeat-1,yjit-off,false,puma-response-string-100kb,puma-response-time-wrk,puma/benchmarks/local/response_time_wrk,https://github.com/puma/puma/blob/main/benchmarks/local/response_time_wrk.rb,raptor-12r,12,raptor,12,,11159,1000,5.007,5.0,1000,4623,2.007,2.0,19,true,11159,0,2228.803,5.284,6.628,10.958,533.448,543.713,40.859,40.859,32.105,20,20,59,same_worker,108,8029609
yjit-off/puma-response-io-100kb/raptor-12r/repeat-1,yjit-off,false,puma-response-io-100kb,puma-response-time-wrk,puma/benchmarks/local/response_time_wrk,https://github.com/puma/puma/blob/main/benchmarks/local/response_time_wrk.rb,raptor-12r,12,raptor,12,,6927,1000,5.058,5.0,1000,3751,2.047,2.0,19,true,6927,0,1369.499,6.3,40.993,49.59,744.431,1747.827,54.465,54.465,38.565,20,20,63,same_worker,79,6406077
yjit-off/puma-response-array-256kb/raptor-12r/repeat-1,yjit-off,false,puma-response-array-256kb,puma-response-time-wrk,puma/benchmarks/local/response_time_wrk,https://github.com/puma/puma/blob/main/benchmarks/local/response_time_wrk.rb,raptor-12r,12,raptor,12,,7256,1000,5.041,5.0,1000,2917,2.013,2.0,19,true,7256,0,1439.373,8.075,10.431,52.128,810.073,827.827,54.465,54.465,44.91,20,20,56,same_worker,69,5211977
yjit-off/puma-response-chunk-256kb/raptor-12r/repeat-1,yjit-off,false,puma-response-chunk-256kb,puma-response-time-wrk,puma/benchmarks/local/response_time_wrk,https://github.com/puma/puma/blob/main/benchmarks/local/response_time_wrk.rb,raptor-12r,12,raptor,12,,7202,1000,5.011,5.0,1000,2984,2.012,2.0,19,true,7202,0,1437.099,8.105,10.487,52.18,798.542,838.178,54.465,54.465,52.41,20,20,55,same_worker,69,5151667
yjit-off/puma-response-string-256kb/raptor-12r/repeat-1,yjit-off,false,puma-response-string-256kb,puma-response-time-wrk,puma/benchmarks/local/response_time_wrk,https://github.com/puma/puma/blob/main/benchmarks/local/response_time_wrk.rb,raptor-12r,12,raptor,12,,9494,1000,5.01,5.0,1000,3930,2.009,2.0,19,true,9494,0,1895.032,6.193,7.725,12.552,639.601,653.143,54.602,54.602,56.19,20,20,58,same_worker,91,6827297
yjit-off/puma-response-io-256kb/raptor-12r/repeat-1,yjit-off,false,puma-response-io-256kb,puma-response-time-wrk,puma/benchmarks/local/response_time_wrk,https://github.com/puma/puma/blob/main/benchmarks/local/response_time_wrk.rb,raptor-12r,12,raptor,12,,1744,1000,5.62,5.0,1000,1060,4.194,2.0,19,true,1744,0,310.312,41.973,42.975,243.201,3538.568,3567.76,72.645,72.645,55.84,20,20,79,same_worker,29,2164972
yjit-off/puma-response-array-512kb/raptor-12r/repeat-1,yjit-off,false,puma-response-array-512kb,puma-response-time-wrk,puma/benchmarks/local/response_time_wrk,https://github.com/puma/puma/blob/main/benchmarks/local/response_time_wrk.rb,raptor-12r,12,raptor,12,,4678,1000,5.018,5.0,1000,1922,2.017,2.0,19,true,4678,0,932.32,12.354,18.318,53.992,1265.395,1291.163,72.645,72.645,59.475,20,20,50,same_worker,45,3361772
yjit-off/puma-response-chunk-512kb/raptor-12r/repeat-1,yjit-off,false,puma-response-chunk-512kb,puma-response-time-wrk,puma/benchmarks/local/response_time_wrk,https://github.com/puma/puma/blob/main/benchmarks/local/response_time_wrk.rb,raptor-12r,12,raptor,12,,4609,1000,5.018,5.0,1000,1890,2.017,2.0,19,true,4609,0,918.514,12.51,19.043,54.524,1272.315,1292.143,72.645,72.645,65.41,20,20,50,same_worker,44,3291083
yjit-off/puma-response-string-512kb/raptor-12r/repeat-1,yjit-off,false,puma-response-string-512kb,puma-response-time-wrk,puma/benchmarks/local/response_time_wrk,https://github.com/puma/puma/blob/main/benchmarks/local/response_time_wrk.rb,raptor-12r,12,raptor,12,,6316,1000,5.012,5.0,1000,2528,2.012,2.0,19,true,6316,0,1260.051,8.95,14.632,21.994,949.129,955.972,74.066,74.066,67.3,20,20,54,same_worker,61,4531435
yjit-off/puma-response-io-512kb/raptor-12r/repeat-1,yjit-off,false,puma-response-io-512kb,puma-response-time-wrk,puma/benchmarks/local/response_time_wrk,https://github.com/puma/puma/blob/main/benchmarks/local/response_time_wrk.rb,raptor-12r,12,raptor,12,,3918,1000,5.046,5.0,1000,1673,3.156,2.0,19,true,3918,0,776.403,13.621,29.741,105.586,1489.127,1554.811,102.25,85.742,70.89,20,20,51,same_worker,99,6847891
yjit-off/puma-response-array-1024kb/raptor-12r/repeat-1,yjit-off,false,puma-response-array-1024kb,puma-response-time-wrk,puma/benchmarks/local/response_time_wrk,https://github.com/puma/puma/blob/main/benchmarks/local/response_time_wrk.rb,raptor-12r,12,raptor,12,,2925,1000,5.025,5.0,1000,1535,3.15,2.0,19,true,2925,0,582.069,19.632,32.623,123.289,2020.268,2074.11,85.742,85.742,76.735,20,20,43,same_worker,28,2102588
yjit-off/puma-response-chunk-1024kb/raptor-12r/repeat-1,yjit-off,false,puma-response-chunk-1024kb,puma-response-time-wrk,puma/benchmarks/local/response_time_wrk,https://github.com/puma/puma/blob/main/benchmarks/local/response_time_wrk.rb,raptor-12r,12,raptor,12,,2873,1000,5.025,5.0,1000,1543,3.55,2.0,19,true,2873,0,571.687,20.014,32.291,75.267,2072.276,2096.584,85.742,85.742,81.955,20,20,43,same_worker,28,2054076
yjit-off/puma-response-string-1024kb/raptor-12r/repeat-1,yjit-off,false,puma-response-string-1024kb,puma-response-time-wrk,puma/benchmarks/local/response_time_wrk,https://github.com/puma/puma/blob/main/benchmarks/local/response_time_wrk.rb,raptor-12r,12,raptor,12,,4308,1000,5.018,5.0,1000,1781,2.086,2.0,19,true,4308,0,858.465,13.171,23.664,31.688,1401.346,1412.362,99.027,99.027,82.91,20,20,49,same_worker,42,3100189
yjit-off/puma-response-io-1024kb/raptor-12r/repeat-1,yjit-off,false,puma-response-io-1024kb,puma-response-time-wrk,puma/benchmarks/local/response_time_wrk,https://github.com/puma/puma/blob/main/benchmarks/local/response_time_wrk.rb,raptor-12r,12,raptor,12,,2340,1000,5.031,5.0,1000,1275,3.827,2.0,19,true,2340,0,465.149,23.081,63.926,79.16,2503.769,2552.982,129.945,129.945,86.08,20,20,50,same_worker,94,6486567
yjit-off/puma-response-array-2048kb/raptor-12r/repeat-1,yjit-off,false,puma-response-array-2048kb,puma-response-time-wrk,puma/benchmarks/local/response_time_wrk,https://github.com/puma/puma/blob/main/benchmarks/local/response_time_wrk.rb,raptor-12r,12,raptor,12,,1717,1000,5.681,5.0,1000,1044,3.347,2.0,19,true,1717,0,302.237,37.552,52.155,76.678,3788.235,3794.543,129.945,129.945,91.795,20,20,40,same_worker,17,1238614
yjit-off/puma-response-chunk-2048kb/raptor-12r/repeat-1,yjit-off,false,puma-response-chunk-2048kb,puma-response-time-wrk,puma/benchmarks/local/response_time_wrk,https://github.com/puma/puma/blob/main/benchmarks/local/response_time_wrk.rb,raptor-12r,12,raptor,12,,1699,1000,5.773,5.0,1000,1000,3.428,2.0,19,true,1699,0,294.304,38.903,53.288,72.193,3973.068,3975.637,129.945,129.945,96.56,20,20,40,same_worker,16,1215575
yjit-off/puma-response-string-2048kb/raptor-12r/repeat-1,yjit-off,false,puma-response-string-2048kb,puma-response-time-wrk,puma/benchmarks/local/response_time_wrk,https://github.com/puma/puma/blob/main/benchmarks/local/response_time_wrk.rb,raptor-12r,12,raptor,12,,1990,1000,5.041,5.0,1000,1028,2.702,2.0,19,true,1990,0,394.755,30.535,39.375,66.185,3090.65,3097.975,152.559,152.559,96.345,20,20,37,same_worker,19,1421398
yjit-off/puma-response-io-2048kb/raptor-12r/repeat-1,yjit-off,false,puma-response-io-2048kb,puma-response-time-wrk,puma/benchmarks/local/response_time_wrk,https://github.com/puma/puma/blob/main/benchmarks/local/response_time_wrk.rb,raptor-12r,12,raptor,12,,1586,1000,6.636,5.0,1000,1000,4.445,2.0,19,true,1586,0,238.994,44.725,84.692,200.747,4653.385,4799.074,182.918,182.918,100.03,20,20,70,same_worker,131,7650235
yjit-off/puma-long-tail-fib-200ms-x6p0/raptor-12r/repeat-1,yjit-off,false,puma-long-tail-fib-200ms-x6p0,puma-long-tail-hey,puma/benchmarks/local/long_tail_hey + test/rackup/sleep_fibonacci,https://github.com/puma/puma/blob/main/benchmarks/local/long_tail_hey.rb,raptor-12r,12,raptor,12,,1440,1440,200.253,5.0,1000,1000,140.298,2.0,72,true,0,1440,0.0,,,,,,183.234,183.234,45.48,20,20,2813,unavailable,,
yjit-off/puma-long-tail-fib-200ms-x4p0/raptor-12r/repeat-1,yjit-off,false,puma-long-tail-fib-200ms-x4p0,puma-long-tail-hey,puma/benchmarks/local/long_tail_hey + test/rackup/sleep_fibonacci,https://github.com/puma/puma/blob/main/benchmarks/local/long_tail_hey.rb,raptor-12r,12,raptor,12,,960,960,5.019,5.0,960,960,5.019,2.0,48,true,0,960,0.0,,,,,,183.234,183.234,32.685,20,20,72,unavailable,,
yjit-off/puma-long-tail-fib-200ms-x3p0/raptor-12r/repeat-1,yjit-off,false,puma-long-tail-fib-200ms-x3p0,puma-long-tail-hey,puma/benchmarks/local/long_tail_hey + test/rackup/sleep_fibonacci,https://github.com/puma/puma/blob/main/benchmarks/local/long_tail_hey.rb,raptor-12r,12,raptor,12,,720,720,5.017,5.0,720,720,5.014,2.0,36,true,0,720,0.0,,,,,,183.234,183.234,28.255,20,20,72,unavailable,,
yjit-off/puma-long-tail-fib-200ms-x2p0/raptor-12r/repeat-1,yjit-off,false,puma-long-tail-fib-200ms-x2p0,puma-long-tail-hey,puma/benchmarks/local/long_tail_hey + test/rackup/sleep_fibonacci,https://github.com/puma/puma/blob/main/benchmarks/local/long_tail_hey.rb,raptor-12r,12,raptor,12,,480,480,5.013,5.0,480,480,5.012,2.0,24,true,0,480,0.0,,,,,,183.234,183.234,24.88,20,20,72,unavailable,,
yjit-off/puma-long-tail-fib-200ms-x1p5/raptor-12r/repeat-1,yjit-off,false,puma-long-tail-fib-200ms-x1p5,puma-long-tail-hey,puma/benchmarks/local/long_tail_hey + test/rackup/sleep_fibonacci,https://github.com/puma/puma/blob/main/benchmarks/local/long_tail_hey.rb,raptor-12r,12,raptor,12,,360,360,5.011,5.0,360,360,5.01,2.0,18,true,0,360,0.0,,,,,,183.234,183.234,22.235,20,20,72,unavailable,,
yjit-off/puma-long-tail-fib-200ms-x1p0/raptor-12r/repeat-1,yjit-off,false,puma-long-tail-fib-200ms-x1p0,puma-long-tail-hey,puma/benchmarks/local/long_tail_hey + test/rackup/sleep_fibonacci,https://github.com/puma/puma/blob/main/benchmarks/local/long_tail_hey.rb,raptor-12r,12,raptor,12,,240,240,5.009,5.0,240,240,5.009,2.0,12,true,0,240,0.0,,,,,,183.234,183.234,20.1,20,20,72,unavailable,,
yjit-off/puma-long-tail-fib-200ms-x0p5/raptor-12r/repeat-1,yjit-off,false,puma-long-tail-fib-200ms-x0p5,puma-long-tail-hey,puma/benchmarks/local/long_tail_hey + test/rackup/sleep_fibonacci,https://github.com/puma/puma/blob/main/benchmarks/local/long_tail_hey.rb,raptor-12r,12,raptor,12,,120,120,5.008,5.0,120,120,5.003,2.0,6,true,0,120,0.0,,,,,,183.234,183.234,18.32,20,20,72,unavailable,,
yjit-off/puma-sleep-fibonacci-1ms/raptor-12r/repeat-1,yjit-off,false,puma-sleep-fibonacci-1ms,puma-sleep-fibonacci-test,puma/benchmarks/local/sleep_fibonacci_test + test/rackup/sleep_fibonacci,https://github.com/puma/puma/blob/main/benchmarks/local/sleep_fibonacci_test.rb,raptor-12r,12,raptor,12,,10,10,5.006,5.0,10,10,5.006,2.0,1,true,0,10,0.0,,,,,,183.234,183.234,16.845,20,20,72,unavailable,,
yjit-off/puma-sleep-fibonacci-5ms/raptor-12r/repeat-1,yjit-off,false,puma-sleep-fibonacci-5ms,puma-sleep-fibonacci-test,puma/benchmarks/local/sleep_fibonacci_test + test/rackup/sleep_fibonacci,https://github.com/puma/puma/blob/main/benchmarks/local/sleep_fibonacci_test.rb,raptor-12r,12,raptor,12,,10,10,5.006,5.0,10,10,5.006,2.0,1,true,0,10,0.0,,,,,,183.234,183.234,15.6,20,20,72,unavailable,,
yjit-off/puma-sleep-fibonacci-10ms/raptor-12r/repeat-1,yjit-off,false,puma-sleep-fibonacci-10ms,puma-sleep-fibonacci-test,puma/benchmarks/local/sleep_fibonacci_test + test/rackup/sleep_fibonacci,https://github.com/puma/puma/blob/main/benchmarks/local/sleep_fibonacci_test.rb,raptor-12r,12,raptor,12,,10,10,5.005,5.0,10,10,5.006,2.0,1,true,0,10,0.0,,,,,,183.234,183.234,14.5,20,20,72,unavailable,,
yjit-off/puma-sleep-fibonacci-50ms/raptor-12r/repeat-1,yjit-off,false,puma-sleep-fibonacci-50ms,puma-sleep-fibonacci-test,puma/benchmarks/local/sleep_fibonacci_test + test/rackup/sleep_fibonacci,https://github.com/puma/puma/blob/main/benchmarks/local/sleep_fibonacci_test.rb,raptor-12r,12,raptor,12,,10,10,5.006,5.0,10,10,5.006,2.0,1,true,0,10,0.0,,,,,,183.234,183.234,13.58,20,20,72,unavailable,,
yjit-off/puma-sleep-fibonacci-100ms/raptor-12r/repeat-1,yjit-off,false,puma-sleep-fibonacci-100ms,puma-sleep-fibonacci-test,puma/benchmarks/local/sleep_fibonacci_test + test/rackup/sleep_fibonacci,https://github.com/puma/puma/blob/main/benchmarks/local/sleep_fibonacci_test.rb,raptor-12r,12,raptor,12,,10,10,5.006,5.0,10,10,5.006,2.0,1,true,0,10,0.0,,,,,,183.234,183.234,12.7,20,20,72,unavailable,,
yjit-off/puma-sleep-fibonacci-200ms/raptor-12r/repeat-1,yjit-off,false,puma-sleep-fibonacci-200ms,puma-sleep-fibonacci-test,puma/benchmarks/local/sleep_fibonacci_test + test/rackup/sleep_fibonacci,https://github.com/puma/puma/blob/main/benchmarks/local/sleep_fibonacci_test.rb,raptor-12r,12,raptor,12,,10,10,5.006,5.0,10,10,5.006,2.0,1,true,0,10,0.0,,,,,,183.234,183.234,12.0,20,20,72,unavailable,,
yjit-off/puma-response-array-1kb/raptor-12r/repeat-2,yjit-off,false,puma-response-array-1kb,puma-response-time-wrk,puma/benchmarks/local/response_time_wrk,https://github.com/puma/puma/blob/main/benchmarks/local/response_time_wrk.rb,raptor-12r,12,raptor,12,,1691,1000,6.16,5.0,1000,1000,4.249,2.0,19,true,1691,0,274.518,41.007,42.237,44.49,4045.471,4047.565,32.988,32.988,12.665,20,20,88,same_worker,39,1212653
yjit-off/puma-response-chunk-1kb/raptor-12r/repeat-2,yjit-off,false,puma-response-chunk-1kb,puma-response-time-wrk,puma/benchmarks/local/response_time_wrk,https://github.com/puma/puma/blob/main/benchmarks/local/response_time_wrk.rb,raptor-12r,12,raptor,12,,1691,1000,6.169,5.0,1000,1000,4.267,2.0,19,true,1691,0,274.106,41.038,42.312,45.186,4056.491,4061.28,33.758,33.758,10.97,20,20,88,same_worker,26,1213213
yjit-off/puma-response-string-1kb/raptor-12r/repeat-2,yjit-off,false,puma-response-string-1kb,puma-response-time-wrk,puma/benchmarks/local/response_time_wrk,https://github.com/puma/puma/blob/main/benchmarks/local/response_time_wrk.rb,raptor-12r,12,raptor,12,,1691,1000,6.178,5.0,1000,1000,4.242,2.0,19,true,1691,0,273.716,41.034,42.547,44.895,4050.843,4061.905,34.512,34.512,10.43,20,20,88,same_worker,23,1214865
yjit-off/puma-response-io-1kb/raptor-12r/repeat-2,yjit-off,false,puma-response-io-1kb,puma-response-time-wrk,puma/benchmarks/local/response_time_wrk,https://github.com/puma/puma/blob/main/benchmarks/local/response_time_wrk.rb,raptor-12r,12,raptor,12,,1687,1000,6.168,5.0,1000,1000,4.256,2.0,19,true,1687,0,273.501,41.056,42.502,44.848,4051.586,4055.261,35.539,35.539,10.385,20,20,88,same_worker,20,1227627
yjit-off/puma-response-array-10kb/raptor-12r/repeat-2,yjit-off,false,puma-response-array-10kb,puma-response-time-wrk,puma/benchmarks/local/response_time_wrk,https://github.com/puma/puma/blob/main/benchmarks/local/response_time_wrk.rb,raptor-12r,12,raptor,12,,1691,1000,6.169,5.0,1000,1000,4.259,2.0,19,true,1691,0,274.109,41.025,42.387,45.032,4053.314,4061.328,35.938,35.938,10.36,20,20,88,same_worker,16,1215045
yjit-off/puma-response-chunk-10kb/raptor-12r/repeat-2,yjit-off,false,puma-response-chunk-10kb,puma-response-time-wrk,puma/benchmarks/local/response_time_wrk,https://github.com/puma/puma/blob/main/benchmarks/local/response_time_wrk.rb,raptor-12r,12,raptor,12,,1691,1000,6.2,5.0,1000,1000,4.257,2.0,19,true,1691,0,272.737,41.031,42.288,44.394,4053.33,4091.239,36.156,36.156,10.335,20,20,88,same_worker,18,1213213
yjit-off/puma-response-string-10kb/raptor-12r/repeat-2,yjit-off,false,puma-response-string-10kb,puma-response-time-wrk,puma/benchmarks/local/response_time_wrk,https://github.com/puma/puma/blob/main/benchmarks/local/response_time_wrk.rb,raptor-12r,12,raptor,12,,1691,1000,6.17,5.0,1000,1000,4.252,2.0,19,true,1691,0,274.078,41.03,42.447,44.353,4055.696,4057.501,36.32,36.32,10.26,20,20,88,same_worker,16,1217287
yjit-off/puma-response-io-10kb/raptor-12r/repeat-2,yjit-off,false,puma-response-io-10kb,puma-response-time-wrk,puma/benchmarks/local/response_time_wrk,https://github.com/puma/puma/blob/main/benchmarks/local/response_time_wrk.rb,raptor-12r,12,raptor,12,,1691,1000,6.167,5.0,1000,1000,4.255,2.0,19,true,1691,0,274.196,41.022,42.473,44.674,4051.951,4059.785,37.867,37.867,10.355,20,20,88,same_worker,17,1263963
yjit-off/puma-response-array-100kb/raptor-12r/repeat-2,yjit-off,false,puma-response-array-100kb,puma-response-time-wrk,puma/benchmarks/local/response_time_wrk,https://github.com/puma/puma/blob/main/benchmarks/local/response_time_wrk.rb,raptor-12r,12,raptor,12,,9830,1000,5.008,5.0,1000,4022,2.008,2.0,19,true,9830,0,1962.841,5.944,7.715,54.588,577.212,628.825,37.945,37.945,17.01,20,20,59,same_worker,97,7069975
yjit-off/puma-response-chunk-100kb/raptor-12r/repeat-2,yjit-off,false,puma-response-chunk-100kb,puma-response-time-wrk,puma/benchmarks/local/response_time_wrk,https://github.com/puma/puma/blob/main/benchmarks/local/response_time_wrk.rb,raptor-12r,12,raptor,12,,9802,1000,5.009,5.0,1000,1074,4.096,2.0,19,true,9802,0,1956.888,5.977,7.629,47.554,590.072,606.524,38.047,38.047,23.35,20,20,59,same_worker,96,7015970
yjit-off/puma-response-string-100kb/raptor-12r/repeat-2,yjit-off,false,puma-response-string-100kb,puma-response-time-wrk,puma/benchmarks/local/response_time_wrk,https://github.com/puma/puma/blob/main/benchmarks/local/response_time_wrk.rb,raptor-12r,12,raptor,12,,11142,1000,5.01,5.0,1000,4593,2.008,2.0,19,true,11142,0,2224.173,5.291,6.659,11.043,537.457,542.616,40.176,40.176,29.36,20,20,60,same_worker,109,8005825
yjit-off/puma-response-io-100kb/raptor-12r/repeat-2,yjit-off,false,puma-response-io-100kb,puma-response-time-wrk,puma/benchmarks/local/response_time_wrk,https://github.com/puma/puma/blob/main/benchmarks/local/response_time_wrk.rb,raptor-12r,12,raptor,12,,6908,1000,5.009,5.0,1000,1440,4.115,2.0,19,true,6908,0,1379.129,6.28,40.987,49.04,749.819,1819.388,52.59,52.59,32.565,20,20,62,same_worker,81,6389340
yjit-off/puma-response-array-256kb/raptor-12r/repeat-2,yjit-off,false,puma-response-array-256kb,puma-response-time-wrk,puma/benchmarks/local/response_time_wrk,https://github.com/puma/puma/blob/main/benchmarks/local/response_time_wrk.rb,raptor-12r,12,raptor,12,,5310,1000,5.014,5.0,1000,2960,2.012,2.0,19,true,5310,0,1059.071,8.254,41.971,51.797,1978.46,2019.803,52.59,52.59,39.27,20,20,60,same_worker,53,3819115
yjit-off/puma-response-chunk-256kb/raptor-12r/repeat-2,yjit-off,false,puma-response-chunk-256kb,puma-response-time-wrk,puma/benchmarks/local/response_time_wrk,https://github.com/puma/puma/blob/main/benchmarks/local/response_time_wrk.rb,raptor-12r,12,raptor,12,,6976,1000,5.011,5.0,1000,2870,2.011,2.0,19,true,6976,0,1392.129,8.228,11.524,52.956,836.5,867.057,52.652,52.652,45.265,20,20,55,same_worker,66,4994460
yjit-off/puma-response-string-256kb/raptor-12r/repeat-2,yjit-off,false,puma-response-string-256kb,puma-response-time-wrk,puma/benchmarks/local/response_time_wrk,https://github.com/puma/puma/blob/main/benchmarks/local/response_time_wrk.rb,raptor-12r,12,raptor,12,,9112,1000,5.009,5.0,1000,3663,2.009,2.0,19,true,9112,0,1819.046,6.305,8.576,18.837,656.55,669.265,53.793,53.793,49.045,20,20,58,same_worker,89,6555635
yjit-off/puma-response-io-256kb/raptor-12r/repeat-2,yjit-off,false,puma-response-io-256kb,puma-response-time-wrk,puma/benchmarks/local/response_time_wrk,https://github.com/puma/puma/blob/main/benchmarks/local/response_time_wrk.rb,raptor-12r,12,raptor,12,,1946,1000,5.054,5.0,1000,1048,4.171,2.0,19,true,1946,0,385.055,41.965,44.428,53.865,2698.89,2853.467,74.023,74.023,49.39,20,20,70,same_worker,32,2408713
yjit-off/puma-response-array-512kb/raptor-12r/repeat-2,yjit-off,false,puma-response-array-512kb,puma-response-time-wrk,puma/benchmarks/local/response_time_wrk,https://github.com/puma/puma/blob/main/benchmarks/local/response_time_wrk.rb,raptor-12r,12,raptor,12,,4658,1000,5.02,5.0,1000,1885,2.016,2.0,19,true,4658,0,927.851,12.247,17.959,53.698,1264.11,1267.331,74.023,74.023,53.515,20,20,51,same_worker,45,3343551
yjit-off/puma-response-chunk-512kb/raptor-12r/repeat-2,yjit-off,false,puma-response-chunk-512kb,puma-response-time-wrk,puma/benchmarks/local/response_time_wrk,https://github.com/puma/puma/blob/main/benchmarks/local/response_time_wrk.rb,raptor-12r,12,raptor,12,,4581,1000,5.038,5.0,1000,1881,2.017,2.0,19,true,4581,0,909.312,12.583,18.14,54.199,1303.762,1312.873,74.086,74.086,59.515,20,20,50,same_worker,44,3266708
yjit-off/puma-response-string-512kb/raptor-12r/repeat-2,yjit-off,false,puma-response-string-512kb,puma-response-time-wrk,puma/benchmarks/local/response_time_wrk,https://github.com/puma/puma/blob/main/benchmarks/local/response_time_wrk.rb,raptor-12r,12,raptor,12,,6265,1000,5.029,5.0,1000,2552,2.158,2.0,19,true,6265,0,1245.873,8.908,14.67,24.618,958.625,967.665,74.289,74.289,61.655,20,20,54,same_worker,60,4493913
yjit-off/puma-response-io-512kb/raptor-12r/repeat-2,yjit-off,false,puma-response-io-512kb,puma-response-time-wrk,puma/benchmarks/local/response_time_wrk,https://github.com/puma/puma/blob/main/benchmarks/local/response_time_wrk.rb,raptor-12r,12,raptor,12,,3772,1000,5.029,5.0,1000,1659,2.647,2.0,19,true,3772,0,750.041,13.551,51.971,132.859,1558.99,1576.462,94.527,91.387,65.555,20,20,53,same_worker,88,6591641
yjit-off/puma-response-array-1024kb/raptor-12r/repeat-2,yjit-off,false,puma-response-array-1024kb,puma-response-time-wrk,puma/benchmarks/local/response_time_wrk,https://github.com/puma/puma/blob/main/benchmarks/local/response_time_wrk.rb,raptor-12r,12,raptor,12,,2938,1000,5.029,5.0,1000,1556,3.14,2.0,19,true,2938,0,584.248,19.754,33.518,72.496,2040.517,2067.994,91.387,91.387,71.5,20,20,43,same_worker,28,2105111
yjit-off/puma-response-chunk-1024kb/raptor-12r/repeat-2,yjit-off,false,puma-response-chunk-1024kb,puma-response-time-wrk,puma/benchmarks/local/response_time_wrk,https://github.com/puma/puma/blob/main/benchmarks/local/response_time_wrk.rb,raptor-12r,12,raptor,12,,2886,1000,5.029,5.0,1000,1549,3.508,2.0,19,true,2886,0,573.922,19.933,32.204,78.467,2093.589,2124.853,91.449,91.449,76.94,20,20,43,same_worker,27,2069232
yjit-off/puma-response-string-1024kb/raptor-12r/repeat-2,yjit-off,false,puma-response-string-1024kb,puma-response-time-wrk,puma/benchmarks/local/response_time_wrk,https://github.com/puma/puma/blob/main/benchmarks/local/response_time_wrk.rb,raptor-12r,12,raptor,12,,4229,1000,5.018,5.0,1000,1774,2.11,2.0,19,true,4229,0,842.728,13.279,25.224,32.18,1441.256,1445.07,102.535,102.535,78.13,20,20,49,same_worker,38,3029631
yjit-off/puma-response-io-1024kb/raptor-12r/repeat-2,yjit-off,false,puma-response-io-1024kb,puma-response-time-wrk,puma/benchmarks/local/response_time_wrk,https://github.com/puma/puma/blob/main/benchmarks/local/response_time_wrk.rb,raptor-12r,12,raptor,12,,2343,1000,5.042,5.0,1000,1305,3.862,2.0,19,true,2343,0,464.663,22.278,64.768,86.004,2470.568,2526.017,123.707,118.543,81.55,20,20,52,same_worker,93,6499359
yjit-off/puma-response-array-2048kb/raptor-12r/repeat-2,yjit-off,false,puma-response-array-2048kb,puma-response-time-wrk,puma/benchmarks/local/response_time_wrk,https://github.com/puma/puma/blob/main/benchmarks/local/response_time_wrk.rb,raptor-12r,12,raptor,12,,1665,1000,5.762,5.0,1000,1018,3.327,2.0,19,true,1665,0,288.96,39.968,59.115,87.695,4244.74,4250.155,118.543,118.543,87.19,20,20,39,same_worker,15,1200497
yjit-off/puma-response-chunk-2048kb/raptor-12r/repeat-2,yjit-off,false,puma-response-chunk-2048kb,puma-response-time-wrk,puma/benchmarks/local/response_time_wrk,https://github.com/puma/puma/blob/main/benchmarks/local/response_time_wrk.rb,raptor-12r,12,raptor,12,,1703,1000,5.758,5.0,1000,1000,3.539,2.0,19,true,1703,0,295.781,38.011,53.614,88.489,3935.177,3955.215,118.543,118.543,92.14,20,20,42,same_worker,15,1221786
yjit-off/puma-response-string-2048kb/raptor-12r/repeat-2,yjit-off,false,puma-response-string-2048kb,puma-response-time-wrk,puma/benchmarks/local/response_time_wrk,https://github.com/puma/puma/blob/main/benchmarks/local/response_time_wrk.rb,raptor-12r,12,raptor,12,,2311,1000,5.038,5.0,1000,1309,2.748,2.0,19,true,2311,0,458.678,25.563,34.594,55.539,2660.531,2672.605,142.59,142.59,92.265,20,20,39,same_worker,20,1651080
yjit-off/puma-response-io-2048kb/raptor-12r/repeat-2,yjit-off,false,puma-response-io-2048kb,puma-response-time-wrk,puma/benchmarks/local/response_time_wrk,https://github.com/puma/puma/blob/main/benchmarks/local/response_time_wrk.rb,raptor-12r,12,raptor,12,,1565,1000,6.872,5.0,1000,1000,4.585,2.0,19,true,1565,0,227.722,48.056,77.668,111.53,4880.639,4916.993,175.496,172.0,96.265,20,20,73,same_worker,168,7549308
yjit-off/puma-long-tail-fib-200ms-x6p0/raptor-12r/repeat-2,yjit-off,false,puma-long-tail-fib-200ms-x6p0,puma-long-tail-hey,puma/benchmarks/local/long_tail_hey + test/rackup/sleep_fibonacci,https://github.com/puma/puma/blob/main/benchmarks/local/long_tail_hey.rb,raptor-12r,12,raptor,12,,1440,1440,200.258,5.0,1000,1000,140.331,2.0,72,true,0,1440,0.0,,,,,,172.336,172.336,44.01,20,20,2817,unavailable,,
yjit-off/puma-long-tail-fib-200ms-x4p0/raptor-12r/repeat-2,yjit-off,false,puma-long-tail-fib-200ms-x4p0,puma-long-tail-hey,puma/benchmarks/local/long_tail_hey + test/rackup/sleep_fibonacci,https://github.com/puma/puma/blob/main/benchmarks/local/long_tail_hey.rb,raptor-12r,12,raptor,12,,960,960,5.021,5.0,960,960,5.02,2.0,48,true,0,960,0.0,,,,,,172.336,172.336,31.68,20,20,72,unavailable,,
yjit-off/puma-long-tail-fib-200ms-x3p0/raptor-12r/repeat-2,yjit-off,false,puma-long-tail-fib-200ms-x3p0,puma-long-tail-hey,puma/benchmarks/local/long_tail_hey + test/rackup/sleep_fibonacci,https://github.com/puma/puma/blob/main/benchmarks/local/long_tail_hey.rb,raptor-12r,12,raptor,12,,720,720,5.016,5.0,720,720,5.016,2.0,36,true,0,720,0.0,,,,,,172.336,172.336,27.405,20,20,72,unavailable,,
yjit-off/puma-long-tail-fib-200ms-x2p0/raptor-12r/repeat-2,yjit-off,false,puma-long-tail-fib-200ms-x2p0,puma-long-tail-hey,puma/benchmarks/local/long_tail_hey + test/rackup/sleep_fibonacci,https://github.com/puma/puma/blob/main/benchmarks/local/long_tail_hey.rb,raptor-12r,12,raptor,12,,480,480,5.012,5.0,480,480,5.011,2.0,24,true,0,480,0.0,,,,,,172.336,172.336,24.145,20,20,72,unavailable,,
yjit-off/puma-long-tail-fib-200ms-x1p5/raptor-12r/repeat-2,yjit-off,false,puma-long-tail-fib-200ms-x1p5,puma-long-tail-hey,puma/benchmarks/local/long_tail_hey + test/rackup/sleep_fibonacci,https://github.com/puma/puma/blob/main/benchmarks/local/long_tail_hey.rb,raptor-12r,12,raptor,12,,360,360,5.011,5.0,360,360,5.009,2.0,18,true,0,360,0.0,,,,,,172.336,172.336,21.585,20,20,72,unavailable,,
yjit-off/puma-long-tail-fib-200ms-x1p0/raptor-12r/repeat-2,yjit-off,false,puma-long-tail-fib-200ms-x1p0,puma-long-tail-hey,puma/benchmarks/local/long_tail_hey + test/rackup/sleep_fibonacci,https://github.com/puma/puma/blob/main/benchmarks/local/long_tail_hey.rb,raptor-12r,12,raptor,12,,240,240,5.008,5.0,240,240,5.009,2.0,12,true,0,240,0.0,,,,,,172.336,172.336,19.5,20,20,72,unavailable,,
yjit-off/puma-long-tail-fib-200ms-x0p5/raptor-12r/repeat-2,yjit-off,false,puma-long-tail-fib-200ms-x0p5,puma-long-tail-hey,puma/benchmarks/local/long_tail_hey + test/rackup/sleep_fibonacci,https://github.com/puma/puma/blob/main/benchmarks/local/long_tail_hey.rb,raptor-12r,12,raptor,12,,120,120,5.007,5.0,120,120,5.007,2.0,6,true,0,120,0.0,,,,,,172.336,172.336,17.8,20,20,72,unavailable,,
yjit-off/puma-sleep-fibonacci-1ms/raptor-12r/repeat-2,yjit-off,false,puma-sleep-fibonacci-1ms,puma-sleep-fibonacci-test,puma/benchmarks/local/sleep_fibonacci_test + test/rackup/sleep_fibonacci,https://github.com/puma/puma/blob/main/benchmarks/local/sleep_fibonacci_test.rb,raptor-12r,12,raptor,12,,10,10,5.006,5.0,10,10,5.006,2.0,1,true,0,10,0.0,,,,,,172.336,172.336,16.375,20,20,72,unavailable,,
yjit-off/puma-sleep-fibonacci-5ms/raptor-12r/repeat-2,yjit-off,false,puma-sleep-fibonacci-5ms,puma-sleep-fibonacci-test,puma/benchmarks/local/sleep_fibonacci_test + test/rackup/sleep_fibonacci,https://github.com/puma/puma/blob/main/benchmarks/local/sleep_fibonacci_test.rb,raptor-12r,12,raptor,12,,10,10,5.006,5.0,10,10,5.006,2.0,1,true,0,10,0.0,,,,,,172.336,172.336,15.14,20,20,72,unavailable,,
yjit-off/puma-sleep-fibonacci-10ms/raptor-12r/repeat-2,yjit-off,false,puma-sleep-fibonacci-10ms,puma-sleep-fibonacci-test,puma/benchmarks/local/sleep_fibonacci_test + test/rackup/sleep_fibonacci,https://github.com/puma/puma/blob/main/benchmarks/local/sleep_fibonacci_test.rb,raptor-12r,12,raptor,12,,10,10,5.006,5.0,10,10,5.006,2.0,1,true,0,10,0.0,,,,,,172.336,172.336,14.1,20,20,72,unavailable,,
yjit-off/puma-sleep-fibonacci-50ms/raptor-12r/repeat-2,yjit-off,false,puma-sleep-fibonacci-50ms,puma-sleep-fibonacci-test,puma/benchmarks/local/sleep_fibonacci_test + test/rackup/sleep_fibonacci,https://github.com/puma/puma/blob/main/benchmarks/local/sleep_fibonacci_test.rb,raptor-12r,12,raptor,12,,10,10,5.006,5.0,10,10,5.006,2.0,1,true,0,10,0.0,,,,,,172.336,172.336,13.2,20,20,72,unavailable,,
yjit-off/puma-sleep-fibonacci-100ms/raptor-12r/repeat-2,yjit-off,false,puma-sleep-fibonacci-100ms,puma-sleep-fibonacci-test,puma/benchmarks/local/sleep_fibonacci_test + test/rackup/sleep_fibonacci,https://github.com/puma/puma/blob/main/benchmarks/local/sleep_fibonacci_test.rb,raptor-12r,12,raptor,12,,10,10,5.006,5.0,10,10,5.006,2.0,1,true,0,10,0.0,,,,,,172.336,172.336,12.4,20,20,72,unavailable,,
yjit-off/puma-sleep-fibonacci-200ms/raptor-12r/repeat-2,yjit-off,false,puma-sleep-fibonacci-200ms,puma-sleep-fibonacci-test,puma/benchmarks/local/sleep_fibonacci_test + test/rackup/sleep_fibonacci,https://github.com/puma/puma/blob/main/benchmarks/local/sleep_fibonacci_test.rb,raptor-12r,12,raptor,12,,10,10,5.005,5.0,10,10,5.006,2.0,1,true,0,10,0.0,,,,,,172.336,172.336,11.7,20,20,72,unavailable,,
yjit-off/puma-response-array-1kb/raptor-12r/repeat-3,yjit-off,false,puma-response-array-1kb,puma-response-time-wrk,puma/benchmarks/local/response_time_wrk,https://github.com/puma/puma/blob/main/benchmarks/local/response_time_wrk.rb,raptor-12r,12,raptor,12,,1687,1000,6.166,5.0,1000,1000,4.283,2.0,19,true,1687,0,273.598,41.052,42.471,44.306,4045.684,4047.645,33.766,33.766,12.91,20,20,88,same_worker,31,1214951
yjit-off/puma-response-chunk-1kb/raptor-12r/repeat-3,yjit-off,false,puma-response-chunk-1kb,puma-response-time-wrk,puma/benchmarks/local/response_time_wrk,https://github.com/puma/puma/blob/main/benchmarks/local/response_time_wrk.rb,raptor-12r,12,raptor,12,,1688,1000,6.169,5.0,1000,1000,4.255,2.0,19,true,1688,0,273.628,41.049,42.477,45.063,4060.972,4064.472,33.977,33.977,11.15,20,20,88,same_worker,24,1209053
yjit-off/puma-response-string-1kb/raptor-12r/repeat-3,yjit-off,false,puma-response-string-1kb,puma-response-time-wrk,puma/benchmarks/local/response_time_wrk,https://github.com/puma/puma/blob/main/benchmarks/local/response_time_wrk.rb,raptor-12r,12,raptor,12,,1691,1000,6.161,5.0,1000,1000,4.272,2.0,19,true,1691,0,274.467,41.013,42.21,44.767,4047.925,4051.889,34.629,34.629,10.67,20,20,88,same_worker,20,1217442
yjit-off/puma-response-io-1kb/raptor-12r/repeat-3,yjit-off,false,puma-response-io-1kb,puma-response-time-wrk,puma/benchmarks/local/response_time_wrk,https://github.com/puma/puma/blob/main/benchmarks/local/response_time_wrk.rb,raptor-12r,12,raptor,12,,1691,1000,6.184,5.0,1000,1000,4.271,2.0,19,true,1691,0,273.443,41.08,42.519,43.661,4072.492,4073.491,35.137,35.137,10.53,20,20,88,same_worker,20,1231016
yjit-off/puma-response-array-10kb/raptor-12r/repeat-3,yjit-off,false,puma-response-array-10kb,puma-response-time-wrk,puma/benchmarks/local/response_time_wrk,https://github.com/puma/puma/blob/main/benchmarks/local/response_time_wrk.rb,raptor-12r,12,raptor,12,,1689,1000,6.174,5.0,1000,1000,4.252,2.0,19,true,1689,0,273.565,41.035,42.459,44.735,4061.924,4062.254,35.559,35.559,10.55,20,20,87,same_worker,17,1212322
yjit-off/puma-response-chunk-10kb/raptor-12r/repeat-3,yjit-off,false,puma-response-chunk-10kb,puma-response-time-wrk,puma/benchmarks/local/response_time_wrk,https://github.com/puma/puma/blob/main/benchmarks/local/response_time_wrk.rb,raptor-12r,12,raptor,12,,1691,1000,6.173,5.0,1000,1000,4.251,2.0,19,true,1691,0,273.932,41.05,42.56,45.436,4066.535,4067.421,35.648,35.648,10.555,20,20,88,same_worker,17,1210246
yjit-off/puma-response-string-10kb/raptor-12r/repeat-3,yjit-off,false,puma-response-string-10kb,puma-response-time-wrk,puma/benchmarks/local/response_time_wrk,https://github.com/puma/puma/blob/main/benchmarks/local/response_time_wrk.rb,raptor-12r,12,raptor,12,,1687,1000,6.205,5.0,1000,1000,4.25,2.0,19,true,1687,0,271.878,41.204,42.78,44.871,4078.97,4081.469,35.906,35.906,10.49,20,20,88,same_worker,16,1215800
yjit-off/puma-response-io-10kb/raptor-12r/repeat-3,yjit-off,false,puma-response-io-10kb,puma-response-time-wrk,puma/benchmarks/local/response_time_wrk,https://github.com/puma/puma/blob/main/benchmarks/local/response_time_wrk.rb,raptor-12r,12,raptor,12,,1691,1000,6.16,5.0,1000,1000,4.266,2.0,19,true,1691,0,274.517,41.008,42.253,44.661,4046.726,4048.64,37.441,37.441,10.53,20,20,87,same_worker,18,1255165
yjit-off/puma-response-array-100kb/raptor-12r/repeat-3,yjit-off,false,puma-response-array-100kb,puma-response-time-wrk,puma/benchmarks/local/response_time_wrk,https://github.com/puma/puma/blob/main/benchmarks/local/response_time_wrk.rb,raptor-12r,12,raptor,12,,9939,1000,5.008,5.0,1000,4027,2.008,2.0,19,true,9939,0,1984.443,5.908,7.437,47.026,591.201,599.857,37.445,37.445,17.16,20,20,59,same_worker,104,7149161
yjit-off/puma-response-chunk-100kb/raptor-12r/repeat-3,yjit-off,false,puma-response-chunk-100kb,puma-response-time-wrk,puma/benchmarks/local/response_time_wrk,https://github.com/puma/puma/blob/main/benchmarks/local/response_time_wrk.rb,raptor-12r,12,raptor,12,,9749,1000,5.009,5.0,1000,4083,2.008,2.0,19,true,9749,0,1946.475,5.956,7.715,45.882,601.133,636.993,37.656,37.656,26.205,20,20,59,same_worker,94,6976300
yjit-off/puma-response-string-100kb/raptor-12r/repeat-3,yjit-off,false,puma-response-string-100kb,puma-response-time-wrk,puma/benchmarks/local/response_time_wrk,https://github.com/puma/puma/blob/main/benchmarks/local/response_time_wrk.rb,raptor-12r,12,raptor,12,,11053,1000,5.01,5.0,1000,4577,2.007,2.0,19,true,11053,0,2206.377,5.34,6.717,10.986,538.276,544.165,39.777,39.777,32.045,20,20,60,same_worker,107,7949541
yjit-off/puma-response-io-100kb/raptor-12r/repeat-3,yjit-off,false,puma-response-io-100kb,puma-response-time-wrk,puma/benchmarks/local/response_time_wrk,https://github.com/puma/puma/blob/main/benchmarks/local/response_time_wrk.rb,raptor-12r,12,raptor,12,,5934,1000,5.059,5.0,1000,1243,4.108,2.0,19,true,5934,0,1172.992,6.241,41.235,50.606,1691.756,1737.611,55.016,55.016,35.145,20,20,65,same_worker,72,5480721
yjit-off/puma-response-array-256kb/raptor-12r/repeat-3,yjit-off,false,puma-response-array-256kb,puma-response-time-wrk,puma/benchmarks/local/response_time_wrk,https://github.com/puma/puma/blob/main/benchmarks/local/response_time_wrk.rb,raptor-12r,12,raptor,12,,4873,1000,5.013,5.0,1000,2839,2.012,2.0,19,true,4873,0,972.164,8.496,41.992,57.821,1566.777,1829.027,55.016,55.016,39.9,20,20,61,same_worker,47,3511291
yjit-off/puma-response-chunk-256kb/raptor-12r/repeat-3,yjit-off,false,puma-response-chunk-256kb,puma-response-time-wrk,puma/benchmarks/local/response_time_wrk,https://github.com/puma/puma/blob/main/benchmarks/local/response_time_wrk.rb,raptor-12r,12,raptor,12,,6775,1000,5.024,5.0,1000,2799,2.014,2.0,19,true,6775,0,1348.491,8.443,11.743,52.34,858.498,881.919,55.078,55.078,46.03,20,20,55,same_worker,64,4846834
yjit-off/puma-response-string-256kb/raptor-12r/repeat-3,yjit-off,false,puma-response-string-256kb,puma-response-time-wrk,puma/benchmarks/local/response_time_wrk,https://github.com/puma/puma/blob/main/benchmarks/local/response_time_wrk.rb,raptor-12r,12,raptor,12,,8711,1000,5.01,5.0,1000,3515,2.009,2.0,19,true,8711,0,1738.643,6.483,9.567,19.062,683.563,706.349,55.297,55.297,49.57,20,20,57,same_worker,81,6270826
yjit-off/puma-response-io-256kb/raptor-12r/repeat-3,yjit-off,false,puma-response-io-256kb,puma-response-time-wrk,puma/benchmarks/local/response_time_wrk,https://github.com/puma/puma/blob/main/benchmarks/local/response_time_wrk.rb,raptor-12r,12,raptor,12,,2154,1000,5.051,5.0,1000,1353,4.09,2.0,19,true,2154,0,426.439,41.942,43.086,54.801,2704.292,2745.948,71.68,71.68,50.465,20,20,70,same_worker,36,2668731
yjit-off/puma-response-array-512kb/raptor-12r/repeat-3,yjit-off,false,puma-response-array-512kb,puma-response-time-wrk,puma/benchmarks/local/response_time_wrk,https://github.com/puma/puma/blob/main/benchmarks/local/response_time_wrk.rb,raptor-12r,12,raptor,12,,4644,1000,5.016,5.0,1000,1865,2.05,2.0,19,true,4644,0,925.883,12.334,19.08,54.264,1299.505,1316.674,71.68,71.68,54.455,20,20,50,same_worker,42,3337045
yjit-off/puma-response-chunk-512kb/raptor-12r/repeat-3,yjit-off,false,puma-response-chunk-512kb,puma-response-time-wrk,puma/benchmarks/local/response_time_wrk,https://github.com/puma/puma/blob/main/benchmarks/local/response_time_wrk.rb,raptor-12r,12,raptor,12,,4548,1000,5.018,5.0,1000,1901,2.019,2.0,19,true,4548,0,906.42,12.631,18.031,36.685,1304.989,1322.294,71.68,71.68,60.495,20,20,50,same_worker,43,3260949
yjit-off/puma-response-string-512kb/raptor-12r/repeat-3,yjit-off,false,puma-response-string-512kb,puma-response-time-wrk,puma/benchmarks/local/response_time_wrk,https://github.com/puma/puma/blob/main/benchmarks/local/response_time_wrk.rb,raptor-12r,12,raptor,12,,6208,1000,5.012,5.0,1000,2528,2.013,2.0,19,true,6208,0,1238.63,8.932,14.877,27.144,965.962,974.126,72.02,72.02,62.565,20,20,54,same_worker,59,4467153
yjit-off/puma-response-io-512kb/raptor-12r/repeat-3,yjit-off,false,puma-response-io-512kb,puma-response-time-wrk,puma/benchmarks/local/response_time_wrk,https://github.com/puma/puma/blob/main/benchmarks/local/response_time_wrk.rb,raptor-12r,12,raptor,12,,3600,1000,5.045,5.0,1000,1667,3.34,2.0,19,true,3600,0,713.553,12.74,53.995,90.873,1611.724,1704.8,95.922,91.09,66.11,20,20,56,same_worker,85,6293510
yjit-off/puma-response-array-1024kb/raptor-12r/repeat-3,yjit-off,false,puma-response-array-1024kb,puma-response-time-wrk,puma/benchmarks/local/response_time_wrk,https://github.com/puma/puma/blob/main/benchmarks/local/response_time_wrk.rb,raptor-12r,12,raptor,12,,2897,1000,5.025,5.0,1000,1549,3.193,2.0,19,true,2897,0,576.567,19.495,34.394,114.491,2049.668,2121.938,91.09,91.09,71.72,20,20,43,same_worker,25,2075649
yjit-off/puma-response-chunk-1024kb/raptor-12r/repeat-3,yjit-off,false,puma-response-chunk-1024kb,puma-response-time-wrk,puma/benchmarks/local/response_time_wrk,https://github.com/puma/puma/blob/main/benchmarks/local/response_time_wrk.rb,raptor-12r,12,raptor,12,,2908,1000,5.025,5.0,1000,1536,3.357,2.0,19,true,2908,0,578.718,19.842,32.271,69.224,2044.65,2073.373,91.277,91.277,77.24,20,20,44,same_worker,24,2072736
yjit-off/puma-response-string-1024kb/raptor-12r/repeat-3,yjit-off,false,puma-response-string-1024kb,puma-response-time-wrk,puma/benchmarks/local/response_time_wrk,https://github.com/puma/puma/blob/main/benchmarks/local/response_time_wrk.rb,raptor-12r,12,raptor,12,,4272,1000,5.019,5.0,1000,1789,2.079,2.0,19,true,4272,0,851.083,13.098,25.796,33.677,1419.55,1427.772,100.848,100.848,78.415,20,20,48,same_worker,36,3080371
yjit-off/puma-response-io-1024kb/raptor-12r/repeat-3,yjit-off,false,puma-response-io-1024kb,puma-response-time-wrk,puma/benchmarks/local/response_time_wrk,https://github.com/puma/puma/blob/main/benchmarks/local/response_time_wrk.rb,raptor-12r,12,raptor,12,,2364,1000,5.047,5.0,1000,1271,3.875,2.0,19,true,2364,0,468.357,22.524,65.556,79.712,2425.15,2493.5,131.941,123.867,81.82,20,20,51,same_worker,86,6551681
yjit-off/puma-response-array-2048kb/raptor-12r/repeat-3,yjit-off,false,puma-response-array-2048kb,puma-response-time-wrk,puma/benchmarks/local/response_time_wrk,https://github.com/puma/puma/blob/main/benchmarks/local/response_time_wrk.rb,raptor-12r,12,raptor,12,,1670,1000,5.841,5.0,1000,1001,3.321,2.0,19,true,1670,0,285.916,40.475,55.645,86.946,4155.096,4184.051,123.867,123.867,87.42,20,20,40,same_worker,13,1202860
yjit-off/puma-response-chunk-2048kb/raptor-12r/repeat-3,yjit-off,false,puma-response-chunk-2048kb,puma-response-time-wrk,puma/benchmarks/local/response_time_wrk,https://github.com/puma/puma/blob/main/benchmarks/local/response_time_wrk.rb,raptor-12r,12,raptor,12,,1696,1000,5.769,5.0,1000,1000,3.542,2.0,19,true,1696,0,293.973,38.801,52.041,83.614,3954.598,3963.923,124.18,124.18,92.085,20,20,41,same_worker,12,1214587
yjit-off/puma-response-string-2048kb/raptor-12r/repeat-3,yjit-off,false,puma-response-string-2048kb,puma-response-time-wrk,puma/benchmarks/local/response_time_wrk,https://github.com/puma/puma/blob/main/benchmarks/local/response_time_wrk.rb,raptor-12r,12,raptor,12,,2222,1000,5.036,5.0,1000,1307,2.798,2.0,19,true,2222,0,441.24,27.29,35.85,62.375,2797.745,2804.301,148.32,148.32,92.075,20,20,39,same_worker,15,1597089
yjit-off/puma-response-io-2048kb/raptor-12r/repeat-3,yjit-off,false,puma-response-io-2048kb,puma-response-time-wrk,puma/benchmarks/local/response_time_wrk,https://github.com/puma/puma/blob/main/benchmarks/local/response_time_wrk.rb,raptor-12r,12,raptor,12,,1595,1000,6.691,5.0,1000,1000,4.489,2.0,19,true,1595,0,238.378,43.218,84.233,193.107,4711.801,4778.442,190.641,190.641,96.16,20,20,68,same_worker,99,7691021
yjit-off/puma-long-tail-fib-200ms-x6p0/raptor-12r/repeat-3,yjit-off,false,puma-long-tail-fib-200ms-x6p0,puma-long-tail-hey,puma/benchmarks/local/long_tail_hey + test/rackup/sleep_fibonacci,https://github.com/puma/puma/blob/main/benchmarks/local/long_tail_hey.rb,raptor-12r,12,raptor,12,,1440,1440,200.25,5.0,1000,1000,140.273,2.0,72,true,0,1440,0.0,,,,,,190.961,190.961,43.965,20,20,2815,unavailable,,
yjit-off/puma-long-tail-fib-200ms-x4p0/raptor-12r/repeat-3,yjit-off,false,puma-long-tail-fib-200ms-x4p0,puma-long-tail-hey,puma/benchmarks/local/long_tail_hey + test/rackup/sleep_fibonacci,https://github.com/puma/puma/blob/main/benchmarks/local/long_tail_hey.rb,raptor-12r,12,raptor,12,,960,960,5.02,5.0,960,960,5.019,2.0,48,true,0,960,0.0,,,,,,190.961,190.961,31.62,20,20,72,unavailable,,
yjit-off/puma-long-tail-fib-200ms-x3p0/raptor-12r/repeat-3,yjit-off,false,puma-long-tail-fib-200ms-x3p0,puma-long-tail-hey,puma/benchmarks/local/long_tail_hey + test/rackup/sleep_fibonacci,https://github.com/puma/puma/blob/main/benchmarks/local/long_tail_hey.rb,raptor-12r,12,raptor,12,,720,720,5.017,5.0,720,720,5.016,2.0,36,true,0,720,0.0,,,,,,190.961,190.961,27.35,20,20,72,unavailable,,
yjit-off/puma-long-tail-fib-200ms-x2p0/raptor-12r/repeat-3,yjit-off,false,puma-long-tail-fib-200ms-x2p0,puma-long-tail-hey,puma/benchmarks/local/long_tail_hey + test/rackup/sleep_fibonacci,https://github.com/puma/puma/blob/main/benchmarks/local/long_tail_hey.rb,raptor-12r,12,raptor,12,,480,480,5.014,5.0,480,480,5.01,2.0,24,true,0,480,0.0,,,,,,190.961,190.961,24.085,20,20,72,unavailable,,
yjit-off/puma-long-tail-fib-200ms-x1p5/raptor-12r/repeat-3,yjit-off,false,puma-long-tail-fib-200ms-x1p5,puma-long-tail-hey,puma/benchmarks/local/long_tail_hey + test/rackup/sleep_fibonacci,https://github.com/puma/puma/blob/main/benchmarks/local/long_tail_hey.rb,raptor-12r,12,raptor,12,,360,360,5.011,5.0,360,360,5.01,2.0,18,true,0,360,0.0,,,,,,190.961,190.961,21.525,20,20,72,unavailable,,
yjit-off/puma-long-tail-fib-200ms-x1p0/raptor-12r/repeat-3,yjit-off,false,puma-long-tail-fib-200ms-x1p0,puma-long-tail-hey,puma/benchmarks/local/long_tail_hey + test/rackup/sleep_fibonacci,https://github.com/puma/puma/blob/main/benchmarks/local/long_tail_hey.rb,raptor-12r,12,raptor,12,,240,240,5.009,5.0,240,240,5.008,2.0,12,true,0,240,0.0,,,,,,190.961,190.961,19.46,20,20,72,unavailable,,
yjit-off/puma-long-tail-fib-200ms-x0p5/raptor-12r/repeat-3,yjit-off,false,puma-long-tail-fib-200ms-x0p5,puma-long-tail-hey,puma/benchmarks/local/long_tail_hey + test/rackup/sleep_fibonacci,https://github.com/puma/puma/blob/main/benchmarks/local/long_tail_hey.rb,raptor-12r,12,raptor,12,,120,120,5.008,5.0,120,120,5.007,2.0,6,true,0,120,0.0,,,,,,190.961,190.961,17.755,20,20,72,unavailable,,
yjit-off/puma-sleep-fibonacci-1ms/raptor-12r/repeat-3,yjit-off,false,puma-sleep-fibonacci-1ms,puma-sleep-fibonacci-test,puma/benchmarks/local/sleep_fibonacci_test + test/rackup/sleep_fibonacci,https://github.com/puma/puma/blob/main/benchmarks/local/sleep_fibonacci_test.rb,raptor-12r,12,raptor,12,,10,10,5.006,5.0,10,10,5.006,2.0,1,true,0,10,0.0,,,,,,190.961,190.961,16.3,20,20,72,unavailable,,
yjit-off/puma-sleep-fibonacci-5ms/raptor-12r/repeat-3,yjit-off,false,puma-sleep-fibonacci-5ms,puma-sleep-fibonacci-test,puma/benchmarks/local/sleep_fibonacci_test + test/rackup/sleep_fibonacci,https://github.com/puma/puma/blob/main/benchmarks/local/sleep_fibonacci_test.rb,raptor-12r,12,raptor,12,,10,10,5.006,5.0,10,10,5.006,2.0,1,true,0,10,0.0,,,,,,190.961,190.961,15.1,20,20,72,unavailable,,
yjit-off/puma-sleep-fibonacci-10ms/raptor-12r/repeat-3,yjit-off,false,puma-sleep-fibonacci-10ms,puma-sleep-fibonacci-test,puma/benchmarks/local/sleep_fibonacci_test + test/rackup/sleep_fibonacci,https://github.com/puma/puma/blob/main/benchmarks/local/sleep_fibonacci_test.rb,raptor-12r,12,raptor,12,,10,10,5.006,5.0,10,10,5.006,2.0,1,true,0,10,0.0,,,,,,190.961,190.961,14.05,20,20,72,unavailable,,
yjit-off/puma-sleep-fibonacci-50ms/raptor-12r/repeat-3,yjit-off,false,puma-sleep-fibonacci-50ms,puma-sleep-fibonacci-test,puma/benchmarks/local/sleep_fibonacci_test + test/rackup/sleep_fibonacci,https://github.com/puma/puma/blob/main/benchmarks/local/sleep_fibonacci_test.rb,raptor-12r,12,raptor,12,,10,10,5.006,5.0,10,10,5.006,2.0,1,true,0,10,0.0,,,,,,190.961,190.961,13.115,20,20,72,unavailable,,
yjit-off/puma-sleep-fibonacci-100ms/raptor-12r/repeat-3,yjit-off,false,puma-sleep-fibonacci-100ms,puma-sleep-fibonacci-test,puma/benchmarks/local/sleep_fibonacci_test + test/rackup/sleep_fibonacci,https://github.com/puma/puma/blob/main/benchmarks/local/sleep_fibonacci_test.rb,raptor-12r,12,raptor,12,,10,10,5.006,5.0,10,10,5.006,2.0,1,true,0,10,0.0,,,,,,190.961,190.961,12.305,20,20,72,unavailable,,
yjit-off/puma-sleep-fibonacci-200ms/raptor-12r/repeat-3,yjit-off,false,puma-sleep-fibonacci-200ms,puma-sleep-fibonacci-test,puma/benchmarks/local/sleep_fibonacci_test + test/rackup/sleep_fibonacci,https://github.com/puma/puma/blob/main/benchmarks/local/sleep_fibonacci_test.rb,raptor-12r,12,raptor,12,,10,10,5.006,5.0,10,10,5.006,2.0,1,true,0,10,0.0,,,,,,190.961,190.961,11.6,20,20,72,unavailable,,
yjit-off/puma-response-array-1kb/puma-4w-3t/repeat-1,yjit-off,false,puma-response-array-1kb,puma-response-time-wrk,puma/benchmarks/local/response_time_wrk,https://github.com/puma/puma/blob/main/benchmarks/local/response_time_wrk.rb,puma-4w-3t,12,puma,4,3,14148,1000,5.005,5.0,1000,5693,2.005,2.0,19,true,14148,0,2826.798,6.551,7.601,8.07,8.706,9.721,201.262,199.066,106.38,20,20,57,multiprocess_sample_only,,
yjit-off/puma-response-chunk-1kb/puma-4w-3t/repeat-1,yjit-off,false,puma-response-chunk-1kb,puma-response-time-wrk,puma/benchmarks/local/response_time_wrk,https://github.com/puma/puma/blob/main/benchmarks/local/response_time_wrk.rb,puma-4w-3t,12,puma,4,3,13869,1000,5.005,5.0,1000,5709,2.005,2.0,19,true,13869,0,2770.773,6.703,7.725,8.332,9.814,10.734,201.953,201.395,99.88,20,20,57,multiprocess_sample_only,,
yjit-off/puma-response-string-1kb/puma-4w-3t/repeat-1,yjit-off,false,puma-response-string-1kb,puma-response-time-wrk,puma/benchmarks/local/response_time_wrk,https://github.com/puma/puma/blob/main/benchmarks/local/response_time_wrk.rb,puma-4w-3t,12,puma,4,3,14231,1000,5.005,5.0,1000,5848,2.005,2.0,19,true,14231,0,2843.272,6.549,7.502,8.084,9.434,10.672,206.32,206.32,98.66,20,20,57,multiprocess_sample_only,,
yjit-off/puma-response-io-1kb/puma-4w-3t/repeat-1,yjit-off,false,puma-response-io-1kb,puma-response-time-wrk,puma/benchmarks/local/response_time_wrk,https://github.com/puma/puma/blob/main/benchmarks/local/response_time_wrk.rb,puma-4w-3t,12,puma,4,3,14034,1000,5.005,5.0,1000,5715,2.005,2.0,19,true,14034,0,2804.111,6.659,7.608,8.046,8.639,9.231,207.984,207.656,99.435,20,20,57,multiprocess_sample_only,,
yjit-off/puma-response-array-10kb/puma-4w-3t/repeat-1,yjit-off,false,puma-response-array-10kb,puma-response-time-wrk,puma/benchmarks/local/response_time_wrk,https://github.com/puma/puma/blob/main/benchmarks/local/response_time_wrk.rb,puma-4w-3t,12,puma,4,3,14111,1000,5.006,5.0,1000,5776,2.005,2.0,19,true,14111,0,2818.841,6.606,7.567,8.054,8.624,9.405,221.035,220.801,99.555,20,20,57,multiprocess_sample_only,,
yjit-off/puma-response-chunk-10kb/puma-4w-3t/repeat-1,yjit-off,false,puma-response-chunk-10kb,puma-response-time-wrk,puma/benchmarks/local/response_time_wrk,https://github.com/puma/puma/blob/main/benchmarks/local/response_time_wrk.rb,puma-4w-3t,12,puma,4,3,12420,1000,5.006,5.0,1000,5114,2.006,2.0,19,true,12420,0,2481.14,7.517,8.619,9.147,9.794,10.135,218.281,217.875,98.86,20,20,56,multiprocess_sample_only,,
yjit-off/puma-response-string-10kb/puma-4w-3t/repeat-1,yjit-off,false,puma-response-string-10kb,puma-response-time-wrk,puma/benchmarks/local/response_time_wrk,https://github.com/puma/puma/blob/main/benchmarks/local/response_time_wrk.rb,puma-4w-3t,12,puma,4,3,14124,1000,5.005,5.0,1000,5735,2.005,2.0,19,true,14124,0,2821.82,6.609,7.552,8.096,8.694,9.302,223.289,221.414,98.415,20,20,57,multiprocess_sample_only,,
yjit-off/puma-response-io-10kb/puma-4w-3t/repeat-1,yjit-off,false,puma-response-io-10kb,puma-response-time-wrk,puma/benchmarks/local/response_time_wrk,https://github.com/puma/puma/blob/main/benchmarks/local/response_time_wrk.rb,puma-4w-3t,12,puma,4,3,13902,1000,5.005,5.0,1000,5676,2.005,2.0,19,true,13902,0,2777.766,6.713,7.68,8.146,9.047,10.772,229.559,228.758,98.855,20,20,57,multiprocess_sample_only,,
yjit-off/puma-response-array-100kb/puma-4w-3t/repeat-1,yjit-off,false,puma-response-array-100kb,puma-response-time-wrk,puma/benchmarks/local/response_time_wrk,https://github.com/puma/puma/blob/main/benchmarks/local/response_time_wrk.rb,puma-4w-3t,12,puma,4,3,11303,1000,5.007,5.0,1000,4599,2.006,2.0,19,true,11303,0,2257.583,8.282,9.395,9.898,11.163,13.105,316.203,305.648,98.855,20,20,55,multiprocess_sample_only,,
yjit-off/puma-response-chunk-100kb/puma-4w-3t/repeat-1,yjit-off,false,puma-response-chunk-100kb,puma-response-time-wrk,puma/benchmarks/local/response_time_wrk,https://github.com/puma/puma/blob/main/benchmarks/local/response_time_wrk.rb,puma-4w-3t,12,puma,4,3,6114,1000,5.013,5.0,1000,2514,2.013,2.0,19,true,6114,0,1219.518,15.438,17.333,18.276,18.981,20.012,268.734,268.141,98.05,20,20,47,multiprocess_sample_only,,
yjit-off/puma-response-string-100kb/puma-4w-3t/repeat-1,yjit-off,false,puma-response-string-100kb,puma-response-time-wrk,puma/benchmarks/local/response_time_wrk,https://github.com/puma/puma/blob/main/benchmarks/local/response_time_wrk.rb,puma-4w-3t,12,puma,4,3,11397,1000,5.007,5.0,1000,4651,2.008,2.0,19,true,11397,0,2276.242,8.22,9.291,9.827,10.513,11.123,325.555,309.922,97.24,20,20,55,multiprocess_sample_only,,
yjit-off/puma-response-io-100kb/puma-4w-3t/repeat-1,yjit-off,false,puma-response-io-100kb,puma-response-time-wrk,puma/benchmarks/local/response_time_wrk,https://github.com/puma/puma/blob/main/benchmarks/local/response_time_wrk.rb,puma-4w-3t,12,puma,4,3,11406,1000,5.007,5.0,1000,4672,2.006,2.0,19,true,11406,0,2277.997,8.192,9.302,10.165,12.592,13.334,239.324,237.012,96.42,20,20,55,multiprocess_sample_only,,
yjit-off/puma-response-array-256kb/puma-4w-3t/repeat-1,yjit-off,false,puma-response-array-256kb,puma-response-time-wrk,puma/benchmarks/local/response_time_wrk,https://github.com/puma/puma/blob/main/benchmarks/local/response_time_wrk.rb,puma-4w-3t,12,puma,4,3,9156,1000,5.008,5.0,1000,3579,2.008,2.0,19,true,9156,0,1828.19,9.913,12.63,20.85,23.826,24.331,352.465,336.754,96.305,20,20,52,multiprocess_sample_only,,
yjit-off/puma-response-chunk-256kb/puma-4w-3t/repeat-1,yjit-off,false,puma-response-chunk-256kb,puma-response-time-wrk,puma/benchmarks/local/response_time_wrk,https://github.com/puma/puma/blob/main/benchmarks/local/response_time_wrk.rb,puma-4w-3t,12,puma,4,3,3395,1000,5.025,5.0,1000,1378,2.024,2.0,19,true,3395,0,675.655,27.969,30.802,31.995,33.635,34.679,324.09,307.125,95.885,20,20,38,multiprocess_sample_only,,
yjit-off/puma-response-string-256kb/puma-4w-3t/repeat-1,yjit-off,false,puma-response-string-256kb,puma-response-time-wrk,puma/benchmarks/local/response_time_wrk,https://github.com/puma/puma/blob/main/benchmarks/local/response_time_wrk.rb,puma-4w-3t,12,puma,4,3,9269,1000,5.008,5.0,1000,3776,2.008,2.0,19,true,9269,0,1850.689,9.74,12.331,21.167,22.38,22.869,271.754,268.504,94.765,20,20,52,multiprocess_sample_only,,
yjit-off/puma-response-io-256kb/puma-4w-3t/repeat-1,yjit-off,false,puma-response-io-256kb,puma-response-time-wrk,puma/benchmarks/local/response_time_wrk,https://github.com/puma/puma/blob/main/benchmarks/local/response_time_wrk.rb,puma-4w-3t,12,puma,4,3,9212,1000,5.009,5.0,1000,3787,2.011,2.0,19,true,9212,0,1839.258,9.789,12.363,20.793,23.431,55.232,270.879,269.941,93.59,20,20,52,multiprocess_sample_only,,
yjit-off/puma-response-array-512kb/puma-4w-3t/repeat-1,yjit-off,false,puma-response-array-512kb,puma-response-time-wrk,puma/benchmarks/local/response_time_wrk,https://github.com/puma/puma/blob/main/benchmarks/local/response_time_wrk.rb,puma-4w-3t,12,puma,4,3,6714,1000,5.013,5.0,1000,2739,2.01,2.0,19,true,6714,0,1339.444,13.258,18.965,29.433,32.113,33.838,428.133,400.504,93.815,20,20,48,multiprocess_sample_only,,
yjit-off/puma-response-chunk-512kb/puma-4w-3t/repeat-1,yjit-off,false,puma-response-chunk-512kb,puma-response-time-wrk,puma/benchmarks/local/response_time_wrk,https://github.com/puma/puma/blob/main/benchmarks/local/response_time_wrk.rb,puma-4w-3t,12,puma,4,3,1934,1000,5.04,5.0,1000,1000,2.559,2.0,19,true,1934,0,383.701,49.135,53.789,56.222,59.679,69.127,341.25,338.535,93.62,20,20,29,multiprocess_sample_only,,
yjit-off/puma-response-string-512kb/puma-4w-3t/repeat-1,yjit-off,false,puma-response-string-512kb,puma-response-time-wrk,puma/benchmarks/local/response_time_wrk,https://github.com/puma/puma/blob/main/benchmarks/local/response_time_wrk.rb,puma-4w-3t,12,puma,4,3,7200,1000,5.01,5.0,1000,2805,2.011,2.0,19,true,7200,0,1437.19,12.372,16.967,28.01,31.126,32.159,331.266,299.961,92.605,20,20,49,multiprocess_sample_only,,
yjit-off/puma-response-io-512kb/puma-4w-3t/repeat-1,yjit-off,false,puma-response-io-512kb,puma-response-time-wrk,puma/benchmarks/local/response_time_wrk,https://github.com/puma/puma/blob/main/benchmarks/local/response_time_wrk.rb,puma-4w-3t,12,puma,4,3,7343,1000,5.01,5.0,1000,2930,2.01,2.0,19,true,7343,0,1465.556,12.031,15.453,25.887,34.38,230.646,290.852,290.852,91.29,20,20,50,multiprocess_sample_only,,
yjit-off/puma-response-array-1024kb/puma-4w-3t/repeat-1,yjit-off,false,puma-response-array-1024kb,puma-response-time-wrk,puma/benchmarks/local/response_time_wrk,https://github.com/puma/puma/blob/main/benchmarks/local/response_time_wrk.rb,puma-4w-3t,12,puma,4,3,4219,1000,5.018,5.0,1000,1731,2.018,2.0,19,true,4219,0,840.771,21.401,35.316,40.102,42.488,45.468,427.773,419.691,90.735,20,20,42,multiprocess_sample_only,,
yjit-off/puma-response-chunk-1024kb/puma-4w-3t/repeat-1,yjit-off,false,puma-response-chunk-1024kb,puma-response-time-wrk,puma/benchmarks/local/response_time_wrk,https://github.com/puma/puma/blob/main/benchmarks/local/response_time_wrk.rb,puma-4w-3t,12,puma,4,3,1075,1000,5.083,5.0,1000,1000,4.853,2.0,19,true,1075,0,211.472,89.34,97.677,103.736,105.321,107.438,347.473,336.469,90.445,20,20,20,multiprocess_sample_only,,
yjit-off/puma-response-string-1024kb/puma-4w-3t/repeat-1,yjit-off,false,puma-response-string-1024kb,puma-response-time-wrk,puma/benchmarks/local/response_time_wrk,https://github.com/puma/puma/blob/main/benchmarks/local/response_time_wrk.rb,puma-4w-3t,12,puma,4,3,4343,1000,5.019,5.0,1000,1757,2.017,2.0,19,true,4343,0,865.269,20.438,35.225,41.97,44.719,46.349,330.227,314.387,89.215,20,20,42,multiprocess_sample_only,,
yjit-off/puma-response-io-1024kb/puma-4w-3t/repeat-1,yjit-off,false,puma-response-io-1024kb,puma-response-time-wrk,puma/benchmarks/local/response_time_wrk,https://github.com/puma/puma/blob/main/benchmarks/local/response_time_wrk.rb,puma-4w-3t,12,puma,4,3,4300,1000,5.019,5.0,1000,1786,2.026,2.0,19,true,4300,0,856.697,20.776,36.125,39.365,40.984,237.962,315.266,315.266,87.38,20,20,42,multiprocess_sample_only,,
yjit-off/puma-response-array-2048kb/puma-4w-3t/repeat-1,yjit-off,false,puma-response-array-2048kb,puma-response-time-wrk,puma/benchmarks/local/response_time_wrk,https://github.com/puma/puma/blob/main/benchmarks/local/response_time_wrk.rb,puma-4w-3t,12,puma,4,3,2436,1000,5.037,5.0,1000,1009,2.035,2.0,19,true,2436,0,483.609,38.773,43.363,46.562,54.711,55.048,328.141,318.23,87.04,20,20,33,multiprocess_sample_only,,
yjit-off/puma-response-chunk-2048kb/puma-4w-3t/repeat-1,yjit-off,false,puma-response-chunk-2048kb,puma-response-time-wrk,puma/benchmarks/local/response_time_wrk,https://github.com/puma/puma/blob/main/benchmarks/local/response_time_wrk.rb,puma-4w-3t,12,puma,4,3,1000,1000,9.159,5.0,1000,1000,9.04,2.0,19,true,1000,0,109.182,173.369,191.15,203.401,214.955,228.758,354.5,349.711,87.355,20,20,21,multiprocess_sample_only,,
yjit-off/puma-response-string-2048kb/puma-4w-3t/repeat-1,yjit-off,false,puma-response-string-2048kb,puma-response-time-wrk,puma/benchmarks/local/response_time_wrk,https://github.com/puma/puma/blob/main/benchmarks/local/response_time_wrk.rb,puma-4w-3t,12,puma,4,3,2678,1000,5.032,5.0,1000,1128,2.031,2.0,19,true,2678,0,532.202,35.141,40.128,43.711,56.905,60.285,343.324,332.684,86.3,20,20,34,multiprocess_sample_only,,
yjit-off/puma-response-io-2048kb/puma-4w-3t/repeat-1,yjit-off,false,puma-response-io-2048kb,puma-response-time-wrk,puma/benchmarks/local/response_time_wrk,https://github.com/puma/puma/blob/main/benchmarks/local/response_time_wrk.rb,puma-4w-3t,12,puma,4,3,2713,1000,5.035,5.0,1000,1123,2.037,2.0,19,true,2713,0,538.87,34.501,42.012,51.26,55.088,56.608,338.559,338.559,84.59,20,20,35,multiprocess_sample_only,,
yjit-off/puma-long-tail-fib-200ms-x6p0/puma-4w-3t/repeat-1,yjit-off,false,puma-long-tail-fib-200ms-x6p0,puma-long-tail-hey,puma/benchmarks/local/long_tail_hey + test/rackup/sleep_fibonacci,https://github.com/puma/puma/blob/main/benchmarks/local/long_tail_hey.rb,puma-4w-3t,12,puma,4,3,1440,1440,65.571,5.0,1000,1000,45.442,2.0,72,true,1440,0,21.961,2616.087,3400.132,3440.875,3465.041,3473.232,370.691,370.691,149.26,20,20,824,multiprocess_sample_only,,
yjit-off/puma-long-tail-fib-200ms-x4p0/puma-4w-3t/repeat-1,yjit-off,false,puma-long-tail-fib-200ms-x4p0,puma-long-tail-hey,puma/benchmarks/local/long_tail_hey + test/rackup/sleep_fibonacci,https://github.com/puma/puma/blob/main/benchmarks/local/long_tail_hey.rb,puma-4w-3t,12,puma,4,3,960,960,42.776,5.0,960,960,36.996,2.0,48,true,960,0,22.442,2098.612,2187.787,2219.157,2256.544,2271.414,383.383,383.383,190.345,20,20,537,multiprocess_sample_only,,
yjit-off/puma-long-tail-fib-200ms-x3p0/puma-4w-3t/repeat-1,yjit-off,false,puma-long-tail-fib-200ms-x3p0,puma-long-tail-hey,puma/benchmarks/local/long_tail_hey + test/rackup/sleep_fibonacci,https://github.com/puma/puma/blob/main/benchmarks/local/long_tail_hey.rb,puma-4w-3t,12,puma,4,3,720,720,37.007,5.0,720,720,39.763,2.0,36,true,720,0,19.456,1708.036,2063.612,2127.412,2142.44,2143.026,395.195,395.195,204.435,20,20,486,multiprocess_sample_only,,
yjit-off/puma-long-tail-fib-200ms-x2p0/puma-4w-3t/repeat-1,yjit-off,false,puma-long-tail-fib-200ms-x2p0,puma-long-tail-hey,puma/benchmarks/local/long_tail_hey + test/rackup/sleep_fibonacci,https://github.com/puma/puma/blob/main/benchmarks/local/long_tail_hey.rb,puma-4w-3t,12,puma,4,3,480,480,22.786,5.0,480,480,19.953,2.0,24,true,480,0,21.066,1016.472,1284.011,1304.615,1314.732,1316.35,404.387,404.387,213.345,20,20,289,multiprocess_sample_only,,
yjit-off/puma-long-tail-fib-200ms-x1p5/puma-4w-3t/repeat-1,yjit-off,false,puma-long-tail-fib-200ms-x1p5,puma-long-tail-hey,puma/benchmarks/local/long_tail_hey + test/rackup/sleep_fibonacci,https://github.com/puma/puma/blob/main/benchmarks/local/long_tail_hey.rb,puma-4w-3t,12,puma,4,3,360,360,19.903,5.0,360,360,17.087,2.0,18,true,360,0,18.087,852.454,1211.164,1248.61,1268.288,1270.111,411.867,411.867,218.145,20,20,261,multiprocess_sample_only,,
yjit-off/puma-long-tail-fib-200ms-x1p0/puma-4w-3t/repeat-1,yjit-off,false,puma-long-tail-fib-200ms-x1p0,puma-long-tail-hey,puma/benchmarks/local/long_tail_hey + test/rackup/sleep_fibonacci,https://github.com/puma/puma/blob/main/benchmarks/local/long_tail_hey.rb,puma-4w-3t,12,puma,4,3,240,240,14.218,5.0,240,240,22.715,2.0,12,true,240,0,16.88,431.724,816.64,866.521,878.041,879.972,419.797,419.797,216.095,20,20,185,multiprocess_sample_only,,
yjit-off/puma-long-tail-fib-200ms-x0p5/puma-4w-3t/repeat-1,yjit-off,false,puma-long-tail-fib-200ms-x0p5,puma-long-tail-hey,puma/benchmarks/local/long_tail_hey + test/rackup/sleep_fibonacci,https://github.com/puma/puma/blob/main/benchmarks/local/long_tail_hey.rb,puma-4w-3t,12,puma,4,3,120,120,16.987,5.0,120,120,11.354,2.0,6,true,120,0,7.064,851.517,867.391,874.467,876.069,876.197,422.621,422.621,212.73,20,20,238,multiprocess_sample_only,,
yjit-off/puma-sleep-fibonacci-1ms/puma-4w-3t/repeat-1,yjit-off,false,puma-sleep-fibonacci-1ms,puma-sleep-fibonacci-test,puma/benchmarks/local/sleep_fibonacci_test + test/rackup/sleep_fibonacci,https://github.com/puma/puma/blob/main/benchmarks/local/sleep_fibonacci_test.rb,puma-4w-3t,12,puma,4,3,3497,10,5.001,5.0,10,1398,2.001,2.0,1,true,3497,0,699.314,1.411,1.484,1.727,2.257,2.378,461.23,461.23,210.19,20,20,71,multiprocess_sample_only,,
yjit-off/puma-sleep-fibonacci-5ms/puma-4w-3t/repeat-1,yjit-off,false,puma-sleep-fibonacci-5ms,puma-sleep-fibonacci-test,puma/benchmarks/local/sleep_fibonacci_test + test/rackup/sleep_fibonacci,https://github.com/puma/puma/blob/main/benchmarks/local/sleep_fibonacci_test.rb,puma-4w-3t,12,puma,4,3,941,10,5.003,5.0,10,376,2.005,2.0,1,true,941,0,188.092,5.283,5.357,5.758,6.114,6.22,461.23,461.23,208.665,20,20,71,multiprocess_sample_only,,
yjit-off/puma-sleep-fibonacci-10ms/puma-4w-3t/repeat-1,yjit-off,false,puma-sleep-fibonacci-10ms,puma-sleep-fibonacci-test,puma/benchmarks/local/sleep_fibonacci_test + test/rackup/sleep_fibonacci,https://github.com/puma/puma/blob/main/benchmarks/local/sleep_fibonacci_test.rb,puma-4w-3t,12,puma,4,3,482,10,5.005,5.0,10,193,2.007,2.0,1,true,482,0,96.302,10.33,10.498,10.763,11.42,11.504,456.48,456.48,207.175,20,20,71,multiprocess_sample_only,,
yjit-off/puma-sleep-fibonacci-50ms/puma-4w-3t/repeat-1,yjit-off,false,puma-sleep-fibonacci-50ms,puma-sleep-fibonacci-test,puma/benchmarks/local/sleep_fibonacci_test + test/rackup/sleep_fibonacci,https://github.com/puma/puma/blob/main/benchmarks/local/sleep_fibonacci_test.rb,puma-4w-3t,12,puma,4,3,100,10,5.043,5.0,10,40,2.018,2.0,1,true,100,0,19.828,50.389,50.487,50.685,51.482,51.57,456.484,456.484,205.68,20,20,72,multiprocess_sample_only,,
yjit-off/puma-sleep-fibonacci-100ms/puma-4w-3t/repeat-1,yjit-off,false,puma-sleep-fibonacci-100ms,puma-sleep-fibonacci-test,puma/benchmarks/local/sleep_fibonacci_test + test/rackup/sleep_fibonacci,https://github.com/puma/puma/blob/main/benchmarks/local/sleep_fibonacci_test.rb,puma-4w-3t,12,puma,4,3,50,10,5.025,5.0,10,20,2.01,2.0,1,true,50,0,9.95,100.425,100.535,100.743,100.821,100.83,456.734,456.734,204.24,20,20,72,multiprocess_sample_only,,
yjit-off/puma-sleep-fibonacci-200ms/puma-4w-3t/repeat-1,yjit-off,false,puma-sleep-fibonacci-200ms,puma-sleep-fibonacci-test,puma/benchmarks/local/sleep_fibonacci_test + test/rackup/sleep_fibonacci,https://github.com/puma/puma/blob/main/benchmarks/local/sleep_fibonacci_test.rb,puma-4w-3t,12,puma,4,3,25,10,5.013,5.0,10,10,2.006,2.0,1,true,25,0,4.987,200.462,200.608,200.692,200.715,200.718,456.734,456.734,202.81,20,20,72,multiprocess_sample_only,,
yjit-off/puma-response-array-1kb/puma-4w-3t/repeat-2,yjit-off,false,puma-response-array-1kb,puma-response-time-wrk,puma/benchmarks/local/response_time_wrk,https://github.com/puma/puma/blob/main/benchmarks/local/response_time_wrk.rb,puma-4w-3t,12,puma,4,3,14037,1000,5.005,5.0,1000,5686,2.007,2.0,19,true,14037,0,2804.722,6.628,7.705,8.412,9.682,10.689,231.387,231.387,107.735,20,20,57,multiprocess_sample_only,,
yjit-off/puma-response-chunk-1kb/puma-4w-3t/repeat-2,yjit-off,false,puma-response-chunk-1kb,puma-response-time-wrk,puma/benchmarks/local/response_time_wrk,https://github.com/puma/puma/blob/main/benchmarks/local/response_time_wrk.rb,puma-4w-3t,12,puma,4,3,13799,1000,5.005,5.0,1000,5669,2.005,2.0,19,true,13799,0,2756.781,6.76,7.75,8.388,8.922,9.777,253.273,253.273,101.665,20,20,57,multiprocess_sample_only,,
yjit-off/puma-response-string-1kb/puma-4w-3t/repeat-2,yjit-off,false,puma-response-string-1kb,puma-response-time-wrk,puma/benchmarks/local/response_time_wrk,https://github.com/puma/puma/blob/main/benchmarks/local/response_time_wrk.rb,puma-4w-3t,12,puma,4,3,14076,1000,5.004,5.0,1000,5804,2.005,2.0,19,true,14076,0,2812.695,6.625,7.632,8.233,8.855,11.326,264.609,264.234,100.015,20,20,57,multiprocess_sample_only,,
yjit-off/puma-response-io-1kb/puma-4w-3t/repeat-2,yjit-off,false,puma-response-io-1kb,puma-response-time-wrk,puma/benchmarks/local/response_time_wrk,https://github.com/puma/puma/blob/main/benchmarks/local/response_time_wrk.rb,puma-4w-3t,12,puma,4,3,13939,1000,5.005,5.0,1000,5643,2.005,2.0,19,true,13939,0,2784.974,6.707,7.661,8.17,8.756,9.567,266.742,266.727,100.355,20,20,57,multiprocess_sample_only,,
yjit-off/puma-response-array-10kb/puma-4w-3t/repeat-2,yjit-off,false,puma-response-array-10kb,puma-response-time-wrk,puma/benchmarks/local/response_time_wrk,https://github.com/puma/puma/blob/main/benchmarks/local/response_time_wrk.rb,puma-4w-3t,12,puma,4,3,13993,1000,5.005,5.0,1000,5715,2.006,2.0,19,true,13993,0,2795.646,6.656,7.674,8.28,9.197,10.493,297.234,296.063,100.395,20,20,57,multiprocess_sample_only,,
yjit-off/puma-response-chunk-10kb/puma-4w-3t/repeat-2,yjit-off,false,puma-response-chunk-10kb,puma-response-time-wrk,puma/benchmarks/local/response_time_wrk,https://github.com/puma/puma/blob/main/benchmarks/local/response_time_wrk.rb,puma-4w-3t,12,puma,4,3,12360,1000,5.006,5.0,1000,5093,2.006,2.0,19,true,12360,0,2468.997,7.555,8.69,9.254,9.872,10.768,298.961,298.961,99.705,20,20,56,multiprocess_sample_only,,
yjit-off/puma-response-string-10kb/puma-4w-3t/repeat-2,yjit-off,false,puma-response-string-10kb,puma-response-time-wrk,puma/benchmarks/local/response_time_wrk,https://github.com/puma/puma/blob/main/benchmarks/local/response_time_wrk.rb,puma-4w-3t,12,puma,4,3,14011,1000,5.006,5.0,1000,5718,2.005,2.0,19,true,14011,0,2798.913,6.642,7.681,8.398,9.804,10.363,315.492,310.09,99.115,20,20,57,multiprocess_sample_only,,
yjit-off/puma-response-io-10kb/puma-4w-3t/repeat-2,yjit-off,false,puma-response-io-10kb,puma-response-time-wrk,puma/benchmarks/local/response_time_wrk,https://github.com/puma/puma/blob/main/benchmarks/local/response_time_wrk.rb,puma-4w-3t,12,puma,4,3,13851,1000,5.005,5.0,1000,5674,2.006,2.0,19,true,13851,0,2767.286,6.749,7.716,8.217,8.667,10.261,329.719,329.719,99.42,20,20,57,multiprocess_sample_only,,
yjit-off/puma-response-array-100kb/puma-4w-3t/repeat-2,yjit-off,false,puma-response-array-100kb,puma-response-time-wrk,puma/benchmarks/local/response_time_wrk,https://github.com/puma/puma/blob/main/benchmarks/local/response_time_wrk.rb,puma-4w-3t,12,puma,4,3,11274,1000,5.007,5.0,1000,4579,2.007,2.0,19,true,11274,0,2251.668,8.294,9.468,10.202,11.762,12.466,391.715,386.328,99.435,20,20,55,multiprocess_sample_only,,
yjit-off/puma-response-chunk-100kb/puma-4w-3t/repeat-2,yjit-off,false,puma-response-chunk-100kb,puma-response-time-wrk,puma/benchmarks/local/response_time_wrk,https://github.com/puma/puma/blob/main/benchmarks/local/response_time_wrk.rb,puma-4w-3t,12,puma,4,3,6080,1000,5.013,5.0,1000,2488,2.013,2.0,19,true,6080,0,1212.827,15.538,17.347,18.359,19.548,21.381,393.301,389.109,98.45,20,20,47,multiprocess_sample_only,,
yjit-off/puma-response-string-100kb/puma-4w-3t/repeat-2,yjit-off,false,puma-response-string-100kb,puma-response-time-wrk,puma/benchmarks/local/response_time_wrk,https://github.com/puma/puma/blob/main/benchmarks/local/response_time_wrk.rb,puma-4w-3t,12,puma,4,3,11341,1000,5.006,5.0,1000,4659,2.006,2.0,19,true,11341,0,2265.301,8.262,9.317,9.942,10.586,10.946,408.785,392.266,97.395,20,20,55,multiprocess_sample_only,,
yjit-off/puma-response-io-100kb/puma-4w-3t/repeat-2,yjit-off,false,puma-response-io-100kb,puma-response-time-wrk,puma/benchmarks/local/response_time_wrk,https://github.com/puma/puma/blob/main/benchmarks/local/response_time_wrk.rb,puma-4w-3t,12,puma,4,3,11296,1000,5.007,5.0,1000,4586,2.006,2.0,19,true,11296,0,2255.899,8.274,9.38,9.968,11.31,13.361,351.992,331.738,96.48,20,20,55,multiprocess_sample_only,,
yjit-off/puma-response-array-256kb/puma-4w-3t/repeat-2,yjit-off,false,puma-response-array-256kb,puma-response-time-wrk,puma/benchmarks/local/response_time_wrk,https://github.com/puma/puma/blob/main/benchmarks/local/response_time_wrk.rb,puma-4w-3t,12,puma,4,3,8843,1000,5.009,5.0,1000,3542,2.008,2.0,19,true,8843,0,1765.389,10.226,13.102,23.057,24.374,24.896,449.34,414.387,96.34,20,20,52,multiprocess_sample_only,,
yjit-off/puma-response-chunk-256kb/puma-4w-3t/repeat-2,yjit-off,false,puma-response-chunk-256kb,puma-response-time-wrk,puma/benchmarks/local/response_time_wrk,https://github.com/puma/puma/blob/main/benchmarks/local/response_time_wrk.rb,puma-4w-3t,12,puma,4,3,3370,1000,5.025,5.0,1000,1371,2.024,2.0,19,true,3370,0,670.618,28.108,31.134,33.284,35.616,37.543,440.738,431.059,95.845,20,20,38,multiprocess_sample_only,,
yjit-off/puma-response-string-256kb/puma-4w-3t/repeat-2,yjit-off,false,puma-response-string-256kb,puma-response-time-wrk,puma/benchmarks/local/response_time_wrk,https://github.com/puma/puma/blob/main/benchmarks/local/response_time_wrk.rb,puma-4w-3t,12,puma,4,3,9194,1000,5.008,5.0,1000,3657,2.009,2.0,19,true,9194,0,1835.761,9.752,12.511,23.399,24.589,26.232,404.391,371.848,94.685,20,20,52,multiprocess_sample_only,,
yjit-off/puma-response-io-256kb/puma-4w-3t/repeat-2,yjit-off,false,puma-response-io-256kb,puma-response-time-wrk,puma/benchmarks/local/response_time_wrk,https://github.com/puma/puma/blob/main/benchmarks/local/response_time_wrk.rb,puma-4w-3t,12,puma,4,3,8948,1000,5.008,5.0,1000,3671,2.008,2.0,19,true,8948,0,1786.754,10.052,12.876,23.732,26.143,54.472,363.105,362.023,93.365,20,20,52,multiprocess_sample_only,,
yjit-off/puma-response-array-512kb/puma-4w-3t/repeat-2,yjit-off,false,puma-response-array-512kb,puma-response-time-wrk,puma/benchmarks/local/response_time_wrk,https://github.com/puma/puma/blob/main/benchmarks/local/response_time_wrk.rb,puma-4w-3t,12,puma,4,3,6725,1000,5.011,5.0,1000,2728,2.014,2.0,19,true,6725,0,1341.971,13.273,17.819,29.615,32.121,32.412,555.602,529.996,93.37,20,20,48,multiprocess_sample_only,,
yjit-off/puma-response-chunk-512kb/puma-4w-3t/repeat-2,yjit-off,false,puma-response-chunk-512kb,puma-response-time-wrk,puma/benchmarks/local/response_time_wrk,https://github.com/puma/puma/blob/main/benchmarks/local/response_time_wrk.rb,puma-4w-3t,12,puma,4,3,1916,1000,5.045,5.0,1000,1000,2.623,2.0,19,true,1916,0,379.79,49.831,54.438,57.672,63.758,68.032,493.629,493.629,93.17,20,20,29,multiprocess_sample_only,,
yjit-off/puma-response-string-512kb/puma-4w-3t/repeat-2,yjit-off,false,puma-response-string-512kb,puma-response-time-wrk,puma/benchmarks/local/response_time_wrk,https://github.com/puma/puma/blob/main/benchmarks/local/response_time_wrk.rb,puma-4w-3t,12,puma,4,3,7130,1000,5.01,5.0,1000,2847,2.013,2.0,19,true,7130,0,1423.112,12.529,16.63,29.263,31.428,32.197,444.563,408.527,92.12,20,20,48,multiprocess_sample_only,,
yjit-off/puma-response-io-512kb/puma-4w-3t/repeat-2,yjit-off,false,puma-response-io-512kb,puma-response-time-wrk,puma/benchmarks/local/response_time_wrk,https://github.com/puma/puma/blob/main/benchmarks/local/response_time_wrk.rb,puma-4w-3t,12,puma,4,3,7140,1000,5.011,5.0,1000,2874,2.01,2.0,19,true,7140,0,1424.971,12.405,16.354,29.241,31.405,224.439,405.68,393.418,90.8,20,20,48,multiprocess_sample_only,,
yjit-off/puma-response-array-1024kb/puma-4w-3t/repeat-2,yjit-off,false,puma-response-array-1024kb,puma-response-time-wrk,puma/benchmarks/local/response_time_wrk,https://github.com/puma/puma/blob/main/benchmarks/local/response_time_wrk.rb,puma-4w-3t,12,puma,4,3,4223,1000,5.033,5.0,1000,1647,2.023,2.0,19,true,4223,0,839.118,21.406,36.992,40.091,41.435,43.468,523.457,516.227,90.2,20,20,42,multiprocess_sample_only,,
yjit-off/puma-response-chunk-1024kb/puma-4w-3t/repeat-2,yjit-off,false,puma-response-chunk-1024kb,puma-response-time-wrk,puma/benchmarks/local/response_time_wrk,https://github.com/puma/puma/blob/main/benchmarks/local/response_time_wrk.rb,puma-4w-3t,12,puma,4,3,1051,1000,5.077,5.0,1000,1000,4.795,2.0,19,true,1051,0,206.995,90.843,99.584,103.847,109.877,115.293,527.023,524.242,89.885,20,20,20,multiprocess_sample_only,,
yjit-off/puma-response-string-1024kb/puma-4w-3t/repeat-2,yjit-off,false,puma-response-string-1024kb,puma-response-time-wrk,puma/benchmarks/local/response_time_wrk,https://github.com/puma/puma/blob/main/benchmarks/local/response_time_wrk.rb,puma-4w-3t,12,puma,4,3,4303,1000,5.018,5.0,1000,1747,2.016,2.0,19,true,4303,0,857.487,20.887,37.012,40.91,42.348,42.547,501.797,459.738,88.64,20,20,42,multiprocess_sample_only,,
yjit-off/puma-response-io-1024kb/puma-4w-3t/repeat-2,yjit-off,false,puma-response-io-1024kb,puma-response-time-wrk,puma/benchmarks/local/response_time_wrk,https://github.com/puma/puma/blob/main/benchmarks/local/response_time_wrk.rb,puma-4w-3t,12,puma,4,3,4376,1000,5.019,5.0,1000,1772,2.035,2.0,19,true,4376,0,871.946,20.468,36.861,40.977,42.51,43.337,472.734,464.734,86.78,20,20,42,multiprocess_sample_only,,
yjit-off/puma-response-array-2048kb/puma-4w-3t/repeat-2,yjit-off,false,puma-response-array-2048kb,puma-response-time-wrk,puma/benchmarks/local/response_time_wrk,https://github.com/puma/puma/blob/main/benchmarks/local/response_time_wrk.rb,puma-4w-3t,12,puma,4,3,2288,1000,5.035,5.0,1000,1004,2.058,2.0,19,true,2288,0,454.399,39.448,55.973,70.253,76.473,78.03,473.316,449.688,86.145,20,20,31,multiprocess_sample_only,,
yjit-off/puma-response-chunk-2048kb/puma-4w-3t/repeat-2,yjit-off,false,puma-response-chunk-2048kb,puma-response-time-wrk,puma/benchmarks/local/response_time_wrk,https://github.com/puma/puma/blob/main/benchmarks/local/response_time_wrk.rb,puma-4w-3t,12,puma,4,3,1000,1000,9.147,5.0,1000,1000,8.955,2.0,19,true,1000,0,109.326,173.56,186.36,191.031,198.939,203.294,540.953,532.488,85.96,20,20,22,multiprocess_sample_only,,
yjit-off/puma-response-string-2048kb/puma-4w-3t/repeat-2,yjit-off,false,puma-response-string-2048kb,puma-response-time-wrk,puma/benchmarks/local/response_time_wrk,https://github.com/puma/puma/blob/main/benchmarks/local/response_time_wrk.rb,puma-4w-3t,12,puma,4,3,2658,1000,5.033,5.0,1000,1080,2.036,2.0,19,true,2658,0,528.139,35.773,39.084,41.068,46.454,50.452,538.75,488.082,84.835,20,20,34,multiprocess_sample_only,,
yjit-off/puma-response-io-2048kb/puma-4w-3t/repeat-2,yjit-off,false,puma-response-io-2048kb,puma-response-time-wrk,puma/benchmarks/local/response_time_wrk,https://github.com/puma/puma/blob/main/benchmarks/local/response_time_wrk.rb,puma-4w-3t,12,puma,4,3,2842,1000,5.03,5.0,1000,1140,2.032,2.0,19,true,2842,0,565.009,33.213,37.061,40.07,54.299,55.934,501.465,490.227,83.21,20,20,35,multiprocess_sample_only,,
yjit-off/puma-long-tail-fib-200ms-x6p0/puma-4w-3t/repeat-2,yjit-off,false,puma-long-tail-fib-200ms-x6p0,puma-long-tail-hey,puma/benchmarks/local/long_tail_hey + test/rackup/sleep_fibonacci,https://github.com/puma/puma/blob/main/benchmarks/local/long_tail_hey.rb,puma-4w-3t,12,puma,4,3,1440,1440,54.211,5.0,1000,1000,45.543,2.0,72,true,1440,0,26.563,2586.126,2926.645,2968.76,2986.966,2996.998,497.637,497.637,146.575,20,20,647,multiprocess_sample_only,,
yjit-off/puma-long-tail-fib-200ms-x4p0/puma-4w-3t/repeat-2,yjit-off,false,puma-long-tail-fib-200ms-x4p0,puma-long-tail-hey,puma/benchmarks/local/long_tail_hey + test/rackup/sleep_fibonacci,https://github.com/puma/puma/blob/main/benchmarks/local/long_tail_hey.rb,puma-4w-3t,12,puma,4,3,960,960,53.997,5.0,960,960,42.679,2.0,48,true,960,0,17.779,2041.892,2803.379,2906.701,2948.319,2948.481,516.863,516.863,191.52,20,20,699,multiprocess_sample_only,,
yjit-off/puma-long-tail-fib-200ms-x3p0/puma-4w-3t/repeat-2,yjit-off,false,puma-long-tail-fib-200ms-x3p0,puma-long-tail-hey,puma/benchmarks/local/long_tail_hey + test/rackup/sleep_fibonacci,https://github.com/puma/puma/blob/main/benchmarks/local/long_tail_hey.rb,puma-4w-3t,12,puma,4,3,720,720,37.039,5.0,720,720,42.609,2.0,36,true,720,0,19.439,1359.199,1957.755,2051.478,2102.311,2106.209,532.227,532.227,200.605,20,20,481,multiprocess_sample_only,,
yjit-off/puma-long-tail-fib-200ms-x2p0/puma-4w-3t/repeat-2,yjit-off,false,puma-long-tail-fib-200ms-x2p0,puma-long-tail-hey,puma/benchmarks/local/long_tail_hey + test/rackup/sleep_fibonacci,https://github.com/puma/puma/blob/main/benchmarks/local/long_tail_hey.rb,puma-4w-3t,12,puma,4,3,480,480,17.184,5.0,480,480,22.746,2.0,24,true,480,0,27.933,855.333,898.106,922.216,928.452,928.912,537.98,531.355,208.32,20,20,201,multiprocess_sample_only,,
yjit-off/puma-long-tail-fib-200ms-x1p5/puma-4w-3t/repeat-2,yjit-off,false,puma-long-tail-fib-200ms-x1p5,puma-long-tail-hey,puma/benchmarks/local/long_tail_hey + test/rackup/sleep_fibonacci,https://github.com/puma/puma/blob/main/benchmarks/local/long_tail_hey.rb,puma-4w-3t,12,puma,4,3,360,360,22.744,5.0,360,360,28.367,2.0,18,true,360,0,15.829,791.501,1258.601,1290.88,1312.565,1315.316,522.047,522.047,210.83,20,20,301,multiprocess_sample_only,,
yjit-off/puma-long-tail-fib-200ms-x1p0/puma-4w-3t/repeat-2,yjit-off,false,puma-long-tail-fib-200ms-x1p0,puma-long-tail-hey,puma/benchmarks/local/long_tail_hey + test/rackup/sleep_fibonacci,https://github.com/puma/puma/blob/main/benchmarks/local/long_tail_hey.rb,puma-4w-3t,12,puma,4,3,240,240,17.055,5.0,240,240,14.263,2.0,12,true,240,0,14.072,465.859,876.128,898.686,912.473,913.516,518.492,518.492,210.895,20,20,234,multiprocess_sample_only,,
yjit-off/puma-long-tail-fib-200ms-x0p5/puma-4w-3t/repeat-2,yjit-off,false,puma-long-tail-fib-200ms-x0p5,puma-long-tail-hey,puma/benchmarks/local/long_tail_hey + test/rackup/sleep_fibonacci,https://github.com/puma/puma/blob/main/benchmarks/local/long_tail_hey.rb,puma-4w-3t,12,puma,4,3,125,120,8.513,5.0,120,120,14.158,2.0,6,true,125,0,14.683,301.516,443.572,460.333,474.964,477.002,521.32,521.32,208.235,20,20,117,multiprocess_sample_only,,
yjit-off/puma-sleep-fibonacci-1ms/puma-4w-3t/repeat-2,yjit-off,false,puma-sleep-fibonacci-1ms,puma-sleep-fibonacci-test,puma/benchmarks/local/sleep_fibonacci_test + test/rackup/sleep_fibonacci,https://github.com/puma/puma/blob/main/benchmarks/local/sleep_fibonacci_test.rb,puma-4w-3t,12,puma,4,3,3501,10,5.001,5.0,10,1424,2.001,2.0,1,true,3501,0,700.04,1.408,1.488,1.68,2.336,2.597,580.512,580.512,207.005,20,20,71,multiprocess_sample_only,,
yjit-off/puma-sleep-fibonacci-5ms/puma-4w-3t/repeat-2,yjit-off,false,puma-sleep-fibonacci-5ms,puma-sleep-fibonacci-test,puma/benchmarks/local/sleep_fibonacci_test + test/rackup/sleep_fibonacci,https://github.com/puma/puma/blob/main/benchmarks/local/sleep_fibonacci_test.rb,puma-4w-3t,12,puma,4,3,942,10,5.004,5.0,10,375,2.005,2.0,1,true,942,0,188.253,5.281,5.345,5.592,6.368,6.434,576.641,576.641,205.54,20,20,71,multiprocess_sample_only,,
yjit-off/puma-sleep-fibonacci-10ms/puma-4w-3t/repeat-2,yjit-off,false,puma-sleep-fibonacci-10ms,puma-sleep-fibonacci-test,puma/benchmarks/local/sleep_fibonacci_test + test/rackup/sleep_fibonacci,https://github.com/puma/puma/blob/main/benchmarks/local/sleep_fibonacci_test.rb,puma-4w-3t,12,puma,4,3,483,10,5.003,5.0,10,194,2.008,2.0,1,true,483,0,96.539,10.327,10.417,10.563,11.103,11.358,578.328,578.328,204.095,20,20,71,multiprocess_sample_only,,
yjit-off/puma-sleep-fibonacci-50ms/puma-4w-3t/repeat-2,yjit-off,false,puma-sleep-fibonacci-50ms,puma-sleep-fibonacci-test,puma/benchmarks/local/sleep_fibonacci_test + test/rackup/sleep_fibonacci,https://github.com/puma/puma/blob/main/benchmarks/local/sleep_fibonacci_test.rb,puma-4w-3t,12,puma,4,3,100,10,5.043,5.0,10,40,2.018,2.0,1,true,100,0,19.828,50.399,50.475,50.617,50.655,50.659,582.152,582.152,202.675,20,20,72,multiprocess_sample_only,,
yjit-off/puma-sleep-fibonacci-100ms/puma-4w-3t/repeat-2,yjit-off,false,puma-sleep-fibonacci-100ms,puma-sleep-fibonacci-test,puma/benchmarks/local/sleep_fibonacci_test + test/rackup/sleep_fibonacci,https://github.com/puma/puma/blob/main/benchmarks/local/sleep_fibonacci_test.rb,puma-4w-3t,12,puma,4,3,50,10,5.024,5.0,10,20,2.01,2.0,1,true,50,0,9.953,100.416,100.496,100.788,101.031,101.058,583.609,583.609,201.27,20,20,72,multiprocess_sample_only,,
yjit-off/puma-sleep-fibonacci-200ms/puma-4w-3t/repeat-2,yjit-off,false,puma-sleep-fibonacci-200ms,puma-sleep-fibonacci-test,puma/benchmarks/local/sleep_fibonacci_test + test/rackup/sleep_fibonacci,https://github.com/puma/puma/blob/main/benchmarks/local/sleep_fibonacci_test.rb,puma-4w-3t,12,puma,4,3,25,10,5.013,5.0,10,10,2.005,2.0,1,true,25,0,4.987,200.469,200.55,200.6,200.613,200.614,583.609,583.609,199.9,20,20,72,multiprocess_sample_only,,
yjit-off/puma-response-array-1kb/puma-4w-3t/repeat-3,yjit-off,false,puma-response-array-1kb,puma-response-time-wrk,puma/benchmarks/local/response_time_wrk,https://github.com/puma/puma/blob/main/benchmarks/local/response_time_wrk.rb,puma-4w-3t,12,puma,4,3,14049,1000,5.005,5.0,1000,5684,2.005,2.0,19,true,14049,0,2807.188,6.617,7.664,8.245,9.15,10.061,220.012,218.887,104.525,20,20,57,multiprocess_sample_only,,
yjit-off/puma-response-chunk-1kb/puma-4w-3t/repeat-3,yjit-off,false,puma-response-chunk-1kb,puma-response-time-wrk,puma/benchmarks/local/response_time_wrk,https://github.com/puma/puma/blob/main/benchmarks/local/response_time_wrk.rb,puma-4w-3t,12,puma,4,3,13809,1000,5.005,5.0,1000,5656,2.005,2.0,19,true,13809,0,2758.871,6.746,7.757,8.313,9.027,9.814,230.691,230.691,99.845,20,20,57,multiprocess_sample_only,,
yjit-off/puma-response-string-1kb/puma-4w-3t/repeat-3,yjit-off,false,puma-response-string-1kb,puma-response-time-wrk,puma/benchmarks/local/response_time_wrk,https://github.com/puma/puma/blob/main/benchmarks/local/response_time_wrk.rb,puma-4w-3t,12,puma,4,3,14118,1000,5.006,5.0,1000,5761,2.005,2.0,19,true,14118,0,2820.389,6.596,7.551,8.518,10.834,12.837,237.504,233.539,98.6,20,20,57,multiprocess_sample_only,,
yjit-off/puma-response-io-1kb/puma-4w-3t/repeat-3,yjit-off,false,puma-response-io-1kb,puma-response-time-wrk,puma/benchmarks/local/response_time_wrk,https://github.com/puma/puma/blob/main/benchmarks/local/response_time_wrk.rb,puma-4w-3t,12,puma,4,3,13893,1000,5.006,5.0,1000,5682,2.004,2.0,19,true,13893,0,2775.441,6.713,7.725,8.297,12.044,13.224,238.633,238.219,99.28,20,20,57,multiprocess_sample_only,,
yjit-off/puma-response-array-10kb/puma-4w-3t/repeat-3,yjit-off,false,puma-response-array-10kb,puma-response-time-wrk,puma/benchmarks/local/response_time_wrk,https://github.com/puma/puma/blob/main/benchmarks/local/response_time_wrk.rb,puma-4w-3t,12,puma,4,3,14014,1000,5.005,5.0,1000,5723,2.006,2.0,19,true,14014,0,2799.848,6.656,7.623,8.165,8.9,10.323,256.477,251.457,99.425,20,20,57,multiprocess_sample_only,,
yjit-off/puma-response-chunk-10kb/puma-4w-3t/repeat-3,yjit-off,false,puma-response-chunk-10kb,puma-response-time-wrk,puma/benchmarks/local/response_time_wrk,https://github.com/puma/puma/blob/main/benchmarks/local/response_time_wrk.rb,puma-4w-3t,12,puma,4,3,12320,1000,5.007,5.0,1000,5076,2.006,2.0,19,true,12320,0,2460.595,7.581,8.68,9.205,9.957,11.084,256.727,254.305,98.83,20,20,56,multiprocess_sample_only,,
yjit-off/puma-response-string-10kb/puma-4w-3t/repeat-3,yjit-off,false,puma-response-string-10kb,puma-response-time-wrk,puma/benchmarks/local/response_time_wrk,https://github.com/puma/puma/blob/main/benchmarks/local/response_time_wrk.rb,puma-4w-3t,12,puma,4,3,13973,1000,5.005,5.0,1000,5697,2.006,2.0,19,true,13973,0,2791.652,6.68,7.663,8.249,9.95,12.31,267.598,267.598,98.31,20,20,57,multiprocess_sample_only,,
yjit-off/puma-response-io-10kb/puma-4w-3t/repeat-3,yjit-off,false,puma-response-io-10kb,puma-response-time-wrk,puma/benchmarks/local/response_time_wrk,https://github.com/puma/puma/blob/main/benchmarks/local/response_time_wrk.rb,puma-4w-3t,12,puma,4,3,13787,1000,5.005,5.0,1000,5623,2.006,2.0,19,true,13787,0,2754.374,6.762,7.801,8.241,8.799,9.48,278.012,278.012,98.635,20,20,57,multiprocess_sample_only,,
yjit-off/puma-response-array-100kb/puma-4w-3t/repeat-3,yjit-off,false,puma-response-array-100kb,puma-response-time-wrk,puma/benchmarks/local/response_time_wrk,https://github.com/puma/puma/blob/main/benchmarks/local/response_time_wrk.rb,puma-4w-3t,12,puma,4,3,11299,1000,5.007,5.0,1000,4565,2.006,2.0,19,true,11299,0,2256.546,8.302,9.363,9.93,10.544,12.058,373.5,334.32,98.655,20,20,55,multiprocess_sample_only,,
yjit-off/puma-response-chunk-100kb/puma-4w-3t/repeat-3,yjit-off,false,puma-response-chunk-100kb,puma-response-time-wrk,puma/benchmarks/local/response_time_wrk,https://github.com/puma/puma/blob/main/benchmarks/local/response_time_wrk.rb,puma-4w-3t,12,puma,4,3,6060,1000,5.013,5.0,1000,2482,2.013,2.0,19,true,6060,0,1208.915,15.555,17.524,18.714,19.516,20.215,322.469,317.336,97.825,20,20,47,multiprocess_sample_only,,
yjit-off/puma-response-string-100kb/puma-4w-3t/repeat-3,yjit-off,false,puma-response-string-100kb,puma-response-time-wrk,puma/benchmarks/local/response_time_wrk,https://github.com/puma/puma/blob/main/benchmarks/local/response_time_wrk.rb,puma-4w-3t,12,puma,4,3,11417,1000,5.007,5.0,1000,4670,2.007,2.0,19,true,11417,0,2280.339,8.195,9.277,9.804,10.457,10.75,358.293,335.73,97.025,20,20,55,multiprocess_sample_only,,
yjit-off/puma-response-io-100kb/puma-4w-3t/repeat-3,yjit-off,false,puma-response-io-100kb,puma-response-time-wrk,puma/benchmarks/local/response_time_wrk,https://github.com/puma/puma/blob/main/benchmarks/local/response_time_wrk.rb,puma-4w-3t,12,puma,4,3,11384,1000,5.007,5.0,1000,4582,2.006,2.0,19,true,11384,0,2273.722,8.24,9.214,9.67,10.631,49.403,279.41,278.531,96.125,20,20,55,multiprocess_sample_only,,
yjit-off/puma-response-array-256kb/puma-4w-3t/repeat-3,yjit-off,false,puma-response-array-256kb,puma-response-time-wrk,puma/benchmarks/local/response_time_wrk,https://github.com/puma/puma/blob/main/benchmarks/local/response_time_wrk.rb,puma-4w-3t,12,puma,4,3,8802,1000,5.009,5.0,1000,3502,2.009,2.0,19,true,8802,0,1757.22,10.194,13.428,24.61,26.423,27.583,423.289,375.895,96.015,20,20,52,multiprocess_sample_only,,
yjit-off/puma-response-chunk-256kb/puma-4w-3t/repeat-3,yjit-off,false,puma-response-chunk-256kb,puma-response-time-wrk,puma/benchmarks/local/response_time_wrk,https://github.com/puma/puma/blob/main/benchmarks/local/response_time_wrk.rb,puma-4w-3t,12,puma,4,3,3363,1000,5.028,5.0,1000,1370,2.023,2.0,19,true,3363,0,668.921,28.256,31.539,32.949,34.231,34.735,362.656,359.961,95.43,20,20,38,multiprocess_sample_only,,
yjit-off/puma-response-string-256kb/puma-4w-3t/repeat-3,yjit-off,false,puma-response-string-256kb,puma-response-time-wrk,puma/benchmarks/local/response_time_wrk,https://github.com/puma/puma/blob/main/benchmarks/local/response_time_wrk.rb,puma-4w-3t,12,puma,4,3,9040,1000,5.011,5.0,1000,3728,2.01,2.0,19,true,9040,0,1804.172,9.872,12.976,24.472,29.018,30.722,347.387,310.703,94.27,20,20,52,multiprocess_sample_only,,
yjit-off/puma-response-io-256kb/puma-4w-3t/repeat-3,yjit-off,false,puma-response-io-256kb,puma-response-time-wrk,puma/benchmarks/local/response_time_wrk,https://github.com/puma/puma/blob/main/benchmarks/local/response_time_wrk.rb,puma-4w-3t,12,puma,4,3,8881,1000,5.008,5.0,1000,3721,2.008,2.0,19,true,8881,0,1773.332,10.088,13.228,24.698,28.271,71.379,312.578,299.355,92.95,20,20,52,multiprocess_sample_only,,
yjit-off/puma-response-array-512kb/puma-4w-3t/repeat-3,yjit-off,false,puma-response-array-512kb,puma-response-time-wrk,puma/benchmarks/local/response_time_wrk,https://github.com/puma/puma/blob/main/benchmarks/local/response_time_wrk.rb,puma-4w-3t,12,puma,4,3,6757,1000,5.01,5.0,1000,2624,2.011,2.0,19,true,6757,0,1348.573,13.217,17.313,30.499,34.28,36.248,471.285,471.285,93.05,20,20,48,multiprocess_sample_only,,
yjit-off/puma-response-chunk-512kb/puma-4w-3t/repeat-3,yjit-off,false,puma-response-chunk-512kb,puma-response-time-wrk,puma/benchmarks/local/response_time_wrk,https://github.com/puma/puma/blob/main/benchmarks/local/response_time_wrk.rb,puma-4w-3t,12,puma,4,3,1914,1000,5.044,5.0,1000,1000,2.649,2.0,19,true,1914,0,379.452,50.028,54.555,56.593,58.201,58.603,373.457,372.906,92.83,20,20,28,multiprocess_sample_only,,
yjit-off/puma-response-string-512kb/puma-4w-3t/repeat-3,yjit-off,false,puma-response-string-512kb,puma-response-time-wrk,puma/benchmarks/local/response_time_wrk,https://github.com/puma/puma/blob/main/benchmarks/local/response_time_wrk.rb,puma-4w-3t,12,puma,4,3,7041,1000,5.011,5.0,1000,2837,2.029,2.0,19,true,7041,0,1405.209,12.438,16.698,30.81,33.627,34.426,353.75,337.453,91.705,20,20,48,multiprocess_sample_only,,
yjit-off/puma-response-io-512kb/puma-4w-3t/repeat-3,yjit-off,false,puma-response-io-512kb,puma-response-time-wrk,puma/benchmarks/local/response_time_wrk,https://github.com/puma/puma/blob/main/benchmarks/local/response_time_wrk.rb,puma-4w-3t,12,puma,4,3,6994,1000,5.011,5.0,1000,2868,2.015,2.0,19,true,6994,0,1395.606,12.5,17.5,30.475,33.23,34.241,340.016,339.141,90.345,20,20,48,multiprocess_sample_only,,
yjit-off/puma-response-array-1024kb/puma-4w-3t/repeat-3,yjit-off,false,puma-response-array-1024kb,puma-response-time-wrk,puma/benchmarks/local/response_time_wrk,https://github.com/puma/puma/blob/main/benchmarks/local/response_time_wrk.rb,puma-4w-3t,12,puma,4,3,4061,1000,5.021,5.0,1000,1649,2.019,2.0,19,true,4061,0,808.855,22.217,38.198,44.13,45.965,47.542,481.234,469.254,89.725,20,20,40,multiprocess_sample_only,,
yjit-off/puma-response-chunk-1024kb/puma-4w-3t/repeat-3,yjit-off,false,puma-response-chunk-1024kb,puma-response-time-wrk,puma/benchmarks/local/response_time_wrk,https://github.com/puma/puma/blob/main/benchmarks/local/response_time_wrk.rb,puma-4w-3t,12,puma,4,3,1030,1000,5.08,5.0,1000,1000,4.867,2.0,19,true,1030,0,202.756,93.393,101.913,106.524,118.52,129.825,415.34,412.164,89.515,20,20,20,multiprocess_sample_only,,
yjit-off/puma-response-string-1024kb/puma-4w-3t/repeat-3,yjit-off,false,puma-response-string-1024kb,puma-response-time-wrk,puma/benchmarks/local/response_time_wrk,https://github.com/puma/puma/blob/main/benchmarks/local/response_time_wrk.rb,puma-4w-3t,12,puma,4,3,4366,1000,5.038,5.0,1000,1733,2.02,2.0,19,true,4366,0,866.562,20.636,37.45,40.676,43.924,45.169,387.367,382.34,88.4,20,20,43,multiprocess_sample_only,,
yjit-off/puma-response-io-1024kb/puma-4w-3t/repeat-3,yjit-off,false,puma-response-io-1024kb,puma-response-time-wrk,puma/benchmarks/local/response_time_wrk,https://github.com/puma/puma/blob/main/benchmarks/local/response_time_wrk.rb,puma-4w-3t,12,puma,4,3,4368,1000,5.023,5.0,1000,1766,2.022,2.0,19,true,4368,0,869.614,20.386,37.636,40.87,42.511,241.913,382.652,382.652,86.55,20,20,42,multiprocess_sample_only,,
yjit-off/puma-response-array-2048kb/puma-4w-3t/repeat-3,yjit-off,false,puma-response-array-2048kb,puma-response-time-wrk,puma/benchmarks/local/response_time_wrk,https://github.com/puma/puma/blob/main/benchmarks/local/response_time_wrk.rb,puma-4w-3t,12,puma,4,3,2533,1000,5.034,5.0,1000,1013,2.037,2.0,19,true,2533,0,503.22,37.313,40.786,46.18,58.443,60.223,422.68,412.094,86.11,20,20,33,multiprocess_sample_only,,
yjit-off/puma-response-chunk-2048kb/puma-4w-3t/repeat-3,yjit-off,false,puma-response-chunk-2048kb,puma-response-time-wrk,puma/benchmarks/local/response_time_wrk,https://github.com/puma/puma/blob/main/benchmarks/local/response_time_wrk.rb,puma-4w-3t,12,puma,4,3,1000,1000,9.319,5.0,1000,1000,9.131,2.0,19,true,1000,0,107.312,176.548,190.912,198.779,206.429,206.83,438.188,428.254,86.19,20,20,22,multiprocess_sample_only,,
yjit-off/puma-response-string-2048kb/puma-4w-3t/repeat-3,yjit-off,false,puma-response-string-2048kb,puma-response-time-wrk,puma/benchmarks/local/response_time_wrk,https://github.com/puma/puma/blob/main/benchmarks/local/response_time_wrk.rb,puma-4w-3t,12,puma,4,3,2692,1000,5.036,5.0,1000,1072,2.034,2.0,19,true,2692,0,534.551,35.075,38.294,43.951,57.732,59.087,419.535,401.465,85.18,20,20,34,multiprocess_sample_only,,
yjit-off/puma-response-io-2048kb/puma-4w-3t/repeat-3,yjit-off,false,puma-response-io-2048kb,puma-response-time-wrk,puma/benchmarks/local/response_time_wrk,https://github.com/puma/puma/blob/main/benchmarks/local/response_time_wrk.rb,puma-4w-3t,12,puma,4,3,2795,1000,5.032,5.0,1000,1135,2.031,2.0,19,true,2795,0,555.474,33.808,37.734,41.746,51.829,54.388,412.547,407.105,83.53,20,20,36,multiprocess_sample_only,,
yjit-off/puma-long-tail-fib-200ms-x6p0/puma-4w-3t/repeat-3,yjit-off,false,puma-long-tail-fib-200ms-x6p0,puma-long-tail-hey,puma/benchmarks/local/long_tail_hey + test/rackup/sleep_fibonacci,https://github.com/puma/puma/blob/main/benchmarks/local/long_tail_hey.rb,puma-4w-3t,12,puma,4,3,1440,1440,85.333,5.0,1000,1000,53.344,2.0,72,true,1440,0,16.875,2156.353,4337.591,4387.606,4410.939,4411.96,429.066,429.066,143.625,20,20,1100,multiprocess_sample_only,,
yjit-off/puma-long-tail-fib-200ms-x4p0/puma-4w-3t/repeat-3,yjit-off,false,puma-long-tail-fib-200ms-x4p0,puma-long-tail-hey,puma/benchmarks/local/long_tail_hey + test/rackup/sleep_fibonacci,https://github.com/puma/puma/blob/main/benchmarks/local/long_tail_hey.rb,puma-4w-3t,12,puma,4,3,960,960,48.387,5.0,960,960,51.184,2.0,48,true,960,0,19.84,1822.059,2526.162,2568.205,2599.781,2605.595,438.691,438.691,171.12,20,20,616,multiprocess_sample_only,,
yjit-off/puma-long-tail-fib-200ms-x3p0/puma-4w-3t/repeat-3,yjit-off,false,puma-long-tail-fib-200ms-x3p0,puma-long-tail-hey,puma/benchmarks/local/long_tail_hey + test/rackup/sleep_fibonacci,https://github.com/puma/puma/blob/main/benchmarks/local/long_tail_hey.rb,puma-4w-3t,12,puma,4,3,720,720,42.683,5.0,720,720,36.918,2.0,36,true,720,0,16.869,1290.621,2175.178,2204.648,2230.688,2251.038,443.598,443.598,185.835,20,20,559,multiprocess_sample_only,,
yjit-off/puma-long-tail-fib-200ms-x2p0/puma-4w-3t/repeat-3,yjit-off,false,puma-long-tail-fib-200ms-x2p0,puma-long-tail-hey,puma/benchmarks/local/long_tail_hey + test/rackup/sleep_fibonacci,https://github.com/puma/puma/blob/main/benchmarks/local/long_tail_hey.rb,puma-4w-3t,12,puma,4,3,480,480,34.106,5.0,480,480,22.778,2.0,24,true,480,0,14.074,1141.004,1743.941,1769.703,1787.929,1788.113,444.273,444.273,191.44,20,20,458,multiprocess_sample_only,,
yjit-off/puma-long-tail-fib-200ms-x1p5/puma-4w-3t/repeat-3,yjit-off,false,puma-long-tail-fib-200ms-x1p5,puma-long-tail-hey,puma/benchmarks/local/long_tail_hey + test/rackup/sleep_fibonacci,https://github.com/puma/puma/blob/main/benchmarks/local/long_tail_hey.rb,puma-4w-3t,12,puma,4,3,360,360,19.914,5.0,360,360,31.208,2.0,18,true,360,0,18.078,738.152,1085.721,1207.449,1232.233,1232.604,459.027,459.027,190.635,20,20,258,multiprocess_sample_only,,
yjit-off/puma-long-tail-fib-200ms-x1p0/puma-4w-3t/repeat-3,yjit-off,false,puma-long-tail-fib-200ms-x1p0,puma-long-tail-hey,puma/benchmarks/local/long_tail_hey + test/rackup/sleep_fibonacci,https://github.com/puma/puma/blob/main/benchmarks/local/long_tail_hey.rb,puma-4w-3t,12,puma,4,3,240,240,11.413,5.0,240,240,17.037,2.0,12,true,240,0,21.029,433.528,669.511,763.844,804.335,810.479,459.098,459.098,192.06,20,20,146,multiprocess_sample_only,,
yjit-off/puma-long-tail-fib-200ms-x0p5/puma-4w-3t/repeat-3,yjit-off,false,puma-long-tail-fib-200ms-x0p5,puma-long-tail-hey,puma/benchmarks/local/long_tail_hey + test/rackup/sleep_fibonacci,https://github.com/puma/puma/blob/main/benchmarks/local/long_tail_hey.rb,puma-4w-3t,12,puma,4,3,135,120,8.541,5.0,120,120,14.168,2.0,6,true,135,0,15.806,201.406,462.129,477.647,482.304,482.922,459.223,459.223,191.35,20,20,113,multiprocess_sample_only,,
yjit-off/puma-sleep-fibonacci-1ms/puma-4w-3t/repeat-3,yjit-off,false,puma-sleep-fibonacci-1ms,puma-sleep-fibonacci-test,puma/benchmarks/local/sleep_fibonacci_test + test/rackup/sleep_fibonacci,https://github.com/puma/puma/blob/main/benchmarks/local/sleep_fibonacci_test.rb,puma-4w-3t,12,puma,4,3,3531,10,5.001,5.0,10,1457,2.001,2.0,1,true,3531,0,706.107,1.399,1.501,1.748,2.316,2.589,504.848,504.848,190.425,20,20,71,multiprocess_sample_only,,
yjit-off/puma-sleep-fibonacci-5ms/puma-4w-3t/repeat-3,yjit-off,false,puma-sleep-fibonacci-5ms,puma-sleep-fibonacci-test,puma/benchmarks/local/sleep_fibonacci_test + test/rackup/sleep_fibonacci,https://github.com/puma/puma/blob/main/benchmarks/local/sleep_fibonacci_test.rb,puma-4w-3t,12,puma,4,3,941,10,5.002,5.0,10,377,2.004,2.0,1,true,941,0,188.131,5.283,5.378,5.512,6.244,6.467,520.125,520.125,189.25,20,20,71,multiprocess_sample_only,,
yjit-off/puma-sleep-fibonacci-10ms/puma-4w-3t/repeat-3,yjit-off,false,puma-sleep-fibonacci-10ms,puma-sleep-fibonacci-test,puma/benchmarks/local/sleep_fibonacci_test + test/rackup/sleep_fibonacci,https://github.com/puma/puma/blob/main/benchmarks/local/sleep_fibonacci_test.rb,puma-4w-3t,12,puma,4,3,483,10,5.002,5.0,10,192,2.001,2.0,1,true,483,0,96.562,10.322,10.415,10.562,11.099,11.349,526.527,526.527,188.085,20,20,71,multiprocess_sample_only,,
yjit-off/puma-sleep-fibonacci-50ms/puma-4w-3t/repeat-3,yjit-off,false,puma-sleep-fibonacci-50ms,puma-sleep-fibonacci-test,puma/benchmarks/local/sleep_fibonacci_test + test/rackup/sleep_fibonacci,https://github.com/puma/puma/blob/main/benchmarks/local/sleep_fibonacci_test.rb,puma-4w-3t,12,puma,4,3,100,10,5.046,5.0,10,40,2.019,2.0,1,true,100,0,19.818,50.39,50.487,50.874,51.404,51.463,526.59,526.59,186.92,20,20,72,multiprocess_sample_only,,
yjit-off/puma-sleep-fibonacci-100ms/puma-4w-3t/repeat-3,yjit-off,false,puma-sleep-fibonacci-100ms,puma-sleep-fibonacci-test,puma/benchmarks/local/sleep_fibonacci_test + test/rackup/sleep_fibonacci,https://github.com/puma/puma/blob/main/benchmarks/local/sleep_fibonacci_test.rb,puma-4w-3t,12,puma,4,3,50,10,5.026,5.0,10,20,2.01,2.0,1,true,50,0,9.949,100.438,100.649,101.104,101.455,101.494,526.59,526.59,185.805,20,20,72,multiprocess_sample_only,,
yjit-off/puma-sleep-fibonacci-200ms/puma-4w-3t/repeat-3,yjit-off,false,puma-sleep-fibonacci-200ms,puma-sleep-fibonacci-test,puma/benchmarks/local/sleep_fibonacci_test + test/rackup/sleep_fibonacci,https://github.com/puma/puma/blob/main/benchmarks/local/sleep_fibonacci_test.rb,puma-4w-3t,12,puma,4,3,25,10,5.014,5.0,10,10,2.006,2.0,1,true,25,0,4.986,200.486,200.627,200.745,200.777,200.781,526.59,526.59,184.68,20,20,72,multiprocess_sample_only,,
yjit-on/puma-response-array-1kb/raptor-12r/repeat-1,yjit-on,true,puma-response-array-1kb,puma-response-time-wrk,puma/benchmarks/local/response_time_wrk,https://github.com/puma/puma/blob/main/benchmarks/local/response_time_wrk.rb,raptor-12r,12,raptor,12,,1688,1000,6.17,5.0,1000,1000,4.388,2.0,19,true,1688,0,273.591,41.025,42.458,44.202,4057.905,4059.869,36.09,36.09,16.085,20,20,88,same_worker,31,1212873
yjit-on/puma-response-chunk-1kb/raptor-12r/repeat-1,yjit-on,true,puma-response-chunk-1kb,puma-response-time-wrk,puma/benchmarks/local/response_time_wrk,https://github.com/puma/puma/blob/main/benchmarks/local/response_time_wrk.rb,raptor-12r,12,raptor,12,,1691,1000,6.174,5.0,1000,1000,4.318,2.0,19,true,1691,0,273.891,41.025,42.555,44.526,4060.331,4064.325,37.223,37.223,12.25,20,20,88,same_worker,23,1215337
yjit-on/puma-response-string-1kb/raptor-12r/repeat-1,yjit-on,true,puma-response-string-1kb,puma-response-time-wrk,puma/benchmarks/local/response_time_wrk,https://github.com/puma/puma/blob/main/benchmarks/local/response_time_wrk.rb,raptor-12r,12,raptor,12,,1691,1000,6.162,5.0,1000,1000,4.315,2.0,19,true,1691,0,274.416,41.011,42.29,44.234,4046.298,4049.798,37.758,37.758,11.26,20,20,88,same_worker,20,1220557
yjit-on/puma-response-io-1kb/raptor-12r/repeat-1,yjit-on,true,puma-response-io-1kb,puma-response-time-wrk,puma/benchmarks/local/response_time_wrk,https://github.com/puma/puma/blob/main/benchmarks/local/response_time_wrk.rb,raptor-12r,12,raptor,12,,1691,1000,6.182,5.0,1000,1000,4.275,2.0,19,true,1691,0,273.546,41.058,42.454,44.584,4054.327,4056.004,38.383,38.383,10.795,20,20,88,same_worker,20,1228858
yjit-on/puma-response-array-10kb/raptor-12r/repeat-1,yjit-on,true,puma-response-array-10kb,puma-response-time-wrk,puma/benchmarks/local/response_time_wrk,https://github.com/puma/puma/blob/main/benchmarks/local/response_time_wrk.rb,raptor-12r,12,raptor,12,,1691,1000,6.175,5.0,1000,1000,4.302,2.0,19,true,1691,0,273.86,41.02,42.541,44.605,4063.815,4067.528,38.598,38.598,10.585,20,20,88,same_worker,20,1218165
yjit-on/puma-response-chunk-10kb/raptor-12r/repeat-1,yjit-on,true,puma-response-chunk-10kb,puma-response-time-wrk,puma/benchmarks/local/response_time_wrk,https://github.com/puma/puma/blob/main/benchmarks/local/response_time_wrk.rb,raptor-12r,12,raptor,12,,1691,1000,6.182,5.0,1000,1000,4.25,2.0,19,true,1691,0,273.532,41.084,42.63,44.541,4068.977,4074.993,38.625,38.625,10.395,20,20,88,same_worker,20,1212603
yjit-on/puma-response-string-10kb/raptor-12r/repeat-1,yjit-on,true,puma-response-string-10kb,puma-response-time-wrk,puma/benchmarks/local/response_time_wrk,https://github.com/puma/puma/blob/main/benchmarks/local/response_time_wrk.rb,raptor-12r,12,raptor,12,,1691,1000,6.165,5.0,1000,1000,4.26,2.0,19,true,1691,0,274.289,41.027,42.355,44.351,4053.453,4054.929,38.695,38.695,10.19,20,20,88,same_worker,20,1213610
yjit-on/puma-response-io-10kb/raptor-12r/repeat-1,yjit-on,true,puma-response-io-10kb,puma-response-time-wrk,puma/benchmarks/local/response_time_wrk,https://github.com/puma/puma/blob/main/benchmarks/local/response_time_wrk.rb,raptor-12r,12,raptor,12,,1691,1000,6.165,5.0,1000,1000,4.248,2.0,19,true,1691,0,274.291,41.012,42.438,45.344,4055.488,4057.367,39.727,39.727,10.115,20,20,88,same_worker,21,1258281
yjit-on/puma-response-array-100kb/raptor-12r/repeat-1,yjit-on,true,puma-response-array-100kb,puma-response-time-wrk,puma/benchmarks/local/response_time_wrk,https://github.com/puma/puma/blob/main/benchmarks/local/response_time_wrk.rb,raptor-12r,12,raptor,12,,10193,1000,5.046,5.0,1000,4122,2.008,2.0,19,true,10193,0,2020.005,5.75,7.197,49.753,556.579,576.862,39.738,39.738,16.1,20,20,60,same_worker,124,7331436
yjit-on/puma-response-chunk-100kb/raptor-12r/repeat-1,yjit-on,true,puma-response-chunk-100kb,puma-response-time-wrk,puma/benchmarks/local/response_time_wrk,https://github.com/puma/puma/blob/main/benchmarks/local/response_time_wrk.rb,raptor-12r,12,raptor,12,,10152,1000,5.009,5.0,1000,4111,2.008,2.0,19,true,10152,0,2026.849,5.748,7.326,47.697,566.803,585.674,39.773,39.773,24.325,20,20,59,same_worker,127,7255558
yjit-on/puma-response-string-100kb/raptor-12r/repeat-1,yjit-on,true,puma-response-string-100kb,puma-response-time-wrk,puma/benchmarks/local/response_time_wrk,https://github.com/puma/puma/blob/main/benchmarks/local/response_time_wrk.rb,raptor-12r,12,raptor,12,,11206,1000,5.007,5.0,1000,4687,2.007,2.0,19,true,11206,0,2238.077,5.267,6.54,10.678,525.925,533.089,41.707,41.707,29.735,20,20,60,same_worker,153,8072464
yjit-on/puma-response-io-100kb/raptor-12r/repeat-1,yjit-on,true,puma-response-io-100kb,puma-response-time-wrk,puma/benchmarks/local/response_time_wrk,https://github.com/puma/puma/blob/main/benchmarks/local/response_time_wrk.rb,raptor-12r,12,raptor,12,,2962,1000,5.055,5.0,1000,3777,2.043,2.0,19,true,2962,0,585.966,6.843,41.969,48.413,2582.462,2657.165,51.531,51.531,33.89,20,20,70,same_worker,54,2738336
yjit-on/puma-response-array-256kb/raptor-12r/repeat-1,yjit-on,true,puma-response-array-256kb,puma-response-time-wrk,puma/benchmarks/local/response_time_wrk,https://github.com/puma/puma/blob/main/benchmarks/local/response_time_wrk.rb,raptor-12r,12,raptor,12,,6918,1000,5.011,5.0,1000,2912,2.013,2.0,19,true,6918,0,1380.472,7.975,12.51,53.876,841.898,917.996,51.531,51.531,38.22,20,20,55,same_worker,96,4975837
yjit-on/puma-response-chunk-256kb/raptor-12r/repeat-1,yjit-on,true,puma-response-chunk-256kb,puma-response-time-wrk,puma/benchmarks/local/response_time_wrk,https://github.com/puma/puma/blob/main/benchmarks/local/response_time_wrk.rb,raptor-12r,12,raptor,12,,6842,1000,5.042,5.0,1000,2841,2.012,2.0,19,true,6842,0,1356.892,8.044,12.665,54.255,841.157,902.602,51.535,51.535,44.685,20,20,55,same_worker,96,4900281
yjit-on/puma-response-string-256kb/raptor-12r/repeat-1,yjit-on,true,puma-response-string-256kb,puma-response-time-wrk,puma/benchmarks/local/response_time_wrk,https://github.com/puma/puma/blob/main/benchmarks/local/response_time_wrk.rb,raptor-12r,12,raptor,12,,8371,1000,5.009,5.0,1000,3464,2.009,2.0,19,true,8371,0,1671.184,6.555,10.791,26.525,728.422,741.273,52.398,52.398,47.815,20,20,56,same_worker,120,6024539
yjit-on/puma-response-io-256kb/raptor-12r/repeat-1,yjit-on,true,puma-response-io-256kb,puma-response-time-wrk,puma/benchmarks/local/response_time_wrk,https://github.com/puma/puma/blob/main/benchmarks/local/response_time_wrk.rb,raptor-12r,12,raptor,12,,2901,1000,5.053,5.0,1000,1287,4.148,2.0,19,true,2901,0,574.155,9.693,43.686,189.75,2056.571,2168.417,67.297,67.297,48.955,20,20,67,same_worker,78,3588204
yjit-on/puma-response-array-512kb/raptor-12r/repeat-1,yjit-on,true,puma-response-array-512kb,puma-response-time-wrk,puma/benchmarks/local/response_time_wrk,https://github.com/puma/puma/blob/main/benchmarks/local/response_time_wrk.rb,raptor-12r,12,raptor,12,,4688,1000,5.017,5.0,1000,1929,2.017,2.0,19,true,4688,0,934.331,12.013,17.98,59.32,1268.294,1287.703,67.297,67.297,52.875,20,20,50,same_worker,66,3372285
yjit-on/puma-response-chunk-512kb/raptor-12r/repeat-1,yjit-on,true,puma-response-chunk-512kb,puma-response-time-wrk,puma/benchmarks/local/response_time_wrk,https://github.com/puma/puma/blob/main/benchmarks/local/response_time_wrk.rb,raptor-12r,12,raptor,12,,4672,1000,5.016,5.0,1000,1857,2.189,2.0,19,true,4672,0,931.385,12.048,17.86,55.395,1285.115,1292.178,67.422,67.422,58.27,20,20,51,same_worker,66,3344283
yjit-on/puma-response-string-512kb/raptor-12r/repeat-1,yjit-on,true,puma-response-string-512kb,puma-response-time-wrk,puma/benchmarks/local/response_time_wrk,https://github.com/puma/puma/blob/main/benchmarks/local/response_time_wrk.rb,raptor-12r,12,raptor,12,,6057,1000,5.013,5.0,1000,2502,2.015,2.0,19,true,6057,0,1208.193,8.896,15.306,32.675,1002.016,1013.469,68.441,68.441,60.1,20,20,52,same_worker,87,4357434
yjit-on/puma-response-io-512kb/raptor-12r/repeat-1,yjit-on,true,puma-response-io-512kb,puma-response-time-wrk,puma/benchmarks/local/response_time_wrk,https://github.com/puma/puma/blob/main/benchmarks/local/response_time_wrk.rb,raptor-12r,12,raptor,12,,3577,1000,5.072,5.0,1000,1681,2.903,2.0,19,true,3577,0,705.303,12.944,52.393,112.071,1541.649,1615.578,86.68,86.68,63.745,20,20,57,same_worker,158,6254993
yjit-on/puma-response-array-1024kb/raptor-12r/repeat-1,yjit-on,true,puma-response-array-1024kb,puma-response-time-wrk,puma/benchmarks/local/response_time_wrk,https://github.com/puma/puma/blob/main/benchmarks/local/response_time_wrk.rb,raptor-12r,12,raptor,12,,2957,1000,5.027,5.0,1000,1563,3.215,2.0,19,true,2957,0,588.175,18.853,39.789,71.272,2027.724,2045.232,86.68,86.68,68.745,20,20,44,same_worker,44,2122844
yjit-on/puma-response-chunk-1024kb/raptor-12r/repeat-1,yjit-on,true,puma-response-chunk-1024kb,puma-response-time-wrk,puma/benchmarks/local/response_time_wrk,https://github.com/puma/puma/blob/main/benchmarks/local/response_time_wrk.rb,raptor-12r,12,raptor,12,,2949,1000,5.029,5.0,1000,1538,2.939,2.0,19,true,2949,0,586.452,19.135,38.493,70.774,2036.273,2046.509,86.68,86.68,73.915,20,20,43,same_worker,43,2103098
yjit-on/puma-response-string-1024kb/raptor-12r/repeat-1,yjit-on,true,puma-response-string-1024kb,puma-response-time-wrk,puma/benchmarks/local/response_time_wrk,https://github.com/puma/puma/blob/main/benchmarks/local/response_time_wrk.rb,raptor-12r,12,raptor,12,,4303,1000,5.019,5.0,1000,1753,2.141,2.0,19,true,4303,0,857.326,13.053,23.828,39.536,1391.521,1404.498,99.535,99.535,74.915,20,20,48,same_worker,67,3092371
yjit-on/puma-response-io-1024kb/raptor-12r/repeat-1,yjit-on,true,puma-response-io-1024kb,puma-response-time-wrk,puma/benchmarks/local/response_time_wrk,https://github.com/puma/puma/blob/main/benchmarks/local/response_time_wrk.rb,raptor-12r,12,raptor,12,,2397,1000,5.045,5.0,1000,1354,3.548,2.0,19,true,2397,0,475.13,21.663,63.986,87.74,2537.724,2565.57,122.238,114.906,78.29,20,20,51,same_worker,120,6641942
yjit-on/puma-response-array-2048kb/raptor-12r/repeat-1,yjit-on,true,puma-response-array-2048kb,puma-response-time-wrk,puma/benchmarks/local/response_time_wrk,https://github.com/puma/puma/blob/main/benchmarks/local/response_time_wrk.rb,raptor-12r,12,raptor,12,,1736,1000,5.551,5.0,1000,1015,3.263,2.0,19,true,1736,0,312.742,36.8,51.844,91.372,3673.354,3677.485,114.906,114.906,83.625,20,20,39,same_worker,19,1243063
yjit-on/puma-response-chunk-2048kb/raptor-12r/repeat-1,yjit-on,true,puma-response-chunk-2048kb,puma-response-time-wrk,puma/benchmarks/local/response_time_wrk,https://github.com/puma/puma/blob/main/benchmarks/local/response_time_wrk.rb,raptor-12r,12,raptor,12,,1674,1000,5.891,5.0,1000,1023,3.381,2.0,19,true,1674,0,284.164,39.823,59.224,82.96,4192.904,4198.191,114.906,114.906,88.015,20,20,41,same_worker,19,1198230
yjit-on/puma-response-string-2048kb/raptor-12r/repeat-1,yjit-on,true,puma-response-string-2048kb,puma-response-time-wrk,puma/benchmarks/local/response_time_wrk,https://github.com/puma/puma/blob/main/benchmarks/local/response_time_wrk.rb,raptor-12r,12,raptor,12,,2404,1000,5.03,5.0,1000,1215,2.832,2.0,19,true,2404,0,477.953,24.468,32.472,51.852,2557.882,2564.476,152.176,152.176,87.875,20,20,40,same_worker,26,1720663
yjit-on/puma-response-io-2048kb/raptor-12r/repeat-1,yjit-on,true,puma-response-io-2048kb,puma-response-time-wrk,puma/benchmarks/local/response_time_wrk,https://github.com/puma/puma/blob/main/benchmarks/local/response_time_wrk.rb,raptor-12r,12,raptor,12,,1594,1000,6.664,5.0,1000,1000,4.276,2.0,19,true,1594,0,239.211,44.484,74.288,202.306,4581.722,4645.628,181.227,181.227,91.79,20,20,73,same_worker,146,7685176
yjit-on/puma-long-tail-fib-200ms-x6p0/raptor-12r/repeat-1,yjit-on,true,puma-long-tail-fib-200ms-x6p0,puma-long-tail-hey,puma/benchmarks/local/long_tail_hey + test/rackup/sleep_fibonacci,https://github.com/puma/puma/blob/main/benchmarks/local/long_tail_hey.rb,raptor-12r,12,raptor,12,,1440,1440,200.251,5.0,1000,1000,140.216,2.0,72,true,0,1440,0.0,,,,,,181.797,181.797,42.74,20,20,2817,unavailable,,
yjit-on/puma-long-tail-fib-200ms-x4p0/raptor-12r/repeat-1,yjit-on,true,puma-long-tail-fib-200ms-x4p0,puma-long-tail-hey,puma/benchmarks/local/long_tail_hey + test/rackup/sleep_fibonacci,https://github.com/puma/puma/blob/main/benchmarks/local/long_tail_hey.rb,raptor-12r,12,raptor,12,,960,960,5.02,5.0,960,960,5.022,2.0,48,true,0,960,0.0,,,,,,181.797,181.797,30.69,20,20,72,unavailable,,
yjit-on/puma-long-tail-fib-200ms-x3p0/raptor-12r/repeat-1,yjit-on,true,puma-long-tail-fib-200ms-x3p0,puma-long-tail-hey,puma/benchmarks/local/long_tail_hey + test/rackup/sleep_fibonacci,https://github.com/puma/puma/blob/main/benchmarks/local/long_tail_hey.rb,raptor-12r,12,raptor,12,,720,720,5.018,5.0,720,720,5.014,2.0,36,true,0,720,0.0,,,,,,181.797,181.797,26.54,20,20,72,unavailable,,
yjit-on/puma-long-tail-fib-200ms-x2p0/raptor-12r/repeat-1,yjit-on,true,puma-long-tail-fib-200ms-x2p0,puma-long-tail-hey,puma/benchmarks/local/long_tail_hey + test/rackup/sleep_fibonacci,https://github.com/puma/puma/blob/main/benchmarks/local/long_tail_hey.rb,raptor-12r,12,raptor,12,,480,480,5.016,5.0,480,480,5.011,2.0,24,true,0,480,0.0,,,,,,181.797,181.797,23.36,20,20,72,unavailable,,
yjit-on/puma-long-tail-fib-200ms-x1p5/raptor-12r/repeat-1,yjit-on,true,puma-long-tail-fib-200ms-x1p5,puma-long-tail-hey,puma/benchmarks/local/long_tail_hey + test/rackup/sleep_fibonacci,https://github.com/puma/puma/blob/main/benchmarks/local/long_tail_hey.rb,raptor-12r,12,raptor,12,,360,360,5.012,5.0,360,360,5.01,2.0,18,true,0,360,0.0,,,,,,181.797,181.797,20.87,20,20,72,unavailable,,
yjit-on/puma-long-tail-fib-200ms-x1p0/raptor-12r/repeat-1,yjit-on,true,puma-long-tail-fib-200ms-x1p0,puma-long-tail-hey,puma/benchmarks/local/long_tail_hey + test/rackup/sleep_fibonacci,https://github.com/puma/puma/blob/main/benchmarks/local/long_tail_hey.rb,raptor-12r,12,raptor,12,,240,240,5.008,5.0,240,240,5.009,2.0,12,true,0,240,0.0,,,,,,181.797,181.797,18.86,20,20,72,unavailable,,
yjit-on/puma-long-tail-fib-200ms-x0p5/raptor-12r/repeat-1,yjit-on,true,puma-long-tail-fib-200ms-x0p5,puma-long-tail-hey,puma/benchmarks/local/long_tail_hey + test/rackup/sleep_fibonacci,https://github.com/puma/puma/blob/main/benchmarks/local/long_tail_hey.rb,raptor-12r,12,raptor,12,,120,120,5.008,5.0,120,120,5.007,2.0,6,true,0,120,0.0,,,,,,181.797,181.797,17.2,20,20,72,unavailable,,
yjit-on/puma-sleep-fibonacci-1ms/raptor-12r/repeat-1,yjit-on,true,puma-sleep-fibonacci-1ms,puma-sleep-fibonacci-test,puma/benchmarks/local/sleep_fibonacci_test + test/rackup/sleep_fibonacci,https://github.com/puma/puma/blob/main/benchmarks/local/sleep_fibonacci_test.rb,raptor-12r,12,raptor,12,,10,10,5.006,5.0,10,10,5.006,2.0,1,true,0,10,0.0,,,,,,181.797,181.797,15.8,20,20,71,unavailable,,
yjit-on/puma-sleep-fibonacci-5ms/raptor-12r/repeat-1,yjit-on,true,puma-sleep-fibonacci-5ms,puma-sleep-fibonacci-test,puma/benchmarks/local/sleep_fibonacci_test + test/rackup/sleep_fibonacci,https://github.com/puma/puma/blob/main/benchmarks/local/sleep_fibonacci_test.rb,raptor-12r,12,raptor,12,,10,10,5.006,5.0,10,10,5.006,2.0,1,true,0,10,0.0,,,,,,181.797,181.797,14.6,20,20,72,unavailable,,
yjit-on/puma-sleep-fibonacci-10ms/raptor-12r/repeat-1,yjit-on,true,puma-sleep-fibonacci-10ms,puma-sleep-fibonacci-test,puma/benchmarks/local/sleep_fibonacci_test + test/rackup/sleep_fibonacci,https://github.com/puma/puma/blob/main/benchmarks/local/sleep_fibonacci_test.rb,raptor-12r,12,raptor,12,,10,10,5.006,5.0,10,10,5.006,2.0,1,true,0,10,0.0,,,,,,181.797,181.797,13.6,20,20,72,unavailable,,
yjit-on/puma-sleep-fibonacci-50ms/raptor-12r/repeat-1,yjit-on,true,puma-sleep-fibonacci-50ms,puma-sleep-fibonacci-test,puma/benchmarks/local/sleep_fibonacci_test + test/rackup/sleep_fibonacci,https://github.com/puma/puma/blob/main/benchmarks/local/sleep_fibonacci_test.rb,raptor-12r,12,raptor,12,,10,10,5.006,5.0,10,10,5.006,2.0,1,true,0,10,0.0,,,,,,181.797,181.797,12.7,20,20,71,unavailable,,
yjit-on/puma-sleep-fibonacci-100ms/raptor-12r/repeat-1,yjit-on,true,puma-sleep-fibonacci-100ms,puma-sleep-fibonacci-test,puma/benchmarks/local/sleep_fibonacci_test + test/rackup/sleep_fibonacci,https://github.com/puma/puma/blob/main/benchmarks/local/sleep_fibonacci_test.rb,raptor-12r,12,raptor,12,,10,10,5.006,5.0,10,10,5.006,2.0,1,true,0,10,0.0,,,,,,181.797,181.797,11.93,20,20,72,unavailable,,
yjit-on/puma-sleep-fibonacci-200ms/raptor-12r/repeat-1,yjit-on,true,puma-sleep-fibonacci-200ms,puma-sleep-fibonacci-test,puma/benchmarks/local/sleep_fibonacci_test + test/rackup/sleep_fibonacci,https://github.com/puma/puma/blob/main/benchmarks/local/sleep_fibonacci_test.rb,raptor-12r,12,raptor,12,,10,10,5.006,5.0,10,10,5.006,2.0,1,true,0,10,0.0,,,,,,181.797,181.797,11.27,20,20,72,unavailable,,
yjit-on/puma-response-array-1kb/raptor-12r/repeat-2,yjit-on,true,puma-response-array-1kb,puma-response-time-wrk,puma/benchmarks/local/response_time_wrk,https://github.com/puma/puma/blob/main/benchmarks/local/response_time_wrk.rb,raptor-12r,12,raptor,12,,1691,1000,6.166,5.0,1000,1000,4.381,2.0,19,true,1691,0,274.248,41.031,42.343,43.998,4056.232,4063.586,36.898,36.898,16.525,20,20,88,same_worker,25,1214070
yjit-on/puma-response-chunk-1kb/raptor-12r/repeat-2,yjit-on,true,puma-response-chunk-1kb,puma-response-time-wrk,puma/benchmarks/local/response_time_wrk,https://github.com/puma/puma/blob/main/benchmarks/local/response_time_wrk.rb,raptor-12r,12,raptor,12,,1691,1000,6.162,5.0,1000,1000,4.337,2.0,19,true,1691,0,274.434,41.011,42.245,44.535,4047.209,4049.7,38.309,38.309,12.455,20,20,88,same_worker,19,1211077
yjit-on/puma-response-string-1kb/raptor-12r/repeat-2,yjit-on,true,puma-response-string-1kb,puma-response-time-wrk,puma/benchmarks/local/response_time_wrk,https://github.com/puma/puma/blob/main/benchmarks/local/response_time_wrk.rb,raptor-12r,12,raptor,12,,1691,1000,6.157,5.0,1000,1000,4.302,2.0,19,true,1691,0,274.627,41.003,42.271,44.478,4047.933,4049.377,38.875,38.875,11.3,20,20,88,same_worker,18,1215566
yjit-on/puma-response-io-1kb/raptor-12r/repeat-2,yjit-on,true,puma-response-io-1kb,puma-response-time-wrk,puma/benchmarks/local/response_time_wrk,https://github.com/puma/puma/blob/main/benchmarks/local/response_time_wrk.rb,raptor-12r,12,raptor,12,,1691,1000,6.173,5.0,1000,1000,4.275,2.0,19,true,1691,0,273.93,41.011,42.297,44.536,4047.752,4053.806,39.535,39.535,10.78,20,20,88,same_worker,17,1232403
yjit-on/puma-response-array-10kb/raptor-12r/repeat-2,yjit-on,true,puma-response-array-10kb,puma-response-time-wrk,puma/benchmarks/local/response_time_wrk,https://github.com/puma/puma/blob/main/benchmarks/local/response_time_wrk.rb,raptor-12r,12,raptor,12,,1691,1000,6.162,5.0,1000,1000,4.266,2.0,19,true,1691,0,274.424,41.012,42.259,44.432,4050.426,4055.867,39.785,39.785,10.485,20,20,88,same_worker,17,1211100
yjit-on/puma-response-chunk-10kb/raptor-12r/repeat-2,yjit-on,true,puma-response-chunk-10kb,puma-response-time-wrk,puma/benchmarks/local/response_time_wrk,https://github.com/puma/puma/blob/main/benchmarks/local/response_time_wrk.rb,raptor-12r,12,raptor,12,,1691,1000,6.194,5.0,1000,1000,4.257,2.0,19,true,1691,0,273.002,41.01,42.261,44.528,4055.115,4087.231,39.871,39.871,10.245,20,20,88,same_worker,17,1206698
yjit-on/puma-response-string-10kb/raptor-12r/repeat-2,yjit-on,true,puma-response-string-10kb,puma-response-time-wrk,puma/benchmarks/local/response_time_wrk,https://github.com/puma/puma/blob/main/benchmarks/local/response_time_wrk.rb,raptor-12r,12,raptor,12,,1691,1000,6.175,5.0,1000,1000,4.252,2.0,19,true,1691,0,273.84,41.03,42.448,44.185,4055.427,4056.465,39.938,39.938,10.035,20,20,88,same_worker,16,1216649
yjit-on/puma-response-io-10kb/raptor-12r/repeat-2,yjit-on,true,puma-response-io-10kb,puma-response-time-wrk,puma/benchmarks/local/response_time_wrk,https://github.com/puma/puma/blob/main/benchmarks/local/response_time_wrk.rb,raptor-12r,12,raptor,12,,1691,1000,6.167,5.0,1000,1000,4.269,2.0,19,true,1691,0,274.223,41.019,42.367,44.948,4055.346,4059.023,41.223,41.223,9.995,20,20,88,same_worker,17,1261943
yjit-on/puma-response-array-100kb/raptor-12r/repeat-2,yjit-on,true,puma-response-array-100kb,puma-response-time-wrk,puma/benchmarks/local/response_time_wrk,https://github.com/puma/puma/blob/main/benchmarks/local/response_time_wrk.rb,raptor-12r,12,raptor,12,,10097,1000,5.033,5.0,1000,4144,2.038,2.0,19,true,10097,0,2006.014,5.748,7.303,46.777,584.237,591.238,41.242,41.242,15.995,20,20,60,same_worker,101,7270812
yjit-on/puma-response-chunk-100kb/raptor-12r/repeat-2,yjit-on,true,puma-response-chunk-100kb,puma-response-time-wrk,puma/benchmarks/local/response_time_wrk,https://github.com/puma/puma/blob/main/benchmarks/local/response_time_wrk.rb,raptor-12r,12,raptor,12,,10103,1000,5.007,5.0,1000,4132,2.008,2.0,19,true,10103,0,2017.577,5.723,7.378,49.591,571.572,595.602,41.293,41.293,24.205,20,20,59,same_worker,101,7238934
yjit-on/puma-response-string-100kb/raptor-12r/repeat-2,yjit-on,true,puma-response-string-100kb,puma-response-time-wrk,puma/benchmarks/local/response_time_wrk,https://github.com/puma/puma/blob/main/benchmarks/local/response_time_wrk.rb,raptor-12r,12,raptor,12,,11222,1000,5.009,5.0,1000,4661,2.008,2.0,19,true,11222,0,2240.341,5.266,6.571,10.755,526.026,533.435,43.184,43.184,29.565,20,20,60,same_worker,112,8061625
yjit-on/puma-response-io-100kb/raptor-12r/repeat-2,yjit-on,true,puma-response-io-100kb,puma-response-time-wrk,puma/benchmarks/local/response_time_wrk,https://github.com/puma/puma/blob/main/benchmarks/local/response_time_wrk.rb,raptor-12r,12,raptor,12,,4239,1000,5.009,5.0,1000,2842,2.041,2.0,19,true,4239,0,846.306,6.351,41.921,51.968,3263.14,3289.363,53.539,53.539,33.45,20,20,67,same_worker,57,3923018
yjit-on/puma-response-array-256kb/raptor-12r/repeat-2,yjit-on,true,puma-response-array-256kb,puma-response-time-wrk,puma/benchmarks/local/response_time_wrk,https://github.com/puma/puma/blob/main/benchmarks/local/response_time_wrk.rb,raptor-12r,12,raptor,12,,6903,1000,5.011,5.0,1000,2925,2.01,2.0,19,true,6903,0,1377.635,7.843,12.385,53.249,807.893,885.454,53.539,53.539,38.305,20,20,55,same_worker,72,4963664
yjit-on/puma-response-chunk-256kb/raptor-12r/repeat-2,yjit-on,true,puma-response-chunk-256kb,puma-response-time-wrk,puma/benchmarks/local/response_time_wrk,https://github.com/puma/puma/blob/main/benchmarks/local/response_time_wrk.rb,raptor-12r,12,raptor,12,,6899,1000,5.011,5.0,1000,2832,2.012,2.0,19,true,6899,0,1376.72,8.144,11.893,52.848,834.835,918.367,53.539,53.539,44.695,20,20,55,same_worker,71,4928747
yjit-on/puma-response-string-256kb/raptor-12r/repeat-2,yjit-on,true,puma-response-string-256kb,puma-response-time-wrk,puma/benchmarks/local/response_time_wrk,https://github.com/puma/puma/blob/main/benchmarks/local/response_time_wrk.rb,raptor-12r,12,raptor,12,,8322,1000,5.014,5.0,1000,3453,2.009,2.0,19,true,8322,0,1659.843,6.573,10.978,26.736,734.279,742.26,54.203,54.203,47.82,20,20,56,same_worker,88,5975953
yjit-on/puma-response-io-256kb/raptor-12r/repeat-2,yjit-on,true,puma-response-io-256kb,puma-response-time-wrk,puma/benchmarks/local/response_time_wrk,https://github.com/puma/puma/blob/main/benchmarks/local/response_time_wrk.rb,raptor-12r,12,raptor,12,,4412,1000,5.066,5.0,1000,1294,4.007,2.0,19,true,4412,0,870.961,8.136,44.889,107.082,1352.107,1435.854,73.734,73.734,49.485,20,20,63,same_worker,90,5457926
yjit-on/puma-response-array-512kb/raptor-12r/repeat-2,yjit-on,true,puma-response-array-512kb,puma-response-time-wrk,puma/benchmarks/local/response_time_wrk,https://github.com/puma/puma/blob/main/benchmarks/local/response_time_wrk.rb,raptor-12r,12,raptor,12,,4760,1000,5.015,5.0,1000,1982,2.018,2.0,19,true,4760,0,949.16,11.784,17.663,53.87,1261.49,1279.214,73.734,73.734,54.495,20,20,50,same_worker,51,3419856
yjit-on/puma-response-chunk-512kb/raptor-12r/repeat-2,yjit-on,true,puma-response-chunk-512kb,puma-response-time-wrk,puma/benchmarks/local/response_time_wrk,https://github.com/puma/puma/blob/main/benchmarks/local/response_time_wrk.rb,raptor-12r,12,raptor,12,,4603,1000,5.017,5.0,1000,1917,2.015,2.0,19,true,4603,0,917.561,12.107,18.529,57.56,1295.309,1304.765,73.734,73.734,59.895,20,20,49,same_worker,50,3295855
yjit-on/puma-response-string-512kb/raptor-12r/repeat-2,yjit-on,true,puma-response-string-512kb,puma-response-time-wrk,puma/benchmarks/local/response_time_wrk,https://github.com/puma/puma/blob/main/benchmarks/local/response_time_wrk.rb,raptor-12r,12,raptor,12,,6089,1000,5.184,5.0,1000,2361,2.012,2.0,19,true,6089,0,1174.497,8.902,14.818,34.177,977.341,980.325,74.504,74.504,61.595,20,20,56,same_worker,67,4381206
yjit-on/puma-response-io-512kb/raptor-12r/repeat-2,yjit-on,true,puma-response-io-512kb,puma-response-time-wrk,puma/benchmarks/local/response_time_wrk,https://github.com/puma/puma/blob/main/benchmarks/local/response_time_wrk.rb,raptor-12r,12,raptor,12,,3974,1000,5.051,5.0,1000,1714,2.712,2.0,19,true,3974,0,786.81,12.949,48.868,210.369,1461.789,1614.057,93.949,85.141,65.215,20,20,53,same_worker,131,6946421
yjit-on/puma-response-array-1024kb/raptor-12r/repeat-2,yjit-on,true,puma-response-array-1024kb,puma-response-time-wrk,puma/benchmarks/local/response_time_wrk,https://github.com/puma/puma/blob/main/benchmarks/local/response_time_wrk.rb,raptor-12r,12,raptor,12,,3044,1000,5.032,5.0,1000,1578,3.19,2.0,19,true,3044,0,604.973,18.527,37.486,68.932,1985.577,2002.808,85.141,85.141,70.76,20,20,44,same_worker,34,2179880
yjit-on/puma-response-chunk-1024kb/raptor-12r/repeat-2,yjit-on,true,puma-response-chunk-1024kb,puma-response-time-wrk,puma/benchmarks/local/response_time_wrk,https://github.com/puma/puma/blob/main/benchmarks/local/response_time_wrk.rb,raptor-12r,12,raptor,12,,2983,1000,5.05,5.0,1000,1553,3.013,2.0,19,true,2983,0,590.691,18.948,38.759,90.861,2041.997,2094.523,85.141,85.141,75.785,20,20,44,same_worker,33,2121565
yjit-on/puma-response-string-1024kb/raptor-12r/repeat-2,yjit-on,true,puma-response-string-1024kb,puma-response-time-wrk,puma/benchmarks/local/response_time_wrk,https://github.com/puma/puma/blob/main/benchmarks/local/response_time_wrk.rb,raptor-12r,12,raptor,12,,4126,1000,5.018,5.0,1000,1779,2.102,2.0,19,true,4126,0,822.285,13.392,24.965,44.875,1465.312,1472.093,96.656,96.656,76.74,20,20,48,same_worker,47,2953354
yjit-on/puma-response-io-1024kb/raptor-12r/repeat-2,yjit-on,true,puma-response-io-1024kb,puma-response-time-wrk,puma/benchmarks/local/response_time_wrk,https://github.com/puma/puma/blob/main/benchmarks/local/response_time_wrk.rb,raptor-12r,12,raptor,12,,2412,1000,5.044,5.0,1000,1334,3.811,2.0,19,true,2412,0,478.192,21.796,63.73,84.508,2373.388,2509.455,133.98,117.969,79.975,20,20,51,same_worker,95,6690703
yjit-on/puma-response-array-2048kb/raptor-12r/repeat-2,yjit-on,true,puma-response-array-2048kb,puma-response-time-wrk,puma/benchmarks/local/response_time_wrk,https://github.com/puma/puma/blob/main/benchmarks/local/response_time_wrk.rb,raptor-12r,12,raptor,12,,1736,1000,5.616,5.0,1000,1035,3.196,2.0,19,true,1736,0,309.123,36.615,52.1,75.914,3762.348,3775.815,117.969,117.969,85.225,20,20,41,same_worker,15,1243390
yjit-on/puma-response-chunk-2048kb/raptor-12r/repeat-2,yjit-on,true,puma-response-chunk-2048kb,puma-response-time-wrk,puma/benchmarks/local/response_time_wrk,https://github.com/puma/puma/blob/main/benchmarks/local/response_time_wrk.rb,raptor-12r,12,raptor,12,,1741,1000,5.495,5.0,1000,1010,3.655,2.0,19,true,1741,0,316.848,35.564,52.34,91.701,3661.67,3674.006,117.969,117.969,89.29,20,20,38,same_worker,16,1246753
yjit-on/puma-response-string-2048kb/raptor-12r/repeat-2,yjit-on,true,puma-response-string-2048kb,puma-response-time-wrk,puma/benchmarks/local/response_time_wrk,https://github.com/puma/puma/blob/main/benchmarks/local/response_time_wrk.rb,raptor-12r,12,raptor,12,,2352,1000,5.035,5.0,1000,1265,2.733,2.0,19,true,2352,0,467.096,24.689,34.028,57.709,2618.031,2626.99,162.016,162.016,89.38,20,20,40,same_worker,21,1691109
yjit-on/puma-response-io-2048kb/raptor-12r/repeat-2,yjit-on,true,puma-response-io-2048kb,puma-response-time-wrk,puma/benchmarks/local/response_time_wrk,https://github.com/puma/puma/blob/main/benchmarks/local/response_time_wrk.rb,raptor-12r,12,raptor,12,,1613,1000,6.288,5.0,1000,1000,4.252,2.0,19,true,1613,0,256.537,42.535,77.302,211.041,4440.826,4473.637,184.91,179.59,93.21,20,20,65,same_worker,130,7774246
yjit-on/puma-long-tail-fib-200ms-x6p0/raptor-12r/repeat-2,yjit-on,true,puma-long-tail-fib-200ms-x6p0,puma-long-tail-hey,puma/benchmarks/local/long_tail_hey + test/rackup/sleep_fibonacci,https://github.com/puma/puma/blob/main/benchmarks/local/long_tail_hey.rb,raptor-12r,12,raptor,12,,1440,1440,200.256,5.0,1000,1000,140.207,2.0,72,true,0,1440,0.0,,,,,,176.32,176.32,43.28,20,20,2819,unavailable,,
yjit-on/puma-long-tail-fib-200ms-x4p0/raptor-12r/repeat-2,yjit-on,true,puma-long-tail-fib-200ms-x4p0,puma-long-tail-hey,puma/benchmarks/local/long_tail_hey + test/rackup/sleep_fibonacci,https://github.com/puma/puma/blob/main/benchmarks/local/long_tail_hey.rb,raptor-12r,12,raptor,12,,960,960,5.02,5.0,960,960,5.021,2.0,48,true,0,960,0.0,,,,,,176.32,176.32,31.07,20,20,72,unavailable,,
yjit-on/puma-long-tail-fib-200ms-x3p0/raptor-12r/repeat-2,yjit-on,true,puma-long-tail-fib-200ms-x3p0,puma-long-tail-hey,puma/benchmarks/local/long_tail_hey + test/rackup/sleep_fibonacci,https://github.com/puma/puma/blob/main/benchmarks/local/long_tail_hey.rb,raptor-12r,12,raptor,12,,720,720,5.018,5.0,720,720,5.016,2.0,36,true,0,720,0.0,,,,,,176.32,176.32,26.855,20,20,72,unavailable,,
yjit-on/puma-long-tail-fib-200ms-x2p0/raptor-12r/repeat-2,yjit-on,true,puma-long-tail-fib-200ms-x2p0,puma-long-tail-hey,puma/benchmarks/local/long_tail_hey + test/rackup/sleep_fibonacci,https://github.com/puma/puma/blob/main/benchmarks/local/long_tail_hey.rb,raptor-12r,12,raptor,12,,480,480,5.015,5.0,480,480,5.013,2.0,24,true,0,480,0.0,,,,,,176.32,176.32,23.645,20,20,72,unavailable,,
yjit-on/puma-long-tail-fib-200ms-x1p5/raptor-12r/repeat-2,yjit-on,true,puma-long-tail-fib-200ms-x1p5,puma-long-tail-hey,puma/benchmarks/local/long_tail_hey + test/rackup/sleep_fibonacci,https://github.com/puma/puma/blob/main/benchmarks/local/long_tail_hey.rb,raptor-12r,12,raptor,12,,360,360,5.011,5.0,360,360,5.01,2.0,18,true,0,360,0.0,,,,,,176.32,176.32,21.12,20,20,72,unavailable,,
yjit-on/puma-long-tail-fib-200ms-x1p0/raptor-12r/repeat-2,yjit-on,true,puma-long-tail-fib-200ms-x1p0,puma-long-tail-hey,puma/benchmarks/local/long_tail_hey + test/rackup/sleep_fibonacci,https://github.com/puma/puma/blob/main/benchmarks/local/long_tail_hey.rb,raptor-12r,12,raptor,12,,240,240,5.009,5.0,240,240,5.009,2.0,12,true,0,240,0.0,,,,,,176.32,176.32,19.095,20,20,72,unavailable,,
yjit-on/puma-long-tail-fib-200ms-x0p5/raptor-12r/repeat-2,yjit-on,true,puma-long-tail-fib-200ms-x0p5,puma-long-tail-hey,puma/benchmarks/local/long_tail_hey + test/rackup/sleep_fibonacci,https://github.com/puma/puma/blob/main/benchmarks/local/long_tail_hey.rb,raptor-12r,12,raptor,12,,120,120,5.007,5.0,120,120,5.007,2.0,6,true,0,120,0.0,,,,,,176.32,176.32,17.4,20,20,72,unavailable,,
yjit-on/puma-sleep-fibonacci-1ms/raptor-12r/repeat-2,yjit-on,true,puma-sleep-fibonacci-1ms,puma-sleep-fibonacci-test,puma/benchmarks/local/sleep_fibonacci_test + test/rackup/sleep_fibonacci,https://github.com/puma/puma/blob/main/benchmarks/local/sleep_fibonacci_test.rb,raptor-12r,12,raptor,12,,10,10,5.006,5.0,10,10,5.006,2.0,1,true,0,10,0.0,,,,,,176.32,176.32,16.0,20,20,72,unavailable,,
yjit-on/puma-sleep-fibonacci-5ms/raptor-12r/repeat-2,yjit-on,true,puma-sleep-fibonacci-5ms,puma-sleep-fibonacci-test,puma/benchmarks/local/sleep_fibonacci_test + test/rackup/sleep_fibonacci,https://github.com/puma/puma/blob/main/benchmarks/local/sleep_fibonacci_test.rb,raptor-12r,12,raptor,12,,10,10,5.006,5.0,10,10,5.006,2.0,1,true,0,10,0.0,,,,,,176.32,176.32,14.8,20,20,72,unavailable,,
yjit-on/puma-sleep-fibonacci-10ms/raptor-12r/repeat-2,yjit-on,true,puma-sleep-fibonacci-10ms,puma-sleep-fibonacci-test,puma/benchmarks/local/sleep_fibonacci_test + test/rackup/sleep_fibonacci,https://github.com/puma/puma/blob/main/benchmarks/local/sleep_fibonacci_test.rb,raptor-12r,12,raptor,12,,10,10,5.006,5.0,10,10,5.005,2.0,1,true,0,10,0.0,,,,,,176.32,176.32,13.8,20,20,72,unavailable,,
yjit-on/puma-sleep-fibonacci-50ms/raptor-12r/repeat-2,yjit-on,true,puma-sleep-fibonacci-50ms,puma-sleep-fibonacci-test,puma/benchmarks/local/sleep_fibonacci_test + test/rackup/sleep_fibonacci,https://github.com/puma/puma/blob/main/benchmarks/local/sleep_fibonacci_test.rb,raptor-12r,12,raptor,12,,10,10,5.006,5.0,10,10,5.006,2.0,1,true,0,10,0.0,,,,,,176.32,176.32,12.9,20,20,72,unavailable,,
yjit-on/puma-sleep-fibonacci-100ms/raptor-12r/repeat-2,yjit-on,true,puma-sleep-fibonacci-100ms,puma-sleep-fibonacci-test,puma/benchmarks/local/sleep_fibonacci_test + test/rackup/sleep_fibonacci,https://github.com/puma/puma/blob/main/benchmarks/local/sleep_fibonacci_test.rb,raptor-12r,12,raptor,12,,10,10,5.006,5.0,10,10,5.006,2.0,1,true,0,10,0.0,,,,,,176.32,176.32,12.1,20,20,72,unavailable,,
yjit-on/puma-sleep-fibonacci-200ms/raptor-12r/repeat-2,yjit-on,true,puma-sleep-fibonacci-200ms,puma-sleep-fibonacci-test,puma/benchmarks/local/sleep_fibonacci_test + test/rackup/sleep_fibonacci,https://github.com/puma/puma/blob/main/benchmarks/local/sleep_fibonacci_test.rb,raptor-12r,12,raptor,12,,10,10,5.006,5.0,10,10,5.006,2.0,1,true,0,10,0.0,,,,,,176.32,176.32,11.4,20,20,72,unavailable,,
yjit-on/puma-response-array-1kb/raptor-12r/repeat-3,yjit-on,true,puma-response-array-1kb,puma-response-time-wrk,puma/benchmarks/local/response_time_wrk,https://github.com/puma/puma/blob/main/benchmarks/local/response_time_wrk.rb,raptor-12r,12,raptor,12,,1691,1000,6.169,5.0,1000,1000,4.4,2.0,19,true,1691,0,274.123,41.011,42.271,43.908,4048.063,4048.675,36.863,36.863,16.425,20,20,88,same_worker,27,1217833
yjit-on/puma-response-chunk-1kb/raptor-12r/repeat-3,yjit-on,true,puma-response-chunk-1kb,puma-response-time-wrk,puma/benchmarks/local/response_time_wrk,https://github.com/puma/puma/blob/main/benchmarks/local/response_time_wrk.rb,raptor-12r,12,raptor,12,,1691,1000,6.165,5.0,1000,1000,4.326,2.0,19,true,1691,0,274.296,41.019,42.405,45.437,4055.888,4058.151,37.891,37.891,12.505,20,20,88,same_worker,20,1214557
yjit-on/puma-response-string-1kb/raptor-12r/repeat-3,yjit-on,true,puma-response-string-1kb,puma-response-time-wrk,puma/benchmarks/local/response_time_wrk,https://github.com/puma/puma/blob/main/benchmarks/local/response_time_wrk.rb,raptor-12r,12,raptor,12,,1691,1000,6.16,5.0,1000,1000,4.311,2.0,19,true,1691,0,274.512,41.029,42.478,44.318,4045.881,4047.656,38.582,38.582,11.365,20,20,87,same_worker,19,1215300
yjit-on/puma-response-io-1kb/raptor-12r/repeat-3,yjit-on,true,puma-response-io-1kb,puma-response-time-wrk,puma/benchmarks/local/response_time_wrk,https://github.com/puma/puma/blob/main/benchmarks/local/response_time_wrk.rb,raptor-12r,12,raptor,12,,1689,1000,6.184,5.0,1000,1000,4.322,2.0,19,true,1689,0,273.136,41.098,42.611,45.297,4073.385,4074.407,38.992,38.992,10.89,20,20,88,same_worker,19,1226957
yjit-on/puma-response-array-10kb/raptor-12r/repeat-3,yjit-on,true,puma-response-array-10kb,puma-response-time-wrk,puma/benchmarks/local/response_time_wrk,https://github.com/puma/puma/blob/main/benchmarks/local/response_time_wrk.rb,raptor-12r,12,raptor,12,,1691,1000,6.172,5.0,1000,1000,4.26,2.0,19,true,1691,0,273.99,41.046,42.463,44.371,4060.063,4061.194,39.281,39.281,10.59,20,20,88,same_worker,18,1209085
yjit-on/puma-response-chunk-10kb/raptor-12r/repeat-3,yjit-on,true,puma-response-chunk-10kb,puma-response-time-wrk,puma/benchmarks/local/response_time_wrk,https://github.com/puma/puma/blob/main/benchmarks/local/response_time_wrk.rb,raptor-12r,12,raptor,12,,1691,1000,6.159,5.0,1000,1000,4.245,2.0,19,true,1691,0,274.577,41.002,42.247,44.269,4043.012,4053.438,39.363,39.363,10.39,20,20,88,same_worker,18,1213380
yjit-on/puma-response-string-10kb/raptor-12r/repeat-3,yjit-on,true,puma-response-string-10kb,puma-response-time-wrk,puma/benchmarks/local/response_time_wrk,https://github.com/puma/puma/blob/main/benchmarks/local/response_time_wrk.rb,raptor-12r,12,raptor,12,,1691,1000,6.171,5.0,1000,1000,4.243,2.0,19,true,1691,0,274.037,41.03,42.519,44.584,4056.358,4057.297,39.512,39.512,10.185,20,20,88,same_worker,19,1212370
yjit-on/puma-response-io-10kb/raptor-12r/repeat-3,yjit-on,true,puma-response-io-10kb,puma-response-time-wrk,puma/benchmarks/local/response_time_wrk,https://github.com/puma/puma/blob/main/benchmarks/local/response_time_wrk.rb,raptor-12r,12,raptor,12,,1691,1000,6.161,5.0,1000,1000,4.276,2.0,19,true,1691,0,274.477,40.998,42.3,44.591,4045.356,4054.461,40.625,40.625,10.095,20,20,87,same_worker,19,1261477
yjit-on/puma-response-array-100kb/raptor-12r/repeat-3,yjit-on,true,puma-response-array-100kb,puma-response-time-wrk,puma/benchmarks/local/response_time_wrk,https://github.com/puma/puma/blob/main/benchmarks/local/response_time_wrk.rb,raptor-12r,12,raptor,12,,10112,1000,5.009,5.0,1000,4106,2.009,2.0,19,true,10112,0,2018.8,5.716,7.358,48.612,560.198,589.669,40.641,40.641,15.99,20,20,59,same_worker,112,7261714
yjit-on/puma-response-chunk-100kb/raptor-12r/repeat-3,yjit-on,true,puma-response-chunk-100kb,puma-response-time-wrk,puma/benchmarks/local/response_time_wrk,https://github.com/puma/puma/blob/main/benchmarks/local/response_time_wrk.rb,raptor-12r,12,raptor,12,,10165,1000,5.008,5.0,1000,4231,2.008,2.0,19,true,10165,0,2029.647,5.749,7.27,49.839,538.046,592.202,40.652,40.652,24.36,20,20,59,same_worker,116,7293413
yjit-on/puma-response-string-100kb/raptor-12r/repeat-3,yjit-on,true,puma-response-string-100kb,puma-response-time-wrk,puma/benchmarks/local/response_time_wrk,https://github.com/puma/puma/blob/main/benchmarks/local/response_time_wrk.rb,raptor-12r,12,raptor,12,,11168,1000,5.008,5.0,1000,4613,2.007,2.0,19,true,11168,0,2230.004,5.271,6.631,10.728,529.231,541.919,42.41,42.41,29.755,20,20,60,same_worker,133,8027086
yjit-on/puma-response-io-100kb/raptor-12r/repeat-3,yjit-on,true,puma-response-io-100kb,puma-response-time-wrk,puma/benchmarks/local/response_time_wrk,https://github.com/puma/puma/blob/main/benchmarks/local/response_time_wrk.rb,raptor-12r,12,raptor,12,,9238,1000,5.015,5.0,1000,3925,2.043,2.0,19,true,9238,0,1842.163,6.115,8.214,50.056,637.615,671.621,51.469,51.469,35.92,20,20,59,same_worker,152,8546187
yjit-on/puma-response-array-256kb/raptor-12r/repeat-3,yjit-on,true,puma-response-array-256kb,puma-response-time-wrk,puma/benchmarks/local/response_time_wrk,https://github.com/puma/puma/blob/main/benchmarks/local/response_time_wrk.rb,raptor-12r,12,raptor,12,,6955,1000,5.013,5.0,1000,2919,2.014,2.0,19,true,6955,0,1387.494,7.962,11.786,52.391,804.22,866.471,51.469,51.469,42.76,20,20,55,same_worker,89,5007113
yjit-on/puma-response-chunk-256kb/raptor-12r/repeat-3,yjit-on,true,puma-response-chunk-256kb,puma-response-time-wrk,puma/benchmarks/local/response_time_wrk,https://github.com/puma/puma/blob/main/benchmarks/local/response_time_wrk.rb,raptor-12r,12,raptor,12,,6793,1000,5.039,5.0,1000,2739,2.011,2.0,19,true,6793,0,1348.075,8.005,12.809,55.368,850.186,908.227,51.469,51.469,48.825,20,20,55,same_worker,87,4871413
yjit-on/puma-response-string-256kb/raptor-12r/repeat-3,yjit-on,true,puma-response-string-256kb,puma-response-time-wrk,puma/benchmarks/local/response_time_wrk,https://github.com/puma/puma/blob/main/benchmarks/local/response_time_wrk.rb,raptor-12r,12,raptor,12,,8208,1000,5.032,5.0,1000,3437,2.009,2.0,19,true,8208,0,1631.201,6.604,10.885,30.666,733.205,747.178,53.133,53.133,51.71,20,20,57,same_worker,104,5910397
yjit-on/puma-response-io-256kb/raptor-12r/repeat-3,yjit-on,true,puma-response-io-256kb,puma-response-time-wrk,puma/benchmarks/local/response_time_wrk,https://github.com/puma/puma/blob/main/benchmarks/local/response_time_wrk.rb,raptor-12r,12,raptor,12,,3813,1000,5.06,5.0,1000,1460,4.072,2.0,19,true,3813,0,753.626,8.355,44.023,192.945,1671.62,1768.532,71.809,71.809,52.995,20,20,64,same_worker,95,4715397
yjit-on/puma-response-array-512kb/raptor-12r/repeat-3,yjit-on,true,puma-response-array-512kb,puma-response-time-wrk,puma/benchmarks/local/response_time_wrk,https://github.com/puma/puma/blob/main/benchmarks/local/response_time_wrk.rb,raptor-12r,12,raptor,12,,4637,1000,5.019,5.0,1000,1930,2.017,2.0,19,true,4637,0,923.918,11.984,18.493,57.454,1301.179,1311.262,71.809,71.809,57.33,20,20,50,same_worker,63,3344077
yjit-on/puma-response-chunk-512kb/raptor-12r/repeat-3,yjit-on,true,puma-response-chunk-512kb,puma-response-time-wrk,puma/benchmarks/local/response_time_wrk,https://github.com/puma/puma/blob/main/benchmarks/local/response_time_wrk.rb,raptor-12r,12,raptor,12,,4606,1000,5.017,5.0,1000,1901,2.017,2.0,19,true,4606,0,918.117,12.126,18.412,59.867,1288.98,1316.14,71.809,71.809,62.52,20,20,50,same_worker,62,3293219
yjit-on/puma-response-string-512kb/raptor-12r/repeat-3,yjit-on,true,puma-response-string-512kb,puma-response-time-wrk,puma/benchmarks/local/response_time_wrk,https://github.com/puma/puma/blob/main/benchmarks/local/response_time_wrk.rb,raptor-12r,12,raptor,12,,6015,1000,5.013,5.0,1000,2430,2.013,2.0,19,true,6015,0,1199.879,9.004,14.825,32.984,1005.83,1011.672,72.543,72.543,64.17,20,20,53,same_worker,83,4322036
yjit-on/puma-response-io-512kb/raptor-12r/repeat-3,yjit-on,true,puma-response-io-512kb,puma-response-time-wrk,puma/benchmarks/local/response_time_wrk,https://github.com/puma/puma/blob/main/benchmarks/local/response_time_wrk.rb,raptor-12r,12,raptor,12,,3726,1000,5.061,5.0,1000,1692,2.759,2.0,19,true,3726,0,736.226,13.028,52.514,171.724,1510.401,1548.689,90.141,83.156,67.66,20,20,56,same_worker,154,6513228
yjit-on/puma-response-array-1024kb/raptor-12r/repeat-3,yjit-on,true,puma-response-array-1024kb,puma-response-time-wrk,puma/benchmarks/local/response_time_wrk,https://github.com/puma/puma/blob/main/benchmarks/local/response_time_wrk.rb,raptor-12r,12,raptor,12,,2995,1000,5.027,5.0,1000,1560,2.833,2.0,19,true,2995,0,595.83,18.663,41.907,70.045,1952.35,2005.215,83.16,83.16,72.825,20,20,43,same_worker,42,2145292
yjit-on/puma-response-chunk-1024kb/raptor-12r/repeat-3,yjit-on,true,puma-response-chunk-1024kb,puma-response-time-wrk,puma/benchmarks/local/response_time_wrk,https://github.com/puma/puma/blob/main/benchmarks/local/response_time_wrk.rb,raptor-12r,12,raptor,12,,2959,1000,5.028,5.0,1000,1549,2.875,2.0,19,true,2959,0,588.453,19.008,41.552,81.15,2020.011,2034.444,83.16,83.16,77.89,20,20,44,same_worker,43,2113443
yjit-on/puma-response-string-1024kb/raptor-12r/repeat-3,yjit-on,true,puma-response-string-1024kb,puma-response-time-wrk,puma/benchmarks/local/response_time_wrk,https://github.com/puma/puma/blob/main/benchmarks/local/response_time_wrk.rb,raptor-12r,12,raptor,12,,4173,1000,5.019,5.0,1000,1765,2.141,2.0,19,true,4173,0,831.423,13.178,24.041,43.83,1461.036,1476.91,94.031,94.031,78.72,20,20,48,same_worker,63,2998215
yjit-on/puma-response-io-1024kb/raptor-12r/repeat-3,yjit-on,true,puma-response-io-1024kb,puma-response-time-wrk,puma/benchmarks/local/response_time_wrk,https://github.com/puma/puma/blob/main/benchmarks/local/response_time_wrk.rb,raptor-12r,12,raptor,12,,2384,1000,5.028,5.0,1000,1329,3.7,2.0,19,true,2384,0,474.185,22.183,62.083,86.119,2478.046,2563.964,127.578,115.84,81.865,20,20,50,same_worker,105,6605749
yjit-on/puma-response-array-2048kb/raptor-12r/repeat-3,yjit-on,true,puma-response-array-2048kb,puma-response-time-wrk,puma/benchmarks/local/response_time_wrk,https://github.com/puma/puma/blob/main/benchmarks/local/response_time_wrk.rb,raptor-12r,12,raptor,12,,1720,1000,5.728,5.0,1000,1003,3.254,2.0,19,true,1720,0,300.254,37.825,52.461,71.323,3923.605,3934.412,115.84,115.84,86.705,20,20,41,same_worker,18,1244309
yjit-on/puma-response-chunk-2048kb/raptor-12r/repeat-3,yjit-on,true,puma-response-chunk-2048kb,puma-response-time-wrk,puma/benchmarks/local/response_time_wrk,https://github.com/puma/puma/blob/main/benchmarks/local/response_time_wrk.rb,raptor-12r,12,raptor,12,,1712,1000,5.719,5.0,1000,1017,3.361,2.0,19,true,1712,0,299.352,37.879,52.632,102.237,3918.038,3956.61,115.84,115.84,90.83,20,20,41,same_worker,17,1223285
yjit-on/puma-response-string-2048kb/raptor-12r/repeat-3,yjit-on,true,puma-response-string-2048kb,puma-response-time-wrk,puma/benchmarks/local/response_time_wrk,https://github.com/puma/puma/blob/main/benchmarks/local/response_time_wrk.rb,raptor-12r,12,raptor,12,,2183,1000,5.042,5.0,1000,1255,2.773,2.0,19,true,2183,0,433.002,27.651,35.115,53.262,2728.64,2738.051,143.582,143.582,90.655,20,20,38,same_worker,21,1557024
yjit-on/puma-response-io-2048kb/raptor-12r/repeat-3,yjit-on,true,puma-response-io-2048kb,puma-response-time-wrk,puma/benchmarks/local/response_time_wrk,https://github.com/puma/puma/blob/main/benchmarks/local/response_time_wrk.rb,raptor-12r,12,raptor,12,,1623,1000,6.422,5.0,1000,1000,4.457,2.0,19,true,1623,0,252.731,41.789,77.648,303.884,4390.024,4504.494,190.621,187.313,94.415,20,20,68,same_worker,122,7823736
yjit-on/puma-long-tail-fib-200ms-x6p0/raptor-12r/repeat-3,yjit-on,true,puma-long-tail-fib-200ms-x6p0,puma-long-tail-hey,puma/benchmarks/local/long_tail_hey + test/rackup/sleep_fibonacci,https://github.com/puma/puma/blob/main/benchmarks/local/long_tail_hey.rb,raptor-12r,12,raptor,12,,1440,1440,200.253,5.0,1000,1000,140.192,2.0,72,true,0,1440,0.0,,,,,,187.84,187.84,43.555,20,20,2821,unavailable,,
yjit-on/puma-long-tail-fib-200ms-x4p0/raptor-12r/repeat-3,yjit-on,true,puma-long-tail-fib-200ms-x4p0,puma-long-tail-hey,puma/benchmarks/local/long_tail_hey + test/rackup/sleep_fibonacci,https://github.com/puma/puma/blob/main/benchmarks/local/long_tail_hey.rb,raptor-12r,12,raptor,12,,960,960,5.022,5.0,960,960,5.021,2.0,48,true,0,960,0.0,,,,,,187.84,187.84,31.26,20,20,72,unavailable,,
yjit-on/puma-long-tail-fib-200ms-x3p0/raptor-12r/repeat-3,yjit-on,true,puma-long-tail-fib-200ms-x3p0,puma-long-tail-hey,puma/benchmarks/local/long_tail_hey + test/rackup/sleep_fibonacci,https://github.com/puma/puma/blob/main/benchmarks/local/long_tail_hey.rb,raptor-12r,12,raptor,12,,720,720,5.016,5.0,720,720,5.017,2.0,36,true,0,720,0.0,,,,,,187.84,187.84,27.025,20,20,72,unavailable,,
yjit-on/puma-long-tail-fib-200ms-x2p0/raptor-12r/repeat-3,yjit-on,true,puma-long-tail-fib-200ms-x2p0,puma-long-tail-hey,puma/benchmarks/local/long_tail_hey + test/rackup/sleep_fibonacci,https://github.com/puma/puma/blob/main/benchmarks/local/long_tail_hey.rb,raptor-12r,12,raptor,12,,480,480,5.012,5.0,480,480,5.012,2.0,24,true,0,480,0.0,,,,,,187.84,187.84,23.785,20,20,72,unavailable,,
yjit-on/puma-long-tail-fib-200ms-x1p5/raptor-12r/repeat-3,yjit-on,true,puma-long-tail-fib-200ms-x1p5,puma-long-tail-hey,puma/benchmarks/local/long_tail_hey + test/rackup/sleep_fibonacci,https://github.com/puma/puma/blob/main/benchmarks/local/long_tail_hey.rb,raptor-12r,12,raptor,12,,360,360,5.011,5.0,360,360,5.009,2.0,18,true,0,360,0.0,,,,,,187.84,187.84,21.25,20,20,72,unavailable,,
yjit-on/puma-long-tail-fib-200ms-x1p0/raptor-12r/repeat-3,yjit-on,true,puma-long-tail-fib-200ms-x1p0,puma-long-tail-hey,puma/benchmarks/local/long_tail_hey + test/rackup/sleep_fibonacci,https://github.com/puma/puma/blob/main/benchmarks/local/long_tail_hey.rb,raptor-12r,12,raptor,12,,240,240,5.009,5.0,240,240,5.009,2.0,12,true,0,240,0.0,,,,,,187.84,187.84,19.2,20,20,72,unavailable,,
yjit-on/puma-long-tail-fib-200ms-x0p5/raptor-12r/repeat-3,yjit-on,true,puma-long-tail-fib-200ms-x0p5,puma-long-tail-hey,puma/benchmarks/local/long_tail_hey + test/rackup/sleep_fibonacci,https://github.com/puma/puma/blob/main/benchmarks/local/long_tail_hey.rb,raptor-12r,12,raptor,12,,120,120,5.007,5.0,120,120,5.007,2.0,6,true,0,120,0.0,,,,,,187.84,187.84,17.5,20,20,72,unavailable,,
yjit-on/puma-sleep-fibonacci-1ms/raptor-12r/repeat-3,yjit-on,true,puma-sleep-fibonacci-1ms,puma-sleep-fibonacci-test,puma/benchmarks/local/sleep_fibonacci_test + test/rackup/sleep_fibonacci,https://github.com/puma/puma/blob/main/benchmarks/local/sleep_fibonacci_test.rb,raptor-12r,12,raptor,12,,10,10,5.006,5.0,10,10,5.006,2.0,1,true,0,10,0.0,,,,,,187.84,187.84,16.1,20,20,72,unavailable,,
yjit-on/puma-sleep-fibonacci-5ms/raptor-12r/repeat-3,yjit-on,true,puma-sleep-fibonacci-5ms,puma-sleep-fibonacci-test,puma/benchmarks/local/sleep_fibonacci_test + test/rackup/sleep_fibonacci,https://github.com/puma/puma/blob/main/benchmarks/local/sleep_fibonacci_test.rb,raptor-12r,12,raptor,12,,10,10,5.006,5.0,10,10,5.006,2.0,1,true,0,10,0.0,,,,,,187.84,187.84,14.9,20,20,72,unavailable,,
yjit-on/puma-sleep-fibonacci-10ms/raptor-12r/repeat-3,yjit-on,true,puma-sleep-fibonacci-10ms,puma-sleep-fibonacci-test,puma/benchmarks/local/sleep_fibonacci_test + test/rackup/sleep_fibonacci,https://github.com/puma/puma/blob/main/benchmarks/local/sleep_fibonacci_test.rb,raptor-12r,12,raptor,12,,10,10,5.006,5.0,10,10,5.006,2.0,1,true,0,10,0.0,,,,,,187.84,187.84,13.855,20,20,72,unavailable,,
yjit-on/puma-sleep-fibonacci-50ms/raptor-12r/repeat-3,yjit-on,true,puma-sleep-fibonacci-50ms,puma-sleep-fibonacci-test,puma/benchmarks/local/sleep_fibonacci_test + test/rackup/sleep_fibonacci,https://github.com/puma/puma/blob/main/benchmarks/local/sleep_fibonacci_test.rb,raptor-12r,12,raptor,12,,10,10,5.006,5.0,10,10,5.001,2.0,1,true,0,10,0.0,,,,,,187.84,187.84,12.95,20,20,72,unavailable,,
yjit-on/puma-sleep-fibonacci-100ms/raptor-12r/repeat-3,yjit-on,true,puma-sleep-fibonacci-100ms,puma-sleep-fibonacci-test,puma/benchmarks/local/sleep_fibonacci_test + test/rackup/sleep_fibonacci,https://github.com/puma/puma/blob/main/benchmarks/local/sleep_fibonacci_test.rb,raptor-12r,12,raptor,12,,10,10,5.006,5.0,10,10,5.006,2.0,1,true,0,10,0.0,,,,,,187.84,187.84,12.175,20,20,72,unavailable,,
yjit-on/puma-sleep-fibonacci-200ms/raptor-12r/repeat-3,yjit-on,true,puma-sleep-fibonacci-200ms,puma-sleep-fibonacci-test,puma/benchmarks/local/sleep_fibonacci_test + test/rackup/sleep_fibonacci,https://github.com/puma/puma/blob/main/benchmarks/local/sleep_fibonacci_test.rb,raptor-12r,12,raptor,12,,10,10,5.006,5.0,10,10,5.006,2.0,1,true,0,10,0.0,,,,,,187.84,187.84,11.475,20,20,72,unavailable,,
yjit-on/puma-response-array-1kb/puma-4w-3t/repeat-1,yjit-on,true,puma-response-array-1kb,puma-response-time-wrk,puma/benchmarks/local/response_time_wrk,https://github.com/puma/puma/blob/main/benchmarks/local/response_time_wrk.rb,puma-4w-3t,12,puma,4,3,14513,1000,5.005,5.0,1000,5576,2.005,2.0,19,true,14513,0,2899.657,6.413,7.39,8.018,8.937,10.723,241.316,241.191,99.17,20,20,57,multiprocess_sample_only,,
yjit-on/puma-response-chunk-1kb/puma-4w-3t/repeat-1,yjit-on,true,puma-response-chunk-1kb,puma-response-time-wrk,puma/benchmarks/local/response_time_wrk,https://github.com/puma/puma/blob/main/benchmarks/local/response_time_wrk.rb,puma-4w-3t,12,puma,4,3,14177,1000,5.005,5.0,1000,5729,2.005,2.0,19,true,14177,0,2832.662,6.57,7.53,8.03,8.753,10.586,261.5,261.5,88.59,20,20,57,multiprocess_sample_only,,
yjit-on/puma-response-string-1kb/puma-4w-3t/repeat-1,yjit-on,true,puma-response-string-1kb,puma-response-time-wrk,puma/benchmarks/local/response_time_wrk,https://github.com/puma/puma/blob/main/benchmarks/local/response_time_wrk.rb,puma-4w-3t,12,puma,4,3,14575,1000,5.006,5.0,1000,5923,2.006,2.0,19,true,14575,0,2911.797,6.386,7.368,7.905,8.886,10.58,267.227,267.227,85.875,20,20,57,multiprocess_sample_only,,
yjit-on/puma-response-io-1kb/puma-4w-3t/repeat-1,yjit-on,true,puma-response-io-1kb,puma-response-time-wrk,puma/benchmarks/local/response_time_wrk,https://github.com/puma/puma/blob/main/benchmarks/local/response_time_wrk.rb,puma-4w-3t,12,puma,4,3,14412,1000,5.008,5.0,1000,5796,2.006,2.0,19,true,14412,0,2877.963,6.486,7.396,7.822,8.465,10.42,272.453,272.281,85.91,20,20,58,multiprocess_sample_only,,
yjit-on/puma-response-array-10kb/puma-4w-3t/repeat-1,yjit-on,true,puma-response-array-10kb,puma-response-time-wrk,puma/benchmarks/local/response_time_wrk,https://github.com/puma/puma/blob/main/benchmarks/local/response_time_wrk.rb,puma-4w-3t,12,puma,4,3,14462,1000,5.005,5.0,1000,5859,2.005,2.0,19,true,14462,0,2889.244,6.449,7.368,7.892,8.324,9.504,297.844,295.789,85.39,20,20,57,multiprocess_sample_only,,
yjit-on/puma-response-chunk-10kb/puma-4w-3t/repeat-1,yjit-on,true,puma-response-chunk-10kb,puma-response-time-wrk,puma/benchmarks/local/response_time_wrk,https://github.com/puma/puma/blob/main/benchmarks/local/response_time_wrk.rb,puma-4w-3t,12,puma,4,3,12639,1000,5.006,5.0,1000,5171,2.006,2.0,19,true,12639,0,2524.806,7.382,8.51,9.167,9.781,10.742,297.891,297.891,84.495,20,20,56,multiprocess_sample_only,,
yjit-on/puma-response-string-10kb/puma-4w-3t/repeat-1,yjit-on,true,puma-response-string-10kb,puma-response-time-wrk,puma/benchmarks/local/response_time_wrk,https://github.com/puma/puma/blob/main/benchmarks/local/response_time_wrk.rb,puma-4w-3t,12,puma,4,3,14367,1000,5.005,5.0,1000,5934,2.005,2.0,19,true,14367,0,2870.51,6.474,7.458,8.531,10.28,10.891,317.949,317.949,83.85,20,20,57,multiprocess_sample_only,,
yjit-on/puma-response-io-10kb/puma-4w-3t/repeat-1,yjit-on,true,puma-response-io-10kb,puma-response-time-wrk,puma/benchmarks/local/response_time_wrk,https://github.com/puma/puma/blob/main/benchmarks/local/response_time_wrk.rb,puma-4w-3t,12,puma,4,3,14306,1000,5.005,5.0,1000,5798,2.005,2.0,19,true,14306,0,2858.393,6.519,7.463,7.94,8.501,9.43,332.82,330.875,84.19,20,20,57,multiprocess_sample_only,,
yjit-on/puma-response-array-100kb/puma-4w-3t/repeat-1,yjit-on,true,puma-response-array-100kb,puma-response-time-wrk,puma/benchmarks/local/response_time_wrk,https://github.com/puma/puma/blob/main/benchmarks/local/response_time_wrk.rb,puma-4w-3t,12,puma,4,3,11725,1000,5.007,5.0,1000,4674,2.006,2.0,19,true,11725,0,2341.721,7.989,8.974,9.513,12.103,14.392,398.164,380.762,84.005,20,20,55,multiprocess_sample_only,,
yjit-on/puma-response-chunk-100kb/puma-4w-3t/repeat-1,yjit-on,true,puma-response-chunk-100kb,puma-response-time-wrk,puma/benchmarks/local/response_time_wrk,https://github.com/puma/puma/blob/main/benchmarks/local/response_time_wrk.rb,puma-4w-3t,12,puma,4,3,6204,1000,5.013,5.0,1000,2545,2.013,2.0,19,true,6204,0,1237.504,15.231,17.07,17.839,18.734,19.814,397.348,394.102,83.18,20,20,47,multiprocess_sample_only,,
yjit-on/puma-response-string-100kb/puma-4w-3t/repeat-1,yjit-on,true,puma-response-string-100kb,puma-response-time-wrk,puma/benchmarks/local/response_time_wrk,https://github.com/puma/puma/blob/main/benchmarks/local/response_time_wrk.rb,puma-4w-3t,12,puma,4,3,11690,1000,5.006,5.0,1000,4760,2.007,2.0,19,true,11690,0,2334.967,8.017,8.999,9.442,9.923,10.633,414.086,405.363,82.41,20,20,55,multiprocess_sample_only,,
yjit-on/puma-response-io-100kb/puma-4w-3t/repeat-1,yjit-on,true,puma-response-io-100kb,puma-response-time-wrk,puma/benchmarks/local/response_time_wrk,https://github.com/puma/puma/blob/main/benchmarks/local/response_time_wrk.rb,puma-4w-3t,12,puma,4,3,11578,1000,5.007,5.0,1000,4684,2.006,2.0,19,true,11578,0,2312.529,8.082,9.098,9.666,10.428,11.049,337.211,335.082,81.86,20,20,55,multiprocess_sample_only,,
yjit-on/puma-response-array-256kb/puma-4w-3t/repeat-1,yjit-on,true,puma-response-array-256kb,puma-response-time-wrk,puma/benchmarks/local/response_time_wrk,https://github.com/puma/puma/blob/main/benchmarks/local/response_time_wrk.rb,puma-4w-3t,12,puma,4,3,9063,1000,5.008,5.0,1000,3598,2.009,2.0,19,true,9063,0,1809.647,9.799,12.564,29.225,31.711,33.273,453.344,432.078,81.655,20,20,52,multiprocess_sample_only,,
yjit-on/puma-response-chunk-256kb/puma-4w-3t/repeat-1,yjit-on,true,puma-response-chunk-256kb,puma-response-time-wrk,puma/benchmarks/local/response_time_wrk,https://github.com/puma/puma/blob/main/benchmarks/local/response_time_wrk.rb,puma-4w-3t,12,puma,4,3,3440,1000,5.026,5.0,1000,1372,2.025,2.0,19,true,3440,0,684.422,27.575,30.504,31.894,33.379,36.02,446.453,433.91,81.075,20,20,38,multiprocess_sample_only,,
yjit-on/puma-response-string-256kb/puma-4w-3t/repeat-1,yjit-on,true,puma-response-string-256kb,puma-response-time-wrk,puma/benchmarks/local/response_time_wrk,https://github.com/puma/puma/blob/main/benchmarks/local/response_time_wrk.rb,puma-4w-3t,12,puma,4,3,9015,1000,5.011,5.0,1000,3693,2.008,2.0,19,true,9015,0,1799.205,9.791,12.871,29.397,32.326,33.624,383.078,368.348,80.095,20,20,52,multiprocess_sample_only,,
yjit-on/puma-response-io-256kb/puma-4w-3t/repeat-1,yjit-on,true,puma-response-io-256kb,puma-response-time-wrk,puma/benchmarks/local/response_time_wrk,https://github.com/puma/puma/blob/main/benchmarks/local/response_time_wrk.rb,puma-4w-3t,12,puma,4,3,9058,1000,5.009,5.0,1000,3733,2.007,2.0,19,true,9058,0,1808.325,9.758,12.587,28.394,30.041,63.11,370.48,369.418,79.04,20,20,52,multiprocess_sample_only,,
yjit-on/puma-response-array-512kb/puma-4w-3t/repeat-1,yjit-on,true,puma-response-array-512kb,puma-response-time-wrk,puma/benchmarks/local/response_time_wrk,https://github.com/puma/puma/blob/main/benchmarks/local/response_time_wrk.rb,puma-4w-3t,12,puma,4,3,6777,1000,5.013,5.0,1000,2650,2.012,2.0,19,true,6777,0,1351.791,12.904,17.433,35.359,38.074,47.978,547.336,547.336,78.945,20,20,48,multiprocess_sample_only,,
yjit-on/puma-response-chunk-512kb/puma-4w-3t/repeat-1,yjit-on,true,puma-response-chunk-512kb,puma-response-time-wrk,puma/benchmarks/local/response_time_wrk,https://github.com/puma/puma/blob/main/benchmarks/local/response_time_wrk.rb,puma-4w-3t,12,puma,4,3,1941,1000,5.046,5.0,1000,1000,2.587,2.0,19,true,1941,0,384.659,49.06,53.768,55.475,57.694,59.424,518.84,516.867,78.825,20,20,29,multiprocess_sample_only,,
yjit-on/puma-response-string-512kb/puma-4w-3t/repeat-1,yjit-on,true,puma-response-string-512kb,puma-response-time-wrk,puma/benchmarks/local/response_time_wrk,https://github.com/puma/puma/blob/main/benchmarks/local/response_time_wrk.rb,puma-4w-3t,12,puma,4,3,6981,1000,5.01,5.0,1000,2886,2.01,2.0,19,true,6981,0,1393.373,12.309,16.911,35.597,37.249,37.49,473.559,396.73,78.02,20,20,48,multiprocess_sample_only,,
yjit-on/puma-response-io-512kb/puma-4w-3t/repeat-1,yjit-on,true,puma-response-io-512kb,puma-response-time-wrk,puma/benchmarks/local/response_time_wrk,https://github.com/puma/puma/blob/main/benchmarks/local/response_time_wrk.rb,puma-4w-3t,12,puma,4,3,6857,1000,5.011,5.0,1000,2776,2.01,2.0,19,true,6857,0,1368.452,12.589,17.504,37.107,40.583,42.124,393.699,393.699,76.81,20,20,47,multiprocess_sample_only,,
yjit-on/puma-response-array-1024kb/puma-4w-3t/repeat-1,yjit-on,true,puma-response-array-1024kb,puma-response-time-wrk,puma/benchmarks/local/response_time_wrk,https://github.com/puma/puma/blob/main/benchmarks/local/response_time_wrk.rb,puma-4w-3t,12,puma,4,3,4167,1000,5.019,5.0,1000,1693,2.025,2.0,19,true,4167,0,830.177,21.267,41.749,44.903,48.363,48.99,539.926,538.41,76.025,20,20,42,multiprocess_sample_only,,
yjit-on/puma-response-chunk-1024kb/puma-4w-3t/repeat-1,yjit-on,true,puma-response-chunk-1024kb,puma-response-time-wrk,puma/benchmarks/local/response_time_wrk,https://github.com/puma/puma/blob/main/benchmarks/local/response_time_wrk.rb,puma-4w-3t,12,puma,4,3,1063,1000,5.083,5.0,1000,1000,4.708,2.0,19,true,1063,0,209.131,90.205,97.917,101.178,104.153,104.406,531.961,527.535,75.795,20,20,20,multiprocess_sample_only,,
yjit-on/puma-response-string-1024kb/puma-4w-3t/repeat-1,yjit-on,true,puma-response-string-1024kb,puma-response-time-wrk,puma/benchmarks/local/response_time_wrk,https://github.com/puma/puma/blob/main/benchmarks/local/response_time_wrk.rb,puma-4w-3t,12,puma,4,3,4273,1000,5.019,5.0,1000,1726,2.018,2.0,19,true,4273,0,851.448,20.66,41.919,46.334,49.36,50.511,524.523,460.367,74.865,20,20,41,multiprocess_sample_only,,
yjit-on/puma-response-io-1024kb/puma-4w-3t/repeat-1,yjit-on,true,puma-response-io-1024kb,puma-response-time-wrk,puma/benchmarks/local/response_time_wrk,https://github.com/puma/puma/blob/main/benchmarks/local/response_time_wrk.rb,puma-4w-3t,12,puma,4,3,4334,1000,5.02,5.0,1000,1792,2.021,2.0,19,true,4334,0,863.427,20.332,42.706,46.473,48.68,236.106,446.777,446.777,73.34,20,20,42,multiprocess_sample_only,,
yjit-on/puma-response-array-2048kb/puma-4w-3t/repeat-1,yjit-on,true,puma-response-array-2048kb,puma-response-time-wrk,puma/benchmarks/local/response_time_wrk,https://github.com/puma/puma/blob/main/benchmarks/local/response_time_wrk.rb,puma-4w-3t,12,puma,4,3,2512,1000,5.032,5.0,1000,1066,2.032,2.0,19,true,2512,0,499.169,36.369,48.243,62.608,76.796,79.623,535.258,506.203,72.75,20,20,33,multiprocess_sample_only,,
yjit-on/puma-response-chunk-2048kb/puma-4w-3t/repeat-1,yjit-on,true,puma-response-chunk-2048kb,puma-response-time-wrk,puma/benchmarks/local/response_time_wrk,https://github.com/puma/puma/blob/main/benchmarks/local/response_time_wrk.rb,puma-4w-3t,12,puma,4,3,1000,1000,9.008,5.0,1000,1000,8.914,2.0,19,true,1000,0,111.018,170.48,183.379,192.844,207.943,208.079,556.348,542.059,72.785,20,20,21,multiprocess_sample_only,,
yjit-on/puma-response-string-2048kb/puma-4w-3t/repeat-1,yjit-on,true,puma-response-string-2048kb,puma-response-time-wrk,puma/benchmarks/local/response_time_wrk,https://github.com/puma/puma/blob/main/benchmarks/local/response_time_wrk.rb,puma-4w-3t,12,puma,4,3,2782,1000,5.044,5.0,1000,1088,2.032,2.0,19,true,2782,0,551.561,33.849,38.161,46.477,58.801,60.089,539.016,463.664,72.025,20,20,35,multiprocess_sample_only,,
yjit-on/puma-response-io-2048kb/puma-4w-3t/repeat-1,yjit-on,true,puma-response-io-2048kb,puma-response-time-wrk,puma/benchmarks/local/response_time_wrk,https://github.com/puma/puma/blob/main/benchmarks/local/response_time_wrk.rb,puma-4w-3t,12,puma,4,3,2842,1000,5.03,5.0,1000,1171,2.06,2.0,19,true,2842,0,565.006,33.432,36.919,39.573,44.059,47.598,480.594,477.652,70.66,20,20,35,multiprocess_sample_only,,
yjit-on/puma-long-tail-fib-200ms-x6p0/puma-4w-3t/repeat-1,yjit-on,true,puma-long-tail-fib-200ms-x6p0,puma-long-tail-hey,puma/benchmarks/local/long_tail_hey + test/rackup/sleep_fibonacci,https://github.com/puma/puma/blob/main/benchmarks/local/long_tail_hey.rb,puma-4w-3t,12,puma,4,3,1440,1440,68.582,5.0,1000,1000,43.428,2.0,72,true,1440,0,20.997,2626.385,3463.227,3486.223,3504.233,3504.714,504.344,501.379,140.95,20,20,833,multiprocess_sample_only,,
yjit-on/puma-long-tail-fib-200ms-x4p0/puma-4w-3t/repeat-1,yjit-on,true,puma-long-tail-fib-200ms-x4p0,puma-long-tail-hey,puma/benchmarks/local/long_tail_hey + test/rackup/sleep_fibonacci,https://github.com/puma/puma/blob/main/benchmarks/local/long_tail_hey.rb,puma-4w-3t,12,puma,4,3,960,960,42.924,5.0,960,960,36.935,2.0,48,true,960,0,22.365,1686.114,2165.649,2189.186,2218.862,2225.256,526.09,526.09,183.12,20,20,501,multiprocess_sample_only,,
yjit-on/puma-long-tail-fib-200ms-x3p0/puma-4w-3t/repeat-1,yjit-on,true,puma-long-tail-fib-200ms-x3p0,puma-long-tail-hey,puma/benchmarks/local/long_tail_hey + test/rackup/sleep_fibonacci,https://github.com/puma/puma/blob/main/benchmarks/local/long_tail_hey.rb,puma-4w-3t,12,puma,4,3,720,720,34.234,5.0,720,720,39.791,2.0,36,true,720,0,21.032,1355.347,1730.883,1758.049,1785.862,1787.019,535.523,533.648,198.74,20,20,416,multiprocess_sample_only,,
yjit-on/puma-long-tail-fib-200ms-x2p0/puma-4w-3t/repeat-1,yjit-on,true,puma-long-tail-fib-200ms-x2p0,puma-long-tail-hey,puma/benchmarks/local/long_tail_hey + test/rackup/sleep_fibonacci,https://github.com/puma/puma/blob/main/benchmarks/local/long_tail_hey.rb,puma-4w-3t,12,puma,4,3,480,480,25.835,5.0,480,480,28.461,2.0,24,true,480,0,18.58,951.376,1321.668,1344.814,1359.916,1359.941,535.066,535.066,204.96,20,20,330,multiprocess_sample_only,,
yjit-on/puma-long-tail-fib-200ms-x1p5/puma-4w-3t/repeat-1,yjit-on,true,puma-long-tail-fib-200ms-x1p5,puma-long-tail-hey,puma/benchmarks/local/long_tail_hey + test/rackup/sleep_fibonacci,https://github.com/puma/puma/blob/main/benchmarks/local/long_tail_hey.rb,puma-4w-3t,12,puma,4,3,360,360,20.116,5.0,360,360,17.36,2.0,18,true,360,0,17.896,820.493,1260.28,1294.312,1306.531,1307.404,539.512,539.512,209.21,20,20,259,multiprocess_sample_only,,
yjit-on/puma-long-tail-fib-200ms-x1p0/puma-4w-3t/repeat-1,yjit-on,true,puma-long-tail-fib-200ms-x1p0,puma-long-tail-hey,puma/benchmarks/local/long_tail_hey + test/rackup/sleep_fibonacci,https://github.com/puma/puma/blob/main/benchmarks/local/long_tail_hey.rb,puma-4w-3t,12,puma,4,3,240,240,14.462,5.0,240,240,14.307,2.0,12,true,240,0,16.596,492.842,860.469,885.931,901.675,905.801,542.441,534.191,210.155,20,20,196,multiprocess_sample_only,,
yjit-on/puma-long-tail-fib-200ms-x0p5/puma-4w-3t/repeat-1,yjit-on,true,puma-long-tail-fib-200ms-x0p5,puma-long-tail-hey,puma/benchmarks/local/long_tail_hey + test/rackup/sleep_fibonacci,https://github.com/puma/puma/blob/main/benchmarks/local/long_tail_hey.rb,puma-4w-3t,12,puma,4,3,135,120,8.623,5.0,120,120,8.52,2.0,6,true,135,0,15.656,201.97,440.736,450.608,457.232,458.256,530.918,530.918,210.215,20,20,116,multiprocess_sample_only,,
yjit-on/puma-sleep-fibonacci-1ms/puma-4w-3t/repeat-1,yjit-on,true,puma-sleep-fibonacci-1ms,puma-sleep-fibonacci-test,puma/benchmarks/local/sleep_fibonacci_test + test/rackup/sleep_fibonacci,https://github.com/puma/puma/blob/main/benchmarks/local/sleep_fibonacci_test.rb,puma-4w-3t,12,puma,4,3,1629,10,5.0,5.0,10,649,2.001,2.0,1,true,1629,0,325.773,3.05,3.314,3.417,4.012,4.61,549.691,549.691,208.64,20,20,71,multiprocess_sample_only,,
yjit-on/puma-sleep-fibonacci-5ms/puma-4w-3t/repeat-1,yjit-on,true,puma-sleep-fibonacci-5ms,puma-sleep-fibonacci-test,puma/benchmarks/local/sleep_fibonacci_test + test/rackup/sleep_fibonacci,https://github.com/puma/puma/blob/main/benchmarks/local/sleep_fibonacci_test.rb,puma-4w-3t,12,puma,4,3,484,10,5.008,5.0,10,193,2.001,2.0,1,true,484,0,96.653,10.349,10.721,10.808,10.976,11.039,567.133,567.133,206.735,20,20,71,multiprocess_sample_only,,
yjit-on/puma-sleep-fibonacci-10ms/puma-4w-3t/repeat-1,yjit-on,true,puma-sleep-fibonacci-10ms,puma-sleep-fibonacci-test,puma/benchmarks/local/sleep_fibonacci_test + test/rackup/sleep_fibonacci,https://github.com/puma/puma/blob/main/benchmarks/local/sleep_fibonacci_test.rb,puma-4w-3t,12,puma,4,3,353,10,5.009,5.0,10,141,2.007,2.0,1,true,353,0,70.468,14.238,14.409,14.601,14.912,14.959,577.582,577.582,205.005,20,20,71,multiprocess_sample_only,,
yjit-on/puma-sleep-fibonacci-50ms/puma-4w-3t/repeat-1,yjit-on,true,puma-sleep-fibonacci-50ms,puma-sleep-fibonacci-test,puma/benchmarks/local/sleep_fibonacci_test + test/rackup/sleep_fibonacci,https://github.com/puma/puma/blob/main/benchmarks/local/sleep_fibonacci_test.rb,puma-4w-3t,12,puma,4,3,100,10,5.043,5.0,10,40,2.016,2.0,1,true,100,0,19.83,50.343,50.604,51.818,51.942,51.956,578.539,574.477,203.435,20,20,72,multiprocess_sample_only,,
yjit-on/puma-sleep-fibonacci-100ms/puma-4w-3t/repeat-1,yjit-on,true,puma-sleep-fibonacci-100ms,puma-sleep-fibonacci-test,puma/benchmarks/local/sleep_fibonacci_test + test/rackup/sleep_fibonacci,https://github.com/puma/puma/blob/main/benchmarks/local/sleep_fibonacci_test.rb,puma-4w-3t,12,puma,4,3,50,10,5.023,5.0,10,20,2.01,2.0,1,true,50,0,9.955,100.369,100.48,101.127,101.524,101.568,575.75,575.75,201.98,20,20,72,multiprocess_sample_only,,
yjit-on/puma-sleep-fibonacci-200ms/puma-4w-3t/repeat-1,yjit-on,true,puma-sleep-fibonacci-200ms,puma-sleep-fibonacci-test,puma/benchmarks/local/sleep_fibonacci_test + test/rackup/sleep_fibonacci,https://github.com/puma/puma/blob/main/benchmarks/local/sleep_fibonacci_test.rb,puma-4w-3t,12,puma,4,3,25,10,5.014,5.0,10,10,2.006,2.0,1,true,25,0,4.986,200.482,200.552,200.62,200.639,200.641,578.16,578.16,200.54,20,20,72,multiprocess_sample_only,,
yjit-on/puma-response-array-1kb/puma-4w-3t/repeat-2,yjit-on,true,puma-response-array-1kb,puma-response-time-wrk,puma/benchmarks/local/response_time_wrk,https://github.com/puma/puma/blob/main/benchmarks/local/response_time_wrk.rb,puma-4w-3t,12,puma,4,3,14501,1000,5.005,5.0,1000,5539,2.006,2.0,19,true,14501,0,2897.173,6.415,7.355,7.906,8.68,9.31,232.051,229.086,99.965,20,20,57,multiprocess_sample_only,,
yjit-on/puma-response-chunk-1kb/puma-4w-3t/repeat-2,yjit-on,true,puma-response-chunk-1kb,puma-response-time-wrk,puma/benchmarks/local/response_time_wrk,https://github.com/puma/puma/blob/main/benchmarks/local/response_time_wrk.rb,puma-4w-3t,12,puma,4,3,14177,1000,5.005,5.0,1000,5740,2.005,2.0,19,true,14177,0,2832.317,6.565,7.621,8.216,9.376,10.639,248.582,242.516,88.88,20,20,57,multiprocess_sample_only,,
yjit-on/puma-response-string-1kb/puma-4w-3t/repeat-2,yjit-on,true,puma-response-string-1kb,puma-response-time-wrk,puma/benchmarks/local/response_time_wrk,https://github.com/puma/puma/blob/main/benchmarks/local/response_time_wrk.rb,puma-4w-3t,12,puma,4,3,14526,1000,5.006,5.0,1000,5953,2.005,2.0,19,true,14526,0,2901.659,6.402,7.394,7.943,9.416,10.944,253.602,251.352,85.965,20,20,57,multiprocess_sample_only,,
yjit-on/puma-response-io-1kb/puma-4w-3t/repeat-2,yjit-on,true,puma-response-io-1kb,puma-response-time-wrk,puma/benchmarks/local/response_time_wrk,https://github.com/puma/puma/blob/main/benchmarks/local/response_time_wrk.rb,puma-4w-3t,12,puma,4,3,14353,1000,5.005,5.0,1000,5776,2.006,2.0,19,true,14353,0,2867.75,6.516,7.424,7.869,8.393,9.726,259.777,258.641,85.945,20,20,57,multiprocess_sample_only,,
yjit-on/puma-response-array-10kb/puma-4w-3t/repeat-2,yjit-on,true,puma-response-array-10kb,puma-response-time-wrk,puma/benchmarks/local/response_time_wrk,https://github.com/puma/puma/blob/main/benchmarks/local/response_time_wrk.rb,puma-4w-3t,12,puma,4,3,14487,1000,5.005,5.0,1000,5863,2.005,2.0,19,true,14487,0,2894.301,6.431,7.364,7.828,8.432,9.872,281.859,276.316,85.53,20,20,57,multiprocess_sample_only,,
yjit-on/puma-response-chunk-10kb/puma-4w-3t/repeat-2,yjit-on,true,puma-response-chunk-10kb,puma-response-time-wrk,puma/benchmarks/local/response_time_wrk,https://github.com/puma/puma/blob/main/benchmarks/local/response_time_wrk.rb,puma-4w-3t,12,puma,4,3,12647,1000,5.006,5.0,1000,5168,2.006,2.0,19,true,12647,0,2526.323,7.391,8.442,9.011,10.061,11.052,279.02,277.332,84.515,20,20,56,multiprocess_sample_only,,
yjit-on/puma-response-string-10kb/puma-4w-3t/repeat-2,yjit-on,true,puma-response-string-10kb,puma-response-time-wrk,puma/benchmarks/local/response_time_wrk,https://github.com/puma/puma/blob/main/benchmarks/local/response_time_wrk.rb,puma-4w-3t,12,puma,4,3,14377,1000,5.005,5.0,1000,5936,2.006,2.0,19,true,14377,0,2872.426,6.469,7.391,8.593,10.085,11.316,290.016,289.539,83.765,20,20,57,multiprocess_sample_only,,
yjit-on/puma-response-io-10kb/puma-4w-3t/repeat-2,yjit-on,true,puma-response-io-10kb,puma-response-time-wrk,puma/benchmarks/local/response_time_wrk,https://github.com/puma/puma/blob/main/benchmarks/local/response_time_wrk.rb,puma-4w-3t,12,puma,4,3,14249,1000,5.005,5.0,1000,5796,2.005,2.0,19,true,14249,0,2847.037,6.545,7.505,7.945,8.493,8.871,298.609,295.961,83.975,20,20,57,multiprocess_sample_only,,
yjit-on/puma-response-array-100kb/puma-4w-3t/repeat-2,yjit-on,true,puma-response-array-100kb,puma-response-time-wrk,puma/benchmarks/local/response_time_wrk,https://github.com/puma/puma/blob/main/benchmarks/local/response_time_wrk.rb,puma-4w-3t,12,puma,4,3,11556,1000,5.007,5.0,1000,4654,2.006,2.0,19,true,11556,0,2308.116,8.101,9.145,9.632,10.394,11.831,380.266,367.898,83.895,20,20,55,multiprocess_sample_only,,
yjit-on/puma-response-chunk-100kb/puma-4w-3t/repeat-2,yjit-on,true,puma-response-chunk-100kb,puma-response-time-wrk,puma/benchmarks/local/response_time_wrk,https://github.com/puma/puma/blob/main/benchmarks/local/response_time_wrk.rb,puma-4w-3t,12,puma,4,3,6161,1000,5.013,5.0,1000,2506,2.014,2.0,19,true,6161,0,1229.019,15.287,17.29,18.119,20.697,21.523,349.895,349.895,83.005,20,20,47,multiprocess_sample_only,,
yjit-on/puma-response-string-100kb/puma-4w-3t/repeat-2,yjit-on,true,puma-response-string-100kb,puma-response-time-wrk,puma/benchmarks/local/response_time_wrk,https://github.com/puma/puma/blob/main/benchmarks/local/response_time_wrk.rb,puma-4w-3t,12,puma,4,3,11567,1000,5.007,5.0,1000,4713,2.006,2.0,19,true,11567,0,2310.352,8.117,9.103,9.656,10.155,11.253,400.938,384.836,82.165,20,20,55,multiprocess_sample_only,,
yjit-on/puma-response-io-100kb/puma-4w-3t/repeat-2,yjit-on,true,puma-response-io-100kb,puma-response-time-wrk,puma/benchmarks/local/response_time_wrk,https://github.com/puma/puma/blob/main/benchmarks/local/response_time_wrk.rb,puma-4w-3t,12,puma,4,3,11448,1000,5.007,5.0,1000,4641,2.006,2.0,19,true,11448,0,2286.511,8.166,9.23,9.784,11.407,12.414,314.563,311.445,81.62,20,20,55,multiprocess_sample_only,,
yjit-on/puma-response-array-256kb/puma-4w-3t/repeat-2,yjit-on,true,puma-response-array-256kb,puma-response-time-wrk,puma/benchmarks/local/response_time_wrk,https://github.com/puma/puma/blob/main/benchmarks/local/response_time_wrk.rb,puma-4w-3t,12,puma,4,3,8805,1000,5.008,5.0,1000,3551,2.008,2.0,19,true,8805,0,1758.257,10.05,12.721,30.685,32.709,33.85,431.992,420.676,81.545,20,20,51,multiprocess_sample_only,,
yjit-on/puma-response-chunk-256kb/puma-4w-3t/repeat-2,yjit-on,true,puma-response-chunk-256kb,puma-response-time-wrk,puma/benchmarks/local/response_time_wrk,https://github.com/puma/puma/blob/main/benchmarks/local/response_time_wrk.rb,puma-4w-3t,12,puma,4,3,3381,1000,5.026,5.0,1000,1366,2.023,2.0,19,true,3381,0,672.666,28.154,30.842,32.048,34.175,36.124,403.145,388.371,81.06,20,20,37,multiprocess_sample_only,,
yjit-on/puma-response-string-256kb/puma-4w-3t/repeat-2,yjit-on,true,puma-response-string-256kb,puma-response-time-wrk,puma/benchmarks/local/response_time_wrk,https://github.com/puma/puma/blob/main/benchmarks/local/response_time_wrk.rb,puma-4w-3t,12,puma,4,3,8911,1000,5.008,5.0,1000,3608,2.01,2.0,19,true,8911,0,1779.342,9.872,12.912,30.951,32.777,33.028,354.75,336.504,79.975,20,20,52,multiprocess_sample_only,,
yjit-on/puma-response-io-256kb/puma-4w-3t/repeat-2,yjit-on,true,puma-response-io-256kb,puma-response-time-wrk,puma/benchmarks/local/response_time_wrk,https://github.com/puma/puma/blob/main/benchmarks/local/response_time_wrk.rb,puma-4w-3t,12,puma,4,3,8852,1000,5.01,5.0,1000,3606,2.015,2.0,19,true,8852,0,1766.956,9.92,12.8,31.191,41.812,56.695,335.441,333.441,78.82,20,20,51,multiprocess_sample_only,,
yjit-on/puma-response-array-512kb/puma-4w-3t/repeat-2,yjit-on,true,puma-response-array-512kb,puma-response-time-wrk,puma/benchmarks/local/response_time_wrk,https://github.com/puma/puma/blob/main/benchmarks/local/response_time_wrk.rb,puma-4w-3t,12,puma,4,3,6615,1000,5.014,5.0,1000,2641,2.01,2.0,19,true,6615,0,1319.209,13.182,18.405,37.447,39.507,47.764,521.48,479.77,78.78,20,20,48,multiprocess_sample_only,,
yjit-on/puma-response-chunk-512kb/puma-4w-3t/repeat-2,yjit-on,true,puma-response-chunk-512kb,puma-response-time-wrk,puma/benchmarks/local/response_time_wrk,https://github.com/puma/puma/blob/main/benchmarks/local/response_time_wrk.rb,puma-4w-3t,12,puma,4,3,1927,1000,5.039,5.0,1000,1000,2.594,2.0,19,true,1927,0,382.396,49.45,54.064,56.578,59.164,60.977,432.547,425.648,78.695,20,20,29,multiprocess_sample_only,,
yjit-on/puma-response-string-512kb/puma-4w-3t/repeat-2,yjit-on,true,puma-response-string-512kb,puma-response-time-wrk,puma/benchmarks/local/response_time_wrk,https://github.com/puma/puma/blob/main/benchmarks/local/response_time_wrk.rb,puma-4w-3t,12,puma,4,3,6889,1000,5.011,5.0,1000,2776,2.013,2.0,19,true,6889,0,1374.793,12.578,16.949,36.978,39.441,39.996,401.801,375.223,77.845,20,20,48,multiprocess_sample_only,,
yjit-on/puma-response-io-512kb/puma-4w-3t/repeat-2,yjit-on,true,puma-response-io-512kb,puma-response-time-wrk,puma/benchmarks/local/response_time_wrk,https://github.com/puma/puma/blob/main/benchmarks/local/response_time_wrk.rb,puma-4w-3t,12,puma,4,3,6749,1000,5.01,5.0,1000,2710,2.011,2.0,19,true,6749,0,1347.173,12.73,17.496,39.096,41.568,226.885,378.098,363.75,76.635,20,20,47,multiprocess_sample_only,,
yjit-on/puma-response-array-1024kb/puma-4w-3t/repeat-2,yjit-on,true,puma-response-array-1024kb,puma-response-time-wrk,puma/benchmarks/local/response_time_wrk,https://github.com/puma/puma/blob/main/benchmarks/local/response_time_wrk.rb,puma-4w-3t,12,puma,4,3,4148,1000,5.02,5.0,1000,1692,2.017,2.0,19,true,4148,0,826.233,21.373,44.04,48.1,51.093,52.624,496.336,488.535,75.96,20,20,42,multiprocess_sample_only,,
yjit-on/puma-response-chunk-1024kb/puma-4w-3t/repeat-2,yjit-on,true,puma-response-chunk-1024kb,puma-response-time-wrk,puma/benchmarks/local/response_time_wrk,https://github.com/puma/puma/blob/main/benchmarks/local/response_time_wrk.rb,puma-4w-3t,12,puma,4,3,1042,1000,5.08,5.0,1000,1000,4.81,2.0,19,true,1042,0,205.128,92.001,99.718,104.436,107.139,107.283,462.133,446.195,75.67,20,20,20,multiprocess_sample_only,,
yjit-on/puma-response-string-1024kb/puma-4w-3t/repeat-2,yjit-on,true,puma-response-string-1024kb,puma-response-time-wrk,puma/benchmarks/local/response_time_wrk,https://github.com/puma/puma/blob/main/benchmarks/local/response_time_wrk.rb,puma-4w-3t,12,puma,4,3,4234,1000,5.017,5.0,1000,1763,2.019,2.0,19,true,4234,0,843.891,20.787,44.168,47.0,48.125,48.903,440.109,398.867,74.64,20,20,41,multiprocess_sample_only,,
yjit-on/puma-response-io-1024kb/puma-4w-3t/repeat-2,yjit-on,true,puma-response-io-1024kb,puma-response-time-wrk,puma/benchmarks/local/response_time_wrk,https://github.com/puma/puma/blob/main/benchmarks/local/response_time_wrk.rb,puma-4w-3t,12,puma,4,3,4268,1000,5.019,5.0,1000,1732,2.021,2.0,19,true,4268,0,850.296,20.598,43.427,48.126,51.925,236.076,398.07,397.883,73.165,20,20,42,multiprocess_sample_only,,
yjit-on/puma-response-array-2048kb/puma-4w-3t/repeat-2,yjit-on,true,puma-response-array-2048kb,puma-response-time-wrk,puma/benchmarks/local/response_time_wrk,https://github.com/puma/puma/blob/main/benchmarks/local/response_time_wrk.rb,puma-4w-3t,12,puma,4,3,2623,1000,5.036,5.0,1000,1003,2.039,2.0,19,true,2623,0,520.839,36.156,39.466,41.927,60.791,62.705,457.574,434.555,72.675,20,20,34,multiprocess_sample_only,,
yjit-on/puma-response-chunk-2048kb/puma-4w-3t/repeat-2,yjit-on,true,puma-response-chunk-2048kb,puma-response-time-wrk,puma/benchmarks/local/response_time_wrk,https://github.com/puma/puma/blob/main/benchmarks/local/response_time_wrk.rb,puma-4w-3t,12,puma,4,3,1000,1000,9.084,5.0,1000,1000,8.973,2.0,19,true,1000,0,110.078,171.886,186.194,195.246,205.033,206.741,470.035,455.227,72.815,20,20,21,multiprocess_sample_only,,
yjit-on/puma-response-string-2048kb/puma-4w-3t/repeat-2,yjit-on,true,puma-response-string-2048kb,puma-response-time-wrk,puma/benchmarks/local/response_time_wrk,https://github.com/puma/puma/blob/main/benchmarks/local/response_time_wrk.rb,puma-4w-3t,12,puma,4,3,2707,1000,5.032,5.0,1000,1087,2.031,2.0,19,true,2707,0,538.01,34.889,38.064,44.668,66.179,77.005,444.988,422.066,72.09,20,20,34,multiprocess_sample_only,,
yjit-on/puma-response-io-2048kb/puma-4w-3t/repeat-2,yjit-on,true,puma-response-io-2048kb,puma-response-time-wrk,puma/benchmarks/local/response_time_wrk,https://github.com/puma/puma/blob/main/benchmarks/local/response_time_wrk.rb,puma-4w-3t,12,puma,4,3,2779,1000,5.031,5.0,1000,1151,2.031,2.0,19,true,2779,0,552.345,33.485,39.464,57.191,71.164,74.043,422.199,417.813,70.755,20,20,34,multiprocess_sample_only,,
yjit-on/puma-long-tail-fib-200ms-x6p0/puma-4w-3t/repeat-2,yjit-on,true,puma-long-tail-fib-200ms-x6p0,puma-long-tail-hey,puma/benchmarks/local/long_tail_hey + test/rackup/sleep_fibonacci,https://github.com/puma/puma/blob/main/benchmarks/local/long_tail_hey.rb,puma-4w-3t,12,puma,4,3,1440,1440,71.523,5.0,1000,1000,43.681,2.0,72,true,1440,0,20.133,2996.501,3661.04,3740.04,3857.366,3860.562,443.063,443.063,140.385,20,20,882,multiprocess_sample_only,,
yjit-on/puma-long-tail-fib-200ms-x4p0/puma-4w-3t/repeat-2,yjit-on,true,puma-long-tail-fib-200ms-x4p0,puma-long-tail-hey,puma/benchmarks/local/long_tail_hey + test/rackup/sleep_fibonacci,https://github.com/puma/puma/blob/main/benchmarks/local/long_tail_hey.rb,puma-4w-3t,12,puma,4,3,960,960,60.223,5.0,960,960,48.36,2.0,48,true,960,0,15.941,1939.247,3067.436,3108.086,3122.063,3123.779,462.414,457.668,174.43,20,20,784,multiprocess_sample_only,,
yjit-on/puma-long-tail-fib-200ms-x3p0/puma-4w-3t/repeat-2,yjit-on,true,puma-long-tail-fib-200ms-x3p0,puma-long-tail-hey,puma/benchmarks/local/long_tail_hey + test/rackup/sleep_fibonacci,https://github.com/puma/puma/blob/main/benchmarks/local/long_tail_hey.rb,puma-4w-3t,12,puma,4,3,720,720,82.551,5.0,720,720,57.256,2.0,36,true,720,0,8.722,4100.922,4247.436,4275.453,4295.078,4300.429,484.531,480.594,171.79,20,20,1115,multiprocess_sample_only,,
yjit-on/puma-long-tail-fib-200ms-x2p0/puma-4w-3t/repeat-2,yjit-on,true,puma-long-tail-fib-200ms-x2p0,puma-long-tail-hey,puma/benchmarks/local/long_tail_hey + test/rackup/sleep_fibonacci,https://github.com/puma/puma/blob/main/benchmarks/local/long_tail_hey.rb,puma-4w-3t,12,puma,4,3,480,480,23.134,5.0,480,480,28.611,2.0,24,true,480,0,20.748,1018.241,1287.145,1322.347,1339.813,1344.973,486.207,486.207,172.945,20,20,292,multiprocess_sample_only,,
yjit-on/puma-long-tail-fib-200ms-x1p5/puma-4w-3t/repeat-2,yjit-on,true,puma-long-tail-fib-200ms-x1p5,puma-long-tail-hey,puma/benchmarks/local/long_tail_hey + test/rackup/sleep_fibonacci,https://github.com/puma/puma/blob/main/benchmarks/local/long_tail_hey.rb,puma-4w-3t,12,puma,4,3,360,360,17.186,5.0,360,360,17.04,2.0,18,true,360,0,20.948,726.172,875.3,884.356,905.249,910.756,496.125,496.125,180.02,20,20,202,multiprocess_sample_only,,
yjit-on/puma-long-tail-fib-200ms-x1p0/puma-4w-3t/repeat-2,yjit-on,true,puma-long-tail-fib-200ms-x1p0,puma-long-tail-hey,puma/benchmarks/local/long_tail_hey + test/rackup/sleep_fibonacci,https://github.com/puma/puma/blob/main/benchmarks/local/long_tail_hey.rb,puma-4w-3t,12,puma,4,3,240,240,11.622,5.0,240,240,14.225,2.0,12,true,240,0,20.65,515.075,810.406,846.856,863.661,868.587,496.25,496.25,182.68,20,20,153,multiprocess_sample_only,,
yjit-on/puma-long-tail-fib-200ms-x0p5/puma-4w-3t/repeat-2,yjit-on,true,puma-long-tail-fib-200ms-x0p5,puma-long-tail-hey,puma/benchmarks/local/long_tail_hey + test/rackup/sleep_fibonacci,https://github.com/puma/puma/blob/main/benchmarks/local/long_tail_hey.rb,puma-4w-3t,12,puma,4,3,135,120,8.651,5.0,120,120,11.371,2.0,6,true,135,0,15.605,201.383,442.748,455.906,459.165,459.472,496.313,496.313,183.48,20,20,115,multiprocess_sample_only,,
yjit-on/puma-sleep-fibonacci-1ms/puma-4w-3t/repeat-2,yjit-on,true,puma-sleep-fibonacci-1ms,puma-sleep-fibonacci-test,puma/benchmarks/local/sleep_fibonacci_test + test/rackup/sleep_fibonacci,https://github.com/puma/puma/blob/main/benchmarks/local/sleep_fibonacci_test.rb,puma-4w-3t,12,puma,4,3,1719,10,5.003,5.0,10,676,2.001,2.0,1,true,1719,0,343.614,2.858,3.28,3.378,4.129,4.703,516.984,516.984,182.45,20,20,70,multiprocess_sample_only,,
yjit-on/puma-sleep-fibonacci-5ms/puma-4w-3t/repeat-2,yjit-on,true,puma-sleep-fibonacci-5ms,puma-sleep-fibonacci-test,puma/benchmarks/local/sleep_fibonacci_test + test/rackup/sleep_fibonacci,https://github.com/puma/puma/blob/main/benchmarks/local/sleep_fibonacci_test.rb,puma-4w-3t,12,puma,4,3,511,10,5.003,5.0,10,209,2.001,2.0,1,true,511,0,102.145,9.786,10.463,10.776,10.936,10.953,517.609,517.609,181.06,20,20,70,multiprocess_sample_only,,
yjit-on/puma-sleep-fibonacci-10ms/puma-4w-3t/repeat-2,yjit-on,true,puma-sleep-fibonacci-10ms,puma-sleep-fibonacci-test,puma/benchmarks/local/sleep_fibonacci_test + test/rackup/sleep_fibonacci,https://github.com/puma/puma/blob/main/benchmarks/local/sleep_fibonacci_test.rb,puma-4w-3t,12,puma,4,3,363,10,5.007,5.0,10,140,2.002,2.0,1,true,363,0,72.495,13.785,14.268,14.448,14.719,14.816,530.59,530.59,179.795,20,20,71,multiprocess_sample_only,,
yjit-on/puma-sleep-fibonacci-50ms/puma-4w-3t/repeat-2,yjit-on,true,puma-sleep-fibonacci-50ms,puma-sleep-fibonacci-test,puma/benchmarks/local/sleep_fibonacci_test + test/rackup/sleep_fibonacci,https://github.com/puma/puma/blob/main/benchmarks/local/sleep_fibonacci_test.rb,puma-4w-3t,12,puma,4,3,99,10,5.011,5.0,10,40,2.024,2.0,1,true,99,0,19.755,50.567,50.644,50.897,50.976,50.984,537.121,537.121,178.69,20,20,71,multiprocess_sample_only,,
yjit-on/puma-sleep-fibonacci-100ms/puma-4w-3t/repeat-2,yjit-on,true,puma-sleep-fibonacci-100ms,puma-sleep-fibonacci-test,puma/benchmarks/local/sleep_fibonacci_test + test/rackup/sleep_fibonacci,https://github.com/puma/puma/blob/main/benchmarks/local/sleep_fibonacci_test.rb,puma-4w-3t,12,puma,4,3,50,10,5.036,5.0,10,20,2.016,2.0,1,true,50,0,9.929,100.594,100.953,101.973,101.989,101.991,540.039,540.039,177.67,20,20,71,multiprocess_sample_only,,
yjit-on/puma-sleep-fibonacci-200ms/puma-4w-3t/repeat-2,yjit-on,true,puma-sleep-fibonacci-200ms,puma-sleep-fibonacci-test,puma/benchmarks/local/sleep_fibonacci_test + test/rackup/sleep_fibonacci,https://github.com/puma/puma/blob/main/benchmarks/local/sleep_fibonacci_test.rb,puma-4w-3t,12,puma,4,3,25,10,5.016,5.0,10,10,2.007,2.0,1,true,25,0,4.984,200.551,200.843,201.059,201.105,201.111,540.102,540.102,176.64,20,20,71,multiprocess_sample_only,,
yjit-on/puma-response-array-1kb/puma-4w-3t/repeat-3,yjit-on,true,puma-response-array-1kb,puma-response-time-wrk,puma/benchmarks/local/response_time_wrk,https://github.com/puma/puma/blob/main/benchmarks/local/response_time_wrk.rb,puma-4w-3t,12,puma,4,3,14355,1000,5.005,5.0,1000,5534,2.006,2.0,19,true,14355,0,2867.954,6.471,7.474,7.982,8.668,9.441,237.133,237.133,100.415,20,20,57,multiprocess_sample_only,,
yjit-on/puma-response-chunk-1kb/puma-4w-3t/repeat-3,yjit-on,true,puma-response-chunk-1kb,puma-response-time-wrk,puma/benchmarks/local/response_time_wrk,https://github.com/puma/puma/blob/main/benchmarks/local/response_time_wrk.rb,puma-4w-3t,12,puma,4,3,14065,1000,5.005,5.0,1000,5681,2.005,2.0,19,true,14065,0,2810.211,6.596,7.656,8.378,9.49,11.543,246.926,242.434,88.71,20,20,57,multiprocess_sample_only,,
yjit-on/puma-response-string-1kb/puma-4w-3t/repeat-3,yjit-on,true,puma-response-string-1kb,puma-response-time-wrk,puma/benchmarks/local/response_time_wrk,https://github.com/puma/puma/blob/main/benchmarks/local/response_time_wrk.rb,puma-4w-3t,12,puma,4,3,14346,1000,5.006,5.0,1000,5893,2.005,2.0,19,true,14346,0,2865.686,6.456,7.528,8.84,10.564,11.662,255.414,249.633,85.75,20,20,57,multiprocess_sample_only,,
yjit-on/puma-response-io-1kb/puma-4w-3t/repeat-3,yjit-on,true,puma-response-io-1kb,puma-response-time-wrk,puma/benchmarks/local/response_time_wrk,https://github.com/puma/puma/blob/main/benchmarks/local/response_time_wrk.rb,puma-4w-3t,12,puma,4,3,14237,1000,5.006,5.0,1000,5786,2.007,2.0,19,true,14237,0,2844.257,6.553,7.572,8.062,8.686,10.018,258.797,258.504,85.87,20,20,57,multiprocess_sample_only,,
yjit-on/puma-response-array-10kb/puma-4w-3t/repeat-3,yjit-on,true,puma-response-array-10kb,puma-response-time-wrk,puma/benchmarks/local/response_time_wrk,https://github.com/puma/puma/blob/main/benchmarks/local/response_time_wrk.rb,puma-4w-3t,12,puma,4,3,14374,1000,5.006,5.0,1000,5825,2.005,2.0,19,true,14374,0,2871.291,6.48,7.438,7.953,8.577,9.772,281.418,280.516,85.45,20,20,57,multiprocess_sample_only,,
yjit-on/puma-response-chunk-10kb/puma-4w-3t/repeat-3,yjit-on,true,puma-response-chunk-10kb,puma-response-time-wrk,puma/benchmarks/local/response_time_wrk,https://github.com/puma/puma/blob/main/benchmarks/local/response_time_wrk.rb,puma-4w-3t,12,puma,4,3,12592,1000,5.006,5.0,1000,5151,2.006,2.0,19,true,12592,0,2515.305,7.42,8.449,9.093,9.917,10.524,277.398,277.398,84.43,20,20,56,multiprocess_sample_only,,
yjit-on/puma-response-string-10kb/puma-4w-3t/repeat-3,yjit-on,true,puma-response-string-10kb,puma-response-time-wrk,puma/benchmarks/local/response_time_wrk,https://github.com/puma/puma/blob/main/benchmarks/local/response_time_wrk.rb,puma-4w-3t,12,puma,4,3,14411,1000,5.006,5.0,1000,5820,2.006,2.0,19,true,14411,0,2878.87,6.469,7.383,7.827,9.186,9.991,288.355,286.301,83.64,20,20,58,multiprocess_sample_only,,
yjit-on/puma-response-io-10kb/puma-4w-3t/repeat-3,yjit-on,true,puma-response-io-10kb,puma-response-time-wrk,puma/benchmarks/local/response_time_wrk,https://github.com/puma/puma/blob/main/benchmarks/local/response_time_wrk.rb,puma-4w-3t,12,puma,4,3,14139,1000,5.006,5.0,1000,5820,2.005,2.0,19,true,14139,0,2824.674,6.594,7.621,8.136,8.646,9.261,298.965,298.039,83.795,20,20,57,multiprocess_sample_only,,
yjit-on/puma-response-array-100kb/puma-4w-3t/repeat-3,yjit-on,true,puma-response-array-100kb,puma-response-time-wrk,puma/benchmarks/local/response_time_wrk,https://github.com/puma/puma/blob/main/benchmarks/local/response_time_wrk.rb,puma-4w-3t,12,puma,4,3,11523,1000,5.007,5.0,1000,4666,2.006,2.0,19,true,11523,0,2301.522,8.125,9.205,9.787,10.444,10.93,397.738,374.902,83.735,20,20,55,multiprocess_sample_only,,
yjit-on/puma-response-chunk-100kb/puma-4w-3t/repeat-3,yjit-on,true,puma-response-chunk-100kb,puma-response-time-wrk,puma/benchmarks/local/response_time_wrk,https://github.com/puma/puma/blob/main/benchmarks/local/response_time_wrk.rb,puma-4w-3t,12,puma,4,3,6142,1000,5.014,5.0,1000,2486,2.012,2.0,19,true,6142,0,1224.957,15.384,17.195,17.939,18.66,21.821,356.098,354.727,82.87,20,20,48,multiprocess_sample_only,,
yjit-on/puma-response-string-100kb/puma-4w-3t/repeat-3,yjit-on,true,puma-response-string-100kb,puma-response-time-wrk,puma/benchmarks/local/response_time_wrk,https://github.com/puma/puma/blob/main/benchmarks/local/response_time_wrk.rb,puma-4w-3t,12,puma,4,3,11633,1000,5.007,5.0,1000,4697,2.006,2.0,19,true,11633,0,2323.424,8.039,9.112,9.558,10.13,10.551,395.18,378.781,82.04,20,20,55,multiprocess_sample_only,,
yjit-on/puma-response-io-100kb/puma-4w-3t/repeat-3,yjit-on,true,puma-response-io-100kb,puma-response-time-wrk,puma/benchmarks/local/response_time_wrk,https://github.com/puma/puma/blob/main/benchmarks/local/response_time_wrk.rb,puma-4w-3t,12,puma,4,3,11452,1000,5.007,5.0,1000,4645,2.007,2.0,19,true,11452,0,2287.049,8.187,9.178,9.661,10.245,11.776,314.406,313.969,81.4,20,20,55,multiprocess_sample_only,,
yjit-on/puma-response-array-256kb/puma-4w-3t/repeat-3,yjit-on,true,puma-response-array-256kb,puma-response-time-wrk,puma/benchmarks/local/response_time_wrk,https://github.com/puma/puma/blob/main/benchmarks/local/response_time_wrk.rb,puma-4w-3t,12,puma,4,3,8702,1000,5.008,5.0,1000,3504,2.01,2.0,19,true,8702,0,1737.608,10.11,13.11,33.463,35.152,35.654,436.148,428.531,81.375,20,20,51,multiprocess_sample_only,,
yjit-on/puma-response-chunk-256kb/puma-4w-3t/repeat-3,yjit-on,true,puma-response-chunk-256kb,puma-response-time-wrk,puma/benchmarks/local/response_time_wrk,https://github.com/puma/puma/blob/main/benchmarks/local/response_time_wrk.rb,puma-4w-3t,12,puma,4,3,3400,1000,5.029,5.0,1000,1375,2.026,2.0,19,true,3400,0,676.034,27.955,31.018,32.566,34.543,39.91,398.887,395.387,80.92,20,20,38,multiprocess_sample_only,,
yjit-on/puma-response-string-256kb/puma-4w-3t/repeat-3,yjit-on,true,puma-response-string-256kb,puma-response-time-wrk,puma/benchmarks/local/response_time_wrk,https://github.com/puma/puma/blob/main/benchmarks/local/response_time_wrk.rb,puma-4w-3t,12,puma,4,3,8998,1000,5.01,5.0,1000,3695,2.011,2.0,19,true,8998,0,1796.179,9.756,12.591,32.349,34.532,36.244,357.742,348.906,79.795,20,20,51,multiprocess_sample_only,,
yjit-on/puma-response-io-256kb/puma-4w-3t/repeat-3,yjit-on,true,puma-response-io-256kb,puma-response-time-wrk,puma/benchmarks/local/response_time_wrk,https://github.com/puma/puma/blob/main/benchmarks/local/response_time_wrk.rb,puma-4w-3t,12,puma,4,3,8802,1000,5.034,5.0,1000,3608,2.008,2.0,19,true,8802,0,1748.339,9.96,13.026,32.762,35.779,80.086,347.574,347.098,78.65,20,20,52,multiprocess_sample_only,,
yjit-on/puma-response-array-512kb/puma-4w-3t/repeat-3,yjit-on,true,puma-response-array-512kb,puma-response-time-wrk,puma/benchmarks/local/response_time_wrk,https://github.com/puma/puma/blob/main/benchmarks/local/response_time_wrk.rb,puma-4w-3t,12,puma,4,3,6557,1000,5.012,5.0,1000,2628,2.011,2.0,19,true,6557,0,1308.367,13.13,18.486,39.235,41.243,42.454,523.145,523.145,78.475,20,20,47,multiprocess_sample_only,,
yjit-on/puma-response-chunk-512kb/puma-4w-3t/repeat-3,yjit-on,true,puma-response-chunk-512kb,puma-response-time-wrk,puma/benchmarks/local/response_time_wrk,https://github.com/puma/puma/blob/main/benchmarks/local/response_time_wrk.rb,puma-4w-3t,12,puma,4,3,1930,1000,5.043,5.0,1000,1000,2.574,2.0,19,true,1930,0,382.705,49.286,54.378,57.348,59.997,60.89,432.488,416.941,78.38,20,20,28,multiprocess_sample_only,,
yjit-on/puma-response-string-512kb/puma-4w-3t/repeat-3,yjit-on,true,puma-response-string-512kb,puma-response-time-wrk,puma/benchmarks/local/response_time_wrk,https://github.com/puma/puma/blob/main/benchmarks/local/response_time_wrk.rb,puma-4w-3t,12,puma,4,3,6946,1000,5.013,5.0,1000,2771,2.012,2.0,19,true,6946,0,1385.72,12.333,16.104,38.202,39.604,40.165,381.422,373.727,77.535,20,20,48,multiprocess_sample_only,,
yjit-on/puma-response-io-512kb/puma-4w-3t/repeat-3,yjit-on,true,puma-response-io-512kb,puma-response-time-wrk,puma/benchmarks/local/response_time_wrk,https://github.com/puma/puma/blob/main/benchmarks/local/response_time_wrk.rb,puma-4w-3t,12,puma,4,3,6847,1000,5.01,5.0,1000,2804,2.012,2.0,19,true,6847,0,1366.721,12.389,16.942,38.878,40.637,223.808,374.164,374.164,76.345,20,20,47,multiprocess_sample_only,,
yjit-on/puma-response-array-1024kb/puma-4w-3t/repeat-3,yjit-on,true,puma-response-array-1024kb,puma-response-time-wrk,puma/benchmarks/local/response_time_wrk,https://github.com/puma/puma/blob/main/benchmarks/local/response_time_wrk.rb,puma-4w-3t,12,puma,4,3,4164,1000,5.018,5.0,1000,1644,2.02,2.0,19,true,4164,0,829.745,21.157,45.619,48.811,49.659,50.723,510.184,500.449,75.74,20,20,41,multiprocess_sample_only,,
yjit-on/puma-response-chunk-1024kb/puma-4w-3t/repeat-3,yjit-on,true,puma-response-chunk-1024kb,puma-response-time-wrk,puma/benchmarks/local/response_time_wrk,https://github.com/puma/puma/blob/main/benchmarks/local/response_time_wrk.rb,puma-4w-3t,12,puma,4,3,1061,1000,5.08,5.0,1000,1000,4.747,2.0,19,true,1061,0,208.86,90.209,99.394,107.254,109.949,114.776,460.328,448.18,75.475,20,20,20,multiprocess_sample_only,,
yjit-on/puma-response-string-1024kb/puma-4w-3t/repeat-3,yjit-on,true,puma-response-string-1024kb,puma-response-time-wrk,puma/benchmarks/local/response_time_wrk,https://github.com/puma/puma/blob/main/benchmarks/local/response_time_wrk.rb,puma-4w-3t,12,puma,4,3,4224,1000,5.019,5.0,1000,1752,2.018,2.0,19,true,4224,0,841.632,20.861,45.698,48.289,49.385,50.329,432.457,428.398,74.43,20,20,42,multiprocess_sample_only,,
yjit-on/puma-response-io-1024kb/puma-4w-3t/repeat-3,yjit-on,true,puma-response-io-1024kb,puma-response-time-wrk,puma/benchmarks/local/response_time_wrk,https://github.com/puma/puma/blob/main/benchmarks/local/response_time_wrk.rb,puma-4w-3t,12,puma,4,3,4307,1000,5.019,5.0,1000,1776,2.018,2.0,19,true,4307,0,858.192,20.395,45.356,49.102,50.467,50.802,413.715,411.148,72.94,20,20,42,multiprocess_sample_only,,
yjit-on/puma-response-array-2048kb/puma-4w-3t/repeat-3,yjit-on,true,puma-response-array-2048kb,puma-response-time-wrk,puma/benchmarks/local/response_time_wrk,https://github.com/puma/puma/blob/main/benchmarks/local/response_time_wrk.rb,puma-4w-3t,12,puma,4,3,2418,1000,5.033,5.0,1000,1035,2.033,2.0,19,true,2418,0,480.421,37.324,50.913,70.226,74.457,75.182,451.871,432.797,72.43,20,20,32,multiprocess_sample_only,,
yjit-on/puma-response-chunk-2048kb/puma-4w-3t/repeat-3,yjit-on,true,puma-response-chunk-2048kb,puma-response-time-wrk,puma/benchmarks/local/response_time_wrk,https://github.com/puma/puma/blob/main/benchmarks/local/response_time_wrk.rb,puma-4w-3t,12,puma,4,3,1000,1000,8.969,5.0,1000,1000,8.92,2.0,19,true,1000,0,111.5,169.625,182.359,189.235,197.337,202.348,460.566,459.262,72.59,20,20,21,multiprocess_sample_only,,
yjit-on/puma-response-string-2048kb/puma-4w-3t/repeat-3,yjit-on,true,puma-response-string-2048kb,puma-response-time-wrk,puma/benchmarks/local/response_time_wrk,https://github.com/puma/puma/blob/main/benchmarks/local/response_time_wrk.rb,puma-4w-3t,12,puma,4,3,2703,1000,5.036,5.0,1000,1115,2.033,2.0,19,true,2703,0,536.777,34.775,39.495,47.388,60.78,62.937,458.563,420.43,71.79,20,20,34,multiprocess_sample_only,,
yjit-on/puma-response-io-2048kb/puma-4w-3t/repeat-3,yjit-on,true,puma-response-io-2048kb,puma-response-time-wrk,puma/benchmarks/local/response_time_wrk,https://github.com/puma/puma/blob/main/benchmarks/local/response_time_wrk.rb,puma-4w-3t,12,puma,4,3,2768,1000,5.032,5.0,1000,1144,2.029,2.0,19,true,2768,0,550.068,34.095,37.534,41.172,60.218,60.654,427.527,427.527,70.415,20,20,35,multiprocess_sample_only,,
yjit-on/puma-long-tail-fib-200ms-x6p0/puma-4w-3t/repeat-3,yjit-on,true,puma-long-tail-fib-200ms-x6p0,puma-long-tail-hey,puma/benchmarks/local/long_tail_hey + test/rackup/sleep_fibonacci,https://github.com/puma/puma/blob/main/benchmarks/local/long_tail_hey.rb,puma-4w-3t,12,puma,4,3,1440,1440,63.334,5.0,1000,1000,39.808,2.0,72,true,1440,0,22.737,2632.909,3261.894,3364.335,3402.562,3410.78,451.121,451.121,142.12,20,20,757,multiprocess_sample_only,,
yjit-on/puma-long-tail-fib-200ms-x4p0/puma-4w-3t/repeat-3,yjit-on,true,puma-long-tail-fib-200ms-x4p0,puma-long-tail-hey,puma/benchmarks/local/long_tail_hey + test/rackup/sleep_fibonacci,https://github.com/puma/puma/blob/main/benchmarks/local/long_tail_hey.rb,puma-4w-3t,12,puma,4,3,960,960,45.856,5.0,960,960,42.649,2.0,48,true,960,0,20.935,1977.638,2475.41,2567.293,2576.485,2581.97,471.875,469.5,184.21,20,20,557,multiprocess_sample_only,,
yjit-on/puma-long-tail-fib-200ms-x3p0/puma-4w-3t/repeat-3,yjit-on,true,puma-long-tail-fib-200ms-x3p0,puma-long-tail-hey,puma/benchmarks/local/long_tail_hey + test/rackup/sleep_fibonacci,https://github.com/puma/puma/blob/main/benchmarks/local/long_tail_hey.rb,puma-4w-3t,12,puma,4,3,720,720,45.78,5.0,720,720,34.202,2.0,36,true,720,0,15.727,1228.932,2461.37,2503.197,2530.479,2533.441,481.66,481.66,199.85,20,20,577,multiprocess_sample_only,,
yjit-on/puma-long-tail-fib-200ms-x2p0/puma-4w-3t/repeat-3,yjit-on,true,puma-long-tail-fib-200ms-x2p0,puma-long-tail-hey,puma/benchmarks/local/long_tail_hey + test/rackup/sleep_fibonacci,https://github.com/puma/puma/blob/main/benchmarks/local/long_tail_hey.rb,puma-4w-3t,12,puma,4,3,480,480,25.781,5.0,480,480,25.696,2.0,24,true,480,0,18.618,863.704,1313.098,1330.024,1341.592,1343.793,487.242,487.242,203.935,20,20,321,multiprocess_sample_only,,
yjit-on/puma-long-tail-fib-200ms-x1p5/puma-4w-3t/repeat-3,yjit-on,true,puma-long-tail-fib-200ms-x1p5,puma-long-tail-hey,puma/benchmarks/local/long_tail_hey + test/rackup/sleep_fibonacci,https://github.com/puma/puma/blob/main/benchmarks/local/long_tail_hey.rb,puma-4w-3t,12,puma,4,3,360,360,17.168,5.0,360,360,17.132,2.0,18,true,360,0,20.969,766.668,876.727,893.49,907.326,910.637,488.18,488.18,208.645,20,20,212,multiprocess_sample_only,,
yjit-on/puma-long-tail-fib-200ms-x1p0/puma-4w-3t/repeat-3,yjit-on,true,puma-long-tail-fib-200ms-x1p0,puma-long-tail-hey,puma/benchmarks/local/long_tail_hey + test/rackup/sleep_fibonacci,https://github.com/puma/puma/blob/main/benchmarks/local/long_tail_hey.rb,puma-4w-3t,12,puma,4,3,240,240,11.505,5.0,240,240,14.289,2.0,12,true,240,0,20.86,433.169,820.052,845.512,851.974,852.691,490.059,490.059,210.935,20,20,143,multiprocess_sample_only,,
yjit-on/puma-long-tail-fib-200ms-x0p5/puma-4w-3t/repeat-3,yjit-on,true,puma-long-tail-fib-200ms-x0p5,puma-long-tail-hey,puma/benchmarks/local/long_tail_hey + test/rackup/sleep_fibonacci,https://github.com/puma/puma/blob/main/benchmarks/local/long_tail_hey.rb,puma-4w-3t,12,puma,4,3,130,120,5.868,5.0,120,120,8.55,2.0,6,true,130,0,22.155,284.89,304.797,309.422,311.432,311.644,497.152,497.152,211.45,20,20,78,multiprocess_sample_only,,
yjit-on/puma-sleep-fibonacci-1ms/puma-4w-3t/repeat-3,yjit-on,true,puma-sleep-fibonacci-1ms,puma-sleep-fibonacci-test,puma/benchmarks/local/sleep_fibonacci_test + test/rackup/sleep_fibonacci,https://github.com/puma/puma/blob/main/benchmarks/local/sleep_fibonacci_test.rb,puma-4w-3t,12,puma,4,3,1750,10,5.001,5.0,10,717,2.001,2.0,1,true,1750,0,349.922,2.82,3.186,3.338,3.815,4.139,531.59,531.59,210.52,20,20,71,multiprocess_sample_only,,
yjit-on/puma-sleep-fibonacci-5ms/puma-4w-3t/repeat-3,yjit-on,true,puma-sleep-fibonacci-5ms,puma-sleep-fibonacci-test,puma/benchmarks/local/sleep_fibonacci_test + test/rackup/sleep_fibonacci,https://github.com/puma/puma/blob/main/benchmarks/local/sleep_fibonacci_test.rb,puma-4w-3t,12,puma,4,3,543,10,5.008,5.0,10,211,2.003,2.0,1,true,543,0,108.422,9.15,9.975,10.443,10.799,10.818,537.738,530.301,208.615,20,20,71,multiprocess_sample_only,,
yjit-on/puma-sleep-fibonacci-10ms/puma-4w-3t/repeat-3,yjit-on,true,puma-sleep-fibonacci-10ms,puma-sleep-fibonacci-test,puma/benchmarks/local/sleep_fibonacci_test + test/rackup/sleep_fibonacci,https://github.com/puma/puma/blob/main/benchmarks/local/sleep_fibonacci_test.rb,puma-4w-3t,12,puma,4,3,365,10,5.013,5.0,10,151,2.006,2.0,1,true,365,0,72.815,13.706,14.19,14.324,14.48,14.54,548.23,548.23,206.885,20,20,71,multiprocess_sample_only,,
yjit-on/puma-sleep-fibonacci-50ms/puma-4w-3t/repeat-3,yjit-on,true,puma-sleep-fibonacci-50ms,puma-sleep-fibonacci-test,puma/benchmarks/local/sleep_fibonacci_test + test/rackup/sleep_fibonacci,https://github.com/puma/puma/blob/main/benchmarks/local/sleep_fibonacci_test.rb,puma-4w-3t,12,puma,4,3,100,10,5.037,5.0,10,40,2.016,2.0,1,true,100,0,19.853,50.322,50.4,50.649,51.134,51.188,548.23,542.48,205.32,20,20,72,multiprocess_sample_only,,
yjit-on/puma-sleep-fibonacci-100ms/puma-4w-3t/repeat-3,yjit-on,true,puma-sleep-fibonacci-100ms,puma-sleep-fibonacci-test,puma/benchmarks/local/sleep_fibonacci_test + test/rackup/sleep_fibonacci,https://github.com/puma/puma/blob/main/benchmarks/local/sleep_fibonacci_test.rb,puma-4w-3t,12,puma,4,3,50,10,5.023,5.0,10,20,2.009,2.0,1,true,50,0,9.955,100.393,100.528,100.63,100.713,100.722,542.484,542.484,203.825,20,20,72,multiprocess_sample_only,,
yjit-on/puma-sleep-fibonacci-200ms/puma-4w-3t/repeat-3,yjit-on,true,puma-sleep-fibonacci-200ms,puma-sleep-fibonacci-test,puma/benchmarks/local/sleep_fibonacci_test + test/rackup/sleep_fibonacci,https://github.com/puma/puma/blob/main/benchmarks/local/sleep_fibonacci_test.rb,puma-4w-3t,12,puma,4,3,25,10,5.012,5.0,10,10,2.005,2.0,1,true,25,0,4.988,200.4,200.507,200.651,200.692,200.696,542.488,542.488,202.35,20,20,72,multiprocess_sample_only,,
