run_id,runtime,yjit,scenario,scenario_family,benchmark_source,benchmark_source_url,server,server_capacity,adapter,workers,threads,requests,target_requests,duration_s,min_duration_s,target_warmup_requests,warmup_requests,warmup_duration_s,warmup_min_duration_s,concurrency,keep_alive,completed,errors,achieved_rps,p50_ms,p95_ms,p99_ms,p999_ms,max_ms,rss_mb_peak,rss_mb_end,cpu_pct_avg,target_sample_count,sample_count,raw_sample_count,gc_delta_scope,gc_count_delta,total_allocated_objects_delta
yjit-off/puma-response-array-1kb/raptor-12r/repeat-1,yjit-off,false,puma-response-array-1kb,puma-response-time-wrk,puma/benchmarks/local/response_time_wrk,https://github.com/puma/puma/blob/main/benchmarks/local/response_time_wrk.rb,raptor-12r,12,raptor,12,,1691,1000,6.183,5.0,1000,1000,4.299,2.0,19,true,1691,0,273.476,40.994,42.681,46.231,4046.222,4049.921,33.746,33.746,11.68,20,20,92,same_worker,28,1212326
yjit-off/puma-response-chunk-1kb/raptor-12r/repeat-1,yjit-off,false,puma-response-chunk-1kb,puma-response-time-wrk,puma/benchmarks/local/response_time_wrk,https://github.com/puma/puma/blob/main/benchmarks/local/response_time_wrk.rb,raptor-12r,12,raptor,12,,1685,1000,6.254,5.0,1000,1000,4.281,2.0,19,true,1685,0,269.41,41.572,43.226,45.694,4103.72,4107.059,34.188,34.188,10.055,20,20,92,same_worker,23,1209165
yjit-off/puma-response-string-1kb/raptor-12r/repeat-1,yjit-off,false,puma-response-string-1kb,puma-response-time-wrk,puma/benchmarks/local/response_time_wrk,https://github.com/puma/puma/blob/main/benchmarks/local/response_time_wrk.rb,raptor-12r,12,raptor,12,,1687,1000,6.19,5.0,1000,1000,4.335,2.0,19,true,1687,0,272.532,41.009,42.771,46.232,4065.67,4068.128,34.656,34.656,9.575,20,20,92,same_worker,20,1210707
yjit-off/puma-response-io-1kb/raptor-12r/repeat-1,yjit-off,false,puma-response-io-1kb,puma-response-time-wrk,puma/benchmarks/local/response_time_wrk,https://github.com/puma/puma/blob/main/benchmarks/local/response_time_wrk.rb,raptor-12r,12,raptor,12,,1691,1000,6.19,5.0,1000,1000,4.28,2.0,19,true,1691,0,273.185,41.001,42.694,45.061,4053.017,4054.511,35.43,35.43,9.455,20,20,91,same_worker,18,1228975
yjit-off/puma-response-array-10kb/raptor-12r/repeat-1,yjit-off,false,puma-response-array-10kb,puma-response-time-wrk,puma/benchmarks/local/response_time_wrk,https://github.com/puma/puma/blob/main/benchmarks/local/response_time_wrk.rb,raptor-12r,12,raptor,12,,1691,1000,6.187,5.0,1000,1000,4.316,2.0,19,true,1691,0,273.315,40.99,42.566,44.614,4045.532,4057.367,35.934,35.934,9.405,20,20,92,same_worker,16,1220234
yjit-off/puma-response-chunk-10kb/raptor-12r/repeat-1,yjit-off,false,puma-response-chunk-10kb,puma-response-time-wrk,puma/benchmarks/local/response_time_wrk,https://github.com/puma/puma/blob/main/benchmarks/local/response_time_wrk.rb,raptor-12r,12,raptor,12,,1688,1000,6.18,5.0,1000,1000,4.295,2.0,19,true,1688,0,273.141,41.055,42.699,44.544,4050.249,4050.924,36.434,36.434,9.37,20,20,91,same_worker,15,1211969
yjit-off/puma-response-string-10kb/raptor-12r/repeat-1,yjit-off,false,puma-response-string-10kb,puma-response-time-wrk,puma/benchmarks/local/response_time_wrk,https://github.com/puma/puma/blob/main/benchmarks/local/response_time_wrk.rb,raptor-12r,12,raptor,12,,1686,1000,6.214,5.0,1000,1000,4.281,2.0,19,true,1686,0,271.33,41.583,43.01,44.166,4087.248,4088.788,36.98,36.98,9.3,20,20,92,same_worker,13,1207337
yjit-off/puma-response-io-10kb/raptor-12r/repeat-1,yjit-off,false,puma-response-io-10kb,puma-response-time-wrk,puma/benchmarks/local/response_time_wrk,https://github.com/puma/puma/blob/main/benchmarks/local/response_time_wrk.rb,raptor-12r,12,raptor,12,,1688,1000,6.175,5.0,1000,1000,4.309,2.0,19,true,1688,0,273.365,40.994,42.601,45.733,4062.127,4071.606,39.309,39.309,9.355,20,20,91,same_worker,15,1258185
yjit-off/puma-response-array-100kb/raptor-12r/repeat-1,yjit-off,false,puma-response-array-100kb,puma-response-time-wrk,puma/benchmarks/local/response_time_wrk,https://github.com/puma/puma/blob/main/benchmarks/local/response_time_wrk.rb,raptor-12r,12,raptor,12,,11399,1000,5.006,5.0,1000,4632,2.007,2.0,19,true,11399,0,2276.897,4.965,6.285,48.728,493.242,537.732,39.672,39.672,14.57,20,20,65,same_worker,80,8195688
yjit-off/puma-response-chunk-100kb/raptor-12r/repeat-1,yjit-off,false,puma-response-chunk-100kb,puma-response-time-wrk,puma/benchmarks/local/response_time_wrk,https://github.com/puma/puma/blob/main/benchmarks/local/response_time_wrk.rb,raptor-12r,12,raptor,12,,11500,1000,5.009,5.0,1000,4666,2.007,2.0,19,true,11500,0,2296.003,4.846,6.296,49.448,462.073,530.098,40.09,40.09,21.815,20,20,65,same_worker,77,8232887
yjit-off/puma-response-string-100kb/raptor-12r/repeat-1,yjit-off,false,puma-response-string-100kb,puma-response-time-wrk,puma/benchmarks/local/response_time_wrk,https://github.com/puma/puma/blob/main/benchmarks/local/response_time_wrk.rb,raptor-12r,12,raptor,12,,12388,1000,5.007,5.0,1000,5057,2.006,2.0,19,true,12388,0,2474.382,4.744,5.983,9.659,480.292,484.484,41.75,41.75,26.94,20,20,65,same_worker,82,8909041
yjit-off/puma-response-io-100kb/raptor-12r/repeat-1,yjit-off,false,puma-response-io-100kb,puma-response-time-wrk,puma/benchmarks/local/response_time_wrk,https://github.com/puma/puma/blob/main/benchmarks/local/response_time_wrk.rb,raptor-12r,12,raptor,12,,3199,1000,5.042,5.0,1000,1351,4.078,2.0,19,true,3199,0,634.523,5.682,42.048,49.542,2763.832,3215.007,62.406,62.406,28.565,20,20,73,same_worker,27,2965478
yjit-off/puma-response-array-256kb/raptor-12r/repeat-1,yjit-off,false,puma-response-array-256kb,puma-response-time-wrk,puma/benchmarks/local/response_time_wrk,https://github.com/puma/puma/blob/main/benchmarks/local/response_time_wrk.rb,raptor-12r,12,raptor,12,,8429,1000,5.057,5.0,1000,3102,2.034,2.0,19,true,8429,0,1666.672,6.39,8.967,59.777,630.342,718.908,62.531,62.531,32.565,20,20,64,same_worker,51,6063614
yjit-off/puma-response-chunk-256kb/raptor-12r/repeat-1,yjit-off,false,puma-response-chunk-256kb,puma-response-time-wrk,puma/benchmarks/local/response_time_wrk,https://github.com/puma/puma/blob/main/benchmarks/local/response_time_wrk.rb,raptor-12r,12,raptor,12,,6534,1000,5.046,5.0,1000,3177,2.047,2.0,19,true,6534,0,1294.781,6.432,42.191,99.862,960.096,1263.037,62.781,62.781,37.645,20,20,68,same_worker,38,4678142
yjit-off/puma-response-string-256kb/raptor-12r/repeat-1,yjit-off,false,puma-response-string-256kb,puma-response-time-wrk,puma/benchmarks/local/response_time_wrk,https://github.com/puma/puma/blob/main/benchmarks/local/response_time_wrk.rb,raptor-12r,12,raptor,12,,9943,1000,5.008,5.0,1000,4038,2.009,2.0,19,true,9943,0,1985.24,5.94,7.193,16.961,590.567,601.279,62.934,62.934,40.13,20,20,63,same_worker,58,7136654
yjit-off/puma-response-io-256kb/raptor-12r/repeat-1,yjit-off,false,puma-response-io-256kb,puma-response-time-wrk,puma/benchmarks/local/response_time_wrk,https://github.com/puma/puma/blob/main/benchmarks/local/response_time_wrk.rb,raptor-12r,12,raptor,12,,1940,1000,5.054,5.0,1000,1397,4.031,2.0,19,true,1940,0,383.887,41.915,43.088,52.22,3112.953,3152.251,95.703,95.703,40.705,20,20,75,same_worker,21,2398063
yjit-off/puma-response-array-512kb/raptor-12r/repeat-1,yjit-off,false,puma-response-array-512kb,puma-response-time-wrk,puma/benchmarks/local/response_time_wrk,https://github.com/puma/puma/blob/main/benchmarks/local/response_time_wrk.rb,raptor-12r,12,raptor,12,,5936,1000,5.013,5.0,1000,2464,2.048,2.0,19,true,5936,0,1184.105,9.073,18.804,62.448,946.679,1007.447,95.703,95.703,44.58,20,20,59,same_worker,32,4265917
yjit-off/puma-response-chunk-512kb/raptor-12r/repeat-1,yjit-off,false,puma-response-chunk-512kb,puma-response-time-wrk,puma/benchmarks/local/response_time_wrk,https://github.com/puma/puma/blob/main/benchmarks/local/response_time_wrk.rb,raptor-12r,12,raptor,12,,5710,1000,5.026,5.0,1000,2417,2.046,2.0,19,true,5710,0,1136.062,8.934,24.385,57.277,1009.367,1152.031,91.445,91.445,50.16,20,20,59,same_worker,31,4087321
yjit-off/puma-response-string-512kb/raptor-12r/repeat-1,yjit-off,false,puma-response-string-512kb,puma-response-time-wrk,puma/benchmarks/local/response_time_wrk,https://github.com/puma/puma/blob/main/benchmarks/local/response_time_wrk.rb,raptor-12r,12,raptor,12,,6771,1000,5.011,5.0,1000,2732,2.099,2.0,19,true,6771,0,1351.183,8.19,13.853,22.311,861.097,881.103,92.508,92.508,52.19,20,20,58,same_worker,37,4866860
yjit-off/puma-response-io-512kb/raptor-12r/repeat-1,yjit-off,false,puma-response-io-512kb,puma-response-time-wrk,puma/benchmarks/local/response_time_wrk,https://github.com/puma/puma/blob/main/benchmarks/local/response_time_wrk.rb,raptor-12r,12,raptor,12,,2098,1000,5.044,5.0,1000,1148,4.014,2.0,19,true,2098,0,415.926,41.994,46.233,54.714,2524.669,2689.636,125.934,125.934,52.79,20,20,74,same_worker,32,3665979
yjit-off/puma-response-array-1024kb/raptor-12r/repeat-1,yjit-off,false,puma-response-array-1024kb,puma-response-time-wrk,puma/benchmarks/local/response_time_wrk,https://github.com/puma/puma/blob/main/benchmarks/local/response_time_wrk.rb,raptor-12r,12,raptor,12,,3143,1000,5.049,5.0,1000,1501,3.996,2.0,19,true,3143,0,622.501,13.192,53.281,71.392,1926.329,1984.901,126.121,126.121,55.81,20,20,63,same_worker,16,2253376
yjit-off/puma-response-chunk-1024kb/raptor-12r/repeat-1,yjit-off,false,puma-response-chunk-1024kb,puma-response-time-wrk,puma/benchmarks/local/response_time_wrk,https://github.com/puma/puma/blob/main/benchmarks/local/response_time_wrk.rb,raptor-12r,12,raptor,12,,3310,1000,5.056,5.0,1000,1218,3.85,2.0,19,true,3310,0,654.696,13.034,53.919,64.916,1841.056,1917.043,126.184,126.184,59.81,20,20,62,same_worker,16,2365969
yjit-off/puma-response-string-1024kb/raptor-12r/repeat-1,yjit-off,false,puma-response-string-1024kb,puma-response-time-wrk,puma/benchmarks/local/response_time_wrk,https://github.com/puma/puma/blob/main/benchmarks/local/response_time_wrk.rb,raptor-12r,12,raptor,12,,4782,1000,5.016,5.0,1000,1871,2.019,2.0,19,true,4782,0,953.331,11.884,19.265,30.009,1261.481,1281.186,127.699,127.699,61.245,20,20,53,same_worker,23,3440915
yjit-off/puma-response-io-1024kb/raptor-12r/repeat-1,yjit-off,false,puma-response-io-1024kb,puma-response-time-wrk,puma/benchmarks/local/response_time_wrk,https://github.com/puma/puma/blob/main/benchmarks/local/response_time_wrk.rb,raptor-12r,12,raptor,12,,1797,1000,5.329,5.0,1000,1038,4.079,2.0,19,true,1797,0,337.235,44.058,53.996,216.501,3338.419,3384.468,162.242,160.594,62.61,20,20,77,same_worker,49,4984254
yjit-off/puma-response-array-2048kb/raptor-12r/repeat-1,yjit-off,false,puma-response-array-2048kb,puma-response-time-wrk,puma/benchmarks/local/response_time_wrk,https://github.com/puma/puma/blob/main/benchmarks/local/response_time_wrk.rb,raptor-12r,12,raptor,12,,1809,1000,5.399,5.0,1000,1067,4.24,2.0,19,true,1809,0,335.058,27.764,66.367,277.453,3313.721,3407.268,160.656,160.656,66.435,20,20,71,same_worker,8,1297846
yjit-off/puma-response-chunk-2048kb/raptor-12r/repeat-1,yjit-off,false,puma-response-chunk-2048kb,puma-response-time-wrk,puma/benchmarks/local/response_time_wrk,https://github.com/puma/puma/blob/main/benchmarks/local/response_time_wrk.rb,raptor-12r,12,raptor,12,,1808,1000,5.306,5.0,1000,1076,4.062,2.0,19,true,1808,0,340.725,25.719,66.886,384.425,3331.524,3359.917,160.719,160.719,70.895,20,20,69,same_worker,9,1290314
yjit-off/puma-response-string-2048kb/raptor-12r/repeat-1,yjit-off,false,puma-response-string-2048kb,puma-response-time-wrk,puma/benchmarks/local/response_time_wrk,https://github.com/puma/puma/blob/main/benchmarks/local/response_time_wrk.rb,raptor-12r,12,raptor,12,,2844,1000,5.029,5.0,1000,1578,2.63,2.0,19,true,2844,0,565.483,20.867,27.304,48.567,2084.156,2090.327,176.594,176.594,71.605,20,20,44,same_worker,13,2047801
yjit-off/puma-response-io-2048kb/raptor-12r/repeat-1,yjit-off,false,puma-response-io-2048kb,puma-response-time-wrk,puma/benchmarks/local/response_time_wrk,https://github.com/puma/puma/blob/main/benchmarks/local/response_time_wrk.rb,raptor-12r,12,raptor,12,,1613,1000,6.938,5.0,1000,1001,4.828,2.0,19,true,1613,0,232.473,49.908,69.545,281.106,4572.489,4584.562,237.469,237.469,74.88,20,20,100,same_worker,68,7777769
yjit-off/puma-long-tail-fib-200ms-x6p0/raptor-12r/repeat-1,yjit-off,false,puma-long-tail-fib-200ms-x6p0,puma-long-tail-hey,puma/benchmarks/local/long_tail_hey + test/rackup/sleep_fibonacci,https://github.com/puma/puma/blob/main/benchmarks/local/long_tail_hey.rb,raptor-12r,12,raptor,12,,1440,1440,200.259,5.0,1000,1000,140.259,2.0,72,true,0,1440,0.0,,,,,,233.805,233.805,35.335,20,20,2914,unavailable,,
yjit-off/puma-long-tail-fib-200ms-x4p0/raptor-12r/repeat-1,yjit-off,false,puma-long-tail-fib-200ms-x4p0,puma-long-tail-hey,puma/benchmarks/local/long_tail_hey + test/rackup/sleep_fibonacci,https://github.com/puma/puma/blob/main/benchmarks/local/long_tail_hey.rb,raptor-12r,12,raptor,12,,960,960,5.018,5.0,960,960,5.02,2.0,48,true,0,960,0.0,,,,,,233.805,233.805,25.46,20,20,74,unavailable,,
yjit-off/puma-long-tail-fib-200ms-x3p0/raptor-12r/repeat-1,yjit-off,false,puma-long-tail-fib-200ms-x3p0,puma-long-tail-hey,puma/benchmarks/local/long_tail_hey + test/rackup/sleep_fibonacci,https://github.com/puma/puma/blob/main/benchmarks/local/long_tail_hey.rb,raptor-12r,12,raptor,12,,720,720,5.016,5.0,720,720,5.015,2.0,36,true,0,720,0.0,,,,,,233.805,233.805,22.04,20,20,75,unavailable,,
yjit-off/puma-long-tail-fib-200ms-x2p0/raptor-12r/repeat-1,yjit-off,false,puma-long-tail-fib-200ms-x2p0,puma-long-tail-hey,puma/benchmarks/local/long_tail_hey + test/rackup/sleep_fibonacci,https://github.com/puma/puma/blob/main/benchmarks/local/long_tail_hey.rb,raptor-12r,12,raptor,12,,480,480,5.012,5.0,480,480,5.011,2.0,24,true,0,480,0.0,,,,,,233.805,233.805,19.42,20,20,75,unavailable,,
yjit-off/puma-long-tail-fib-200ms-x1p5/raptor-12r/repeat-1,yjit-off,false,puma-long-tail-fib-200ms-x1p5,puma-long-tail-hey,puma/benchmarks/local/long_tail_hey + test/rackup/sleep_fibonacci,https://github.com/puma/puma/blob/main/benchmarks/local/long_tail_hey.rb,raptor-12r,12,raptor,12,,360,360,5.011,5.0,360,360,5.01,2.0,18,true,0,360,0.0,,,,,,233.805,233.805,17.37,20,20,74,unavailable,,
yjit-off/puma-long-tail-fib-200ms-x1p0/raptor-12r/repeat-1,yjit-off,false,puma-long-tail-fib-200ms-x1p0,puma-long-tail-hey,puma/benchmarks/local/long_tail_hey + test/rackup/sleep_fibonacci,https://github.com/puma/puma/blob/main/benchmarks/local/long_tail_hey.rb,raptor-12r,12,raptor,12,,240,240,5.008,5.0,240,240,5.008,2.0,12,true,0,240,0.0,,,,,,233.805,233.805,15.7,20,20,75,unavailable,,
yjit-off/puma-long-tail-fib-200ms-x0p5/raptor-12r/repeat-1,yjit-off,false,puma-long-tail-fib-200ms-x0p5,puma-long-tail-hey,puma/benchmarks/local/long_tail_hey + test/rackup/sleep_fibonacci,https://github.com/puma/puma/blob/main/benchmarks/local/long_tail_hey.rb,raptor-12r,12,raptor,12,,120,120,5.007,5.0,120,120,5.008,2.0,6,true,0,120,0.0,,,,,,233.805,233.805,14.3,20,20,75,unavailable,,
yjit-off/puma-sleep-fibonacci-1ms/raptor-12r/repeat-1,yjit-off,false,puma-sleep-fibonacci-1ms,puma-sleep-fibonacci-test,puma/benchmarks/local/sleep_fibonacci_test + test/rackup/sleep_fibonacci,https://github.com/puma/puma/blob/main/benchmarks/local/sleep_fibonacci_test.rb,raptor-12r,12,raptor,12,,10,10,5.004,5.0,10,10,5.006,2.0,1,true,0,10,0.0,,,,,,233.805,233.805,13.2,20,20,75,unavailable,,
yjit-off/puma-sleep-fibonacci-5ms/raptor-12r/repeat-1,yjit-off,false,puma-sleep-fibonacci-5ms,puma-sleep-fibonacci-test,puma/benchmarks/local/sleep_fibonacci_test + test/rackup/sleep_fibonacci,https://github.com/puma/puma/blob/main/benchmarks/local/sleep_fibonacci_test.rb,raptor-12r,12,raptor,12,,10,10,5.007,5.0,10,10,5.006,2.0,1,true,0,10,0.0,,,,,,233.805,233.805,12.2,20,20,75,unavailable,,
yjit-off/puma-sleep-fibonacci-10ms/raptor-12r/repeat-1,yjit-off,false,puma-sleep-fibonacci-10ms,puma-sleep-fibonacci-test,puma/benchmarks/local/sleep_fibonacci_test + test/rackup/sleep_fibonacci,https://github.com/puma/puma/blob/main/benchmarks/local/sleep_fibonacci_test.rb,raptor-12r,12,raptor,12,,10,10,5.006,5.0,10,10,5.006,2.0,1,true,0,10,0.0,,,,,,233.805,233.805,11.335,20,20,75,unavailable,,
yjit-off/puma-sleep-fibonacci-50ms/raptor-12r/repeat-1,yjit-off,false,puma-sleep-fibonacci-50ms,puma-sleep-fibonacci-test,puma/benchmarks/local/sleep_fibonacci_test + test/rackup/sleep_fibonacci,https://github.com/puma/puma/blob/main/benchmarks/local/sleep_fibonacci_test.rb,raptor-12r,12,raptor,12,,10,10,5.006,5.0,10,10,5.006,2.0,1,true,0,10,0.0,,,,,,233.805,233.805,10.6,20,20,74,unavailable,,
yjit-off/puma-sleep-fibonacci-100ms/raptor-12r/repeat-1,yjit-off,false,puma-sleep-fibonacci-100ms,puma-sleep-fibonacci-test,puma/benchmarks/local/sleep_fibonacci_test + test/rackup/sleep_fibonacci,https://github.com/puma/puma/blob/main/benchmarks/local/sleep_fibonacci_test.rb,raptor-12r,12,raptor,12,,10,10,5.006,5.0,10,10,5.006,2.0,1,true,0,10,0.0,,,,,,233.805,233.805,10.0,20,20,75,unavailable,,
yjit-off/puma-sleep-fibonacci-200ms/raptor-12r/repeat-1,yjit-off,false,puma-sleep-fibonacci-200ms,puma-sleep-fibonacci-test,puma/benchmarks/local/sleep_fibonacci_test + test/rackup/sleep_fibonacci,https://github.com/puma/puma/blob/main/benchmarks/local/sleep_fibonacci_test.rb,raptor-12r,12,raptor,12,,10,10,5.006,5.0,10,10,5.006,2.0,1,true,0,10,0.0,,,,,,233.805,233.805,9.4,20,20,74,unavailable,,
yjit-off/puma-response-array-1kb/raptor-12r/repeat-2,yjit-off,false,puma-response-array-1kb,puma-response-time-wrk,puma/benchmarks/local/response_time_wrk,https://github.com/puma/puma/blob/main/benchmarks/local/response_time_wrk.rb,raptor-12r,12,raptor,12,,1689,1000,6.17,5.0,1000,1000,4.299,2.0,19,true,1689,0,273.751,41.001,42.729,44.728,4060.461,4062.054,33.266,33.266,11.93,20,20,91,same_worker,29,1215834
yjit-off/puma-response-chunk-1kb/raptor-12r/repeat-2,yjit-off,false,puma-response-chunk-1kb,puma-response-time-wrk,puma/benchmarks/local/response_time_wrk,https://github.com/puma/puma/blob/main/benchmarks/local/response_time_wrk.rb,raptor-12r,12,raptor,12,,1684,1000,6.216,5.0,1000,1000,4.345,2.0,19,true,1684,0,270.911,41.577,42.989,45.108,4105.439,4106.639,33.648,33.648,10.15,20,20,92,same_worker,22,1205808
yjit-off/puma-response-string-1kb/raptor-12r/repeat-2,yjit-off,false,puma-response-string-1kb,puma-response-time-wrk,puma/benchmarks/local/response_time_wrk,https://github.com/puma/puma/blob/main/benchmarks/local/response_time_wrk.rb,raptor-12r,12,raptor,12,,1686,1000,6.198,5.0,1000,1000,4.334,2.0,19,true,1686,0,272.01,41.165,42.955,44.442,4079.02,4083.27,33.973,33.973,9.7,20,20,92,same_worker,20,1208948
yjit-off/puma-response-io-1kb/raptor-12r/repeat-2,yjit-off,false,puma-response-io-1kb,puma-response-time-wrk,puma/benchmarks/local/response_time_wrk,https://github.com/puma/puma/blob/main/benchmarks/local/response_time_wrk.rb,raptor-12r,12,raptor,12,,1686,1000,6.248,5.0,1000,1000,4.302,2.0,19,true,1686,0,269.842,41.503,42.93,44.134,4081.353,4100.72,34.473,34.473,9.635,20,20,92,same_worker,17,1221508
yjit-off/puma-response-array-10kb/raptor-12r/repeat-2,yjit-off,false,puma-response-array-10kb,puma-response-time-wrk,puma/benchmarks/local/response_time_wrk,https://github.com/puma/puma/blob/main/benchmarks/local/response_time_wrk.rb,raptor-12r,12,raptor,12,,1691,1000,6.172,5.0,1000,1000,4.281,2.0,19,true,1691,0,273.984,40.998,42.643,44.356,4051.696,4053.276,34.648,34.648,9.575,20,20,91,same_worker,18,1223823
yjit-off/puma-response-chunk-10kb/raptor-12r/repeat-2,yjit-off,false,puma-response-chunk-10kb,puma-response-time-wrk,puma/benchmarks/local/response_time_wrk,https://github.com/puma/puma/blob/main/benchmarks/local/response_time_wrk.rb,raptor-12r,12,raptor,12,,1689,1000,6.204,5.0,1000,1000,4.292,2.0,19,true,1689,0,272.233,41.014,42.593,44.201,4064.744,4099.616,34.734,34.734,9.545,20,20,92,same_worker,17,1208225
yjit-off/puma-response-string-10kb/raptor-12r/repeat-2,yjit-off,false,puma-response-string-10kb,puma-response-time-wrk,puma/benchmarks/local/response_time_wrk,https://github.com/puma/puma/blob/main/benchmarks/local/response_time_wrk.rb,raptor-12r,12,raptor,12,,1688,1000,6.173,5.0,1000,1000,4.338,2.0,19,true,1688,0,273.461,41.012,42.722,44.295,4061.453,4066.508,34.813,34.813,9.485,20,20,91,same_worker,18,1213972
yjit-off/puma-response-io-10kb/raptor-12r/repeat-2,yjit-off,false,puma-response-io-10kb,puma-response-time-wrk,puma/benchmarks/local/response_time_wrk,https://github.com/puma/puma/blob/main/benchmarks/local/response_time_wrk.rb,raptor-12r,12,raptor,12,,1686,1000,6.207,5.0,1000,1000,4.341,2.0,19,true,1686,0,271.628,41.231,42.768,44.792,4070.718,4073.389,36.34,36.34,9.555,20,20,92,same_worker,17,1253289
yjit-off/puma-response-array-100kb/raptor-12r/repeat-2,yjit-off,false,puma-response-array-100kb,puma-response-time-wrk,puma/benchmarks/local/response_time_wrk,https://github.com/puma/puma/blob/main/benchmarks/local/response_time_wrk.rb,raptor-12r,12,raptor,12,,11346,1000,5.008,5.0,1000,4649,2.006,2.0,19,true,11346,0,2265.715,5.044,6.482,46.782,511.898,538.31,36.34,36.34,14.91,20,20,65,same_worker,120,8164533
yjit-off/puma-response-chunk-100kb/raptor-12r/repeat-2,yjit-off,false,puma-response-chunk-100kb,puma-response-time-wrk,puma/benchmarks/local/response_time_wrk,https://github.com/puma/puma/blob/main/benchmarks/local/response_time_wrk.rb,raptor-12r,12,raptor,12,,11250,1000,5.008,5.0,1000,4562,2.009,2.0,19,true,11250,0,2246.61,5.086,6.535,47.784,494.133,582.78,36.387,36.387,22.26,20,20,65,same_worker,119,8049839
yjit-off/puma-response-string-100kb/raptor-12r/repeat-2,yjit-off,false,puma-response-string-100kb,puma-response-time-wrk,puma/benchmarks/local/response_time_wrk,https://github.com/puma/puma/blob/main/benchmarks/local/response_time_wrk.rb,raptor-12r,12,raptor,12,,12503,1000,5.006,5.0,1000,5048,2.006,2.0,19,true,12503,0,2497.566,4.717,5.967,9.882,471.747,485.202,38.281,38.281,27.37,20,20,65,same_worker,131,8991588
yjit-off/puma-response-io-100kb/raptor-12r/repeat-2,yjit-off,false,puma-response-io-100kb,puma-response-time-wrk,puma/benchmarks/local/response_time_wrk,https://github.com/puma/puma/blob/main/benchmarks/local/response_time_wrk.rb,raptor-12r,12,raptor,12,,3090,1000,5.04,5.0,1000,1947,2.048,2.0,19,true,3090,0,613.044,5.923,42.099,55.521,2363.218,2524.399,51.004,51.004,29.945,20,20,73,same_worker,45,2859193
yjit-off/puma-response-array-256kb/raptor-12r/repeat-2,yjit-off,false,puma-response-array-256kb,puma-response-time-wrk,puma/benchmarks/local/response_time_wrk,https://github.com/puma/puma/blob/main/benchmarks/local/response_time_wrk.rb,raptor-12r,12,raptor,12,,6408,1000,5.02,5.0,1000,2513,2.028,2.0,19,true,6408,0,1276.521,6.3,42.324,86.048,1136.143,1239.301,51.004,51.004,32.8,20,20,67,same_worker,69,4604081
yjit-off/puma-response-chunk-256kb/raptor-12r/repeat-2,yjit-off,false,puma-response-chunk-256kb,puma-response-time-wrk,puma/benchmarks/local/response_time_wrk,https://github.com/puma/puma/blob/main/benchmarks/local/response_time_wrk.rb,raptor-12r,12,raptor,12,,7034,1000,5.01,5.0,1000,2472,2.048,2.0,19,true,7034,0,1404.057,6.596,41.889,57.815,883.874,1066.648,51.004,51.004,37.09,20,20,65,same_worker,75,5034206
yjit-off/puma-response-string-256kb/raptor-12r/repeat-2,yjit-off,false,puma-response-string-256kb,puma-response-time-wrk,puma/benchmarks/local/response_time_wrk,https://github.com/puma/puma/blob/main/benchmarks/local/response_time_wrk.rb,raptor-12r,12,raptor,12,,9359,1000,5.008,5.0,1000,3760,2.008,2.0,19,true,9359,0,1868.687,6.063,8.745,16.921,641.486,644.055,52.066,52.066,40.0,20,20,62,same_worker,99,6740359
yjit-off/puma-response-io-256kb/raptor-12r/repeat-2,yjit-off,false,puma-response-io-256kb,puma-response-time-wrk,puma/benchmarks/local/response_time_wrk,https://github.com/puma/puma/blob/main/benchmarks/local/response_time_wrk.rb,raptor-12r,12,raptor,12,,2343,1000,5.054,5.0,1000,1251,3.797,2.0,19,true,2343,0,463.554,41.766,44.081,53.163,2343.825,2740.705,73.523,71.508,40.72,20,20,74,same_worker,53,2895204
yjit-off/puma-response-array-512kb/raptor-12r/repeat-2,yjit-off,false,puma-response-array-512kb,puma-response-time-wrk,puma/benchmarks/local/response_time_wrk,https://github.com/puma/puma/blob/main/benchmarks/local/response_time_wrk.rb,raptor-12r,12,raptor,12,,5416,1000,5.013,5.0,1000,2068,2.058,2.0,19,true,5416,0,1080.353,9.155,43.053,65.126,1106.126,1139.349,71.508,71.508,44.675,20,20,59,same_worker,58,3890024
yjit-off/puma-response-chunk-512kb/raptor-12r/repeat-2,yjit-off,false,puma-response-chunk-512kb,puma-response-time-wrk,puma/benchmarks/local/response_time_wrk,https://github.com/puma/puma/blob/main/benchmarks/local/response_time_wrk.rb,raptor-12r,12,raptor,12,,5164,1000,5.045,5.0,1000,1650,2.732,2.0,19,true,5164,0,1023.609,9.176,44.831,131.11,1023.733,1095.324,71.508,71.508,49.605,20,20,62,same_worker,56,3696807
yjit-off/puma-response-string-512kb/raptor-12r/repeat-2,yjit-off,false,puma-response-string-512kb,puma-response-time-wrk,puma/benchmarks/local/response_time_wrk,https://github.com/puma/puma/blob/main/benchmarks/local/response_time_wrk.rb,raptor-12r,12,raptor,12,,6776,1000,5.012,5.0,1000,2709,2.169,2.0,19,true,6776,0,1352.082,8.202,12.766,24.049,882.989,911.829,72.379,72.379,51.475,20,20,59,same_worker,72,4870342
yjit-off/puma-response-io-512kb/raptor-12r/repeat-2,yjit-off,false,puma-response-io-512kb,puma-response-time-wrk,puma/benchmarks/local/response_time_wrk,https://github.com/puma/puma/blob/main/benchmarks/local/response_time_wrk.rb,raptor-12r,12,raptor,12,,2164,1000,5.054,5.0,1000,1233,4.089,2.0,19,true,2164,0,428.139,41.981,47.948,58.563,2511.215,2765.857,91.617,90.277,52.525,20,20,73,same_worker,76,3785318
yjit-off/puma-response-array-1024kb/raptor-12r/repeat-2,yjit-off,false,puma-response-array-1024kb,puma-response-time-wrk,puma/benchmarks/local/response_time_wrk,https://github.com/puma/puma/blob/main/benchmarks/local/response_time_wrk.rb,raptor-12r,12,raptor,12,,2997,1000,5.025,5.0,1000,1434,3.964,2.0,19,true,2997,0,596.359,13.524,54.358,196.776,2050.591,2097.564,90.277,90.277,56.0,20,20,63,same_worker,32,2151949
yjit-off/puma-response-chunk-1024kb/raptor-12r/repeat-2,yjit-off,false,puma-response-chunk-1024kb,puma-response-time-wrk,puma/benchmarks/local/response_time_wrk,https://github.com/puma/puma/blob/main/benchmarks/local/response_time_wrk.rb,raptor-12r,12,raptor,12,,3163,1000,5.064,5.0,1000,1380,4.012,2.0,19,true,3163,0,624.652,13.643,54.883,71.594,1800.329,1888.657,90.277,90.277,60.355,20,20,61,same_worker,34,2255302
yjit-off/puma-response-string-1024kb/raptor-12r/repeat-2,yjit-off,false,puma-response-string-1024kb,puma-response-time-wrk,puma/benchmarks/local/response_time_wrk,https://github.com/puma/puma/blob/main/benchmarks/local/response_time_wrk.rb,raptor-12r,12,raptor,12,,4603,1000,5.019,5.0,1000,1869,2.019,2.0,19,true,4603,0,917.131,12.31,20.271,30.546,1312.874,1323.052,97.59,97.59,61.91,20,20,53,same_worker,49,3309431
yjit-off/puma-response-io-1024kb/raptor-12r/repeat-2,yjit-off,false,puma-response-io-1024kb,puma-response-time-wrk,puma/benchmarks/local/response_time_wrk,https://github.com/puma/puma/blob/main/benchmarks/local/response_time_wrk.rb,raptor-12r,12,raptor,12,,1749,1000,5.71,5.0,1000,1022,4.217,2.0,19,true,1749,0,306.318,44.571,54.985,292.188,3564.909,3667.117,122.16,122.16,63.41,20,20,83,same_worker,128,4852507
yjit-off/puma-response-array-2048kb/raptor-12r/repeat-2,yjit-off,false,puma-response-array-2048kb,puma-response-time-wrk,puma/benchmarks/local/response_time_wrk,https://github.com/puma/puma/blob/main/benchmarks/local/response_time_wrk.rb,raptor-12r,12,raptor,12,,1885,1000,5.055,5.0,1000,1077,4.103,2.0,19,true,1885,0,372.862,26.257,68.846,140.862,3150.105,3355.178,120.152,120.152,67.805,20,20,62,same_worker,21,1358366
yjit-off/puma-response-chunk-2048kb/raptor-12r/repeat-2,yjit-off,false,puma-response-chunk-2048kb,puma-response-time-wrk,puma/benchmarks/local/response_time_wrk,https://github.com/puma/puma/blob/main/benchmarks/local/response_time_wrk.rb,raptor-12r,12,raptor,12,,1834,1000,5.326,5.0,1000,1026,4.064,2.0,19,true,1834,0,344.364,27.489,70.979,211.391,3234.392,3248.139,117.242,117.242,73.115,20,20,65,same_worker,20,1315169
yjit-off/puma-response-string-2048kb/raptor-12r/repeat-2,yjit-off,false,puma-response-string-2048kb,puma-response-time-wrk,puma/benchmarks/local/response_time_wrk,https://github.com/puma/puma/blob/main/benchmarks/local/response_time_wrk.rb,raptor-12r,12,raptor,12,,2254,1000,5.045,5.0,1000,1243,2.693,2.0,19,true,2254,0,446.82,26.834,31.991,51.579,2675.086,2684.32,141.289,141.289,73.895,20,20,40,same_worker,24,1617763
yjit-off/puma-response-io-2048kb/raptor-12r/repeat-2,yjit-off,false,puma-response-io-2048kb,puma-response-time-wrk,puma/benchmarks/local/response_time_wrk,https://github.com/puma/puma/blob/main/benchmarks/local/response_time_wrk.rb,raptor-12r,12,raptor,12,,1589,1000,7.142,5.0,1000,1000,4.897,2.0,19,true,1589,0,222.49,50.629,74.253,180.702,4476.144,4716.266,207.387,207.387,77.415,20,20,101,same_worker,131,7662514
yjit-off/puma-long-tail-fib-200ms-x6p0/raptor-12r/repeat-2,yjit-off,false,puma-long-tail-fib-200ms-x6p0,puma-long-tail-hey,puma/benchmarks/local/long_tail_hey + test/rackup/sleep_fibonacci,https://github.com/puma/puma/blob/main/benchmarks/local/long_tail_hey.rb,raptor-12r,12,raptor,12,,1440,1440,200.261,5.0,1000,1000,140.333,2.0,72,true,0,1440,0.0,,,,,,207.773,207.773,36.34,20,20,2918,unavailable,,
yjit-off/puma-long-tail-fib-200ms-x4p0/raptor-12r/repeat-2,yjit-off,false,puma-long-tail-fib-200ms-x4p0,puma-long-tail-hey,puma/benchmarks/local/long_tail_hey + test/rackup/sleep_fibonacci,https://github.com/puma/puma/blob/main/benchmarks/local/long_tail_hey.rb,raptor-12r,12,raptor,12,,960,960,5.019,5.0,960,960,5.02,2.0,48,true,0,960,0.0,,,,,,207.773,207.773,26.17,20,20,75,unavailable,,
yjit-off/puma-long-tail-fib-200ms-x3p0/raptor-12r/repeat-2,yjit-off,false,puma-long-tail-fib-200ms-x3p0,puma-long-tail-hey,puma/benchmarks/local/long_tail_hey + test/rackup/sleep_fibonacci,https://github.com/puma/puma/blob/main/benchmarks/local/long_tail_hey.rb,raptor-12r,12,raptor,12,,720,720,5.015,5.0,720,720,5.016,2.0,36,true,0,720,0.0,,,,,,207.773,207.773,22.65,20,20,74,unavailable,,
yjit-off/puma-long-tail-fib-200ms-x2p0/raptor-12r/repeat-2,yjit-off,false,puma-long-tail-fib-200ms-x2p0,puma-long-tail-hey,puma/benchmarks/local/long_tail_hey + test/rackup/sleep_fibonacci,https://github.com/puma/puma/blob/main/benchmarks/local/long_tail_hey.rb,raptor-12r,12,raptor,12,,480,480,5.011,5.0,480,480,5.011,2.0,24,true,0,480,0.0,,,,,,207.773,207.773,19.96,20,20,75,unavailable,,
yjit-off/puma-long-tail-fib-200ms-x1p5/raptor-12r/repeat-2,yjit-off,false,puma-long-tail-fib-200ms-x1p5,puma-long-tail-hey,puma/benchmarks/local/long_tail_hey + test/rackup/sleep_fibonacci,https://github.com/puma/puma/blob/main/benchmarks/local/long_tail_hey.rb,raptor-12r,12,raptor,12,,360,360,5.011,5.0,360,360,5.009,2.0,18,true,0,360,0.0,,,,,,207.773,207.773,17.84,20,20,75,unavailable,,
yjit-off/puma-long-tail-fib-200ms-x1p0/raptor-12r/repeat-2,yjit-off,false,puma-long-tail-fib-200ms-x1p0,puma-long-tail-hey,puma/benchmarks/local/long_tail_hey + test/rackup/sleep_fibonacci,https://github.com/puma/puma/blob/main/benchmarks/local/long_tail_hey.rb,raptor-12r,12,raptor,12,,240,240,5.009,5.0,240,240,5.008,2.0,12,true,0,240,0.0,,,,,,207.773,207.773,16.12,20,20,75,unavailable,,
yjit-off/puma-long-tail-fib-200ms-x0p5/raptor-12r/repeat-2,yjit-off,false,puma-long-tail-fib-200ms-x0p5,puma-long-tail-hey,puma/benchmarks/local/long_tail_hey + test/rackup/sleep_fibonacci,https://github.com/puma/puma/blob/main/benchmarks/local/long_tail_hey.rb,raptor-12r,12,raptor,12,,120,120,5.007,5.0,120,120,5.007,2.0,6,true,0,120,0.0,,,,,,207.773,207.773,14.7,20,20,75,unavailable,,
yjit-off/puma-sleep-fibonacci-1ms/raptor-12r/repeat-2,yjit-off,false,puma-sleep-fibonacci-1ms,puma-sleep-fibonacci-test,puma/benchmarks/local/sleep_fibonacci_test + test/rackup/sleep_fibonacci,https://github.com/puma/puma/blob/main/benchmarks/local/sleep_fibonacci_test.rb,raptor-12r,12,raptor,12,,10,10,5.006,5.0,10,10,5.006,2.0,1,true,0,10,0.0,,,,,,207.773,207.773,13.52,20,20,75,unavailable,,
yjit-off/puma-sleep-fibonacci-5ms/raptor-12r/repeat-2,yjit-off,false,puma-sleep-fibonacci-5ms,puma-sleep-fibonacci-test,puma/benchmarks/local/sleep_fibonacci_test + test/rackup/sleep_fibonacci,https://github.com/puma/puma/blob/main/benchmarks/local/sleep_fibonacci_test.rb,raptor-12r,12,raptor,12,,10,10,5.006,5.0,10,10,5.006,2.0,1,true,0,10,0.0,,,,,,207.773,207.773,12.5,20,20,74,unavailable,,
yjit-off/puma-sleep-fibonacci-10ms/raptor-12r/repeat-2,yjit-off,false,puma-sleep-fibonacci-10ms,puma-sleep-fibonacci-test,puma/benchmarks/local/sleep_fibonacci_test + test/rackup/sleep_fibonacci,https://github.com/puma/puma/blob/main/benchmarks/local/sleep_fibonacci_test.rb,raptor-12r,12,raptor,12,,10,10,5.006,5.0,10,10,5.002,2.0,1,true,0,10,0.0,,,,,,207.773,207.773,11.68,20,20,75,unavailable,,
yjit-off/puma-sleep-fibonacci-50ms/raptor-12r/repeat-2,yjit-off,false,puma-sleep-fibonacci-50ms,puma-sleep-fibonacci-test,puma/benchmarks/local/sleep_fibonacci_test + test/rackup/sleep_fibonacci,https://github.com/puma/puma/blob/main/benchmarks/local/sleep_fibonacci_test.rb,raptor-12r,12,raptor,12,,10,10,5.006,5.0,10,10,5.002,2.0,1,true,0,10,0.0,,,,,,207.773,207.773,10.9,20,20,75,unavailable,,
yjit-off/puma-sleep-fibonacci-100ms/raptor-12r/repeat-2,yjit-off,false,puma-sleep-fibonacci-100ms,puma-sleep-fibonacci-test,puma/benchmarks/local/sleep_fibonacci_test + test/rackup/sleep_fibonacci,https://github.com/puma/puma/blob/main/benchmarks/local/sleep_fibonacci_test.rb,raptor-12r,12,raptor,12,,10,10,5.006,5.0,10,10,5.006,2.0,1,true,0,10,0.0,,,,,,207.773,207.773,10.21,20,20,75,unavailable,,
yjit-off/puma-sleep-fibonacci-200ms/raptor-12r/repeat-2,yjit-off,false,puma-sleep-fibonacci-200ms,puma-sleep-fibonacci-test,puma/benchmarks/local/sleep_fibonacci_test + test/rackup/sleep_fibonacci,https://github.com/puma/puma/blob/main/benchmarks/local/sleep_fibonacci_test.rb,raptor-12r,12,raptor,12,,10,10,5.006,5.0,10,10,5.006,2.0,1,true,0,10,0.0,,,,,,207.773,207.773,9.665,20,20,74,unavailable,,
yjit-off/puma-response-array-1kb/raptor-12r/repeat-3,yjit-off,false,puma-response-array-1kb,puma-response-time-wrk,puma/benchmarks/local/response_time_wrk,https://github.com/puma/puma/blob/main/benchmarks/local/response_time_wrk.rb,raptor-12r,12,raptor,12,,1687,1000,6.207,5.0,1000,1000,4.256,2.0,19,true,1687,0,271.803,41.405,42.923,44.337,4083.101,4087.929,33.004,33.004,11.88,20,20,92,same_worker,32,1212643
yjit-off/puma-response-chunk-1kb/raptor-12r/repeat-3,yjit-off,false,puma-response-chunk-1kb,puma-response-time-wrk,puma/benchmarks/local/response_time_wrk,https://github.com/puma/puma/blob/main/benchmarks/local/response_time_wrk.rb,raptor-12r,12,raptor,12,,1688,1000,6.176,5.0,1000,1000,4.294,2.0,19,true,1688,0,273.318,41.024,42.791,44.105,4059.41,4061.052,33.664,33.664,10.185,20,20,91,same_worker,23,1210508
yjit-off/puma-response-string-1kb/raptor-12r/repeat-3,yjit-off,false,puma-response-string-1kb,puma-response-time-wrk,puma/benchmarks/local/response_time_wrk,https://github.com/puma/puma/blob/main/benchmarks/local/response_time_wrk.rb,raptor-12r,12,raptor,12,,1691,1000,6.171,5.0,1000,1000,4.311,2.0,19,true,1691,0,274.038,40.983,42.465,44.622,4054.533,4056.106,34.016,34.016,9.765,20,20,91,same_worker,20,1218746
yjit-off/puma-response-io-1kb/raptor-12r/repeat-3,yjit-off,false,puma-response-io-1kb,puma-response-time-wrk,puma/benchmarks/local/response_time_wrk,https://github.com/puma/puma/blob/main/benchmarks/local/response_time_wrk.rb,raptor-12r,12,raptor,12,,1686,1000,6.209,5.0,1000,1000,4.266,2.0,19,true,1686,0,271.556,41.36,42.918,44.794,4089.826,4102.746,34.563,34.563,9.7,20,20,92,same_worker,19,1224231
yjit-off/puma-response-array-10kb/raptor-12r/repeat-3,yjit-off,false,puma-response-array-10kb,puma-response-time-wrk,puma/benchmarks/local/response_time_wrk,https://github.com/puma/puma/blob/main/benchmarks/local/response_time_wrk.rb,raptor-12r,12,raptor,12,,1691,1000,6.193,5.0,1000,1000,4.32,2.0,19,true,1691,0,273.062,41.007,42.639,44.504,4058.774,4062.501,34.797,34.797,9.6,20,20,92,same_worker,17,1215391
yjit-off/puma-response-chunk-10kb/raptor-12r/repeat-3,yjit-off,false,puma-response-chunk-10kb,puma-response-time-wrk,puma/benchmarks/local/response_time_wrk,https://github.com/puma/puma/blob/main/benchmarks/local/response_time_wrk.rb,raptor-12r,12,raptor,12,,1684,1000,6.252,5.0,1000,1000,4.326,2.0,19,true,1684,0,269.354,41.672,43.049,44.592,4104.837,4106.594,34.898,34.898,9.545,20,20,92,same_worker,17,1206438
yjit-off/puma-response-string-10kb/raptor-12r/repeat-3,yjit-off,false,puma-response-string-10kb,puma-response-time-wrk,puma/benchmarks/local/response_time_wrk,https://github.com/puma/puma/blob/main/benchmarks/local/response_time_wrk.rb,raptor-12r,12,raptor,12,,1691,1000,6.169,5.0,1000,1000,4.338,2.0,19,true,1691,0,274.094,40.985,42.521,44.246,4054.971,4057.195,35.0,35.0,9.5,20,20,91,same_worker,17,1214769
yjit-off/puma-response-io-10kb/raptor-12r/repeat-3,yjit-off,false,puma-response-io-10kb,puma-response-time-wrk,puma/benchmarks/local/response_time_wrk,https://github.com/puma/puma/blob/main/benchmarks/local/response_time_wrk.rb,raptor-12r,12,raptor,12,,1686,1000,6.209,5.0,1000,1000,4.305,2.0,19,true,1686,0,271.522,41.481,42.819,44.695,4091.108,4092.141,36.598,36.598,9.58,20,20,92,same_worker,18,1258677
yjit-off/puma-response-array-100kb/raptor-12r/repeat-3,yjit-off,false,puma-response-array-100kb,puma-response-time-wrk,puma/benchmarks/local/response_time_wrk,https://github.com/puma/puma/blob/main/benchmarks/local/response_time_wrk.rb,raptor-12r,12,raptor,12,,11066,1000,5.008,5.0,1000,4444,2.04,2.0,19,true,11066,0,2209.85,5.218,6.575,49.394,492.008,558.401,36.598,36.598,14.705,20,20,64,same_worker,116,7946711
yjit-off/puma-response-chunk-100kb/raptor-12r/repeat-3,yjit-off,false,puma-response-chunk-100kb,puma-response-time-wrk,puma/benchmarks/local/response_time_wrk,https://github.com/puma/puma/blob/main/benchmarks/local/response_time_wrk.rb,raptor-12r,12,raptor,12,,11231,1000,5.038,5.0,1000,4470,2.007,2.0,19,true,11231,0,2229.471,5.16,6.434,48.558,503.102,554.245,36.598,36.598,21.955,20,20,65,same_worker,119,8043381
yjit-off/puma-response-string-100kb/raptor-12r/repeat-3,yjit-off,false,puma-response-string-100kb,puma-response-time-wrk,puma/benchmarks/local/response_time_wrk,https://github.com/puma/puma/blob/main/benchmarks/local/response_time_wrk.rb,raptor-12r,12,raptor,12,,12087,1000,5.007,5.0,1000,4918,2.007,2.0,19,true,12087,0,2413.967,4.88,6.176,10.524,491.759,505.183,38.59,38.59,27.09,20,20,65,same_worker,127,8687779
yjit-off/puma-response-io-100kb/raptor-12r/repeat-3,yjit-off,false,puma-response-io-100kb,puma-response-time-wrk,puma/benchmarks/local/response_time_wrk,https://github.com/puma/puma/blob/main/benchmarks/local/response_time_wrk.rb,raptor-12r,12,raptor,12,,2348,1000,5.022,5.0,1000,1460,3.955,2.0,19,true,2348,0,467.534,40.937,42.127,47.685,2713.082,2729.353,53.82,53.82,28.5,20,20,74,same_worker,34,2163027
yjit-off/puma-response-array-256kb/raptor-12r/repeat-3,yjit-off,false,puma-response-array-256kb,puma-response-time-wrk,puma/benchmarks/local/response_time_wrk,https://github.com/puma/puma/blob/main/benchmarks/local/response_time_wrk.rb,raptor-12r,12,raptor,12,,8026,1000,5.009,5.0,1000,3297,2.01,2.0,19,true,8026,0,1602.345,6.648,11.348,58.32,711.542,758.515,53.82,53.82,32.225,20,20,62,same_worker,85,5769795
yjit-off/puma-response-chunk-256kb/raptor-12r/repeat-3,yjit-off,false,puma-response-chunk-256kb,puma-response-time-wrk,puma/benchmarks/local/response_time_wrk,https://github.com/puma/puma/blob/main/benchmarks/local/response_time_wrk.rb,raptor-12r,12,raptor,12,,7351,1000,5.009,5.0,1000,3387,2.024,2.0,19,true,7351,0,1467.478,6.683,40.84,78.182,849.635,955.368,53.82,53.82,37.435,20,20,63,same_worker,79,5275865
yjit-off/puma-response-string-256kb/raptor-12r/repeat-3,yjit-off,false,puma-response-string-256kb,puma-response-time-wrk,puma/benchmarks/local/response_time_wrk,https://github.com/puma/puma/blob/main/benchmarks/local/response_time_wrk.rb,raptor-12r,12,raptor,12,,9241,1000,5.008,5.0,1000,3674,2.009,2.0,19,true,9241,0,1845.238,6.127,8.743,18.675,649.812,681.686,53.82,53.82,40.425,20,20,62,same_worker,98,6653008
yjit-off/puma-response-io-256kb/raptor-12r/repeat-3,yjit-off,false,puma-response-io-256kb,puma-response-time-wrk,puma/benchmarks/local/response_time_wrk,https://github.com/puma/puma/blob/main/benchmarks/local/response_time_wrk.rb,raptor-12r,12,raptor,12,,2354,1000,5.031,5.0,1000,1515,3.423,2.0,19,true,2354,0,467.859,41.706,43.41,51.579,2296.565,2343.671,76.727,76.727,41.4,20,20,74,same_worker,54,2912652
yjit-off/puma-response-array-512kb/raptor-12r/repeat-3,yjit-off,false,puma-response-array-512kb,puma-response-time-wrk,puma/benchmarks/local/response_time_wrk,https://github.com/puma/puma/blob/main/benchmarks/local/response_time_wrk.rb,raptor-12r,12,raptor,12,,5800,1000,5.017,5.0,1000,2365,2.023,2.0,19,true,5800,0,1156.012,9.056,22.498,60.017,949.762,1052.84,76.727,76.727,45.235,20,20,58,same_worker,63,4170635
yjit-off/puma-response-chunk-512kb/raptor-12r/repeat-3,yjit-off,false,puma-response-chunk-512kb,puma-response-time-wrk,puma/benchmarks/local/response_time_wrk,https://github.com/puma/puma/blob/main/benchmarks/local/response_time_wrk.rb,raptor-12r,12,raptor,12,,5661,1000,5.014,5.0,1000,2271,2.013,2.0,19,true,5661,0,1129.081,9.365,22.134,63.927,973.85,1017.461,76.727,76.727,50.53,20,20,58,same_worker,61,4060902
yjit-off/puma-response-string-512kb/raptor-12r/repeat-3,yjit-off,false,puma-response-string-512kb,puma-response-time-wrk,puma/benchmarks/local/response_time_wrk,https://github.com/puma/puma/blob/main/benchmarks/local/response_time_wrk.rb,raptor-12r,12,raptor,12,,6542,1000,5.012,5.0,1000,2673,2.014,2.0,19,true,6542,0,1305.312,8.204,13.848,29.914,948.375,1026.474,76.906,76.906,52.645,20,20,58,same_worker,71,4709272
yjit-off/puma-response-io-512kb/raptor-12r/repeat-3,yjit-off,false,puma-response-io-512kb,puma-response-time-wrk,puma/benchmarks/local/response_time_wrk,https://github.com/puma/puma/blob/main/benchmarks/local/response_time_wrk.rb,raptor-12r,12,raptor,12,,2579,1000,5.071,5.0,1000,1216,4.036,2.0,19,true,2579,0,508.603,11.61,47.86,215.424,2281.404,2356.972,96.254,89.781,53.69,20,20,73,same_worker,91,4509498
yjit-off/puma-response-array-1024kb/raptor-12r/repeat-3,yjit-off,false,puma-response-array-1024kb,puma-response-time-wrk,puma/benchmarks/local/response_time_wrk,https://github.com/puma/puma/blob/main/benchmarks/local/response_time_wrk.rb,raptor-12r,12,raptor,12,,3441,1000,5.051,5.0,1000,1599,3.379,2.0,19,true,3441,0,681.279,13.248,55.013,75.252,1865.932,1950.16,89.781,89.781,57.52,20,20,59,same_worker,37,2466958
yjit-off/puma-response-chunk-1024kb/raptor-12r/repeat-3,yjit-off,false,puma-response-chunk-1024kb,puma-response-time-wrk,puma/benchmarks/local/response_time_wrk,https://github.com/puma/puma/blob/main/benchmarks/local/response_time_wrk.rb,raptor-12r,12,raptor,12,,3372,1000,5.061,5.0,1000,1505,3.616,2.0,19,true,3372,0,666.314,12.803,54.613,74.618,1780.781,1864.84,89.781,89.781,62.18,20,20,60,same_worker,37,2417307
yjit-off/puma-response-string-1024kb/raptor-12r/repeat-3,yjit-off,false,puma-response-string-1024kb,puma-response-time-wrk,puma/benchmarks/local/response_time_wrk,https://github.com/puma/puma/blob/main/benchmarks/local/response_time_wrk.rb,raptor-12r,12,raptor,12,,4726,1000,5.016,5.0,1000,1876,2.017,2.0,19,true,4726,0,942.263,11.861,21.862,32.326,1312.953,1322.54,100.93,100.93,63.62,20,20,53,same_worker,50,3392209
yjit-off/puma-response-io-1024kb/raptor-12r/repeat-3,yjit-off,false,puma-response-io-1024kb,puma-response-time-wrk,puma/benchmarks/local/response_time_wrk,https://github.com/puma/puma/blob/main/benchmarks/local/response_time_wrk.rb,raptor-12r,12,raptor,12,,1907,1000,5.067,5.0,1000,1047,4.105,2.0,19,true,1907,0,376.352,43.931,55.228,71.97,3009.302,3125.359,116.648,116.648,65.11,20,20,73,same_worker,156,5290309
yjit-off/puma-response-array-2048kb/raptor-12r/repeat-3,yjit-off,false,puma-response-array-2048kb,puma-response-time-wrk,puma/benchmarks/local/response_time_wrk,https://github.com/puma/puma/blob/main/benchmarks/local/response_time_wrk.rb,raptor-12r,12,raptor,12,,1893,1000,5.029,5.0,1000,1120,3.94,2.0,19,true,1893,0,376.436,24.973,66.182,93.859,3180.931,3316.989,116.648,116.648,69.39,20,20,62,same_worker,23,1352927
yjit-off/puma-response-chunk-2048kb/raptor-12r/repeat-3,yjit-off,false,puma-response-chunk-2048kb,puma-response-time-wrk,puma/benchmarks/local/response_time_wrk,https://github.com/puma/puma/blob/main/benchmarks/local/response_time_wrk.rb,raptor-12r,12,raptor,12,,2025,1000,5.061,5.0,1000,1144,4.177,2.0,19,true,2025,0,400.082,23.43,68.033,85.104,2942.363,3042.401,116.648,116.648,74.43,20,20,61,same_worker,25,1452559
yjit-off/puma-response-string-2048kb/raptor-12r/repeat-3,yjit-off,false,puma-response-string-2048kb,puma-response-time-wrk,puma/benchmarks/local/response_time_wrk,https://github.com/puma/puma/blob/main/benchmarks/local/response_time_wrk.rb,raptor-12r,12,raptor,12,,2499,1000,5.031,5.0,1000,1356,2.682,2.0,19,true,2499,0,496.733,24.302,30.689,48.533,2506.365,2511.578,140.832,140.832,75.42,20,20,42,same_worker,27,1789062
yjit-off/puma-response-io-2048kb/raptor-12r/repeat-3,yjit-off,false,puma-response-io-2048kb,puma-response-time-wrk,puma/benchmarks/local/response_time_wrk,https://github.com/puma/puma/blob/main/benchmarks/local/response_time_wrk.rb,raptor-12r,12,raptor,12,,1640,1000,6.532,5.0,1000,1000,4.705,2.0,19,true,1640,0,251.057,47.664,74.526,379.77,4308.974,4370.198,203.559,203.559,78.635,20,20,91,same_worker,157,7908635
yjit-off/puma-long-tail-fib-200ms-x6p0/raptor-12r/repeat-3,yjit-off,false,puma-long-tail-fib-200ms-x6p0,puma-long-tail-hey,puma/benchmarks/local/long_tail_hey + test/rackup/sleep_fibonacci,https://github.com/puma/puma/blob/main/benchmarks/local/long_tail_hey.rb,raptor-12r,12,raptor,12,,1440,1440,200.259,5.0,1000,1000,140.292,2.0,72,true,0,1440,0.0,,,,,,195.957,195.957,36.725,20,20,2918,unavailable,,
yjit-off/puma-long-tail-fib-200ms-x4p0/raptor-12r/repeat-3,yjit-off,false,puma-long-tail-fib-200ms-x4p0,puma-long-tail-hey,puma/benchmarks/local/long_tail_hey + test/rackup/sleep_fibonacci,https://github.com/puma/puma/blob/main/benchmarks/local/long_tail_hey.rb,raptor-12r,12,raptor,12,,960,960,5.019,5.0,960,960,5.019,2.0,48,true,0,960,0.0,,,,,,195.957,195.957,26.42,20,20,74,unavailable,,
yjit-off/puma-long-tail-fib-200ms-x3p0/raptor-12r/repeat-3,yjit-off,false,puma-long-tail-fib-200ms-x3p0,puma-long-tail-hey,puma/benchmarks/local/long_tail_hey + test/rackup/sleep_fibonacci,https://github.com/puma/puma/blob/main/benchmarks/local/long_tail_hey.rb,raptor-12r,12,raptor,12,,720,720,5.016,5.0,720,720,5.015,2.0,36,true,0,720,0.0,,,,,,195.957,195.957,22.85,20,20,75,unavailable,,
yjit-off/puma-long-tail-fib-200ms-x2p0/raptor-12r/repeat-3,yjit-off,false,puma-long-tail-fib-200ms-x2p0,puma-long-tail-hey,puma/benchmarks/local/long_tail_hey + test/rackup/sleep_fibonacci,https://github.com/puma/puma/blob/main/benchmarks/local/long_tail_hey.rb,raptor-12r,12,raptor,12,,480,480,5.013,5.0,480,480,5.011,2.0,24,true,0,480,0.0,,,,,,195.957,195.957,20.13,20,20,75,unavailable,,
yjit-off/puma-long-tail-fib-200ms-x1p5/raptor-12r/repeat-3,yjit-off,false,puma-long-tail-fib-200ms-x1p5,puma-long-tail-hey,puma/benchmarks/local/long_tail_hey + test/rackup/sleep_fibonacci,https://github.com/puma/puma/blob/main/benchmarks/local/long_tail_hey.rb,raptor-12r,12,raptor,12,,360,360,5.012,5.0,360,360,5.01,2.0,18,true,0,360,0.0,,,,,,195.957,195.957,18.0,20,20,75,unavailable,,
yjit-off/puma-long-tail-fib-200ms-x1p0/raptor-12r/repeat-3,yjit-off,false,puma-long-tail-fib-200ms-x1p0,puma-long-tail-hey,puma/benchmarks/local/long_tail_hey + test/rackup/sleep_fibonacci,https://github.com/puma/puma/blob/main/benchmarks/local/long_tail_hey.rb,raptor-12r,12,raptor,12,,240,240,5.009,5.0,240,240,5.009,2.0,12,true,0,240,0.0,,,,,,195.957,195.957,16.265,20,20,75,unavailable,,
yjit-off/puma-long-tail-fib-200ms-x0p5/raptor-12r/repeat-3,yjit-off,false,puma-long-tail-fib-200ms-x0p5,puma-long-tail-hey,puma/benchmarks/local/long_tail_hey + test/rackup/sleep_fibonacci,https://github.com/puma/puma/blob/main/benchmarks/local/long_tail_hey.rb,raptor-12r,12,raptor,12,,120,120,5.007,5.0,120,120,5.009,2.0,6,true,0,120,0.0,,,,,,195.957,195.957,14.82,20,20,75,unavailable,,
yjit-off/puma-sleep-fibonacci-1ms/raptor-12r/repeat-3,yjit-off,false,puma-sleep-fibonacci-1ms,puma-sleep-fibonacci-test,puma/benchmarks/local/sleep_fibonacci_test + test/rackup/sleep_fibonacci,https://github.com/puma/puma/blob/main/benchmarks/local/sleep_fibonacci_test.rb,raptor-12r,12,raptor,12,,10,10,5.005,5.0,10,10,5.006,2.0,1,true,0,10,0.0,,,,,,195.957,195.957,13.625,20,20,75,unavailable,,
yjit-off/puma-sleep-fibonacci-5ms/raptor-12r/repeat-3,yjit-off,false,puma-sleep-fibonacci-5ms,puma-sleep-fibonacci-test,puma/benchmarks/local/sleep_fibonacci_test + test/rackup/sleep_fibonacci,https://github.com/puma/puma/blob/main/benchmarks/local/sleep_fibonacci_test.rb,raptor-12r,12,raptor,12,,10,10,5.006,5.0,10,10,5.006,2.0,1,true,0,10,0.0,,,,,,195.957,195.957,12.6,20,20,75,unavailable,,
yjit-off/puma-sleep-fibonacci-10ms/raptor-12r/repeat-3,yjit-off,false,puma-sleep-fibonacci-10ms,puma-sleep-fibonacci-test,puma/benchmarks/local/sleep_fibonacci_test + test/rackup/sleep_fibonacci,https://github.com/puma/puma/blob/main/benchmarks/local/sleep_fibonacci_test.rb,raptor-12r,12,raptor,12,,10,10,5.006,5.0,10,10,5.006,2.0,1,true,0,10,0.0,,,,,,195.957,195.957,11.735,20,20,75,unavailable,,
yjit-off/puma-sleep-fibonacci-50ms/raptor-12r/repeat-3,yjit-off,false,puma-sleep-fibonacci-50ms,puma-sleep-fibonacci-test,puma/benchmarks/local/sleep_fibonacci_test + test/rackup/sleep_fibonacci,https://github.com/puma/puma/blob/main/benchmarks/local/sleep_fibonacci_test.rb,raptor-12r,12,raptor,12,,10,10,5.006,5.0,10,10,5.002,2.0,1,true,0,10,0.0,,,,,,195.957,195.957,11.0,20,20,75,unavailable,,
yjit-off/puma-sleep-fibonacci-100ms/raptor-12r/repeat-3,yjit-off,false,puma-sleep-fibonacci-100ms,puma-sleep-fibonacci-test,puma/benchmarks/local/sleep_fibonacci_test + test/rackup/sleep_fibonacci,https://github.com/puma/puma/blob/main/benchmarks/local/sleep_fibonacci_test.rb,raptor-12r,12,raptor,12,,10,10,5.006,5.0,10,10,5.006,2.0,1,true,0,10,0.0,,,,,,195.957,195.957,10.3,20,20,75,unavailable,,
yjit-off/puma-sleep-fibonacci-200ms/raptor-12r/repeat-3,yjit-off,false,puma-sleep-fibonacci-200ms,puma-sleep-fibonacci-test,puma/benchmarks/local/sleep_fibonacci_test + test/rackup/sleep_fibonacci,https://github.com/puma/puma/blob/main/benchmarks/local/sleep_fibonacci_test.rb,raptor-12r,12,raptor,12,,10,10,5.006,5.0,10,10,5.006,2.0,1,true,0,10,0.0,,,,,,195.957,195.957,9.7,20,20,75,unavailable,,
yjit-off/puma-response-array-1kb/puma-4w-3t/repeat-1,yjit-off,false,puma-response-array-1kb,puma-response-time-wrk,puma/benchmarks/local/response_time_wrk,https://github.com/puma/puma/blob/main/benchmarks/local/response_time_wrk.rb,puma-4w-3t,12,puma,4,3,16413,1000,5.005,5.0,1000,6628,2.004,2.0,19,true,16413,0,3279.442,5.697,6.569,7.035,7.609,8.089,210.82,209.633,112.655,20,20,63,multiprocess_sample_only,,
yjit-off/puma-response-chunk-1kb/puma-4w-3t/repeat-1,yjit-off,false,puma-response-chunk-1kb,puma-response-time-wrk,puma/benchmarks/local/response_time_wrk,https://github.com/puma/puma/blob/main/benchmarks/local/response_time_wrk.rb,puma-4w-3t,12,puma,4,3,15750,1000,5.006,5.0,1000,6470,2.004,2.0,19,true,15750,0,3146.264,5.933,6.881,7.35,7.87,8.263,218.543,218.262,108.445,20,20,63,multiprocess_sample_only,,
yjit-off/puma-response-string-1kb/puma-4w-3t/repeat-1,yjit-off,false,puma-response-string-1kb,puma-response-time-wrk,puma/benchmarks/local/response_time_wrk,https://github.com/puma/puma/blob/main/benchmarks/local/response_time_wrk.rb,puma-4w-3t,12,puma,4,3,16412,1000,5.005,5.0,1000,6685,2.004,2.0,19,true,16412,0,3279.118,5.675,6.578,7.263,9.342,10.577,230.93,225.5,107.535,20,20,63,multiprocess_sample_only,,
yjit-off/puma-response-io-1kb/puma-4w-3t/repeat-1,yjit-off,false,puma-response-io-1kb,puma-response-time-wrk,puma/benchmarks/local/response_time_wrk,https://github.com/puma/puma/blob/main/benchmarks/local/response_time_wrk.rb,puma-4w-3t,12,puma,4,3,16101,1000,5.005,5.0,1000,6646,2.006,2.0,19,true,16101,0,3217.157,5.767,6.811,7.297,8.774,9.951,233.926,231.559,109.34,20,20,63,multiprocess_sample_only,,
yjit-off/puma-response-array-10kb/puma-4w-3t/repeat-1,yjit-off,false,puma-response-array-10kb,puma-response-time-wrk,puma/benchmarks/local/response_time_wrk,https://github.com/puma/puma/blob/main/benchmarks/local/response_time_wrk.rb,puma-4w-3t,12,puma,4,3,16083,1000,5.005,5.0,1000,6587,2.005,2.0,19,true,16083,0,3213.298,5.802,6.735,7.204,7.808,8.571,257.664,248.102,109.585,20,20,63,multiprocess_sample_only,,
yjit-off/puma-response-chunk-10kb/puma-4w-3t/repeat-1,yjit-off,false,puma-response-chunk-10kb,puma-response-time-wrk,puma/benchmarks/local/response_time_wrk,https://github.com/puma/puma/blob/main/benchmarks/local/response_time_wrk.rb,puma-4w-3t,12,puma,4,3,14106,1000,5.005,5.0,1000,5779,2.005,2.0,19,true,14106,0,2818.296,6.653,7.633,8.084,8.5,8.993,262.199,258.93,108.58,20,20,62,multiprocess_sample_only,,
yjit-off/puma-response-string-10kb/puma-4w-3t/repeat-1,yjit-off,false,puma-response-string-10kb,puma-response-time-wrk,puma/benchmarks/local/response_time_wrk,https://github.com/puma/puma/blob/main/benchmarks/local/response_time_wrk.rb,puma-4w-3t,12,puma,4,3,16210,1000,5.005,5.0,1000,6452,2.005,2.0,19,true,16210,0,3238.694,5.755,6.693,7.247,8.114,9.925,274.633,265.387,107.935,20,20,63,multiprocess_sample_only,,
yjit-off/puma-response-io-10kb/puma-4w-3t/repeat-1,yjit-off,false,puma-response-io-10kb,puma-response-time-wrk,puma/benchmarks/local/response_time_wrk,https://github.com/puma/puma/blob/main/benchmarks/local/response_time_wrk.rb,puma-4w-3t,12,puma,4,3,15750,1000,5.005,5.0,1000,6494,2.005,2.0,19,true,15750,0,3147.131,5.902,6.965,7.907,9.244,10.443,286.727,286.664,108.33,20,20,63,multiprocess_sample_only,,
yjit-off/puma-response-array-100kb/puma-4w-3t/repeat-1,yjit-off,false,puma-response-array-100kb,puma-response-time-wrk,puma/benchmarks/local/response_time_wrk,https://github.com/puma/puma/blob/main/benchmarks/local/response_time_wrk.rb,puma-4w-3t,12,puma,4,3,12149,1000,5.007,5.0,1000,4748,2.007,2.0,19,true,12149,0,2426.606,7.748,8.688,9.347,10.317,11.638,359.074,356.098,108.085,20,20,60,multiprocess_sample_only,,
yjit-off/puma-response-chunk-100kb/puma-4w-3t/repeat-1,yjit-off,false,puma-response-chunk-100kb,puma-response-time-wrk,puma/benchmarks/local/response_time_wrk,https://github.com/puma/puma/blob/main/benchmarks/local/response_time_wrk.rb,puma-4w-3t,12,puma,4,3,6931,1000,5.012,5.0,1000,2839,2.012,2.0,19,true,6931,0,1382.896,13.736,14.942,15.447,16.403,17.429,333.141,329.715,105.925,20,20,52,multiprocess_sample_only,,
yjit-off/puma-response-string-100kb/puma-4w-3t/repeat-1,yjit-off,false,puma-response-string-100kb,puma-response-time-wrk,puma/benchmarks/local/response_time_wrk,https://github.com/puma/puma/blob/main/benchmarks/local/response_time_wrk.rb,puma-4w-3t,12,puma,4,3,12065,1000,5.007,5.0,1000,4835,2.006,2.0,19,true,12065,0,2409.526,7.783,8.791,9.316,10.027,11.684,362.695,343.059,104.175,20,20,60,multiprocess_sample_only,,
yjit-off/puma-response-io-100kb/puma-4w-3t/repeat-1,yjit-off,false,puma-response-io-100kb,puma-response-time-wrk,puma/benchmarks/local/response_time_wrk,https://github.com/puma/puma/blob/main/benchmarks/local/response_time_wrk.rb,puma-4w-3t,12,puma,4,3,12124,1000,5.006,5.0,1000,4916,2.007,2.0,19,true,12124,0,2421.716,7.738,8.764,9.726,11.276,11.885,280.777,279.965,103.16,20,20,60,multiprocess_sample_only,,
yjit-off/puma-response-array-256kb/puma-4w-3t/repeat-1,yjit-off,false,puma-response-array-256kb,puma-response-time-wrk,puma/benchmarks/local/response_time_wrk,https://github.com/puma/puma/blob/main/benchmarks/local/response_time_wrk.rb,puma-4w-3t,12,puma,4,3,9662,1000,5.008,5.0,1000,3868,2.01,2.0,19,true,9662,0,1929.428,9.33,11.873,22.254,23.813,24.224,398.777,367.809,102.81,20,20,56,multiprocess_sample_only,,
yjit-off/puma-response-chunk-256kb/puma-4w-3t/repeat-1,yjit-off,false,puma-response-chunk-256kb,puma-response-time-wrk,puma/benchmarks/local/response_time_wrk,https://github.com/puma/puma/blob/main/benchmarks/local/response_time_wrk.rb,puma-4w-3t,12,puma,4,3,3922,1000,5.021,5.0,1000,1596,2.021,2.0,19,true,3922,0,781.071,24.12,26.224,27.931,29.719,33.797,381.301,358.199,101.25,20,20,43,multiprocess_sample_only,,
yjit-off/puma-response-string-256kb/puma-4w-3t/repeat-1,yjit-off,false,puma-response-string-256kb,puma-response-time-wrk,puma/benchmarks/local/response_time_wrk,https://github.com/puma/puma/blob/main/benchmarks/local/response_time_wrk.rb,puma-4w-3t,12,puma,4,3,9515,1000,5.008,5.0,1000,3860,2.008,2.0,19,true,9515,0,1900.068,9.468,12.204,22.694,24.13,24.702,336.961,308.023,99.545,20,20,56,multiprocess_sample_only,,
yjit-off/puma-response-io-256kb/puma-4w-3t/repeat-1,yjit-off,false,puma-response-io-256kb,puma-response-time-wrk,puma/benchmarks/local/response_time_wrk,https://github.com/puma/puma/blob/main/benchmarks/local/response_time_wrk.rb,puma-4w-3t,12,puma,4,3,9788,1000,5.009,5.0,1000,3937,2.008,2.0,19,true,9788,0,1954.098,9.16,12.184,22.158,23.487,55.71,308.305,304.117,98.13,20,20,56,multiprocess_sample_only,,
yjit-off/puma-response-array-512kb/puma-4w-3t/repeat-1,yjit-off,false,puma-response-array-512kb,puma-response-time-wrk,puma/benchmarks/local/response_time_wrk,https://github.com/puma/puma/blob/main/benchmarks/local/response_time_wrk.rb,puma-4w-3t,12,puma,4,3,7533,1000,5.01,5.0,1000,2940,2.01,2.0,19,true,7533,0,1503.631,11.892,15.511,27.354,29.444,35.845,478.637,478.637,98.025,20,20,53,multiprocess_sample_only,,
yjit-off/puma-response-chunk-512kb/puma-4w-3t/repeat-1,yjit-off,false,puma-response-chunk-512kb,puma-response-time-wrk,puma/benchmarks/local/response_time_wrk,https://github.com/puma/puma/blob/main/benchmarks/local/response_time_wrk.rb,puma-4w-3t,12,puma,4,3,2267,1000,5.039,5.0,1000,1000,2.259,2.0,19,true,2267,0,449.925,42.032,43.412,44.623,46.906,50.155,436.734,415.855,96.89,20,20,32,multiprocess_sample_only,,
yjit-off/puma-response-string-512kb/puma-4w-3t/repeat-1,yjit-off,false,puma-response-string-512kb,puma-response-time-wrk,puma/benchmarks/local/response_time_wrk,https://github.com/puma/puma/blob/main/benchmarks/local/response_time_wrk.rb,puma-4w-3t,12,puma,4,3,7296,1000,5.01,5.0,1000,2961,2.01,2.0,19,true,7296,0,1456.326,12.146,16.208,28.875,30.484,31.664,371.695,334.363,95.415,20,20,52,multiprocess_sample_only,,
yjit-off/puma-response-io-512kb/puma-4w-3t/repeat-1,yjit-off,false,puma-response-io-512kb,puma-response-time-wrk,puma/benchmarks/local/response_time_wrk,https://github.com/puma/puma/blob/main/benchmarks/local/response_time_wrk.rb,puma-4w-3t,12,puma,4,3,7595,1000,5.01,5.0,1000,3057,2.009,2.0,19,true,7595,0,1516.031,11.578,16.261,27.54,33.817,34.334,333.043,332.672,93.99,20,20,52,multiprocess_sample_only,,
yjit-off/puma-response-array-1024kb/puma-4w-3t/repeat-1,yjit-off,false,puma-response-array-1024kb,puma-response-time-wrk,puma/benchmarks/local/response_time_wrk,https://github.com/puma/puma/blob/main/benchmarks/local/response_time_wrk.rb,puma-4w-3t,12,puma,4,3,4893,1000,5.016,5.0,1000,1908,2.019,2.0,19,true,4893,0,975.539,18.523,22.879,35.954,39.204,39.448,487.125,482.039,93.485,20,20,46,multiprocess_sample_only,,
yjit-off/puma-response-chunk-1024kb/puma-4w-3t/repeat-1,yjit-off,false,puma-response-chunk-1024kb,puma-response-time-wrk,puma/benchmarks/local/response_time_wrk,https://github.com/puma/puma/blob/main/benchmarks/local/response_time_wrk.rb,puma-4w-3t,12,puma,4,3,1235,1000,5.074,5.0,1000,1000,4.212,2.0,19,true,1235,0,243.397,77.555,82.249,87.241,96.711,102.83,460.188,445.875,91.985,20,20,23,multiprocess_sample_only,,
yjit-off/puma-response-string-1024kb/puma-4w-3t/repeat-1,yjit-off,false,puma-response-string-1024kb,puma-response-time-wrk,puma/benchmarks/local/response_time_wrk,https://github.com/puma/puma/blob/main/benchmarks/local/response_time_wrk.rb,puma-4w-3t,12,puma,4,3,4726,1000,5.019,5.0,1000,1943,2.018,2.0,19,true,4726,0,941.666,18.889,35.169,38.067,39.979,40.518,437.668,370.934,90.5,20,20,45,multiprocess_sample_only,,
yjit-off/puma-response-io-1024kb/puma-4w-3t/repeat-1,yjit-off,false,puma-response-io-1024kb,puma-response-time-wrk,puma/benchmarks/local/response_time_wrk,https://github.com/puma/puma/blob/main/benchmarks/local/response_time_wrk.rb,puma-4w-3t,12,puma,4,3,4945,1000,5.017,5.0,1000,1985,2.021,2.0,19,true,4945,0,985.687,18.031,33.708,36.005,37.197,229.782,375.762,375.762,88.79,20,20,47,multiprocess_sample_only,,
yjit-off/puma-response-array-2048kb/puma-4w-3t/repeat-1,yjit-off,false,puma-response-array-2048kb,puma-response-time-wrk,puma/benchmarks/local/response_time_wrk,https://github.com/puma/puma/blob/main/benchmarks/local/response_time_wrk.rb,puma-4w-3t,12,puma,4,3,2926,1000,5.031,5.0,1000,1167,2.031,2.0,19,true,2926,0,581.611,31.241,40.681,55.138,57.808,58.736,473.914,417.328,88.195,20,20,37,multiprocess_sample_only,,
yjit-off/puma-response-chunk-2048kb/puma-4w-3t/repeat-1,yjit-off,false,puma-response-chunk-2048kb,puma-response-time-wrk,puma/benchmarks/local/response_time_wrk,https://github.com/puma/puma/blob/main/benchmarks/local/response_time_wrk.rb,puma-4w-3t,12,puma,4,3,1000,1000,8.018,5.0,1000,1000,7.846,2.0,19,true,1000,0,124.712,151.25,164.113,172.535,187.579,190.577,489.09,464.988,86.29,20,20,22,multiprocess_sample_only,,
yjit-off/puma-response-string-2048kb/puma-4w-3t/repeat-1,yjit-off,false,puma-response-string-2048kb,puma-response-time-wrk,puma/benchmarks/local/response_time_wrk,https://github.com/puma/puma/blob/main/benchmarks/local/response_time_wrk.rb,puma-4w-3t,12,puma,4,3,3091,1000,5.03,5.0,1000,1228,2.031,2.0,19,true,3091,0,614.515,30.25,34.28,48.59,53.837,54.689,445.082,396.758,84.73,20,20,38,multiprocess_sample_only,,
yjit-off/puma-response-io-2048kb/puma-4w-3t/repeat-1,yjit-off,false,puma-response-io-2048kb,puma-response-time-wrk,puma/benchmarks/local/response_time_wrk,https://github.com/puma/puma/blob/main/benchmarks/local/response_time_wrk.rb,puma-4w-3t,12,puma,4,3,3285,1000,5.027,5.0,1000,1327,2.026,2.0,19,true,3285,0,653.486,28.853,31.402,33.1,35.856,37.838,402.699,400.215,83.16,20,20,38,multiprocess_sample_only,,
yjit-off/puma-long-tail-fib-200ms-x6p0/puma-4w-3t/repeat-1,yjit-off,false,puma-long-tail-fib-200ms-x6p0,puma-long-tail-hey,puma/benchmarks/local/long_tail_hey + test/rackup/sleep_fibonacci,https://github.com/puma/puma/blob/main/benchmarks/local/long_tail_hey.rb,puma-4w-3t,12,puma,4,3,1440,1440,75.555,5.0,1000,1000,47.215,2.0,72,true,1439,1,19.046,3008.894,3898.271,7606.67,8613.338,9347.412,432.0,432.0,146.95,20,20,1060,multiprocess_sample_only,,
yjit-off/puma-long-tail-fib-200ms-x4p0/puma-4w-3t/repeat-1,yjit-off,false,puma-long-tail-fib-200ms-x4p0,puma-long-tail-hey,puma/benchmarks/local/long_tail_hey + test/rackup/sleep_fibonacci,https://github.com/puma/puma/blob/main/benchmarks/local/long_tail_hey.rb,puma-4w-3t,12,puma,4,3,960,960,48.27,5.0,960,960,54.153,2.0,48,true,960,0,19.888,1698.382,2546.696,2554.201,2565.304,2570.834,455.191,455.191,177.53,20,20,666,multiprocess_sample_only,,
yjit-off/puma-long-tail-fib-200ms-x3p0/puma-4w-3t/repeat-1,yjit-off,false,puma-long-tail-fib-200ms-x3p0,puma-long-tail-hey,puma/benchmarks/local/long_tail_hey + test/rackup/sleep_fibonacci,https://github.com/puma/puma/blob/main/benchmarks/local/long_tail_hey.rb,puma-4w-3t,12,puma,4,3,720,720,28.443,5.0,720,720,56.994,2.0,36,true,720,0,25.314,1301.43,1585.099,1624.166,1663.166,1664.1,468.621,468.621,184.535,20,20,386,multiprocess_sample_only,,
yjit-off/puma-long-tail-fib-200ms-x2p0/puma-4w-3t/repeat-1,yjit-off,false,puma-long-tail-fib-200ms-x2p0,puma-long-tail-hey,puma/benchmarks/local/long_tail_hey + test/rackup/sleep_fibonacci,https://github.com/puma/puma/blob/main/benchmarks/local/long_tail_hey.rb,puma-4w-3t,12,puma,4,3,480,480,19.915,5.0,480,480,19.872,2.0,24,true,480,0,24.103,852.88,1189.838,1215.617,1225.849,1228.251,475.691,475.691,196.865,20,20,270,multiprocess_sample_only,,
yjit-off/puma-long-tail-fib-200ms-x1p5/puma-4w-3t/repeat-1,yjit-off,false,puma-long-tail-fib-200ms-x1p5,puma-long-tail-hey,puma/benchmarks/local/long_tail_hey + test/rackup/sleep_fibonacci,https://github.com/puma/puma/blob/main/benchmarks/local/long_tail_hey.rb,puma-4w-3t,12,puma,4,3,360,360,22.748,5.0,360,360,19.861,2.0,18,true,360,0,15.825,763.865,1268.135,1286.846,1297.926,1301.714,467.316,467.316,201.89,20,20,323,multiprocess_sample_only,,
yjit-off/puma-long-tail-fib-200ms-x1p0/puma-4w-3t/repeat-1,yjit-off,false,puma-long-tail-fib-200ms-x1p0,puma-long-tail-hey,puma/benchmarks/local/long_tail_hey + test/rackup/sleep_fibonacci,https://github.com/puma/puma/blob/main/benchmarks/local/long_tail_hey.rb,puma-4w-3t,12,puma,4,3,245,240,22.71,5.0,240,240,17.08,2.0,12,true,245,0,10.788,982.092,1251.09,1279.92,1281.648,1281.854,470.129,470.129,200.58,20,20,331,multiprocess_sample_only,,
yjit-off/puma-long-tail-fib-200ms-x0p5/puma-4w-3t/repeat-1,yjit-off,false,puma-long-tail-fib-200ms-x0p5,puma-long-tail-hey,puma/benchmarks/local/long_tail_hey + test/rackup/sleep_fibonacci,https://github.com/puma/puma/blob/main/benchmarks/local/long_tail_hey.rb,puma-4w-3t,12,puma,4,3,120,120,8.516,5.0,120,120,5.678,2.0,6,true,120,0,14.09,425.61,427.436,429.275,430.382,430.523,471.691,471.691,199.98,20,20,125,multiprocess_sample_only,,
yjit-off/puma-sleep-fibonacci-1ms/puma-4w-3t/repeat-1,yjit-off,false,puma-sleep-fibonacci-1ms,puma-sleep-fibonacci-test,puma/benchmarks/local/sleep_fibonacci_test + test/rackup/sleep_fibonacci,https://github.com/puma/puma/blob/main/benchmarks/local/sleep_fibonacci_test.rb,puma-4w-3t,12,puma,4,3,3695,10,5.001,5.0,10,1493,2.0,2.0,1,true,3695,0,738.841,1.311,1.444,1.68,2.327,2.58,495.414,488.227,199.08,20,20,74,multiprocess_sample_only,,
yjit-off/puma-sleep-fibonacci-5ms/puma-4w-3t/repeat-1,yjit-off,false,puma-sleep-fibonacci-5ms,puma-sleep-fibonacci-test,puma/benchmarks/local/sleep_fibonacci_test + test/rackup/sleep_fibonacci,https://github.com/puma/puma/blob/main/benchmarks/local/sleep_fibonacci_test.rb,puma-4w-3t,12,puma,4,3,935,10,5.002,5.0,10,379,2.002,2.0,1,true,935,0,186.908,5.299,5.448,5.7,6.684,7.242,500.363,496.676,197.73,20,20,74,multiprocess_sample_only,,
yjit-off/puma-sleep-fibonacci-10ms/puma-4w-3t/repeat-1,yjit-off,false,puma-sleep-fibonacci-10ms,puma-sleep-fibonacci-test,puma/benchmarks/local/sleep_fibonacci_test + test/rackup/sleep_fibonacci,https://github.com/puma/puma/blob/main/benchmarks/local/sleep_fibonacci_test.rb,puma-4w-3t,12,puma,4,3,482,10,5.009,5.0,10,192,2.011,2.0,1,true,482,0,96.23,10.336,10.479,10.753,11.277,11.463,508.559,508.559,196.395,20,20,74,multiprocess_sample_only,,
yjit-off/puma-sleep-fibonacci-50ms/puma-4w-3t/repeat-1,yjit-off,false,puma-sleep-fibonacci-50ms,puma-sleep-fibonacci-test,puma/benchmarks/local/sleep_fibonacci_test + test/rackup/sleep_fibonacci,https://github.com/puma/puma/blob/main/benchmarks/local/sleep_fibonacci_test.rb,puma-4w-3t,12,puma,4,3,99,10,5.008,5.0,10,40,2.026,2.0,1,true,99,0,19.768,50.517,50.679,51.119,51.122,51.122,508.559,508.559,195.095,20,20,74,multiprocess_sample_only,,
yjit-off/puma-sleep-fibonacci-100ms/puma-4w-3t/repeat-1,yjit-off,false,puma-sleep-fibonacci-100ms,puma-sleep-fibonacci-test,puma/benchmarks/local/sleep_fibonacci_test + test/rackup/sleep_fibonacci,https://github.com/puma/puma/blob/main/benchmarks/local/sleep_fibonacci_test.rb,puma-4w-3t,12,puma,4,3,50,10,5.032,5.0,10,20,2.017,2.0,1,true,50,0,9.937,100.548,100.776,100.833,100.839,100.84,513.316,513.316,193.835,20,20,75,multiprocess_sample_only,,
yjit-off/puma-sleep-fibonacci-200ms/puma-4w-3t/repeat-1,yjit-off,false,puma-sleep-fibonacci-200ms,puma-sleep-fibonacci-test,puma/benchmarks/local/sleep_fibonacci_test + test/rackup/sleep_fibonacci,https://github.com/puma/puma/blob/main/benchmarks/local/sleep_fibonacci_test.rb,puma-4w-3t,12,puma,4,3,25,10,5.016,5.0,10,10,2.008,2.0,1,true,25,0,4.984,200.56,200.684,200.721,200.729,200.73,513.316,513.316,192.56,20,20,74,multiprocess_sample_only,,
yjit-off/puma-response-array-1kb/puma-4w-3t/repeat-2,yjit-off,false,puma-response-array-1kb,puma-response-time-wrk,puma/benchmarks/local/response_time_wrk,https://github.com/puma/puma/blob/main/benchmarks/local/response_time_wrk.rb,puma-4w-3t,12,puma,4,3,15984,1000,5.005,5.0,1000,6436,2.005,2.0,19,true,15984,0,3193.547,5.839,6.81,7.339,8.006,9.341,231.129,231.129,113.565,20,20,63,multiprocess_sample_only,,
yjit-off/puma-response-chunk-1kb/puma-4w-3t/repeat-2,yjit-off,false,puma-response-chunk-1kb,puma-response-time-wrk,puma/benchmarks/local/response_time_wrk,https://github.com/puma/puma/blob/main/benchmarks/local/response_time_wrk.rb,puma-4w-3t,12,puma,4,3,15888,1000,5.005,5.0,1000,6487,2.004,2.0,19,true,15888,0,3174.321,5.88,6.807,7.42,8.018,8.586,252.441,249.609,108.865,20,20,63,multiprocess_sample_only,,
yjit-off/puma-response-string-1kb/puma-4w-3t/repeat-2,yjit-off,false,puma-response-string-1kb,puma-response-time-wrk,puma/benchmarks/local/response_time_wrk,https://github.com/puma/puma/blob/main/benchmarks/local/response_time_wrk.rb,puma-4w-3t,12,puma,4,3,16067,1000,5.004,5.0,1000,6543,2.004,2.0,19,true,16067,0,3210.534,5.81,6.827,7.418,8.268,8.89,265.645,256.895,107.905,20,20,63,multiprocess_sample_only,,
yjit-off/puma-response-io-1kb/puma-4w-3t/repeat-2,yjit-off,false,puma-response-io-1kb,puma-response-time-wrk,puma/benchmarks/local/response_time_wrk,https://github.com/puma/puma/blob/main/benchmarks/local/response_time_wrk.rb,puma-4w-3t,12,puma,4,3,16150,1000,5.005,5.0,1000,6602,2.005,2.0,19,true,16150,0,3226.67,5.797,6.649,7.051,7.497,7.96,270.621,270.621,108.95,20,20,63,multiprocess_sample_only,,
yjit-off/puma-response-array-10kb/puma-4w-3t/repeat-2,yjit-off,false,puma-response-array-10kb,puma-response-time-wrk,puma/benchmarks/local/response_time_wrk,https://github.com/puma/puma/blob/main/benchmarks/local/response_time_wrk.rb,puma-4w-3t,12,puma,4,3,15928,1000,5.006,5.0,1000,6510,2.005,2.0,19,true,15928,0,3181.565,5.869,6.797,7.254,7.807,8.198,297.332,297.332,109.23,20,20,63,multiprocess_sample_only,,
yjit-off/puma-response-chunk-10kb/puma-4w-3t/repeat-2,yjit-off,false,puma-response-chunk-10kb,puma-response-time-wrk,puma/benchmarks/local/response_time_wrk,https://github.com/puma/puma/blob/main/benchmarks/local/response_time_wrk.rb,puma-4w-3t,12,puma,4,3,14119,1000,5.005,5.0,1000,5767,2.006,2.0,19,true,14119,0,2820.981,6.606,7.734,8.321,8.776,9.31,300.258,295.824,108.105,20,20,61,multiprocess_sample_only,,
yjit-off/puma-response-string-10kb/puma-4w-3t/repeat-2,yjit-off,false,puma-response-string-10kb,puma-response-time-wrk,puma/benchmarks/local/response_time_wrk,https://github.com/puma/puma/blob/main/benchmarks/local/response_time_wrk.rb,puma-4w-3t,12,puma,4,3,15883,1000,5.005,5.0,1000,6466,2.006,2.0,19,true,15883,0,3173.243,5.867,6.793,7.494,9.668,11.25,315.453,314.309,107.48,20,20,63,multiprocess_sample_only,,
yjit-off/puma-response-io-10kb/puma-4w-3t/repeat-2,yjit-off,false,puma-response-io-10kb,puma-response-time-wrk,puma/benchmarks/local/response_time_wrk,https://github.com/puma/puma/blob/main/benchmarks/local/response_time_wrk.rb,puma-4w-3t,12,puma,4,3,15774,1000,5.005,5.0,1000,6537,2.004,2.0,19,true,15774,0,3151.559,5.93,6.865,7.35,7.74,8.225,329.148,328.609,107.96,20,20,63,multiprocess_sample_only,,
yjit-off/puma-response-array-100kb/puma-4w-3t/repeat-2,yjit-off,false,puma-response-array-100kb,puma-response-time-wrk,puma/benchmarks/local/response_time_wrk,https://github.com/puma/puma/blob/main/benchmarks/local/response_time_wrk.rb,puma-4w-3t,12,puma,4,3,11694,1000,5.007,5.0,1000,4775,2.007,2.0,19,true,11694,0,2335.717,8.018,9.072,10.013,12.292,13.131,431.094,384.918,107.72,20,20,59,multiprocess_sample_only,,
yjit-off/puma-response-chunk-100kb/puma-4w-3t/repeat-2,yjit-off,false,puma-response-chunk-100kb,puma-response-time-wrk,puma/benchmarks/local/response_time_wrk,https://github.com/puma/puma/blob/main/benchmarks/local/response_time_wrk.rb,puma-4w-3t,12,puma,4,3,6896,1000,5.013,5.0,1000,2810,2.011,2.0,19,true,6896,0,1375.703,13.811,15.005,15.53,16.202,17.307,393.207,390.809,105.605,20,20,52,multiprocess_sample_only,,
yjit-off/puma-response-string-100kb/puma-4w-3t/repeat-2,yjit-off,false,puma-response-string-100kb,puma-response-time-wrk,puma/benchmarks/local/response_time_wrk,https://github.com/puma/puma/blob/main/benchmarks/local/response_time_wrk.rb,puma-4w-3t,12,puma,4,3,11797,1000,5.006,5.0,1000,4835,2.007,2.0,19,true,11797,0,2356.476,7.968,8.963,9.471,10.132,10.789,400.25,382.223,103.76,20,20,59,multiprocess_sample_only,,
yjit-off/puma-response-io-100kb/puma-4w-3t/repeat-2,yjit-off,false,puma-response-io-100kb,puma-response-time-wrk,puma/benchmarks/local/response_time_wrk,https://github.com/puma/puma/blob/main/benchmarks/local/response_time_wrk.rb,puma-4w-3t,12,puma,4,3,11910,1000,5.007,5.0,1000,4806,2.006,2.0,19,true,11910,0,2378.744,7.883,8.89,9.751,12.137,13.229,335.832,335.262,102.705,20,20,60,multiprocess_sample_only,,
yjit-off/puma-response-array-256kb/puma-4w-3t/repeat-2,yjit-off,false,puma-response-array-256kb,puma-response-time-wrk,puma/benchmarks/local/response_time_wrk,https://github.com/puma/puma/blob/main/benchmarks/local/response_time_wrk.rb,puma-4w-3t,12,puma,4,3,9236,1000,5.009,5.0,1000,3780,2.008,2.0,19,true,9236,0,1844.031,9.707,12.728,24.736,25.906,26.656,434.816,428.422,102.325,20,20,56,multiprocess_sample_only,,
yjit-off/puma-response-chunk-256kb/puma-4w-3t/repeat-2,yjit-off,false,puma-response-chunk-256kb,puma-response-time-wrk,puma/benchmarks/local/response_time_wrk,https://github.com/puma/puma/blob/main/benchmarks/local/response_time_wrk.rb,puma-4w-3t,12,puma,4,3,3929,1000,5.02,5.0,1000,1566,2.022,2.0,19,true,3929,0,782.598,24.143,26.167,27.124,28.48,29.465,424.152,421.168,100.75,20,20,43,multiprocess_sample_only,,
yjit-off/puma-response-string-256kb/puma-4w-3t/repeat-2,yjit-off,false,puma-response-string-256kb,puma-response-time-wrk,puma/benchmarks/local/response_time_wrk,https://github.com/puma/puma/blob/main/benchmarks/local/response_time_wrk.rb,puma-4w-3t,12,puma,4,3,9528,1000,5.009,5.0,1000,3779,2.008,2.0,19,true,9528,0,1902.27,9.354,12.53,24.71,26.271,26.655,408.652,381.953,98.99,20,20,56,multiprocess_sample_only,,
yjit-off/puma-response-io-256kb/puma-4w-3t/repeat-2,yjit-off,false,puma-response-io-256kb,puma-response-time-wrk,puma/benchmarks/local/response_time_wrk,https://github.com/puma/puma/blob/main/benchmarks/local/response_time_wrk.rb,puma-4w-3t,12,puma,4,3,9505,1000,5.008,5.0,1000,3741,2.008,2.0,19,true,9505,0,1898.129,9.381,12.353,24.481,26.51,73.03,376.785,374.836,97.505,20,20,56,multiprocess_sample_only,,
yjit-off/puma-response-array-512kb/puma-4w-3t/repeat-2,yjit-off,false,puma-response-array-512kb,puma-response-time-wrk,puma/benchmarks/local/response_time_wrk,https://github.com/puma/puma/blob/main/benchmarks/local/response_time_wrk.rb,puma-4w-3t,12,puma,4,3,7045,1000,5.03,5.0,1000,2901,2.011,2.0,19,true,7045,0,1400.486,12.602,16.965,30.81,33.046,34.542,550.535,472.484,97.245,20,20,52,multiprocess_sample_only,,
yjit-off/puma-response-chunk-512kb/puma-4w-3t/repeat-2,yjit-off,false,puma-response-chunk-512kb,puma-response-time-wrk,puma/benchmarks/local/response_time_wrk,https://github.com/puma/puma/blob/main/benchmarks/local/response_time_wrk.rb,puma-4w-3t,12,puma,4,3,2232,1000,5.041,5.0,1000,1000,2.28,2.0,19,true,2232,0,442.788,42.423,45.73,47.982,51.417,53.28,471.813,471.813,96.01,20,20,32,multiprocess_sample_only,,
yjit-off/puma-response-string-512kb/puma-4w-3t/repeat-2,yjit-off,false,puma-response-string-512kb,puma-response-time-wrk,puma/benchmarks/local/response_time_wrk,https://github.com/puma/puma/blob/main/benchmarks/local/response_time_wrk.rb,puma-4w-3t,12,puma,4,3,7353,1000,5.011,5.0,1000,2987,2.009,2.0,19,true,7353,0,1467.414,12.031,16.006,29.537,31.17,221.519,431.805,403.32,94.565,20,20,52,multiprocess_sample_only,,
yjit-off/puma-response-io-512kb/puma-4w-3t/repeat-2,yjit-off,false,puma-response-io-512kb,puma-response-time-wrk,puma/benchmarks/local/response_time_wrk,https://github.com/puma/puma/blob/main/benchmarks/local/response_time_wrk.rb,puma-4w-3t,12,puma,4,3,7507,1000,5.01,5.0,1000,2959,2.01,2.0,19,true,7507,0,1498.416,11.714,16.122,29.175,31.138,40.503,399.461,397.371,93.08,20,20,52,multiprocess_sample_only,,
yjit-off/puma-response-array-1024kb/puma-4w-3t/repeat-2,yjit-off,false,puma-response-array-1024kb,puma-response-time-wrk,puma/benchmarks/local/response_time_wrk,https://github.com/puma/puma/blob/main/benchmarks/local/response_time_wrk.rb,puma-4w-3t,12,puma,4,3,4724,1000,5.026,5.0,1000,1915,2.016,2.0,19,true,4724,0,939.908,18.904,35.869,39.542,41.47,46.072,518.445,516.648,92.53,20,20,45,multiprocess_sample_only,,
yjit-off/puma-response-chunk-1024kb/puma-4w-3t/repeat-2,yjit-off,false,puma-response-chunk-1024kb,puma-response-time-wrk,puma/benchmarks/local/response_time_wrk,https://github.com/puma/puma/blob/main/benchmarks/local/response_time_wrk.rb,puma-4w-3t,12,puma,4,3,1205,1000,5.072,5.0,1000,1000,4.075,2.0,19,true,1205,0,237.579,79.036,86.733,95.053,106.045,108.633,501.449,488.973,91.1,20,20,22,multiprocess_sample_only,,
yjit-off/puma-response-string-1024kb/puma-4w-3t/repeat-2,yjit-off,false,puma-response-string-1024kb,puma-response-time-wrk,puma/benchmarks/local/response_time_wrk,https://github.com/puma/puma/blob/main/benchmarks/local/response_time_wrk.rb,puma-4w-3t,12,puma,4,3,4647,1000,5.018,5.0,1000,1930,2.02,2.0,19,true,4647,0,926.021,19.033,37.478,39.627,41.607,44.064,483.375,447.621,89.605,20,20,45,multiprocess_sample_only,,
yjit-off/puma-response-io-1024kb/puma-4w-3t/repeat-2,yjit-off,false,puma-response-io-1024kb,puma-response-time-wrk,puma/benchmarks/local/response_time_wrk,https://github.com/puma/puma/blob/main/benchmarks/local/response_time_wrk.rb,puma-4w-3t,12,puma,4,3,4851,1000,5.016,5.0,1000,1892,2.015,2.0,19,true,4851,0,967.171,18.354,36.332,38.572,40.031,246.517,453.191,447.539,87.9,20,20,46,multiprocess_sample_only,,
yjit-off/puma-response-array-2048kb/puma-4w-3t/repeat-2,yjit-off,false,puma-response-array-2048kb,puma-response-time-wrk,puma/benchmarks/local/response_time_wrk,https://github.com/puma/puma/blob/main/benchmarks/local/response_time_wrk.rb,puma-4w-3t,12,puma,4,3,2787,1000,5.03,5.0,1000,1190,2.029,2.0,19,true,2787,0,554.049,33.467,39.653,54.367,60.482,263.316,490.453,468.242,87.28,20,20,36,multiprocess_sample_only,,
yjit-off/puma-response-chunk-2048kb/puma-4w-3t/repeat-2,yjit-off,false,puma-response-chunk-2048kb,puma-response-time-wrk,puma/benchmarks/local/response_time_wrk,https://github.com/puma/puma/blob/main/benchmarks/local/response_time_wrk.rb,puma-4w-3t,12,puma,4,3,1000,1000,7.981,5.0,1000,1000,7.815,2.0,19,true,1000,0,125.298,151.281,161.227,167.8,174.653,176.268,542.191,523.645,85.335,20,20,21,multiprocess_sample_only,,
yjit-off/puma-response-string-2048kb/puma-4w-3t/repeat-2,yjit-off,false,puma-response-string-2048kb,puma-response-time-wrk,puma/benchmarks/local/response_time_wrk,https://github.com/puma/puma/blob/main/benchmarks/local/response_time_wrk.rb,puma-4w-3t,12,puma,4,3,2979,1000,5.028,5.0,1000,1194,2.031,2.0,19,true,2979,0,592.426,31.47,35.298,48.315,56.867,57.42,524.707,477.258,83.94,20,20,37,multiprocess_sample_only,,
yjit-off/puma-response-io-2048kb/puma-4w-3t/repeat-2,yjit-off,false,puma-response-io-2048kb,puma-response-time-wrk,puma/benchmarks/local/response_time_wrk,https://github.com/puma/puma/blob/main/benchmarks/local/response_time_wrk.rb,puma-4w-3t,12,puma,4,3,3150,1000,5.03,5.0,1000,1264,2.028,2.0,19,true,3150,0,626.272,30.141,32.544,34.246,37.731,40.433,477.574,477.574,82.345,20,20,37,multiprocess_sample_only,,
yjit-off/puma-long-tail-fib-200ms-x6p0/puma-4w-3t/repeat-2,yjit-off,false,puma-long-tail-fib-200ms-x6p0,puma-long-tail-hey,puma/benchmarks/local/long_tail_hey + test/rackup/sleep_fibonacci,https://github.com/puma/puma/blob/main/benchmarks/local/long_tail_hey.rb,puma-4w-3t,12,puma,4,3,1440,1440,70.928,5.0,1000,1000,54.895,2.0,72,true,1440,0,20.302,2581.892,3455.027,4752.903,7486.125,8353.577,495.555,495.555,143.85,20,20,974,multiprocess_sample_only,,
yjit-off/puma-long-tail-fib-200ms-x4p0/puma-4w-3t/repeat-2,yjit-off,false,puma-long-tail-fib-200ms-x4p0,puma-long-tail-hey,puma/benchmarks/local/long_tail_hey + test/rackup/sleep_fibonacci,https://github.com/puma/puma/blob/main/benchmarks/local/long_tail_hey.rb,puma-4w-3t,12,puma,4,3,960,960,51.117,5.0,960,960,36.909,2.0,48,true,960,0,18.781,2125.174,2578.347,2603.029,2646.707,2652.305,508.063,505.395,181.85,20,20,721,multiprocess_sample_only,,
yjit-off/puma-long-tail-fib-200ms-x3p0/puma-4w-3t/repeat-2,yjit-off,false,puma-long-tail-fib-200ms-x3p0,puma-long-tail-hey,puma/benchmarks/local/long_tail_hey + test/rackup/sleep_fibonacci,https://github.com/puma/puma/blob/main/benchmarks/local/long_tail_hey.rb,puma-4w-3t,12,puma,4,3,720,720,48.172,5.0,720,720,36.939,2.0,36,true,720,0,14.946,1210.9,2486.923,2541.376,2571.949,2577.452,521.672,519.918,194.2,20,20,678,multiprocess_sample_only,,
yjit-off/puma-long-tail-fib-200ms-x2p0/puma-4w-3t/repeat-2,yjit-off,false,puma-long-tail-fib-200ms-x2p0,puma-long-tail-hey,puma/benchmarks/local/long_tail_hey + test/rackup/sleep_fibonacci,https://github.com/puma/puma/blob/main/benchmarks/local/long_tail_hey.rb,puma-4w-3t,12,puma,4,3,480,480,25.52,5.0,480,480,25.553,2.0,24,true,480,0,18.808,848.716,1288.019,1305.289,1317.732,1318.569,533.043,533.043,198.175,20,20,356,multiprocess_sample_only,,
yjit-off/puma-long-tail-fib-200ms-x1p5/puma-4w-3t/repeat-2,yjit-off,false,puma-long-tail-fib-200ms-x1p5,puma-long-tail-hey,puma/benchmarks/local/long_tail_hey + test/rackup/sleep_fibonacci,https://github.com/puma/puma/blob/main/benchmarks/local/long_tail_hey.rb,puma-4w-3t,12,puma,4,3,360,360,19.859,5.0,360,360,19.84,2.0,18,true,360,0,18.128,817.31,1189.618,1236.319,1250.586,1256.569,536.672,536.672,201.76,20,20,280,multiprocess_sample_only,,
yjit-off/puma-long-tail-fib-200ms-x1p0/puma-4w-3t/repeat-2,yjit-off,false,puma-long-tail-fib-200ms-x1p0,puma-long-tail-hey,puma/benchmarks/local/long_tail_hey + test/rackup/sleep_fibonacci,https://github.com/puma/puma/blob/main/benchmarks/local/long_tail_hey.rb,puma-4w-3t,12,puma,4,3,245,240,17.0,5.0,240,240,14.244,2.0,12,true,245,0,14.412,445.243,859.249,869.979,887.086,892.174,538.18,528.371,202.98,20,20,244,multiprocess_sample_only,,
yjit-off/puma-long-tail-fib-200ms-x0p5/puma-4w-3t/repeat-2,yjit-off,false,puma-long-tail-fib-200ms-x0p5,puma-long-tail-hey,puma/benchmarks/local/long_tail_hey + test/rackup/sleep_fibonacci,https://github.com/puma/puma/blob/main/benchmarks/local/long_tail_hey.rb,puma-4w-3t,12,puma,4,3,130,120,5.689,5.0,120,120,8.52,2.0,6,true,130,0,22.85,280.158,292.185,296.587,299.105,299.431,530.0,530.0,202.645,20,20,80,multiprocess_sample_only,,
yjit-off/puma-sleep-fibonacci-1ms/puma-4w-3t/repeat-2,yjit-off,false,puma-sleep-fibonacci-1ms,puma-sleep-fibonacci-test,puma/benchmarks/local/sleep_fibonacci_test + test/rackup/sleep_fibonacci,https://github.com/puma/puma/blob/main/benchmarks/local/sleep_fibonacci_test.rb,puma-4w-3t,12,puma,4,3,3657,10,5.0,5.0,10,1447,2.0,2.0,1,true,3657,0,731.334,1.325,1.461,1.703,2.41,2.601,599.051,593.922,202.14,20,20,74,multiprocess_sample_only,,
yjit-off/puma-sleep-fibonacci-5ms/puma-4w-3t/repeat-2,yjit-off,false,puma-sleep-fibonacci-5ms,puma-sleep-fibonacci-test,puma/benchmarks/local/sleep_fibonacci_test + test/rackup/sleep_fibonacci,https://github.com/puma/puma/blob/main/benchmarks/local/sleep_fibonacci_test.rb,puma-4w-3t,12,puma,4,3,933,10,5.0,5.0,10,376,2.004,2.0,1,true,933,0,186.585,5.309,5.447,5.653,6.072,6.193,601.832,601.832,200.72,20,20,74,multiprocess_sample_only,,
yjit-off/puma-sleep-fibonacci-10ms/puma-4w-3t/repeat-2,yjit-off,false,puma-sleep-fibonacci-10ms,puma-sleep-fibonacci-test,puma/benchmarks/local/sleep_fibonacci_test + test/rackup/sleep_fibonacci,https://github.com/puma/puma/blob/main/benchmarks/local/sleep_fibonacci_test.rb,puma-4w-3t,12,puma,4,3,480,10,5.007,5.0,10,194,2.007,2.0,1,true,480,0,95.864,10.369,10.526,10.88,11.284,11.532,607.324,607.324,199.325,20,20,74,multiprocess_sample_only,,
yjit-off/puma-sleep-fibonacci-50ms/puma-4w-3t/repeat-2,yjit-off,false,puma-sleep-fibonacci-50ms,puma-sleep-fibonacci-test,puma/benchmarks/local/sleep_fibonacci_test + test/rackup/sleep_fibonacci,https://github.com/puma/puma/blob/main/benchmarks/local/sleep_fibonacci_test.rb,puma-4w-3t,12,puma,4,3,99,10,5.01,5.0,10,40,2.026,2.0,1,true,99,0,19.762,50.523,50.774,50.829,50.885,50.891,607.324,607.324,197.975,20,20,74,multiprocess_sample_only,,
yjit-off/puma-sleep-fibonacci-100ms/puma-4w-3t/repeat-2,yjit-off,false,puma-sleep-fibonacci-100ms,puma-sleep-fibonacci-test,puma/benchmarks/local/sleep_fibonacci_test + test/rackup/sleep_fibonacci,https://github.com/puma/puma/blob/main/benchmarks/local/sleep_fibonacci_test.rb,puma-4w-3t,12,puma,4,3,50,10,5.032,5.0,10,20,2.017,2.0,1,true,50,0,9.937,100.564,100.69,100.725,100.733,100.734,607.324,607.324,196.655,20,20,75,multiprocess_sample_only,,
yjit-off/puma-sleep-fibonacci-200ms/puma-4w-3t/repeat-2,yjit-off,false,puma-sleep-fibonacci-200ms,puma-sleep-fibonacci-test,puma/benchmarks/local/sleep_fibonacci_test + test/rackup/sleep_fibonacci,https://github.com/puma/puma/blob/main/benchmarks/local/sleep_fibonacci_test.rb,puma-4w-3t,12,puma,4,3,25,10,5.017,5.0,10,10,2.008,2.0,1,true,25,0,4.983,200.578,200.7,200.717,200.722,200.723,607.387,607.387,195.34,20,20,74,multiprocess_sample_only,,
yjit-off/puma-response-array-1kb/puma-4w-3t/repeat-3,yjit-off,false,puma-response-array-1kb,puma-response-time-wrk,puma/benchmarks/local/response_time_wrk,https://github.com/puma/puma/blob/main/benchmarks/local/response_time_wrk.rb,puma-4w-3t,12,puma,4,3,15400,1000,5.005,5.0,1000,6300,2.005,2.0,19,true,15400,0,3076.92,6.065,7.061,7.712,8.342,8.981,240.121,240.121,115.22,20,20,62,multiprocess_sample_only,,
yjit-off/puma-response-chunk-1kb/puma-4w-3t/repeat-3,yjit-off,false,puma-response-chunk-1kb,puma-response-time-wrk,puma/benchmarks/local/response_time_wrk,https://github.com/puma/puma/blob/main/benchmarks/local/response_time_wrk.rb,puma-4w-3t,12,puma,4,3,15335,1000,5.005,5.0,1000,6181,2.005,2.0,19,true,15335,0,3063.909,6.088,7.105,7.683,8.39,8.892,252.859,247.633,110.54,20,20,62,multiprocess_sample_only,,
yjit-off/puma-response-string-1kb/puma-4w-3t/repeat-3,yjit-off,false,puma-response-string-1kb,puma-response-time-wrk,puma/benchmarks/local/response_time_wrk,https://github.com/puma/puma/blob/main/benchmarks/local/response_time_wrk.rb,puma-4w-3t,12,puma,4,3,15962,1000,5.005,5.0,1000,6480,2.005,2.0,19,true,15962,0,3188.988,5.854,6.783,7.247,7.83,9.482,270.457,268.395,109.065,20,20,63,multiprocess_sample_only,,
yjit-off/puma-response-io-1kb/puma-4w-3t/repeat-3,yjit-off,false,puma-response-io-1kb,puma-response-time-wrk,puma/benchmarks/local/response_time_wrk,https://github.com/puma/puma/blob/main/benchmarks/local/response_time_wrk.rb,puma-4w-3t,12,puma,4,3,15920,1000,5.005,5.0,1000,6435,2.005,2.0,19,true,15920,0,3180.841,5.872,6.817,7.25,7.761,8.6,269.719,267.52,109.855,20,20,63,multiprocess_sample_only,,
yjit-off/puma-response-array-10kb/puma-4w-3t/repeat-3,yjit-off,false,puma-response-array-10kb,puma-response-time-wrk,puma/benchmarks/local/response_time_wrk,https://github.com/puma/puma/blob/main/benchmarks/local/response_time_wrk.rb,puma-4w-3t,12,puma,4,3,15572,1000,5.005,5.0,1000,6303,2.004,2.0,19,true,15572,0,3111.308,5.996,6.979,7.548,8.567,9.746,300.465,297.633,110.205,20,20,62,multiprocess_sample_only,,
yjit-off/puma-response-chunk-10kb/puma-4w-3t/repeat-3,yjit-off,false,puma-response-chunk-10kb,puma-response-time-wrk,puma/benchmarks/local/response_time_wrk,https://github.com/puma/puma/blob/main/benchmarks/local/response_time_wrk.rb,puma-4w-3t,12,puma,4,3,13938,1000,5.006,5.0,1000,5615,2.006,2.0,19,true,13938,0,2784.489,6.704,7.743,8.586,11.363,12.188,302.051,301.504,109.09,20,20,61,multiprocess_sample_only,,
yjit-off/puma-response-string-10kb/puma-4w-3t/repeat-3,yjit-off,false,puma-response-string-10kb,puma-response-time-wrk,puma/benchmarks/local/response_time_wrk,https://github.com/puma/puma/blob/main/benchmarks/local/response_time_wrk.rb,puma-4w-3t,12,puma,4,3,15745,1000,5.005,5.0,1000,6507,2.005,2.0,19,true,15745,0,3146.164,5.926,6.885,7.31,7.811,8.261,317.902,316.313,108.28,20,20,63,multiprocess_sample_only,,
yjit-off/puma-response-io-10kb/puma-4w-3t/repeat-3,yjit-off,false,puma-response-io-10kb,puma-response-time-wrk,puma/benchmarks/local/response_time_wrk,https://github.com/puma/puma/blob/main/benchmarks/local/response_time_wrk.rb,puma-4w-3t,12,puma,4,3,15546,1000,5.006,5.0,1000,6287,2.006,2.0,19,true,15546,0,3105.63,6.0,7.004,7.518,8.234,8.648,331.578,331.578,108.77,20,20,63,multiprocess_sample_only,,
yjit-off/puma-response-array-100kb/puma-4w-3t/repeat-3,yjit-off,false,puma-response-array-100kb,puma-response-time-wrk,puma/benchmarks/local/response_time_wrk,https://github.com/puma/puma/blob/main/benchmarks/local/response_time_wrk.rb,puma-4w-3t,12,puma,4,3,11476,1000,5.006,5.0,1000,4685,2.007,2.0,19,true,11476,0,2292.477,8.159,9.325,10.557,11.631,12.202,415.594,370.711,108.445,20,20,59,multiprocess_sample_only,,
yjit-off/puma-response-chunk-100kb/puma-4w-3t/repeat-3,yjit-off,false,puma-response-chunk-100kb,puma-response-time-wrk,puma/benchmarks/local/response_time_wrk,https://github.com/puma/puma/blob/main/benchmarks/local/response_time_wrk.rb,puma-4w-3t,12,puma,4,3,6776,1000,5.012,5.0,1000,2716,2.011,2.0,19,true,6776,0,1351.855,14.04,15.504,16.373,17.474,18.909,389.16,389.16,106.2,20,20,52,multiprocess_sample_only,,
yjit-off/puma-response-string-100kb/puma-4w-3t/repeat-3,yjit-off,false,puma-response-string-100kb,puma-response-time-wrk,puma/benchmarks/local/response_time_wrk,https://github.com/puma/puma/blob/main/benchmarks/local/response_time_wrk.rb,puma-4w-3t,12,puma,4,3,11784,1000,5.007,5.0,1000,4777,2.007,2.0,19,true,11784,0,2353.691,7.978,8.983,9.513,10.036,10.623,408.574,404.664,104.315,20,20,59,multiprocess_sample_only,,
yjit-off/puma-response-io-100kb/puma-4w-3t/repeat-3,yjit-off,false,puma-response-io-100kb,puma-response-time-wrk,puma/benchmarks/local/response_time_wrk,https://github.com/puma/puma/blob/main/benchmarks/local/response_time_wrk.rb,puma-4w-3t,12,puma,4,3,11642,1000,5.008,5.0,1000,4643,2.007,2.0,19,true,11642,0,2324.736,8.073,9.115,9.646,10.164,10.904,349.891,349.547,103.315,20,20,60,multiprocess_sample_only,,
yjit-off/puma-response-array-256kb/puma-4w-3t/repeat-3,yjit-off,false,puma-response-array-256kb,puma-response-time-wrk,puma/benchmarks/local/response_time_wrk,https://github.com/puma/puma/blob/main/benchmarks/local/response_time_wrk.rb,puma-4w-3t,12,puma,4,3,9035,1000,5.009,5.0,1000,3712,2.008,2.0,19,true,9035,0,1803.877,9.905,12.983,26.921,28.816,30.764,446.805,436.32,102.84,20,20,55,multiprocess_sample_only,,
yjit-off/puma-response-chunk-256kb/puma-4w-3t/repeat-3,yjit-off,false,puma-response-chunk-256kb,puma-response-time-wrk,puma/benchmarks/local/response_time_wrk,https://github.com/puma/puma/blob/main/benchmarks/local/response_time_wrk.rb,puma-4w-3t,12,puma,4,3,3824,1000,5.022,5.0,1000,1532,2.022,2.0,19,true,3824,0,761.399,24.858,26.913,27.973,31.494,33.509,424.355,421.688,101.255,20,20,42,multiprocess_sample_only,,
yjit-off/puma-response-string-256kb/puma-4w-3t/repeat-3,yjit-off,false,puma-response-string-256kb,puma-response-time-wrk,puma/benchmarks/local/response_time_wrk,https://github.com/puma/puma/blob/main/benchmarks/local/response_time_wrk.rb,puma-4w-3t,12,puma,4,3,9383,1000,5.009,5.0,1000,3747,2.007,2.0,19,true,9383,0,1873.181,9.453,12.661,26.328,28.222,29.635,391.816,381.129,99.51,20,20,56,multiprocess_sample_only,,
yjit-off/puma-response-io-256kb/puma-4w-3t/repeat-3,yjit-off,false,puma-response-io-256kb,puma-response-time-wrk,puma/benchmarks/local/response_time_wrk,https://github.com/puma/puma/blob/main/benchmarks/local/response_time_wrk.rb,puma-4w-3t,12,puma,4,3,9310,1000,5.008,5.0,1000,3773,2.008,2.0,19,true,9310,0,1858.84,9.457,12.875,26.546,27.954,59.4,376.586,361.801,97.985,20,20,56,multiprocess_sample_only,,
yjit-off/puma-response-array-512kb/puma-4w-3t/repeat-3,yjit-off,false,puma-response-array-512kb,puma-response-time-wrk,puma/benchmarks/local/response_time_wrk,https://github.com/puma/puma/blob/main/benchmarks/local/response_time_wrk.rb,puma-4w-3t,12,puma,4,3,7196,1000,5.01,5.0,1000,2853,2.011,2.0,19,true,7196,0,1436.357,12.255,16.742,31.76,33.543,41.405,541.313,510.293,97.7,20,20,52,multiprocess_sample_only,,
yjit-off/puma-response-chunk-512kb/puma-4w-3t/repeat-3,yjit-off,false,puma-response-chunk-512kb,puma-response-time-wrk,puma/benchmarks/local/response_time_wrk,https://github.com/puma/puma/blob/main/benchmarks/local/response_time_wrk.rb,puma-4w-3t,12,puma,4,3,2185,1000,5.041,5.0,1000,1000,2.267,2.0,19,true,2185,0,433.434,43.53,46.309,48.597,54.654,56.572,501.457,454.082,96.435,20,20,32,multiprocess_sample_only,,
yjit-off/puma-response-string-512kb/puma-4w-3t/repeat-3,yjit-off,false,puma-response-string-512kb,puma-response-time-wrk,puma/benchmarks/local/response_time_wrk,https://github.com/puma/puma/blob/main/benchmarks/local/response_time_wrk.rb,puma-4w-3t,12,puma,4,3,7055,1000,5.012,5.0,1000,2838,2.01,2.0,19,true,7055,0,1407.745,12.435,16.831,33.027,34.28,34.579,426.129,409.898,94.86,20,20,51,multiprocess_sample_only,,
yjit-off/puma-response-io-512kb/puma-4w-3t/repeat-3,yjit-off,false,puma-response-io-512kb,puma-response-time-wrk,puma/benchmarks/local/response_time_wrk,https://github.com/puma/puma/blob/main/benchmarks/local/response_time_wrk.rb,puma-4w-3t,12,puma,4,3,7230,1000,5.01,5.0,1000,2908,2.01,2.0,19,true,7230,0,1443.181,12.091,16.181,31.685,33.192,221.453,399.547,397.152,93.32,20,20,51,multiprocess_sample_only,,
yjit-off/puma-response-array-1024kb/puma-4w-3t/repeat-3,yjit-off,false,puma-response-array-1024kb,puma-response-time-wrk,puma/benchmarks/local/response_time_wrk,https://github.com/puma/puma/blob/main/benchmarks/local/response_time_wrk.rb,puma-4w-3t,12,puma,4,3,4519,1000,5.018,5.0,1000,1845,2.019,2.0,19,true,4519,0,900.614,19.72,38.068,41.574,42.647,43.165,529.734,521.52,92.68,20,20,44,multiprocess_sample_only,,
yjit-off/puma-response-chunk-1024kb/puma-4w-3t/repeat-3,yjit-off,false,puma-response-chunk-1024kb,puma-response-time-wrk,puma/benchmarks/local/response_time_wrk,https://github.com/puma/puma/blob/main/benchmarks/local/response_time_wrk.rb,puma-4w-3t,12,puma,4,3,1197,1000,5.076,5.0,1000,1000,4.23,2.0,19,true,1197,0,235.816,79.736,87.684,95.629,104.329,104.679,509.465,499.137,91.065,20,20,22,multiprocess_sample_only,,
yjit-off/puma-response-string-1024kb/puma-4w-3t/repeat-3,yjit-off,false,puma-response-string-1024kb,puma-response-time-wrk,puma/benchmarks/local/response_time_wrk,https://github.com/puma/puma/blob/main/benchmarks/local/response_time_wrk.rb,puma-4w-3t,12,puma,4,3,4581,1000,5.025,5.0,1000,1842,2.021,2.0,19,true,4581,0,911.688,19.477,38.327,40.605,43.485,44.349,492.961,448.145,89.595,20,20,45,multiprocess_sample_only,,
yjit-off/puma-response-io-1024kb/puma-4w-3t/repeat-3,yjit-off,false,puma-response-io-1024kb,puma-response-time-wrk,puma/benchmarks/local/response_time_wrk,https://github.com/puma/puma/blob/main/benchmarks/local/response_time_wrk.rb,puma-4w-3t,12,puma,4,3,4679,1000,5.018,5.0,1000,1879,2.02,2.0,19,true,4679,0,932.518,18.993,38.03,40.453,41.73,256.789,440.246,440.246,87.935,20,20,45,multiprocess_sample_only,,
yjit-off/puma-response-array-2048kb/puma-4w-3t/repeat-3,yjit-off,false,puma-response-array-2048kb,puma-response-time-wrk,puma/benchmarks/local/response_time_wrk,https://github.com/puma/puma/blob/main/benchmarks/local/response_time_wrk.rb,puma-4w-3t,12,puma,4,3,2919,1000,5.03,5.0,1000,1170,2.03,2.0,19,true,2919,0,580.288,32.377,35.405,37.125,40.33,45.301,510.352,447.168,87.345,20,20,37,multiprocess_sample_only,,
yjit-off/puma-response-chunk-2048kb/puma-4w-3t/repeat-3,yjit-off,false,puma-response-chunk-2048kb,puma-response-time-wrk,puma/benchmarks/local/response_time_wrk,https://github.com/puma/puma/blob/main/benchmarks/local/response_time_wrk.rb,puma-4w-3t,12,puma,4,3,1000,1000,7.918,5.0,1000,1000,7.906,2.0,19,true,1000,0,126.297,149.12,162.324,173.065,181.032,189.86,542.684,534.594,85.49,20,20,21,multiprocess_sample_only,,
yjit-off/puma-response-string-2048kb/puma-4w-3t/repeat-3,yjit-off,false,puma-response-string-2048kb,puma-response-time-wrk,puma/benchmarks/local/response_time_wrk,https://github.com/puma/puma/blob/main/benchmarks/local/response_time_wrk.rb,puma-4w-3t,12,puma,4,3,2915,1000,5.03,5.0,1000,1101,2.031,2.0,19,true,2915,0,579.549,32.592,35.119,36.939,42.824,47.868,535.281,472.297,84.075,20,20,36,multiprocess_sample_only,,
yjit-off/puma-response-io-2048kb/puma-4w-3t/repeat-3,yjit-off,false,puma-response-io-2048kb,puma-response-time-wrk,puma/benchmarks/local/response_time_wrk,https://github.com/puma/puma/blob/main/benchmarks/local/response_time_wrk.rb,puma-4w-3t,12,puma,4,3,3145,1000,5.029,5.0,1000,1273,2.028,2.0,19,true,3145,0,625.383,30.2,32.684,34.163,36.112,38.668,463.688,463.688,82.525,20,20,37,multiprocess_sample_only,,
yjit-off/puma-long-tail-fib-200ms-x6p0/puma-4w-3t/repeat-3,yjit-off,false,puma-long-tail-fib-200ms-x6p0,puma-long-tail-hey,puma/benchmarks/local/long_tail_hey + test/rackup/sleep_fibonacci,https://github.com/puma/puma/blob/main/benchmarks/local/long_tail_hey.rb,puma-4w-3t,12,puma,4,3,1440,1440,73.881,5.0,1000,1000,57.095,2.0,72,true,1440,0,19.491,2979.985,3812.371,3842.652,3863.273,3865.525,505.773,505.773,140.495,20,20,1037,multiprocess_sample_only,,
yjit-off/puma-long-tail-fib-200ms-x4p0/puma-4w-3t/repeat-3,yjit-off,false,puma-long-tail-fib-200ms-x4p0,puma-long-tail-hey,puma/benchmarks/local/long_tail_hey + test/rackup/sleep_fibonacci,https://github.com/puma/puma/blob/main/benchmarks/local/long_tail_hey.rb,puma-4w-3t,12,puma,4,3,960,960,53.933,5.0,960,960,73.824,2.0,48,true,960,0,17.8,1711.047,2849.294,2930.745,2953.233,2958.5,542.258,542.258,164.04,20,20,757,multiprocess_sample_only,,
yjit-off/puma-long-tail-fib-200ms-x3p0/puma-4w-3t/repeat-3,yjit-off,false,puma-long-tail-fib-200ms-x3p0,puma-long-tail-hey,puma/benchmarks/local/long_tail_hey + test/rackup/sleep_fibonacci,https://github.com/puma/puma/blob/main/benchmarks/local/long_tail_hey.rb,puma-4w-3t,12,puma,4,3,720,720,34.124,5.0,720,720,39.734,2.0,36,true,720,0,21.099,1522.133,1726.867,1747.11,1762.713,1763.083,540.324,531.031,177.015,20,20,477,multiprocess_sample_only,,
yjit-off/puma-long-tail-fib-200ms-x2p0/puma-4w-3t/repeat-3,yjit-off,false,puma-long-tail-fib-200ms-x2p0,puma-long-tail-hey,puma/benchmarks/local/long_tail_hey + test/rackup/sleep_fibonacci,https://github.com/puma/puma/blob/main/benchmarks/local/long_tail_hey.rb,puma-4w-3t,12,puma,4,3,480,480,22.734,5.0,480,480,42.577,2.0,24,true,480,0,21.114,882.651,1266.295,1279.306,1293.524,1296.993,532.234,532.234,180.675,20,20,315,multiprocess_sample_only,,
yjit-off/puma-long-tail-fib-200ms-x1p5/puma-4w-3t/repeat-3,yjit-off,false,puma-long-tail-fib-200ms-x1p5,puma-long-tail-hey,puma/benchmarks/local/long_tail_hey + test/rackup/sleep_fibonacci,https://github.com/puma/puma/blob/main/benchmarks/local/long_tail_hey.rb,puma-4w-3t,12,puma,4,3,365,360,22.706,5.0,360,360,25.51,2.0,18,true,365,0,16.075,850.866,1270.383,1289.154,1299.879,1304.593,515.234,515.234,183.835,20,20,326,multiprocess_sample_only,,
yjit-off/puma-long-tail-fib-200ms-x1p0/puma-4w-3t/repeat-3,yjit-off,false,puma-long-tail-fib-200ms-x1p0,puma-long-tail-hey,puma/benchmarks/local/long_tail_hey + test/rackup/sleep_fibonacci,https://github.com/puma/puma/blob/main/benchmarks/local/long_tail_hey.rb,puma-4w-3t,12,puma,4,3,240,240,8.547,5.0,240,240,11.345,2.0,12,true,240,0,28.079,423.813,460.876,472.866,479.978,481.027,515.734,515.734,186.815,20,20,113,multiprocess_sample_only,,
yjit-off/puma-long-tail-fib-200ms-x0p5/puma-4w-3t/repeat-3,yjit-off,false,puma-long-tail-fib-200ms-x0p5,puma-long-tail-hey,puma/benchmarks/local/long_tail_hey + test/rackup/sleep_fibonacci,https://github.com/puma/puma/blob/main/benchmarks/local/long_tail_hey.rb,puma-4w-3t,12,puma,4,3,130,120,5.708,5.0,120,120,8.5,2.0,6,true,130,0,22.777,278.99,296.783,310.485,313.741,313.789,515.984,515.984,188.78,20,20,81,multiprocess_sample_only,,
yjit-off/puma-sleep-fibonacci-1ms/puma-4w-3t/repeat-3,yjit-off,false,puma-sleep-fibonacci-1ms,puma-sleep-fibonacci-test,puma/benchmarks/local/sleep_fibonacci_test + test/rackup/sleep_fibonacci,https://github.com/puma/puma/blob/main/benchmarks/local/sleep_fibonacci_test.rb,puma-4w-3t,12,puma,4,3,3670,10,5.001,5.0,10,1513,2.001,2.0,1,true,3670,0,733.925,1.318,1.453,1.692,2.389,2.712,541.336,541.336,188.425,20,20,74,multiprocess_sample_only,,
yjit-off/puma-sleep-fibonacci-5ms/puma-4w-3t/repeat-3,yjit-off,false,puma-sleep-fibonacci-5ms,puma-sleep-fibonacci-test,puma/benchmarks/local/sleep_fibonacci_test + test/rackup/sleep_fibonacci,https://github.com/puma/puma/blob/main/benchmarks/local/sleep_fibonacci_test.rb,puma-4w-3t,12,puma,4,3,932,10,5.0,5.0,10,379,2.001,2.0,1,true,932,0,186.391,5.314,5.462,5.785,6.359,6.39,551.297,547.297,187.245,20,20,74,multiprocess_sample_only,,
yjit-off/puma-sleep-fibonacci-10ms/puma-4w-3t/repeat-3,yjit-off,false,puma-sleep-fibonacci-10ms,puma-sleep-fibonacci-test,puma/benchmarks/local/sleep_fibonacci_test + test/rackup/sleep_fibonacci,https://github.com/puma/puma/blob/main/benchmarks/local/sleep_fibonacci_test.rb,puma-4w-3t,12,puma,4,3,482,10,5.002,5.0,10,192,2.002,2.0,1,true,482,0,96.369,10.328,10.459,10.694,11.414,11.454,547.359,547.359,186.08,20,20,74,multiprocess_sample_only,,
yjit-off/puma-sleep-fibonacci-50ms/puma-4w-3t/repeat-3,yjit-off,false,puma-sleep-fibonacci-50ms,puma-sleep-fibonacci-test,puma/benchmarks/local/sleep_fibonacci_test + test/rackup/sleep_fibonacci,https://github.com/puma/puma/blob/main/benchmarks/local/sleep_fibonacci_test.rb,puma-4w-3t,12,puma,4,3,99,10,5.008,5.0,10,40,2.026,2.0,1,true,99,0,19.768,50.506,50.772,50.953,51.82,51.916,547.359,547.359,184.94,20,20,74,multiprocess_sample_only,,
yjit-off/puma-sleep-fibonacci-100ms/puma-4w-3t/repeat-3,yjit-off,false,puma-sleep-fibonacci-100ms,puma-sleep-fibonacci-test,puma/benchmarks/local/sleep_fibonacci_test + test/rackup/sleep_fibonacci,https://github.com/puma/puma/blob/main/benchmarks/local/sleep_fibonacci_test.rb,puma-4w-3t,12,puma,4,3,50,10,5.03,5.0,10,20,2.016,2.0,1,true,50,0,9.94,100.527,100.665,100.758,100.799,100.804,547.359,547.359,183.815,20,20,75,multiprocess_sample_only,,
yjit-off/puma-sleep-fibonacci-200ms/puma-4w-3t/repeat-3,yjit-off,false,puma-sleep-fibonacci-200ms,puma-sleep-fibonacci-test,puma/benchmarks/local/sleep_fibonacci_test + test/rackup/sleep_fibonacci,https://github.com/puma/puma/blob/main/benchmarks/local/sleep_fibonacci_test.rb,puma-4w-3t,12,puma,4,3,25,10,5.018,5.0,10,10,2.009,2.0,1,true,25,0,4.982,200.613,200.733,200.801,200.819,200.821,547.359,547.359,182.71,20,20,74,multiprocess_sample_only,,
yjit-on/puma-response-array-1kb/raptor-12r/repeat-1,yjit-on,true,puma-response-array-1kb,puma-response-time-wrk,puma/benchmarks/local/response_time_wrk,https://github.com/puma/puma/blob/main/benchmarks/local/response_time_wrk.rb,raptor-12r,12,raptor,12,,1691,1000,6.184,5.0,1000,1000,4.36,2.0,19,true,1691,0,273.455,40.994,42.76,44.18,4066.872,4073.649,35.875,35.875,14.04,20,20,91,same_worker,26,1215531
yjit-on/puma-response-chunk-1kb/raptor-12r/repeat-1,yjit-on,true,puma-response-chunk-1kb,puma-response-time-wrk,puma/benchmarks/local/response_time_wrk,https://github.com/puma/puma/blob/main/benchmarks/local/response_time_wrk.rb,raptor-12r,12,raptor,12,,1686,1000,6.189,5.0,1000,1000,4.341,2.0,19,true,1686,0,272.408,41.025,42.716,44.277,4082.198,4085.465,37.461,37.461,11.07,20,20,91,same_worker,20,1214143
yjit-on/puma-response-string-1kb/raptor-12r/repeat-1,yjit-on,true,puma-response-string-1kb,puma-response-time-wrk,puma/benchmarks/local/response_time_wrk,https://github.com/puma/puma/blob/main/benchmarks/local/response_time_wrk.rb,raptor-12r,12,raptor,12,,1682,1000,6.227,5.0,1000,1000,4.272,2.0,19,true,1682,0,270.133,41.666,43.142,44.847,4113.054,4114.219,38.176,38.176,10.175,20,20,92,same_worker,17,1211896
yjit-on/puma-response-io-1kb/raptor-12r/repeat-1,yjit-on,true,puma-response-io-1kb,puma-response-time-wrk,puma/benchmarks/local/response_time_wrk,https://github.com/puma/puma/blob/main/benchmarks/local/response_time_wrk.rb,raptor-12r,12,raptor,12,,1691,1000,6.18,5.0,1000,1000,4.347,2.0,19,true,1691,0,273.632,40.996,42.598,44.36,4047.188,4054.45,38.91,38.91,9.895,20,20,91,same_worker,19,1232002
yjit-on/puma-response-array-10kb/raptor-12r/repeat-1,yjit-on,true,puma-response-array-10kb,puma-response-time-wrk,puma/benchmarks/local/response_time_wrk,https://github.com/puma/puma/blob/main/benchmarks/local/response_time_wrk.rb,raptor-12r,12,raptor,12,,1688,1000,6.177,5.0,1000,1000,4.267,2.0,19,true,1688,0,273.261,41.069,42.642,44.129,4064.685,4067.521,39.105,39.105,9.695,20,20,91,same_worker,18,1207639
yjit-on/puma-response-chunk-10kb/raptor-12r/repeat-1,yjit-on,true,puma-response-chunk-10kb,puma-response-time-wrk,puma/benchmarks/local/response_time_wrk,https://github.com/puma/puma/blob/main/benchmarks/local/response_time_wrk.rb,raptor-12r,12,raptor,12,,1686,1000,6.195,5.0,1000,1000,4.257,2.0,19,true,1686,0,272.152,41.334,42.811,44.308,4066.631,4086.835,39.246,39.246,9.505,20,20,91,same_worker,18,1207083
yjit-on/puma-response-string-10kb/raptor-12r/repeat-1,yjit-on,true,puma-response-string-10kb,puma-response-time-wrk,puma/benchmarks/local/response_time_wrk,https://github.com/puma/puma/blob/main/benchmarks/local/response_time_wrk.rb,raptor-12r,12,raptor,12,,1691,1000,6.185,5.0,1000,1000,4.256,2.0,19,true,1691,0,273.404,41.024,42.703,44.417,4075.962,4077.417,39.438,39.438,9.39,20,20,91,same_worker,17,1216426
yjit-on/puma-response-io-10kb/raptor-12r/repeat-1,yjit-on,true,puma-response-io-10kb,puma-response-time-wrk,puma/benchmarks/local/response_time_wrk,https://github.com/puma/puma/blob/main/benchmarks/local/response_time_wrk.rb,raptor-12r,12,raptor,12,,1685,1000,6.236,5.0,1000,1000,4.313,2.0,19,true,1685,0,270.221,41.54,43.046,44.907,4091.874,4093.383,40.641,40.641,9.39,20,20,92,same_worker,17,1250072
yjit-on/puma-response-array-100kb/raptor-12r/repeat-1,yjit-on,true,puma-response-array-100kb,puma-response-time-wrk,puma/benchmarks/local/response_time_wrk,https://github.com/puma/puma/blob/main/benchmarks/local/response_time_wrk.rb,raptor-12r,12,raptor,12,,10807,1000,5.008,5.0,1000,4520,2.031,2.0,19,true,10807,0,2157.871,4.975,6.458,49.535,488.93,654.012,40.652,40.652,14.125,20,20,66,same_worker,116,7779176
yjit-on/puma-response-chunk-100kb/raptor-12r/repeat-1,yjit-on,true,puma-response-chunk-100kb,puma-response-time-wrk,puma/benchmarks/local/response_time_wrk,https://github.com/puma/puma/blob/main/benchmarks/local/response_time_wrk.rb,raptor-12r,12,raptor,12,,5841,1000,5.038,5.0,1000,4191,2.043,2.0,19,true,5841,0,1159.35,5.22,40.994,46.512,2466.103,2809.201,40.719,40.719,19.965,20,20,70,same_worker,61,4171125
yjit-on/puma-response-string-100kb/raptor-12r/repeat-1,yjit-on,true,puma-response-string-100kb,puma-response-time-wrk,puma/benchmarks/local/response_time_wrk,https://github.com/puma/puma/blob/main/benchmarks/local/response_time_wrk.rb,raptor-12r,12,raptor,12,,12105,1000,5.007,5.0,1000,4937,2.007,2.0,19,true,12105,0,2417.434,4.88,6.165,10.242,493.44,507.838,42.676,42.676,23.025,20,20,65,same_worker,129,8709337
yjit-on/puma-response-io-100kb/raptor-12r/repeat-1,yjit-on,true,puma-response-io-100kb,puma-response-time-wrk,puma/benchmarks/local/response_time_wrk,https://github.com/puma/puma/blob/main/benchmarks/local/response_time_wrk.rb,raptor-12r,12,raptor,12,,4858,1000,5.023,5.0,1000,1540,4.0,2.0,19,true,4858,0,967.055,5.038,41.979,49.285,2202.332,2396.476,58.051,58.051,25.59,20,20,71,same_worker,65,4483119
yjit-on/puma-response-array-256kb/raptor-12r/repeat-1,yjit-on,true,puma-response-array-256kb,puma-response-time-wrk,puma/benchmarks/local/response_time_wrk,https://github.com/puma/puma/blob/main/benchmarks/local/response_time_wrk.rb,raptor-12r,12,raptor,12,,6664,1000,5.042,5.0,1000,3103,2.009,2.0,19,true,6664,0,1321.741,6.11,42.641,120.833,776.856,1631.917,58.051,58.051,28.885,20,20,66,same_worker,74,4794286
yjit-on/puma-response-chunk-256kb/raptor-12r/repeat-1,yjit-on,true,puma-response-chunk-256kb,puma-response-time-wrk,puma/benchmarks/local/response_time_wrk,https://github.com/puma/puma/blob/main/benchmarks/local/response_time_wrk.rb,raptor-12r,12,raptor,12,,7705,1000,5.01,5.0,1000,3161,2.009,2.0,19,true,7705,0,1537.924,6.316,26.03,66.705,730.179,744.928,58.051,58.051,34.05,20,20,62,same_worker,84,5511562
yjit-on/puma-response-string-256kb/raptor-12r/repeat-1,yjit-on,true,puma-response-string-256kb,puma-response-time-wrk,puma/benchmarks/local/response_time_wrk,https://github.com/puma/puma/blob/main/benchmarks/local/response_time_wrk.rb,raptor-12r,12,raptor,12,,8846,1000,5.009,5.0,1000,3588,2.008,2.0,19,true,8846,0,1766.158,6.262,9.784,26.094,681.879,697.088,58.512,58.512,36.87,20,20,61,same_worker,95,6365193
yjit-on/puma-response-io-256kb/raptor-12r/repeat-1,yjit-on,true,puma-response-io-256kb,puma-response-time-wrk,puma/benchmarks/local/response_time_wrk,https://github.com/puma/puma/blob/main/benchmarks/local/response_time_wrk.rb,raptor-12r,12,raptor,12,,2855,1000,5.055,5.0,1000,1483,3.555,2.0,19,true,2855,0,564.735,7.183,44.365,296.483,2082.647,2115.4,88.082,80.715,38.1,20,20,74,same_worker,57,3524689
yjit-on/puma-response-array-512kb/raptor-12r/repeat-1,yjit-on,true,puma-response-array-512kb,puma-response-time-wrk,puma/benchmarks/local/response_time_wrk,https://github.com/puma/puma/blob/main/benchmarks/local/response_time_wrk.rb,raptor-12r,12,raptor,12,,5655,1000,5.043,5.0,1000,2322,2.013,2.0,19,true,5655,0,1121.332,8.637,32.712,72.19,955.895,1075.462,78.852,78.852,42.12,20,20,59,same_worker,63,4068727
yjit-on/puma-response-chunk-512kb/raptor-12r/repeat-1,yjit-on,true,puma-response-chunk-512kb,puma-response-time-wrk,puma/benchmarks/local/response_time_wrk,https://github.com/puma/puma/blob/main/benchmarks/local/response_time_wrk.rb,raptor-12r,12,raptor,12,,5563,1000,5.049,5.0,1000,2274,2.017,2.0,19,true,5563,0,1101.854,8.691,44.638,73.875,981.002,1033.629,78.855,78.855,47.435,20,20,59,same_worker,63,3988713
yjit-on/puma-response-string-512kb/raptor-12r/repeat-1,yjit-on,true,puma-response-string-512kb,puma-response-time-wrk,puma/benchmarks/local/response_time_wrk,https://github.com/puma/puma/blob/main/benchmarks/local/response_time_wrk.rb,raptor-12r,12,raptor,12,,6553,1000,5.011,5.0,1000,2552,2.087,2.0,19,true,6553,0,1307.678,8.263,12.796,34.171,908.359,919.646,81.078,81.078,49.42,20,20,58,same_worker,72,4717282
yjit-on/puma-response-io-512kb/raptor-12r/repeat-1,yjit-on,true,puma-response-io-512kb,puma-response-time-wrk,puma/benchmarks/local/response_time_wrk,https://github.com/puma/puma/blob/main/benchmarks/local/response_time_wrk.rb,raptor-12r,12,raptor,12,,2052,1000,5.05,5.0,1000,1169,4.042,2.0,19,true,2052,0,406.376,42.007,47.845,66.229,2633.143,2879.93,97.277,92.168,50.13,20,20,74,same_worker,69,3592131
yjit-on/puma-response-array-1024kb/raptor-12r/repeat-1,yjit-on,true,puma-response-array-1024kb,puma-response-time-wrk,puma/benchmarks/local/response_time_wrk,https://github.com/puma/puma/blob/main/benchmarks/local/response_time_wrk.rb,raptor-12r,12,raptor,12,,3048,1000,5.026,5.0,1000,1411,3.873,2.0,19,true,3048,0,606.488,13.015,55.789,139.41,1943.135,1959.311,92.168,92.168,53.065,20,20,63,same_worker,35,2182936
yjit-on/puma-response-chunk-1024kb/raptor-12r/repeat-1,yjit-on,true,puma-response-chunk-1024kb,puma-response-time-wrk,puma/benchmarks/local/response_time_wrk,https://github.com/puma/puma/blob/main/benchmarks/local/response_time_wrk.rb,raptor-12r,12,raptor,12,,3125,1000,5.059,5.0,1000,1495,3.867,2.0,19,true,3125,0,617.759,13.821,54.885,81.871,1871.443,1911.411,92.168,92.168,57.34,20,20,61,same_worker,36,2229719
yjit-on/puma-response-string-1024kb/raptor-12r/repeat-1,yjit-on,true,puma-response-string-1024kb,puma-response-time-wrk,puma/benchmarks/local/response_time_wrk,https://github.com/puma/puma/blob/main/benchmarks/local/response_time_wrk.rb,raptor-12r,12,raptor,12,,4352,1000,5.02,5.0,1000,1803,2.048,2.0,19,true,4352,0,866.874,12.737,25.302,38.576,1378.849,1383.236,100.836,100.836,58.535,20,20,51,same_worker,49,3139286
yjit-on/puma-response-io-1024kb/raptor-12r/repeat-1,yjit-on,true,puma-response-io-1024kb,puma-response-time-wrk,puma/benchmarks/local/response_time_wrk,https://github.com/puma/puma/blob/main/benchmarks/local/response_time_wrk.rb,raptor-12r,12,raptor,12,,1812,1000,5.227,5.0,1000,1020,4.199,2.0,19,true,1812,0,346.675,43.985,57.446,303.946,3206.572,3326.712,136.633,135.398,60.075,20,20,74,same_worker,57,5025250
yjit-on/puma-response-array-2048kb/raptor-12r/repeat-1,yjit-on,true,puma-response-array-2048kb,puma-response-time-wrk,puma/benchmarks/local/response_time_wrk,https://github.com/puma/puma/blob/main/benchmarks/local/response_time_wrk.rb,raptor-12r,12,raptor,12,,1852,1000,5.131,5.0,1000,1067,4.156,2.0,19,true,1852,0,360.952,26.484,69.263,126.245,3127.645,3136.049,131.379,131.379,64.085,20,20,65,same_worker,14,1327389
yjit-on/puma-response-chunk-2048kb/raptor-12r/repeat-1,yjit-on,true,puma-response-chunk-2048kb,puma-response-time-wrk,puma/benchmarks/local/response_time_wrk,https://github.com/puma/puma/blob/main/benchmarks/local/response_time_wrk.rb,raptor-12r,12,raptor,12,,1818,1000,5.041,5.0,1000,1051,4.094,2.0,19,true,1818,0,360.614,26.543,70.008,290.29,3259.375,3450.546,131.504,131.504,68.5,20,20,64,same_worker,13,1296470
yjit-on/puma-response-string-2048kb/raptor-12r/repeat-1,yjit-on,true,puma-response-string-2048kb,puma-response-time-wrk,puma/benchmarks/local/response_time_wrk,https://github.com/puma/puma/blob/main/benchmarks/local/response_time_wrk.rb,raptor-12r,12,raptor,12,,2496,1000,5.146,5.0,1000,1403,2.649,2.0,19,true,2496,0,485.027,24.169,29.271,48.55,2494.618,2499.129,168.605,168.605,69.395,20,20,44,same_worker,17,1793745
yjit-on/puma-response-io-2048kb/raptor-12r/repeat-1,yjit-on,true,puma-response-io-2048kb,puma-response-time-wrk,puma/benchmarks/local/response_time_wrk,https://github.com/puma/puma/blob/main/benchmarks/local/response_time_wrk.rb,raptor-12r,12,raptor,12,,1603,1000,6.691,5.0,1000,1000,4.909,2.0,19,true,1603,0,239.566,49.808,75.335,197.807,4397.06,4452.816,216.379,216.379,72.595,20,20,95,same_worker,72,7728852
yjit-on/puma-long-tail-fib-200ms-x6p0/raptor-12r/repeat-1,yjit-on,true,puma-long-tail-fib-200ms-x6p0,puma-long-tail-hey,puma/benchmarks/local/long_tail_hey + test/rackup/sleep_fibonacci,https://github.com/puma/puma/blob/main/benchmarks/local/long_tail_hey.rb,raptor-12r,12,raptor,12,,1440,1440,200.249,5.0,1000,1000,140.205,2.0,72,true,0,1440,0.0,,,,,,209.715,209.715,35.65,20,20,2918,unavailable,,
yjit-on/puma-long-tail-fib-200ms-x4p0/raptor-12r/repeat-1,yjit-on,true,puma-long-tail-fib-200ms-x4p0,puma-long-tail-hey,puma/benchmarks/local/long_tail_hey + test/rackup/sleep_fibonacci,https://github.com/puma/puma/blob/main/benchmarks/local/long_tail_hey.rb,raptor-12r,12,raptor,12,,960,960,5.018,5.0,960,960,5.022,2.0,48,true,0,960,0.0,,,,,,209.715,209.715,25.67,20,20,74,unavailable,,
yjit-on/puma-long-tail-fib-200ms-x3p0/raptor-12r/repeat-1,yjit-on,true,puma-long-tail-fib-200ms-x3p0,puma-long-tail-hey,puma/benchmarks/local/long_tail_hey + test/rackup/sleep_fibonacci,https://github.com/puma/puma/blob/main/benchmarks/local/long_tail_hey.rb,raptor-12r,12,raptor,12,,720,720,5.018,5.0,720,720,5.015,2.0,36,true,0,720,0.0,,,,,,209.715,209.715,22.22,20,20,74,unavailable,,
yjit-on/puma-long-tail-fib-200ms-x2p0/raptor-12r/repeat-1,yjit-on,true,puma-long-tail-fib-200ms-x2p0,puma-long-tail-hey,puma/benchmarks/local/long_tail_hey + test/rackup/sleep_fibonacci,https://github.com/puma/puma/blob/main/benchmarks/local/long_tail_hey.rb,raptor-12r,12,raptor,12,,480,480,5.013,5.0,480,480,5.011,2.0,24,true,0,480,0.0,,,,,,209.715,209.715,19.58,20,20,74,unavailable,,
yjit-on/puma-long-tail-fib-200ms-x1p5/raptor-12r/repeat-1,yjit-on,true,puma-long-tail-fib-200ms-x1p5,puma-long-tail-hey,puma/benchmarks/local/long_tail_hey + test/rackup/sleep_fibonacci,https://github.com/puma/puma/blob/main/benchmarks/local/long_tail_hey.rb,raptor-12r,12,raptor,12,,360,360,5.011,5.0,360,360,5.01,2.0,18,true,0,360,0.0,,,,,,209.715,209.715,17.5,20,20,75,unavailable,,
yjit-on/puma-long-tail-fib-200ms-x1p0/raptor-12r/repeat-1,yjit-on,true,puma-long-tail-fib-200ms-x1p0,puma-long-tail-hey,puma/benchmarks/local/long_tail_hey + test/rackup/sleep_fibonacci,https://github.com/puma/puma/blob/main/benchmarks/local/long_tail_hey.rb,raptor-12r,12,raptor,12,,240,240,5.009,5.0,240,240,5.009,2.0,12,true,0,240,0.0,,,,,,209.715,209.715,15.8,20,20,75,unavailable,,
yjit-on/puma-long-tail-fib-200ms-x0p5/raptor-12r/repeat-1,yjit-on,true,puma-long-tail-fib-200ms-x0p5,puma-long-tail-hey,puma/benchmarks/local/long_tail_hey + test/rackup/sleep_fibonacci,https://github.com/puma/puma/blob/main/benchmarks/local/long_tail_hey.rb,raptor-12r,12,raptor,12,,120,120,5.008,5.0,120,120,5.007,2.0,6,true,0,120,0.0,,,,,,209.715,209.715,14.42,20,20,74,unavailable,,
yjit-on/puma-sleep-fibonacci-1ms/raptor-12r/repeat-1,yjit-on,true,puma-sleep-fibonacci-1ms,puma-sleep-fibonacci-test,puma/benchmarks/local/sleep_fibonacci_test + test/rackup/sleep_fibonacci,https://github.com/puma/puma/blob/main/benchmarks/local/sleep_fibonacci_test.rb,raptor-12r,12,raptor,12,,10,10,5.006,5.0,10,10,5.004,2.0,1,true,0,10,0.0,,,,,,209.715,209.715,13.3,20,20,74,unavailable,,
yjit-on/puma-sleep-fibonacci-5ms/raptor-12r/repeat-1,yjit-on,true,puma-sleep-fibonacci-5ms,puma-sleep-fibonacci-test,puma/benchmarks/local/sleep_fibonacci_test + test/rackup/sleep_fibonacci,https://github.com/puma/puma/blob/main/benchmarks/local/sleep_fibonacci_test.rb,raptor-12r,12,raptor,12,,10,10,5.006,5.0,10,10,5.006,2.0,1,true,0,10,0.0,,,,,,209.715,209.715,12.3,20,20,74,unavailable,,
yjit-on/puma-sleep-fibonacci-10ms/raptor-12r/repeat-1,yjit-on,true,puma-sleep-fibonacci-10ms,puma-sleep-fibonacci-test,puma/benchmarks/local/sleep_fibonacci_test + test/rackup/sleep_fibonacci,https://github.com/puma/puma/blob/main/benchmarks/local/sleep_fibonacci_test.rb,raptor-12r,12,raptor,12,,10,10,5.006,5.0,10,10,5.006,2.0,1,true,0,10,0.0,,,,,,209.715,209.715,11.4,20,20,74,unavailable,,
yjit-on/puma-sleep-fibonacci-50ms/raptor-12r/repeat-1,yjit-on,true,puma-sleep-fibonacci-50ms,puma-sleep-fibonacci-test,puma/benchmarks/local/sleep_fibonacci_test + test/rackup/sleep_fibonacci,https://github.com/puma/puma/blob/main/benchmarks/local/sleep_fibonacci_test.rb,raptor-12r,12,raptor,12,,10,10,5.006,5.0,10,10,5.007,2.0,1,true,0,10,0.0,,,,,,209.715,209.715,10.7,20,20,75,unavailable,,
yjit-on/puma-sleep-fibonacci-100ms/raptor-12r/repeat-1,yjit-on,true,puma-sleep-fibonacci-100ms,puma-sleep-fibonacci-test,puma/benchmarks/local/sleep_fibonacci_test + test/rackup/sleep_fibonacci,https://github.com/puma/puma/blob/main/benchmarks/local/sleep_fibonacci_test.rb,raptor-12r,12,raptor,12,,10,10,5.006,5.0,10,10,5.002,2.0,1,true,0,10,0.0,,,,,,209.715,209.715,10.01,20,20,74,unavailable,,
yjit-on/puma-sleep-fibonacci-200ms/raptor-12r/repeat-1,yjit-on,true,puma-sleep-fibonacci-200ms,puma-sleep-fibonacci-test,puma/benchmarks/local/sleep_fibonacci_test + test/rackup/sleep_fibonacci,https://github.com/puma/puma/blob/main/benchmarks/local/sleep_fibonacci_test.rb,raptor-12r,12,raptor,12,,10,10,5.006,5.0,10,10,5.006,2.0,1,true,0,10,0.0,,,,,,209.715,209.715,9.5,20,20,74,unavailable,,
yjit-on/puma-response-array-1kb/raptor-12r/repeat-2,yjit-on,true,puma-response-array-1kb,puma-response-time-wrk,puma/benchmarks/local/response_time_wrk,https://github.com/puma/puma/blob/main/benchmarks/local/response_time_wrk.rb,raptor-12r,12,raptor,12,,1691,1000,6.162,5.0,1000,1000,4.364,2.0,19,true,1691,0,274.419,40.982,42.282,44.472,4054.803,4056.007,36.164,36.164,13.98,20,20,91,same_worker,26,1215965
yjit-on/puma-response-chunk-1kb/raptor-12r/repeat-2,yjit-on,true,puma-response-chunk-1kb,puma-response-time-wrk,puma/benchmarks/local/response_time_wrk,https://github.com/puma/puma/blob/main/benchmarks/local/response_time_wrk.rb,raptor-12r,12,raptor,12,,1686,1000,6.205,5.0,1000,1000,4.344,2.0,19,true,1686,0,271.725,41.246,42.844,44.154,4096.149,4097.273,37.328,37.328,11.0,20,20,92,same_worker,24,1205975
yjit-on/puma-response-string-1kb/raptor-12r/repeat-2,yjit-on,true,puma-response-string-1kb,puma-response-time-wrk,puma/benchmarks/local/response_time_wrk,https://github.com/puma/puma/blob/main/benchmarks/local/response_time_wrk.rb,raptor-12r,12,raptor,12,,1687,1000,6.202,5.0,1000,1000,4.362,2.0,19,true,1687,0,272.009,41.328,43.021,44.722,4061.479,4063.552,37.816,37.816,10.155,20,20,92,same_worker,21,1212959
yjit-on/puma-response-io-1kb/raptor-12r/repeat-2,yjit-on,true,puma-response-io-1kb,puma-response-time-wrk,puma/benchmarks/local/response_time_wrk,https://github.com/puma/puma/blob/main/benchmarks/local/response_time_wrk.rb,raptor-12r,12,raptor,12,,1686,1000,6.19,5.0,1000,1000,4.318,2.0,19,true,1686,0,272.355,41.099,42.798,44.398,4079.62,4086.581,38.285,38.285,9.88,20,20,92,same_worker,20,1222814
yjit-on/puma-response-array-10kb/raptor-12r/repeat-2,yjit-on,true,puma-response-array-10kb,puma-response-time-wrk,puma/benchmarks/local/response_time_wrk,https://github.com/puma/puma/blob/main/benchmarks/local/response_time_wrk.rb,raptor-12r,12,raptor,12,,1686,1000,6.202,5.0,1000,1000,4.271,2.0,19,true,1686,0,271.862,41.178,42.889,45.286,4079.793,4080.269,38.637,38.637,9.68,20,20,92,same_worker,19,1205709
yjit-on/puma-response-chunk-10kb/raptor-12r/repeat-2,yjit-on,true,puma-response-chunk-10kb,puma-response-time-wrk,puma/benchmarks/local/response_time_wrk,https://github.com/puma/puma/blob/main/benchmarks/local/response_time_wrk.rb,raptor-12r,12,raptor,12,,1691,1000,6.207,5.0,1000,1000,4.249,2.0,19,true,1691,0,272.413,41.12,42.791,44.498,4069.331,4078.223,38.723,38.723,9.485,20,20,92,same_worker,19,1213172
yjit-on/puma-response-string-10kb/raptor-12r/repeat-2,yjit-on,true,puma-response-string-10kb,puma-response-time-wrk,puma/benchmarks/local/response_time_wrk,https://github.com/puma/puma/blob/main/benchmarks/local/response_time_wrk.rb,raptor-12r,12,raptor,12,,1689,1000,6.179,5.0,1000,1000,4.322,2.0,19,true,1689,0,273.339,41.01,42.753,44.215,4071.527,4074.257,38.785,38.785,9.3,20,20,91,same_worker,20,1217407
yjit-on/puma-response-io-10kb/raptor-12r/repeat-2,yjit-on,true,puma-response-io-10kb,puma-response-time-wrk,puma/benchmarks/local/response_time_wrk,https://github.com/puma/puma/blob/main/benchmarks/local/response_time_wrk.rb,raptor-12r,12,raptor,12,,1682,1000,6.226,5.0,1000,1000,4.283,2.0,19,true,1682,0,270.14,41.752,43.151,44.494,4103.058,4104.935,39.793,39.793,9.33,20,20,92,same_worker,21,1250804
yjit-on/puma-response-array-100kb/raptor-12r/repeat-2,yjit-on,true,puma-response-array-100kb,puma-response-time-wrk,puma/benchmarks/local/response_time_wrk,https://github.com/puma/puma/blob/main/benchmarks/local/response_time_wrk.rb,raptor-12r,12,raptor,12,,11035,1000,5.009,5.0,1000,1838,2.315,2.0,19,true,11035,0,2203.224,5.019,6.678,50.098,471.625,595.565,39.887,39.887,12.6,20,20,66,same_worker,134,7929763
yjit-on/puma-response-chunk-100kb/raptor-12r/repeat-2,yjit-on,true,puma-response-chunk-100kb,puma-response-time-wrk,puma/benchmarks/local/response_time_wrk,https://github.com/puma/puma/blob/main/benchmarks/local/response_time_wrk.rb,raptor-12r,12,raptor,12,,9480,1000,5.036,5.0,1000,3975,2.045,2.0,19,true,9480,0,1882.496,5.02,8.621,49.295,559.972,1100.704,39.926,39.926,19.055,20,20,67,same_worker,118,6788107
yjit-on/puma-response-string-100kb/raptor-12r/repeat-2,yjit-on,true,puma-response-string-100kb,puma-response-time-wrk,puma/benchmarks/local/response_time_wrk,https://github.com/puma/puma/blob/main/benchmarks/local/response_time_wrk.rb,raptor-12r,12,raptor,12,,11920,1000,5.007,5.0,1000,4943,2.006,2.0,19,true,11920,0,2380.762,4.961,6.217,9.716,498.878,503.577,41.859,41.859,23.295,20,20,65,same_worker,159,8567732
yjit-on/puma-response-io-100kb/raptor-12r/repeat-2,yjit-on,true,puma-response-io-100kb,puma-response-time-wrk,puma/benchmarks/local/response_time_wrk,https://github.com/puma/puma/blob/main/benchmarks/local/response_time_wrk.rb,raptor-12r,12,raptor,12,,3364,1000,5.046,5.0,1000,1119,4.127,2.0,19,true,3364,0,666.733,5.406,42.439,49.355,2175.868,2369.895,53.457,53.457,25.055,20,20,73,same_worker,61,3117286
yjit-on/puma-response-array-256kb/raptor-12r/repeat-2,yjit-on,true,puma-response-array-256kb,puma-response-time-wrk,puma/benchmarks/local/response_time_wrk,https://github.com/puma/puma/blob/main/benchmarks/local/response_time_wrk.rb,raptor-12r,12,raptor,12,,6256,1000,5.048,5.0,1000,2812,2.043,2.0,19,true,6256,0,1239.361,6.444,42.678,78.186,916.794,1325.039,53.457,53.457,28.295,20,20,66,same_worker,87,4506510
yjit-on/puma-response-chunk-256kb/raptor-12r/repeat-2,yjit-on,true,puma-response-chunk-256kb,puma-response-time-wrk,puma/benchmarks/local/response_time_wrk,https://github.com/puma/puma/blob/main/benchmarks/local/response_time_wrk.rb,raptor-12r,12,raptor,12,,6379,1000,5.044,5.0,1000,2463,2.04,2.0,19,true,6379,0,1264.708,6.357,43.923,70.837,846.819,958.934,53.48,53.48,31.945,20,20,66,same_worker,90,4571561
yjit-on/puma-response-string-256kb/raptor-12r/repeat-2,yjit-on,true,puma-response-string-256kb,puma-response-time-wrk,puma/benchmarks/local/response_time_wrk,https://github.com/puma/puma/blob/main/benchmarks/local/response_time_wrk.rb,raptor-12r,12,raptor,12,,8662,1000,5.01,5.0,1000,3458,2.008,2.0,19,true,8662,0,1728.879,6.328,10.161,38.623,683.888,698.777,54.77,54.77,34.45,20,20,60,same_worker,123,6226759
yjit-on/puma-response-io-256kb/raptor-12r/repeat-2,yjit-on,true,puma-response-io-256kb,puma-response-time-wrk,puma/benchmarks/local/response_time_wrk,https://github.com/puma/puma/blob/main/benchmarks/local/response_time_wrk.rb,raptor-12r,12,raptor,12,,2833,1000,5.045,5.0,1000,1260,3.743,2.0,19,true,2833,0,561.602,7.1,45.36,290.812,1697.416,2265.469,78.914,76.734,35.55,20,20,73,same_worker,80,3507175
yjit-on/puma-response-array-512kb/raptor-12r/repeat-2,yjit-on,true,puma-response-array-512kb,puma-response-time-wrk,puma/benchmarks/local/response_time_wrk,https://github.com/puma/puma/blob/main/benchmarks/local/response_time_wrk.rb,raptor-12r,12,raptor,12,,5532,1000,5.014,5.0,1000,1671,2.559,2.0,19,true,5532,0,1103.379,9.08,31.615,78.438,1016.556,1079.324,76.734,76.734,38.99,20,20,58,same_worker,80,3975861
yjit-on/puma-response-chunk-512kb/raptor-12r/repeat-2,yjit-on,true,puma-response-chunk-512kb,puma-response-time-wrk,puma/benchmarks/local/response_time_wrk,https://github.com/puma/puma/blob/main/benchmarks/local/response_time_wrk.rb,raptor-12r,12,raptor,12,,5105,1000,5.021,5.0,1000,2152,2.03,2.0,19,true,5105,0,1016.797,8.704,47.105,133.038,1021.371,1120.719,76.742,76.742,44.365,20,20,62,same_worker,75,3658940
yjit-on/puma-response-string-512kb/raptor-12r/repeat-2,yjit-on,true,puma-response-string-512kb,puma-response-time-wrk,puma/benchmarks/local/response_time_wrk,https://github.com/puma/puma/blob/main/benchmarks/local/response_time_wrk.rb,raptor-12r,12,raptor,12,,6273,1000,5.011,5.0,1000,2501,2.012,2.0,19,true,6273,0,1251.882,8.604,13.774,34.519,969.637,981.035,77.867,77.867,46.21,20,20,55,same_worker,94,4518772
yjit-on/puma-response-io-512kb/raptor-12r/repeat-2,yjit-on,true,puma-response-io-512kb,puma-response-time-wrk,puma/benchmarks/local/response_time_wrk,https://github.com/puma/puma/blob/main/benchmarks/local/response_time_wrk.rb,raptor-12r,12,raptor,12,,2139,1000,5.045,5.0,1000,1174,3.916,2.0,19,true,2139,0,423.947,42.001,47.936,70.829,2583.189,2702.486,90.527,85.578,47.265,20,20,73,same_worker,104,3737351
yjit-on/puma-response-array-1024kb/raptor-12r/repeat-2,yjit-on,true,puma-response-array-1024kb,puma-response-time-wrk,puma/benchmarks/local/response_time_wrk,https://github.com/puma/puma/blob/main/benchmarks/local/response_time_wrk.rb,raptor-12r,12,raptor,12,,2797,1000,5.059,5.0,1000,1473,3.694,2.0,19,true,2797,0,552.921,13.66,54.553,261.625,2116.992,2202.021,85.602,85.602,50.53,20,20,65,same_worker,45,2009974
yjit-on/puma-response-chunk-1024kb/raptor-12r/repeat-2,yjit-on,true,puma-response-chunk-1024kb,puma-response-time-wrk,puma/benchmarks/local/response_time_wrk,https://github.com/puma/puma/blob/main/benchmarks/local/response_time_wrk.rb,raptor-12r,12,raptor,12,,2782,1000,5.044,5.0,1000,1442,3.976,2.0,19,true,2782,0,551.551,13.869,55.298,261.081,1995.994,2151.542,85.602,85.602,54.43,20,20,65,same_worker,44,1986660
yjit-on/puma-response-string-1024kb/raptor-12r/repeat-2,yjit-on,true,puma-response-string-1024kb,puma-response-time-wrk,puma/benchmarks/local/response_time_wrk,https://github.com/puma/puma/blob/main/benchmarks/local/response_time_wrk.rb,raptor-12r,12,raptor,12,,4336,1000,5.017,5.0,1000,1788,2.118,2.0,19,true,4336,0,864.189,12.756,24.944,40.724,1404.361,1415.735,98.016,98.016,55.545,20,20,51,same_worker,71,3104584
yjit-on/puma-response-io-1024kb/raptor-12r/repeat-2,yjit-on,true,puma-response-io-1024kb,puma-response-time-wrk,puma/benchmarks/local/response_time_wrk,https://github.com/puma/puma/blob/main/benchmarks/local/response_time_wrk.rb,raptor-12r,12,raptor,12,,1774,1000,5.248,5.0,1000,1035,4.116,2.0,19,true,1774,0,338.04,44.406,58.185,353.892,3410.126,3469.627,119.738,119.738,57.25,20,20,76,same_worker,83,4916280
yjit-on/puma-response-array-2048kb/raptor-12r/repeat-2,yjit-on,true,puma-response-array-2048kb,puma-response-time-wrk,puma/benchmarks/local/response_time_wrk,https://github.com/puma/puma/blob/main/benchmarks/local/response_time_wrk.rb,raptor-12r,12,raptor,12,,1834,1000,5.247,5.0,1000,1086,4.066,2.0,19,true,1834,0,349.521,26.567,68.879,294.1,3316.194,3373.877,115.066,115.066,61.36,20,20,68,same_worker,18,1316813
yjit-on/puma-response-chunk-2048kb/raptor-12r/repeat-2,yjit-on,true,puma-response-chunk-2048kb,puma-response-time-wrk,puma/benchmarks/local/response_time_wrk,https://github.com/puma/puma/blob/main/benchmarks/local/response_time_wrk.rb,raptor-12r,12,raptor,12,,1800,1000,5.17,5.0,1000,1052,4.118,2.0,19,true,1800,0,348.13,29.688,67.044,281.251,3352.918,3408.622,115.066,115.066,65.94,20,20,68,same_worker,17,1281218
yjit-on/puma-response-string-2048kb/raptor-12r/repeat-2,yjit-on,true,puma-response-string-2048kb,puma-response-time-wrk,puma/benchmarks/local/response_time_wrk,https://github.com/puma/puma/blob/main/benchmarks/local/response_time_wrk.rb,raptor-12r,12,raptor,12,,2410,1000,5.026,5.0,1000,1404,2.656,2.0,19,true,2410,0,479.468,25.169,29.775,51.521,2482.964,2487.74,155.082,155.082,66.745,20,20,41,same_worker,22,1725226
yjit-on/puma-response-io-2048kb/raptor-12r/repeat-2,yjit-on,true,puma-response-io-2048kb,puma-response-time-wrk,puma/benchmarks/local/response_time_wrk,https://github.com/puma/puma/blob/main/benchmarks/local/response_time_wrk.rb,raptor-12r,12,raptor,12,,1605,1000,6.964,5.0,1000,1000,4.708,2.0,19,true,1605,0,230.459,50.516,73.894,277.012,4461.271,4531.06,177.816,177.816,70.32,20,20,99,same_worker,146,7739747
yjit-on/puma-long-tail-fib-200ms-x6p0/raptor-12r/repeat-2,yjit-on,true,puma-long-tail-fib-200ms-x6p0,puma-long-tail-hey,puma/benchmarks/local/long_tail_hey + test/rackup/sleep_fibonacci,https://github.com/puma/puma/blob/main/benchmarks/local/long_tail_hey.rb,raptor-12r,12,raptor,12,,1440,1440,200.277,5.0,1000,1000,140.193,2.0,72,true,0,1440,0.0,,,,,,178.777,178.777,34.725,20,20,2921,unavailable,,
yjit-on/puma-long-tail-fib-200ms-x4p0/raptor-12r/repeat-2,yjit-on,true,puma-long-tail-fib-200ms-x4p0,puma-long-tail-hey,puma/benchmarks/local/long_tail_hey + test/rackup/sleep_fibonacci,https://github.com/puma/puma/blob/main/benchmarks/local/long_tail_hey.rb,raptor-12r,12,raptor,12,,960,960,5.024,5.0,960,960,5.023,2.0,48,true,0,960,0.0,,,,,,178.777,178.777,25.03,20,20,74,unavailable,,
yjit-on/puma-long-tail-fib-200ms-x3p0/raptor-12r/repeat-2,yjit-on,true,puma-long-tail-fib-200ms-x3p0,puma-long-tail-hey,puma/benchmarks/local/long_tail_hey + test/rackup/sleep_fibonacci,https://github.com/puma/puma/blob/main/benchmarks/local/long_tail_hey.rb,raptor-12r,12,raptor,12,,720,720,5.014,5.0,720,720,5.018,2.0,36,true,0,720,0.0,,,,,,178.777,178.777,21.655,20,20,75,unavailable,,
yjit-on/puma-long-tail-fib-200ms-x2p0/raptor-12r/repeat-2,yjit-on,true,puma-long-tail-fib-200ms-x2p0,puma-long-tail-hey,puma/benchmarks/local/long_tail_hey + test/rackup/sleep_fibonacci,https://github.com/puma/puma/blob/main/benchmarks/local/long_tail_hey.rb,raptor-12r,12,raptor,12,,480,480,5.012,5.0,480,480,5.011,2.0,24,true,0,480,0.0,,,,,,178.777,178.777,19.09,20,20,75,unavailable,,
yjit-on/puma-long-tail-fib-200ms-x1p5/raptor-12r/repeat-2,yjit-on,true,puma-long-tail-fib-200ms-x1p5,puma-long-tail-hey,puma/benchmarks/local/long_tail_hey + test/rackup/sleep_fibonacci,https://github.com/puma/puma/blob/main/benchmarks/local/long_tail_hey.rb,raptor-12r,12,raptor,12,,360,360,5.011,5.0,360,360,5.008,2.0,18,true,0,360,0.0,,,,,,178.777,178.777,17.07,20,20,75,unavailable,,
yjit-on/puma-long-tail-fib-200ms-x1p0/raptor-12r/repeat-2,yjit-on,true,puma-long-tail-fib-200ms-x1p0,puma-long-tail-hey,puma/benchmarks/local/long_tail_hey + test/rackup/sleep_fibonacci,https://github.com/puma/puma/blob/main/benchmarks/local/long_tail_hey.rb,raptor-12r,12,raptor,12,,240,240,5.008,5.0,240,240,5.008,2.0,12,true,0,240,0.0,,,,,,178.777,178.777,15.415,20,20,75,unavailable,,
yjit-on/puma-long-tail-fib-200ms-x0p5/raptor-12r/repeat-2,yjit-on,true,puma-long-tail-fib-200ms-x0p5,puma-long-tail-hey,puma/benchmarks/local/long_tail_hey + test/rackup/sleep_fibonacci,https://github.com/puma/puma/blob/main/benchmarks/local/long_tail_hey.rb,raptor-12r,12,raptor,12,,120,120,5.007,5.0,120,120,5.007,2.0,6,true,0,120,0.0,,,,,,178.777,178.777,14.1,20,20,75,unavailable,,
yjit-on/puma-sleep-fibonacci-1ms/raptor-12r/repeat-2,yjit-on,true,puma-sleep-fibonacci-1ms,puma-sleep-fibonacci-test,puma/benchmarks/local/sleep_fibonacci_test + test/rackup/sleep_fibonacci,https://github.com/puma/puma/blob/main/benchmarks/local/sleep_fibonacci_test.rb,raptor-12r,12,raptor,12,,10,10,5.006,5.0,10,10,5.006,2.0,1,true,0,10,0.0,,,,,,178.777,178.777,12.94,20,20,74,unavailable,,
yjit-on/puma-sleep-fibonacci-5ms/raptor-12r/repeat-2,yjit-on,true,puma-sleep-fibonacci-5ms,puma-sleep-fibonacci-test,puma/benchmarks/local/sleep_fibonacci_test + test/rackup/sleep_fibonacci,https://github.com/puma/puma/blob/main/benchmarks/local/sleep_fibonacci_test.rb,raptor-12r,12,raptor,12,,10,10,5.006,5.0,10,10,5.004,2.0,1,true,0,10,0.0,,,,,,178.777,178.777,12.0,20,20,74,unavailable,,
yjit-on/puma-sleep-fibonacci-10ms/raptor-12r/repeat-2,yjit-on,true,puma-sleep-fibonacci-10ms,puma-sleep-fibonacci-test,puma/benchmarks/local/sleep_fibonacci_test + test/rackup/sleep_fibonacci,https://github.com/puma/puma/blob/main/benchmarks/local/sleep_fibonacci_test.rb,raptor-12r,12,raptor,12,,10,10,5.006,5.0,10,10,5.006,2.0,1,true,0,10,0.0,,,,,,178.777,178.777,11.16,20,20,74,unavailable,,
yjit-on/puma-sleep-fibonacci-50ms/raptor-12r/repeat-2,yjit-on,true,puma-sleep-fibonacci-50ms,puma-sleep-fibonacci-test,puma/benchmarks/local/sleep_fibonacci_test + test/rackup/sleep_fibonacci,https://github.com/puma/puma/blob/main/benchmarks/local/sleep_fibonacci_test.rb,raptor-12r,12,raptor,12,,10,10,5.006,5.0,10,10,5.006,2.0,1,true,0,10,0.0,,,,,,178.777,178.777,10.4,20,20,74,unavailable,,
yjit-on/puma-sleep-fibonacci-100ms/raptor-12r/repeat-2,yjit-on,true,puma-sleep-fibonacci-100ms,puma-sleep-fibonacci-test,puma/benchmarks/local/sleep_fibonacci_test + test/rackup/sleep_fibonacci,https://github.com/puma/puma/blob/main/benchmarks/local/sleep_fibonacci_test.rb,raptor-12r,12,raptor,12,,10,10,5.006,5.0,10,10,5.006,2.0,1,true,0,10,0.0,,,,,,178.777,178.777,9.8,20,20,74,unavailable,,
yjit-on/puma-sleep-fibonacci-200ms/raptor-12r/repeat-2,yjit-on,true,puma-sleep-fibonacci-200ms,puma-sleep-fibonacci-test,puma/benchmarks/local/sleep_fibonacci_test + test/rackup/sleep_fibonacci,https://github.com/puma/puma/blob/main/benchmarks/local/sleep_fibonacci_test.rb,raptor-12r,12,raptor,12,,10,10,5.006,5.0,10,10,5.006,2.0,1,true,0,10,0.0,,,,,,178.777,178.777,9.2,20,20,74,unavailable,,
yjit-on/puma-response-array-1kb/raptor-12r/repeat-3,yjit-on,true,puma-response-array-1kb,puma-response-time-wrk,puma/benchmarks/local/response_time_wrk,https://github.com/puma/puma/blob/main/benchmarks/local/response_time_wrk.rb,raptor-12r,12,raptor,12,,1687,1000,6.177,5.0,1000,1000,4.326,2.0,19,true,1687,0,273.101,41.01,42.861,44.45,4063.448,4070.758,36.629,36.629,13.72,20,20,91,same_worker,24,1215943
yjit-on/puma-response-chunk-1kb/raptor-12r/repeat-3,yjit-on,true,puma-response-chunk-1kb,puma-response-time-wrk,puma/benchmarks/local/response_time_wrk,https://github.com/puma/puma/blob/main/benchmarks/local/response_time_wrk.rb,raptor-12r,12,raptor,12,,1691,1000,6.159,5.0,1000,1000,4.313,2.0,19,true,1691,0,274.553,40.98,42.457,44.583,4049.882,4053.293,37.441,37.441,10.86,20,20,91,same_worker,21,1214181
yjit-on/puma-response-string-1kb/raptor-12r/repeat-3,yjit-on,true,puma-response-string-1kb,puma-response-time-wrk,puma/benchmarks/local/response_time_wrk,https://github.com/puma/puma/blob/main/benchmarks/local/response_time_wrk.rb,raptor-12r,12,raptor,12,,1686,1000,6.216,5.0,1000,1000,4.316,2.0,19,true,1686,0,271.232,41.535,42.961,44.488,4080.737,4082.256,38.305,38.305,10.085,20,20,92,same_worker,18,1211310
yjit-on/puma-response-io-1kb/raptor-12r/repeat-3,yjit-on,true,puma-response-io-1kb,puma-response-time-wrk,puma/benchmarks/local/response_time_wrk,https://github.com/puma/puma/blob/main/benchmarks/local/response_time_wrk.rb,raptor-12r,12,raptor,12,,1687,1000,6.192,5.0,1000,1000,4.325,2.0,19,true,1687,0,272.442,41.132,42.76,45.225,4065.149,4071.669,39.031,39.031,9.825,20,20,91,same_worker,18,1226255
yjit-on/puma-response-array-10kb/raptor-12r/repeat-3,yjit-on,true,puma-response-array-10kb,puma-response-time-wrk,puma/benchmarks/local/response_time_wrk,https://github.com/puma/puma/blob/main/benchmarks/local/response_time_wrk.rb,raptor-12r,12,raptor,12,,1686,1000,6.211,5.0,1000,1000,4.281,2.0,19,true,1686,0,271.457,41.597,42.806,44.113,4077.877,4080.776,39.652,39.652,9.595,20,20,92,same_worker,17,1215589
yjit-on/puma-response-chunk-10kb/raptor-12r/repeat-3,yjit-on,true,puma-response-chunk-10kb,puma-response-time-wrk,puma/benchmarks/local/response_time_wrk,https://github.com/puma/puma/blob/main/benchmarks/local/response_time_wrk.rb,raptor-12r,12,raptor,12,,1690,1000,6.175,5.0,1000,1000,4.287,2.0,19,true,1690,0,273.668,40.992,42.582,44.339,4061.754,4064.89,39.809,39.809,9.415,20,20,91,same_worker,16,1209082
yjit-on/puma-response-string-10kb/raptor-12r/repeat-3,yjit-on,true,puma-response-string-10kb,puma-response-time-wrk,puma/benchmarks/local/response_time_wrk,https://github.com/puma/puma/blob/main/benchmarks/local/response_time_wrk.rb,raptor-12r,12,raptor,12,,1687,1000,6.194,5.0,1000,1000,4.281,2.0,19,true,1687,0,272.376,41.182,42.82,44.858,4071.579,4076.365,39.941,39.941,9.295,20,20,91,same_worker,16,1213994
yjit-on/puma-response-io-10kb/raptor-12r/repeat-3,yjit-on,true,puma-response-io-10kb,puma-response-time-wrk,puma/benchmarks/local/response_time_wrk,https://github.com/puma/puma/blob/main/benchmarks/local/response_time_wrk.rb,raptor-12r,12,raptor,12,,1686,1000,6.247,5.0,1000,1000,4.292,2.0,19,true,1686,0,269.894,41.396,42.825,44.665,4079.237,4132.941,41.156,41.156,9.28,20,20,92,same_worker,17,1260083
yjit-on/puma-response-array-100kb/raptor-12r/repeat-3,yjit-on,true,puma-response-array-100kb,puma-response-time-wrk,puma/benchmarks/local/response_time_wrk,https://github.com/puma/puma/blob/main/benchmarks/local/response_time_wrk.rb,raptor-12r,12,raptor,12,,10017,1000,5.042,5.0,1000,4369,2.032,2.0,19,true,10017,0,1986.805,4.96,7.058,57.544,532.226,673.45,41.355,41.355,13.9,20,20,67,same_worker,99,7205384
yjit-on/puma-response-chunk-100kb/raptor-12r/repeat-3,yjit-on,true,puma-response-chunk-100kb,puma-response-time-wrk,puma/benchmarks/local/response_time_wrk,https://github.com/puma/puma/blob/main/benchmarks/local/response_time_wrk.rb,raptor-12r,12,raptor,12,,6560,1000,5.008,5.0,1000,4467,2.044,2.0,19,true,6560,0,1309.893,5.128,40.999,48.62,1281.335,2479.784,41.391,41.391,18.61,20,20,70,same_worker,65,4693694
yjit-on/puma-response-string-100kb/raptor-12r/repeat-3,yjit-on,true,puma-response-string-100kb,puma-response-time-wrk,puma/benchmarks/local/response_time_wrk,https://github.com/puma/puma/blob/main/benchmarks/local/response_time_wrk.rb,raptor-12r,12,raptor,12,,12006,1000,5.008,5.0,1000,4858,2.007,2.0,19,true,12006,0,2397.343,4.925,6.199,10.224,497.617,516.537,43.211,43.211,22.655,20,20,65,same_worker,118,8628503
yjit-on/puma-response-io-100kb/raptor-12r/repeat-3,yjit-on,true,puma-response-io-100kb,puma-response-time-wrk,puma/benchmarks/local/response_time_wrk,https://github.com/puma/puma/blob/main/benchmarks/local/response_time_wrk.rb,raptor-12r,12,raptor,12,,4605,1000,5.05,5.0,1000,1214,3.956,2.0,19,true,4605,0,911.945,5.268,41.963,50.058,2558.216,2834.227,57.031,57.031,24.975,20,20,72,same_worker,59,4257575
yjit-on/puma-response-array-256kb/raptor-12r/repeat-3,yjit-on,true,puma-response-array-256kb,puma-response-time-wrk,puma/benchmarks/local/response_time_wrk,https://github.com/puma/puma/blob/main/benchmarks/local/response_time_wrk.rb,raptor-12r,12,raptor,12,,8266,1000,5.01,5.0,1000,3132,2.035,2.0,19,true,8266,0,1649.96,6.598,10.168,60.522,680.077,724.447,57.031,57.031,28.67,20,20,61,same_worker,82,5940983
yjit-on/puma-response-chunk-256kb/raptor-12r/repeat-3,yjit-on,true,puma-response-chunk-256kb,puma-response-time-wrk,puma/benchmarks/local/response_time_wrk,https://github.com/puma/puma/blob/main/benchmarks/local/response_time_wrk.rb,raptor-12r,12,raptor,12,,7472,1000,5.01,5.0,1000,3342,2.01,2.0,19,true,7472,0,1491.432,6.707,27.696,52.691,741.71,907.183,57.039,57.039,33.815,20,20,62,same_worker,75,5356538
yjit-on/puma-response-string-256kb/raptor-12r/repeat-3,yjit-on,true,puma-response-string-256kb,puma-response-time-wrk,puma/benchmarks/local/response_time_wrk,https://github.com/puma/puma/blob/main/benchmarks/local/response_time_wrk.rb,raptor-12r,12,raptor,12,,8580,1000,5.009,5.0,1000,3422,2.01,2.0,19,true,8580,0,1712.766,6.395,10.257,32.359,691.232,709.784,57.645,57.645,36.34,20,20,60,same_worker,87,6172069
yjit-on/puma-response-io-256kb/raptor-12r/repeat-3,yjit-on,true,puma-response-io-256kb,puma-response-time-wrk,puma/benchmarks/local/response_time_wrk,https://github.com/puma/puma/blob/main/benchmarks/local/response_time_wrk.rb,raptor-12r,12,raptor,12,,3146,1000,5.048,5.0,1000,1214,3.555,2.0,19,true,3146,0,623.273,6.291,44.895,158.256,1735.761,1971.933,84.531,83.199,37.425,20,20,73,same_worker,61,3890428
yjit-on/puma-response-array-512kb/raptor-12r/repeat-3,yjit-on,true,puma-response-array-512kb,puma-response-time-wrk,puma/benchmarks/local/response_time_wrk,https://github.com/puma/puma/blob/main/benchmarks/local/response_time_wrk.rb,raptor-12r,12,raptor,12,,5509,1000,5.014,5.0,1000,2270,2.025,2.0,19,true,5509,0,1098.666,9.243,32.247,77.222,997.808,1136.347,83.211,83.211,41.145,20,20,58,same_worker,57,3960008
yjit-on/puma-response-chunk-512kb/raptor-12r/repeat-3,yjit-on,true,puma-response-chunk-512kb,puma-response-time-wrk,puma/benchmarks/local/response_time_wrk,https://github.com/puma/puma/blob/main/benchmarks/local/response_time_wrk.rb,raptor-12r,12,raptor,12,,5549,1000,5.013,5.0,1000,2250,2.048,2.0,19,true,5549,0,1106.885,9.612,17.164,72.998,1024.8,1068.647,83.211,83.211,46.015,20,20,56,same_worker,57,3968162
yjit-on/puma-response-string-512kb/raptor-12r/repeat-3,yjit-on,true,puma-response-string-512kb,puma-response-time-wrk,puma/benchmarks/local/response_time_wrk,https://github.com/puma/puma/blob/main/benchmarks/local/response_time_wrk.rb,raptor-12r,12,raptor,12,,6244,1000,5.013,5.0,1000,2459,2.013,2.0,19,true,6244,0,1245.658,8.428,13.728,167.16,968.251,998.145,84.195,84.195,47.865,20,20,56,same_worker,65,4481917
yjit-on/puma-response-io-512kb/raptor-12r/repeat-3,yjit-on,true,puma-response-io-512kb,puma-response-time-wrk,puma/benchmarks/local/response_time_wrk,https://github.com/puma/puma/blob/main/benchmarks/local/response_time_wrk.rb,raptor-12r,12,raptor,12,,2618,1000,5.04,5.0,1000,1295,4.004,2.0,19,true,2618,0,519.478,11.325,47.668,283.673,2253.988,2382.828,96.625,96.262,49.065,20,20,71,same_worker,82,4572037
yjit-on/puma-response-array-1024kb/raptor-12r/repeat-3,yjit-on,true,puma-response-array-1024kb,puma-response-time-wrk,puma/benchmarks/local/response_time_wrk,https://github.com/puma/puma/blob/main/benchmarks/local/response_time_wrk.rb,raptor-12r,12,raptor,12,,3649,1000,5.021,5.0,1000,1658,2.784,2.0,19,true,3649,0,726.74,12.967,55.604,77.327,1571.804,1728.082,96.297,96.297,53.36,20,20,56,same_worker,39,2621097
yjit-on/puma-response-chunk-1024kb/raptor-12r/repeat-3,yjit-on,true,puma-response-chunk-1024kb,puma-response-time-wrk,puma/benchmarks/local/response_time_wrk,https://github.com/puma/puma/blob/main/benchmarks/local/response_time_wrk.rb,raptor-12r,12,raptor,12,,3541,1000,5.06,5.0,1000,1597,3.282,2.0,19,true,3541,0,699.831,13.832,52.269,79.053,1628.965,1730.724,96.305,96.305,58.335,20,20,54,same_worker,39,2534172
yjit-on/puma-response-string-1024kb/raptor-12r/repeat-3,yjit-on,true,puma-response-string-1024kb,puma-response-time-wrk,puma/benchmarks/local/response_time_wrk,https://github.com/puma/puma/blob/main/benchmarks/local/response_time_wrk.rb,raptor-12r,12,raptor,12,,4359,1000,5.017,5.0,1000,1784,2.076,2.0,19,true,4359,0,868.803,12.701,23.137,40.109,1390.34,1396.529,103.52,103.52,59.795,20,20,51,same_worker,47,3126762
yjit-on/puma-response-io-1024kb/raptor-12r/repeat-3,yjit-on,true,puma-response-io-1024kb,puma-response-time-wrk,puma/benchmarks/local/response_time_wrk,https://github.com/puma/puma/blob/main/benchmarks/local/response_time_wrk.rb,raptor-12r,12,raptor,12,,2129,1000,5.056,5.0,1000,1181,4.153,2.0,19,true,2129,0,421.108,22.178,57.371,77.417,2735.36,2836.831,129.047,125.246,61.765,20,20,70,same_worker,139,5900250
yjit-on/puma-response-array-2048kb/raptor-12r/repeat-3,yjit-on,true,puma-response-array-2048kb,puma-response-time-wrk,puma/benchmarks/local/response_time_wrk,https://github.com/puma/puma/blob/main/benchmarks/local/response_time_wrk.rb,raptor-12r,12,raptor,12,,2074,1000,5.057,5.0,1000,1142,3.786,2.0,19,true,2074,0,410.159,25.311,66.366,87.89,2821.605,2886.433,123.316,123.316,66.465,20,20,56,same_worker,28,1488556
yjit-on/puma-response-chunk-2048kb/raptor-12r/repeat-3,yjit-on,true,puma-response-chunk-2048kb,puma-response-time-wrk,puma/benchmarks/local/response_time_wrk,https://github.com/puma/puma/blob/main/benchmarks/local/response_time_wrk.rb,raptor-12r,12,raptor,12,,2103,1000,5.067,5.0,1000,1158,3.941,2.0,19,true,2103,0,415.027,25.309,67.302,85.332,2847.009,2929.433,123.316,123.316,71.7,20,20,54,same_worker,29,1507061
yjit-on/puma-response-string-2048kb/raptor-12r/repeat-3,yjit-on,true,puma-response-string-2048kb,puma-response-time-wrk,puma/benchmarks/local/response_time_wrk,https://github.com/puma/puma/blob/main/benchmarks/local/response_time_wrk.rb,raptor-12r,12,raptor,12,,2685,1000,5.035,5.0,1000,1536,2.662,2.0,19,true,2685,0,533.28,22.061,27.857,50.488,2322.7,2338.178,147.363,147.363,72.83,20,20,45,same_worker,27,1930746
yjit-on/puma-response-io-2048kb/raptor-12r/repeat-3,yjit-on,true,puma-response-io-2048kb,puma-response-time-wrk,puma/benchmarks/local/response_time_wrk,https://github.com/puma/puma/blob/main/benchmarks/local/response_time_wrk.rb,raptor-12r,12,raptor,12,,1658,1000,6.125,5.0,1000,1001,4.432,2.0,19,true,1658,0,270.676,46.136,71.824,414.791,4083.911,4115.769,183.395,183.395,76.13,20,20,85,same_worker,135,7993474
yjit-on/puma-long-tail-fib-200ms-x6p0/raptor-12r/repeat-3,yjit-on,true,puma-long-tail-fib-200ms-x6p0,puma-long-tail-hey,puma/benchmarks/local/long_tail_hey + test/rackup/sleep_fibonacci,https://github.com/puma/puma/blob/main/benchmarks/local/long_tail_hey.rb,raptor-12r,12,raptor,12,,1440,1440,200.258,5.0,1000,1000,140.215,2.0,72,true,0,1440,0.0,,,,,,184.102,184.102,36.85,20,20,2917,unavailable,,
yjit-on/puma-long-tail-fib-200ms-x4p0/raptor-12r/repeat-3,yjit-on,true,puma-long-tail-fib-200ms-x4p0,puma-long-tail-hey,puma/benchmarks/local/long_tail_hey + test/rackup/sleep_fibonacci,https://github.com/puma/puma/blob/main/benchmarks/local/long_tail_hey.rb,raptor-12r,12,raptor,12,,960,960,5.019,5.0,960,960,5.022,2.0,48,true,0,960,0.0,,,,,,184.102,184.102,26.49,20,20,74,unavailable,,
yjit-on/puma-long-tail-fib-200ms-x3p0/raptor-12r/repeat-3,yjit-on,true,puma-long-tail-fib-200ms-x3p0,puma-long-tail-hey,puma/benchmarks/local/long_tail_hey + test/rackup/sleep_fibonacci,https://github.com/puma/puma/blob/main/benchmarks/local/long_tail_hey.rb,raptor-12r,12,raptor,12,,720,720,5.017,5.0,720,720,5.019,2.0,36,true,0,720,0.0,,,,,,184.102,184.102,22.91,20,20,75,unavailable,,
yjit-on/puma-long-tail-fib-200ms-x2p0/raptor-12r/repeat-3,yjit-on,true,puma-long-tail-fib-200ms-x2p0,puma-long-tail-hey,puma/benchmarks/local/long_tail_hey + test/rackup/sleep_fibonacci,https://github.com/puma/puma/blob/main/benchmarks/local/long_tail_hey.rb,raptor-12r,12,raptor,12,,480,480,5.011,5.0,480,480,5.011,2.0,24,true,0,480,0.0,,,,,,184.102,184.102,20.18,20,20,74,unavailable,,
yjit-on/puma-long-tail-fib-200ms-x1p5/raptor-12r/repeat-3,yjit-on,true,puma-long-tail-fib-200ms-x1p5,puma-long-tail-hey,puma/benchmarks/local/long_tail_hey + test/rackup/sleep_fibonacci,https://github.com/puma/puma/blob/main/benchmarks/local/long_tail_hey.rb,raptor-12r,12,raptor,12,,360,360,5.011,5.0,360,360,5.009,2.0,18,true,0,360,0.0,,,,,,184.102,184.102,18.025,20,20,74,unavailable,,
yjit-on/puma-long-tail-fib-200ms-x1p0/raptor-12r/repeat-3,yjit-on,true,puma-long-tail-fib-200ms-x1p0,puma-long-tail-hey,puma/benchmarks/local/long_tail_hey + test/rackup/sleep_fibonacci,https://github.com/puma/puma/blob/main/benchmarks/local/long_tail_hey.rb,raptor-12r,12,raptor,12,,240,240,5.009,5.0,240,240,5.009,2.0,12,true,0,240,0.0,,,,,,184.102,184.102,16.3,20,20,74,unavailable,,
yjit-on/puma-long-tail-fib-200ms-x0p5/raptor-12r/repeat-3,yjit-on,true,puma-long-tail-fib-200ms-x0p5,puma-long-tail-hey,puma/benchmarks/local/long_tail_hey + test/rackup/sleep_fibonacci,https://github.com/puma/puma/blob/main/benchmarks/local/long_tail_hey.rb,raptor-12r,12,raptor,12,,120,120,5.007,5.0,120,120,5.008,2.0,6,true,0,120,0.0,,,,,,184.102,184.102,14.88,20,20,74,unavailable,,
yjit-on/puma-sleep-fibonacci-1ms/raptor-12r/repeat-3,yjit-on,true,puma-sleep-fibonacci-1ms,puma-sleep-fibonacci-test,puma/benchmarks/local/sleep_fibonacci_test + test/rackup/sleep_fibonacci,https://github.com/puma/puma/blob/main/benchmarks/local/sleep_fibonacci_test.rb,raptor-12r,12,raptor,12,,10,10,5.006,5.0,10,10,5.006,2.0,1,true,0,10,0.0,,,,,,184.102,184.102,13.69,20,20,74,unavailable,,
yjit-on/puma-sleep-fibonacci-5ms/raptor-12r/repeat-3,yjit-on,true,puma-sleep-fibonacci-5ms,puma-sleep-fibonacci-test,puma/benchmarks/local/sleep_fibonacci_test + test/rackup/sleep_fibonacci,https://github.com/puma/puma/blob/main/benchmarks/local/sleep_fibonacci_test.rb,raptor-12r,12,raptor,12,,10,10,5.006,5.0,10,10,5.006,2.0,1,true,0,10,0.0,,,,,,184.102,184.102,12.645,20,20,74,unavailable,,
yjit-on/puma-sleep-fibonacci-10ms/raptor-12r/repeat-3,yjit-on,true,puma-sleep-fibonacci-10ms,puma-sleep-fibonacci-test,puma/benchmarks/local/sleep_fibonacci_test + test/rackup/sleep_fibonacci,https://github.com/puma/puma/blob/main/benchmarks/local/sleep_fibonacci_test.rb,raptor-12r,12,raptor,12,,10,10,5.006,5.0,10,10,5.005,2.0,1,true,0,10,0.0,,,,,,184.102,184.102,11.8,20,20,74,unavailable,,
yjit-on/puma-sleep-fibonacci-50ms/raptor-12r/repeat-3,yjit-on,true,puma-sleep-fibonacci-50ms,puma-sleep-fibonacci-test,puma/benchmarks/local/sleep_fibonacci_test + test/rackup/sleep_fibonacci,https://github.com/puma/puma/blob/main/benchmarks/local/sleep_fibonacci_test.rb,raptor-12r,12,raptor,12,,10,10,5.006,5.0,10,10,5.006,2.0,1,true,0,10,0.0,,,,,,184.102,184.102,11.0,20,20,74,unavailable,,
yjit-on/puma-sleep-fibonacci-100ms/raptor-12r/repeat-3,yjit-on,true,puma-sleep-fibonacci-100ms,puma-sleep-fibonacci-test,puma/benchmarks/local/sleep_fibonacci_test + test/rackup/sleep_fibonacci,https://github.com/puma/puma/blob/main/benchmarks/local/sleep_fibonacci_test.rb,raptor-12r,12,raptor,12,,10,10,5.002,5.0,10,10,5.006,2.0,1,true,0,10,0.0,,,,,,184.102,184.102,10.3,20,20,74,unavailable,,
yjit-on/puma-sleep-fibonacci-200ms/raptor-12r/repeat-3,yjit-on,true,puma-sleep-fibonacci-200ms,puma-sleep-fibonacci-test,puma/benchmarks/local/sleep_fibonacci_test + test/rackup/sleep_fibonacci,https://github.com/puma/puma/blob/main/benchmarks/local/sleep_fibonacci_test.rb,raptor-12r,12,raptor,12,,10,10,5.006,5.0,10,10,5.006,2.0,1,true,0,10,0.0,,,,,,184.102,184.102,9.7,20,20,74,unavailable,,
yjit-on/puma-response-array-1kb/puma-4w-3t/repeat-1,yjit-on,true,puma-response-array-1kb,puma-response-time-wrk,puma/benchmarks/local/response_time_wrk,https://github.com/puma/puma/blob/main/benchmarks/local/response_time_wrk.rb,puma-4w-3t,12,puma,4,3,15558,1000,5.005,5.0,1000,6252,2.005,2.0,19,true,15558,0,3108.509,6.004,6.949,7.527,8.194,9.104,246.203,246.203,102.64,20,20,62,multiprocess_sample_only,,
yjit-on/puma-response-chunk-1kb/puma-4w-3t/repeat-1,yjit-on,true,puma-response-chunk-1kb,puma-response-time-wrk,puma/benchmarks/local/response_time_wrk,https://github.com/puma/puma/blob/main/benchmarks/local/response_time_wrk.rb,puma-4w-3t,12,puma,4,3,15136,1000,5.004,5.0,1000,6096,2.005,2.0,19,true,15136,0,3024.617,6.174,7.133,7.687,8.221,8.708,267.438,267.395,97.035,20,20,62,multiprocess_sample_only,,
yjit-on/puma-response-string-1kb/puma-4w-3t/repeat-1,yjit-on,true,puma-response-string-1kb,puma-response-time-wrk,puma/benchmarks/local/response_time_wrk,https://github.com/puma/puma/blob/main/benchmarks/local/response_time_wrk.rb,puma-4w-3t,12,puma,4,3,15217,1000,5.005,5.0,1000,6349,2.006,2.0,19,true,15217,0,3040.437,6.109,7.226,8.039,9.255,10.501,282.141,278.766,95.27,20,20,62,multiprocess_sample_only,,
yjit-on/puma-response-io-1kb/puma-4w-3t/repeat-1,yjit-on,true,puma-response-io-1kb,puma-response-time-wrk,puma/benchmarks/local/response_time_wrk,https://github.com/puma/puma/blob/main/benchmarks/local/response_time_wrk.rb,puma-4w-3t,12,puma,4,3,15043,1000,5.006,5.0,1000,6047,2.005,2.0,19,true,15043,0,3005.254,6.223,7.171,7.728,8.372,8.719,285.695,283.363,96.295,20,20,62,multiprocess_sample_only,,
yjit-on/puma-response-array-10kb/puma-4w-3t/repeat-1,yjit-on,true,puma-response-array-10kb,puma-response-time-wrk,puma/benchmarks/local/response_time_wrk,https://github.com/puma/puma/blob/main/benchmarks/local/response_time_wrk.rb,puma-4w-3t,12,puma,4,3,15104,1000,5.005,5.0,1000,6126,2.005,2.0,19,true,15104,0,3017.533,6.194,7.114,7.597,8.123,8.459,312.754,312.754,96.395,20,20,62,multiprocess_sample_only,,
yjit-on/puma-response-chunk-10kb/puma-4w-3t/repeat-1,yjit-on,true,puma-response-chunk-10kb,puma-response-time-wrk,puma/benchmarks/local/response_time_wrk,https://github.com/puma/puma/blob/main/benchmarks/local/response_time_wrk.rb,puma-4w-3t,12,puma,4,3,13322,1000,5.007,5.0,1000,5418,2.006,2.0,19,true,13322,0,2660.888,7.048,8.108,8.617,9.203,9.698,312.586,305.301,95.39,20,20,61,multiprocess_sample_only,,
yjit-on/puma-response-string-10kb/puma-4w-3t/repeat-1,yjit-on,true,puma-response-string-10kb,puma-response-time-wrk,puma/benchmarks/local/response_time_wrk,https://github.com/puma/puma/blob/main/benchmarks/local/response_time_wrk.rb,puma-4w-3t,12,puma,4,3,15000,1000,5.005,5.0,1000,6166,2.005,2.0,19,true,15000,0,2997.219,6.206,7.202,8.261,11.616,12.454,330.625,327.918,94.47,20,20,62,multiprocess_sample_only,,
yjit-on/puma-response-io-10kb/puma-4w-3t/repeat-1,yjit-on,true,puma-response-io-10kb,puma-response-time-wrk,puma/benchmarks/local/response_time_wrk,https://github.com/puma/puma/blob/main/benchmarks/local/response_time_wrk.rb,puma-4w-3t,12,puma,4,3,14909,1000,5.005,5.0,1000,5952,2.005,2.0,19,true,14909,0,2978.719,6.275,7.244,7.737,8.242,9.659,347.293,347.293,94.93,20,20,62,multiprocess_sample_only,,
yjit-on/puma-response-array-100kb/puma-4w-3t/repeat-1,yjit-on,true,puma-response-array-100kb,puma-response-time-wrk,puma/benchmarks/local/response_time_wrk,https://github.com/puma/puma/blob/main/benchmarks/local/response_time_wrk.rb,puma-4w-3t,12,puma,4,3,11208,1000,5.007,5.0,1000,4393,2.006,2.0,19,true,11208,0,2238.257,8.423,9.369,9.85,10.447,11.146,428.035,396.34,94.41,20,20,59,multiprocess_sample_only,,
yjit-on/puma-response-chunk-100kb/puma-4w-3t/repeat-1,yjit-on,true,puma-response-chunk-100kb,puma-response-time-wrk,puma/benchmarks/local/response_time_wrk,https://github.com/puma/puma/blob/main/benchmarks/local/response_time_wrk.rb,puma-4w-3t,12,puma,4,3,6514,1000,5.013,5.0,1000,2621,2.012,2.0,19,true,6514,0,1299.345,14.64,16.082,16.78,17.848,19.289,405.969,403.777,92.265,20,20,51,multiprocess_sample_only,,
yjit-on/puma-response-string-100kb/puma-4w-3t/repeat-1,yjit-on,true,puma-response-string-100kb,puma-response-time-wrk,puma/benchmarks/local/response_time_wrk,https://github.com/puma/puma/blob/main/benchmarks/local/response_time_wrk.rb,puma-4w-3t,12,puma,4,3,11212,1000,5.006,5.0,1000,4530,2.007,2.0,19,true,11212,0,2239.589,8.363,9.367,11.724,13.487,14.345,449.961,417.141,90.625,20,20,58,multiprocess_sample_only,,
yjit-on/puma-response-io-100kb/puma-4w-3t/repeat-1,yjit-on,true,puma-response-io-100kb,puma-response-time-wrk,puma/benchmarks/local/response_time_wrk,https://github.com/puma/puma/blob/main/benchmarks/local/response_time_wrk.rb,puma-4w-3t,12,puma,4,3,11283,1000,5.008,5.0,1000,4583,2.007,2.0,19,true,11283,0,2252.955,8.366,9.278,9.715,10.217,10.732,365.059,354.531,89.68,20,20,59,multiprocess_sample_only,,
yjit-on/puma-response-array-256kb/puma-4w-3t/repeat-1,yjit-on,true,puma-response-array-256kb,puma-response-time-wrk,puma/benchmarks/local/response_time_wrk,https://github.com/puma/puma/blob/main/benchmarks/local/response_time_wrk.rb,puma-4w-3t,12,puma,4,3,8527,1000,5.011,5.0,1000,3383,2.021,2.0,19,true,8527,0,1701.529,10.362,13.692,32.554,34.515,35.212,471.883,465.609,89.295,20,20,55,multiprocess_sample_only,,
yjit-on/puma-response-chunk-256kb/puma-4w-3t/repeat-1,yjit-on,true,puma-response-chunk-256kb,puma-response-time-wrk,puma/benchmarks/local/response_time_wrk,https://github.com/puma/puma/blob/main/benchmarks/local/response_time_wrk.rb,puma-4w-3t,12,puma,4,3,3732,1000,5.022,5.0,1000,1485,2.022,2.0,19,true,3732,0,743.185,25.492,28.194,30.251,33.576,36.896,463.949,459.391,87.74,20,20,41,multiprocess_sample_only,,
yjit-on/puma-response-string-256kb/puma-4w-3t/repeat-1,yjit-on,true,puma-response-string-256kb,puma-response-time-wrk,puma/benchmarks/local/response_time_wrk,https://github.com/puma/puma/blob/main/benchmarks/local/response_time_wrk.rb,puma-4w-3t,12,puma,4,3,8810,1000,5.008,5.0,1000,3577,2.012,2.0,19,true,8810,0,1759.031,9.936,13.206,32.113,33.719,35.027,433.34,416.059,86.205,20,20,54,multiprocess_sample_only,,
yjit-on/puma-response-io-256kb/puma-4w-3t/repeat-1,yjit-on,true,puma-response-io-256kb,puma-response-time-wrk,puma/benchmarks/local/response_time_wrk,https://github.com/puma/puma/blob/main/benchmarks/local/response_time_wrk.rb,puma-4w-3t,12,puma,4,3,8813,1000,5.013,5.0,1000,3583,2.008,2.0,19,true,8813,0,1757.855,9.985,13.016,32.203,34.377,71.262,405.844,404.012,84.905,20,20,55,multiprocess_sample_only,,
yjit-on/puma-response-array-512kb/puma-4w-3t/repeat-1,yjit-on,true,puma-response-array-512kb,puma-response-time-wrk,puma/benchmarks/local/response_time_wrk,https://github.com/puma/puma/blob/main/benchmarks/local/response_time_wrk.rb,puma-4w-3t,12,puma,4,3,6636,1000,5.013,5.0,1000,2665,2.01,2.0,19,true,6636,0,1323.883,13.002,17.918,38.091,40.55,43.479,596.344,536.387,84.425,20,20,51,multiprocess_sample_only,,
yjit-on/puma-response-chunk-512kb/puma-4w-3t/repeat-1,yjit-on,true,puma-response-chunk-512kb,puma-response-time-wrk,puma/benchmarks/local/response_time_wrk,https://github.com/puma/puma/blob/main/benchmarks/local/response_time_wrk.rb,puma-4w-3t,12,puma,4,3,2128,1000,5.041,5.0,1000,1000,2.321,2.0,19,true,2128,0,422.102,44.677,48.623,51.645,55.662,56.688,503.125,485.773,83.115,20,20,32,multiprocess_sample_only,,
yjit-on/puma-response-string-512kb/puma-4w-3t/repeat-1,yjit-on,true,puma-response-string-512kb,puma-response-time-wrk,puma/benchmarks/local/response_time_wrk,https://github.com/puma/puma/blob/main/benchmarks/local/response_time_wrk.rb,puma-4w-3t,12,puma,4,3,6684,1000,5.011,5.0,1000,2694,2.011,2.0,19,true,6684,0,1333.976,13.004,17.329,37.801,39.923,40.674,458.527,440.73,81.73,20,20,50,multiprocess_sample_only,,
yjit-on/puma-response-io-512kb/puma-4w-3t/repeat-1,yjit-on,true,puma-response-io-512kb,puma-response-time-wrk,puma/benchmarks/local/response_time_wrk,https://github.com/puma/puma/blob/main/benchmarks/local/response_time_wrk.rb,puma-4w-3t,12,puma,4,3,6926,1000,5.01,5.0,1000,2803,2.033,2.0,19,true,6926,0,1382.322,12.358,16.734,37.255,38.658,243.194,444.691,440.73,80.48,20,20,50,multiprocess_sample_only,,
yjit-on/puma-response-array-1024kb/puma-4w-3t/repeat-1,yjit-on,true,puma-response-array-1024kb,puma-response-time-wrk,puma/benchmarks/local/response_time_wrk,https://github.com/puma/puma/blob/main/benchmarks/local/response_time_wrk.rb,puma-4w-3t,12,puma,4,3,4361,1000,5.043,5.0,1000,1796,2.019,2.0,19,true,4361,0,864.756,20.374,44.027,46.355,47.369,48.888,554.699,554.32,79.665,20,20,44,multiprocess_sample_only,,
yjit-on/puma-response-chunk-1024kb/puma-4w-3t/repeat-1,yjit-on,true,puma-response-chunk-1024kb,puma-response-time-wrk,puma/benchmarks/local/response_time_wrk,https://github.com/puma/puma/blob/main/benchmarks/local/response_time_wrk.rb,puma-4w-3t,12,puma,4,3,1206,1000,5.075,5.0,1000,1000,4.268,2.0,19,true,1206,0,237.613,79.054,86.869,92.479,103.049,107.512,520.461,515.059,78.145,20,20,23,multiprocess_sample_only,,
yjit-on/puma-response-string-1024kb/puma-4w-3t/repeat-1,yjit-on,true,puma-response-string-1024kb,puma-response-time-wrk,puma/benchmarks/local/response_time_wrk,https://github.com/puma/puma/blob/main/benchmarks/local/response_time_wrk.rb,puma-4w-3t,12,puma,4,3,4445,1000,5.022,5.0,1000,1793,2.017,2.0,19,true,4445,0,885.184,19.963,43.177,44.924,47.734,49.963,522.395,493.176,76.875,20,20,45,multiprocess_sample_only,,
yjit-on/puma-response-io-1024kb/puma-4w-3t/repeat-1,yjit-on,true,puma-response-io-1024kb,puma-response-time-wrk,puma/benchmarks/local/response_time_wrk,https://github.com/puma/puma/blob/main/benchmarks/local/response_time_wrk.rb,puma-4w-3t,12,puma,4,3,4595,1000,5.017,5.0,1000,1871,2.038,2.0,19,true,4595,0,915.902,19.303,42.289,44.572,45.66,237.038,497.531,497.531,75.45,20,20,46,multiprocess_sample_only,,
yjit-on/puma-response-array-2048kb/puma-4w-3t/repeat-1,yjit-on,true,puma-response-array-2048kb,puma-response-time-wrk,puma/benchmarks/local/response_time_wrk,https://github.com/puma/puma/blob/main/benchmarks/local/response_time_wrk.rb,puma-4w-3t,12,puma,4,3,2832,1000,5.034,5.0,1000,1141,2.034,2.0,19,true,2832,0,562.614,33.219,36.768,41.798,62.226,62.865,486.426,478.371,74.83,20,20,37,multiprocess_sample_only,,
yjit-on/puma-response-chunk-2048kb/puma-4w-3t/repeat-1,yjit-on,true,puma-response-chunk-2048kb,puma-response-time-wrk,puma/benchmarks/local/response_time_wrk,https://github.com/puma/puma/blob/main/benchmarks/local/response_time_wrk.rb,puma-4w-3t,12,puma,4,3,1000,1000,7.937,5.0,1000,1000,7.745,2.0,19,true,1000,0,125.996,150.312,163.833,169.849,179.707,180.391,566.211,551.207,73.14,20,20,22,multiprocess_sample_only,,
yjit-on/puma-response-string-2048kb/puma-4w-3t/repeat-1,yjit-on,true,puma-response-string-2048kb,puma-response-time-wrk,puma/benchmarks/local/response_time_wrk,https://github.com/puma/puma/blob/main/benchmarks/local/response_time_wrk.rb,puma-4w-3t,12,puma,4,3,2771,1000,5.032,5.0,1000,1106,2.032,2.0,19,true,2771,0,550.685,34.345,36.995,39.299,43.219,47.679,552.426,515.547,71.93,20,20,36,multiprocess_sample_only,,
yjit-on/puma-response-io-2048kb/puma-4w-3t/repeat-1,yjit-on,true,puma-response-io-2048kb,puma-response-time-wrk,puma/benchmarks/local/response_time_wrk,https://github.com/puma/puma/blob/main/benchmarks/local/response_time_wrk.rb,puma-4w-3t,12,puma,4,3,2990,1000,5.031,5.0,1000,1200,2.028,2.0,19,true,2990,0,594.256,31.617,34.638,37.33,59.736,61.47,501.281,501.281,70.61,20,20,37,multiprocess_sample_only,,
yjit-on/puma-long-tail-fib-200ms-x6p0/puma-4w-3t/repeat-1,yjit-on,true,puma-long-tail-fib-200ms-x6p0,puma-long-tail-hey,puma/benchmarks/local/long_tail_hey + test/rackup/sleep_fibonacci,https://github.com/puma/puma/blob/main/benchmarks/local/long_tail_hey.rb,puma-4w-3t,12,puma,4,3,1440,1440,79.95,5.0,1000,1000,59.565,2.0,72,true,1440,0,18.011,3782.615,4128.951,4273.206,4295.91,4302.111,552.664,552.664,130.98,20,20,1111,multiprocess_sample_only,,
yjit-on/puma-long-tail-fib-200ms-x4p0/puma-4w-3t/repeat-1,yjit-on,true,puma-long-tail-fib-200ms-x4p0,puma-long-tail-hey,puma/benchmarks/local/long_tail_hey + test/rackup/sleep_fibonacci,https://github.com/puma/puma/blob/main/benchmarks/local/long_tail_hey.rb,puma-4w-3t,12,puma,4,3,960,960,45.752,5.0,960,960,65.515,2.0,48,true,960,0,20.983,1685.425,2546.119,2581.694,2597.044,2600.344,581.652,581.652,160.835,20,20,605,multiprocess_sample_only,,
yjit-on/puma-long-tail-fib-200ms-x3p0/puma-4w-3t/repeat-1,yjit-on,true,puma-long-tail-fib-200ms-x3p0,puma-long-tail-hey,puma/benchmarks/local/long_tail_hey + test/rackup/sleep_fibonacci,https://github.com/puma/puma/blob/main/benchmarks/local/long_tail_hey.rb,puma-4w-3t,12,puma,4,3,720,720,43.116,5.0,720,720,68.087,2.0,36,true,720,0,16.699,1327.984,2191.185,2203.954,2216.525,2223.423,587.789,587.789,167.155,20,20,600,multiprocess_sample_only,,
yjit-on/puma-long-tail-fib-200ms-x2p0/puma-4w-3t/repeat-1,yjit-on,true,puma-long-tail-fib-200ms-x2p0,puma-long-tail-hey,puma/benchmarks/local/long_tail_hey + test/rackup/sleep_fibonacci,https://github.com/puma/puma/blob/main/benchmarks/local/long_tail_hey.rb,puma-4w-3t,12,puma,4,3,480,480,23.018,5.0,480,480,34.326,2.0,24,true,480,0,20.854,873.571,1285.069,1302.797,1315.095,1316.199,598.762,598.762,172.21,20,20,309,multiprocess_sample_only,,
yjit-on/puma-long-tail-fib-200ms-x1p5/puma-4w-3t/repeat-1,yjit-on,true,puma-long-tail-fib-200ms-x1p5,puma-long-tail-hey,puma/benchmarks/local/long_tail_hey + test/rackup/sleep_fibonacci,https://github.com/puma/puma/blob/main/benchmarks/local/long_tail_hey.rb,puma-4w-3t,12,puma,4,3,360,360,17.166,5.0,360,360,22.932,2.0,18,true,360,0,20.971,715.998,872.82,887.873,897.593,900.634,602.289,597.777,177.13,20,20,227,multiprocess_sample_only,,
yjit-on/puma-long-tail-fib-200ms-x1p0/puma-4w-3t/repeat-1,yjit-on,true,puma-long-tail-fib-200ms-x1p0,puma-long-tail-hey,puma/benchmarks/local/long_tail_hey + test/rackup/sleep_fibonacci,https://github.com/puma/puma/blob/main/benchmarks/local/long_tail_hey.rb,puma-4w-3t,12,puma,4,3,245,240,19.933,5.0,240,240,11.422,2.0,12,true,245,0,12.291,848.502,1267.931,1289.734,1300.626,1301.908,600.559,600.559,180.24,20,20,286,multiprocess_sample_only,,
yjit-on/puma-long-tail-fib-200ms-x0p5/puma-4w-3t/repeat-1,yjit-on,true,puma-long-tail-fib-200ms-x0p5,puma-long-tail-hey,puma/benchmarks/local/long_tail_hey + test/rackup/sleep_fibonacci,https://github.com/puma/puma/blob/main/benchmarks/local/long_tail_hey.rb,puma-4w-3t,12,puma,4,3,125,120,14.193,5.0,120,120,5.937,2.0,6,true,125,0,8.807,843.57,845.909,846.646,847.059,847.1,600.621,600.621,179.89,20,20,208,multiprocess_sample_only,,
yjit-on/puma-sleep-fibonacci-1ms/puma-4w-3t/repeat-1,yjit-on,true,puma-sleep-fibonacci-1ms,puma-sleep-fibonacci-test,puma/benchmarks/local/sleep_fibonacci_test + test/rackup/sleep_fibonacci,https://github.com/puma/puma/blob/main/benchmarks/local/sleep_fibonacci_test.rb,puma-4w-3t,12,puma,4,3,1942,10,5.001,5.0,10,768,2.002,2.0,1,true,1942,0,388.308,2.521,2.676,3.008,3.838,4.45,620.676,620.676,178.255,20,20,74,multiprocess_sample_only,,
yjit-on/puma-sleep-fibonacci-5ms/puma-4w-3t/repeat-1,yjit-on,true,puma-sleep-fibonacci-5ms,puma-sleep-fibonacci-test,puma/benchmarks/local/sleep_fibonacci_test + test/rackup/sleep_fibonacci,https://github.com/puma/puma/blob/main/benchmarks/local/sleep_fibonacci_test.rb,puma-4w-3t,12,puma,4,3,572,10,5.003,5.0,10,230,2.007,2.0,1,true,572,0,114.325,8.689,8.824,9.219,9.794,10.171,622.5,622.5,176.91,20,20,74,multiprocess_sample_only,,
yjit-on/puma-sleep-fibonacci-10ms/puma-4w-3t/repeat-1,yjit-on,true,puma-sleep-fibonacci-10ms,puma-sleep-fibonacci-test,puma/benchmarks/local/sleep_fibonacci_test + test/rackup/sleep_fibonacci,https://github.com/puma/puma/blob/main/benchmarks/local/sleep_fibonacci_test.rb,puma-4w-3t,12,puma,4,3,408,10,5.006,5.0,10,163,2.0,2.0,1,true,408,0,81.499,12.207,12.372,12.619,13.348,13.773,622.5,622.5,175.775,20,20,74,multiprocess_sample_only,,
yjit-on/puma-sleep-fibonacci-50ms/puma-4w-3t/repeat-1,yjit-on,true,puma-sleep-fibonacci-50ms,puma-sleep-fibonacci-test,puma/benchmarks/local/sleep_fibonacci_test + test/rackup/sleep_fibonacci,https://github.com/puma/puma/blob/main/benchmarks/local/sleep_fibonacci_test.rb,puma-4w-3t,12,puma,4,3,99,10,5.0,5.0,10,40,2.022,2.0,1,true,99,0,19.798,50.436,50.603,50.9,50.964,50.971,622.566,622.566,174.73,20,20,74,multiprocess_sample_only,,
yjit-on/puma-sleep-fibonacci-100ms/puma-4w-3t/repeat-1,yjit-on,true,puma-sleep-fibonacci-100ms,puma-sleep-fibonacci-test,puma/benchmarks/local/sleep_fibonacci_test + test/rackup/sleep_fibonacci,https://github.com/puma/puma/blob/main/benchmarks/local/sleep_fibonacci_test.rb,puma-4w-3t,12,puma,4,3,50,10,5.029,5.0,10,20,2.012,2.0,1,true,50,0,9.941,100.512,100.677,100.835,100.909,100.917,622.566,622.566,173.76,20,20,75,multiprocess_sample_only,,
yjit-on/puma-sleep-fibonacci-200ms/puma-4w-3t/repeat-1,yjit-on,true,puma-sleep-fibonacci-200ms,puma-sleep-fibonacci-test,puma/benchmarks/local/sleep_fibonacci_test + test/rackup/sleep_fibonacci,https://github.com/puma/puma/blob/main/benchmarks/local/sleep_fibonacci_test.rb,puma-4w-3t,12,puma,4,3,25,10,5.017,5.0,10,10,2.007,2.0,1,true,25,0,4.983,200.563,200.804,200.931,200.966,200.969,622.629,622.629,172.785,20,20,74,multiprocess_sample_only,,
yjit-on/puma-response-array-1kb/puma-4w-3t/repeat-2,yjit-on,true,puma-response-array-1kb,puma-response-time-wrk,puma/benchmarks/local/response_time_wrk,https://github.com/puma/puma/blob/main/benchmarks/local/response_time_wrk.rb,puma-4w-3t,12,puma,4,3,15622,1000,5.006,5.0,1000,6362,2.005,2.0,19,true,15622,0,3120.755,5.986,6.93,7.482,8.03,8.563,244.395,244.395,101.52,20,20,63,multiprocess_sample_only,,
yjit-on/puma-response-chunk-1kb/puma-4w-3t/repeat-2,yjit-on,true,puma-response-chunk-1kb,puma-response-time-wrk,puma/benchmarks/local/response_time_wrk,https://github.com/puma/puma/blob/main/benchmarks/local/response_time_wrk.rb,puma-4w-3t,12,puma,4,3,15236,1000,5.005,5.0,1000,6279,2.005,2.0,19,true,15236,0,3044.275,6.136,7.084,7.661,8.12,8.621,258.574,256.469,95.425,20,20,62,multiprocess_sample_only,,
yjit-on/puma-response-string-1kb/puma-4w-3t/repeat-2,yjit-on,true,puma-response-string-1kb,puma-response-time-wrk,puma/benchmarks/local/response_time_wrk,https://github.com/puma/puma/blob/main/benchmarks/local/response_time_wrk.rb,puma-4w-3t,12,puma,4,3,15783,1000,5.006,5.0,1000,6259,2.005,2.0,19,true,15783,0,3152.87,5.912,6.85,7.293,7.773,8.365,268.973,268.973,93.85,20,20,63,multiprocess_sample_only,,
yjit-on/puma-response-io-1kb/puma-4w-3t/repeat-2,yjit-on,true,puma-response-io-1kb,puma-response-time-wrk,puma/benchmarks/local/response_time_wrk,https://github.com/puma/puma/blob/main/benchmarks/local/response_time_wrk.rb,puma-4w-3t,12,puma,4,3,15626,1000,5.005,5.0,1000,6343,2.005,2.0,19,true,15626,0,3121.981,5.978,6.935,7.412,8.044,8.469,276.969,276.969,94.87,20,20,63,multiprocess_sample_only,,
yjit-on/puma-response-array-10kb/puma-4w-3t/repeat-2,yjit-on,true,puma-response-array-10kb,puma-response-time-wrk,puma/benchmarks/local/response_time_wrk,https://github.com/puma/puma/blob/main/benchmarks/local/response_time_wrk.rb,puma-4w-3t,12,puma,4,3,15790,1000,5.005,5.0,1000,6450,2.005,2.0,19,true,15790,0,3154.533,5.913,6.841,7.365,8.006,8.861,301.438,301.438,94.74,20,20,63,multiprocess_sample_only,,
yjit-on/puma-response-chunk-10kb/puma-4w-3t/repeat-2,yjit-on,true,puma-response-chunk-10kb,puma-response-time-wrk,puma/benchmarks/local/response_time_wrk,https://github.com/puma/puma/blob/main/benchmarks/local/response_time_wrk.rb,puma-4w-3t,12,puma,4,3,13649,1000,5.006,5.0,1000,5615,2.006,2.0,19,true,13649,0,2726.659,6.85,7.945,9.155,11.963,12.823,303.656,300.242,93.54,20,20,61,multiprocess_sample_only,,
yjit-on/puma-response-string-10kb/puma-4w-3t/repeat-2,yjit-on,true,puma-response-string-10kb,puma-response-time-wrk,puma/benchmarks/local/response_time_wrk,https://github.com/puma/puma/blob/main/benchmarks/local/response_time_wrk.rb,puma-4w-3t,12,puma,4,3,15651,1000,5.005,5.0,1000,6424,2.004,2.0,19,true,15651,0,3127.134,5.98,6.892,7.392,7.941,8.515,309.141,308.945,92.645,20,20,62,multiprocess_sample_only,,
yjit-on/puma-response-io-10kb/puma-4w-3t/repeat-2,yjit-on,true,puma-response-io-10kb,puma-response-time-wrk,puma/benchmarks/local/response_time_wrk,https://github.com/puma/puma/blob/main/benchmarks/local/response_time_wrk.rb,puma-4w-3t,12,puma,4,3,15423,1000,5.005,5.0,1000,6338,2.005,2.0,19,true,15423,0,3081.229,6.067,7.03,7.486,7.997,8.577,326.555,326.555,93.35,20,20,63,multiprocess_sample_only,,
yjit-on/puma-response-array-100kb/puma-4w-3t/repeat-2,yjit-on,true,puma-response-array-100kb,puma-response-time-wrk,puma/benchmarks/local/response_time_wrk,https://github.com/puma/puma/blob/main/benchmarks/local/response_time_wrk.rb,puma-4w-3t,12,puma,4,3,11601,1000,5.008,5.0,1000,4626,2.007,2.0,19,true,11601,0,2316.671,8.135,9.006,9.47,9.918,10.779,409.953,384.723,92.89,20,20,59,multiprocess_sample_only,,
yjit-on/puma-response-chunk-100kb/puma-4w-3t/repeat-2,yjit-on,true,puma-response-chunk-100kb,puma-response-time-wrk,puma/benchmarks/local/response_time_wrk,https://github.com/puma/puma/blob/main/benchmarks/local/response_time_wrk.rb,puma-4w-3t,12,puma,4,3,6617,1000,5.013,5.0,1000,2703,2.012,2.0,19,true,6617,0,1320.025,14.461,15.826,16.459,17.595,20.873,391.961,390.375,90.915,20,20,51,multiprocess_sample_only,,
yjit-on/puma-response-string-100kb/puma-4w-3t/repeat-2,yjit-on,true,puma-response-string-100kb,puma-response-time-wrk,puma/benchmarks/local/response_time_wrk,https://github.com/puma/puma/blob/main/benchmarks/local/response_time_wrk.rb,puma-4w-3t,12,puma,4,3,11548,1000,5.006,5.0,1000,4572,2.007,2.0,19,true,11548,0,2306.905,8.154,9.11,9.538,10.048,10.83,420.293,408.461,89.425,20,20,59,multiprocess_sample_only,,
yjit-on/puma-response-io-100kb/puma-4w-3t/repeat-2,yjit-on,true,puma-response-io-100kb,puma-response-time-wrk,puma/benchmarks/local/response_time_wrk,https://github.com/puma/puma/blob/main/benchmarks/local/response_time_wrk.rb,puma-4w-3t,12,puma,4,3,11560,1000,5.006,5.0,1000,4647,2.007,2.0,19,true,11560,0,2309.008,8.168,9.087,9.57,10.061,10.694,340.324,340.016,88.63,20,20,59,multiprocess_sample_only,,
yjit-on/puma-response-array-256kb/puma-4w-3t/repeat-2,yjit-on,true,puma-response-array-256kb,puma-response-time-wrk,puma/benchmarks/local/response_time_wrk,https://github.com/puma/puma/blob/main/benchmarks/local/response_time_wrk.rb,puma-4w-3t,12,puma,4,3,8719,1000,5.009,5.0,1000,3464,2.008,2.0,19,true,8719,0,1740.512,10.074,13.262,34.208,35.934,36.447,451.77,440.289,88.155,20,20,55,multiprocess_sample_only,,
yjit-on/puma-response-chunk-256kb/puma-4w-3t/repeat-2,yjit-on,true,puma-response-chunk-256kb,puma-response-time-wrk,puma/benchmarks/local/response_time_wrk,https://github.com/puma/puma/blob/main/benchmarks/local/response_time_wrk.rb,puma-4w-3t,12,puma,4,3,3814,1000,5.022,5.0,1000,1505,2.022,2.0,19,true,3814,0,759.405,25.025,27.006,28.358,32.145,36.191,429.988,426.375,86.59,20,20,42,multiprocess_sample_only,,
yjit-on/puma-response-string-256kb/puma-4w-3t/repeat-2,yjit-on,true,puma-response-string-256kb,puma-response-time-wrk,puma/benchmarks/local/response_time_wrk,https://github.com/puma/puma/blob/main/benchmarks/local/response_time_wrk.rb,puma-4w-3t,12,puma,4,3,8813,1000,5.008,5.0,1000,3644,2.008,2.0,19,true,8813,0,1759.733,9.906,13.345,34.452,36.072,37.052,404.355,385.82,85.08,20,20,55,multiprocess_sample_only,,
yjit-on/puma-response-io-256kb/puma-4w-3t/repeat-2,yjit-on,true,puma-response-io-256kb,puma-response-time-wrk,puma/benchmarks/local/response_time_wrk,https://github.com/puma/puma/blob/main/benchmarks/local/response_time_wrk.rb,puma-4w-3t,12,puma,4,3,8904,1000,5.009,5.0,1000,3608,2.01,2.0,19,true,8904,0,1777.694,9.814,13.051,33.905,36.021,54.371,393.684,393.254,83.775,20,20,55,multiprocess_sample_only,,
yjit-on/puma-response-array-512kb/puma-4w-3t/repeat-2,yjit-on,true,puma-response-array-512kb,puma-response-time-wrk,puma/benchmarks/local/response_time_wrk,https://github.com/puma/puma/blob/main/benchmarks/local/response_time_wrk.rb,puma-4w-3t,12,puma,4,3,6727,1000,5.011,5.0,1000,2666,2.012,2.0,19,true,6727,0,1342.351,12.818,17.281,39.356,41.357,50.054,551.602,543.281,83.325,20,20,51,multiprocess_sample_only,,
yjit-on/puma-response-chunk-512kb/puma-4w-3t/repeat-2,yjit-on,true,puma-response-chunk-512kb,puma-response-time-wrk,puma/benchmarks/local/response_time_wrk,https://github.com/puma/puma/blob/main/benchmarks/local/response_time_wrk.rb,puma-4w-3t,12,puma,4,3,2168,1000,5.04,5.0,1000,1000,2.344,2.0,19,true,2168,0,430.144,43.845,47.628,50.345,54.623,56.516,463.926,459.457,82.095,20,20,32,multiprocess_sample_only,,
yjit-on/puma-response-string-512kb/puma-4w-3t/repeat-2,yjit-on,true,puma-response-string-512kb,puma-response-time-wrk,puma/benchmarks/local/response_time_wrk,https://github.com/puma/puma/blob/main/benchmarks/local/response_time_wrk.rb,puma-4w-3t,12,puma,4,3,6766,1000,5.01,5.0,1000,2707,2.012,2.0,19,true,6766,0,1350.48,12.75,17.137,39.474,40.809,42.252,434.043,424.008,80.77,20,20,50,multiprocess_sample_only,,
yjit-on/puma-response-io-512kb/puma-4w-3t/repeat-2,yjit-on,true,puma-response-io-512kb,puma-response-time-wrk,puma/benchmarks/local/response_time_wrk,https://github.com/puma/puma/blob/main/benchmarks/local/response_time_wrk.rb,puma-4w-3t,12,puma,4,3,6876,1000,5.011,5.0,1000,2769,2.012,2.0,19,true,6876,0,1372.049,12.268,18.885,39.082,50.74,54.725,428.758,424.961,79.49,20,20,50,multiprocess_sample_only,,
yjit-on/puma-response-array-1024kb/puma-4w-3t/repeat-2,yjit-on,true,puma-response-array-1024kb,puma-response-time-wrk,puma/benchmarks/local/response_time_wrk,https://github.com/puma/puma/blob/main/benchmarks/local/response_time_wrk.rb,puma-4w-3t,12,puma,4,3,4464,1000,5.016,5.0,1000,1789,2.047,2.0,19,true,4464,0,889.969,19.827,44.549,47.027,48.267,48.849,552.469,546.637,78.77,20,20,45,multiprocess_sample_only,,
yjit-on/puma-response-chunk-1024kb/puma-4w-3t/repeat-2,yjit-on,true,puma-response-chunk-1024kb,puma-response-time-wrk,puma/benchmarks/local/response_time_wrk,https://github.com/puma/puma/blob/main/benchmarks/local/response_time_wrk.rb,puma-4w-3t,12,puma,4,3,1189,1000,5.076,5.0,1000,1000,4.145,2.0,19,true,1189,0,234.243,80.639,88.08,92.379,100.356,106.056,517.359,494.371,77.46,20,20,23,multiprocess_sample_only,,
yjit-on/puma-response-string-1024kb/puma-4w-3t/repeat-2,yjit-on,true,puma-response-string-1024kb,puma-response-time-wrk,puma/benchmarks/local/response_time_wrk,https://github.com/puma/puma/blob/main/benchmarks/local/response_time_wrk.rb,puma-4w-3t,12,puma,4,3,4404,1000,5.017,5.0,1000,1752,2.043,2.0,19,true,4404,0,877.851,20.046,45.919,48.775,49.921,52.034,462.809,441.105,76.205,20,20,44,multiprocess_sample_only,,
yjit-on/puma-response-io-1024kb/puma-4w-3t/repeat-2,yjit-on,true,puma-response-io-1024kb,puma-response-time-wrk,puma/benchmarks/local/response_time_wrk,https://github.com/puma/puma/blob/main/benchmarks/local/response_time_wrk.rb,puma-4w-3t,12,puma,4,3,4606,1000,5.017,5.0,1000,1794,2.018,2.0,19,true,4606,0,918.083,19.24,44.039,46.002,49.657,50.132,447.016,443.027,74.79,20,20,44,multiprocess_sample_only,,
yjit-on/puma-response-array-2048kb/puma-4w-3t/repeat-2,yjit-on,true,puma-response-array-2048kb,puma-response-time-wrk,puma/benchmarks/local/response_time_wrk,https://github.com/puma/puma/blob/main/benchmarks/local/response_time_wrk.rb,puma-4w-3t,12,puma,4,3,2850,1000,5.031,5.0,1000,1143,2.032,2.0,19,true,2850,0,566.52,33.086,35.972,38.616,65.108,68.36,436.105,426.801,74.285,20,20,37,multiprocess_sample_only,,
yjit-on/puma-response-chunk-2048kb/puma-4w-3t/repeat-2,yjit-on,true,puma-response-chunk-2048kb,puma-response-time-wrk,puma/benchmarks/local/response_time_wrk,https://github.com/puma/puma/blob/main/benchmarks/local/response_time_wrk.rb,puma-4w-3t,12,puma,4,3,1000,1000,7.952,5.0,1000,1000,8.032,2.0,19,true,1000,0,125.755,150.7,164.876,170.682,176.173,177.742,520.266,519.324,72.655,20,20,22,multiprocess_sample_only,,
yjit-on/puma-response-string-2048kb/puma-4w-3t/repeat-2,yjit-on,true,puma-response-string-2048kb,puma-response-time-wrk,puma/benchmarks/local/response_time_wrk,https://github.com/puma/puma/blob/main/benchmarks/local/response_time_wrk.rb,puma-4w-3t,12,puma,4,3,2837,1000,5.032,5.0,1000,1140,2.032,2.0,19,true,2837,0,563.794,33.351,36.11,39.007,59.968,60.634,505.984,483.344,71.475,20,20,36,multiprocess_sample_only,,
yjit-on/puma-response-io-2048kb/puma-4w-3t/repeat-2,yjit-on,true,puma-response-io-2048kb,puma-response-time-wrk,puma/benchmarks/local/response_time_wrk,https://github.com/puma/puma/blob/main/benchmarks/local/response_time_wrk.rb,puma-4w-3t,12,puma,4,3,3058,1000,5.028,5.0,1000,1217,2.03,2.0,19,true,3058,0,608.168,30.904,33.623,36.001,58.818,60.115,473.977,463.578,70.145,20,20,37,multiprocess_sample_only,,
yjit-on/puma-long-tail-fib-200ms-x6p0/puma-4w-3t/repeat-2,yjit-on,true,puma-long-tail-fib-200ms-x6p0,puma-long-tail-hey,puma/benchmarks/local/long_tail_hey + test/rackup/sleep_fibonacci,https://github.com/puma/puma/blob/main/benchmarks/local/long_tail_hey.rb,puma-4w-3t,12,puma,4,3,1440,1440,66.437,5.0,1000,1000,52.507,2.0,72,true,1440,0,21.675,3011.467,3449.87,3483.555,3510.581,3531.274,499.383,497.895,134.0,20,20,896,multiprocess_sample_only,,
yjit-on/puma-long-tail-fib-200ms-x4p0/puma-4w-3t/repeat-2,yjit-on,true,puma-long-tail-fib-200ms-x4p0,puma-long-tail-hey,puma/benchmarks/local/long_tail_hey + test/rackup/sleep_fibonacci,https://github.com/puma/puma/blob/main/benchmarks/local/long_tail_hey.rb,puma-4w-3t,12,puma,4,3,960,960,65.796,5.0,960,960,54.096,2.0,48,true,960,0,14.591,1761.443,3445.296,3475.161,3493.313,3498.651,491.047,486.5,168.765,20,20,926,multiprocess_sample_only,,
yjit-on/puma-long-tail-fib-200ms-x3p0/puma-4w-3t/repeat-2,yjit-on,true,puma-long-tail-fib-200ms-x3p0,puma-long-tail-hey,puma/benchmarks/local/long_tail_hey + test/rackup/sleep_fibonacci,https://github.com/puma/puma/blob/main/benchmarks/local/long_tail_hey.rb,puma-4w-3t,12,puma,4,3,720,720,28.835,5.0,720,720,36.991,2.0,36,true,720,0,24.97,1310.073,1686.324,1709.455,1721.505,1722.59,506.086,506.086,180.91,20,20,374,multiprocess_sample_only,,
yjit-on/puma-long-tail-fib-200ms-x2p0/puma-4w-3t/repeat-2,yjit-on,true,puma-long-tail-fib-200ms-x2p0,puma-long-tail-hey,puma/benchmarks/local/long_tail_hey + test/rackup/sleep_fibonacci,https://github.com/puma/puma/blob/main/benchmarks/local/long_tail_hey.rb,puma-4w-3t,12,puma,4,3,480,480,22.915,5.0,480,480,25.664,2.0,24,true,480,0,20.947,882.654,1275.599,1302.685,1313.524,1314.281,521.383,521.383,191.67,20,20,309,multiprocess_sample_only,,
yjit-on/puma-long-tail-fib-200ms-x1p5/puma-4w-3t/repeat-2,yjit-on,true,puma-long-tail-fib-200ms-x1p5,puma-long-tail-hey,puma/benchmarks/local/long_tail_hey + test/rackup/sleep_fibonacci,https://github.com/puma/puma/blob/main/benchmarks/local/long_tail_hey.rb,puma-4w-3t,12,puma,4,3,360,360,20.006,5.0,360,360,19.94,2.0,18,true,360,0,17.995,853.231,1229.638,1283.688,1292.501,1293.674,526.766,526.766,196.37,20,20,280,multiprocess_sample_only,,
yjit-on/puma-long-tail-fib-200ms-x1p0/puma-4w-3t/repeat-2,yjit-on,true,puma-long-tail-fib-200ms-x1p0,puma-long-tail-hey,puma/benchmarks/local/long_tail_hey + test/rackup/sleep_fibonacci,https://github.com/puma/puma/blob/main/benchmarks/local/long_tail_hey.rb,puma-4w-3t,12,puma,4,3,240,240,11.45,5.0,240,240,14.249,2.0,12,true,240,0,20.961,431.736,796.737,817.106,837.078,841.075,528.582,528.582,198.66,20,20,157,multiprocess_sample_only,,
yjit-on/puma-long-tail-fib-200ms-x0p5/puma-4w-3t/repeat-2,yjit-on,true,puma-long-tail-fib-200ms-x0p5,puma-long-tail-hey,puma/benchmarks/local/long_tail_hey + test/rackup/sleep_fibonacci,https://github.com/puma/puma/blob/main/benchmarks/local/long_tail_hey.rb,puma-4w-3t,12,puma,4,3,120,120,5.958,5.0,120,120,8.541,2.0,6,true,120,0,20.141,296.22,303.109,308.63,311.123,311.386,528.77,528.77,199.305,20,20,85,multiprocess_sample_only,,
yjit-on/puma-sleep-fibonacci-1ms/puma-4w-3t/repeat-2,yjit-on,true,puma-sleep-fibonacci-1ms,puma-sleep-fibonacci-test,puma/benchmarks/local/sleep_fibonacci_test + test/rackup/sleep_fibonacci,https://github.com/puma/puma/blob/main/benchmarks/local/sleep_fibonacci_test.rb,puma-4w-3t,12,puma,4,3,1929,10,5.001,5.0,10,776,2.002,2.0,1,true,1929,0,385.747,2.544,2.701,2.911,3.836,4.012,536.523,536.523,198.54,20,20,74,multiprocess_sample_only,,
yjit-on/puma-sleep-fibonacci-5ms/puma-4w-3t/repeat-2,yjit-on,true,puma-sleep-fibonacci-5ms,puma-sleep-fibonacci-test,puma/benchmarks/local/sleep_fibonacci_test + test/rackup/sleep_fibonacci,https://github.com/puma/puma/blob/main/benchmarks/local/sleep_fibonacci_test.rb,puma-4w-3t,12,puma,4,3,563,10,5.002,5.0,10,231,2.003,2.0,1,true,563,0,112.559,8.827,8.974,9.206,10.07,10.177,536.523,536.523,196.83,20,20,74,multiprocess_sample_only,,
yjit-on/puma-sleep-fibonacci-10ms/puma-4w-3t/repeat-2,yjit-on,true,puma-sleep-fibonacci-10ms,puma-sleep-fibonacci-test,puma/benchmarks/local/sleep_fibonacci_test + test/rackup/sleep_fibonacci,https://github.com/puma/puma/blob/main/benchmarks/local/sleep_fibonacci_test.rb,puma-4w-3t,12,puma,4,3,407,10,5.012,5.0,10,161,2.007,2.0,1,true,407,0,81.206,12.243,12.472,12.65,12.894,12.975,541.492,541.492,195.3,20,20,74,multiprocess_sample_only,,
yjit-on/puma-sleep-fibonacci-50ms/puma-4w-3t/repeat-2,yjit-on,true,puma-sleep-fibonacci-50ms,puma-sleep-fibonacci-test,puma/benchmarks/local/sleep_fibonacci_test + test/rackup/sleep_fibonacci,https://github.com/puma/puma/blob/main/benchmarks/local/sleep_fibonacci_test.rb,puma-4w-3t,12,puma,4,3,99,10,5.002,5.0,10,40,2.027,2.0,1,true,99,0,19.793,50.46,50.623,50.651,50.956,50.99,544.0,544.0,193.96,20,20,74,multiprocess_sample_only,,
yjit-on/puma-sleep-fibonacci-100ms/puma-4w-3t/repeat-2,yjit-on,true,puma-sleep-fibonacci-100ms,puma-sleep-fibonacci-test,puma/benchmarks/local/sleep_fibonacci_test + test/rackup/sleep_fibonacci,https://github.com/puma/puma/blob/main/benchmarks/local/sleep_fibonacci_test.rb,puma-4w-3t,12,puma,4,3,50,10,5.032,5.0,10,20,2.015,2.0,1,true,50,0,9.936,100.501,100.985,101.769,101.846,101.854,546.281,546.281,192.655,20,20,75,multiprocess_sample_only,,
yjit-on/puma-sleep-fibonacci-200ms/puma-4w-3t/repeat-2,yjit-on,true,puma-sleep-fibonacci-200ms,puma-sleep-fibonacci-test,puma/benchmarks/local/sleep_fibonacci_test + test/rackup/sleep_fibonacci,https://github.com/puma/puma/blob/main/benchmarks/local/sleep_fibonacci_test.rb,puma-4w-3t,12,puma,4,3,25,10,5.015,5.0,10,10,2.008,2.0,1,true,25,0,4.985,200.507,200.579,200.61,200.617,200.617,546.344,546.344,191.375,20,20,74,multiprocess_sample_only,,
yjit-on/puma-response-array-1kb/puma-4w-3t/repeat-3,yjit-on,true,puma-response-array-1kb,puma-response-time-wrk,puma/benchmarks/local/response_time_wrk,https://github.com/puma/puma/blob/main/benchmarks/local/response_time_wrk.rb,puma-4w-3t,12,puma,4,3,15744,1000,5.005,5.0,1000,6157,2.005,2.0,19,true,15744,0,3145.547,5.945,6.864,7.316,7.989,8.775,247.789,247.789,101.61,20,20,63,multiprocess_sample_only,,
yjit-on/puma-response-chunk-1kb/puma-4w-3t/repeat-3,yjit-on,true,puma-response-chunk-1kb,puma-response-time-wrk,puma/benchmarks/local/response_time_wrk,https://github.com/puma/puma/blob/main/benchmarks/local/response_time_wrk.rb,puma-4w-3t,12,puma,4,3,15213,1000,5.005,5.0,1000,6263,2.005,2.0,19,true,15213,0,3039.694,6.141,7.109,7.662,8.295,9.973,268.25,268.25,95.145,20,20,62,multiprocess_sample_only,,
yjit-on/puma-response-string-1kb/puma-4w-3t/repeat-3,yjit-on,true,puma-response-string-1kb,puma-response-time-wrk,puma/benchmarks/local/response_time_wrk,https://github.com/puma/puma/blob/main/benchmarks/local/response_time_wrk.rb,puma-4w-3t,12,puma,4,3,15629,1000,5.005,5.0,1000,6342,2.006,2.0,19,true,15629,0,3122.449,5.956,6.889,8.056,11.245,12.069,281.977,281.977,93.275,20,20,63,multiprocess_sample_only,,
yjit-on/puma-response-io-1kb/puma-4w-3t/repeat-3,yjit-on,true,puma-response-io-1kb,puma-response-time-wrk,puma/benchmarks/local/response_time_wrk,https://github.com/puma/puma/blob/main/benchmarks/local/response_time_wrk.rb,puma-4w-3t,12,puma,4,3,15440,1000,5.005,5.0,1000,6419,2.005,2.0,19,true,15440,0,3085.038,6.029,7.152,7.934,8.976,9.719,287.055,286.551,94.065,20,20,62,multiprocess_sample_only,,
yjit-on/puma-response-array-10kb/puma-4w-3t/repeat-3,yjit-on,true,puma-response-array-10kb,puma-response-time-wrk,puma/benchmarks/local/response_time_wrk,https://github.com/puma/puma/blob/main/benchmarks/local/response_time_wrk.rb,puma-4w-3t,12,puma,4,3,15685,1000,5.005,5.0,1000,6331,2.005,2.0,19,true,15685,0,3133.809,5.953,6.994,7.708,8.485,9.714,318.918,318.82,94.355,20,20,63,multiprocess_sample_only,,
yjit-on/puma-response-chunk-10kb/puma-4w-3t/repeat-3,yjit-on,true,puma-response-chunk-10kb,puma-response-time-wrk,puma/benchmarks/local/response_time_wrk,https://github.com/puma/puma/blob/main/benchmarks/local/response_time_wrk.rb,puma-4w-3t,12,puma,4,3,13674,1000,5.006,5.0,1000,5728,2.006,2.0,19,true,13674,0,2731.4,6.833,7.963,8.822,10.34,11.311,320.277,318.375,93.26,20,20,61,multiprocess_sample_only,,
yjit-on/puma-response-string-10kb/puma-4w-3t/repeat-3,yjit-on,true,puma-response-string-10kb,puma-response-time-wrk,puma/benchmarks/local/response_time_wrk,https://github.com/puma/puma/blob/main/benchmarks/local/response_time_wrk.rb,puma-4w-3t,12,puma,4,3,15663,1000,5.005,5.0,1000,6254,2.005,2.0,19,true,15663,0,3129.778,5.96,6.862,7.363,7.957,8.598,335.762,333.352,92.515,20,20,62,multiprocess_sample_only,,
yjit-on/puma-response-io-10kb/puma-4w-3t/repeat-3,yjit-on,true,puma-response-io-10kb,puma-response-time-wrk,puma/benchmarks/local/response_time_wrk,https://github.com/puma/puma/blob/main/benchmarks/local/response_time_wrk.rb,puma-4w-3t,12,puma,4,3,15626,1000,5.006,5.0,1000,6345,2.005,2.0,19,true,15626,0,3121.204,6.004,6.842,7.301,7.912,8.705,350.004,350.004,93.175,20,20,63,multiprocess_sample_only,,
yjit-on/puma-response-array-100kb/puma-4w-3t/repeat-3,yjit-on,true,puma-response-array-100kb,puma-response-time-wrk,puma/benchmarks/local/response_time_wrk,https://github.com/puma/puma/blob/main/benchmarks/local/response_time_wrk.rb,puma-4w-3t,12,puma,4,3,11708,1000,5.007,5.0,1000,4601,2.007,2.0,19,true,11708,0,2338.398,8.056,8.98,9.431,10.065,10.484,440.676,410.07,92.69,20,20,59,multiprocess_sample_only,,
yjit-on/puma-response-chunk-100kb/puma-4w-3t/repeat-3,yjit-on,true,puma-response-chunk-100kb,puma-response-time-wrk,puma/benchmarks/local/response_time_wrk,https://github.com/puma/puma/blob/main/benchmarks/local/response_time_wrk.rb,puma-4w-3t,12,puma,4,3,6783,1000,5.013,5.0,1000,2762,2.012,2.0,19,true,6783,0,1353.057,14.094,15.473,16.282,17.242,18.871,419.461,416.02,90.66,20,20,52,multiprocess_sample_only,,
yjit-on/puma-response-string-100kb/puma-4w-3t/repeat-3,yjit-on,true,puma-response-string-100kb,puma-response-time-wrk,puma/benchmarks/local/response_time_wrk,https://github.com/puma/puma/blob/main/benchmarks/local/response_time_wrk.rb,puma-4w-3t,12,puma,4,3,11751,1000,5.007,5.0,1000,4664,2.006,2.0,19,true,11751,0,2347.021,8.027,8.918,9.281,9.732,11.231,439.051,415.621,89.105,20,20,59,multiprocess_sample_only,,
yjit-on/puma-response-io-100kb/puma-4w-3t/repeat-3,yjit-on,true,puma-response-io-100kb,puma-response-time-wrk,puma/benchmarks/local/response_time_wrk,https://github.com/puma/puma/blob/main/benchmarks/local/response_time_wrk.rb,puma-4w-3t,12,puma,4,3,11681,1000,5.007,5.0,1000,4675,2.007,2.0,19,true,11681,0,2332.962,8.085,8.99,9.499,9.991,10.614,359.238,354.191,88.235,20,20,59,multiprocess_sample_only,,
yjit-on/puma-response-array-256kb/puma-4w-3t/repeat-3,yjit-on,true,puma-response-array-256kb,puma-response-time-wrk,puma/benchmarks/local/response_time_wrk,https://github.com/puma/puma/blob/main/benchmarks/local/response_time_wrk.rb,puma-4w-3t,12,puma,4,3,8376,1000,5.008,5.0,1000,3590,2.009,2.0,19,true,8376,0,1672.502,10.347,13.572,36.044,43.339,44.586,482.824,467.094,87.8,20,20,55,multiprocess_sample_only,,
yjit-on/puma-response-chunk-256kb/puma-4w-3t/repeat-3,yjit-on,true,puma-response-chunk-256kb,puma-response-time-wrk,puma/benchmarks/local/response_time_wrk,https://github.com/puma/puma/blob/main/benchmarks/local/response_time_wrk.rb,puma-4w-3t,12,puma,4,3,3794,1000,5.021,5.0,1000,1536,2.02,2.0,19,true,3794,0,755.66,25.166,27.498,29.071,31.516,32.155,476.602,456.34,86.275,20,20,42,multiprocess_sample_only,,
yjit-on/puma-response-string-256kb/puma-4w-3t/repeat-3,yjit-on,true,puma-response-string-256kb,puma-response-time-wrk,puma/benchmarks/local/response_time_wrk,https://github.com/puma/puma/blob/main/benchmarks/local/response_time_wrk.rb,puma-4w-3t,12,puma,4,3,8881,1000,5.008,5.0,1000,3595,2.029,2.0,19,true,8881,0,1773.278,9.84,12.811,34.899,36.79,37.786,432.719,391.836,84.75,20,20,54,multiprocess_sample_only,,
yjit-on/puma-response-io-256kb/puma-4w-3t/repeat-3,yjit-on,true,puma-response-io-256kb,puma-response-time-wrk,puma/benchmarks/local/response_time_wrk,https://github.com/puma/puma/blob/main/benchmarks/local/response_time_wrk.rb,puma-4w-3t,12,puma,4,3,9094,1000,5.009,5.0,1000,3593,2.008,2.0,19,true,9094,0,1815.659,9.534,12.319,35.029,36.848,71.914,399.793,394.918,83.475,20,20,55,multiprocess_sample_only,,
yjit-on/puma-response-array-512kb/puma-4w-3t/repeat-3,yjit-on,true,puma-response-array-512kb,puma-response-time-wrk,puma/benchmarks/local/response_time_wrk,https://github.com/puma/puma/blob/main/benchmarks/local/response_time_wrk.rb,puma-4w-3t,12,puma,4,3,6666,1000,5.011,5.0,1000,2676,2.011,2.0,19,true,6666,0,1330.311,12.841,17.554,40.001,41.74,43.219,537.91,537.281,83.01,20,20,50,multiprocess_sample_only,,
yjit-on/puma-response-chunk-512kb/puma-4w-3t/repeat-3,yjit-on,true,puma-response-chunk-512kb,puma-response-time-wrk,puma/benchmarks/local/response_time_wrk,https://github.com/puma/puma/blob/main/benchmarks/local/response_time_wrk.rb,puma-4w-3t,12,puma,4,3,2191,1000,5.039,5.0,1000,1000,2.295,2.0,19,true,2191,0,434.825,43.545,46.308,48.226,52.321,55.129,482.566,473.426,81.735,20,20,32,multiprocess_sample_only,,
yjit-on/puma-response-string-512kb/puma-4w-3t/repeat-3,yjit-on,true,puma-response-string-512kb,puma-response-time-wrk,puma/benchmarks/local/response_time_wrk,https://github.com/puma/puma/blob/main/benchmarks/local/response_time_wrk.rb,puma-4w-3t,12,puma,4,3,6724,1000,5.012,5.0,1000,2698,2.012,2.0,19,true,6724,0,1341.608,12.687,16.904,40.332,41.58,42.585,454.496,419.992,80.445,20,20,50,multiprocess_sample_only,,
yjit-on/puma-response-io-512kb/puma-4w-3t/repeat-3,yjit-on,true,puma-response-io-512kb,puma-response-time-wrk,puma/benchmarks/local/response_time_wrk,https://github.com/puma/puma/blob/main/benchmarks/local/response_time_wrk.rb,puma-4w-3t,12,puma,4,3,6887,1000,5.011,5.0,1000,2741,2.01,2.0,19,true,6887,0,1374.374,12.329,16.504,40.336,41.732,223.738,432.5,428.855,79.135,20,20,50,multiprocess_sample_only,,
yjit-on/puma-response-array-1024kb/puma-4w-3t/repeat-3,yjit-on,true,puma-response-array-1024kb,puma-response-time-wrk,puma/benchmarks/local/response_time_wrk,https://github.com/puma/puma/blob/main/benchmarks/local/response_time_wrk.rb,puma-4w-3t,12,puma,4,3,4402,1000,5.019,5.0,1000,1775,2.019,2.0,19,true,4402,0,877.001,20.175,45.277,48.502,49.551,54.042,540.242,538.859,78.355,20,20,44,multiprocess_sample_only,,
yjit-on/puma-response-chunk-1024kb/puma-4w-3t/repeat-3,yjit-on,true,puma-response-chunk-1024kb,puma-response-time-wrk,puma/benchmarks/local/response_time_wrk,https://github.com/puma/puma/blob/main/benchmarks/local/response_time_wrk.rb,puma-4w-3t,12,puma,4,3,1215,1000,5.076,5.0,1000,1000,4.104,2.0,19,true,1215,0,239.377,78.89,84.254,87.808,90.452,91.387,520.902,511.211,77.05,20,20,22,multiprocess_sample_only,,
yjit-on/puma-response-string-1024kb/puma-4w-3t/repeat-3,yjit-on,true,puma-response-string-1024kb,puma-response-time-wrk,puma/benchmarks/local/response_time_wrk,https://github.com/puma/puma/blob/main/benchmarks/local/response_time_wrk.rb,puma-4w-3t,12,puma,4,3,4398,1000,5.047,5.0,1000,1781,2.017,2.0,19,true,4398,0,871.359,20.345,46.502,48.997,50.386,51.581,490.055,464.52,75.82,20,20,44,multiprocess_sample_only,,
yjit-on/puma-response-io-1024kb/puma-4w-3t/repeat-3,yjit-on,true,puma-response-io-1024kb,puma-response-time-wrk,puma/benchmarks/local/response_time_wrk,https://github.com/puma/puma/blob/main/benchmarks/local/response_time_wrk.rb,puma-4w-3t,12,puma,4,3,4568,1000,5.019,5.0,1000,1824,2.017,2.0,19,true,4568,0,910.081,19.269,46.028,48.349,50.938,234.113,474.684,467.156,74.355,20,20,44,multiprocess_sample_only,,
yjit-on/puma-response-array-2048kb/puma-4w-3t/repeat-3,yjit-on,true,puma-response-array-2048kb,puma-response-time-wrk,puma/benchmarks/local/response_time_wrk,https://github.com/puma/puma/blob/main/benchmarks/local/response_time_wrk.rb,puma-4w-3t,12,puma,4,3,2887,1000,5.032,5.0,1000,1157,2.031,2.0,19,true,2887,0,573.709,33.028,35.091,36.766,38.613,39.434,463.551,441.633,73.74,20,20,36,multiprocess_sample_only,,
yjit-on/puma-response-chunk-2048kb/puma-4w-3t/repeat-3,yjit-on,true,puma-response-chunk-2048kb,puma-response-time-wrk,puma/benchmarks/local/response_time_wrk,https://github.com/puma/puma/blob/main/benchmarks/local/response_time_wrk.rb,puma-4w-3t,12,puma,4,3,1000,1000,8.017,5.0,1000,1000,7.775,2.0,19,true,1000,0,124.733,151.474,167.523,180.267,205.303,208.681,568.547,533.543,72.14,20,20,21,multiprocess_sample_only,,
yjit-on/puma-response-string-2048kb/puma-4w-3t/repeat-3,yjit-on,true,puma-response-string-2048kb,puma-response-time-wrk,puma/benchmarks/local/response_time_wrk,https://github.com/puma/puma/blob/main/benchmarks/local/response_time_wrk.rb,puma-4w-3t,12,puma,4,3,2840,1000,5.03,5.0,1000,1121,2.033,2.0,19,true,2840,0,564.597,33.644,35.522,37.452,40.108,42.605,517.957,477.438,70.92,20,20,36,multiprocess_sample_only,,
yjit-on/puma-response-io-2048kb/puma-4w-3t/repeat-3,yjit-on,true,puma-response-io-2048kb,puma-response-time-wrk,puma/benchmarks/local/response_time_wrk,https://github.com/puma/puma/blob/main/benchmarks/local/response_time_wrk.rb,puma-4w-3t,12,puma,4,3,3004,1000,5.028,5.0,1000,1205,2.029,2.0,19,true,3004,0,597.473,31.497,33.755,37.005,64.412,69.922,492.711,489.512,69.645,20,20,37,multiprocess_sample_only,,
yjit-on/puma-long-tail-fib-200ms-x6p0/puma-4w-3t/repeat-3,yjit-on,true,puma-long-tail-fib-200ms-x6p0,puma-long-tail-hey,puma/benchmarks/local/long_tail_hey + test/rackup/sleep_fibonacci,https://github.com/puma/puma/blob/main/benchmarks/local/long_tail_hey.rb,puma-4w-3t,12,puma,4,3,1440,1440,60.217,5.0,1000,1000,52.618,2.0,72,true,1440,0,23.913,2971.212,3046.367,3076.001,3089.691,3093.81,521.648,521.648,136.66,20,20,786,multiprocess_sample_only,,
yjit-on/puma-long-tail-fib-200ms-x4p0/puma-4w-3t/repeat-3,yjit-on,true,puma-long-tail-fib-200ms-x4p0,puma-long-tail-hey,puma/benchmarks/local/long_tail_hey + test/rackup/sleep_fibonacci,https://github.com/puma/puma/blob/main/benchmarks/local/long_tail_hey.rb,puma-4w-3t,12,puma,4,3,960,960,43.01,5.0,960,960,43.553,2.0,48,true,960,0,22.32,1939.192,2176.303,2203.494,2214.428,2220.474,552.496,552.496,182.13,20,20,574,multiprocess_sample_only,,
yjit-on/puma-long-tail-fib-200ms-x3p0/puma-4w-3t/repeat-3,yjit-on,true,puma-long-tail-fib-200ms-x3p0,puma-long-tail-hey,puma/benchmarks/local/long_tail_hey + test/rackup/sleep_fibonacci,https://github.com/puma/puma/blob/main/benchmarks/local/long_tail_hey.rb,puma-4w-3t,12,puma,4,3,720,720,37.211,5.0,720,720,31.391,2.0,36,true,720,0,19.349,1328.934,2104.061,2163.863,2173.036,2179.876,560.078,560.078,201.245,20,20,509,multiprocess_sample_only,,
yjit-on/puma-long-tail-fib-200ms-x2p0/puma-4w-3t/repeat-3,yjit-on,true,puma-long-tail-fib-200ms-x2p0,puma-long-tail-hey,puma/benchmarks/local/long_tail_hey + test/rackup/sleep_fibonacci,https://github.com/puma/puma/blob/main/benchmarks/local/long_tail_hey.rb,puma-4w-3t,12,puma,4,3,480,480,25.646,5.0,480,480,25.564,2.0,24,true,480,0,18.716,1238.974,1296.699,1315.558,1325.373,1329.685,565.855,565.855,207.335,20,20,354,multiprocess_sample_only,,
yjit-on/puma-long-tail-fib-200ms-x1p5/puma-4w-3t/repeat-3,yjit-on,true,puma-long-tail-fib-200ms-x1p5,puma-long-tail-hey,puma/benchmarks/local/long_tail_hey + test/rackup/sleep_fibonacci,https://github.com/puma/puma/blob/main/benchmarks/local/long_tail_hey.rb,puma-4w-3t,12,puma,4,3,360,360,19.962,5.0,360,360,34.131,2.0,18,true,360,0,18.034,822.454,1192.547,1260.439,1285.409,1289.627,566.047,558.988,205.655,20,20,274,multiprocess_sample_only,,
yjit-on/puma-long-tail-fib-200ms-x1p0/puma-4w-3t/repeat-3,yjit-on,true,puma-long-tail-fib-200ms-x1p0,puma-long-tail-hey,puma/benchmarks/local/long_tail_hey + test/rackup/sleep_fibonacci,https://github.com/puma/puma/blob/main/benchmarks/local/long_tail_hey.rb,puma-4w-3t,12,puma,4,3,240,240,8.63,5.0,240,240,14.483,2.0,12,true,240,0,27.809,428.907,446.692,456.492,458.495,458.933,558.988,558.988,207.19,20,20,110,multiprocess_sample_only,,
yjit-on/puma-long-tail-fib-200ms-x0p5/puma-4w-3t/repeat-3,yjit-on,true,puma-long-tail-fib-200ms-x0p5,puma-long-tail-hey,puma/benchmarks/local/long_tail_hey + test/rackup/sleep_fibonacci,https://github.com/puma/puma/blob/main/benchmarks/local/long_tail_hey.rb,puma-4w-3t,12,puma,4,3,130,120,5.887,5.0,120,120,8.527,2.0,6,true,130,0,22.084,283.821,304.816,311.147,313.609,313.914,559.121,559.121,208.815,20,20,84,multiprocess_sample_only,,
yjit-on/puma-sleep-fibonacci-1ms/puma-4w-3t/repeat-3,yjit-on,true,puma-sleep-fibonacci-1ms,puma-sleep-fibonacci-test,puma/benchmarks/local/sleep_fibonacci_test + test/rackup/sleep_fibonacci,https://github.com/puma/puma/blob/main/benchmarks/local/sleep_fibonacci_test.rb,puma-4w-3t,12,puma,4,3,1934,10,5.001,5.0,10,784,2.0,2.0,1,true,1934,0,386.716,2.54,2.705,2.978,3.827,4.166,580.902,580.902,207.895,20,20,74,multiprocess_sample_only,,
yjit-on/puma-sleep-fibonacci-5ms/puma-4w-3t/repeat-3,yjit-on,true,puma-sleep-fibonacci-5ms,puma-sleep-fibonacci-test,puma/benchmarks/local/sleep_fibonacci_test + test/rackup/sleep_fibonacci,https://github.com/puma/puma/blob/main/benchmarks/local/sleep_fibonacci_test.rb,puma-4w-3t,12,puma,4,3,567,10,5.001,5.0,10,228,2.001,2.0,1,true,567,0,113.367,8.805,8.937,9.094,10.188,10.258,586.242,586.242,206.045,20,20,74,multiprocess_sample_only,,
yjit-on/puma-sleep-fibonacci-10ms/puma-4w-3t/repeat-3,yjit-on,true,puma-sleep-fibonacci-10ms,puma-sleep-fibonacci-test,puma/benchmarks/local/sleep_fibonacci_test + test/rackup/sleep_fibonacci,https://github.com/puma/puma/blob/main/benchmarks/local/sleep_fibonacci_test.rb,puma-4w-3t,12,puma,4,3,408,10,5.001,5.0,10,164,2.005,2.0,1,true,408,0,81.585,12.207,12.36,12.516,12.719,12.724,587.809,587.809,204.355,20,20,74,multiprocess_sample_only,,
yjit-on/puma-sleep-fibonacci-50ms/puma-4w-3t/repeat-3,yjit-on,true,puma-sleep-fibonacci-50ms,puma-sleep-fibonacci-test,puma/benchmarks/local/sleep_fibonacci_test + test/rackup/sleep_fibonacci,https://github.com/puma/puma/blob/main/benchmarks/local/sleep_fibonacci_test.rb,puma-4w-3t,12,puma,4,3,99,10,5.005,5.0,10,40,2.025,2.0,1,true,99,0,19.781,50.487,50.706,50.893,51.089,51.111,580.871,580.871,202.855,20,20,74,multiprocess_sample_only,,
yjit-on/puma-sleep-fibonacci-100ms/puma-4w-3t/repeat-3,yjit-on,true,puma-sleep-fibonacci-100ms,puma-sleep-fibonacci-test,puma/benchmarks/local/sleep_fibonacci_test + test/rackup/sleep_fibonacci,https://github.com/puma/puma/blob/main/benchmarks/local/sleep_fibonacci_test.rb,puma-4w-3t,12,puma,4,3,50,10,5.032,5.0,10,20,2.013,2.0,1,true,50,0,9.936,100.568,100.75,100.779,100.78,100.781,584.078,584.078,201.415,20,20,75,multiprocess_sample_only,,
yjit-on/puma-sleep-fibonacci-200ms/puma-4w-3t/repeat-3,yjit-on,true,puma-sleep-fibonacci-200ms,puma-sleep-fibonacci-test,puma/benchmarks/local/sleep_fibonacci_test + test/rackup/sleep_fibonacci,https://github.com/puma/puma/blob/main/benchmarks/local/sleep_fibonacci_test.rb,puma-4w-3t,12,puma,4,3,25,10,5.017,5.0,10,10,2.008,2.0,1,true,25,0,4.983,200.555,200.659,201.15,201.287,201.303,586.738,586.738,199.995,20,20,74,multiprocess_sample_only,,
