run_id,runtime,yjit,scenario,scenario_family,benchmark_source,benchmark_source_url,server,server_capacity,adapter,workers,threads,requests,target_requests,duration_s,min_duration_s,target_warmup_requests,warmup_requests,warmup_duration_s,warmup_min_duration_s,concurrency,keep_alive,completed,errors,achieved_rps,p50_ms,p95_ms,p99_ms,p999_ms,max_ms,rss_mb_peak,rss_mb_end,cpu_pct_avg,target_sample_count,sample_count,raw_sample_count,gc_delta_scope,gc_count_delta,total_allocated_objects_delta
yjit-off/puma-response-array-1kb/raptor-3r/repeat-1,yjit-off,false,puma-response-array-1kb,puma-response-time-wrk,puma/benchmarks/local/response_time_wrk,https://github.com/puma/puma/blob/main/benchmarks/local/response_time_wrk.rb,raptor-3r,3,raptor,3,,1000,1000,16.128,5.0,1000,1000,16.191,2.0,5,true,1000,0,62.003,40.98,41.988,42.894,4029.747,4036.745,27.875,27.875,3.33,20,20,236,same_worker,30,719366
yjit-off/puma-response-chunk-1kb/raptor-3r/repeat-1,yjit-off,false,puma-response-chunk-1kb,puma-response-time-wrk,puma/benchmarks/local/response_time_wrk,https://github.com/puma/puma/blob/main/benchmarks/local/response_time_wrk.rb,raptor-3r,3,raptor,3,,1000,1000,16.123,5.0,1000,1000,16.183,2.0,5,true,1000,0,62.022,40.98,41.974,42.293,4025.417,4039.787,27.887,27.887,2.72,20,20,237,same_worker,30,716441
yjit-off/puma-response-string-1kb/raptor-3r/repeat-1,yjit-off,false,puma-response-string-1kb,puma-response-time-wrk,puma/benchmarks/local/response_time_wrk,https://github.com/puma/puma/blob/main/benchmarks/local/response_time_wrk.rb,raptor-3r,3,raptor,3,,1000,1000,16.119,5.0,1000,1000,16.157,2.0,5,true,1000,0,62.04,40.983,41.968,42.365,4031.224,4033.659,27.887,27.887,2.575,20,20,237,same_worker,29,719372
yjit-off/puma-response-io-1kb/raptor-3r/repeat-1,yjit-off,false,puma-response-io-1kb,puma-response-time-wrk,puma/benchmarks/local/response_time_wrk,https://github.com/puma/puma/blob/main/benchmarks/local/response_time_wrk.rb,raptor-3r,3,raptor,3,,1000,1000,16.109,5.0,1000,1000,16.206,2.0,5,true,1000,0,62.076,40.979,41.95,42.562,4028.462,4029.078,27.887,27.887,2.5,20,20,237,same_worker,30,726242
yjit-off/puma-response-array-10kb/raptor-3r/repeat-1,yjit-off,false,puma-response-array-10kb,puma-response-time-wrk,puma/benchmarks/local/response_time_wrk,https://github.com/puma/puma/blob/main/benchmarks/local/response_time_wrk.rb,raptor-3r,3,raptor,3,,1000,1000,16.118,5.0,1000,1000,16.216,2.0,5,true,1000,0,62.043,40.979,41.971,42.492,4028.483,4030.82,27.887,27.887,2.49,20,20,237,same_worker,31,719370
yjit-off/puma-response-chunk-10kb/raptor-3r/repeat-1,yjit-off,false,puma-response-chunk-10kb,puma-response-time-wrk,puma/benchmarks/local/response_time_wrk,https://github.com/puma/puma/blob/main/benchmarks/local/response_time_wrk.rb,raptor-3r,3,raptor,3,,1000,1000,16.127,5.0,1000,1000,16.244,2.0,5,true,1000,0,62.007,40.981,41.98,42.409,4028.928,4029.613,27.887,27.887,2.4,20,20,237,same_worker,30,715682
yjit-off/puma-response-string-10kb/raptor-3r/repeat-1,yjit-off,false,puma-response-string-10kb,puma-response-time-wrk,puma/benchmarks/local/response_time_wrk,https://github.com/puma/puma/blob/main/benchmarks/local/response_time_wrk.rb,raptor-3r,3,raptor,3,,1000,1000,16.125,5.0,1000,1000,16.217,2.0,5,true,1000,0,62.017,40.979,41.968,42.457,4031.598,4032.399,27.926,27.926,2.4,20,20,237,same_worker,30,717963
yjit-off/puma-response-io-10kb/raptor-3r/repeat-1,yjit-off,false,puma-response-io-10kb,puma-response-time-wrk,puma/benchmarks/local/response_time_wrk,https://github.com/puma/puma/blob/main/benchmarks/local/response_time_wrk.rb,raptor-3r,3,raptor,3,,1000,1000,16.119,5.0,1000,1000,16.206,2.0,5,true,1000,0,62.039,40.979,41.964,42.502,4031.089,4031.969,28.215,28.215,2.4,20,20,237,same_worker,32,745369
yjit-off/puma-response-array-100kb/raptor-3r/repeat-1,yjit-off,false,puma-response-array-100kb,puma-response-time-wrk,puma/benchmarks/local/response_time_wrk,https://github.com/puma/puma/blob/main/benchmarks/local/response_time_wrk.rb,raptor-3r,3,raptor,3,,1000,1000,14.117,5.0,1000,1000,13.522,2.0,5,true,1000,0,70.835,40.964,41.955,42.271,3712.051,3838.01,28.215,28.215,2.5,20,20,207,same_worker,32,719375
yjit-off/puma-response-chunk-100kb/raptor-3r/repeat-1,yjit-off,false,puma-response-chunk-100kb,puma-response-time-wrk,puma/benchmarks/local/response_time_wrk,https://github.com/puma/puma/blob/main/benchmarks/local/response_time_wrk.rb,raptor-3r,3,raptor,3,,1000,1000,14.8,5.0,1000,1000,12.373,2.0,5,true,1000,0,67.568,40.964,41.96,42.27,3788.424,3832.586,28.219,28.219,2.63,20,20,217,same_worker,32,716377
yjit-off/puma-response-string-100kb/raptor-3r/repeat-1,yjit-off,false,puma-response-string-100kb,puma-response-time-wrk,puma/benchmarks/local/response_time_wrk,https://github.com/puma/puma/blob/main/benchmarks/local/response_time_wrk.rb,raptor-3r,3,raptor,3,,13000,1000,5.001,5.0,1000,5313,2.002,2.0,5,true,13000,0,2599.28,1.032,1.94,7.388,110.429,117.023,28.59,28.59,3.84,20,20,72,same_worker,414,9347090
yjit-off/puma-response-io-100kb/raptor-3r/repeat-1,yjit-off,false,puma-response-io-100kb,puma-response-time-wrk,puma/benchmarks/local/response_time_wrk,https://github.com/puma/puma/blob/main/benchmarks/local/response_time_wrk.rb,raptor-3r,3,raptor,3,,1000,1000,14.022,5.0,1000,1000,13.508,2.0,5,true,1000,0,71.317,40.975,42.06,42.812,3526.996,3569.166,34.586,34.586,4.5,20,20,206,same_worker,36,925389
yjit-off/puma-response-array-256kb/raptor-3r/repeat-1,yjit-off,false,puma-response-array-256kb,puma-response-time-wrk,puma/benchmarks/local/response_time_wrk,https://github.com/puma/puma/blob/main/benchmarks/local/response_time_wrk.rb,raptor-3r,3,raptor,3,,1000,1000,8.621,5.0,1000,1000,10.041,2.0,5,true,1000,0,115.996,40.965,42.46,43.194,2212.399,2865.981,34.586,34.586,4.6,20,20,127,same_worker,33,718029
yjit-off/puma-response-chunk-256kb/raptor-3r/repeat-1,yjit-off,false,puma-response-chunk-256kb,puma-response-time-wrk,puma/benchmarks/local/response_time_wrk,https://github.com/puma/puma/blob/main/benchmarks/local/response_time_wrk.rb,raptor-3r,3,raptor,3,,1000,1000,11.559,5.0,1000,1000,9.134,2.0,5,true,1000,0,86.512,41.04,42.384,43.098,2828.148,2871.368,34.586,34.586,4.775,20,20,170,same_worker,32,714650
yjit-off/puma-response-string-256kb/raptor-3r/repeat-1,yjit-off,false,puma-response-string-256kb,puma-response-time-wrk,puma/benchmarks/local/response_time_wrk,https://github.com/puma/puma/blob/main/benchmarks/local/response_time_wrk.rb,raptor-3r,3,raptor,3,,9960,1000,5.002,5.0,1000,4204,2.001,2.0,5,true,9960,0,1991.195,1.314,2.627,41.155,134.532,178.638,34.586,34.586,5.575,20,20,72,same_worker,320,7164424
yjit-off/puma-response-io-256kb/raptor-3r/repeat-1,yjit-off,false,puma-response-io-256kb,puma-response-time-wrk,puma/benchmarks/local/response_time_wrk,https://github.com/puma/puma/blob/main/benchmarks/local/response_time_wrk.rb,raptor-3r,3,raptor,3,,1000,1000,13.003,5.0,1000,1000,12.279,2.0,5,true,1000,0,76.904,41.903,42.908,43.788,3225.829,3307.404,41.781,41.781,6.1,20,20,191,same_worker,52,1237447
yjit-off/puma-response-array-512kb/raptor-3r/repeat-1,yjit-off,false,puma-response-array-512kb,puma-response-time-wrk,puma/benchmarks/local/response_time_wrk,https://github.com/puma/puma/blob/main/benchmarks/local/response_time_wrk.rb,raptor-3r,3,raptor,3,,1000,1000,13.654,5.0,1000,1000,13.629,2.0,5,true,1000,0,73.237,41.942,42.624,43.622,3672.493,3783.942,41.781,41.781,6.2,20,20,201,same_worker,32,719361
yjit-off/puma-response-chunk-512kb/raptor-3r/repeat-1,yjit-off,false,puma-response-chunk-512kb,puma-response-time-wrk,puma/benchmarks/local/response_time_wrk,https://github.com/puma/puma/blob/main/benchmarks/local/response_time_wrk.rb,raptor-3r,3,raptor,3,,1000,1000,12.715,5.0,1000,1000,13.766,2.0,5,true,1000,0,78.65,41.932,42.94,43.673,3116.493,3284.568,41.781,41.781,6.355,20,20,187,same_worker,32,716377
yjit-off/puma-response-string-512kb/raptor-3r/repeat-1,yjit-off,false,puma-response-string-512kb,puma-response-time-wrk,puma/benchmarks/local/response_time_wrk,https://github.com/puma/puma/blob/main/benchmarks/local/response_time_wrk.rb,raptor-3r,3,raptor,3,,7280,1000,5.004,5.0,1000,2928,2.003,2.0,5,true,7280,0,1454.969,1.735,3.51,20.519,204.575,222.865,41.781,41.781,6.875,20,20,71,same_worker,233,5235725
yjit-off/puma-response-io-512kb/raptor-3r/repeat-1,yjit-off,false,puma-response-io-512kb,puma-response-time-wrk,puma/benchmarks/local/response_time_wrk,https://github.com/puma/puma/blob/main/benchmarks/local/response_time_wrk.rb,raptor-3r,3,raptor,3,,1000,1000,15.105,5.0,1000,1000,14.743,2.0,5,true,1000,0,66.201,41.962,43.044,44.359,3697.055,3876.215,46.848,46.848,7.355,20,20,222,same_worker,78,1749562
yjit-off/puma-response-array-1024kb/raptor-3r/repeat-1,yjit-off,false,puma-response-array-1024kb,puma-response-time-wrk,puma/benchmarks/local/response_time_wrk,https://github.com/puma/puma/blob/main/benchmarks/local/response_time_wrk.rb,raptor-3r,3,raptor,3,,1000,1000,14.515,5.0,1000,1000,14.967,2.0,5,true,1000,0,68.895,42.293,44.034,45.478,3563.56,3652.636,46.848,46.848,7.625,20,20,213,same_worker,32,719368
yjit-off/puma-response-chunk-1024kb/raptor-3r/repeat-1,yjit-off,false,puma-response-chunk-1024kb,puma-response-time-wrk,puma/benchmarks/local/response_time_wrk,https://github.com/puma/puma/blob/main/benchmarks/local/response_time_wrk.rb,raptor-3r,3,raptor,3,,1000,1000,14.63,5.0,1000,1000,14.304,2.0,5,true,1000,0,68.352,42.854,44.245,45.983,3644.439,3711.354,46.848,46.848,7.945,20,20,215,same_worker,33,716376
yjit-off/puma-response-string-1024kb/raptor-3r/repeat-1,yjit-off,false,puma-response-string-1024kb,puma-response-time-wrk,puma/benchmarks/local/response_time_wrk,https://github.com/puma/puma/blob/main/benchmarks/local/response_time_wrk.rb,raptor-3r,3,raptor,3,,5283,1000,5.004,5.0,1000,2120,2.004,2.0,5,true,5283,0,1055.75,2.51,5.0,15.434,281.071,291.038,46.969,46.969,8.34,20,20,69,same_worker,173,3798104
yjit-off/puma-response-io-1024kb/raptor-3r/repeat-1,yjit-off,false,puma-response-io-1024kb,puma-response-time-wrk,puma/benchmarks/local/response_time_wrk,https://github.com/puma/puma/blob/main/benchmarks/local/response_time_wrk.rb,raptor-3r,3,raptor,3,,1000,1000,15.795,5.0,1000,1000,16.503,2.0,5,true,1000,0,63.31,43.003,45.576,47.986,3959.848,3970.434,52.672,52.672,8.92,20,20,231,same_worker,135,2772710
yjit-off/puma-response-array-2048kb/raptor-3r/repeat-1,yjit-off,false,puma-response-array-2048kb,puma-response-time-wrk,puma/benchmarks/local/response_time_wrk,https://github.com/puma/puma/blob/main/benchmarks/local/response_time_wrk.rb,raptor-3r,3,raptor,3,,1000,1000,15.927,5.0,1000,1000,16.335,2.0,5,true,1000,0,62.788,43.983,48.253,50.05,3924.113,4001.336,52.672,52.672,9.535,20,20,233,same_worker,33,719378
yjit-off/puma-response-chunk-2048kb/raptor-3r/repeat-1,yjit-off,false,puma-response-chunk-2048kb,puma-response-time-wrk,puma/benchmarks/local/response_time_wrk,https://github.com/puma/puma/blob/main/benchmarks/local/response_time_wrk.rb,raptor-3r,3,raptor,3,,1000,1000,15.556,5.0,1000,1000,16.457,2.0,5,true,1000,0,64.284,44.023,48.108,49.852,3789.033,3867.34,52.672,52.672,10.235,20,20,228,same_worker,33,716379
yjit-off/puma-response-string-2048kb/raptor-3r/repeat-1,yjit-off,false,puma-response-string-2048kb,puma-response-time-wrk,puma/benchmarks/local/response_time_wrk,https://github.com/puma/puma/blob/main/benchmarks/local/response_time_wrk.rb,raptor-3r,3,raptor,3,,3355,1000,5.006,5.0,1000,1341,2.006,2.0,5,true,3355,0,670.17,4.213,7.708,35.039,421.241,472.636,59.539,59.539,10.605,20,20,67,same_worker,110,2413092
yjit-off/puma-response-io-2048kb/raptor-3r/repeat-1,yjit-off,false,puma-response-io-2048kb,puma-response-time-wrk,puma/benchmarks/local/response_time_wrk,https://github.com/puma/puma/blob/main/benchmarks/local/response_time_wrk.rb,raptor-3r,3,raptor,3,,1000,1000,16.993,5.0,1000,1000,17.464,2.0,5,true,1000,0,58.849,45.927,50.281,52.338,4189.394,4414.381,83.422,82.949,11.585,20,20,249,same_worker,105,4821662
yjit-off/puma-long-tail-fib-200ms-x6p0/raptor-3r/repeat-1,yjit-off,false,puma-long-tail-fib-200ms-x6p0,puma-long-tail-hey,puma/benchmarks/local/long_tail_hey + test/rackup/sleep_fibonacci,https://github.com/puma/puma/blob/main/benchmarks/local/long_tail_hey.rb,raptor-3r,3,raptor,3,,363,360,29.008,5.0,360,360,28.775,2.0,18,true,363,0,12.514,241.762,243.633,19610.994,24400.95,24402.069,83.16,83.16,21.165,20,20,423,same_worker,2,63072
yjit-off/puma-long-tail-fib-200ms-x4p0/raptor-3r/repeat-1,yjit-off,false,puma-long-tail-fib-200ms-x4p0,puma-long-tail-hey,puma/benchmarks/local/long_tail_hey + test/rackup/sleep_fibonacci,https://github.com/puma/puma/blob/main/benchmarks/local/long_tail_hey.rb,raptor-3r,3,raptor,3,,243,240,19.432,5.0,240,240,19.179,2.0,12,true,243,0,12.505,241.913,243.013,12812.096,14830.305,14831.943,83.191,83.191,29.575,20,20,284,same_worker,2,43865
yjit-off/puma-long-tail-fib-200ms-x3p0/raptor-3r/repeat-1,yjit-off,false,puma-long-tail-fib-200ms-x3p0,puma-long-tail-hey,puma/benchmarks/local/long_tail_hey + test/rackup/sleep_fibonacci,https://github.com/puma/puma/blob/main/benchmarks/local/long_tail_hey.rb,raptor-3r,3,raptor,3,,183,180,14.62,5.0,180,180,14.381,2.0,9,true,183,0,12.517,241.623,243.237,10022.235,10023.06,10023.185,83.207,83.207,35.11,20,20,214,same_worker,1,31763
yjit-off/puma-long-tail-fib-200ms-x2p0/raptor-3r/repeat-1,yjit-off,false,puma-long-tail-fib-200ms-x2p0,puma-long-tail-hey,puma/benchmarks/local/long_tail_hey + test/rackup/sleep_fibonacci,https://github.com/puma/puma/blob/main/benchmarks/local/long_tail_hey.rb,raptor-3r,3,raptor,3,,123,120,9.825,5.0,120,120,9.591,2.0,6,true,123,0,12.519,241.686,242.468,5231.569,5232.952,5233.133,83.215,83.215,38.715,20,20,145,same_worker,0,19819
yjit-off/puma-long-tail-fib-200ms-x1p5/raptor-3r/repeat-1,yjit-off,false,puma-long-tail-fib-200ms-x1p5,puma-long-tail-hey,puma/benchmarks/local/long_tail_hey + test/rackup/sleep_fibonacci,https://github.com/puma/puma/blob/main/benchmarks/local/long_tail_hey.rb,raptor-3r,3,raptor,3,,103,100,9.83,5.0,100,100,9.595,2.0,5,true,103,0,10.478,241.699,242.931,5131.822,5233.23,5233.417,83.215,83.215,41.365,20,20,145,same_worker,0,16255
yjit-off/puma-long-tail-fib-200ms-x1p0/raptor-3r/repeat-1,yjit-off,false,puma-long-tail-fib-200ms-x1p0,puma-long-tail-hey,puma/benchmarks/local/long_tail_hey + test/rackup/sleep_fibonacci,https://github.com/puma/puma/blob/main/benchmarks/local/long_tail_hey.rb,raptor-3r,3,raptor,3,,63,60,5.036,5.0,60,60,4.795,2.0,3,true,63,0,12.51,241.552,242.743,243.129,243.201,243.209,83.215,83.215,42.985,20,20,75,same_worker,0,11242
yjit-off/puma-long-tail-fib-200ms-x0p5/raptor-3r/repeat-1,yjit-off,false,puma-long-tail-fib-200ms-x0p5,puma-long-tail-hey,puma/benchmarks/local/long_tail_hey + test/rackup/sleep_fibonacci,https://github.com/puma/puma/blob/main/benchmarks/local/long_tail_hey.rb,raptor-3r,3,raptor,3,,42,40,5.036,5.0,40,40,4.796,2.0,2,true,42,0,8.34,241.764,242.238,242.27,242.277,242.277,83.219,83.219,43.955,20,20,75,same_worker,1,9300
yjit-off/puma-sleep-fibonacci-1ms/raptor-3r/repeat-1,yjit-off,false,puma-sleep-fibonacci-1ms,puma-sleep-fibonacci-test,puma/benchmarks/local/sleep_fibonacci_test + test/rackup/sleep_fibonacci,https://github.com/puma/puma/blob/main/benchmarks/local/sleep_fibonacci_test.rb,raptor-3r,3,raptor,3,,122,10,5.008,5.0,10,49,2.017,2.0,1,true,122,0,24.363,41.962,42.163,42.998,43.007,43.008,83.219,83.219,43.95,20,20,74,same_worker,1,23376
yjit-off/puma-sleep-fibonacci-5ms/raptor-3r/repeat-1,yjit-off,false,puma-sleep-fibonacci-5ms,puma-sleep-fibonacci-test,puma/benchmarks/local/sleep_fibonacci_test + test/rackup/sleep_fibonacci,https://github.com/puma/puma/blob/main/benchmarks/local/sleep_fibonacci_test.rb,raptor-3r,3,raptor,3,,110,10,5.032,5.0,10,44,2.013,2.0,1,true,110,0,21.861,46.952,47.167,47.962,47.986,47.988,83.242,83.242,43.66,20,20,75,same_worker,1,19601
yjit-off/puma-sleep-fibonacci-10ms/raptor-3r/repeat-1,yjit-off,false,puma-sleep-fibonacci-10ms,puma-sleep-fibonacci-test,puma/benchmarks/local/sleep_fibonacci_test + test/rackup/sleep_fibonacci,https://github.com/puma/puma/blob/main/benchmarks/local/sleep_fibonacci_test.rb,raptor-3r,3,raptor,3,,99,10,5.047,5.0,10,40,2.035,2.0,1,true,99,0,19.617,51.005,52.001,52.157,52.879,52.959,83.242,83.242,43.43,20,20,75,same_worker,0,17616
yjit-off/puma-sleep-fibonacci-50ms/raptor-3r/repeat-1,yjit-off,false,puma-sleep-fibonacci-50ms,puma-sleep-fibonacci-test,puma/benchmarks/local/sleep_fibonacci_test + test/rackup/sleep_fibonacci,https://github.com/puma/puma/blob/main/benchmarks/local/sleep_fibonacci_test.rb,raptor-3r,3,raptor,3,,55,10,5.009,5.0,10,23,2.068,2.0,1,true,55,0,10.981,91.919,92.374,92.979,92.98,92.98,83.242,83.242,43.3,20,20,75,same_worker,0,8291
yjit-off/puma-sleep-fibonacci-100ms/raptor-3r/repeat-1,yjit-off,false,puma-sleep-fibonacci-100ms,puma-sleep-fibonacci-test,puma/benchmarks/local/sleep_fibonacci_test + test/rackup/sleep_fibonacci,https://github.com/puma/puma/blob/main/benchmarks/local/sleep_fibonacci_test.rb,raptor-3r,3,raptor,3,,36,10,5.074,5.0,10,15,2.091,2.0,1,true,36,0,7.095,141.967,142.957,142.987,142.994,142.995,83.242,83.242,43.345,20,20,75,same_worker,0,4279
yjit-off/puma-sleep-fibonacci-200ms/raptor-3r/repeat-1,yjit-off,false,puma-sleep-fibonacci-200ms,puma-sleep-fibonacci-test,puma/benchmarks/local/sleep_fibonacci_test + test/rackup/sleep_fibonacci,https://github.com/puma/puma/blob/main/benchmarks/local/sleep_fibonacci_test.rb,raptor-3r,3,raptor,3,,21,10,5.035,5.0,10,10,2.384,2.0,1,true,21,0,4.171,241.869,242.09,242.795,242.954,242.971,83.25,83.25,43.45,20,20,75,same_worker,0,3888
yjit-off/puma-response-array-1kb/raptor-3r/repeat-2,yjit-off,false,puma-response-array-1kb,puma-response-time-wrk,puma/benchmarks/local/response_time_wrk,https://github.com/puma/puma/blob/main/benchmarks/local/response_time_wrk.rb,raptor-3r,3,raptor,3,,1000,1000,16.112,5.0,1000,1000,16.153,2.0,5,true,1000,0,62.067,40.978,41.927,42.326,4029.123,4031.156,27.426,27.426,3.27,20,20,237,same_worker,28,719360
yjit-off/puma-response-chunk-1kb/raptor-3r/repeat-2,yjit-off,false,puma-response-chunk-1kb,puma-response-time-wrk,puma/benchmarks/local/response_time_wrk,https://github.com/puma/puma/blob/main/benchmarks/local/response_time_wrk.rb,raptor-3r,3,raptor,3,,1000,1000,16.114,5.0,1000,1000,16.161,2.0,5,true,1000,0,62.059,40.976,41.969,42.29,4026.821,4027.359,27.434,27.434,2.69,20,20,237,same_worker,28,716370
yjit-off/puma-response-string-1kb/raptor-3r/repeat-2,yjit-off,false,puma-response-string-1kb,puma-response-time-wrk,puma/benchmarks/local/response_time_wrk,https://github.com/puma/puma/blob/main/benchmarks/local/response_time_wrk.rb,raptor-3r,3,raptor,3,,1000,1000,16.115,5.0,1000,1000,16.137,2.0,5,true,1000,0,62.055,40.978,41.958,42.493,4029.099,4031.196,27.648,27.648,2.57,20,20,237,same_worker,28,718649
yjit-off/puma-response-io-1kb/raptor-3r/repeat-2,yjit-off,false,puma-response-io-1kb,puma-response-time-wrk,puma/benchmarks/local/response_time_wrk,https://github.com/puma/puma/blob/main/benchmarks/local/response_time_wrk.rb,raptor-3r,3,raptor,3,,1000,1000,16.125,5.0,1000,1000,16.145,2.0,5,true,1000,0,62.015,40.983,41.962,42.41,4032.886,4034.604,27.711,27.711,2.515,20,20,237,same_worker,29,727365
yjit-off/puma-response-array-10kb/raptor-3r/repeat-2,yjit-off,false,puma-response-array-10kb,puma-response-time-wrk,puma/benchmarks/local/response_time_wrk,https://github.com/puma/puma/blob/main/benchmarks/local/response_time_wrk.rb,raptor-3r,3,raptor,3,,1000,1000,16.119,5.0,1000,1000,16.147,2.0,5,true,1000,0,62.039,40.978,41.948,42.458,4032.966,4033.411,27.711,27.711,2.5,20,20,237,same_worker,27,719484
yjit-off/puma-response-chunk-10kb/raptor-3r/repeat-2,yjit-off,false,puma-response-chunk-10kb,puma-response-time-wrk,puma/benchmarks/local/response_time_wrk,https://github.com/puma/puma/blob/main/benchmarks/local/response_time_wrk.rb,raptor-3r,3,raptor,3,,1000,1000,16.116,5.0,1000,1000,16.146,2.0,5,true,1000,0,62.049,40.975,41.971,42.172,4026.629,4027.959,27.73,27.73,2.495,20,20,237,same_worker,28,717235
yjit-off/puma-response-string-10kb/raptor-3r/repeat-2,yjit-off,false,puma-response-string-10kb,puma-response-time-wrk,puma/benchmarks/local/response_time_wrk,https://github.com/puma/puma/blob/main/benchmarks/local/response_time_wrk.rb,raptor-3r,3,raptor,3,,1000,1000,16.118,5.0,1000,1000,16.128,2.0,5,true,1000,0,62.043,40.98,41.871,42.334,4032.025,4033.693,27.746,27.746,2.41,20,20,236,same_worker,28,719351
yjit-off/puma-response-io-10kb/raptor-3r/repeat-2,yjit-off,false,puma-response-io-10kb,puma-response-time-wrk,puma/benchmarks/local/response_time_wrk,https://github.com/puma/puma/blob/main/benchmarks/local/response_time_wrk.rb,raptor-3r,3,raptor,3,,1000,1000,16.113,5.0,1000,1000,16.187,2.0,5,true,1000,0,62.06,40.974,41.952,42.291,4027.024,4027.847,28.367,28.367,2.5,20,20,236,same_worker,29,744159
yjit-off/puma-response-array-100kb/raptor-3r/repeat-2,yjit-off,false,puma-response-array-100kb,puma-response-time-wrk,puma/benchmarks/local/response_time_wrk,https://github.com/puma/puma/blob/main/benchmarks/local/response_time_wrk.rb,raptor-3r,3,raptor,3,,1000,1000,15.491,5.0,1000,1000,13.659,2.0,5,true,1000,0,64.556,40.959,41.966,42.246,3869.535,3953.176,28.438,28.438,2.58,20,20,227,same_worker,29,719365
yjit-off/puma-response-chunk-100kb/raptor-3r/repeat-2,yjit-off,false,puma-response-chunk-100kb,puma-response-time-wrk,puma/benchmarks/local/response_time_wrk,https://github.com/puma/puma/blob/main/benchmarks/local/response_time_wrk.rb,raptor-3r,3,raptor,3,,1000,1000,14.684,5.0,1000,1000,13.477,2.0,5,true,1000,0,68.103,40.963,41.963,42.69,3832.052,3871.419,28.492,28.492,2.67,20,20,216,same_worker,29,717436
yjit-off/puma-response-string-100kb/raptor-3r/repeat-2,yjit-off,false,puma-response-string-100kb,puma-response-time-wrk,puma/benchmarks/local/response_time_wrk,https://github.com/puma/puma/blob/main/benchmarks/local/response_time_wrk.rb,raptor-3r,3,raptor,3,,12888,1000,5.002,5.0,1000,5333,2.002,2.0,5,true,12888,0,2576.796,1.056,1.899,7.105,110.686,121.107,28.859,28.859,3.86,20,20,72,same_worker,371,9266164
yjit-off/puma-response-io-100kb/raptor-3r/repeat-2,yjit-off,false,puma-response-io-100kb,puma-response-time-wrk,puma/benchmarks/local/response_time_wrk,https://github.com/puma/puma/blob/main/benchmarks/local/response_time_wrk.rb,raptor-3r,3,raptor,3,,1000,1000,14.134,5.0,1000,1000,13.762,2.0,5,true,1000,0,70.753,40.972,42.013,43.031,3437.188,3726.102,34.84,34.84,4.5,20,20,208,same_worker,38,924426
yjit-off/puma-response-array-256kb/raptor-3r/repeat-2,yjit-off,false,puma-response-array-256kb,puma-response-time-wrk,puma/benchmarks/local/response_time_wrk,https://github.com/puma/puma/blob/main/benchmarks/local/response_time_wrk.rb,raptor-3r,3,raptor,3,,1000,1000,9.756,5.0,1000,1000,9.856,2.0,5,true,1000,0,102.5,41.033,42.467,43.313,2825.872,2992.887,34.84,34.84,4.6,20,20,144,same_worker,29,718899
yjit-off/puma-response-chunk-256kb/raptor-3r/repeat-2,yjit-off,false,puma-response-chunk-256kb,puma-response-time-wrk,puma/benchmarks/local/response_time_wrk,https://github.com/puma/puma/blob/main/benchmarks/local/response_time_wrk.rb,raptor-3r,3,raptor,3,,1000,1000,11.566,5.0,1000,1000,11.311,2.0,5,true,1000,0,86.462,41.08,42.423,43.246,2823.662,3365.736,34.84,34.84,4.73,20,20,170,same_worker,30,715087
yjit-off/puma-response-string-256kb/raptor-3r/repeat-2,yjit-off,false,puma-response-string-256kb,puma-response-time-wrk,puma/benchmarks/local/response_time_wrk,https://github.com/puma/puma/blob/main/benchmarks/local/response_time_wrk.rb,raptor-3r,3,raptor,3,,10221,1000,5.002,5.0,1000,4140,2.002,2.0,5,true,10221,0,2043.481,1.315,2.54,7.206,143.487,152.204,34.84,34.84,5.55,20,20,72,same_worker,301,7350138
yjit-off/puma-response-io-256kb/raptor-3r/repeat-2,yjit-off,false,puma-response-io-256kb,puma-response-time-wrk,puma/benchmarks/local/response_time_wrk,https://github.com/puma/puma/blob/main/benchmarks/local/response_time_wrk.rb,raptor-3r,3,raptor,3,,1000,1000,13.069,5.0,1000,1000,12.671,2.0,5,true,1000,0,76.517,41.874,42.924,43.951,3305.756,3430.951,38.605,38.566,6.085,20,20,192,same_worker,57,1236588
yjit-off/puma-response-array-512kb/raptor-3r/repeat-2,yjit-off,false,puma-response-array-512kb,puma-response-time-wrk,puma/benchmarks/local/response_time_wrk,https://github.com/puma/puma/blob/main/benchmarks/local/response_time_wrk.rb,raptor-3r,3,raptor,3,,1000,1000,13.178,5.0,1000,1000,13.56,2.0,5,true,1000,0,75.886,41.932,42.966,44.14,3200.437,3362.0,38.566,38.566,6.2,20,20,194,same_worker,29,718560
yjit-off/puma-response-chunk-512kb/raptor-3r/repeat-2,yjit-off,false,puma-response-chunk-512kb,puma-response-time-wrk,puma/benchmarks/local/response_time_wrk,https://github.com/puma/puma/blob/main/benchmarks/local/response_time_wrk.rb,raptor-3r,3,raptor,3,,1000,1000,12.929,5.0,1000,1000,14.392,2.0,5,true,1000,0,77.345,41.935,42.955,44.289,3279.846,3331.945,38.566,38.566,6.305,20,20,190,same_worker,30,716362
yjit-off/puma-response-string-512kb/raptor-3r/repeat-2,yjit-off,false,puma-response-string-512kb,puma-response-time-wrk,puma/benchmarks/local/response_time_wrk,https://github.com/puma/puma/blob/main/benchmarks/local/response_time_wrk.rb,raptor-3r,3,raptor,3,,7147,1000,5.004,5.0,1000,2918,2.003,2.0,5,true,7147,0,1428.386,1.705,3.338,33.852,208.288,244.666,38.613,38.613,6.845,20,20,72,same_worker,214,5136892
yjit-off/puma-response-io-512kb/raptor-3r/repeat-2,yjit-off,false,puma-response-io-512kb,puma-response-time-wrk,puma/benchmarks/local/response_time_wrk,https://github.com/puma/puma/blob/main/benchmarks/local/response_time_wrk.rb,raptor-3r,3,raptor,3,,1000,1000,14.437,5.0,1000,1000,15.395,2.0,5,true,1000,0,69.268,41.952,43.119,44.976,3567.065,3746.062,44.352,43.617,7.27,20,20,212,same_worker,85,1749585
yjit-off/puma-response-array-1024kb/raptor-3r/repeat-2,yjit-off,false,puma-response-array-1024kb,puma-response-time-wrk,puma/benchmarks/local/response_time_wrk,https://github.com/puma/puma/blob/main/benchmarks/local/response_time_wrk.rb,raptor-3r,3,raptor,3,,1000,1000,14.28,5.0,1000,1000,14.728,2.0,5,true,1000,0,70.03,42.595,44.563,46.1,3421.22,3755.142,43.617,43.617,7.56,20,20,209,same_worker,30,719358
yjit-off/puma-response-chunk-1024kb/raptor-3r/repeat-2,yjit-off,false,puma-response-chunk-1024kb,puma-response-time-wrk,puma/benchmarks/local/response_time_wrk,https://github.com/puma/puma/blob/main/benchmarks/local/response_time_wrk.rb,raptor-3r,3,raptor,3,,1000,1000,14.569,5.0,1000,1000,14.718,2.0,5,true,1000,0,68.638,42.829,44.337,47.987,3501.444,3565.13,43.617,43.617,7.87,20,20,213,same_worker,31,715157
yjit-off/puma-response-string-1024kb/raptor-3r/repeat-2,yjit-off,false,puma-response-string-1024kb,puma-response-time-wrk,puma/benchmarks/local/response_time_wrk,https://github.com/puma/puma/blob/main/benchmarks/local/response_time_wrk.rb,raptor-3r,3,raptor,3,,5222,1000,5.004,5.0,1000,2155,2.005,2.0,5,true,5222,0,1043.629,2.515,5.006,16.127,279.668,306.456,46.184,46.184,8.29,20,20,69,same_worker,161,3756596
yjit-off/puma-response-io-1024kb/raptor-3r/repeat-2,yjit-off,false,puma-response-io-1024kb,puma-response-time-wrk,puma/benchmarks/local/response_time_wrk,https://github.com/puma/puma/blob/main/benchmarks/local/response_time_wrk.rb,raptor-3r,3,raptor,3,,1000,1000,15.427,5.0,1000,1000,16.189,2.0,5,true,1000,0,64.823,43.04,45.659,47.0,3874.826,3970.185,51.75,49.668,8.88,20,20,226,same_worker,150,2773844
yjit-off/puma-response-array-2048kb/raptor-3r/repeat-2,yjit-off,false,puma-response-array-2048kb,puma-response-time-wrk,puma/benchmarks/local/response_time_wrk,https://github.com/puma/puma/blob/main/benchmarks/local/response_time_wrk.rb,raptor-3r,3,raptor,3,,1000,1000,15.495,5.0,1000,1000,16.346,2.0,5,true,1000,0,64.538,43.964,47.558,49.535,3711.14,3871.347,49.668,49.668,9.585,20,20,227,same_worker,31,718296
yjit-off/puma-response-chunk-2048kb/raptor-3r/repeat-2,yjit-off,false,puma-response-chunk-2048kb,puma-response-time-wrk,puma/benchmarks/local/response_time_wrk,https://github.com/puma/puma/blob/main/benchmarks/local/response_time_wrk.rb,raptor-3r,3,raptor,3,,1000,1000,15.666,5.0,1000,1000,16.523,2.0,5,true,1000,0,63.832,43.979,47.004,49.119,3938.287,3992.438,49.668,49.668,10.205,20,20,230,same_worker,30,715958
yjit-off/puma-response-string-2048kb/raptor-3r/repeat-2,yjit-off,false,puma-response-string-2048kb,puma-response-time-wrk,puma/benchmarks/local/response_time_wrk,https://github.com/puma/puma/blob/main/benchmarks/local/response_time_wrk.rb,raptor-3r,3,raptor,3,,3468,1000,5.005,5.0,1000,1386,2.006,2.0,5,true,3468,0,692.848,4.042,7.37,24.032,418.332,437.421,55.68,55.68,10.57,20,20,67,same_worker,108,2492232
yjit-off/puma-response-io-2048kb/raptor-3r/repeat-2,yjit-off,false,puma-response-io-2048kb,puma-response-time-wrk,puma/benchmarks/local/response_time_wrk,https://github.com/puma/puma/blob/main/benchmarks/local/response_time_wrk.rb,raptor-3r,3,raptor,3,,1000,1000,17.016,5.0,1000,1000,17.529,2.0,5,true,1000,0,58.768,45.419,50.816,55.923,4281.943,4326.633,62.445,62.246,11.6,20,20,249,same_worker,266,4822291
yjit-off/puma-long-tail-fib-200ms-x6p0/raptor-3r/repeat-2,yjit-off,false,puma-long-tail-fib-200ms-x6p0,puma-long-tail-hey,puma/benchmarks/local/long_tail_hey + test/rackup/sleep_fibonacci,https://github.com/puma/puma/blob/main/benchmarks/local/long_tail_hey.rb,raptor-3r,3,raptor,3,,363,360,29.007,5.0,360,360,28.752,2.0,18,true,363,0,12.514,241.878,243.197,19616.996,24408.564,24409.232,62.469,62.469,21.09,20,20,424,same_worker,3,64222
yjit-off/puma-long-tail-fib-200ms-x4p0/raptor-3r/repeat-2,yjit-off,false,puma-long-tail-fib-200ms-x4p0,puma-long-tail-hey,puma/benchmarks/local/long_tail_hey + test/rackup/sleep_fibonacci,https://github.com/puma/puma/blob/main/benchmarks/local/long_tail_hey.rb,raptor-3r,3,raptor,3,,243,240,19.434,5.0,240,240,19.166,2.0,12,true,243,0,12.504,241.946,242.999,12816.225,14831.734,14834.049,62.492,62.492,29.46,20,20,284,same_worker,2,43021
yjit-off/puma-long-tail-fib-200ms-x3p0/raptor-3r/repeat-2,yjit-off,false,puma-long-tail-fib-200ms-x3p0,puma-long-tail-hey,puma/benchmarks/local/long_tail_hey + test/rackup/sleep_fibonacci,https://github.com/puma/puma/blob/main/benchmarks/local/long_tail_hey.rb,raptor-3r,3,raptor,3,,183,180,14.617,5.0,180,180,14.371,2.0,9,true,183,0,12.52,241.687,242.574,10022.393,10023.627,10023.799,62.5,62.5,34.955,20,20,214,same_worker,1,33361
yjit-off/puma-long-tail-fib-200ms-x2p0/raptor-3r/repeat-2,yjit-off,false,puma-long-tail-fib-200ms-x2p0,puma-long-tail-hey,puma/benchmarks/local/long_tail_hey + test/rackup/sleep_fibonacci,https://github.com/puma/puma/blob/main/benchmarks/local/long_tail_hey.rb,raptor-3r,3,raptor,3,,123,120,9.831,5.0,120,120,9.585,2.0,6,true,123,0,12.512,241.773,242.859,5234.64,5235.907,5236.083,62.504,62.504,38.535,20,20,144,same_worker,1,23439
yjit-off/puma-long-tail-fib-200ms-x1p5/raptor-3r/repeat-2,yjit-off,false,puma-long-tail-fib-200ms-x1p5,puma-long-tail-hey,puma/benchmarks/local/long_tail_hey + test/rackup/sleep_fibonacci,https://github.com/puma/puma/blob/main/benchmarks/local/long_tail_hey.rb,raptor-3r,3,raptor,3,,103,100,9.828,5.0,100,100,9.591,2.0,5,true,103,0,10.481,241.678,242.442,5131.322,5232.727,5232.915,62.508,62.508,41.19,20,20,144,same_worker,1,20793
yjit-off/puma-long-tail-fib-200ms-x1p0/raptor-3r/repeat-2,yjit-off,false,puma-long-tail-fib-200ms-x1p0,puma-long-tail-hey,puma/benchmarks/local/long_tail_hey + test/rackup/sleep_fibonacci,https://github.com/puma/puma/blob/main/benchmarks/local/long_tail_hey.rb,raptor-3r,3,raptor,3,,63,60,5.035,5.0,60,60,4.793,2.0,3,true,63,0,12.512,241.528,242.399,242.709,242.911,242.934,62.516,62.516,42.81,20,20,75,same_worker,1,11677
yjit-off/puma-long-tail-fib-200ms-x0p5/raptor-3r/repeat-2,yjit-off,false,puma-long-tail-fib-200ms-x0p5,puma-long-tail-hey,puma/benchmarks/local/long_tail_hey + test/rackup/sleep_fibonacci,https://github.com/puma/puma/blob/main/benchmarks/local/long_tail_hey.rb,raptor-3r,3,raptor,3,,42,40,5.033,5.0,40,40,4.794,2.0,2,true,42,0,8.345,241.276,242.242,242.917,242.927,242.929,62.516,62.516,43.785,20,20,75,same_worker,0,7438
yjit-off/puma-sleep-fibonacci-1ms/raptor-3r/repeat-2,yjit-off,false,puma-sleep-fibonacci-1ms,puma-sleep-fibonacci-test,puma/benchmarks/local/sleep_fibonacci_test + test/rackup/sleep_fibonacci,https://github.com/puma/puma/blob/main/benchmarks/local/sleep_fibonacci_test.rb,raptor-3r,3,raptor,3,,122,10,5.005,5.0,10,49,2.019,2.0,1,true,122,0,24.378,41.969,42.037,42.951,42.987,42.991,62.527,62.527,43.78,20,20,74,same_worker,1,21691
yjit-off/puma-sleep-fibonacci-5ms/raptor-3r/repeat-2,yjit-off,false,puma-sleep-fibonacci-5ms,puma-sleep-fibonacci-test,puma/benchmarks/local/sleep_fibonacci_test + test/rackup/sleep_fibonacci,https://github.com/puma/puma/blob/main/benchmarks/local/sleep_fibonacci_test.rb,raptor-3r,3,raptor,3,,110,10,5.032,5.0,10,44,2.019,2.0,1,true,110,0,21.861,46.959,47.551,47.962,47.978,47.979,62.57,62.57,43.49,20,20,75,same_worker,1,19603
yjit-off/puma-sleep-fibonacci-10ms/raptor-3r/repeat-2,yjit-off,false,puma-sleep-fibonacci-10ms,puma-sleep-fibonacci-test,puma/benchmarks/local/sleep_fibonacci_test + test/rackup/sleep_fibonacci,https://github.com/puma/puma/blob/main/benchmarks/local/sleep_fibonacci_test.rb,raptor-3r,3,raptor,3,,98,10,5.004,5.0,10,40,2.029,2.0,1,true,98,0,19.584,51.029,52.007,52.115,52.849,52.931,62.664,62.664,43.255,20,20,74,same_worker,1,17494
yjit-off/puma-sleep-fibonacci-50ms/raptor-3r/repeat-2,yjit-off,false,puma-sleep-fibonacci-50ms,puma-sleep-fibonacci-test,puma/benchmarks/local/sleep_fibonacci_test + test/rackup/sleep_fibonacci,https://github.com/puma/puma/blob/main/benchmarks/local/sleep_fibonacci_test.rb,raptor-3r,3,raptor,3,,55,10,5.006,5.0,10,23,2.068,2.0,1,true,55,0,10.986,91.935,92.088,92.896,92.982,92.992,62.664,62.664,43.195,20,20,75,same_worker,0,9872
yjit-off/puma-sleep-fibonacci-100ms/raptor-3r/repeat-2,yjit-off,false,puma-sleep-fibonacci-100ms,puma-sleep-fibonacci-test,puma/benchmarks/local/sleep_fibonacci_test + test/rackup/sleep_fibonacci,https://github.com/puma/puma/blob/main/benchmarks/local/sleep_fibonacci_test.rb,raptor-3r,3,raptor,3,,36,10,5.071,5.0,10,15,2.088,2.0,1,true,36,0,7.1,141.953,142.293,142.981,143.057,143.065,62.664,62.664,43.2,20,20,75,same_worker,0,6528
yjit-off/puma-sleep-fibonacci-200ms/raptor-3r/repeat-2,yjit-off,false,puma-sleep-fibonacci-200ms,puma-sleep-fibonacci-test,puma/benchmarks/local/sleep_fibonacci_test + test/rackup/sleep_fibonacci,https://github.com/puma/puma/blob/main/benchmarks/local/sleep_fibonacci_test.rb,raptor-3r,3,raptor,3,,21,10,5.043,5.0,10,10,2.382,2.0,1,true,21,0,4.164,241.962,242.019,242.744,242.907,242.925,62.664,62.664,43.295,20,20,75,same_worker,1,3099
yjit-off/puma-response-array-1kb/raptor-3r/repeat-3,yjit-off,false,puma-response-array-1kb,puma-response-time-wrk,puma/benchmarks/local/response_time_wrk,https://github.com/puma/puma/blob/main/benchmarks/local/response_time_wrk.rb,raptor-3r,3,raptor,3,,1000,1000,16.101,5.0,1000,1000,16.152,2.0,5,true,1000,0,62.107,40.974,41.93,42.213,4023.36,4028.643,27.41,27.41,3.195,20,20,237,same_worker,28,719370
yjit-off/puma-response-chunk-1kb/raptor-3r/repeat-3,yjit-off,false,puma-response-chunk-1kb,puma-response-time-wrk,puma/benchmarks/local/response_time_wrk,https://github.com/puma/puma/blob/main/benchmarks/local/response_time_wrk.rb,raptor-3r,3,raptor,3,,1000,1000,16.111,5.0,1000,1000,16.131,2.0,5,true,1000,0,62.07,40.979,41.969,42.524,4028.603,4028.983,27.41,27.41,2.68,20,20,237,same_worker,27,716348
yjit-off/puma-response-string-1kb/raptor-3r/repeat-3,yjit-off,false,puma-response-string-1kb,puma-response-time-wrk,puma/benchmarks/local/response_time_wrk,https://github.com/puma/puma/blob/main/benchmarks/local/response_time_wrk.rb,raptor-3r,3,raptor,3,,1000,1000,16.114,5.0,1000,1000,16.127,2.0,5,true,1000,0,62.059,40.979,41.954,42.232,4028.977,4029.67,27.641,27.641,2.505,20,20,237,same_worker,28,720738
yjit-off/puma-response-io-1kb/raptor-3r/repeat-3,yjit-off,false,puma-response-io-1kb,puma-response-time-wrk,puma/benchmarks/local/response_time_wrk,https://github.com/puma/puma/blob/main/benchmarks/local/response_time_wrk.rb,raptor-3r,3,raptor,3,,1000,1000,16.103,5.0,1000,1000,16.125,2.0,5,true,1000,0,62.101,40.981,41.943,42.334,4025.046,4025.55,27.676,27.676,2.5,20,20,237,same_worker,28,727362
yjit-off/puma-response-array-10kb/raptor-3r/repeat-3,yjit-off,false,puma-response-array-10kb,puma-response-time-wrk,puma/benchmarks/local/response_time_wrk,https://github.com/puma/puma/blob/main/benchmarks/local/response_time_wrk.rb,raptor-3r,3,raptor,3,,1000,1000,16.111,5.0,1000,1000,16.117,2.0,5,true,1000,0,62.07,40.977,41.977,42.309,4028.738,4029.501,27.676,27.676,2.44,20,20,237,same_worker,28,719347
yjit-off/puma-response-chunk-10kb/raptor-3r/repeat-3,yjit-off,false,puma-response-chunk-10kb,puma-response-time-wrk,puma/benchmarks/local/response_time_wrk,https://github.com/puma/puma/blob/main/benchmarks/local/response_time_wrk.rb,raptor-3r,3,raptor,3,,1000,1000,16.11,5.0,1000,1000,16.145,2.0,5,true,1000,0,62.071,40.976,41.972,42.174,4030.633,4070.808,27.695,27.695,2.4,20,20,237,same_worker,28,716357
yjit-off/puma-response-string-10kb/raptor-3r/repeat-3,yjit-off,false,puma-response-string-10kb,puma-response-time-wrk,puma/benchmarks/local/response_time_wrk,https://github.com/puma/puma/blob/main/benchmarks/local/response_time_wrk.rb,raptor-3r,3,raptor,3,,1000,1000,16.109,5.0,1000,1000,16.131,2.0,5,true,1000,0,62.076,40.977,41.927,42.289,4026.299,4028.202,27.715,27.715,2.4,20,20,237,same_worker,29,719359
yjit-off/puma-response-io-10kb/raptor-3r/repeat-3,yjit-off,false,puma-response-io-10kb,puma-response-time-wrk,puma/benchmarks/local/response_time_wrk,https://github.com/puma/puma/blob/main/benchmarks/local/response_time_wrk.rb,raptor-3r,3,raptor,3,,1000,1000,16.106,5.0,1000,1000,16.157,2.0,5,true,1000,0,62.089,40.976,41.84,42.211,4024.82,4027.971,28.324,28.324,2.4,20,20,236,same_worker,30,745367
yjit-off/puma-response-array-100kb/raptor-3r/repeat-3,yjit-off,false,puma-response-array-100kb,puma-response-time-wrk,puma/benchmarks/local/response_time_wrk,https://github.com/puma/puma/blob/main/benchmarks/local/response_time_wrk.rb,raptor-3r,3,raptor,3,,1000,1000,14.967,5.0,1000,1000,12.986,2.0,5,true,1000,0,66.814,40.965,41.963,42.779,3712.37,3789.022,28.398,28.398,2.52,20,20,220,same_worker,28,719361
yjit-off/puma-response-chunk-100kb/raptor-3r/repeat-3,yjit-off,false,puma-response-chunk-100kb,puma-response-time-wrk,puma/benchmarks/local/response_time_wrk,https://github.com/puma/puma/blob/main/benchmarks/local/response_time_wrk.rb,raptor-3r,3,raptor,3,,1000,1000,14.957,5.0,1000,1000,13.975,2.0,5,true,1000,0,66.856,40.959,41.951,42.314,3666.418,3670.858,28.398,28.398,2.6,20,20,220,same_worker,28,716362
yjit-off/puma-response-string-100kb/raptor-3r/repeat-3,yjit-off,false,puma-response-string-100kb,puma-response-time-wrk,puma/benchmarks/local/response_time_wrk,https://github.com/puma/puma/blob/main/benchmarks/local/response_time_wrk.rb,raptor-3r,3,raptor,3,,13132,1000,5.002,5.0,1000,5412,2.002,2.0,5,true,13132,0,2625.442,1.036,1.847,7.176,108.398,121.085,28.746,28.746,3.835,20,20,72,same_worker,379,9443965
yjit-off/puma-response-io-100kb/raptor-3r/repeat-3,yjit-off,false,puma-response-io-100kb,puma-response-time-wrk,puma/benchmarks/local/response_time_wrk,https://github.com/puma/puma/blob/main/benchmarks/local/response_time_wrk.rb,raptor-3r,3,raptor,3,,1000,1000,14.385,5.0,1000,1000,13.652,2.0,5,true,1000,0,69.517,40.973,41.995,42.998,3489.706,3600.335,33.0,33.0,4.5,20,20,211,same_worker,39,925389
yjit-off/puma-response-array-256kb/raptor-3r/repeat-3,yjit-off,false,puma-response-array-256kb,puma-response-time-wrk,puma/benchmarks/local/response_time_wrk,https://github.com/puma/puma/blob/main/benchmarks/local/response_time_wrk.rb,raptor-3r,3,raptor,3,,1001,1000,9.617,5.0,1000,1000,11.412,2.0,5,true,1001,0,104.084,40.95,42.26,43.391,2456.995,2518.659,33.0,33.0,4.6,20,20,142,same_worker,29,720093
yjit-off/puma-response-chunk-256kb/raptor-3r/repeat-3,yjit-off,false,puma-response-chunk-256kb,puma-response-time-wrk,puma/benchmarks/local/response_time_wrk,https://github.com/puma/puma/blob/main/benchmarks/local/response_time_wrk.rb,raptor-3r,3,raptor,3,,1000,1000,10.731,5.0,1000,1000,10.128,2.0,5,true,1000,0,93.19,41.272,42.703,43.335,3195.431,3487.531,33.0,33.0,4.76,20,20,158,same_worker,29,715261
yjit-off/puma-response-string-256kb/raptor-3r/repeat-3,yjit-off,false,puma-response-string-256kb,puma-response-time-wrk,puma/benchmarks/local/response_time_wrk,https://github.com/puma/puma/blob/main/benchmarks/local/response_time_wrk.rb,raptor-3r,3,raptor,3,,9090,1000,5.013,5.0,1000,3969,2.002,2.0,5,true,9090,0,1813.176,1.402,2.876,15.769,167.66,203.624,33.0,33.0,5.59,20,20,72,same_worker,269,6537262
yjit-off/puma-response-io-256kb/raptor-3r/repeat-3,yjit-off,false,puma-response-io-256kb,puma-response-time-wrk,puma/benchmarks/local/response_time_wrk,https://github.com/puma/puma/blob/main/benchmarks/local/response_time_wrk.rb,raptor-3r,3,raptor,3,,1000,1000,13.047,5.0,1000,1000,12.568,2.0,5,true,1000,0,76.647,41.915,42.961,43.615,3445.699,3471.957,40.738,37.746,6.125,20,20,192,same_worker,57,1237477
yjit-off/puma-response-array-512kb/raptor-3r/repeat-3,yjit-off,false,puma-response-array-512kb,puma-response-time-wrk,puma/benchmarks/local/response_time_wrk,https://github.com/puma/puma/blob/main/benchmarks/local/response_time_wrk.rb,raptor-3r,3,raptor,3,,1000,1000,13.184,5.0,1000,1000,13.91,2.0,5,true,1000,0,75.851,41.933,42.966,44.003,3279.219,3405.077,37.746,37.746,6.275,20,20,193,same_worker,30,719363
yjit-off/puma-response-chunk-512kb/raptor-3r/repeat-3,yjit-off,false,puma-response-chunk-512kb,puma-response-time-wrk,puma/benchmarks/local/response_time_wrk,https://github.com/puma/puma/blob/main/benchmarks/local/response_time_wrk.rb,raptor-3r,3,raptor,3,,1000,1000,13.668,5.0,1000,1000,12.212,2.0,5,true,1000,0,73.166,41.932,42.949,44.099,3563.908,3759.751,37.746,37.746,6.44,20,20,200,same_worker,30,716355
yjit-off/puma-response-string-512kb/raptor-3r/repeat-3,yjit-off,false,puma-response-string-512kb,puma-response-time-wrk,puma/benchmarks/local/response_time_wrk,https://github.com/puma/puma/blob/main/benchmarks/local/response_time_wrk.rb,raptor-3r,3,raptor,3,,6902,1000,5.005,5.0,1000,2860,2.003,2.0,5,true,6902,0,1379.105,1.841,3.732,35.097,205.982,220.948,38.121,38.121,6.97,20,20,71,same_worker,209,4966208
yjit-off/puma-response-io-512kb/raptor-3r/repeat-3,yjit-off,false,puma-response-io-512kb,puma-response-time-wrk,puma/benchmarks/local/response_time_wrk,https://github.com/puma/puma/blob/main/benchmarks/local/response_time_wrk.rb,raptor-3r,3,raptor,3,,1000,1000,14.489,5.0,1000,1000,15.178,2.0,5,true,1000,0,69.017,41.979,43.94,48.096,3626.478,3780.377,44.801,44.801,7.46,20,20,212,same_worker,85,1749585
yjit-off/puma-response-array-1024kb/raptor-3r/repeat-3,yjit-off,false,puma-response-array-1024kb,puma-response-time-wrk,puma/benchmarks/local/response_time_wrk,https://github.com/puma/puma/blob/main/benchmarks/local/response_time_wrk.rb,raptor-3r,3,raptor,3,,1000,1000,14.663,5.0,1000,1000,15.087,2.0,5,true,1000,0,68.199,42.848,44.525,48.599,3531.413,3874.448,44.801,44.801,7.765,20,20,214,same_worker,31,718434
yjit-off/puma-response-chunk-1024kb/raptor-3r/repeat-3,yjit-off,false,puma-response-chunk-1024kb,puma-response-time-wrk,puma/benchmarks/local/response_time_wrk,https://github.com/puma/puma/blob/main/benchmarks/local/response_time_wrk.rb,raptor-3r,3,raptor,3,,1000,1000,14.118,5.0,1000,1000,15.177,2.0,5,true,1000,0,70.831,42.892,44.212,46.837,3364.514,3444.628,41.402,41.402,8.065,20,20,207,same_worker,30,716363
yjit-off/puma-response-string-1024kb/raptor-3r/repeat-3,yjit-off,false,puma-response-string-1024kb,puma-response-time-wrk,puma/benchmarks/local/response_time_wrk,https://github.com/puma/puma/blob/main/benchmarks/local/response_time_wrk.rb,raptor-3r,3,raptor,3,,4918,1000,5.004,5.0,1000,1931,2.004,2.0,5,true,4918,0,982.793,2.655,5.457,17.287,302.424,312.76,44.707,44.707,8.495,20,20,68,same_worker,152,3537630
yjit-off/puma-response-io-1024kb/raptor-3r/repeat-3,yjit-off,false,puma-response-io-1024kb,puma-response-time-wrk,puma/benchmarks/local/response_time_wrk,https://github.com/puma/puma/blob/main/benchmarks/local/response_time_wrk.rb,raptor-3r,3,raptor,3,,1000,1000,15.883,5.0,1000,1000,16.428,2.0,5,true,1000,0,62.958,43.752,45.953,47.177,3981.495,3989.719,50.539,50.539,9.12,20,20,233,same_worker,149,2772956
yjit-off/puma-response-array-2048kb/raptor-3r/repeat-3,yjit-off,false,puma-response-array-2048kb,puma-response-time-wrk,puma/benchmarks/local/response_time_wrk,https://github.com/puma/puma/blob/main/benchmarks/local/response_time_wrk.rb,raptor-3r,3,raptor,3,,1000,1000,15.384,5.0,1000,1000,15.692,2.0,5,true,1000,0,65.003,43.972,47.925,50.381,3796.001,3897.297,50.539,50.539,9.775,20,20,225,same_worker,31,719365
yjit-off/puma-response-chunk-2048kb/raptor-3r/repeat-3,yjit-off,false,puma-response-chunk-2048kb,puma-response-time-wrk,puma/benchmarks/local/response_time_wrk,https://github.com/puma/puma/blob/main/benchmarks/local/response_time_wrk.rb,raptor-3r,3,raptor,3,,1000,1000,16.007,5.0,1000,1000,16.565,2.0,5,true,1000,0,62.474,43.989,47.758,49.259,3971.716,4116.914,50.539,50.539,10.385,20,20,235,same_worker,31,716373
yjit-off/puma-response-string-2048kb/raptor-3r/repeat-3,yjit-off,false,puma-response-string-2048kb,puma-response-time-wrk,puma/benchmarks/local/response_time_wrk,https://github.com/puma/puma/blob/main/benchmarks/local/response_time_wrk.rb,raptor-3r,3,raptor,3,,3378,1000,5.005,5.0,1000,1418,2.006,2.0,5,true,3378,0,674.868,4.133,7.746,16.303,430.75,488.421,56.551,56.551,10.755,20,20,67,same_worker,106,2429533
yjit-off/puma-response-io-2048kb/raptor-3r/repeat-3,yjit-off,false,puma-response-io-2048kb,puma-response-time-wrk,puma/benchmarks/local/response_time_wrk,https://github.com/puma/puma/blob/main/benchmarks/local/response_time_wrk.rb,raptor-3r,3,raptor,3,,1000,1000,17.218,5.0,1000,1000,17.402,2.0,5,true,1000,0,58.078,45.722,49.122,52.453,4258.927,4289.57,68.594,68.594,11.67,20,20,252,same_worker,262,4822296
yjit-off/puma-long-tail-fib-200ms-x6p0/raptor-3r/repeat-3,yjit-off,false,puma-long-tail-fib-200ms-x6p0,puma-long-tail-hey,puma/benchmarks/local/long_tail_hey + test/rackup/sleep_fibonacci,https://github.com/puma/puma/blob/main/benchmarks/local/long_tail_hey.rb,raptor-3r,3,raptor,3,,363,360,29.01,5.0,360,360,28.746,2.0,18,true,363,0,12.513,241.823,243.182,19613.168,24406.331,24406.493,68.805,68.805,21.175,20,20,423,same_worker,2,65107
yjit-off/puma-long-tail-fib-200ms-x4p0/raptor-3r/repeat-3,yjit-off,false,puma-long-tail-fib-200ms-x4p0,puma-long-tail-hey,puma/benchmarks/local/long_tail_hey + test/rackup/sleep_fibonacci,https://github.com/puma/puma/blob/main/benchmarks/local/long_tail_hey.rb,raptor-3r,3,raptor,3,,243,240,19.427,5.0,240,240,19.162,2.0,12,true,243,0,12.509,241.925,242.983,12802.313,14816.851,14818.632,68.824,68.824,29.53,20,20,284,same_worker,1,43025
yjit-off/puma-long-tail-fib-200ms-x3p0/raptor-3r/repeat-3,yjit-off,false,puma-long-tail-fib-200ms-x3p0,puma-long-tail-hey,puma/benchmarks/local/long_tail_hey + test/rackup/sleep_fibonacci,https://github.com/puma/puma/blob/main/benchmarks/local/long_tail_hey.rb,raptor-3r,3,raptor,3,,183,180,14.631,5.0,180,180,14.377,2.0,9,true,183,0,12.508,241.942,243.064,10032.553,10034.075,10034.354,68.836,68.836,35.02,20,20,214,same_worker,1,33130
yjit-off/puma-long-tail-fib-200ms-x2p0/raptor-3r/repeat-3,yjit-off,false,puma-long-tail-fib-200ms-x2p0,puma-long-tail-hey,puma/benchmarks/local/long_tail_hey + test/rackup/sleep_fibonacci,https://github.com/puma/puma/blob/main/benchmarks/local/long_tail_hey.rb,raptor-3r,3,raptor,3,,123,120,9.829,5.0,120,120,9.576,2.0,6,true,123,0,12.514,241.717,242.561,5234.404,5234.587,5234.608,68.84,68.84,38.615,20,20,144,same_worker,0,21558
yjit-off/puma-long-tail-fib-200ms-x1p5/raptor-3r/repeat-3,yjit-off,false,puma-long-tail-fib-200ms-x1p5,puma-long-tail-hey,puma/benchmarks/local/long_tail_hey + test/rackup/sleep_fibonacci,https://github.com/puma/puma/blob/main/benchmarks/local/long_tail_hey.rb,raptor-3r,3,raptor,3,,103,100,9.829,5.0,100,100,9.581,2.0,5,true,103,0,10.479,241.91,242.994,5132.544,5232.391,5232.4,68.84,68.84,41.245,20,20,144,same_worker,1,20507
yjit-off/puma-long-tail-fib-200ms-x1p0/raptor-3r/repeat-3,yjit-off,false,puma-long-tail-fib-200ms-x1p0,puma-long-tail-hey,puma/benchmarks/local/long_tail_hey + test/rackup/sleep_fibonacci,https://github.com/puma/puma/blob/main/benchmarks/local/long_tail_hey.rb,raptor-3r,3,raptor,3,,63,60,5.037,5.0,60,60,4.794,2.0,3,true,63,0,12.508,241.613,242.909,243.279,243.772,243.827,68.844,68.844,42.875,20,20,75,same_worker,0,11465
yjit-off/puma-long-tail-fib-200ms-x0p5/raptor-3r/repeat-3,yjit-off,false,puma-long-tail-fib-200ms-x0p5,puma-long-tail-hey,puma/benchmarks/local/long_tail_hey + test/rackup/sleep_fibonacci,https://github.com/puma/puma/blob/main/benchmarks/local/long_tail_hey.rb,raptor-3r,3,raptor,3,,42,40,5.038,5.0,40,40,4.795,2.0,2,true,42,0,8.337,241.794,242.258,242.871,242.885,242.887,68.844,68.844,43.845,20,20,75,same_worker,0,5882
yjit-off/puma-sleep-fibonacci-1ms/raptor-3r/repeat-3,yjit-off,false,puma-sleep-fibonacci-1ms,puma-sleep-fibonacci-test,puma/benchmarks/local/sleep_fibonacci_test + test/rackup/sleep_fibonacci,https://github.com/puma/puma/blob/main/benchmarks/local/sleep_fibonacci_test.rb,raptor-3r,3,raptor,3,,122,10,5.007,5.0,10,49,2.018,2.0,1,true,122,0,24.367,41.963,42.118,43.083,43.112,43.112,68.855,68.855,43.83,20,20,75,same_worker,1,23322
yjit-off/puma-sleep-fibonacci-5ms/raptor-3r/repeat-3,yjit-off,false,puma-sleep-fibonacci-5ms,puma-sleep-fibonacci-test,puma/benchmarks/local/sleep_fibonacci_test + test/rackup/sleep_fibonacci,https://github.com/puma/puma/blob/main/benchmarks/local/sleep_fibonacci_test.rb,raptor-3r,3,raptor,3,,110,10,5.032,5.0,10,44,2.006,2.0,1,true,110,0,21.862,46.951,47.709,48.008,48.014,48.015,68.973,68.973,43.545,20,20,75,same_worker,0,19561
yjit-off/puma-sleep-fibonacci-10ms/raptor-3r/repeat-3,yjit-off,false,puma-sleep-fibonacci-10ms,puma-sleep-fibonacci-test,puma/benchmarks/local/sleep_fibonacci_test + test/rackup/sleep_fibonacci,https://github.com/puma/puma/blob/main/benchmarks/local/sleep_fibonacci_test.rb,raptor-3r,3,raptor,3,,99,10,5.037,5.0,10,40,2.034,2.0,1,true,99,0,19.655,50.985,52.014,52.116,52.175,52.181,68.996,68.996,43.31,20,20,75,same_worker,0,17616
yjit-off/puma-sleep-fibonacci-50ms/raptor-3r/repeat-3,yjit-off,false,puma-sleep-fibonacci-50ms,puma-sleep-fibonacci-test,puma/benchmarks/local/sleep_fibonacci_test + test/rackup/sleep_fibonacci,https://github.com/puma/puma/blob/main/benchmarks/local/sleep_fibonacci_test.rb,raptor-3r,3,raptor,3,,55,10,5.014,5.0,10,23,2.072,2.0,1,true,55,0,10.97,91.943,92.118,92.946,92.964,92.966,69.0,69.0,43.2,20,20,74,same_worker,1,9914
yjit-off/puma-sleep-fibonacci-100ms/raptor-3r/repeat-3,yjit-off,false,puma-sleep-fibonacci-100ms,puma-sleep-fibonacci-test,puma/benchmarks/local/sleep_fibonacci_test + test/rackup/sleep_fibonacci,https://github.com/puma/puma/blob/main/benchmarks/local/sleep_fibonacci_test.rb,raptor-3r,3,raptor,3,,36,10,5.062,5.0,10,15,2.088,2.0,1,true,36,0,7.111,141.939,142.033,142.105,142.128,142.13,69.0,69.0,43.225,20,20,75,same_worker,0,6528
yjit-off/puma-sleep-fibonacci-200ms/raptor-3r/repeat-3,yjit-off,false,puma-sleep-fibonacci-200ms,puma-sleep-fibonacci-test,puma/benchmarks/local/sleep_fibonacci_test + test/rackup/sleep_fibonacci,https://github.com/puma/puma/blob/main/benchmarks/local/sleep_fibonacci_test.rb,raptor-3r,3,raptor,3,,21,10,5.038,5.0,10,10,2.382,2.0,1,true,21,0,4.168,241.836,242.913,242.944,242.951,242.952,69.004,69.004,43.34,20,20,75,same_worker,1,3478
yjit-off/puma-response-array-1kb/puma-1w-3t/repeat-1,yjit-off,false,puma-response-array-1kb,puma-response-time-wrk,puma/benchmarks/local/response_time_wrk,https://github.com/puma/puma/blob/main/benchmarks/local/response_time_wrk.rb,puma-1w-3t,3,puma,1,3,16525,1000,5.001,5.0,1000,6730,2.001,2.0,5,true,16525,0,3304.357,1.428,2.088,2.457,3.112,3.915,63.82,63.82,100.905,20,20,72,multiprocess_sample_only,,
yjit-off/puma-response-chunk-1kb/puma-1w-3t/repeat-1,yjit-off,false,puma-response-chunk-1kb,puma-response-time-wrk,puma/benchmarks/local/response_time_wrk,https://github.com/puma/puma/blob/main/benchmarks/local/response_time_wrk.rb,puma-1w-3t,3,puma,1,3,16235,1000,5.001,5.0,1000,6618,2.001,2.0,5,true,16235,0,3246.333,1.451,2.106,2.612,3.276,3.932,63.938,63.938,97.375,20,20,72,multiprocess_sample_only,,
yjit-off/puma-response-string-1kb/puma-1w-3t/repeat-1,yjit-off,false,puma-response-string-1kb,puma-response-time-wrk,puma/benchmarks/local/response_time_wrk,https://github.com/puma/puma/blob/main/benchmarks/local/response_time_wrk.rb,puma-1w-3t,3,puma,1,3,16495,1000,5.001,5.0,1000,6791,2.002,2.0,5,true,16495,0,3298.297,1.427,2.101,2.542,3.185,3.582,63.984,63.984,96.7,20,20,72,multiprocess_sample_only,,
yjit-off/puma-response-io-1kb/puma-1w-3t/repeat-1,yjit-off,false,puma-response-io-1kb,puma-response-time-wrk,puma/benchmarks/local/response_time_wrk,https://github.com/puma/puma/blob/main/benchmarks/local/response_time_wrk.rb,puma-1w-3t,3,puma,1,3,15901,1000,5.001,5.0,1000,6499,2.001,2.0,5,true,15901,0,3179.548,1.481,2.378,2.835,3.601,4.708,64.406,64.406,97.87,20,20,73,multiprocess_sample_only,,
yjit-off/puma-response-array-10kb/puma-1w-3t/repeat-1,yjit-off,false,puma-response-array-10kb,puma-response-time-wrk,puma/benchmarks/local/response_time_wrk,https://github.com/puma/puma/blob/main/benchmarks/local/response_time_wrk.rb,puma-1w-3t,3,puma,1,3,16410,1000,5.001,5.0,1000,6805,2.001,2.0,5,true,16410,0,3281.377,1.431,2.152,2.604,3.093,4.573,66.098,65.813,98.265,20,20,72,multiprocess_sample_only,,
yjit-off/puma-response-chunk-10kb/puma-1w-3t/repeat-1,yjit-off,false,puma-response-chunk-10kb,puma-response-time-wrk,puma/benchmarks/local/response_time_wrk,https://github.com/puma/puma/blob/main/benchmarks/local/response_time_wrk.rb,puma-1w-3t,3,puma,1,3,14645,1000,5.001,5.0,1000,6087,2.001,2.0,5,true,14645,0,2928.331,1.619,2.473,2.903,3.599,4.592,66.191,66.191,97.595,20,20,72,multiprocess_sample_only,,
yjit-off/puma-response-string-10kb/puma-1w-3t/repeat-1,yjit-off,false,puma-response-string-10kb,puma-response-time-wrk,puma/benchmarks/local/response_time_wrk,https://github.com/puma/puma/blob/main/benchmarks/local/response_time_wrk.rb,puma-1w-3t,3,puma,1,3,16594,1000,5.001,5.0,1000,6827,2.001,2.0,5,true,16594,0,3317.999,1.405,2.092,2.651,3.823,5.373,66.367,66.367,97.18,20,20,72,multiprocess_sample_only,,
yjit-off/puma-response-io-10kb/puma-1w-3t/repeat-1,yjit-off,false,puma-response-io-10kb,puma-response-time-wrk,puma/benchmarks/local/response_time_wrk,https://github.com/puma/puma/blob/main/benchmarks/local/response_time_wrk.rb,puma-1w-3t,3,puma,1,3,15621,1000,5.001,5.0,1000,6378,2.002,2.0,5,true,15621,0,3123.387,1.5,2.405,2.971,3.738,5.577,67.973,67.625,97.745,20,20,73,multiprocess_sample_only,,
yjit-off/puma-response-array-100kb/puma-1w-3t/repeat-1,yjit-off,false,puma-response-array-100kb,puma-response-time-wrk,puma/benchmarks/local/response_time_wrk,https://github.com/puma/puma/blob/main/benchmarks/local/response_time_wrk.rb,puma-1w-3t,3,puma,1,3,12935,1000,5.002,5.0,1000,5387,2.001,2.0,5,true,12935,0,2585.839,1.831,2.596,3.325,3.935,5.403,77.75,75.422,98.02,20,20,72,multiprocess_sample_only,,
yjit-off/puma-response-chunk-100kb/puma-1w-3t/repeat-1,yjit-off,false,puma-response-chunk-100kb,puma-response-time-wrk,puma/benchmarks/local/response_time_wrk,https://github.com/puma/puma/blob/main/benchmarks/local/response_time_wrk.rb,puma-1w-3t,3,puma,1,3,7254,1000,5.002,5.0,1000,2958,2.002,2.0,5,true,7254,0,1450.109,3.346,4.29,6.133,7.102,8.312,71.727,71.266,96.485,20,20,67,multiprocess_sample_only,,
yjit-off/puma-response-string-100kb/puma-1w-3t/repeat-1,yjit-off,false,puma-response-string-100kb,puma-response-time-wrk,puma/benchmarks/local/response_time_wrk,https://github.com/puma/puma/blob/main/benchmarks/local/response_time_wrk.rb,puma-1w-3t,3,puma,1,3,13004,1000,5.002,5.0,1000,5430,2.002,2.0,5,true,13004,0,2599.911,1.804,2.622,3.418,3.946,4.58,77.086,75.832,95.53,20,20,71,multiprocess_sample_only,,
yjit-off/puma-response-io-100kb/puma-1w-3t/repeat-1,yjit-off,false,puma-response-io-100kb,puma-response-time-wrk,puma/benchmarks/local/response_time_wrk,https://github.com/puma/puma/blob/main/benchmarks/local/response_time_wrk.rb,puma-1w-3t,3,puma,1,3,13102,1000,5.005,5.0,1000,5429,2.001,2.0,5,true,13102,0,2617.708,1.643,2.448,3.347,42.33,43.62,67.977,67.914,95.39,20,20,72,multiprocess_sample_only,,
yjit-off/puma-response-array-256kb/puma-1w-3t/repeat-1,yjit-off,false,puma-response-array-256kb,puma-response-time-wrk,puma/benchmarks/local/response_time_wrk,https://github.com/puma/puma/blob/main/benchmarks/local/response_time_wrk.rb,puma-1w-3t,3,puma,1,3,9812,1000,5.002,5.0,1000,3904,2.002,2.0,5,true,9812,0,1961.611,2.287,3.734,5.783,14.112,16.895,98.07,95.426,95.17,20,20,70,multiprocess_sample_only,,
yjit-off/puma-response-chunk-256kb/puma-1w-3t/repeat-1,yjit-off,false,puma-response-chunk-256kb,puma-response-time-wrk,puma/benchmarks/local/response_time_wrk,https://github.com/puma/puma/blob/main/benchmarks/local/response_time_wrk.rb,puma-1w-3t,3,puma,1,3,4114,1000,5.005,5.0,1000,1664,2.006,2.0,5,true,4114,0,821.954,5.976,7.217,11.345,12.389,13.675,75.754,75.199,93.875,20,20,62,multiprocess_sample_only,,
yjit-off/puma-response-string-256kb/puma-1w-3t/repeat-1,yjit-off,false,puma-response-string-256kb,puma-response-time-wrk,puma/benchmarks/local/response_time_wrk,https://github.com/puma/puma/blob/main/benchmarks/local/response_time_wrk.rb,puma-1w-3t,3,puma,1,3,10082,1000,5.002,5.0,1000,4057,2.002,2.0,5,true,10082,0,2015.44,2.203,3.914,5.773,14.235,16.987,71.176,71.176,92.42,20,20,68,multiprocess_sample_only,,
yjit-off/puma-response-io-256kb/puma-1w-3t/repeat-1,yjit-off,false,puma-response-io-256kb,puma-response-time-wrk,puma/benchmarks/local/response_time_wrk,https://github.com/puma/puma/blob/main/benchmarks/local/response_time_wrk.rb,puma-1w-3t,3,puma,1,3,9662,1000,5.002,5.0,1000,3983,2.002,2.0,5,true,9662,0,1931.586,2.282,4.084,6.381,14.033,45.131,71.363,70.926,91.19,20,20,69,multiprocess_sample_only,,
yjit-off/puma-response-array-512kb/puma-1w-3t/repeat-1,yjit-off,false,puma-response-array-512kb,puma-response-time-wrk,puma/benchmarks/local/response_time_wrk,https://github.com/puma/puma/blob/main/benchmarks/local/response_time_wrk.rb,puma-1w-3t,3,puma,1,3,7246,1000,5.006,5.0,1000,2901,2.003,2.0,5,true,7246,0,1447.341,3.063,5.188,14.467,18.723,20.725,123.648,123.648,90.85,20,20,70,multiprocess_sample_only,,
yjit-off/puma-response-chunk-512kb/puma-1w-3t/repeat-1,yjit-off,false,puma-response-chunk-512kb,puma-response-time-wrk,puma/benchmarks/local/response_time_wrk,https://github.com/puma/puma/blob/main/benchmarks/local/response_time_wrk.rb,puma-1w-3t,3,puma,1,3,2203,1000,5.01,5.0,1000,1000,2.244,2.0,5,true,2203,0,439.685,11.344,12.456,20.378,21.731,22.301,79.426,77.906,89.835,20,20,54,multiprocess_sample_only,,
yjit-off/puma-response-string-512kb/puma-1w-3t/repeat-1,yjit-off,false,puma-response-string-512kb,puma-response-time-wrk,puma/benchmarks/local/response_time_wrk,https://github.com/puma/puma/blob/main/benchmarks/local/response_time_wrk.rb,puma-1w-3t,3,puma,1,3,7616,1000,5.002,5.0,1000,3037,2.002,2.0,5,true,7616,0,1522.552,2.846,5.311,9.136,18.638,20.348,75.578,75.578,88.515,20,20,67,multiprocess_sample_only,,
yjit-off/puma-response-io-512kb/puma-1w-3t/repeat-1,yjit-off,false,puma-response-io-512kb,puma-response-time-wrk,puma/benchmarks/local/response_time_wrk,https://github.com/puma/puma/blob/main/benchmarks/local/response_time_wrk.rb,puma-1w-3t,3,puma,1,3,7385,1000,5.003,5.0,1000,3018,2.002,2.0,5,true,7385,0,1476.128,2.942,5.453,15.014,18.944,20.18,75.578,75.578,87.155,20,20,67,multiprocess_sample_only,,
yjit-off/puma-response-array-1024kb/puma-1w-3t/repeat-1,yjit-off,false,puma-response-array-1024kb,puma-response-time-wrk,puma/benchmarks/local/response_time_wrk,https://github.com/puma/puma/blob/main/benchmarks/local/response_time_wrk.rb,puma-1w-3t,3,puma,1,3,4795,1000,5.003,5.0,1000,1920,2.004,2.0,5,true,4795,0,958.333,4.803,8.043,18.446,21.926,24.05,164.559,117.496,86.945,20,20,72,multiprocess_sample_only,,
yjit-off/puma-response-chunk-1024kb/puma-1w-3t/repeat-1,yjit-off,false,puma-response-chunk-1024kb,puma-response-time-wrk,puma/benchmarks/local/response_time_wrk,https://github.com/puma/puma/blob/main/benchmarks/local/response_time_wrk.rb,puma-1w-3t,3,puma,1,3,1225,1000,5.017,5.0,1000,1000,4.041,2.0,5,true,1225,0,244.16,20.144,22.854,36.945,40.776,42.585,79.219,79.207,85.9,20,20,44,multiprocess_sample_only,,
yjit-off/puma-response-string-1024kb/puma-1w-3t/repeat-1,yjit-off,false,puma-response-string-1024kb,puma-response-time-wrk,puma/benchmarks/local/response_time_wrk,https://github.com/puma/puma/blob/main/benchmarks/local/response_time_wrk.rb,puma-1w-3t,3,puma,1,3,4914,1000,5.005,5.0,1000,1909,2.003,2.0,5,true,4914,0,981.845,4.571,8.204,17.942,22.133,24.444,81.395,81.395,84.57,20,20,64,multiprocess_sample_only,,
yjit-off/puma-response-io-1024kb/puma-1w-3t/repeat-1,yjit-off,false,puma-response-io-1024kb,puma-response-time-wrk,puma/benchmarks/local/response_time_wrk,https://github.com/puma/puma/blob/main/benchmarks/local/response_time_wrk.rb,puma-1w-3t,3,puma,1,3,4895,1000,5.007,5.0,1000,1962,2.004,2.0,5,true,4895,0,977.693,4.527,8.483,18.459,23.36,25.133,81.461,81.461,82.97,20,20,64,multiprocess_sample_only,,
yjit-off/puma-response-array-2048kb/puma-1w-3t/repeat-1,yjit-off,false,puma-response-array-2048kb,puma-response-time-wrk,puma/benchmarks/local/response_time_wrk,https://github.com/puma/puma/blob/main/benchmarks/local/response_time_wrk.rb,puma-1w-3t,3,puma,1,3,2792,1000,5.008,5.0,1000,1160,2.008,2.0,5,true,2792,0,557.516,8.919,13.974,15.598,16.921,17.609,117.793,100.07,82.81,20,20,73,multiprocess_sample_only,,
yjit-off/puma-response-chunk-2048kb/puma-1w-3t/repeat-1,yjit-off,false,puma-response-chunk-2048kb,puma-response-time-wrk,puma/benchmarks/local/response_time_wrk,https://github.com/puma/puma/blob/main/benchmarks/local/response_time_wrk.rb,puma-1w-3t,3,puma,1,3,1000,1000,7.67,5.0,1000,1000,7.441,2.0,5,true,1000,0,130.376,38.192,39.263,68.754,69.278,69.387,82.859,80.195,81.52,20,20,49,multiprocess_sample_only,,
yjit-off/puma-response-string-2048kb/puma-1w-3t/repeat-1,yjit-off,false,puma-response-string-2048kb,puma-response-time-wrk,puma/benchmarks/local/response_time_wrk,https://github.com/puma/puma/blob/main/benchmarks/local/response_time_wrk.rb,puma-1w-3t,3,puma,1,3,3186,1000,5.008,5.0,1000,1256,2.008,2.0,5,true,3186,0,636.236,7.518,12.532,14.691,16.386,17.0,82.199,82.199,80.195,20,20,59,multiprocess_sample_only,,
yjit-off/puma-response-io-2048kb/puma-1w-3t/repeat-1,yjit-off,false,puma-response-io-2048kb,puma-response-time-wrk,puma/benchmarks/local/response_time_wrk,https://github.com/puma/puma/blob/main/benchmarks/local/response_time_wrk.rb,puma-1w-3t,3,puma,1,3,3333,1000,5.007,5.0,1000,1346,2.006,2.0,5,true,3333,0,665.656,7.258,11.911,13.968,15.051,15.26,82.199,82.199,78.655,20,20,60,multiprocess_sample_only,,
yjit-off/puma-long-tail-fib-200ms-x6p0/puma-1w-3t/repeat-1,yjit-off,false,puma-long-tail-fib-200ms-x6p0,puma-long-tail-hey,puma/benchmarks/local/long_tail_hey + test/rackup/sleep_fibonacci,https://github.com/puma/puma/blob/main/benchmarks/local/long_tail_hey.rb,puma-1w-3t,3,puma,1,3,360,360,50.783,5.0,360,360,50.925,2.0,18,true,360,0,7.089,2539.635,2560.419,2568.674,2577.633,2577.791,99.359,99.359,83.885,20,20,740,multiprocess_sample_only,,
yjit-off/puma-long-tail-fib-200ms-x4p0/puma-1w-3t/repeat-1,yjit-off,false,puma-long-tail-fib-200ms-x4p0,puma-long-tail-hey,puma/benchmarks/local/long_tail_hey + test/rackup/sleep_fibonacci,https://github.com/puma/puma/blob/main/benchmarks/local/long_tail_hey.rb,puma-1w-3t,3,puma,1,3,240,240,33.863,5.0,240,240,33.963,2.0,12,true,240,0,7.087,1693.02,1709.084,1714.85,1722.967,1724.431,99.988,99.988,87.31,20,20,494,multiprocess_sample_only,,
yjit-off/puma-long-tail-fib-200ms-x3p0/puma-1w-3t/repeat-1,yjit-off,false,puma-long-tail-fib-200ms-x3p0,puma-long-tail-hey,puma/benchmarks/local/long_tail_hey + test/rackup/sleep_fibonacci,https://github.com/puma/puma/blob/main/benchmarks/local/long_tail_hey.rb,puma-1w-3t,3,puma,1,3,180,180,25.378,5.0,180,180,25.467,2.0,9,true,180,0,7.093,1268.322,1282.542,1284.082,1284.48,1284.565,103.684,103.684,88.975,20,20,371,multiprocess_sample_only,,
yjit-off/puma-long-tail-fib-200ms-x2p0/puma-1w-3t/repeat-1,yjit-off,false,puma-long-tail-fib-200ms-x2p0,puma-long-tail-hey,puma/benchmarks/local/long_tail_hey + test/rackup/sleep_fibonacci,https://github.com/puma/puma/blob/main/benchmarks/local/long_tail_hey.rb,puma-1w-3t,3,puma,1,3,120,120,16.936,5.0,120,120,16.951,2.0,6,true,120,0,7.086,846.713,859.585,860.758,862.445,862.664,103.938,103.938,89.89,20,20,248,multiprocess_sample_only,,
yjit-off/puma-long-tail-fib-200ms-x1p5/puma-1w-3t/repeat-1,yjit-off,false,puma-long-tail-fib-200ms-x1p5,puma-long-tail-hey,puma/benchmarks/local/long_tail_hey + test/rackup/sleep_fibonacci,https://github.com/puma/puma/blob/main/benchmarks/local/long_tail_hey.rb,puma-1w-3t,3,puma,1,3,100,100,14.112,5.0,100,100,14.147,2.0,5,true,100,0,7.086,799.278,847.501,852.111,853.953,854.157,103.938,103.938,90.5,20,20,207,multiprocess_sample_only,,
yjit-off/puma-long-tail-fib-200ms-x1p0/puma-1w-3t/repeat-1,yjit-off,false,puma-long-tail-fib-200ms-x1p0,puma-long-tail-hey,puma/benchmarks/local/long_tail_hey + test/rackup/sleep_fibonacci,https://github.com/puma/puma/blob/main/benchmarks/local/long_tail_hey.rb,puma-1w-3t,3,puma,1,3,60,60,8.466,5.0,60,60,8.468,2.0,3,true,60,0,7.087,422.931,425.71,426.091,426.387,426.42,103.941,103.941,90.855,20,20,125,multiprocess_sample_only,,
yjit-off/puma-long-tail-fib-200ms-x0p5/puma-1w-3t/repeat-1,yjit-off,false,puma-long-tail-fib-200ms-x0p5,puma-long-tail-hey,puma/benchmarks/local/long_tail_hey + test/rackup/sleep_fibonacci,https://github.com/puma/puma/blob/main/benchmarks/local/long_tail_hey.rb,puma-1w-3t,3,puma,1,3,40,40,5.64,5.0,40,40,5.638,2.0,2,true,40,0,7.093,281.785,282.616,282.873,282.913,282.918,104.566,104.566,91.075,20,20,84,multiprocess_sample_only,,
yjit-off/puma-sleep-fibonacci-1ms/puma-1w-3t/repeat-1,yjit-off,false,puma-sleep-fibonacci-1ms,puma-sleep-fibonacci-test,puma/benchmarks/local/sleep_fibonacci_test + test/rackup/sleep_fibonacci,https://github.com/puma/puma/blob/main/benchmarks/local/sleep_fibonacci_test.rb,puma-1w-3t,3,puma,1,3,3549,10,5.001,5.0,10,1425,2.0,2.0,1,true,3549,0,709.645,1.366,1.499,1.74,2.273,2.517,111.613,111.613,90.94,20,20,74,multiprocess_sample_only,,
yjit-off/puma-sleep-fibonacci-5ms/puma-1w-3t/repeat-1,yjit-off,false,puma-sleep-fibonacci-5ms,puma-sleep-fibonacci-test,puma/benchmarks/local/sleep_fibonacci_test + test/rackup/sleep_fibonacci,https://github.com/puma/puma/blob/main/benchmarks/local/sleep_fibonacci_test.rb,puma-1w-3t,3,puma,1,3,937,10,5.002,5.0,10,376,2.004,2.0,1,true,937,0,187.344,5.295,5.435,5.581,5.968,6.143,113.254,113.254,90.69,20,20,74,multiprocess_sample_only,,
yjit-off/puma-sleep-fibonacci-10ms/puma-1w-3t/repeat-1,yjit-off,false,puma-sleep-fibonacci-10ms,puma-sleep-fibonacci-test,puma/benchmarks/local/sleep_fibonacci_test + test/rackup/sleep_fibonacci,https://github.com/puma/puma/blob/main/benchmarks/local/sleep_fibonacci_test.rb,puma-1w-3t,3,puma,1,3,481,10,5.006,5.0,10,193,2.005,2.0,1,true,481,0,96.085,10.355,10.483,10.648,11.195,11.557,115.73,115.73,90.45,20,20,74,multiprocess_sample_only,,
yjit-off/puma-sleep-fibonacci-50ms/puma-1w-3t/repeat-1,yjit-off,false,puma-sleep-fibonacci-50ms,puma-sleep-fibonacci-test,puma/benchmarks/local/sleep_fibonacci_test + test/rackup/sleep_fibonacci,https://github.com/puma/puma/blob/main/benchmarks/local/sleep_fibonacci_test.rb,puma-1w-3t,3,puma,1,3,99,10,5.008,5.0,10,40,2.029,2.0,1,true,99,0,19.768,50.519,50.705,51.182,51.374,51.395,117.984,117.984,90.2,20,20,74,multiprocess_sample_only,,
yjit-off/puma-sleep-fibonacci-100ms/puma-1w-3t/repeat-1,yjit-off,false,puma-sleep-fibonacci-100ms,puma-sleep-fibonacci-test,puma/benchmarks/local/sleep_fibonacci_test + test/rackup/sleep_fibonacci,https://github.com/puma/puma/blob/main/benchmarks/local/sleep_fibonacci_test.rb,puma-1w-3t,3,puma,1,3,50,10,5.032,5.0,10,20,2.016,2.0,1,true,50,0,9.936,100.564,100.727,100.854,100.866,100.868,117.984,117.984,89.94,20,20,75,multiprocess_sample_only,,
yjit-off/puma-sleep-fibonacci-200ms/puma-1w-3t/repeat-1,yjit-off,false,puma-sleep-fibonacci-200ms,puma-sleep-fibonacci-test,puma/benchmarks/local/sleep_fibonacci_test + test/rackup/sleep_fibonacci,https://github.com/puma/puma/blob/main/benchmarks/local/sleep_fibonacci_test.rb,puma-1w-3t,3,puma,1,3,25,10,5.017,5.0,10,10,2.008,2.0,1,true,25,0,4.983,200.592,200.719,200.781,200.798,200.799,117.984,117.984,89.685,20,20,74,multiprocess_sample_only,,
yjit-off/puma-response-array-1kb/puma-1w-3t/repeat-2,yjit-off,false,puma-response-array-1kb,puma-response-time-wrk,puma/benchmarks/local/response_time_wrk,https://github.com/puma/puma/blob/main/benchmarks/local/response_time_wrk.rb,puma-1w-3t,3,puma,1,3,17438,1000,5.001,5.0,1000,7072,2.001,2.0,5,true,17438,0,3487.004,1.358,1.926,2.302,2.908,4.002,63.695,63.285,100.58,20,20,72,multiprocess_sample_only,,
yjit-off/puma-response-chunk-1kb/puma-1w-3t/repeat-2,yjit-off,false,puma-response-chunk-1kb,puma-response-time-wrk,puma/benchmarks/local/response_time_wrk,https://github.com/puma/puma/blob/main/benchmarks/local/response_time_wrk.rb,puma-1w-3t,3,puma,1,3,16468,1000,5.001,5.0,1000,7022,2.001,2.0,5,true,16468,0,3292.894,1.433,2.068,2.517,3.245,3.781,63.805,63.773,97.325,20,20,72,multiprocess_sample_only,,
yjit-off/puma-response-string-1kb/puma-1w-3t/repeat-2,yjit-off,false,puma-response-string-1kb,puma-response-time-wrk,puma/benchmarks/local/response_time_wrk,https://github.com/puma/puma/blob/main/benchmarks/local/response_time_wrk.rb,puma-1w-3t,3,puma,1,3,16756,1000,5.001,5.0,1000,7008,2.001,2.0,5,true,16756,0,3350.402,1.406,2.047,2.467,3.054,4.514,63.59,63.59,96.55,20,20,72,multiprocess_sample_only,,
yjit-off/puma-response-io-1kb/puma-1w-3t/repeat-2,yjit-off,false,puma-response-io-1kb,puma-response-time-wrk,puma/benchmarks/local/response_time_wrk,https://github.com/puma/puma/blob/main/benchmarks/local/response_time_wrk.rb,puma-1w-3t,3,puma,1,3,16448,1000,5.001,5.0,1000,6637,2.001,2.0,5,true,16448,0,3288.793,1.442,2.241,2.726,3.244,3.933,64.113,64.113,97.675,20,20,73,multiprocess_sample_only,,
yjit-off/puma-response-array-10kb/puma-1w-3t/repeat-2,yjit-off,false,puma-response-array-10kb,puma-response-time-wrk,puma/benchmarks/local/response_time_wrk,https://github.com/puma/puma/blob/main/benchmarks/local/response_time_wrk.rb,puma-1w-3t,3,puma,1,3,17023,1000,5.001,5.0,1000,6982,2.001,2.0,5,true,17023,0,3404.013,1.382,2.007,2.447,2.964,3.444,66.137,65.93,98.075,20,20,72,multiprocess_sample_only,,
yjit-off/puma-response-chunk-10kb/puma-1w-3t/repeat-2,yjit-off,false,puma-response-chunk-10kb,puma-response-time-wrk,puma/benchmarks/local/response_time_wrk,https://github.com/puma/puma/blob/main/benchmarks/local/response_time_wrk.rb,puma-1w-3t,3,puma,1,3,14772,1000,5.001,5.0,1000,6149,2.002,2.0,5,true,14772,0,2953.746,1.6,2.371,2.923,3.769,5.525,66.219,66.219,97.465,20,20,72,multiprocess_sample_only,,
yjit-off/puma-response-string-10kb/puma-1w-3t/repeat-2,yjit-off,false,puma-response-string-10kb,puma-response-time-wrk,puma/benchmarks/local/response_time_wrk,https://github.com/puma/puma/blob/main/benchmarks/local/response_time_wrk.rb,puma-1w-3t,3,puma,1,3,16580,1000,5.001,5.0,1000,6921,2.001,2.0,5,true,16580,0,3315.07,1.414,2.099,2.574,3.209,4.092,66.27,66.27,97.025,20,20,72,multiprocess_sample_only,,
yjit-off/puma-response-io-10kb/puma-1w-3t/repeat-2,yjit-off,false,puma-response-io-10kb,puma-response-time-wrk,puma/benchmarks/local/response_time_wrk,https://github.com/puma/puma/blob/main/benchmarks/local/response_time_wrk.rb,puma-1w-3t,3,puma,1,3,15865,1000,5.002,5.0,1000,6348,2.001,2.0,5,true,15865,0,3172.032,1.48,2.387,2.875,3.58,4.515,68.324,67.086,97.585,20,20,73,multiprocess_sample_only,,
yjit-off/puma-response-array-100kb/puma-1w-3t/repeat-2,yjit-off,false,puma-response-array-100kb,puma-response-time-wrk,puma/benchmarks/local/response_time_wrk,https://github.com/puma/puma/blob/main/benchmarks/local/response_time_wrk.rb,puma-1w-3t,3,puma,1,3,12775,1000,5.001,5.0,1000,5212,2.002,2.0,5,true,12775,0,2554.242,1.85,2.661,3.368,3.937,4.557,77.617,76.703,97.725,20,20,71,multiprocess_sample_only,,
yjit-off/puma-response-chunk-100kb/puma-1w-3t/repeat-2,yjit-off,false,puma-response-chunk-100kb,puma-response-time-wrk,puma/benchmarks/local/response_time_wrk,https://github.com/puma/puma/blob/main/benchmarks/local/response_time_wrk.rb,puma-1w-3t,3,puma,1,3,7243,1000,5.003,5.0,1000,2972,2.003,2.0,5,true,7243,0,1447.858,3.34,4.361,6.195,7.173,8.071,71.984,71.422,96.32,20,20,68,multiprocess_sample_only,,
yjit-off/puma-response-string-100kb/puma-1w-3t/repeat-2,yjit-off,false,puma-response-string-100kb,puma-response-time-wrk,puma/benchmarks/local/response_time_wrk,https://github.com/puma/puma/blob/main/benchmarks/local/response_time_wrk.rb,puma-1w-3t,3,puma,1,3,13002,1000,5.001,5.0,1000,5485,2.001,2.0,5,true,13002,0,2599.661,1.807,2.661,3.395,3.938,4.572,77.309,75.41,95.26,20,20,71,multiprocess_sample_only,,
yjit-off/puma-response-io-100kb/puma-1w-3t/repeat-2,yjit-off,false,puma-response-io-100kb,puma-response-time-wrk,puma/benchmarks/local/response_time_wrk,https://github.com/puma/puma/blob/main/benchmarks/local/response_time_wrk.rb,puma-1w-3t,3,puma,1,3,13241,1000,5.016,5.0,1000,5439,2.03,2.0,5,true,13241,0,2639.71,1.612,2.439,3.323,42.531,44.065,66.996,66.434,95.015,20,20,72,multiprocess_sample_only,,
yjit-off/puma-response-array-256kb/puma-1w-3t/repeat-2,yjit-off,false,puma-response-array-256kb,puma-response-time-wrk,puma/benchmarks/local/response_time_wrk,https://github.com/puma/puma/blob/main/benchmarks/local/response_time_wrk.rb,puma-1w-3t,3,puma,1,3,9596,1000,5.002,5.0,1000,3813,2.002,2.0,5,true,9596,0,1918.416,2.304,3.859,6.452,16.236,18.904,97.098,94.918,94.795,20,20,70,multiprocess_sample_only,,
yjit-off/puma-response-chunk-256kb/puma-1w-3t/repeat-2,yjit-off,false,puma-response-chunk-256kb,puma-response-time-wrk,puma/benchmarks/local/response_time_wrk,https://github.com/puma/puma/blob/main/benchmarks/local/response_time_wrk.rb,puma-1w-3t,3,puma,1,3,4088,1000,5.006,5.0,1000,1688,2.006,2.0,5,true,4088,0,816.58,5.91,10.035,11.43,12.658,13.389,74.973,74.047,93.51,20,20,63,multiprocess_sample_only,,
yjit-off/puma-response-string-256kb/puma-1w-3t/repeat-2,yjit-off,false,puma-response-string-256kb,puma-response-time-wrk,puma/benchmarks/local/response_time_wrk,https://github.com/puma/puma/blob/main/benchmarks/local/response_time_wrk.rb,puma-1w-3t,3,puma,1,3,9592,1000,5.002,5.0,1000,4000,2.002,2.0,5,true,9592,0,1917.761,2.269,4.147,6.647,16.549,20.253,71.438,71.438,92.0,20,20,69,multiprocess_sample_only,,
yjit-off/puma-response-io-256kb/puma-1w-3t/repeat-2,yjit-off,false,puma-response-io-256kb,puma-response-time-wrk,puma/benchmarks/local/response_time_wrk,https://github.com/puma/puma/blob/main/benchmarks/local/response_time_wrk.rb,puma-1w-3t,3,puma,1,3,9976,1000,5.002,5.0,1000,3886,2.002,2.0,5,true,9976,0,1994.506,2.185,3.972,6.186,14.949,44.288,71.438,71.063,90.675,20,20,69,multiprocess_sample_only,,
yjit-off/puma-response-array-512kb/puma-1w-3t/repeat-2,yjit-off,false,puma-response-array-512kb,puma-response-time-wrk,puma/benchmarks/local/response_time_wrk,https://github.com/puma/puma/blob/main/benchmarks/local/response_time_wrk.rb,puma-1w-3t,3,puma,1,3,7517,1000,5.003,5.0,1000,3032,2.003,2.0,5,true,7517,0,1502.614,2.926,4.994,15.848,19.377,21.34,120.734,116.375,90.365,20,20,70,multiprocess_sample_only,,
yjit-off/puma-response-chunk-512kb/puma-1w-3t/repeat-2,yjit-off,false,puma-response-chunk-512kb,puma-response-time-wrk,puma/benchmarks/local/response_time_wrk,https://github.com/puma/puma/blob/main/benchmarks/local/response_time_wrk.rb,puma-1w-3t,3,puma,1,3,2339,1000,5.009,5.0,1000,1000,2.127,2.0,5,true,2339,0,466.968,10.471,17.894,19.797,20.646,20.896,78.488,76.723,89.355,20,20,55,multiprocess_sample_only,,
yjit-off/puma-response-string-512kb/puma-1w-3t/repeat-2,yjit-off,false,puma-response-string-512kb,puma-response-time-wrk,puma/benchmarks/local/response_time_wrk,https://github.com/puma/puma/blob/main/benchmarks/local/response_time_wrk.rb,puma-1w-3t,3,puma,1,3,7445,1000,5.002,5.0,1000,3113,2.009,2.0,5,true,7445,0,1488.416,2.839,5.523,15.892,19.852,21.627,75.465,75.465,88.01,20,20,67,multiprocess_sample_only,,
yjit-off/puma-response-io-512kb/puma-1w-3t/repeat-2,yjit-off,false,puma-response-io-512kb,puma-response-time-wrk,puma/benchmarks/local/response_time_wrk,https://github.com/puma/puma/blob/main/benchmarks/local/response_time_wrk.rb,puma-1w-3t,3,puma,1,3,7541,1000,5.003,5.0,1000,3051,2.002,2.0,5,true,7541,0,1507.215,2.815,5.363,15.544,19.815,217.235,75.465,75.465,86.625,20,20,67,multiprocess_sample_only,,
yjit-off/puma-response-array-1024kb/puma-1w-3t/repeat-2,yjit-off,false,puma-response-array-1024kb,puma-response-time-wrk,puma/benchmarks/local/response_time_wrk,https://github.com/puma/puma/blob/main/benchmarks/local/response_time_wrk.rb,puma-1w-3t,3,puma,1,3,5000,1000,5.005,5.0,1000,1966,2.004,2.0,5,true,5000,0,998.957,4.674,7.577,18.398,22.553,24.677,141.367,117.625,86.41,20,20,71,multiprocess_sample_only,,
yjit-off/puma-response-chunk-1024kb/puma-1w-3t/repeat-2,yjit-off,false,puma-response-chunk-1024kb,puma-response-time-wrk,puma/benchmarks/local/response_time_wrk,https://github.com/puma/puma/blob/main/benchmarks/local/response_time_wrk.rb,puma-1w-3t,3,puma,1,3,1257,1000,5.017,5.0,1000,1000,3.934,2.0,5,true,1257,0,250.541,19.8,21.372,36.021,36.526,36.635,79.102,77.176,85.505,20,20,45,multiprocess_sample_only,,
yjit-off/puma-response-string-1024kb/puma-1w-3t/repeat-2,yjit-off,false,puma-response-string-1024kb,puma-response-time-wrk,puma/benchmarks/local/response_time_wrk,https://github.com/puma/puma/blob/main/benchmarks/local/response_time_wrk.rb,puma-1w-3t,3,puma,1,3,5098,1000,5.004,5.0,1000,2108,2.004,2.0,5,true,5098,0,1018.809,4.262,8.045,18.874,23.412,25.461,78.965,78.965,84.205,20,20,65,multiprocess_sample_only,,
yjit-off/puma-response-io-1024kb/puma-1w-3t/repeat-2,yjit-off,false,puma-response-io-1024kb,puma-response-time-wrk,puma/benchmarks/local/response_time_wrk,https://github.com/puma/puma/blob/main/benchmarks/local/response_time_wrk.rb,puma-1w-3t,3,puma,1,3,5070,1000,5.003,5.0,1000,2094,2.003,2.0,5,true,5070,0,1013.354,4.334,8.013,18.594,23.271,25.695,79.031,79.031,82.57,20,20,64,multiprocess_sample_only,,
yjit-off/puma-response-array-2048kb/puma-1w-3t/repeat-2,yjit-off,false,puma-response-array-2048kb,puma-response-time-wrk,puma/benchmarks/local/response_time_wrk,https://github.com/puma/puma/blob/main/benchmarks/local/response_time_wrk.rb,puma-1w-3t,3,puma,1,3,2822,1000,5.007,5.0,1000,1150,2.008,2.0,5,true,2822,0,563.57,8.691,13.824,15.912,25.259,28.164,125.207,76.801,82.41,20,20,72,multiprocess_sample_only,,
yjit-off/puma-response-chunk-2048kb/puma-1w-3t/repeat-2,yjit-off,false,puma-response-chunk-2048kb,puma-response-time-wrk,puma/benchmarks/local/response_time_wrk,https://github.com/puma/puma/blob/main/benchmarks/local/response_time_wrk.rb,puma-1w-3t,3,puma,1,3,1000,1000,7.423,5.0,1000,1000,7.348,2.0,5,true,1000,0,134.723,36.807,38.29,67.154,68.178,69.705,81.566,80.457,81.285,20,20,48,multiprocess_sample_only,,
yjit-off/puma-response-string-2048kb/puma-1w-3t/repeat-2,yjit-off,false,puma-response-string-2048kb,puma-response-time-wrk,puma/benchmarks/local/response_time_wrk,https://github.com/puma/puma/blob/main/benchmarks/local/response_time_wrk.rb,puma-1w-3t,3,puma,1,3,3138,1000,5.006,5.0,1000,1266,2.008,2.0,5,true,3138,0,626.906,7.405,13.29,16.056,29.745,35.27,82.488,82.488,80.055,20,20,59,multiprocess_sample_only,,
yjit-off/puma-response-io-2048kb/puma-1w-3t/repeat-2,yjit-off,false,puma-response-io-2048kb,puma-response-time-wrk,puma/benchmarks/local/response_time_wrk,https://github.com/puma/puma/blob/main/benchmarks/local/response_time_wrk.rb,puma-1w-3t,3,puma,1,3,3306,1000,5.006,5.0,1000,1317,2.005,2.0,5,true,3306,0,660.393,7.154,12.532,14.336,24.165,30.882,82.488,82.488,78.48,20,20,60,multiprocess_sample_only,,
yjit-off/puma-long-tail-fib-200ms-x6p0/puma-1w-3t/repeat-2,yjit-off,false,puma-long-tail-fib-200ms-x6p0,puma-long-tail-hey,puma/benchmarks/local/long_tail_hey + test/rackup/sleep_fibonacci,https://github.com/puma/puma/blob/main/benchmarks/local/long_tail_hey.rb,puma-1w-3t,3,puma,1,3,360,360,51.031,5.0,360,360,51.187,2.0,18,true,360,0,7.055,2550.982,2561.963,2563.285,2577.972,2578.215,99.0,99.0,83.77,20,20,744,multiprocess_sample_only,,
yjit-off/puma-long-tail-fib-200ms-x4p0/puma-1w-3t/repeat-2,yjit-off,false,puma-long-tail-fib-200ms-x4p0,puma-long-tail-hey,puma/benchmarks/local/long_tail_hey + test/rackup/sleep_fibonacci,https://github.com/puma/puma/blob/main/benchmarks/local/long_tail_hey.rb,puma-1w-3t,3,puma,1,3,240,240,34.026,5.0,240,240,34.112,2.0,12,true,240,0,7.053,1700.791,1710.813,1729.108,1736.677,1738.808,99.129,99.129,87.23,20,20,497,multiprocess_sample_only,,
yjit-off/puma-long-tail-fib-200ms-x3p0/puma-1w-3t/repeat-2,yjit-off,false,puma-long-tail-fib-200ms-x3p0,puma-long-tail-hey,puma/benchmarks/local/long_tail_hey + test/rackup/sleep_fibonacci,https://github.com/puma/puma/blob/main/benchmarks/local/long_tail_hey.rb,puma-1w-3t,3,puma,1,3,180,180,25.525,5.0,180,180,25.579,2.0,9,true,180,0,7.052,1276.554,1296.068,1304.943,1310.294,1311.397,101.555,101.555,88.915,20,20,373,multiprocess_sample_only,,
yjit-off/puma-long-tail-fib-200ms-x2p0/puma-1w-3t/repeat-2,yjit-off,false,puma-long-tail-fib-200ms-x2p0,puma-long-tail-hey,puma/benchmarks/local/long_tail_hey + test/rackup/sleep_fibonacci,https://github.com/puma/puma/blob/main/benchmarks/local/long_tail_hey.rb,puma-1w-3t,3,puma,1,3,120,120,17.005,5.0,120,120,17.056,2.0,6,true,120,0,7.057,850.333,860.361,860.941,861.123,861.139,101.563,101.563,89.845,20,20,249,multiprocess_sample_only,,
yjit-off/puma-long-tail-fib-200ms-x1p5/puma-1w-3t/repeat-2,yjit-off,false,puma-long-tail-fib-200ms-x1p5,puma-long-tail-hey,puma/benchmarks/local/long_tail_hey + test/rackup/sleep_fibonacci,https://github.com/puma/puma/blob/main/benchmarks/local/long_tail_hey.rb,puma-1w-3t,3,puma,1,3,100,100,14.234,5.0,100,100,14.206,2.0,5,true,100,0,7.025,818.298,851.202,855.351,860.584,861.165,101.563,101.563,90.45,20,20,209,multiprocess_sample_only,,
yjit-off/puma-long-tail-fib-200ms-x1p0/puma-1w-3t/repeat-2,yjit-off,false,puma-long-tail-fib-200ms-x1p0,puma-long-tail-hey,puma/benchmarks/local/long_tail_hey + test/rackup/sleep_fibonacci,https://github.com/puma/puma/blob/main/benchmarks/local/long_tail_hey.rb,puma-1w-3t,3,puma,1,3,60,60,8.504,5.0,60,60,8.529,2.0,3,true,60,0,7.055,425.155,428.884,430.497,431.427,431.53,103.5,103.5,90.81,20,20,125,multiprocess_sample_only,,
yjit-off/puma-long-tail-fib-200ms-x0p5/puma-1w-3t/repeat-2,yjit-off,false,puma-long-tail-fib-200ms-x0p5,puma-long-tail-hey,puma/benchmarks/local/long_tail_hey + test/rackup/sleep_fibonacci,https://github.com/puma/puma/blob/main/benchmarks/local/long_tail_hey.rb,puma-1w-3t,3,puma,1,3,40,40,5.67,5.0,40,40,5.672,2.0,2,true,40,0,7.055,283.552,286.284,287.815,288.593,288.68,106.629,106.629,91.035,20,20,84,multiprocess_sample_only,,
yjit-off/puma-sleep-fibonacci-1ms/puma-1w-3t/repeat-2,yjit-off,false,puma-sleep-fibonacci-1ms,puma-sleep-fibonacci-test,puma/benchmarks/local/sleep_fibonacci_test + test/rackup/sleep_fibonacci,https://github.com/puma/puma/blob/main/benchmarks/local/sleep_fibonacci_test.rb,puma-1w-3t,3,puma,1,3,3503,10,5.001,5.0,10,1399,2.001,2.0,1,true,3503,0,700.484,1.378,1.529,1.888,2.33,2.552,111.703,111.703,90.9,20,20,74,multiprocess_sample_only,,
yjit-off/puma-sleep-fibonacci-5ms/puma-1w-3t/repeat-2,yjit-off,false,puma-sleep-fibonacci-5ms,puma-sleep-fibonacci-test,puma/benchmarks/local/sleep_fibonacci_test + test/rackup/sleep_fibonacci,https://github.com/puma/puma/blob/main/benchmarks/local/sleep_fibonacci_test.rb,puma-1w-3t,3,puma,1,3,935,10,5.002,5.0,10,377,2.004,2.0,1,true,935,0,186.922,5.304,5.447,5.635,6.258,6.3,116.016,116.016,90.645,20,20,74,multiprocess_sample_only,,
yjit-off/puma-sleep-fibonacci-10ms/puma-1w-3t/repeat-2,yjit-off,false,puma-sleep-fibonacci-10ms,puma-sleep-fibonacci-test,puma/benchmarks/local/sleep_fibonacci_test + test/rackup/sleep_fibonacci,https://github.com/puma/puma/blob/main/benchmarks/local/sleep_fibonacci_test.rb,puma-1w-3t,3,puma,1,3,481,10,5.003,5.0,10,194,2.007,2.0,1,true,481,0,96.135,10.352,10.51,10.708,11.236,11.239,116.266,116.266,90.405,20,20,74,multiprocess_sample_only,,
yjit-off/puma-sleep-fibonacci-50ms/puma-1w-3t/repeat-2,yjit-off,false,puma-sleep-fibonacci-50ms,puma-sleep-fibonacci-test,puma/benchmarks/local/sleep_fibonacci_test + test/rackup/sleep_fibonacci,https://github.com/puma/puma/blob/main/benchmarks/local/sleep_fibonacci_test.rb,puma-1w-3t,3,puma,1,3,99,10,5.01,5.0,10,40,2.027,2.0,1,true,99,0,19.76,50.521,50.938,51.057,51.109,51.114,116.266,116.266,90.15,20,20,74,multiprocess_sample_only,,
yjit-off/puma-sleep-fibonacci-100ms/puma-1w-3t/repeat-2,yjit-off,false,puma-sleep-fibonacci-100ms,puma-sleep-fibonacci-test,puma/benchmarks/local/sleep_fibonacci_test + test/rackup/sleep_fibonacci,https://github.com/puma/puma/blob/main/benchmarks/local/sleep_fibonacci_test.rb,puma-1w-3t,3,puma,1,3,50,10,5.033,5.0,10,20,2.017,2.0,1,true,50,0,9.935,100.557,100.922,101.065,101.079,101.081,116.266,116.266,89.905,20,20,75,multiprocess_sample_only,,
yjit-off/puma-sleep-fibonacci-200ms/puma-1w-3t/repeat-2,yjit-off,false,puma-sleep-fibonacci-200ms,puma-sleep-fibonacci-test,puma/benchmarks/local/sleep_fibonacci_test + test/rackup/sleep_fibonacci,https://github.com/puma/puma/blob/main/benchmarks/local/sleep_fibonacci_test.rb,puma-1w-3t,3,puma,1,3,25,10,5.017,5.0,10,10,2.009,2.0,1,true,25,0,4.983,200.55,200.754,201.284,201.424,201.44,116.27,116.27,89.655,20,20,75,multiprocess_sample_only,,
yjit-off/puma-response-array-1kb/puma-1w-3t/repeat-3,yjit-off,false,puma-response-array-1kb,puma-response-time-wrk,puma/benchmarks/local/response_time_wrk,https://github.com/puma/puma/blob/main/benchmarks/local/response_time_wrk.rb,puma-1w-3t,3,puma,1,3,17546,1000,5.001,5.0,1000,7046,2.001,2.0,5,true,17546,0,3508.56,1.348,1.918,2.403,2.899,3.455,63.59,63.527,100.905,20,20,72,multiprocess_sample_only,,
yjit-off/puma-response-chunk-1kb/puma-1w-3t/repeat-3,yjit-off,false,puma-response-chunk-1kb,puma-response-time-wrk,puma/benchmarks/local/response_time_wrk,https://github.com/puma/puma/blob/main/benchmarks/local/response_time_wrk.rb,puma-1w-3t,3,puma,1,3,16853,1000,5.001,5.0,1000,7007,2.001,2.0,5,true,16853,0,3369.928,1.4,2.038,2.513,3.038,3.887,67.297,66.805,97.81,20,20,72,multiprocess_sample_only,,
yjit-off/puma-response-string-1kb/puma-1w-3t/repeat-3,yjit-off,false,puma-response-string-1kb,puma-response-time-wrk,puma/benchmarks/local/response_time_wrk,https://github.com/puma/puma/blob/main/benchmarks/local/response_time_wrk.rb,puma-1w-3t,3,puma,1,3,17433,1000,5.001,5.0,1000,7109,2.001,2.0,5,true,17433,0,3485.786,1.355,1.959,2.4,2.964,3.808,67.156,67.148,96.97,20,20,72,multiprocess_sample_only,,
yjit-off/puma-response-io-1kb/puma-1w-3t/repeat-3,yjit-off,false,puma-response-io-1kb,puma-response-time-wrk,puma/benchmarks/local/response_time_wrk,https://github.com/puma/puma/blob/main/benchmarks/local/response_time_wrk.rb,puma-1w-3t,3,puma,1,3,16905,1000,5.001,5.0,1000,6953,2.001,2.0,5,true,16905,0,3380.322,1.405,2.18,2.693,3.374,4.418,67.648,67.648,98.01,20,20,73,multiprocess_sample_only,,
yjit-off/puma-response-array-10kb/puma-1w-3t/repeat-3,yjit-off,false,puma-response-array-10kb,puma-response-time-wrk,puma/benchmarks/local/response_time_wrk,https://github.com/puma/puma/blob/main/benchmarks/local/response_time_wrk.rb,puma-1w-3t,3,puma,1,3,17265,1000,5.001,5.0,1000,7058,2.001,2.0,5,true,17265,0,3452.262,1.364,1.983,2.396,2.918,4.1,69.551,69.551,98.265,20,20,72,multiprocess_sample_only,,
yjit-off/puma-response-chunk-10kb/puma-1w-3t/repeat-3,yjit-off,false,puma-response-chunk-10kb,puma-response-time-wrk,puma/benchmarks/local/response_time_wrk,https://github.com/puma/puma/blob/main/benchmarks/local/response_time_wrk.rb,puma-1w-3t,3,puma,1,3,14748,1000,5.001,5.0,1000,6052,2.001,2.0,5,true,14748,0,2948.771,1.61,2.329,2.854,3.471,3.834,69.84,69.629,97.66,20,20,72,multiprocess_sample_only,,
yjit-off/puma-response-string-10kb/puma-1w-3t/repeat-3,yjit-off,false,puma-response-string-10kb,puma-response-time-wrk,puma/benchmarks/local/response_time_wrk,https://github.com/puma/puma/blob/main/benchmarks/local/response_time_wrk.rb,puma-1w-3t,3,puma,1,3,16900,1000,5.001,5.0,1000,6941,2.001,2.0,5,true,16900,0,3379.294,1.387,2.023,2.514,3.068,3.649,69.773,69.773,97.15,20,20,72,multiprocess_sample_only,,
yjit-off/puma-response-io-10kb/puma-1w-3t/repeat-3,yjit-off,false,puma-response-io-10kb,puma-response-time-wrk,puma/benchmarks/local/response_time_wrk,https://github.com/puma/puma/blob/main/benchmarks/local/response_time_wrk.rb,puma-1w-3t,3,puma,1,3,16020,1000,5.001,5.0,1000,6435,2.002,2.0,5,true,16020,0,3203.285,1.467,2.367,2.965,3.607,4.409,71.297,71.055,97.745,20,20,73,multiprocess_sample_only,,
yjit-off/puma-response-array-100kb/puma-1w-3t/repeat-3,yjit-off,false,puma-response-array-100kb,puma-response-time-wrk,puma/benchmarks/local/response_time_wrk,https://github.com/puma/puma/blob/main/benchmarks/local/response_time_wrk.rb,puma-1w-3t,3,puma,1,3,13137,1000,5.001,5.0,1000,5289,2.002,2.0,5,true,13137,0,2626.765,1.799,2.566,3.272,3.912,4.456,91.602,89.719,97.865,20,20,71,multiprocess_sample_only,,
yjit-off/puma-response-chunk-100kb/puma-1w-3t/repeat-3,yjit-off,false,puma-response-chunk-100kb,puma-response-time-wrk,puma/benchmarks/local/response_time_wrk,https://github.com/puma/puma/blob/main/benchmarks/local/response_time_wrk.rb,puma-1w-3t,3,puma,1,3,7292,1000,5.003,5.0,1000,2997,2.002,2.0,5,true,7292,0,1457.41,3.31,4.454,6.305,7.241,7.889,80.074,79.59,96.35,20,20,68,multiprocess_sample_only,,
yjit-off/puma-response-string-100kb/puma-1w-3t/repeat-3,yjit-off,false,puma-response-string-100kb,puma-response-time-wrk,puma/benchmarks/local/response_time_wrk,https://github.com/puma/puma/blob/main/benchmarks/local/response_time_wrk.rb,puma-1w-3t,3,puma,1,3,13139,1000,5.002,5.0,1000,5283,2.001,2.0,5,true,13139,0,2626.965,1.786,2.636,3.414,4.015,4.521,90.094,88.664,95.175,20,20,71,multiprocess_sample_only,,
yjit-off/puma-response-io-100kb/puma-1w-3t/repeat-3,yjit-off,false,puma-response-io-100kb,puma-response-time-wrk,puma/benchmarks/local/response_time_wrk,https://github.com/puma/puma/blob/main/benchmarks/local/response_time_wrk.rb,puma-1w-3t,3,puma,1,3,12922,1000,5.041,5.0,1000,5555,2.001,2.0,5,true,12922,0,2563.236,1.773,2.612,3.451,41.902,42.894,78.625,78.0,94.915,20,20,72,multiprocess_sample_only,,
yjit-off/puma-response-array-256kb/puma-1w-3t/repeat-3,yjit-off,false,puma-response-array-256kb,puma-response-time-wrk,puma/benchmarks/local/response_time_wrk,https://github.com/puma/puma/blob/main/benchmarks/local/response_time_wrk.rb,puma-1w-3t,3,puma,1,3,9507,1000,5.002,5.0,1000,3880,2.002,2.0,5,true,9507,0,1900.767,2.32,3.895,6.454,18.155,20.615,104.652,101.742,94.67,20,20,70,multiprocess_sample_only,,
yjit-off/puma-response-chunk-256kb/puma-1w-3t/repeat-3,yjit-off,false,puma-response-chunk-256kb,puma-response-time-wrk,puma/benchmarks/local/response_time_wrk,https://github.com/puma/puma/blob/main/benchmarks/local/response_time_wrk.rb,puma-1w-3t,3,puma,1,3,4097,1000,5.004,5.0,1000,1672,2.006,2.0,5,true,4097,0,818.684,5.934,9.977,11.515,12.195,12.814,85.574,84.82,93.29,20,20,62,multiprocess_sample_only,,
yjit-off/puma-response-string-256kb/puma-1w-3t/repeat-3,yjit-off,false,puma-response-string-256kb,puma-response-time-wrk,puma/benchmarks/local/response_time_wrk,https://github.com/puma/puma/blob/main/benchmarks/local/response_time_wrk.rb,puma-1w-3t,3,puma,1,3,9697,1000,5.002,5.0,1000,3980,2.002,2.0,5,true,9697,0,1938.583,2.237,4.078,7.167,17.295,20.078,74.738,74.676,91.78,20,20,69,multiprocess_sample_only,,
yjit-off/puma-response-io-256kb/puma-1w-3t/repeat-3,yjit-off,false,puma-response-io-256kb,puma-response-time-wrk,puma/benchmarks/local/response_time_wrk,https://github.com/puma/puma/blob/main/benchmarks/local/response_time_wrk.rb,puma-1w-3t,3,puma,1,3,9607,1000,5.002,5.0,1000,4000,2.003,2.0,5,true,9607,0,1920.735,2.284,4.113,6.284,17.814,44.228,74.613,74.551,90.42,20,20,69,multiprocess_sample_only,,
yjit-off/puma-response-array-512kb/puma-1w-3t/repeat-3,yjit-off,false,puma-response-array-512kb,puma-response-time-wrk,puma/benchmarks/local/response_time_wrk,https://github.com/puma/puma/blob/main/benchmarks/local/response_time_wrk.rb,puma-1w-3t,3,puma,1,3,7723,1000,5.004,5.0,1000,2952,2.002,2.0,5,true,7723,0,1543.409,2.843,4.845,16.146,20.192,22.68,135.727,130.082,90.095,20,20,69,multiprocess_sample_only,,
yjit-off/puma-response-chunk-512kb/puma-1w-3t/repeat-3,yjit-off,false,puma-response-chunk-512kb,puma-response-time-wrk,puma/benchmarks/local/response_time_wrk,https://github.com/puma/puma/blob/main/benchmarks/local/response_time_wrk.rb,puma-1w-3t,3,puma,1,3,2332,1000,5.009,5.0,1000,1000,2.103,2.0,5,true,2332,0,465.528,10.538,17.466,19.823,20.85,21.01,89.781,88.734,89.105,20,20,55,multiprocess_sample_only,,
yjit-off/puma-response-string-512kb/puma-1w-3t/repeat-3,yjit-off,false,puma-response-string-512kb,puma-response-time-wrk,puma/benchmarks/local/response_time_wrk,https://github.com/puma/puma/blob/main/benchmarks/local/response_time_wrk.rb,puma-1w-3t,3,puma,1,3,7483,1000,5.003,5.0,1000,3205,2.002,2.0,5,true,7483,0,1495.748,2.837,5.448,16.699,20.734,23.07,82.449,82.449,87.74,20,20,67,multiprocess_sample_only,,
yjit-off/puma-response-io-512kb/puma-1w-3t/repeat-3,yjit-off,false,puma-response-io-512kb,puma-response-time-wrk,puma/benchmarks/local/response_time_wrk,https://github.com/puma/puma/blob/main/benchmarks/local/response_time_wrk.rb,puma-1w-3t,3,puma,1,3,7498,1000,5.003,5.0,1000,3062,2.002,2.0,5,true,7498,0,1498.834,2.81,5.355,16.786,20.999,211.577,82.449,82.449,86.29,20,20,67,multiprocess_sample_only,,
yjit-off/puma-response-array-1024kb/puma-1w-3t/repeat-3,yjit-off,false,puma-response-array-1024kb,puma-response-time-wrk,puma/benchmarks/local/response_time_wrk,https://github.com/puma/puma/blob/main/benchmarks/local/response_time_wrk.rb,puma-1w-3t,3,puma,1,3,5034,1000,5.004,5.0,1000,1975,2.005,2.0,5,true,5034,0,1005.98,4.561,7.583,19.755,23.004,24.424,139.191,117.152,86.06,20,20,71,multiprocess_sample_only,,
yjit-off/puma-response-chunk-1024kb/puma-1w-3t/repeat-3,yjit-off,false,puma-response-chunk-1024kb,puma-response-time-wrk,puma/benchmarks/local/response_time_wrk,https://github.com/puma/puma/blob/main/benchmarks/local/response_time_wrk.rb,puma-1w-3t,3,puma,1,3,1257,1000,5.017,5.0,1000,1000,3.935,2.0,5,true,1257,0,250.547,19.522,32.667,36.381,37.164,37.293,91.918,89.91,85.075,20,20,45,multiprocess_sample_only,,
yjit-off/puma-response-string-1024kb/puma-1w-3t/repeat-3,yjit-off,false,puma-response-string-1024kb,puma-response-time-wrk,puma/benchmarks/local/response_time_wrk,https://github.com/puma/puma/blob/main/benchmarks/local/response_time_wrk.rb,puma-1w-3t,3,puma,1,3,5017,1000,5.006,5.0,1000,2007,2.005,2.0,5,true,5017,0,1002.244,4.322,8.158,20.439,24.908,26.88,87.012,87.012,83.705,20,20,64,multiprocess_sample_only,,
yjit-off/puma-response-io-1024kb/puma-1w-3t/repeat-3,yjit-off,false,puma-response-io-1024kb,puma-response-time-wrk,puma/benchmarks/local/response_time_wrk,https://github.com/puma/puma/blob/main/benchmarks/local/response_time_wrk.rb,puma-1w-3t,3,puma,1,3,4939,1000,5.006,5.0,1000,1986,2.005,2.0,5,true,4939,0,986.623,4.423,8.369,20.33,24.982,27.094,87.074,87.074,82.04,20,20,64,multiprocess_sample_only,,
yjit-off/puma-response-array-2048kb/puma-1w-3t/repeat-3,yjit-off,false,puma-response-array-2048kb,puma-response-time-wrk,puma/benchmarks/local/response_time_wrk,https://github.com/puma/puma/blob/main/benchmarks/local/response_time_wrk.rb,puma-1w-3t,3,puma,1,3,2864,1000,5.008,5.0,1000,1144,2.006,2.0,5,true,2864,0,571.924,8.649,13.572,15.552,16.525,17.768,140.227,94.695,81.885,20,20,72,multiprocess_sample_only,,
yjit-off/puma-response-chunk-2048kb/puma-1w-3t/repeat-3,yjit-off,false,puma-response-chunk-2048kb,puma-response-time-wrk,puma/benchmarks/local/response_time_wrk,https://github.com/puma/puma/blob/main/benchmarks/local/response_time_wrk.rb,puma-1w-3t,3,puma,1,3,1000,1000,7.58,5.0,1000,1000,7.416,2.0,5,true,1000,0,131.933,37.586,59.867,69.071,70.054,70.328,95.793,92.957,80.765,20,20,50,multiprocess_sample_only,,
yjit-off/puma-response-string-2048kb/puma-1w-3t/repeat-3,yjit-off,false,puma-response-string-2048kb,puma-response-time-wrk,puma/benchmarks/local/response_time_wrk,https://github.com/puma/puma/blob/main/benchmarks/local/response_time_wrk.rb,puma-1w-3t,3,puma,1,3,3303,1000,5.006,5.0,1000,1311,2.008,2.0,5,true,3303,0,659.839,7.205,12.76,14.135,15.358,16.667,93.078,93.078,79.47,20,20,60,multiprocess_sample_only,,
yjit-off/puma-response-io-2048kb/puma-1w-3t/repeat-3,yjit-off,false,puma-response-io-2048kb,puma-response-time-wrk,puma/benchmarks/local/response_time_wrk,https://github.com/puma/puma/blob/main/benchmarks/local/response_time_wrk.rb,puma-1w-3t,3,puma,1,3,3337,1000,5.007,5.0,1000,1348,2.006,2.0,5,true,3337,0,666.455,7.114,12.4,14.329,15.366,16.035,93.145,93.145,77.95,20,20,60,multiprocess_sample_only,,
yjit-off/puma-long-tail-fib-200ms-x6p0/puma-1w-3t/repeat-3,yjit-off,false,puma-long-tail-fib-200ms-x6p0,puma-long-tail-hey,puma/benchmarks/local/long_tail_hey + test/rackup/sleep_fibonacci,https://github.com/puma/puma/blob/main/benchmarks/local/long_tail_hey.rb,puma-1w-3t,3,puma,1,3,360,360,50.954,5.0,360,360,51.074,2.0,18,true,360,0,7.065,2546.92,2569.243,2578.764,2588.869,2592.631,110.434,110.434,83.38,20,20,742,multiprocess_sample_only,,
yjit-off/puma-long-tail-fib-200ms-x4p0/puma-1w-3t/repeat-3,yjit-off,false,puma-long-tail-fib-200ms-x4p0,puma-long-tail-hey,puma/benchmarks/local/long_tail_hey + test/rackup/sleep_fibonacci,https://github.com/puma/puma/blob/main/benchmarks/local/long_tail_hey.rb,puma-1w-3t,3,puma,1,3,240,240,33.985,5.0,240,240,34.024,2.0,12,true,240,0,7.062,1698.951,1709.821,1727.436,1731.436,1731.959,114.844,114.844,86.92,20,20,496,multiprocess_sample_only,,
yjit-off/puma-long-tail-fib-200ms-x3p0/puma-1w-3t/repeat-3,yjit-off,false,puma-long-tail-fib-200ms-x3p0,puma-long-tail-hey,puma/benchmarks/local/long_tail_hey + test/rackup/sleep_fibonacci,https://github.com/puma/puma/blob/main/benchmarks/local/long_tail_hey.rb,puma-1w-3t,3,puma,1,3,180,180,25.465,5.0,180,180,25.521,2.0,9,true,180,0,7.069,1273.012,1283.143,1290.044,1296.656,1297.306,115.348,115.348,88.65,20,20,372,multiprocess_sample_only,,
yjit-off/puma-long-tail-fib-200ms-x2p0/puma-1w-3t/repeat-3,yjit-off,false,puma-long-tail-fib-200ms-x2p0,puma-long-tail-hey,puma/benchmarks/local/long_tail_hey + test/rackup/sleep_fibonacci,https://github.com/puma/puma/blob/main/benchmarks/local/long_tail_hey.rb,puma-1w-3t,3,puma,1,3,120,120,16.981,5.0,120,120,17.007,2.0,6,true,120,0,7.067,848.959,863.32,874.03,884.854,886.294,116.977,116.977,89.59,20,20,249,multiprocess_sample_only,,
yjit-off/puma-long-tail-fib-200ms-x1p5/puma-1w-3t/repeat-3,yjit-off,false,puma-long-tail-fib-200ms-x1p5,puma-long-tail-hey,puma/benchmarks/local/long_tail_hey + test/rackup/sleep_fibonacci,https://github.com/puma/puma/blob/main/benchmarks/local/long_tail_hey.rb,puma-1w-3t,3,puma,1,3,100,100,14.15,5.0,100,100,14.184,2.0,5,true,100,0,7.067,816.354,849.431,850.002,851.269,851.409,116.977,116.977,90.225,20,20,208,multiprocess_sample_only,,
yjit-off/puma-long-tail-fib-200ms-x1p0/puma-1w-3t/repeat-3,yjit-off,false,puma-long-tail-fib-200ms-x1p0,puma-long-tail-hey,puma/benchmarks/local/long_tail_hey + test/rackup/sleep_fibonacci,https://github.com/puma/puma/blob/main/benchmarks/local/long_tail_hey.rb,puma-1w-3t,3,puma,1,3,60,60,8.495,5.0,60,60,8.519,2.0,3,true,60,0,7.063,424.518,434.007,437.187,437.431,437.458,116.98,116.98,90.595,20,20,125,multiprocess_sample_only,,
yjit-off/puma-long-tail-fib-200ms-x0p5/puma-1w-3t/repeat-3,yjit-off,false,puma-long-tail-fib-200ms-x0p5,puma-long-tail-hey,puma/benchmarks/local/long_tail_hey + test/rackup/sleep_fibonacci,https://github.com/puma/puma/blob/main/benchmarks/local/long_tail_hey.rb,puma-1w-3t,3,puma,1,3,40,40,5.659,5.0,40,40,5.657,2.0,2,true,40,0,7.068,282.705,284.152,284.444,284.586,284.602,117.918,117.918,90.83,20,20,84,multiprocess_sample_only,,
yjit-off/puma-sleep-fibonacci-1ms/puma-1w-3t/repeat-3,yjit-off,false,puma-sleep-fibonacci-1ms,puma-sleep-fibonacci-test,puma/benchmarks/local/sleep_fibonacci_test + test/rackup/sleep_fibonacci,https://github.com/puma/puma/blob/main/benchmarks/local/sleep_fibonacci_test.rb,puma-1w-3t,3,puma,1,3,3595,10,5.0,5.0,10,1415,2.001,2.0,1,true,3595,0,718.957,1.352,1.474,1.695,2.241,2.345,127.27,127.27,90.7,20,20,74,multiprocess_sample_only,,
yjit-off/puma-sleep-fibonacci-5ms/puma-1w-3t/repeat-3,yjit-off,false,puma-sleep-fibonacci-5ms,puma-sleep-fibonacci-test,puma/benchmarks/local/sleep_fibonacci_test + test/rackup/sleep_fibonacci,https://github.com/puma/puma/blob/main/benchmarks/local/sleep_fibonacci_test.rb,puma-1w-3t,3,puma,1,3,942,10,5.005,5.0,10,378,2.002,2.0,1,true,942,0,188.207,5.274,5.402,5.533,6.19,6.35,127.27,127.27,90.45,20,20,74,multiprocess_sample_only,,
yjit-off/puma-sleep-fibonacci-10ms/puma-1w-3t/repeat-3,yjit-off,false,puma-sleep-fibonacci-10ms,puma-sleep-fibonacci-test,puma/benchmarks/local/sleep_fibonacci_test + test/rackup/sleep_fibonacci,https://github.com/puma/puma/blob/main/benchmarks/local/sleep_fibonacci_test.rb,puma-1w-3t,3,puma,1,3,482,10,5.003,5.0,10,193,2.003,2.0,1,true,482,0,96.345,10.338,10.463,10.624,10.686,10.686,127.27,127.27,90.215,20,20,74,multiprocess_sample_only,,
yjit-off/puma-sleep-fibonacci-50ms/puma-1w-3t/repeat-3,yjit-off,false,puma-sleep-fibonacci-50ms,puma-sleep-fibonacci-test,puma/benchmarks/local/sleep_fibonacci_test + test/rackup/sleep_fibonacci,https://github.com/puma/puma/blob/main/benchmarks/local/sleep_fibonacci_test.rb,puma-1w-3t,3,puma,1,3,99,10,5.004,5.0,10,40,2.02,2.0,1,true,99,0,19.786,50.482,50.604,50.664,50.683,50.685,127.27,127.27,89.965,20,20,74,multiprocess_sample_only,,
yjit-off/puma-sleep-fibonacci-100ms/puma-1w-3t/repeat-3,yjit-off,false,puma-sleep-fibonacci-100ms,puma-sleep-fibonacci-test,puma/benchmarks/local/sleep_fibonacci_test + test/rackup/sleep_fibonacci,https://github.com/puma/puma/blob/main/benchmarks/local/sleep_fibonacci_test.rb,puma-1w-3t,3,puma,1,3,50,10,5.032,5.0,10,20,2.013,2.0,1,true,50,0,9.936,100.584,100.766,100.805,100.813,100.814,127.457,127.457,89.72,20,20,75,multiprocess_sample_only,,
yjit-off/puma-sleep-fibonacci-200ms/puma-1w-3t/repeat-3,yjit-off,false,puma-sleep-fibonacci-200ms,puma-sleep-fibonacci-test,puma/benchmarks/local/sleep_fibonacci_test + test/rackup/sleep_fibonacci,https://github.com/puma/puma/blob/main/benchmarks/local/sleep_fibonacci_test.rb,puma-1w-3t,3,puma,1,3,25,10,5.016,5.0,10,10,2.007,2.0,1,true,25,0,4.984,200.57,200.694,200.757,200.774,200.776,127.457,127.457,89.465,20,20,75,multiprocess_sample_only,,
yjit-on/puma-response-array-1kb/raptor-3r/repeat-1,yjit-on,true,puma-response-array-1kb,puma-response-time-wrk,puma/benchmarks/local/response_time_wrk,https://github.com/puma/puma/blob/main/benchmarks/local/response_time_wrk.rb,raptor-3r,3,raptor,3,,1000,1000,16.129,5.0,1000,1000,16.17,2.0,5,true,1000,0,62.0,40.982,41.969,42.498,4031.559,4033.285,29.0,29.0,3.22,20,20,237,same_worker,29,719268
yjit-on/puma-response-chunk-1kb/raptor-3r/repeat-1,yjit-on,true,puma-response-chunk-1kb,puma-response-time-wrk,puma/benchmarks/local/response_time_wrk,https://github.com/puma/puma/blob/main/benchmarks/local/response_time_wrk.rb,raptor-3r,3,raptor,3,,1000,1000,16.122,5.0,1000,1000,16.138,2.0,5,true,1000,0,62.027,40.979,41.996,42.695,4035.642,4038.986,29.176,29.176,2.595,20,20,237,same_worker,28,715522
yjit-on/puma-response-string-1kb/raptor-3r/repeat-1,yjit-on,true,puma-response-string-1kb,puma-response-time-wrk,puma/benchmarks/local/response_time_wrk,https://github.com/puma/puma/blob/main/benchmarks/local/response_time_wrk.rb,raptor-3r,3,raptor,3,,1000,1000,16.107,5.0,1000,1000,16.145,2.0,5,true,1000,0,62.085,40.977,41.821,42.289,4029.0,4033.575,29.332,29.332,2.43,20,20,236,same_worker,28,719243
yjit-on/puma-response-io-1kb/raptor-3r/repeat-1,yjit-on,true,puma-response-io-1kb,puma-response-time-wrk,puma/benchmarks/local/response_time_wrk,https://github.com/puma/puma/blob/main/benchmarks/local/response_time_wrk.rb,raptor-3r,3,raptor,3,,1000,1000,16.125,5.0,1000,1000,16.148,2.0,5,true,1000,0,62.015,40.977,41.974,42.27,4028.996,4030.113,29.605,29.605,2.4,20,20,237,same_worker,29,725779
yjit-on/puma-response-array-10kb/raptor-3r/repeat-1,yjit-on,true,puma-response-array-10kb,puma-response-time-wrk,puma/benchmarks/local/response_time_wrk,https://github.com/puma/puma/blob/main/benchmarks/local/response_time_wrk.rb,raptor-3r,3,raptor,3,,1000,1000,16.119,5.0,1000,1000,16.125,2.0,5,true,1000,0,62.037,40.978,41.946,42.302,4028.916,4029.14,29.656,29.656,2.4,20,20,236,same_worker,29,719250
yjit-on/puma-response-chunk-10kb/raptor-3r/repeat-1,yjit-on,true,puma-response-chunk-10kb,puma-response-time-wrk,puma/benchmarks/local/response_time_wrk,https://github.com/puma/puma/blob/main/benchmarks/local/response_time_wrk.rb,raptor-3r,3,raptor,3,,1000,1000,16.114,5.0,1000,1000,16.157,2.0,5,true,1000,0,62.059,40.976,41.925,42.218,4025.659,4027.778,29.688,29.688,2.395,20,20,236,same_worker,29,716243
yjit-on/puma-response-string-10kb/raptor-3r/repeat-1,yjit-on,true,puma-response-string-10kb,puma-response-time-wrk,puma/benchmarks/local/response_time_wrk,https://github.com/puma/puma/blob/main/benchmarks/local/response_time_wrk.rb,raptor-3r,3,raptor,3,,1000,1000,16.114,5.0,1000,1000,16.135,2.0,5,true,1000,0,62.06,40.975,41.962,42.277,4027.287,4027.354,29.715,29.715,2.3,20,20,237,same_worker,30,719243
yjit-on/puma-response-io-10kb/raptor-3r/repeat-1,yjit-on,true,puma-response-io-10kb,puma-response-time-wrk,puma/benchmarks/local/response_time_wrk,https://github.com/puma/puma/blob/main/benchmarks/local/response_time_wrk.rb,raptor-3r,3,raptor,3,,1000,1000,16.117,5.0,1000,1000,16.158,2.0,5,true,1000,0,62.048,40.975,41.979,42.631,4026.447,4030.551,30.098,30.098,2.355,20,20,237,same_worker,31,745994
yjit-on/puma-response-array-100kb/raptor-3r/repeat-1,yjit-on,true,puma-response-array-100kb,puma-response-time-wrk,puma/benchmarks/local/response_time_wrk,https://github.com/puma/puma/blob/main/benchmarks/local/response_time_wrk.rb,raptor-3r,3,raptor,3,,1000,1000,15.129,5.0,1000,1000,14.132,2.0,5,true,1000,0,66.098,40.96,41.953,42.215,3666.517,3674.634,30.102,30.102,2.4,20,20,222,same_worker,31,721272
yjit-on/puma-response-chunk-100kb/raptor-3r/repeat-1,yjit-on,true,puma-response-chunk-100kb,puma-response-time-wrk,puma/benchmarks/local/response_time_wrk,https://github.com/puma/puma/blob/main/benchmarks/local/response_time_wrk.rb,raptor-3r,3,raptor,3,,1000,1000,14.761,5.0,1000,1000,13.7,2.0,5,true,1000,0,67.746,40.963,41.948,42.178,3792.516,3832.239,30.113,30.113,2.5,20,20,217,same_worker,30,716834
yjit-on/puma-response-string-100kb/raptor-3r/repeat-1,yjit-on,true,puma-response-string-100kb,puma-response-time-wrk,puma/benchmarks/local/response_time_wrk,https://github.com/puma/puma/blob/main/benchmarks/local/response_time_wrk.rb,raptor-3r,3,raptor,3,,12738,1000,5.002,5.0,1000,5035,2.001,2.0,5,true,12738,0,2546.816,1.064,1.959,6.803,114.079,147.232,30.617,30.617,3.62,20,20,72,same_worker,417,9159794
yjit-on/puma-response-io-100kb/raptor-3r/repeat-1,yjit-on,true,puma-response-io-100kb,puma-response-time-wrk,puma/benchmarks/local/response_time_wrk,https://github.com/puma/puma/blob/main/benchmarks/local/response_time_wrk.rb,raptor-3r,3,raptor,3,,1000,1000,14.892,5.0,1000,1000,13.486,2.0,5,true,1000,0,67.15,40.97,41.978,42.947,3638.068,3681.117,35.367,35.367,4.25,20,20,219,same_worker,46,925243
yjit-on/puma-response-array-256kb/raptor-3r/repeat-1,yjit-on,true,puma-response-array-256kb,puma-response-time-wrk,puma/benchmarks/local/response_time_wrk,https://github.com/puma/puma/blob/main/benchmarks/local/response_time_wrk.rb,raptor-3r,3,raptor,3,,1001,1000,7.235,5.0,1000,1000,9.738,2.0,5,true,1001,0,138.364,2.288,42.372,43.503,1603.803,2010.63,35.367,35.367,4.355,20,20,107,same_worker,34,719971
yjit-on/puma-response-chunk-256kb/raptor-3r/repeat-1,yjit-on,true,puma-response-chunk-256kb,puma-response-time-wrk,puma/benchmarks/local/response_time_wrk,https://github.com/puma/puma/blob/main/benchmarks/local/response_time_wrk.rb,raptor-3r,3,raptor,3,,1001,1000,9.083,5.0,1000,1000,8.827,2.0,5,true,1001,0,110.211,40.948,42.502,43.78,2333.057,2827.081,35.367,35.367,4.535,20,20,134,same_worker,36,718201
yjit-on/puma-response-string-256kb/raptor-3r/repeat-1,yjit-on,true,puma-response-string-256kb,puma-response-time-wrk,puma/benchmarks/local/response_time_wrk,https://github.com/puma/puma/blob/main/benchmarks/local/response_time_wrk.rb,raptor-3r,3,raptor,3,,9315,1000,5.002,5.0,1000,3814,2.002,2.0,5,true,9315,0,1862.361,1.337,2.773,42.327,158.798,207.343,35.426,35.426,5.28,20,20,72,same_worker,355,6696939
yjit-on/puma-response-io-256kb/raptor-3r/repeat-1,yjit-on,true,puma-response-io-256kb,puma-response-time-wrk,puma/benchmarks/local/response_time_wrk,https://github.com/puma/puma/blob/main/benchmarks/local/response_time_wrk.rb,raptor-3r,3,raptor,3,,1000,1000,12.356,5.0,1000,1000,11.303,2.0,5,true,1000,0,80.931,41.886,42.955,43.899,3113.292,3151.872,38.488,38.488,5.8,20,20,182,same_worker,78,1238072
yjit-on/puma-response-array-512kb/raptor-3r/repeat-1,yjit-on,true,puma-response-array-512kb,puma-response-time-wrk,puma/benchmarks/local/response_time_wrk,https://github.com/puma/puma/blob/main/benchmarks/local/response_time_wrk.rb,raptor-3r,3,raptor,3,,1000,1000,10.915,5.0,1000,1000,12.094,2.0,5,true,1000,0,91.614,41.887,43.065,44.694,2670.09,2754.965,38.488,38.488,5.97,20,20,160,same_worker,41,719249
yjit-on/puma-response-chunk-512kb/raptor-3r/repeat-1,yjit-on,true,puma-response-chunk-512kb,puma-response-time-wrk,puma/benchmarks/local/response_time_wrk,https://github.com/puma/puma/blob/main/benchmarks/local/response_time_wrk.rb,raptor-3r,3,raptor,3,,1000,1000,11.895,5.0,1000,1000,12.902,2.0,5,true,1000,0,84.069,41.924,42.977,44.676,3067.077,3168.686,38.496,38.496,6.16,20,20,175,same_worker,42,714836
yjit-on/puma-response-string-512kb/raptor-3r/repeat-1,yjit-on,true,puma-response-string-512kb,puma-response-time-wrk,puma/benchmarks/local/response_time_wrk,https://github.com/puma/puma/blob/main/benchmarks/local/response_time_wrk.rb,raptor-3r,3,raptor,3,,7238,1000,5.004,5.0,1000,2886,2.003,2.0,5,true,7238,0,1446.355,1.713,3.447,18.759,205.115,218.529,38.984,38.984,6.67,20,20,71,same_worker,206,5204083
yjit-on/puma-response-io-512kb/raptor-3r/repeat-1,yjit-on,true,puma-response-io-512kb,puma-response-time-wrk,puma/benchmarks/local/response_time_wrk,https://github.com/puma/puma/blob/main/benchmarks/local/response_time_wrk.rb,raptor-3r,3,raptor,3,,1000,1000,13.756,5.0,1000,1000,14.615,2.0,5,true,1000,0,72.698,41.95,42.993,43.954,3502.559,3598.292,47.652,47.652,7.09,20,20,202,same_worker,83,1747926
yjit-on/puma-response-array-1024kb/raptor-3r/repeat-1,yjit-on,true,puma-response-array-1024kb,puma-response-time-wrk,puma/benchmarks/local/response_time_wrk,https://github.com/puma/puma/blob/main/benchmarks/local/response_time_wrk.rb,raptor-3r,3,raptor,3,,1000,1000,14.079,5.0,1000,1000,14.549,2.0,5,true,1000,0,71.025,41.97,44.071,46.798,3505.855,3749.09,47.652,47.652,7.345,20,20,206,same_worker,29,719237
yjit-on/puma-response-chunk-1024kb/raptor-3r/repeat-1,yjit-on,true,puma-response-chunk-1024kb,puma-response-time-wrk,puma/benchmarks/local/response_time_wrk,https://github.com/puma/puma/blob/main/benchmarks/local/response_time_wrk.rb,raptor-3r,3,raptor,3,,1000,1000,13.808,5.0,1000,1000,14.666,2.0,5,true,1000,0,72.423,41.997,44.357,47.724,3443.825,3461.375,47.652,47.652,7.635,20,20,202,same_worker,29,716249
yjit-on/puma-response-string-1024kb/raptor-3r/repeat-1,yjit-on,true,puma-response-string-1024kb,puma-response-time-wrk,puma/benchmarks/local/response_time_wrk,https://github.com/puma/puma/blob/main/benchmarks/local/response_time_wrk.rb,raptor-3r,3,raptor,3,,5058,1000,5.004,5.0,1000,2024,2.005,2.0,5,true,5058,0,1010.728,2.492,5.293,30.961,280.847,291.352,50.453,50.453,8.0,20,20,69,same_worker,157,3635327
yjit-on/puma-response-io-1024kb/raptor-3r/repeat-1,yjit-on,true,puma-response-io-1024kb,puma-response-time-wrk,puma/benchmarks/local/response_time_wrk,https://github.com/puma/puma/blob/main/benchmarks/local/response_time_wrk.rb,raptor-3r,3,raptor,3,,1000,1000,15.71,5.0,1000,1000,16.108,2.0,5,true,1000,0,63.654,42.981,45.228,47.175,3891.253,3963.109,54.684,53.34,8.59,20,20,230,same_worker,157,2773249
yjit-on/puma-response-array-2048kb/raptor-3r/repeat-1,yjit-on,true,puma-response-array-2048kb,puma-response-time-wrk,puma/benchmarks/local/response_time_wrk,https://github.com/puma/puma/blob/main/benchmarks/local/response_time_wrk.rb,raptor-3r,3,raptor,3,,1000,1000,15.188,5.0,1000,1000,15.358,2.0,5,true,1000,0,65.841,43.926,47.252,50.141,3792.44,3799.436,53.34,53.34,9.165,20,20,223,same_worker,32,718490
yjit-on/puma-response-chunk-2048kb/raptor-3r/repeat-1,yjit-on,true,puma-response-chunk-2048kb,puma-response-time-wrk,puma/benchmarks/local/response_time_wrk,https://github.com/puma/puma/blob/main/benchmarks/local/response_time_wrk.rb,raptor-3r,3,raptor,3,,1000,1000,14.796,5.0,1000,1000,14.953,2.0,5,true,1000,0,67.587,43.945,46.384,49.068,3688.096,3736.882,50.953,50.953,9.77,20,20,216,same_worker,32,716243
yjit-on/puma-response-string-2048kb/raptor-3r/repeat-1,yjit-on,true,puma-response-string-2048kb,puma-response-time-wrk,puma/benchmarks/local/response_time_wrk,https://github.com/puma/puma/blob/main/benchmarks/local/response_time_wrk.rb,raptor-3r,3,raptor,3,,3386,1000,5.007,5.0,1000,1392,2.006,2.0,5,true,3386,0,676.212,4.17,7.677,24.882,434.42,459.265,56.965,56.965,10.105,20,20,67,same_worker,114,2435222
yjit-on/puma-response-io-2048kb/raptor-3r/repeat-1,yjit-on,true,puma-response-io-2048kb,puma-response-time-wrk,puma/benchmarks/local/response_time_wrk,https://github.com/puma/puma/blob/main/benchmarks/local/response_time_wrk.rb,raptor-3r,3,raptor,3,,1000,1000,16.593,5.0,1000,1000,17.247,2.0,5,true,1000,0,60.265,45.102,50.79,54.386,4249.128,4372.668,65.086,65.086,11.095,20,20,243,same_worker,269,4821249
yjit-on/puma-long-tail-fib-200ms-x6p0/raptor-3r/repeat-1,yjit-on,true,puma-long-tail-fib-200ms-x6p0,puma-long-tail-hey,puma/benchmarks/local/long_tail_hey + test/rackup/sleep_fibonacci,https://github.com/puma/puma/blob/main/benchmarks/local/long_tail_hey.rb,raptor-3r,3,raptor,3,,363,360,29.003,5.0,360,360,28.818,2.0,18,true,363,0,12.516,241.712,243.39,19609.977,24399.025,24399.045,65.578,65.578,20.885,20,20,423,same_worker,2,64050
yjit-on/puma-long-tail-fib-200ms-x4p0/raptor-3r/repeat-1,yjit-on,true,puma-long-tail-fib-200ms-x4p0,puma-long-tail-hey,puma/benchmarks/local/long_tail_hey + test/rackup/sleep_fibonacci,https://github.com/puma/puma/blob/main/benchmarks/local/long_tail_hey.rb,raptor-3r,3,raptor,3,,243,240,19.421,5.0,240,240,19.2,2.0,12,true,243,0,12.512,241.793,242.78,12810.972,14823.044,14823.067,65.59,65.59,29.47,20,20,283,same_worker,1,40777
yjit-on/puma-long-tail-fib-200ms-x3p0/raptor-3r/repeat-1,yjit-on,true,puma-long-tail-fib-200ms-x3p0,puma-long-tail-hey,puma/benchmarks/local/long_tail_hey + test/rackup/sleep_fibonacci,https://github.com/puma/puma/blob/main/benchmarks/local/long_tail_hey.rb,raptor-3r,3,raptor,3,,183,180,14.619,5.0,180,180,14.407,2.0,9,true,183,0,12.518,241.68,242.641,10017.794,10017.933,10017.944,65.59,65.59,35.11,20,20,214,same_worker,1,31152
yjit-on/puma-long-tail-fib-200ms-x2p0/raptor-3r/repeat-1,yjit-on,true,puma-long-tail-fib-200ms-x2p0,puma-long-tail-hey,puma/benchmarks/local/long_tail_hey + test/rackup/sleep_fibonacci,https://github.com/puma/puma/blob/main/benchmarks/local/long_tail_hey.rb,raptor-3r,3,raptor,3,,123,120,9.834,5.0,120,120,9.593,2.0,6,true,123,0,12.508,241.877,242.808,5235.666,5236.163,5236.199,65.59,65.59,38.795,20,20,144,same_worker,1,19540
yjit-on/puma-long-tail-fib-200ms-x1p5/raptor-3r/repeat-1,yjit-on,true,puma-long-tail-fib-200ms-x1p5,puma-long-tail-hey,puma/benchmarks/local/long_tail_hey + test/rackup/sleep_fibonacci,https://github.com/puma/puma/blob/main/benchmarks/local/long_tail_hey.rb,raptor-3r,3,raptor,3,,103,100,9.828,5.0,100,100,9.593,2.0,5,true,103,0,10.481,241.687,242.704,5135.608,5236.032,5236.098,65.602,65.602,41.485,20,20,145,same_worker,0,16864
yjit-on/puma-long-tail-fib-200ms-x1p0/raptor-3r/repeat-1,yjit-on,true,puma-long-tail-fib-200ms-x1p0,puma-long-tail-hey,puma/benchmarks/local/long_tail_hey + test/rackup/sleep_fibonacci,https://github.com/puma/puma/blob/main/benchmarks/local/long_tail_hey.rb,raptor-3r,3,raptor,3,,63,60,5.038,5.0,60,60,4.794,2.0,3,true,63,0,12.505,241.804,242.798,243.571,243.839,243.869,65.602,65.602,43.135,20,20,75,same_worker,0,9862
yjit-on/puma-long-tail-fib-200ms-x0p5/raptor-3r/repeat-1,yjit-on,true,puma-long-tail-fib-200ms-x0p5,puma-long-tail-hey,puma/benchmarks/local/long_tail_hey + test/rackup/sleep_fibonacci,https://github.com/puma/puma/blob/main/benchmarks/local/long_tail_hey.rb,raptor-3r,3,raptor,3,,42,40,5.036,5.0,40,40,4.792,2.0,2,true,42,0,8.34,241.728,242.292,242.972,243.137,243.156,65.602,65.602,44.13,20,20,75,same_worker,1,9258
yjit-on/puma-sleep-fibonacci-1ms/raptor-3r/repeat-1,yjit-on,true,puma-sleep-fibonacci-1ms,puma-sleep-fibonacci-test,puma/benchmarks/local/sleep_fibonacci_test + test/rackup/sleep_fibonacci,https://github.com/puma/puma/blob/main/benchmarks/local/sleep_fibonacci_test.rb,raptor-3r,3,raptor,3,,122,10,5.012,5.0,10,49,2.019,2.0,1,true,122,0,24.342,41.971,42.937,43.016,43.26,43.293,65.648,65.648,44.12,20,20,75,same_worker,1,22828
yjit-on/puma-sleep-fibonacci-5ms/raptor-3r/repeat-1,yjit-on,true,puma-sleep-fibonacci-5ms,puma-sleep-fibonacci-test,puma/benchmarks/local/sleep_fibonacci_test + test/rackup/sleep_fibonacci,https://github.com/puma/puma/blob/main/benchmarks/local/sleep_fibonacci_test.rb,raptor-3r,3,raptor,3,,114,10,5.019,5.0,10,46,2.03,2.0,1,true,114,0,22.714,44.97,45.961,45.988,45.991,45.992,65.648,65.648,43.82,20,20,75,same_worker,1,20295
yjit-on/puma-sleep-fibonacci-10ms/raptor-3r/repeat-1,yjit-on,true,puma-sleep-fibonacci-10ms,puma-sleep-fibonacci-test,puma/benchmarks/local/sleep_fibonacci_test + test/rackup/sleep_fibonacci,https://github.com/puma/puma/blob/main/benchmarks/local/sleep_fibonacci_test.rb,raptor-3r,3,raptor,3,,97,10,5.007,5.0,10,40,2.04,2.0,1,true,97,0,19.374,51.971,52.105,52.971,52.979,52.98,65.648,65.648,43.58,20,20,75,same_worker,1,15008
yjit-on/puma-sleep-fibonacci-50ms/raptor-3r/repeat-1,yjit-on,true,puma-sleep-fibonacci-50ms,puma-sleep-fibonacci-test,puma/benchmarks/local/sleep_fibonacci_test + test/rackup/sleep_fibonacci,https://github.com/puma/puma/blob/main/benchmarks/local/sleep_fibonacci_test.rb,raptor-3r,3,raptor,3,,56,10,5.067,5.0,10,23,2.065,2.0,1,true,56,0,11.052,90.973,91.968,92.042,92.115,92.123,65.68,65.68,43.5,20,20,75,same_worker,1,10150
yjit-on/puma-sleep-fibonacci-100ms/raptor-3r/repeat-1,yjit-on,true,puma-sleep-fibonacci-100ms,puma-sleep-fibonacci-test,puma/benchmarks/local/sleep_fibonacci_test + test/rackup/sleep_fibonacci,https://github.com/puma/puma/blob/main/benchmarks/local/sleep_fibonacci_test.rb,raptor-3r,3,raptor,3,,36,10,5.054,5.0,10,15,2.087,2.0,1,true,36,0,7.123,141.052,142.048,142.645,142.897,142.925,65.68,65.68,43.5,20,20,75,same_worker,0,6528
yjit-on/puma-sleep-fibonacci-200ms/raptor-3r/repeat-1,yjit-on,true,puma-sleep-fibonacci-200ms,puma-sleep-fibonacci-test,puma/benchmarks/local/sleep_fibonacci_test + test/rackup/sleep_fibonacci,https://github.com/puma/puma/blob/main/benchmarks/local/sleep_fibonacci_test.rb,raptor-3r,3,raptor,3,,21,10,5.039,5.0,10,10,2.377,2.0,1,true,21,0,4.168,241.935,242.102,242.129,242.135,242.135,65.68,65.68,43.61,20,20,75,same_worker,0,2171
yjit-on/puma-response-array-1kb/raptor-3r/repeat-2,yjit-on,true,puma-response-array-1kb,puma-response-time-wrk,puma/benchmarks/local/response_time_wrk,https://github.com/puma/puma/blob/main/benchmarks/local/response_time_wrk.rb,raptor-3r,3,raptor,3,,1000,1000,16.109,5.0,1000,1000,16.156,2.0,5,true,1000,0,62.076,40.979,41.954,42.296,4027.756,4030.413,28.922,28.922,3.225,20,20,237,same_worker,30,719250
yjit-on/puma-response-chunk-1kb/raptor-3r/repeat-2,yjit-on,true,puma-response-chunk-1kb,puma-response-time-wrk,puma/benchmarks/local/response_time_wrk,https://github.com/puma/puma/blob/main/benchmarks/local/response_time_wrk.rb,raptor-3r,3,raptor,3,,1000,1000,16.104,5.0,1000,1000,16.145,2.0,5,true,1000,0,62.096,40.975,41.941,42.176,4026.841,4028.479,29.281,29.281,2.585,20,20,236,same_worker,30,716257
yjit-on/puma-response-string-1kb/raptor-3r/repeat-2,yjit-on,true,puma-response-string-1kb,puma-response-time-wrk,puma/benchmarks/local/response_time_wrk,https://github.com/puma/puma/blob/main/benchmarks/local/response_time_wrk.rb,raptor-3r,3,raptor,3,,1000,1000,16.11,5.0,1000,1000,16.153,2.0,5,true,1000,0,62.074,40.978,41.942,42.27,4025.155,4026.862,29.426,29.426,2.4,20,20,236,same_worker,31,719243
yjit-on/puma-response-io-1kb/raptor-3r/repeat-2,yjit-on,true,puma-response-io-1kb,puma-response-time-wrk,puma/benchmarks/local/response_time_wrk,https://github.com/puma/puma/blob/main/benchmarks/local/response_time_wrk.rb,raptor-3r,3,raptor,3,,1000,1000,16.114,5.0,1000,1000,16.167,2.0,5,true,1000,0,62.059,40.978,41.966,42.611,4031.65,4033.304,29.539,29.539,2.4,20,20,237,same_worker,31,727237
yjit-on/puma-response-array-10kb/raptor-3r/repeat-2,yjit-on,true,puma-response-array-10kb,puma-response-time-wrk,puma/benchmarks/local/response_time_wrk,https://github.com/puma/puma/blob/main/benchmarks/local/response_time_wrk.rb,raptor-3r,3,raptor,3,,1000,1000,16.116,5.0,1000,1000,16.139,2.0,5,true,1000,0,62.051,40.977,41.97,42.259,4029.99,4030.471,29.598,29.598,2.375,20,20,237,same_worker,32,719249
yjit-on/puma-response-chunk-10kb/raptor-3r/repeat-2,yjit-on,true,puma-response-chunk-10kb,puma-response-time-wrk,puma/benchmarks/local/response_time_wrk,https://github.com/puma/puma/blob/main/benchmarks/local/response_time_wrk.rb,raptor-3r,3,raptor,3,,1000,1000,16.111,5.0,1000,1000,16.139,2.0,5,true,1000,0,62.068,40.98,41.966,42.403,4032.697,4032.876,29.598,29.598,2.3,20,20,237,same_worker,32,715791
yjit-on/puma-response-string-10kb/raptor-3r/repeat-2,yjit-on,true,puma-response-string-10kb,puma-response-time-wrk,puma/benchmarks/local/response_time_wrk,https://github.com/puma/puma/blob/main/benchmarks/local/response_time_wrk.rb,raptor-3r,3,raptor,3,,1000,1000,16.127,5.0,1000,1000,16.132,2.0,5,true,1000,0,62.008,40.981,41.999,42.859,4033.646,4035.905,29.605,29.605,2.3,20,20,237,same_worker,32,719243
yjit-on/puma-response-io-10kb/raptor-3r/repeat-2,yjit-on,true,puma-response-io-10kb,puma-response-time-wrk,puma/benchmarks/local/response_time_wrk,https://github.com/puma/puma/blob/main/benchmarks/local/response_time_wrk.rb,raptor-3r,3,raptor,3,,1000,1000,16.117,5.0,1000,1000,16.137,2.0,5,true,1000,0,62.048,40.977,41.954,42.541,4031.679,4032.166,29.938,29.938,2.3,20,20,237,same_worker,34,745243
yjit-on/puma-response-array-100kb/raptor-3r/repeat-2,yjit-on,true,puma-response-array-100kb,puma-response-time-wrk,puma/benchmarks/local/response_time_wrk,https://github.com/puma/puma/blob/main/benchmarks/local/response_time_wrk.rb,raptor-3r,3,raptor,3,,1000,1000,14.839,5.0,1000,1000,13.772,2.0,5,true,1000,0,67.39,40.962,41.954,42.212,3795.605,3828.424,29.957,29.957,2.4,20,20,218,same_worker,33,720348
yjit-on/puma-response-chunk-100kb/raptor-3r/repeat-2,yjit-on,true,puma-response-chunk-100kb,puma-response-time-wrk,puma/benchmarks/local/response_time_wrk,https://github.com/puma/puma/blob/main/benchmarks/local/response_time_wrk.rb,raptor-3r,3,raptor,3,,1000,1000,15.36,5.0,1000,1000,14.255,2.0,5,true,1000,0,65.104,40.963,41.957,42.658,3868.249,3868.986,29.98,29.98,2.5,20,20,226,same_worker,33,716249
yjit-on/puma-response-string-100kb/raptor-3r/repeat-2,yjit-on,true,puma-response-string-100kb,puma-response-time-wrk,puma/benchmarks/local/response_time_wrk,https://github.com/puma/puma/blob/main/benchmarks/local/response_time_wrk.rb,raptor-3r,3,raptor,3,,12930,1000,5.002,5.0,1000,5328,2.002,2.0,5,true,12930,0,2585.185,1.049,1.934,6.865,112.406,129.102,30.504,30.504,3.585,20,20,72,same_worker,477,9299110
yjit-on/puma-response-io-100kb/raptor-3r/repeat-2,yjit-on,true,puma-response-io-100kb,puma-response-time-wrk,puma/benchmarks/local/response_time_wrk,https://github.com/puma/puma/blob/main/benchmarks/local/response_time_wrk.rb,raptor-3r,3,raptor,3,,1000,1000,14.888,5.0,1000,1000,14.206,2.0,5,true,1000,0,67.167,40.974,41.994,42.974,3708.704,3758.635,34.664,34.664,4.2,20,20,219,same_worker,53,925249
yjit-on/puma-response-array-256kb/raptor-3r/repeat-2,yjit-on,true,puma-response-array-256kb,puma-response-time-wrk,puma/benchmarks/local/response_time_wrk,https://github.com/puma/puma/blob/main/benchmarks/local/response_time_wrk.rb,raptor-3r,3,raptor,3,,1001,1000,8.001,5.0,1000,1000,8.833,2.0,5,true,1001,0,125.106,40.875,42.083,42.951,2258.96,2268.619,34.664,34.664,4.31,20,20,118,same_worker,42,721019
yjit-on/puma-response-chunk-256kb/raptor-3r/repeat-2,yjit-on,true,puma-response-chunk-256kb,puma-response-time-wrk,puma/benchmarks/local/response_time_wrk,https://github.com/puma/puma/blob/main/benchmarks/local/response_time_wrk.rb,raptor-3r,3,raptor,3,,1000,1000,10.292,5.0,1000,1000,9.638,2.0,5,true,1000,0,97.166,40.974,42.602,43.722,2772.215,3058.957,34.664,34.664,4.46,20,20,151,same_worker,41,716243
yjit-on/puma-response-string-256kb/raptor-3r/repeat-2,yjit-on,true,puma-response-string-256kb,puma-response-time-wrk,puma/benchmarks/local/response_time_wrk,https://github.com/puma/puma/blob/main/benchmarks/local/response_time_wrk.rb,raptor-3r,3,raptor,3,,9891,1000,5.056,5.0,1000,4053,2.002,2.0,5,true,9891,0,1956.243,1.295,2.612,16.298,155.868,204.971,34.973,34.973,5.215,20,20,72,same_worker,341,7112856
yjit-on/puma-response-io-256kb/raptor-3r/repeat-2,yjit-on,true,puma-response-io-256kb,puma-response-time-wrk,puma/benchmarks/local/response_time_wrk,https://github.com/puma/puma/blob/main/benchmarks/local/response_time_wrk.rb,raptor-3r,3,raptor,3,,1000,1000,10.11,5.0,1000,1000,12.311,2.0,5,true,1000,0,98.908,41.566,42.831,43.983,2454.954,2899.384,42.516,39.953,5.695,20,20,149,same_worker,60,1237578
yjit-on/puma-response-array-512kb/raptor-3r/repeat-2,yjit-on,true,puma-response-array-512kb,puma-response-time-wrk,puma/benchmarks/local/response_time_wrk,https://github.com/puma/puma/blob/main/benchmarks/local/response_time_wrk.rb,raptor-3r,3,raptor,3,,1000,1000,11.825,5.0,1000,1000,12.484,2.0,5,true,1000,0,84.564,41.903,42.935,44.358,2946.603,3217.603,39.953,39.953,5.855,20,20,174,same_worker,32,719243
yjit-on/puma-response-chunk-512kb/raptor-3r/repeat-2,yjit-on,true,puma-response-chunk-512kb,puma-response-time-wrk,puma/benchmarks/local/response_time_wrk,https://github.com/puma/puma/blob/main/benchmarks/local/response_time_wrk.rb,raptor-3r,3,raptor,3,,1000,1000,12.1,5.0,1000,1000,12.681,2.0,5,true,1000,0,82.644,41.929,42.973,44.35,3110.957,3145.03,39.953,39.953,6.0,20,20,178,same_worker,33,716243
yjit-on/puma-response-string-512kb/raptor-3r/repeat-2,yjit-on,true,puma-response-string-512kb,puma-response-time-wrk,puma/benchmarks/local/response_time_wrk,https://github.com/puma/puma/blob/main/benchmarks/local/response_time_wrk.rb,raptor-3r,3,raptor,3,,7235,1000,5.004,5.0,1000,2812,2.002,2.0,5,true,7235,0,1445.889,1.736,3.467,44.917,193.374,239.519,40.695,40.695,6.495,20,20,70,same_worker,244,5202956
yjit-on/puma-response-io-512kb/raptor-3r/repeat-2,yjit-on,true,puma-response-io-512kb,puma-response-time-wrk,puma/benchmarks/local/response_time_wrk,https://github.com/puma/puma/blob/main/benchmarks/local/response_time_wrk.rb,raptor-3r,3,raptor,3,,1000,1000,13.901,5.0,1000,1000,14.328,2.0,5,true,1000,0,71.936,41.964,43.183,45.012,3424.363,3641.576,45.734,45.734,6.935,20,20,204,same_worker,98,1748557
yjit-on/puma-response-array-1024kb/raptor-3r/repeat-2,yjit-on,true,puma-response-array-1024kb,puma-response-time-wrk,puma/benchmarks/local/response_time_wrk,https://github.com/puma/puma/blob/main/benchmarks/local/response_time_wrk.rb,raptor-3r,3,raptor,3,,1000,1000,14.34,5.0,1000,1000,13.185,2.0,5,true,1000,0,69.737,41.972,43.737,58.769,3534.105,3696.545,45.734,45.734,7.17,20,20,210,same_worker,35,719249
yjit-on/puma-response-chunk-1024kb/raptor-3r/repeat-2,yjit-on,true,puma-response-chunk-1024kb,puma-response-time-wrk,puma/benchmarks/local/response_time_wrk,https://github.com/puma/puma/blob/main/benchmarks/local/response_time_wrk.rb,raptor-3r,3,raptor,3,,1000,1000,14.111,5.0,1000,1000,15.007,2.0,5,true,1000,0,70.864,41.967,43.871,46.062,3541.095,3566.232,45.734,45.734,7.435,20,20,207,same_worker,36,716243
yjit-on/puma-response-string-1024kb/raptor-3r/repeat-2,yjit-on,true,puma-response-string-1024kb,puma-response-time-wrk,puma/benchmarks/local/response_time_wrk,https://github.com/puma/puma/blob/main/benchmarks/local/response_time_wrk.rb,raptor-3r,3,raptor,3,,5178,1000,5.004,5.0,1000,2144,2.004,2.0,5,true,5178,0,1034.769,2.429,5.215,23.964,272.085,299.965,47.633,47.633,7.77,20,20,69,same_worker,192,3723730
yjit-on/puma-response-io-1024kb/raptor-3r/repeat-2,yjit-on,true,puma-response-io-1024kb,puma-response-time-wrk,puma/benchmarks/local/response_time_wrk,https://github.com/puma/puma/blob/main/benchmarks/local/response_time_wrk.rb,raptor-3r,3,raptor,3,,1000,1000,15.533,5.0,1000,1000,15.974,2.0,5,true,1000,0,64.381,42.984,45.209,47.057,3734.112,3983.611,54.191,54.191,8.335,20,20,228,same_worker,146,2772484
yjit-on/puma-response-array-2048kb/raptor-3r/repeat-2,yjit-on,true,puma-response-array-2048kb,puma-response-time-wrk,puma/benchmarks/local/response_time_wrk,https://github.com/puma/puma/blob/main/benchmarks/local/response_time_wrk.rb,raptor-3r,3,raptor,3,,1000,1000,14.869,5.0,1000,1000,15.381,2.0,5,true,1000,0,67.255,42.999,46.108,50.266,3623.199,3666.786,54.191,52.156,8.885,20,20,219,same_worker,30,719243
yjit-on/puma-response-chunk-2048kb/raptor-3r/repeat-2,yjit-on,true,puma-response-chunk-2048kb,puma-response-time-wrk,puma/benchmarks/local/response_time_wrk,https://github.com/puma/puma/blob/main/benchmarks/local/response_time_wrk.rb,raptor-3r,3,raptor,3,,1000,1000,15.403,5.0,1000,1000,15.261,2.0,5,true,1000,0,64.921,43.578,46.985,50.217,3995.325,4019.043,52.156,52.156,9.38,20,20,227,same_worker,30,716249
yjit-on/puma-response-string-2048kb/raptor-3r/repeat-2,yjit-on,true,puma-response-string-2048kb,puma-response-time-wrk,puma/benchmarks/local/response_time_wrk,https://github.com/puma/puma/blob/main/benchmarks/local/response_time_wrk.rb,raptor-3r,3,raptor,3,,3490,1000,5.006,5.0,1000,1492,2.006,2.0,5,true,3490,0,697.193,3.965,7.449,21.215,414.286,435.297,58.176,58.176,9.695,20,20,67,same_worker,111,2510424
yjit-on/puma-response-io-2048kb/raptor-3r/repeat-2,yjit-on,true,puma-response-io-2048kb,puma-response-time-wrk,puma/benchmarks/local/response_time_wrk,https://github.com/puma/puma/blob/main/benchmarks/local/response_time_wrk.rb,raptor-3r,3,raptor,3,,1000,1000,16.512,5.0,1000,1000,16.853,2.0,5,true,1000,0,60.561,45.479,50.239,52.823,4182.066,4241.625,64.379,64.379,10.69,20,20,242,same_worker,285,4821561
yjit-on/puma-long-tail-fib-200ms-x6p0/raptor-3r/repeat-2,yjit-on,true,puma-long-tail-fib-200ms-x6p0,puma-long-tail-hey,puma/benchmarks/local/long_tail_hey + test/rackup/sleep_fibonacci,https://github.com/puma/puma/blob/main/benchmarks/local/long_tail_hey.rb,raptor-3r,3,raptor,3,,363,360,29.003,5.0,360,360,28.784,2.0,18,true,363,0,12.516,241.772,242.88,19608.968,24399.434,24399.472,64.813,64.813,20.48,20,20,422,same_worker,2,61730
yjit-on/puma-long-tail-fib-200ms-x4p0/raptor-3r/repeat-2,yjit-on,true,puma-long-tail-fib-200ms-x4p0,puma-long-tail-hey,puma/benchmarks/local/long_tail_hey + test/rackup/sleep_fibonacci,https://github.com/puma/puma/blob/main/benchmarks/local/long_tail_hey.rb,raptor-3r,3,raptor,3,,243,240,19.424,5.0,240,240,19.171,2.0,12,true,243,0,12.51,241.891,242.558,12808.775,14825.586,14826.718,64.82,64.82,29.065,20,20,283,same_worker,2,44166
yjit-on/puma-long-tail-fib-200ms-x3p0/raptor-3r/repeat-2,yjit-on,true,puma-long-tail-fib-200ms-x3p0,puma-long-tail-hey,puma/benchmarks/local/long_tail_hey + test/rackup/sleep_fibonacci,https://github.com/puma/puma/blob/main/benchmarks/local/long_tail_hey.rb,raptor-3r,3,raptor,3,,183,180,14.621,5.0,180,180,14.378,2.0,9,true,183,0,12.516,241.702,242.826,10022.44,10023.412,10023.567,64.828,64.828,34.71,20,20,214,same_worker,1,29940
yjit-on/puma-long-tail-fib-200ms-x2p0/raptor-3r/repeat-2,yjit-on,true,puma-long-tail-fib-200ms-x2p0,puma-long-tail-hey,puma/benchmarks/local/long_tail_hey + test/rackup/sleep_fibonacci,https://github.com/puma/puma/blob/main/benchmarks/local/long_tail_hey.rb,raptor-3r,3,raptor,3,,123,120,9.83,5.0,120,120,9.589,2.0,6,true,123,0,12.513,241.741,242.434,5232.364,5234.819,5235.115,64.836,64.836,38.395,20,20,144,same_worker,1,22358
yjit-on/puma-long-tail-fib-200ms-x1p5/raptor-3r/repeat-2,yjit-on,true,puma-long-tail-fib-200ms-x1p5,puma-long-tail-hey,puma/benchmarks/local/long_tail_hey + test/rackup/sleep_fibonacci,https://github.com/puma/puma/blob/main/benchmarks/local/long_tail_hey.rb,raptor-3r,3,raptor,3,,103,100,9.826,5.0,100,100,9.583,2.0,5,true,103,0,10.483,241.687,242.421,5132.55,5234.89,5235.18,64.836,64.836,41.085,20,20,144,same_worker,1,19034
yjit-on/puma-long-tail-fib-200ms-x1p0/raptor-3r/repeat-2,yjit-on,true,puma-long-tail-fib-200ms-x1p0,puma-long-tail-hey,puma/benchmarks/local/long_tail_hey + test/rackup/sleep_fibonacci,https://github.com/puma/puma/blob/main/benchmarks/local/long_tail_hey.rb,raptor-3r,3,raptor,3,,63,60,5.037,5.0,60,60,4.794,2.0,3,true,63,0,12.507,241.777,242.454,242.845,242.876,242.879,64.836,64.836,42.74,20,20,74,same_worker,0,10032
yjit-on/puma-long-tail-fib-200ms-x0p5/raptor-3r/repeat-2,yjit-on,true,puma-long-tail-fib-200ms-x0p5,puma-long-tail-hey,puma/benchmarks/local/long_tail_hey + test/rackup/sleep_fibonacci,https://github.com/puma/puma/blob/main/benchmarks/local/long_tail_hey.rb,raptor-3r,3,raptor,3,,42,40,5.036,5.0,40,40,4.795,2.0,2,true,42,0,8.34,241.7,242.233,242.378,242.463,242.473,64.836,64.836,43.74,20,20,75,same_worker,1,9675
yjit-on/puma-sleep-fibonacci-1ms/raptor-3r/repeat-2,yjit-on,true,puma-sleep-fibonacci-1ms,puma-sleep-fibonacci-test,puma/benchmarks/local/sleep_fibonacci_test + test/rackup/sleep_fibonacci,https://github.com/puma/puma/blob/main/benchmarks/local/sleep_fibonacci_test.rb,raptor-3r,3,raptor,3,,122,10,5.006,5.0,10,49,2.018,2.0,1,true,122,0,24.372,41.965,42.047,42.948,42.965,42.966,64.863,64.863,43.725,20,20,74,same_worker,1,22839
yjit-on/puma-sleep-fibonacci-5ms/raptor-3r/repeat-2,yjit-on,true,puma-sleep-fibonacci-5ms,puma-sleep-fibonacci-test,puma/benchmarks/local/sleep_fibonacci_test + test/rackup/sleep_fibonacci,https://github.com/puma/puma/blob/main/benchmarks/local/sleep_fibonacci_test.rb,raptor-3r,3,raptor,3,,114,10,5.018,5.0,10,46,2.034,2.0,1,true,114,0,22.72,44.962,45.825,45.982,46.022,46.026,64.863,64.863,43.44,20,20,75,same_worker,1,18345
yjit-on/puma-sleep-fibonacci-10ms/raptor-3r/repeat-2,yjit-on,true,puma-sleep-fibonacci-10ms,puma-sleep-fibonacci-test,puma/benchmarks/local/sleep_fibonacci_test + test/rackup/sleep_fibonacci,https://github.com/puma/puma/blob/main/benchmarks/local/sleep_fibonacci_test.rb,raptor-3r,3,raptor,3,,97,10,5.012,5.0,10,40,2.042,2.0,1,true,97,0,19.354,51.966,52.962,53.02,53.02,53.02,64.871,64.871,43.2,20,20,75,same_worker,1,17645
yjit-on/puma-sleep-fibonacci-50ms/raptor-3r/repeat-2,yjit-on,true,puma-sleep-fibonacci-50ms,puma-sleep-fibonacci-test,puma/benchmarks/local/sleep_fibonacci_test + test/rackup/sleep_fibonacci,https://github.com/puma/puma/blob/main/benchmarks/local/sleep_fibonacci_test.rb,raptor-3r,3,raptor,3,,56,10,5.072,5.0,10,23,2.058,2.0,1,true,56,0,11.041,90.98,91.961,92.029,92.095,92.102,64.895,64.895,43.1,20,20,75,same_worker,1,11683
yjit-on/puma-sleep-fibonacci-100ms/raptor-3r/repeat-2,yjit-on,true,puma-sleep-fibonacci-100ms,puma-sleep-fibonacci-test,puma/benchmarks/local/sleep_fibonacci_test + test/rackup/sleep_fibonacci,https://github.com/puma/puma/blob/main/benchmarks/local/sleep_fibonacci_test.rb,raptor-3r,3,raptor,3,,36,10,5.05,5.0,10,15,2.082,2.0,1,true,36,0,7.129,140.991,142.073,142.685,142.943,142.971,64.895,64.895,43.125,20,20,75,same_worker,0,4219
yjit-on/puma-sleep-fibonacci-200ms/raptor-3r/repeat-2,yjit-on,true,puma-sleep-fibonacci-200ms,puma-sleep-fibonacci-test,puma/benchmarks/local/sleep_fibonacci_test + test/rackup/sleep_fibonacci,https://github.com/puma/puma/blob/main/benchmarks/local/sleep_fibonacci_test.rb,raptor-3r,3,raptor,3,,21,10,5.03,5.0,10,10,2.38,2.0,1,true,21,0,4.175,240.988,242.316,242.734,242.828,242.838,64.895,64.895,43.25,20,20,75,same_worker,0,3828
yjit-on/puma-response-array-1kb/raptor-3r/repeat-3,yjit-on,true,puma-response-array-1kb,puma-response-time-wrk,puma/benchmarks/local/response_time_wrk,https://github.com/puma/puma/blob/main/benchmarks/local/response_time_wrk.rb,raptor-3r,3,raptor,3,,1000,1000,16.107,5.0,1000,1000,16.17,2.0,5,true,1000,0,62.086,40.974,41.959,42.316,4026.157,4029.534,29.0,29.0,3.255,20,20,236,same_worker,31,718988
yjit-on/puma-response-chunk-1kb/raptor-3r/repeat-3,yjit-on,true,puma-response-chunk-1kb,puma-response-time-wrk,puma/benchmarks/local/response_time_wrk,https://github.com/puma/puma/blob/main/benchmarks/local/response_time_wrk.rb,raptor-3r,3,raptor,3,,1000,1000,16.107,5.0,1000,1000,16.142,2.0,5,true,1000,0,62.085,40.973,41.945,42.217,4027.245,4029.089,29.316,29.316,2.645,20,20,236,same_worker,30,716251
yjit-on/puma-response-string-1kb/raptor-3r/repeat-3,yjit-on,true,puma-response-string-1kb,puma-response-time-wrk,puma/benchmarks/local/response_time_wrk,https://github.com/puma/puma/blob/main/benchmarks/local/response_time_wrk.rb,raptor-3r,3,raptor,3,,1000,1000,16.122,5.0,1000,1000,16.135,2.0,5,true,1000,0,62.028,40.977,41.976,42.447,4035.547,4035.774,29.422,29.422,2.49,20,20,236,same_worker,30,719243
yjit-on/puma-response-io-1kb/raptor-3r/repeat-3,yjit-on,true,puma-response-io-1kb,puma-response-time-wrk,puma/benchmarks/local/response_time_wrk,https://github.com/puma/puma/blob/main/benchmarks/local/response_time_wrk.rb,raptor-3r,3,raptor,3,,1000,1000,16.114,5.0,1000,1000,16.151,2.0,5,true,1000,0,62.06,40.98,41.879,42.262,4026.52,4029.584,29.59,29.59,2.43,20,20,236,same_worker,31,727243
yjit-on/puma-response-array-10kb/raptor-3r/repeat-3,yjit-on,true,puma-response-array-10kb,puma-response-time-wrk,puma/benchmarks/local/response_time_wrk,https://github.com/puma/puma/blob/main/benchmarks/local/response_time_wrk.rb,raptor-3r,3,raptor,3,,1000,1000,16.111,5.0,1000,1000,16.132,2.0,5,true,1000,0,62.068,40.976,41.942,42.197,4026.124,4026.431,29.648,29.648,2.4,20,20,236,same_worker,31,719249
yjit-on/puma-response-chunk-10kb/raptor-3r/repeat-3,yjit-on,true,puma-response-chunk-10kb,puma-response-time-wrk,puma/benchmarks/local/response_time_wrk,https://github.com/puma/puma/blob/main/benchmarks/local/response_time_wrk.rb,raptor-3r,3,raptor,3,,1000,1000,16.118,5.0,1000,1000,16.125,2.0,5,true,1000,0,62.043,40.98,41.954,42.275,4029.502,4031.828,29.648,29.648,2.395,20,20,236,same_worker,31,715521
yjit-on/puma-response-string-10kb/raptor-3r/repeat-3,yjit-on,true,puma-response-string-10kb,puma-response-time-wrk,puma/benchmarks/local/response_time_wrk,https://github.com/puma/puma/blob/main/benchmarks/local/response_time_wrk.rb,raptor-3r,3,raptor,3,,1000,1000,16.108,5.0,1000,1000,16.136,2.0,5,true,1000,0,62.08,40.977,41.932,42.341,4025.815,4029.994,29.652,29.652,2.32,20,20,236,same_worker,31,719243
yjit-on/puma-response-io-10kb/raptor-3r/repeat-3,yjit-on,true,puma-response-io-10kb,puma-response-time-wrk,puma/benchmarks/local/response_time_wrk,https://github.com/puma/puma/blob/main/benchmarks/local/response_time_wrk.rb,raptor-3r,3,raptor,3,,1000,1000,16.119,5.0,1000,1000,16.151,2.0,5,true,1000,0,62.038,40.978,41.96,42.395,4029.898,4066.662,29.922,29.922,2.38,20,20,236,same_worker,33,744042
yjit-on/puma-response-array-100kb/raptor-3r/repeat-3,yjit-on,true,puma-response-array-100kb,puma-response-time-wrk,puma/benchmarks/local/response_time_wrk,https://github.com/puma/puma/blob/main/benchmarks/local/response_time_wrk.rb,raptor-3r,3,raptor,3,,1000,1000,15.037,5.0,1000,1000,12.641,2.0,5,true,1000,0,66.503,40.96,41.955,42.149,3707.966,3790.441,29.98,29.98,2.46,20,20,221,same_worker,32,718997
yjit-on/puma-response-chunk-100kb/raptor-3r/repeat-3,yjit-on,true,puma-response-chunk-100kb,puma-response-time-wrk,puma/benchmarks/local/response_time_wrk,https://github.com/puma/puma/blob/main/benchmarks/local/response_time_wrk.rb,raptor-3r,3,raptor,3,,1000,1000,15.28,5.0,1000,1000,14.455,2.0,5,true,1000,0,65.445,40.964,41.964,42.752,3748.835,3792.903,29.98,29.98,2.5,20,20,224,same_worker,33,716243
yjit-on/puma-response-string-100kb/raptor-3r/repeat-3,yjit-on,true,puma-response-string-100kb,puma-response-time-wrk,puma/benchmarks/local/response_time_wrk,https://github.com/puma/puma/blob/main/benchmarks/local/response_time_wrk.rb,raptor-3r,3,raptor,3,,12180,1000,5.002,5.0,1000,5096,2.002,2.0,5,true,12180,0,2434.934,1.1,2.044,6.933,120.192,129.799,30.5,30.5,3.665,20,20,72,same_worker,444,8759485
yjit-on/puma-response-io-100kb/raptor-3r/repeat-3,yjit-on,true,puma-response-io-100kb,puma-response-time-wrk,puma/benchmarks/local/response_time_wrk,https://github.com/puma/puma/blob/main/benchmarks/local/response_time_wrk.rb,raptor-3r,3,raptor,3,,1000,1000,14.663,5.0,1000,1000,14.249,2.0,5,true,1000,0,68.198,40.972,42.019,42.885,3607.532,3724.37,34.711,34.711,4.3,20,20,215,same_worker,53,925249
yjit-on/puma-response-array-256kb/raptor-3r/repeat-3,yjit-on,true,puma-response-array-256kb,puma-response-time-wrk,puma/benchmarks/local/response_time_wrk,https://github.com/puma/puma/blob/main/benchmarks/local/response_time_wrk.rb,raptor-3r,3,raptor,3,,1000,1000,9.087,5.0,1000,1000,8.247,2.0,5,true,1000,0,110.046,40.944,42.219,43.167,2164.964,2426.049,34.711,34.711,4.4,20,20,134,same_worker,40,718067
yjit-on/puma-response-chunk-256kb/raptor-3r/repeat-3,yjit-on,true,puma-response-chunk-256kb,puma-response-time-wrk,puma/benchmarks/local/response_time_wrk,https://github.com/puma/puma/blob/main/benchmarks/local/response_time_wrk.rb,raptor-3r,3,raptor,3,,1000,1000,9.907,5.0,1000,1000,8.133,2.0,5,true,1000,0,100.937,40.965,42.225,43.28,3214.369,3428.332,34.711,34.711,4.565,20,20,146,same_worker,40,716249
yjit-on/puma-response-string-256kb/raptor-3r/repeat-3,yjit-on,true,puma-response-string-256kb,puma-response-time-wrk,puma/benchmarks/local/response_time_wrk,https://github.com/puma/puma/blob/main/benchmarks/local/response_time_wrk.rb,raptor-3r,3,raptor,3,,9376,1000,5.003,5.0,1000,3724,2.002,2.0,5,true,9376,0,1874.054,1.338,2.788,20.307,164.2,204.281,35.281,35.281,5.315,20,20,72,same_worker,338,6741911
yjit-on/puma-response-io-256kb/raptor-3r/repeat-3,yjit-on,true,puma-response-io-256kb,puma-response-time-wrk,puma/benchmarks/local/response_time_wrk,https://github.com/puma/puma/blob/main/benchmarks/local/response_time_wrk.rb,raptor-3r,3,raptor,3,,1000,1000,11.78,5.0,1000,1000,9.108,2.0,5,true,1000,0,84.893,41.751,42.936,43.752,2731.539,3029.123,40.992,39.094,5.855,20,20,173,same_worker,60,1238067
yjit-on/puma-response-array-512kb/raptor-3r/repeat-3,yjit-on,true,puma-response-array-512kb,puma-response-time-wrk,puma/benchmarks/local/response_time_wrk,https://github.com/puma/puma/blob/main/benchmarks/local/response_time_wrk.rb,raptor-3r,3,raptor,3,,1000,1000,11.586,5.0,1000,1000,12.905,2.0,5,true,1000,0,86.308,41.917,42.781,45.044,2987.396,3154.631,39.094,39.094,5.99,20,20,170,same_worker,32,719249
yjit-on/puma-response-chunk-512kb/raptor-3r/repeat-3,yjit-on,true,puma-response-chunk-512kb,puma-response-time-wrk,puma/benchmarks/local/response_time_wrk,https://github.com/puma/puma/blob/main/benchmarks/local/response_time_wrk.rb,raptor-3r,3,raptor,3,,1000,1000,11.667,5.0,1000,1000,13.129,2.0,5,true,1000,0,85.715,41.915,42.937,43.959,2884.878,2935.075,39.094,39.094,6.145,20,20,171,same_worker,31,716243
yjit-on/puma-response-string-512kb/raptor-3r/repeat-3,yjit-on,true,puma-response-string-512kb,puma-response-time-wrk,puma/benchmarks/local/response_time_wrk,https://github.com/puma/puma/blob/main/benchmarks/local/response_time_wrk.rb,raptor-3r,3,raptor,3,,6599,1000,5.003,5.0,1000,2662,2.004,2.0,5,true,6599,0,1318.974,1.815,3.709,45.643,211.706,229.604,40.555,40.555,6.655,20,20,71,same_worker,220,4744303
yjit-on/puma-response-io-512kb/raptor-3r/repeat-3,yjit-on,true,puma-response-io-512kb,puma-response-time-wrk,puma/benchmarks/local/response_time_wrk,https://github.com/puma/puma/blob/main/benchmarks/local/response_time_wrk.rb,raptor-3r,3,raptor,3,,1000,1000,13.572,5.0,1000,1000,14.242,2.0,5,true,1000,0,73.681,41.955,43.544,44.988,3480.181,3645.253,45.281,44.469,7.12,20,20,199,same_worker,100,1749249
yjit-on/puma-response-array-1024kb/raptor-3r/repeat-3,yjit-on,true,puma-response-array-1024kb,puma-response-time-wrk,puma/benchmarks/local/response_time_wrk,https://github.com/puma/puma/blob/main/benchmarks/local/response_time_wrk.rb,raptor-3r,3,raptor,3,,1000,1000,14.384,5.0,1000,1000,15.217,2.0,5,true,1000,0,69.52,41.963,43.82,45.477,3609.198,3721.399,44.469,44.469,7.35,20,20,210,same_worker,35,719243
yjit-on/puma-response-chunk-1024kb/raptor-3r/repeat-3,yjit-on,true,puma-response-chunk-1024kb,puma-response-time-wrk,puma/benchmarks/local/response_time_wrk,https://github.com/puma/puma/blob/main/benchmarks/local/response_time_wrk.rb,raptor-3r,3,raptor,3,,1000,1000,14.257,5.0,1000,1000,14.989,2.0,5,true,1000,0,70.141,41.979,43.97,46.887,3634.846,3645.836,44.469,44.469,7.57,20,20,209,same_worker,36,716249
yjit-on/puma-response-string-1024kb/raptor-3r/repeat-3,yjit-on,true,puma-response-string-1024kb,puma-response-time-wrk,puma/benchmarks/local/response_time_wrk,https://github.com/puma/puma/blob/main/benchmarks/local/response_time_wrk.rb,raptor-3r,3,raptor,3,,4526,1000,5.005,5.0,1000,1911,2.005,2.0,5,true,4526,0,904.247,2.772,6.104,25.795,332.984,386.711,46.906,46.906,7.965,20,20,68,same_worker,169,3254638
yjit-on/puma-response-io-1024kb/raptor-3r/repeat-3,yjit-on,true,puma-response-io-1024kb,puma-response-time-wrk,puma/benchmarks/local/response_time_wrk,https://github.com/puma/puma/blob/main/benchmarks/local/response_time_wrk.rb,raptor-3r,3,raptor,3,,1000,1000,15.277,5.0,1000,1000,15.795,2.0,5,true,1000,0,65.459,43.026,45.955,56.427,3838.073,3864.549,54.039,54.039,8.59,20,20,224,same_worker,146,2772372
yjit-on/puma-response-array-2048kb/raptor-3r/repeat-3,yjit-on,true,puma-response-array-2048kb,puma-response-time-wrk,puma/benchmarks/local/response_time_wrk,https://github.com/puma/puma/blob/main/benchmarks/local/response_time_wrk.rb,raptor-3r,3,raptor,3,,1000,1000,15.188,5.0,1000,1000,15.411,2.0,5,true,1000,0,65.842,43.465,46.942,48.592,3719.031,3737.459,54.039,54.039,9.11,20,20,222,same_worker,31,719243
yjit-on/puma-response-chunk-2048kb/raptor-3r/repeat-3,yjit-on,true,puma-response-chunk-2048kb,puma-response-time-wrk,puma/benchmarks/local/response_time_wrk,https://github.com/puma/puma/blob/main/benchmarks/local/response_time_wrk.rb,raptor-3r,3,raptor,3,,1000,1000,14.87,5.0,1000,1000,15.48,2.0,5,true,1000,0,67.248,43.932,46.312,51.681,3738.104,3755.812,54.039,54.039,9.68,20,20,217,same_worker,31,716021
yjit-on/puma-response-string-2048kb/raptor-3r/repeat-3,yjit-on,true,puma-response-string-2048kb,puma-response-time-wrk,puma/benchmarks/local/response_time_wrk,https://github.com/puma/puma/blob/main/benchmarks/local/response_time_wrk.rb,raptor-3r,3,raptor,3,,3216,1000,5.007,5.0,1000,1270,2.007,2.0,5,true,3216,0,642.269,4.313,8.101,13.031,467.295,486.399,60.051,60.051,10.045,20,20,67,same_worker,102,2314039
yjit-on/puma-response-io-2048kb/raptor-3r/repeat-3,yjit-on,true,puma-response-io-2048kb,puma-response-time-wrk,puma/benchmarks/local/response_time_wrk,https://github.com/puma/puma/blob/main/benchmarks/local/response_time_wrk.rb,raptor-3r,3,raptor,3,,1000,1000,16.582,5.0,1000,1000,17.209,2.0,5,true,1000,0,60.308,45.828,50.388,58.973,4214.526,4344.416,67.82,67.82,11.11,20,20,242,same_worker,287,4820339
yjit-on/puma-long-tail-fib-200ms-x6p0/raptor-3r/repeat-3,yjit-on,true,puma-long-tail-fib-200ms-x6p0,puma-long-tail-hey,puma/benchmarks/local/long_tail_hey + test/rackup/sleep_fibonacci,https://github.com/puma/puma/blob/main/benchmarks/local/long_tail_hey.rb,raptor-3r,3,raptor,3,,363,360,28.996,5.0,360,360,28.763,2.0,18,true,363,0,12.519,241.718,242.635,19605.974,24396.279,24396.379,68.219,68.219,20.93,20,20,422,same_worker,2,61193
yjit-on/puma-long-tail-fib-200ms-x4p0/raptor-3r/repeat-3,yjit-on,true,puma-long-tail-fib-200ms-x4p0,puma-long-tail-hey,puma/benchmarks/local/long_tail_hey + test/rackup/sleep_fibonacci,https://github.com/puma/puma/blob/main/benchmarks/local/long_tail_hey.rb,raptor-3r,3,raptor,3,,243,240,19.416,5.0,240,240,19.172,2.0,12,true,243,0,12.516,241.762,242.66,12806.944,14818.957,14819.072,68.227,68.227,29.53,20,20,282,same_worker,2,44080
yjit-on/puma-long-tail-fib-200ms-x3p0/raptor-3r/repeat-3,yjit-on,true,puma-long-tail-fib-200ms-x3p0,puma-long-tail-hey,puma/benchmarks/local/long_tail_hey + test/rackup/sleep_fibonacci,https://github.com/puma/puma/blob/main/benchmarks/local/long_tail_hey.rb,raptor-3r,3,raptor,3,,183,180,14.621,5.0,180,180,14.379,2.0,9,true,183,0,12.517,241.713,242.704,10021.691,10022.148,10022.165,68.242,68.242,35.18,20,20,213,same_worker,1,31627
yjit-on/puma-long-tail-fib-200ms-x2p0/raptor-3r/repeat-3,yjit-on,true,puma-long-tail-fib-200ms-x2p0,puma-long-tail-hey,puma/benchmarks/local/long_tail_hey + test/rackup/sleep_fibonacci,https://github.com/puma/puma/blob/main/benchmarks/local/long_tail_hey.rb,raptor-3r,3,raptor,3,,123,120,9.831,5.0,120,120,9.586,2.0,6,true,123,0,12.512,241.764,242.502,5234.802,5235.49,5235.545,68.262,68.262,38.845,20,20,144,same_worker,1,22145
yjit-on/puma-long-tail-fib-200ms-x1p5/raptor-3r/repeat-3,yjit-on,true,puma-long-tail-fib-200ms-x1p5,puma-long-tail-hey,puma/benchmarks/local/long_tail_hey + test/rackup/sleep_fibonacci,https://github.com/puma/puma/blob/main/benchmarks/local/long_tail_hey.rb,raptor-3r,3,raptor,3,,103,100,9.824,5.0,100,100,9.585,2.0,5,true,103,0,10.485,241.621,242.362,5134.511,5235.166,5235.259,68.262,68.262,41.54,20,20,144,same_worker,0,16633
yjit-on/puma-long-tail-fib-200ms-x1p0/raptor-3r/repeat-3,yjit-on,true,puma-long-tail-fib-200ms-x1p0,puma-long-tail-hey,puma/benchmarks/local/long_tail_hey + test/rackup/sleep_fibonacci,https://github.com/puma/puma/blob/main/benchmarks/local/long_tail_hey.rb,raptor-3r,3,raptor,3,,63,60,5.034,5.0,60,60,4.793,2.0,3,true,63,0,12.515,241.506,242.42,242.481,242.486,242.487,68.262,68.262,43.21,20,20,74,same_worker,0,10032
yjit-on/puma-long-tail-fib-200ms-x0p5/raptor-3r/repeat-3,yjit-on,true,puma-long-tail-fib-200ms-x0p5,puma-long-tail-hey,puma/benchmarks/local/long_tail_hey + test/rackup/sleep_fibonacci,https://github.com/puma/puma/blob/main/benchmarks/local/long_tail_hey.rb,raptor-3r,3,raptor,3,,42,40,5.034,5.0,40,40,4.786,2.0,2,true,42,0,8.343,241.708,242.239,242.274,242.277,242.277,68.262,68.262,44.2,20,20,75,same_worker,1,9093
yjit-on/puma-sleep-fibonacci-1ms/raptor-3r/repeat-3,yjit-on,true,puma-sleep-fibonacci-1ms,puma-sleep-fibonacci-test,puma/benchmarks/local/sleep_fibonacci_test + test/rackup/sleep_fibonacci,https://github.com/puma/puma/blob/main/benchmarks/local/sleep_fibonacci_test.rb,raptor-3r,3,raptor,3,,122,10,5.012,5.0,10,49,2.019,2.0,1,true,122,0,24.344,41.966,42.963,42.977,42.986,42.987,68.273,68.273,44.19,20,20,75,same_worker,1,22863
yjit-on/puma-sleep-fibonacci-5ms/raptor-3r/repeat-3,yjit-on,true,puma-sleep-fibonacci-5ms,puma-sleep-fibonacci-test,puma/benchmarks/local/sleep_fibonacci_test + test/rackup/sleep_fibonacci,https://github.com/puma/puma/blob/main/benchmarks/local/sleep_fibonacci_test.rb,raptor-3r,3,raptor,3,,114,10,5.017,5.0,10,46,2.031,2.0,1,true,114,0,22.724,44.965,45.931,45.96,45.962,45.962,68.273,68.273,43.895,20,20,75,same_worker,0,20265
yjit-on/puma-sleep-fibonacci-10ms/raptor-3r/repeat-3,yjit-on,true,puma-sleep-fibonacci-10ms,puma-sleep-fibonacci-test,puma/benchmarks/local/sleep_fibonacci_test + test/rackup/sleep_fibonacci,https://github.com/puma/puma/blob/main/benchmarks/local/sleep_fibonacci_test.rb,raptor-3r,3,raptor,3,,97,10,5.013,5.0,10,40,2.04,2.0,1,true,97,0,19.35,51.968,52.964,52.973,52.99,52.992,68.273,68.273,43.65,20,20,75,same_worker,0,15471
yjit-on/puma-sleep-fibonacci-50ms/raptor-3r/repeat-3,yjit-on,true,puma-sleep-fibonacci-50ms,puma-sleep-fibonacci-test,puma/benchmarks/local/sleep_fibonacci_test + test/rackup/sleep_fibonacci,https://github.com/puma/puma/blob/main/benchmarks/local/sleep_fibonacci_test.rb,raptor-3r,3,raptor,3,,56,10,5.078,5.0,10,23,2.059,2.0,1,true,56,0,11.028,90.983,92.838,92.967,92.972,92.972,68.289,68.289,43.575,20,20,76,same_worker,0,9976
yjit-on/puma-sleep-fibonacci-100ms/raptor-3r/repeat-3,yjit-on,true,puma-sleep-fibonacci-100ms,puma-sleep-fibonacci-test,puma/benchmarks/local/sleep_fibonacci_test + test/rackup/sleep_fibonacci,https://github.com/puma/puma/blob/main/benchmarks/local/sleep_fibonacci_test.rb,raptor-3r,3,raptor,3,,36,10,5.053,5.0,10,15,2.082,2.0,1,true,36,0,7.125,140.991,142.092,142.804,143.03,143.055,68.297,68.297,43.6,20,20,75,same_worker,0,6468
yjit-on/puma-sleep-fibonacci-200ms/raptor-3r/repeat-3,yjit-on,true,puma-sleep-fibonacci-200ms,puma-sleep-fibonacci-test,puma/benchmarks/local/sleep_fibonacci_test + test/rackup/sleep_fibonacci,https://github.com/puma/puma/blob/main/benchmarks/local/sleep_fibonacci_test.rb,raptor-3r,3,raptor,3,,21,10,5.044,5.0,10,10,2.38,2.0,1,true,21,0,4.164,241.96,242.951,242.961,242.963,242.964,68.301,68.301,43.69,20,20,75,same_worker,1,4092
yjit-on/puma-response-array-1kb/puma-1w-3t/repeat-1,yjit-on,true,puma-response-array-1kb,puma-response-time-wrk,puma/benchmarks/local/response_time_wrk,https://github.com/puma/puma/blob/main/benchmarks/local/response_time_wrk.rb,puma-1w-3t,3,puma,1,3,17778,1000,5.001,5.0,1000,7064,2.001,2.0,5,true,17778,0,3554.823,1.32,1.935,2.434,3.051,4.961,67.84,67.84,86.605,20,20,72,multiprocess_sample_only,,
yjit-on/puma-response-chunk-1kb/puma-1w-3t/repeat-1,yjit-on,true,puma-response-chunk-1kb,puma-response-time-wrk,puma/benchmarks/local/response_time_wrk,https://github.com/puma/puma/blob/main/benchmarks/local/response_time_wrk.rb,puma-1w-3t,3,puma,1,3,17165,1000,5.001,5.0,1000,7134,2.001,2.0,5,true,17165,0,3432.258,1.37,2.066,2.524,3.075,3.747,68.109,68.109,84.075,20,20,72,multiprocess_sample_only,,
yjit-on/puma-response-string-1kb/puma-1w-3t/repeat-1,yjit-on,true,puma-response-string-1kb,puma-response-time-wrk,puma/benchmarks/local/response_time_wrk,https://github.com/puma/puma/blob/main/benchmarks/local/response_time_wrk.rb,puma-1w-3t,3,puma,1,3,17664,1000,5.001,5.0,1000,7170,2.001,2.0,5,true,17664,0,3531.863,1.329,1.972,2.479,2.982,3.776,68.215,68.215,83.385,20,20,72,multiprocess_sample_only,,
yjit-on/puma-response-io-1kb/puma-1w-3t/repeat-1,yjit-on,true,puma-response-io-1kb,puma-response-time-wrk,puma/benchmarks/local/response_time_wrk,https://github.com/puma/puma/blob/main/benchmarks/local/response_time_wrk.rb,puma-1w-3t,3,puma,1,3,17434,1000,5.001,5.0,1000,7128,2.001,2.0,5,true,17434,0,3486.137,1.352,1.989,2.476,2.99,3.898,68.586,68.586,85.035,20,20,72,multiprocess_sample_only,,
yjit-on/puma-response-array-10kb/puma-1w-3t/repeat-1,yjit-on,true,puma-response-array-10kb,puma-response-time-wrk,puma/benchmarks/local/response_time_wrk,https://github.com/puma/puma/blob/main/benchmarks/local/response_time_wrk.rb,puma-1w-3t,3,puma,1,3,17290,1000,5.002,5.0,1000,7119,2.001,2.0,5,true,17290,0,3456.892,1.356,2.074,2.549,3.158,3.651,70.27,69.973,85.515,20,20,72,multiprocess_sample_only,,
yjit-on/puma-response-chunk-10kb/puma-1w-3t/repeat-1,yjit-on,true,puma-response-chunk-10kb,puma-response-time-wrk,puma/benchmarks/local/response_time_wrk,https://github.com/puma/puma/blob/main/benchmarks/local/response_time_wrk.rb,puma-1w-3t,3,puma,1,3,15056,1000,5.001,5.0,1000,6227,2.001,2.0,5,true,15056,0,3010.417,1.565,2.387,2.945,3.559,4.139,70.215,70.215,84.89,20,20,71,multiprocess_sample_only,,
yjit-on/puma-response-string-10kb/puma-1w-3t/repeat-1,yjit-on,true,puma-response-string-10kb,puma-response-time-wrk,puma/benchmarks/local/response_time_wrk,https://github.com/puma/puma/blob/main/benchmarks/local/response_time_wrk.rb,puma-1w-3t,3,puma,1,3,17383,1000,5.001,5.0,1000,7007,2.001,2.0,5,true,17383,0,3476.005,1.348,2.052,2.513,3.196,3.764,70.316,70.316,84.52,20,20,72,multiprocess_sample_only,,
yjit-on/puma-response-io-10kb/puma-1w-3t/repeat-1,yjit-on,true,puma-response-io-10kb,puma-response-time-wrk,puma/benchmarks/local/response_time_wrk,https://github.com/puma/puma/blob/main/benchmarks/local/response_time_wrk.rb,puma-1w-3t,3,puma,1,3,17071,1000,5.001,5.0,1000,6944,2.001,2.0,5,true,17071,0,3413.55,1.376,2.06,2.542,3.235,4.971,72.844,71.734,85.29,20,20,72,multiprocess_sample_only,,
yjit-on/puma-response-array-100kb/puma-1w-3t/repeat-1,yjit-on,true,puma-response-array-100kb,puma-response-time-wrk,puma/benchmarks/local/response_time_wrk,https://github.com/puma/puma/blob/main/benchmarks/local/response_time_wrk.rb,puma-1w-3t,3,puma,1,3,13585,1000,5.002,5.0,1000,5522,2.001,2.0,5,true,13585,0,2716.148,1.742,2.364,3.259,3.926,4.697,81.52,80.926,85.325,20,20,71,multiprocess_sample_only,,
yjit-on/puma-response-chunk-100kb/puma-1w-3t/repeat-1,yjit-on,true,puma-response-chunk-100kb,puma-response-time-wrk,puma/benchmarks/local/response_time_wrk,https://github.com/puma/puma/blob/main/benchmarks/local/response_time_wrk.rb,puma-1w-3t,3,puma,1,3,7313,1000,5.003,5.0,1000,3045,2.003,2.0,5,true,7313,0,1461.758,3.332,4.181,6.138,7.126,7.787,76.289,76.188,83.78,20,20,67,multiprocess_sample_only,,
yjit-on/puma-response-string-100kb/puma-1w-3t/repeat-1,yjit-on,true,puma-response-string-100kb,puma-response-time-wrk,puma/benchmarks/local/response_time_wrk,https://github.com/puma/puma/blob/main/benchmarks/local/response_time_wrk.rb,puma-1w-3t,3,puma,1,3,13414,1000,5.001,5.0,1000,5359,2.001,2.0,5,true,13414,0,2682.149,1.77,2.391,3.241,3.69,4.46,81.156,80.266,82.615,20,20,71,multiprocess_sample_only,,
yjit-on/puma-response-io-100kb/puma-1w-3t/repeat-1,yjit-on,true,puma-response-io-100kb,puma-response-time-wrk,puma/benchmarks/local/response_time_wrk,https://github.com/puma/puma/blob/main/benchmarks/local/response_time_wrk.rb,puma-1w-3t,3,puma,1,3,13677,1000,5.001,5.0,1000,5465,2.002,2.0,5,true,13677,0,2734.703,1.377,2.156,3.551,42.368,44.304,71.391,71.207,82.105,20,20,72,multiprocess_sample_only,,
yjit-on/puma-response-array-256kb/puma-1w-3t/repeat-1,yjit-on,true,puma-response-array-256kb,puma-response-time-wrk,puma/benchmarks/local/response_time_wrk,https://github.com/puma/puma/blob/main/benchmarks/local/response_time_wrk.rb,puma-1w-3t,3,puma,1,3,9874,1000,5.003,5.0,1000,4029,2.002,2.0,5,true,9874,0,1973.561,2.206,3.946,5.897,21.027,23.881,99.371,95.426,81.595,20,20,70,multiprocess_sample_only,,
yjit-on/puma-response-chunk-256kb/puma-1w-3t/repeat-1,yjit-on,true,puma-response-chunk-256kb,puma-response-time-wrk,puma/benchmarks/local/response_time_wrk,https://github.com/puma/puma/blob/main/benchmarks/local/response_time_wrk.rb,puma-1w-3t,3,puma,1,3,4154,1000,5.005,5.0,1000,1692,2.005,2.0,5,true,4154,0,829.985,5.893,9.159,11.189,12.275,12.588,80.188,79.953,80.365,20,20,62,multiprocess_sample_only,,
yjit-on/puma-response-string-256kb/puma-1w-3t/repeat-1,yjit-on,true,puma-response-string-256kb,puma-response-time-wrk,puma/benchmarks/local/response_time_wrk,https://github.com/puma/puma/blob/main/benchmarks/local/response_time_wrk.rb,puma-1w-3t,3,puma,1,3,10063,1000,5.002,5.0,1000,4163,2.004,2.0,5,true,10063,0,2011.911,2.165,3.877,5.803,20.591,23.235,75.902,75.598,78.955,20,20,69,multiprocess_sample_only,,
yjit-on/puma-response-io-256kb/puma-1w-3t/repeat-1,yjit-on,true,puma-response-io-256kb,puma-response-time-wrk,puma/benchmarks/local/response_time_wrk,https://github.com/puma/puma/blob/main/benchmarks/local/response_time_wrk.rb,puma-1w-3t,3,puma,1,3,9911,1000,5.002,5.0,1000,4114,2.002,2.0,5,true,9911,0,1981.564,2.18,3.965,6.224,21.233,44.117,75.848,75.543,77.78,20,20,69,multiprocess_sample_only,,
yjit-on/puma-response-array-512kb/puma-1w-3t/repeat-1,yjit-on,true,puma-response-array-512kb,puma-response-time-wrk,puma/benchmarks/local/response_time_wrk,https://github.com/puma/puma/blob/main/benchmarks/local/response_time_wrk.rb,puma-1w-3t,3,puma,1,3,7517,1000,5.002,5.0,1000,3099,2.002,2.0,5,true,7517,0,1502.685,2.816,5.153,21.388,24.803,26.988,117.336,111.895,77.315,20,20,67,multiprocess_sample_only,,
yjit-on/puma-response-chunk-512kb/puma-1w-3t/repeat-1,yjit-on,true,puma-response-chunk-512kb,puma-response-time-wrk,puma/benchmarks/local/response_time_wrk,https://github.com/puma/puma/blob/main/benchmarks/local/response_time_wrk.rb,puma-1w-3t,3,puma,1,3,2292,1000,5.009,5.0,1000,1000,2.216,2.0,5,true,2292,0,457.577,10.786,17.676,20.113,21.041,21.373,84.391,84.387,76.36,20,20,55,multiprocess_sample_only,,
yjit-on/puma-response-string-512kb/puma-1w-3t/repeat-1,yjit-on,true,puma-response-string-512kb,puma-response-time-wrk,puma/benchmarks/local/response_time_wrk,https://github.com/puma/puma/blob/main/benchmarks/local/response_time_wrk.rb,puma-1w-3t,3,puma,1,3,7336,1000,5.002,5.0,1000,3102,2.002,2.0,5,true,7336,0,1466.546,2.861,5.427,21.639,26.087,27.029,80.855,80.855,75.16,20,20,65,multiprocess_sample_only,,
yjit-on/puma-response-io-512kb/puma-1w-3t/repeat-1,yjit-on,true,puma-response-io-512kb,puma-response-time-wrk,puma/benchmarks/local/response_time_wrk,https://github.com/puma/puma/blob/main/benchmarks/local/response_time_wrk.rb,puma-1w-3t,3,puma,1,3,7447,1000,5.003,5.0,1000,3031,2.003,2.0,5,true,7447,0,1488.561,2.839,5.327,21.306,23.825,25.719,80.934,80.934,73.93,20,20,67,multiprocess_sample_only,,
yjit-on/puma-response-array-1024kb/puma-1w-3t/repeat-1,yjit-on,true,puma-response-array-1024kb,puma-response-time-wrk,puma/benchmarks/local/response_time_wrk,https://github.com/puma/puma/blob/main/benchmarks/local/response_time_wrk.rb,puma-1w-3t,3,puma,1,3,5074,1000,5.004,5.0,1000,1998,2.004,2.0,5,true,5074,0,1013.938,4.15,7.911,24.002,29.011,30.937,147.441,133.742,73.53,20,20,65,multiprocess_sample_only,,
yjit-on/puma-response-chunk-1024kb/puma-1w-3t/repeat-1,yjit-on,true,puma-response-chunk-1024kb,puma-response-time-wrk,puma/benchmarks/local/response_time_wrk,https://github.com/puma/puma/blob/main/benchmarks/local/response_time_wrk.rb,puma-1w-3t,3,puma,1,3,1259,1000,5.018,5.0,1000,1000,3.928,2.0,5,true,1259,0,250.919,19.438,32.864,36.676,37.251,37.704,105.176,104.223,72.645,20,20,45,multiprocess_sample_only,,
yjit-on/puma-response-string-1024kb/puma-1w-3t/repeat-1,yjit-on,true,puma-response-string-1024kb,puma-response-time-wrk,puma/benchmarks/local/response_time_wrk,https://github.com/puma/puma/blob/main/benchmarks/local/response_time_wrk.rb,puma-1w-3t,3,puma,1,3,4981,1000,5.003,5.0,1000,1984,2.004,2.0,5,true,4981,0,995.559,4.221,8.241,24.872,29.361,31.154,106.148,106.148,71.545,20,20,64,multiprocess_sample_only,,
yjit-on/puma-response-io-1024kb/puma-1w-3t/repeat-1,yjit-on,true,puma-response-io-1024kb,puma-response-time-wrk,puma/benchmarks/local/response_time_wrk,https://github.com/puma/puma/blob/main/benchmarks/local/response_time_wrk.rb,puma-1w-3t,3,puma,1,3,4870,1000,5.004,5.0,1000,1992,2.004,2.0,5,true,4870,0,973.235,4.368,8.417,24.211,29.159,31.493,106.273,106.273,70.185,20,20,64,multiprocess_sample_only,,
yjit-on/puma-response-array-2048kb/puma-1w-3t/repeat-1,yjit-on,true,puma-response-array-2048kb,puma-response-time-wrk,puma/benchmarks/local/response_time_wrk,https://github.com/puma/puma/blob/main/benchmarks/local/response_time_wrk.rb,puma-1w-3t,3,puma,1,3,3198,1000,5.009,5.0,1000,1312,2.005,2.0,5,true,3198,0,638.435,7.255,12.929,14.396,15.876,17.099,156.25,148.75,69.815,20,20,62,multiprocess_sample_only,,
yjit-on/puma-response-chunk-2048kb/puma-1w-3t/repeat-1,yjit-on,true,puma-response-chunk-2048kb,puma-response-time-wrk,puma/benchmarks/local/response_time_wrk,https://github.com/puma/puma/blob/main/benchmarks/local/response_time_wrk.rb,puma-1w-3t,3,puma,1,3,1000,1000,8.01,5.0,1000,1000,7.487,2.0,5,true,1000,0,124.852,39.676,64.029,72.639,74.071,74.45,122.035,120.598,68.59,20,20,52,multiprocess_sample_only,,
yjit-on/puma-response-string-2048kb/puma-1w-3t/repeat-1,yjit-on,true,puma-response-string-2048kb,puma-response-time-wrk,puma/benchmarks/local/response_time_wrk,https://github.com/puma/puma/blob/main/benchmarks/local/response_time_wrk.rb,puma-1w-3t,3,puma,1,3,2617,1000,5.009,5.0,1000,1051,2.01,2.0,5,true,2617,0,522.476,9.069,15.729,17.821,19.432,20.033,123.098,123.098,67.585,20,20,57,multiprocess_sample_only,,
yjit-on/puma-response-io-2048kb/puma-1w-3t/repeat-1,yjit-on,true,puma-response-io-2048kb,puma-response-time-wrk,puma/benchmarks/local/response_time_wrk,https://github.com/puma/puma/blob/main/benchmarks/local/response_time_wrk.rb,puma-1w-3t,3,puma,1,3,2811,1000,5.008,5.0,1000,1158,2.009,2.0,5,true,2811,0,561.306,8.619,14.544,16.719,17.775,17.903,123.16,123.16,66.27,20,20,58,multiprocess_sample_only,,
yjit-on/puma-long-tail-fib-200ms-x6p0/puma-1w-3t/repeat-1,yjit-on,true,puma-long-tail-fib-200ms-x6p0,puma-long-tail-hey,puma/benchmarks/local/long_tail_hey + test/rackup/sleep_fibonacci,https://github.com/puma/puma/blob/main/benchmarks/local/long_tail_hey.rb,puma-1w-3t,3,puma,1,3,360,360,50.913,5.0,360,360,50.906,2.0,18,true,360,0,7.071,2544.719,2554.178,2558.752,2564.138,2565.726,143.211,143.211,74.875,20,20,742,multiprocess_sample_only,,
yjit-on/puma-long-tail-fib-200ms-x4p0/puma-1w-3t/repeat-1,yjit-on,true,puma-long-tail-fib-200ms-x4p0,puma-long-tail-hey,puma/benchmarks/local/long_tail_hey + test/rackup/sleep_fibonacci,https://github.com/puma/puma/blob/main/benchmarks/local/long_tail_hey.rb,puma-1w-3t,3,puma,1,3,240,240,33.936,5.0,240,240,33.932,2.0,12,true,240,0,7.072,1696.331,1704.316,1706.809,1708.884,1709.361,143.469,143.469,80.24,20,20,496,multiprocess_sample_only,,
yjit-on/puma-long-tail-fib-200ms-x3p0/puma-1w-3t/repeat-1,yjit-on,true,puma-long-tail-fib-200ms-x3p0,puma-long-tail-hey,puma/benchmarks/local/long_tail_hey + test/rackup/sleep_fibonacci,https://github.com/puma/puma/blob/main/benchmarks/local/long_tail_hey.rb,puma-1w-3t,3,puma,1,3,180,180,25.445,5.0,180,180,25.446,2.0,9,true,180,0,7.074,1271.704,1278.322,1281.601,1283.176,1283.475,145.746,145.746,82.855,20,20,372,multiprocess_sample_only,,
yjit-on/puma-long-tail-fib-200ms-x2p0/puma-1w-3t/repeat-1,yjit-on,true,puma-long-tail-fib-200ms-x2p0,puma-long-tail-hey,puma/benchmarks/local/long_tail_hey + test/rackup/sleep_fibonacci,https://github.com/puma/puma/blob/main/benchmarks/local/long_tail_hey.rb,puma-1w-3t,3,puma,1,3,120,120,16.967,5.0,120,120,16.96,2.0,6,true,120,0,7.073,848.042,855.041,857.37,858.49,858.619,145.809,145.809,84.3,20,20,248,multiprocess_sample_only,,
yjit-on/puma-long-tail-fib-200ms-x1p5/puma-1w-3t/repeat-1,yjit-on,true,puma-long-tail-fib-200ms-x1p5,puma-long-tail-hey,puma/benchmarks/local/long_tail_hey + test/rackup/sleep_fibonacci,https://github.com/puma/puma/blob/main/benchmarks/local/long_tail_hey.rb,puma-1w-3t,3,puma,1,3,100,100,14.171,5.0,100,100,14.204,2.0,5,true,100,0,7.056,826.149,840.239,843.837,845.602,845.798,145.813,145.813,85.245,20,20,208,multiprocess_sample_only,,
yjit-on/puma-long-tail-fib-200ms-x1p0/puma-1w-3t/repeat-1,yjit-on,true,puma-long-tail-fib-200ms-x1p0,puma-long-tail-hey,puma/benchmarks/local/long_tail_hey + test/rackup/sleep_fibonacci,https://github.com/puma/puma/blob/main/benchmarks/local/long_tail_hey.rb,puma-1w-3t,3,puma,1,3,60,60,8.483,5.0,60,60,8.483,2.0,3,true,60,0,7.073,423.87,427.048,428.6,429.509,429.61,145.813,112.207,85.81,20,20,125,multiprocess_sample_only,,
yjit-on/puma-long-tail-fib-200ms-x0p5/puma-1w-3t/repeat-1,yjit-on,true,puma-long-tail-fib-200ms-x0p5,puma-long-tail-hey,puma/benchmarks/local/long_tail_hey + test/rackup/sleep_fibonacci,https://github.com/puma/puma/blob/main/benchmarks/local/long_tail_hey.rb,puma-1w-3t,3,puma,1,3,40,40,5.654,5.0,40,40,5.654,2.0,2,true,40,0,7.074,282.62,284.212,284.397,284.402,284.403,112.211,112.211,86.155,20,20,84,multiprocess_sample_only,,
yjit-on/puma-sleep-fibonacci-1ms/puma-1w-3t/repeat-1,yjit-on,true,puma-sleep-fibonacci-1ms,puma-sleep-fibonacci-test,puma/benchmarks/local/sleep_fibonacci_test + test/rackup/sleep_fibonacci,https://github.com/puma/puma/blob/main/benchmarks/local/sleep_fibonacci_test.rb,puma-1w-3t,3,puma,1,3,1926,10,5.002,5.0,10,760,2.002,2.0,1,true,1926,0,385.067,2.532,2.774,3.034,3.625,3.998,120.738,120.738,85.8,20,20,74,multiprocess_sample_only,,
yjit-on/puma-sleep-fibonacci-5ms/puma-1w-3t/repeat-1,yjit-on,true,puma-sleep-fibonacci-5ms,puma-sleep-fibonacci-test,puma/benchmarks/local/sleep_fibonacci_test + test/rackup/sleep_fibonacci,https://github.com/puma/puma/blob/main/benchmarks/local/sleep_fibonacci_test.rb,puma-1w-3t,3,puma,1,3,566,10,5.002,5.0,10,228,2.008,2.0,1,true,566,0,113.149,8.792,8.95,9.084,9.928,9.968,121.738,121.738,85.195,20,20,74,multiprocess_sample_only,,
yjit-on/puma-sleep-fibonacci-10ms/puma-1w-3t/repeat-1,yjit-on,true,puma-sleep-fibonacci-10ms,puma-sleep-fibonacci-test,puma/benchmarks/local/sleep_fibonacci_test + test/rackup/sleep_fibonacci,https://github.com/puma/puma/blob/main/benchmarks/local/sleep_fibonacci_test.rb,puma-1w-3t,3,puma,1,3,405,10,5.001,5.0,10,163,2.006,2.0,1,true,405,0,80.983,12.325,12.462,12.679,13.079,13.218,123.059,123.059,84.79,20,20,74,multiprocess_sample_only,,
yjit-on/puma-sleep-fibonacci-50ms/puma-1w-3t/repeat-1,yjit-on,true,puma-sleep-fibonacci-50ms,puma-sleep-fibonacci-test,puma/benchmarks/local/sleep_fibonacci_test + test/rackup/sleep_fibonacci,https://github.com/puma/puma/blob/main/benchmarks/local/sleep_fibonacci_test.rb,puma-1w-3t,3,puma,1,3,99,10,5.006,5.0,10,40,2.028,2.0,1,true,99,0,19.776,50.461,50.921,51.007,51.107,51.118,123.184,123.184,84.545,20,20,74,multiprocess_sample_only,,
yjit-on/puma-sleep-fibonacci-100ms/puma-1w-3t/repeat-1,yjit-on,true,puma-sleep-fibonacci-100ms,puma-sleep-fibonacci-test,puma/benchmarks/local/sleep_fibonacci_test + test/rackup/sleep_fibonacci,https://github.com/puma/puma/blob/main/benchmarks/local/sleep_fibonacci_test.rb,puma-1w-3t,3,puma,1,3,50,10,5.031,5.0,10,20,2.015,2.0,1,true,50,0,9.938,100.468,101.268,101.465,101.546,101.555,123.184,123.184,84.36,20,20,75,multiprocess_sample_only,,
yjit-on/puma-sleep-fibonacci-200ms/puma-1w-3t/repeat-1,yjit-on,true,puma-sleep-fibonacci-200ms,puma-sleep-fibonacci-test,puma/benchmarks/local/sleep_fibonacci_test + test/rackup/sleep_fibonacci,https://github.com/puma/puma/blob/main/benchmarks/local/sleep_fibonacci_test.rb,puma-1w-3t,3,puma,1,3,25,10,5.015,5.0,10,10,2.008,2.0,1,true,25,0,4.985,200.507,200.617,200.666,200.68,200.681,123.184,123.184,84.17,20,20,75,multiprocess_sample_only,,
yjit-on/puma-response-array-1kb/puma-1w-3t/repeat-2,yjit-on,true,puma-response-array-1kb,puma-response-time-wrk,puma/benchmarks/local/response_time_wrk,https://github.com/puma/puma/blob/main/benchmarks/local/response_time_wrk.rb,puma-1w-3t,3,puma,1,3,17657,1000,5.001,5.0,1000,7050,2.001,2.0,5,true,17657,0,3530.683,1.326,2.04,2.532,3.185,5.197,67.684,67.621,87.16,20,20,72,multiprocess_sample_only,,
yjit-on/puma-response-chunk-1kb/puma-1w-3t/repeat-2,yjit-on,true,puma-response-chunk-1kb,puma-response-time-wrk,puma/benchmarks/local/response_time_wrk,https://github.com/puma/puma/blob/main/benchmarks/local/response_time_wrk.rb,puma-1w-3t,3,puma,1,3,17311,1000,5.001,5.0,1000,7120,2.002,2.0,5,true,17311,0,3461.352,1.35,2.114,2.586,3.152,3.922,67.836,67.766,85.105,20,20,72,multiprocess_sample_only,,
yjit-on/puma-response-string-1kb/puma-1w-3t/repeat-2,yjit-on,true,puma-response-string-1kb,puma-response-time-wrk,puma/benchmarks/local/response_time_wrk,https://github.com/puma/puma/blob/main/benchmarks/local/response_time_wrk.rb,puma-1w-3t,3,puma,1,3,17539,1000,5.001,5.0,1000,7213,2.001,2.0,5,true,17539,0,3507.134,1.331,2.096,2.564,3.047,3.763,68.418,68.352,84.45,20,20,72,multiprocess_sample_only,,
yjit-on/puma-response-io-1kb/puma-1w-3t/repeat-2,yjit-on,true,puma-response-io-1kb,puma-response-time-wrk,puma/benchmarks/local/response_time_wrk,https://github.com/puma/puma/blob/main/benchmarks/local/response_time_wrk.rb,puma-1w-3t,3,puma,1,3,17201,1000,5.001,5.0,1000,7117,2.001,2.0,5,true,17201,0,3439.393,1.361,2.116,2.597,3.57,5.502,68.578,68.5,86.055,20,20,72,multiprocess_sample_only,,
yjit-on/puma-response-array-10kb/puma-1w-3t/repeat-2,yjit-on,true,puma-response-array-10kb,puma-response-time-wrk,puma/benchmarks/local/response_time_wrk,https://github.com/puma/puma/blob/main/benchmarks/local/response_time_wrk.rb,puma-1w-3t,3,puma,1,3,17275,1000,5.001,5.0,1000,6966,2.001,2.0,5,true,17275,0,3454.22,1.348,2.158,2.602,3.223,4.265,70.023,69.898,86.37,20,20,72,multiprocess_sample_only,,
yjit-on/puma-response-chunk-10kb/puma-1w-3t/repeat-2,yjit-on,true,puma-response-chunk-10kb,puma-response-time-wrk,puma/benchmarks/local/response_time_wrk,https://github.com/puma/puma/blob/main/benchmarks/local/response_time_wrk.rb,puma-1w-3t,3,puma,1,3,15223,1000,5.002,5.0,1000,6285,2.001,2.0,5,true,15223,0,3043.662,1.532,2.439,2.976,3.61,4.297,69.922,69.922,85.785,20,20,71,multiprocess_sample_only,,
yjit-on/puma-response-string-10kb/puma-1w-3t/repeat-2,yjit-on,true,puma-response-string-10kb,puma-response-time-wrk,puma/benchmarks/local/response_time_wrk,https://github.com/puma/puma/blob/main/benchmarks/local/response_time_wrk.rb,puma-1w-3t,3,puma,1,3,16809,1000,5.001,5.0,1000,6933,2.001,2.0,5,true,16809,0,3361.102,1.38,2.252,2.663,3.356,4.028,69.953,69.922,85.51,20,20,72,multiprocess_sample_only,,
yjit-on/puma-response-io-10kb/puma-1w-3t/repeat-2,yjit-on,true,puma-response-io-10kb,puma-response-time-wrk,puma/benchmarks/local/response_time_wrk,https://github.com/puma/puma/blob/main/benchmarks/local/response_time_wrk.rb,puma-1w-3t,3,puma,1,3,16342,1000,5.001,5.0,1000,6678,2.001,2.0,5,true,16342,0,3267.423,1.432,2.238,2.741,3.602,4.96,72.875,72.359,86.49,20,20,73,multiprocess_sample_only,,
yjit-on/puma-response-array-100kb/puma-1w-3t/repeat-2,yjit-on,true,puma-response-array-100kb,puma-response-time-wrk,puma/benchmarks/local/response_time_wrk,https://github.com/puma/puma/blob/main/benchmarks/local/response_time_wrk.rb,puma-1w-3t,3,puma,1,3,13348,1000,5.001,5.0,1000,5373,2.002,2.0,5,true,13348,0,2668.877,1.749,2.769,3.419,3.884,4.81,81.816,80.727,86.595,20,20,71,multiprocess_sample_only,,
yjit-on/puma-response-chunk-100kb/puma-1w-3t/repeat-2,yjit-on,true,puma-response-chunk-100kb,puma-response-time-wrk,puma/benchmarks/local/response_time_wrk,https://github.com/puma/puma/blob/main/benchmarks/local/response_time_wrk.rb,puma-1w-3t,3,puma,1,3,7259,1000,5.002,5.0,1000,2987,2.003,2.0,5,true,7259,0,1451.134,3.3,5.369,6.421,7.183,7.908,74.906,74.551,85.055,20,20,67,multiprocess_sample_only,,
yjit-on/puma-response-string-100kb/puma-1w-3t/repeat-2,yjit-on,true,puma-response-string-100kb,puma-response-time-wrk,puma/benchmarks/local/response_time_wrk,https://github.com/puma/puma/blob/main/benchmarks/local/response_time_wrk.rb,puma-1w-3t,3,puma,1,3,13151,1000,5.001,5.0,1000,5363,2.001,2.0,5,true,13151,0,2629.481,1.774,2.899,3.464,4.147,5.762,81.027,80.449,83.9,20,20,71,multiprocess_sample_only,,
yjit-on/puma-response-io-100kb/puma-1w-3t/repeat-2,yjit-on,true,puma-response-io-100kb,puma-response-time-wrk,puma/benchmarks/local/response_time_wrk,https://github.com/puma/puma/blob/main/benchmarks/local/response_time_wrk.rb,puma-1w-3t,3,puma,1,3,13501,1000,5.011,5.0,1000,5400,2.001,2.0,5,true,13501,0,2694.351,1.319,2.277,41.112,42.394,43.209,72.59,72.527,83.425,20,20,72,multiprocess_sample_only,,
yjit-on/puma-response-array-256kb/puma-1w-3t/repeat-2,yjit-on,true,puma-response-array-256kb,puma-response-time-wrk,puma/benchmarks/local/response_time_wrk,https://github.com/puma/puma/blob/main/benchmarks/local/response_time_wrk.rb,puma-1w-3t,3,puma,1,3,9804,1000,5.002,5.0,1000,4044,2.001,2.0,5,true,9804,0,1960.114,2.177,3.987,6.29,21.591,24.774,104.27,100.262,83.03,20,20,69,multiprocess_sample_only,,
yjit-on/puma-response-chunk-256kb/puma-1w-3t/repeat-2,yjit-on,true,puma-response-chunk-256kb,puma-response-time-wrk,puma/benchmarks/local/response_time_wrk,https://github.com/puma/puma/blob/main/benchmarks/local/response_time_wrk.rb,puma-1w-3t,3,puma,1,3,4164,1000,5.006,5.0,1000,1691,2.005,2.0,5,true,4164,0,831.789,5.758,10.04,11.232,12.307,12.638,78.965,78.227,81.825,20,20,63,multiprocess_sample_only,,
yjit-on/puma-response-string-256kb/puma-1w-3t/repeat-2,yjit-on,true,puma-response-string-256kb,puma-response-time-wrk,puma/benchmarks/local/response_time_wrk,https://github.com/puma/puma/blob/main/benchmarks/local/response_time_wrk.rb,puma-1w-3t,3,puma,1,3,9629,1000,5.002,5.0,1000,3966,2.001,2.0,5,true,9629,0,1925.02,2.18,4.134,6.714,22.752,24.541,74.742,74.566,80.3,20,20,69,multiprocess_sample_only,,
yjit-on/puma-response-io-256kb/puma-1w-3t/repeat-2,yjit-on,true,puma-response-io-256kb,puma-response-time-wrk,puma/benchmarks/local/response_time_wrk,https://github.com/puma/puma/blob/main/benchmarks/local/response_time_wrk.rb,puma-1w-3t,3,puma,1,3,9449,1000,5.003,5.0,1000,3915,2.017,2.0,5,true,9449,0,1888.82,2.247,4.217,6.806,22.995,25.304,74.629,74.629,79.075,20,20,68,multiprocess_sample_only,,
yjit-on/puma-response-array-512kb/puma-1w-3t/repeat-2,yjit-on,true,puma-response-array-512kb,puma-response-time-wrk,puma/benchmarks/local/response_time_wrk,https://github.com/puma/puma/blob/main/benchmarks/local/response_time_wrk.rb,puma-1w-3t,3,puma,1,3,7189,1000,5.003,5.0,1000,2915,2.002,2.0,5,true,7189,0,1436.926,2.869,5.551,22.627,26.597,27.401,115.246,111.602,78.565,20,20,67,multiprocess_sample_only,,
yjit-on/puma-response-chunk-512kb/puma-1w-3t/repeat-2,yjit-on,true,puma-response-chunk-512kb,puma-response-time-wrk,puma/benchmarks/local/response_time_wrk,https://github.com/puma/puma/blob/main/benchmarks/local/response_time_wrk.rb,puma-1w-3t,3,puma,1,3,2311,1000,5.008,5.0,1000,1000,2.109,2.0,5,true,2311,0,461.428,10.505,18.087,20.219,21.088,21.37,82.473,79.781,77.525,20,20,55,multiprocess_sample_only,,
yjit-on/puma-response-string-512kb/puma-1w-3t/repeat-2,yjit-on,true,puma-response-string-512kb,puma-response-time-wrk,puma/benchmarks/local/response_time_wrk,https://github.com/puma/puma/blob/main/benchmarks/local/response_time_wrk.rb,puma-1w-3t,3,puma,1,3,7397,1000,5.002,5.0,1000,3070,2.002,2.0,5,true,7397,0,1478.799,2.719,5.486,22.625,26.595,28.715,78.047,78.047,76.325,20,20,67,multiprocess_sample_only,,
yjit-on/puma-response-io-512kb/puma-1w-3t/repeat-2,yjit-on,true,puma-response-io-512kb,puma-response-time-wrk,puma/benchmarks/local/response_time_wrk,https://github.com/puma/puma/blob/main/benchmarks/local/response_time_wrk.rb,puma-1w-3t,3,puma,1,3,7408,1000,5.002,5.0,1000,3046,2.002,2.0,5,true,7408,0,1480.891,2.78,5.365,22.289,26.308,27.997,78.117,78.117,75.125,20,20,67,multiprocess_sample_only,,
yjit-on/puma-response-array-1024kb/puma-1w-3t/repeat-2,yjit-on,true,puma-response-array-1024kb,puma-response-time-wrk,puma/benchmarks/local/response_time_wrk,https://github.com/puma/puma/blob/main/benchmarks/local/response_time_wrk.rb,puma-1w-3t,3,puma,1,3,4958,1000,5.003,5.0,1000,2091,2.003,2.0,5,true,4958,0,991.007,4.289,8.076,25.53,30.416,31.814,119.75,119.75,74.56,20,20,65,multiprocess_sample_only,,
yjit-on/puma-response-chunk-1024kb/puma-1w-3t/repeat-2,yjit-on,true,puma-response-chunk-1024kb,puma-response-time-wrk,puma/benchmarks/local/response_time_wrk,https://github.com/puma/puma/blob/main/benchmarks/local/response_time_wrk.rb,puma-1w-3t,3,puma,1,3,1256,1000,5.018,5.0,1000,1000,3.925,2.0,5,true,1256,0,250.312,19.466,33.517,36.239,37.863,37.936,82.5,80.988,73.58,20,20,45,multiprocess_sample_only,,
yjit-on/puma-response-string-1024kb/puma-1w-3t/repeat-2,yjit-on,true,puma-response-string-1024kb,puma-response-time-wrk,puma/benchmarks/local/response_time_wrk,https://github.com/puma/puma/blob/main/benchmarks/local/response_time_wrk.rb,puma-1w-3t,3,puma,1,3,4938,1000,5.003,5.0,1000,2034,2.004,2.0,5,true,4938,0,987.041,4.202,8.452,25.577,31.809,34.976,80.543,80.543,72.485,20,20,64,multiprocess_sample_only,,
yjit-on/puma-response-io-1024kb/puma-1w-3t/repeat-2,yjit-on,true,puma-response-io-1024kb,puma-response-time-wrk,puma/benchmarks/local/response_time_wrk,https://github.com/puma/puma/blob/main/benchmarks/local/response_time_wrk.rb,puma-1w-3t,3,puma,1,3,4753,1000,5.008,5.0,1000,1958,2.005,2.0,5,true,4753,0,949.033,4.462,8.548,26.24,31.513,33.14,80.605,80.605,71.095,20,20,63,multiprocess_sample_only,,
yjit-on/puma-response-array-2048kb/puma-1w-3t/repeat-2,yjit-on,true,puma-response-array-2048kb,puma-response-time-wrk,puma/benchmarks/local/response_time_wrk,https://github.com/puma/puma/blob/main/benchmarks/local/response_time_wrk.rb,puma-1w-3t,3,puma,1,3,3203,1000,5.006,5.0,1000,1288,2.007,2.0,5,true,3203,0,639.8,7.373,12.289,14.329,16.371,17.316,108.41,108.41,71.155,20,20,65,multiprocess_sample_only,,
yjit-on/puma-response-chunk-2048kb/puma-1w-3t/repeat-2,yjit-on,true,puma-response-chunk-2048kb,puma-response-time-wrk,puma/benchmarks/local/response_time_wrk,https://github.com/puma/puma/blob/main/benchmarks/local/response_time_wrk.rb,puma-1w-3t,3,puma,1,3,1000,1000,7.636,5.0,1000,1000,7.568,2.0,5,true,1000,0,130.95,37.749,61.465,69.713,70.328,70.45,84.402,84.402,70.21,20,20,51,multiprocess_sample_only,,
yjit-on/puma-response-string-2048kb/puma-1w-3t/repeat-2,yjit-on,true,puma-response-string-2048kb,puma-response-time-wrk,puma/benchmarks/local/response_time_wrk,https://github.com/puma/puma/blob/main/benchmarks/local/response_time_wrk.rb,puma-1w-3t,3,puma,1,3,3146,1000,5.007,5.0,1000,1242,2.007,2.0,5,true,3146,0,628.364,7.389,13.351,15.051,16.43,21.902,87.844,87.844,69.15,20,20,60,multiprocess_sample_only,,
yjit-on/puma-response-io-2048kb/puma-1w-3t/repeat-2,yjit-on,true,puma-response-io-2048kb,puma-response-time-wrk,puma/benchmarks/local/response_time_wrk,https://github.com/puma/puma/blob/main/benchmarks/local/response_time_wrk.rb,puma-1w-3t,3,puma,1,3,3144,1000,5.006,5.0,1000,1364,2.007,2.0,5,true,3144,0,628.001,7.589,13.405,14.912,15.776,16.773,87.906,87.906,67.85,20,20,60,multiprocess_sample_only,,
yjit-on/puma-long-tail-fib-200ms-x6p0/puma-1w-3t/repeat-2,yjit-on,true,puma-long-tail-fib-200ms-x6p0,puma-long-tail-hey,puma/benchmarks/local/long_tail_hey + test/rackup/sleep_fibonacci,https://github.com/puma/puma/blob/main/benchmarks/local/long_tail_hey.rb,puma-1w-3t,3,puma,1,3,360,360,50.919,5.0,360,360,50.909,2.0,18,true,360,0,7.07,2545.374,2553.956,2557.056,2559.319,2560.063,103.555,103.555,75.97,20,20,742,multiprocess_sample_only,,
yjit-on/puma-long-tail-fib-200ms-x4p0/puma-1w-3t/repeat-2,yjit-on,true,puma-long-tail-fib-200ms-x4p0,puma-long-tail-hey,puma/benchmarks/local/long_tail_hey + test/rackup/sleep_fibonacci,https://github.com/puma/puma/blob/main/benchmarks/local/long_tail_hey.rb,puma-1w-3t,3,puma,1,3,240,240,33.929,5.0,240,240,33.931,2.0,12,true,240,0,7.074,1695.891,1703.293,1706.137,1706.862,1707.045,110.242,110.242,81.12,20,20,495,multiprocess_sample_only,,
yjit-on/puma-long-tail-fib-200ms-x3p0/puma-1w-3t/repeat-2,yjit-on,true,puma-long-tail-fib-200ms-x3p0,puma-long-tail-hey,puma/benchmarks/local/long_tail_hey + test/rackup/sleep_fibonacci,https://github.com/puma/puma/blob/main/benchmarks/local/long_tail_hey.rb,puma-1w-3t,3,puma,1,3,180,180,25.445,5.0,180,180,25.442,2.0,9,true,180,0,7.074,1271.526,1278.513,1281.686,1285.172,1285.827,110.309,110.309,83.63,20,20,372,multiprocess_sample_only,,
yjit-on/puma-long-tail-fib-200ms-x2p0/puma-1w-3t/repeat-2,yjit-on,true,puma-long-tail-fib-200ms-x2p0,puma-long-tail-hey,puma/benchmarks/local/long_tail_hey + test/rackup/sleep_fibonacci,https://github.com/puma/puma/blob/main/benchmarks/local/long_tail_hey.rb,puma-1w-3t,3,puma,1,3,120,120,16.968,5.0,120,120,16.967,2.0,6,true,120,0,7.072,848.139,854.577,856.081,856.913,857.001,110.684,110.684,85.01,20,20,249,multiprocess_sample_only,,
yjit-on/puma-long-tail-fib-200ms-x1p5/puma-1w-3t/repeat-2,yjit-on,true,puma-long-tail-fib-200ms-x1p5,puma-long-tail-hey,puma/benchmarks/local/long_tail_hey + test/rackup/sleep_fibonacci,https://github.com/puma/puma/blob/main/benchmarks/local/long_tail_hey.rb,puma-1w-3t,3,puma,1,3,100,100,14.18,5.0,100,100,14.195,2.0,5,true,100,0,7.052,837.448,849.331,850.112,851.45,851.599,110.684,110.684,85.91,20,20,208,multiprocess_sample_only,,
yjit-on/puma-long-tail-fib-200ms-x1p0/puma-1w-3t/repeat-2,yjit-on,true,puma-long-tail-fib-200ms-x1p0,puma-long-tail-hey,puma/benchmarks/local/long_tail_hey + test/rackup/sleep_fibonacci,https://github.com/puma/puma/blob/main/benchmarks/local/long_tail_hey.rb,puma-1w-3t,3,puma,1,3,60,60,8.484,5.0,60,60,8.481,2.0,3,true,60,0,7.072,423.964,427.832,429.344,430.046,430.125,110.809,110.809,86.45,20,20,125,multiprocess_sample_only,,
yjit-on/puma-long-tail-fib-200ms-x0p5/puma-1w-3t/repeat-2,yjit-on,true,puma-long-tail-fib-200ms-x0p5,puma-long-tail-hey,puma/benchmarks/local/long_tail_hey + test/rackup/sleep_fibonacci,https://github.com/puma/puma/blob/main/benchmarks/local/long_tail_hey.rb,puma-1w-3t,3,puma,1,3,40,40,5.653,5.0,40,40,5.653,2.0,2,true,40,0,7.076,282.507,282.858,283.107,283.234,283.248,110.809,110.809,86.77,20,20,84,multiprocess_sample_only,,
yjit-on/puma-sleep-fibonacci-1ms/puma-1w-3t/repeat-2,yjit-on,true,puma-sleep-fibonacci-1ms,puma-sleep-fibonacci-test,puma/benchmarks/local/sleep_fibonacci_test + test/rackup/sleep_fibonacci,https://github.com/puma/puma/blob/main/benchmarks/local/sleep_fibonacci_test.rb,puma-1w-3t,3,puma,1,3,1912,10,5.001,5.0,10,776,2.001,2.0,1,true,1912,0,382.332,2.564,2.78,3.021,3.56,3.847,110.934,110.934,86.4,20,20,74,multiprocess_sample_only,,
yjit-on/puma-sleep-fibonacci-5ms/puma-1w-3t/repeat-2,yjit-on,true,puma-sleep-fibonacci-5ms,puma-sleep-fibonacci-test,puma/benchmarks/local/sleep_fibonacci_test + test/rackup/sleep_fibonacci,https://github.com/puma/puma/blob/main/benchmarks/local/sleep_fibonacci_test.rb,puma-1w-3t,3,puma,1,3,564,10,5.002,5.0,10,226,2.001,2.0,1,true,564,0,112.76,8.821,8.97,9.132,9.668,9.765,110.934,110.934,85.795,20,20,74,multiprocess_sample_only,,
yjit-on/puma-sleep-fibonacci-10ms/puma-1w-3t/repeat-2,yjit-on,true,puma-sleep-fibonacci-10ms,puma-sleep-fibonacci-test,puma/benchmarks/local/sleep_fibonacci_test + test/rackup/sleep_fibonacci,https://github.com/puma/puma/blob/main/benchmarks/local/sleep_fibonacci_test.rb,puma-1w-3t,3,puma,1,3,404,10,5.012,5.0,10,161,2.003,2.0,1,true,404,0,80.602,12.353,12.637,13.129,13.378,13.4,110.934,110.934,85.38,20,20,74,multiprocess_sample_only,,
yjit-on/puma-sleep-fibonacci-50ms/puma-1w-3t/repeat-2,yjit-on,true,puma-sleep-fibonacci-50ms,puma-sleep-fibonacci-test,puma/benchmarks/local/sleep_fibonacci_test + test/rackup/sleep_fibonacci,https://github.com/puma/puma/blob/main/benchmarks/local/sleep_fibonacci_test.rb,puma-1w-3t,3,puma,1,3,100,10,5.05,5.0,10,40,2.023,2.0,1,true,100,0,19.803,50.432,50.567,50.855,51.046,51.067,110.934,110.934,85.135,20,20,75,multiprocess_sample_only,,
yjit-on/puma-sleep-fibonacci-100ms/puma-1w-3t/repeat-2,yjit-on,true,puma-sleep-fibonacci-100ms,puma-sleep-fibonacci-test,puma/benchmarks/local/sleep_fibonacci_test + test/rackup/sleep_fibonacci,https://github.com/puma/puma/blob/main/benchmarks/local/sleep_fibonacci_test.rb,puma-1w-3t,3,puma,1,3,50,10,5.029,5.0,10,20,2.013,2.0,1,true,50,0,9.943,100.502,100.597,100.713,100.737,100.74,110.934,110.934,84.935,20,20,75,multiprocess_sample_only,,
yjit-on/puma-sleep-fibonacci-200ms/puma-1w-3t/repeat-2,yjit-on,true,puma-sleep-fibonacci-200ms,puma-sleep-fibonacci-test,puma/benchmarks/local/sleep_fibonacci_test + test/rackup/sleep_fibonacci,https://github.com/puma/puma/blob/main/benchmarks/local/sleep_fibonacci_test.rb,puma-1w-3t,3,puma,1,3,25,10,5.016,5.0,10,10,2.008,2.0,1,true,25,0,4.984,200.555,200.652,200.654,200.654,200.654,110.934,110.934,84.745,20,20,75,multiprocess_sample_only,,
yjit-on/puma-response-array-1kb/puma-1w-3t/repeat-3,yjit-on,true,puma-response-array-1kb,puma-response-time-wrk,puma/benchmarks/local/response_time_wrk,https://github.com/puma/puma/blob/main/benchmarks/local/response_time_wrk.rb,puma-1w-3t,3,puma,1,3,17223,1000,5.001,5.0,1000,6880,2.001,2.0,5,true,17223,0,3443.806,1.359,2.071,2.553,3.151,4.679,67.762,67.762,86.62,20,20,72,multiprocess_sample_only,,
yjit-on/puma-response-chunk-1kb/puma-1w-3t/repeat-3,yjit-on,true,puma-response-chunk-1kb,puma-response-time-wrk,puma/benchmarks/local/response_time_wrk,https://github.com/puma/puma/blob/main/benchmarks/local/response_time_wrk.rb,puma-1w-3t,3,puma,1,3,16847,1000,5.001,5.0,1000,6826,2.001,2.0,5,true,16847,0,3368.701,1.393,2.13,2.615,3.216,3.912,67.887,67.848,84.53,20,20,72,multiprocess_sample_only,,
yjit-on/puma-response-string-1kb/puma-1w-3t/repeat-3,yjit-on,true,puma-response-string-1kb,puma-response-time-wrk,puma/benchmarks/local/response_time_wrk,https://github.com/puma/puma/blob/main/benchmarks/local/response_time_wrk.rb,puma-1w-3t,3,puma,1,3,17224,1000,5.001,5.0,1000,7002,2.001,2.0,5,true,17224,0,3443.842,1.362,2.079,2.534,3.162,3.62,68.496,68.285,83.81,20,20,72,multiprocess_sample_only,,
yjit-on/puma-response-io-1kb/puma-1w-3t/repeat-3,yjit-on,true,puma-response-io-1kb,puma-response-time-wrk,puma/benchmarks/local/response_time_wrk,https://github.com/puma/puma/blob/main/benchmarks/local/response_time_wrk.rb,puma-1w-3t,3,puma,1,3,16814,1000,5.001,5.0,1000,6926,2.001,2.0,5,true,16814,0,3362.066,1.399,2.086,2.558,3.171,5.066,68.563,68.086,85.36,20,20,72,multiprocess_sample_only,,
yjit-on/puma-response-array-10kb/puma-1w-3t/repeat-3,yjit-on,true,puma-response-array-10kb,puma-response-time-wrk,puma/benchmarks/local/response_time_wrk,https://github.com/puma/puma/blob/main/benchmarks/local/response_time_wrk.rb,puma-1w-3t,3,puma,1,3,16895,1000,5.002,5.0,1000,6975,2.001,2.0,5,true,16895,0,3377.706,1.381,2.191,2.645,3.29,4.101,70.016,69.98,85.835,20,20,72,multiprocess_sample_only,,
yjit-on/puma-response-chunk-10kb/puma-1w-3t/repeat-3,yjit-on,true,puma-response-chunk-10kb,puma-response-time-wrk,puma/benchmarks/local/response_time_wrk,https://github.com/puma/puma/blob/main/benchmarks/local/response_time_wrk.rb,puma-1w-3t,3,puma,1,3,14983,1000,5.001,5.0,1000,6133,2.001,2.0,5,true,14983,0,2995.774,1.573,2.439,2.983,3.611,4.94,70.207,70.207,85.16,20,20,71,multiprocess_sample_only,,
yjit-on/puma-response-string-10kb/puma-1w-3t/repeat-3,yjit-on,true,puma-response-string-10kb,puma-response-time-wrk,puma/benchmarks/local/response_time_wrk,https://github.com/puma/puma/blob/main/benchmarks/local/response_time_wrk.rb,puma-1w-3t,3,puma,1,3,16962,1000,5.002,5.0,1000,6852,2.001,2.0,5,true,16962,0,3390.992,1.378,2.156,2.574,3.207,4.391,70.281,70.281,84.79,20,20,72,multiprocess_sample_only,,
yjit-on/puma-response-io-10kb/puma-1w-3t/repeat-3,yjit-on,true,puma-response-io-10kb,puma-response-time-wrk,puma/benchmarks/local/response_time_wrk,https://github.com/puma/puma/blob/main/benchmarks/local/response_time_wrk.rb,puma-1w-3t,3,puma,1,3,16648,1000,5.001,5.0,1000,6837,2.001,2.0,5,true,16648,0,3328.903,1.404,2.15,2.663,3.36,6.238,72.645,72.574,85.55,20,20,72,multiprocess_sample_only,,
yjit-on/puma-response-array-100kb/puma-1w-3t/repeat-3,yjit-on,true,puma-response-array-100kb,puma-response-time-wrk,puma/benchmarks/local/response_time_wrk,https://github.com/puma/puma/blob/main/benchmarks/local/response_time_wrk.rb,puma-1w-3t,3,puma,1,3,13237,1000,5.001,5.0,1000,5320,2.001,2.0,5,true,13237,0,2646.698,1.775,2.527,3.419,3.982,4.578,82.926,80.84,85.515,20,20,71,multiprocess_sample_only,,
yjit-on/puma-response-chunk-100kb/puma-1w-3t/repeat-3,yjit-on,true,puma-response-chunk-100kb,puma-response-time-wrk,puma/benchmarks/local/response_time_wrk,https://github.com/puma/puma/blob/main/benchmarks/local/response_time_wrk.rb,puma-1w-3t,3,puma,1,3,7129,1000,5.003,5.0,1000,2989,2.002,2.0,5,true,7129,0,1424.91,3.396,4.672,6.478,7.299,7.902,76.387,76.031,83.935,20,20,67,multiprocess_sample_only,,
yjit-on/puma-response-string-100kb/puma-1w-3t/repeat-3,yjit-on,true,puma-response-string-100kb,puma-response-time-wrk,puma/benchmarks/local/response_time_wrk,https://github.com/puma/puma/blob/main/benchmarks/local/response_time_wrk.rb,puma-1w-3t,3,puma,1,3,12761,1000,5.001,5.0,1000,5199,2.002,2.0,5,true,12761,0,2551.548,1.844,2.675,3.578,4.093,4.678,81.387,80.77,82.77,20,20,70,multiprocess_sample_only,,
yjit-on/puma-response-io-100kb/puma-1w-3t/repeat-3,yjit-on,true,puma-response-io-100kb,puma-response-time-wrk,puma/benchmarks/local/response_time_wrk,https://github.com/puma/puma/blob/main/benchmarks/local/response_time_wrk.rb,puma-1w-3t,3,puma,1,3,12911,1000,5.035,5.0,1000,5261,2.017,2.0,5,true,12911,0,2564.474,1.625,2.48,3.615,42.439,43.854,72.414,72.289,82.395,20,20,72,multiprocess_sample_only,,
yjit-on/puma-response-array-256kb/puma-1w-3t/repeat-3,yjit-on,true,puma-response-array-256kb,puma-response-time-wrk,puma/benchmarks/local/response_time_wrk,https://github.com/puma/puma/blob/main/benchmarks/local/response_time_wrk.rb,puma-1w-3t,3,puma,1,3,9475,1000,5.02,5.0,1000,3872,2.003,2.0,5,true,9475,0,1887.3,2.263,4.112,6.414,23.981,25.036,99.711,98.328,81.885,20,20,69,multiprocess_sample_only,,
yjit-on/puma-response-chunk-256kb/puma-1w-3t/repeat-3,yjit-on,true,puma-response-chunk-256kb,puma-response-time-wrk,puma/benchmarks/local/response_time_wrk,https://github.com/puma/puma/blob/main/benchmarks/local/response_time_wrk.rb,puma-1w-3t,3,puma,1,3,4041,1000,5.006,5.0,1000,1584,2.005,2.0,5,true,4041,0,807.244,6.014,9.869,11.6,12.491,13.028,80.012,79.277,80.665,20,20,62,multiprocess_sample_only,,
yjit-on/puma-response-string-256kb/puma-1w-3t/repeat-3,yjit-on,true,puma-response-string-256kb,puma-response-time-wrk,puma/benchmarks/local/response_time_wrk,https://github.com/puma/puma/blob/main/benchmarks/local/response_time_wrk.rb,puma-1w-3t,3,puma,1,3,9632,1000,5.002,5.0,1000,3997,2.002,2.0,5,true,9632,0,1925.648,2.222,4.094,6.56,23.313,27.057,77.41,77.098,79.19,20,20,68,multiprocess_sample_only,,
yjit-on/puma-response-io-256kb/puma-1w-3t/repeat-3,yjit-on,true,puma-response-io-256kb,puma-response-time-wrk,puma/benchmarks/local/response_time_wrk,https://github.com/puma/puma/blob/main/benchmarks/local/response_time_wrk.rb,puma-1w-3t,3,puma,1,3,9558,1000,5.002,5.0,1000,4002,2.002,2.0,5,true,9558,0,1910.858,2.241,4.076,6.316,24.023,27.283,77.285,76.973,78.01,20,20,68,multiprocess_sample_only,,
yjit-on/puma-response-array-512kb/puma-1w-3t/repeat-3,yjit-on,true,puma-response-array-512kb,puma-response-time-wrk,puma/benchmarks/local/response_time_wrk,https://github.com/puma/puma/blob/main/benchmarks/local/response_time_wrk.rb,puma-1w-3t,3,puma,1,3,7502,1000,5.003,5.0,1000,2951,2.002,2.0,5,true,7502,0,1499.612,2.799,5.135,23.764,27.131,27.694,118.559,113.133,77.6,20,20,69,multiprocess_sample_only,,
yjit-on/puma-response-chunk-512kb/puma-1w-3t/repeat-3,yjit-on,true,puma-response-chunk-512kb,puma-response-time-wrk,puma/benchmarks/local/response_time_wrk,https://github.com/puma/puma/blob/main/benchmarks/local/response_time_wrk.rb,puma-1w-3t,3,puma,1,3,2291,1000,5.01,5.0,1000,1000,2.126,2.0,5,true,2291,0,457.25,10.617,18.055,20.476,21.711,22.065,84.34,83.332,76.69,20,20,55,multiprocess_sample_only,,
yjit-on/puma-response-string-512kb/puma-1w-3t/repeat-3,yjit-on,true,puma-response-string-512kb,puma-response-time-wrk,puma/benchmarks/local/response_time_wrk,https://github.com/puma/puma/blob/main/benchmarks/local/response_time_wrk.rb,puma-1w-3t,3,puma,1,3,7291,1000,5.005,5.0,1000,2992,2.002,2.0,5,true,7291,0,1456.632,2.855,5.445,23.984,27.321,29.033,81.879,81.879,75.46,20,20,67,multiprocess_sample_only,,
yjit-on/puma-response-io-512kb/puma-1w-3t/repeat-3,yjit-on,true,puma-response-io-512kb,puma-response-time-wrk,puma/benchmarks/local/response_time_wrk,https://github.com/puma/puma/blob/main/benchmarks/local/response_time_wrk.rb,puma-1w-3t,3,puma,1,3,7197,1000,5.002,5.0,1000,2916,2.002,2.0,5,true,7197,0,1438.756,2.874,5.498,23.966,27.605,209.306,81.957,81.957,74.24,20,20,67,multiprocess_sample_only,,
yjit-on/puma-response-array-1024kb/puma-1w-3t/repeat-3,yjit-on,true,puma-response-array-1024kb,puma-response-time-wrk,puma/benchmarks/local/response_time_wrk,https://github.com/puma/puma/blob/main/benchmarks/local/response_time_wrk.rb,puma-1w-3t,3,puma,1,3,4749,1000,5.004,5.0,1000,1944,2.004,2.0,5,true,4749,0,948.979,4.459,8.297,26.892,32.756,33.934,128.164,128.164,73.62,20,20,64,multiprocess_sample_only,,
yjit-on/puma-response-chunk-1024kb/puma-1w-3t/repeat-3,yjit-on,true,puma-response-chunk-1024kb,puma-response-time-wrk,puma/benchmarks/local/response_time_wrk,https://github.com/puma/puma/blob/main/benchmarks/local/response_time_wrk.rb,puma-1w-3t,3,puma,1,3,1258,1000,5.019,5.0,1000,1000,3.955,2.0,5,true,1258,0,250.666,19.685,22.509,36.889,38.226,38.948,83.504,81.898,72.58,20,20,45,multiprocess_sample_only,,
yjit-on/puma-response-string-1024kb/puma-1w-3t/repeat-3,yjit-on,true,puma-response-string-1024kb,puma-response-time-wrk,puma/benchmarks/local/response_time_wrk,https://github.com/puma/puma/blob/main/benchmarks/local/response_time_wrk.rb,puma-1w-3t,3,puma,1,3,4828,1000,5.004,5.0,1000,1944,2.022,2.0,5,true,4828,0,964.813,4.376,8.36,26.808,32.475,34.395,83.156,83.156,71.47,20,20,63,multiprocess_sample_only,,
yjit-on/puma-response-io-1024kb/puma-1w-3t/repeat-3,yjit-on,true,puma-response-io-1024kb,puma-response-time-wrk,puma/benchmarks/local/response_time_wrk,https://github.com/puma/puma/blob/main/benchmarks/local/response_time_wrk.rb,puma-1w-3t,3,puma,1,3,4808,1000,5.003,5.0,1000,1961,2.018,2.0,5,true,4808,0,961.017,4.425,8.503,27.062,31.412,35.991,83.344,83.344,70.08,20,20,63,multiprocess_sample_only,,
yjit-on/puma-response-array-2048kb/puma-1w-3t/repeat-3,yjit-on,true,puma-response-array-2048kb,puma-response-time-wrk,puma/benchmarks/local/response_time_wrk,https://github.com/puma/puma/blob/main/benchmarks/local/response_time_wrk.rb,puma-1w-3t,3,puma,1,3,2941,1000,5.008,5.0,1000,1142,2.009,2.0,5,true,2941,0,587.204,8.161,13.432,16.115,17.754,18.53,97.273,93.457,69.845,20,20,61,multiprocess_sample_only,,
yjit-on/puma-response-chunk-2048kb/puma-1w-3t/repeat-3,yjit-on,true,puma-response-chunk-2048kb,puma-response-time-wrk,puma/benchmarks/local/response_time_wrk,https://github.com/puma/puma/blob/main/benchmarks/local/response_time_wrk.rb,puma-1w-3t,3,puma,1,3,1000,1000,7.477,5.0,1000,1000,7.455,2.0,5,true,1000,0,133.738,36.967,39.876,67.636,68.467,68.619,85.0,85.0,68.82,20,20,50,multiprocess_sample_only,,
yjit-on/puma-response-string-2048kb/puma-1w-3t/repeat-3,yjit-on,true,puma-response-string-2048kb,puma-response-time-wrk,puma/benchmarks/local/response_time_wrk,https://github.com/puma/puma/blob/main/benchmarks/local/response_time_wrk.rb,puma-1w-3t,3,puma,1,3,2846,1000,5.006,5.0,1000,1220,2.006,2.0,5,true,2846,0,568.47,8.314,15.129,16.872,18.186,18.338,85.297,85.297,67.785,20,20,59,multiprocess_sample_only,,
yjit-on/puma-response-io-2048kb/puma-1w-3t/repeat-3,yjit-on,true,puma-response-io-2048kb,puma-response-time-wrk,puma/benchmarks/local/response_time_wrk,https://github.com/puma/puma/blob/main/benchmarks/local/response_time_wrk.rb,puma-1w-3t,3,puma,1,3,3055,1000,5.007,5.0,1000,1249,2.007,2.0,5,true,3055,0,610.113,8.013,12.984,15.406,16.242,17.649,85.297,85.297,66.48,20,20,59,multiprocess_sample_only,,
yjit-on/puma-long-tail-fib-200ms-x6p0/puma-1w-3t/repeat-3,yjit-on,true,puma-long-tail-fib-200ms-x6p0,puma-long-tail-hey,puma/benchmarks/local/long_tail_hey + test/rackup/sleep_fibonacci,https://github.com/puma/puma/blob/main/benchmarks/local/long_tail_hey.rb,puma-1w-3t,3,puma,1,3,360,360,50.892,5.0,360,360,50.893,2.0,18,true,360,0,7.074,2544.314,2554.856,2558.01,2560.502,2561.047,103.016,103.016,74.99,20,20,743,multiprocess_sample_only,,
yjit-on/puma-long-tail-fib-200ms-x4p0/puma-1w-3t/repeat-3,yjit-on,true,puma-long-tail-fib-200ms-x4p0,puma-long-tail-hey,puma/benchmarks/local/long_tail_hey + test/rackup/sleep_fibonacci,https://github.com/puma/puma/blob/main/benchmarks/local/long_tail_hey.rb,puma-1w-3t,3,puma,1,3,240,240,33.931,5.0,240,240,33.922,2.0,12,true,240,0,7.073,1696.067,1703.628,1705.663,1705.927,1705.99,103.832,103.832,80.335,20,20,496,multiprocess_sample_only,,
yjit-on/puma-long-tail-fib-200ms-x3p0/puma-1w-3t/repeat-3,yjit-on,true,puma-long-tail-fib-200ms-x3p0,puma-long-tail-hey,puma/benchmarks/local/long_tail_hey + test/rackup/sleep_fibonacci,https://github.com/puma/puma/blob/main/benchmarks/local/long_tail_hey.rb,puma-1w-3t,3,puma,1,3,180,180,25.445,5.0,180,180,25.439,2.0,9,true,180,0,7.074,1271.69,1278.967,1280.901,1282.163,1282.31,103.895,103.895,82.93,20,20,372,multiprocess_sample_only,,
yjit-on/puma-long-tail-fib-200ms-x2p0/puma-1w-3t/repeat-3,yjit-on,true,puma-long-tail-fib-200ms-x2p0,puma-long-tail-hey,puma/benchmarks/local/long_tail_hey + test/rackup/sleep_fibonacci,https://github.com/puma/puma/blob/main/benchmarks/local/long_tail_hey.rb,puma-1w-3t,3,puma,1,3,120,120,16.96,5.0,120,120,16.956,2.0,6,true,120,0,7.075,847.552,852.639,855.362,855.657,855.672,103.895,103.895,84.36,20,20,249,multiprocess_sample_only,,
yjit-on/puma-long-tail-fib-200ms-x1p5/puma-1w-3t/repeat-3,yjit-on,true,puma-long-tail-fib-200ms-x1p5,puma-long-tail-hey,puma/benchmarks/local/long_tail_hey + test/rackup/sleep_fibonacci,https://github.com/puma/puma/blob/main/benchmarks/local/long_tail_hey.rb,puma-1w-3t,3,puma,1,3,100,100,14.184,5.0,100,100,14.132,2.0,5,true,100,0,7.05,832.261,848.343,850.718,851.365,851.437,103.895,101.957,85.31,20,20,208,multiprocess_sample_only,,
yjit-on/puma-long-tail-fib-200ms-x1p0/puma-1w-3t/repeat-3,yjit-on,true,puma-long-tail-fib-200ms-x1p0,puma-long-tail-hey,puma/benchmarks/local/long_tail_hey + test/rackup/sleep_fibonacci,https://github.com/puma/puma/blob/main/benchmarks/local/long_tail_hey.rb,puma-1w-3t,3,puma,1,3,60,60,8.483,5.0,60,60,8.478,2.0,3,true,60,0,7.073,423.872,427.718,427.99,428.02,428.024,101.957,101.957,85.88,20,20,125,multiprocess_sample_only,,
yjit-on/puma-long-tail-fib-200ms-x0p5/puma-1w-3t/repeat-3,yjit-on,true,puma-long-tail-fib-200ms-x0p5,puma-long-tail-hey,puma/benchmarks/local/long_tail_hey + test/rackup/sleep_fibonacci,https://github.com/puma/puma/blob/main/benchmarks/local/long_tail_hey.rb,puma-1w-3t,3,puma,1,3,40,40,5.651,5.0,40,40,5.654,2.0,2,true,40,0,7.078,282.466,284.12,284.348,284.463,284.475,103.082,103.082,86.23,20,20,84,multiprocess_sample_only,,
yjit-on/puma-sleep-fibonacci-1ms/puma-1w-3t/repeat-3,yjit-on,true,puma-sleep-fibonacci-1ms,puma-sleep-fibonacci-test,puma/benchmarks/local/sleep_fibonacci_test + test/rackup/sleep_fibonacci,https://github.com/puma/puma/blob/main/benchmarks/local/sleep_fibonacci_test.rb,puma-1w-3t,3,puma,1,3,1938,10,5.001,5.0,10,774,2.002,2.0,1,true,1938,0,387.517,2.517,2.745,2.905,3.693,3.872,103.457,101.52,85.85,20,20,74,multiprocess_sample_only,,
yjit-on/puma-sleep-fibonacci-5ms/puma-1w-3t/repeat-3,yjit-on,true,puma-sleep-fibonacci-5ms,puma-sleep-fibonacci-test,puma/benchmarks/local/sleep_fibonacci_test + test/rackup/sleep_fibonacci,https://github.com/puma/puma/blob/main/benchmarks/local/sleep_fibonacci_test.rb,puma-1w-3t,3,puma,1,3,566,10,5.006,5.0,10,228,2.002,2.0,1,true,566,0,113.065,8.796,8.932,9.141,9.868,9.871,103.457,101.52,85.245,20,20,74,multiprocess_sample_only,,
yjit-on/puma-sleep-fibonacci-10ms/puma-1w-3t/repeat-3,yjit-on,true,puma-sleep-fibonacci-10ms,puma-sleep-fibonacci-test,puma/benchmarks/local/sleep_fibonacci_test + test/rackup/sleep_fibonacci,https://github.com/puma/puma/blob/main/benchmarks/local/sleep_fibonacci_test.rb,puma-1w-3t,3,puma,1,3,406,10,5.002,5.0,10,163,2.01,2.0,1,true,406,0,81.167,12.304,12.434,12.664,13.146,13.219,103.395,101.457,84.835,20,20,74,multiprocess_sample_only,,
yjit-on/puma-sleep-fibonacci-50ms/puma-1w-3t/repeat-3,yjit-on,true,puma-sleep-fibonacci-50ms,puma-sleep-fibonacci-test,puma/benchmarks/local/sleep_fibonacci_test + test/rackup/sleep_fibonacci,https://github.com/puma/puma/blob/main/benchmarks/local/sleep_fibonacci_test.rb,puma-1w-3t,3,puma,1,3,100,10,5.049,5.0,10,40,2.025,2.0,1,true,100,0,19.806,50.43,50.601,50.667,50.808,50.824,103.332,103.332,84.595,20,20,75,multiprocess_sample_only,,
yjit-on/puma-sleep-fibonacci-100ms/puma-1w-3t/repeat-3,yjit-on,true,puma-sleep-fibonacci-100ms,puma-sleep-fibonacci-test,puma/benchmarks/local/sleep_fibonacci_test + test/rackup/sleep_fibonacci,https://github.com/puma/puma/blob/main/benchmarks/local/sleep_fibonacci_test.rb,puma-1w-3t,3,puma,1,3,50,10,5.025,5.0,10,20,2.009,2.0,1,true,50,0,9.95,100.442,100.531,100.604,100.643,100.648,103.332,103.332,84.415,20,20,75,multiprocess_sample_only,,
yjit-on/puma-sleep-fibonacci-200ms/puma-1w-3t/repeat-3,yjit-on,true,puma-sleep-fibonacci-200ms,puma-sleep-fibonacci-test,puma/benchmarks/local/sleep_fibonacci_test + test/rackup/sleep_fibonacci,https://github.com/puma/puma/blob/main/benchmarks/local/sleep_fibonacci_test.rb,puma-1w-3t,3,puma,1,3,25,10,5.014,5.0,10,10,2.006,2.0,1,true,25,0,4.986,200.5,200.588,200.653,200.67,200.672,103.332,103.332,84.225,20,20,75,multiprocess_sample_only,,
