run_id,runtime,yjit,scenario,scenario_family,benchmark_source,benchmark_source_url,server,server_capacity,adapter,workers,threads,requests,target_requests,duration_s,min_duration_s,target_warmup_requests,warmup_requests,warmup_duration_s,warmup_min_duration_s,concurrency,keep_alive,completed,errors,achieved_rps,p50_ms,p95_ms,p99_ms,p999_ms,max_ms,rss_mb_peak,rss_mb_end,cpu_pct_avg,target_sample_count,sample_count,raw_sample_count,gc_delta_scope,gc_count_delta,total_allocated_objects_delta
yjit-off/puma-response-array-1kb/raptor-3r/repeat-1,yjit-off,false,puma-response-array-1kb,puma-response-time-wrk,puma/benchmarks/local/response_time_wrk,https://github.com/puma/puma/blob/main/benchmarks/local/response_time_wrk.rb,raptor-3r,3,raptor,3,,1000,1000,16.104,5.0,1000,1000,16.146,2.0,5,true,1000,0,62.095,40.973,41.966,42.516,4024.711,4028.333,28.156,28.156,3.17,20,20,236,same_worker,25,720457
yjit-off/puma-response-chunk-1kb/raptor-3r/repeat-1,yjit-off,false,puma-response-chunk-1kb,puma-response-time-wrk,puma/benchmarks/local/response_time_wrk,https://github.com/puma/puma/blob/main/benchmarks/local/response_time_wrk.rb,raptor-3r,3,raptor,3,,1000,1000,16.114,5.0,1000,1000,16.146,2.0,5,true,1000,0,62.059,40.978,41.967,42.174,4027.571,4027.603,28.164,28.164,2.635,20,20,237,same_worker,25,716349
yjit-off/puma-response-string-1kb/raptor-3r/repeat-1,yjit-off,false,puma-response-string-1kb,puma-response-time-wrk,puma/benchmarks/local/response_time_wrk,https://github.com/puma/puma/blob/main/benchmarks/local/response_time_wrk.rb,raptor-3r,3,raptor,3,,1000,1000,16.105,5.0,1000,1000,16.162,2.0,5,true,1000,0,62.091,40.975,41.939,42.314,4029.003,4029.56,28.164,28.164,2.49,20,20,237,same_worker,25,718718
yjit-off/puma-response-io-1kb/raptor-3r/repeat-1,yjit-off,false,puma-response-io-1kb,puma-response-time-wrk,puma/benchmarks/local/response_time_wrk,https://github.com/puma/puma/blob/main/benchmarks/local/response_time_wrk.rb,raptor-3r,3,raptor,3,,1000,1000,16.114,5.0,1000,1000,16.165,2.0,5,true,1000,0,62.057,40.981,41.929,42.51,4033.389,4033.721,28.227,28.227,2.4,20,20,237,same_worker,25,727347
yjit-off/puma-response-array-10kb/raptor-3r/repeat-1,yjit-off,false,puma-response-array-10kb,puma-response-time-wrk,puma/benchmarks/local/response_time_wrk,https://github.com/puma/puma/blob/main/benchmarks/local/response_time_wrk.rb,raptor-3r,3,raptor,3,,1000,1000,16.112,5.0,1000,1000,16.158,2.0,5,true,1000,0,62.065,40.976,41.948,42.178,4027.815,4029.677,28.234,28.234,2.4,20,20,237,same_worker,24,718077
yjit-off/puma-response-chunk-10kb/raptor-3r/repeat-1,yjit-off,false,puma-response-chunk-10kb,puma-response-time-wrk,puma/benchmarks/local/response_time_wrk,https://github.com/puma/puma/blob/main/benchmarks/local/response_time_wrk.rb,raptor-3r,3,raptor,3,,1000,1000,16.117,5.0,1000,1000,16.175,2.0,5,true,1000,0,62.048,40.981,41.948,42.492,4034.8,4035.535,28.234,28.234,2.4,20,20,237,same_worker,24,716340
yjit-off/puma-response-string-10kb/raptor-3r/repeat-1,yjit-off,false,puma-response-string-10kb,puma-response-time-wrk,puma/benchmarks/local/response_time_wrk,https://github.com/puma/puma/blob/main/benchmarks/local/response_time_wrk.rb,raptor-3r,3,raptor,3,,1000,1000,16.108,5.0,1000,1000,16.129,2.0,5,true,1000,0,62.083,40.975,41.937,42.39,4030.507,4031.048,28.234,28.234,2.385,20,20,237,same_worker,25,718283
yjit-off/puma-response-io-10kb/raptor-3r/repeat-1,yjit-off,false,puma-response-io-10kb,puma-response-time-wrk,puma/benchmarks/local/response_time_wrk,https://github.com/puma/puma/blob/main/benchmarks/local/response_time_wrk.rb,raptor-3r,3,raptor,3,,1000,1000,16.121,5.0,1000,1000,16.155,2.0,5,true,1000,0,62.031,40.975,41.851,42.505,4029.984,4071.248,28.613,28.613,2.4,20,20,237,same_worker,26,745353
yjit-off/puma-response-array-100kb/raptor-3r/repeat-1,yjit-off,false,puma-response-array-100kb,puma-response-time-wrk,puma/benchmarks/local/response_time_wrk,https://github.com/puma/puma/blob/main/benchmarks/local/response_time_wrk.rb,raptor-3r,3,raptor,3,,1000,1000,15.029,5.0,1000,1000,13.99,2.0,5,true,1000,0,66.538,40.964,41.947,42.022,3706.249,3742.03,28.676,28.676,2.475,20,20,221,same_worker,25,719345
yjit-off/puma-response-chunk-100kb/raptor-3r/repeat-1,yjit-off,false,puma-response-chunk-100kb,puma-response-time-wrk,puma/benchmarks/local/response_time_wrk,https://github.com/puma/puma/blob/main/benchmarks/local/response_time_wrk.rb,raptor-3r,3,raptor,3,,1000,1000,14.433,5.0,1000,1000,13.67,2.0,5,true,1000,0,69.286,40.965,41.964,42.148,3828.012,3911.671,28.734,28.734,2.565,20,20,212,same_worker,24,716342
yjit-off/puma-response-string-100kb/raptor-3r/repeat-1,yjit-off,false,puma-response-string-100kb,puma-response-time-wrk,puma/benchmarks/local/response_time_wrk,https://github.com/puma/puma/blob/main/benchmarks/local/response_time_wrk.rb,raptor-3r,3,raptor,3,,13743,1000,5.002,5.0,1000,5646,2.002,2.0,5,true,13743,0,2747.386,0.99,1.776,6.007,107.146,129.024,29.039,29.039,3.755,20,20,72,same_worker,342,9881162
yjit-off/puma-response-io-100kb/raptor-3r/repeat-1,yjit-off,false,puma-response-io-100kb,puma-response-time-wrk,puma/benchmarks/local/response_time_wrk,https://github.com/puma/puma/blob/main/benchmarks/local/response_time_wrk.rb,raptor-3r,3,raptor,3,,1000,1000,15.277,5.0,1000,1000,13.867,2.0,5,true,1000,0,65.458,40.972,41.981,42.815,3791.597,3988.165,33.391,33.391,4.4,20,20,225,same_worker,34,925371
yjit-off/puma-response-array-256kb/raptor-3r/repeat-1,yjit-off,false,puma-response-array-256kb,puma-response-time-wrk,puma/benchmarks/local/response_time_wrk,https://github.com/puma/puma/blob/main/benchmarks/local/response_time_wrk.rb,raptor-3r,3,raptor,3,,1000,1000,9.727,5.0,1000,1000,9.604,2.0,5,true,1000,0,102.81,40.96,42.166,43.064,2435.811,2527.385,33.391,33.391,4.5,20,20,143,same_worker,25,721844
yjit-off/puma-response-chunk-256kb/raptor-3r/repeat-1,yjit-off,false,puma-response-chunk-256kb,puma-response-time-wrk,puma/benchmarks/local/response_time_wrk,https://github.com/puma/puma/blob/main/benchmarks/local/response_time_wrk.rb,raptor-3r,3,raptor,3,,1000,1000,10.455,5.0,1000,1000,11.137,2.0,5,true,1000,0,95.649,40.972,42.424,43.197,2775.745,2865.767,33.391,33.391,4.645,20,20,154,same_worker,25,716345
yjit-off/puma-response-string-256kb/raptor-3r/repeat-1,yjit-off,false,puma-response-string-256kb,puma-response-time-wrk,puma/benchmarks/local/response_time_wrk,https://github.com/puma/puma/blob/main/benchmarks/local/response_time_wrk.rb,raptor-3r,3,raptor,3,,10297,1000,5.138,5.0,1000,4152,2.002,2.0,5,true,10297,0,2004.055,1.264,2.515,42.946,132.522,202.722,33.391,33.391,5.425,20,20,74,same_worker,262,7405684
yjit-off/puma-response-io-256kb/raptor-3r/repeat-1,yjit-off,false,puma-response-io-256kb,puma-response-time-wrk,puma/benchmarks/local/response_time_wrk,https://github.com/puma/puma/blob/main/benchmarks/local/response_time_wrk.rb,raptor-3r,3,raptor,3,,1000,1000,12.27,5.0,1000,1000,13.199,2.0,5,true,1000,0,81.501,41.849,42.846,43.401,3131.645,3177.12,42.902,42.902,5.945,20,20,181,same_worker,49,1237444
yjit-off/puma-response-array-512kb/raptor-3r/repeat-1,yjit-off,false,puma-response-array-512kb,puma-response-time-wrk,puma/benchmarks/local/response_time_wrk,https://github.com/puma/puma/blob/main/benchmarks/local/response_time_wrk.rb,raptor-3r,3,raptor,3,,1000,1000,13.469,5.0,1000,1000,13.886,2.0,5,true,1000,0,74.245,41.939,42.926,44.159,3222.244,3675.039,42.902,42.902,6.085,20,20,198,same_worker,26,718182
yjit-off/puma-response-chunk-512kb/raptor-3r/repeat-1,yjit-off,false,puma-response-chunk-512kb,puma-response-time-wrk,puma/benchmarks/local/response_time_wrk,https://github.com/puma/puma/blob/main/benchmarks/local/response_time_wrk.rb,raptor-3r,3,raptor,3,,1000,1000,13.429,5.0,1000,1000,13.957,2.0,5,true,1000,0,74.467,41.944,42.966,44.041,3330.874,3370.105,42.902,42.902,6.195,20,20,198,same_worker,25,716344
yjit-off/puma-response-string-512kb/raptor-3r/repeat-1,yjit-off,false,puma-response-string-512kb,puma-response-time-wrk,puma/benchmarks/local/response_time_wrk,https://github.com/puma/puma/blob/main/benchmarks/local/response_time_wrk.rb,raptor-3r,3,raptor,3,,7706,1000,5.18,5.0,1000,3226,2.003,2.0,5,true,7706,0,1487.585,1.545,3.077,61.978,205.173,241.519,43.402,43.402,6.715,20,20,74,same_worker,200,5541154
yjit-off/puma-response-io-512kb/raptor-3r/repeat-1,yjit-off,false,puma-response-io-512kb,puma-response-time-wrk,puma/benchmarks/local/response_time_wrk,https://github.com/puma/puma/blob/main/benchmarks/local/response_time_wrk.rb,raptor-3r,3,raptor,3,,1000,1000,15.173,5.0,1000,1000,14.946,2.0,5,true,1000,0,65.909,41.962,42.977,43.961,3779.758,3854.922,48.18,46.531,7.1,20,20,224,same_worker,73,1749534
yjit-off/puma-response-array-1024kb/raptor-3r/repeat-1,yjit-off,false,puma-response-array-1024kb,puma-response-time-wrk,puma/benchmarks/local/response_time_wrk,https://github.com/puma/puma/blob/main/benchmarks/local/response_time_wrk.rb,raptor-3r,3,raptor,3,,1000,1000,14.352,5.0,1000,1000,15.698,2.0,5,true,1000,0,69.675,41.995,43.958,46.966,3551.135,3650.103,46.531,46.531,7.34,20,20,211,same_worker,26,719353
yjit-off/puma-response-chunk-1024kb/raptor-3r/repeat-1,yjit-off,false,puma-response-chunk-1024kb,puma-response-time-wrk,puma/benchmarks/local/response_time_wrk,https://github.com/puma/puma/blob/main/benchmarks/local/response_time_wrk.rb,raptor-3r,3,raptor,3,,1000,1000,14.739,5.0,1000,1000,15.248,2.0,5,true,1000,0,67.849,42.287,43.988,46.151,3557.248,3594.505,46.531,46.531,7.63,20,20,217,same_worker,26,716350
yjit-off/puma-response-string-1024kb/raptor-3r/repeat-1,yjit-off,false,puma-response-string-1024kb,puma-response-time-wrk,puma/benchmarks/local/response_time_wrk,https://github.com/puma/puma/blob/main/benchmarks/local/response_time_wrk.rb,raptor-3r,3,raptor,3,,5800,1000,5.003,5.0,1000,2323,2.004,2.0,5,true,5800,0,1159.207,2.284,4.5,15.931,251.547,259.613,47.996,47.996,8.025,20,20,70,same_worker,153,4171198
yjit-off/puma-response-io-1024kb/raptor-3r/repeat-1,yjit-off,false,puma-response-io-1024kb,puma-response-time-wrk,puma/benchmarks/local/response_time_wrk,https://github.com/puma/puma/blob/main/benchmarks/local/response_time_wrk.rb,raptor-3r,3,raptor,3,,1000,1000,15.5,5.0,1000,1000,16.169,2.0,5,true,1000,0,64.514,42.979,44.982,47.165,3926.321,3966.896,58.531,58.531,8.625,20,20,228,same_worker,127,2773690
yjit-off/puma-response-array-2048kb/raptor-3r/repeat-1,yjit-off,false,puma-response-array-2048kb,puma-response-time-wrk,puma/benchmarks/local/response_time_wrk,https://github.com/puma/puma/blob/main/benchmarks/local/response_time_wrk.rb,raptor-3r,3,raptor,3,,1000,1000,16.071,5.0,1000,1000,15.979,2.0,5,true,1000,0,62.222,43.966,46.137,48.586,4026.228,4060.188,58.531,58.531,9.18,20,20,236,same_worker,27,718188
yjit-off/puma-response-chunk-2048kb/raptor-3r/repeat-1,yjit-off,false,puma-response-chunk-2048kb,puma-response-time-wrk,puma/benchmarks/local/response_time_wrk,https://github.com/puma/puma/blob/main/benchmarks/local/response_time_wrk.rb,raptor-3r,3,raptor,3,,1000,1000,16.126,5.0,1000,1000,16.387,2.0,5,true,1000,0,62.011,43.972,46.66,48.724,4025.678,4063.072,58.531,58.531,9.775,20,20,237,same_worker,27,715051
yjit-off/puma-response-string-2048kb/raptor-3r/repeat-1,yjit-off,false,puma-response-string-2048kb,puma-response-time-wrk,puma/benchmarks/local/response_time_wrk,https://github.com/puma/puma/blob/main/benchmarks/local/response_time_wrk.rb,raptor-3r,3,raptor,3,,3657,1000,5.006,5.0,1000,1382,2.006,2.0,5,true,3657,0,730.464,3.815,7.056,15.655,403.135,416.136,61.504,61.504,10.13,20,20,68,same_worker,98,2630377
yjit-off/puma-response-io-2048kb/raptor-3r/repeat-1,yjit-off,false,puma-response-io-2048kb,puma-response-time-wrk,puma/benchmarks/local/response_time_wrk,https://github.com/puma/puma/blob/main/benchmarks/local/response_time_wrk.rb,raptor-3r,3,raptor,3,,1000,1000,17.174,5.0,1000,1000,17.128,2.0,5,true,1000,0,58.229,45.877,49.927,51.619,4306.686,4349.555,87.469,87.469,11.035,20,20,252,same_worker,100,4821649
yjit-off/puma-long-tail-fib-200ms-x6p0/raptor-3r/repeat-1,yjit-off,false,puma-long-tail-fib-200ms-x6p0,puma-long-tail-hey,puma/benchmarks/local/long_tail_hey + test/rackup/sleep_fibonacci,https://github.com/puma/puma/blob/main/benchmarks/local/long_tail_hey.rb,raptor-3r,3,raptor,3,,363,360,29.01,5.0,360,360,28.762,2.0,18,true,363,0,12.513,241.786,243.158,19613.545,24402.859,24402.886,87.898,87.898,20.575,20,20,424,same_worker,1,62383
yjit-off/puma-long-tail-fib-200ms-x4p0/raptor-3r/repeat-1,yjit-off,false,puma-long-tail-fib-200ms-x4p0,puma-long-tail-hey,puma/benchmarks/local/long_tail_hey + test/rackup/sleep_fibonacci,https://github.com/puma/puma/blob/main/benchmarks/local/long_tail_hey.rb,raptor-3r,3,raptor,3,,243,240,19.422,5.0,240,240,19.169,2.0,12,true,243,0,12.512,241.848,242.857,12810.421,14823.788,14823.865,87.938,87.938,28.915,20,20,284,same_worker,1,42592
yjit-off/puma-long-tail-fib-200ms-x3p0/raptor-3r/repeat-1,yjit-off,false,puma-long-tail-fib-200ms-x3p0,puma-long-tail-hey,puma/benchmarks/local/long_tail_hey + test/rackup/sleep_fibonacci,https://github.com/puma/puma/blob/main/benchmarks/local/long_tail_hey.rb,raptor-3r,3,raptor,3,,183,180,14.625,5.0,180,180,14.373,2.0,9,true,183,0,12.513,241.775,242.842,10024.74,10027.743,10028.362,87.945,87.945,34.445,20,20,214,same_worker,1,34777
yjit-off/puma-long-tail-fib-200ms-x2p0/raptor-3r/repeat-1,yjit-off,false,puma-long-tail-fib-200ms-x2p0,puma-long-tail-hey,puma/benchmarks/local/long_tail_hey + test/rackup/sleep_fibonacci,https://github.com/puma/puma/blob/main/benchmarks/local/long_tail_hey.rb,raptor-3r,3,raptor,3,,123,120,9.831,5.0,120,120,9.592,2.0,6,true,123,0,12.512,241.754,242.778,5233.399,5233.66,5233.684,87.953,87.953,38.035,20,20,144,same_worker,1,23120
yjit-off/puma-long-tail-fib-200ms-x1p5/raptor-3r/repeat-1,yjit-off,false,puma-long-tail-fib-200ms-x1p5,puma-long-tail-hey,puma/benchmarks/local/long_tail_hey + test/rackup/sleep_fibonacci,https://github.com/puma/puma/blob/main/benchmarks/local/long_tail_hey.rb,raptor-3r,3,raptor,3,,103,100,9.823,5.0,100,100,9.588,2.0,5,true,103,0,10.486,241.553,242.328,5130.371,5231.38,5231.524,87.957,87.957,40.69,20,20,144,same_worker,0,17934
yjit-off/puma-long-tail-fib-200ms-x1p0/raptor-3r/repeat-1,yjit-off,false,puma-long-tail-fib-200ms-x1p0,puma-long-tail-hey,puma/benchmarks/local/long_tail_hey + test/rackup/sleep_fibonacci,https://github.com/puma/puma/blob/main/benchmarks/local/long_tail_hey.rb,raptor-3r,3,raptor,3,,63,60,5.035,5.0,60,60,4.789,2.0,3,true,63,0,12.512,241.734,242.249,242.55,242.779,242.804,87.969,87.969,42.32,20,20,75,same_worker,0,10008
yjit-off/puma-long-tail-fib-200ms-x0p5/raptor-3r/repeat-1,yjit-off,false,puma-long-tail-fib-200ms-x0p5,puma-long-tail-hey,puma/benchmarks/local/long_tail_hey + test/rackup/sleep_fibonacci,https://github.com/puma/puma/blob/main/benchmarks/local/long_tail_hey.rb,raptor-3r,3,raptor,3,,42,40,5.034,5.0,40,40,4.795,2.0,2,true,42,0,8.343,241.705,242.238,242.764,242.854,242.864,87.969,87.969,43.3,20,20,75,same_worker,0,6960
yjit-off/puma-sleep-fibonacci-1ms/raptor-3r/repeat-1,yjit-off,false,puma-sleep-fibonacci-1ms,puma-sleep-fibonacci-test,puma/benchmarks/local/sleep_fibonacci_test + test/rackup/sleep_fibonacci,https://github.com/puma/puma/blob/main/benchmarks/local/sleep_fibonacci_test.rb,raptor-3r,3,raptor,3,,122,10,5.008,5.0,10,49,2.017,2.0,1,true,122,0,24.362,41.968,42.372,42.99,43.013,43.016,87.98,87.98,43.29,20,20,75,same_worker,1,25317
yjit-off/puma-sleep-fibonacci-5ms/raptor-3r/repeat-1,yjit-off,false,puma-sleep-fibonacci-5ms,puma-sleep-fibonacci-test,puma/benchmarks/local/sleep_fibonacci_test + test/rackup/sleep_fibonacci,https://github.com/puma/puma/blob/main/benchmarks/local/sleep_fibonacci_test.rb,raptor-3r,3,raptor,3,,110,10,5.015,5.0,10,44,2.016,2.0,1,true,110,0,21.936,46.95,47.125,47.837,47.927,47.938,87.98,87.98,43.01,20,20,75,same_worker,0,19561
yjit-off/puma-sleep-fibonacci-10ms/raptor-3r/repeat-1,yjit-off,false,puma-sleep-fibonacci-10ms,puma-sleep-fibonacci-test,puma/benchmarks/local/sleep_fibonacci_test + test/rackup/sleep_fibonacci,https://github.com/puma/puma/blob/main/benchmarks/local/sleep_fibonacci_test.rb,raptor-3r,3,raptor,3,,99,10,5.051,5.0,10,40,2.009,2.0,1,true,99,0,19.6,51.002,52.094,52.925,52.943,52.946,87.98,87.98,42.77,20,20,75,same_worker,1,16164
yjit-off/puma-sleep-fibonacci-50ms/raptor-3r/repeat-1,yjit-off,false,puma-sleep-fibonacci-50ms,puma-sleep-fibonacci-test,puma/benchmarks/local/sleep_fibonacci_test + test/rackup/sleep_fibonacci,https://github.com/puma/puma/blob/main/benchmarks/local/sleep_fibonacci_test.rb,raptor-3r,3,raptor,3,,55,10,5.009,5.0,10,23,2.072,2.0,1,true,55,0,10.981,91.95,92.856,92.972,92.978,92.979,87.98,87.98,42.7,20,20,75,same_worker,0,9872
yjit-off/puma-sleep-fibonacci-100ms/raptor-3r/repeat-1,yjit-off,false,puma-sleep-fibonacci-100ms,puma-sleep-fibonacci-test,puma/benchmarks/local/sleep_fibonacci_test + test/rackup/sleep_fibonacci,https://github.com/puma/puma/blob/main/benchmarks/local/sleep_fibonacci_test.rb,raptor-3r,3,raptor,3,,36,10,5.066,5.0,10,15,2.092,2.0,1,true,36,0,7.106,141.949,142.027,142.613,142.891,142.921,87.988,87.988,42.7,20,20,75,same_worker,0,6528
yjit-off/puma-sleep-fibonacci-200ms/raptor-3r/repeat-1,yjit-off,false,puma-sleep-fibonacci-200ms,puma-sleep-fibonacci-test,puma/benchmarks/local/sleep_fibonacci_test + test/rackup/sleep_fibonacci,https://github.com/puma/puma/blob/main/benchmarks/local/sleep_fibonacci_test.rb,raptor-3r,3,raptor,3,,21,10,5.042,5.0,10,10,2.379,2.0,1,true,21,0,4.165,241.995,242.815,242.915,242.938,242.94,87.988,87.988,42.825,20,20,75,same_worker,0,3888
yjit-off/puma-response-array-1kb/raptor-3r/repeat-2,yjit-off,false,puma-response-array-1kb,puma-response-time-wrk,puma/benchmarks/local/response_time_wrk,https://github.com/puma/puma/blob/main/benchmarks/local/response_time_wrk.rb,raptor-3r,3,raptor,3,,1000,1000,16.111,5.0,1000,1000,16.135,2.0,5,true,1000,0,62.07,40.975,41.945,42.194,4026.937,4027.277,27.41,27.41,3.16,20,20,237,same_worker,29,719368
yjit-off/puma-response-chunk-1kb/raptor-3r/repeat-2,yjit-off,false,puma-response-chunk-1kb,puma-response-time-wrk,puma/benchmarks/local/response_time_wrk,https://github.com/puma/puma/blob/main/benchmarks/local/response_time_wrk.rb,raptor-3r,3,raptor,3,,1000,1000,16.12,5.0,1000,1000,16.151,2.0,5,true,1000,0,62.036,40.979,41.973,42.681,4030.644,4033.26,27.625,27.625,2.67,20,20,236,same_worker,28,716375
yjit-off/puma-response-string-1kb/raptor-3r/repeat-2,yjit-off,false,puma-response-string-1kb,puma-response-time-wrk,puma/benchmarks/local/response_time_wrk,https://github.com/puma/puma/blob/main/benchmarks/local/response_time_wrk.rb,raptor-3r,3,raptor,3,,1000,1000,16.116,5.0,1000,1000,16.13,2.0,5,true,1000,0,62.051,40.977,41.921,42.315,4028.274,4029.429,27.629,27.629,2.5,20,20,237,same_worker,28,718668
yjit-off/puma-response-io-1kb/raptor-3r/repeat-2,yjit-off,false,puma-response-io-1kb,puma-response-time-wrk,puma/benchmarks/local/response_time_wrk,https://github.com/puma/puma/blob/main/benchmarks/local/response_time_wrk.rb,raptor-3r,3,raptor,3,,1000,1000,16.108,5.0,1000,1000,16.147,2.0,5,true,1000,0,62.081,40.975,41.912,42.324,4027.09,4027.488,27.73,27.73,2.5,20,20,237,same_worker,28,727361
yjit-off/puma-response-array-10kb/raptor-3r/repeat-2,yjit-off,false,puma-response-array-10kb,puma-response-time-wrk,puma/benchmarks/local/response_time_wrk,https://github.com/puma/puma/blob/main/benchmarks/local/response_time_wrk.rb,raptor-3r,3,raptor,3,,1000,1000,16.112,5.0,1000,1000,16.14,2.0,5,true,1000,0,62.066,40.975,41.978,42.193,4028.251,4029.912,27.73,27.73,2.43,20,20,237,same_worker,28,718425
yjit-off/puma-response-chunk-10kb/raptor-3r/repeat-2,yjit-off,false,puma-response-chunk-10kb,puma-response-time-wrk,puma/benchmarks/local/response_time_wrk,https://github.com/puma/puma/blob/main/benchmarks/local/response_time_wrk.rb,raptor-3r,3,raptor,3,,1000,1000,16.108,5.0,1000,1000,16.144,2.0,5,true,1000,0,62.081,40.974,41.939,42.263,4026.255,4029.872,27.73,27.73,2.4,20,20,237,same_worker,28,717064
yjit-off/puma-response-string-10kb/raptor-3r/repeat-2,yjit-off,false,puma-response-string-10kb,puma-response-time-wrk,puma/benchmarks/local/response_time_wrk,https://github.com/puma/puma/blob/main/benchmarks/local/response_time_wrk.rb,raptor-3r,3,raptor,3,,1000,1000,16.106,5.0,1000,1000,16.145,2.0,5,true,1000,0,62.089,40.976,41.939,42.387,4027.398,4027.859,27.73,27.73,2.4,20,20,237,same_worker,28,718174
yjit-off/puma-response-io-10kb/raptor-3r/repeat-2,yjit-off,false,puma-response-io-10kb,puma-response-time-wrk,puma/benchmarks/local/response_time_wrk,https://github.com/puma/puma/blob/main/benchmarks/local/response_time_wrk.rb,raptor-3r,3,raptor,3,,1000,1000,16.106,5.0,1000,1000,16.152,2.0,5,true,1000,0,62.087,40.977,41.938,42.251,4028.836,4028.855,28.406,28.406,2.4,20,20,237,same_worker,29,745476
yjit-off/puma-response-array-100kb/raptor-3r/repeat-2,yjit-off,false,puma-response-array-100kb,puma-response-time-wrk,puma/benchmarks/local/response_time_wrk,https://github.com/puma/puma/blob/main/benchmarks/local/response_time_wrk.rb,raptor-3r,3,raptor,3,,1000,1000,15.088,5.0,1000,1000,12.807,2.0,5,true,1000,0,66.278,40.962,41.971,42.973,3636.748,3872.195,28.469,28.469,2.5,20,20,222,same_worker,28,719357
yjit-off/puma-response-chunk-100kb/raptor-3r/repeat-2,yjit-off,false,puma-response-chunk-100kb,puma-response-time-wrk,puma/benchmarks/local/response_time_wrk,https://github.com/puma/puma/blob/main/benchmarks/local/response_time_wrk.rb,raptor-3r,3,raptor,3,,1000,1000,15.116,5.0,1000,1000,14.608,2.0,5,true,1000,0,66.157,40.968,41.963,42.468,3791.389,3865.345,28.504,28.504,2.6,20,20,223,same_worker,28,716361
yjit-off/puma-response-string-100kb/raptor-3r/repeat-2,yjit-off,false,puma-response-string-100kb,puma-response-time-wrk,puma/benchmarks/local/response_time_wrk,https://github.com/puma/puma/blob/main/benchmarks/local/response_time_wrk.rb,raptor-3r,3,raptor,3,,13993,1000,5.002,5.0,1000,5781,2.001,2.0,5,true,13993,0,2797.222,0.977,1.707,7.633,102.792,117.817,28.855,28.855,3.79,20,20,73,same_worker,405,10063321
yjit-off/puma-response-io-100kb/raptor-3r/repeat-2,yjit-off,false,puma-response-io-100kb,puma-response-time-wrk,puma/benchmarks/local/response_time_wrk,https://github.com/puma/puma/blob/main/benchmarks/local/response_time_wrk.rb,raptor-3r,3,raptor,3,,1000,1000,13.114,5.0,1000,1000,13.248,2.0,5,true,1000,0,76.256,40.967,41.981,42.837,3640.154,3679.837,34.266,34.266,4.465,20,20,193,same_worker,38,925387
yjit-off/puma-response-array-256kb/raptor-3r/repeat-2,yjit-off,false,puma-response-array-256kb,puma-response-time-wrk,puma/benchmarks/local/response_time_wrk,https://github.com/puma/puma/blob/main/benchmarks/local/response_time_wrk.rb,raptor-3r,3,raptor,3,,1000,1000,11.661,5.0,1000,1000,10.681,2.0,5,true,1000,0,85.754,41.026,42.247,43.048,2933.063,3309.501,34.266,34.266,4.56,20,20,172,same_worker,29,719361
yjit-off/puma-response-chunk-256kb/raptor-3r/repeat-2,yjit-off,false,puma-response-chunk-256kb,puma-response-time-wrk,puma/benchmarks/local/response_time_wrk,https://github.com/puma/puma/blob/main/benchmarks/local/response_time_wrk.rb,raptor-3r,3,raptor,3,,1000,1000,11.59,5.0,1000,1000,9.149,2.0,5,true,1000,0,86.282,41.093,42.341,43.153,2899.092,2912.257,34.266,34.266,4.69,20,20,171,same_worker,29,715165
yjit-off/puma-response-string-256kb/raptor-3r/repeat-2,yjit-off,false,puma-response-string-256kb,puma-response-time-wrk,puma/benchmarks/local/response_time_wrk,https://github.com/puma/puma/blob/main/benchmarks/local/response_time_wrk.rb,raptor-3r,3,raptor,3,,10242,1000,5.002,5.0,1000,4262,2.002,2.0,5,true,10242,0,2047.583,1.262,2.539,39.264,139.045,208.574,34.793,34.793,5.505,20,20,72,same_worker,303,7364464
yjit-off/puma-response-io-256kb/raptor-3r/repeat-2,yjit-off,false,puma-response-io-256kb,puma-response-time-wrk,puma/benchmarks/local/response_time_wrk,https://github.com/puma/puma/blob/main/benchmarks/local/response_time_wrk.rb,raptor-3r,3,raptor,3,,1000,1000,12.869,5.0,1000,1000,13.03,2.0,5,true,1000,0,77.704,41.904,42.938,43.704,3182.868,3390.57,40.883,40.883,6.055,20,20,189,same_worker,56,1237470
yjit-off/puma-response-array-512kb/raptor-3r/repeat-2,yjit-off,false,puma-response-array-512kb,puma-response-time-wrk,puma/benchmarks/local/response_time_wrk,https://github.com/puma/puma/blob/main/benchmarks/local/response_time_wrk.rb,raptor-3r,3,raptor,3,,1000,1000,13.721,5.0,1000,1000,13.498,2.0,5,true,1000,0,72.881,41.943,42.919,43.778,3326.575,3803.409,40.883,40.883,6.18,20,20,201,same_worker,30,719359
yjit-off/puma-response-chunk-512kb/raptor-3r/repeat-2,yjit-off,false,puma-response-chunk-512kb,puma-response-time-wrk,puma/benchmarks/local/response_time_wrk,https://github.com/puma/puma/blob/main/benchmarks/local/response_time_wrk.rb,raptor-3r,3,raptor,3,,1000,1000,13.555,5.0,1000,1000,13.156,2.0,5,true,1000,0,73.773,41.941,42.923,43.595,3187.508,3256.003,40.883,40.883,6.3,20,20,199,same_worker,29,716366
yjit-off/puma-response-string-512kb/raptor-3r/repeat-2,yjit-off,false,puma-response-string-512kb,puma-response-time-wrk,puma/benchmarks/local/response_time_wrk,https://github.com/puma/puma/blob/main/benchmarks/local/response_time_wrk.rb,raptor-3r,3,raptor,3,,7734,1000,5.004,5.0,1000,2935,2.003,2.0,5,true,7734,0,1545.66,1.605,3.22,56.604,191.053,208.727,40.883,40.883,6.825,20,20,72,same_worker,234,5561830
yjit-off/puma-response-io-512kb/raptor-3r/repeat-2,yjit-off,false,puma-response-io-512kb,puma-response-time-wrk,puma/benchmarks/local/response_time_wrk,https://github.com/puma/puma/blob/main/benchmarks/local/response_time_wrk.rb,raptor-3r,3,raptor,3,,1000,1000,15.039,5.0,1000,1000,15.089,2.0,5,true,1000,0,66.495,41.961,43.047,44.857,3802.407,3879.292,44.383,43.539,7.265,20,20,221,same_worker,85,1749589
yjit-off/puma-response-array-1024kb/raptor-3r/repeat-2,yjit-off,false,puma-response-array-1024kb,puma-response-time-wrk,puma/benchmarks/local/response_time_wrk,https://github.com/puma/puma/blob/main/benchmarks/local/response_time_wrk.rb,raptor-3r,3,raptor,3,,1000,1000,14.567,5.0,1000,1000,15.211,2.0,5,true,1000,0,68.648,41.986,43.874,45.406,3759.526,3807.354,43.539,43.539,7.47,20,20,214,same_worker,30,718724
yjit-off/puma-response-chunk-1024kb/raptor-3r/repeat-2,yjit-off,false,puma-response-chunk-1024kb,puma-response-time-wrk,puma/benchmarks/local/response_time_wrk,https://github.com/puma/puma/blob/main/benchmarks/local/response_time_wrk.rb,raptor-3r,3,raptor,3,,1000,1000,14.398,5.0,1000,1000,15.448,2.0,5,true,1000,0,69.454,42.007,44.031,45.618,3538.193,3581.763,43.539,43.539,7.745,20,20,212,same_worker,30,716364
yjit-off/puma-response-string-1024kb/raptor-3r/repeat-2,yjit-off,false,puma-response-string-1024kb,puma-response-time-wrk,puma/benchmarks/local/response_time_wrk,https://github.com/puma/puma/blob/main/benchmarks/local/response_time_wrk.rb,raptor-3r,3,raptor,3,,5757,1000,5.004,5.0,1000,2341,2.004,2.0,5,true,5757,0,1150.553,2.275,4.593,15.461,255.864,273.35,44.492,44.492,8.125,20,20,70,same_worker,178,4140850
yjit-off/puma-response-io-1024kb/raptor-3r/repeat-2,yjit-off,false,puma-response-io-1024kb,puma-response-time-wrk,puma/benchmarks/local/response_time_wrk,https://github.com/puma/puma/blob/main/benchmarks/local/response_time_wrk.rb,raptor-3r,3,raptor,3,,1000,1000,15.767,5.0,1000,1000,16.164,2.0,5,true,1000,0,63.425,42.992,45.258,47.114,3919.412,3953.468,54.816,54.816,8.73,20,20,232,same_worker,149,2772564
yjit-off/puma-response-array-2048kb/raptor-3r/repeat-2,yjit-off,false,puma-response-array-2048kb,puma-response-time-wrk,puma/benchmarks/local/response_time_wrk,https://github.com/puma/puma/blob/main/benchmarks/local/response_time_wrk.rb,raptor-3r,3,raptor,3,,1000,1000,15.319,5.0,1000,1000,16.426,2.0,5,true,1000,0,65.28,43.978,47.119,49.156,3825.936,3971.01,54.816,54.816,9.4,20,20,225,same_worker,31,718241
yjit-off/puma-response-chunk-2048kb/raptor-3r/repeat-2,yjit-off,false,puma-response-chunk-2048kb,puma-response-time-wrk,puma/benchmarks/local/response_time_wrk,https://github.com/puma/puma/blob/main/benchmarks/local/response_time_wrk.rb,raptor-3r,3,raptor,3,,1000,1000,15.948,5.0,1000,1000,16.324,2.0,5,true,1000,0,62.705,43.998,47.081,49.333,3924.289,3947.582,52.41,52.41,10.075,20,20,234,same_worker,32,716096
yjit-off/puma-response-string-2048kb/raptor-3r/repeat-2,yjit-off,false,puma-response-string-2048kb,puma-response-time-wrk,puma/benchmarks/local/response_time_wrk,https://github.com/puma/puma/blob/main/benchmarks/local/response_time_wrk.rb,raptor-3r,3,raptor,3,,3711,1000,5.006,5.0,1000,1491,2.006,2.0,5,true,3711,0,741.364,3.736,6.9,17.562,388.791,412.233,56.418,56.418,10.435,20,20,68,same_worker,117,2670752
yjit-off/puma-response-io-2048kb/raptor-3r/repeat-2,yjit-off,false,puma-response-io-2048kb,puma-response-time-wrk,puma/benchmarks/local/response_time_wrk,https://github.com/puma/puma/blob/main/benchmarks/local/response_time_wrk.rb,raptor-3r,3,raptor,3,,1000,1000,17.174,5.0,1000,1000,17.206,2.0,5,true,1000,0,58.229,46.378,50.113,51.602,4305.542,4386.468,62.332,62.297,11.395,20,20,252,same_worker,277,4822354
yjit-off/puma-long-tail-fib-200ms-x6p0/raptor-3r/repeat-2,yjit-off,false,puma-long-tail-fib-200ms-x6p0,puma-long-tail-hey,puma/benchmarks/local/long_tail_hey + test/rackup/sleep_fibonacci,https://github.com/puma/puma/blob/main/benchmarks/local/long_tail_hey.rb,raptor-3r,3,raptor,3,,363,360,29.004,5.0,360,360,28.766,2.0,18,true,363,0,12.516,241.765,243.106,19610.918,24401.867,24401.93,62.516,62.516,20.91,20,20,425,same_worker,2,66035
yjit-off/puma-long-tail-fib-200ms-x4p0/raptor-3r/repeat-2,yjit-off,false,puma-long-tail-fib-200ms-x4p0,puma-long-tail-hey,puma/benchmarks/local/long_tail_hey + test/rackup/sleep_fibonacci,https://github.com/puma/puma/blob/main/benchmarks/local/long_tail_hey.rb,raptor-3r,3,raptor,3,,243,240,19.415,5.0,240,240,19.179,2.0,12,true,243,0,12.516,241.722,242.992,12799.667,14811.312,14811.531,62.539,62.539,29.275,20,20,284,same_worker,1,42786
yjit-off/puma-long-tail-fib-200ms-x3p0/raptor-3r/repeat-2,yjit-off,false,puma-long-tail-fib-200ms-x3p0,puma-long-tail-hey,puma/benchmarks/local/long_tail_hey + test/rackup/sleep_fibonacci,https://github.com/puma/puma/blob/main/benchmarks/local/long_tail_hey.rb,raptor-3r,3,raptor,3,,183,180,14.627,5.0,180,180,14.379,2.0,9,true,183,0,12.511,241.794,243.137,10029.009,10029.695,10029.709,62.551,62.551,34.775,20,20,214,same_worker,1,33130
yjit-off/puma-long-tail-fib-200ms-x2p0/raptor-3r/repeat-2,yjit-off,false,puma-long-tail-fib-200ms-x2p0,puma-long-tail-hey,puma/benchmarks/local/long_tail_hey + test/rackup/sleep_fibonacci,https://github.com/puma/puma/blob/main/benchmarks/local/long_tail_hey.rb,raptor-3r,3,raptor,3,,123,120,9.832,5.0,120,120,9.583,2.0,6,true,123,0,12.51,241.767,242.609,5236.234,5238.158,5238.42,62.551,62.551,38.37,20,20,145,same_worker,0,21587
yjit-off/puma-long-tail-fib-200ms-x1p5/raptor-3r/repeat-2,yjit-off,false,puma-long-tail-fib-200ms-x1p5,puma-long-tail-hey,puma/benchmarks/local/long_tail_hey + test/rackup/sleep_fibonacci,https://github.com/puma/puma/blob/main/benchmarks/local/long_tail_hey.rb,raptor-3r,3,raptor,3,,103,100,9.828,5.0,100,100,9.596,2.0,5,true,103,0,10.48,241.717,242.611,5128.532,5228.596,5228.636,62.559,62.559,41.005,20,20,145,same_worker,1,18902
yjit-off/puma-long-tail-fib-200ms-x1p0/raptor-3r/repeat-2,yjit-off,false,puma-long-tail-fib-200ms-x1p0,puma-long-tail-hey,puma/benchmarks/local/long_tail_hey + test/rackup/sleep_fibonacci,https://github.com/puma/puma/blob/main/benchmarks/local/long_tail_hey.rb,raptor-3r,3,raptor,3,,63,60,5.032,5.0,60,60,4.797,2.0,3,true,63,0,12.52,241.279,242.286,242.492,242.613,242.627,62.563,62.563,42.62,20,20,75,same_worker,1,11798
yjit-off/puma-long-tail-fib-200ms-x0p5/raptor-3r/repeat-2,yjit-off,false,puma-long-tail-fib-200ms-x0p5,puma-long-tail-hey,puma/benchmarks/local/long_tail_hey + test/rackup/sleep_fibonacci,https://github.com/puma/puma/blob/main/benchmarks/local/long_tail_hey.rb,raptor-3r,3,raptor,3,,42,40,5.037,5.0,40,40,4.795,2.0,2,true,42,0,8.339,241.813,242.199,242.652,242.922,242.952,62.566,62.566,43.6,20,20,75,same_worker,0,6317
yjit-off/puma-sleep-fibonacci-1ms/raptor-3r/repeat-2,yjit-off,false,puma-sleep-fibonacci-1ms,puma-sleep-fibonacci-test,puma/benchmarks/local/sleep_fibonacci_test + test/rackup/sleep_fibonacci,https://github.com/puma/puma/blob/main/benchmarks/local/sleep_fibonacci_test.rb,raptor-3r,3,raptor,3,,122,10,5.005,5.0,10,49,2.019,2.0,1,true,122,0,24.377,41.963,42.088,43.011,43.111,43.124,62.578,62.578,43.585,20,20,75,same_worker,0,21673
yjit-off/puma-sleep-fibonacci-5ms/raptor-3r/repeat-2,yjit-off,false,puma-sleep-fibonacci-5ms,puma-sleep-fibonacci-test,puma/benchmarks/local/sleep_fibonacci_test + test/rackup/sleep_fibonacci,https://github.com/puma/puma/blob/main/benchmarks/local/sleep_fibonacci_test.rb,raptor-3r,3,raptor,3,,110,10,5.043,5.0,10,44,2.024,2.0,1,true,110,0,21.813,46.958,47.795,47.935,48.033,48.045,62.586,62.586,43.295,20,20,75,same_worker,0,19561
yjit-off/puma-sleep-fibonacci-10ms/raptor-3r/repeat-2,yjit-off,false,puma-sleep-fibonacci-10ms,puma-sleep-fibonacci-test,puma/benchmarks/local/sleep_fibonacci_test + test/rackup/sleep_fibonacci,https://github.com/puma/puma/blob/main/benchmarks/local/sleep_fibonacci_test.rb,raptor-3r,3,raptor,3,,99,10,5.038,5.0,10,40,2.035,2.0,1,true,99,0,19.651,50.985,51.981,52.042,52.143,52.154,62.594,62.594,43.055,20,20,75,same_worker,0,15471
yjit-off/puma-sleep-fibonacci-50ms/raptor-3r/repeat-2,yjit-off,false,puma-sleep-fibonacci-50ms,puma-sleep-fibonacci-test,puma/benchmarks/local/sleep_fibonacci_test + test/rackup/sleep_fibonacci,https://github.com/puma/puma/blob/main/benchmarks/local/sleep_fibonacci_test.rb,raptor-3r,3,raptor,3,,55,10,5.02,5.0,10,23,2.072,2.0,1,true,55,0,10.957,91.962,92.467,93.023,93.048,93.051,62.598,62.598,43.0,20,20,75,same_worker,0,9796
yjit-off/puma-sleep-fibonacci-100ms/raptor-3r/repeat-2,yjit-off,false,puma-sleep-fibonacci-100ms,puma-sleep-fibonacci-test,puma/benchmarks/local/sleep_fibonacci_test + test/rackup/sleep_fibonacci,https://github.com/puma/puma/blob/main/benchmarks/local/sleep_fibonacci_test.rb,raptor-3r,3,raptor,3,,36,10,5.07,5.0,10,15,2.091,2.0,1,true,36,0,7.1,141.949,142.498,142.969,142.969,142.969,62.598,62.598,43.0,20,20,76,same_worker,0,6528
yjit-off/puma-sleep-fibonacci-200ms/raptor-3r/repeat-2,yjit-off,false,puma-sleep-fibonacci-200ms,puma-sleep-fibonacci-test,puma/benchmarks/local/sleep_fibonacci_test + test/rackup/sleep_fibonacci,https://github.com/puma/puma/blob/main/benchmarks/local/sleep_fibonacci_test.rb,raptor-3r,3,raptor,3,,21,10,5.039,5.0,10,10,2.379,2.0,1,true,21,0,4.168,241.925,242.909,242.996,243.016,243.018,62.598,62.598,43.095,20,20,75,same_worker,1,4026
yjit-off/puma-response-array-1kb/raptor-3r/repeat-3,yjit-off,false,puma-response-array-1kb,puma-response-time-wrk,puma/benchmarks/local/response_time_wrk,https://github.com/puma/puma/blob/main/benchmarks/local/response_time_wrk.rb,raptor-3r,3,raptor,3,,1000,1000,16.112,5.0,1000,1000,16.139,2.0,5,true,1000,0,62.066,40.978,41.968,42.458,4031.63,4031.9,27.336,27.336,3.105,20,20,237,same_worker,32,719376
yjit-off/puma-response-chunk-1kb/raptor-3r/repeat-3,yjit-off,false,puma-response-chunk-1kb,puma-response-time-wrk,puma/benchmarks/local/response_time_wrk,https://github.com/puma/puma/blob/main/benchmarks/local/response_time_wrk.rb,raptor-3r,3,raptor,3,,1000,1000,16.109,5.0,1000,1000,16.134,2.0,5,true,1000,0,62.077,40.975,41.959,42.297,4026.778,4035.623,27.516,27.516,2.605,20,20,236,same_worker,31,716386
yjit-off/puma-response-string-1kb/raptor-3r/repeat-3,yjit-off,false,puma-response-string-1kb,puma-response-time-wrk,puma/benchmarks/local/response_time_wrk,https://github.com/puma/puma/blob/main/benchmarks/local/response_time_wrk.rb,raptor-3r,3,raptor,3,,1000,1000,16.12,5.0,1000,1000,16.13,2.0,5,true,1000,0,62.036,40.981,41.969,42.391,4029.907,4033.158,27.516,27.516,2.495,20,20,236,same_worker,33,718376
yjit-off/puma-response-io-1kb/raptor-3r/repeat-3,yjit-off,false,puma-response-io-1kb,puma-response-time-wrk,puma/benchmarks/local/response_time_wrk,https://github.com/puma/puma/blob/main/benchmarks/local/response_time_wrk.rb,raptor-3r,3,raptor,3,,1000,1000,16.11,5.0,1000,1000,16.136,2.0,5,true,1000,0,62.075,40.977,41.849,42.209,4026.98,4027.427,27.551,27.551,2.495,20,20,236,same_worker,34,727375
yjit-off/puma-response-array-10kb/raptor-3r/repeat-3,yjit-off,false,puma-response-array-10kb,puma-response-time-wrk,puma/benchmarks/local/response_time_wrk,https://github.com/puma/puma/blob/main/benchmarks/local/response_time_wrk.rb,raptor-3r,3,raptor,3,,1000,1000,16.113,5.0,1000,1000,16.146,2.0,5,true,1000,0,62.064,40.975,41.979,42.336,4031.67,4070.955,27.563,27.563,2.465,20,20,237,same_worker,33,719374
yjit-off/puma-response-chunk-10kb/raptor-3r/repeat-3,yjit-off,false,puma-response-chunk-10kb,puma-response-time-wrk,puma/benchmarks/local/response_time_wrk,https://github.com/puma/puma/blob/main/benchmarks/local/response_time_wrk.rb,raptor-3r,3,raptor,3,,1000,1000,16.124,5.0,1000,1000,16.138,2.0,5,true,1000,0,62.019,40.978,41.976,42.312,4030.385,4030.813,27.563,27.563,2.4,20,20,237,same_worker,33,716381
yjit-off/puma-response-string-10kb/raptor-3r/repeat-3,yjit-off,false,puma-response-string-10kb,puma-response-time-wrk,puma/benchmarks/local/response_time_wrk,https://github.com/puma/puma/blob/main/benchmarks/local/response_time_wrk.rb,raptor-3r,3,raptor,3,,1000,1000,16.112,5.0,1000,1000,16.138,2.0,5,true,1000,0,62.067,40.975,41.941,42.343,4026.747,4027.085,27.563,27.563,2.4,20,20,237,same_worker,33,719378
yjit-off/puma-response-io-10kb/raptor-3r/repeat-3,yjit-off,false,puma-response-io-10kb,puma-response-time-wrk,puma/benchmarks/local/response_time_wrk,https://github.com/puma/puma/blob/main/benchmarks/local/response_time_wrk.rb,raptor-3r,3,raptor,3,,1000,1000,16.118,5.0,1000,1000,16.143,2.0,5,true,1000,0,62.043,40.978,41.942,42.446,4033.996,4074.464,28.074,28.074,2.4,20,20,237,same_worker,35,745389
yjit-off/puma-response-array-100kb/raptor-3r/repeat-3,yjit-off,false,puma-response-array-100kb,puma-response-time-wrk,puma/benchmarks/local/response_time_wrk,https://github.com/puma/puma/blob/main/benchmarks/local/response_time_wrk.rb,raptor-3r,3,raptor,3,,1000,1000,14.995,5.0,1000,1000,14.417,2.0,5,true,1000,0,66.69,40.965,41.968,42.318,3668.264,3831.362,28.074,28.074,2.5,20,20,220,same_worker,34,719317
yjit-off/puma-response-chunk-100kb/raptor-3r/repeat-3,yjit-off,false,puma-response-chunk-100kb,puma-response-time-wrk,puma/benchmarks/local/response_time_wrk,https://github.com/puma/puma/blob/main/benchmarks/local/response_time_wrk.rb,raptor-3r,3,raptor,3,,1000,1000,15.207,5.0,1000,1000,13.578,2.0,5,true,1000,0,65.76,40.963,41.969,42.429,3825.102,3869.593,28.074,28.074,2.6,20,20,223,same_worker,34,716379
yjit-off/puma-response-string-100kb/raptor-3r/repeat-3,yjit-off,false,puma-response-string-100kb,puma-response-time-wrk,puma/benchmarks/local/response_time_wrk,https://github.com/puma/puma/blob/main/benchmarks/local/response_time_wrk.rb,raptor-3r,3,raptor,3,,13847,1000,5.001,5.0,1000,5606,2.001,2.0,5,true,13847,0,2768.6,0.984,1.739,7.318,103.102,121.949,28.488,28.488,3.83,20,20,72,same_worker,474,9959628
yjit-off/puma-response-io-100kb/raptor-3r/repeat-3,yjit-off,false,puma-response-io-100kb,puma-response-time-wrk,puma/benchmarks/local/response_time_wrk,https://github.com/puma/puma/blob/main/benchmarks/local/response_time_wrk.rb,raptor-3r,3,raptor,3,,1000,1000,14.546,5.0,1000,1000,13.961,2.0,5,true,1000,0,68.746,40.973,41.988,42.636,3678.707,3714.873,33.191,33.191,4.5,20,20,214,same_worker,47,924572
yjit-off/puma-response-array-256kb/raptor-3r/repeat-3,yjit-off,false,puma-response-array-256kb,puma-response-time-wrk,puma/benchmarks/local/response_time_wrk,https://github.com/puma/puma/blob/main/benchmarks/local/response_time_wrk.rb,raptor-3r,3,raptor,3,,1000,1000,11.599,5.0,1000,1000,8.413,2.0,5,true,1000,0,86.214,40.986,42.181,43.014,2926.466,3302.396,33.191,33.191,4.6,20,20,171,same_worker,35,719385
yjit-off/puma-response-chunk-256kb/raptor-3r/repeat-3,yjit-off,false,puma-response-chunk-256kb,puma-response-time-wrk,puma/benchmarks/local/response_time_wrk,https://github.com/puma/puma/blob/main/benchmarks/local/response_time_wrk.rb,raptor-3r,3,raptor,3,,1000,1000,11.022,5.0,1000,1000,9.178,2.0,5,true,1000,0,90.725,41.041,42.293,43.193,2770.332,2808.034,33.191,33.191,4.745,20,20,162,same_worker,35,714672
yjit-off/puma-response-string-256kb/raptor-3r/repeat-3,yjit-off,false,puma-response-string-256kb,puma-response-time-wrk,puma/benchmarks/local/response_time_wrk,https://github.com/puma/puma/blob/main/benchmarks/local/response_time_wrk.rb,raptor-3r,3,raptor,3,,9376,1000,5.003,5.0,1000,3849,2.002,2.0,5,true,9376,0,1874.236,1.35,2.865,33.476,152.804,203.07,33.223,33.223,5.57,20,20,72,same_worker,330,6742756
yjit-off/puma-response-io-256kb/raptor-3r/repeat-3,yjit-off,false,puma-response-io-256kb,puma-response-time-wrk,puma/benchmarks/local/response_time_wrk,https://github.com/puma/puma/blob/main/benchmarks/local/response_time_wrk.rb,raptor-3r,3,raptor,3,,1000,1000,13.573,5.0,1000,1000,12.107,2.0,5,true,1000,0,73.675,41.921,42.877,43.186,3226.071,3387.902,37.117,37.117,6.1,20,20,200,same_worker,67,1236690
yjit-off/puma-response-array-512kb/raptor-3r/repeat-3,yjit-off,false,puma-response-array-512kb,puma-response-time-wrk,puma/benchmarks/local/response_time_wrk,https://github.com/puma/puma/blob/main/benchmarks/local/response_time_wrk.rb,raptor-3r,3,raptor,3,,1000,1000,12.914,5.0,1000,1000,13.404,2.0,5,true,1000,0,77.436,41.927,42.98,44.431,3011.932,3094.609,37.117,37.117,6.255,20,20,190,same_worker,35,718995
yjit-off/puma-response-chunk-512kb/raptor-3r/repeat-3,yjit-off,false,puma-response-chunk-512kb,puma-response-time-wrk,puma/benchmarks/local/response_time_wrk,https://github.com/puma/puma/blob/main/benchmarks/local/response_time_wrk.rb,raptor-3r,3,raptor,3,,1000,1000,13.784,5.0,1000,1000,13.43,2.0,5,true,1000,0,72.547,41.937,42.931,43.593,3482.919,3496.25,37.117,37.117,6.395,20,20,203,same_worker,35,715006
yjit-off/puma-response-string-512kb/raptor-3r/repeat-3,yjit-off,false,puma-response-string-512kb,puma-response-time-wrk,puma/benchmarks/local/response_time_wrk,https://github.com/puma/puma/blob/main/benchmarks/local/response_time_wrk.rb,raptor-3r,3,raptor,3,,7245,1000,5.003,5.0,1000,3019,2.003,2.0,5,true,7245,0,1448.25,1.651,3.434,27.176,207.262,269.795,38.117,38.117,6.93,20,20,72,same_worker,262,5211385
yjit-off/puma-response-io-512kb/raptor-3r/repeat-3,yjit-off,false,puma-response-io-512kb,puma-response-time-wrk,puma/benchmarks/local/response_time_wrk,https://github.com/puma/puma/blob/main/benchmarks/local/response_time_wrk.rb,raptor-3r,3,raptor,3,,1000,1000,14.618,5.0,1000,1000,15.035,2.0,5,true,1000,0,68.41,41.975,43.502,45.462,3723.403,3773.093,42.492,42.492,7.37,20,20,215,same_worker,104,1748718
yjit-off/puma-response-array-1024kb/raptor-3r/repeat-3,yjit-off,false,puma-response-array-1024kb,puma-response-time-wrk,puma/benchmarks/local/response_time_wrk,https://github.com/puma/puma/blob/main/benchmarks/local/response_time_wrk.rb,raptor-3r,3,raptor,3,,1000,1000,14.523,5.0,1000,1000,15.293,2.0,5,true,1000,0,68.856,42.05,44.148,46.061,3566.081,3707.815,42.492,42.492,7.645,20,20,213,same_worker,36,719389
yjit-off/puma-response-chunk-1024kb/raptor-3r/repeat-3,yjit-off,false,puma-response-chunk-1024kb,puma-response-time-wrk,puma/benchmarks/local/response_time_wrk,https://github.com/puma/puma/blob/main/benchmarks/local/response_time_wrk.rb,raptor-3r,3,raptor,3,,1000,1000,14.18,5.0,1000,1000,15.131,2.0,5,true,1000,0,70.522,42.846,44.166,46.03,3525.955,3527.921,42.492,42.492,7.93,20,20,208,same_worker,37,716391
yjit-off/puma-response-string-1024kb/raptor-3r/repeat-3,yjit-off,false,puma-response-string-1024kb,puma-response-time-wrk,puma/benchmarks/local/response_time_wrk,https://github.com/puma/puma/blob/main/benchmarks/local/response_time_wrk.rb,raptor-3r,3,raptor,3,,5381,1000,5.004,5.0,1000,2215,2.004,2.0,5,true,5381,0,1075.341,2.445,4.932,21.996,251.72,291.592,44.355,44.355,8.35,20,20,69,same_worker,200,3871183
yjit-off/puma-response-io-1024kb/raptor-3r/repeat-3,yjit-off,false,puma-response-io-1024kb,puma-response-time-wrk,puma/benchmarks/local/response_time_wrk,https://github.com/puma/puma/blob/main/benchmarks/local/response_time_wrk.rb,raptor-3r,3,raptor,3,,1000,1000,15.604,5.0,1000,1000,16.081,2.0,5,true,1000,0,64.088,43.216,45.919,47.628,3733.671,3902.295,49.426,49.023,8.97,20,20,229,same_worker,159,2773879
yjit-off/puma-response-array-2048kb/raptor-3r/repeat-3,yjit-off,false,puma-response-array-2048kb,puma-response-time-wrk,puma/benchmarks/local/response_time_wrk,https://github.com/puma/puma/blob/main/benchmarks/local/response_time_wrk.rb,raptor-3r,3,raptor,3,,1000,1000,15.516,5.0,1000,1000,16.276,2.0,5,true,1000,0,64.449,43.954,46.403,49.124,3740.776,3907.899,49.023,49.023,9.61,20,20,228,same_worker,33,719378
yjit-off/puma-response-chunk-2048kb/raptor-3r/repeat-3,yjit-off,false,puma-response-chunk-2048kb,puma-response-time-wrk,puma/benchmarks/local/response_time_wrk,https://github.com/puma/puma/blob/main/benchmarks/local/response_time_wrk.rb,raptor-3r,3,raptor,3,,1000,1000,15.657,5.0,1000,1000,15.698,2.0,5,true,1000,0,63.868,43.984,47.252,51.03,3899.203,3934.736,49.023,49.023,10.24,20,20,229,same_worker,33,716798
yjit-off/puma-response-string-2048kb/raptor-3r/repeat-3,yjit-off,false,puma-response-string-2048kb,puma-response-time-wrk,puma/benchmarks/local/response_time_wrk,https://github.com/puma/puma/blob/main/benchmarks/local/response_time_wrk.rb,raptor-3r,3,raptor,3,,3533,1000,5.007,5.0,1000,1426,2.005,2.0,5,true,3533,0,705.675,3.963,7.297,10.405,425.543,432.53,55.035,55.035,10.615,20,20,67,same_worker,117,2540864
yjit-off/puma-response-io-2048kb/raptor-3r/repeat-3,yjit-off,false,puma-response-io-2048kb,puma-response-time-wrk,puma/benchmarks/local/response_time_wrk,https://github.com/puma/puma/blob/main/benchmarks/local/response_time_wrk.rb,raptor-3r,3,raptor,3,,1000,1000,16.855,5.0,1000,1000,17.353,2.0,5,true,1000,0,59.328,45.915,50.001,51.924,4252.92,4328.988,81.527,81.527,11.515,20,20,247,same_worker,114,4820867
yjit-off/puma-long-tail-fib-200ms-x6p0/raptor-3r/repeat-3,yjit-off,false,puma-long-tail-fib-200ms-x6p0,puma-long-tail-hey,puma/benchmarks/local/long_tail_hey + test/rackup/sleep_fibonacci,https://github.com/puma/puma/blob/main/benchmarks/local/long_tail_hey.rb,raptor-3r,3,raptor,3,,363,360,29.007,5.0,360,360,28.769,2.0,18,true,363,0,12.514,241.918,242.996,19610.48,24402.784,24402.823,81.816,81.816,21.05,20,20,424,same_worker,2,64360
yjit-off/puma-long-tail-fib-200ms-x4p0/raptor-3r/repeat-3,yjit-off,false,puma-long-tail-fib-200ms-x4p0,puma-long-tail-hey,puma/benchmarks/local/long_tail_hey + test/rackup/sleep_fibonacci,https://github.com/puma/puma/blob/main/benchmarks/local/long_tail_hey.rb,raptor-3r,3,raptor,3,,243,240,19.414,5.0,240,240,19.177,2.0,12,true,243,0,12.517,241.756,242.987,12803.866,14813.973,14814.045,81.84,81.84,29.415,20,20,284,same_worker,1,43769
yjit-off/puma-long-tail-fib-200ms-x3p0/raptor-3r/repeat-3,yjit-off,false,puma-long-tail-fib-200ms-x3p0,puma-long-tail-hey,puma/benchmarks/local/long_tail_hey + test/rackup/sleep_fibonacci,https://github.com/puma/puma/blob/main/benchmarks/local/long_tail_hey.rb,raptor-3r,3,raptor,3,,183,180,14.621,5.0,180,180,14.381,2.0,9,true,183,0,12.516,241.705,242.984,10022.924,10024.248,10024.325,81.863,81.863,34.94,20,20,214,same_worker,1,33797
yjit-off/puma-long-tail-fib-200ms-x2p0/raptor-3r/repeat-3,yjit-off,false,puma-long-tail-fib-200ms-x2p0,puma-long-tail-hey,puma/benchmarks/local/long_tail_hey + test/rackup/sleep_fibonacci,https://github.com/puma/puma/blob/main/benchmarks/local/long_tail_hey.rb,raptor-3r,3,raptor,3,,123,120,9.825,5.0,120,120,9.585,2.0,6,true,123,0,12.519,241.569,242.804,5230.957,5233.676,5233.993,81.875,81.875,38.53,20,20,144,same_worker,1,23002
yjit-off/puma-long-tail-fib-200ms-x1p5/raptor-3r/repeat-3,yjit-off,false,puma-long-tail-fib-200ms-x1p5,puma-long-tail-hey,puma/benchmarks/local/long_tail_hey + test/rackup/sleep_fibonacci,https://github.com/puma/puma/blob/main/benchmarks/local/long_tail_hey.rb,raptor-3r,3,raptor,3,,103,100,9.832,5.0,100,100,9.588,2.0,5,true,103,0,10.476,241.842,242.617,5129.833,5229.887,5229.924,81.879,81.879,41.185,20,20,145,same_worker,0,17565
yjit-off/puma-long-tail-fib-200ms-x1p0/raptor-3r/repeat-3,yjit-off,false,puma-long-tail-fib-200ms-x1p0,puma-long-tail-hey,puma/benchmarks/local/long_tail_hey + test/rackup/sleep_fibonacci,https://github.com/puma/puma/blob/main/benchmarks/local/long_tail_hey.rb,raptor-3r,3,raptor,3,,63,60,5.035,5.0,60,60,4.795,2.0,3,true,63,0,12.513,241.623,242.558,243.076,243.092,243.094,81.879,81.879,42.81,20,20,75,same_worker,0,10811
yjit-off/puma-long-tail-fib-200ms-x0p5/raptor-3r/repeat-3,yjit-off,false,puma-long-tail-fib-200ms-x0p5,puma-long-tail-hey,puma/benchmarks/local/long_tail_hey + test/rackup/sleep_fibonacci,https://github.com/puma/puma/blob/main/benchmarks/local/long_tail_hey.rb,raptor-3r,3,raptor,3,,42,40,5.038,5.0,40,40,4.793,2.0,2,true,42,0,8.337,241.942,242.432,242.712,242.872,242.889,81.883,81.883,43.78,20,20,75,same_worker,0,6960
yjit-off/puma-sleep-fibonacci-1ms/raptor-3r/repeat-3,yjit-off,false,puma-sleep-fibonacci-1ms,puma-sleep-fibonacci-test,puma/benchmarks/local/sleep_fibonacci_test + test/rackup/sleep_fibonacci,https://github.com/puma/puma/blob/main/benchmarks/local/sleep_fibonacci_test.rb,raptor-3r,3,raptor,3,,122,10,5.008,5.0,10,49,2.019,2.0,1,true,122,0,24.363,41.957,42.335,42.982,43.001,43.003,81.883,81.883,43.77,20,20,75,same_worker,0,21673
yjit-off/puma-sleep-fibonacci-5ms/raptor-3r/repeat-3,yjit-off,false,puma-sleep-fibonacci-5ms,puma-sleep-fibonacci-test,puma/benchmarks/local/sleep_fibonacci_test + test/rackup/sleep_fibonacci,https://github.com/puma/puma/blob/main/benchmarks/local/sleep_fibonacci_test.rb,raptor-3r,3,raptor,3,,110,10,5.046,5.0,10,44,2.011,2.0,1,true,110,0,21.8,46.965,47.069,47.265,47.898,47.974,81.883,81.883,43.48,20,20,75,same_worker,1,19687
yjit-off/puma-sleep-fibonacci-10ms/raptor-3r/repeat-3,yjit-off,false,puma-sleep-fibonacci-10ms,puma-sleep-fibonacci-test,puma/benchmarks/local/sleep_fibonacci_test + test/rackup/sleep_fibonacci,https://github.com/puma/puma/blob/main/benchmarks/local/sleep_fibonacci_test.rb,raptor-3r,3,raptor,3,,99,10,5.046,5.0,10,40,2.038,2.0,1,true,99,0,19.621,50.986,52.032,52.97,52.973,52.973,81.883,81.883,43.245,20,20,75,same_worker,0,15483
yjit-off/puma-sleep-fibonacci-50ms/raptor-3r/repeat-3,yjit-off,false,puma-sleep-fibonacci-50ms,puma-sleep-fibonacci-test,puma/benchmarks/local/sleep_fibonacci_test + test/rackup/sleep_fibonacci,https://github.com/puma/puma/blob/main/benchmarks/local/sleep_fibonacci_test.rb,raptor-3r,3,raptor,3,,55,10,5.002,5.0,10,23,2.069,2.0,1,true,55,0,10.997,91.928,92.05,92.483,92.927,92.976,81.883,81.883,43.145,20,20,75,same_worker,1,10010
yjit-off/puma-sleep-fibonacci-100ms/raptor-3r/repeat-3,yjit-off,false,puma-sleep-fibonacci-100ms,puma-sleep-fibonacci-test,puma/benchmarks/local/sleep_fibonacci_test + test/rackup/sleep_fibonacci,https://github.com/puma/puma/blob/main/benchmarks/local/sleep_fibonacci_test.rb,raptor-3r,3,raptor,3,,36,10,5.074,5.0,10,15,2.094,2.0,1,true,36,0,7.095,141.975,142.842,142.939,142.964,142.967,81.883,81.883,43.2,20,20,76,same_worker,0,4201
yjit-off/puma-sleep-fibonacci-200ms/raptor-3r/repeat-3,yjit-off,false,puma-sleep-fibonacci-200ms,puma-sleep-fibonacci-test,puma/benchmarks/local/sleep_fibonacci_test + test/rackup/sleep_fibonacci,https://github.com/puma/puma/blob/main/benchmarks/local/sleep_fibonacci_test.rb,raptor-3r,3,raptor,3,,21,10,5.038,5.0,10,10,2.381,2.0,1,true,21,0,4.168,241.927,242.934,242.979,242.989,242.99,81.883,81.883,43.285,20,20,75,same_worker,0,3888
yjit-off/puma-response-array-1kb/puma-1w-3t/repeat-1,yjit-off,false,puma-response-array-1kb,puma-response-time-wrk,puma/benchmarks/local/response_time_wrk,https://github.com/puma/puma/blob/main/benchmarks/local/response_time_wrk.rb,puma-1w-3t,3,puma,1,3,18233,1000,5.001,5.0,1000,7393,2.001,2.0,5,true,18233,0,3645.893,1.297,1.865,2.234,2.889,4.067,63.953,63.953,99.485,20,20,72,multiprocess_sample_only,,
yjit-off/puma-response-chunk-1kb/puma-1w-3t/repeat-1,yjit-off,false,puma-response-chunk-1kb,puma-response-time-wrk,puma/benchmarks/local/response_time_wrk,https://github.com/puma/puma/blob/main/benchmarks/local/response_time_wrk.rb,puma-1w-3t,3,puma,1,3,18159,1000,5.001,5.0,1000,7397,2.001,2.0,5,true,18159,0,3631.045,1.305,1.85,2.232,2.81,3.778,64.211,64.094,96.495,20,20,72,multiprocess_sample_only,,
yjit-off/puma-response-string-1kb/puma-1w-3t/repeat-1,yjit-off,false,puma-response-string-1kb,puma-response-time-wrk,puma/benchmarks/local/response_time_wrk,https://github.com/puma/puma/blob/main/benchmarks/local/response_time_wrk.rb,puma-1w-3t,3,puma,1,3,18594,1000,5.001,5.0,1000,7659,2.001,2.0,5,true,18594,0,3718.042,1.272,1.83,2.218,2.79,3.351,64.34,64.34,95.85,20,20,73,multiprocess_sample_only,,
yjit-off/puma-response-io-1kb/puma-1w-3t/repeat-1,yjit-off,false,puma-response-io-1kb,puma-response-time-wrk,puma/benchmarks/local/response_time_wrk,https://github.com/puma/puma/blob/main/benchmarks/local/response_time_wrk.rb,puma-1w-3t,3,puma,1,3,17602,1000,5.001,5.0,1000,7380,2.001,2.0,5,true,17602,0,3519.79,1.347,2.141,2.548,3.252,3.827,64.805,64.805,96.855,20,20,73,multiprocess_sample_only,,
yjit-off/puma-response-array-10kb/puma-1w-3t/repeat-1,yjit-off,false,puma-response-array-10kb,puma-response-time-wrk,puma/benchmarks/local/response_time_wrk,https://github.com/puma/puma/blob/main/benchmarks/local/response_time_wrk.rb,puma-1w-3t,3,puma,1,3,18098,1000,5.001,5.0,1000,7429,2.001,2.0,5,true,18098,0,3618.67,1.307,1.902,2.326,2.947,3.823,66.215,66.215,97.295,20,20,73,multiprocess_sample_only,,
yjit-off/puma-response-chunk-10kb/puma-1w-3t/repeat-1,yjit-off,false,puma-response-chunk-10kb,puma-response-time-wrk,puma/benchmarks/local/response_time_wrk,https://github.com/puma/puma/blob/main/benchmarks/local/response_time_wrk.rb,puma-1w-3t,3,puma,1,3,15820,1000,5.001,5.0,1000,6586,2.002,2.0,5,true,15820,0,3163.279,1.494,2.24,2.722,3.523,4.945,66.316,66.316,96.61,20,20,72,multiprocess_sample_only,,
yjit-off/puma-response-string-10kb/puma-1w-3t/repeat-1,yjit-off,false,puma-response-string-10kb,puma-response-time-wrk,puma/benchmarks/local/response_time_wrk,https://github.com/puma/puma/blob/main/benchmarks/local/response_time_wrk.rb,puma-1w-3t,3,puma,1,3,18227,1000,5.001,5.0,1000,7499,2.001,2.0,5,true,18227,0,3644.566,1.293,1.915,2.334,2.915,3.544,66.387,66.387,96.165,20,20,72,multiprocess_sample_only,,
yjit-off/puma-response-io-10kb/puma-1w-3t/repeat-1,yjit-off,false,puma-response-io-10kb,puma-response-time-wrk,puma/benchmarks/local/response_time_wrk,https://github.com/puma/puma/blob/main/benchmarks/local/response_time_wrk.rb,puma-1w-3t,3,puma,1,3,17628,1000,5.001,5.0,1000,7109,2.001,2.0,5,true,17628,0,3524.935,1.34,2.155,2.622,3.234,4.822,68.395,66.699,96.78,20,20,74,multiprocess_sample_only,,
yjit-off/puma-response-array-100kb/puma-1w-3t/repeat-1,yjit-off,false,puma-response-array-100kb,puma-response-time-wrk,puma/benchmarks/local/response_time_wrk,https://github.com/puma/puma/blob/main/benchmarks/local/response_time_wrk.rb,puma-1w-3t,3,puma,1,3,14551,1000,5.001,5.0,1000,5960,2.001,2.0,5,true,14551,0,2909.504,1.631,2.288,2.821,3.493,4.203,76.645,75.973,96.935,20,20,72,multiprocess_sample_only,,
yjit-off/puma-response-chunk-100kb/puma-1w-3t/repeat-1,yjit-off,false,puma-response-chunk-100kb,puma-response-time-wrk,puma/benchmarks/local/response_time_wrk,https://github.com/puma/puma/blob/main/benchmarks/local/response_time_wrk.rb,puma-1w-3t,3,puma,1,3,7944,1000,5.003,5.0,1000,3266,2.003,2.0,5,true,7944,0,1587.935,3.072,3.813,5.583,6.175,6.775,71.766,70.766,95.665,20,20,68,multiprocess_sample_only,,
yjit-off/puma-response-string-100kb/puma-1w-3t/repeat-1,yjit-off,false,puma-response-string-100kb,puma-response-time-wrk,puma/benchmarks/local/response_time_wrk,https://github.com/puma/puma/blob/main/benchmarks/local/response_time_wrk.rb,puma-1w-3t,3,puma,1,3,14817,1000,5.001,5.0,1000,5867,2.001,2.0,5,true,14817,0,2962.644,1.602,2.229,2.869,3.516,4.03,76.809,76.016,94.775,20,20,72,multiprocess_sample_only,,
yjit-off/puma-response-io-100kb/puma-1w-3t/repeat-1,yjit-off,false,puma-response-io-100kb,puma-response-time-wrk,puma/benchmarks/local/response_time_wrk,https://github.com/puma/puma/blob/main/benchmarks/local/response_time_wrk.rb,puma-1w-3t,3,puma,1,3,14607,1000,5.041,5.0,1000,6063,2.041,2.0,5,true,14607,0,2897.664,1.253,2.015,3.515,42.416,43.225,66.957,66.957,94.495,20,20,73,multiprocess_sample_only,,
yjit-off/puma-response-array-256kb/puma-1w-3t/repeat-1,yjit-off,false,puma-response-array-256kb,puma-response-time-wrk,puma/benchmarks/local/response_time_wrk,https://github.com/puma/puma/blob/main/benchmarks/local/response_time_wrk.rb,puma-1w-3t,3,puma,1,3,10904,1000,5.002,5.0,1000,4239,2.002,2.0,5,true,10904,0,2179.858,2.052,3.355,5.159,13.561,16.653,101.059,95.75,94.135,20,20,71,multiprocess_sample_only,,
yjit-off/puma-response-chunk-256kb/puma-1w-3t/repeat-1,yjit-off,false,puma-response-chunk-256kb,puma-response-time-wrk,puma/benchmarks/local/response_time_wrk,https://github.com/puma/puma/blob/main/benchmarks/local/response_time_wrk.rb,puma-1w-3t,3,puma,1,3,4422,1000,5.006,5.0,1000,1812,2.005,2.0,5,true,4422,0,883.365,5.577,6.843,10.442,11.105,11.461,76.539,75.914,92.925,20,20,63,multiprocess_sample_only,,
yjit-off/puma-response-string-256kb/puma-1w-3t/repeat-1,yjit-off,false,puma-response-string-256kb,puma-response-time-wrk,puma/benchmarks/local/response_time_wrk,https://github.com/puma/puma/blob/main/benchmarks/local/response_time_wrk.rb,puma-1w-3t,3,puma,1,3,10818,1000,5.001,5.0,1000,4517,2.002,2.0,5,true,10818,0,2162.984,2.05,3.628,5.356,13.992,17.148,71.766,71.453,91.5,20,20,70,multiprocess_sample_only,,
yjit-off/puma-response-io-256kb/puma-1w-3t/repeat-1,yjit-off,false,puma-response-io-256kb,puma-response-time-wrk,puma/benchmarks/local/response_time_wrk,https://github.com/puma/puma/blob/main/benchmarks/local/response_time_wrk.rb,puma-1w-3t,3,puma,1,3,10727,1000,5.002,5.0,1000,4470,2.002,2.0,5,true,10727,0,2144.434,2.071,3.657,5.201,14.782,53.253,71.328,71.328,90.265,20,20,70,multiprocess_sample_only,,
yjit-off/puma-response-array-512kb/puma-1w-3t/repeat-1,yjit-off,false,puma-response-array-512kb,puma-response-time-wrk,puma/benchmarks/local/response_time_wrk,https://github.com/puma/puma/blob/main/benchmarks/local/response_time_wrk.rb,puma-1w-3t,3,puma,1,3,8044,1000,5.003,5.0,1000,3138,2.003,2.0,5,true,8044,0,1607.921,2.786,4.627,13.864,17.531,19.614,132.188,114.016,89.975,20,20,72,multiprocess_sample_only,,
yjit-off/puma-response-chunk-512kb/puma-1w-3t/repeat-1,yjit-off,false,puma-response-chunk-512kb,puma-response-time-wrk,puma/benchmarks/local/response_time_wrk,https://github.com/puma/puma/blob/main/benchmarks/local/response_time_wrk.rb,puma-1w-3t,3,puma,1,3,2415,1000,5.01,5.0,1000,1000,2.041,2.0,5,true,2415,0,482.058,10.246,12.462,18.928,19.843,20.574,79.129,78.277,89.085,20,20,55,multiprocess_sample_only,,
yjit-off/puma-response-string-512kb/puma-1w-3t/repeat-1,yjit-off,false,puma-response-string-512kb,puma-response-time-wrk,puma/benchmarks/local/response_time_wrk,https://github.com/puma/puma/blob/main/benchmarks/local/response_time_wrk.rb,puma-1w-3t,3,puma,1,3,8267,1000,5.002,5.0,1000,3372,2.002,2.0,5,true,8267,0,1652.655,2.622,4.794,14.122,17.137,19.353,73.117,73.117,87.79,20,20,68,multiprocess_sample_only,,
yjit-off/puma-response-io-512kb/puma-1w-3t/repeat-1,yjit-off,false,puma-response-io-512kb,puma-response-time-wrk,puma/benchmarks/local/response_time_wrk,https://github.com/puma/puma/blob/main/benchmarks/local/response_time_wrk.rb,puma-1w-3t,3,puma,1,3,8069,1000,5.002,5.0,1000,3226,2.002,2.0,5,true,8069,0,1613.172,2.627,4.893,14.076,17.47,223.002,73.117,73.117,86.385,20,20,68,multiprocess_sample_only,,
yjit-off/puma-response-array-1024kb/puma-1w-3t/repeat-1,yjit-off,false,puma-response-array-1024kb,puma-response-time-wrk,puma/benchmarks/local/response_time_wrk,https://github.com/puma/puma/blob/main/benchmarks/local/response_time_wrk.rb,puma-1w-3t,3,puma,1,3,5271,1000,5.004,5.0,1000,2077,2.005,2.0,5,true,5271,0,1053.341,4.37,7.255,17.167,20.982,23.346,160.531,120.453,86.185,20,20,72,multiprocess_sample_only,,
yjit-off/puma-response-chunk-1024kb/puma-1w-3t/repeat-1,yjit-off,false,puma-response-chunk-1024kb,puma-response-time-wrk,puma/benchmarks/local/response_time_wrk,https://github.com/puma/puma/blob/main/benchmarks/local/response_time_wrk.rb,puma-1w-3t,3,puma,1,3,1314,1000,5.016,5.0,1000,1000,3.756,2.0,5,true,1314,0,261.942,18.829,21.202,34.323,34.715,35.089,103.602,103.52,85.275,20,20,46,multiprocess_sample_only,,
yjit-off/puma-response-string-1024kb/puma-1w-3t/repeat-1,yjit-off,false,puma-response-string-1024kb,puma-response-time-wrk,puma/benchmarks/local/response_time_wrk,https://github.com/puma/puma/blob/main/benchmarks/local/response_time_wrk.rb,puma-1w-3t,3,puma,1,3,5550,1000,5.003,5.0,1000,2172,2.003,2.0,5,true,5550,0,1109.369,3.949,7.32,17.017,21.569,24.046,102.59,102.59,83.945,20,20,65,multiprocess_sample_only,,
yjit-off/puma-response-io-1024kb/puma-1w-3t/repeat-1,yjit-off,false,puma-response-io-1024kb,puma-response-time-wrk,puma/benchmarks/local/response_time_wrk,https://github.com/puma/puma/blob/main/benchmarks/local/response_time_wrk.rb,puma-1w-3t,3,puma,1,3,5387,1000,5.003,5.0,1000,2118,2.003,2.0,5,true,5387,0,1076.677,4.101,7.52,16.918,21.279,22.63,102.656,102.656,82.28,20,20,65,multiprocess_sample_only,,
yjit-off/puma-response-array-2048kb/puma-1w-3t/repeat-1,yjit-off,false,puma-response-array-2048kb,puma-response-time-wrk,puma/benchmarks/local/response_time_wrk,https://github.com/puma/puma/blob/main/benchmarks/local/response_time_wrk.rb,puma-1w-3t,3,puma,1,3,3138,1000,5.007,5.0,1000,1247,2.007,2.0,5,true,3138,0,626.752,7.86,12.617,14.966,17.567,20.329,171.461,126.336,82.065,20,20,73,multiprocess_sample_only,,
yjit-off/puma-response-chunk-2048kb/puma-1w-3t/repeat-1,yjit-off,false,puma-response-chunk-2048kb,puma-response-time-wrk,puma/benchmarks/local/response_time_wrk,https://github.com/puma/puma/blob/main/benchmarks/local/response_time_wrk.rb,puma-1w-3t,3,puma,1,3,1000,1000,7.059,5.0,1000,1000,7.06,2.0,5,true,1000,0,141.668,35.095,36.364,63.658,65.316,65.428,125.168,125.055,80.985,20,20,48,multiprocess_sample_only,,
yjit-off/puma-response-string-2048kb/puma-1w-3t/repeat-1,yjit-off,false,puma-response-string-2048kb,puma-response-time-wrk,puma/benchmarks/local/response_time_wrk,https://github.com/puma/puma/blob/main/benchmarks/local/response_time_wrk.rb,puma-1w-3t,3,puma,1,3,3562,1000,5.007,5.0,1000,1444,2.006,2.0,5,true,3562,0,711.349,6.686,11.522,13.194,14.509,16.373,121.52,121.52,79.765,20,20,61,multiprocess_sample_only,,
yjit-off/puma-response-io-2048kb/puma-1w-3t/repeat-1,yjit-off,false,puma-response-io-2048kb,puma-response-time-wrk,puma/benchmarks/local/response_time_wrk,https://github.com/puma/puma/blob/main/benchmarks/local/response_time_wrk.rb,puma-1w-3t,3,puma,1,3,3493,1000,5.006,5.0,1000,1451,2.005,2.0,5,true,3493,0,697.717,6.857,11.474,13.537,14.848,15.655,121.523,121.523,78.205,20,20,60,multiprocess_sample_only,,
yjit-off/puma-long-tail-fib-200ms-x6p0/puma-1w-3t/repeat-1,yjit-off,false,puma-long-tail-fib-200ms-x6p0,puma-long-tail-hey,puma/benchmarks/local/long_tail_hey + test/rackup/sleep_fibonacci,https://github.com/puma/puma/blob/main/benchmarks/local/long_tail_hey.rb,puma-1w-3t,3,puma,1,3,360,360,50.93,5.0,360,360,51.155,2.0,18,true,360,0,7.068,2546.965,2567.991,2573.792,2575.475,2575.507,137.004,137.004,83.605,20,20,744,multiprocess_sample_only,,
yjit-off/puma-long-tail-fib-200ms-x4p0/puma-1w-3t/repeat-1,yjit-off,false,puma-long-tail-fib-200ms-x4p0,puma-long-tail-hey,puma/benchmarks/local/long_tail_hey + test/rackup/sleep_fibonacci,https://github.com/puma/puma/blob/main/benchmarks/local/long_tail_hey.rb,puma-1w-3t,3,puma,1,3,240,240,33.95,5.0,240,240,34.075,2.0,12,true,240,0,7.069,1697.041,1715.616,1722.508,1723.311,1723.479,138.387,135.801,87.095,20,20,496,multiprocess_sample_only,,
yjit-off/puma-long-tail-fib-200ms-x3p0/puma-1w-3t/repeat-1,yjit-off,false,puma-long-tail-fib-200ms-x3p0,puma-long-tail-hey,puma/benchmarks/local/long_tail_hey + test/rackup/sleep_fibonacci,https://github.com/puma/puma/blob/main/benchmarks/local/long_tail_hey.rb,puma-1w-3t,3,puma,1,3,180,180,25.496,5.0,180,180,25.578,2.0,9,true,180,0,7.06,1274.939,1282.958,1288.444,1302.442,1304.937,99.68,99.68,88.805,20,20,373,multiprocess_sample_only,,
yjit-off/puma-long-tail-fib-200ms-x2p0/puma-1w-3t/repeat-1,yjit-off,false,puma-long-tail-fib-200ms-x2p0,puma-long-tail-hey,puma/benchmarks/local/long_tail_hey + test/rackup/sleep_fibonacci,https://github.com/puma/puma/blob/main/benchmarks/local/long_tail_hey.rb,puma-1w-3t,3,puma,1,3,120,120,16.991,5.0,120,120,17.064,2.0,6,true,120,0,7.063,849.266,862.969,866.77,867.406,867.483,101.43,101.43,89.75,20,20,249,multiprocess_sample_only,,
yjit-off/puma-long-tail-fib-200ms-x1p5/puma-1w-3t/repeat-1,yjit-off,false,puma-long-tail-fib-200ms-x1p5,puma-long-tail-hey,puma/benchmarks/local/long_tail_hey + test/rackup/sleep_fibonacci,https://github.com/puma/puma/blob/main/benchmarks/local/long_tail_hey.rb,puma-1w-3t,3,puma,1,3,100,100,14.169,5.0,100,100,14.199,2.0,5,true,100,0,7.058,788.771,850.51,857.152,865.079,865.96,101.434,101.434,90.365,20,20,208,multiprocess_sample_only,,
yjit-off/puma-long-tail-fib-200ms-x1p0/puma-1w-3t/repeat-1,yjit-off,false,puma-long-tail-fib-200ms-x1p0,puma-long-tail-hey,puma/benchmarks/local/long_tail_hey + test/rackup/sleep_fibonacci,https://github.com/puma/puma/blob/main/benchmarks/local/long_tail_hey.rb,puma-1w-3t,3,puma,1,3,60,60,8.486,5.0,60,60,8.506,2.0,3,true,60,0,7.07,424.364,428.499,433.393,434.923,435.093,101.434,101.434,90.74,20,20,125,multiprocess_sample_only,,
yjit-off/puma-long-tail-fib-200ms-x0p5/puma-1w-3t/repeat-1,yjit-off,false,puma-long-tail-fib-200ms-x0p5,puma-long-tail-hey,puma/benchmarks/local/long_tail_hey + test/rackup/sleep_fibonacci,https://github.com/puma/puma/blob/main/benchmarks/local/long_tail_hey.rb,puma-1w-3t,3,puma,1,3,40,40,5.661,5.0,40,40,5.668,2.0,2,true,40,0,7.065,283.071,287.481,290.948,292.15,292.284,101.434,101.434,90.955,20,20,84,multiprocess_sample_only,,
yjit-off/puma-sleep-fibonacci-1ms/puma-1w-3t/repeat-1,yjit-off,false,puma-sleep-fibonacci-1ms,puma-sleep-fibonacci-test,puma/benchmarks/local/sleep_fibonacci_test + test/rackup/sleep_fibonacci,https://github.com/puma/puma/blob/main/benchmarks/local/sleep_fibonacci_test.rb,puma-1w-3t,3,puma,1,3,3631,10,5.001,5.0,10,1431,2.001,2.0,1,true,3631,0,726.042,1.341,1.478,1.738,2.266,3.272,108.16,108.16,90.83,20,20,74,multiprocess_sample_only,,
yjit-off/puma-sleep-fibonacci-5ms/puma-1w-3t/repeat-1,yjit-off,false,puma-sleep-fibonacci-5ms,puma-sleep-fibonacci-test,puma/benchmarks/local/sleep_fibonacci_test + test/rackup/sleep_fibonacci,https://github.com/puma/puma/blob/main/benchmarks/local/sleep_fibonacci_test.rb,puma-1w-3t,3,puma,1,3,938,10,5.001,5.0,10,374,2.002,2.0,1,true,938,0,187.558,5.276,5.46,5.827,6.155,6.382,110.855,110.855,90.575,20,20,75,multiprocess_sample_only,,
yjit-off/puma-sleep-fibonacci-10ms/puma-1w-3t/repeat-1,yjit-off,false,puma-sleep-fibonacci-10ms,puma-sleep-fibonacci-test,puma/benchmarks/local/sleep_fibonacci_test + test/rackup/sleep_fibonacci,https://github.com/puma/puma/blob/main/benchmarks/local/sleep_fibonacci_test.rb,puma-1w-3t,3,puma,1,3,482,10,5.005,5.0,10,194,2.001,2.0,1,true,482,0,96.31,10.34,10.463,10.605,11.151,11.333,111.676,111.676,90.335,20,20,75,multiprocess_sample_only,,
yjit-off/puma-sleep-fibonacci-50ms/puma-1w-3t/repeat-1,yjit-off,false,puma-sleep-fibonacci-50ms,puma-sleep-fibonacci-test,puma/benchmarks/local/sleep_fibonacci_test + test/rackup/sleep_fibonacci,https://github.com/puma/puma/blob/main/benchmarks/local/sleep_fibonacci_test.rb,puma-1w-3t,3,puma,1,3,99,10,5.002,5.0,10,40,2.026,2.0,1,true,99,0,19.792,50.463,50.63,50.835,50.843,50.844,113.363,113.363,90.065,20,20,74,multiprocess_sample_only,,
yjit-off/puma-sleep-fibonacci-100ms/puma-1w-3t/repeat-1,yjit-off,false,puma-sleep-fibonacci-100ms,puma-sleep-fibonacci-test,puma/benchmarks/local/sleep_fibonacci_test + test/rackup/sleep_fibonacci,https://github.com/puma/puma/blob/main/benchmarks/local/sleep_fibonacci_test.rb,puma-1w-3t,3,puma,1,3,50,10,5.033,5.0,10,20,2.015,2.0,1,true,50,0,9.935,100.591,100.715,100.767,100.775,100.775,113.363,113.363,89.825,20,20,75,multiprocess_sample_only,,
yjit-off/puma-sleep-fibonacci-200ms/puma-1w-3t/repeat-1,yjit-off,false,puma-sleep-fibonacci-200ms,puma-sleep-fibonacci-test,puma/benchmarks/local/sleep_fibonacci_test + test/rackup/sleep_fibonacci,https://github.com/puma/puma/blob/main/benchmarks/local/sleep_fibonacci_test.rb,puma-1w-3t,3,puma,1,3,25,10,5.017,5.0,10,10,2.008,2.0,1,true,25,0,4.984,200.574,200.702,200.836,200.873,200.877,113.363,113.363,89.565,20,20,75,multiprocess_sample_only,,
yjit-off/puma-response-array-1kb/puma-1w-3t/repeat-2,yjit-off,false,puma-response-array-1kb,puma-response-time-wrk,puma/benchmarks/local/response_time_wrk,https://github.com/puma/puma/blob/main/benchmarks/local/response_time_wrk.rb,puma-1w-3t,3,puma,1,3,18622,1000,5.001,5.0,1000,7534,2.001,2.0,5,true,18622,0,3723.561,1.273,1.774,2.15,2.734,3.589,63.906,63.637,99.84,20,20,72,multiprocess_sample_only,,
yjit-off/puma-response-chunk-1kb/puma-1w-3t/repeat-2,yjit-off,false,puma-response-chunk-1kb,puma-response-time-wrk,puma/benchmarks/local/response_time_wrk,https://github.com/puma/puma/blob/main/benchmarks/local/response_time_wrk.rb,puma-1w-3t,3,puma,1,3,17950,1000,5.001,5.0,1000,7441,2.001,2.0,5,true,17950,0,3589.027,1.307,1.873,2.347,3.057,4.19,63.801,63.777,96.83,20,20,72,multiprocess_sample_only,,
yjit-off/puma-response-string-1kb/puma-1w-3t/repeat-2,yjit-off,false,puma-response-string-1kb,puma-response-time-wrk,puma/benchmarks/local/response_time_wrk,https://github.com/puma/puma/blob/main/benchmarks/local/response_time_wrk.rb,puma-1w-3t,3,puma,1,3,18818,1000,5.001,5.0,1000,7739,2.001,2.0,5,true,18818,0,3762.891,1.253,1.788,2.197,2.71,3.224,63.84,63.84,96.13,20,20,72,multiprocess_sample_only,,
yjit-off/puma-response-io-1kb/puma-1w-3t/repeat-2,yjit-off,false,puma-response-io-1kb,puma-response-time-wrk,puma/benchmarks/local/response_time_wrk,https://github.com/puma/puma/blob/main/benchmarks/local/response_time_wrk.rb,puma-1w-3t,3,puma,1,3,18144,1000,5.001,5.0,1000,7480,2.001,2.0,5,true,18144,0,3628.17,1.306,2.003,2.467,3.032,3.687,64.238,64.238,97.26,20,20,73,multiprocess_sample_only,,
yjit-off/puma-response-array-10kb/puma-1w-3t/repeat-2,yjit-off,false,puma-response-array-10kb,puma-response-time-wrk,puma/benchmarks/local/response_time_wrk,https://github.com/puma/puma/blob/main/benchmarks/local/response_time_wrk.rb,puma-1w-3t,3,puma,1,3,18414,1000,5.002,5.0,1000,7530,2.001,2.0,5,true,18414,0,3681.545,1.279,1.844,2.249,2.981,3.86,65.992,65.941,97.565,20,20,73,multiprocess_sample_only,,
yjit-off/puma-response-chunk-10kb/puma-1w-3t/repeat-2,yjit-off,false,puma-response-chunk-10kb,puma-response-time-wrk,puma/benchmarks/local/response_time_wrk,https://github.com/puma/puma/blob/main/benchmarks/local/response_time_wrk.rb,puma-1w-3t,3,puma,1,3,16207,1000,5.001,5.0,1000,6616,2.001,2.0,5,true,16207,0,3240.706,1.487,2.034,2.49,2.937,3.511,66.039,66.02,96.865,20,20,72,multiprocess_sample_only,,
yjit-off/puma-response-string-10kb/puma-1w-3t/repeat-2,yjit-off,false,puma-response-string-10kb,puma-response-time-wrk,puma/benchmarks/local/response_time_wrk,https://github.com/puma/puma/blob/main/benchmarks/local/response_time_wrk.rb,puma-1w-3t,3,puma,1,3,18352,1000,5.001,5.0,1000,7571,2.001,2.0,5,true,18352,0,3669.662,1.282,1.868,2.282,2.894,3.632,66.125,66.125,96.505,20,20,72,multiprocess_sample_only,,
yjit-off/puma-response-io-10kb/puma-1w-3t/repeat-2,yjit-off,false,puma-response-io-10kb,puma-response-time-wrk,puma/benchmarks/local/response_time_wrk,https://github.com/puma/puma/blob/main/benchmarks/local/response_time_wrk.rb,puma-1w-3t,3,puma,1,3,17739,1000,5.001,5.0,1000,7299,2.001,2.0,5,true,17739,0,3547.075,1.336,2.078,2.508,3.24,4.557,68.004,67.215,97.08,20,20,73,multiprocess_sample_only,,
yjit-off/puma-response-array-100kb/puma-1w-3t/repeat-2,yjit-off,false,puma-response-array-100kb,puma-response-time-wrk,puma/benchmarks/local/response_time_wrk,https://github.com/puma/puma/blob/main/benchmarks/local/response_time_wrk.rb,puma-1w-3t,3,puma,1,3,14408,1000,5.001,5.0,1000,5739,2.001,2.0,5,true,14408,0,2880.807,1.646,2.306,2.926,3.568,4.269,77.168,76.102,97.32,20,20,72,multiprocess_sample_only,,
yjit-off/puma-response-chunk-100kb/puma-1w-3t/repeat-2,yjit-off,false,puma-response-chunk-100kb,puma-response-time-wrk,puma/benchmarks/local/response_time_wrk,https://github.com/puma/puma/blob/main/benchmarks/local/response_time_wrk.rb,puma-1w-3t,3,puma,1,3,7697,1000,5.002,5.0,1000,3201,2.003,2.0,5,true,7697,0,1538.645,3.17,3.981,5.788,6.609,7.002,71.59,71.148,95.915,20,20,68,multiprocess_sample_only,,
yjit-off/puma-response-string-100kb/puma-1w-3t/repeat-2,yjit-off,false,puma-response-string-100kb,puma-response-time-wrk,puma/benchmarks/local/response_time_wrk,https://github.com/puma/puma/blob/main/benchmarks/local/response_time_wrk.rb,puma-1w-3t,3,puma,1,3,14413,1000,5.002,5.0,1000,5960,2.001,2.0,5,true,14413,0,2881.541,1.634,2.323,2.988,3.601,4.293,76.742,76.742,95.0,20,20,72,multiprocess_sample_only,,
yjit-off/puma-response-io-100kb/puma-1w-3t/repeat-2,yjit-off,false,puma-response-io-100kb,puma-response-time-wrk,puma/benchmarks/local/response_time_wrk,https://github.com/puma/puma/blob/main/benchmarks/local/response_time_wrk.rb,puma-1w-3t,3,puma,1,3,14578,1000,5.031,5.0,1000,5859,2.001,2.0,5,true,14578,0,2897.543,1.388,2.121,3.019,42.25,43.923,66.77,66.52,94.805,20,20,73,multiprocess_sample_only,,
yjit-off/puma-response-array-256kb/puma-1w-3t/repeat-2,yjit-off,false,puma-response-array-256kb,puma-response-time-wrk,puma/benchmarks/local/response_time_wrk,https://github.com/puma/puma/blob/main/benchmarks/local/response_time_wrk.rb,puma-1w-3t,3,puma,1,3,10580,1000,5.002,5.0,1000,4393,2.001,2.0,5,true,10580,0,2115.328,2.108,3.455,5.423,14.791,18.748,95.246,92.07,94.565,20,20,71,multiprocess_sample_only,,
yjit-off/puma-response-chunk-256kb/puma-1w-3t/repeat-2,yjit-off,false,puma-response-chunk-256kb,puma-response-time-wrk,puma/benchmarks/local/response_time_wrk,https://github.com/puma/puma/blob/main/benchmarks/local/response_time_wrk.rb,puma-1w-3t,3,puma,1,3,4379,1000,5.005,5.0,1000,1759,2.005,2.0,5,true,4379,0,874.917,5.604,8.565,10.611,11.333,11.561,75.766,75.387,93.26,20,20,63,multiprocess_sample_only,,
yjit-off/puma-response-string-256kb/puma-1w-3t/repeat-2,yjit-off,false,puma-response-string-256kb,puma-response-time-wrk,puma/benchmarks/local/response_time_wrk,https://github.com/puma/puma/blob/main/benchmarks/local/response_time_wrk.rb,puma-1w-3t,3,puma,1,3,10859,1000,5.002,5.0,1000,4519,2.002,2.0,5,true,10859,0,2171.079,2.032,3.595,5.868,14.454,16.071,68.832,68.832,91.8,20,20,69,multiprocess_sample_only,,
yjit-off/puma-response-io-256kb/puma-1w-3t/repeat-2,yjit-off,false,puma-response-io-256kb,puma-response-time-wrk,puma/benchmarks/local/response_time_wrk,https://github.com/puma/puma/blob/main/benchmarks/local/response_time_wrk.rb,puma-1w-3t,3,puma,1,3,10692,1000,5.002,5.0,1000,4380,2.002,2.0,5,true,10692,0,2137.741,2.065,3.634,5.636,15.835,45.16,69.02,68.707,90.495,20,20,70,multiprocess_sample_only,,
yjit-off/puma-response-array-512kb/puma-1w-3t/repeat-2,yjit-off,false,puma-response-array-512kb,puma-response-time-wrk,puma/benchmarks/local/response_time_wrk,https://github.com/puma/puma/blob/main/benchmarks/local/response_time_wrk.rb,puma-1w-3t,3,puma,1,3,8291,1000,5.002,5.0,1000,3285,2.002,2.0,5,true,8291,0,1657.455,2.668,4.478,8.074,17.846,20.031,144.941,131.207,90.17,20,20,71,multiprocess_sample_only,,
yjit-off/puma-response-chunk-512kb/puma-1w-3t/repeat-2,yjit-off,false,puma-response-chunk-512kb,puma-response-time-wrk,puma/benchmarks/local/response_time_wrk,https://github.com/puma/puma/blob/main/benchmarks/local/response_time_wrk.rb,puma-1w-3t,3,puma,1,3,2493,1000,5.009,5.0,1000,1001,2.034,2.0,5,true,2493,0,497.686,9.963,11.544,18.402,19.257,19.75,109.129,108.152,89.235,20,20,56,multiprocess_sample_only,,
yjit-off/puma-response-string-512kb/puma-1w-3t/repeat-2,yjit-off,false,puma-response-string-512kb,puma-response-time-wrk,puma/benchmarks/local/response_time_wrk,https://github.com/puma/puma/blob/main/benchmarks/local/response_time_wrk.rb,puma-1w-3t,3,puma,1,3,8416,1000,5.002,5.0,1000,3508,2.002,2.0,5,true,8416,0,1682.619,2.554,4.758,14.314,17.944,22.756,75.555,75.555,87.88,20,20,68,multiprocess_sample_only,,
yjit-off/puma-response-io-512kb/puma-1w-3t/repeat-2,yjit-off,false,puma-response-io-512kb,puma-response-time-wrk,puma/benchmarks/local/response_time_wrk,https://github.com/puma/puma/blob/main/benchmarks/local/response_time_wrk.rb,puma-1w-3t,3,puma,1,3,8433,1000,5.002,5.0,1000,3324,2.002,2.0,5,true,8433,0,1685.92,2.551,4.764,14.48,17.943,212.773,75.555,75.555,86.45,20,20,68,multiprocess_sample_only,,
yjit-off/puma-response-array-1024kb/puma-1w-3t/repeat-2,yjit-off,false,puma-response-array-1024kb,puma-response-time-wrk,puma/benchmarks/local/response_time_wrk,https://github.com/puma/puma/blob/main/benchmarks/local/response_time_wrk.rb,puma-1w-3t,3,puma,1,3,5343,1000,5.004,5.0,1000,2131,2.005,2.0,5,true,5343,0,1067.842,4.34,7.305,17.327,21.191,24.635,171.941,147.059,86.25,20,20,72,multiprocess_sample_only,,
yjit-off/puma-response-chunk-1024kb/puma-1w-3t/repeat-2,yjit-off,false,puma-response-chunk-1024kb,puma-response-time-wrk,puma/benchmarks/local/response_time_wrk,https://github.com/puma/puma/blob/main/benchmarks/local/response_time_wrk.rb,puma-1w-3t,3,puma,1,3,1361,1000,5.018,5.0,1000,1000,3.61,2.0,5,true,1361,0,271.204,18.167,28.978,33.223,34.158,34.232,113.344,112.059,85.375,20,20,46,multiprocess_sample_only,,
yjit-off/puma-response-string-1024kb/puma-1w-3t/repeat-2,yjit-off,false,puma-response-string-1024kb,puma-response-time-wrk,puma/benchmarks/local/response_time_wrk,https://github.com/puma/puma/blob/main/benchmarks/local/response_time_wrk.rb,puma-1w-3t,3,puma,1,3,5658,1000,5.004,5.0,1000,2296,2.004,2.0,5,true,5658,0,1130.605,3.882,7.071,17.534,23.029,24.788,113.176,113.176,84.0,20,20,66,multiprocess_sample_only,,
yjit-off/puma-response-io-1024kb/puma-1w-3t/repeat-2,yjit-off,false,puma-response-io-1024kb,puma-response-time-wrk,puma/benchmarks/local/response_time_wrk,https://github.com/puma/puma/blob/main/benchmarks/local/response_time_wrk.rb,puma-1w-3t,3,puma,1,3,5445,1000,5.004,5.0,1000,2263,2.003,2.0,5,true,5445,0,1088.139,4.064,7.384,17.805,22.626,24.733,113.238,113.238,82.305,20,20,65,multiprocess_sample_only,,
yjit-off/puma-response-array-2048kb/puma-1w-3t/repeat-2,yjit-off,false,puma-response-array-2048kb,puma-response-time-wrk,puma/benchmarks/local/response_time_wrk,https://github.com/puma/puma/blob/main/benchmarks/local/response_time_wrk.rb,puma-1w-3t,3,puma,1,3,3327,1000,5.006,5.0,1000,1334,2.007,2.0,5,true,3327,0,664.605,7.459,11.707,13.438,16.079,17.879,172.734,150.77,82.145,20,20,73,multiprocess_sample_only,,
yjit-off/puma-response-chunk-2048kb/puma-1w-3t/repeat-2,yjit-off,false,puma-response-chunk-2048kb,puma-response-time-wrk,puma/benchmarks/local/response_time_wrk,https://github.com/puma/puma/blob/main/benchmarks/local/response_time_wrk.rb,puma-1w-3t,3,puma,1,3,1000,1000,7.1,5.0,1000,1000,7.005,2.0,5,true,1000,0,140.853,35.186,55.155,63.318,70.451,71.434,144.051,140.777,80.97,20,20,50,multiprocess_sample_only,,
yjit-off/puma-response-string-2048kb/puma-1w-3t/repeat-2,yjit-off,false,puma-response-string-2048kb,puma-response-time-wrk,puma/benchmarks/local/response_time_wrk,https://github.com/puma/puma/blob/main/benchmarks/local/response_time_wrk.rb,puma-1w-3t,3,puma,1,3,3490,1000,5.006,5.0,1000,1442,2.007,2.0,5,true,3490,0,697.231,6.685,12.152,13.587,22.756,30.894,143.465,143.465,79.75,20,20,61,multiprocess_sample_only,,
yjit-off/puma-response-io-2048kb/puma-1w-3t/repeat-2,yjit-off,false,puma-response-io-2048kb,puma-response-time-wrk,puma/benchmarks/local/response_time_wrk,https://github.com/puma/puma/blob/main/benchmarks/local/response_time_wrk.rb,puma-1w-3t,3,puma,1,3,3591,1000,5.006,5.0,1000,1468,2.006,2.0,5,true,3591,0,717.404,6.666,11.523,13.058,21.735,23.268,143.469,143.469,78.17,20,20,61,multiprocess_sample_only,,
yjit-off/puma-long-tail-fib-200ms-x6p0/puma-1w-3t/repeat-2,yjit-off,false,puma-long-tail-fib-200ms-x6p0,puma-long-tail-hey,puma/benchmarks/local/long_tail_hey + test/rackup/sleep_fibonacci,https://github.com/puma/puma/blob/main/benchmarks/local/long_tail_hey.rb,puma-1w-3t,3,puma,1,3,360,360,50.918,5.0,360,360,51.051,2.0,18,true,360,0,7.07,2545.28,2559.06,2567.319,2570.027,2571.031,161.027,161.027,83.555,20,20,745,multiprocess_sample_only,,
yjit-off/puma-long-tail-fib-200ms-x4p0/puma-1w-3t/repeat-2,yjit-off,false,puma-long-tail-fib-200ms-x4p0,puma-long-tail-hey,puma/benchmarks/local/long_tail_hey + test/rackup/sleep_fibonacci,https://github.com/puma/puma/blob/main/benchmarks/local/long_tail_hey.rb,puma-1w-3t,3,puma,1,3,240,240,33.967,5.0,240,240,34.065,2.0,12,true,240,0,7.066,1697.945,1712.519,1720.922,1724.03,1724.398,166.441,166.441,87.055,20,20,497,multiprocess_sample_only,,
yjit-off/puma-long-tail-fib-200ms-x3p0/puma-1w-3t/repeat-2,yjit-off,false,puma-long-tail-fib-200ms-x3p0,puma-long-tail-hey,puma/benchmarks/local/long_tail_hey + test/rackup/sleep_fibonacci,https://github.com/puma/puma/blob/main/benchmarks/local/long_tail_hey.rb,puma-1w-3t,3,puma,1,3,180,180,25.453,5.0,180,180,25.555,2.0,9,true,180,0,7.072,1272.139,1282.096,1290.359,1291.627,1291.64,102.254,102.254,88.77,20,20,373,multiprocess_sample_only,,
yjit-off/puma-long-tail-fib-200ms-x2p0/puma-1w-3t/repeat-2,yjit-off,false,puma-long-tail-fib-200ms-x2p0,puma-long-tail-hey,puma/benchmarks/local/long_tail_hey + test/rackup/sleep_fibonacci,https://github.com/puma/puma/blob/main/benchmarks/local/long_tail_hey.rb,puma-1w-3t,3,puma,1,3,120,120,16.988,5.0,120,120,17.0,2.0,6,true,120,0,7.064,849.085,862.544,863.828,864.163,864.193,103.328,103.328,89.695,20,20,249,multiprocess_sample_only,,
yjit-off/puma-long-tail-fib-200ms-x1p5/puma-1w-3t/repeat-2,yjit-off,false,puma-long-tail-fib-200ms-x1p5,puma-long-tail-hey,puma/benchmarks/local/long_tail_hey + test/rackup/sleep_fibonacci,https://github.com/puma/puma/blob/main/benchmarks/local/long_tail_hey.rb,puma-1w-3t,3,puma,1,3,100,100,14.151,5.0,100,100,14.171,2.0,5,true,100,0,7.067,815.906,849.379,850.434,850.593,850.61,103.332,103.332,90.33,20,20,208,multiprocess_sample_only,,
yjit-off/puma-long-tail-fib-200ms-x1p0/puma-1w-3t/repeat-2,yjit-off,false,puma-long-tail-fib-200ms-x1p0,puma-long-tail-hey,puma/benchmarks/local/long_tail_hey + test/rackup/sleep_fibonacci,https://github.com/puma/puma/blob/main/benchmarks/local/long_tail_hey.rb,puma-1w-3t,3,puma,1,3,60,60,8.487,5.0,60,60,8.53,2.0,3,true,60,0,7.07,424.301,428.374,436.278,439.439,439.79,103.332,103.332,90.695,20,20,125,multiprocess_sample_only,,
yjit-off/puma-long-tail-fib-200ms-x0p5/puma-1w-3t/repeat-2,yjit-off,false,puma-long-tail-fib-200ms-x0p5,puma-long-tail-hey,puma/benchmarks/local/long_tail_hey + test/rackup/sleep_fibonacci,https://github.com/puma/puma/blob/main/benchmarks/local/long_tail_hey.rb,puma-1w-3t,3,puma,1,3,40,40,5.658,5.0,40,40,5.662,2.0,2,true,40,0,7.069,282.73,284.944,288.239,289.833,290.011,103.332,103.332,90.925,20,20,84,multiprocess_sample_only,,
yjit-off/puma-sleep-fibonacci-1ms/puma-1w-3t/repeat-2,yjit-off,false,puma-sleep-fibonacci-1ms,puma-sleep-fibonacci-test,puma/benchmarks/local/sleep_fibonacci_test + test/rackup/sleep_fibonacci,https://github.com/puma/puma/blob/main/benchmarks/local/sleep_fibonacci_test.rb,puma-1w-3t,3,puma,1,3,3586,10,5.0,5.0,10,1469,2.0,2.0,1,true,3586,0,717.146,1.354,1.467,1.72,2.238,2.299,108.352,108.352,90.8,20,20,74,multiprocess_sample_only,,
yjit-off/puma-sleep-fibonacci-5ms/puma-1w-3t/repeat-2,yjit-off,false,puma-sleep-fibonacci-5ms,puma-sleep-fibonacci-test,puma/benchmarks/local/sleep_fibonacci_test + test/rackup/sleep_fibonacci,https://github.com/puma/puma/blob/main/benchmarks/local/sleep_fibonacci_test.rb,puma-1w-3t,3,puma,1,3,938,10,5.005,5.0,10,377,2.005,2.0,1,true,938,0,187.422,5.282,5.472,5.804,6.109,6.255,110.289,110.289,90.55,20,20,75,multiprocess_sample_only,,
yjit-off/puma-sleep-fibonacci-10ms/puma-1w-3t/repeat-2,yjit-off,false,puma-sleep-fibonacci-10ms,puma-sleep-fibonacci-test,puma/benchmarks/local/sleep_fibonacci_test + test/rackup/sleep_fibonacci,https://github.com/puma/puma/blob/main/benchmarks/local/sleep_fibonacci_test.rb,puma-1w-3t,3,puma,1,3,483,10,5.007,5.0,10,193,2.004,2.0,1,true,483,0,96.47,10.321,10.428,10.556,11.213,11.652,112.43,112.43,90.29,20,20,74,multiprocess_sample_only,,
yjit-off/puma-sleep-fibonacci-50ms/puma-1w-3t/repeat-2,yjit-off,false,puma-sleep-fibonacci-50ms,puma-sleep-fibonacci-test,puma/benchmarks/local/sleep_fibonacci_test + test/rackup/sleep_fibonacci,https://github.com/puma/puma/blob/main/benchmarks/local/sleep_fibonacci_test.rb,puma-1w-3t,3,puma,1,3,99,10,5.007,5.0,10,40,2.026,2.0,1,true,99,0,19.772,50.498,50.776,50.904,50.97,50.978,112.742,112.742,90.045,20,20,74,multiprocess_sample_only,,
yjit-off/puma-sleep-fibonacci-100ms/puma-1w-3t/repeat-2,yjit-off,false,puma-sleep-fibonacci-100ms,puma-sleep-fibonacci-test,puma/benchmarks/local/sleep_fibonacci_test + test/rackup/sleep_fibonacci,https://github.com/puma/puma/blob/main/benchmarks/local/sleep_fibonacci_test.rb,puma-1w-3t,3,puma,1,3,50,10,5.028,5.0,10,20,2.015,2.0,1,true,50,0,9.944,100.485,100.621,100.702,100.742,100.746,112.742,112.742,89.795,20,20,75,multiprocess_sample_only,,
yjit-off/puma-sleep-fibonacci-200ms/puma-1w-3t/repeat-2,yjit-off,false,puma-sleep-fibonacci-200ms,puma-sleep-fibonacci-test,puma/benchmarks/local/sleep_fibonacci_test + test/rackup/sleep_fibonacci,https://github.com/puma/puma/blob/main/benchmarks/local/sleep_fibonacci_test.rb,puma-1w-3t,3,puma,1,3,25,10,5.017,5.0,10,10,2.008,2.0,1,true,25,0,4.983,200.556,200.692,201.147,201.276,201.29,112.742,112.742,89.54,20,20,75,multiprocess_sample_only,,
yjit-off/puma-response-array-1kb/puma-1w-3t/repeat-3,yjit-off,false,puma-response-array-1kb,puma-response-time-wrk,puma/benchmarks/local/response_time_wrk,https://github.com/puma/puma/blob/main/benchmarks/local/response_time_wrk.rb,puma-1w-3t,3,puma,1,3,18597,1000,5.001,5.0,1000,7560,2.001,2.0,5,true,18597,0,3718.744,1.274,1.799,2.193,2.768,3.31,63.66,63.105,99.145,20,20,72,multiprocess_sample_only,,
yjit-off/puma-response-chunk-1kb/puma-1w-3t/repeat-3,yjit-off,false,puma-response-chunk-1kb,puma-response-time-wrk,puma/benchmarks/local/response_time_wrk,https://github.com/puma/puma/blob/main/benchmarks/local/response_time_wrk.rb,puma-1w-3t,3,puma,1,3,18061,1000,5.001,5.0,1000,7469,2.001,2.0,5,true,18061,0,3611.637,1.309,1.857,2.283,2.884,3.361,64.199,63.215,96.07,20,20,72,multiprocess_sample_only,,
yjit-off/puma-response-string-1kb/puma-1w-3t/repeat-3,yjit-off,false,puma-response-string-1kb,puma-response-time-wrk,puma/benchmarks/local/response_time_wrk,https://github.com/puma/puma/blob/main/benchmarks/local/response_time_wrk.rb,puma-1w-3t,3,puma,1,3,17937,1000,5.001,5.0,1000,7568,2.001,2.0,5,true,17937,0,3586.493,1.308,1.892,2.384,3.149,3.896,63.621,63.324,95.44,20,20,72,multiprocess_sample_only,,
yjit-off/puma-response-io-1kb/puma-1w-3t/repeat-3,yjit-off,false,puma-response-io-1kb,puma-response-time-wrk,puma/benchmarks/local/response_time_wrk,https://github.com/puma/puma/blob/main/benchmarks/local/response_time_wrk.rb,puma-1w-3t,3,puma,1,3,17585,1000,5.001,5.0,1000,7230,2.001,2.0,5,true,17585,0,3516.013,1.341,2.133,2.62,3.155,3.879,63.82,63.82,96.55,20,20,73,multiprocess_sample_only,,
yjit-off/puma-response-array-10kb/puma-1w-3t/repeat-3,yjit-off,false,puma-response-array-10kb,puma-response-time-wrk,puma/benchmarks/local/response_time_wrk,https://github.com/puma/puma/blob/main/benchmarks/local/response_time_wrk.rb,puma-1w-3t,3,puma,1,3,17832,1000,5.001,5.0,1000,7307,2.001,2.0,5,true,17832,0,3565.714,1.319,1.896,2.38,3.002,3.703,65.828,65.598,96.9,20,20,72,multiprocess_sample_only,,
yjit-off/puma-response-chunk-10kb/puma-1w-3t/repeat-3,yjit-off,false,puma-response-chunk-10kb,puma-response-time-wrk,puma/benchmarks/local/response_time_wrk,https://github.com/puma/puma/blob/main/benchmarks/local/response_time_wrk.rb,puma-1w-3t,3,puma,1,3,16011,1000,5.001,5.0,1000,6480,2.001,2.0,5,true,16011,0,3201.537,1.485,2.143,2.638,3.189,3.869,65.152,65.152,96.375,20,20,72,multiprocess_sample_only,,
yjit-off/puma-response-string-10kb/puma-1w-3t/repeat-3,yjit-off,false,puma-response-string-10kb,puma-response-time-wrk,puma/benchmarks/local/response_time_wrk,https://github.com/puma/puma/blob/main/benchmarks/local/response_time_wrk.rb,puma-1w-3t,3,puma,1,3,18402,1000,5.002,5.0,1000,7481,2.001,2.0,5,true,18402,0,3679.164,1.278,1.839,2.338,3.094,5.313,65.816,65.637,95.935,20,20,72,multiprocess_sample_only,,
yjit-off/puma-response-io-10kb/puma-1w-3t/repeat-3,yjit-off,false,puma-response-io-10kb,puma-response-time-wrk,puma/benchmarks/local/response_time_wrk,https://github.com/puma/puma/blob/main/benchmarks/local/response_time_wrk.rb,puma-1w-3t,3,puma,1,3,17972,1000,5.001,5.0,1000,7282,2.001,2.0,5,true,17972,0,3593.397,1.314,2.033,2.499,3.087,4.385,68.23,67.902,96.565,20,20,74,multiprocess_sample_only,,
yjit-off/puma-response-array-100kb/puma-1w-3t/repeat-3,yjit-off,false,puma-response-array-100kb,puma-response-time-wrk,puma/benchmarks/local/response_time_wrk,https://github.com/puma/puma/blob/main/benchmarks/local/response_time_wrk.rb,puma-1w-3t,3,puma,1,3,13716,1000,5.001,5.0,1000,5748,2.001,2.0,5,true,13716,0,2742.492,1.728,2.443,3.077,3.635,4.303,78.109,77.34,96.67,20,20,72,multiprocess_sample_only,,
yjit-off/puma-response-chunk-100kb/puma-1w-3t/repeat-3,yjit-off,false,puma-response-chunk-100kb,puma-response-time-wrk,puma/benchmarks/local/response_time_wrk,https://github.com/puma/puma/blob/main/benchmarks/local/response_time_wrk.rb,puma-1w-3t,3,puma,1,3,7645,1000,5.003,5.0,1000,3145,2.003,2.0,5,true,7645,0,1528.081,3.183,4.072,5.831,6.736,7.161,70.473,70.07,95.28,20,20,68,multiprocess_sample_only,,
yjit-off/puma-response-string-100kb/puma-1w-3t/repeat-3,yjit-off,false,puma-response-string-100kb,puma-response-time-wrk,puma/benchmarks/local/response_time_wrk,https://github.com/puma/puma/blob/main/benchmarks/local/response_time_wrk.rb,puma-1w-3t,3,puma,1,3,14256,1000,5.001,5.0,1000,5834,2.002,2.0,5,true,14256,0,2850.431,1.662,2.327,3.048,3.615,4.242,76.98,76.676,94.275,20,20,71,multiprocess_sample_only,,
yjit-off/puma-response-io-100kb/puma-1w-3t/repeat-3,yjit-off,false,puma-response-io-100kb,puma-response-time-wrk,puma/benchmarks/local/response_time_wrk,https://github.com/puma/puma/blob/main/benchmarks/local/response_time_wrk.rb,puma-1w-3t,3,puma,1,3,14398,1000,5.021,5.0,1000,5860,2.001,2.0,5,true,14398,0,2867.653,1.313,2.116,3.182,42.409,43.654,68.914,68.664,94.095,20,20,73,multiprocess_sample_only,,
yjit-off/puma-response-array-256kb/puma-1w-3t/repeat-3,yjit-off,false,puma-response-array-256kb,puma-response-time-wrk,puma/benchmarks/local/response_time_wrk,https://github.com/puma/puma/blob/main/benchmarks/local/response_time_wrk.rb,puma-1w-3t,3,puma,1,3,10498,1000,5.002,5.0,1000,4182,2.002,2.0,5,true,10498,0,2098.804,2.108,3.532,5.862,16.562,18.548,99.277,95.254,93.72,20,20,70,multiprocess_sample_only,,
yjit-off/puma-response-chunk-256kb/puma-1w-3t/repeat-3,yjit-off,false,puma-response-chunk-256kb,puma-response-time-wrk,puma/benchmarks/local/response_time_wrk,https://github.com/puma/puma/blob/main/benchmarks/local/response_time_wrk.rb,puma-1w-3t,3,puma,1,3,4322,1000,5.005,5.0,1000,1783,2.005,2.0,5,true,4322,0,863.62,5.663,7.599,10.447,11.626,13.336,74.434,72.895,92.515,20,20,63,multiprocess_sample_only,,
yjit-off/puma-response-string-256kb/puma-1w-3t/repeat-3,yjit-off,false,puma-response-string-256kb,puma-response-time-wrk,puma/benchmarks/local/response_time_wrk,https://github.com/puma/puma/blob/main/benchmarks/local/response_time_wrk.rb,puma-1w-3t,3,puma,1,3,10398,1000,5.002,5.0,1000,4423,2.002,2.0,5,true,10398,0,2078.909,2.111,3.72,6.364,17.053,21.149,74.457,74.082,91.03,20,20,69,multiprocess_sample_only,,
yjit-off/puma-response-io-256kb/puma-1w-3t/repeat-3,yjit-off,false,puma-response-io-256kb,puma-response-time-wrk,puma/benchmarks/local/response_time_wrk,https://github.com/puma/puma/blob/main/benchmarks/local/response_time_wrk.rb,puma-1w-3t,3,puma,1,3,10461,1000,5.003,5.0,1000,4199,2.001,2.0,5,true,10461,0,2091.035,2.095,3.718,5.886,16.023,43.133,74.27,73.957,89.69,20,20,69,multiprocess_sample_only,,
yjit-off/puma-response-array-512kb/puma-1w-3t/repeat-3,yjit-off,false,puma-response-array-512kb,puma-response-time-wrk,puma/benchmarks/local/response_time_wrk,https://github.com/puma/puma/blob/main/benchmarks/local/response_time_wrk.rb,puma-1w-3t,3,puma,1,3,8025,1000,5.003,5.0,1000,3079,2.003,2.0,5,true,8025,0,1604.121,2.737,4.638,16.318,19.569,22.083,125.648,114.059,89.37,20,20,71,multiprocess_sample_only,,
yjit-off/puma-response-chunk-512kb/puma-1w-3t/repeat-3,yjit-off,false,puma-response-chunk-512kb,puma-response-time-wrk,puma/benchmarks/local/response_time_wrk,https://github.com/puma/puma/blob/main/benchmarks/local/response_time_wrk.rb,puma-1w-3t,3,puma,1,3,2428,1000,5.009,5.0,1000,1002,2.05,2.0,5,true,2428,0,484.692,10.214,14.416,18.887,19.832,19.969,79.32,75.391,88.515,20,20,56,multiprocess_sample_only,,
yjit-off/puma-response-string-512kb/puma-1w-3t/repeat-3,yjit-off,false,puma-response-string-512kb,puma-response-time-wrk,puma/benchmarks/local/response_time_wrk,https://github.com/puma/puma/blob/main/benchmarks/local/response_time_wrk.rb,puma-1w-3t,3,puma,1,3,8017,1000,5.002,5.0,1000,3393,2.002,2.0,5,true,8017,0,1602.675,2.66,4.982,15.683,19.866,21.425,73.734,73.359,87.115,20,20,68,multiprocess_sample_only,,
yjit-off/puma-response-io-512kb/puma-1w-3t/repeat-3,yjit-off,false,puma-response-io-512kb,puma-response-time-wrk,puma/benchmarks/local/response_time_wrk,https://github.com/puma/puma/blob/main/benchmarks/local/response_time_wrk.rb,puma-1w-3t,3,puma,1,3,8200,1000,5.003,5.0,1000,3264,2.008,2.0,5,true,8200,0,1638.924,2.595,4.805,15.717,19.644,214.206,73.609,73.609,85.61,20,20,68,multiprocess_sample_only,,
yjit-off/puma-response-array-1024kb/puma-1w-3t/repeat-3,yjit-off,false,puma-response-array-1024kb,puma-response-time-wrk,puma/benchmarks/local/response_time_wrk,https://github.com/puma/puma/blob/main/benchmarks/local/response_time_wrk.rb,puma-1w-3t,3,puma,1,3,5127,1000,5.005,5.0,1000,2041,2.004,2.0,5,true,5127,0,1024.417,4.494,7.651,19.302,23.745,26.284,132.828,95.336,85.42,20,20,71,multiprocess_sample_only,,
yjit-off/puma-response-chunk-1024kb/puma-1w-3t/repeat-3,yjit-off,false,puma-response-chunk-1024kb,puma-response-time-wrk,puma/benchmarks/local/response_time_wrk,https://github.com/puma/puma/blob/main/benchmarks/local/response_time_wrk.rb,puma-1w-3t,3,puma,1,3,1337,1000,5.017,5.0,1000,1000,3.715,2.0,5,true,1337,0,266.469,18.524,27.401,33.962,34.769,35.463,81.66,79.648,84.55,20,20,46,multiprocess_sample_only,,
yjit-off/puma-response-string-1024kb/puma-1w-3t/repeat-3,yjit-off,false,puma-response-string-1024kb,puma-response-time-wrk,puma/benchmarks/local/response_time_wrk,https://github.com/puma/puma/blob/main/benchmarks/local/response_time_wrk.rb,puma-1w-3t,3,puma,1,3,5504,1000,5.004,5.0,1000,2239,2.005,2.0,5,true,5504,0,1099.997,3.902,7.333,19.296,24.174,26.616,77.727,77.727,83.235,20,20,64,multiprocess_sample_only,,
yjit-off/puma-response-io-1024kb/puma-1w-3t/repeat-3,yjit-off,false,puma-response-io-1024kb,puma-response-time-wrk,puma/benchmarks/local/response_time_wrk,https://github.com/puma/puma/blob/main/benchmarks/local/response_time_wrk.rb,puma-1w-3t,3,puma,1,3,5370,1000,5.009,5.0,1000,2151,2.004,2.0,5,true,5370,0,1072.032,4.016,7.51,19.108,23.229,220.247,77.855,77.855,81.565,20,20,64,multiprocess_sample_only,,
yjit-off/puma-response-array-2048kb/puma-1w-3t/repeat-3,yjit-off,false,puma-response-array-2048kb,puma-response-time-wrk,puma/benchmarks/local/response_time_wrk,https://github.com/puma/puma/blob/main/benchmarks/local/response_time_wrk.rb,puma-1w-3t,3,puma,1,3,3078,1000,5.008,5.0,1000,1212,2.008,2.0,5,true,3078,0,614.635,8.052,12.9,15.08,19.991,25.141,171.645,77.426,81.435,20,20,73,multiprocess_sample_only,,
yjit-off/puma-response-chunk-2048kb/puma-1w-3t/repeat-3,yjit-off,false,puma-response-chunk-2048kb,puma-response-time-wrk,puma/benchmarks/local/response_time_wrk,https://github.com/puma/puma/blob/main/benchmarks/local/response_time_wrk.rb,puma-1w-3t,3,puma,1,3,1000,1000,7.161,5.0,1000,1000,7.108,2.0,5,true,1000,0,139.636,35.557,37.01,65.089,66.564,67.653,79.379,77.816,80.37,20,20,48,multiprocess_sample_only,,
yjit-off/puma-response-string-2048kb/puma-1w-3t/repeat-3,yjit-off,false,puma-response-string-2048kb,puma-response-time-wrk,puma/benchmarks/local/response_time_wrk,https://github.com/puma/puma/blob/main/benchmarks/local/response_time_wrk.rb,puma-1w-3t,3,puma,1,3,3483,1000,5.006,5.0,1000,1393,2.006,2.0,5,true,3483,0,695.746,6.74,12.023,13.669,25.813,30.429,78.809,78.809,79.165,20,20,60,multiprocess_sample_only,,
yjit-off/puma-response-io-2048kb/puma-1w-3t/repeat-3,yjit-off,false,puma-response-io-2048kb,puma-response-time-wrk,puma/benchmarks/local/response_time_wrk,https://github.com/puma/puma/blob/main/benchmarks/local/response_time_wrk.rb,puma-1w-3t,3,puma,1,3,3519,1000,5.007,5.0,1000,1426,2.007,2.0,5,true,3519,0,702.868,6.725,11.767,13.461,23.338,23.832,78.809,78.809,77.61,20,20,60,multiprocess_sample_only,,
yjit-off/puma-long-tail-fib-200ms-x6p0/puma-1w-3t/repeat-3,yjit-off,false,puma-long-tail-fib-200ms-x6p0,puma-long-tail-hey,puma/benchmarks/local/long_tail_hey + test/rackup/sleep_fibonacci,https://github.com/puma/puma/blob/main/benchmarks/local/long_tail_hey.rb,puma-1w-3t,3,puma,1,3,360,360,50.794,5.0,360,360,50.85,2.0,18,true,360,0,7.087,2539.276,2560.903,2563.089,2568.961,2569.413,95.641,95.641,83.145,20,20,743,multiprocess_sample_only,,
yjit-off/puma-long-tail-fib-200ms-x4p0/puma-1w-3t/repeat-3,yjit-off,false,puma-long-tail-fib-200ms-x4p0,puma-long-tail-hey,puma/benchmarks/local/long_tail_hey + test/rackup/sleep_fibonacci,https://github.com/puma/puma/blob/main/benchmarks/local/long_tail_hey.rb,puma-1w-3t,3,puma,1,3,240,240,33.851,5.0,240,240,33.878,2.0,12,true,240,0,7.09,1691.691,1706.365,1713.558,1714.979,1715.099,96.332,96.332,86.735,20,20,495,multiprocess_sample_only,,
yjit-off/puma-long-tail-fib-200ms-x3p0/puma-1w-3t/repeat-3,yjit-off,false,puma-long-tail-fib-200ms-x3p0,puma-long-tail-hey,puma/benchmarks/local/long_tail_hey + test/rackup/sleep_fibonacci,https://github.com/puma/puma/blob/main/benchmarks/local/long_tail_hey.rb,puma-1w-3t,3,puma,1,3,180,180,25.393,5.0,180,180,25.415,2.0,9,true,180,0,7.089,1268.938,1290.76,1296.735,1302.436,1302.566,96.402,96.402,88.495,20,20,372,multiprocess_sample_only,,
yjit-off/puma-long-tail-fib-200ms-x2p0/puma-1w-3t/repeat-3,yjit-off,false,puma-long-tail-fib-200ms-x2p0,puma-long-tail-hey,puma/benchmarks/local/long_tail_hey + test/rackup/sleep_fibonacci,https://github.com/puma/puma/blob/main/benchmarks/local/long_tail_hey.rb,puma-1w-3t,3,puma,1,3,120,120,16.928,5.0,120,120,16.984,2.0,6,true,120,0,7.089,846.123,852.715,862.458,871.103,871.986,96.652,96.652,89.445,20,20,248,multiprocess_sample_only,,
yjit-off/puma-long-tail-fib-200ms-x1p5/puma-1w-3t/repeat-3,yjit-off,false,puma-long-tail-fib-200ms-x1p5,puma-long-tail-hey,puma/benchmarks/local/long_tail_hey + test/rackup/sleep_fibonacci,https://github.com/puma/puma/blob/main/benchmarks/local/long_tail_hey.rb,puma-1w-3t,3,puma,1,3,100,100,14.211,5.0,100,100,14.119,2.0,5,true,100,0,7.037,794.909,848.406,855.03,855.696,855.77,96.656,96.656,90.09,20,20,209,multiprocess_sample_only,,
yjit-off/puma-long-tail-fib-200ms-x1p0/puma-1w-3t/repeat-3,yjit-off,false,puma-long-tail-fib-200ms-x1p0,puma-long-tail-hey,puma/benchmarks/local/long_tail_hey + test/rackup/sleep_fibonacci,https://github.com/puma/puma/blob/main/benchmarks/local/long_tail_hey.rb,puma-1w-3t,3,puma,1,3,60,60,8.473,5.0,60,60,8.503,2.0,3,true,60,0,7.081,423.21,433.756,440.627,441.362,441.444,96.656,96.656,90.45,20,20,125,multiprocess_sample_only,,
yjit-off/puma-long-tail-fib-200ms-x0p5/puma-1w-3t/repeat-3,yjit-off,false,puma-long-tail-fib-200ms-x0p5,puma-long-tail-hey,puma/benchmarks/local/long_tail_hey + test/rackup/sleep_fibonacci,https://github.com/puma/puma/blob/main/benchmarks/local/long_tail_hey.rb,puma-1w-3t,3,puma,1,3,40,40,5.646,5.0,40,40,5.643,2.0,2,true,40,0,7.085,281.981,285.003,293.37,293.772,293.816,96.656,96.656,90.675,20,20,84,multiprocess_sample_only,,
yjit-off/puma-sleep-fibonacci-1ms/puma-1w-3t/repeat-3,yjit-off,false,puma-sleep-fibonacci-1ms,puma-sleep-fibonacci-test,puma/benchmarks/local/sleep_fibonacci_test + test/rackup/sleep_fibonacci,https://github.com/puma/puma/blob/main/benchmarks/local/sleep_fibonacci_test.rb,puma-1w-3t,3,puma,1,3,3609,10,5.001,5.0,10,1493,2.001,2.0,1,true,3609,0,721.652,1.345,1.479,1.659,2.453,2.834,96.656,96.656,90.54,20,20,74,multiprocess_sample_only,,
yjit-off/puma-sleep-fibonacci-5ms/puma-1w-3t/repeat-3,yjit-off,false,puma-sleep-fibonacci-5ms,puma-sleep-fibonacci-test,puma/benchmarks/local/sleep_fibonacci_test + test/rackup/sleep_fibonacci,https://github.com/puma/puma/blob/main/benchmarks/local/sleep_fibonacci_test.rb,puma-1w-3t,3,puma,1,3,945,10,5.001,5.0,10,380,2.002,2.0,1,true,945,0,188.952,5.259,5.337,5.485,6.378,6.47,96.656,96.656,90.295,20,20,74,multiprocess_sample_only,,
yjit-off/puma-sleep-fibonacci-10ms/puma-1w-3t/repeat-3,yjit-off,false,puma-sleep-fibonacci-10ms,puma-sleep-fibonacci-test,puma/benchmarks/local/sleep_fibonacci_test + test/rackup/sleep_fibonacci,https://github.com/puma/puma/blob/main/benchmarks/local/sleep_fibonacci_test.rb,puma-1w-3t,3,puma,1,3,483,10,5.006,5.0,10,193,2.001,2.0,1,true,483,0,96.479,10.312,10.453,10.648,11.328,11.37,96.66,96.66,90.055,20,20,74,multiprocess_sample_only,,
yjit-off/puma-sleep-fibonacci-50ms/puma-1w-3t/repeat-3,yjit-off,false,puma-sleep-fibonacci-50ms,puma-sleep-fibonacci-test,puma/benchmarks/local/sleep_fibonacci_test + test/rackup/sleep_fibonacci,https://github.com/puma/puma/blob/main/benchmarks/local/sleep_fibonacci_test.rb,puma-1w-3t,3,puma,1,3,99,10,5.002,5.0,10,40,2.019,2.0,1,true,99,0,19.794,50.457,50.592,50.755,50.979,51.004,96.66,96.66,89.81,20,20,74,multiprocess_sample_only,,
yjit-off/puma-sleep-fibonacci-100ms/puma-1w-3t/repeat-3,yjit-off,false,puma-sleep-fibonacci-100ms,puma-sleep-fibonacci-test,puma/benchmarks/local/sleep_fibonacci_test + test/rackup/sleep_fibonacci,https://github.com/puma/puma/blob/main/benchmarks/local/sleep_fibonacci_test.rb,puma-1w-3t,3,puma,1,3,50,10,5.032,5.0,10,20,2.014,2.0,1,true,50,0,9.937,100.576,100.738,100.783,100.792,100.794,96.66,96.66,89.555,20,20,75,multiprocess_sample_only,,
yjit-off/puma-sleep-fibonacci-200ms/puma-1w-3t/repeat-3,yjit-off,false,puma-sleep-fibonacci-200ms,puma-sleep-fibonacci-test,puma/benchmarks/local/sleep_fibonacci_test + test/rackup/sleep_fibonacci,https://github.com/puma/puma/blob/main/benchmarks/local/sleep_fibonacci_test.rb,puma-1w-3t,3,puma,1,3,25,10,5.017,5.0,10,10,2.008,2.0,1,true,25,0,4.983,200.601,200.715,200.84,200.875,200.879,96.66,96.66,89.31,20,20,75,multiprocess_sample_only,,
yjit-on/puma-response-array-1kb/raptor-3r/repeat-1,yjit-on,true,puma-response-array-1kb,puma-response-time-wrk,puma/benchmarks/local/response_time_wrk,https://github.com/puma/puma/blob/main/benchmarks/local/response_time_wrk.rb,raptor-3r,3,raptor,3,,1000,1000,16.125,5.0,1000,1000,16.163,2.0,5,true,1000,0,62.015,40.977,41.98,42.45,4030.928,4032.82,28.953,28.953,3.265,20,20,237,same_worker,31,718126
yjit-on/puma-response-chunk-1kb/raptor-3r/repeat-1,yjit-on,true,puma-response-chunk-1kb,puma-response-time-wrk,puma/benchmarks/local/response_time_wrk,https://github.com/puma/puma/blob/main/benchmarks/local/response_time_wrk.rb,raptor-3r,3,raptor,3,,1000,1000,16.113,5.0,1000,1000,16.14,2.0,5,true,1000,0,62.06,40.975,41.96,42.153,4027.373,4030.021,29.301,29.301,2.615,20,20,236,same_worker,30,716245
yjit-on/puma-response-string-1kb/raptor-3r/repeat-1,yjit-on,true,puma-response-string-1kb,puma-response-time-wrk,puma/benchmarks/local/response_time_wrk,https://github.com/puma/puma/blob/main/benchmarks/local/response_time_wrk.rb,raptor-3r,3,raptor,3,,1000,1000,16.109,5.0,1000,1000,16.13,2.0,5,true,1000,0,62.077,40.978,41.897,42.389,4028.58,4028.704,29.379,29.379,2.445,20,20,236,same_worker,30,720276
yjit-on/puma-response-io-1kb/raptor-3r/repeat-1,yjit-on,true,puma-response-io-1kb,puma-response-time-wrk,puma/benchmarks/local/response_time_wrk,https://github.com/puma/puma/blob/main/benchmarks/local/response_time_wrk.rb,raptor-3r,3,raptor,3,,1000,1000,16.105,5.0,1000,1000,16.141,2.0,5,true,1000,0,62.092,40.976,41.927,42.278,4027.205,4029.417,29.563,29.563,2.4,20,20,236,same_worker,31,727253
yjit-on/puma-response-array-10kb/raptor-3r/repeat-1,yjit-on,true,puma-response-array-10kb,puma-response-time-wrk,puma/benchmarks/local/response_time_wrk,https://github.com/puma/puma/blob/main/benchmarks/local/response_time_wrk.rb,raptor-3r,3,raptor,3,,1000,1000,16.116,5.0,1000,1000,16.127,2.0,5,true,1000,0,62.052,40.977,41.934,42.303,4027.073,4068.281,29.602,29.602,2.385,20,20,236,same_worker,31,719243
yjit-on/puma-response-chunk-10kb/raptor-3r/repeat-1,yjit-on,true,puma-response-chunk-10kb,puma-response-time-wrk,puma/benchmarks/local/response_time_wrk,https://github.com/puma/puma/blob/main/benchmarks/local/response_time_wrk.rb,raptor-3r,3,raptor,3,,1000,1000,16.114,5.0,1000,1000,16.121,2.0,5,true,1000,0,62.058,40.977,41.961,42.278,4033.637,4074.167,29.617,29.617,2.305,20,20,236,same_worker,32,716249
yjit-on/puma-response-string-10kb/raptor-3r/repeat-1,yjit-on,true,puma-response-string-10kb,puma-response-time-wrk,puma/benchmarks/local/response_time_wrk,https://github.com/puma/puma/blob/main/benchmarks/local/response_time_wrk.rb,raptor-3r,3,raptor,3,,1000,1000,16.107,5.0,1000,1000,16.136,2.0,5,true,1000,0,62.085,40.974,41.957,42.464,4027.86,4030.899,29.656,29.656,2.3,20,20,236,same_worker,32,719243
yjit-on/puma-response-io-10kb/raptor-3r/repeat-1,yjit-on,true,puma-response-io-10kb,puma-response-time-wrk,puma/benchmarks/local/response_time_wrk,https://github.com/puma/puma/blob/main/benchmarks/local/response_time_wrk.rb,raptor-3r,3,raptor,3,,1000,1000,16.108,5.0,1000,1000,16.15,2.0,5,true,1000,0,62.08,40.973,41.96,42.47,4027.827,4027.829,30.227,30.227,2.3,20,20,236,same_worker,33,744195
yjit-on/puma-response-array-100kb/raptor-3r/repeat-1,yjit-on,true,puma-response-array-100kb,puma-response-time-wrk,puma/benchmarks/local/response_time_wrk,https://github.com/puma/puma/blob/main/benchmarks/local/response_time_wrk.rb,raptor-3r,3,raptor,3,,1000,1000,14.441,5.0,1000,1000,11.563,2.0,5,true,1000,0,69.249,40.961,41.949,42.224,3712.481,3833.675,30.27,30.27,2.4,20,20,212,same_worker,32,718022
yjit-on/puma-response-chunk-100kb/raptor-3r/repeat-1,yjit-on,true,puma-response-chunk-100kb,puma-response-time-wrk,puma/benchmarks/local/response_time_wrk,https://github.com/puma/puma/blob/main/benchmarks/local/response_time_wrk.rb,raptor-3r,3,raptor,3,,1000,1000,13.752,5.0,1000,1000,14.843,2.0,5,true,1000,0,72.715,40.965,41.969,42.565,3785.305,3792.666,30.27,30.27,2.5,20,20,202,same_worker,33,714554
yjit-on/puma-response-string-100kb/raptor-3r/repeat-1,yjit-on,true,puma-response-string-100kb,puma-response-time-wrk,puma/benchmarks/local/response_time_wrk,https://github.com/puma/puma/blob/main/benchmarks/local/response_time_wrk.rb,raptor-3r,3,raptor,3,,13311,1000,5.002,5.0,1000,5470,2.001,2.0,5,true,13311,0,2661.375,1.03,1.82,5.591,111.507,116.071,30.664,30.664,3.63,20,20,72,same_worker,490,9571021
yjit-on/puma-response-io-100kb/raptor-3r/repeat-1,yjit-on,true,puma-response-io-100kb,puma-response-time-wrk,puma/benchmarks/local/response_time_wrk,https://github.com/puma/puma/blob/main/benchmarks/local/response_time_wrk.rb,raptor-3r,3,raptor,3,,1000,1000,15.162,5.0,1000,1000,14.459,2.0,5,true,1000,0,65.955,40.968,41.982,42.663,3677.142,3793.47,34.82,34.82,4.27,20,20,223,same_worker,54,924360
yjit-on/puma-response-array-256kb/raptor-3r/repeat-1,yjit-on,true,puma-response-array-256kb,puma-response-time-wrk,puma/benchmarks/local/response_time_wrk,https://github.com/puma/puma/blob/main/benchmarks/local/response_time_wrk.rb,raptor-3r,3,raptor,3,,1001,1000,7.07,5.0,1000,1000,9.676,2.0,5,true,1001,0,141.591,1.476,42.143,43.484,1839.528,2295.976,34.82,34.82,4.355,20,20,105,same_worker,42,719971
yjit-on/puma-response-chunk-256kb/raptor-3r/repeat-1,yjit-on,true,puma-response-chunk-256kb,puma-response-time-wrk,puma/benchmarks/local/response_time_wrk,https://github.com/puma/puma/blob/main/benchmarks/local/response_time_wrk.rb,raptor-3r,3,raptor,3,,1001,1000,7.897,5.0,1000,1000,7.116,2.0,5,true,1001,0,126.756,40.847,42.558,44.986,2340.599,2522.139,34.82,34.82,4.53,20,20,116,same_worker,42,717678
yjit-on/puma-response-string-256kb/raptor-3r/repeat-1,yjit-on,true,puma-response-string-256kb,puma-response-time-wrk,puma/benchmarks/local/response_time_wrk,https://github.com/puma/puma/blob/main/benchmarks/local/response_time_wrk.rb,raptor-3r,3,raptor,3,,9539,1000,5.002,5.0,1000,3814,2.002,2.0,5,true,9539,0,1906.979,1.305,2.677,21.04,153.78,209.895,34.957,34.957,5.315,20,20,72,same_worker,320,6858474
yjit-on/puma-response-io-256kb/raptor-3r/repeat-1,yjit-on,true,puma-response-io-256kb,puma-response-time-wrk,puma/benchmarks/local/response_time_wrk,https://github.com/puma/puma/blob/main/benchmarks/local/response_time_wrk.rb,raptor-3r,3,raptor,3,,1000,1000,10.452,5.0,1000,1000,11.128,2.0,5,true,1000,0,95.678,41.71,42.773,43.757,2321.708,2449.754,42.215,42.215,5.84,20,20,154,same_worker,61,1236522
yjit-on/puma-response-array-512kb/raptor-3r/repeat-1,yjit-on,true,puma-response-array-512kb,puma-response-time-wrk,puma/benchmarks/local/response_time_wrk,https://github.com/puma/puma/blob/main/benchmarks/local/response_time_wrk.rb,raptor-3r,3,raptor,3,,1000,1000,12.789,5.0,1000,1000,11.555,2.0,5,true,1000,0,78.192,41.924,42.883,43.898,3481.559,3555.747,42.215,42.215,6.0,20,20,188,same_worker,33,719237
yjit-on/puma-response-chunk-512kb/raptor-3r/repeat-1,yjit-on,true,puma-response-chunk-512kb,puma-response-time-wrk,puma/benchmarks/local/response_time_wrk,https://github.com/puma/puma/blob/main/benchmarks/local/response_time_wrk.rb,raptor-3r,3,raptor,3,,1000,1000,11.819,5.0,1000,1000,12.738,2.0,5,true,1000,0,84.608,41.915,42.921,44.236,2952.202,3387.983,42.215,42.215,6.1,20,20,174,same_worker,33,716225
yjit-on/puma-response-string-512kb/raptor-3r/repeat-1,yjit-on,true,puma-response-string-512kb,puma-response-time-wrk,puma/benchmarks/local/response_time_wrk,https://github.com/puma/puma/blob/main/benchmarks/local/response_time_wrk.rb,raptor-3r,3,raptor,3,,7183,1000,5.003,5.0,1000,2927,2.003,2.0,5,true,7183,0,1435.599,1.729,3.524,23.734,204.127,220.209,42.758,42.758,6.63,20,20,70,same_worker,249,5164418
yjit-on/puma-response-io-512kb/raptor-3r/repeat-1,yjit-on,true,puma-response-io-512kb,puma-response-time-wrk,puma/benchmarks/local/response_time_wrk,https://github.com/puma/puma/blob/main/benchmarks/local/response_time_wrk.rb,raptor-3r,3,raptor,3,,1000,1000,13.651,5.0,1000,1000,14.674,2.0,5,true,1000,0,73.254,41.95,43.118,44.279,3106.654,3491.189,46.211,46.211,7.085,20,20,200,same_worker,103,1747485
yjit-on/puma-response-array-1024kb/raptor-3r/repeat-1,yjit-on,true,puma-response-array-1024kb,puma-response-time-wrk,puma/benchmarks/local/response_time_wrk,https://github.com/puma/puma/blob/main/benchmarks/local/response_time_wrk.rb,raptor-3r,3,raptor,3,,1000,1000,13.387,5.0,1000,1000,14.943,2.0,5,true,1000,0,74.699,41.956,43.761,46.642,3311.657,3625.9,46.211,46.211,7.325,20,20,196,same_worker,37,719249
yjit-on/puma-response-chunk-1024kb/raptor-3r/repeat-1,yjit-on,true,puma-response-chunk-1024kb,puma-response-time-wrk,puma/benchmarks/local/response_time_wrk,https://github.com/puma/puma/blob/main/benchmarks/local/response_time_wrk.rb,raptor-3r,3,raptor,3,,1000,1000,13.461,5.0,1000,1000,15.378,2.0,5,true,1000,0,74.288,41.976,44.074,46.521,3099.433,3507.367,46.211,46.211,7.565,20,20,197,same_worker,36,716249
yjit-on/puma-response-string-1024kb/raptor-3r/repeat-1,yjit-on,true,puma-response-string-1024kb,puma-response-time-wrk,puma/benchmarks/local/response_time_wrk,https://github.com/puma/puma/blob/main/benchmarks/local/response_time_wrk.rb,raptor-3r,3,raptor,3,,4966,1000,5.004,5.0,1000,2077,2.004,2.0,5,true,4966,0,992.32,2.547,5.337,21.781,295.713,309.741,47.695,47.695,7.975,20,20,68,same_worker,192,3571311
yjit-on/puma-response-io-1024kb/raptor-3r/repeat-1,yjit-on,true,puma-response-io-1024kb,puma-response-time-wrk,puma/benchmarks/local/response_time_wrk,https://github.com/puma/puma/blob/main/benchmarks/local/response_time_wrk.rb,raptor-3r,3,raptor,3,,1000,1000,14.94,5.0,1000,1000,15.87,2.0,5,true,1000,0,66.933,43.018,45.314,58.665,3757.289,3827.729,53.742,53.742,8.585,20,20,219,same_worker,146,2773545
yjit-on/puma-response-array-2048kb/raptor-3r/repeat-1,yjit-on,true,puma-response-array-2048kb,puma-response-time-wrk,puma/benchmarks/local/response_time_wrk,https://github.com/puma/puma/blob/main/benchmarks/local/response_time_wrk.rb,raptor-3r,3,raptor,3,,1000,1000,14.736,5.0,1000,1000,14.753,2.0,5,true,1000,0,67.861,43.084,45.946,47.858,3458.954,3634.019,53.742,53.742,9.095,20,20,216,same_worker,30,719237
yjit-on/puma-response-chunk-2048kb/raptor-3r/repeat-1,yjit-on,true,puma-response-chunk-2048kb,puma-response-time-wrk,puma/benchmarks/local/response_time_wrk,https://github.com/puma/puma/blob/main/benchmarks/local/response_time_wrk.rb,raptor-3r,3,raptor,3,,1000,1000,15.039,5.0,1000,1000,14.841,2.0,5,true,1000,0,66.494,43.937,46.554,58.958,3789.42,3791.32,53.742,53.742,9.685,20,20,220,same_worker,31,716243
yjit-on/puma-response-string-2048kb/raptor-3r/repeat-1,yjit-on,true,puma-response-string-2048kb,puma-response-time-wrk,puma/benchmarks/local/response_time_wrk,https://github.com/puma/puma/blob/main/benchmarks/local/response_time_wrk.rb,raptor-3r,3,raptor,3,,3378,1000,5.007,5.0,1000,1378,2.006,2.0,5,true,3378,0,674.643,4.151,7.622,15.249,435.879,451.947,59.754,59.754,10.045,20,20,67,same_worker,107,2428544
yjit-on/puma-response-io-2048kb/raptor-3r/repeat-1,yjit-on,true,puma-response-io-2048kb,puma-response-time-wrk,puma/benchmarks/local/response_time_wrk,https://github.com/puma/puma/blob/main/benchmarks/local/response_time_wrk.rb,raptor-3r,3,raptor,3,,1000,1000,16.013,5.0,1000,1000,16.785,2.0,5,true,1000,0,62.449,45.54,49.293,57.751,4217.851,4271.866,65.84,65.84,10.975,20,20,234,same_worker,286,4821243
yjit-on/puma-long-tail-fib-200ms-x6p0/raptor-3r/repeat-1,yjit-on,true,puma-long-tail-fib-200ms-x6p0,puma-long-tail-hey,puma/benchmarks/local/long_tail_hey + test/rackup/sleep_fibonacci,https://github.com/puma/puma/blob/main/benchmarks/local/long_tail_hey.rb,raptor-3r,3,raptor,3,,363,360,29.004,5.0,360,360,28.749,2.0,18,true,363,0,12.516,241.785,242.761,19611.581,24402.146,24402.261,66.227,66.227,20.9,20,20,422,same_worker,2,61661
yjit-on/puma-long-tail-fib-200ms-x4p0/raptor-3r/repeat-1,yjit-on,true,puma-long-tail-fib-200ms-x4p0,puma-long-tail-hey,puma/benchmarks/local/long_tail_hey + test/rackup/sleep_fibonacci,https://github.com/puma/puma/blob/main/benchmarks/local/long_tail_hey.rb,raptor-3r,3,raptor,3,,243,240,19.414,5.0,240,240,19.169,2.0,12,true,243,0,12.517,241.732,242.5,12803.842,14816.024,14816.296,66.258,66.258,29.58,20,20,283,same_worker,2,44134
yjit-on/puma-long-tail-fib-200ms-x3p0/raptor-3r/repeat-1,yjit-on,true,puma-long-tail-fib-200ms-x3p0,puma-long-tail-hey,puma/benchmarks/local/long_tail_hey + test/rackup/sleep_fibonacci,https://github.com/puma/puma/blob/main/benchmarks/local/long_tail_hey.rb,raptor-3r,3,raptor,3,,183,180,14.624,5.0,180,180,14.378,2.0,9,true,183,0,12.514,241.775,242.623,10022.236,10022.47,10022.521,66.27,66.27,35.285,20,20,213,same_worker,1,30934
yjit-on/puma-long-tail-fib-200ms-x2p0/raptor-3r/repeat-1,yjit-on,true,puma-long-tail-fib-200ms-x2p0,puma-long-tail-hey,puma/benchmarks/local/long_tail_hey + test/rackup/sleep_fibonacci,https://github.com/puma/puma/blob/main/benchmarks/local/long_tail_hey.rb,raptor-3r,3,raptor,3,,123,120,9.832,5.0,120,120,9.59,2.0,6,true,123,0,12.51,241.848,242.472,5236.403,5236.794,5236.829,66.27,66.27,39.0,20,20,144,same_worker,1,22524
yjit-on/puma-long-tail-fib-200ms-x1p5/raptor-3r/repeat-1,yjit-on,true,puma-long-tail-fib-200ms-x1p5,puma-long-tail-hey,puma/benchmarks/local/long_tail_hey + test/rackup/sleep_fibonacci,https://github.com/puma/puma/blob/main/benchmarks/local/long_tail_hey.rb,raptor-3r,3,raptor,3,,103,100,9.826,5.0,100,100,9.591,2.0,5,true,103,0,10.482,241.692,242.418,5135.613,5235.497,5235.5,66.27,66.27,41.71,20,20,144,same_worker,1,18707
yjit-on/puma-long-tail-fib-200ms-x1p0/raptor-3r/repeat-1,yjit-on,true,puma-long-tail-fib-200ms-x1p0,puma-long-tail-hey,puma/benchmarks/local/long_tail_hey + test/rackup/sleep_fibonacci,https://github.com/puma/puma/blob/main/benchmarks/local/long_tail_hey.rb,raptor-3r,3,raptor,3,,63,60,5.032,5.0,60,60,4.792,2.0,3,true,63,0,12.52,241.422,242.079,242.508,242.576,242.583,66.273,66.273,43.375,20,20,74,same_worker,0,9899
yjit-on/puma-long-tail-fib-200ms-x0p5/raptor-3r/repeat-1,yjit-on,true,puma-long-tail-fib-200ms-x0p5,puma-long-tail-hey,puma/benchmarks/local/long_tail_hey + test/rackup/sleep_fibonacci,https://github.com/puma/puma/blob/main/benchmarks/local/long_tail_hey.rb,raptor-3r,3,raptor,3,,42,40,5.037,5.0,40,40,4.794,2.0,2,true,42,0,8.338,241.746,242.754,243.501,243.698,243.72,66.273,66.273,44.38,20,20,75,same_worker,1,9203
yjit-on/puma-sleep-fibonacci-1ms/raptor-3r/repeat-1,yjit-on,true,puma-sleep-fibonacci-1ms,puma-sleep-fibonacci-test,puma/benchmarks/local/sleep_fibonacci_test + test/rackup/sleep_fibonacci,https://github.com/puma/puma/blob/main/benchmarks/local/sleep_fibonacci_test.rb,raptor-3r,3,raptor,3,,122,10,5.007,5.0,10,49,2.018,2.0,1,true,122,0,24.366,41.966,42.059,42.994,43.113,43.128,66.285,66.285,44.365,20,20,75,same_worker,1,21541
yjit-on/puma-sleep-fibonacci-5ms/raptor-3r/repeat-1,yjit-on,true,puma-sleep-fibonacci-5ms,puma-sleep-fibonacci-test,puma/benchmarks/local/sleep_fibonacci_test + test/rackup/sleep_fibonacci,https://github.com/puma/puma/blob/main/benchmarks/local/sleep_fibonacci_test.rb,raptor-3r,3,raptor,3,,114,10,5.023,5.0,10,46,2.03,2.0,1,true,114,0,22.696,44.963,45.966,45.997,46.004,46.004,66.313,66.313,44.07,20,20,75,same_worker,1,21741
yjit-on/puma-sleep-fibonacci-10ms/raptor-3r/repeat-1,yjit-on,true,puma-sleep-fibonacci-10ms,puma-sleep-fibonacci-test,puma/benchmarks/local/sleep_fibonacci_test + test/rackup/sleep_fibonacci,https://github.com/puma/puma/blob/main/benchmarks/local/sleep_fibonacci_test.rb,raptor-3r,3,raptor,3,,97,10,5.006,5.0,10,40,2.041,2.0,1,true,97,0,19.377,51.967,52.033,52.911,52.95,52.955,66.359,66.359,43.825,20,20,75,same_worker,1,17360
yjit-on/puma-sleep-fibonacci-50ms/raptor-3r/repeat-1,yjit-on,true,puma-sleep-fibonacci-50ms,puma-sleep-fibonacci-test,puma/benchmarks/local/sleep_fibonacci_test + test/rackup/sleep_fibonacci,https://github.com/puma/puma/blob/main/benchmarks/local/sleep_fibonacci_test.rb,raptor-3r,3,raptor,3,,56,10,5.071,5.0,10,23,2.057,2.0,1,true,56,0,11.043,90.978,91.973,92.015,92.032,92.034,66.363,66.363,43.7,20,20,75,same_worker,1,10144
yjit-on/puma-sleep-fibonacci-100ms/raptor-3r/repeat-1,yjit-on,true,puma-sleep-fibonacci-100ms,puma-sleep-fibonacci-test,puma/benchmarks/local/sleep_fibonacci_test + test/rackup/sleep_fibonacci,https://github.com/puma/puma/blob/main/benchmarks/local/sleep_fibonacci_test.rb,raptor-3r,3,raptor,3,,36,10,5.054,5.0,10,15,2.084,2.0,1,true,36,0,7.123,141.051,142.016,142.658,142.967,143.001,66.363,66.363,43.735,20,20,75,same_worker,0,6528
yjit-on/puma-sleep-fibonacci-200ms/raptor-3r/repeat-1,yjit-on,true,puma-sleep-fibonacci-200ms,puma-sleep-fibonacci-test,puma/benchmarks/local/sleep_fibonacci_test + test/rackup/sleep_fibonacci,https://github.com/puma/puma/blob/main/benchmarks/local/sleep_fibonacci_test.rb,raptor-3r,3,raptor,3,,21,10,5.038,5.0,10,10,2.379,2.0,1,true,21,0,4.169,241.945,242.12,242.302,242.342,242.347,66.363,66.363,43.85,20,20,75,same_worker,0,3888
yjit-on/puma-response-array-1kb/raptor-3r/repeat-2,yjit-on,true,puma-response-array-1kb,puma-response-time-wrk,puma/benchmarks/local/response_time_wrk,https://github.com/puma/puma/blob/main/benchmarks/local/response_time_wrk.rb,raptor-3r,3,raptor,3,,1000,1000,16.11,5.0,1000,1000,16.15,2.0,5,true,1000,0,62.073,40.976,41.94,42.183,4026.669,4027.136,28.938,28.938,3.31,20,20,236,same_worker,30,717188
yjit-on/puma-response-chunk-1kb/raptor-3r/repeat-2,yjit-on,true,puma-response-chunk-1kb,puma-response-time-wrk,puma/benchmarks/local/response_time_wrk,https://github.com/puma/puma/blob/main/benchmarks/local/response_time_wrk.rb,raptor-3r,3,raptor,3,,1000,1000,16.113,5.0,1000,1000,16.14,2.0,5,true,1000,0,62.062,40.976,41.973,42.691,4031.855,4032.157,29.227,29.227,2.665,20,20,236,same_worker,30,716290
yjit-on/puma-response-string-1kb/raptor-3r/repeat-2,yjit-on,true,puma-response-string-1kb,puma-response-time-wrk,puma/benchmarks/local/response_time_wrk,https://github.com/puma/puma/blob/main/benchmarks/local/response_time_wrk.rb,raptor-3r,3,raptor,3,,1000,1000,16.114,5.0,1000,1000,16.129,2.0,5,true,1000,0,62.057,40.978,41.971,42.319,4027.927,4029.426,29.344,29.344,2.48,20,20,236,same_worker,30,719243
yjit-on/puma-response-io-1kb/raptor-3r/repeat-2,yjit-on,true,puma-response-io-1kb,puma-response-time-wrk,puma/benchmarks/local/response_time_wrk,https://github.com/puma/puma/blob/main/benchmarks/local/response_time_wrk.rb,raptor-3r,3,raptor,3,,1000,1000,16.113,5.0,1000,1000,16.146,2.0,5,true,1000,0,62.062,40.972,41.942,42.17,4026.192,4030.761,29.516,29.516,2.4,20,20,236,same_worker,31,725479
yjit-on/puma-response-array-10kb/raptor-3r/repeat-2,yjit-on,true,puma-response-array-10kb,puma-response-time-wrk,puma/benchmarks/local/response_time_wrk,https://github.com/puma/puma/blob/main/benchmarks/local/response_time_wrk.rb,raptor-3r,3,raptor,3,,1000,1000,16.12,5.0,1000,1000,16.136,2.0,5,true,1000,0,62.035,40.975,41.968,42.432,4028.546,4065.761,29.578,29.578,2.4,20,20,236,same_worker,31,717722
yjit-on/puma-response-chunk-10kb/raptor-3r/repeat-2,yjit-on,true,puma-response-chunk-10kb,puma-response-time-wrk,puma/benchmarks/local/response_time_wrk,https://github.com/puma/puma/blob/main/benchmarks/local/response_time_wrk.rb,raptor-3r,3,raptor,3,,1000,1000,16.118,5.0,1000,1000,16.133,2.0,5,true,1000,0,62.044,40.978,41.954,42.106,4027.819,4069.88,29.59,29.59,2.39,20,20,236,same_worker,31,716249
yjit-on/puma-response-string-10kb/raptor-3r/repeat-2,yjit-on,true,puma-response-string-10kb,puma-response-time-wrk,puma/benchmarks/local/response_time_wrk,https://github.com/puma/puma/blob/main/benchmarks/local/response_time_wrk.rb,raptor-3r,3,raptor,3,,1000,1000,16.113,5.0,1000,1000,16.13,2.0,5,true,1000,0,62.063,40.975,41.951,42.27,4027.623,4030.003,29.609,29.609,2.3,20,20,236,same_worker,32,719237
yjit-on/puma-response-io-10kb/raptor-3r/repeat-2,yjit-on,true,puma-response-io-10kb,puma-response-time-wrk,puma/benchmarks/local/response_time_wrk,https://github.com/puma/puma/blob/main/benchmarks/local/response_time_wrk.rb,raptor-3r,3,raptor,3,,1000,1000,16.112,5.0,1000,1000,16.147,2.0,5,true,1000,0,62.065,40.976,41.902,42.353,4027.283,4027.574,30.184,30.184,2.335,20,20,236,same_worker,33,744749
yjit-on/puma-response-array-100kb/raptor-3r/repeat-2,yjit-on,true,puma-response-array-100kb,puma-response-time-wrk,puma/benchmarks/local/response_time_wrk,https://github.com/puma/puma/blob/main/benchmarks/local/response_time_wrk.rb,raptor-3r,3,raptor,3,,1000,1000,15.042,5.0,1000,1000,13.389,2.0,5,true,1000,0,66.48,40.963,41.957,42.124,3712.107,3748.155,30.184,30.184,2.4,20,20,221,same_worker,33,718762
yjit-on/puma-response-chunk-100kb/raptor-3r/repeat-2,yjit-on,true,puma-response-chunk-100kb,puma-response-time-wrk,puma/benchmarks/local/response_time_wrk,https://github.com/puma/puma/blob/main/benchmarks/local/response_time_wrk.rb,raptor-3r,3,raptor,3,,1000,1000,14.721,5.0,1000,1000,14.55,2.0,5,true,1000,0,67.932,40.962,41.966,42.147,3711.289,3831.432,30.219,30.219,2.5,20,20,216,same_worker,33,716951
yjit-on/puma-response-string-100kb/raptor-3r/repeat-2,yjit-on,true,puma-response-string-100kb,puma-response-time-wrk,puma/benchmarks/local/response_time_wrk,https://github.com/puma/puma/blob/main/benchmarks/local/response_time_wrk.rb,raptor-3r,3,raptor,3,,13052,1000,5.001,5.0,1000,5331,2.002,2.0,5,true,13052,0,2609.716,1.034,1.903,6.604,108.701,132.926,30.598,30.598,3.635,20,20,72,same_worker,478,9386158
yjit-on/puma-response-io-100kb/raptor-3r/repeat-2,yjit-on,true,puma-response-io-100kb,puma-response-time-wrk,puma/benchmarks/local/response_time_wrk,https://github.com/puma/puma/blob/main/benchmarks/local/response_time_wrk.rb,raptor-3r,3,raptor,3,,1000,1000,14.781,5.0,1000,1000,13.885,2.0,5,true,1000,0,67.654,40.969,41.993,42.935,3601.675,3756.606,34.555,34.555,4.3,20,20,217,same_worker,54,925243
yjit-on/puma-response-array-256kb/raptor-3r/repeat-2,yjit-on,true,puma-response-array-256kb,puma-response-time-wrk,puma/benchmarks/local/response_time_wrk,https://github.com/puma/puma/blob/main/benchmarks/local/response_time_wrk.rb,raptor-3r,3,raptor,3,,1000,1000,7.965,5.0,1000,1000,10.413,2.0,5,true,1000,0,125.545,40.847,42.208,43.188,2488.984,2654.285,34.555,34.555,4.36,20,20,118,same_worker,41,719249
yjit-on/puma-response-chunk-256kb/raptor-3r/repeat-2,yjit-on,true,puma-response-chunk-256kb,puma-response-time-wrk,puma/benchmarks/local/response_time_wrk,https://github.com/puma/puma/blob/main/benchmarks/local/response_time_wrk.rb,raptor-3r,3,raptor,3,,1000,1000,8.583,5.0,1000,1000,8.905,2.0,5,true,1000,0,116.514,40.932,42.208,43.157,2726.499,3105.436,34.555,34.555,4.51,20,20,127,same_worker,41,716249
yjit-on/puma-response-string-256kb/raptor-3r/repeat-2,yjit-on,true,puma-response-string-256kb,puma-response-time-wrk,puma/benchmarks/local/response_time_wrk,https://github.com/puma/puma/blob/main/benchmarks/local/response_time_wrk.rb,raptor-3r,3,raptor,3,,9368,1000,5.002,5.0,1000,3661,2.002,2.0,5,true,9368,0,1872.862,1.361,2.844,42.25,150.326,164.126,34.973,34.973,5.285,20,20,71,same_worker,333,6735533
yjit-on/puma-response-io-256kb/raptor-3r/repeat-2,yjit-on,true,puma-response-io-256kb,puma-response-time-wrk,puma/benchmarks/local/response_time_wrk,https://github.com/puma/puma/blob/main/benchmarks/local/response_time_wrk.rb,raptor-3r,3,raptor,3,,1000,1000,11.154,5.0,1000,1000,9.792,2.0,5,true,1000,0,89.653,41.818,42.924,43.737,2945.0,3282.229,43.469,41.512,5.825,20,20,164,same_worker,60,1237243
yjit-on/puma-response-array-512kb/raptor-3r/repeat-2,yjit-on,true,puma-response-array-512kb,puma-response-time-wrk,puma/benchmarks/local/response_time_wrk,https://github.com/puma/puma/blob/main/benchmarks/local/response_time_wrk.rb,raptor-3r,3,raptor,3,,1000,1000,12.421,5.0,1000,1000,12.34,2.0,5,true,1000,0,80.508,41.902,42.932,43.929,2972.287,2981.385,41.512,41.512,5.99,20,20,182,same_worker,32,717430
yjit-on/puma-response-chunk-512kb/raptor-3r/repeat-2,yjit-on,true,puma-response-chunk-512kb,puma-response-time-wrk,puma/benchmarks/local/response_time_wrk,https://github.com/puma/puma/blob/main/benchmarks/local/response_time_wrk.rb,raptor-3r,3,raptor,3,,1000,1000,11.221,5.0,1000,1000,13.434,2.0,5,true,1000,0,89.122,41.901,42.955,44.596,3026.421,3107.097,41.512,41.512,6.115,20,20,165,same_worker,32,717057
yjit-on/puma-response-string-512kb/raptor-3r/repeat-2,yjit-on,true,puma-response-string-512kb,puma-response-time-wrk,puma/benchmarks/local/response_time_wrk,https://github.com/puma/puma/blob/main/benchmarks/local/response_time_wrk.rb,raptor-3r,3,raptor,3,,7064,1000,5.002,5.0,1000,2812,2.003,2.0,5,true,7064,0,1412.144,1.719,3.587,35.699,206.454,215.537,41.512,41.512,6.63,20,20,71,same_worker,234,5079348
yjit-on/puma-response-io-512kb/raptor-3r/repeat-2,yjit-on,true,puma-response-io-512kb,puma-response-time-wrk,puma/benchmarks/local/response_time_wrk,https://github.com/puma/puma/blob/main/benchmarks/local/response_time_wrk.rb,raptor-3r,3,raptor,3,,1000,1000,13.715,5.0,1000,1000,14.566,2.0,5,true,1000,0,72.912,41.954,43.425,44.958,3428.652,3433.242,45.363,45.234,7.075,20,20,201,same_worker,99,1748305
yjit-on/puma-response-array-1024kb/raptor-3r/repeat-2,yjit-on,true,puma-response-array-1024kb,puma-response-time-wrk,puma/benchmarks/local/response_time_wrk,https://github.com/puma/puma/blob/main/benchmarks/local/response_time_wrk.rb,raptor-3r,3,raptor,3,,1000,1000,13.896,5.0,1000,1000,15.142,2.0,5,true,1000,0,71.966,41.963,43.97,46.28,3541.362,3623.587,45.234,45.234,7.3,20,20,203,same_worker,35,719243
yjit-on/puma-response-chunk-1024kb/raptor-3r/repeat-2,yjit-on,true,puma-response-chunk-1024kb,puma-response-time-wrk,puma/benchmarks/local/response_time_wrk,https://github.com/puma/puma/blob/main/benchmarks/local/response_time_wrk.rb,raptor-3r,3,raptor,3,,1000,1000,13.814,5.0,1000,1000,15.317,2.0,5,true,1000,0,72.39,41.974,44.046,45.69,3380.931,3628.78,45.234,45.234,7.565,20,20,202,same_worker,35,716237
yjit-on/puma-response-string-1024kb/raptor-3r/repeat-2,yjit-on,true,puma-response-string-1024kb,puma-response-time-wrk,puma/benchmarks/local/response_time_wrk,https://github.com/puma/puma/blob/main/benchmarks/local/response_time_wrk.rb,raptor-3r,3,raptor,3,,5043,1000,5.004,5.0,1000,2087,2.004,2.0,5,true,5043,0,1007.694,2.509,5.248,37.073,293.526,296.004,48.664,48.664,7.935,20,20,69,same_worker,188,3626355
yjit-on/puma-response-io-1024kb/raptor-3r/repeat-2,yjit-on,true,puma-response-io-1024kb,puma-response-time-wrk,puma/benchmarks/local/response_time_wrk,https://github.com/puma/puma/blob/main/benchmarks/local/response_time_wrk.rb,raptor-3r,3,raptor,3,,1000,1000,14.852,5.0,1000,1000,14.701,2.0,5,true,1000,0,67.332,43.135,46.031,48.257,3607.168,3832.669,53.402,52.98,8.605,20,20,218,same_worker,146,2773249
yjit-on/puma-response-array-2048kb/raptor-3r/repeat-2,yjit-on,true,puma-response-array-2048kb,puma-response-time-wrk,puma/benchmarks/local/response_time_wrk,https://github.com/puma/puma/blob/main/benchmarks/local/response_time_wrk.rb,raptor-3r,3,raptor,3,,1000,1000,14.159,5.0,1000,1000,15.491,2.0,5,true,1000,0,70.629,43.025,46.342,48.664,3524.219,3594.455,52.98,52.98,9.165,20,20,208,same_worker,31,719231
yjit-on/puma-response-chunk-2048kb/raptor-3r/repeat-2,yjit-on,true,puma-response-chunk-2048kb,puma-response-time-wrk,puma/benchmarks/local/response_time_wrk,https://github.com/puma/puma/blob/main/benchmarks/local/response_time_wrk.rb,raptor-3r,3,raptor,3,,1000,1000,14.909,5.0,1000,1000,15.084,2.0,5,true,1000,0,67.074,43.943,47.667,50.168,3706.805,3875.893,52.98,52.98,9.775,20,20,218,same_worker,31,714688
yjit-on/puma-response-string-2048kb/raptor-3r/repeat-2,yjit-on,true,puma-response-string-2048kb,puma-response-time-wrk,puma/benchmarks/local/response_time_wrk,https://github.com/puma/puma/blob/main/benchmarks/local/response_time_wrk.rb,raptor-3r,3,raptor,3,,3376,1000,5.008,5.0,1000,1422,2.006,2.0,5,true,3376,0,674.135,4.138,7.827,15.93,444.998,456.486,58.992,58.992,10.105,20,20,67,same_worker,107,2426854
yjit-on/puma-response-io-2048kb/raptor-3r/repeat-2,yjit-on,true,puma-response-io-2048kb,puma-response-time-wrk,puma/benchmarks/local/response_time_wrk,https://github.com/puma/puma/blob/main/benchmarks/local/response_time_wrk.rb,raptor-3r,3,raptor,3,,1000,1000,16.184,5.0,1000,1000,17.533,2.0,5,true,1000,0,61.788,45.374,50.099,58.694,4021.9,4144.674,65.758,65.758,11.115,20,20,237,same_worker,287,4821295
yjit-on/puma-long-tail-fib-200ms-x6p0/raptor-3r/repeat-2,yjit-on,true,puma-long-tail-fib-200ms-x6p0,puma-long-tail-hey,puma/benchmarks/local/long_tail_hey + test/rackup/sleep_fibonacci,https://github.com/puma/puma/blob/main/benchmarks/local/long_tail_hey.rb,raptor-3r,3,raptor,3,,363,360,28.998,5.0,360,360,28.759,2.0,18,true,363,0,12.518,241.741,242.796,19601.597,24395.672,24395.726,66.211,66.211,20.99,20,20,423,same_worker,3,66195
yjit-on/puma-long-tail-fib-200ms-x4p0/raptor-3r/repeat-2,yjit-on,true,puma-long-tail-fib-200ms-x4p0,puma-long-tail-hey,puma/benchmarks/local/long_tail_hey + test/rackup/sleep_fibonacci,https://github.com/puma/puma/blob/main/benchmarks/local/long_tail_hey.rb,raptor-3r,3,raptor,3,,243,240,19.41,5.0,240,240,19.167,2.0,12,true,243,0,12.519,241.658,242.984,12796.348,14807.447,14807.504,66.211,66.211,29.615,20,20,284,same_worker,2,41158
yjit-on/puma-long-tail-fib-200ms-x3p0/raptor-3r/repeat-2,yjit-on,true,puma-long-tail-fib-200ms-x3p0,puma-long-tail-hey,puma/benchmarks/local/long_tail_hey + test/rackup/sleep_fibonacci,https://github.com/puma/puma/blob/main/benchmarks/local/long_tail_hey.rb,raptor-3r,3,raptor,3,,183,180,14.625,5.0,180,180,14.38,2.0,9,true,183,0,12.513,241.779,242.646,10030.002,10030.45,10030.496,66.223,66.223,35.28,20,20,214,same_worker,2,32356
yjit-on/puma-long-tail-fib-200ms-x2p0/raptor-3r/repeat-2,yjit-on,true,puma-long-tail-fib-200ms-x2p0,puma-long-tail-hey,puma/benchmarks/local/long_tail_hey + test/rackup/sleep_fibonacci,https://github.com/puma/puma/blob/main/benchmarks/local/long_tail_hey.rb,raptor-3r,3,raptor,3,,123,120,9.829,5.0,120,120,9.588,2.0,6,true,123,0,12.514,241.691,242.851,5233.25,5233.43,5233.441,66.234,66.234,38.955,20,20,144,same_worker,1,21989
yjit-on/puma-long-tail-fib-200ms-x1p5/raptor-3r/repeat-2,yjit-on,true,puma-long-tail-fib-200ms-x1p5,puma-long-tail-hey,puma/benchmarks/local/long_tail_hey + test/rackup/sleep_fibonacci,https://github.com/puma/puma/blob/main/benchmarks/local/long_tail_hey.rb,raptor-3r,3,raptor,3,,103,100,9.825,5.0,100,100,9.583,2.0,5,true,103,0,10.484,241.674,242.42,5135.93,5236.545,5236.631,66.234,66.234,41.665,20,20,144,same_worker,1,19986
yjit-on/puma-long-tail-fib-200ms-x1p0/raptor-3r/repeat-2,yjit-on,true,puma-long-tail-fib-200ms-x1p0,puma-long-tail-hey,puma/benchmarks/local/long_tail_hey + test/rackup/sleep_fibonacci,https://github.com/puma/puma/blob/main/benchmarks/local/long_tail_hey.rb,raptor-3r,3,raptor,3,,63,60,5.033,5.0,60,60,4.785,2.0,3,true,63,0,12.518,241.416,242.313,242.465,242.554,242.564,66.234,66.234,43.33,20,20,74,same_worker,1,11479
yjit-on/puma-long-tail-fib-200ms-x0p5/raptor-3r/repeat-2,yjit-on,true,puma-long-tail-fib-200ms-x0p5,puma-long-tail-hey,puma/benchmarks/local/long_tail_hey + test/rackup/sleep_fibonacci,https://github.com/puma/puma/blob/main/benchmarks/local/long_tail_hey.rb,raptor-3r,3,raptor,3,,42,40,5.033,5.0,40,40,4.79,2.0,2,true,42,0,8.346,241.26,242.193,242.217,242.229,242.23,66.234,66.234,44.33,20,20,75,same_worker,0,6959
yjit-on/puma-sleep-fibonacci-1ms/raptor-3r/repeat-2,yjit-on,true,puma-sleep-fibonacci-1ms,puma-sleep-fibonacci-test,puma/benchmarks/local/sleep_fibonacci_test + test/rackup/sleep_fibonacci,https://github.com/puma/puma/blob/main/benchmarks/local/sleep_fibonacci_test.rb,raptor-3r,3,raptor,3,,122,10,5.008,5.0,10,49,2.019,2.0,1,true,122,0,24.362,41.967,42.23,42.984,42.99,42.99,66.27,66.27,44.31,20,20,75,same_worker,1,21691
yjit-on/puma-sleep-fibonacci-5ms/raptor-3r/repeat-2,yjit-on,true,puma-sleep-fibonacci-5ms,puma-sleep-fibonacci-test,puma/benchmarks/local/sleep_fibonacci_test + test/rackup/sleep_fibonacci,https://github.com/puma/puma/blob/main/benchmarks/local/sleep_fibonacci_test.rb,raptor-3r,3,raptor,3,,114,10,5.017,5.0,10,46,2.031,2.0,1,true,114,0,22.723,44.961,45.937,45.961,45.968,45.969,66.273,66.273,44.015,20,20,75,same_worker,1,20283
yjit-on/puma-sleep-fibonacci-10ms/raptor-3r/repeat-2,yjit-on,true,puma-sleep-fibonacci-10ms,puma-sleep-fibonacci-test,puma/benchmarks/local/sleep_fibonacci_test + test/rackup/sleep_fibonacci,https://github.com/puma/puma/blob/main/benchmarks/local/sleep_fibonacci_test.rb,raptor-3r,3,raptor,3,,97,10,5.004,5.0,10,40,2.04,2.0,1,true,97,0,19.384,51.963,52.015,52.082,52.926,53.02,66.281,66.281,43.76,20,20,75,same_worker,1,16287
yjit-on/puma-sleep-fibonacci-50ms/raptor-3r/repeat-2,yjit-on,true,puma-sleep-fibonacci-50ms,puma-sleep-fibonacci-test,puma/benchmarks/local/sleep_fibonacci_test + test/rackup/sleep_fibonacci,https://github.com/puma/puma/blob/main/benchmarks/local/sleep_fibonacci_test.rb,raptor-3r,3,raptor,3,,56,10,5.064,5.0,10,23,2.062,2.0,1,true,56,0,11.059,90.974,91.939,91.975,92.0,92.003,66.297,66.297,43.7,20,20,75,same_worker,0,11001
yjit-on/puma-sleep-fibonacci-100ms/raptor-3r/repeat-2,yjit-on,true,puma-sleep-fibonacci-100ms,puma-sleep-fibonacci-test,puma/benchmarks/local/sleep_fibonacci_test + test/rackup/sleep_fibonacci,https://github.com/puma/puma/blob/main/benchmarks/local/sleep_fibonacci_test.rb,raptor-3r,3,raptor,3,,36,10,5.048,5.0,10,15,2.086,2.0,1,true,36,0,7.131,140.98,142.542,142.943,142.958,142.959,66.301,66.301,43.7,20,20,75,same_worker,1,6648
yjit-on/puma-sleep-fibonacci-200ms/raptor-3r/repeat-2,yjit-on,true,puma-sleep-fibonacci-200ms,puma-sleep-fibonacci-test,puma/benchmarks/local/sleep_fibonacci_test + test/rackup/sleep_fibonacci,https://github.com/puma/puma/blob/main/benchmarks/local/sleep_fibonacci_test.rb,raptor-3r,3,raptor,3,,21,10,5.039,5.0,10,10,2.376,2.0,1,true,21,0,4.168,241.941,242.131,242.145,242.148,242.148,66.301,66.301,43.8,20,20,75,same_worker,0,3888
yjit-on/puma-response-array-1kb/raptor-3r/repeat-3,yjit-on,true,puma-response-array-1kb,puma-response-time-wrk,puma/benchmarks/local/response_time_wrk,https://github.com/puma/puma/blob/main/benchmarks/local/response_time_wrk.rb,raptor-3r,3,raptor,3,,1000,1000,16.119,5.0,1000,1000,16.151,2.0,5,true,1000,0,62.038,40.982,41.973,42.654,4034.064,4034.766,29.047,29.047,3.11,20,20,237,same_worker,28,718703
yjit-on/puma-response-chunk-1kb/raptor-3r/repeat-3,yjit-on,true,puma-response-chunk-1kb,puma-response-time-wrk,puma/benchmarks/local/response_time_wrk,https://github.com/puma/puma/blob/main/benchmarks/local/response_time_wrk.rb,raptor-3r,3,raptor,3,,1000,1000,16.11,5.0,1000,1000,16.125,2.0,5,true,1000,0,62.073,40.976,41.939,42.268,4026.676,4032.088,29.32,29.32,2.515,20,20,237,same_worker,28,715149
yjit-on/puma-response-string-1kb/raptor-3r/repeat-3,yjit-on,true,puma-response-string-1kb,puma-response-time-wrk,puma/benchmarks/local/response_time_wrk,https://github.com/puma/puma/blob/main/benchmarks/local/response_time_wrk.rb,raptor-3r,3,raptor,3,,1000,1000,16.099,5.0,1000,1000,16.118,2.0,5,true,1000,0,62.116,40.977,41.823,42.194,4026.238,4027.647,29.398,29.398,2.38,20,20,237,same_worker,28,719243
yjit-on/puma-response-io-1kb/raptor-3r/repeat-3,yjit-on,true,puma-response-io-1kb,puma-response-time-wrk,puma/benchmarks/local/response_time_wrk,https://github.com/puma/puma/blob/main/benchmarks/local/response_time_wrk.rb,raptor-3r,3,raptor,3,,1000,1000,16.111,5.0,1000,1000,16.125,2.0,5,true,1000,0,62.07,40.98,41.948,42.424,4030.009,4031.248,29.707,29.707,2.3,20,20,237,same_worker,29,727243
yjit-on/puma-response-array-10kb/raptor-3r/repeat-3,yjit-on,true,puma-response-array-10kb,puma-response-time-wrk,puma/benchmarks/local/response_time_wrk,https://github.com/puma/puma/blob/main/benchmarks/local/response_time_wrk.rb,raptor-3r,3,raptor,3,,1000,1000,16.109,5.0,1000,1000,16.123,2.0,5,true,1000,0,62.079,40.976,41.913,42.504,4025.67,4026.157,29.781,29.781,2.3,20,20,237,same_worker,29,719249
yjit-on/puma-response-chunk-10kb/raptor-3r/repeat-3,yjit-on,true,puma-response-chunk-10kb,puma-response-time-wrk,puma/benchmarks/local/response_time_wrk,https://github.com/puma/puma/blob/main/benchmarks/local/response_time_wrk.rb,raptor-3r,3,raptor,3,,1000,1000,16.116,5.0,1000,1000,16.128,2.0,5,true,1000,0,62.052,40.975,41.951,42.283,4025.73,4027.414,29.789,29.789,2.3,20,20,237,same_worker,30,716243
yjit-on/puma-response-string-10kb/raptor-3r/repeat-3,yjit-on,true,puma-response-string-10kb,puma-response-time-wrk,puma/benchmarks/local/response_time_wrk,https://github.com/puma/puma/blob/main/benchmarks/local/response_time_wrk.rb,raptor-3r,3,raptor,3,,1000,1000,16.116,5.0,1000,1000,16.111,2.0,5,true,1000,0,62.05,40.978,41.963,42.414,4029.706,4032.391,29.801,29.801,2.275,20,20,237,same_worker,30,719259
yjit-on/puma-response-io-10kb/raptor-3r/repeat-3,yjit-on,true,puma-response-io-10kb,puma-response-time-wrk,puma/benchmarks/local/response_time_wrk,https://github.com/puma/puma/blob/main/benchmarks/local/response_time_wrk.rb,raptor-3r,3,raptor,3,,1000,1000,16.124,5.0,1000,1000,16.124,2.0,5,true,1000,0,62.021,40.98,42.004,42.549,4034.389,4035.099,30.418,30.418,2.3,20,20,237,same_worker,31,744269
yjit-on/puma-response-array-100kb/raptor-3r/repeat-3,yjit-on,true,puma-response-array-100kb,puma-response-time-wrk,puma/benchmarks/local/response_time_wrk,https://github.com/puma/puma/blob/main/benchmarks/local/response_time_wrk.rb,raptor-3r,3,raptor,3,,1000,1000,14.201,5.0,1000,1000,14.288,2.0,5,true,1000,0,70.417,40.958,41.959,42.556,3472.323,3943.795,30.488,30.488,2.365,20,20,209,same_worker,30,717477
yjit-on/puma-response-chunk-100kb/raptor-3r/repeat-3,yjit-on,true,puma-response-chunk-100kb,puma-response-time-wrk,puma/benchmarks/local/response_time_wrk,https://github.com/puma/puma/blob/main/benchmarks/local/response_time_wrk.rb,raptor-3r,3,raptor,3,,1000,1000,15.36,5.0,1000,1000,14.009,2.0,5,true,1000,0,65.104,40.962,41.958,42.912,3831.487,3903.523,30.508,30.508,2.425,20,20,226,same_worker,30,716249
yjit-on/puma-response-string-100kb/raptor-3r/repeat-3,yjit-on,true,puma-response-string-100kb,puma-response-time-wrk,puma/benchmarks/local/response_time_wrk,https://github.com/puma/puma/blob/main/benchmarks/local/response_time_wrk.rb,raptor-3r,3,raptor,3,,13289,1000,5.002,5.0,1000,5466,2.001,2.0,5,true,13289,0,2656.76,1.018,1.843,8.975,105.392,116.639,30.832,30.832,3.57,20,20,72,same_worker,444,9554016
yjit-on/puma-response-io-100kb/raptor-3r/repeat-3,yjit-on,true,puma-response-io-100kb,puma-response-time-wrk,puma/benchmarks/local/response_time_wrk,https://github.com/puma/puma/blob/main/benchmarks/local/response_time_wrk.rb,raptor-3r,3,raptor,3,,1000,1000,15.051,5.0,1000,1000,14.022,2.0,5,true,1000,0,66.442,40.968,42.001,42.933,3679.623,3800.842,35.316,35.316,4.2,20,20,221,same_worker,48,925243
yjit-on/puma-response-array-256kb/raptor-3r/repeat-3,yjit-on,true,puma-response-array-256kb,puma-response-time-wrk,puma/benchmarks/local/response_time_wrk,https://github.com/puma/puma/blob/main/benchmarks/local/response_time_wrk.rb,raptor-3r,3,raptor,3,,1000,1000,10.797,5.0,1000,1000,8.089,2.0,5,true,1000,0,92.62,40.955,42.214,43.31,2799.94,3167.842,35.316,35.316,4.3,20,20,159,same_worker,37,719243
yjit-on/puma-response-chunk-256kb/raptor-3r/repeat-3,yjit-on,true,puma-response-chunk-256kb,puma-response-time-wrk,puma/benchmarks/local/response_time_wrk,https://github.com/puma/puma/blob/main/benchmarks/local/response_time_wrk.rb,raptor-3r,3,raptor,3,,1000,1000,8.516,5.0,1000,1000,7.965,2.0,5,true,1000,0,117.429,40.926,42.256,43.16,1919.51,2370.635,35.316,35.316,4.46,20,20,126,same_worker,38,717566
yjit-on/puma-response-string-256kb/raptor-3r/repeat-3,yjit-on,true,puma-response-string-256kb,puma-response-time-wrk,puma/benchmarks/local/response_time_wrk,https://github.com/puma/puma/blob/main/benchmarks/local/response_time_wrk.rb,raptor-3r,3,raptor,3,,9209,1000,5.003,5.0,1000,3914,2.002,2.0,5,true,9209,0,1840.791,1.328,2.847,29.789,163.988,209.128,35.332,35.332,5.215,20,20,72,same_worker,369,6620801
yjit-on/puma-response-io-256kb/raptor-3r/repeat-3,yjit-on,true,puma-response-io-256kb,puma-response-time-wrk,puma/benchmarks/local/response_time_wrk,https://github.com/puma/puma/blob/main/benchmarks/local/response_time_wrk.rb,raptor-3r,3,raptor,3,,1000,1000,10.566,5.0,1000,1000,10.567,2.0,5,true,1000,0,94.642,41.723,42.792,43.329,2811.458,2812.497,44.012,44.012,5.745,20,20,155,same_worker,52,1236050
yjit-on/puma-response-array-512kb/raptor-3r/repeat-3,yjit-on,true,puma-response-array-512kb,puma-response-time-wrk,puma/benchmarks/local/response_time_wrk,https://github.com/puma/puma/blob/main/benchmarks/local/response_time_wrk.rb,raptor-3r,3,raptor,3,,1000,1000,10.895,5.0,1000,1000,12.742,2.0,5,true,1000,0,91.784,41.863,42.953,44.639,2923.232,2937.115,44.012,44.012,5.895,20,20,160,same_worker,28,718593
yjit-on/puma-response-chunk-512kb/raptor-3r/repeat-3,yjit-on,true,puma-response-chunk-512kb,puma-response-time-wrk,puma/benchmarks/local/response_time_wrk,https://github.com/puma/puma/blob/main/benchmarks/local/response_time_wrk.rb,raptor-3r,3,raptor,3,,1000,1000,12.457,5.0,1000,1000,12.02,2.0,5,true,1000,0,80.278,41.915,42.938,43.992,3160.245,3309.247,44.012,44.012,6.075,20,20,183,same_worker,29,715280
yjit-on/puma-response-string-512kb/raptor-3r/repeat-3,yjit-on,true,puma-response-string-512kb,puma-response-time-wrk,puma/benchmarks/local/response_time_wrk,https://github.com/puma/puma/blob/main/benchmarks/local/response_time_wrk.rb,raptor-3r,3,raptor,3,,6886,1000,5.002,5.0,1000,2926,2.003,2.0,5,true,6886,0,1376.616,1.752,3.681,51.76,205.718,256.064,44.012,44.012,6.58,20,20,70,same_worker,204,4950713
yjit-on/puma-response-io-512kb/raptor-3r/repeat-3,yjit-on,true,puma-response-io-512kb,puma-response-time-wrk,puma/benchmarks/local/response_time_wrk,https://github.com/puma/puma/blob/main/benchmarks/local/response_time_wrk.rb,raptor-3r,3,raptor,3,,1000,1000,13.689,5.0,1000,1000,13.656,2.0,5,true,1000,0,73.054,41.958,43.318,45.035,3414.543,3483.594,46.695,46.688,7.055,20,20,201,same_worker,87,1749237
yjit-on/puma-response-array-1024kb/raptor-3r/repeat-3,yjit-on,true,puma-response-array-1024kb,puma-response-time-wrk,puma/benchmarks/local/response_time_wrk,https://github.com/puma/puma/blob/main/benchmarks/local/response_time_wrk.rb,raptor-3r,3,raptor,3,,1000,1000,14.517,5.0,1000,1000,14.748,2.0,5,true,1000,0,68.885,41.967,43.756,46.452,3579.215,3779.717,46.688,46.688,7.265,20,20,213,same_worker,31,719249
yjit-on/puma-response-chunk-1024kb/raptor-3r/repeat-3,yjit-on,true,puma-response-chunk-1024kb,puma-response-time-wrk,puma/benchmarks/local/response_time_wrk,https://github.com/puma/puma/blob/main/benchmarks/local/response_time_wrk.rb,raptor-3r,3,raptor,3,,1000,1000,14.257,5.0,1000,1000,14.815,2.0,5,true,1000,0,70.141,41.98,43.976,45.795,3424.51,3547.537,46.691,46.691,7.475,20,20,209,same_worker,31,716243
yjit-on/puma-response-string-1024kb/raptor-3r/repeat-3,yjit-on,true,puma-response-string-1024kb,puma-response-time-wrk,puma/benchmarks/local/response_time_wrk,https://github.com/puma/puma/blob/main/benchmarks/local/response_time_wrk.rb,raptor-3r,3,raptor,3,,5098,1000,5.003,5.0,1000,2092,2.005,2.0,5,true,5098,0,1018.898,2.444,5.302,24.401,291.507,310.208,48.555,48.555,7.85,20,20,68,same_worker,166,3666094
yjit-on/puma-response-io-1024kb/raptor-3r/repeat-3,yjit-on,true,puma-response-io-1024kb,puma-response-time-wrk,puma/benchmarks/local/response_time_wrk,https://github.com/puma/puma/blob/main/benchmarks/local/response_time_wrk.rb,raptor-3r,3,raptor,3,,1000,1000,14.989,5.0,1000,1000,16.077,2.0,5,true,1000,0,66.714,42.986,45.716,46.471,3827.397,3904.199,56.375,56.375,8.435,20,20,219,same_worker,134,2773239
yjit-on/puma-response-array-2048kb/raptor-3r/repeat-3,yjit-on,true,puma-response-array-2048kb,puma-response-time-wrk,puma/benchmarks/local/response_time_wrk,https://github.com/puma/puma/blob/main/benchmarks/local/response_time_wrk.rb,raptor-3r,3,raptor,3,,1000,1000,14.893,5.0,1000,1000,14.93,2.0,5,true,1000,0,67.144,43.118,46.808,49.15,3743.773,3753.7,56.375,56.375,9.01,20,20,218,same_worker,28,719249
yjit-on/puma-response-chunk-2048kb/raptor-3r/repeat-3,yjit-on,true,puma-response-chunk-2048kb,puma-response-time-wrk,puma/benchmarks/local/response_time_wrk,https://github.com/puma/puma/blob/main/benchmarks/local/response_time_wrk.rb,raptor-3r,3,raptor,3,,1000,1000,14.683,5.0,1000,1000,14.805,2.0,5,true,1000,0,68.107,43.935,47.018,49.128,3657.189,3778.95,56.375,56.375,9.595,20,20,215,same_worker,28,716249
yjit-on/puma-response-string-2048kb/raptor-3r/repeat-3,yjit-on,true,puma-response-string-2048kb,puma-response-time-wrk,puma/benchmarks/local/response_time_wrk,https://github.com/puma/puma/blob/main/benchmarks/local/response_time_wrk.rb,raptor-3r,3,raptor,3,,3493,1000,5.006,5.0,1000,1360,2.007,2.0,5,true,3493,0,697.81,3.997,7.427,11.263,417.77,440.512,62.387,62.387,9.955,20,20,67,same_worker,102,2512686
yjit-on/puma-response-io-2048kb/raptor-3r/repeat-3,yjit-on,true,puma-response-io-2048kb,puma-response-time-wrk,puma/benchmarks/local/response_time_wrk,https://github.com/puma/puma/blob/main/benchmarks/local/response_time_wrk.rb,raptor-3r,3,raptor,3,,1000,1000,16.142,5.0,1000,1000,16.96,2.0,5,true,1000,0,61.948,45.394,49.865,63.586,4080.767,4340.591,68.176,67.379,10.9,20,20,236,same_worker,272,4821389
yjit-on/puma-long-tail-fib-200ms-x6p0/raptor-3r/repeat-3,yjit-on,true,puma-long-tail-fib-200ms-x6p0,puma-long-tail-hey,puma/benchmarks/local/long_tail_hey + test/rackup/sleep_fibonacci,https://github.com/puma/puma/blob/main/benchmarks/local/long_tail_hey.rb,raptor-3r,3,raptor,3,,363,360,28.998,5.0,360,360,28.791,2.0,18,true,363,0,12.518,241.742,243.065,19601.013,24390.702,24390.845,67.891,67.891,20.78,20,20,422,same_worker,3,66055
yjit-on/puma-long-tail-fib-200ms-x4p0/raptor-3r/repeat-3,yjit-on,true,puma-long-tail-fib-200ms-x4p0,puma-long-tail-hey,puma/benchmarks/local/long_tail_hey + test/rackup/sleep_fibonacci,https://github.com/puma/puma/blob/main/benchmarks/local/long_tail_hey.rb,raptor-3r,3,raptor,3,,243,240,19.409,5.0,240,240,19.17,2.0,12,true,243,0,12.52,241.607,242.871,12801.032,14813.977,14814.264,67.902,67.902,29.445,20,20,284,same_worker,2,44729
yjit-on/puma-long-tail-fib-200ms-x3p0/raptor-3r/repeat-3,yjit-on,true,puma-long-tail-fib-200ms-x3p0,puma-long-tail-hey,puma/benchmarks/local/long_tail_hey + test/rackup/sleep_fibonacci,https://github.com/puma/puma/blob/main/benchmarks/local/long_tail_hey.rb,raptor-3r,3,raptor,3,,183,180,14.622,5.0,180,180,14.374,2.0,9,true,183,0,12.516,241.769,243.072,10023.535,10025.931,10026.399,67.91,67.91,35.13,20,20,214,same_worker,1,31321
yjit-on/puma-long-tail-fib-200ms-x2p0/raptor-3r/repeat-3,yjit-on,true,puma-long-tail-fib-200ms-x2p0,puma-long-tail-hey,puma/benchmarks/local/long_tail_hey + test/rackup/sleep_fibonacci,https://github.com/puma/puma/blob/main/benchmarks/local/long_tail_hey.rb,raptor-3r,3,raptor,3,,123,120,9.831,5.0,120,120,9.584,2.0,6,true,123,0,12.512,241.674,242.838,5232.376,5233.062,5233.084,67.914,67.914,38.825,20,20,144,same_worker,1,21353
yjit-on/puma-long-tail-fib-200ms-x1p5/raptor-3r/repeat-3,yjit-on,true,puma-long-tail-fib-200ms-x1p5,puma-long-tail-hey,puma/benchmarks/local/long_tail_hey + test/rackup/sleep_fibonacci,https://github.com/puma/puma/blob/main/benchmarks/local/long_tail_hey.rb,raptor-3r,3,raptor,3,,103,100,9.83,5.0,100,100,9.584,2.0,5,true,103,0,10.478,241.762,242.623,5131.328,5231.72,5231.791,67.914,67.914,41.54,20,20,145,same_worker,1,18593
yjit-on/puma-long-tail-fib-200ms-x1p0/raptor-3r/repeat-3,yjit-on,true,puma-long-tail-fib-200ms-x1p0,puma-long-tail-hey,puma/benchmarks/local/long_tail_hey + test/rackup/sleep_fibonacci,https://github.com/puma/puma/blob/main/benchmarks/local/long_tail_hey.rb,raptor-3r,3,raptor,3,,63,60,5.038,5.0,60,60,4.79,2.0,3,true,63,0,12.505,241.842,242.899,243.189,243.402,243.425,67.914,67.914,43.21,20,20,75,same_worker,1,12006
yjit-on/puma-long-tail-fib-200ms-x0p5/raptor-3r/repeat-3,yjit-on,true,puma-long-tail-fib-200ms-x0p5,puma-long-tail-hey,puma/benchmarks/local/long_tail_hey + test/rackup/sleep_fibonacci,https://github.com/puma/puma/blob/main/benchmarks/local/long_tail_hey.rb,raptor-3r,3,raptor,3,,42,40,5.034,5.0,40,40,4.787,2.0,2,true,42,0,8.343,241.72,242.229,242.237,242.241,242.241,67.914,67.914,44.21,20,20,75,same_worker,0,6960
yjit-on/puma-sleep-fibonacci-1ms/raptor-3r/repeat-3,yjit-on,true,puma-sleep-fibonacci-1ms,puma-sleep-fibonacci-test,puma/benchmarks/local/sleep_fibonacci_test + test/rackup/sleep_fibonacci,https://github.com/puma/puma/blob/main/benchmarks/local/sleep_fibonacci_test.rb,raptor-3r,3,raptor,3,,122,10,5.015,5.0,10,49,2.019,2.0,1,true,122,0,24.327,41.961,42.98,42.999,43.036,43.041,67.961,67.961,44.195,20,20,75,same_worker,0,21673
yjit-on/puma-sleep-fibonacci-5ms/raptor-3r/repeat-3,yjit-on,true,puma-sleep-fibonacci-5ms,puma-sleep-fibonacci-test,puma/benchmarks/local/sleep_fibonacci_test + test/rackup/sleep_fibonacci,https://github.com/puma/puma/blob/main/benchmarks/local/sleep_fibonacci_test.rb,raptor-3r,3,raptor,3,,114,10,5.016,5.0,10,46,2.031,2.0,1,true,114,0,22.729,44.966,45.59,45.988,46.011,46.014,67.973,67.973,43.895,20,20,75,same_worker,1,19158
yjit-on/puma-sleep-fibonacci-10ms/raptor-3r/repeat-3,yjit-on,true,puma-sleep-fibonacci-10ms,puma-sleep-fibonacci-test,puma/benchmarks/local/sleep_fibonacci_test + test/rackup/sleep_fibonacci,https://github.com/puma/puma/blob/main/benchmarks/local/sleep_fibonacci_test.rb,raptor-3r,3,raptor,3,,97,10,5.008,5.0,10,40,2.039,2.0,1,true,97,0,19.369,51.966,52.404,52.979,53.015,53.019,67.984,67.984,43.65,20,20,75,same_worker,0,17264
yjit-on/puma-sleep-fibonacci-50ms/raptor-3r/repeat-3,yjit-on,true,puma-sleep-fibonacci-50ms,puma-sleep-fibonacci-test,puma/benchmarks/local/sleep_fibonacci_test + test/rackup/sleep_fibonacci,https://github.com/puma/puma/blob/main/benchmarks/local/sleep_fibonacci_test.rb,raptor-3r,3,raptor,3,,56,10,5.066,5.0,10,23,2.054,2.0,1,true,56,0,11.054,90.976,91.951,92.397,92.784,92.827,68.004,68.004,43.575,20,20,76,same_worker,0,10048
yjit-on/puma-sleep-fibonacci-100ms/raptor-3r/repeat-3,yjit-on,true,puma-sleep-fibonacci-100ms,puma-sleep-fibonacci-test,puma/benchmarks/local/sleep_fibonacci_test + test/rackup/sleep_fibonacci,https://github.com/puma/puma/blob/main/benchmarks/local/sleep_fibonacci_test.rb,raptor-3r,3,raptor,3,,36,10,5.044,5.0,10,15,2.089,2.0,1,true,36,0,7.137,140.982,141.966,142.031,142.05,142.052,68.004,68.004,43.6,20,20,75,same_worker,0,6468
yjit-on/puma-sleep-fibonacci-200ms/raptor-3r/repeat-3,yjit-on,true,puma-sleep-fibonacci-200ms,puma-sleep-fibonacci-test,puma/benchmarks/local/sleep_fibonacci_test + test/rackup/sleep_fibonacci,https://github.com/puma/puma/blob/main/benchmarks/local/sleep_fibonacci_test.rb,raptor-3r,3,raptor,3,,21,10,5.041,5.0,10,10,2.38,2.0,1,true,21,0,4.166,241.952,242.114,242.127,242.13,242.13,68.012,68.012,43.69,20,20,75,same_worker,1,2929
yjit-on/puma-response-array-1kb/puma-1w-3t/repeat-1,yjit-on,true,puma-response-array-1kb,puma-response-time-wrk,puma/benchmarks/local/response_time_wrk,https://github.com/puma/puma/blob/main/benchmarks/local/response_time_wrk.rb,puma-1w-3t,3,puma,1,3,18560,1000,5.001,5.0,1000,7474,2.001,2.0,5,true,18560,0,3711.3,1.269,1.815,2.286,2.901,4.822,68.063,68.063,85.79,20,20,72,multiprocess_sample_only,,
yjit-on/puma-response-chunk-1kb/puma-1w-3t/repeat-1,yjit-on,true,puma-response-chunk-1kb,puma-response-time-wrk,puma/benchmarks/local/response_time_wrk,https://github.com/puma/puma/blob/main/benchmarks/local/response_time_wrk.rb,puma-1w-3t,3,puma,1,3,18199,1000,5.001,5.0,1000,7554,2.001,2.0,5,true,18199,0,3639.085,1.3,1.847,2.316,2.818,3.429,68.27,68.27,83.43,20,20,72,multiprocess_sample_only,,
yjit-on/puma-response-string-1kb/puma-1w-3t/repeat-1,yjit-on,true,puma-response-string-1kb,puma-response-time-wrk,puma/benchmarks/local/response_time_wrk,https://github.com/puma/puma/blob/main/benchmarks/local/response_time_wrk.rb,puma-1w-3t,3,puma,1,3,18637,1000,5.001,5.0,1000,7587,2.002,2.0,5,true,18637,0,3726.56,1.267,1.84,2.297,2.82,3.193,68.504,68.504,82.79,20,20,72,multiprocess_sample_only,,
yjit-on/puma-response-io-1kb/puma-1w-3t/repeat-1,yjit-on,true,puma-response-io-1kb,puma-response-time-wrk,puma/benchmarks/local/response_time_wrk,https://github.com/puma/puma/blob/main/benchmarks/local/response_time_wrk.rb,puma-1w-3t,3,puma,1,3,18290,1000,5.001,5.0,1000,7509,2.001,2.0,5,true,18290,0,3657.4,1.291,1.888,2.38,2.932,4.098,68.766,68.766,84.55,20,20,73,multiprocess_sample_only,,
yjit-on/puma-response-array-10kb/puma-1w-3t/repeat-1,yjit-on,true,puma-response-array-10kb,puma-response-time-wrk,puma/benchmarks/local/response_time_wrk,https://github.com/puma/puma/blob/main/benchmarks/local/response_time_wrk.rb,puma-1w-3t,3,puma,1,3,18436,1000,5.001,5.0,1000,7597,2.001,2.0,5,true,18436,0,3686.507,1.278,1.88,2.324,2.822,3.53,69.895,69.895,84.86,20,20,72,multiprocess_sample_only,,
yjit-on/puma-response-chunk-10kb/puma-1w-3t/repeat-1,yjit-on,true,puma-response-chunk-10kb,puma-response-time-wrk,puma/benchmarks/local/response_time_wrk,https://github.com/puma/puma/blob/main/benchmarks/local/response_time_wrk.rb,puma-1w-3t,3,puma,1,3,16061,1000,5.001,5.0,1000,6728,2.001,2.0,5,true,16061,0,3211.355,1.475,2.152,2.72,3.362,4.977,70.316,70.316,84.295,20,20,72,multiprocess_sample_only,,
yjit-on/puma-response-string-10kb/puma-1w-3t/repeat-1,yjit-on,true,puma-response-string-10kb,puma-response-time-wrk,puma/benchmarks/local/response_time_wrk,https://github.com/puma/puma/blob/main/benchmarks/local/response_time_wrk.rb,puma-1w-3t,3,puma,1,3,18376,1000,5.001,5.0,1000,7575,2.001,2.0,5,true,18376,0,3674.576,1.281,1.838,2.347,2.913,3.485,70.324,70.324,83.77,20,20,72,multiprocess_sample_only,,
yjit-on/puma-response-io-10kb/puma-1w-3t/repeat-1,yjit-on,true,puma-response-io-10kb,puma-response-time-wrk,puma/benchmarks/local/response_time_wrk,https://github.com/puma/puma/blob/main/benchmarks/local/response_time_wrk.rb,puma-1w-3t,3,puma,1,3,18024,1000,5.001,5.0,1000,7456,2.001,2.0,5,true,18024,0,3604.081,1.312,1.906,2.358,2.935,4.043,71.105,70.875,84.525,20,20,73,multiprocess_sample_only,,
yjit-on/puma-response-array-100kb/puma-1w-3t/repeat-1,yjit-on,true,puma-response-array-100kb,puma-response-time-wrk,puma/benchmarks/local/response_time_wrk,https://github.com/puma/puma/blob/main/benchmarks/local/response_time_wrk.rb,puma-1w-3t,3,puma,1,3,14369,1000,5.001,5.0,1000,5755,2.001,2.0,5,true,14369,0,2873.155,1.644,2.285,3.103,3.656,4.212,78.98,77.66,84.65,20,20,71,multiprocess_sample_only,,
yjit-on/puma-response-chunk-100kb/puma-1w-3t/repeat-1,yjit-on,true,puma-response-chunk-100kb,puma-response-time-wrk,puma/benchmarks/local/response_time_wrk,https://github.com/puma/puma/blob/main/benchmarks/local/response_time_wrk.rb,puma-1w-3t,3,puma,1,3,7750,1000,5.002,5.0,1000,3160,2.003,2.0,5,true,7750,0,1549.336,3.158,3.881,5.735,6.421,6.873,75.098,74.656,83.275,20,20,68,multiprocess_sample_only,,
yjit-on/puma-response-string-100kb/puma-1w-3t/repeat-1,yjit-on,true,puma-response-string-100kb,puma-response-time-wrk,puma/benchmarks/local/response_time_wrk,https://github.com/puma/puma/blob/main/benchmarks/local/response_time_wrk.rb,puma-1w-3t,3,puma,1,3,14339,1000,5.001,5.0,1000,5924,2.001,2.0,5,true,14339,0,2867.108,1.657,2.252,3.059,3.585,4.389,78.469,78.234,82.165,20,20,71,multiprocess_sample_only,,
yjit-on/puma-response-io-100kb/puma-1w-3t/repeat-1,yjit-on,true,puma-response-io-100kb,puma-response-time-wrk,puma/benchmarks/local/response_time_wrk,https://github.com/puma/puma/blob/main/benchmarks/local/response_time_wrk.rb,puma-1w-3t,3,puma,1,3,14370,1000,5.017,5.0,1000,5777,2.001,2.0,5,true,14370,0,2864.468,1.402,2.12,3.17,42.336,43.185,70.707,70.707,81.76,20,20,72,multiprocess_sample_only,,
yjit-on/puma-response-array-256kb/puma-1w-3t/repeat-1,yjit-on,true,puma-response-array-256kb,puma-response-time-wrk,puma/benchmarks/local/response_time_wrk,https://github.com/puma/puma/blob/main/benchmarks/local/response_time_wrk.rb,puma-1w-3t,3,puma,1,3,10342,1000,5.002,5.0,1000,4262,2.002,2.0,5,true,10342,0,2067.732,2.085,3.724,6.061,20.799,23.92,95.941,93.824,81.35,20,20,69,multiprocess_sample_only,,
yjit-on/puma-response-chunk-256kb/puma-1w-3t/repeat-1,yjit-on,true,puma-response-chunk-256kb,puma-response-time-wrk,puma/benchmarks/local/response_time_wrk,https://github.com/puma/puma/blob/main/benchmarks/local/response_time_wrk.rb,puma-1w-3t,3,puma,1,3,4360,1000,5.004,5.0,1000,1762,2.004,2.0,5,true,4360,0,871.255,5.655,6.876,10.59,11.335,12.23,78.746,78.109,80.225,20,20,63,multiprocess_sample_only,,
yjit-on/puma-response-string-256kb/puma-1w-3t/repeat-1,yjit-on,true,puma-response-string-256kb,puma-response-time-wrk,puma/benchmarks/local/response_time_wrk,https://github.com/puma/puma/blob/main/benchmarks/local/response_time_wrk.rb,puma-1w-3t,3,puma,1,3,10316,1000,5.002,5.0,1000,4386,2.001,2.0,5,true,10316,0,2062.481,2.087,3.789,6.357,20.005,22.295,75.086,75.086,78.755,20,20,68,multiprocess_sample_only,,
yjit-on/puma-response-io-256kb/puma-1w-3t/repeat-1,yjit-on,true,puma-response-io-256kb,puma-response-time-wrk,puma/benchmarks/local/response_time_wrk,https://github.com/puma/puma/blob/main/benchmarks/local/response_time_wrk.rb,puma-1w-3t,3,puma,1,3,10203,1000,5.002,5.0,1000,4064,2.002,2.0,5,true,10203,0,2039.711,2.108,3.832,6.364,20.782,44.896,75.086,75.086,77.52,20,20,69,multiprocess_sample_only,,
yjit-on/puma-response-array-512kb/puma-1w-3t/repeat-1,yjit-on,true,puma-response-array-512kb,puma-response-time-wrk,puma/benchmarks/local/response_time_wrk,https://github.com/puma/puma/blob/main/benchmarks/local/response_time_wrk.rb,puma-1w-3t,3,puma,1,3,7617,1000,5.002,5.0,1000,3208,2.003,2.0,5,true,7617,0,1522.676,2.716,5.242,20.819,24.469,26.13,117.004,115.156,77.06,20,20,68,multiprocess_sample_only,,
yjit-on/puma-response-chunk-512kb/puma-1w-3t/repeat-1,yjit-on,true,puma-response-chunk-512kb,puma-response-time-wrk,puma/benchmarks/local/response_time_wrk,https://github.com/puma/puma/blob/main/benchmarks/local/response_time_wrk.rb,puma-1w-3t,3,puma,1,3,2423,1000,5.01,5.0,1000,1000,2.086,2.0,5,true,2423,0,483.615,10.193,16.529,19.343,20.396,21.088,83.5,82.27,76.175,20,20,56,multiprocess_sample_only,,
yjit-on/puma-response-string-512kb/puma-1w-3t/repeat-1,yjit-on,true,puma-response-string-512kb,puma-response-time-wrk,puma/benchmarks/local/response_time_wrk,https://github.com/puma/puma/blob/main/benchmarks/local/response_time_wrk.rb,puma-1w-3t,3,puma,1,3,7907,1000,5.017,5.0,1000,3259,2.002,2.0,5,true,7907,0,1575.932,2.621,4.972,21.183,24.259,25.704,77.266,77.266,75.04,20,20,67,multiprocess_sample_only,,
yjit-on/puma-response-io-512kb/puma-1w-3t/repeat-1,yjit-on,true,puma-response-io-512kb,puma-response-time-wrk,puma/benchmarks/local/response_time_wrk,https://github.com/puma/puma/blob/main/benchmarks/local/response_time_wrk.rb,puma-1w-3t,3,puma,1,3,7349,1000,5.134,5.0,1000,2906,2.003,2.0,5,true,7349,0,1431.436,2.741,5.423,21.101,29.989,208.768,77.344,77.344,73.805,20,20,69,multiprocess_sample_only,,
yjit-on/puma-response-array-1024kb/puma-1w-3t/repeat-1,yjit-on,true,puma-response-array-1024kb,puma-response-time-wrk,puma/benchmarks/local/response_time_wrk,https://github.com/puma/puma/blob/main/benchmarks/local/response_time_wrk.rb,puma-1w-3t,3,puma,1,3,5255,1000,5.003,5.0,1000,2116,2.004,2.0,5,true,5255,0,1050.331,3.995,7.591,24.154,28.827,31.738,145.809,107.527,73.355,20,20,66,multiprocess_sample_only,,
yjit-on/puma-response-chunk-1024kb/puma-1w-3t/repeat-1,yjit-on,true,puma-response-chunk-1024kb,puma-response-time-wrk,puma/benchmarks/local/response_time_wrk,https://github.com/puma/puma/blob/main/benchmarks/local/response_time_wrk.rb,puma-1w-3t,3,puma,1,3,1299,1000,5.016,5.0,1000,1000,3.798,2.0,5,true,1299,0,258.951,19.128,21.895,35.299,36.678,36.691,83.535,82.195,72.515,20,20,45,multiprocess_sample_only,,
yjit-on/puma-response-string-1024kb/puma-1w-3t/repeat-1,yjit-on,true,puma-response-string-1024kb,puma-response-time-wrk,puma/benchmarks/local/response_time_wrk,https://github.com/puma/puma/blob/main/benchmarks/local/response_time_wrk.rb,puma-1w-3t,3,puma,1,3,5065,1000,5.004,5.0,1000,2161,2.004,2.0,5,true,5065,0,1012.282,4.145,8.139,24.563,30.945,34.323,82.078,82.078,71.44,20,20,63,multiprocess_sample_only,,
yjit-on/puma-response-io-1024kb/puma-1w-3t/repeat-1,yjit-on,true,puma-response-io-1024kb,puma-response-time-wrk,puma/benchmarks/local/response_time_wrk,https://github.com/puma/puma/blob/main/benchmarks/local/response_time_wrk.rb,puma-1w-3t,3,puma,1,3,5081,1000,5.004,5.0,1000,2054,2.005,2.0,5,true,5081,0,1015.344,4.222,7.672,24.336,29.798,213.045,82.141,82.141,70.03,20,20,64,multiprocess_sample_only,,
yjit-on/puma-response-array-2048kb/puma-1w-3t/repeat-1,yjit-on,true,puma-response-array-2048kb,puma-response-time-wrk,puma/benchmarks/local/response_time_wrk,https://github.com/puma/puma/blob/main/benchmarks/local/response_time_wrk.rb,puma-1w-3t,3,puma,1,3,3135,1000,5.007,5.0,1000,1296,2.007,2.0,5,true,3135,0,626.137,7.593,12.646,15.015,17.318,18.935,102.344,90.934,69.845,20,20,61,multiprocess_sample_only,,
yjit-on/puma-response-chunk-2048kb/puma-1w-3t/repeat-1,yjit-on,true,puma-response-chunk-2048kb,puma-response-time-wrk,puma/benchmarks/local/response_time_wrk,https://github.com/puma/puma/blob/main/benchmarks/local/response_time_wrk.rb,puma-1w-3t,3,puma,1,3,1000,1000,7.263,5.0,1000,1000,7.168,2.0,5,true,1000,0,137.679,36.016,38.13,66.122,67.595,68.287,87.172,86.059,68.92,20,20,50,multiprocess_sample_only,,
yjit-on/puma-response-string-2048kb/puma-1w-3t/repeat-1,yjit-on,true,puma-response-string-2048kb,puma-response-time-wrk,puma/benchmarks/local/response_time_wrk,https://github.com/puma/puma/blob/main/benchmarks/local/response_time_wrk.rb,puma-1w-3t,3,puma,1,3,3336,1000,5.007,5.0,1000,1336,2.006,2.0,5,true,3336,0,666.321,7.134,12.393,14.018,15.406,15.899,88.063,88.063,67.93,20,20,60,multiprocess_sample_only,,
yjit-on/puma-response-io-2048kb/puma-1w-3t/repeat-1,yjit-on,true,puma-response-io-2048kb,puma-response-time-wrk,puma/benchmarks/local/response_time_wrk,https://github.com/puma/puma/blob/main/benchmarks/local/response_time_wrk.rb,puma-1w-3t,3,puma,1,3,3289,1000,5.007,5.0,1000,1391,2.006,2.0,5,true,3289,0,656.931,7.237,12.287,14.323,28.503,30.317,88.063,88.063,66.645,20,20,60,multiprocess_sample_only,,
yjit-on/puma-long-tail-fib-200ms-x6p0/puma-1w-3t/repeat-1,yjit-on,true,puma-long-tail-fib-200ms-x6p0,puma-long-tail-hey,puma/benchmarks/local/long_tail_hey + test/rackup/sleep_fibonacci,https://github.com/puma/puma/blob/main/benchmarks/local/long_tail_hey.rb,puma-1w-3t,3,puma,1,3,360,360,50.866,5.0,360,360,50.873,2.0,18,true,360,0,7.077,2542.788,2546.617,2547.068,2547.259,2547.282,103.395,103.395,75.105,20,20,743,multiprocess_sample_only,,
yjit-on/puma-long-tail-fib-200ms-x4p0/puma-1w-3t/repeat-1,yjit-on,true,puma-long-tail-fib-200ms-x4p0,puma-long-tail-hey,puma/benchmarks/local/long_tail_hey + test/rackup/sleep_fibonacci,https://github.com/puma/puma/blob/main/benchmarks/local/long_tail_hey.rb,puma-1w-3t,3,puma,1,3,240,240,33.908,5.0,240,240,33.915,2.0,12,true,240,0,7.078,1694.999,1698.593,1698.947,1699.393,1699.419,103.395,103.395,80.43,20,20,496,multiprocess_sample_only,,
yjit-on/puma-long-tail-fib-200ms-x3p0/puma-1w-3t/repeat-1,yjit-on,true,puma-long-tail-fib-200ms-x3p0,puma-long-tail-hey,puma/benchmarks/local/long_tail_hey + test/rackup/sleep_fibonacci,https://github.com/puma/puma/blob/main/benchmarks/local/long_tail_hey.rb,puma-1w-3t,3,puma,1,3,180,180,25.429,5.0,180,180,25.423,2.0,9,true,180,0,7.079,1271.142,1274.723,1275.245,1275.454,1275.463,106.77,106.77,83.03,20,20,373,multiprocess_sample_only,,
yjit-on/puma-long-tail-fib-200ms-x2p0/puma-1w-3t/repeat-1,yjit-on,true,puma-long-tail-fib-200ms-x2p0,puma-long-tail-hey,puma/benchmarks/local/long_tail_hey + test/rackup/sleep_fibonacci,https://github.com/puma/puma/blob/main/benchmarks/local/long_tail_hey.rb,puma-1w-3t,3,puma,1,3,120,120,16.95,5.0,120,120,16.945,2.0,6,true,120,0,7.079,847.372,850.848,851.238,851.688,851.748,106.895,106.895,84.455,20,20,249,multiprocess_sample_only,,
yjit-on/puma-long-tail-fib-200ms-x1p5/puma-1w-3t/repeat-1,yjit-on,true,puma-long-tail-fib-200ms-x1p5,puma-long-tail-hey,puma/benchmarks/local/long_tail_hey + test/rackup/sleep_fibonacci,https://github.com/puma/puma/blob/main/benchmarks/local/long_tail_hey.rb,puma-1w-3t,3,puma,1,3,100,100,14.128,5.0,100,100,14.188,2.0,5,true,100,0,7.078,840.305,847.891,848.349,848.441,848.451,106.895,106.895,85.39,20,20,208,multiprocess_sample_only,,
yjit-on/puma-long-tail-fib-200ms-x1p0/puma-1w-3t/repeat-1,yjit-on,true,puma-long-tail-fib-200ms-x1p0,puma-long-tail-hey,puma/benchmarks/local/long_tail_hey + test/rackup/sleep_fibonacci,https://github.com/puma/puma/blob/main/benchmarks/local/long_tail_hey.rb,puma-1w-3t,3,puma,1,3,60,60,8.477,5.0,60,60,8.481,2.0,3,true,60,0,7.078,423.745,425.045,425.802,425.831,425.834,107.082,107.082,85.965,20,20,125,multiprocess_sample_only,,
yjit-on/puma-long-tail-fib-200ms-x0p5/puma-1w-3t/repeat-1,yjit-on,true,puma-long-tail-fib-200ms-x0p5,puma-long-tail-hey,puma/benchmarks/local/long_tail_hey + test/rackup/sleep_fibonacci,https://github.com/puma/puma/blob/main/benchmarks/local/long_tail_hey.rb,puma-1w-3t,3,puma,1,3,40,40,5.649,5.0,40,40,5.65,2.0,2,true,40,0,7.081,282.392,282.68,282.703,282.709,282.709,107.082,107.082,86.305,20,20,84,multiprocess_sample_only,,
yjit-on/puma-sleep-fibonacci-1ms/puma-1w-3t/repeat-1,yjit-on,true,puma-sleep-fibonacci-1ms,puma-sleep-fibonacci-test,puma/benchmarks/local/sleep_fibonacci_test + test/rackup/sleep_fibonacci,https://github.com/puma/puma/blob/main/benchmarks/local/sleep_fibonacci_test.rb,puma-1w-3t,3,puma,1,3,1971,10,5.001,5.0,10,782,2.0,2.0,1,true,1971,0,394.16,2.5,2.627,2.887,3.334,3.583,107.082,107.082,85.935,20,20,75,multiprocess_sample_only,,
yjit-on/puma-sleep-fibonacci-5ms/puma-1w-3t/repeat-1,yjit-on,true,puma-sleep-fibonacci-5ms,puma-sleep-fibonacci-test,puma/benchmarks/local/sleep_fibonacci_test + test/rackup/sleep_fibonacci,https://github.com/puma/puma/blob/main/benchmarks/local/sleep_fibonacci_test.rb,puma-1w-3t,3,puma,1,3,578,10,5.001,5.0,10,232,2.001,2.0,1,true,578,0,115.585,8.612,8.732,8.926,9.524,9.686,107.082,107.082,85.33,20,20,74,multiprocess_sample_only,,
yjit-on/puma-sleep-fibonacci-10ms/puma-1w-3t/repeat-1,yjit-on,true,puma-sleep-fibonacci-10ms,puma-sleep-fibonacci-test,puma/benchmarks/local/sleep_fibonacci_test + test/rackup/sleep_fibonacci,https://github.com/puma/puma/blob/main/benchmarks/local/sleep_fibonacci_test.rb,puma-1w-3t,3,puma,1,3,411,10,5.007,5.0,10,165,2.009,2.0,1,true,411,0,82.079,12.139,12.27,12.509,13.177,13.358,107.082,107.082,84.92,20,20,75,multiprocess_sample_only,,
yjit-on/puma-sleep-fibonacci-50ms/puma-1w-3t/repeat-1,yjit-on,true,puma-sleep-fibonacci-50ms,puma-sleep-fibonacci-test,puma/benchmarks/local/sleep_fibonacci_test + test/rackup/sleep_fibonacci,https://github.com/puma/puma/blob/main/benchmarks/local/sleep_fibonacci_test.rb,puma-1w-3t,3,puma,1,3,99,10,5.001,5.0,10,40,2.022,2.0,1,true,99,0,19.795,50.432,50.62,51.456,51.649,51.67,107.082,107.082,84.67,20,20,75,multiprocess_sample_only,,
yjit-on/puma-sleep-fibonacci-100ms/puma-1w-3t/repeat-1,yjit-on,true,puma-sleep-fibonacci-100ms,puma-sleep-fibonacci-test,puma/benchmarks/local/sleep_fibonacci_test + test/rackup/sleep_fibonacci,https://github.com/puma/puma/blob/main/benchmarks/local/sleep_fibonacci_test.rb,puma-1w-3t,3,puma,1,3,50,10,5.026,5.0,10,20,2.014,2.0,1,true,50,0,9.947,100.463,100.578,100.695,100.724,100.727,107.082,107.082,84.485,20,20,75,multiprocess_sample_only,,
yjit-on/puma-sleep-fibonacci-200ms/puma-1w-3t/repeat-1,yjit-on,true,puma-sleep-fibonacci-200ms,puma-sleep-fibonacci-test,puma/benchmarks/local/sleep_fibonacci_test + test/rackup/sleep_fibonacci,https://github.com/puma/puma/blob/main/benchmarks/local/sleep_fibonacci_test.rb,puma-1w-3t,3,puma,1,3,25,10,5.015,5.0,10,10,2.007,2.0,1,true,25,0,4.985,200.515,200.59,200.617,200.624,200.624,107.082,107.082,84.305,20,20,75,multiprocess_sample_only,,
yjit-on/puma-response-array-1kb/puma-1w-3t/repeat-2,yjit-on,true,puma-response-array-1kb,puma-response-time-wrk,puma/benchmarks/local/response_time_wrk,https://github.com/puma/puma/blob/main/benchmarks/local/response_time_wrk.rb,puma-1w-3t,3,puma,1,3,18964,1000,5.001,5.0,1000,7605,2.001,2.0,5,true,18964,0,3792.04,1.246,1.756,2.193,2.716,4.195,67.816,67.816,84.635,20,20,72,multiprocess_sample_only,,
yjit-on/puma-response-chunk-1kb/puma-1w-3t/repeat-2,yjit-on,true,puma-response-chunk-1kb,puma-response-time-wrk,puma/benchmarks/local/response_time_wrk,https://github.com/puma/puma/blob/main/benchmarks/local/response_time_wrk.rb,puma-1w-3t,3,puma,1,3,18512,1000,5.001,5.0,1000,7548,2.002,2.0,5,true,18512,0,3701.543,1.276,1.809,2.261,2.79,3.099,68.262,68.262,82.505,20,20,72,multiprocess_sample_only,,
yjit-on/puma-response-string-1kb/puma-1w-3t/repeat-2,yjit-on,true,puma-response-string-1kb,puma-response-time-wrk,puma/benchmarks/local/response_time_wrk,https://github.com/puma/puma/blob/main/benchmarks/local/response_time_wrk.rb,puma-1w-3t,3,puma,1,3,18648,1000,5.001,5.0,1000,7720,2.001,2.0,5,true,18648,0,3728.594,1.259,1.838,2.308,3.091,4.305,68.445,68.445,82.015,20,20,72,multiprocess_sample_only,,
yjit-on/puma-response-io-1kb/puma-1w-3t/repeat-2,yjit-on,true,puma-response-io-1kb,puma-response-time-wrk,puma/benchmarks/local/response_time_wrk,https://github.com/puma/puma/blob/main/benchmarks/local/response_time_wrk.rb,puma-1w-3t,3,puma,1,3,18128,1000,5.001,5.0,1000,7542,2.001,2.0,5,true,18128,0,3624.996,1.291,1.93,2.41,3.113,3.697,68.711,68.711,83.705,20,20,72,multiprocess_sample_only,,
yjit-on/puma-response-array-10kb/puma-1w-3t/repeat-2,yjit-on,true,puma-response-array-10kb,puma-response-time-wrk,puma/benchmarks/local/response_time_wrk,https://github.com/puma/puma/blob/main/benchmarks/local/response_time_wrk.rb,puma-1w-3t,3,puma,1,3,18667,1000,5.001,5.0,1000,7765,2.001,2.0,5,true,18667,0,3732.749,1.264,1.828,2.259,2.802,3.478,70.387,70.387,84.105,20,20,72,multiprocess_sample_only,,
yjit-on/puma-response-chunk-10kb/puma-1w-3t/repeat-2,yjit-on,true,puma-response-chunk-10kb,puma-response-time-wrk,puma/benchmarks/local/response_time_wrk,https://github.com/puma/puma/blob/main/benchmarks/local/response_time_wrk.rb,puma-1w-3t,3,puma,1,3,16314,1000,5.001,5.0,1000,6696,2.001,2.0,5,true,16314,0,3261.974,1.46,2.061,2.63,3.181,4.233,70.617,70.617,83.495,20,20,72,multiprocess_sample_only,,
yjit-on/puma-response-string-10kb/puma-1w-3t/repeat-2,yjit-on,true,puma-response-string-10kb,puma-response-time-wrk,puma/benchmarks/local/response_time_wrk,https://github.com/puma/puma/blob/main/benchmarks/local/response_time_wrk.rb,puma-1w-3t,3,puma,1,3,18606,1000,5.001,5.0,1000,7557,2.001,2.0,5,true,18606,0,3720.439,1.268,1.834,2.305,2.863,3.746,70.723,70.723,83.015,20,20,72,multiprocess_sample_only,,
yjit-on/puma-response-io-10kb/puma-1w-3t/repeat-2,yjit-on,true,puma-response-io-10kb,puma-response-time-wrk,puma/benchmarks/local/response_time_wrk,https://github.com/puma/puma/blob/main/benchmarks/local/response_time_wrk.rb,puma-1w-3t,3,puma,1,3,18371,1000,5.001,5.0,1000,7553,2.001,2.0,5,true,18371,0,3673.38,1.278,1.898,2.378,3.242,4.921,72.551,72.211,83.76,20,20,72,multiprocess_sample_only,,
yjit-on/puma-response-array-100kb/puma-1w-3t/repeat-2,yjit-on,true,puma-response-array-100kb,puma-response-time-wrk,puma/benchmarks/local/response_time_wrk,https://github.com/puma/puma/blob/main/benchmarks/local/response_time_wrk.rb,puma-1w-3t,3,puma,1,3,14463,1000,5.001,5.0,1000,5915,2.002,2.0,5,true,14463,0,2891.881,1.642,2.2,2.982,3.505,4.607,82.738,81.695,83.785,20,20,71,multiprocess_sample_only,,
yjit-on/puma-response-chunk-100kb/puma-1w-3t/repeat-2,yjit-on,true,puma-response-chunk-100kb,puma-response-time-wrk,puma/benchmarks/local/response_time_wrk,https://github.com/puma/puma/blob/main/benchmarks/local/response_time_wrk.rb,puma-1w-3t,3,puma,1,3,7717,1000,5.002,5.0,1000,3179,2.003,2.0,5,true,7717,0,1542.645,3.171,3.937,5.756,6.659,7.8,76.707,76.367,82.385,20,20,68,multiprocess_sample_only,,
yjit-on/puma-response-string-100kb/puma-1w-3t/repeat-2,yjit-on,true,puma-response-string-100kb,puma-response-time-wrk,puma/benchmarks/local/response_time_wrk,https://github.com/puma/puma/blob/main/benchmarks/local/response_time_wrk.rb,puma-1w-3t,3,puma,1,3,14606,1000,5.001,5.0,1000,5894,2.001,2.0,5,true,14606,0,2920.526,1.634,2.119,2.829,3.469,4.176,81.637,80.934,81.275,20,20,71,multiprocess_sample_only,,
yjit-on/puma-response-io-100kb/puma-1w-3t/repeat-2,yjit-on,true,puma-response-io-100kb,puma-response-time-wrk,puma/benchmarks/local/response_time_wrk,https://github.com/puma/puma/blob/main/benchmarks/local/response_time_wrk.rb,puma-1w-3t,3,puma,1,3,14425,1000,5.023,5.0,1000,5838,2.021,2.0,5,true,14425,0,2872.034,1.248,1.96,40.989,42.504,43.004,74.016,73.832,80.755,20,20,73,multiprocess_sample_only,,
yjit-on/puma-response-array-256kb/puma-1w-3t/repeat-2,yjit-on,true,puma-response-array-256kb,puma-response-time-wrk,puma/benchmarks/local/response_time_wrk,https://github.com/puma/puma/blob/main/benchmarks/local/response_time_wrk.rb,puma-1w-3t,3,puma,1,3,10713,1000,5.002,5.0,1000,4388,2.001,2.0,5,true,10713,0,2141.939,2.036,3.528,5.204,20.788,23.661,110.473,110.473,80.3,20,20,68,multiprocess_sample_only,,
yjit-on/puma-response-chunk-256kb/puma-1w-3t/repeat-2,yjit-on,true,puma-response-chunk-256kb,puma-response-time-wrk,puma/benchmarks/local/response_time_wrk,https://github.com/puma/puma/blob/main/benchmarks/local/response_time_wrk.rb,puma-1w-3t,3,puma,1,3,4345,1000,5.005,5.0,1000,1750,2.005,2.0,5,true,4345,0,868.099,5.663,7.15,10.664,11.475,11.705,81.348,80.797,79.145,20,20,63,multiprocess_sample_only,,
yjit-on/puma-response-string-256kb/puma-1w-3t/repeat-2,yjit-on,true,puma-response-string-256kb,puma-response-time-wrk,puma/benchmarks/local/response_time_wrk,https://github.com/puma/puma/blob/main/benchmarks/local/response_time_wrk.rb,puma-1w-3t,3,puma,1,3,10700,1000,5.002,5.0,1000,4412,2.002,2.0,5,true,10700,0,2139.299,2.044,3.52,5.065,21.319,24.894,72.988,72.988,77.815,20,20,68,multiprocess_sample_only,,
yjit-on/puma-response-io-256kb/puma-1w-3t/repeat-2,yjit-on,true,puma-response-io-256kb,puma-response-time-wrk,puma/benchmarks/local/response_time_wrk,https://github.com/puma/puma/blob/main/benchmarks/local/response_time_wrk.rb,puma-1w-3t,3,puma,1,3,10550,1000,5.002,5.0,1000,4291,2.002,2.0,5,true,10550,0,2109.269,2.05,3.677,5.41,20.893,61.951,73.176,72.801,76.705,20,20,69,multiprocess_sample_only,,
yjit-on/puma-response-array-512kb/puma-1w-3t/repeat-2,yjit-on,true,puma-response-array-512kb,puma-response-time-wrk,puma/benchmarks/local/response_time_wrk,https://github.com/puma/puma/blob/main/benchmarks/local/response_time_wrk.rb,puma-1w-3t,3,puma,1,3,8237,1000,5.002,5.0,1000,3298,2.002,2.0,5,true,8237,0,1646.679,2.591,4.571,21.294,24.289,25.561,115.063,113.188,76.33,20,20,68,multiprocess_sample_only,,
yjit-on/puma-response-chunk-512kb/puma-1w-3t/repeat-2,yjit-on,true,puma-response-chunk-512kb,puma-response-time-wrk,puma/benchmarks/local/response_time_wrk,https://github.com/puma/puma/blob/main/benchmarks/local/response_time_wrk.rb,puma-1w-3t,3,puma,1,3,2456,1000,5.007,5.0,1000,1000,2.021,2.0,5,true,2456,0,490.483,10.109,11.807,18.761,19.501,19.889,84.805,83.18,75.54,20,20,55,multiprocess_sample_only,,
yjit-on/puma-response-string-512kb/puma-1w-3t/repeat-2,yjit-on,true,puma-response-string-512kb,puma-response-time-wrk,puma/benchmarks/local/response_time_wrk,https://github.com/puma/puma/blob/main/benchmarks/local/response_time_wrk.rb,puma-1w-3t,3,puma,1,3,8037,1000,5.002,5.0,1000,3336,2.002,2.0,5,true,8037,0,1606.655,2.638,4.775,21.505,24.852,26.113,76.371,76.371,74.39,20,20,67,multiprocess_sample_only,,
yjit-on/puma-response-io-512kb/puma-1w-3t/repeat-2,yjit-on,true,puma-response-io-512kb,puma-response-time-wrk,puma/benchmarks/local/response_time_wrk,https://github.com/puma/puma/blob/main/benchmarks/local/response_time_wrk.rb,puma-1w-3t,3,puma,1,3,8015,1000,5.002,5.0,1000,3329,2.002,2.0,5,true,8015,0,1602.408,2.608,4.8,21.588,24.34,210.879,76.453,76.453,73.17,20,20,67,multiprocess_sample_only,,
yjit-on/puma-response-array-1024kb/puma-1w-3t/repeat-2,yjit-on,true,puma-response-array-1024kb,puma-response-time-wrk,puma/benchmarks/local/response_time_wrk,https://github.com/puma/puma/blob/main/benchmarks/local/response_time_wrk.rb,puma-1w-3t,3,puma,1,3,5393,1000,5.004,5.0,1000,2217,2.003,2.0,5,true,5393,0,1077.79,3.907,7.418,23.776,27.657,28.081,140.238,140.238,72.71,20,20,67,multiprocess_sample_only,,
yjit-on/puma-response-chunk-1024kb/puma-1w-3t/repeat-2,yjit-on,true,puma-response-chunk-1024kb,puma-response-time-wrk,puma/benchmarks/local/response_time_wrk,https://github.com/puma/puma/blob/main/benchmarks/local/response_time_wrk.rb,puma-1w-3t,3,puma,1,3,1335,1000,5.017,5.0,1000,1000,3.695,2.0,5,true,1335,0,266.08,18.548,29.39,34.944,35.532,35.582,96.449,96.027,71.86,20,20,46,multiprocess_sample_only,,
yjit-on/puma-response-string-1024kb/puma-1w-3t/repeat-2,yjit-on,true,puma-response-string-1024kb,puma-response-time-wrk,puma/benchmarks/local/response_time_wrk,https://github.com/puma/puma/blob/main/benchmarks/local/response_time_wrk.rb,puma-1w-3t,3,puma,1,3,5438,1000,5.011,5.0,1000,2296,2.003,2.0,5,true,5438,0,1085.144,3.951,7.262,24.053,29.004,30.663,92.449,92.449,70.78,20,20,64,multiprocess_sample_only,,
yjit-on/puma-response-io-1024kb/puma-1w-3t/repeat-2,yjit-on,true,puma-response-io-1024kb,puma-response-time-wrk,puma/benchmarks/local/response_time_wrk,https://github.com/puma/puma/blob/main/benchmarks/local/response_time_wrk.rb,puma-1w-3t,3,puma,1,3,5353,1000,5.003,5.0,1000,2174,2.003,2.0,5,true,5353,0,1069.868,4.051,7.272,24.328,27.917,212.392,92.512,92.512,69.395,20,20,65,multiprocess_sample_only,,
yjit-on/puma-response-array-2048kb/puma-1w-3t/repeat-2,yjit-on,true,puma-response-array-2048kb,puma-response-time-wrk,puma/benchmarks/local/response_time_wrk,https://github.com/puma/puma/blob/main/benchmarks/local/response_time_wrk.rb,puma-1w-3t,3,puma,1,3,3494,1000,5.007,5.0,1000,1396,2.007,2.0,5,true,3494,0,697.881,6.817,11.496,13.045,14.267,15.263,108.098,98.488,69.29,20,20,63,multiprocess_sample_only,,
yjit-on/puma-response-chunk-2048kb/puma-1w-3t/repeat-2,yjit-on,true,puma-response-chunk-2048kb,puma-response-time-wrk,puma/benchmarks/local/response_time_wrk,https://github.com/puma/puma/blob/main/benchmarks/local/response_time_wrk.rb,puma-1w-3t,3,puma,1,3,1000,1000,7.143,5.0,1000,1000,7.064,2.0,5,true,1000,0,140.005,35.262,50.525,64.39,65.269,65.623,102.641,98.691,68.38,20,20,50,multiprocess_sample_only,,
yjit-on/puma-response-string-2048kb/puma-1w-3t/repeat-2,yjit-on,true,puma-response-string-2048kb,puma-response-time-wrk,puma/benchmarks/local/response_time_wrk,https://github.com/puma/puma/blob/main/benchmarks/local/response_time_wrk.rb,puma-1w-3t,3,puma,1,3,3597,1000,5.006,5.0,1000,1441,2.005,2.0,5,true,3597,0,718.597,6.579,11.698,13.075,13.827,14.711,95.852,95.852,67.4,20,20,61,multiprocess_sample_only,,
yjit-on/puma-response-io-2048kb/puma-1w-3t/repeat-2,yjit-on,true,puma-response-io-2048kb,puma-response-time-wrk,puma/benchmarks/local/response_time_wrk,https://github.com/puma/puma/blob/main/benchmarks/local/response_time_wrk.rb,puma-1w-3t,3,puma,1,3,3611,1000,5.006,5.0,1000,1433,2.006,2.0,5,true,3611,0,721.331,6.643,11.217,12.859,13.471,13.781,95.852,95.852,66.025,20,20,61,multiprocess_sample_only,,
yjit-on/puma-long-tail-fib-200ms-x6p0/puma-1w-3t/repeat-2,yjit-on,true,puma-long-tail-fib-200ms-x6p0,puma-long-tail-hey,puma/benchmarks/local/long_tail_hey + test/rackup/sleep_fibonacci,https://github.com/puma/puma/blob/main/benchmarks/local/long_tail_hey.rb,puma-1w-3t,3,puma,1,3,360,360,50.853,5.0,360,360,50.863,2.0,18,true,360,0,7.079,2542.273,2544.603,2548.382,2549.355,2549.456,115.551,115.551,74.76,20,20,744,multiprocess_sample_only,,
yjit-on/puma-long-tail-fib-200ms-x4p0/puma-1w-3t/repeat-2,yjit-on,true,puma-long-tail-fib-200ms-x4p0,puma-long-tail-hey,puma/benchmarks/local/long_tail_hey + test/rackup/sleep_fibonacci,https://github.com/puma/puma/blob/main/benchmarks/local/long_tail_hey.rb,puma-1w-3t,3,puma,1,3,240,240,33.899,5.0,240,240,33.893,2.0,12,true,240,0,7.08,1694.535,1698.125,1699.007,1699.792,1700.024,116.121,116.121,80.15,20,20,496,multiprocess_sample_only,,
yjit-on/puma-long-tail-fib-200ms-x3p0/puma-1w-3t/repeat-2,yjit-on,true,puma-long-tail-fib-200ms-x3p0,puma-long-tail-hey,puma/benchmarks/local/long_tail_hey + test/rackup/sleep_fibonacci,https://github.com/puma/puma/blob/main/benchmarks/local/long_tail_hey.rb,puma-1w-3t,3,puma,1,3,180,180,25.434,5.0,180,180,25.42,2.0,9,true,180,0,7.077,1271.249,1274.766,1275.842,1277.142,1277.283,116.184,116.184,82.805,20,20,373,multiprocess_sample_only,,
yjit-on/puma-long-tail-fib-200ms-x2p0/puma-1w-3t/repeat-2,yjit-on,true,puma-long-tail-fib-200ms-x2p0,puma-long-tail-hey,puma/benchmarks/local/long_tail_hey + test/rackup/sleep_fibonacci,https://github.com/puma/puma/blob/main/benchmarks/local/long_tail_hey.rb,puma-1w-3t,3,puma,1,3,120,120,16.947,5.0,120,120,16.946,2.0,6,true,120,0,7.081,847.176,849.961,850.129,850.411,850.449,116.184,116.184,84.24,20,20,249,multiprocess_sample_only,,
yjit-on/puma-long-tail-fib-200ms-x1p5/puma-1w-3t/repeat-2,yjit-on,true,puma-long-tail-fib-200ms-x1p5,puma-long-tail-hey,puma/benchmarks/local/long_tail_hey + test/rackup/sleep_fibonacci,https://github.com/puma/puma/blob/main/benchmarks/local/long_tail_hey.rb,puma-1w-3t,3,puma,1,3,100,100,14.129,5.0,100,100,14.125,2.0,5,true,100,0,7.078,840.281,848.027,848.72,848.837,848.85,119.121,117.5,85.205,20,20,208,multiprocess_sample_only,,
yjit-on/puma-long-tail-fib-200ms-x1p0/puma-1w-3t/repeat-2,yjit-on,true,puma-long-tail-fib-200ms-x1p0,puma-long-tail-hey,puma/benchmarks/local/long_tail_hey + test/rackup/sleep_fibonacci,https://github.com/puma/puma/blob/main/benchmarks/local/long_tail_hey.rb,puma-1w-3t,3,puma,1,3,60,60,8.476,5.0,60,60,8.475,2.0,3,true,60,0,7.078,423.677,424.877,425.638,425.966,426.003,117.75,117.75,85.79,20,20,125,multiprocess_sample_only,,
yjit-on/puma-long-tail-fib-200ms-x0p5/puma-1w-3t/repeat-2,yjit-on,true,puma-long-tail-fib-200ms-x0p5,puma-long-tail-hey,puma/benchmarks/local/long_tail_hey + test/rackup/sleep_fibonacci,https://github.com/puma/puma/blob/main/benchmarks/local/long_tail_hey.rb,puma-1w-3t,3,puma,1,3,40,40,5.651,5.0,40,40,5.65,2.0,2,true,40,0,7.079,282.393,283.175,283.223,283.229,283.229,117.75,117.75,86.135,20,20,84,multiprocess_sample_only,,
yjit-on/puma-sleep-fibonacci-1ms/puma-1w-3t/repeat-2,yjit-on,true,puma-sleep-fibonacci-1ms,puma-sleep-fibonacci-test,puma/benchmarks/local/sleep_fibonacci_test + test/rackup/sleep_fibonacci,https://github.com/puma/puma/blob/main/benchmarks/local/sleep_fibonacci_test.rb,puma-1w-3t,3,puma,1,3,1962,10,5.001,5.0,10,789,2.002,2.0,1,true,1962,0,392.343,2.504,2.664,2.974,3.541,3.842,124.566,121.691,85.77,20,20,74,multiprocess_sample_only,,
yjit-on/puma-sleep-fibonacci-5ms/puma-1w-3t/repeat-2,yjit-on,true,puma-sleep-fibonacci-5ms,puma-sleep-fibonacci-test,puma/benchmarks/local/sleep_fibonacci_test + test/rackup/sleep_fibonacci,https://github.com/puma/puma/blob/main/benchmarks/local/sleep_fibonacci_test.rb,puma-1w-3t,3,puma,1,3,576,10,5.001,5.0,10,231,2.004,2.0,1,true,576,0,115.188,8.618,8.919,9.164,9.525,9.67,124.441,124.441,85.17,20,20,74,multiprocess_sample_only,,
yjit-on/puma-sleep-fibonacci-10ms/puma-1w-3t/repeat-2,yjit-on,true,puma-sleep-fibonacci-10ms,puma-sleep-fibonacci-test,puma/benchmarks/local/sleep_fibonacci_test + test/rackup/sleep_fibonacci,https://github.com/puma/puma/blob/main/benchmarks/local/sleep_fibonacci_test.rb,puma-1w-3t,3,puma,1,3,410,10,5.002,5.0,10,165,2.011,2.0,1,true,410,0,81.964,12.16,12.295,12.444,13.049,13.052,126.461,126.461,84.765,20,20,75,multiprocess_sample_only,,
yjit-on/puma-sleep-fibonacci-50ms/puma-1w-3t/repeat-2,yjit-on,true,puma-sleep-fibonacci-50ms,puma-sleep-fibonacci-test,puma/benchmarks/local/sleep_fibonacci_test + test/rackup/sleep_fibonacci,https://github.com/puma/puma/blob/main/benchmarks/local/sleep_fibonacci_test.rb,puma-1w-3t,3,puma,1,3,100,10,5.045,5.0,10,40,2.021,2.0,1,true,100,0,19.821,50.406,50.488,50.565,50.626,50.633,126.461,126.461,84.53,20,20,75,multiprocess_sample_only,,
yjit-on/puma-sleep-fibonacci-100ms/puma-1w-3t/repeat-2,yjit-on,true,puma-sleep-fibonacci-100ms,puma-sleep-fibonacci-test,puma/benchmarks/local/sleep_fibonacci_test + test/rackup/sleep_fibonacci,https://github.com/puma/puma/blob/main/benchmarks/local/sleep_fibonacci_test.rb,puma-1w-3t,3,puma,1,3,50,10,5.027,5.0,10,20,2.012,2.0,1,true,50,0,9.947,100.445,100.568,101.294,101.855,101.918,126.461,126.461,84.335,20,20,75,multiprocess_sample_only,,
yjit-on/puma-sleep-fibonacci-200ms/puma-1w-3t/repeat-2,yjit-on,true,puma-sleep-fibonacci-200ms,puma-sleep-fibonacci-test,puma/benchmarks/local/sleep_fibonacci_test + test/rackup/sleep_fibonacci,https://github.com/puma/puma/blob/main/benchmarks/local/sleep_fibonacci_test.rb,puma-1w-3t,3,puma,1,3,25,10,5.015,5.0,10,10,2.007,2.0,1,true,25,0,4.985,200.544,200.651,200.697,200.709,200.71,126.461,126.461,84.145,20,20,75,multiprocess_sample_only,,
yjit-on/puma-response-array-1kb/puma-1w-3t/repeat-3,yjit-on,true,puma-response-array-1kb,puma-response-time-wrk,puma/benchmarks/local/response_time_wrk,https://github.com/puma/puma/blob/main/benchmarks/local/response_time_wrk.rb,puma-1w-3t,3,puma,1,3,18689,1000,5.002,5.0,1000,7434,2.001,2.0,5,true,18689,0,3736.662,1.263,1.768,2.209,2.802,3.22,67.773,67.773,85.055,20,20,72,multiprocess_sample_only,,
yjit-on/puma-response-chunk-1kb/puma-1w-3t/repeat-3,yjit-on,true,puma-response-chunk-1kb,puma-response-time-wrk,puma/benchmarks/local/response_time_wrk,https://github.com/puma/puma/blob/main/benchmarks/local/response_time_wrk.rb,puma-1w-3t,3,puma,1,3,18322,1000,5.001,5.0,1000,7505,2.001,2.0,5,true,18322,0,3663.658,1.289,1.808,2.275,2.844,3.725,67.941,67.941,82.51,20,20,72,multiprocess_sample_only,,
yjit-on/puma-response-string-1kb/puma-1w-3t/repeat-3,yjit-on,true,puma-response-string-1kb,puma-response-time-wrk,puma/benchmarks/local/response_time_wrk,https://github.com/puma/puma/blob/main/benchmarks/local/response_time_wrk.rb,puma-1w-3t,3,puma,1,3,18652,1000,5.001,5.0,1000,7662,2.002,2.0,5,true,18652,0,3729.579,1.268,1.801,2.274,2.851,3.398,68.145,68.145,81.78,20,20,72,multiprocess_sample_only,,
yjit-on/puma-response-io-1kb/puma-1w-3t/repeat-3,yjit-on,true,puma-response-io-1kb,puma-response-time-wrk,puma/benchmarks/local/response_time_wrk,https://github.com/puma/puma/blob/main/benchmarks/local/response_time_wrk.rb,puma-1w-3t,3,puma,1,3,18624,1000,5.001,5.0,1000,7566,2.001,2.0,5,true,18624,0,3723.896,1.269,1.822,2.291,2.982,3.543,68.551,68.551,83.295,20,20,72,multiprocess_sample_only,,
yjit-on/puma-response-array-10kb/puma-1w-3t/repeat-3,yjit-on,true,puma-response-array-10kb,puma-response-time-wrk,puma/benchmarks/local/response_time_wrk,https://github.com/puma/puma/blob/main/benchmarks/local/response_time_wrk.rb,puma-1w-3t,3,puma,1,3,18561,1000,5.001,5.0,1000,7594,2.001,2.0,5,true,18561,0,3711.506,1.271,1.818,2.307,2.923,4.152,70.094,70.02,83.655,20,20,72,multiprocess_sample_only,,
yjit-on/puma-response-chunk-10kb/puma-1w-3t/repeat-3,yjit-on,true,puma-response-chunk-10kb,puma-response-time-wrk,puma/benchmarks/local/response_time_wrk,https://github.com/puma/puma/blob/main/benchmarks/local/response_time_wrk.rb,puma-1w-3t,3,puma,1,3,16342,1000,5.001,5.0,1000,6714,2.001,2.0,5,true,16342,0,3267.679,1.459,2.017,2.632,3.192,4.335,70.223,70.223,83.035,20,20,72,multiprocess_sample_only,,
yjit-on/puma-response-string-10kb/puma-1w-3t/repeat-3,yjit-on,true,puma-response-string-10kb,puma-response-time-wrk,puma/benchmarks/local/response_time_wrk,https://github.com/puma/puma/blob/main/benchmarks/local/response_time_wrk.rb,puma-1w-3t,3,puma,1,3,18375,1000,5.001,5.0,1000,7594,2.001,2.0,5,true,18375,0,3674.232,1.281,1.87,2.331,3.06,4.488,70.332,70.332,82.525,20,20,72,multiprocess_sample_only,,
yjit-on/puma-response-io-10kb/puma-1w-3t/repeat-3,yjit-on,true,puma-response-io-10kb,puma-response-time-wrk,puma/benchmarks/local/response_time_wrk,https://github.com/puma/puma/blob/main/benchmarks/local/response_time_wrk.rb,puma-1w-3t,3,puma,1,3,18375,1000,5.002,5.0,1000,7535,2.001,2.0,5,true,18375,0,3673.843,1.28,1.875,2.384,2.991,4.163,72.547,72.508,83.26,20,20,73,multiprocess_sample_only,,
yjit-on/puma-response-array-100kb/puma-1w-3t/repeat-3,yjit-on,true,puma-response-array-100kb,puma-response-time-wrk,puma/benchmarks/local/response_time_wrk,https://github.com/puma/puma/blob/main/benchmarks/local/response_time_wrk.rb,puma-1w-3t,3,puma,1,3,14574,1000,5.001,5.0,1000,5827,2.001,2.0,5,true,14574,0,2913.988,1.633,2.178,2.926,3.454,4.084,82.281,80.641,83.325,20,20,71,multiprocess_sample_only,,
yjit-on/puma-response-chunk-100kb/puma-1w-3t/repeat-3,yjit-on,true,puma-response-chunk-100kb,puma-response-time-wrk,puma/benchmarks/local/response_time_wrk,https://github.com/puma/puma/blob/main/benchmarks/local/response_time_wrk.rb,puma-1w-3t,3,puma,1,3,7781,1000,5.002,5.0,1000,3149,2.003,2.0,5,true,7781,0,1555.435,3.148,3.89,5.736,6.483,6.892,76.195,76.188,81.92,20,20,68,multiprocess_sample_only,,
yjit-on/puma-response-string-100kb/puma-1w-3t/repeat-3,yjit-on,true,puma-response-string-100kb,puma-response-time-wrk,puma/benchmarks/local/response_time_wrk,https://github.com/puma/puma/blob/main/benchmarks/local/response_time_wrk.rb,puma-1w-3t,3,puma,1,3,14364,1000,5.002,5.0,1000,5795,2.001,2.0,5,true,14364,0,2871.937,1.653,2.202,3.082,3.526,4.129,81.297,81.07,80.87,20,20,71,multiprocess_sample_only,,
yjit-on/puma-response-io-100kb/puma-1w-3t/repeat-3,yjit-on,true,puma-response-io-100kb,puma-response-time-wrk,puma/benchmarks/local/response_time_wrk,https://github.com/puma/puma/blob/main/benchmarks/local/response_time_wrk.rb,puma-1w-3t,3,puma,1,3,14615,1000,5.013,5.0,1000,5951,2.006,2.0,5,true,14615,0,2915.586,1.292,1.97,3.208,42.254,43.354,75.223,74.785,80.455,20,20,72,multiprocess_sample_only,,
yjit-on/puma-response-array-256kb/puma-1w-3t/repeat-3,yjit-on,true,puma-response-array-256kb,puma-response-time-wrk,puma/benchmarks/local/response_time_wrk,https://github.com/puma/puma/blob/main/benchmarks/local/response_time_wrk.rb,puma-1w-3t,3,puma,1,3,10833,1000,5.002,5.0,1000,4369,2.002,2.0,5,true,10833,0,2165.797,2.004,3.515,4.939,21.798,24.201,110.152,106.867,80.125,20,20,70,multiprocess_sample_only,,
yjit-on/puma-response-chunk-256kb/puma-1w-3t/repeat-3,yjit-on,true,puma-response-chunk-256kb,puma-response-time-wrk,puma/benchmarks/local/response_time_wrk,https://github.com/puma/puma/blob/main/benchmarks/local/response_time_wrk.rb,puma-1w-3t,3,puma,1,3,4373,1000,5.005,5.0,1000,1763,2.005,2.0,5,true,4373,0,873.698,5.646,6.71,10.454,11.293,11.825,80.895,80.57,78.965,20,20,63,multiprocess_sample_only,,
yjit-on/puma-response-string-256kb/puma-1w-3t/repeat-3,yjit-on,true,puma-response-string-256kb,puma-response-time-wrk,puma/benchmarks/local/response_time_wrk,https://github.com/puma/puma/blob/main/benchmarks/local/response_time_wrk.rb,puma-1w-3t,3,puma,1,3,10793,1000,5.001,5.0,1000,4322,2.002,2.0,5,true,10793,0,2158.008,2.027,3.518,4.939,21.748,24.849,77.855,77.418,77.635,20,20,69,multiprocess_sample_only,,
yjit-on/puma-response-io-256kb/puma-1w-3t/repeat-3,yjit-on,true,puma-response-io-256kb,puma-response-time-wrk,puma/benchmarks/local/response_time_wrk,https://github.com/puma/puma/blob/main/benchmarks/local/response_time_wrk.rb,puma-1w-3t,3,puma,1,3,10471,1000,5.002,5.0,1000,4283,2.002,2.0,5,true,10471,0,2093.51,2.065,3.652,5.463,21.985,23.586,77.418,77.418,76.505,20,20,69,multiprocess_sample_only,,
yjit-on/puma-response-array-512kb/puma-1w-3t/repeat-3,yjit-on,true,puma-response-array-512kb,puma-response-time-wrk,puma/benchmarks/local/response_time_wrk,https://github.com/puma/puma/blob/main/benchmarks/local/response_time_wrk.rb,puma-1w-3t,3,puma,1,3,8099,1000,5.002,5.0,1000,3169,2.004,2.0,5,true,8099,0,1619.058,2.63,4.642,22.65,26.06,27.872,117.352,112.438,76.17,20,20,68,multiprocess_sample_only,,
yjit-on/puma-response-chunk-512kb/puma-1w-3t/repeat-3,yjit-on,true,puma-response-chunk-512kb,puma-response-time-wrk,puma/benchmarks/local/response_time_wrk,https://github.com/puma/puma/blob/main/benchmarks/local/response_time_wrk.rb,puma-1w-3t,3,puma,1,3,2475,1000,5.011,5.0,1000,1000,2.051,2.0,5,true,2475,0,493.926,10.044,11.661,18.493,19.635,20.54,84.906,84.586,75.345,20,20,56,multiprocess_sample_only,,
yjit-on/puma-response-string-512kb/puma-1w-3t/repeat-3,yjit-on,true,puma-response-string-512kb,puma-response-time-wrk,puma/benchmarks/local/response_time_wrk,https://github.com/puma/puma/blob/main/benchmarks/local/response_time_wrk.rb,puma-1w-3t,3,puma,1,3,8088,1000,5.002,5.0,1000,3339,2.002,2.0,5,true,8088,0,1616.843,2.544,4.787,22.456,30.387,38.293,81.492,81.492,74.18,20,20,66,multiprocess_sample_only,,
yjit-on/puma-response-io-512kb/puma-1w-3t/repeat-3,yjit-on,true,puma-response-io-512kb,puma-response-time-wrk,puma/benchmarks/local/response_time_wrk,https://github.com/puma/puma/blob/main/benchmarks/local/response_time_wrk.rb,puma-1w-3t,3,puma,1,3,8095,1000,5.002,5.0,1000,3341,2.002,2.0,5,true,8095,0,1618.319,2.636,4.708,22.434,25.37,26.918,81.555,81.555,72.995,20,20,67,multiprocess_sample_only,,
yjit-on/puma-response-array-1024kb/puma-1w-3t/repeat-3,yjit-on,true,puma-response-array-1024kb,puma-response-time-wrk,puma/benchmarks/local/response_time_wrk,https://github.com/puma/puma/blob/main/benchmarks/local/response_time_wrk.rb,puma-1w-3t,3,puma,1,3,5442,1000,5.003,5.0,1000,2197,2.004,2.0,5,true,5442,0,1087.762,3.937,7.156,24.994,28.772,29.925,122.441,119.324,72.475,20,20,65,multiprocess_sample_only,,
yjit-on/puma-response-chunk-1024kb/puma-1w-3t/repeat-3,yjit-on,true,puma-response-chunk-1024kb,puma-response-time-wrk,puma/benchmarks/local/response_time_wrk,https://github.com/puma/puma/blob/main/benchmarks/local/response_time_wrk.rb,puma-1w-3t,3,puma,1,3,1365,1000,5.015,5.0,1000,1000,3.628,2.0,5,true,1365,0,272.179,18.168,27.846,33.939,34.925,35.037,87.934,86.77,71.615,20,20,46,multiprocess_sample_only,,
yjit-on/puma-response-string-1024kb/puma-1w-3t/repeat-3,yjit-on,true,puma-response-string-1024kb,puma-response-time-wrk,puma/benchmarks/local/response_time_wrk,https://github.com/puma/puma/blob/main/benchmarks/local/response_time_wrk.rb,puma-1w-3t,3,puma,1,3,5589,1000,5.003,5.0,1000,2253,2.003,2.0,5,true,5589,0,1117.07,3.836,6.918,24.678,28.79,29.972,90.207,90.207,70.5,20,20,64,multiprocess_sample_only,,
yjit-on/puma-response-io-1024kb/puma-1w-3t/repeat-3,yjit-on,true,puma-response-io-1024kb,puma-response-time-wrk,puma/benchmarks/local/response_time_wrk,https://github.com/puma/puma/blob/main/benchmarks/local/response_time_wrk.rb,puma-1w-3t,3,puma,1,3,5562,1000,5.037,5.0,1000,2238,2.003,2.0,5,true,5562,0,1104.163,3.869,6.912,24.475,27.582,211.347,90.27,90.27,69.125,20,20,65,multiprocess_sample_only,,
yjit-on/puma-response-array-2048kb/puma-1w-3t/repeat-3,yjit-on,true,puma-response-array-2048kb,puma-response-time-wrk,puma/benchmarks/local/response_time_wrk,https://github.com/puma/puma/blob/main/benchmarks/local/response_time_wrk.rb,puma-1w-3t,3,puma,1,3,3607,1000,5.006,5.0,1000,1449,2.006,2.0,5,true,3607,0,720.556,6.528,11.174,12.683,13.867,14.292,96.652,87.09,69.055,20,20,63,multiprocess_sample_only,,
yjit-on/puma-response-chunk-2048kb/puma-1w-3t/repeat-3,yjit-on,true,puma-response-chunk-2048kb,puma-response-time-wrk,puma/benchmarks/local/response_time_wrk,https://github.com/puma/puma/blob/main/benchmarks/local/response_time_wrk.rb,puma-1w-3t,3,puma,1,3,1000,1000,7.06,5.0,1000,1000,6.975,2.0,5,true,1000,0,141.644,34.928,37.643,63.926,64.703,65.156,89.484,89.066,68.22,20,20,49,multiprocess_sample_only,,
yjit-on/puma-response-string-2048kb/puma-1w-3t/repeat-3,yjit-on,true,puma-response-string-2048kb,puma-response-time-wrk,puma/benchmarks/local/response_time_wrk,https://github.com/puma/puma/blob/main/benchmarks/local/response_time_wrk.rb,puma-1w-3t,3,puma,1,3,3631,1000,5.005,5.0,1000,1453,2.006,2.0,5,true,3631,0,725.407,6.543,11.335,12.804,13.928,14.608,92.758,92.758,67.235,20,20,61,multiprocess_sample_only,,
yjit-on/puma-response-io-2048kb/puma-1w-3t/repeat-3,yjit-on,true,puma-response-io-2048kb,puma-response-time-wrk,puma/benchmarks/local/response_time_wrk,https://github.com/puma/puma/blob/main/benchmarks/local/response_time_wrk.rb,puma-1w-3t,3,puma,1,3,3671,1000,5.006,5.0,1000,1516,2.006,2.0,5,true,3671,0,733.354,6.509,11.053,12.66,13.597,219.591,92.758,92.758,65.885,20,20,61,multiprocess_sample_only,,
yjit-on/puma-long-tail-fib-200ms-x6p0/puma-1w-3t/repeat-3,yjit-on,true,puma-long-tail-fib-200ms-x6p0,puma-long-tail-hey,puma/benchmarks/local/long_tail_hey + test/rackup/sleep_fibonacci,https://github.com/puma/puma/blob/main/benchmarks/local/long_tail_hey.rb,puma-1w-3t,3,puma,1,3,360,360,50.873,5.0,360,360,50.864,2.0,18,true,360,0,7.076,2543.165,2551.435,2553.309,2555.575,2555.877,112.371,112.371,74.67,20,20,745,multiprocess_sample_only,,
yjit-on/puma-long-tail-fib-200ms-x4p0/puma-1w-3t/repeat-3,yjit-on,true,puma-long-tail-fib-200ms-x4p0,puma-long-tail-hey,puma/benchmarks/local/long_tail_hey + test/rackup/sleep_fibonacci,https://github.com/puma/puma/blob/main/benchmarks/local/long_tail_hey.rb,puma-1w-3t,3,puma,1,3,240,240,33.909,5.0,240,240,33.908,2.0,12,true,240,0,7.078,1694.878,1700.715,1703.867,1707.134,1707.445,112.938,112.938,80.1,20,20,498,multiprocess_sample_only,,
yjit-on/puma-long-tail-fib-200ms-x3p0/puma-1w-3t/repeat-3,yjit-on,true,puma-long-tail-fib-200ms-x3p0,puma-long-tail-hey,puma/benchmarks/local/long_tail_hey + test/rackup/sleep_fibonacci,https://github.com/puma/puma/blob/main/benchmarks/local/long_tail_hey.rb,puma-1w-3t,3,puma,1,3,180,180,25.437,5.0,180,180,25.425,2.0,9,true,180,0,7.076,1271.79,1275.722,1277.775,1278.008,1278.059,120.004,120.004,82.75,20,20,373,multiprocess_sample_only,,
yjit-on/puma-long-tail-fib-200ms-x2p0/puma-1w-3t/repeat-3,yjit-on,true,puma-long-tail-fib-200ms-x2p0,puma-long-tail-hey,puma/benchmarks/local/long_tail_hey + test/rackup/sleep_fibonacci,https://github.com/puma/puma/blob/main/benchmarks/local/long_tail_hey.rb,puma-1w-3t,3,puma,1,3,120,120,16.953,5.0,120,120,16.957,2.0,6,true,120,0,7.078,847.467,852.025,853.268,854.775,854.964,120.004,120.004,84.195,20,20,249,multiprocess_sample_only,,
yjit-on/puma-long-tail-fib-200ms-x1p5/puma-1w-3t/repeat-3,yjit-on,true,puma-long-tail-fib-200ms-x1p5,puma-long-tail-hey,puma/benchmarks/local/long_tail_hey + test/rackup/sleep_fibonacci,https://github.com/puma/puma/blob/main/benchmarks/local/long_tail_hey.rb,puma-1w-3t,3,puma,1,3,100,100,14.132,5.0,100,100,14.189,2.0,5,true,100,0,7.076,828.597,849.989,850.938,851.027,851.037,120.191,120.191,85.155,20,20,208,multiprocess_sample_only,,
yjit-on/puma-long-tail-fib-200ms-x1p0/puma-1w-3t/repeat-3,yjit-on,true,puma-long-tail-fib-200ms-x1p0,puma-long-tail-hey,puma/benchmarks/local/long_tail_hey + test/rackup/sleep_fibonacci,https://github.com/puma/puma/blob/main/benchmarks/local/long_tail_hey.rb,puma-1w-3t,3,puma,1,3,60,60,8.478,5.0,60,60,8.477,2.0,3,true,60,0,7.077,423.376,427.29,427.489,427.54,427.546,120.191,120.191,85.735,20,20,126,multiprocess_sample_only,,
yjit-on/puma-long-tail-fib-200ms-x0p5/puma-1w-3t/repeat-3,yjit-on,true,puma-long-tail-fib-200ms-x0p5,puma-long-tail-hey,puma/benchmarks/local/long_tail_hey + test/rackup/sleep_fibonacci,https://github.com/puma/puma/blob/main/benchmarks/local/long_tail_hey.rb,puma-1w-3t,3,puma,1,3,40,40,5.649,5.0,40,40,5.65,2.0,2,true,40,0,7.081,282.41,282.689,282.77,282.807,282.811,120.191,120.191,86.08,20,20,84,multiprocess_sample_only,,
yjit-on/puma-sleep-fibonacci-1ms/puma-1w-3t/repeat-3,yjit-on,true,puma-sleep-fibonacci-1ms,puma-sleep-fibonacci-test,puma/benchmarks/local/sleep_fibonacci_test + test/rackup/sleep_fibonacci,https://github.com/puma/puma/blob/main/benchmarks/local/sleep_fibonacci_test.rb,puma-1w-3t,3,puma,1,3,1952,10,5.002,5.0,10,778,2.002,2.0,1,true,1952,0,390.267,2.508,2.696,2.844,3.508,3.67,126.0,126.0,85.715,20,20,75,multiprocess_sample_only,,
yjit-on/puma-sleep-fibonacci-5ms/puma-1w-3t/repeat-3,yjit-on,true,puma-sleep-fibonacci-5ms,puma-sleep-fibonacci-test,puma/benchmarks/local/sleep_fibonacci_test + test/rackup/sleep_fibonacci,https://github.com/puma/puma/blob/main/benchmarks/local/sleep_fibonacci_test.rb,puma-1w-3t,3,puma,1,3,569,10,5.008,5.0,10,228,2.002,2.0,1,true,569,0,113.616,8.75,8.973,9.349,9.983,10.234,126.125,126.125,85.1,20,20,75,multiprocess_sample_only,,
yjit-on/puma-sleep-fibonacci-10ms/puma-1w-3t/repeat-3,yjit-on,true,puma-sleep-fibonacci-10ms,puma-sleep-fibonacci-test,puma/benchmarks/local/sleep_fibonacci_test + test/rackup/sleep_fibonacci,https://github.com/puma/puma/blob/main/benchmarks/local/sleep_fibonacci_test.rb,puma-1w-3t,3,puma,1,3,408,10,5.011,5.0,10,164,2.006,2.0,1,true,408,0,81.418,12.271,12.398,12.592,13.433,13.648,128.66,128.66,84.69,20,20,75,multiprocess_sample_only,,
yjit-on/puma-sleep-fibonacci-50ms/puma-1w-3t/repeat-3,yjit-on,true,puma-sleep-fibonacci-50ms,puma-sleep-fibonacci-test,puma/benchmarks/local/sleep_fibonacci_test + test/rackup/sleep_fibonacci,https://github.com/puma/puma/blob/main/benchmarks/local/sleep_fibonacci_test.rb,puma-1w-3t,3,puma,1,3,100,10,5.04,5.0,10,40,2.016,2.0,1,true,100,0,19.842,50.346,50.486,50.602,50.626,50.629,128.66,128.66,84.445,20,20,75,multiprocess_sample_only,,
yjit-on/puma-sleep-fibonacci-100ms/puma-1w-3t/repeat-3,yjit-on,true,puma-sleep-fibonacci-100ms,puma-sleep-fibonacci-test,puma/benchmarks/local/sleep_fibonacci_test + test/rackup/sleep_fibonacci,https://github.com/puma/puma/blob/main/benchmarks/local/sleep_fibonacci_test.rb,puma-1w-3t,3,puma,1,3,50,10,5.025,5.0,10,20,2.013,2.0,1,true,50,0,9.95,100.439,100.57,100.617,100.634,100.636,128.66,128.66,84.26,20,20,75,multiprocess_sample_only,,
yjit-on/puma-sleep-fibonacci-200ms/puma-1w-3t/repeat-3,yjit-on,true,puma-sleep-fibonacci-200ms,puma-sleep-fibonacci-test,puma/benchmarks/local/sleep_fibonacci_test + test/rackup/sleep_fibonacci,https://github.com/puma/puma/blob/main/benchmarks/local/sleep_fibonacci_test.rb,puma-1w-3t,3,puma,1,3,25,10,5.014,5.0,10,10,2.006,2.0,1,true,25,0,4.986,200.454,200.581,200.677,200.705,200.708,128.66,128.66,84.075,20,20,75,multiprocess_sample_only,,
