run_id,runtime,yjit,scenario,scenario_family,benchmark_source,benchmark_source_url,server,server_capacity,adapter,workers,threads,requests,target_requests,duration_s,min_duration_s,target_warmup_requests,warmup_requests,warmup_duration_s,warmup_min_duration_s,concurrency,keep_alive,completed,errors,achieved_rps,p50_ms,p95_ms,p99_ms,p999_ms,max_ms,rss_mb_peak,rss_mb_end,cpu_pct_avg,target_sample_count,sample_count,raw_sample_count,gc_delta_scope,gc_count_delta,total_allocated_objects_delta
yjit-off/puma-response-array-1kb/raptor-3r/repeat-1,yjit-off,false,puma-response-array-1kb,puma-response-time-wrk,puma/benchmarks/local/response_time_wrk,https://github.com/puma/puma/blob/main/benchmarks/local/response_time_wrk.rb,raptor-3r,3,raptor,3,,1000,1000,16.142,5.0,1000,1000,16.113,2.0,5,true,1000,0,61.951,40.993,41.975,42.493,4034.271,4036.03,29.945,29.945,3.315,20,20,223,same_worker,14,721133
yjit-off/puma-response-chunk-1kb/raptor-3r/repeat-1,yjit-off,false,puma-response-chunk-1kb,puma-response-time-wrk,puma/benchmarks/local/response_time_wrk,https://github.com/puma/puma/blob/main/benchmarks/local/response_time_wrk.rb,raptor-3r,3,raptor,3,,1000,1000,16.128,5.0,1000,1000,16.1,2.0,5,true,1000,0,62.005,40.986,41.971,42.557,4033.316,4033.576,30.012,30.012,2.73,20,20,222,same_worker,14,716305
yjit-off/puma-response-string-1kb/raptor-3r/repeat-1,yjit-off,false,puma-response-string-1kb,puma-response-time-wrk,puma/benchmarks/local/response_time_wrk,https://github.com/puma/puma/blob/main/benchmarks/local/response_time_wrk.rb,raptor-3r,3,raptor,3,,1000,1000,16.14,5.0,1000,1000,16.124,2.0,5,true,1000,0,61.957,40.986,41.978,42.453,4035.312,4037.036,30.086,30.086,2.695,20,20,222,same_worker,14,719297
yjit-off/puma-response-io-1kb/raptor-3r/repeat-1,yjit-off,false,puma-response-io-1kb,puma-response-time-wrk,puma/benchmarks/local/response_time_wrk,https://github.com/puma/puma/blob/main/benchmarks/local/response_time_wrk.rb,raptor-3r,3,raptor,3,,1000,1000,16.138,5.0,1000,1000,16.137,2.0,5,true,1000,0,61.967,40.983,41.974,42.47,4033.835,4036.715,30.137,30.137,2.7,20,20,222,same_worker,15,728982
yjit-off/puma-response-array-10kb/raptor-3r/repeat-1,yjit-off,false,puma-response-array-10kb,puma-response-time-wrk,puma/benchmarks/local/response_time_wrk,https://github.com/puma/puma/blob/main/benchmarks/local/response_time_wrk.rb,raptor-3r,3,raptor,3,,1000,1000,16.119,5.0,1000,1000,16.103,2.0,5,true,1000,0,62.037,40.984,41.974,42.37,4067.861,4070.283,30.137,30.137,2.7,20,20,223,same_worker,15,717979
yjit-off/puma-response-chunk-10kb/raptor-3r/repeat-1,yjit-off,false,puma-response-chunk-10kb,puma-response-time-wrk,puma/benchmarks/local/response_time_wrk,https://github.com/puma/puma/blob/main/benchmarks/local/response_time_wrk.rb,raptor-3r,3,raptor,3,,1000,1000,16.123,5.0,1000,1000,16.096,2.0,5,true,1000,0,62.024,40.983,41.968,42.299,4029.342,4031.993,30.137,30.137,2.7,20,20,223,same_worker,14,713922
yjit-off/puma-response-string-10kb/raptor-3r/repeat-1,yjit-off,false,puma-response-string-10kb,puma-response-time-wrk,puma/benchmarks/local/response_time_wrk,https://github.com/puma/puma/blob/main/benchmarks/local/response_time_wrk.rb,raptor-3r,3,raptor,3,,1000,1000,16.134,5.0,1000,1000,16.102,2.0,5,true,1000,0,61.981,40.987,41.987,42.386,4036.657,4037.304,30.164,30.164,2.675,20,20,222,same_worker,14,718042
yjit-off/puma-response-io-10kb/raptor-3r/repeat-1,yjit-off,false,puma-response-io-10kb,puma-response-time-wrk,puma/benchmarks/local/response_time_wrk,https://github.com/puma/puma/blob/main/benchmarks/local/response_time_wrk.rb,raptor-3r,3,raptor,3,,1000,1000,16.156,5.0,1000,1000,16.201,2.0,5,true,1000,0,61.898,40.991,41.982,42.567,4039.384,4081.714,30.805,30.805,2.7,20,20,222,same_worker,15,744018
yjit-off/puma-response-array-100kb/raptor-3r/repeat-1,yjit-off,false,puma-response-array-100kb,puma-response-time-wrk,puma/benchmarks/local/response_time_wrk,https://github.com/puma/puma/blob/main/benchmarks/local/response_time_wrk.rb,raptor-3r,3,raptor,3,,1000,1000,13.424,5.0,1000,1000,10.868,2.0,5,true,1000,0,74.494,41.041,42.08,42.926,3327.549,3333.421,30.805,30.805,2.95,20,20,185,same_worker,14,719302
yjit-off/puma-response-chunk-100kb/raptor-3r/repeat-1,yjit-off,false,puma-response-chunk-100kb,puma-response-time-wrk,puma/benchmarks/local/response_time_wrk,https://github.com/puma/puma/blob/main/benchmarks/local/response_time_wrk.rb,raptor-3r,3,raptor,3,,1000,1000,13.362,5.0,1000,1000,11.667,2.0,5,true,1000,0,74.839,41.056,42.145,43.025,3181.616,3223.603,30.805,30.805,3.175,20,20,185,same_worker,14,716305
yjit-off/puma-response-string-100kb/raptor-3r/repeat-1,yjit-off,false,puma-response-string-100kb,puma-response-time-wrk,puma/benchmarks/local/response_time_wrk,https://github.com/puma/puma/blob/main/benchmarks/local/response_time_wrk.rb,raptor-3r,3,raptor,3,,12375,1000,5.003,5.0,1000,5162,2.001,2.0,5,true,12375,0,2473.692,1.141,1.954,5.718,120.311,125.233,31.059,31.059,4.59,20,20,67,same_worker,181,8899355
yjit-off/puma-response-io-100kb/raptor-3r/repeat-1,yjit-off,false,puma-response-io-100kb,puma-response-time-wrk,puma/benchmarks/local/response_time_wrk,https://github.com/puma/puma/blob/main/benchmarks/local/response_time_wrk.rb,raptor-3r,3,raptor,3,,1000,1000,12.532,5.0,1000,1000,12.909,2.0,5,true,1000,0,79.798,41.137,42.346,43.11,2840.178,2840.257,42.109,42.109,5.405,20,20,174,same_worker,19,925878
yjit-off/puma-response-array-256kb/raptor-3r/repeat-1,yjit-off,false,puma-response-array-256kb,puma-response-time-wrk,puma/benchmarks/local/response_time_wrk,https://github.com/puma/puma/blob/main/benchmarks/local/response_time_wrk.rb,raptor-3r,3,raptor,3,,1000,1000,14.788,5.0,1000,1000,14.955,2.0,5,true,1000,0,67.625,41.944,42.808,43.284,3764.834,3802.442,42.109,42.109,5.575,20,20,204,same_worker,15,719094
yjit-off/puma-response-chunk-256kb/raptor-3r/repeat-1,yjit-off,false,puma-response-chunk-256kb,puma-response-time-wrk,puma/benchmarks/local/response_time_wrk,https://github.com/puma/puma/blob/main/benchmarks/local/response_time_wrk.rb,raptor-3r,3,raptor,3,,1000,1000,15.244,5.0,1000,1000,15.402,2.0,5,true,1000,0,65.598,41.945,42.899,43.561,3833.437,3878.804,42.109,42.109,5.755,20,20,211,same_worker,15,716090
yjit-off/puma-response-string-256kb/raptor-3r/repeat-1,yjit-off,false,puma-response-string-256kb,puma-response-time-wrk,puma/benchmarks/local/response_time_wrk,https://github.com/puma/puma/blob/main/benchmarks/local/response_time_wrk.rb,raptor-3r,3,raptor,3,,10036,1000,5.002,5.0,1000,3972,2.002,2.0,5,true,10036,0,2006.411,1.386,2.294,36.922,145.764,209.422,42.109,42.109,6.61,20,20,67,same_worker,149,7215336
yjit-off/puma-response-io-256kb/raptor-3r/repeat-1,yjit-off,false,puma-response-io-256kb,puma-response-time-wrk,puma/benchmarks/local/response_time_wrk,https://github.com/puma/puma/blob/main/benchmarks/local/response_time_wrk.rb,raptor-3r,3,raptor,3,,1000,1000,15.704,5.0,1000,1000,15.764,2.0,5,true,1000,0,63.677,41.972,42.94,43.075,3954.446,3968.661,52.641,52.641,7.175,20,20,219,same_worker,28,1236867
yjit-off/puma-response-array-512kb/raptor-3r/repeat-1,yjit-off,false,puma-response-array-512kb,puma-response-time-wrk,puma/benchmarks/local/response_time_wrk,https://github.com/puma/puma/blob/main/benchmarks/local/response_time_wrk.rb,raptor-3r,3,raptor,3,,1000,1000,15.319,5.0,1000,1000,15.987,2.0,5,true,1000,0,65.277,42.023,43.277,44.211,3768.07,3845.912,52.641,52.641,7.425,20,20,213,same_worker,15,719309
yjit-off/puma-response-chunk-512kb/raptor-3r/repeat-1,yjit-off,false,puma-response-chunk-512kb,puma-response-time-wrk,puma/benchmarks/local/response_time_wrk,https://github.com/puma/puma/blob/main/benchmarks/local/response_time_wrk.rb,raptor-3r,3,raptor,3,,1000,1000,15.228,5.0,1000,1000,15.451,2.0,5,true,1000,0,65.668,42.467,43.463,45.583,3842.356,3881.202,52.641,52.641,7.725,20,20,211,same_worker,15,714839
yjit-off/puma-response-string-512kb/raptor-3r/repeat-1,yjit-off,false,puma-response-string-512kb,puma-response-time-wrk,puma/benchmarks/local/response_time_wrk,https://github.com/puma/puma/blob/main/benchmarks/local/response_time_wrk.rb,raptor-3r,3,raptor,3,,6919,1000,5.003,5.0,1000,2951,2.003,2.0,5,true,6919,0,1382.864,1.899,3.496,44.463,208.646,213.661,52.867,52.867,8.26,20,20,65,same_worker,104,4974738
yjit-off/puma-response-io-512kb/raptor-3r/repeat-1,yjit-off,false,puma-response-io-512kb,puma-response-time-wrk,puma/benchmarks/local/response_time_wrk,https://github.com/puma/puma/blob/main/benchmarks/local/response_time_wrk.rb,raptor-3r,3,raptor,3,,1000,1000,16.01,5.0,1000,1000,15.968,2.0,5,true,1000,0,62.462,42.958,43.962,44.2,3984.465,4076.298,58.855,58.164,8.83,20,20,222,same_worker,42,1748999
yjit-off/puma-response-array-1024kb/raptor-3r/repeat-1,yjit-off,false,puma-response-array-1024kb,puma-response-time-wrk,puma/benchmarks/local/response_time_wrk,https://github.com/puma/puma/blob/main/benchmarks/local/response_time_wrk.rb,raptor-3r,3,raptor,3,,1000,1000,16.486,5.0,1000,1000,16.851,2.0,5,true,1000,0,60.657,43.966,45.2,47.289,4151.129,4161.118,58.164,58.164,9.4,20,20,227,same_worker,15,718397
yjit-off/puma-response-chunk-1024kb/raptor-3r/repeat-1,yjit-off,false,puma-response-chunk-1024kb,puma-response-time-wrk,puma/benchmarks/local/response_time_wrk,https://github.com/puma/puma/blob/main/benchmarks/local/response_time_wrk.rb,raptor-3r,3,raptor,3,,1000,1000,15.459,5.0,1000,1000,15.86,2.0,5,true,1000,0,64.686,43.966,45.113,46.658,3836.403,3869.828,58.164,58.164,10.065,20,20,213,same_worker,15,716590
yjit-off/puma-response-string-1024kb/raptor-3r/repeat-1,yjit-off,false,puma-response-string-1024kb,puma-response-time-wrk,puma/benchmarks/local/response_time_wrk,https://github.com/puma/puma/blob/main/benchmarks/local/response_time_wrk.rb,raptor-3r,3,raptor,3,,4694,1000,5.006,5.0,1000,1914,2.005,2.0,5,true,4694,0,937.745,2.881,5.401,15.549,314.77,327.455,59.941,59.941,10.495,20,20,63,same_worker,70,3373976
yjit-off/puma-response-io-1024kb/raptor-3r/repeat-1,yjit-off,false,puma-response-io-1024kb,puma-response-time-wrk,puma/benchmarks/local/response_time_wrk,https://github.com/puma/puma/blob/main/benchmarks/local/response_time_wrk.rb,raptor-3r,3,raptor,3,,1000,1000,16.584,5.0,1000,1000,16.623,2.0,5,true,1000,0,60.3,44.939,46.455,49.702,4343.991,4353.083,71.094,71.074,11.3,20,20,230,same_worker,70,2772566
yjit-off/puma-response-array-2048kb/raptor-3r/repeat-1,yjit-off,false,puma-response-array-2048kb,puma-response-time-wrk,puma/benchmarks/local/response_time_wrk,https://github.com/puma/puma/blob/main/benchmarks/local/response_time_wrk.rb,raptor-3r,3,raptor,3,,1000,1000,17.034,5.0,1000,1000,18.094,2.0,5,true,1000,0,58.707,46.962,49.131,50.765,4155.684,4434.87,71.074,71.074,12.475,20,20,235,same_worker,15,718385
yjit-off/puma-response-chunk-2048kb/raptor-3r/repeat-1,yjit-off,false,puma-response-chunk-2048kb,puma-response-time-wrk,puma/benchmarks/local/response_time_wrk,https://github.com/puma/puma/blob/main/benchmarks/local/response_time_wrk.rb,raptor-3r,3,raptor,3,,1000,1000,17.546,5.0,1000,1000,18.002,2.0,5,true,1000,0,56.993,46.959,48.921,51.373,4319.729,4377.528,71.074,71.074,13.605,20,20,242,same_worker,15,715209
yjit-off/puma-response-string-2048kb/raptor-3r/repeat-1,yjit-off,false,puma-response-string-2048kb,puma-response-time-wrk,puma/benchmarks/local/response_time_wrk,https://github.com/puma/puma/blob/main/benchmarks/local/response_time_wrk.rb,raptor-3r,3,raptor,3,,2992,1000,5.008,5.0,1000,1236,2.009,2.0,5,true,2992,0,597.485,4.85,6.615,19.41,492.839,509.468,75.77,75.77,14.005,20,20,60,same_worker,46,2151993
yjit-off/puma-response-io-2048kb/raptor-3r/repeat-1,yjit-off,false,puma-response-io-2048kb,puma-response-time-wrk,puma/benchmarks/local/response_time_wrk,https://github.com/puma/puma/blob/main/benchmarks/local/response_time_wrk.rb,raptor-3r,3,raptor,3,,1000,1000,18.367,5.0,1000,1000,18.649,2.0,5,true,1000,0,54.445,48.855,51.185,53.749,4506.721,4628.681,84.012,84.0,15.26,20,20,253,same_worker,133,4820995
yjit-off/puma-long-tail-fib-200ms-x6p0/raptor-3r/repeat-1,yjit-off,false,puma-long-tail-fib-200ms-x6p0,puma-long-tail-hey,puma/benchmarks/local/long_tail_hey + test/rackup/sleep_fibonacci,https://github.com/puma/puma/blob/main/benchmarks/local/long_tail_hey.rb,raptor-3r,3,raptor,3,,363,360,29.019,5.0,360,360,28.779,2.0,18,true,363,0,12.509,241.902,242.978,19619.825,24413.918,24415.113,84.43,84.43,24.165,20,20,391,same_worker,1,64104
yjit-off/puma-long-tail-fib-200ms-x4p0/raptor-3r/repeat-1,yjit-off,false,puma-long-tail-fib-200ms-x4p0,puma-long-tail-hey,puma/benchmarks/local/long_tail_hey + test/rackup/sleep_fibonacci,https://github.com/puma/puma/blob/main/benchmarks/local/long_tail_hey.rb,raptor-3r,3,raptor,3,,243,240,19.428,5.0,240,240,19.187,2.0,12,true,243,0,12.508,241.881,243.165,12813.655,14826.486,14826.552,84.52,84.52,31.935,20,20,263,same_worker,1,44886
yjit-off/puma-long-tail-fib-200ms-x3p0/raptor-3r/repeat-1,yjit-off,false,puma-long-tail-fib-200ms-x3p0,puma-long-tail-hey,puma/benchmarks/local/long_tail_hey + test/rackup/sleep_fibonacci,https://github.com/puma/puma/blob/main/benchmarks/local/long_tail_hey.rb,raptor-3r,3,raptor,3,,183,180,14.64,5.0,180,180,14.391,2.0,9,true,183,0,12.5,241.945,242.599,10034.351,10036.213,10036.386,84.531,84.531,37.075,20,20,198,same_worker,0,33025
yjit-off/puma-long-tail-fib-200ms-x2p0/raptor-3r/repeat-1,yjit-off,false,puma-long-tail-fib-200ms-x2p0,puma-long-tail-hey,puma/benchmarks/local/long_tail_hey + test/rackup/sleep_fibonacci,https://github.com/puma/puma/blob/main/benchmarks/local/long_tail_hey.rb,raptor-3r,3,raptor,3,,123,120,9.834,5.0,120,120,9.595,2.0,6,true,123,0,12.507,241.816,243.014,5233.576,5235.62,5235.899,84.594,84.594,40.44,20,20,134,same_worker,0,22501
yjit-off/puma-long-tail-fib-200ms-x1p5/raptor-3r/repeat-1,yjit-off,false,puma-long-tail-fib-200ms-x1p5,puma-long-tail-hey,puma/benchmarks/local/long_tail_hey + test/rackup/sleep_fibonacci,https://github.com/puma/puma/blob/main/benchmarks/local/long_tail_hey.rb,raptor-3r,3,raptor,3,,103,100,9.833,5.0,100,100,9.594,2.0,5,true,103,0,10.475,241.757,242.679,5133.235,5233.344,5233.379,84.605,84.605,42.905,20,20,134,same_worker,0,16110
yjit-off/puma-long-tail-fib-200ms-x1p0/raptor-3r/repeat-1,yjit-off,false,puma-long-tail-fib-200ms-x1p0,puma-long-tail-hey,puma/benchmarks/local/long_tail_hey + test/rackup/sleep_fibonacci,https://github.com/puma/puma/blob/main/benchmarks/local/long_tail_hey.rb,raptor-3r,3,raptor,3,,63,60,5.039,5.0,60,60,4.798,2.0,3,true,63,0,12.503,241.833,242.401,242.756,242.848,242.859,84.668,84.668,44.435,20,20,69,same_worker,0,11537
yjit-off/puma-long-tail-fib-200ms-x0p5/raptor-3r/repeat-1,yjit-off,false,puma-long-tail-fib-200ms-x0p5,puma-long-tail-hey,puma/benchmarks/local/long_tail_hey + test/rackup/sleep_fibonacci,https://github.com/puma/puma/blob/main/benchmarks/local/long_tail_hey.rb,raptor-3r,3,raptor,3,,42,40,5.037,5.0,40,40,4.796,2.0,2,true,42,0,8.339,241.862,242.292,242.885,242.932,242.938,84.668,84.668,45.345,20,20,70,same_worker,1,9125
yjit-off/puma-sleep-fibonacci-1ms/raptor-3r/repeat-1,yjit-off,false,puma-sleep-fibonacci-1ms,puma-sleep-fibonacci-test,puma/benchmarks/local/sleep_fibonacci_test + test/rackup/sleep_fibonacci,https://github.com/puma/puma/blob/main/benchmarks/local/sleep_fibonacci_test.rb,raptor-3r,3,raptor,3,,122,10,5.005,5.0,10,49,2.017,2.0,1,true,122,0,24.377,41.961,42.029,42.768,42.98,42.983,84.676,84.676,45.325,20,20,70,same_worker,0,21613
yjit-off/puma-sleep-fibonacci-5ms/raptor-3r/repeat-1,yjit-off,false,puma-sleep-fibonacci-5ms,puma-sleep-fibonacci-test,puma/benchmarks/local/sleep_fibonacci_test + test/rackup/sleep_fibonacci,https://github.com/puma/puma/blob/main/benchmarks/local/sleep_fibonacci_test.rb,raptor-3r,3,raptor,3,,109,10,5.007,5.0,10,44,2.027,2.0,1,true,109,0,21.771,46.967,47.491,48.166,48.78,48.852,84.707,84.707,45.04,20,20,70,same_worker,1,19100
yjit-off/puma-sleep-fibonacci-10ms/raptor-3r/repeat-1,yjit-off,false,puma-sleep-fibonacci-10ms,puma-sleep-fibonacci-test,puma/benchmarks/local/sleep_fibonacci_test + test/rackup/sleep_fibonacci,https://github.com/puma/puma/blob/main/benchmarks/local/sleep_fibonacci_test.rb,raptor-3r,3,raptor,3,,98,10,5.025,5.0,10,40,2.034,2.0,1,true,98,0,19.503,51.917,52.066,52.943,53.021,53.029,84.711,84.711,44.805,20,20,70,same_worker,0,17440
yjit-off/puma-sleep-fibonacci-50ms/raptor-3r/repeat-1,yjit-off,false,puma-sleep-fibonacci-50ms,puma-sleep-fibonacci-test,puma/benchmarks/local/sleep_fibonacci_test + test/rackup/sleep_fibonacci,https://github.com/puma/puma/blob/main/benchmarks/local/sleep_fibonacci_test.rb,raptor-3r,3,raptor,3,,55,10,5.016,5.0,10,23,2.068,2.0,1,true,55,0,10.965,91.951,92.471,92.931,92.935,92.936,84.727,84.727,44.7,20,20,70,same_worker,0,8339
yjit-off/puma-sleep-fibonacci-100ms/raptor-3r/repeat-1,yjit-off,false,puma-sleep-fibonacci-100ms,puma-sleep-fibonacci-test,puma/benchmarks/local/sleep_fibonacci_test + test/rackup/sleep_fibonacci,https://github.com/puma/puma/blob/main/benchmarks/local/sleep_fibonacci_test.rb,raptor-3r,3,raptor,3,,36,10,5.057,5.0,10,15,2.084,2.0,1,true,36,0,7.119,141.735,141.977,141.985,141.988,141.988,84.805,84.805,44.7,20,20,71,same_worker,1,8217
yjit-off/puma-sleep-fibonacci-200ms/raptor-3r/repeat-1,yjit-off,false,puma-sleep-fibonacci-200ms,puma-sleep-fibonacci-test,puma/benchmarks/local/sleep_fibonacci_test + test/rackup/sleep_fibonacci,https://github.com/puma/puma/blob/main/benchmarks/local/sleep_fibonacci_test.rb,raptor-3r,3,raptor,3,,21,10,5.038,5.0,10,10,2.38,2.0,1,true,21,0,4.169,241.941,241.997,242.009,242.012,242.012,84.805,84.805,44.8,20,20,71,same_worker,0,2165
yjit-off/puma-response-array-1kb/raptor-3r/repeat-2,yjit-off,false,puma-response-array-1kb,puma-response-time-wrk,puma/benchmarks/local/response_time_wrk,https://github.com/puma/puma/blob/main/benchmarks/local/response_time_wrk.rb,raptor-3r,3,raptor,3,,1000,1000,16.149,5.0,1000,1000,16.104,2.0,5,true,1000,0,61.924,40.993,41.998,42.561,4035.262,4038.694,27.93,27.93,3.565,20,20,223,same_worker,31,717679
yjit-off/puma-response-chunk-1kb/raptor-3r/repeat-2,yjit-off,false,puma-response-chunk-1kb,puma-response-time-wrk,puma/benchmarks/local/response_time_wrk,https://github.com/puma/puma/blob/main/benchmarks/local/response_time_wrk.rb,raptor-3r,3,raptor,3,,1000,1000,16.125,5.0,1000,1000,16.093,2.0,5,true,1000,0,62.016,40.985,41.97,42.318,4029.018,4032.302,28.133,28.133,2.985,20,20,224,same_worker,28,715229
yjit-off/puma-response-string-1kb/raptor-3r/repeat-2,yjit-off,false,puma-response-string-1kb,puma-response-time-wrk,puma/benchmarks/local/response_time_wrk,https://github.com/puma/puma/blob/main/benchmarks/local/response_time_wrk.rb,raptor-3r,3,raptor,3,,1000,1000,16.123,5.0,1000,1000,16.102,2.0,5,true,1000,0,62.024,40.984,41.973,42.328,4032.945,4033.438,28.133,28.133,2.8,20,20,224,same_worker,29,718335
yjit-off/puma-response-io-1kb/raptor-3r/repeat-2,yjit-off,false,puma-response-io-1kb,puma-response-time-wrk,puma/benchmarks/local/response_time_wrk,https://github.com/puma/puma/blob/main/benchmarks/local/response_time_wrk.rb,raptor-3r,3,raptor,3,,1000,1000,16.137,5.0,1000,1000,16.102,2.0,5,true,1000,0,61.97,40.988,41.982,42.6,4047.028,4047.235,28.16,28.16,2.795,20,20,224,same_worker,29,725728
yjit-off/puma-response-array-10kb/raptor-3r/repeat-2,yjit-off,false,puma-response-array-10kb,puma-response-time-wrk,puma/benchmarks/local/response_time_wrk,https://github.com/puma/puma/blob/main/benchmarks/local/response_time_wrk.rb,raptor-3r,3,raptor,3,,1000,1000,16.122,5.0,1000,1000,16.134,2.0,5,true,1000,0,62.028,40.985,41.967,42.311,4034.077,4034.942,28.184,28.184,2.705,20,20,224,same_worker,29,719361
yjit-off/puma-response-chunk-10kb/raptor-3r/repeat-2,yjit-off,false,puma-response-chunk-10kb,puma-response-time-wrk,puma/benchmarks/local/response_time_wrk,https://github.com/puma/puma/blob/main/benchmarks/local/response_time_wrk.rb,raptor-3r,3,raptor,3,,1000,1000,16.117,5.0,1000,1000,16.108,2.0,5,true,1000,0,62.047,40.983,41.953,42.705,4028.128,4028.501,28.191,28.191,2.7,20,20,223,same_worker,29,716358
yjit-off/puma-response-string-10kb/raptor-3r/repeat-2,yjit-off,false,puma-response-string-10kb,puma-response-time-wrk,puma/benchmarks/local/response_time_wrk,https://github.com/puma/puma/blob/main/benchmarks/local/response_time_wrk.rb,raptor-3r,3,raptor,3,,1000,1000,16.132,5.0,1000,1000,16.115,2.0,5,true,1000,0,61.987,40.983,41.967,42.3,4029.67,4032.436,28.207,28.207,2.7,20,20,223,same_worker,29,721268
yjit-off/puma-response-io-10kb/raptor-3r/repeat-2,yjit-off,false,puma-response-io-10kb,puma-response-time-wrk,puma/benchmarks/local/response_time_wrk,https://github.com/puma/puma/blob/main/benchmarks/local/response_time_wrk.rb,raptor-3r,3,raptor,3,,1000,1000,16.155,5.0,1000,1000,16.178,2.0,5,true,1000,0,61.902,40.99,42.0,42.437,4038.953,4039.513,28.457,28.457,2.74,20,20,223,same_worker,30,745364
yjit-off/puma-response-array-100kb/raptor-3r/repeat-2,yjit-off,false,puma-response-array-100kb,puma-response-time-wrk,puma/benchmarks/local/response_time_wrk,https://github.com/puma/puma/blob/main/benchmarks/local/response_time_wrk.rb,raptor-3r,3,raptor,3,,1000,1000,15.335,5.0,1000,1000,14.033,2.0,5,true,1000,0,65.21,40.981,41.991,42.837,3881.594,3916.031,28.559,28.559,2.9,20,20,213,same_worker,30,719357
yjit-off/puma-response-chunk-100kb/raptor-3r/repeat-2,yjit-off,false,puma-response-chunk-100kb,puma-response-time-wrk,puma/benchmarks/local/response_time_wrk,https://github.com/puma/puma/blob/main/benchmarks/local/response_time_wrk.rb,raptor-3r,3,raptor,3,,1000,1000,15.167,5.0,1000,1000,14.61,2.0,5,true,1000,0,65.933,40.978,41.981,42.925,3723.942,3914.904,28.578,28.578,3.065,20,20,211,same_worker,30,715045
yjit-off/puma-response-string-100kb/raptor-3r/repeat-2,yjit-off,false,puma-response-string-100kb,puma-response-time-wrk,puma/benchmarks/local/response_time_wrk,https://github.com/puma/puma/blob/main/benchmarks/local/response_time_wrk.rb,raptor-3r,3,raptor,3,,12575,1000,5.002,5.0,1000,5265,2.003,2.0,5,true,12575,0,2513.92,1.11,1.923,7.139,117.406,127.277,29.063,29.063,4.38,20,20,67,same_worker,378,9042036
yjit-off/puma-response-io-100kb/raptor-3r/repeat-2,yjit-off,false,puma-response-io-100kb,puma-response-time-wrk,puma/benchmarks/local/response_time_wrk,https://github.com/puma/puma/blob/main/benchmarks/local/response_time_wrk.rb,raptor-3r,3,raptor,3,,1000,1000,13.146,5.0,1000,1000,13.31,2.0,5,true,1000,0,76.071,41.38,42.249,42.958,3152.622,3202.06,32.871,32.871,5.185,20,20,182,same_worker,41,924054
yjit-off/puma-response-array-256kb/raptor-3r/repeat-2,yjit-off,false,puma-response-array-256kb,puma-response-time-wrk,puma/benchmarks/local/response_time_wrk,https://github.com/puma/puma/blob/main/benchmarks/local/response_time_wrk.rb,raptor-3r,3,raptor,3,,1000,1000,14.723,5.0,1000,1000,15.093,2.0,5,true,1000,0,67.919,41.945,42.844,43.789,3679.798,3799.268,32.871,32.871,5.37,20,20,203,same_worker,31,720491
yjit-off/puma-response-chunk-256kb/raptor-3r/repeat-2,yjit-off,false,puma-response-chunk-256kb,puma-response-time-wrk,puma/benchmarks/local/response_time_wrk,https://github.com/puma/puma/blob/main/benchmarks/local/response_time_wrk.rb,raptor-3r,3,raptor,3,,1000,1000,15.278,5.0,1000,1000,14.712,2.0,5,true,1000,0,65.452,41.955,42.713,43.025,3878.446,3916.578,32.871,32.871,5.56,20,20,211,same_worker,30,714803
yjit-off/puma-response-string-256kb/raptor-3r/repeat-2,yjit-off,false,puma-response-string-256kb,puma-response-time-wrk,puma/benchmarks/local/response_time_wrk,https://github.com/puma/puma/blob/main/benchmarks/local/response_time_wrk.rb,raptor-3r,3,raptor,3,,9762,1000,5.002,5.0,1000,4259,2.002,2.0,5,true,9762,0,1951.588,1.419,2.359,42.271,138.338,208.26,33.105,33.105,6.45,20,20,66,same_worker,303,7021223
yjit-off/puma-response-io-256kb/raptor-3r/repeat-2,yjit-off,false,puma-response-io-256kb,puma-response-time-wrk,puma/benchmarks/local/response_time_wrk,https://github.com/puma/puma/blob/main/benchmarks/local/response_time_wrk.rb,raptor-3r,3,raptor,3,,1000,1000,15.401,5.0,1000,1000,15.459,2.0,5,true,1000,0,64.933,41.965,42.968,43.253,3806.266,3846.646,37.453,37.453,7.045,20,20,213,same_worker,59,1237479
yjit-off/puma-response-array-512kb/raptor-3r/repeat-2,yjit-off,false,puma-response-array-512kb,puma-response-time-wrk,puma/benchmarks/local/response_time_wrk,https://github.com/puma/puma/blob/main/benchmarks/local/response_time_wrk.rb,raptor-3r,3,raptor,3,,1000,1000,15.219,5.0,1000,1000,15.031,2.0,5,true,1000,0,65.706,42.441,43.579,44.359,3858.688,3917.135,37.453,37.453,7.345,20,20,210,same_worker,32,718232
yjit-off/puma-response-chunk-512kb/raptor-3r/repeat-2,yjit-off,false,puma-response-chunk-512kb,puma-response-time-wrk,puma/benchmarks/local/response_time_wrk,https://github.com/puma/puma/blob/main/benchmarks/local/response_time_wrk.rb,raptor-3r,3,raptor,3,,1000,1000,14.838,5.0,1000,1000,15.111,2.0,5,true,1000,0,67.395,42.811,43.803,44.899,3534.037,3749.047,37.453,37.453,7.675,20,20,205,same_worker,31,715785
yjit-off/puma-response-string-512kb/raptor-3r/repeat-2,yjit-off,false,puma-response-string-512kb,puma-response-time-wrk,puma/benchmarks/local/response_time_wrk,https://github.com/puma/puma/blob/main/benchmarks/local/response_time_wrk.rb,raptor-3r,3,raptor,3,,7085,1000,5.005,5.0,1000,2809,2.002,2.0,5,true,7085,0,1415.51,1.935,3.212,13.497,217.702,225.885,38.148,38.148,8.255,20,20,65,same_worker,226,5096919
yjit-off/puma-response-io-512kb/raptor-3r/repeat-2,yjit-off,false,puma-response-io-512kb,puma-response-time-wrk,puma/benchmarks/local/response_time_wrk,https://github.com/puma/puma/blob/main/benchmarks/local/response_time_wrk.rb,raptor-3r,3,raptor,3,,1000,1000,15.741,5.0,1000,1000,15.638,2.0,5,true,1000,0,63.529,42.964,44.016,45.077,3801.823,4096.109,46.0,46.0,8.855,20,20,217,same_worker,92,1749617
yjit-off/puma-response-array-1024kb/raptor-3r/repeat-2,yjit-off,false,puma-response-array-1024kb,puma-response-time-wrk,puma/benchmarks/local/response_time_wrk,https://github.com/puma/puma/blob/main/benchmarks/local/response_time_wrk.rb,raptor-3r,3,raptor,3,,1000,1000,16.16,5.0,1000,1000,15.861,2.0,5,true,1000,0,61.88,43.966,45.18,47.988,3927.43,3994.56,46.0,46.0,9.495,20,20,223,same_worker,32,719373
yjit-off/puma-response-chunk-1024kb/raptor-3r/repeat-2,yjit-off,false,puma-response-chunk-1024kb,puma-response-time-wrk,puma/benchmarks/local/response_time_wrk,https://github.com/puma/puma/blob/main/benchmarks/local/response_time_wrk.rb,raptor-3r,3,raptor,3,,1000,1000,15.435,5.0,1000,1000,16.638,2.0,5,true,1000,0,64.789,43.977,45.357,47.267,3880.49,3900.721,46.0,46.0,10.105,20,20,212,same_worker,32,716065
yjit-off/puma-response-string-1024kb/raptor-3r/repeat-2,yjit-off,false,puma-response-string-1024kb,puma-response-time-wrk,puma/benchmarks/local/response_time_wrk,https://github.com/puma/puma/blob/main/benchmarks/local/response_time_wrk.rb,raptor-3r,3,raptor,3,,4701,1000,5.003,5.0,1000,1974,2.004,2.0,5,true,4701,0,939.552,2.873,5.122,16.062,318.674,334.866,47.113,47.113,10.545,20,20,63,same_worker,152,3379492
yjit-off/puma-response-io-1024kb/raptor-3r/repeat-2,yjit-off,false,puma-response-io-1024kb,puma-response-time-wrk,puma/benchmarks/local/response_time_wrk,https://github.com/puma/puma/blob/main/benchmarks/local/response_time_wrk.rb,raptor-3r,3,raptor,3,,1000,1000,16.218,5.0,1000,1000,16.737,2.0,5,true,1000,0,61.658,44.951,46.75,50.906,3999.322,4067.49,50.328,50.281,11.37,20,20,223,same_worker,163,2772624
yjit-off/puma-response-array-2048kb/raptor-3r/repeat-2,yjit-off,false,puma-response-array-2048kb,puma-response-time-wrk,puma/benchmarks/local/response_time_wrk,https://github.com/puma/puma/blob/main/benchmarks/local/response_time_wrk.rb,raptor-3r,3,raptor,3,,1000,1000,17.235,5.0,1000,1000,17.572,2.0,5,true,1000,0,58.022,46.952,48.641,51.721,4257.595,4334.071,50.281,50.281,12.555,20,20,237,same_worker,33,719484
yjit-off/puma-response-chunk-2048kb/raptor-3r/repeat-2,yjit-off,false,puma-response-chunk-2048kb,puma-response-time-wrk,puma/benchmarks/local/response_time_wrk,https://github.com/puma/puma/blob/main/benchmarks/local/response_time_wrk.rb,raptor-3r,3,raptor,3,,1000,1000,16.758,5.0,1000,1000,17.443,2.0,5,true,1000,0,59.673,46.954,49.042,52.714,4113.364,4194.02,50.281,50.281,13.705,20,20,230,same_worker,32,715233
yjit-off/puma-response-string-2048kb/raptor-3r/repeat-2,yjit-off,false,puma-response-string-2048kb,puma-response-time-wrk,puma/benchmarks/local/response_time_wrk,https://github.com/puma/puma/blob/main/benchmarks/local/response_time_wrk.rb,raptor-3r,3,raptor,3,,3010,1000,5.006,5.0,1000,1286,2.006,2.0,5,true,3010,0,601.248,4.872,6.367,12.692,494.914,524.575,56.293,56.293,14.125,20,20,60,same_worker,99,2164089
yjit-off/puma-response-io-2048kb/raptor-3r/repeat-2,yjit-off,false,puma-response-io-2048kb,puma-response-time-wrk,puma/benchmarks/local/response_time_wrk,https://github.com/puma/puma/blob/main/benchmarks/local/response_time_wrk.rb,raptor-3r,3,raptor,3,,1000,1000,17.845,5.0,1000,1000,18.673,2.0,5,true,1000,0,56.037,48.412,51.978,60.099,4510.344,4675.251,63.348,63.348,15.355,20,20,245,same_worker,280,4822068
yjit-off/puma-long-tail-fib-200ms-x6p0/raptor-3r/repeat-2,yjit-off,false,puma-long-tail-fib-200ms-x6p0,puma-long-tail-hey,puma/benchmarks/local/long_tail_hey + test/rackup/sleep_fibonacci,https://github.com/puma/puma/blob/main/benchmarks/local/long_tail_hey.rb,raptor-3r,3,raptor,3,,363,360,29.023,5.0,360,360,28.792,2.0,18,true,363,0,12.508,241.929,242.987,19617.815,24415.741,24415.791,63.566,63.566,24.22,20,20,392,same_worker,2,62722
yjit-off/puma-long-tail-fib-200ms-x4p0/raptor-3r/repeat-2,yjit-off,false,puma-long-tail-fib-200ms-x4p0,puma-long-tail-hey,puma/benchmarks/local/long_tail_hey + test/rackup/sleep_fibonacci,https://github.com/puma/puma/blob/main/benchmarks/local/long_tail_hey.rb,raptor-3r,3,raptor,3,,243,240,19.419,5.0,240,240,19.186,2.0,12,true,243,0,12.514,241.744,242.976,12805.485,14817.562,14817.67,63.574,63.574,31.955,20,20,263,same_worker,1,44261
yjit-off/puma-long-tail-fib-200ms-x3p0/raptor-3r/repeat-2,yjit-off,false,puma-long-tail-fib-200ms-x3p0,puma-long-tail-hey,puma/benchmarks/local/long_tail_hey + test/rackup/sleep_fibonacci,https://github.com/puma/puma/blob/main/benchmarks/local/long_tail_hey.rb,raptor-3r,3,raptor,3,,183,180,14.629,5.0,180,180,14.394,2.0,9,true,183,0,12.509,241.75,243.319,10021.301,10023.487,10023.552,63.586,63.586,37.065,20,20,198,same_worker,2,33661
yjit-off/puma-long-tail-fib-200ms-x2p0/raptor-3r/repeat-2,yjit-off,false,puma-long-tail-fib-200ms-x2p0,puma-long-tail-hey,puma/benchmarks/local/long_tail_hey + test/rackup/sleep_fibonacci,https://github.com/puma/puma/blob/main/benchmarks/local/long_tail_hey.rb,raptor-3r,3,raptor,3,,123,120,9.832,5.0,120,120,9.596,2.0,6,true,123,0,12.51,241.87,242.963,5232.825,5235.688,5236.085,63.602,63.602,40.4,20,20,134,same_worker,0,19703
yjit-off/puma-long-tail-fib-200ms-x1p5/raptor-3r/repeat-2,yjit-off,false,puma-long-tail-fib-200ms-x1p5,puma-long-tail-hey,puma/benchmarks/local/long_tail_hey + test/rackup/sleep_fibonacci,https://github.com/puma/puma/blob/main/benchmarks/local/long_tail_hey.rb,raptor-3r,3,raptor,3,,103,100,9.836,5.0,100,100,9.597,2.0,5,true,103,0,10.472,241.929,242.537,5137.628,5239.472,5239.694,63.609,63.609,42.87,20,20,135,same_worker,1,19444
yjit-off/puma-long-tail-fib-200ms-x1p0/raptor-3r/repeat-2,yjit-off,false,puma-long-tail-fib-200ms-x1p0,puma-long-tail-hey,puma/benchmarks/local/long_tail_hey + test/rackup/sleep_fibonacci,https://github.com/puma/puma/blob/main/benchmarks/local/long_tail_hey.rb,raptor-3r,3,raptor,3,,63,60,5.034,5.0,60,60,4.798,2.0,3,true,63,0,12.515,241.64,242.29,242.41,242.412,242.412,63.613,63.613,44.39,20,20,69,same_worker,1,14167
yjit-off/puma-long-tail-fib-200ms-x0p5/raptor-3r/repeat-2,yjit-off,false,puma-long-tail-fib-200ms-x0p5,puma-long-tail-hey,puma/benchmarks/local/long_tail_hey + test/rackup/sleep_fibonacci,https://github.com/puma/puma/blob/main/benchmarks/local/long_tail_hey.rb,raptor-3r,3,raptor,3,,42,40,5.041,5.0,40,40,4.799,2.0,2,true,42,0,8.332,241.943,242.402,242.842,242.876,242.88,63.617,63.617,45.295,20,20,70,same_worker,0,6796
yjit-off/puma-sleep-fibonacci-1ms/raptor-3r/repeat-2,yjit-off,false,puma-sleep-fibonacci-1ms,puma-sleep-fibonacci-test,puma/benchmarks/local/sleep_fibonacci_test + test/rackup/sleep_fibonacci,https://github.com/puma/puma/blob/main/benchmarks/local/sleep_fibonacci_test.rb,raptor-3r,3,raptor,3,,122,10,5.005,5.0,10,49,2.019,2.0,1,true,122,0,24.377,41.954,42.049,42.939,42.986,42.992,63.625,63.625,45.28,20,20,70,same_worker,0,20585
yjit-off/puma-sleep-fibonacci-5ms/raptor-3r/repeat-2,yjit-off,false,puma-sleep-fibonacci-5ms,puma-sleep-fibonacci-test,puma/benchmarks/local/sleep_fibonacci_test + test/rackup/sleep_fibonacci,https://github.com/puma/puma/blob/main/benchmarks/local/sleep_fibonacci_test.rb,raptor-3r,3,raptor,3,,109,10,5.003,5.0,10,44,2.028,2.0,1,true,109,0,21.788,46.954,47.11,47.941,47.977,47.981,63.637,63.637,45.0,20,20,70,same_worker,1,19223
yjit-off/puma-sleep-fibonacci-10ms/raptor-3r/repeat-2,yjit-off,false,puma-sleep-fibonacci-10ms,puma-sleep-fibonacci-test,puma/benchmarks/local/sleep_fibonacci_test + test/rackup/sleep_fibonacci,https://github.com/puma/puma/blob/main/benchmarks/local/sleep_fibonacci_test.rb,raptor-3r,3,raptor,3,,98,10,5.019,5.0,10,40,2.035,2.0,1,true,98,0,19.527,51.896,52.425,52.967,52.994,52.997,63.715,63.715,44.755,20,20,71,same_worker,1,16459
yjit-off/puma-sleep-fibonacci-50ms/raptor-3r/repeat-2,yjit-off,false,puma-sleep-fibonacci-50ms,puma-sleep-fibonacci-test,puma/benchmarks/local/sleep_fibonacci_test + test/rackup/sleep_fibonacci,https://github.com/puma/puma/blob/main/benchmarks/local/sleep_fibonacci_test.rb,raptor-3r,3,raptor,3,,55,10,5.007,5.0,10,23,2.066,2.0,1,true,55,0,10.985,91.945,92.047,92.964,93.009,93.014,63.715,63.715,44.695,20,20,71,same_worker,0,9598
yjit-off/puma-sleep-fibonacci-100ms/raptor-3r/repeat-2,yjit-off,false,puma-sleep-fibonacci-100ms,puma-sleep-fibonacci-test,puma/benchmarks/local/sleep_fibonacci_test + test/rackup/sleep_fibonacci,https://github.com/puma/puma/blob/main/benchmarks/local/sleep_fibonacci_test.rb,raptor-3r,3,raptor,3,,36,10,5.067,5.0,10,15,2.081,2.0,1,true,36,0,7.105,141.947,142.326,142.891,142.925,142.929,63.719,63.719,44.7,20,20,71,same_worker,1,8173
yjit-off/puma-sleep-fibonacci-200ms/raptor-3r/repeat-2,yjit-off,false,puma-sleep-fibonacci-200ms,puma-sleep-fibonacci-test,puma/benchmarks/local/sleep_fibonacci_test + test/rackup/sleep_fibonacci,https://github.com/puma/puma/blob/main/benchmarks/local/sleep_fibonacci_test.rb,raptor-3r,3,raptor,3,,21,10,5.038,5.0,10,10,2.375,2.0,1,true,21,0,4.169,241.944,242.574,242.84,242.9,242.907,63.719,63.719,44.775,20,20,71,same_worker,0,3888
yjit-off/puma-response-array-1kb/raptor-3r/repeat-3,yjit-off,false,puma-response-array-1kb,puma-response-time-wrk,puma/benchmarks/local/response_time_wrk,https://github.com/puma/puma/blob/main/benchmarks/local/response_time_wrk.rb,raptor-3r,3,raptor,3,,1000,1000,16.118,5.0,1000,1000,16.09,2.0,5,true,1000,0,62.042,40.984,41.965,42.253,4029.521,4029.851,29.199,29.199,3.38,20,20,224,same_worker,16,718636
yjit-off/puma-response-chunk-1kb/raptor-3r/repeat-3,yjit-off,false,puma-response-chunk-1kb,puma-response-time-wrk,puma/benchmarks/local/response_time_wrk,https://github.com/puma/puma/blob/main/benchmarks/local/response_time_wrk.rb,raptor-3r,3,raptor,3,,1000,1000,16.139,5.0,1000,1000,16.112,2.0,5,true,1000,0,61.96,40.987,41.987,42.616,4038.899,4039.782,29.25,29.25,2.885,20,20,224,same_worker,16,714823
yjit-off/puma-response-string-1kb/raptor-3r/repeat-3,yjit-off,false,puma-response-string-1kb,puma-response-time-wrk,puma/benchmarks/local/response_time_wrk,https://github.com/puma/puma/blob/main/benchmarks/local/response_time_wrk.rb,raptor-3r,3,raptor,3,,1000,1000,16.136,5.0,1000,1000,16.12,2.0,5,true,1000,0,61.974,40.986,41.979,42.449,4033.513,4035.417,29.621,29.621,2.8,20,20,223,same_worker,15,719989
yjit-off/puma-response-io-1kb/raptor-3r/repeat-3,yjit-off,false,puma-response-io-1kb,puma-response-time-wrk,puma/benchmarks/local/response_time_wrk,https://github.com/puma/puma/blob/main/benchmarks/local/response_time_wrk.rb,raptor-3r,3,raptor,3,,1000,1000,16.125,5.0,1000,1000,16.124,2.0,5,true,1000,0,62.016,40.987,41.966,42.315,4032.646,4033.777,29.684,29.684,2.8,20,20,223,same_worker,16,725302
yjit-off/puma-response-array-10kb/raptor-3r/repeat-3,yjit-off,false,puma-response-array-10kb,puma-response-time-wrk,puma/benchmarks/local/response_time_wrk,https://github.com/puma/puma/blob/main/benchmarks/local/response_time_wrk.rb,raptor-3r,3,raptor,3,,1000,1000,16.154,5.0,1000,1000,16.128,2.0,5,true,1000,0,61.905,40.981,41.964,42.241,4031.168,4066.339,29.684,29.684,2.7,20,20,225,same_worker,15,719309
yjit-off/puma-response-chunk-10kb/raptor-3r/repeat-3,yjit-off,false,puma-response-chunk-10kb,puma-response-time-wrk,puma/benchmarks/local/response_time_wrk,https://github.com/puma/puma/blob/main/benchmarks/local/response_time_wrk.rb,raptor-3r,3,raptor,3,,1000,1000,16.175,5.0,1000,1000,16.126,2.0,5,true,1000,0,61.822,40.99,41.988,42.523,4074.705,4078.704,29.684,29.684,2.7,20,20,225,same_worker,15,716309
yjit-off/puma-response-string-10kb/raptor-3r/repeat-3,yjit-off,false,puma-response-string-10kb,puma-response-time-wrk,puma/benchmarks/local/response_time_wrk,https://github.com/puma/puma/blob/main/benchmarks/local/response_time_wrk.rb,raptor-3r,3,raptor,3,,1000,1000,16.122,5.0,1000,1000,16.08,2.0,5,true,1000,0,62.027,40.984,41.977,42.313,4031.636,4031.983,29.691,29.691,2.6,20,20,225,same_worker,16,717613
yjit-off/puma-response-io-10kb/raptor-3r/repeat-3,yjit-off,false,puma-response-io-10kb,puma-response-time-wrk,puma/benchmarks/local/response_time_wrk,https://github.com/puma/puma/blob/main/benchmarks/local/response_time_wrk.rb,raptor-3r,3,raptor,3,,1000,1000,16.124,5.0,1000,1000,16.092,2.0,5,true,1000,0,62.019,40.982,41.978,42.283,4070.959,4073.268,30.227,30.227,2.6,20,20,224,same_worker,16,745313
yjit-off/puma-response-array-100kb/raptor-3r/repeat-3,yjit-off,false,puma-response-array-100kb,puma-response-time-wrk,puma/benchmarks/local/response_time_wrk,https://github.com/puma/puma/blob/main/benchmarks/local/response_time_wrk.rb,raptor-3r,3,raptor,3,,1000,1000,15.001,5.0,1000,1000,15.261,2.0,5,true,1000,0,66.664,40.978,41.971,42.557,3753.544,3792.766,30.387,30.387,2.77,20,20,208,same_worker,16,717632
yjit-off/puma-response-chunk-100kb/raptor-3r/repeat-3,yjit-off,false,puma-response-chunk-100kb,puma-response-time-wrk,puma/benchmarks/local/response_time_wrk,https://github.com/puma/puma/blob/main/benchmarks/local/response_time_wrk.rb,raptor-3r,3,raptor,3,,1000,1000,13.632,5.0,1000,1000,14.722,2.0,5,true,1000,0,73.357,40.977,41.979,42.933,3716.71,3804.35,30.387,30.387,2.935,20,20,189,same_worker,16,715256
yjit-off/puma-response-string-100kb/raptor-3r/repeat-3,yjit-off,false,puma-response-string-100kb,puma-response-time-wrk,puma/benchmarks/local/response_time_wrk,https://github.com/puma/puma/blob/main/benchmarks/local/response_time_wrk.rb,raptor-3r,3,raptor,3,,12605,1000,5.002,5.0,1000,5139,2.002,2.0,5,true,12605,0,2520.237,1.122,1.902,6.441,117.425,129.811,30.836,30.836,4.225,20,20,67,same_worker,200,9063916
yjit-off/puma-response-io-100kb/raptor-3r/repeat-3,yjit-off,false,puma-response-io-100kb,puma-response-time-wrk,puma/benchmarks/local/response_time_wrk,https://github.com/puma/puma/blob/main/benchmarks/local/response_time_wrk.rb,raptor-3r,3,raptor,3,,1000,1000,15.063,5.0,1000,1000,14.403,2.0,5,true,1000,0,66.39,40.989,41.992,42.979,3688.576,3689.057,37.828,37.676,5.0,20,20,210,same_worker,21,925317
yjit-off/puma-response-array-256kb/raptor-3r/repeat-3,yjit-off,false,puma-response-array-256kb,puma-response-time-wrk,puma/benchmarks/local/response_time_wrk,https://github.com/puma/puma/blob/main/benchmarks/local/response_time_wrk.rb,raptor-3r,3,raptor,3,,1000,1000,15.06,5.0,1000,1000,15.477,2.0,5,true,1000,0,66.403,41.953,42.899,43.443,3798.828,3838.56,37.676,37.676,5.11,20,20,210,same_worker,16,719312
yjit-off/puma-response-chunk-256kb/raptor-3r/repeat-3,yjit-off,false,puma-response-chunk-256kb,puma-response-time-wrk,puma/benchmarks/local/response_time_wrk,https://github.com/puma/puma/blob/main/benchmarks/local/response_time_wrk.rb,raptor-3r,3,raptor,3,,1000,1000,14.901,5.0,1000,1000,15.765,2.0,5,true,1000,0,67.109,41.963,42.743,43.133,3795.251,4046.429,37.676,37.676,5.27,20,20,207,same_worker,16,715159
yjit-off/puma-response-string-256kb/raptor-3r/repeat-3,yjit-off,false,puma-response-string-256kb,puma-response-time-wrk,puma/benchmarks/local/response_time_wrk,https://github.com/puma/puma/blob/main/benchmarks/local/response_time_wrk.rb,raptor-3r,3,raptor,3,,9928,1000,5.002,5.0,1000,4014,2.002,2.0,5,true,9928,0,1984.754,1.394,2.352,41.702,141.864,180.457,37.676,37.676,6.11,20,20,66,same_worker,159,7138207
yjit-off/puma-response-io-256kb/raptor-3r/repeat-3,yjit-off,false,puma-response-io-256kb,puma-response-time-wrk,puma/benchmarks/local/response_time_wrk,https://github.com/puma/puma/blob/main/benchmarks/local/response_time_wrk.rb,raptor-3r,3,raptor,3,,1000,1000,15.47,5.0,1000,1000,15.213,2.0,5,true,1000,0,64.641,41.97,42.948,44.159,3838.7,4001.368,47.125,47.125,6.675,20,20,215,same_worker,30,1235923
yjit-off/puma-response-array-512kb/raptor-3r/repeat-3,yjit-off,false,puma-response-array-512kb,puma-response-time-wrk,puma/benchmarks/local/response_time_wrk,https://github.com/puma/puma/blob/main/benchmarks/local/response_time_wrk.rb,raptor-3r,3,raptor,3,,1000,1000,15.005,5.0,1000,1000,15.124,2.0,5,true,1000,0,66.644,42.019,43.296,46.005,3624.785,3860.04,47.125,47.125,6.97,20,20,208,same_worker,16,717767
yjit-off/puma-response-chunk-512kb/raptor-3r/repeat-3,yjit-off,false,puma-response-chunk-512kb,puma-response-time-wrk,puma/benchmarks/local/response_time_wrk,https://github.com/puma/puma/blob/main/benchmarks/local/response_time_wrk.rb,raptor-3r,3,raptor,3,,1000,1000,14.861,5.0,1000,1000,16.048,2.0,5,true,1000,0,67.29,42.107,43.348,44.686,3770.146,3776.131,47.125,47.125,7.26,20,20,206,same_worker,16,715285
yjit-off/puma-response-string-512kb/raptor-3r/repeat-3,yjit-off,false,puma-response-string-512kb,puma-response-time-wrk,puma/benchmarks/local/response_time_wrk,https://github.com/puma/puma/blob/main/benchmarks/local/response_time_wrk.rb,raptor-3r,3,raptor,3,,7049,1000,5.003,5.0,1000,2677,2.003,2.0,5,true,7049,0,1408.95,1.909,3.266,15.892,215.336,233.121,47.125,47.125,7.79,20,20,64,same_worker,115,5067784
yjit-off/puma-response-io-512kb/raptor-3r/repeat-3,yjit-off,false,puma-response-io-512kb,puma-response-time-wrk,puma/benchmarks/local/response_time_wrk,https://github.com/puma/puma/blob/main/benchmarks/local/response_time_wrk.rb,raptor-3r,3,raptor,3,,1000,1000,15.329,5.0,1000,1000,15.893,2.0,5,true,1000,0,65.235,42.966,44.005,44.952,4002.786,4047.244,53.703,53.703,8.345,20,20,213,same_worker,46,1747840
yjit-off/puma-response-array-1024kb/raptor-3r/repeat-3,yjit-off,false,puma-response-array-1024kb,puma-response-time-wrk,puma/benchmarks/local/response_time_wrk,https://github.com/puma/puma/blob/main/benchmarks/local/response_time_wrk.rb,raptor-3r,3,raptor,3,,1000,1000,15.863,5.0,1000,1000,16.455,2.0,5,true,1000,0,63.04,43.966,45.023,47.453,3921.4,3962.089,50.91,50.91,8.96,20,20,219,same_worker,17,719322
yjit-off/puma-response-chunk-1024kb/raptor-3r/repeat-3,yjit-off,false,puma-response-chunk-1024kb,puma-response-time-wrk,puma/benchmarks/local/response_time_wrk,https://github.com/puma/puma/blob/main/benchmarks/local/response_time_wrk.rb,raptor-3r,3,raptor,3,,1000,1000,15.902,5.0,1000,1000,16.572,2.0,5,true,1000,0,62.884,43.965,45.001,47.253,3890.946,4133.452,50.91,50.91,9.58,20,20,220,same_worker,16,714664
yjit-off/puma-response-string-1024kb/raptor-3r/repeat-3,yjit-off,false,puma-response-string-1024kb,puma-response-time-wrk,puma/benchmarks/local/response_time_wrk,https://github.com/puma/puma/blob/main/benchmarks/local/response_time_wrk.rb,raptor-3r,3,raptor,3,,4785,1000,5.004,5.0,1000,1828,2.005,2.0,5,true,4785,0,956.155,2.778,5.122,15.945,317.685,339.069,53.492,53.492,9.95,20,20,62,same_worker,78,3442430
yjit-off/puma-response-io-1024kb/raptor-3r/repeat-3,yjit-off,false,puma-response-io-1024kb,puma-response-time-wrk,puma/benchmarks/local/response_time_wrk,https://github.com/puma/puma/blob/main/benchmarks/local/response_time_wrk.rb,raptor-3r,3,raptor,3,,1000,1000,16.597,5.0,1000,1000,16.572,2.0,5,true,1000,0,60.251,44.914,46.068,47.623,4090.167,4185.64,67.41,67.41,10.71,20,20,230,same_worker,77,2773257
yjit-off/puma-response-array-2048kb/raptor-3r/repeat-3,yjit-off,false,puma-response-array-2048kb,puma-response-time-wrk,puma/benchmarks/local/response_time_wrk,https://github.com/puma/puma/blob/main/benchmarks/local/response_time_wrk.rb,raptor-3r,3,raptor,3,,1000,1000,16.971,5.0,1000,1000,17.356,2.0,5,true,1000,0,58.923,46.949,48.86,52.047,4209.043,4280.714,64.832,64.832,11.86,20,20,234,same_worker,17,718109
yjit-off/puma-response-chunk-2048kb/raptor-3r/repeat-3,yjit-off,false,puma-response-chunk-2048kb,puma-response-time-wrk,puma/benchmarks/local/response_time_wrk,https://github.com/puma/puma/blob/main/benchmarks/local/response_time_wrk.rb,raptor-3r,3,raptor,3,,1000,1000,17.384,5.0,1000,1000,17.555,2.0,5,true,1000,0,57.524,46.949,48.73,50.795,4282.598,4493.795,64.832,64.832,13.015,20,20,240,same_worker,16,716293
yjit-off/puma-response-string-2048kb/raptor-3r/repeat-3,yjit-off,false,puma-response-string-2048kb,puma-response-time-wrk,puma/benchmarks/local/response_time_wrk,https://github.com/puma/puma/blob/main/benchmarks/local/response_time_wrk.rb,raptor-3r,3,raptor,3,,2976,1000,5.009,5.0,1000,1167,2.054,2.0,5,true,2976,0,594.14,4.979,6.494,14.239,499.322,514.289,68.84,68.84,13.405,20,20,60,same_worker,49,2138826
yjit-off/puma-response-io-2048kb/raptor-3r/repeat-3,yjit-off,false,puma-response-io-2048kb,puma-response-time-wrk,puma/benchmarks/local/response_time_wrk,https://github.com/puma/puma/blob/main/benchmarks/local/response_time_wrk.rb,raptor-3r,3,raptor,3,,1000,1000,18.113,5.0,1000,1000,18.712,2.0,5,true,1000,0,55.209,48.001,51.393,53.735,4584.856,4593.581,79.523,79.523,14.64,20,20,250,same_worker,147,4820549
yjit-off/puma-long-tail-fib-200ms-x6p0/raptor-3r/repeat-3,yjit-off,false,puma-long-tail-fib-200ms-x6p0,puma-long-tail-hey,puma/benchmarks/local/long_tail_hey + test/rackup/sleep_fibonacci,https://github.com/puma/puma/blob/main/benchmarks/local/long_tail_hey.rb,raptor-3r,3,raptor,3,,363,360,29.025,5.0,360,360,28.79,2.0,18,true,363,0,12.506,241.919,243.149,19617.741,24415.392,24417.877,79.813,79.813,23.45,20,20,393,same_worker,1,64314
yjit-off/puma-long-tail-fib-200ms-x4p0/raptor-3r/repeat-3,yjit-off,false,puma-long-tail-fib-200ms-x4p0,puma-long-tail-hey,puma/benchmarks/local/long_tail_hey + test/rackup/sleep_fibonacci,https://github.com/puma/puma/blob/main/benchmarks/local/long_tail_hey.rb,raptor-3r,3,raptor,3,,243,240,19.428,5.0,240,240,19.191,2.0,12,true,243,0,12.507,241.918,242.883,12806.672,14822.358,14822.926,79.848,79.848,31.165,20,20,262,same_worker,1,40928
yjit-off/puma-long-tail-fib-200ms-x3p0/raptor-3r/repeat-3,yjit-off,false,puma-long-tail-fib-200ms-x3p0,puma-long-tail-hey,puma/benchmarks/local/long_tail_hey + test/rackup/sleep_fibonacci,https://github.com/puma/puma/blob/main/benchmarks/local/long_tail_hey.rb,raptor-3r,3,raptor,3,,183,180,14.632,5.0,180,180,14.398,2.0,9,true,183,0,12.507,241.846,242.725,10025.634,10029.954,10030.418,79.855,79.855,36.27,20,20,198,same_worker,0,29942
yjit-off/puma-long-tail-fib-200ms-x2p0/raptor-3r/repeat-3,yjit-off,false,puma-long-tail-fib-200ms-x2p0,puma-long-tail-hey,puma/benchmarks/local/long_tail_hey + test/rackup/sleep_fibonacci,https://github.com/puma/puma/blob/main/benchmarks/local/long_tail_hey.rb,raptor-3r,3,raptor,3,,123,120,9.833,5.0,120,120,9.593,2.0,6,true,123,0,12.509,241.787,242.483,5231.939,5232.049,5232.061,79.859,79.859,39.615,20,20,134,same_worker,0,20877
yjit-off/puma-long-tail-fib-200ms-x1p5/raptor-3r/repeat-3,yjit-off,false,puma-long-tail-fib-200ms-x1p5,puma-long-tail-hey,puma/benchmarks/local/long_tail_hey + test/rackup/sleep_fibonacci,https://github.com/puma/puma/blob/main/benchmarks/local/long_tail_hey.rb,raptor-3r,3,raptor,3,,103,100,9.833,5.0,100,100,9.594,2.0,5,true,103,0,10.475,241.889,242.497,5134.474,5236.147,5236.357,79.867,79.867,42.075,20,20,135,same_worker,0,17517
yjit-off/puma-long-tail-fib-200ms-x1p0/raptor-3r/repeat-3,yjit-off,false,puma-long-tail-fib-200ms-x1p0,puma-long-tail-hey,puma/benchmarks/local/long_tail_hey + test/rackup/sleep_fibonacci,https://github.com/puma/puma/blob/main/benchmarks/local/long_tail_hey.rb,raptor-3r,3,raptor,3,,63,60,5.038,5.0,60,60,4.8,2.0,3,true,63,0,12.505,241.702,242.63,243.186,243.702,243.76,79.871,79.871,43.59,20,20,69,same_worker,1,13582
yjit-off/puma-long-tail-fib-200ms-x0p5/raptor-3r/repeat-3,yjit-off,false,puma-long-tail-fib-200ms-x0p5,puma-long-tail-hey,puma/benchmarks/local/long_tail_hey + test/rackup/sleep_fibonacci,https://github.com/puma/puma/blob/main/benchmarks/local/long_tail_hey.rb,raptor-3r,3,raptor,3,,42,40,5.034,5.0,40,40,4.796,2.0,2,true,42,0,8.344,241.699,242.117,242.152,242.155,242.155,79.871,79.871,44.51,20,20,70,same_worker,0,6802
yjit-off/puma-sleep-fibonacci-1ms/raptor-3r/repeat-3,yjit-off,false,puma-sleep-fibonacci-1ms,puma-sleep-fibonacci-test,puma/benchmarks/local/sleep_fibonacci_test + test/rackup/sleep_fibonacci,https://github.com/puma/puma/blob/main/benchmarks/local/sleep_fibonacci_test.rb,raptor-3r,3,raptor,3,,122,10,5.012,5.0,10,49,2.017,2.0,1,true,122,0,24.342,41.96,42.931,43.014,43.871,43.988,79.891,79.891,44.495,20,20,71,same_worker,1,23174
yjit-off/puma-sleep-fibonacci-5ms/raptor-3r/repeat-3,yjit-off,false,puma-sleep-fibonacci-5ms,puma-sleep-fibonacci-test,puma/benchmarks/local/sleep_fibonacci_test + test/rackup/sleep_fibonacci,https://github.com/puma/puma/blob/main/benchmarks/local/sleep_fibonacci_test.rb,raptor-3r,3,raptor,3,,109,10,5.005,5.0,10,44,2.028,2.0,1,true,109,0,21.779,46.963,47.642,47.96,47.985,47.988,79.891,79.891,44.215,20,20,71,same_worker,0,19385
yjit-off/puma-sleep-fibonacci-10ms/raptor-3r/repeat-3,yjit-off,false,puma-sleep-fibonacci-10ms,puma-sleep-fibonacci-test,puma/benchmarks/local/sleep_fibonacci_test + test/rackup/sleep_fibonacci,https://github.com/puma/puma/blob/main/benchmarks/local/sleep_fibonacci_test.rb,raptor-3r,3,raptor,3,,98,10,5.008,5.0,10,40,2.037,2.0,1,true,98,0,19.569,51.291,52.002,52.102,52.432,52.469,79.891,79.891,43.98,20,20,71,same_worker,1,17296
yjit-off/puma-sleep-fibonacci-50ms/raptor-3r/repeat-3,yjit-off,false,puma-sleep-fibonacci-50ms,puma-sleep-fibonacci-test,puma/benchmarks/local/sleep_fibonacci_test + test/rackup/sleep_fibonacci,https://github.com/puma/puma/blob/main/benchmarks/local/sleep_fibonacci_test.rb,raptor-3r,3,raptor,3,,55,10,5.005,5.0,10,23,2.075,2.0,1,true,55,0,10.989,91.904,92.038,92.456,92.887,92.935,79.891,79.891,43.9,20,20,70,same_worker,0,8309
yjit-off/puma-sleep-fibonacci-100ms/raptor-3r/repeat-3,yjit-off,false,puma-sleep-fibonacci-100ms,puma-sleep-fibonacci-test,puma/benchmarks/local/sleep_fibonacci_test + test/rackup/sleep_fibonacci,https://github.com/puma/puma/blob/main/benchmarks/local/sleep_fibonacci_test.rb,raptor-3r,3,raptor,3,,36,10,5.054,5.0,10,15,2.088,2.0,1,true,36,0,7.124,141.012,141.995,142.006,142.01,142.011,79.895,79.895,43.9,20,20,71,same_worker,0,6528
yjit-off/puma-sleep-fibonacci-200ms/raptor-3r/repeat-3,yjit-off,false,puma-sleep-fibonacci-200ms,puma-sleep-fibonacci-test,puma/benchmarks/local/sleep_fibonacci_test + test/rackup/sleep_fibonacci,https://github.com/puma/puma/blob/main/benchmarks/local/sleep_fibonacci_test.rb,raptor-3r,3,raptor,3,,21,10,5.038,5.0,10,10,2.379,2.0,1,true,21,0,4.169,241.94,242.437,242.803,242.885,242.894,79.895,79.895,44.0,20,20,71,same_worker,0,3888
yjit-off/puma-response-array-1kb/puma-1w-3t/repeat-1,yjit-off,false,puma-response-array-1kb,puma-response-time-wrk,puma/benchmarks/local/response_time_wrk,https://github.com/puma/puma/blob/main/benchmarks/local/response_time_wrk.rb,puma-1w-3t,3,puma,1,3,17027,1000,5.001,5.0,1000,6969,2.001,2.0,5,true,17027,0,3404.615,1.399,1.972,2.374,3.186,4.033,64.52,64.469,96.27,20,20,66,multiprocess_sample_only,,
yjit-off/puma-response-chunk-1kb/puma-1w-3t/repeat-1,yjit-off,false,puma-response-chunk-1kb,puma-response-time-wrk,puma/benchmarks/local/response_time_wrk,https://github.com/puma/puma/blob/main/benchmarks/local/response_time_wrk.rb,puma-1w-3t,3,puma,1,3,16664,1000,5.001,5.0,1000,6873,2.001,2.0,5,true,16664,0,3332.066,1.43,2.024,2.405,3.157,4.119,71.949,71.844,92.705,20,20,66,multiprocess_sample_only,,
yjit-off/puma-response-string-1kb/puma-1w-3t/repeat-1,yjit-off,false,puma-response-string-1kb,puma-response-time-wrk,puma/benchmarks/local/response_time_wrk,https://github.com/puma/puma/blob/main/benchmarks/local/response_time_wrk.rb,puma-1w-3t,3,puma,1,3,17025,1000,5.001,5.0,1000,7034,2.001,2.0,5,true,17025,0,3404.29,1.399,1.967,2.325,2.894,3.83,71.934,71.453,91.765,20,20,66,multiprocess_sample_only,,
yjit-off/puma-response-io-1kb/puma-1w-3t/repeat-1,yjit-off,false,puma-response-io-1kb,puma-response-time-wrk,puma/benchmarks/local/response_time_wrk,https://github.com/puma/puma/blob/main/benchmarks/local/response_time_wrk.rb,puma-1w-3t,3,puma,1,3,16828,1000,5.001,5.0,1000,6954,2.001,2.0,5,true,16828,0,3364.895,1.413,2.027,2.44,3.172,4.011,71.688,71.18,92.775,20,20,66,multiprocess_sample_only,,
yjit-off/puma-response-array-10kb/puma-1w-3t/repeat-1,yjit-off,false,puma-response-array-10kb,puma-response-time-wrk,puma/benchmarks/local/response_time_wrk,https://github.com/puma/puma/blob/main/benchmarks/local/response_time_wrk.rb,puma-1w-3t,3,puma,1,3,16648,1000,5.001,5.0,1000,6872,2.001,2.0,5,true,16648,0,3328.915,1.425,2.042,2.451,3.154,3.908,75.742,75.652,93.065,20,20,66,multiprocess_sample_only,,
yjit-off/puma-response-chunk-10kb/puma-1w-3t/repeat-1,yjit-off,false,puma-response-chunk-10kb,puma-response-time-wrk,puma/benchmarks/local/response_time_wrk,https://github.com/puma/puma/blob/main/benchmarks/local/response_time_wrk.rb,puma-1w-3t,3,puma,1,3,14453,1000,5.001,5.0,1000,5955,2.001,2.0,5,true,14453,0,2889.86,1.656,2.304,2.798,3.519,4.597,74.844,74.844,92.38,20,20,66,multiprocess_sample_only,,
yjit-off/puma-response-string-10kb/puma-1w-3t/repeat-1,yjit-off,false,puma-response-string-10kb,puma-response-time-wrk,puma/benchmarks/local/response_time_wrk,https://github.com/puma/puma/blob/main/benchmarks/local/response_time_wrk.rb,puma-1w-3t,3,puma,1,3,16741,1000,5.001,5.0,1000,6883,2.001,2.0,5,true,16741,0,3347.504,1.413,2.06,2.506,3.186,3.965,75.871,75.813,91.895,20,20,66,multiprocess_sample_only,,
yjit-off/puma-response-io-10kb/puma-1w-3t/repeat-1,yjit-off,false,puma-response-io-10kb,puma-response-time-wrk,puma/benchmarks/local/response_time_wrk,https://github.com/puma/puma/blob/main/benchmarks/local/response_time_wrk.rb,puma-1w-3t,3,puma,1,3,16504,1000,5.001,5.0,1000,6820,2.001,2.0,5,true,16504,0,3300.063,1.436,2.11,2.603,3.359,4.494,77.254,77.016,92.44,20,20,66,multiprocess_sample_only,,
yjit-off/puma-response-array-100kb/puma-1w-3t/repeat-1,yjit-off,false,puma-response-array-100kb,puma-response-time-wrk,puma/benchmarks/local/response_time_wrk,https://github.com/puma/puma/blob/main/benchmarks/local/response_time_wrk.rb,puma-1w-3t,3,puma,1,3,13590,1000,5.002,5.0,1000,5458,2.001,2.0,5,true,13590,0,2717.147,1.775,2.333,2.837,3.624,4.546,101.273,99.891,92.6,20,20,65,multiprocess_sample_only,,
yjit-off/puma-response-chunk-100kb/puma-1w-3t/repeat-1,yjit-off,false,puma-response-chunk-100kb,puma-response-time-wrk,puma/benchmarks/local/response_time_wrk,https://github.com/puma/puma/blob/main/benchmarks/local/response_time_wrk.rb,puma-1w-3t,3,puma,1,3,6610,1000,5.003,5.0,1000,2753,2.003,2.0,5,true,6610,0,1321.314,3.737,4.528,5.014,6.594,8.191,88.984,88.48,91.965,20,20,62,multiprocess_sample_only,,
yjit-off/puma-response-string-100kb/puma-1w-3t/repeat-1,yjit-off,false,puma-response-string-100kb,puma-response-time-wrk,puma/benchmarks/local/response_time_wrk,https://github.com/puma/puma/blob/main/benchmarks/local/response_time_wrk.rb,puma-1w-3t,3,puma,1,3,13602,1000,5.001,5.0,1000,5570,2.002,2.0,5,true,13602,0,2719.6,1.781,2.295,2.589,3.575,4.078,101.332,100.59,91.09,20,20,65,multiprocess_sample_only,,
yjit-off/puma-response-io-100kb/puma-1w-3t/repeat-1,yjit-off,false,puma-response-io-100kb,puma-response-time-wrk,puma/benchmarks/local/response_time_wrk,https://github.com/puma/puma/blob/main/benchmarks/local/response_time_wrk.rb,puma-1w-3t,3,puma,1,3,13236,1000,5.024,5.0,1000,5487,2.001,2.0,5,true,13236,0,2634.656,1.282,2.08,41.166,42.494,43.211,86.316,86.316,90.48,20,20,67,multiprocess_sample_only,,
yjit-off/puma-response-array-256kb/puma-1w-3t/repeat-1,yjit-off,false,puma-response-array-256kb,puma-response-time-wrk,puma/benchmarks/local/response_time_wrk,https://github.com/puma/puma/blob/main/benchmarks/local/response_time_wrk.rb,puma-1w-3t,3,puma,1,3,9830,1000,5.002,5.0,1000,3945,2.002,2.0,5,true,9830,0,1965.267,2.267,3.949,6.025,14.343,15.65,109.805,107.074,90.015,20,20,64,multiprocess_sample_only,,
yjit-off/puma-response-chunk-256kb/puma-1w-3t/repeat-1,yjit-off,false,puma-response-chunk-256kb,puma-response-time-wrk,puma/benchmarks/local/response_time_wrk,https://github.com/puma/puma/blob/main/benchmarks/local/response_time_wrk.rb,puma-1w-3t,3,puma,1,3,3530,1000,5.005,5.0,1000,1469,2.005,2.0,5,true,3530,0,705.292,7.084,8.293,9.004,11.785,13.765,93.586,92.902,89.535,20,20,57,multiprocess_sample_only,,
yjit-off/puma-response-string-256kb/puma-1w-3t/repeat-1,yjit-off,false,puma-response-string-256kb,puma-response-time-wrk,puma/benchmarks/local/response_time_wrk,https://github.com/puma/puma/blob/main/benchmarks/local/response_time_wrk.rb,puma-1w-3t,3,puma,1,3,9801,1000,5.002,5.0,1000,3982,2.002,2.0,5,true,9801,0,1959.28,2.295,3.81,5.679,14.765,15.8,84.223,84.16,88.285,20,20,63,multiprocess_sample_only,,
yjit-off/puma-response-io-256kb/puma-1w-3t/repeat-1,yjit-off,false,puma-response-io-256kb,puma-response-time-wrk,puma/benchmarks/local/response_time_wrk,https://github.com/puma/puma/blob/main/benchmarks/local/response_time_wrk.rb,puma-1w-3t,3,puma,1,3,9499,1000,5.002,5.0,1000,3816,2.002,2.0,5,true,9499,0,1899.05,2.364,3.984,6.091,14.968,16.163,84.598,84.16,86.78,20,20,63,multiprocess_sample_only,,
yjit-off/puma-response-array-512kb/puma-1w-3t/repeat-1,yjit-off,false,puma-response-array-512kb,puma-response-time-wrk,puma/benchmarks/local/response_time_wrk,https://github.com/puma/puma/blob/main/benchmarks/local/response_time_wrk.rb,puma-1w-3t,3,puma,1,3,6900,1000,5.003,5.0,1000,2534,2.004,2.0,5,true,6900,0,1379.213,3.2,5.613,16.268,18.52,18.668,134.523,131.496,86.235,20,20,62,multiprocess_sample_only,,
yjit-off/puma-response-chunk-512kb/puma-1w-3t/repeat-1,yjit-off,false,puma-response-chunk-512kb,puma-response-time-wrk,puma/benchmarks/local/response_time_wrk,https://github.com/puma/puma/blob/main/benchmarks/local/response_time_wrk.rb,puma-1w-3t,3,puma,1,3,1937,1000,5.012,5.0,1000,1000,2.517,2.0,5,true,1937,0,386.437,12.87,14.859,16.105,22.863,24.884,99.105,98.621,85.9,20,20,49,multiprocess_sample_only,,
yjit-off/puma-response-string-512kb/puma-1w-3t/repeat-1,yjit-off,false,puma-response-string-512kb,puma-response-time-wrk,puma/benchmarks/local/response_time_wrk,https://github.com/puma/puma/blob/main/benchmarks/local/response_time_wrk.rb,puma-1w-3t,3,puma,1,3,6902,1000,5.015,5.0,1000,2799,2.002,2.0,5,true,6902,0,1376.315,3.208,5.667,16.213,18.849,19.6,95.344,94.906,84.68,20,20,61,multiprocess_sample_only,,
yjit-off/puma-response-io-512kb/puma-1w-3t/repeat-1,yjit-off,false,puma-response-io-512kb,puma-response-time-wrk,puma/benchmarks/local/response_time_wrk,https://github.com/puma/puma/blob/main/benchmarks/local/response_time_wrk.rb,puma-1w-3t,3,puma,1,3,6796,1000,5.002,5.0,1000,2659,2.005,2.0,5,true,6796,0,1358.571,3.233,5.515,16.466,19.072,214.292,94.656,94.281,82.97,20,20,61,multiprocess_sample_only,,
yjit-off/puma-response-array-1024kb/puma-1w-3t/repeat-1,yjit-off,false,puma-response-array-1024kb,puma-response-time-wrk,puma/benchmarks/local/response_time_wrk,https://github.com/puma/puma/blob/main/benchmarks/local/response_time_wrk.rb,puma-1w-3t,3,puma,1,3,4168,1000,5.006,5.0,1000,1742,2.004,2.0,5,true,4168,0,832.631,5.536,8.117,21.247,23.511,31.297,147.695,135.145,82.07,20,20,58,multiprocess_sample_only,,
yjit-off/puma-response-chunk-1024kb/puma-1w-3t/repeat-1,yjit-off,false,puma-response-chunk-1024kb,puma-response-time-wrk,puma/benchmarks/local/response_time_wrk,https://github.com/puma/puma/blob/main/benchmarks/local/response_time_wrk.rb,puma-1w-3t,3,puma,1,3,1047,1000,5.019,5.0,1000,1000,4.751,2.0,5,true,1047,0,208.588,23.917,27.48,28.735,30.317,30.635,103.004,102.551,81.775,20,20,39,multiprocess_sample_only,,
yjit-off/puma-response-string-1024kb/puma-1w-3t/repeat-1,yjit-off,false,puma-response-string-1024kb,puma-response-time-wrk,puma/benchmarks/local/response_time_wrk,https://github.com/puma/puma/blob/main/benchmarks/local/response_time_wrk.rb,puma-1w-3t,3,puma,1,3,4307,1000,5.004,5.0,1000,1805,2.007,2.0,5,true,4307,0,860.657,5.282,7.971,21.566,25.114,26.042,102.547,102.234,80.55,20,20,57,multiprocess_sample_only,,
yjit-off/puma-response-io-1024kb/puma-1w-3t/repeat-1,yjit-off,false,puma-response-io-1024kb,puma-response-time-wrk,puma/benchmarks/local/response_time_wrk,https://github.com/puma/puma/blob/main/benchmarks/local/response_time_wrk.rb,puma-1w-3t,3,puma,1,3,4383,1000,5.005,5.0,1000,1800,2.004,2.0,5,true,4383,0,875.656,5.138,8.457,21.148,24.649,26.068,102.613,102.613,78.745,20,20,58,multiprocess_sample_only,,
yjit-off/puma-response-array-2048kb/puma-1w-3t/repeat-1,yjit-off,false,puma-response-array-2048kb,puma-response-time-wrk,puma/benchmarks/local/response_time_wrk,https://github.com/puma/puma/blob/main/benchmarks/local/response_time_wrk.rb,puma-1w-3t,3,puma,1,3,2539,1000,5.008,5.0,1000,1035,2.009,2.0,5,true,2539,0,507.006,9.683,11.715,13.033,16.865,18.966,106.926,99.629,78.405,20,20,54,multiprocess_sample_only,,
yjit-off/puma-response-chunk-2048kb/puma-1w-3t/repeat-1,yjit-off,false,puma-response-chunk-2048kb,puma-response-time-wrk,puma/benchmarks/local/response_time_wrk,https://github.com/puma/puma/blob/main/benchmarks/local/response_time_wrk.rb,puma-1w-3t,3,puma,1,3,1000,1000,9.112,5.0,1000,1000,8.582,2.0,5,true,1000,0,109.751,45.135,51.592,54.547,88.229,91.001,107.25,101.25,78.7,20,20,51,multiprocess_sample_only,,
yjit-off/puma-response-string-2048kb/puma-1w-3t/repeat-1,yjit-off,false,puma-response-string-2048kb,puma-response-time-wrk,puma/benchmarks/local/response_time_wrk,https://github.com/puma/puma/blob/main/benchmarks/local/response_time_wrk.rb,puma-1w-3t,3,puma,1,3,2771,1000,5.007,5.0,1000,1142,2.007,2.0,5,true,2771,0,553.379,8.916,10.066,10.864,16.123,18.637,103.887,103.887,77.8,20,20,54,multiprocess_sample_only,,
yjit-off/puma-response-io-2048kb/puma-1w-3t/repeat-1,yjit-off,false,puma-response-io-2048kb,puma-response-time-wrk,puma/benchmarks/local/response_time_wrk,https://github.com/puma/puma/blob/main/benchmarks/local/response_time_wrk.rb,puma-1w-3t,3,puma,1,3,2849,1000,5.01,5.0,1000,1138,2.007,2.0,5,true,2849,0,568.708,8.572,10.341,11.194,12.455,17.119,103.957,103.957,76.155,20,20,54,multiprocess_sample_only,,
yjit-off/puma-long-tail-fib-200ms-x6p0/puma-1w-3t/repeat-1,yjit-off,false,puma-long-tail-fib-200ms-x6p0,puma-long-tail-hey,puma/benchmarks/local/long_tail_hey + test/rackup/sleep_fibonacci,https://github.com/puma/puma/blob/main/benchmarks/local/long_tail_hey.rb,puma-1w-3t,3,puma,1,3,360,360,51.032,5.0,360,360,50.992,2.0,18,true,360,0,7.054,2550.691,2579.808,2586.203,2588.183,2588.661,122.758,122.758,81.99,20,20,699,multiprocess_sample_only,,
yjit-off/puma-long-tail-fib-200ms-x4p0/puma-1w-3t/repeat-1,yjit-off,false,puma-long-tail-fib-200ms-x4p0,puma-long-tail-hey,puma/benchmarks/local/long_tail_hey + test/rackup/sleep_fibonacci,https://github.com/puma/puma/blob/main/benchmarks/local/long_tail_hey.rb,puma-1w-3t,3,puma,1,3,240,240,34.02,5.0,240,240,34.018,2.0,12,true,240,0,7.055,1700.815,1722.195,1738.239,1743.929,1744.089,126.84,126.84,85.805,20,20,465,multiprocess_sample_only,,
yjit-off/puma-long-tail-fib-200ms-x3p0/puma-1w-3t/repeat-1,yjit-off,false,puma-long-tail-fib-200ms-x3p0,puma-long-tail-hey,puma/benchmarks/local/long_tail_hey + test/rackup/sleep_fibonacci,https://github.com/puma/puma/blob/main/benchmarks/local/long_tail_hey.rb,puma-1w-3t,3,puma,1,3,180,180,25.511,5.0,180,180,25.495,2.0,9,true,180,0,7.056,1275.294,1297.176,1302.135,1309.334,1310.367,127.094,127.094,87.68,20,20,350,multiprocess_sample_only,,
yjit-off/puma-long-tail-fib-200ms-x2p0/puma-1w-3t/repeat-1,yjit-off,false,puma-long-tail-fib-200ms-x2p0,puma-long-tail-hey,puma/benchmarks/local/long_tail_hey + test/rackup/sleep_fibonacci,https://github.com/puma/puma/blob/main/benchmarks/local/long_tail_hey.rb,puma-1w-3t,3,puma,1,3,120,120,17.022,5.0,120,120,17.015,2.0,6,true,120,0,7.05,850.763,872.768,879.656,881.169,881.28,130.16,130.16,88.72,20,20,234,multiprocess_sample_only,,
yjit-off/puma-long-tail-fib-200ms-x1p5/puma-1w-3t/repeat-1,yjit-off,false,puma-long-tail-fib-200ms-x1p5,puma-long-tail-hey,puma/benchmarks/local/long_tail_hey + test/rackup/sleep_fibonacci,https://github.com/puma/puma/blob/main/benchmarks/local/long_tail_hey.rb,puma-1w-3t,3,puma,1,3,100,100,14.181,5.0,100,100,14.233,2.0,5,true,100,0,7.052,804.45,852.763,854.909,856.431,856.6,133.246,133.246,89.4,20,20,195,multiprocess_sample_only,,
yjit-off/puma-long-tail-fib-200ms-x1p0/puma-1w-3t/repeat-1,yjit-off,false,puma-long-tail-fib-200ms-x1p0,puma-long-tail-hey,puma/benchmarks/local/long_tail_hey + test/rackup/sleep_fibonacci,https://github.com/puma/puma/blob/main/benchmarks/local/long_tail_hey.rb,puma-1w-3t,3,puma,1,3,60,60,8.498,5.0,60,60,8.501,2.0,3,true,60,0,7.061,424.923,434.474,438.457,438.878,438.925,133.25,133.25,89.815,20,20,118,multiprocess_sample_only,,
yjit-off/puma-long-tail-fib-200ms-x0p5/puma-1w-3t/repeat-1,yjit-off,false,puma-long-tail-fib-200ms-x0p5,puma-long-tail-hey,puma/benchmarks/local/long_tail_hey + test/rackup/sleep_fibonacci,https://github.com/puma/puma/blob/main/benchmarks/local/long_tail_hey.rb,puma-1w-3t,3,puma,1,3,40,40,5.667,5.0,40,40,5.667,2.0,2,true,40,0,7.058,283.229,285.874,289.946,290.203,290.232,133.25,133.25,90.055,20,20,79,multiprocess_sample_only,,
yjit-off/puma-sleep-fibonacci-1ms/puma-1w-3t/repeat-1,yjit-off,false,puma-sleep-fibonacci-1ms,puma-sleep-fibonacci-test,puma/benchmarks/local/sleep_fibonacci_test + test/rackup/sleep_fibonacci,https://github.com/puma/puma/blob/main/benchmarks/local/sleep_fibonacci_test.rb,puma-1w-3t,3,puma,1,3,3657,10,5.001,5.0,10,1468,2.0,2.0,1,true,3657,0,731.263,1.346,1.447,1.744,2.33,3.269,143.113,143.113,89.945,20,20,69,multiprocess_sample_only,,
yjit-off/puma-sleep-fibonacci-5ms/puma-1w-3t/repeat-1,yjit-off,false,puma-sleep-fibonacci-5ms,puma-sleep-fibonacci-test,puma/benchmarks/local/sleep_fibonacci_test + test/rackup/sleep_fibonacci,https://github.com/puma/puma/blob/main/benchmarks/local/sleep_fibonacci_test.rb,puma-1w-3t,3,puma,1,3,936,10,5.005,5.0,10,374,2.004,2.0,1,true,936,0,187.029,5.3,5.449,5.681,6.448,6.463,143.113,143.113,89.715,20,20,70,multiprocess_sample_only,,
yjit-off/puma-sleep-fibonacci-10ms/puma-1w-3t/repeat-1,yjit-off,false,puma-sleep-fibonacci-10ms,puma-sleep-fibonacci-test,puma/benchmarks/local/sleep_fibonacci_test + test/rackup/sleep_fibonacci,https://github.com/puma/puma/blob/main/benchmarks/local/sleep_fibonacci_test.rb,puma-1w-3t,3,puma,1,3,476,10,5.01,5.0,10,191,2.007,2.0,1,true,476,0,95.009,10.473,10.609,10.971,11.55,11.665,143.113,143.113,89.475,20,20,70,multiprocess_sample_only,,
yjit-off/puma-sleep-fibonacci-50ms/puma-1w-3t/repeat-1,yjit-off,false,puma-sleep-fibonacci-50ms,puma-sleep-fibonacci-test,puma/benchmarks/local/sleep_fibonacci_test + test/rackup/sleep_fibonacci,https://github.com/puma/puma/blob/main/benchmarks/local/sleep_fibonacci_test.rb,puma-1w-3t,3,puma,1,3,99,10,5.021,5.0,10,40,2.027,2.0,1,true,99,0,19.719,50.655,50.728,50.759,50.992,51.018,143.117,143.117,89.245,20,20,70,multiprocess_sample_only,,
yjit-off/puma-sleep-fibonacci-100ms/puma-1w-3t/repeat-1,yjit-off,false,puma-sleep-fibonacci-100ms,puma-sleep-fibonacci-test,puma/benchmarks/local/sleep_fibonacci_test + test/rackup/sleep_fibonacci,https://github.com/puma/puma/blob/main/benchmarks/local/sleep_fibonacci_test.rb,puma-1w-3t,3,puma,1,3,50,10,5.039,5.0,10,20,2.015,2.0,1,true,50,0,9.923,100.691,100.916,101.321,101.627,101.661,143.117,143.117,89.0,20,20,70,multiprocess_sample_only,,
yjit-off/puma-sleep-fibonacci-200ms/puma-1w-3t/repeat-1,yjit-off,false,puma-sleep-fibonacci-200ms,puma-sleep-fibonacci-test,puma/benchmarks/local/sleep_fibonacci_test + test/rackup/sleep_fibonacci,https://github.com/puma/puma/blob/main/benchmarks/local/sleep_fibonacci_test.rb,puma-1w-3t,3,puma,1,3,25,10,5.021,5.0,10,10,2.008,2.0,1,true,25,0,4.979,200.713,200.783,201.544,201.76,201.784,143.117,143.117,88.765,20,20,70,multiprocess_sample_only,,
yjit-off/puma-response-array-1kb/puma-1w-3t/repeat-2,yjit-off,false,puma-response-array-1kb,puma-response-time-wrk,puma/benchmarks/local/response_time_wrk,https://github.com/puma/puma/blob/main/benchmarks/local/response_time_wrk.rb,puma-1w-3t,3,puma,1,3,17052,1000,5.001,5.0,1000,6951,2.001,2.0,5,true,17052,0,3409.682,1.395,1.953,2.373,3.098,3.742,64.66,64.5,97.155,20,20,66,multiprocess_sample_only,,
yjit-off/puma-response-chunk-1kb/puma-1w-3t/repeat-2,yjit-off,false,puma-response-chunk-1kb,puma-response-time-wrk,puma/benchmarks/local/response_time_wrk,https://github.com/puma/puma/blob/main/benchmarks/local/response_time_wrk.rb,puma-1w-3t,3,puma,1,3,16615,1000,5.001,5.0,1000,6831,2.001,2.0,5,true,16615,0,3322.284,1.436,1.989,2.401,3.15,4.639,64.664,64.555,93.18,20,20,66,multiprocess_sample_only,,
yjit-off/puma-response-string-1kb/puma-1w-3t/repeat-2,yjit-off,false,puma-response-string-1kb,puma-response-time-wrk,puma/benchmarks/local/response_time_wrk,https://github.com/puma/puma/blob/main/benchmarks/local/response_time_wrk.rb,puma-1w-3t,3,puma,1,3,16999,1000,5.001,5.0,1000,7024,2.001,2.0,5,true,16999,0,3399.069,1.395,1.997,2.448,3.222,3.835,64.605,64.43,92.37,20,20,66,multiprocess_sample_only,,
yjit-off/puma-response-io-1kb/puma-1w-3t/repeat-2,yjit-off,false,puma-response-io-1kb,puma-response-time-wrk,puma/benchmarks/local/response_time_wrk,https://github.com/puma/puma/blob/main/benchmarks/local/response_time_wrk.rb,puma-1w-3t,3,puma,1,3,16690,1000,5.001,5.0,1000,6890,2.001,2.0,5,true,16690,0,3337.193,1.425,2.05,2.529,3.324,4.122,64.43,64.367,93.63,20,20,66,multiprocess_sample_only,,
yjit-off/puma-response-array-10kb/puma-1w-3t/repeat-2,yjit-off,false,puma-response-array-10kb,puma-response-time-wrk,puma/benchmarks/local/response_time_wrk,https://github.com/puma/puma/blob/main/benchmarks/local/response_time_wrk.rb,puma-1w-3t,3,puma,1,3,16706,1000,5.001,5.0,1000,6876,2.001,2.0,5,true,16706,0,3340.437,1.42,2.021,2.467,3.122,3.907,66.684,66.621,94.09,20,20,66,multiprocess_sample_only,,
yjit-off/puma-response-chunk-10kb/puma-1w-3t/repeat-2,yjit-off,false,puma-response-chunk-10kb,puma-response-time-wrk,puma/benchmarks/local/response_time_wrk,https://github.com/puma/puma/blob/main/benchmarks/local/response_time_wrk.rb,puma-1w-3t,3,puma,1,3,14365,1000,5.002,5.0,1000,6009,2.001,2.0,5,true,14365,0,2871.778,1.663,2.325,2.759,3.805,5.808,66.031,65.816,93.55,20,20,66,multiprocess_sample_only,,
yjit-off/puma-response-string-10kb/puma-1w-3t/repeat-2,yjit-off,false,puma-response-string-10kb,puma-response-time-wrk,puma/benchmarks/local/response_time_wrk,https://github.com/puma/puma/blob/main/benchmarks/local/response_time_wrk.rb,puma-1w-3t,3,puma,1,3,16607,1000,5.001,5.0,1000,6866,2.001,2.0,5,true,16607,0,3320.679,1.422,2.066,2.564,3.394,4.385,66.48,66.363,93.12,20,20,66,multiprocess_sample_only,,
yjit-off/puma-response-io-10kb/puma-1w-3t/repeat-2,yjit-off,false,puma-response-io-10kb,puma-response-time-wrk,puma/benchmarks/local/response_time_wrk,https://github.com/puma/puma/blob/main/benchmarks/local/response_time_wrk.rb,puma-1w-3t,3,puma,1,3,16313,1000,5.002,5.0,1000,6769,2.001,2.0,5,true,16313,0,3261.553,1.447,2.14,2.671,3.533,4.728,67.199,66.832,93.71,20,20,66,multiprocess_sample_only,,
yjit-off/puma-response-array-100kb/puma-1w-3t/repeat-2,yjit-off,false,puma-response-array-100kb,puma-response-time-wrk,puma/benchmarks/local/response_time_wrk,https://github.com/puma/puma/blob/main/benchmarks/local/response_time_wrk.rb,puma-1w-3t,3,puma,1,3,13640,1000,5.002,5.0,1000,5314,2.001,2.0,5,true,13640,0,2726.908,1.774,2.362,2.815,3.615,4.68,79.539,78.273,93.93,20,20,66,multiprocess_sample_only,,
yjit-off/puma-response-chunk-100kb/puma-1w-3t/repeat-2,yjit-off,false,puma-response-chunk-100kb,puma-response-time-wrk,puma/benchmarks/local/response_time_wrk,https://github.com/puma/puma/blob/main/benchmarks/local/response_time_wrk.rb,puma-1w-3t,3,puma,1,3,6706,1000,5.003,5.0,1000,2721,2.003,2.0,5,true,6706,0,1340.33,3.668,4.551,5.11,6.824,7.851,73.156,72.574,93.25,20,20,62,multiprocess_sample_only,,
yjit-off/puma-response-string-100kb/puma-1w-3t/repeat-2,yjit-off,false,puma-response-string-100kb,puma-response-time-wrk,puma/benchmarks/local/response_time_wrk,https://github.com/puma/puma/blob/main/benchmarks/local/response_time_wrk.rb,puma-1w-3t,3,puma,1,3,13528,1000,5.001,5.0,1000,5552,2.001,2.0,5,true,13528,0,2704.907,1.788,2.319,2.753,3.815,4.909,78.891,77.746,92.38,20,20,65,multiprocess_sample_only,,
yjit-off/puma-response-io-100kb/puma-1w-3t/repeat-2,yjit-off,false,puma-response-io-100kb,puma-response-time-wrk,puma/benchmarks/local/response_time_wrk,https://github.com/puma/puma/blob/main/benchmarks/local/response_time_wrk.rb,puma-1w-3t,3,puma,1,3,13368,1000,5.012,5.0,1000,5454,2.019,2.0,5,true,13368,0,2667.358,1.49,2.172,16.512,42.401,43.491,69.094,68.469,91.735,20,20,67,multiprocess_sample_only,,
yjit-off/puma-response-array-256kb/puma-1w-3t/repeat-2,yjit-off,false,puma-response-array-256kb,puma-response-time-wrk,puma/benchmarks/local/response_time_wrk,https://github.com/puma/puma/blob/main/benchmarks/local/response_time_wrk.rb,puma-1w-3t,3,puma,1,3,9442,1000,5.002,5.0,1000,3584,2.002,2.0,5,true,9442,0,1887.818,2.285,4.382,7.783,16.125,17.33,109.398,105.426,91.075,20,20,64,multiprocess_sample_only,,
yjit-off/puma-response-chunk-256kb/puma-1w-3t/repeat-2,yjit-off,false,puma-response-chunk-256kb,puma-response-time-wrk,puma/benchmarks/local/response_time_wrk,https://github.com/puma/puma/blob/main/benchmarks/local/response_time_wrk.rb,puma-1w-3t,3,puma,1,3,3626,1000,5.005,5.0,1000,1504,2.006,2.0,5,true,3626,0,724.452,6.882,8.107,8.756,13.317,13.962,78.762,78.035,90.54,20,20,57,multiprocess_sample_only,,
yjit-off/puma-response-string-256kb/puma-1w-3t/repeat-2,yjit-off,false,puma-response-string-256kb,puma-response-time-wrk,puma/benchmarks/local/response_time_wrk,https://github.com/puma/puma/blob/main/benchmarks/local/response_time_wrk.rb,puma-1w-3t,3,puma,1,3,9374,1000,5.002,5.0,1000,3933,2.002,2.0,5,true,9374,0,1874.182,2.275,4.279,8.514,16.355,17.006,72.883,72.883,89.225,20,20,63,multiprocess_sample_only,,
yjit-off/puma-response-io-256kb/puma-1w-3t/repeat-2,yjit-off,false,puma-response-io-256kb,puma-response-time-wrk,puma/benchmarks/local/response_time_wrk,https://github.com/puma/puma/blob/main/benchmarks/local/response_time_wrk.rb,puma-1w-3t,3,puma,1,3,9194,1000,5.002,5.0,1000,3593,2.001,2.0,5,true,9194,0,1838.148,2.361,4.284,8.193,16.46,17.825,72.762,72.699,87.415,20,20,63,multiprocess_sample_only,,
yjit-off/puma-response-array-512kb/puma-1w-3t/repeat-2,yjit-off,false,puma-response-array-512kb,puma-response-time-wrk,puma/benchmarks/local/response_time_wrk,https://github.com/puma/puma/blob/main/benchmarks/local/response_time_wrk.rb,puma-1w-3t,3,puma,1,3,6700,1000,5.002,5.0,1000,2648,2.003,2.0,5,true,6700,0,1339.409,3.134,6.467,17.598,20.963,23.361,116.66,112.953,86.74,20,20,61,multiprocess_sample_only,,
yjit-off/puma-response-chunk-512kb/puma-1w-3t/repeat-2,yjit-off,false,puma-response-chunk-512kb,puma-response-time-wrk,puma/benchmarks/local/response_time_wrk,https://github.com/puma/puma/blob/main/benchmarks/local/response_time_wrk.rb,puma-1w-3t,3,puma,1,3,2034,1000,5.011,5.0,1000,1000,2.451,2.0,5,true,2034,0,405.939,12.302,14.315,15.068,21.744,24.11,83.184,82.129,86.415,20,20,50,multiprocess_sample_only,,
yjit-off/puma-response-string-512kb/puma-1w-3t/repeat-2,yjit-off,false,puma-response-string-512kb,puma-response-time-wrk,puma/benchmarks/local/response_time_wrk,https://github.com/puma/puma/blob/main/benchmarks/local/response_time_wrk.rb,puma-1w-3t,3,puma,1,3,6575,1000,5.003,5.0,1000,2778,2.003,2.0,5,true,6575,0,1314.21,3.201,6.533,17.66,21.341,23.564,81.109,81.109,85.05,20,20,60,multiprocess_sample_only,,
yjit-off/puma-response-io-512kb/puma-1w-3t/repeat-2,yjit-off,false,puma-response-io-512kb,puma-response-time-wrk,puma/benchmarks/local/response_time_wrk,https://github.com/puma/puma/blob/main/benchmarks/local/response_time_wrk.rb,puma-1w-3t,3,puma,1,3,6793,1000,5.002,5.0,1000,2822,2.003,2.0,5,true,6793,0,1358.068,3.185,6.139,16.441,20.005,213.96,81.172,81.172,83.225,20,20,60,multiprocess_sample_only,,
yjit-off/puma-response-array-1024kb/puma-1w-3t/repeat-2,yjit-off,false,puma-response-array-1024kb,puma-response-time-wrk,puma/benchmarks/local/response_time_wrk,https://github.com/puma/puma/blob/main/benchmarks/local/response_time_wrk.rb,puma-1w-3t,3,puma,1,3,4229,1000,5.005,5.0,1000,1751,2.025,2.0,5,true,4229,0,844.911,5.218,9.843,22.007,25.05,26.395,130.965,126.02,82.335,20,20,57,multiprocess_sample_only,,
yjit-off/puma-response-chunk-1024kb/puma-1w-3t/repeat-2,yjit-off,false,puma-response-chunk-1024kb,puma-response-time-wrk,puma/benchmarks/local/response_time_wrk,https://github.com/puma/puma/blob/main/benchmarks/local/response_time_wrk.rb,puma-1w-3t,3,puma,1,3,1088,1000,5.016,5.0,1000,1000,4.43,2.0,5,true,1088,0,216.894,22.905,26.397,28.231,44.049,44.698,93.457,93.457,82.03,20,20,40,multiprocess_sample_only,,
yjit-off/puma-response-string-1024kb/puma-1w-3t/repeat-2,yjit-off,false,puma-response-string-1024kb,puma-response-time-wrk,puma/benchmarks/local/response_time_wrk,https://github.com/puma/puma/blob/main/benchmarks/local/response_time_wrk.rb,puma-1w-3t,3,puma,1,3,4402,1000,5.006,5.0,1000,1788,2.005,2.0,5,true,4402,0,879.311,5.049,9.143,22.309,25.307,26.39,97.008,97.008,80.765,20,20,58,multiprocess_sample_only,,
yjit-off/puma-response-io-1024kb/puma-1w-3t/repeat-2,yjit-off,false,puma-response-io-1024kb,puma-response-time-wrk,puma/benchmarks/local/response_time_wrk,https://github.com/puma/puma/blob/main/benchmarks/local/response_time_wrk.rb,puma-1w-3t,3,puma,1,3,4405,1000,5.005,5.0,1000,1780,2.004,2.0,5,true,4405,0,880.101,5.048,8.579,22.587,26.169,27.632,97.008,97.008,78.91,20,20,58,multiprocess_sample_only,,
yjit-off/puma-response-array-2048kb/puma-1w-3t/repeat-2,yjit-off,false,puma-response-array-2048kb,puma-response-time-wrk,puma/benchmarks/local/response_time_wrk,https://github.com/puma/puma/blob/main/benchmarks/local/response_time_wrk.rb,puma-1w-3t,3,puma,1,3,2559,1000,5.007,5.0,1000,1126,2.008,2.0,5,true,2559,0,511.038,9.591,11.881,13.802,19.83,24.094,116.496,109.559,78.315,20,20,53,multiprocess_sample_only,,
yjit-off/puma-response-chunk-2048kb/puma-1w-3t/repeat-2,yjit-off,false,puma-response-chunk-2048kb,puma-response-time-wrk,puma/benchmarks/local/response_time_wrk,https://github.com/puma/puma/blob/main/benchmarks/local/response_time_wrk.rb,puma-1w-3t,3,puma,1,3,1000,1000,8.907,5.0,1000,1000,8.323,2.0,5,true,1000,0,112.273,44.291,51.319,53.339,80.622,82.501,99.105,96.395,78.535,20,20,51,multiprocess_sample_only,,
yjit-off/puma-response-string-2048kb/puma-1w-3t/repeat-2,yjit-off,false,puma-response-string-2048kb,puma-response-time-wrk,puma/benchmarks/local/response_time_wrk,https://github.com/puma/puma/blob/main/benchmarks/local/response_time_wrk.rb,puma-1w-3t,3,puma,1,3,2703,1000,5.009,5.0,1000,1110,2.008,2.0,5,true,2703,0,539.62,9.041,11.141,12.757,16.85,18.158,103.332,103.332,77.55,20,20,53,multiprocess_sample_only,,
yjit-off/puma-response-io-2048kb/puma-1w-3t/repeat-2,yjit-off,false,puma-response-io-2048kb,puma-response-time-wrk,puma/benchmarks/local/response_time_wrk,https://github.com/puma/puma/blob/main/benchmarks/local/response_time_wrk.rb,puma-1w-3t,3,puma,1,3,2826,1000,5.007,5.0,1000,1145,2.006,2.0,5,true,2826,0,564.361,8.654,10.636,11.722,13.118,16.598,103.398,103.398,75.89,20,20,54,multiprocess_sample_only,,
yjit-off/puma-long-tail-fib-200ms-x6p0/puma-1w-3t/repeat-2,yjit-off,false,puma-long-tail-fib-200ms-x6p0,puma-long-tail-hey,puma/benchmarks/local/long_tail_hey + test/rackup/sleep_fibonacci,https://github.com/puma/puma/blob/main/benchmarks/local/long_tail_hey.rb,puma-1w-3t,3,puma,1,3,360,360,51.018,5.0,360,360,51.055,2.0,18,true,360,0,7.056,2551.472,2576.693,2593.285,2600.58,2601.016,120.176,120.176,81.76,20,20,697,multiprocess_sample_only,,
yjit-off/puma-long-tail-fib-200ms-x4p0/puma-1w-3t/repeat-2,yjit-off,false,puma-long-tail-fib-200ms-x4p0,puma-long-tail-hey,puma/benchmarks/local/long_tail_hey + test/rackup/sleep_fibonacci,https://github.com/puma/puma/blob/main/benchmarks/local/long_tail_hey.rb,puma-1w-3t,3,puma,1,3,240,240,33.987,5.0,240,240,34.029,2.0,12,true,240,0,7.062,1697.698,1727.99,1736.359,1737.857,1738.006,127.609,127.609,85.65,20,20,467,multiprocess_sample_only,,
yjit-off/puma-long-tail-fib-200ms-x3p0/puma-1w-3t/repeat-2,yjit-off,false,puma-long-tail-fib-200ms-x3p0,puma-long-tail-hey,puma/benchmarks/local/long_tail_hey + test/rackup/sleep_fibonacci,https://github.com/puma/puma/blob/main/benchmarks/local/long_tail_hey.rb,puma-1w-3t,3,puma,1,3,180,180,25.485,5.0,180,180,25.501,2.0,9,true,180,0,7.063,1273.98,1298.602,1315.008,1325.626,1327.37,127.617,127.617,87.545,20,20,349,multiprocess_sample_only,,
yjit-off/puma-long-tail-fib-200ms-x2p0/puma-1w-3t/repeat-2,yjit-off,false,puma-long-tail-fib-200ms-x2p0,puma-long-tail-hey,puma/benchmarks/local/long_tail_hey + test/rackup/sleep_fibonacci,https://github.com/puma/puma/blob/main/benchmarks/local/long_tail_hey.rb,puma-1w-3t,3,puma,1,3,120,120,16.987,5.0,120,120,16.993,2.0,6,true,120,0,7.064,849.012,870.25,879.849,882.001,882.264,127.684,127.684,88.59,20,20,234,multiprocess_sample_only,,
yjit-off/puma-long-tail-fib-200ms-x1p5/puma-1w-3t/repeat-2,yjit-off,false,puma-long-tail-fib-200ms-x1p5,puma-long-tail-hey,puma/benchmarks/local/long_tail_hey + test/rackup/sleep_fibonacci,https://github.com/puma/puma/blob/main/benchmarks/local/long_tail_hey.rb,puma-1w-3t,3,puma,1,3,100,100,14.211,5.0,100,100,14.18,2.0,5,true,100,0,7.037,686.927,852.385,861.319,861.646,861.682,127.688,127.688,89.285,20,20,197,multiprocess_sample_only,,
yjit-off/puma-long-tail-fib-200ms-x1p0/puma-1w-3t/repeat-2,yjit-off,false,puma-long-tail-fib-200ms-x1p0,puma-long-tail-hey,puma/benchmarks/local/long_tail_hey + test/rackup/sleep_fibonacci,https://github.com/puma/puma/blob/main/benchmarks/local/long_tail_hey.rb,puma-1w-3t,3,puma,1,3,60,60,8.493,5.0,60,60,8.507,2.0,3,true,60,0,7.065,424.981,432.074,440.059,443.632,444.029,127.688,127.688,89.69,20,20,117,multiprocess_sample_only,,
yjit-off/puma-long-tail-fib-200ms-x0p5/puma-1w-3t/repeat-2,yjit-off,false,puma-long-tail-fib-200ms-x0p5,puma-long-tail-hey,puma/benchmarks/local/long_tail_hey + test/rackup/sleep_fibonacci,https://github.com/puma/puma/blob/main/benchmarks/local/long_tail_hey.rb,puma-1w-3t,3,puma,1,3,40,40,5.672,5.0,40,40,5.676,2.0,2,true,40,0,7.052,283.382,286.979,296.916,298.31,298.465,127.691,127.691,89.945,20,20,79,multiprocess_sample_only,,
yjit-off/puma-sleep-fibonacci-1ms/puma-1w-3t/repeat-2,yjit-off,false,puma-sleep-fibonacci-1ms,puma-sleep-fibonacci-test,puma/benchmarks/local/sleep_fibonacci_test + test/rackup/sleep_fibonacci,https://github.com/puma/puma/blob/main/benchmarks/local/sleep_fibonacci_test.rb,puma-1w-3t,3,puma,1,3,3664,10,5.001,5.0,10,1462,2.0,2.0,1,true,3664,0,732.632,1.346,1.445,1.711,2.378,2.902,128.691,128.691,89.84,20,20,70,multiprocess_sample_only,,
yjit-off/puma-sleep-fibonacci-5ms/puma-1w-3t/repeat-2,yjit-off,false,puma-sleep-fibonacci-5ms,puma-sleep-fibonacci-test,puma/benchmarks/local/sleep_fibonacci_test + test/rackup/sleep_fibonacci,https://github.com/puma/puma/blob/main/benchmarks/local/sleep_fibonacci_test.rb,puma-1w-3t,3,puma,1,3,943,10,5.004,5.0,10,378,2.003,2.0,1,true,943,0,188.46,5.27,5.359,5.587,6.398,6.508,128.754,128.754,89.6,20,20,70,multiprocess_sample_only,,
yjit-off/puma-sleep-fibonacci-10ms/puma-1w-3t/repeat-2,yjit-off,false,puma-sleep-fibonacci-10ms,puma-sleep-fibonacci-test,puma/benchmarks/local/sleep_fibonacci_test + test/rackup/sleep_fibonacci,https://github.com/puma/puma/blob/main/benchmarks/local/sleep_fibonacci_test.rb,puma-1w-3t,3,puma,1,3,483,10,5.004,5.0,10,193,2.005,2.0,1,true,483,0,96.517,10.311,10.542,10.859,11.357,11.45,128.754,128.754,89.365,20,20,70,multiprocess_sample_only,,
yjit-off/puma-sleep-fibonacci-50ms/puma-1w-3t/repeat-2,yjit-off,false,puma-sleep-fibonacci-50ms,puma-sleep-fibonacci-test,puma/benchmarks/local/sleep_fibonacci_test + test/rackup/sleep_fibonacci,https://github.com/puma/puma/blob/main/benchmarks/local/sleep_fibonacci_test.rb,puma-1w-3t,3,puma,1,3,99,10,5.01,5.0,10,40,2.027,2.0,1,true,99,0,19.76,50.56,50.681,50.801,51.021,51.045,128.754,128.754,89.145,20,20,70,multiprocess_sample_only,,
yjit-off/puma-sleep-fibonacci-100ms/puma-1w-3t/repeat-2,yjit-off,false,puma-sleep-fibonacci-100ms,puma-sleep-fibonacci-test,puma/benchmarks/local/sleep_fibonacci_test + test/rackup/sleep_fibonacci,https://github.com/puma/puma/blob/main/benchmarks/local/sleep_fibonacci_test.rb,puma-1w-3t,3,puma,1,3,50,10,5.033,5.0,10,20,2.014,2.0,1,true,50,0,9.934,100.593,100.699,101.125,101.284,101.301,128.754,128.754,88.91,20,20,71,multiprocess_sample_only,,
yjit-off/puma-sleep-fibonacci-200ms/puma-1w-3t/repeat-2,yjit-off,false,puma-sleep-fibonacci-200ms,puma-sleep-fibonacci-test,puma/benchmarks/local/sleep_fibonacci_test + test/rackup/sleep_fibonacci,https://github.com/puma/puma/blob/main/benchmarks/local/sleep_fibonacci_test.rb,puma-1w-3t,3,puma,1,3,25,10,5.019,5.0,10,10,2.008,2.0,1,true,25,0,4.982,200.646,200.747,200.95,201.006,201.012,128.754,128.754,88.665,20,20,71,multiprocess_sample_only,,
yjit-off/puma-response-array-1kb/puma-1w-3t/repeat-3,yjit-off,false,puma-response-array-1kb,puma-response-time-wrk,puma/benchmarks/local/response_time_wrk,https://github.com/puma/puma/blob/main/benchmarks/local/response_time_wrk.rb,puma-1w-3t,3,puma,1,3,17268,1000,5.001,5.0,1000,6906,2.001,2.0,5,true,17268,0,3452.933,1.384,1.89,2.284,3.001,3.635,64.707,64.32,96.45,20,20,66,multiprocess_sample_only,,
yjit-off/puma-response-chunk-1kb/puma-1w-3t/repeat-3,yjit-off,false,puma-response-chunk-1kb,puma-response-time-wrk,puma/benchmarks/local/response_time_wrk,https://github.com/puma/puma/blob/main/benchmarks/local/response_time_wrk.rb,puma-1w-3t,3,puma,1,3,16707,1000,5.001,5.0,1000,6879,2.001,2.0,5,true,16707,0,3340.812,1.431,1.958,2.401,3.079,4.278,64.734,64.605,92.675,20,20,66,multiprocess_sample_only,,
yjit-off/puma-response-string-1kb/puma-1w-3t/repeat-3,yjit-off,false,puma-response-string-1kb,puma-response-time-wrk,puma/benchmarks/local/response_time_wrk,https://github.com/puma/puma/blob/main/benchmarks/local/response_time_wrk.rb,puma-1w-3t,3,puma,1,3,17138,1000,5.001,5.0,1000,7077,2.001,2.0,5,true,17138,0,3426.693,1.393,1.941,2.296,3.054,4.064,64.453,64.387,91.955,20,20,66,multiprocess_sample_only,,
yjit-off/puma-response-io-1kb/puma-1w-3t/repeat-3,yjit-off,false,puma-response-io-1kb,puma-response-time-wrk,puma/benchmarks/local/response_time_wrk,https://github.com/puma/puma/blob/main/benchmarks/local/response_time_wrk.rb,puma-1w-3t,3,puma,1,3,16906,1000,5.001,5.0,1000,6995,2.001,2.0,5,true,16906,0,3380.49,1.413,2.006,2.412,3.084,4.116,64.457,64.34,93.18,20,20,66,multiprocess_sample_only,,
yjit-off/puma-response-array-10kb/puma-1w-3t/repeat-3,yjit-off,false,puma-response-array-10kb,puma-response-time-wrk,puma/benchmarks/local/response_time_wrk,https://github.com/puma/puma/blob/main/benchmarks/local/response_time_wrk.rb,puma-1w-3t,3,puma,1,3,16909,1000,5.001,5.0,1000,7011,2.001,2.0,5,true,16909,0,3381.211,1.409,1.979,2.413,3.063,3.74,66.598,66.039,93.675,20,20,66,multiprocess_sample_only,,
yjit-off/puma-response-chunk-10kb/puma-1w-3t/repeat-3,yjit-off,false,puma-response-chunk-10kb,puma-response-time-wrk,puma/benchmarks/local/response_time_wrk,https://github.com/puma/puma/blob/main/benchmarks/local/response_time_wrk.rb,puma-1w-3t,3,puma,1,3,14702,1000,5.002,5.0,1000,6045,2.001,2.0,5,true,14702,0,2938.988,1.633,2.23,2.734,3.475,3.861,66.098,66.098,93.09,20,20,66,multiprocess_sample_only,,
yjit-off/puma-response-string-10kb/puma-1w-3t/repeat-3,yjit-off,false,puma-response-string-10kb,puma-response-time-wrk,puma/benchmarks/local/response_time_wrk,https://github.com/puma/puma/blob/main/benchmarks/local/response_time_wrk.rb,puma-1w-3t,3,puma,1,3,16849,1000,5.001,5.0,1000,6858,2.001,2.0,5,true,16849,0,3369.146,1.414,1.996,2.397,3.205,4.679,66.684,66.25,92.69,20,20,66,multiprocess_sample_only,,
yjit-off/puma-response-io-10kb/puma-1w-3t/repeat-3,yjit-off,false,puma-response-io-10kb,puma-response-time-wrk,puma/benchmarks/local/response_time_wrk,https://github.com/puma/puma/blob/main/benchmarks/local/response_time_wrk.rb,puma-1w-3t,3,puma,1,3,16582,1000,5.001,5.0,1000,6827,2.001,2.0,5,true,16582,0,3315.623,1.436,2.05,2.539,3.245,4.328,66.879,66.508,93.23,20,20,66,multiprocess_sample_only,,
yjit-off/puma-response-array-100kb/puma-1w-3t/repeat-3,yjit-off,false,puma-response-array-100kb,puma-response-time-wrk,puma/benchmarks/local/response_time_wrk,https://github.com/puma/puma/blob/main/benchmarks/local/response_time_wrk.rb,puma-1w-3t,3,puma,1,3,13475,1000,5.001,5.0,1000,5510,2.001,2.0,5,true,13475,0,2694.319,1.79,2.367,2.899,3.882,4.8,83.527,80.035,93.465,20,20,65,multiprocess_sample_only,,
yjit-off/puma-response-chunk-100kb/puma-1w-3t/repeat-3,yjit-off,false,puma-response-chunk-100kb,puma-response-time-wrk,puma/benchmarks/local/response_time_wrk,https://github.com/puma/puma/blob/main/benchmarks/local/response_time_wrk.rb,puma-1w-3t,3,puma,1,3,6721,1000,5.003,5.0,1000,2796,2.003,2.0,5,true,6721,0,1343.507,3.661,4.506,5.01,7.147,8.846,74.348,73.313,92.87,20,20,62,multiprocess_sample_only,,
yjit-off/puma-response-string-100kb/puma-1w-3t/repeat-3,yjit-off,false,puma-response-string-100kb,puma-response-time-wrk,puma/benchmarks/local/response_time_wrk,https://github.com/puma/puma/blob/main/benchmarks/local/response_time_wrk.rb,puma-1w-3t,3,puma,1,3,13566,1000,5.001,5.0,1000,5507,2.001,2.0,5,true,13566,0,2712.401,1.785,2.31,2.658,3.618,4.433,81.641,81.605,92.055,20,20,65,multiprocess_sample_only,,
yjit-off/puma-response-io-100kb/puma-1w-3t/repeat-3,yjit-off,false,puma-response-io-100kb,puma-response-time-wrk,puma/benchmarks/local/response_time_wrk,https://github.com/puma/puma/blob/main/benchmarks/local/response_time_wrk.rb,puma-1w-3t,3,puma,1,3,13233,1000,5.035,5.0,1000,5509,2.008,2.0,5,true,13233,0,2627.988,1.299,2.062,41.254,42.632,43.44,70.668,70.043,91.515,20,20,67,multiprocess_sample_only,,
yjit-off/puma-response-array-256kb/puma-1w-3t/repeat-3,yjit-off,false,puma-response-array-256kb,puma-response-time-wrk,puma/benchmarks/local/response_time_wrk,https://github.com/puma/puma/blob/main/benchmarks/local/response_time_wrk.rb,puma-1w-3t,3,puma,1,3,9238,1000,5.002,5.0,1000,3843,2.003,2.0,5,true,9238,0,1846.963,2.344,4.327,7.952,17.886,18.782,110.844,106.047,90.925,20,20,63,multiprocess_sample_only,,
yjit-off/puma-response-chunk-256kb/puma-1w-3t/repeat-3,yjit-off,false,puma-response-chunk-256kb,puma-response-time-wrk,puma/benchmarks/local/response_time_wrk,https://github.com/puma/puma/blob/main/benchmarks/local/response_time_wrk.rb,puma-1w-3t,3,puma,1,3,3584,1000,5.006,5.0,1000,1465,2.005,2.0,5,true,3584,0,715.999,6.952,8.261,9.086,12.931,13.11,80.035,78.93,90.39,20,20,57,multiprocess_sample_only,,
yjit-off/puma-response-string-256kb/puma-1w-3t/repeat-3,yjit-off,false,puma-response-string-256kb,puma-response-time-wrk,puma/benchmarks/local/response_time_wrk,https://github.com/puma/puma/blob/main/benchmarks/local/response_time_wrk.rb,puma-1w-3t,3,puma,1,3,9475,1000,5.002,5.0,1000,3996,2.002,2.0,5,true,9475,0,1894.324,2.292,4.0,8.023,17.989,19.896,76.949,76.949,89.04,20,20,63,multiprocess_sample_only,,
yjit-off/puma-response-io-256kb/puma-1w-3t/repeat-3,yjit-off,false,puma-response-io-256kb,puma-response-time-wrk,puma/benchmarks/local/response_time_wrk,https://github.com/puma/puma/blob/main/benchmarks/local/response_time_wrk.rb,puma-1w-3t,3,puma,1,3,9394,1000,5.002,5.0,1000,3930,2.002,2.0,5,true,9394,0,1877.923,2.314,4.007,7.22,18.027,19.103,76.949,76.949,87.36,20,20,63,multiprocess_sample_only,,
yjit-off/puma-response-array-512kb/puma-1w-3t/repeat-3,yjit-off,false,puma-response-array-512kb,puma-response-time-wrk,puma/benchmarks/local/response_time_wrk,https://github.com/puma/puma/blob/main/benchmarks/local/response_time_wrk.rb,puma-1w-3t,3,puma,1,3,6951,1000,5.002,5.0,1000,2603,2.017,2.0,5,true,6951,0,1389.522,3.095,5.563,17.854,20.155,209.355,137.883,123.98,86.715,20,20,63,multiprocess_sample_only,,
yjit-off/puma-response-chunk-512kb/puma-1w-3t/repeat-3,yjit-off,false,puma-response-chunk-512kb,puma-response-time-wrk,puma/benchmarks/local/response_time_wrk,https://github.com/puma/puma/blob/main/benchmarks/local/response_time_wrk.rb,puma-1w-3t,3,puma,1,3,2037,1000,5.011,5.0,1000,1000,2.443,2.0,5,true,2037,0,406.496,12.302,14.241,15.588,20.892,23.11,83.438,81.57,86.52,20,20,50,multiprocess_sample_only,,
yjit-off/puma-response-string-512kb/puma-1w-3t/repeat-3,yjit-off,false,puma-response-string-512kb,puma-response-time-wrk,puma/benchmarks/local/response_time_wrk,https://github.com/puma/puma/blob/main/benchmarks/local/response_time_wrk.rb,puma-1w-3t,3,puma,1,3,6989,1000,5.002,5.0,1000,2916,2.003,2.0,5,true,6989,0,1397.157,3.037,5.938,18.119,20.632,25.701,85.875,85.875,85.315,20,20,61,multiprocess_sample_only,,
yjit-off/puma-response-io-512kb/puma-1w-3t/repeat-3,yjit-off,false,puma-response-io-512kb,puma-response-time-wrk,puma/benchmarks/local/response_time_wrk,https://github.com/puma/puma/blob/main/benchmarks/local/response_time_wrk.rb,puma-1w-3t,3,puma,1,3,6922,1000,5.004,5.0,1000,2679,2.002,2.0,5,true,6922,0,1383.232,3.098,5.98,18.103,21.569,212.306,85.879,85.879,83.53,20,20,61,multiprocess_sample_only,,
yjit-off/puma-response-array-1024kb/puma-1w-3t/repeat-3,yjit-off,false,puma-response-array-1024kb,puma-response-time-wrk,puma/benchmarks/local/response_time_wrk,https://github.com/puma/puma/blob/main/benchmarks/local/response_time_wrk.rb,puma-1w-3t,3,puma,1,3,4214,1000,5.008,5.0,1000,1761,2.004,2.0,5,true,4214,0,841.525,5.286,9.579,23.19,25.933,27.26,151.066,151.066,82.97,20,20,61,multiprocess_sample_only,,
yjit-off/puma-response-chunk-1024kb/puma-1w-3t/repeat-3,yjit-off,false,puma-response-chunk-1024kb,puma-response-time-wrk,puma/benchmarks/local/response_time_wrk,https://github.com/puma/puma/blob/main/benchmarks/local/response_time_wrk.rb,puma-1w-3t,3,puma,1,3,1090,1000,5.021,5.0,1000,1000,4.364,2.0,5,true,1090,0,217.083,23.101,26.64,28.008,30.174,33.41,113.355,113.246,82.94,20,20,40,multiprocess_sample_only,,
yjit-off/puma-response-string-1024kb/puma-1w-3t/repeat-3,yjit-off,false,puma-response-string-1024kb,puma-response-time-wrk,puma/benchmarks/local/response_time_wrk,https://github.com/puma/puma/blob/main/benchmarks/local/response_time_wrk.rb,puma-1w-3t,3,puma,1,3,4549,1000,5.003,5.0,1000,1831,2.025,2.0,5,true,4549,0,909.194,4.872,8.39,23.128,25.52,31.18,88.234,88.234,81.68,20,20,58,multiprocess_sample_only,,
yjit-off/puma-response-io-1024kb/puma-1w-3t/repeat-3,yjit-off,false,puma-response-io-1024kb,puma-response-time-wrk,puma/benchmarks/local/response_time_wrk,https://github.com/puma/puma/blob/main/benchmarks/local/response_time_wrk.rb,puma-1w-3t,3,puma,1,3,4526,1000,5.004,5.0,1000,1827,2.004,2.0,5,true,4526,0,904.444,4.865,8.901,22.623,25.485,215.913,88.297,88.297,79.84,20,20,59,multiprocess_sample_only,,
yjit-off/puma-response-array-2048kb/puma-1w-3t/repeat-3,yjit-off,false,puma-response-array-2048kb,puma-response-time-wrk,puma/benchmarks/local/response_time_wrk,https://github.com/puma/puma/blob/main/benchmarks/local/response_time_wrk.rb,puma-1w-3t,3,puma,1,3,2635,1000,5.008,5.0,1000,1072,2.009,2.0,5,true,2635,0,526.198,9.233,11.633,17.047,22.365,22.995,127.957,105.742,79.21,20,20,54,multiprocess_sample_only,,
yjit-off/puma-response-chunk-2048kb/puma-1w-3t/repeat-3,yjit-off,false,puma-response-chunk-2048kb,puma-response-time-wrk,puma/benchmarks/local/response_time_wrk,https://github.com/puma/puma/blob/main/benchmarks/local/response_time_wrk.rb,puma-1w-3t,3,puma,1,3,1000,1000,8.994,5.0,1000,1000,8.738,2.0,5,true,1000,0,111.189,44.927,50.869,54.572,83.614,88.57,91.395,89.465,79.615,20,20,51,multiprocess_sample_only,,
yjit-off/puma-response-string-2048kb/puma-1w-3t/repeat-3,yjit-off,false,puma-response-string-2048kb,puma-response-time-wrk,puma/benchmarks/local/response_time_wrk,https://github.com/puma/puma/blob/main/benchmarks/local/response_time_wrk.rb,puma-1w-3t,3,puma,1,3,2815,1000,5.007,5.0,1000,1122,2.008,2.0,5,true,2815,0,562.192,8.68,10.726,12.231,16.664,17.576,90.797,90.797,78.64,20,20,54,multiprocess_sample_only,,
yjit-off/puma-response-io-2048kb/puma-1w-3t/repeat-3,yjit-off,false,puma-response-io-2048kb,puma-response-time-wrk,puma/benchmarks/local/response_time_wrk,https://github.com/puma/puma/blob/main/benchmarks/local/response_time_wrk.rb,puma-1w-3t,3,puma,1,3,2808,1000,5.008,5.0,1000,1163,2.006,2.0,5,true,2808,0,560.756,8.645,10.759,12.404,15.027,17.297,90.859,90.859,76.915,20,20,54,multiprocess_sample_only,,
yjit-off/puma-long-tail-fib-200ms-x6p0/puma-1w-3t/repeat-3,yjit-off,false,puma-long-tail-fib-200ms-x6p0,puma-long-tail-hey,puma/benchmarks/local/long_tail_hey + test/rackup/sleep_fibonacci,https://github.com/puma/puma/blob/main/benchmarks/local/long_tail_hey.rb,puma-1w-3t,3,puma,1,3,360,360,51.008,5.0,360,360,51.1,2.0,18,true,360,0,7.058,2560.527,2616.971,2636.344,2647.685,2649.381,108.371,108.371,82.54,20,20,701,multiprocess_sample_only,,
yjit-off/puma-long-tail-fib-200ms-x4p0/puma-1w-3t/repeat-3,yjit-off,false,puma-long-tail-fib-200ms-x4p0,puma-long-tail-hey,puma/benchmarks/local/long_tail_hey + test/rackup/sleep_fibonacci,https://github.com/puma/puma/blob/main/benchmarks/local/long_tail_hey.rb,puma-1w-3t,3,puma,1,3,240,240,33.999,5.0,240,240,34.012,2.0,12,true,240,0,7.059,1705.085,1754.706,1764.894,1775.281,1776.619,115.418,115.418,86.235,20,20,468,multiprocess_sample_only,,
yjit-off/puma-long-tail-fib-200ms-x3p0/puma-1w-3t/repeat-3,yjit-off,false,puma-long-tail-fib-200ms-x3p0,puma-long-tail-hey,puma/benchmarks/local/long_tail_hey + test/rackup/sleep_fibonacci,https://github.com/puma/puma/blob/main/benchmarks/local/long_tail_hey.rb,puma-1w-3t,3,puma,1,3,180,180,25.487,5.0,180,180,25.505,2.0,9,true,180,0,7.062,1275.35,1320.593,1331.211,1333.884,1334.232,115.422,115.422,88.07,20,20,352,multiprocess_sample_only,,
yjit-off/puma-long-tail-fib-200ms-x2p0/puma-1w-3t/repeat-3,yjit-off,false,puma-long-tail-fib-200ms-x2p0,puma-long-tail-hey,puma/benchmarks/local/long_tail_hey + test/rackup/sleep_fibonacci,https://github.com/puma/puma/blob/main/benchmarks/local/long_tail_hey.rb,puma-1w-3t,3,puma,1,3,120,120,16.995,5.0,120,120,17.014,2.0,6,true,120,0,7.061,849.981,896.034,899.572,900.445,900.561,115.488,115.488,89.065,20,20,235,multiprocess_sample_only,,
yjit-off/puma-long-tail-fib-200ms-x1p5/puma-1w-3t/repeat-3,yjit-off,false,puma-long-tail-fib-200ms-x1p5,puma-long-tail-hey,puma/benchmarks/local/long_tail_hey + test/rackup/sleep_fibonacci,https://github.com/puma/puma/blob/main/benchmarks/local/long_tail_hey.rb,puma-1w-3t,3,puma,1,3,100,100,14.216,5.0,100,100,14.212,2.0,5,true,100,0,7.034,742.758,870.822,875.962,876.185,876.21,115.492,115.492,89.72,20,20,196,multiprocess_sample_only,,
yjit-off/puma-long-tail-fib-200ms-x1p0/puma-1w-3t/repeat-3,yjit-off,false,puma-long-tail-fib-200ms-x1p0,puma-long-tail-hey,puma/benchmarks/local/long_tail_hey + test/rackup/sleep_fibonacci,https://github.com/puma/puma/blob/main/benchmarks/local/long_tail_hey.rb,puma-1w-3t,3,puma,1,3,60,60,8.504,5.0,60,60,8.502,2.0,3,true,60,0,7.056,426.191,441.734,446.097,448.714,449.005,115.492,115.492,90.115,20,20,118,multiprocess_sample_only,,
yjit-off/puma-long-tail-fib-200ms-x0p5/puma-1w-3t/repeat-3,yjit-off,false,puma-long-tail-fib-200ms-x0p5,puma-long-tail-hey,puma/benchmarks/local/long_tail_hey + test/rackup/sleep_fibonacci,https://github.com/puma/puma/blob/main/benchmarks/local/long_tail_hey.rb,puma-1w-3t,3,puma,1,3,40,40,5.67,5.0,40,40,5.669,2.0,2,true,40,0,7.055,283.175,290.899,298.893,299.671,299.757,115.496,115.496,90.355,20,20,80,multiprocess_sample_only,,
yjit-off/puma-sleep-fibonacci-1ms/puma-1w-3t/repeat-3,yjit-off,false,puma-sleep-fibonacci-1ms,puma-sleep-fibonacci-test,puma/benchmarks/local/sleep_fibonacci_test + test/rackup/sleep_fibonacci,https://github.com/puma/puma/blob/main/benchmarks/local/sleep_fibonacci_test.rb,puma-1w-3t,3,puma,1,3,3679,10,5.001,5.0,10,1446,2.001,2.0,1,true,3679,0,735.638,1.325,1.447,1.716,2.263,2.461,127.137,127.137,90.24,20,20,70,multiprocess_sample_only,,
yjit-off/puma-sleep-fibonacci-5ms/puma-1w-3t/repeat-3,yjit-off,false,puma-sleep-fibonacci-5ms,puma-sleep-fibonacci-test,puma/benchmarks/local/sleep_fibonacci_test + test/rackup/sleep_fibonacci,https://github.com/puma/puma/blob/main/benchmarks/local/sleep_fibonacci_test.rb,puma-1w-3t,3,puma,1,3,944,10,5.005,5.0,10,376,2.0,2.0,1,true,944,0,188.619,5.271,5.348,5.657,5.987,6.318,129.512,129.512,90.0,20,20,70,multiprocess_sample_only,,
yjit-off/puma-sleep-fibonacci-10ms/puma-1w-3t/repeat-3,yjit-off,false,puma-sleep-fibonacci-10ms,puma-sleep-fibonacci-test,puma/benchmarks/local/sleep_fibonacci_test + test/rackup/sleep_fibonacci,https://github.com/puma/puma/blob/main/benchmarks/local/sleep_fibonacci_test.rb,puma-1w-3t,3,puma,1,3,483,10,5.005,5.0,10,194,2.01,2.0,1,true,483,0,96.501,10.304,10.667,10.916,11.464,11.487,129.512,129.512,89.765,20,20,70,multiprocess_sample_only,,
yjit-off/puma-sleep-fibonacci-50ms/puma-1w-3t/repeat-3,yjit-off,false,puma-sleep-fibonacci-50ms,puma-sleep-fibonacci-test,puma/benchmarks/local/sleep_fibonacci_test + test/rackup/sleep_fibonacci,https://github.com/puma/puma/blob/main/benchmarks/local/sleep_fibonacci_test.rb,puma-1w-3t,3,puma,1,3,99,10,5.004,5.0,10,40,2.022,2.0,1,true,99,0,19.784,50.466,50.681,51.44,51.651,51.674,129.512,129.512,89.535,20,20,71,multiprocess_sample_only,,
yjit-off/puma-sleep-fibonacci-100ms/puma-1w-3t/repeat-3,yjit-off,false,puma-sleep-fibonacci-100ms,puma-sleep-fibonacci-test,puma/benchmarks/local/sleep_fibonacci_test + test/rackup/sleep_fibonacci,https://github.com/puma/puma/blob/main/benchmarks/local/sleep_fibonacci_test.rb,puma-1w-3t,3,puma,1,3,50,10,5.033,5.0,10,20,2.014,2.0,1,true,50,0,9.934,100.604,100.688,100.817,100.875,100.882,129.512,129.512,89.285,20,20,71,multiprocess_sample_only,,
yjit-off/puma-sleep-fibonacci-200ms/puma-1w-3t/repeat-3,yjit-off,false,puma-sleep-fibonacci-200ms,puma-sleep-fibonacci-test,puma/benchmarks/local/sleep_fibonacci_test + test/rackup/sleep_fibonacci,https://github.com/puma/puma/blob/main/benchmarks/local/sleep_fibonacci_test.rb,puma-1w-3t,3,puma,1,3,25,10,5.019,5.0,10,10,2.008,2.0,1,true,25,0,4.981,200.634,201.029,201.382,201.466,201.475,129.512,129.512,89.05,20,20,70,multiprocess_sample_only,,
yjit-on/puma-response-array-1kb/raptor-3r/repeat-1,yjit-on,true,puma-response-array-1kb,puma-response-time-wrk,puma/benchmarks/local/response_time_wrk,https://github.com/puma/puma/blob/main/benchmarks/local/response_time_wrk.rb,raptor-3r,3,raptor,3,,1000,1000,16.116,5.0,1000,1000,16.124,2.0,5,true,1000,0,62.049,40.986,41.973,42.247,4031.681,4037.347,30.965,30.965,3.415,20,20,225,same_worker,16,719243
yjit-on/puma-response-chunk-1kb/raptor-3r/repeat-1,yjit-on,true,puma-response-chunk-1kb,puma-response-time-wrk,puma/benchmarks/local/response_time_wrk,https://github.com/puma/puma/blob/main/benchmarks/local/response_time_wrk.rb,raptor-3r,3,raptor,3,,1000,1000,16.129,5.0,1000,1000,16.091,2.0,5,true,1000,0,62.001,40.989,42.007,42.372,4034.707,4038.707,31.277,31.277,2.68,20,20,225,same_worker,16,716245
yjit-on/puma-response-string-1kb/raptor-3r/repeat-1,yjit-on,true,puma-response-string-1kb,puma-response-time-wrk,puma/benchmarks/local/response_time_wrk,https://github.com/puma/puma/blob/main/benchmarks/local/response_time_wrk.rb,raptor-3r,3,raptor,3,,1000,1000,16.107,5.0,1000,1000,16.092,2.0,5,true,1000,0,62.084,40.982,41.943,42.277,4026.763,4030.125,31.629,31.629,2.485,20,20,226,same_worker,16,718019
yjit-on/puma-response-io-1kb/raptor-3r/repeat-1,yjit-on,true,puma-response-io-1kb,puma-response-time-wrk,puma/benchmarks/local/response_time_wrk,https://github.com/puma/puma/blob/main/benchmarks/local/response_time_wrk.rb,raptor-3r,3,raptor,3,,1000,1000,16.118,5.0,1000,1000,16.086,2.0,5,true,1000,0,62.043,40.982,41.98,42.271,4028.849,4030.447,31.785,31.785,2.4,20,20,226,same_worker,16,727249
yjit-on/puma-response-array-10kb/raptor-3r/repeat-1,yjit-on,true,puma-response-array-10kb,puma-response-time-wrk,puma/benchmarks/local/response_time_wrk,https://github.com/puma/puma/blob/main/benchmarks/local/response_time_wrk.rb,raptor-3r,3,raptor,3,,1000,1000,16.12,5.0,1000,1000,16.086,2.0,5,true,1000,0,62.034,40.985,41.976,42.271,4028.388,4029.016,31.824,31.824,2.39,20,20,225,same_worker,16,719243
yjit-on/puma-response-chunk-10kb/raptor-3r/repeat-1,yjit-on,true,puma-response-chunk-10kb,puma-response-time-wrk,puma/benchmarks/local/response_time_wrk,https://github.com/puma/puma/blob/main/benchmarks/local/response_time_wrk.rb,raptor-3r,3,raptor,3,,1000,1000,16.135,5.0,1000,1000,16.087,2.0,5,true,1000,0,61.977,40.987,41.999,42.605,4037.418,4075.553,31.824,31.824,2.31,20,20,225,same_worker,16,716251
yjit-on/puma-response-string-10kb/raptor-3r/repeat-1,yjit-on,true,puma-response-string-10kb,puma-response-time-wrk,puma/benchmarks/local/response_time_wrk,https://github.com/puma/puma/blob/main/benchmarks/local/response_time_wrk.rb,raptor-3r,3,raptor,3,,1000,1000,16.109,5.0,1000,1000,16.086,2.0,5,true,1000,0,62.077,40.982,41.944,42.305,4028.919,4029.277,31.852,31.852,2.3,20,20,225,same_worker,16,718546
yjit-on/puma-response-io-10kb/raptor-3r/repeat-1,yjit-on,true,puma-response-io-10kb,puma-response-time-wrk,puma/benchmarks/local/response_time_wrk,https://github.com/puma/puma/blob/main/benchmarks/local/response_time_wrk.rb,raptor-3r,3,raptor,3,,1000,1000,16.133,5.0,1000,1000,16.084,2.0,5,true,1000,0,61.985,40.986,41.984,42.34,4033.925,4035.194,32.879,32.879,2.3,20,20,225,same_worker,16,745251
yjit-on/puma-response-array-100kb/raptor-3r/repeat-1,yjit-on,true,puma-response-array-100kb,puma-response-time-wrk,puma/benchmarks/local/response_time_wrk,https://github.com/puma/puma/blob/main/benchmarks/local/response_time_wrk.rb,raptor-3r,3,raptor,3,,1000,1000,14.944,5.0,1000,1000,14.349,2.0,5,true,1000,0,66.919,40.975,41.975,42.918,3716.763,3828.761,33.039,33.039,2.47,20,20,208,same_worker,15,719231
yjit-on/puma-response-chunk-100kb/raptor-3r/repeat-1,yjit-on,true,puma-response-chunk-100kb,puma-response-time-wrk,puma/benchmarks/local/response_time_wrk,https://github.com/puma/puma/blob/main/benchmarks/local/response_time_wrk.rb,raptor-3r,3,raptor,3,,1000,1000,14.986,5.0,1000,1000,13.619,2.0,5,true,1000,0,66.73,40.976,41.975,42.559,3873.994,3875.025,33.039,33.039,2.64,20,20,208,same_worker,16,717251
yjit-on/puma-response-string-100kb/raptor-3r/repeat-1,yjit-on,true,puma-response-string-100kb,puma-response-time-wrk,puma/benchmarks/local/response_time_wrk,https://github.com/puma/puma/blob/main/benchmarks/local/response_time_wrk.rb,raptor-3r,3,raptor,3,,12937,1000,5.002,5.0,1000,5462,2.002,2.0,5,true,12937,0,2586.547,1.077,1.864,6.255,114.645,118.431,33.395,33.395,3.91,20,20,67,same_worker,214,9302657
yjit-on/puma-response-io-100kb/raptor-3r/repeat-1,yjit-on,true,puma-response-io-100kb,puma-response-time-wrk,puma/benchmarks/local/response_time_wrk,https://github.com/puma/puma/blob/main/benchmarks/local/response_time_wrk.rb,raptor-3r,3,raptor,3,,1000,1000,12.949,5.0,1000,1000,12.56,2.0,5,true,1000,0,77.226,40.996,42.184,43.202,3296.811,3339.783,39.543,39.543,4.695,20,20,180,same_worker,23,924179
yjit-on/puma-response-array-256kb/raptor-3r/repeat-1,yjit-on,true,puma-response-array-256kb,puma-response-time-wrk,puma/benchmarks/local/response_time_wrk,https://github.com/puma/puma/blob/main/benchmarks/local/response_time_wrk.rb,raptor-3r,3,raptor,3,,1000,1000,15.062,5.0,1000,1000,14.906,2.0,5,true,1000,0,66.393,41.938,42.816,43.406,3638.836,3765.28,39.543,39.543,4.865,20,20,208,same_worker,17,718547
yjit-on/puma-response-chunk-256kb/raptor-3r/repeat-1,yjit-on,true,puma-response-chunk-256kb,puma-response-time-wrk,puma/benchmarks/local/response_time_wrk,https://github.com/puma/puma/blob/main/benchmarks/local/response_time_wrk.rb,raptor-3r,3,raptor,3,,1000,1000,14.265,5.0,1000,1000,14.311,2.0,5,true,1000,0,70.1,41.929,42.869,43.969,3428.039,3734.631,39.555,39.555,5.05,20,20,197,same_worker,17,715533
yjit-on/puma-response-string-256kb/raptor-3r/repeat-1,yjit-on,true,puma-response-string-256kb,puma-response-time-wrk,puma/benchmarks/local/response_time_wrk,https://github.com/puma/puma/blob/main/benchmarks/local/response_time_wrk.rb,raptor-3r,3,raptor,3,,9402,1000,5.003,5.0,1000,4014,2.015,2.0,5,true,9402,0,1879.154,1.392,2.504,34.57,161.352,192.18,39.555,39.555,5.86,20,20,66,same_worker,171,6760607
yjit-on/puma-response-io-256kb/raptor-3r/repeat-1,yjit-on,true,puma-response-io-256kb,puma-response-time-wrk,puma/benchmarks/local/response_time_wrk,https://github.com/puma/puma/blob/main/benchmarks/local/response_time_wrk.rb,raptor-3r,3,raptor,3,,1000,1000,15.356,5.0,1000,1000,15.501,2.0,5,true,1000,0,65.122,41.967,42.95,43.234,3847.105,3896.528,48.082,48.082,6.4,20,20,213,same_worker,36,1237249
yjit-on/puma-response-array-512kb/raptor-3r/repeat-1,yjit-on,true,puma-response-array-512kb,puma-response-time-wrk,puma/benchmarks/local/response_time_wrk,https://github.com/puma/puma/blob/main/benchmarks/local/response_time_wrk.rb,raptor-3r,3,raptor,3,,1000,1000,14.806,5.0,1000,1000,14.786,2.0,5,true,1000,0,67.538,41.986,43.212,44.177,3716.504,3793.2,46.168,46.168,6.685,20,20,204,same_worker,19,719249
yjit-on/puma-response-chunk-512kb/raptor-3r/repeat-1,yjit-on,true,puma-response-chunk-512kb,puma-response-time-wrk,puma/benchmarks/local/response_time_wrk,https://github.com/puma/puma/blob/main/benchmarks/local/response_time_wrk.rb,raptor-3r,3,raptor,3,,1000,1000,14.421,5.0,1000,1000,14.626,2.0,5,true,1000,0,69.343,42.017,43.24,45.261,3570.638,3573.934,46.168,46.168,7.02,20,20,199,same_worker,19,716231
yjit-on/puma-response-string-512kb/raptor-3r/repeat-1,yjit-on,true,puma-response-string-512kb,puma-response-time-wrk,puma/benchmarks/local/response_time_wrk,https://github.com/puma/puma/blob/main/benchmarks/local/response_time_wrk.rb,raptor-3r,3,raptor,3,,6760,1000,5.003,5.0,1000,2781,2.003,2.0,5,true,6760,0,1351.211,1.905,3.459,20.832,229.767,262.876,47.043,47.043,7.525,20,20,64,same_worker,133,4861084
yjit-on/puma-response-io-512kb/raptor-3r/repeat-1,yjit-on,true,puma-response-io-512kb,puma-response-time-wrk,puma/benchmarks/local/response_time_wrk,https://github.com/puma/puma/blob/main/benchmarks/local/response_time_wrk.rb,raptor-3r,3,raptor,3,,1000,1000,14.974,5.0,1000,1000,15.81,2.0,5,true,1000,0,66.782,42.946,44.087,47.942,3528.077,3808.759,55.25,55.25,8.115,20,20,207,same_worker,56,1748602
yjit-on/puma-response-array-1024kb/raptor-3r/repeat-1,yjit-on,true,puma-response-array-1024kb,puma-response-time-wrk,puma/benchmarks/local/response_time_wrk,https://github.com/puma/puma/blob/main/benchmarks/local/response_time_wrk.rb,raptor-3r,3,raptor,3,,1000,1000,14.795,5.0,1000,1000,15.609,2.0,5,true,1000,0,67.591,43.683,44.962,46.086,3509.855,3631.078,55.25,55.25,8.685,20,20,204,same_worker,20,717476
yjit-on/puma-response-chunk-1024kb/raptor-3r/repeat-1,yjit-on,true,puma-response-chunk-1024kb,puma-response-time-wrk,puma/benchmarks/local/response_time_wrk,https://github.com/puma/puma/blob/main/benchmarks/local/response_time_wrk.rb,raptor-3r,3,raptor,3,,1000,1000,15.89,5.0,1000,1000,16.278,2.0,5,true,1000,0,62.933,43.914,45.019,47.01,3998.715,4051.884,55.25,55.25,9.235,20,20,219,same_worker,21,716249
yjit-on/puma-response-string-1024kb/raptor-3r/repeat-1,yjit-on,true,puma-response-string-1024kb,puma-response-time-wrk,puma/benchmarks/local/response_time_wrk,https://github.com/puma/puma/blob/main/benchmarks/local/response_time_wrk.rb,raptor-3r,3,raptor,3,,4648,1000,5.006,5.0,1000,1925,2.005,2.0,5,true,4648,0,928.427,2.83,5.204,22.355,321.937,340.807,55.766,55.766,9.63,20,20,62,same_worker,97,3340802
yjit-on/puma-response-io-1024kb/raptor-3r/repeat-1,yjit-on,true,puma-response-io-1024kb,puma-response-time-wrk,puma/benchmarks/local/response_time_wrk,https://github.com/puma/puma/blob/main/benchmarks/local/response_time_wrk.rb,raptor-3r,3,raptor,3,,1000,1000,16.595,5.0,1000,1000,16.478,2.0,5,true,1000,0,60.26,44.342,46.265,50.69,4137.289,4167.561,65.313,65.313,10.385,20,20,229,same_worker,103,2772336
yjit-on/puma-response-array-2048kb/raptor-3r/repeat-1,yjit-on,true,puma-response-array-2048kb,puma-response-time-wrk,puma/benchmarks/local/response_time_wrk,https://github.com/puma/puma/blob/main/benchmarks/local/response_time_wrk.rb,raptor-3r,3,raptor,3,,1000,1000,16.912,5.0,1000,1000,16.86,2.0,5,true,1000,0,59.129,46.042,48.0,51.061,4179.059,4218.634,61.91,61.91,11.48,20,20,232,same_worker,22,719249
yjit-on/puma-response-chunk-2048kb/raptor-3r/repeat-1,yjit-on,true,puma-response-chunk-2048kb,puma-response-time-wrk,puma/benchmarks/local/response_time_wrk,https://github.com/puma/puma/blob/main/benchmarks/local/response_time_wrk.rb,raptor-3r,3,raptor,3,,1000,1000,16.553,5.0,1000,1000,17.12,2.0,5,true,1000,0,60.412,46.852,48.788,50.63,4049.486,4093.327,61.91,61.91,12.62,20,20,227,same_worker,22,714538
yjit-on/puma-response-string-2048kb/raptor-3r/repeat-1,yjit-on,true,puma-response-string-2048kb,puma-response-time-wrk,puma/benchmarks/local/response_time_wrk,https://github.com/puma/puma/blob/main/benchmarks/local/response_time_wrk.rb,raptor-3r,3,raptor,3,,2787,1000,5.007,5.0,1000,1165,2.056,2.0,5,true,2787,0,556.574,5.254,7.141,19.059,530.896,561.954,67.922,67.922,13.015,20,20,60,same_worker,62,2001557
yjit-on/puma-response-io-2048kb/raptor-3r/repeat-1,yjit-on,true,puma-response-io-2048kb,puma-response-time-wrk,puma/benchmarks/local/response_time_wrk,https://github.com/puma/puma/blob/main/benchmarks/local/response_time_wrk.rb,raptor-3r,3,raptor,3,,1000,1000,18.076,5.0,1000,1000,18.205,2.0,5,true,1000,0,55.321,47.99,51.41,61.306,4445.279,4564.966,78.109,78.109,14.25,20,20,248,same_worker,131,4821391
yjit-on/puma-long-tail-fib-200ms-x6p0/raptor-3r/repeat-1,yjit-on,true,puma-long-tail-fib-200ms-x6p0,puma-long-tail-hey,puma/benchmarks/local/long_tail_hey + test/rackup/sleep_fibonacci,https://github.com/puma/puma/blob/main/benchmarks/local/long_tail_hey.rb,raptor-3r,3,raptor,3,,363,360,29.012,5.0,360,360,28.775,2.0,18,true,363,0,12.512,241.866,242.951,19609.638,24405.262,24405.379,78.582,78.582,23.175,20,20,392,same_worker,2,64762
yjit-on/puma-long-tail-fib-200ms-x4p0/raptor-3r/repeat-1,yjit-on,true,puma-long-tail-fib-200ms-x4p0,puma-long-tail-hey,puma/benchmarks/local/long_tail_hey + test/rackup/sleep_fibonacci,https://github.com/puma/puma/blob/main/benchmarks/local/long_tail_hey.rb,raptor-3r,3,raptor,3,,243,240,19.423,5.0,240,240,19.182,2.0,12,true,243,0,12.511,241.817,242.838,12805.759,14820.857,14820.98,78.625,78.625,30.955,20,20,263,same_worker,1,43116
yjit-on/puma-long-tail-fib-200ms-x3p0/raptor-3r/repeat-1,yjit-on,true,puma-long-tail-fib-200ms-x3p0,puma-long-tail-hey,puma/benchmarks/local/long_tail_hey + test/rackup/sleep_fibonacci,https://github.com/puma/puma/blob/main/benchmarks/local/long_tail_hey.rb,raptor-3r,3,raptor,3,,183,180,14.627,5.0,180,180,14.388,2.0,9,true,183,0,12.511,241.774,242.791,10031.258,10033.769,10033.821,78.625,78.625,36.09,20,20,198,same_worker,1,34641
yjit-on/puma-long-tail-fib-200ms-x2p0/raptor-3r/repeat-1,yjit-on,true,puma-long-tail-fib-200ms-x2p0,puma-long-tail-hey,puma/benchmarks/local/long_tail_hey + test/rackup/sleep_fibonacci,https://github.com/puma/puma/blob/main/benchmarks/local/long_tail_hey.rb,raptor-3r,3,raptor,3,,123,120,9.833,5.0,120,120,9.591,2.0,6,true,123,0,12.509,241.775,242.555,5238.579,5238.678,5238.689,78.629,78.629,39.455,20,20,134,same_worker,1,22877
yjit-on/puma-long-tail-fib-200ms-x1p5/raptor-3r/repeat-1,yjit-on,true,puma-long-tail-fib-200ms-x1p5,puma-long-tail-hey,puma/benchmarks/local/long_tail_hey + test/rackup/sleep_fibonacci,https://github.com/puma/puma/blob/main/benchmarks/local/long_tail_hey.rb,raptor-3r,3,raptor,3,,103,100,9.833,5.0,100,100,9.59,2.0,5,true,103,0,10.475,241.836,242.559,5135.553,5235.663,5235.692,78.629,78.629,41.935,20,20,134,same_worker,1,18236
yjit-on/puma-long-tail-fib-200ms-x1p0/raptor-3r/repeat-1,yjit-on,true,puma-long-tail-fib-200ms-x1p0,puma-long-tail-hey,puma/benchmarks/local/long_tail_hey + test/rackup/sleep_fibonacci,https://github.com/puma/puma/blob/main/benchmarks/local/long_tail_hey.rb,raptor-3r,3,raptor,3,,63,60,5.037,5.0,60,60,4.798,2.0,3,true,63,0,12.506,241.695,242.509,242.709,242.812,242.823,78.629,78.629,43.465,20,20,69,same_worker,0,10964
yjit-on/puma-long-tail-fib-200ms-x0p5/raptor-3r/repeat-1,yjit-on,true,puma-long-tail-fib-200ms-x0p5,puma-long-tail-hey,puma/benchmarks/local/long_tail_hey + test/rackup/sleep_fibonacci,https://github.com/puma/puma/blob/main/benchmarks/local/long_tail_hey.rb,raptor-3r,3,raptor,3,,42,40,5.036,5.0,40,40,4.796,2.0,2,true,42,0,8.34,241.784,242.247,242.344,242.4,242.406,78.629,78.629,44.4,20,20,70,same_worker,1,8721
yjit-on/puma-sleep-fibonacci-1ms/raptor-3r/repeat-1,yjit-on,true,puma-sleep-fibonacci-1ms,puma-sleep-fibonacci-test,puma/benchmarks/local/sleep_fibonacci_test + test/rackup/sleep_fibonacci,https://github.com/puma/puma/blob/main/benchmarks/local/sleep_fibonacci_test.rb,raptor-3r,3,raptor,3,,122,10,5.014,5.0,10,49,2.019,2.0,1,true,122,0,24.333,41.968,42.909,42.998,43.025,43.028,78.645,78.645,44.385,20,20,71,same_worker,0,20669
yjit-on/puma-sleep-fibonacci-5ms/raptor-3r/repeat-1,yjit-on,true,puma-sleep-fibonacci-5ms,puma-sleep-fibonacci-test,puma/benchmarks/local/sleep_fibonacci_test + test/rackup/sleep_fibonacci,https://github.com/puma/puma/blob/main/benchmarks/local/sleep_fibonacci_test.rb,raptor-3r,3,raptor,3,,112,10,5.026,5.0,10,45,2.029,2.0,1,true,112,0,22.282,45.953,46.068,46.825,46.905,46.905,78.648,78.648,44.115,20,20,71,same_worker,0,19913
yjit-on/puma-sleep-fibonacci-10ms/raptor-3r/repeat-1,yjit-on,true,puma-sleep-fibonacci-10ms,puma-sleep-fibonacci-test,puma/benchmarks/local/sleep_fibonacci_test + test/rackup/sleep_fibonacci,https://github.com/puma/puma/blob/main/benchmarks/local/sleep_fibonacci_test.rb,raptor-3r,3,raptor,3,,99,10,5.028,5.0,10,40,2.009,2.0,1,true,99,0,19.691,50.974,51.922,52.009,52.024,52.026,78.652,78.652,43.895,20,20,71,same_worker,1,17676
yjit-on/puma-sleep-fibonacci-50ms/raptor-3r/repeat-1,yjit-on,true,puma-sleep-fibonacci-50ms,puma-sleep-fibonacci-test,puma/benchmarks/local/sleep_fibonacci_test + test/rackup/sleep_fibonacci,https://github.com/puma/puma/blob/main/benchmarks/local/sleep_fibonacci_test.rb,raptor-3r,3,raptor,3,,56,10,5.081,5.0,10,23,2.059,2.0,1,true,56,0,11.022,91.019,92.011,92.027,92.032,92.032,78.66,78.66,43.8,20,20,71,same_worker,0,10048
yjit-on/puma-sleep-fibonacci-100ms/raptor-3r/repeat-1,yjit-on,true,puma-sleep-fibonacci-100ms,puma-sleep-fibonacci-test,puma/benchmarks/local/sleep_fibonacci_test + test/rackup/sleep_fibonacci,https://github.com/puma/puma/blob/main/benchmarks/local/sleep_fibonacci_test.rb,raptor-3r,3,raptor,3,,36,10,5.072,5.0,10,15,2.09,2.0,1,true,36,0,7.098,141.947,142.098,142.652,142.9,142.928,78.66,78.66,43.81,20,20,71,same_worker,0,4309
yjit-on/puma-sleep-fibonacci-200ms/raptor-3r/repeat-1,yjit-on,true,puma-sleep-fibonacci-200ms,puma-sleep-fibonacci-test,puma/benchmarks/local/sleep_fibonacci_test + test/rackup/sleep_fibonacci,https://github.com/puma/puma/blob/main/benchmarks/local/sleep_fibonacci_test.rb,raptor-3r,3,raptor,3,,21,10,5.04,5.0,10,10,2.38,2.0,1,true,21,0,4.167,241.928,242.869,242.885,242.888,242.889,78.66,78.66,43.935,20,20,71,same_worker,0,2237
yjit-on/puma-response-array-1kb/raptor-3r/repeat-2,yjit-on,true,puma-response-array-1kb,puma-response-time-wrk,puma/benchmarks/local/response_time_wrk,https://github.com/puma/puma/blob/main/benchmarks/local/response_time_wrk.rb,raptor-3r,3,raptor,3,,1000,1000,16.138,5.0,1000,1000,16.147,2.0,5,true,1000,0,61.966,40.988,41.99,42.412,4033.036,4039.935,29.387,29.387,3.635,20,20,224,same_worker,30,717765
yjit-on/puma-response-chunk-1kb/raptor-3r/repeat-2,yjit-on,true,puma-response-chunk-1kb,puma-response-time-wrk,puma/benchmarks/local/response_time_wrk,https://github.com/puma/puma/blob/main/benchmarks/local/response_time_wrk.rb,raptor-3r,3,raptor,3,,1000,1000,16.124,5.0,1000,1000,16.102,2.0,5,true,1000,0,62.019,40.982,41.975,42.386,4030.271,4032.746,29.738,29.738,2.88,20,20,223,same_worker,29,716244
yjit-on/puma-response-string-1kb/raptor-3r/repeat-2,yjit-on,true,puma-response-string-1kb,puma-response-time-wrk,puma/benchmarks/local/response_time_wrk,https://github.com/puma/puma/blob/main/benchmarks/local/response_time_wrk.rb,raptor-3r,3,raptor,3,,1000,1000,16.131,5.0,1000,1000,16.108,2.0,5,true,1000,0,61.993,40.984,41.981,42.309,4034.732,4036.577,29.816,29.816,2.695,20,20,223,same_worker,29,717612
yjit-on/puma-response-io-1kb/raptor-3r/repeat-2,yjit-on,true,puma-response-io-1kb,puma-response-time-wrk,puma/benchmarks/local/response_time_wrk,https://github.com/puma/puma/blob/main/benchmarks/local/response_time_wrk.rb,raptor-3r,3,raptor,3,,1000,1000,16.116,5.0,1000,1000,16.11,2.0,5,true,1000,0,62.052,40.98,41.964,42.302,4031.472,4034.814,29.938,29.938,2.655,20,20,223,same_worker,31,726129
yjit-on/puma-response-array-10kb/raptor-3r/repeat-2,yjit-on,true,puma-response-array-10kb,puma-response-time-wrk,puma/benchmarks/local/response_time_wrk,https://github.com/puma/puma/blob/main/benchmarks/local/response_time_wrk.rb,raptor-3r,3,raptor,3,,1000,1000,16.122,5.0,1000,1000,16.104,2.0,5,true,1000,0,62.028,40.982,41.977,42.283,4031.766,4074.87,30.035,30.035,2.6,20,20,223,same_worker,30,718003
yjit-on/puma-response-chunk-10kb/raptor-3r/repeat-2,yjit-on,true,puma-response-chunk-10kb,puma-response-time-wrk,puma/benchmarks/local/response_time_wrk,https://github.com/puma/puma/blob/main/benchmarks/local/response_time_wrk.rb,raptor-3r,3,raptor,3,,1000,1000,16.129,5.0,1000,1000,16.136,2.0,5,true,1000,0,62.0,40.983,41.992,42.439,4037.006,4078.514,30.043,30.043,2.6,20,20,223,same_worker,31,715430
yjit-on/puma-response-string-10kb/raptor-3r/repeat-2,yjit-on,true,puma-response-string-10kb,puma-response-time-wrk,puma/benchmarks/local/response_time_wrk,https://github.com/puma/puma/blob/main/benchmarks/local/response_time_wrk.rb,raptor-3r,3,raptor,3,,1000,1000,16.12,5.0,1000,1000,16.086,2.0,5,true,1000,0,62.034,40.981,41.958,42.275,4031.735,4034.062,30.066,30.066,2.585,20,20,223,same_worker,31,719249
yjit-on/puma-response-io-10kb/raptor-3r/repeat-2,yjit-on,true,puma-response-io-10kb,puma-response-time-wrk,puma/benchmarks/local/response_time_wrk,https://github.com/puma/puma/blob/main/benchmarks/local/response_time_wrk.rb,raptor-3r,3,raptor,3,,1000,1000,16.135,5.0,1000,1000,16.092,2.0,5,true,1000,0,61.978,40.985,41.996,42.405,4036.16,4074.681,30.652,30.652,2.6,20,20,224,same_worker,33,744196
yjit-on/puma-response-array-100kb/raptor-3r/repeat-2,yjit-on,true,puma-response-array-100kb,puma-response-time-wrk,puma/benchmarks/local/response_time_wrk,https://github.com/puma/puma/blob/main/benchmarks/local/response_time_wrk.rb,raptor-3r,3,raptor,3,,1000,1000,14.366,5.0,1000,1000,14.563,2.0,5,true,1000,0,69.607,40.977,41.974,42.989,3637.869,3717.927,30.691,30.691,2.7,20,20,199,same_worker,32,718346
yjit-on/puma-response-chunk-100kb/raptor-3r/repeat-2,yjit-on,true,puma-response-chunk-100kb,puma-response-time-wrk,puma/benchmarks/local/response_time_wrk,https://github.com/puma/puma/blob/main/benchmarks/local/response_time_wrk.rb,raptor-3r,3,raptor,3,,1000,1000,14.881,5.0,1000,1000,14.978,2.0,5,true,1000,0,67.199,40.975,41.973,42.491,3622.754,3636.896,30.711,30.711,2.855,20,20,207,same_worker,33,715017
yjit-on/puma-response-string-100kb/raptor-3r/repeat-2,yjit-on,true,puma-response-string-100kb,puma-response-time-wrk,puma/benchmarks/local/response_time_wrk,https://github.com/puma/puma/blob/main/benchmarks/local/response_time_wrk.rb,raptor-3r,3,raptor,3,,12702,1000,5.002,5.0,1000,5382,2.002,2.0,5,true,12702,0,2539.302,1.105,1.895,12.794,112.613,123.061,31.031,31.031,4.11,20,20,67,same_worker,462,9133894
yjit-on/puma-response-io-100kb/raptor-3r/repeat-2,yjit-on,true,puma-response-io-100kb,puma-response-time-wrk,puma/benchmarks/local/response_time_wrk,https://github.com/puma/puma/blob/main/benchmarks/local/response_time_wrk.rb,raptor-3r,3,raptor,3,,1000,1000,14.756,5.0,1000,1000,14.324,2.0,5,true,1000,0,67.769,40.985,41.993,42.978,3500.558,3847.645,35.074,35.074,4.8,20,20,205,same_worker,54,925243
yjit-on/puma-response-array-256kb/raptor-3r/repeat-2,yjit-on,true,puma-response-array-256kb,puma-response-time-wrk,puma/benchmarks/local/response_time_wrk,https://github.com/puma/puma/blob/main/benchmarks/local/response_time_wrk.rb,raptor-3r,3,raptor,3,,1000,1000,14.695,5.0,1000,1000,15.17,2.0,5,true,1000,0,68.05,41.949,42.93,44.907,3795.378,3883.576,35.074,35.074,4.945,20,20,204,same_worker,40,719249
yjit-on/puma-response-chunk-256kb/raptor-3r/repeat-2,yjit-on,true,puma-response-chunk-256kb,puma-response-time-wrk,puma/benchmarks/local/response_time_wrk,https://github.com/puma/puma/blob/main/benchmarks/local/response_time_wrk.rb,raptor-3r,3,raptor,3,,1000,1000,14.951,5.0,1000,1000,15.041,2.0,5,true,1000,0,66.885,41.947,42.919,43.841,3640.071,3720.376,35.074,35.074,5.085,20,20,208,same_worker,40,716249
yjit-on/puma-response-string-256kb/raptor-3r/repeat-2,yjit-on,true,puma-response-string-256kb,puma-response-time-wrk,puma/benchmarks/local/response_time_wrk,https://github.com/puma/puma/blob/main/benchmarks/local/response_time_wrk.rb,raptor-3r,3,raptor,3,,9786,1000,5.002,5.0,1000,3865,2.002,2.0,5,true,9786,0,1956.475,1.352,2.314,39.244,156.905,175.217,35.73,35.73,5.865,20,20,66,same_worker,332,7035752
yjit-on/puma-response-io-256kb/raptor-3r/repeat-2,yjit-on,true,puma-response-io-256kb,puma-response-time-wrk,puma/benchmarks/local/response_time_wrk,https://github.com/puma/puma/blob/main/benchmarks/local/response_time_wrk.rb,raptor-3r,3,raptor,3,,1000,1000,15.547,5.0,1000,1000,15.661,2.0,5,true,1000,0,64.319,41.967,42.942,45.292,3919.078,3932.735,42.215,42.215,6.38,20,20,217,same_worker,58,1235879
yjit-on/puma-response-array-512kb/raptor-3r/repeat-2,yjit-on,true,puma-response-array-512kb,puma-response-time-wrk,puma/benchmarks/local/response_time_wrk,https://github.com/puma/puma/blob/main/benchmarks/local/response_time_wrk.rb,raptor-3r,3,raptor,3,,1000,1000,15.843,5.0,1000,1000,15.86,2.0,5,true,1000,0,63.12,41.979,42.994,44.036,4017.254,4030.407,42.215,42.215,6.575,20,20,221,same_worker,31,719249
yjit-on/puma-response-chunk-512kb/raptor-3r/repeat-2,yjit-on,true,puma-response-chunk-512kb,puma-response-time-wrk,puma/benchmarks/local/response_time_wrk,https://github.com/puma/puma/blob/main/benchmarks/local/response_time_wrk.rb,raptor-3r,3,raptor,3,,1000,1000,15.576,5.0,1000,1000,15.941,2.0,5,true,1000,0,64.2,41.989,43.142,44.327,3815.405,3858.277,42.215,42.215,6.84,20,20,217,same_worker,31,715143
yjit-on/puma-response-string-512kb/raptor-3r/repeat-2,yjit-on,true,puma-response-string-512kb,puma-response-time-wrk,puma/benchmarks/local/response_time_wrk,https://github.com/puma/puma/blob/main/benchmarks/local/response_time_wrk.rb,raptor-3r,3,raptor,3,,6813,1000,5.003,5.0,1000,2901,2.003,2.0,5,true,6813,0,1361.834,1.873,3.354,44.64,212.09,260.5,43.125,43.125,7.325,20,20,64,same_worker,229,4899453
yjit-on/puma-response-io-512kb/raptor-3r/repeat-2,yjit-on,true,puma-response-io-512kb,puma-response-time-wrk,puma/benchmarks/local/response_time_wrk,https://github.com/puma/puma/blob/main/benchmarks/local/response_time_wrk.rb,raptor-3r,3,raptor,3,,1000,1000,15.178,5.0,1000,1000,15.868,2.0,5,true,1000,0,65.886,42.952,44.039,45.32,3722.339,3726.659,45.066,45.059,7.855,20,20,210,same_worker,102,1748410
yjit-on/puma-response-array-1024kb/raptor-3r/repeat-2,yjit-on,true,puma-response-array-1024kb,puma-response-time-wrk,puma/benchmarks/local/response_time_wrk,https://github.com/puma/puma/blob/main/benchmarks/local/response_time_wrk.rb,raptor-3r,3,raptor,3,,1000,1000,15.101,5.0,1000,1000,15.878,2.0,5,true,1000,0,66.22,43.897,44.978,52.792,3767.493,3816.205,43.16,43.16,8.445,20,20,209,same_worker,36,718239
yjit-on/puma-response-chunk-1024kb/raptor-3r/repeat-2,yjit-on,true,puma-response-chunk-1024kb,puma-response-time-wrk,puma/benchmarks/local/response_time_wrk,https://github.com/puma/puma/blob/main/benchmarks/local/response_time_wrk.rb,raptor-3r,3,raptor,3,,1000,1000,14.138,5.0,1000,1000,15.77,2.0,5,true,1000,0,70.734,43.932,45.395,48.507,3654.05,3654.968,43.16,43.16,9.06,20,20,195,same_worker,36,717905
yjit-on/puma-response-string-1024kb/raptor-3r/repeat-2,yjit-on,true,puma-response-string-1024kb,puma-response-time-wrk,puma/benchmarks/local/response_time_wrk,https://github.com/puma/puma/blob/main/benchmarks/local/response_time_wrk.rb,raptor-3r,3,raptor,3,,4572,1000,5.004,5.0,1000,1804,2.004,2.0,5,true,4572,0,913.652,2.87,5.156,23.563,334.037,349.5,46.266,46.266,9.465,20,20,63,same_worker,173,3286736
yjit-on/puma-response-io-1024kb/raptor-3r/repeat-2,yjit-on,true,puma-response-io-1024kb,puma-response-time-wrk,puma/benchmarks/local/response_time_wrk,https://github.com/puma/puma/blob/main/benchmarks/local/response_time_wrk.rb,raptor-3r,3,raptor,3,,1000,1000,16.291,5.0,1000,1000,16.679,2.0,5,true,1000,0,61.385,44.817,46.264,50.576,3998.909,4005.069,54.113,54.113,10.245,20,20,225,same_worker,143,2772603
yjit-on/puma-response-array-2048kb/raptor-3r/repeat-2,yjit-on,true,puma-response-array-2048kb,puma-response-time-wrk,puma/benchmarks/local/response_time_wrk,https://github.com/puma/puma/blob/main/benchmarks/local/response_time_wrk.rb,raptor-3r,3,raptor,3,,1000,1000,16.615,5.0,1000,1000,17.013,2.0,5,true,1000,0,60.185,46.008,48.08,57.828,4084.008,4212.177,54.113,54.113,11.305,20,20,228,same_worker,30,719021
yjit-on/puma-response-chunk-2048kb/raptor-3r/repeat-2,yjit-on,true,puma-response-chunk-2048kb,puma-response-time-wrk,puma/benchmarks/local/response_time_wrk,https://github.com/puma/puma/blob/main/benchmarks/local/response_time_wrk.rb,raptor-3r,3,raptor,3,,1000,1000,16.803,5.0,1000,1000,17.353,2.0,5,true,1000,0,59.515,45.995,48.223,49.917,4205.074,4295.555,54.113,54.113,12.39,20,20,231,same_worker,30,714587
yjit-on/puma-response-string-2048kb/raptor-3r/repeat-2,yjit-on,true,puma-response-string-2048kb,puma-response-time-wrk,puma/benchmarks/local/response_time_wrk,https://github.com/puma/puma/blob/main/benchmarks/local/response_time_wrk.rb,raptor-3r,3,raptor,3,,2912,1000,5.007,5.0,1000,1211,2.007,2.0,5,true,2912,0,581.585,4.965,6.96,18.604,520.424,563.337,60.125,60.125,12.75,20,20,60,same_worker,89,2094126
yjit-on/puma-response-io-2048kb/raptor-3r/repeat-2,yjit-on,true,puma-response-io-2048kb,puma-response-time-wrk,puma/benchmarks/local/response_time_wrk,https://github.com/puma/puma/blob/main/benchmarks/local/response_time_wrk.rb,raptor-3r,3,raptor,3,,1000,1000,17.5,5.0,1000,1000,18.145,2.0,5,true,1000,0,57.142,48.638,51.713,60.218,4346.721,4404.886,64.172,64.172,14.02,20,20,240,same_worker,292,4820388
yjit-on/puma-long-tail-fib-200ms-x6p0/raptor-3r/repeat-2,yjit-on,true,puma-long-tail-fib-200ms-x6p0,puma-long-tail-hey,puma/benchmarks/local/long_tail_hey + test/rackup/sleep_fibonacci,https://github.com/puma/puma/blob/main/benchmarks/local/long_tail_hey.rb,raptor-3r,3,raptor,3,,363,360,29.01,5.0,360,360,28.784,2.0,18,true,363,0,12.513,241.816,242.809,19608.487,24403.299,24403.55,64.59,64.59,22.855,20,20,392,same_worker,2,62744
yjit-on/puma-long-tail-fib-200ms-x4p0/raptor-3r/repeat-2,yjit-on,true,puma-long-tail-fib-200ms-x4p0,puma-long-tail-hey,puma/benchmarks/local/long_tail_hey + test/rackup/sleep_fibonacci,https://github.com/puma/puma/blob/main/benchmarks/local/long_tail_hey.rb,raptor-3r,3,raptor,3,,243,240,19.427,5.0,240,240,19.177,2.0,12,true,243,0,12.509,241.849,242.783,12810.162,14824.898,14825.297,64.609,64.609,30.57,20,20,263,same_worker,1,42194
yjit-on/puma-long-tail-fib-200ms-x3p0/raptor-3r/repeat-2,yjit-on,true,puma-long-tail-fib-200ms-x3p0,puma-long-tail-hey,puma/benchmarks/local/long_tail_hey + test/rackup/sleep_fibonacci,https://github.com/puma/puma/blob/main/benchmarks/local/long_tail_hey.rb,raptor-3r,3,raptor,3,,183,180,14.626,5.0,180,180,14.391,2.0,9,true,183,0,12.512,241.783,242.721,10028.747,10029.015,10029.044,64.629,64.629,35.69,20,20,198,same_worker,1,30429
yjit-on/puma-long-tail-fib-200ms-x2p0/raptor-3r/repeat-2,yjit-on,true,puma-long-tail-fib-200ms-x2p0,puma-long-tail-hey,puma/benchmarks/local/long_tail_hey + test/rackup/sleep_fibonacci,https://github.com/puma/puma/blob/main/benchmarks/local/long_tail_hey.rb,raptor-3r,3,raptor,3,,123,120,9.836,5.0,120,120,9.594,2.0,6,true,123,0,12.505,241.832,242.773,5235.603,5236.856,5237.011,64.633,64.633,39.01,20,20,134,same_worker,1,22901
yjit-on/puma-long-tail-fib-200ms-x1p5/raptor-3r/repeat-2,yjit-on,true,puma-long-tail-fib-200ms-x1p5,puma-long-tail-hey,puma/benchmarks/local/long_tail_hey + test/rackup/sleep_fibonacci,https://github.com/puma/puma/blob/main/benchmarks/local/long_tail_hey.rb,raptor-3r,3,raptor,3,,103,100,9.831,5.0,100,100,9.592,2.0,5,true,103,0,10.477,241.851,242.584,5132.876,5232.768,5232.781,64.633,64.633,41.48,20,20,135,same_worker,1,18900
yjit-on/puma-long-tail-fib-200ms-x1p0/raptor-3r/repeat-2,yjit-on,true,puma-long-tail-fib-200ms-x1p0,puma-long-tail-hey,puma/benchmarks/local/long_tail_hey + test/rackup/sleep_fibonacci,https://github.com/puma/puma/blob/main/benchmarks/local/long_tail_hey.rb,raptor-3r,3,raptor,3,,63,60,5.036,5.0,60,60,4.797,2.0,3,true,63,0,12.51,241.674,242.368,242.448,242.452,242.453,64.633,64.633,43.0,20,20,69,same_worker,1,11914
yjit-on/puma-long-tail-fib-200ms-x0p5/raptor-3r/repeat-2,yjit-on,true,puma-long-tail-fib-200ms-x0p5,puma-long-tail-hey,puma/benchmarks/local/long_tail_hey + test/rackup/sleep_fibonacci,https://github.com/puma/puma/blob/main/benchmarks/local/long_tail_hey.rb,raptor-3r,3,raptor,3,,42,40,5.039,5.0,40,40,4.799,2.0,2,true,42,0,8.335,241.897,242.345,242.827,242.854,242.857,64.633,64.633,43.935,20,20,70,same_worker,0,8453
yjit-on/puma-sleep-fibonacci-1ms/raptor-3r/repeat-2,yjit-on,true,puma-sleep-fibonacci-1ms,puma-sleep-fibonacci-test,puma/benchmarks/local/sleep_fibonacci_test + test/rackup/sleep_fibonacci,https://github.com/puma/puma/blob/main/benchmarks/local/sleep_fibonacci_test.rb,raptor-3r,3,raptor,3,,122,10,5.011,5.0,10,49,2.019,2.0,1,true,122,0,24.348,41.962,42.884,42.978,42.999,43.002,64.66,64.66,43.925,20,20,71,same_worker,1,20837
yjit-on/puma-sleep-fibonacci-5ms/raptor-3r/repeat-2,yjit-on,true,puma-sleep-fibonacci-5ms,puma-sleep-fibonacci-test,puma/benchmarks/local/sleep_fibonacci_test + test/rackup/sleep_fibonacci,https://github.com/puma/puma/blob/main/benchmarks/local/sleep_fibonacci_test.rb,raptor-3r,3,raptor,3,,112,10,5.03,5.0,10,45,2.029,2.0,1,true,112,0,22.267,45.946,46.462,46.952,46.976,46.979,64.676,64.676,43.66,20,20,71,same_worker,1,19563
yjit-on/puma-sleep-fibonacci-10ms/raptor-3r/repeat-2,yjit-on,true,puma-sleep-fibonacci-10ms,puma-sleep-fibonacci-test,puma/benchmarks/local/sleep_fibonacci_test + test/rackup/sleep_fibonacci,https://github.com/puma/puma/blob/main/benchmarks/local/sleep_fibonacci_test.rb,raptor-3r,3,raptor,3,,99,10,5.027,5.0,10,40,2.011,2.0,1,true,99,0,19.694,50.964,51.969,52.015,52.098,52.108,64.676,64.676,43.45,20,20,71,same_worker,1,17274
yjit-on/puma-sleep-fibonacci-50ms/raptor-3r/repeat-2,yjit-on,true,puma-sleep-fibonacci-50ms,puma-sleep-fibonacci-test,puma/benchmarks/local/sleep_fibonacci_test + test/rackup/sleep_fibonacci,https://github.com/puma/puma/blob/main/benchmarks/local/sleep_fibonacci_test.rb,raptor-3r,3,raptor,3,,56,10,5.073,5.0,10,23,2.074,2.0,1,true,56,0,11.039,90.989,91.979,92.018,92.027,92.028,64.691,64.691,43.4,20,20,71,same_worker,1,11715
yjit-on/puma-sleep-fibonacci-100ms/raptor-3r/repeat-2,yjit-on,true,puma-sleep-fibonacci-100ms,puma-sleep-fibonacci-test,puma/benchmarks/local/sleep_fibonacci_test + test/rackup/sleep_fibonacci,https://github.com/puma/puma/blob/main/benchmarks/local/sleep_fibonacci_test.rb,raptor-3r,3,raptor,3,,36,10,5.071,5.0,10,15,2.087,2.0,1,true,36,0,7.099,141.96,142.099,142.269,142.281,142.282,64.691,64.691,43.4,20,20,71,same_worker,0,4219
yjit-on/puma-sleep-fibonacci-200ms/raptor-3r/repeat-2,yjit-on,true,puma-sleep-fibonacci-200ms,puma-sleep-fibonacci-test,puma/benchmarks/local/sleep_fibonacci_test + test/rackup/sleep_fibonacci,https://github.com/puma/puma/blob/main/benchmarks/local/sleep_fibonacci_test.rb,raptor-3r,3,raptor,3,,21,10,5.034,5.0,10,10,2.376,2.0,1,true,21,0,4.172,241.36,242.596,242.764,242.802,242.806,64.691,64.691,43.5,20,20,71,same_worker,0,3888
yjit-on/puma-response-array-1kb/raptor-3r/repeat-3,yjit-on,true,puma-response-array-1kb,puma-response-time-wrk,puma/benchmarks/local/response_time_wrk,https://github.com/puma/puma/blob/main/benchmarks/local/response_time_wrk.rb,raptor-3r,3,raptor,3,,1000,1000,16.127,5.0,1000,1000,16.144,2.0,5,true,1000,0,62.006,40.984,41.972,42.229,4031.359,4032.902,29.43,29.43,3.775,20,20,224,same_worker,30,717990
yjit-on/puma-response-chunk-1kb/raptor-3r/repeat-3,yjit-on,true,puma-response-chunk-1kb,puma-response-time-wrk,puma/benchmarks/local/response_time_wrk,https://github.com/puma/puma/blob/main/benchmarks/local/response_time_wrk.rb,raptor-3r,3,raptor,3,,1000,1000,16.131,5.0,1000,1000,16.111,2.0,5,true,1000,0,61.991,40.984,41.969,42.198,4033.089,4034.715,29.605,29.605,2.97,20,20,224,same_worker,29,714611
yjit-on/puma-response-string-1kb/raptor-3r/repeat-3,yjit-on,true,puma-response-string-1kb,puma-response-time-wrk,puma/benchmarks/local/response_time_wrk,https://github.com/puma/puma/blob/main/benchmarks/local/response_time_wrk.rb,raptor-3r,3,raptor,3,,1000,1000,16.126,5.0,1000,1000,16.105,2.0,5,true,1000,0,62.011,40.987,41.98,42.358,4036.889,4037.506,29.641,29.641,2.785,20,20,224,same_worker,29,719249
yjit-on/puma-response-io-1kb/raptor-3r/repeat-3,yjit-on,true,puma-response-io-1kb,puma-response-time-wrk,puma/benchmarks/local/response_time_wrk,https://github.com/puma/puma/blob/main/benchmarks/local/response_time_wrk.rb,raptor-3r,3,raptor,3,,1000,1000,16.134,5.0,1000,1000,16.129,2.0,5,true,1000,0,61.982,40.985,41.988,42.364,4035.007,4037.111,29.855,29.855,2.7,20,20,224,same_worker,30,725932
yjit-on/puma-response-array-10kb/raptor-3r/repeat-3,yjit-on,true,puma-response-array-10kb,puma-response-time-wrk,puma/benchmarks/local/response_time_wrk,https://github.com/puma/puma/blob/main/benchmarks/local/response_time_wrk.rb,raptor-3r,3,raptor,3,,1000,1000,16.125,5.0,1000,1000,16.097,2.0,5,true,1000,0,62.015,40.982,41.978,42.418,4035.919,4077.382,29.949,29.949,2.695,20,20,224,same_worker,30,718676
yjit-on/puma-response-chunk-10kb/raptor-3r/repeat-3,yjit-on,true,puma-response-chunk-10kb,puma-response-time-wrk,puma/benchmarks/local/response_time_wrk,https://github.com/puma/puma/blob/main/benchmarks/local/response_time_wrk.rb,raptor-3r,3,raptor,3,,1000,1000,16.141,5.0,1000,1000,16.13,2.0,5,true,1000,0,61.953,40.992,41.984,42.484,4037.35,4042.176,29.961,29.961,2.67,20,20,224,same_worker,31,714793
yjit-on/puma-response-string-10kb/raptor-3r/repeat-3,yjit-on,true,puma-response-string-10kb,puma-response-time-wrk,puma/benchmarks/local/response_time_wrk,https://github.com/puma/puma/blob/main/benchmarks/local/response_time_wrk.rb,raptor-3r,3,raptor,3,,1000,1000,16.121,5.0,1000,1000,16.117,2.0,5,true,1000,0,62.032,40.976,41.965,42.269,4033.691,4035.214,29.996,29.996,2.6,20,20,223,same_worker,31,718198
yjit-on/puma-response-io-10kb/raptor-3r/repeat-3,yjit-on,true,puma-response-io-10kb,puma-response-time-wrk,puma/benchmarks/local/response_time_wrk,https://github.com/puma/puma/blob/main/benchmarks/local/response_time_wrk.rb,raptor-3r,3,raptor,3,,1000,1000,16.152,5.0,1000,1000,16.137,2.0,5,true,1000,0,61.91,40.998,42.021,42.728,4045.171,4046.98,30.531,30.531,2.675,20,20,224,same_worker,33,743955
yjit-on/puma-response-array-100kb/raptor-3r/repeat-3,yjit-on,true,puma-response-array-100kb,puma-response-time-wrk,puma/benchmarks/local/response_time_wrk,https://github.com/puma/puma/blob/main/benchmarks/local/response_time_wrk.rb,raptor-3r,3,raptor,3,,1000,1000,13.04,5.0,1000,1000,11.458,2.0,5,true,1000,0,76.689,40.98,41.995,42.89,3484.332,3648.321,30.605,30.605,2.85,20,20,181,same_worker,32,718008
yjit-on/puma-response-chunk-100kb/raptor-3r/repeat-3,yjit-on,true,puma-response-chunk-100kb,puma-response-time-wrk,puma/benchmarks/local/response_time_wrk,https://github.com/puma/puma/blob/main/benchmarks/local/response_time_wrk.rb,raptor-3r,3,raptor,3,,1000,1000,14.662,5.0,1000,1000,11.858,2.0,5,true,1000,0,68.205,40.979,41.986,42.698,3595.52,3716.719,30.641,30.641,3.045,20,20,203,same_worker,32,715593
yjit-on/puma-response-string-100kb/raptor-3r/repeat-3,yjit-on,true,puma-response-string-100kb,puma-response-time-wrk,puma/benchmarks/local/response_time_wrk,https://github.com/puma/puma/blob/main/benchmarks/local/response_time_wrk.rb,raptor-3r,3,raptor,3,,12472,1000,5.003,5.0,1000,5212,2.002,2.0,5,true,12472,0,2492.951,1.12,1.908,9.213,118.13,126.487,30.98,30.98,4.335,20,20,67,same_worker,453,8969288
yjit-on/puma-response-io-100kb/raptor-3r/repeat-3,yjit-on,true,puma-response-io-100kb,puma-response-time-wrk,puma/benchmarks/local/response_time_wrk,https://github.com/puma/puma/blob/main/benchmarks/local/response_time_wrk.rb,raptor-3r,3,raptor,3,,1000,1000,13.71,5.0,1000,1000,12.906,2.0,5,true,1000,0,72.94,41.041,42.159,43.179,3345.341,3427.691,34.746,34.746,5.1,20,20,190,same_worker,53,926952
yjit-on/puma-response-array-256kb/raptor-3r/repeat-3,yjit-on,true,puma-response-array-256kb,puma-response-time-wrk,puma/benchmarks/local/response_time_wrk,https://github.com/puma/puma/blob/main/benchmarks/local/response_time_wrk.rb,raptor-3r,3,raptor,3,,1000,1000,14.66,5.0,1000,1000,14.087,2.0,5,true,1000,0,68.212,41.929,42.911,44.228,3790.203,3792.063,34.746,34.746,5.255,20,20,203,same_worker,40,719249
yjit-on/puma-response-chunk-256kb/raptor-3r/repeat-3,yjit-on,true,puma-response-chunk-256kb,puma-response-time-wrk,puma/benchmarks/local/response_time_wrk,https://github.com/puma/puma/blob/main/benchmarks/local/response_time_wrk.rb,raptor-3r,3,raptor,3,,1000,1000,14.444,5.0,1000,1000,14.346,2.0,5,true,1000,0,69.231,41.941,42.938,43.93,3750.365,3809.785,34.746,34.746,5.41,20,20,200,same_worker,40,715727
yjit-on/puma-response-string-256kb/raptor-3r/repeat-3,yjit-on,true,puma-response-string-256kb,puma-response-time-wrk,puma/benchmarks/local/response_time_wrk,https://github.com/puma/puma/blob/main/benchmarks/local/response_time_wrk.rb,raptor-3r,3,raptor,3,,9160,1000,5.002,5.0,1000,3820,2.033,2.0,5,true,9160,0,1831.22,1.423,2.498,42.685,159.904,207.115,35.012,35.012,6.21,20,20,66,same_worker,308,6586062
yjit-on/puma-response-io-256kb/raptor-3r/repeat-3,yjit-on,true,puma-response-io-256kb,puma-response-time-wrk,puma/benchmarks/local/response_time_wrk,https://github.com/puma/puma/blob/main/benchmarks/local/response_time_wrk.rb,raptor-3r,3,raptor,3,,1000,1000,14.803,5.0,1000,1000,14.794,2.0,5,true,1000,0,67.554,41.954,42.962,43.949,3796.872,3819.493,39.766,39.75,6.76,20,20,205,same_worker,58,1236181
yjit-on/puma-response-array-512kb/raptor-3r/repeat-3,yjit-on,true,puma-response-array-512kb,puma-response-time-wrk,puma/benchmarks/local/response_time_wrk,https://github.com/puma/puma/blob/main/benchmarks/local/response_time_wrk.rb,raptor-3r,3,raptor,3,,1000,1000,14.883,5.0,1000,1000,14.368,2.0,5,true,1000,0,67.191,42.046,43.316,44.382,3702.642,3705.57,39.75,39.75,7.045,20,20,206,same_worker,32,718334
yjit-on/puma-response-chunk-512kb/raptor-3r/repeat-3,yjit-on,true,puma-response-chunk-512kb,puma-response-time-wrk,puma/benchmarks/local/response_time_wrk,https://github.com/puma/puma/blob/main/benchmarks/local/response_time_wrk.rb,raptor-3r,3,raptor,3,,1000,1000,15.64,5.0,1000,1000,14.621,2.0,5,true,1000,0,63.938,41.998,43.232,44.513,3880.666,3909.371,39.75,39.75,7.34,20,20,217,same_worker,31,716494
yjit-on/puma-response-string-512kb/raptor-3r/repeat-3,yjit-on,true,puma-response-string-512kb,puma-response-time-wrk,puma/benchmarks/local/response_time_wrk,https://github.com/puma/puma/blob/main/benchmarks/local/response_time_wrk.rb,raptor-3r,3,raptor,3,,6426,1000,5.003,5.0,1000,2853,2.003,2.0,5,true,6426,0,1284.345,1.938,3.434,93.553,212.392,312.134,40.484,40.484,7.83,20,20,64,same_worker,216,4620333
yjit-on/puma-response-io-512kb/raptor-3r/repeat-3,yjit-on,true,puma-response-io-512kb,puma-response-time-wrk,puma/benchmarks/local/response_time_wrk,https://github.com/puma/puma/blob/main/benchmarks/local/response_time_wrk.rb,raptor-3r,3,raptor,3,,1000,1000,15.54,5.0,1000,1000,15.793,2.0,5,true,1000,0,64.35,42.952,43.998,44.953,3746.095,3828.245,45.449,45.449,8.37,20,20,215,same_worker,101,1748778
yjit-on/puma-response-array-1024kb/raptor-3r/repeat-3,yjit-on,true,puma-response-array-1024kb,puma-response-time-wrk,puma/benchmarks/local/response_time_wrk,https://github.com/puma/puma/blob/main/benchmarks/local/response_time_wrk.rb,raptor-3r,3,raptor,3,,1000,1000,15.532,5.0,1000,1000,15.662,2.0,5,true,1000,0,64.382,43.925,45.072,47.306,3815.823,3860.2,43.48,43.48,8.97,20,20,214,same_worker,36,717760
yjit-on/puma-response-chunk-1024kb/raptor-3r/repeat-3,yjit-on,true,puma-response-chunk-1024kb,puma-response-time-wrk,puma/benchmarks/local/response_time_wrk,https://github.com/puma/puma/blob/main/benchmarks/local/response_time_wrk.rb,raptor-3r,3,raptor,3,,1000,1000,15.291,5.0,1000,1000,16.02,2.0,5,true,1000,0,65.397,43.943,45.241,46.499,3796.213,3872.792,43.48,43.48,9.565,20,20,211,same_worker,36,716349
yjit-on/puma-response-string-1024kb/raptor-3r/repeat-3,yjit-on,true,puma-response-string-1024kb,puma-response-time-wrk,puma/benchmarks/local/response_time_wrk,https://github.com/puma/puma/blob/main/benchmarks/local/response_time_wrk.rb,raptor-3r,3,raptor,3,,4476,1000,5.005,5.0,1000,1914,2.005,2.0,5,true,4476,0,894.379,2.903,5.459,25.661,339.192,381.833,47.98,47.98,9.97,20,20,62,same_worker,169,3218039
yjit-on/puma-response-io-1024kb/raptor-3r/repeat-3,yjit-on,true,puma-response-io-1024kb,puma-response-time-wrk,puma/benchmarks/local/response_time_wrk,https://github.com/puma/puma/blob/main/benchmarks/local/response_time_wrk.rb,raptor-3r,3,raptor,3,,1000,1000,16.394,5.0,1000,1000,16.767,2.0,5,true,1000,0,60.996,44.885,46.129,48.184,4069.868,4203.303,53.652,53.652,10.74,20,20,225,same_worker,143,2773249
yjit-on/puma-response-array-2048kb/raptor-3r/repeat-3,yjit-on,true,puma-response-array-2048kb,puma-response-time-wrk,puma/benchmarks/local/response_time_wrk,https://github.com/puma/puma/blob/main/benchmarks/local/response_time_wrk.rb,raptor-3r,3,raptor,3,,1000,1000,16.649,5.0,1000,1000,17.655,2.0,5,true,1000,0,60.065,46.13,48.444,52.89,4076.859,4150.928,53.652,53.652,11.79,20,20,228,same_worker,29,719249
yjit-on/puma-response-chunk-2048kb/raptor-3r/repeat-3,yjit-on,true,puma-response-chunk-2048kb,puma-response-time-wrk,puma/benchmarks/local/response_time_wrk,https://github.com/puma/puma/blob/main/benchmarks/local/response_time_wrk.rb,raptor-3r,3,raptor,3,,1000,1000,16.335,5.0,1000,1000,17.039,2.0,5,true,1000,0,61.22,46.886,48.529,50.227,4198.705,4207.084,53.652,53.652,12.915,20,20,223,same_worker,30,716243
yjit-on/puma-response-string-2048kb/raptor-3r/repeat-3,yjit-on,true,puma-response-string-2048kb,puma-response-time-wrk,puma/benchmarks/local/response_time_wrk,https://github.com/puma/puma/blob/main/benchmarks/local/response_time_wrk.rb,raptor-3r,3,raptor,3,,2897,1000,5.007,5.0,1000,1191,2.014,2.0,5,true,2897,0,578.621,5.063,6.765,26.659,512.48,527.312,59.664,59.664,13.315,20,20,60,same_worker,88,2080947
yjit-on/puma-response-io-2048kb/raptor-3r/repeat-3,yjit-on,true,puma-response-io-2048kb,puma-response-time-wrk,puma/benchmarks/local/response_time_wrk,https://github.com/puma/puma/blob/main/benchmarks/local/response_time_wrk.rb,raptor-3r,3,raptor,3,,1000,1000,17.747,5.0,1000,1000,18.15,2.0,5,true,1000,0,56.348,48.039,51.392,59.73,4532.65,4557.722,80.629,80.629,14.56,20,20,244,same_worker,213,4820619
yjit-on/puma-long-tail-fib-200ms-x6p0/raptor-3r/repeat-3,yjit-on,true,puma-long-tail-fib-200ms-x6p0,puma-long-tail-hey,puma/benchmarks/local/long_tail_hey + test/rackup/sleep_fibonacci,https://github.com/puma/puma/blob/main/benchmarks/local/long_tail_hey.rb,raptor-3r,3,raptor,3,,363,360,29.009,5.0,360,360,28.772,2.0,18,true,363,0,12.513,241.862,243.014,19614.879,24406.797,24407.754,81.113,81.113,23.57,20,20,394,same_worker,1,64612
yjit-on/puma-long-tail-fib-200ms-x4p0/raptor-3r/repeat-3,yjit-on,true,puma-long-tail-fib-200ms-x4p0,puma-long-tail-hey,puma/benchmarks/local/long_tail_hey + test/rackup/sleep_fibonacci,https://github.com/puma/puma/blob/main/benchmarks/local/long_tail_hey.rb,raptor-3r,3,raptor,3,,243,240,19.422,5.0,240,240,19.187,2.0,12,true,243,0,12.512,241.859,242.861,12811.008,14824.817,14824.9,81.121,81.121,31.37,20,20,264,same_worker,1,43680
yjit-on/puma-long-tail-fib-200ms-x3p0/raptor-3r/repeat-3,yjit-on,true,puma-long-tail-fib-200ms-x3p0,puma-long-tail-hey,puma/benchmarks/local/long_tail_hey + test/rackup/sleep_fibonacci,https://github.com/puma/puma/blob/main/benchmarks/local/long_tail_hey.rb,raptor-3r,3,raptor,3,,183,180,14.626,5.0,180,180,14.384,2.0,9,true,183,0,12.512,241.79,242.831,10027.712,10028.73,10028.933,81.133,81.133,36.505,20,20,199,same_worker,1,33647
yjit-on/puma-long-tail-fib-200ms-x2p0/raptor-3r/repeat-3,yjit-on,true,puma-long-tail-fib-200ms-x2p0,puma-long-tail-hey,puma/benchmarks/local/long_tail_hey + test/rackup/sleep_fibonacci,https://github.com/puma/puma/blob/main/benchmarks/local/long_tail_hey.rb,raptor-3r,3,raptor,3,,123,120,9.834,5.0,120,120,9.586,2.0,6,true,123,0,12.508,241.857,242.763,5237.765,5238.5,5238.513,81.133,81.133,39.885,20,20,134,same_worker,0,21250
yjit-on/puma-long-tail-fib-200ms-x1p5/raptor-3r/repeat-3,yjit-on,true,puma-long-tail-fib-200ms-x1p5,puma-long-tail-hey,puma/benchmarks/local/long_tail_hey + test/rackup/sleep_fibonacci,https://github.com/puma/puma/blob/main/benchmarks/local/long_tail_hey.rb,raptor-3r,3,raptor,3,,103,100,9.83,5.0,100,100,9.593,2.0,5,true,103,0,10.478,241.784,242.439,5136.1,5236.271,5236.307,81.133,81.133,42.38,20,20,135,same_worker,0,16538
yjit-on/puma-long-tail-fib-200ms-x1p0/raptor-3r/repeat-3,yjit-on,true,puma-long-tail-fib-200ms-x1p0,puma-long-tail-hey,puma/benchmarks/local/long_tail_hey + test/rackup/sleep_fibonacci,https://github.com/puma/puma/blob/main/benchmarks/local/long_tail_hey.rb,raptor-3r,3,raptor,3,,63,60,5.037,5.0,60,60,4.798,2.0,3,true,63,0,12.508,241.848,242.458,243.266,243.805,243.865,81.145,81.145,43.925,20,20,70,same_worker,1,12089
yjit-on/puma-long-tail-fib-200ms-x0p5/raptor-3r/repeat-3,yjit-on,true,puma-long-tail-fib-200ms-x0p5,puma-long-tail-hey,puma/benchmarks/local/long_tail_hey + test/rackup/sleep_fibonacci,https://github.com/puma/puma/blob/main/benchmarks/local/long_tail_hey.rb,raptor-3r,3,raptor,3,,42,40,5.034,5.0,40,40,4.794,2.0,2,true,42,0,8.343,241.475,242.26,242.63,242.83,242.852,81.145,81.145,44.845,20,20,70,same_worker,0,7074
yjit-on/puma-sleep-fibonacci-1ms/raptor-3r/repeat-3,yjit-on,true,puma-sleep-fibonacci-1ms,puma-sleep-fibonacci-test,puma/benchmarks/local/sleep_fibonacci_test + test/rackup/sleep_fibonacci,https://github.com/puma/puma/blob/main/benchmarks/local/sleep_fibonacci_test.rb,raptor-3r,3,raptor,3,,122,10,5.007,5.0,10,49,2.019,2.0,1,true,122,0,24.366,41.969,42.061,42.968,43.033,43.042,81.148,81.148,44.83,20,20,71,same_worker,1,22424
yjit-on/puma-sleep-fibonacci-5ms/raptor-3r/repeat-3,yjit-on,true,puma-sleep-fibonacci-5ms,puma-sleep-fibonacci-test,puma/benchmarks/local/sleep_fibonacci_test + test/rackup/sleep_fibonacci,https://github.com/puma/puma/blob/main/benchmarks/local/sleep_fibonacci_test.rb,raptor-3r,3,raptor,3,,112,10,5.014,5.0,10,45,2.029,2.0,1,true,112,0,22.339,45.935,46.056,46.493,46.977,47.036,81.184,81.184,44.555,20,20,71,same_worker,0,19913
yjit-on/puma-sleep-fibonacci-10ms/raptor-3r/repeat-3,yjit-on,true,puma-sleep-fibonacci-10ms,puma-sleep-fibonacci-test,puma/benchmarks/local/sleep_fibonacci_test + test/rackup/sleep_fibonacci,https://github.com/puma/puma/blob/main/benchmarks/local/sleep_fibonacci_test.rb,raptor-3r,3,raptor,3,,99,10,5.02,5.0,10,40,2.001,2.0,1,true,99,0,19.722,50.973,51.939,51.986,52.005,52.008,81.199,81.199,44.34,20,20,71,same_worker,1,16449
yjit-on/puma-sleep-fibonacci-50ms/raptor-3r/repeat-3,yjit-on,true,puma-sleep-fibonacci-50ms,puma-sleep-fibonacci-test,puma/benchmarks/local/sleep_fibonacci_test + test/rackup/sleep_fibonacci,https://github.com/puma/puma/blob/main/benchmarks/local/sleep_fibonacci_test.rb,raptor-3r,3,raptor,3,,56,10,5.075,5.0,10,23,2.056,2.0,1,true,56,0,11.035,90.985,92.004,92.672,92.913,92.94,81.211,81.211,44.24,20,20,72,same_worker,0,8315
yjit-on/puma-sleep-fibonacci-100ms/raptor-3r/repeat-3,yjit-on,true,puma-sleep-fibonacci-100ms,puma-sleep-fibonacci-test,puma/benchmarks/local/sleep_fibonacci_test + test/rackup/sleep_fibonacci,https://github.com/puma/puma/blob/main/benchmarks/local/sleep_fibonacci_test.rb,raptor-3r,3,raptor,3,,36,10,5.072,5.0,10,15,2.09,2.0,1,true,36,0,7.098,141.959,142.011,142.517,142.757,142.783,81.211,81.211,44.3,20,20,71,same_worker,0,6528
yjit-on/puma-sleep-fibonacci-200ms/raptor-3r/repeat-3,yjit-on,true,puma-sleep-fibonacci-200ms,puma-sleep-fibonacci-test,puma/benchmarks/local/sleep_fibonacci_test + test/rackup/sleep_fibonacci,https://github.com/puma/puma/blob/main/benchmarks/local/sleep_fibonacci_test.rb,raptor-3r,3,raptor,3,,21,10,5.026,5.0,10,10,2.375,2.0,1,true,21,0,4.178,240.972,241.962,241.964,241.965,241.965,81.211,81.211,44.375,20,20,71,same_worker,0,2231
yjit-on/puma-response-array-1kb/puma-1w-3t/repeat-1,yjit-on,true,puma-response-array-1kb,puma-response-time-wrk,puma/benchmarks/local/response_time_wrk,https://github.com/puma/puma/blob/main/benchmarks/local/response_time_wrk.rb,puma-1w-3t,3,puma,1,3,17602,1000,5.001,5.0,1000,6967,2.001,2.0,5,true,17602,0,3519.703,1.363,1.787,2.108,2.797,6.016,70.563,70.563,80.565,20,20,66,multiprocess_sample_only,,
yjit-on/puma-response-chunk-1kb/puma-1w-3t/repeat-1,yjit-on,true,puma-response-chunk-1kb,puma-response-time-wrk,puma/benchmarks/local/response_time_wrk,https://github.com/puma/puma/blob/main/benchmarks/local/response_time_wrk.rb,puma-1w-3t,3,puma,1,3,17088,1000,5.001,5.0,1000,7003,2.001,2.0,5,true,17088,0,3416.838,1.409,1.84,2.175,2.759,3.32,71.742,71.52,77.07,20,20,66,multiprocess_sample_only,,
yjit-on/puma-response-string-1kb/puma-1w-3t/repeat-1,yjit-on,true,puma-response-string-1kb,puma-response-time-wrk,puma/benchmarks/local/response_time_wrk,https://github.com/puma/puma/blob/main/benchmarks/local/response_time_wrk.rb,puma-1w-3t,3,puma,1,3,17609,1000,5.002,5.0,1000,7203,2.001,2.0,5,true,17609,0,3520.631,1.364,1.804,2.171,2.734,3.622,71.395,71.273,75.995,20,20,66,multiprocess_sample_only,,
yjit-on/puma-response-io-1kb/puma-1w-3t/repeat-1,yjit-on,true,puma-response-io-1kb,puma-response-time-wrk,puma/benchmarks/local/response_time_wrk,https://github.com/puma/puma/blob/main/benchmarks/local/response_time_wrk.rb,puma-1w-3t,3,puma,1,3,17304,1000,5.001,5.0,1000,7117,2.001,2.0,5,true,17304,0,3460.04,1.389,1.868,2.328,3.054,3.433,71.512,71.402,76.84,20,20,66,multiprocess_sample_only,,
yjit-on/puma-response-array-10kb/puma-1w-3t/repeat-1,yjit-on,true,puma-response-array-10kb,puma-response-time-wrk,puma/benchmarks/local/response_time_wrk,https://github.com/puma/puma/blob/main/benchmarks/local/response_time_wrk.rb,puma-1w-3t,3,puma,1,3,17362,1000,5.001,5.0,1000,7132,2.001,2.0,5,true,17362,0,3471.797,1.385,1.858,2.207,2.71,3.725,73.508,72.891,76.99,20,20,66,multiprocess_sample_only,,
yjit-on/puma-response-chunk-10kb/puma-1w-3t/repeat-1,yjit-on,true,puma-response-chunk-10kb,puma-response-time-wrk,puma/benchmarks/local/response_time_wrk,https://github.com/puma/puma/blob/main/benchmarks/local/response_time_wrk.rb,puma-1w-3t,3,puma,1,3,14929,1000,5.001,5.0,1000,6088,2.001,2.0,5,true,14929,0,2985.099,1.616,2.109,2.502,3.272,4.449,72.992,72.992,76.49,20,20,66,multiprocess_sample_only,,
yjit-on/puma-response-string-10kb/puma-1w-3t/repeat-1,yjit-on,true,puma-response-string-10kb,puma-response-time-wrk,puma/benchmarks/local/response_time_wrk,https://github.com/puma/puma/blob/main/benchmarks/local/response_time_wrk.rb,puma-1w-3t,3,puma,1,3,17220,1000,5.002,5.0,1000,7134,2.001,2.0,5,true,17220,0,3442.868,1.387,1.892,2.341,3.038,4.204,73.727,73.063,76.12,20,20,66,multiprocess_sample_only,,
yjit-on/puma-response-io-10kb/puma-1w-3t/repeat-1,yjit-on,true,puma-response-io-10kb,puma-response-time-wrk,puma/benchmarks/local/response_time_wrk,https://github.com/puma/puma/blob/main/benchmarks/local/response_time_wrk.rb,puma-1w-3t,3,puma,1,3,17152,1000,5.001,5.0,1000,7042,2.001,2.0,5,true,17152,0,3429.393,1.4,1.894,2.31,2.981,3.656,74.086,74.086,76.61,20,20,66,multiprocess_sample_only,,
yjit-on/puma-response-array-100kb/puma-1w-3t/repeat-1,yjit-on,true,puma-response-array-100kb,puma-response-time-wrk,puma/benchmarks/local/response_time_wrk,https://github.com/puma/puma/blob/main/benchmarks/local/response_time_wrk.rb,puma-1w-3t,3,puma,1,3,13938,1000,5.001,5.0,1000,5742,2.001,2.0,5,true,13938,0,2786.868,1.734,2.248,2.733,3.598,4.043,83.887,82.828,76.645,20,20,65,multiprocess_sample_only,,
yjit-on/puma-response-chunk-100kb/puma-1w-3t/repeat-1,yjit-on,true,puma-response-chunk-100kb,puma-response-time-wrk,puma/benchmarks/local/response_time_wrk,https://github.com/puma/puma/blob/main/benchmarks/local/response_time_wrk.rb,puma-1w-3t,3,puma,1,3,6814,1000,5.003,5.0,1000,2790,2.003,2.0,5,true,6814,0,1362.053,3.614,4.363,4.831,6.801,7.861,78.766,78.336,76.44,20,20,62,multiprocess_sample_only,,
yjit-on/puma-response-string-100kb/puma-1w-3t/repeat-1,yjit-on,true,puma-response-string-100kb,puma-response-time-wrk,puma/benchmarks/local/response_time_wrk,https://github.com/puma/puma/blob/main/benchmarks/local/response_time_wrk.rb,puma-1w-3t,3,puma,1,3,13837,1000,5.001,5.0,1000,5604,2.001,2.0,5,true,13837,0,2766.641,1.742,2.296,2.794,3.649,4.607,83.676,83.051,76.07,20,20,65,multiprocess_sample_only,,
yjit-on/puma-response-io-100kb/puma-1w-3t/repeat-1,yjit-on,true,puma-response-io-100kb,puma-response-time-wrk,puma/benchmarks/local/response_time_wrk,https://github.com/puma/puma/blob/main/benchmarks/local/response_time_wrk.rb,puma-1w-3t,3,puma,1,3,13593,1000,5.021,5.0,1000,5336,2.001,2.0,5,true,13593,0,2707.185,1.086,1.942,41.217,42.585,44.019,74.719,74.719,75.545,20,20,67,multiprocess_sample_only,,
yjit-on/puma-response-array-256kb/puma-1w-3t/repeat-1,yjit-on,true,puma-response-array-256kb,puma-response-time-wrk,puma/benchmarks/local/response_time_wrk,https://github.com/puma/puma/blob/main/benchmarks/local/response_time_wrk.rb,puma-1w-3t,3,puma,1,3,9774,1000,5.002,5.0,1000,4065,2.002,2.0,5,true,9774,0,1954.181,2.243,3.743,6.643,21.38,22.099,120.363,118.957,75.045,20,20,63,multiprocess_sample_only,,
yjit-on/puma-response-chunk-256kb/puma-1w-3t/repeat-1,yjit-on,true,puma-response-chunk-256kb,puma-response-time-wrk,puma/benchmarks/local/response_time_wrk,https://github.com/puma/puma/blob/main/benchmarks/local/response_time_wrk.rb,puma-1w-3t,3,puma,1,3,3639,1000,5.006,5.0,1000,1496,2.006,2.0,5,true,3639,0,726.861,6.838,8.051,8.559,13.256,14.443,85.129,85.039,74.7,20,20,57,multiprocess_sample_only,,
yjit-on/puma-response-string-256kb/puma-1w-3t/repeat-1,yjit-on,true,puma-response-string-256kb,puma-response-time-wrk,puma/benchmarks/local/response_time_wrk,https://github.com/puma/puma/blob/main/benchmarks/local/response_time_wrk.rb,puma-1w-3t,3,puma,1,3,10134,1000,5.002,5.0,1000,4216,2.001,2.0,5,true,10134,0,2026.158,2.185,3.512,5.336,21.363,23.481,82.605,82.605,73.8,20,20,63,multiprocess_sample_only,,
yjit-on/puma-response-io-256kb/puma-1w-3t/repeat-1,yjit-on,true,puma-response-io-256kb,puma-response-time-wrk,puma/benchmarks/local/response_time_wrk,https://github.com/puma/puma/blob/main/benchmarks/local/response_time_wrk.rb,puma-1w-3t,3,puma,1,3,9756,1000,5.002,5.0,1000,4018,2.002,2.0,5,true,9756,0,1950.234,2.253,3.647,5.973,21.033,21.658,82.793,82.418,72.665,20,20,63,multiprocess_sample_only,,
yjit-on/puma-response-array-512kb/puma-1w-3t/repeat-1,yjit-on,true,puma-response-array-512kb,puma-response-time-wrk,puma/benchmarks/local/response_time_wrk,https://github.com/puma/puma/blob/main/benchmarks/local/response_time_wrk.rb,puma-1w-3t,3,puma,1,3,7003,1000,5.002,5.0,1000,2859,2.002,2.0,5,true,7003,0,1399.942,3.059,5.376,22.187,24.942,26.978,138.258,136.227,72.19,20,20,61,multiprocess_sample_only,,
yjit-on/puma-response-chunk-512kb/puma-1w-3t/repeat-1,yjit-on,true,puma-response-chunk-512kb,puma-response-time-wrk,puma/benchmarks/local/response_time_wrk,https://github.com/puma/puma/blob/main/benchmarks/local/response_time_wrk.rb,puma-1w-3t,3,puma,1,3,2033,1000,5.009,5.0,1000,1000,2.377,2.0,5,true,2033,0,405.847,12.269,14.143,15.614,24.752,27.085,87.684,86.688,71.8,20,20,50,multiprocess_sample_only,,
yjit-on/puma-response-string-512kb/puma-1w-3t/repeat-1,yjit-on,true,puma-response-string-512kb,puma-response-time-wrk,puma/benchmarks/local/response_time_wrk,https://github.com/puma/puma/blob/main/benchmarks/local/response_time_wrk.rb,puma-1w-3t,3,puma,1,3,6780,1000,5.002,5.0,1000,2834,2.002,2.0,5,true,6780,0,1355.435,3.062,5.966,22.401,24.95,27.129,87.797,87.797,70.805,20,20,60,multiprocess_sample_only,,
yjit-on/puma-response-io-512kb/puma-1w-3t/repeat-1,yjit-on,true,puma-response-io-512kb,puma-response-time-wrk,puma/benchmarks/local/response_time_wrk,https://github.com/puma/puma/blob/main/benchmarks/local/response_time_wrk.rb,puma-1w-3t,3,puma,1,3,6816,1000,5.003,5.0,1000,2789,2.002,2.0,5,true,6816,0,1362.505,3.151,5.5,22.249,24.057,212.378,87.879,87.879,69.405,20,20,61,multiprocess_sample_only,,
yjit-on/puma-response-array-1024kb/puma-1w-3t/repeat-1,yjit-on,true,puma-response-array-1024kb,puma-response-time-wrk,puma/benchmarks/local/response_time_wrk,https://github.com/puma/puma/blob/main/benchmarks/local/response_time_wrk.rb,puma-1w-3t,3,puma,1,3,4287,1000,5.005,5.0,1000,1822,2.005,2.0,5,true,4287,0,856.541,5.203,7.497,27.033,28.605,29.598,145.625,109.344,68.57,20,20,57,multiprocess_sample_only,,
yjit-on/puma-response-chunk-1024kb/puma-1w-3t/repeat-1,yjit-on,true,puma-response-chunk-1024kb,puma-response-time-wrk,puma/benchmarks/local/response_time_wrk,https://github.com/puma/puma/blob/main/benchmarks/local/response_time_wrk.rb,puma-1w-3t,3,puma,1,3,1107,1000,5.018,5.0,1000,1000,4.472,2.0,5,true,1107,0,220.614,22.496,26.037,28.512,31.778,40.517,91.801,91.801,68.4,20,20,41,multiprocess_sample_only,,
yjit-on/puma-response-string-1024kb/puma-1w-3t/repeat-1,yjit-on,true,puma-response-string-1024kb,puma-response-time-wrk,puma/benchmarks/local/response_time_wrk,https://github.com/puma/puma/blob/main/benchmarks/local/response_time_wrk.rb,puma-1w-3t,3,puma,1,3,4427,1000,5.021,5.0,1000,1849,2.004,2.0,5,true,4427,0,881.676,4.934,8.229,27.107,30.358,32.996,93.223,93.223,67.44,20,20,58,multiprocess_sample_only,,
yjit-on/puma-response-io-1024kb/puma-1w-3t/repeat-1,yjit-on,true,puma-response-io-1024kb,puma-response-time-wrk,puma/benchmarks/local/response_time_wrk,https://github.com/puma/puma/blob/main/benchmarks/local/response_time_wrk.rb,puma-1w-3t,3,puma,1,3,4644,1000,5.006,5.0,1000,1847,2.004,2.0,5,true,4644,0,927.745,4.732,7.201,25.486,27.974,216.333,93.223,93.223,65.975,20,20,59,multiprocess_sample_only,,
yjit-on/puma-response-array-2048kb/puma-1w-3t/repeat-1,yjit-on,true,puma-response-array-2048kb,puma-response-time-wrk,puma/benchmarks/local/response_time_wrk,https://github.com/puma/puma/blob/main/benchmarks/local/response_time_wrk.rb,puma-1w-3t,3,puma,1,3,2534,1000,5.009,5.0,1000,1123,2.008,2.0,5,true,2534,0,505.934,9.672,11.473,15.309,31.658,32.87,123.816,89.133,65.675,20,20,53,multiprocess_sample_only,,
yjit-on/puma-response-chunk-2048kb/puma-1w-3t/repeat-1,yjit-on,true,puma-response-chunk-2048kb,puma-response-time-wrk,puma/benchmarks/local/response_time_wrk,https://github.com/puma/puma/blob/main/benchmarks/local/response_time_wrk.rb,puma-1w-3t,3,puma,1,3,1000,1000,8.637,5.0,1000,1000,8.46,2.0,5,true,1000,0,115.778,42.743,49.487,51.822,57.698,81.766,99.418,99.105,66.205,20,20,52,multiprocess_sample_only,,
yjit-on/puma-response-string-2048kb/puma-1w-3t/repeat-1,yjit-on,true,puma-response-string-2048kb,puma-response-time-wrk,puma/benchmarks/local/response_time_wrk,https://github.com/puma/puma/blob/main/benchmarks/local/response_time_wrk.rb,puma-1w-3t,3,puma,1,3,2758,1000,5.008,5.0,1000,1206,2.01,2.0,5,true,2758,0,550.738,8.977,10.45,11.151,16.116,16.837,98.914,98.914,65.45,20,20,53,multiprocess_sample_only,,
yjit-on/puma-response-io-2048kb/puma-1w-3t/repeat-1,yjit-on,true,puma-response-io-2048kb,puma-response-time-wrk,puma/benchmarks/local/response_time_wrk,https://github.com/puma/puma/blob/main/benchmarks/local/response_time_wrk.rb,puma-1w-3t,3,puma,1,3,2824,1000,5.007,5.0,1000,1191,2.007,2.0,5,true,2824,0,564.064,8.669,10.25,12.123,18.493,19.29,98.914,98.914,64.095,20,20,54,multiprocess_sample_only,,
yjit-on/puma-long-tail-fib-200ms-x6p0/puma-1w-3t/repeat-1,yjit-on,true,puma-long-tail-fib-200ms-x6p0,puma-long-tail-hey,puma/benchmarks/local/long_tail_hey + test/rackup/sleep_fibonacci,https://github.com/puma/puma/blob/main/benchmarks/local/long_tail_hey.rb,puma-1w-3t,3,puma,1,3,360,360,51.135,5.0,360,360,51.139,2.0,18,true,360,0,7.04,2555.055,2581.008,2589.095,2597.791,2598.219,120.887,120.887,73.3,20,20,700,multiprocess_sample_only,,
yjit-on/puma-long-tail-fib-200ms-x4p0/puma-1w-3t/repeat-1,yjit-on,true,puma-long-tail-fib-200ms-x4p0,puma-long-tail-hey,puma/benchmarks/local/long_tail_hey + test/rackup/sleep_fibonacci,https://github.com/puma/puma/blob/main/benchmarks/local/long_tail_hey.rb,puma-1w-3t,3,puma,1,3,240,240,34.089,5.0,240,240,34.09,2.0,12,true,240,0,7.04,1703.119,1728.312,1734.235,1738.897,1739.598,124.504,124.504,79.085,20,20,466,multiprocess_sample_only,,
yjit-on/puma-long-tail-fib-200ms-x3p0/puma-1w-3t/repeat-1,yjit-on,true,puma-long-tail-fib-200ms-x3p0,puma-long-tail-hey,puma/benchmarks/local/long_tail_hey + test/rackup/sleep_fibonacci,https://github.com/puma/puma/blob/main/benchmarks/local/long_tail_hey.rb,puma-1w-3t,3,puma,1,3,180,180,25.564,5.0,180,180,25.562,2.0,9,true,180,0,7.041,1278.08,1299.486,1304.72,1306.253,1306.269,124.504,124.504,81.91,20,20,350,multiprocess_sample_only,,
yjit-on/puma-long-tail-fib-200ms-x2p0/puma-1w-3t/repeat-1,yjit-on,true,puma-long-tail-fib-200ms-x2p0,puma-long-tail-hey,puma/benchmarks/local/long_tail_hey + test/rackup/sleep_fibonacci,https://github.com/puma/puma/blob/main/benchmarks/local/long_tail_hey.rb,puma-1w-3t,3,puma,1,3,120,120,17.058,5.0,120,120,17.037,2.0,6,true,120,0,7.035,852.77,868.519,872.272,872.831,872.905,124.566,124.566,83.45,20,20,234,multiprocess_sample_only,,
yjit-on/puma-long-tail-fib-200ms-x1p5/puma-1w-3t/repeat-1,yjit-on,true,puma-long-tail-fib-200ms-x1p5,puma-long-tail-hey,puma/benchmarks/local/long_tail_hey + test/rackup/sleep_fibonacci,https://github.com/puma/puma/blob/main/benchmarks/local/long_tail_hey.rb,puma-1w-3t,3,puma,1,3,100,100,14.221,5.0,100,100,14.246,2.0,5,true,100,0,7.032,782.051,854.322,863.55,865.451,865.662,124.57,124.57,84.5,20,20,195,multiprocess_sample_only,,
yjit-on/puma-long-tail-fib-200ms-x1p0/puma-1w-3t/repeat-1,yjit-on,true,puma-long-tail-fib-200ms-x1p0,puma-long-tail-hey,puma/benchmarks/local/long_tail_hey + test/rackup/sleep_fibonacci,https://github.com/puma/puma/blob/main/benchmarks/local/long_tail_hey.rb,puma-1w-3t,3,puma,1,3,60,60,8.524,5.0,60,60,8.52,2.0,3,true,60,0,7.039,425.808,438.31,438.812,439.153,439.191,124.57,124.57,85.115,20,20,118,multiprocess_sample_only,,
yjit-on/puma-long-tail-fib-200ms-x0p5/puma-1w-3t/repeat-1,yjit-on,true,puma-long-tail-fib-200ms-x0p5,puma-long-tail-hey,puma/benchmarks/local/long_tail_hey + test/rackup/sleep_fibonacci,https://github.com/puma/puma/blob/main/benchmarks/local/long_tail_hey.rb,puma-1w-3t,3,puma,1,3,40,40,5.682,5.0,40,40,5.678,2.0,2,true,40,0,7.04,283.89,287.355,288.957,289.715,289.799,124.57,124.57,85.485,20,20,80,multiprocess_sample_only,,
yjit-on/puma-sleep-fibonacci-1ms/puma-1w-3t/repeat-1,yjit-on,true,puma-sleep-fibonacci-1ms,puma-sleep-fibonacci-test,puma/benchmarks/local/sleep_fibonacci_test + test/rackup/sleep_fibonacci,https://github.com/puma/puma/blob/main/benchmarks/local/sleep_fibonacci_test.rb,puma-1w-3t,3,puma,1,3,1633,10,5.002,5.0,10,647,2.002,2.0,1,true,1633,0,326.447,3.054,3.181,3.511,4.114,4.182,128.863,126.473,85.105,20,20,70,multiprocess_sample_only,,
yjit-on/puma-sleep-fibonacci-5ms/puma-1w-3t/repeat-1,yjit-on,true,puma-sleep-fibonacci-5ms,puma-sleep-fibonacci-test,puma/benchmarks/local/sleep_fibonacci_test + test/rackup/sleep_fibonacci,https://github.com/puma/puma/blob/main/benchmarks/local/sleep_fibonacci_test.rb,puma-1w-3t,3,puma,1,3,484,10,5.01,5.0,10,192,2.01,2.0,1,true,484,0,96.607,10.436,10.529,10.684,11.409,11.544,128.285,128.285,84.48,20,20,71,multiprocess_sample_only,,
yjit-on/puma-sleep-fibonacci-10ms/puma-1w-3t/repeat-1,yjit-on,true,puma-sleep-fibonacci-10ms,puma-sleep-fibonacci-test,puma/benchmarks/local/sleep_fibonacci_test + test/rackup/sleep_fibonacci,https://github.com/puma/puma/blob/main/benchmarks/local/sleep_fibonacci_test.rb,puma-1w-3t,3,puma,1,3,363,10,5.009,5.0,10,145,2.009,2.0,1,true,363,0,72.476,13.804,13.907,14.069,14.769,14.839,129.41,129.41,84.02,20,20,71,multiprocess_sample_only,,
yjit-on/puma-sleep-fibonacci-50ms/puma-1w-3t/repeat-1,yjit-on,true,puma-sleep-fibonacci-50ms,puma-sleep-fibonacci-test,puma/benchmarks/local/sleep_fibonacci_test + test/rackup/sleep_fibonacci,https://github.com/puma/puma/blob/main/benchmarks/local/sleep_fibonacci_test.rb,puma-1w-3t,3,puma,1,3,100,10,5.048,5.0,10,40,2.018,2.0,1,true,100,0,19.808,50.42,50.619,50.922,51.028,51.039,129.41,129.41,83.775,20,20,71,multiprocess_sample_only,,
yjit-on/puma-sleep-fibonacci-100ms/puma-1w-3t/repeat-1,yjit-on,true,puma-sleep-fibonacci-100ms,puma-sleep-fibonacci-test,puma/benchmarks/local/sleep_fibonacci_test + test/rackup/sleep_fibonacci,https://github.com/puma/puma/blob/main/benchmarks/local/sleep_fibonacci_test.rb,puma-1w-3t,3,puma,1,3,50,10,5.029,5.0,10,20,2.013,2.0,1,true,50,0,9.942,100.513,100.588,100.755,100.892,100.907,129.41,129.41,83.615,20,20,71,multiprocess_sample_only,,
yjit-on/puma-sleep-fibonacci-200ms/puma-1w-3t/repeat-1,yjit-on,true,puma-sleep-fibonacci-200ms,puma-sleep-fibonacci-test,puma/benchmarks/local/sleep_fibonacci_test + test/rackup/sleep_fibonacci,https://github.com/puma/puma/blob/main/benchmarks/local/sleep_fibonacci_test.rb,puma-1w-3t,3,puma,1,3,25,10,5.016,5.0,10,10,2.008,2.0,1,true,25,0,4.984,200.547,200.645,200.792,200.831,200.836,129.41,129.41,83.445,20,20,71,multiprocess_sample_only,,
yjit-on/puma-response-array-1kb/puma-1w-3t/repeat-2,yjit-on,true,puma-response-array-1kb,puma-response-time-wrk,puma/benchmarks/local/response_time_wrk,https://github.com/puma/puma/blob/main/benchmarks/local/response_time_wrk.rb,puma-1w-3t,3,puma,1,3,17597,1000,5.001,5.0,1000,6972,2.001,2.0,5,true,17597,0,3518.51,1.364,1.804,2.15,2.744,6.826,68.723,68.723,80.33,20,20,66,multiprocess_sample_only,,
yjit-on/puma-response-chunk-1kb/puma-1w-3t/repeat-2,yjit-on,true,puma-response-chunk-1kb,puma-response-time-wrk,puma/benchmarks/local/response_time_wrk,https://github.com/puma/puma/blob/main/benchmarks/local/response_time_wrk.rb,puma-1w-3t,3,puma,1,3,17038,1000,5.001,5.0,1000,6999,2.001,2.0,5,true,17038,0,3406.834,1.413,1.857,2.224,2.855,3.658,69.023,69.023,76.49,20,20,66,multiprocess_sample_only,,
yjit-on/puma-response-string-1kb/puma-1w-3t/repeat-2,yjit-on,true,puma-response-string-1kb,puma-response-time-wrk,puma/benchmarks/local/response_time_wrk,https://github.com/puma/puma/blob/main/benchmarks/local/response_time_wrk.rb,puma-1w-3t,3,puma,1,3,17456,1000,5.001,5.0,1000,7196,2.001,2.0,5,true,17456,0,3490.623,1.376,1.825,2.179,2.696,3.857,69.141,69.141,75.67,20,20,66,multiprocess_sample_only,,
yjit-on/puma-response-io-1kb/puma-1w-3t/repeat-2,yjit-on,true,puma-response-io-1kb,puma-response-time-wrk,puma/benchmarks/local/response_time_wrk,https://github.com/puma/puma/blob/main/benchmarks/local/response_time_wrk.rb,puma-1w-3t,3,puma,1,3,17331,1000,5.001,5.0,1000,7078,2.001,2.0,5,true,17331,0,3465.274,1.386,1.855,2.295,2.914,4.896,69.426,69.426,76.73,20,20,66,multiprocess_sample_only,,
yjit-on/puma-response-array-10kb/puma-1w-3t/repeat-2,yjit-on,true,puma-response-array-10kb,puma-response-time-wrk,puma/benchmarks/local/response_time_wrk,https://github.com/puma/puma/blob/main/benchmarks/local/response_time_wrk.rb,puma-1w-3t,3,puma,1,3,17333,1000,5.001,5.0,1000,7130,2.001,2.0,5,true,17333,0,3465.991,1.385,1.84,2.218,2.818,3.167,70.82,70.82,76.92,20,20,66,multiprocess_sample_only,,
yjit-on/puma-response-chunk-10kb/puma-1w-3t/repeat-2,yjit-on,true,puma-response-chunk-10kb,puma-response-time-wrk,puma/benchmarks/local/response_time_wrk,https://github.com/puma/puma/blob/main/benchmarks/local/response_time_wrk.rb,puma-1w-3t,3,puma,1,3,14921,1000,5.001,5.0,1000,6158,2.001,2.0,5,true,14921,0,2983.399,1.614,2.106,2.483,3.231,5.077,71.043,71.043,76.47,20,20,66,multiprocess_sample_only,,
yjit-on/puma-response-string-10kb/puma-1w-3t/repeat-2,yjit-on,true,puma-response-string-10kb,puma-response-time-wrk,puma/benchmarks/local/response_time_wrk,https://github.com/puma/puma/blob/main/benchmarks/local/response_time_wrk.rb,puma-1w-3t,3,puma,1,3,17345,1000,5.001,5.0,1000,7143,2.001,2.0,5,true,17345,0,3468.413,1.383,1.838,2.221,2.867,5.985,71.367,71.367,76.08,20,20,66,multiprocess_sample_only,,
yjit-on/puma-response-io-10kb/puma-1w-3t/repeat-2,yjit-on,true,puma-response-io-10kb,puma-response-time-wrk,puma/benchmarks/local/response_time_wrk,https://github.com/puma/puma/blob/main/benchmarks/local/response_time_wrk.rb,puma-1w-3t,3,puma,1,3,17066,1000,5.001,5.0,1000,7021,2.001,2.0,5,true,17066,0,3412.321,1.411,1.879,2.32,3.075,4.18,71.973,71.973,76.535,20,20,66,multiprocess_sample_only,,
yjit-on/puma-response-array-100kb/puma-1w-3t/repeat-2,yjit-on,true,puma-response-array-100kb,puma-response-time-wrk,puma/benchmarks/local/response_time_wrk,https://github.com/puma/puma/blob/main/benchmarks/local/response_time_wrk.rb,puma-1w-3t,3,puma,1,3,13800,1000,5.001,5.0,1000,5639,2.001,2.0,5,true,13800,0,2759.19,1.762,2.221,2.55,3.421,4.384,80.359,80.008,76.37,20,20,65,multiprocess_sample_only,,
yjit-on/puma-response-chunk-100kb/puma-1w-3t/repeat-2,yjit-on,true,puma-response-chunk-100kb,puma-response-time-wrk,puma/benchmarks/local/response_time_wrk,https://github.com/puma/puma/blob/main/benchmarks/local/response_time_wrk.rb,puma-1w-3t,3,puma,1,3,6785,1000,5.003,5.0,1000,2812,2.003,2.0,5,true,6785,0,1356.203,3.63,4.373,4.839,6.511,8.458,76.375,76.055,75.97,20,20,62,multiprocess_sample_only,,
yjit-on/puma-response-string-100kb/puma-1w-3t/repeat-2,yjit-on,true,puma-response-string-100kb,puma-response-time-wrk,puma/benchmarks/local/response_time_wrk,https://github.com/puma/puma/blob/main/benchmarks/local/response_time_wrk.rb,puma-1w-3t,3,puma,1,3,13872,1000,5.001,5.0,1000,5753,2.002,2.0,5,true,13872,0,2773.709,1.747,2.207,2.526,3.492,4.621,80.309,79.293,75.485,20,20,65,multiprocess_sample_only,,
yjit-on/puma-response-io-100kb/puma-1w-3t/repeat-2,yjit-on,true,puma-response-io-100kb,puma-response-time-wrk,puma/benchmarks/local/response_time_wrk,https://github.com/puma/puma/blob/main/benchmarks/local/response_time_wrk.rb,puma-1w-3t,3,puma,1,3,13598,1000,5.002,5.0,1000,5623,2.001,2.0,5,true,13598,0,2718.455,1.648,2.131,2.956,42.145,43.422,72.559,72.559,75.1,20,20,66,multiprocess_sample_only,,
yjit-on/puma-response-array-256kb/puma-1w-3t/repeat-2,yjit-on,true,puma-response-array-256kb,puma-response-time-wrk,puma/benchmarks/local/response_time_wrk,https://github.com/puma/puma/blob/main/benchmarks/local/response_time_wrk.rb,puma-1w-3t,3,puma,1,3,9402,1000,5.003,5.0,1000,3886,2.004,2.0,5,true,9402,0,1879.366,2.281,4.131,7.347,22.78,24.012,105.883,104.906,74.41,20,20,62,multiprocess_sample_only,,
yjit-on/puma-response-chunk-256kb/puma-1w-3t/repeat-2,yjit-on,true,puma-response-chunk-256kb,puma-response-time-wrk,puma/benchmarks/local/response_time_wrk,https://github.com/puma/puma/blob/main/benchmarks/local/response_time_wrk.rb,puma-1w-3t,3,puma,1,3,3676,1000,5.005,5.0,1000,1474,2.005,2.0,5,true,3676,0,734.422,6.761,7.999,8.598,12.403,13.915,82.844,82.273,74.055,20,20,57,multiprocess_sample_only,,
yjit-on/puma-response-string-256kb/puma-1w-3t/repeat-2,yjit-on,true,puma-response-string-256kb,puma-response-time-wrk,puma/benchmarks/local/response_time_wrk,https://github.com/puma/puma/blob/main/benchmarks/local/response_time_wrk.rb,puma-1w-3t,3,puma,1,3,9641,1000,5.002,5.0,1000,3986,2.002,2.0,5,true,9641,0,1927.371,2.223,3.978,7.139,22.369,23.383,78.418,78.043,73.05,20,20,63,multiprocess_sample_only,,
yjit-on/puma-response-io-256kb/puma-1w-3t/repeat-2,yjit-on,true,puma-response-io-256kb,puma-response-time-wrk,puma/benchmarks/local/response_time_wrk,https://github.com/puma/puma/blob/main/benchmarks/local/response_time_wrk.rb,puma-1w-3t,3,puma,1,3,9661,1000,5.002,5.0,1000,3870,2.002,2.0,5,true,9661,0,1931.487,2.257,4.009,6.003,22.397,25.101,77.98,77.918,71.825,20,20,63,multiprocess_sample_only,,
yjit-on/puma-response-array-512kb/puma-1w-3t/repeat-2,yjit-on,true,puma-response-array-512kb,puma-response-time-wrk,puma/benchmarks/local/response_time_wrk,https://github.com/puma/puma/blob/main/benchmarks/local/response_time_wrk.rb,puma-1w-3t,3,puma,1,3,6814,1000,5.002,5.0,1000,2765,2.003,2.0,5,true,6814,0,1362.202,3.095,5.903,23.509,25.96,27.883,122.641,118.227,71.085,20,20,61,multiprocess_sample_only,,
yjit-on/puma-response-chunk-512kb/puma-1w-3t/repeat-2,yjit-on,true,puma-response-chunk-512kb,puma-response-time-wrk,puma/benchmarks/local/response_time_wrk,https://github.com/puma/puma/blob/main/benchmarks/local/response_time_wrk.rb,puma-1w-3t,3,puma,1,3,2060,1000,5.011,5.0,1000,1000,2.378,2.0,5,true,2060,0,411.12,12.129,14.091,15.359,22.583,24.687,85.531,85.113,70.8,20,20,50,multiprocess_sample_only,,
yjit-on/puma-response-string-512kb/puma-1w-3t/repeat-2,yjit-on,true,puma-response-string-512kb,puma-response-time-wrk,puma/benchmarks/local/response_time_wrk,https://github.com/puma/puma/blob/main/benchmarks/local/response_time_wrk.rb,puma-1w-3t,3,puma,1,3,6974,1000,5.003,5.0,1000,2772,2.013,2.0,5,true,6974,0,1393.868,3.025,5.776,23.521,25.587,29.667,84.594,84.594,69.845,20,20,62,multiprocess_sample_only,,
yjit-on/puma-response-io-512kb/puma-1w-3t/repeat-2,yjit-on,true,puma-response-io-512kb,puma-response-time-wrk,puma/benchmarks/local/response_time_wrk,https://github.com/puma/puma/blob/main/benchmarks/local/response_time_wrk.rb,puma-1w-3t,3,puma,1,3,6809,1000,5.005,5.0,1000,2695,2.002,2.0,5,true,6809,0,1360.547,3.104,5.904,23.579,25.583,26.358,84.688,84.688,68.435,20,20,61,multiprocess_sample_only,,
yjit-on/puma-response-array-1024kb/puma-1w-3t/repeat-2,yjit-on,true,puma-response-array-1024kb,puma-response-time-wrk,puma/benchmarks/local/response_time_wrk,https://github.com/puma/puma/blob/main/benchmarks/local/response_time_wrk.rb,puma-1w-3t,3,puma,1,3,4297,1000,5.004,5.0,1000,1807,2.004,2.0,5,true,4297,0,858.726,5.033,9.175,27.981,30.49,31.906,124.734,120.941,67.635,20,20,58,multiprocess_sample_only,,
yjit-on/puma-response-chunk-1024kb/puma-1w-3t/repeat-2,yjit-on,true,puma-response-chunk-1024kb,puma-response-time-wrk,puma/benchmarks/local/response_time_wrk,https://github.com/puma/puma/blob/main/benchmarks/local/response_time_wrk.rb,puma-1w-3t,3,puma,1,3,1108,1000,5.017,5.0,1000,1000,4.389,2.0,5,true,1108,0,220.84,22.406,25.932,27.097,33.682,42.333,89.879,87.395,67.5,20,20,40,multiprocess_sample_only,,
yjit-on/puma-response-string-1024kb/puma-1w-3t/repeat-2,yjit-on,true,puma-response-string-1024kb,puma-response-time-wrk,puma/benchmarks/local/response_time_wrk,https://github.com/puma/puma/blob/main/benchmarks/local/response_time_wrk.rb,puma-1w-3t,3,puma,1,3,4374,1000,5.005,5.0,1000,1763,2.004,2.0,5,true,4374,0,873.955,4.873,9.03,28.072,31.705,34.537,87.0,87.0,66.525,20,20,58,multiprocess_sample_only,,
yjit-on/puma-response-io-1024kb/puma-1w-3t/repeat-2,yjit-on,true,puma-response-io-1024kb,puma-response-time-wrk,puma/benchmarks/local/response_time_wrk,https://github.com/puma/puma/blob/main/benchmarks/local/response_time_wrk.rb,puma-1w-3t,3,puma,1,3,4399,1000,5.004,5.0,1000,1794,2.005,2.0,5,true,4399,0,879.094,4.764,9.703,28.563,31.935,35.9,87.0,87.0,65.04,20,20,57,multiprocess_sample_only,,
yjit-on/puma-response-array-2048kb/puma-1w-3t/repeat-2,yjit-on,true,puma-response-array-2048kb,puma-response-time-wrk,puma/benchmarks/local/response_time_wrk,https://github.com/puma/puma/blob/main/benchmarks/local/response_time_wrk.rb,puma-1w-3t,3,puma,1,3,2505,1000,5.009,5.0,1000,1050,2.01,2.0,5,true,2505,0,500.14,9.816,11.815,14.311,33.246,40.943,102.965,93.895,64.96,20,20,54,multiprocess_sample_only,,
yjit-on/puma-response-chunk-2048kb/puma-1w-3t/repeat-2,yjit-on,true,puma-response-chunk-2048kb,puma-response-time-wrk,puma/benchmarks/local/response_time_wrk,https://github.com/puma/puma/blob/main/benchmarks/local/response_time_wrk.rb,puma-1w-3t,3,puma,1,3,1000,1000,8.662,5.0,1000,1000,8.287,2.0,5,true,1000,0,115.45,42.651,49.888,53.331,78.486,81.074,90.813,89.43,65.5,20,20,51,multiprocess_sample_only,,
yjit-on/puma-response-string-2048kb/puma-1w-3t/repeat-2,yjit-on,true,puma-response-string-2048kb,puma-response-time-wrk,puma/benchmarks/local/response_time_wrk,https://github.com/puma/puma/blob/main/benchmarks/local/response_time_wrk.rb,puma-1w-3t,3,puma,1,3,2638,1000,5.009,5.0,1000,1029,2.009,2.0,5,true,2638,0,526.698,9.444,10.568,11.181,16.794,18.774,89.965,89.965,64.72,20,20,53,multiprocess_sample_only,,
yjit-on/puma-response-io-2048kb/puma-1w-3t/repeat-2,yjit-on,true,puma-response-io-2048kb,puma-response-time-wrk,puma/benchmarks/local/response_time_wrk,https://github.com/puma/puma/blob/main/benchmarks/local/response_time_wrk.rb,puma-1w-3t,3,puma,1,3,2680,1000,5.008,5.0,1000,1126,2.008,2.0,5,true,2680,0,535.099,9.243,10.717,11.415,15.361,18.093,89.965,89.965,63.385,20,20,53,multiprocess_sample_only,,
yjit-on/puma-long-tail-fib-200ms-x6p0/puma-1w-3t/repeat-2,yjit-on,true,puma-long-tail-fib-200ms-x6p0,puma-long-tail-hey,puma/benchmarks/local/long_tail_hey + test/rackup/sleep_fibonacci,https://github.com/puma/puma/blob/main/benchmarks/local/long_tail_hey.rb,puma-1w-3t,3,puma,1,3,360,360,51.16,5.0,360,360,51.165,2.0,18,true,360,0,7.037,2557.823,2588.57,2596.272,2602.676,2602.68,111.508,111.508,72.8,20,20,696,multiprocess_sample_only,,
yjit-on/puma-long-tail-fib-200ms-x4p0/puma-1w-3t/repeat-2,yjit-on,true,puma-long-tail-fib-200ms-x4p0,puma-long-tail-hey,puma/benchmarks/local/long_tail_hey + test/rackup/sleep_fibonacci,https://github.com/puma/puma/blob/main/benchmarks/local/long_tail_hey.rb,puma-1w-3t,3,puma,1,3,240,240,34.112,5.0,240,240,34.1,2.0,12,true,240,0,7.036,1703.473,1732.012,1738.396,1745.371,1746.682,113.32,113.32,78.69,20,20,464,multiprocess_sample_only,,
yjit-on/puma-long-tail-fib-200ms-x3p0/puma-1w-3t/repeat-2,yjit-on,true,puma-long-tail-fib-200ms-x3p0,puma-long-tail-hey,puma/benchmarks/local/long_tail_hey + test/rackup/sleep_fibonacci,https://github.com/puma/puma/blob/main/benchmarks/local/long_tail_hey.rb,puma-1w-3t,3,puma,1,3,180,180,25.582,5.0,180,180,25.573,2.0,9,true,180,0,7.036,1277.868,1300.938,1305.194,1309.569,1310.46,113.32,113.32,81.565,20,20,348,multiprocess_sample_only,,
yjit-on/puma-long-tail-fib-200ms-x2p0/puma-1w-3t/repeat-2,yjit-on,true,puma-long-tail-fib-200ms-x2p0,puma-long-tail-hey,puma/benchmarks/local/long_tail_hey + test/rackup/sleep_fibonacci,https://github.com/puma/puma/blob/main/benchmarks/local/long_tail_hey.rb,puma-1w-3t,3,puma,1,3,120,120,17.053,5.0,120,120,17.039,2.0,6,true,120,0,7.037,852.161,871.205,876.46,885.126,886.28,113.383,113.383,83.15,20,20,233,multiprocess_sample_only,,
yjit-on/puma-long-tail-fib-200ms-x1p5/puma-1w-3t/repeat-2,yjit-on,true,puma-long-tail-fib-200ms-x1p5,puma-long-tail-hey,puma/benchmarks/local/long_tail_hey + test/rackup/sleep_fibonacci,https://github.com/puma/puma/blob/main/benchmarks/local/long_tail_hey.rb,puma-1w-3t,3,puma,1,3,100,100,14.221,5.0,100,100,14.256,2.0,5,true,100,0,7.032,755.382,857.426,863.91,866.764,867.081,113.633,113.633,84.2,20,20,194,multiprocess_sample_only,,
yjit-on/puma-long-tail-fib-200ms-x1p0/puma-1w-3t/repeat-2,yjit-on,true,puma-long-tail-fib-200ms-x1p0,puma-long-tail-hey,puma/benchmarks/local/long_tail_hey + test/rackup/sleep_fibonacci,https://github.com/puma/puma/blob/main/benchmarks/local/long_tail_hey.rb,puma-1w-3t,3,puma,1,3,60,60,8.524,5.0,60,60,8.525,2.0,3,true,60,0,7.039,427.854,437.498,438.353,438.619,438.649,113.633,113.633,84.835,20,20,117,multiprocess_sample_only,,
yjit-on/puma-long-tail-fib-200ms-x0p5/puma-1w-3t/repeat-2,yjit-on,true,puma-long-tail-fib-200ms-x0p5,puma-long-tail-hey,puma/benchmarks/local/long_tail_hey + test/rackup/sleep_fibonacci,https://github.com/puma/puma/blob/main/benchmarks/local/long_tail_hey.rb,puma-1w-3t,3,puma,1,3,40,40,5.683,5.0,40,40,5.683,2.0,2,true,40,0,7.038,284.071,287.776,288.305,288.338,288.342,113.633,113.633,85.21,20,20,79,multiprocess_sample_only,,
yjit-on/puma-sleep-fibonacci-1ms/puma-1w-3t/repeat-2,yjit-on,true,puma-sleep-fibonacci-1ms,puma-sleep-fibonacci-test,puma/benchmarks/local/sleep_fibonacci_test + test/rackup/sleep_fibonacci,https://github.com/puma/puma/blob/main/benchmarks/local/sleep_fibonacci_test.rb,puma-1w-3t,3,puma,1,3,1635,10,5.002,5.0,10,646,2.0,2.0,1,true,1635,0,326.846,3.047,3.138,3.451,4.127,4.68,113.633,113.633,84.845,20,20,70,multiprocess_sample_only,,
yjit-on/puma-sleep-fibonacci-5ms/puma-1w-3t/repeat-2,yjit-on,true,puma-sleep-fibonacci-5ms,puma-sleep-fibonacci-test,puma/benchmarks/local/sleep_fibonacci_test + test/rackup/sleep_fibonacci,https://github.com/puma/puma/blob/main/benchmarks/local/sleep_fibonacci_test.rb,puma-1w-3t,3,puma,1,3,482,10,5.008,5.0,10,191,2.009,2.0,1,true,482,0,96.254,10.444,10.583,10.769,11.543,11.585,113.633,113.633,84.22,20,20,70,multiprocess_sample_only,,
yjit-on/puma-sleep-fibonacci-10ms/puma-1w-3t/repeat-2,yjit-on,true,puma-sleep-fibonacci-10ms,puma-sleep-fibonacci-test,puma/benchmarks/local/sleep_fibonacci_test + test/rackup/sleep_fibonacci,https://github.com/puma/puma/blob/main/benchmarks/local/sleep_fibonacci_test.rb,puma-1w-3t,3,puma,1,3,361,10,5.002,5.0,10,143,2.006,2.0,1,true,361,0,72.17,13.851,14.03,14.321,14.461,14.497,113.656,113.656,83.77,20,20,70,multiprocess_sample_only,,
yjit-on/puma-sleep-fibonacci-50ms/puma-1w-3t/repeat-2,yjit-on,true,puma-sleep-fibonacci-50ms,puma-sleep-fibonacci-test,puma/benchmarks/local/sleep_fibonacci_test + test/rackup/sleep_fibonacci,https://github.com/puma/puma/blob/main/benchmarks/local/sleep_fibonacci_test.rb,puma-1w-3t,3,puma,1,3,99,10,5.01,5.0,10,40,2.024,2.0,1,true,99,0,19.761,50.555,50.621,50.641,50.844,50.866,116.855,116.855,83.535,20,20,70,multiprocess_sample_only,,
yjit-on/puma-sleep-fibonacci-100ms/puma-1w-3t/repeat-2,yjit-on,true,puma-sleep-fibonacci-100ms,puma-sleep-fibonacci-test,puma/benchmarks/local/sleep_fibonacci_test + test/rackup/sleep_fibonacci,https://github.com/puma/puma/blob/main/benchmarks/local/sleep_fibonacci_test.rb,puma-1w-3t,3,puma,1,3,50,10,5.034,5.0,10,20,2.016,2.0,1,true,50,0,9.933,100.577,100.877,101.07,101.093,101.095,118.25,118.25,83.37,20,20,71,multiprocess_sample_only,,
yjit-on/puma-sleep-fibonacci-200ms/puma-1w-3t/repeat-2,yjit-on,true,puma-sleep-fibonacci-200ms,puma-sleep-fibonacci-test,puma/benchmarks/local/sleep_fibonacci_test + test/rackup/sleep_fibonacci,https://github.com/puma/puma/blob/main/benchmarks/local/sleep_fibonacci_test.rb,puma-1w-3t,3,puma,1,3,25,10,5.017,5.0,10,10,2.007,2.0,1,true,25,0,4.983,200.574,200.847,201.046,201.093,201.098,118.25,118.25,83.205,20,20,70,multiprocess_sample_only,,
yjit-on/puma-response-array-1kb/puma-1w-3t/repeat-3,yjit-on,true,puma-response-array-1kb,puma-response-time-wrk,puma/benchmarks/local/response_time_wrk,https://github.com/puma/puma/blob/main/benchmarks/local/response_time_wrk.rb,puma-1w-3t,3,puma,1,3,17357,1000,5.002,5.0,1000,6861,2.001,2.0,5,true,17357,0,3470.212,1.38,1.843,2.218,2.944,6.724,68.492,68.43,82.2,20,20,66,multiprocess_sample_only,,
yjit-on/puma-response-chunk-1kb/puma-1w-3t/repeat-3,yjit-on,true,puma-response-chunk-1kb,puma-response-time-wrk,puma/benchmarks/local/response_time_wrk,https://github.com/puma/puma/blob/main/benchmarks/local/response_time_wrk.rb,puma-1w-3t,3,puma,1,3,16740,1000,5.001,5.0,1000,6891,2.001,2.0,5,true,16740,0,3347.11,1.425,1.952,2.416,3.354,4.859,68.824,68.73,78.095,20,20,66,multiprocess_sample_only,,
yjit-on/puma-response-string-1kb/puma-1w-3t/repeat-3,yjit-on,true,puma-response-string-1kb,puma-response-time-wrk,puma/benchmarks/local/response_time_wrk,https://github.com/puma/puma/blob/main/benchmarks/local/response_time_wrk.rb,puma-1w-3t,3,puma,1,3,17133,1000,5.001,5.0,1000,7114,2.001,2.0,5,true,17133,0,3425.976,1.389,1.925,2.419,3.06,4.497,68.688,68.531,77.27,20,20,65,multiprocess_sample_only,,
yjit-on/puma-response-io-1kb/puma-1w-3t/repeat-3,yjit-on,true,puma-response-io-1kb,puma-response-time-wrk,puma/benchmarks/local/response_time_wrk,https://github.com/puma/puma/blob/main/benchmarks/local/response_time_wrk.rb,puma-1w-3t,3,puma,1,3,16961,1000,5.001,5.0,1000,7015,2.001,2.0,5,true,16961,0,3391.297,1.409,1.953,2.429,3.035,3.872,68.68,68.68,78.44,20,20,66,multiprocess_sample_only,,
yjit-on/puma-response-array-10kb/puma-1w-3t/repeat-3,yjit-on,true,puma-response-array-10kb,puma-response-time-wrk,puma/benchmarks/local/response_time_wrk,https://github.com/puma/puma/blob/main/benchmarks/local/response_time_wrk.rb,puma-1w-3t,3,puma,1,3,17154,1000,5.001,5.0,1000,7003,2.001,2.0,5,true,17154,0,3430.191,1.393,1.913,2.308,2.879,4.23,70.52,70.324,78.57,20,20,66,multiprocess_sample_only,,
yjit-on/puma-response-chunk-10kb/puma-1w-3t/repeat-3,yjit-on,true,puma-response-chunk-10kb,puma-response-time-wrk,puma/benchmarks/local/response_time_wrk,https://github.com/puma/puma/blob/main/benchmarks/local/response_time_wrk.rb,puma-1w-3t,3,puma,1,3,14712,1000,5.001,5.0,1000,6073,2.001,2.0,5,true,14712,0,2941.678,1.636,2.184,2.581,3.281,4.237,70.426,70.426,78.065,20,20,65,multiprocess_sample_only,,
yjit-on/puma-response-string-10kb/puma-1w-3t/repeat-3,yjit-on,true,puma-response-string-10kb,puma-response-time-wrk,puma/benchmarks/local/response_time_wrk,https://github.com/puma/puma/blob/main/benchmarks/local/response_time_wrk.rb,puma-1w-3t,3,puma,1,3,16992,1000,5.002,5.0,1000,6983,2.001,2.0,5,true,16992,0,3397.142,1.401,1.957,2.409,3.058,4.355,70.66,70.66,77.765,20,20,66,multiprocess_sample_only,,
yjit-on/puma-response-io-10kb/puma-1w-3t/repeat-3,yjit-on,true,puma-response-io-10kb,puma-response-time-wrk,puma/benchmarks/local/response_time_wrk,https://github.com/puma/puma/blob/main/benchmarks/local/response_time_wrk.rb,puma-1w-3t,3,puma,1,3,16662,1000,5.001,5.0,1000,6884,2.001,2.0,5,true,16662,0,3331.724,1.429,2.005,2.546,3.199,3.576,71.348,71.348,78.215,20,20,66,multiprocess_sample_only,,
yjit-on/puma-response-array-100kb/puma-1w-3t/repeat-3,yjit-on,true,puma-response-array-100kb,puma-response-time-wrk,puma/benchmarks/local/response_time_wrk,https://github.com/puma/puma/blob/main/benchmarks/local/response_time_wrk.rb,puma-1w-3t,3,puma,1,3,13606,1000,5.001,5.0,1000,5517,2.001,2.0,5,true,13606,0,2720.403,1.783,2.274,2.584,3.477,4.829,83.926,82.25,78.125,20,20,65,multiprocess_sample_only,,
yjit-on/puma-response-chunk-100kb/puma-1w-3t/repeat-3,yjit-on,true,puma-response-chunk-100kb,puma-response-time-wrk,puma/benchmarks/local/response_time_wrk,https://github.com/puma/puma/blob/main/benchmarks/local/response_time_wrk.rb,puma-1w-3t,3,puma,1,3,6626,1000,5.003,5.0,1000,2795,2.002,2.0,5,true,6626,0,1324.277,3.707,4.502,5.033,6.965,7.847,76.945,76.555,77.545,20,20,62,multiprocess_sample_only,,
yjit-on/puma-response-string-100kb/puma-1w-3t/repeat-3,yjit-on,true,puma-response-string-100kb,puma-response-time-wrk,puma/benchmarks/local/response_time_wrk,https://github.com/puma/puma/blob/main/benchmarks/local/response_time_wrk.rb,puma-1w-3t,3,puma,1,3,13419,1000,5.001,5.0,1000,5610,2.001,2.0,5,true,13419,0,2683.132,1.777,2.389,3.455,5.572,8.095,83.637,81.73,76.96,20,20,64,multiprocess_sample_only,,
yjit-on/puma-response-io-100kb/puma-1w-3t/repeat-3,yjit-on,true,puma-response-io-100kb,puma-response-time-wrk,puma/benchmarks/local/response_time_wrk,https://github.com/puma/puma/blob/main/benchmarks/local/response_time_wrk.rb,puma-1w-3t,3,puma,1,3,13472,1000,5.035,5.0,1000,5583,2.015,2.0,5,true,13472,0,2675.487,1.304,2.035,40.989,42.262,44.239,73.277,73.09,76.49,20,20,67,multiprocess_sample_only,,
yjit-on/puma-response-array-256kb/puma-1w-3t/repeat-3,yjit-on,true,puma-response-array-256kb,puma-response-time-wrk,puma/benchmarks/local/response_time_wrk,https://github.com/puma/puma/blob/main/benchmarks/local/response_time_wrk.rb,puma-1w-3t,3,puma,1,3,9696,1000,5.001,5.0,1000,4075,2.002,2.0,5,true,9696,0,1938.645,2.267,3.635,5.108,24.909,26.416,110.738,108.449,76.015,20,20,62,multiprocess_sample_only,,
yjit-on/puma-response-chunk-256kb/puma-1w-3t/repeat-3,yjit-on,true,puma-response-chunk-256kb,puma-response-time-wrk,puma/benchmarks/local/response_time_wrk,https://github.com/puma/puma/blob/main/benchmarks/local/response_time_wrk.rb,puma-1w-3t,3,puma,1,3,3513,1000,5.006,5.0,1000,1440,2.006,2.0,5,true,3513,0,701.819,7.041,8.338,9.454,14.612,16.969,81.711,81.711,75.615,20,20,57,multiprocess_sample_only,,
yjit-on/puma-response-string-256kb/puma-1w-3t/repeat-3,yjit-on,true,puma-response-string-256kb,puma-response-time-wrk,puma/benchmarks/local/response_time_wrk,https://github.com/puma/puma/blob/main/benchmarks/local/response_time_wrk.rb,puma-1w-3t,3,puma,1,3,9795,1000,5.002,5.0,1000,4044,2.002,2.0,5,true,9795,0,1958.35,2.239,3.658,5.507,23.986,25.225,77.934,77.621,74.59,20,20,63,multiprocess_sample_only,,
yjit-on/puma-response-io-256kb/puma-1w-3t/repeat-3,yjit-on,true,puma-response-io-256kb,puma-response-time-wrk,puma/benchmarks/local/response_time_wrk,https://github.com/puma/puma/blob/main/benchmarks/local/response_time_wrk.rb,puma-1w-3t,3,puma,1,3,9994,1000,5.001,5.0,1000,4020,2.002,2.0,5,true,9994,0,1998.217,2.225,3.295,4.393,24.458,29.92,77.934,77.434,73.475,20,20,62,multiprocess_sample_only,,
yjit-on/puma-response-array-512kb/puma-1w-3t/repeat-3,yjit-on,true,puma-response-array-512kb,puma-response-time-wrk,puma/benchmarks/local/response_time_wrk,https://github.com/puma/puma/blob/main/benchmarks/local/response_time_wrk.rb,puma-1w-3t,3,puma,1,3,6603,1000,5.016,5.0,1000,2684,2.002,2.0,5,true,6603,0,1316.358,3.258,5.377,26.8,28.503,29.072,123.0,114.363,73.005,20,20,61,multiprocess_sample_only,,
yjit-on/puma-response-chunk-512kb/puma-1w-3t/repeat-3,yjit-on,true,puma-response-chunk-512kb,puma-response-time-wrk,puma/benchmarks/local/response_time_wrk,https://github.com/puma/puma/blob/main/benchmarks/local/response_time_wrk.rb,puma-1w-3t,3,puma,1,3,1971,1000,5.01,5.0,1000,1000,2.453,2.0,5,true,1971,0,393.442,12.668,14.655,15.84,22.928,25.27,85.203,84.898,72.565,20,20,49,multiprocess_sample_only,,
yjit-on/puma-response-string-512kb/puma-1w-3t/repeat-3,yjit-on,true,puma-response-string-512kb,puma-response-time-wrk,puma/benchmarks/local/response_time_wrk,https://github.com/puma/puma/blob/main/benchmarks/local/response_time_wrk.rb,puma-1w-3t,3,puma,1,3,6907,1000,5.003,5.0,1000,2772,2.003,2.0,5,true,6907,0,1380.45,3.111,5.132,26.114,27.621,29.833,82.297,82.297,71.545,20,20,61,multiprocess_sample_only,,
yjit-on/puma-response-io-512kb/puma-1w-3t/repeat-3,yjit-on,true,puma-response-io-512kb,puma-response-time-wrk,puma/benchmarks/local/response_time_wrk,https://github.com/puma/puma/blob/main/benchmarks/local/response_time_wrk.rb,puma-1w-3t,3,puma,1,3,6983,1000,5.003,5.0,1000,2809,2.004,2.0,5,true,6983,0,1395.811,3.127,4.614,25.701,27.881,218.604,82.402,82.402,70.14,20,20,61,multiprocess_sample_only,,
yjit-on/puma-response-array-1024kb/puma-1w-3t/repeat-3,yjit-on,true,puma-response-array-1024kb,puma-response-time-wrk,puma/benchmarks/local/response_time_wrk,https://github.com/puma/puma/blob/main/benchmarks/local/response_time_wrk.rb,puma-1w-3t,3,puma,1,3,4178,1000,5.005,5.0,1000,1681,2.004,2.0,5,true,4178,0,834.737,5.296,7.922,30.256,32.804,33.353,136.824,107.973,69.32,20,20,57,multiprocess_sample_only,,
yjit-on/puma-response-chunk-1024kb/puma-1w-3t/repeat-3,yjit-on,true,puma-response-chunk-1024kb,puma-response-time-wrk,puma/benchmarks/local/response_time_wrk,https://github.com/puma/puma/blob/main/benchmarks/local/response_time_wrk.rb,puma-1w-3t,3,puma,1,3,1080,1000,5.02,5.0,1000,1000,4.373,2.0,5,true,1080,0,215.149,22.918,26.964,29.362,39.952,41.577,87.816,87.711,69.1,20,20,40,multiprocess_sample_only,,
yjit-on/puma-response-string-1024kb/puma-1w-3t/repeat-3,yjit-on,true,puma-response-string-1024kb,puma-response-time-wrk,puma/benchmarks/local/response_time_wrk,https://github.com/puma/puma/blob/main/benchmarks/local/response_time_wrk.rb,puma-1w-3t,3,puma,1,3,4399,1000,5.004,5.0,1000,1864,2.004,2.0,5,true,4399,0,879.168,5.01,7.315,29.529,31.412,31.728,82.781,82.781,68.11,20,20,57,multiprocess_sample_only,,
yjit-on/puma-response-io-1024kb/puma-1w-3t/repeat-3,yjit-on,true,puma-response-io-1024kb,puma-response-time-wrk,puma/benchmarks/local/response_time_wrk,https://github.com/puma/puma/blob/main/benchmarks/local/response_time_wrk.rb,puma-1w-3t,3,puma,1,3,4447,1000,5.005,5.0,1000,1810,2.004,2.0,5,true,4447,0,888.488,4.982,6.949,29.789,31.511,32.138,82.781,82.781,66.62,20,20,57,multiprocess_sample_only,,
yjit-on/puma-response-array-2048kb/puma-1w-3t/repeat-3,yjit-on,true,puma-response-array-2048kb,puma-response-time-wrk,puma/benchmarks/local/response_time_wrk,https://github.com/puma/puma/blob/main/benchmarks/local/response_time_wrk.rb,puma-1w-3t,3,puma,1,3,2461,1000,5.009,5.0,1000,1000,2.118,2.0,5,true,2461,0,491.3,10.105,11.567,12.358,17.901,19.958,110.105,89.48,66.18,20,20,53,multiprocess_sample_only,,
yjit-on/puma-response-chunk-2048kb/puma-1w-3t/repeat-3,yjit-on,true,puma-response-chunk-2048kb,puma-response-time-wrk,puma/benchmarks/local/response_time_wrk,https://github.com/puma/puma/blob/main/benchmarks/local/response_time_wrk.rb,puma-1w-3t,3,puma,1,3,1000,1000,8.841,5.0,1000,1000,8.506,2.0,5,true,1000,0,113.107,44.308,49.6,51.387,53.875,62.545,91.137,87.063,66.655,20,20,52,multiprocess_sample_only,,
yjit-on/puma-response-string-2048kb/puma-1w-3t/repeat-3,yjit-on,true,puma-response-string-2048kb,puma-response-time-wrk,puma/benchmarks/local/response_time_wrk,https://github.com/puma/puma/blob/main/benchmarks/local/response_time_wrk.rb,puma-1w-3t,3,puma,1,3,2650,1000,5.007,5.0,1000,1084,2.008,2.0,5,true,2650,0,529.237,9.411,10.529,11.1,17.17,18.254,87.219,87.219,65.865,20,20,53,multiprocess_sample_only,,
yjit-on/puma-response-io-2048kb/puma-1w-3t/repeat-3,yjit-on,true,puma-response-io-2048kb,puma-response-time-wrk,puma/benchmarks/local/response_time_wrk,https://github.com/puma/puma/blob/main/benchmarks/local/response_time_wrk.rb,puma-1w-3t,3,puma,1,3,2730,1000,5.007,5.0,1000,1116,2.008,2.0,5,true,2730,0,545.233,9.113,10.214,11.349,19.088,20.414,87.219,87.219,64.485,20,20,54,multiprocess_sample_only,,
yjit-on/puma-long-tail-fib-200ms-x6p0/puma-1w-3t/repeat-3,yjit-on,true,puma-long-tail-fib-200ms-x6p0,puma-long-tail-hey,puma/benchmarks/local/long_tail_hey + test/rackup/sleep_fibonacci,https://github.com/puma/puma/blob/main/benchmarks/local/long_tail_hey.rb,puma-1w-3t,3,puma,1,3,360,360,51.174,5.0,360,360,51.164,2.0,18,true,360,0,7.035,2554.624,2590.307,2599.775,2611.575,2616.754,105.504,105.504,73.565,20,20,696,multiprocess_sample_only,,
yjit-on/puma-long-tail-fib-200ms-x4p0/puma-1w-3t/repeat-3,yjit-on,true,puma-long-tail-fib-200ms-x4p0,puma-long-tail-hey,puma/benchmarks/local/long_tail_hey + test/rackup/sleep_fibonacci,https://github.com/puma/puma/blob/main/benchmarks/local/long_tail_hey.rb,puma-1w-3t,3,puma,1,3,240,240,34.096,5.0,240,240,34.092,2.0,12,true,240,0,7.039,1705.159,1723.319,1729.452,1732.821,1733.529,111.723,111.723,79.3,20,20,465,multiprocess_sample_only,,
yjit-on/puma-long-tail-fib-200ms-x3p0/puma-1w-3t/repeat-3,yjit-on,true,puma-long-tail-fib-200ms-x3p0,puma-long-tail-hey,puma/benchmarks/local/long_tail_hey + test/rackup/sleep_fibonacci,https://github.com/puma/puma/blob/main/benchmarks/local/long_tail_hey.rb,puma-1w-3t,3,puma,1,3,180,180,25.573,5.0,180,180,25.573,2.0,9,true,180,0,7.039,1277.898,1298.955,1305.704,1309.747,1310.227,111.723,111.723,82.085,20,20,350,multiprocess_sample_only,,
yjit-on/puma-long-tail-fib-200ms-x2p0/puma-1w-3t/repeat-3,yjit-on,true,puma-long-tail-fib-200ms-x2p0,puma-long-tail-hey,puma/benchmarks/local/long_tail_hey + test/rackup/sleep_fibonacci,https://github.com/puma/puma/blob/main/benchmarks/local/long_tail_hey.rb,puma-1w-3t,3,puma,1,3,120,120,17.044,5.0,120,120,17.052,2.0,6,true,120,0,7.041,852.292,868.017,870.385,873.78,874.206,111.785,111.785,83.615,20,20,233,multiprocess_sample_only,,
yjit-on/puma-long-tail-fib-200ms-x1p5/puma-1w-3t/repeat-3,yjit-on,true,puma-long-tail-fib-200ms-x1p5,puma-long-tail-hey,puma/benchmarks/local/long_tail_hey + test/rackup/sleep_fibonacci,https://github.com/puma/puma/blob/main/benchmarks/local/long_tail_hey.rb,puma-1w-3t,3,puma,1,3,100,100,14.224,5.0,100,100,14.264,2.0,5,true,100,0,7.031,792.245,851.497,858.453,860.367,860.58,111.785,111.785,84.64,20,20,194,multiprocess_sample_only,,
yjit-on/puma-long-tail-fib-200ms-x1p0/puma-1w-3t/repeat-3,yjit-on,true,puma-long-tail-fib-200ms-x1p0,puma-long-tail-hey,puma/benchmarks/local/long_tail_hey + test/rackup/sleep_fibonacci,https://github.com/puma/puma/blob/main/benchmarks/local/long_tail_hey.rb,puma-1w-3t,3,puma,1,3,60,60,8.524,5.0,60,60,8.521,2.0,3,true,60,0,7.039,425.947,436.902,439.037,440.129,440.25,111.785,111.785,85.25,20,20,117,multiprocess_sample_only,,
yjit-on/puma-long-tail-fib-200ms-x0p5/puma-1w-3t/repeat-3,yjit-on,true,puma-long-tail-fib-200ms-x0p5,puma-long-tail-hey,puma/benchmarks/local/long_tail_hey + test/rackup/sleep_fibonacci,https://github.com/puma/puma/blob/main/benchmarks/local/long_tail_hey.rb,puma-1w-3t,3,puma,1,3,40,40,5.685,5.0,40,40,5.681,2.0,2,true,40,0,7.036,284.135,288.003,292.037,294.077,294.304,111.785,111.785,85.625,20,20,79,multiprocess_sample_only,,
yjit-on/puma-sleep-fibonacci-1ms/puma-1w-3t/repeat-3,yjit-on,true,puma-sleep-fibonacci-1ms,puma-sleep-fibonacci-test,puma/benchmarks/local/sleep_fibonacci_test + test/rackup/sleep_fibonacci,https://github.com/puma/puma/blob/main/benchmarks/local/sleep_fibonacci_test.rb,puma-1w-3t,3,puma,1,3,1636,10,5.002,5.0,10,640,2.001,2.0,1,true,1636,0,327.066,3.053,3.138,3.371,4.034,4.201,111.785,111.785,85.25,20,20,70,multiprocess_sample_only,,
yjit-on/puma-sleep-fibonacci-5ms/puma-1w-3t/repeat-3,yjit-on,true,puma-sleep-fibonacci-5ms,puma-sleep-fibonacci-test,puma/benchmarks/local/sleep_fibonacci_test + test/rackup/sleep_fibonacci,https://github.com/puma/puma/blob/main/benchmarks/local/sleep_fibonacci_test.rb,puma-1w-3t,3,puma,1,3,482,10,5.005,5.0,10,191,2.0,2.0,1,true,482,0,96.306,10.435,10.559,10.784,11.191,11.487,111.785,111.785,84.62,20,20,70,multiprocess_sample_only,,
yjit-on/puma-sleep-fibonacci-10ms/puma-1w-3t/repeat-3,yjit-on,true,puma-sleep-fibonacci-10ms,puma-sleep-fibonacci-test,puma/benchmarks/local/sleep_fibonacci_test + test/rackup/sleep_fibonacci,https://github.com/puma/puma/blob/main/benchmarks/local/sleep_fibonacci_test.rb,puma-1w-3t,3,puma,1,3,362,10,5.01,5.0,10,144,2.004,2.0,1,true,362,0,72.261,13.838,14.001,14.215,15.024,15.401,111.785,111.785,84.165,20,20,70,multiprocess_sample_only,,
yjit-on/puma-sleep-fibonacci-50ms/puma-1w-3t/repeat-3,yjit-on,true,puma-sleep-fibonacci-50ms,puma-sleep-fibonacci-test,puma/benchmarks/local/sleep_fibonacci_test + test/rackup/sleep_fibonacci,https://github.com/puma/puma/blob/main/benchmarks/local/sleep_fibonacci_test.rb,puma-1w-3t,3,puma,1,3,99,10,5.007,5.0,10,40,2.024,2.0,1,true,99,0,19.772,50.503,50.639,51.067,51.604,51.663,111.785,111.785,83.93,20,20,70,multiprocess_sample_only,,
yjit-on/puma-sleep-fibonacci-100ms/puma-1w-3t/repeat-3,yjit-on,true,puma-sleep-fibonacci-100ms,puma-sleep-fibonacci-test,puma/benchmarks/local/sleep_fibonacci_test + test/rackup/sleep_fibonacci,https://github.com/puma/puma/blob/main/benchmarks/local/sleep_fibonacci_test.rb,puma-1w-3t,3,puma,1,3,50,10,5.031,5.0,10,20,2.014,2.0,1,true,50,0,9.938,100.547,100.671,100.773,100.804,100.807,111.785,111.785,83.76,20,20,71,multiprocess_sample_only,,
yjit-on/puma-sleep-fibonacci-200ms/puma-1w-3t/repeat-3,yjit-on,true,puma-sleep-fibonacci-200ms,puma-sleep-fibonacci-test,puma/benchmarks/local/sleep_fibonacci_test + test/rackup/sleep_fibonacci,https://github.com/puma/puma/blob/main/benchmarks/local/sleep_fibonacci_test.rb,puma-1w-3t,3,puma,1,3,25,10,5.017,5.0,10,10,2.007,2.0,1,true,25,0,4.983,200.587,200.778,200.929,200.969,200.973,111.785,111.785,83.58,20,20,70,multiprocess_sample_only,,
