run_id,runtime,yjit,scenario,scenario_family,benchmark_source,benchmark_source_url,server,server_capacity,adapter,workers,threads,requests,target_requests,duration_s,min_duration_s,target_warmup_requests,warmup_requests,warmup_duration_s,warmup_min_duration_s,concurrency,keep_alive,completed,errors,achieved_rps,p50_ms,p95_ms,p99_ms,p999_ms,max_ms,rss_mb_peak,rss_mb_end,cpu_pct_avg,target_sample_count,sample_count,raw_sample_count,gc_delta_scope,gc_count_delta,total_allocated_objects_delta
yjit-off/puma-response-array-1kb/raptor-3r/repeat-1,yjit-off,false,puma-response-array-1kb,puma-response-time-wrk,puma/benchmarks/local/response_time_wrk,https://github.com/puma/puma/blob/main/benchmarks/local/response_time_wrk.rb,raptor-3r,3,raptor,3,,1000,1000,16.139,5.0,1000,1000,16.101,2.0,5,true,1000,0,61.96,40.998,41.995,42.428,4035.293,4039.179,30.172,30.172,3.365,20,20,225,same_worker,14,717757
yjit-off/puma-response-chunk-1kb/raptor-3r/repeat-1,yjit-off,false,puma-response-chunk-1kb,puma-response-time-wrk,puma/benchmarks/local/response_time_wrk,https://github.com/puma/puma/blob/main/benchmarks/local/response_time_wrk.rb,raptor-3r,3,raptor,3,,1000,1000,16.152,5.0,1000,1000,16.101,2.0,5,true,1000,0,61.911,41.003,42.013,42.568,4037.843,4040.87,30.238,30.238,2.865,20,20,225,same_worker,14,714159
yjit-off/puma-response-string-1kb/raptor-3r/repeat-1,yjit-off,false,puma-response-string-1kb,puma-response-time-wrk,puma/benchmarks/local/response_time_wrk,https://github.com/puma/puma/blob/main/benchmarks/local/response_time_wrk.rb,raptor-3r,3,raptor,3,,1000,1000,16.125,5.0,1000,1000,16.095,2.0,5,true,1000,0,62.015,40.99,41.976,42.444,4030.299,4032.314,30.293,30.293,2.695,20,20,225,same_worker,14,717956
yjit-off/puma-response-io-1kb/raptor-3r/repeat-1,yjit-off,false,puma-response-io-1kb,puma-response-time-wrk,puma/benchmarks/local/response_time_wrk,https://github.com/puma/puma/blob/main/benchmarks/local/response_time_wrk.rb,raptor-3r,3,raptor,3,,1000,1000,16.135,5.0,1000,1000,16.101,2.0,5,true,1000,0,61.978,40.997,41.976,42.189,4032.837,4034.911,30.293,30.293,2.675,20,20,226,same_worker,14,726730
yjit-off/puma-response-array-10kb/raptor-3r/repeat-1,yjit-off,false,puma-response-array-10kb,puma-response-time-wrk,puma/benchmarks/local/response_time_wrk,https://github.com/puma/puma/blob/main/benchmarks/local/response_time_wrk.rb,raptor-3r,3,raptor,3,,1000,1000,16.144,5.0,1000,1000,16.096,2.0,5,true,1000,0,61.944,40.998,42.011,42.441,4039.184,4041.084,30.336,30.336,2.605,20,20,226,same_worker,14,717767
yjit-off/puma-response-chunk-10kb/raptor-3r/repeat-1,yjit-off,false,puma-response-chunk-10kb,puma-response-time-wrk,puma/benchmarks/local/response_time_wrk,https://github.com/puma/puma/blob/main/benchmarks/local/response_time_wrk.rb,raptor-3r,3,raptor,3,,1000,1000,16.132,5.0,1000,1000,16.118,2.0,5,true,1000,0,61.987,40.995,41.969,42.317,4037.164,4037.181,30.336,30.336,2.625,20,20,225,same_worker,14,716305
yjit-off/puma-response-string-10kb/raptor-3r/repeat-1,yjit-off,false,puma-response-string-10kb,puma-response-time-wrk,puma/benchmarks/local/response_time_wrk,https://github.com/puma/puma/blob/main/benchmarks/local/response_time_wrk.rb,raptor-3r,3,raptor,3,,1000,1000,16.136,5.0,1000,1000,16.095,2.0,5,true,1000,0,61.973,40.996,41.992,42.374,4035.305,4037.86,30.367,30.367,2.6,20,20,225,same_worker,14,718735
yjit-off/puma-response-io-10kb/raptor-3r/repeat-1,yjit-off,false,puma-response-io-10kb,puma-response-time-wrk,puma/benchmarks/local/response_time_wrk,https://github.com/puma/puma/blob/main/benchmarks/local/response_time_wrk.rb,raptor-3r,3,raptor,3,,1000,1000,16.13,5.0,1000,1000,16.111,2.0,5,true,1000,0,61.994,40.993,41.958,42.259,4033.72,4036.033,31.082,31.082,2.645,20,20,225,same_worker,14,746215
yjit-off/puma-response-array-100kb/raptor-3r/repeat-1,yjit-off,false,puma-response-array-100kb,puma-response-time-wrk,puma/benchmarks/local/response_time_wrk,https://github.com/puma/puma/blob/main/benchmarks/local/response_time_wrk.rb,raptor-3r,3,raptor,3,,1000,1000,14.963,5.0,1000,1000,13.452,2.0,5,true,1000,0,66.829,40.978,41.982,42.749,3685.63,3706.251,31.082,31.082,2.8,20,20,209,same_worker,14,718207
yjit-off/puma-response-chunk-100kb/raptor-3r/repeat-1,yjit-off,false,puma-response-chunk-100kb,puma-response-time-wrk,puma/benchmarks/local/response_time_wrk,https://github.com/puma/puma/blob/main/benchmarks/local/response_time_wrk.rb,raptor-3r,3,raptor,3,,1000,1000,14.682,5.0,1000,1000,14.443,2.0,5,true,1000,0,68.111,40.979,41.978,42.221,3638.617,3642.891,31.082,31.082,2.965,20,20,206,same_worker,14,714653
yjit-off/puma-response-string-100kb/raptor-3r/repeat-1,yjit-off,false,puma-response-string-100kb,puma-response-time-wrk,puma/benchmarks/local/response_time_wrk,https://github.com/puma/puma/blob/main/benchmarks/local/response_time_wrk.rb,raptor-3r,3,raptor,3,,12312,1000,5.002,5.0,1000,5001,2.002,2.0,5,true,12312,0,2461.558,1.126,1.887,5.893,121.308,128.472,31.355,31.355,4.23,20,20,67,same_worker,176,8852198
yjit-off/puma-response-io-100kb/raptor-3r/repeat-1,yjit-off,false,puma-response-io-100kb,puma-response-time-wrk,puma/benchmarks/local/response_time_wrk,https://github.com/puma/puma/blob/main/benchmarks/local/response_time_wrk.rb,raptor-3r,3,raptor,3,,1000,1000,14.92,5.0,1000,1000,14.233,2.0,5,true,1000,0,67.025,40.991,41.996,42.774,3558.264,3727.783,40.121,40.121,4.965,20,20,209,same_worker,18,923396
yjit-off/puma-response-array-256kb/raptor-3r/repeat-1,yjit-off,false,puma-response-array-256kb,puma-response-time-wrk,puma/benchmarks/local/response_time_wrk,https://github.com/puma/puma/blob/main/benchmarks/local/response_time_wrk.rb,raptor-3r,3,raptor,3,,1000,1000,12.855,5.0,1000,1000,12.369,2.0,5,true,1000,0,77.791,41.911,42.725,43.239,3311.563,3389.187,40.121,40.121,5.155,20,20,180,same_worker,14,719555
yjit-off/puma-response-chunk-256kb/raptor-3r/repeat-1,yjit-off,false,puma-response-chunk-256kb,puma-response-time-wrk,puma/benchmarks/local/response_time_wrk,https://github.com/puma/puma/blob/main/benchmarks/local/response_time_wrk.rb,raptor-3r,3,raptor,3,,1000,1000,14.568,5.0,1000,1000,13.238,2.0,5,true,1000,0,68.645,41.943,42.375,43.255,3581.701,3718.616,40.121,40.121,5.325,20,20,204,same_worker,14,714542
yjit-off/puma-response-string-256kb/raptor-3r/repeat-1,yjit-off,false,puma-response-string-256kb,puma-response-time-wrk,puma/benchmarks/local/response_time_wrk,https://github.com/puma/puma/blob/main/benchmarks/local/response_time_wrk.rb,raptor-3r,3,raptor,3,,9323,1000,5.002,5.0,1000,3882,2.002,2.0,5,true,9323,0,1863.734,1.535,2.406,41.635,145.255,165.297,40.121,40.121,6.17,20,20,66,same_worker,133,6703997
yjit-off/puma-response-io-256kb/raptor-3r/repeat-1,yjit-off,false,puma-response-io-256kb,puma-response-time-wrk,puma/benchmarks/local/response_time_wrk,https://github.com/puma/puma/blob/main/benchmarks/local/response_time_wrk.rb,raptor-3r,3,raptor,3,,1000,1000,14.443,5.0,1000,1000,14.012,2.0,5,true,1000,0,69.238,41.956,42.94,43.23,3871.774,3880.547,50.117,50.117,6.765,20,20,202,same_worker,26,1238048
yjit-off/puma-response-array-512kb/raptor-3r/repeat-1,yjit-off,false,puma-response-array-512kb,puma-response-time-wrk,puma/benchmarks/local/response_time_wrk,https://github.com/puma/puma/blob/main/benchmarks/local/response_time_wrk.rb,raptor-3r,3,raptor,3,,1000,1000,14.888,5.0,1000,1000,14.895,2.0,5,true,1000,0,67.167,42.009,43.308,44.004,3722.858,3757.267,50.117,50.117,7.035,20,20,208,same_worker,15,719876
yjit-off/puma-response-chunk-512kb/raptor-3r/repeat-1,yjit-off,false,puma-response-chunk-512kb,puma-response-time-wrk,puma/benchmarks/local/response_time_wrk,https://github.com/puma/puma/blob/main/benchmarks/local/response_time_wrk.rb,raptor-3r,3,raptor,3,,1000,1000,14.86,5.0,1000,1000,15.57,2.0,5,true,1000,0,67.294,42.043,43.24,44.16,3728.204,3730.057,50.117,50.117,7.27,20,20,208,same_worker,15,714902
yjit-off/puma-response-string-512kb/raptor-3r/repeat-1,yjit-off,false,puma-response-string-512kb,puma-response-time-wrk,puma/benchmarks/local/response_time_wrk,https://github.com/puma/puma/blob/main/benchmarks/local/response_time_wrk.rb,raptor-3r,3,raptor,3,,6686,1000,5.003,5.0,1000,2708,2.002,2.0,5,true,6686,0,1336.525,2.061,3.487,14.52,222.031,233.607,50.117,50.117,7.81,20,20,65,same_worker,97,4808876
yjit-off/puma-response-io-512kb/raptor-3r/repeat-1,yjit-off,false,puma-response-io-512kb,puma-response-time-wrk,puma/benchmarks/local/response_time_wrk,https://github.com/puma/puma/blob/main/benchmarks/local/response_time_wrk.rb,raptor-3r,3,raptor,3,,1000,1000,15.643,5.0,1000,1000,15.631,2.0,5,true,1000,0,63.927,42.949,43.984,44.352,3814.975,3984.522,65.906,65.906,8.365,20,20,218,same_worker,39,1749394
yjit-off/puma-response-array-1024kb/raptor-3r/repeat-1,yjit-off,false,puma-response-array-1024kb,puma-response-time-wrk,puma/benchmarks/local/response_time_wrk,https://github.com/puma/puma/blob/main/benchmarks/local/response_time_wrk.rb,raptor-3r,3,raptor,3,,1000,1000,14.743,5.0,1000,1000,15.184,2.0,5,true,1000,0,67.827,43.903,45.007,48.064,3668.974,3681.746,61.301,61.301,8.945,20,20,205,same_worker,15,717788
yjit-off/puma-response-chunk-1024kb/raptor-3r/repeat-1,yjit-off,false,puma-response-chunk-1024kb,puma-response-time-wrk,puma/benchmarks/local/response_time_wrk,https://github.com/puma/puma/blob/main/benchmarks/local/response_time_wrk.rb,raptor-3r,3,raptor,3,,1000,1000,14.804,5.0,1000,1000,16.081,2.0,5,true,1000,0,67.547,43.766,45.019,47.947,3652.01,3687.31,61.301,61.301,9.52,20,20,206,same_worker,14,716291
yjit-off/puma-response-string-1024kb/raptor-3r/repeat-1,yjit-off,false,puma-response-string-1024kb,puma-response-time-wrk,puma/benchmarks/local/response_time_wrk,https://github.com/puma/puma/blob/main/benchmarks/local/response_time_wrk.rb,raptor-3r,3,raptor,3,,4504,1000,5.004,5.0,1000,1919,2.004,2.0,5,true,4504,0,900.165,3.06,5.329,15.148,334.469,350.899,61.301,61.301,9.93,20,20,63,same_worker,66,3238790
yjit-off/puma-response-io-1024kb/raptor-3r/repeat-1,yjit-off,false,puma-response-io-1024kb,puma-response-time-wrk,puma/benchmarks/local/response_time_wrk,https://github.com/puma/puma/blob/main/benchmarks/local/response_time_wrk.rb,raptor-3r,3,raptor,3,,1000,1000,15.526,5.0,1000,1000,16.394,2.0,5,true,1000,0,64.408,44.791,46.068,47.867,3649.876,3696.796,73.848,69.914,10.69,20,20,216,same_worker,65,2772872
yjit-off/puma-response-array-2048kb/raptor-3r/repeat-1,yjit-off,false,puma-response-array-2048kb,puma-response-time-wrk,puma/benchmarks/local/response_time_wrk,https://github.com/puma/puma/blob/main/benchmarks/local/response_time_wrk.rb,raptor-3r,3,raptor,3,,1000,1000,15.982,5.0,1000,1000,15.862,2.0,5,true,1000,0,62.57,46.579,48.105,51.35,4005.998,4130.827,65.227,65.227,11.82,20,20,221,same_worker,15,719297
yjit-off/puma-response-chunk-2048kb/raptor-3r/repeat-1,yjit-off,false,puma-response-chunk-2048kb,puma-response-time-wrk,puma/benchmarks/local/response_time_wrk,https://github.com/puma/puma/blob/main/benchmarks/local/response_time_wrk.rb,raptor-3r,3,raptor,3,,1000,1000,15.269,5.0,1000,1000,16.614,2.0,5,true,1000,0,65.494,46.898,48.99,51.999,3692.609,3737.955,65.227,65.227,12.99,20,20,210,same_worker,15,716102
yjit-off/puma-response-string-2048kb/raptor-3r/repeat-1,yjit-off,false,puma-response-string-2048kb,puma-response-time-wrk,puma/benchmarks/local/response_time_wrk,https://github.com/puma/puma/blob/main/benchmarks/local/response_time_wrk.rb,raptor-3r,3,raptor,3,,2744,1000,5.007,5.0,1000,1176,2.041,2.0,5,true,2744,0,547.979,5.303,7.473,20.598,548.303,565.691,73.762,73.762,13.395,20,20,60,same_worker,40,1974267
yjit-off/puma-response-io-2048kb/raptor-3r/repeat-1,yjit-off,false,puma-response-io-2048kb,puma-response-time-wrk,puma/benchmarks/local/response_time_wrk,https://github.com/puma/puma/blob/main/benchmarks/local/response_time_wrk.rb,raptor-3r,3,raptor,3,,1000,1000,17.117,5.0,1000,1000,17.965,2.0,5,true,1000,0,58.42,47.96,51.094,53.224,4309.321,4330.311,86.188,86.188,14.635,20,20,235,same_worker,113,4820612
yjit-off/puma-long-tail-fib-200ms-x6p0/raptor-3r/repeat-1,yjit-off,false,puma-long-tail-fib-200ms-x6p0,puma-long-tail-hey,puma/benchmarks/local/long_tail_hey + test/rackup/sleep_fibonacci,https://github.com/puma/puma/blob/main/benchmarks/local/long_tail_hey.rb,raptor-3r,3,raptor,3,,363,360,29.019,5.0,360,360,28.782,2.0,18,true,363,0,12.509,241.866,243.61,19618.277,24414.026,24414.163,86.621,86.621,23.73,20,20,395,same_worker,1,64913
yjit-off/puma-long-tail-fib-200ms-x4p0/raptor-3r/repeat-1,yjit-off,false,puma-long-tail-fib-200ms-x4p0,puma-long-tail-hey,puma/benchmarks/local/long_tail_hey + test/rackup/sleep_fibonacci,https://github.com/puma/puma/blob/main/benchmarks/local/long_tail_hey.rb,raptor-3r,3,raptor,3,,243,240,19.406,5.0,240,240,19.185,2.0,12,true,243,0,12.522,241.474,243.03,12799.663,14812.02,14812.263,86.652,86.652,31.68,20,20,267,same_worker,1,43471
yjit-off/puma-long-tail-fib-200ms-x3p0/raptor-3r/repeat-1,yjit-off,false,puma-long-tail-fib-200ms-x3p0,puma-long-tail-hey,puma/benchmarks/local/long_tail_hey + test/rackup/sleep_fibonacci,https://github.com/puma/puma/blob/main/benchmarks/local/long_tail_hey.rb,raptor-3r,3,raptor,3,,183,180,14.629,5.0,180,180,14.375,2.0,9,true,183,0,12.51,241.786,242.985,10018.949,10024.549,10025.406,86.66,86.66,36.905,20,20,201,same_worker,1,35880
yjit-off/puma-long-tail-fib-200ms-x2p0/raptor-3r/repeat-1,yjit-off,false,puma-long-tail-fib-200ms-x2p0,puma-long-tail-hey,puma/benchmarks/local/long_tail_hey + test/rackup/sleep_fibonacci,https://github.com/puma/puma/blob/main/benchmarks/local/long_tail_hey.rb,raptor-3r,3,raptor,3,,123,120,9.826,5.0,120,120,9.583,2.0,6,true,123,0,12.518,241.666,242.251,5228.123,5233.018,5233.65,86.684,86.684,40.315,20,20,136,same_worker,1,24177
yjit-off/puma-long-tail-fib-200ms-x1p5/raptor-3r/repeat-1,yjit-off,false,puma-long-tail-fib-200ms-x1p5,puma-long-tail-hey,puma/benchmarks/local/long_tail_hey + test/rackup/sleep_fibonacci,https://github.com/puma/puma/blob/main/benchmarks/local/long_tail_hey.rb,raptor-3r,3,raptor,3,,103,100,9.828,5.0,100,100,9.578,2.0,5,true,103,0,10.48,241.775,242.875,5128.745,5230.451,5230.678,86.75,86.75,42.825,20,20,137,same_worker,0,18952
yjit-off/puma-long-tail-fib-200ms-x1p0/raptor-3r/repeat-1,yjit-off,false,puma-long-tail-fib-200ms-x1p0,puma-long-tail-hey,puma/benchmarks/local/long_tail_hey + test/rackup/sleep_fibonacci,https://github.com/puma/puma/blob/main/benchmarks/local/long_tail_hey.rb,raptor-3r,3,raptor,3,,63,60,5.039,5.0,60,60,4.795,2.0,3,true,63,0,12.503,241.771,242.817,243.108,243.161,243.167,86.762,86.762,44.365,20,20,70,same_worker,1,13450
yjit-off/puma-long-tail-fib-200ms-x0p5/raptor-3r/repeat-1,yjit-off,false,puma-long-tail-fib-200ms-x0p5,puma-long-tail-hey,puma/benchmarks/local/long_tail_hey + test/rackup/sleep_fibonacci,https://github.com/puma/puma/blob/main/benchmarks/local/long_tail_hey.rb,raptor-3r,3,raptor,3,,42,40,5.036,5.0,40,40,4.796,2.0,2,true,42,0,8.34,241.823,242.248,242.676,242.94,242.969,86.762,86.762,45.29,20,20,71,same_worker,0,6873
yjit-off/puma-sleep-fibonacci-1ms/raptor-3r/repeat-1,yjit-off,false,puma-sleep-fibonacci-1ms,puma-sleep-fibonacci-test,puma/benchmarks/local/sleep_fibonacci_test + test/rackup/sleep_fibonacci,https://github.com/puma/puma/blob/main/benchmarks/local/sleep_fibonacci_test.rb,raptor-3r,3,raptor,3,,122,10,5.004,5.0,10,49,2.017,2.0,1,true,122,0,24.381,41.974,42.038,42.792,42.98,42.981,86.789,86.789,45.28,20,20,71,same_worker,1,25178
yjit-off/puma-sleep-fibonacci-5ms/raptor-3r/repeat-1,yjit-off,false,puma-sleep-fibonacci-5ms,puma-sleep-fibonacci-test,puma/benchmarks/local/sleep_fibonacci_test + test/rackup/sleep_fibonacci,https://github.com/puma/puma/blob/main/benchmarks/local/sleep_fibonacci_test.rb,raptor-3r,3,raptor,3,,109,10,5.011,5.0,10,45,2.038,2.0,1,true,109,0,21.754,46.968,47.916,47.991,48.051,48.058,86.789,86.789,44.985,20,20,71,same_worker,0,16501
yjit-off/puma-sleep-fibonacci-10ms/raptor-3r/repeat-1,yjit-off,false,puma-sleep-fibonacci-10ms,puma-sleep-fibonacci-test,puma/benchmarks/local/sleep_fibonacci_test + test/rackup/sleep_fibonacci,https://github.com/puma/puma/blob/main/benchmarks/local/sleep_fibonacci_test.rb,raptor-3r,3,raptor,3,,98,10,5.014,5.0,10,40,2.029,2.0,1,true,98,0,19.544,51.876,52.004,52.677,52.876,52.898,86.789,86.789,44.745,20,20,71,same_worker,1,20478
yjit-off/puma-sleep-fibonacci-50ms/raptor-3r/repeat-1,yjit-off,false,puma-sleep-fibonacci-50ms,puma-sleep-fibonacci-test,puma/benchmarks/local/sleep_fibonacci_test + test/rackup/sleep_fibonacci,https://github.com/puma/puma/blob/main/benchmarks/local/sleep_fibonacci_test.rb,raptor-3r,3,raptor,3,,55,10,5.003,5.0,10,23,2.067,2.0,1,true,55,0,10.994,91.898,92.085,92.948,92.952,92.952,86.793,86.793,44.625,20,20,71,same_worker,0,9872
yjit-off/puma-sleep-fibonacci-100ms/raptor-3r/repeat-1,yjit-off,false,puma-sleep-fibonacci-100ms,puma-sleep-fibonacci-test,puma/benchmarks/local/sleep_fibonacci_test + test/rackup/sleep_fibonacci,https://github.com/puma/puma/blob/main/benchmarks/local/sleep_fibonacci_test.rb,raptor-3r,3,raptor,3,,36,10,5.068,5.0,10,15,2.086,2.0,1,true,36,0,7.104,141.951,142.972,142.991,142.992,142.992,86.793,86.793,44.675,20,20,72,same_worker,0,4225
yjit-off/puma-sleep-fibonacci-200ms/raptor-3r/repeat-1,yjit-off,false,puma-sleep-fibonacci-200ms,puma-sleep-fibonacci-test,puma/benchmarks/local/sleep_fibonacci_test + test/rackup/sleep_fibonacci,https://github.com/puma/puma/blob/main/benchmarks/local/sleep_fibonacci_test.rb,raptor-3r,3,raptor,3,,21,10,5.037,5.0,10,10,2.379,2.0,1,true,21,0,4.169,241.915,242.05,242.1,242.111,242.112,86.793,86.793,44.75,20,20,71,same_worker,0,2255
yjit-off/puma-response-array-1kb/raptor-3r/repeat-2,yjit-off,false,puma-response-array-1kb,puma-response-time-wrk,puma/benchmarks/local/response_time_wrk,https://github.com/puma/puma/blob/main/benchmarks/local/response_time_wrk.rb,raptor-3r,3,raptor,3,,1000,1000,16.135,5.0,1000,1000,16.127,2.0,5,true,1000,0,61.979,40.995,41.981,42.261,4035.259,4036.343,28.184,28.184,3.755,20,20,226,same_worker,31,718132
yjit-off/puma-response-chunk-1kb/raptor-3r/repeat-2,yjit-off,false,puma-response-chunk-1kb,puma-response-time-wrk,puma/benchmarks/local/response_time_wrk,https://github.com/puma/puma/blob/main/benchmarks/local/response_time_wrk.rb,raptor-3r,3,raptor,3,,1000,1000,16.122,5.0,1000,1000,16.108,2.0,5,true,1000,0,62.028,40.986,41.963,42.35,4032.409,4036.036,28.184,28.184,3.085,20,20,226,same_worker,29,717036
yjit-off/puma-response-string-1kb/raptor-3r/repeat-2,yjit-off,false,puma-response-string-1kb,puma-response-time-wrk,puma/benchmarks/local/response_time_wrk,https://github.com/puma/puma/blob/main/benchmarks/local/response_time_wrk.rb,raptor-3r,3,raptor,3,,1000,1000,16.137,5.0,1000,1000,16.105,2.0,5,true,1000,0,61.969,40.992,41.984,42.44,4035.35,4037.406,28.383,28.383,2.89,20,20,226,same_worker,29,720417
yjit-off/puma-response-io-1kb/raptor-3r/repeat-2,yjit-off,false,puma-response-io-1kb,puma-response-time-wrk,puma/benchmarks/local/response_time_wrk,https://github.com/puma/puma/blob/main/benchmarks/local/response_time_wrk.rb,raptor-3r,3,raptor,3,,1000,1000,16.118,5.0,1000,1000,16.11,2.0,5,true,1000,0,62.044,40.987,41.961,42.187,4028.014,4029.993,28.422,28.422,2.83,20,20,226,same_worker,30,728622
yjit-off/puma-response-array-10kb/raptor-3r/repeat-2,yjit-off,false,puma-response-array-10kb,puma-response-time-wrk,puma/benchmarks/local/response_time_wrk,https://github.com/puma/puma/blob/main/benchmarks/local/response_time_wrk.rb,raptor-3r,3,raptor,3,,1000,1000,16.134,5.0,1000,1000,16.15,2.0,5,true,1000,0,61.981,40.993,41.949,42.296,4034.962,4035.715,28.422,28.422,2.8,20,20,225,same_worker,30,718596
yjit-off/puma-response-chunk-10kb/raptor-3r/repeat-2,yjit-off,false,puma-response-chunk-10kb,puma-response-time-wrk,puma/benchmarks/local/response_time_wrk,https://github.com/puma/puma/blob/main/benchmarks/local/response_time_wrk.rb,raptor-3r,3,raptor,3,,1000,1000,16.14,5.0,1000,1000,16.117,2.0,5,true,1000,0,61.958,40.993,41.974,42.383,4033.727,4033.964,28.422,28.422,2.8,20,20,226,same_worker,29,715366
yjit-off/puma-response-string-10kb/raptor-3r/repeat-2,yjit-off,false,puma-response-string-10kb,puma-response-time-wrk,puma/benchmarks/local/response_time_wrk,https://github.com/puma/puma/blob/main/benchmarks/local/response_time_wrk.rb,raptor-3r,3,raptor,3,,1000,1000,16.125,5.0,1000,1000,16.091,2.0,5,true,1000,0,62.014,41.002,41.986,42.378,4033.493,4035.455,28.426,28.426,2.785,20,20,227,same_worker,30,718309
yjit-off/puma-response-io-10kb/raptor-3r/repeat-2,yjit-off,false,puma-response-io-10kb,puma-response-time-wrk,puma/benchmarks/local/response_time_wrk,https://github.com/puma/puma/blob/main/benchmarks/local/response_time_wrk.rb,raptor-3r,3,raptor,3,,1000,1000,16.123,5.0,1000,1000,16.099,2.0,5,true,1000,0,62.025,40.995,41.986,42.286,4032.907,4035.498,29.078,29.078,2.775,20,20,226,same_worker,32,746138
yjit-off/puma-response-array-100kb/raptor-3r/repeat-2,yjit-off,false,puma-response-array-100kb,puma-response-time-wrk,puma/benchmarks/local/response_time_wrk,https://github.com/puma/puma/blob/main/benchmarks/local/response_time_wrk.rb,raptor-3r,3,raptor,3,,1000,1000,15.506,5.0,1000,1000,14.275,2.0,5,true,1000,0,64.492,40.982,41.979,42.124,3916.467,3917.484,29.078,29.078,2.88,20,20,218,same_worker,30,719249
yjit-off/puma-response-chunk-100kb/raptor-3r/repeat-2,yjit-off,false,puma-response-chunk-100kb,puma-response-time-wrk,puma/benchmarks/local/response_time_wrk,https://github.com/puma/puma/blob/main/benchmarks/local/response_time_wrk.rb,raptor-3r,3,raptor,3,,1000,1000,15.19,5.0,1000,1000,14.048,2.0,5,true,1000,0,65.834,40.981,41.984,42.662,3873.452,3915.382,29.078,29.078,3.0,20,20,214,same_worker,31,714739
yjit-off/puma-response-string-100kb/raptor-3r/repeat-2,yjit-off,false,puma-response-string-100kb,puma-response-time-wrk,puma/benchmarks/local/response_time_wrk,https://github.com/puma/puma/blob/main/benchmarks/local/response_time_wrk.rb,raptor-3r,3,raptor,3,,12192,1000,5.002,5.0,1000,5280,2.003,2.0,5,true,12192,0,2437.377,1.152,1.896,5.022,123.997,128.296,29.43,29.43,4.275,20,20,67,same_worker,376,8767357
yjit-off/puma-response-io-100kb/raptor-3r/repeat-2,yjit-off,false,puma-response-io-100kb,puma-response-time-wrk,puma/benchmarks/local/response_time_wrk,https://github.com/puma/puma/blob/main/benchmarks/local/response_time_wrk.rb,raptor-3r,3,raptor,3,,1000,1000,15.335,5.0,1000,1000,15.195,2.0,5,true,1000,0,65.209,40.985,41.982,42.908,3763.962,3923.008,35.031,35.031,4.935,20,20,215,same_worker,41,925249
yjit-off/puma-response-array-256kb/raptor-3r/repeat-2,yjit-off,false,puma-response-array-256kb,puma-response-time-wrk,puma/benchmarks/local/response_time_wrk,https://github.com/puma/puma/blob/main/benchmarks/local/response_time_wrk.rb,raptor-3r,3,raptor,3,,1000,1000,14.585,5.0,1000,1000,12.476,2.0,5,true,1000,0,68.565,41.943,42.596,43.222,3625.018,3791.509,35.031,35.031,5.095,20,20,205,same_worker,31,719237
yjit-off/puma-response-chunk-256kb/raptor-3r/repeat-2,yjit-off,false,puma-response-chunk-256kb,puma-response-time-wrk,puma/benchmarks/local/response_time_wrk,https://github.com/puma/puma/blob/main/benchmarks/local/response_time_wrk.rb,raptor-3r,3,raptor,3,,1000,1000,14.713,5.0,1000,1000,12.579,2.0,5,true,1000,0,67.968,41.941,42.469,43.268,3670.774,3714.851,35.031,35.031,5.29,20,20,207,same_worker,32,716249
yjit-off/puma-response-string-256kb/raptor-3r/repeat-2,yjit-off,false,puma-response-string-256kb,puma-response-time-wrk,puma/benchmarks/local/response_time_wrk,https://github.com/puma/puma/blob/main/benchmarks/local/response_time_wrk.rb,raptor-3r,3,raptor,3,,9265,1000,5.001,5.0,1000,3602,2.002,2.0,5,true,9265,0,1852.488,1.547,2.428,5.253,161.979,173.875,35.031,35.031,6.11,20,20,66,same_worker,293,6661444
yjit-off/puma-response-io-256kb/raptor-3r/repeat-2,yjit-off,false,puma-response-io-256kb,puma-response-time-wrk,puma/benchmarks/local/response_time_wrk,https://github.com/puma/puma/blob/main/benchmarks/local/response_time_wrk.rb,raptor-3r,3,raptor,3,,1000,1000,15.441,5.0,1000,1000,14.618,2.0,5,true,1000,0,64.763,41.97,42.96,43.482,3839.642,3843.936,38.535,38.215,6.645,20,20,217,same_worker,60,1237249
yjit-off/puma-response-array-512kb/raptor-3r/repeat-2,yjit-off,false,puma-response-array-512kb,puma-response-time-wrk,puma/benchmarks/local/response_time_wrk,https://github.com/puma/puma/blob/main/benchmarks/local/response_time_wrk.rb,raptor-3r,3,raptor,3,,1000,1000,15.403,5.0,1000,1000,15.789,2.0,5,true,1000,0,64.922,41.991,43.053,44.215,3877.54,3941.844,38.215,38.215,6.875,20,20,217,same_worker,32,721138
yjit-off/puma-response-chunk-512kb/raptor-3r/repeat-2,yjit-off,false,puma-response-chunk-512kb,puma-response-time-wrk,puma/benchmarks/local/response_time_wrk,https://github.com/puma/puma/blob/main/benchmarks/local/response_time_wrk.rb,raptor-3r,3,raptor,3,,1000,1000,13.826,5.0,1000,1000,15.234,2.0,5,true,1000,0,72.325,41.996,43.385,44.241,3382.388,3534.942,38.215,38.215,7.145,20,20,194,same_worker,32,717537
yjit-off/puma-response-string-512kb/raptor-3r/repeat-2,yjit-off,false,puma-response-string-512kb,puma-response-time-wrk,puma/benchmarks/local/response_time_wrk,https://github.com/puma/puma/blob/main/benchmarks/local/response_time_wrk.rb,raptor-3r,3,raptor,3,,6841,1000,5.003,5.0,1000,2898,2.003,2.0,5,true,6841,0,1367.441,1.999,3.278,13.486,219.067,239.724,39.09,39.09,7.685,20,20,65,same_worker,222,4917454
yjit-off/puma-response-io-512kb/raptor-3r/repeat-2,yjit-off,false,puma-response-io-512kb,puma-response-time-wrk,puma/benchmarks/local/response_time_wrk,https://github.com/puma/puma/blob/main/benchmarks/local/response_time_wrk.rb,raptor-3r,3,raptor,3,,1000,1000,15.705,5.0,1000,1000,15.942,2.0,5,true,1000,0,63.673,42.946,43.977,45.204,3902.136,3928.273,44.168,43.113,8.22,20,20,220,same_worker,93,1748209
yjit-off/puma-response-array-1024kb/raptor-3r/repeat-2,yjit-off,false,puma-response-array-1024kb,puma-response-time-wrk,puma/benchmarks/local/response_time_wrk,https://github.com/puma/puma/blob/main/benchmarks/local/response_time_wrk.rb,raptor-3r,3,raptor,3,,1000,1000,14.42,5.0,1000,1000,14.765,2.0,5,true,1000,0,69.349,43.778,44.939,46.484,3446.442,3499.206,43.113,43.113,8.795,20,20,201,same_worker,33,720824
yjit-off/puma-response-chunk-1024kb/raptor-3r/repeat-2,yjit-off,false,puma-response-chunk-1024kb,puma-response-time-wrk,puma/benchmarks/local/response_time_wrk,https://github.com/puma/puma/blob/main/benchmarks/local/response_time_wrk.rb,raptor-3r,3,raptor,3,,1000,1000,14.014,5.0,1000,1000,15.258,2.0,5,true,1000,0,71.359,43.88,44.993,48.53,3245.869,3287.509,43.113,43.113,9.405,20,20,195,same_worker,33,714449
yjit-off/puma-response-string-1024kb/raptor-3r/repeat-2,yjit-off,false,puma-response-string-1024kb,puma-response-time-wrk,puma/benchmarks/local/response_time_wrk,https://github.com/puma/puma/blob/main/benchmarks/local/response_time_wrk.rb,raptor-3r,3,raptor,3,,4533,1000,5.004,5.0,1000,1851,2.148,2.0,5,true,4533,0,905.951,3.02,5.214,14.842,340.852,352.783,46.203,46.203,9.82,20,20,63,same_worker,150,3259310
yjit-off/puma-response-io-1024kb/raptor-3r/repeat-2,yjit-off,false,puma-response-io-1024kb,puma-response-time-wrk,puma/benchmarks/local/response_time_wrk,https://github.com/puma/puma/blob/main/benchmarks/local/response_time_wrk.rb,raptor-3r,3,raptor,3,,1000,1000,15.243,5.0,1000,1000,15.579,2.0,5,true,1000,0,65.604,44.857,46.239,49.699,3663.102,3711.69,51.973,51.973,10.64,20,20,212,same_worker,163,2772979
yjit-off/puma-response-array-2048kb/raptor-3r/repeat-2,yjit-off,false,puma-response-array-2048kb,puma-response-time-wrk,puma/benchmarks/local/response_time_wrk,https://github.com/puma/puma/blob/main/benchmarks/local/response_time_wrk.rb,raptor-3r,3,raptor,3,,1000,1000,16.172,5.0,1000,1000,16.658,2.0,5,true,1000,0,61.834,46.861,48.241,49.969,3715.622,3966.49,49.906,49.906,11.76,20,20,224,same_worker,33,718629
yjit-off/puma-response-chunk-2048kb/raptor-3r/repeat-2,yjit-off,false,puma-response-chunk-2048kb,puma-response-time-wrk,puma/benchmarks/local/response_time_wrk,https://github.com/puma/puma/blob/main/benchmarks/local/response_time_wrk.rb,raptor-3r,3,raptor,3,,1000,1000,17.144,5.0,1000,1000,16.112,2.0,5,true,1000,0,58.331,46.815,48.024,49.57,4204.096,4329.122,49.906,49.906,12.89,20,20,238,same_worker,33,716249
yjit-off/puma-response-string-2048kb/raptor-3r/repeat-2,yjit-off,false,puma-response-string-2048kb,puma-response-time-wrk,puma/benchmarks/local/response_time_wrk,https://github.com/puma/puma/blob/main/benchmarks/local/response_time_wrk.rb,raptor-3r,3,raptor,3,,2723,1000,5.008,5.0,1000,1223,2.009,2.0,5,true,2723,0,543.686,5.378,7.389,13.763,555.665,584.614,55.918,55.918,13.255,20,20,60,same_worker,92,1956832
yjit-off/puma-response-io-2048kb/raptor-3r/repeat-2,yjit-off,false,puma-response-io-2048kb,puma-response-time-wrk,puma/benchmarks/local/response_time_wrk,https://github.com/puma/puma/blob/main/benchmarks/local/response_time_wrk.rb,raptor-3r,3,raptor,3,,1000,1000,17.248,5.0,1000,1000,17.609,2.0,5,true,1000,0,57.979,47.973,51.087,54.215,4282.012,4314.379,82.063,82.063,14.47,20,20,238,same_worker,114,4821701
yjit-off/puma-long-tail-fib-200ms-x6p0/raptor-3r/repeat-2,yjit-off,false,puma-long-tail-fib-200ms-x6p0,puma-long-tail-hey,puma/benchmarks/local/long_tail_hey + test/rackup/sleep_fibonacci,https://github.com/puma/puma/blob/main/benchmarks/local/long_tail_hey.rb,raptor-3r,3,raptor,3,,363,360,29.009,5.0,360,360,28.788,2.0,18,true,363,0,12.514,241.815,243.97,19614.835,24406.295,24407.467,82.313,82.313,23.51,20,20,394,same_worker,2,64323
yjit-off/puma-long-tail-fib-200ms-x4p0/raptor-3r/repeat-2,yjit-off,false,puma-long-tail-fib-200ms-x4p0,puma-long-tail-hey,puma/benchmarks/local/long_tail_hey + test/rackup/sleep_fibonacci,https://github.com/puma/puma/blob/main/benchmarks/local/long_tail_hey.rb,raptor-3r,3,raptor,3,,243,240,19.432,5.0,240,240,19.183,2.0,12,true,243,0,12.505,241.897,244.315,12813.049,14828.164,14828.191,82.355,82.355,31.405,20,20,265,same_worker,1,45889
yjit-off/puma-long-tail-fib-200ms-x3p0/raptor-3r/repeat-2,yjit-off,false,puma-long-tail-fib-200ms-x3p0,puma-long-tail-hey,puma/benchmarks/local/long_tail_hey + test/rackup/sleep_fibonacci,https://github.com/puma/puma/blob/main/benchmarks/local/long_tail_hey.rb,raptor-3r,3,raptor,3,,183,180,14.628,5.0,180,180,14.383,2.0,9,true,183,0,12.51,241.876,243.097,10031.72,10033.853,10034.267,82.383,82.383,36.62,20,20,200,same_worker,0,29904
yjit-off/puma-long-tail-fib-200ms-x2p0/raptor-3r/repeat-2,yjit-off,false,puma-long-tail-fib-200ms-x2p0,puma-long-tail-hey,puma/benchmarks/local/long_tail_hey + test/rackup/sleep_fibonacci,https://github.com/puma/puma/blob/main/benchmarks/local/long_tail_hey.rb,raptor-3r,3,raptor,3,,123,120,9.832,5.0,120,120,9.597,2.0,6,true,123,0,12.51,241.908,242.481,5238.031,5240.549,5240.898,82.406,82.406,40.03,20,20,135,same_worker,0,20632
yjit-off/puma-long-tail-fib-200ms-x1p5/raptor-3r/repeat-2,yjit-off,false,puma-long-tail-fib-200ms-x1p5,puma-long-tail-hey,puma/benchmarks/local/long_tail_hey + test/rackup/sleep_fibonacci,https://github.com/puma/puma/blob/main/benchmarks/local/long_tail_hey.rb,raptor-3r,3,raptor,3,,103,100,9.829,5.0,100,100,9.591,2.0,5,true,103,0,10.479,241.704,242.534,5135.378,5235.362,5235.378,82.418,82.418,42.535,20,20,135,same_worker,0,17134
yjit-off/puma-long-tail-fib-200ms-x1p0/raptor-3r/repeat-2,yjit-off,false,puma-long-tail-fib-200ms-x1p0,puma-long-tail-hey,puma/benchmarks/local/long_tail_hey + test/rackup/sleep_fibonacci,https://github.com/puma/puma/blob/main/benchmarks/local/long_tail_hey.rb,raptor-3r,3,raptor,3,,63,60,5.033,5.0,60,60,4.797,2.0,3,true,63,0,12.518,241.394,242.251,243.09,243.838,243.921,82.426,82.426,44.08,20,20,70,same_worker,0,10591
yjit-off/puma-long-tail-fib-200ms-x0p5/raptor-3r/repeat-2,yjit-off,false,puma-long-tail-fib-200ms-x0p5,puma-long-tail-hey,puma/benchmarks/local/long_tail_hey + test/rackup/sleep_fibonacci,https://github.com/puma/puma/blob/main/benchmarks/local/long_tail_hey.rb,raptor-3r,3,raptor,3,,42,40,5.038,5.0,40,40,4.794,2.0,2,true,42,0,8.337,241.741,242.355,242.906,242.908,242.908,82.43,82.43,45.015,20,20,70,same_worker,0,7984
yjit-off/puma-sleep-fibonacci-1ms/raptor-3r/repeat-2,yjit-off,false,puma-sleep-fibonacci-1ms,puma-sleep-fibonacci-test,puma/benchmarks/local/sleep_fibonacci_test + test/rackup/sleep_fibonacci,https://github.com/puma/puma/blob/main/benchmarks/local/sleep_fibonacci_test.rb,raptor-3r,3,raptor,3,,122,10,5.004,5.0,10,49,2.018,2.0,1,true,122,0,24.381,41.955,42.047,42.797,42.947,42.952,82.445,82.445,45.0,20,20,71,same_worker,1,21182
yjit-off/puma-sleep-fibonacci-5ms/raptor-3r/repeat-2,yjit-off,false,puma-sleep-fibonacci-5ms,puma-sleep-fibonacci-test,puma/benchmarks/local/sleep_fibonacci_test + test/rackup/sleep_fibonacci,https://github.com/puma/puma/blob/main/benchmarks/local/sleep_fibonacci_test.rb,raptor-3r,3,raptor,3,,109,10,5.004,5.0,10,45,2.042,2.0,1,true,109,0,21.783,46.949,47.097,47.934,47.965,47.969,82.449,82.449,44.71,20,20,71,same_worker,0,16579
yjit-off/puma-sleep-fibonacci-10ms/raptor-3r/repeat-2,yjit-off,false,puma-sleep-fibonacci-10ms,puma-sleep-fibonacci-test,puma/benchmarks/local/sleep_fibonacci_test + test/rackup/sleep_fibonacci,https://github.com/puma/puma/blob/main/benchmarks/local/sleep_fibonacci_test.rb,raptor-3r,3,raptor,3,,98,10,5.005,5.0,10,40,2.033,2.0,1,true,98,0,19.582,51.057,51.999,52.054,52.058,52.058,82.457,82.457,44.47,20,20,71,same_worker,1,17828
yjit-off/puma-sleep-fibonacci-50ms/raptor-3r/repeat-2,yjit-off,false,puma-sleep-fibonacci-50ms,puma-sleep-fibonacci-test,puma/benchmarks/local/sleep_fibonacci_test + test/rackup/sleep_fibonacci,https://github.com/puma/puma/blob/main/benchmarks/local/sleep_fibonacci_test.rb,raptor-3r,3,raptor,3,,55,10,5.003,5.0,10,23,2.068,2.0,1,true,55,0,10.994,91.908,91.997,92.902,92.902,92.902,82.457,82.457,44.4,20,20,71,same_worker,0,10094
yjit-off/puma-sleep-fibonacci-100ms/raptor-3r/repeat-2,yjit-off,false,puma-sleep-fibonacci-100ms,puma-sleep-fibonacci-test,puma/benchmarks/local/sleep_fibonacci_test + test/rackup/sleep_fibonacci,https://github.com/puma/puma/blob/main/benchmarks/local/sleep_fibonacci_test.rb,raptor-3r,3,raptor,3,,36,10,5.066,5.0,10,15,2.085,2.0,1,true,36,0,7.107,141.943,142.53,142.944,142.951,142.952,82.457,82.457,44.4,20,20,72,same_worker,0,6528
yjit-off/puma-sleep-fibonacci-200ms/raptor-3r/repeat-2,yjit-off,false,puma-sleep-fibonacci-200ms,puma-sleep-fibonacci-test,puma/benchmarks/local/sleep_fibonacci_test + test/rackup/sleep_fibonacci,https://github.com/puma/puma/blob/main/benchmarks/local/sleep_fibonacci_test.rb,raptor-3r,3,raptor,3,,21,10,5.036,5.0,10,10,2.375,2.0,1,true,21,0,4.17,241.909,242.038,242.047,242.049,242.05,82.461,82.461,44.495,20,20,71,same_worker,0,3776
yjit-off/puma-response-array-1kb/raptor-3r/repeat-3,yjit-off,false,puma-response-array-1kb,puma-response-time-wrk,puma/benchmarks/local/response_time_wrk,https://github.com/puma/puma/blob/main/benchmarks/local/response_time_wrk.rb,raptor-3r,3,raptor,3,,1000,1000,16.133,5.0,1000,1000,16.128,2.0,5,true,1000,0,61.987,40.993,41.946,42.277,4034.011,4035.955,28.277,28.277,3.705,20,20,226,same_worker,29,719827
yjit-off/puma-response-chunk-1kb/raptor-3r/repeat-3,yjit-off,false,puma-response-chunk-1kb,puma-response-time-wrk,puma/benchmarks/local/response_time_wrk,https://github.com/puma/puma/blob/main/benchmarks/local/response_time_wrk.rb,raptor-3r,3,raptor,3,,1000,1000,16.135,5.0,1000,1000,16.104,2.0,5,true,1000,0,61.978,40.993,41.982,42.457,4036.533,4037.429,28.301,28.301,3.085,20,20,226,same_worker,29,716589
yjit-off/puma-response-string-1kb/raptor-3r/repeat-3,yjit-off,false,puma-response-string-1kb,puma-response-time-wrk,puma/benchmarks/local/response_time_wrk,https://github.com/puma/puma/blob/main/benchmarks/local/response_time_wrk.rb,raptor-3r,3,raptor,3,,1000,1000,16.135,5.0,1000,1000,16.105,2.0,5,true,1000,0,61.978,40.992,41.972,42.31,4034.294,4036.081,28.309,28.309,2.9,20,20,226,same_worker,29,720839
yjit-off/puma-response-io-1kb/raptor-3r/repeat-3,yjit-off,false,puma-response-io-1kb,puma-response-time-wrk,puma/benchmarks/local/response_time_wrk,https://github.com/puma/puma/blob/main/benchmarks/local/response_time_wrk.rb,raptor-3r,3,raptor,3,,1000,1000,16.132,5.0,1000,1000,16.121,2.0,5,true,1000,0,61.987,40.993,41.969,42.704,4034.731,4036.46,28.34,28.34,2.895,20,20,226,same_worker,29,727365
yjit-off/puma-response-array-10kb/raptor-3r/repeat-3,yjit-off,false,puma-response-array-10kb,puma-response-time-wrk,puma/benchmarks/local/response_time_wrk,https://github.com/puma/puma/blob/main/benchmarks/local/response_time_wrk.rb,raptor-3r,3,raptor,3,,1000,1000,16.169,5.0,1000,1000,16.121,2.0,5,true,1000,0,61.847,40.988,41.982,42.429,4036.653,4074.481,28.34,28.34,2.885,20,20,226,same_worker,29,718432
yjit-off/puma-response-chunk-10kb/raptor-3r/repeat-3,yjit-off,false,puma-response-chunk-10kb,puma-response-time-wrk,puma/benchmarks/local/response_time_wrk,https://github.com/puma/puma/blob/main/benchmarks/local/response_time_wrk.rb,raptor-3r,3,raptor,3,,1000,1000,16.108,5.0,1000,1000,16.09,2.0,5,true,1000,0,62.082,40.983,41.949,42.086,4029.93,4032.702,28.367,28.367,2.8,20,20,226,same_worker,30,715843
yjit-off/puma-response-string-10kb/raptor-3r/repeat-3,yjit-off,false,puma-response-string-10kb,puma-response-time-wrk,puma/benchmarks/local/response_time_wrk,https://github.com/puma/puma/blob/main/benchmarks/local/response_time_wrk.rb,raptor-3r,3,raptor,3,,1000,1000,16.121,5.0,1000,1000,16.106,2.0,5,true,1000,0,62.031,40.992,41.98,42.383,4033.978,4040.385,28.383,28.383,2.795,20,20,226,same_worker,29,717988
yjit-off/puma-response-io-10kb/raptor-3r/repeat-3,yjit-off,false,puma-response-io-10kb,puma-response-time-wrk,puma/benchmarks/local/response_time_wrk,https://github.com/puma/puma/blob/main/benchmarks/local/response_time_wrk.rb,raptor-3r,3,raptor,3,,1000,1000,16.135,5.0,1000,1000,16.111,2.0,5,true,1000,0,61.976,40.992,41.995,42.408,4032.787,4036.692,28.926,28.926,2.8,20,20,227,same_worker,31,746178
yjit-off/puma-response-array-100kb/raptor-3r/repeat-3,yjit-off,false,puma-response-array-100kb,puma-response-time-wrk,puma/benchmarks/local/response_time_wrk,https://github.com/puma/puma/blob/main/benchmarks/local/response_time_wrk.rb,raptor-3r,3,raptor,3,,1000,1000,15.501,5.0,1000,1000,14.637,2.0,5,true,1000,0,64.513,40.982,41.985,42.959,3920.784,4046.919,28.926,28.926,2.885,20,20,219,same_worker,29,719197
yjit-off/puma-response-chunk-100kb/raptor-3r/repeat-3,yjit-off,false,puma-response-chunk-100kb,puma-response-time-wrk,puma/benchmarks/local/response_time_wrk,https://github.com/puma/puma/blob/main/benchmarks/local/response_time_wrk.rb,raptor-3r,3,raptor,3,,1000,1000,15.627,5.0,1000,1000,13.969,2.0,5,true,1000,0,63.992,40.983,41.983,42.181,3873.826,4039.907,29.023,29.023,3.0,20,20,220,same_worker,29,715590
yjit-off/puma-response-string-100kb/raptor-3r/repeat-3,yjit-off,false,puma-response-string-100kb,puma-response-time-wrk,puma/benchmarks/local/response_time_wrk,https://github.com/puma/puma/blob/main/benchmarks/local/response_time_wrk.rb,raptor-3r,3,raptor,3,,12219,1000,5.002,5.0,1000,5052,2.002,2.0,5,true,12219,0,2442.984,1.129,1.933,6.052,122.116,129.522,29.387,29.387,4.27,20,20,67,same_worker,368,8786631
yjit-off/puma-response-io-100kb/raptor-3r/repeat-3,yjit-off,false,puma-response-io-100kb,puma-response-time-wrk,puma/benchmarks/local/response_time_wrk,https://github.com/puma/puma/blob/main/benchmarks/local/response_time_wrk.rb,raptor-3r,3,raptor,3,,1000,1000,13.428,5.0,1000,1000,10.651,2.0,5,true,1000,0,74.473,41.053,42.12,43.149,3220.476,3276.313,34.703,34.703,5.07,20,20,188,same_worker,42,926228
yjit-off/puma-response-array-256kb/raptor-3r/repeat-3,yjit-off,false,puma-response-array-256kb,puma-response-time-wrk,puma/benchmarks/local/response_time_wrk,https://github.com/puma/puma/blob/main/benchmarks/local/response_time_wrk.rb,raptor-3r,3,raptor,3,,1000,1000,14.67,5.0,1000,1000,12.009,2.0,5,true,1000,0,68.168,41.948,42.834,43.279,3679.989,3746.617,34.703,34.703,5.225,20,20,206,same_worker,31,718476
yjit-off/puma-response-chunk-256kb/raptor-3r/repeat-3,yjit-off,false,puma-response-chunk-256kb,puma-response-time-wrk,puma/benchmarks/local/response_time_wrk,https://github.com/puma/puma/blob/main/benchmarks/local/response_time_wrk.rb,raptor-3r,3,raptor,3,,1000,1000,14.271,5.0,1000,1000,12.727,2.0,5,true,1000,0,70.074,41.938,42.62,43.411,3653.878,3815.819,34.703,34.703,5.39,20,20,201,same_worker,31,714799
yjit-off/puma-response-string-256kb/raptor-3r/repeat-3,yjit-off,false,puma-response-string-256kb,puma-response-time-wrk,puma/benchmarks/local/response_time_wrk,https://github.com/puma/puma/blob/main/benchmarks/local/response_time_wrk.rb,raptor-3r,3,raptor,3,,8969,1000,5.003,5.0,1000,3927,2.029,2.0,5,true,8969,0,1792.739,1.553,2.533,13.487,169.063,179.359,34.805,34.805,6.215,20,20,66,same_worker,278,6450151
yjit-off/puma-response-io-256kb/raptor-3r/repeat-3,yjit-off,false,puma-response-io-256kb,puma-response-time-wrk,puma/benchmarks/local/response_time_wrk,https://github.com/puma/puma/blob/main/benchmarks/local/response_time_wrk.rb,raptor-3r,3,raptor,3,,1000,1000,15.657,5.0,1000,1000,14.669,2.0,5,true,1000,0,63.87,41.975,42.953,43.299,3955.673,3966.204,38.246,37.758,6.72,20,20,221,same_worker,60,1237476
yjit-off/puma-response-array-512kb/raptor-3r/repeat-3,yjit-off,false,puma-response-array-512kb,puma-response-time-wrk,puma/benchmarks/local/response_time_wrk,https://github.com/puma/puma/blob/main/benchmarks/local/response_time_wrk.rb,raptor-3r,3,raptor,3,,1000,1000,15.628,5.0,1000,1000,15.643,2.0,5,true,1000,0,63.986,41.988,43.054,44.817,3846.522,3938.588,37.758,37.758,6.945,20,20,220,same_worker,32,720231
yjit-off/puma-response-chunk-512kb/raptor-3r/repeat-3,yjit-off,false,puma-response-chunk-512kb,puma-response-time-wrk,puma/benchmarks/local/response_time_wrk,https://github.com/puma/puma/blob/main/benchmarks/local/response_time_wrk.rb,raptor-3r,3,raptor,3,,1000,1000,15.373,5.0,1000,1000,15.592,2.0,5,true,1000,0,65.049,41.989,43.07,44.066,3770.399,3801.817,37.758,37.758,7.165,20,20,216,same_worker,31,716373
yjit-off/puma-response-string-512kb/raptor-3r/repeat-3,yjit-off,false,puma-response-string-512kb,puma-response-time-wrk,puma/benchmarks/local/response_time_wrk,https://github.com/puma/puma/blob/main/benchmarks/local/response_time_wrk.rb,raptor-3r,3,raptor,3,,6776,1000,5.003,5.0,1000,2787,2.005,2.0,5,true,6776,0,1354.426,2.037,3.308,13.846,228.577,240.511,39.125,39.125,7.69,20,20,65,same_worker,216,4876208
yjit-off/puma-response-io-512kb/raptor-3r/repeat-3,yjit-off,false,puma-response-io-512kb,puma-response-time-wrk,puma/benchmarks/local/response_time_wrk,https://github.com/puma/puma/blob/main/benchmarks/local/response_time_wrk.rb,raptor-3r,3,raptor,3,,1000,1000,15.745,5.0,1000,1000,14.805,2.0,5,true,1000,0,63.514,42.941,43.928,44.915,3910.028,4044.466,44.129,44.129,8.245,20,20,221,same_worker,92,1748564
yjit-off/puma-response-array-1024kb/raptor-3r/repeat-3,yjit-off,false,puma-response-array-1024kb,puma-response-time-wrk,puma/benchmarks/local/response_time_wrk,https://github.com/puma/puma/blob/main/benchmarks/local/response_time_wrk.rb,raptor-3r,3,raptor,3,,1000,1000,15.139,5.0,1000,1000,15.828,2.0,5,true,1000,0,66.055,43.857,44.966,48.716,4045.482,4087.082,44.129,44.129,8.78,20,20,211,same_worker,33,719370
yjit-off/puma-response-chunk-1024kb/raptor-3r/repeat-3,yjit-off,false,puma-response-chunk-1024kb,puma-response-time-wrk,puma/benchmarks/local/response_time_wrk,https://github.com/puma/puma/blob/main/benchmarks/local/response_time_wrk.rb,raptor-3r,3,raptor,3,,1000,1000,14.719,5.0,1000,1000,16.297,2.0,5,true,1000,0,67.941,43.617,44.991,45.915,3525.306,3611.88,44.129,44.129,9.325,20,20,205,same_worker,32,717298
yjit-off/puma-response-string-1024kb/raptor-3r/repeat-3,yjit-off,false,puma-response-string-1024kb,puma-response-time-wrk,puma/benchmarks/local/response_time_wrk,https://github.com/puma/puma/blob/main/benchmarks/local/response_time_wrk.rb,raptor-3r,3,raptor,3,,4595,1000,5.005,5.0,1000,1945,2.004,2.0,5,true,4595,0,918.116,3.014,4.972,18.174,322.262,346.912,46.574,46.574,9.74,20,20,63,same_worker,149,3304810
yjit-off/puma-response-io-1024kb/raptor-3r/repeat-3,yjit-off,false,puma-response-io-1024kb,puma-response-time-wrk,puma/benchmarks/local/response_time_wrk,https://github.com/puma/puma/blob/main/benchmarks/local/response_time_wrk.rb,raptor-3r,3,raptor,3,,1000,1000,15.392,5.0,1000,1000,16.598,2.0,5,true,1000,0,64.967,44.511,46.574,49.016,3719.595,3739.704,50.016,49.566,10.495,20,20,214,same_worker,163,2773896
yjit-off/puma-response-array-2048kb/raptor-3r/repeat-3,yjit-off,false,puma-response-array-2048kb,puma-response-time-wrk,puma/benchmarks/local/response_time_wrk,https://github.com/puma/puma/blob/main/benchmarks/local/response_time_wrk.rb,raptor-3r,3,raptor,3,,1000,1000,15.141,5.0,1000,1000,16.529,2.0,5,true,1000,0,66.044,46.0,48.428,50.923,3649.387,3772.167,49.566,49.566,11.665,20,20,209,same_worker,33,718164
yjit-off/puma-response-chunk-2048kb/raptor-3r/repeat-3,yjit-off,false,puma-response-chunk-2048kb,puma-response-time-wrk,puma/benchmarks/local/response_time_wrk,https://github.com/puma/puma/blob/main/benchmarks/local/response_time_wrk.rb,raptor-3r,3,raptor,3,,1000,1000,16.433,5.0,1000,1000,16.212,2.0,5,true,1000,0,60.854,46.893,48.379,50.569,3984.602,4069.75,49.566,49.566,12.825,20,20,227,same_worker,33,715149
yjit-off/puma-response-string-2048kb/raptor-3r/repeat-3,yjit-off,false,puma-response-string-2048kb,puma-response-time-wrk,puma/benchmarks/local/response_time_wrk,https://github.com/puma/puma/blob/main/benchmarks/local/response_time_wrk.rb,raptor-3r,3,raptor,3,,2815,1000,5.008,5.0,1000,1131,2.083,2.0,5,true,2815,0,562.068,5.237,6.942,13.371,533.625,559.954,55.578,55.578,13.21,20,20,60,same_worker,93,2023485
yjit-off/puma-response-io-2048kb/raptor-3r/repeat-3,yjit-off,false,puma-response-io-2048kb,puma-response-time-wrk,puma/benchmarks/local/response_time_wrk,https://github.com/puma/puma/blob/main/benchmarks/local/response_time_wrk.rb,raptor-3r,3,raptor,3,,1000,1000,17.669,5.0,1000,1000,17.818,2.0,5,true,1000,0,56.597,47.963,50.928,53.0,4452.686,4463.304,83.695,83.695,14.385,20,20,245,same_worker,109,4820795
yjit-off/puma-long-tail-fib-200ms-x6p0/raptor-3r/repeat-3,yjit-off,false,puma-long-tail-fib-200ms-x6p0,puma-long-tail-hey,puma/benchmarks/local/long_tail_hey + test/rackup/sleep_fibonacci,https://github.com/puma/puma/blob/main/benchmarks/local/long_tail_hey.rb,raptor-3r,3,raptor,3,,363,360,29.027,5.0,360,360,28.774,2.0,18,true,363,0,12.505,241.907,244.51,19628.708,24418.41,24422.069,83.961,83.961,23.43,20,20,395,same_worker,1,62745
yjit-off/puma-long-tail-fib-200ms-x4p0/raptor-3r/repeat-3,yjit-off,false,puma-long-tail-fib-200ms-x4p0,puma-long-tail-hey,puma/benchmarks/local/long_tail_hey + test/rackup/sleep_fibonacci,https://github.com/puma/puma/blob/main/benchmarks/local/long_tail_hey.rb,raptor-3r,3,raptor,3,,243,240,19.429,5.0,240,240,19.187,2.0,12,true,243,0,12.507,241.927,242.897,12805.511,14819.805,14820.253,84.02,84.02,31.335,20,20,265,same_worker,1,43538
yjit-off/puma-long-tail-fib-200ms-x3p0/raptor-3r/repeat-3,yjit-off,false,puma-long-tail-fib-200ms-x3p0,puma-long-tail-hey,puma/benchmarks/local/long_tail_hey + test/rackup/sleep_fibonacci,https://github.com/puma/puma/blob/main/benchmarks/local/long_tail_hey.rb,raptor-3r,3,raptor,3,,183,180,14.624,5.0,180,180,14.383,2.0,9,true,183,0,12.514,241.864,243.259,10025.312,10026.165,10026.198,84.027,84.027,36.565,20,20,202,same_worker,0,29320
yjit-off/puma-long-tail-fib-200ms-x2p0/raptor-3r/repeat-3,yjit-off,false,puma-long-tail-fib-200ms-x2p0,puma-long-tail-hey,puma/benchmarks/local/long_tail_hey + test/rackup/sleep_fibonacci,https://github.com/puma/puma/blob/main/benchmarks/local/long_tail_hey.rb,raptor-3r,3,raptor,3,,123,120,9.831,5.0,120,120,9.584,2.0,6,true,123,0,12.512,241.728,242.874,5229.731,5230.987,5231.067,84.031,84.031,39.99,20,20,136,same_worker,0,22135
yjit-off/puma-long-tail-fib-200ms-x1p5/raptor-3r/repeat-3,yjit-off,false,puma-long-tail-fib-200ms-x1p5,puma-long-tail-hey,puma/benchmarks/local/long_tail_hey + test/rackup/sleep_fibonacci,https://github.com/puma/puma/blob/main/benchmarks/local/long_tail_hey.rb,raptor-3r,3,raptor,3,,103,100,9.823,5.0,100,100,9.578,2.0,5,true,103,0,10.486,241.642,242.837,5130.487,5230.77,5230.831,84.043,84.043,42.49,20,20,137,same_worker,0,16639
yjit-off/puma-long-tail-fib-200ms-x1p0/raptor-3r/repeat-3,yjit-off,false,puma-long-tail-fib-200ms-x1p0,puma-long-tail-hey,puma/benchmarks/local/long_tail_hey + test/rackup/sleep_fibonacci,https://github.com/puma/puma/blob/main/benchmarks/local/long_tail_hey.rb,raptor-3r,3,raptor,3,,63,60,5.04,5.0,60,60,4.792,2.0,3,true,63,0,12.499,241.745,242.558,243.385,244.026,244.097,84.051,84.051,44.05,20,20,70,same_worker,0,11476
yjit-off/puma-long-tail-fib-200ms-x0p5/raptor-3r/repeat-3,yjit-off,false,puma-long-tail-fib-200ms-x0p5,puma-long-tail-hey,puma/benchmarks/local/long_tail_hey + test/rackup/sleep_fibonacci,https://github.com/puma/puma/blob/main/benchmarks/local/long_tail_hey.rb,raptor-3r,3,raptor,3,,42,40,5.036,5.0,40,40,4.795,2.0,2,true,42,0,8.34,241.78,242.459,242.745,242.823,242.831,84.066,84.066,44.98,20,20,71,same_worker,0,5936
yjit-off/puma-sleep-fibonacci-1ms/raptor-3r/repeat-3,yjit-off,false,puma-sleep-fibonacci-1ms,puma-sleep-fibonacci-test,puma/benchmarks/local/sleep_fibonacci_test + test/rackup/sleep_fibonacci,https://github.com/puma/puma/blob/main/benchmarks/local/sleep_fibonacci_test.rb,raptor-3r,3,raptor,3,,122,10,5.004,5.0,10,49,2.018,2.0,1,true,122,0,24.382,41.973,42.06,42.821,43.008,43.013,84.074,84.074,44.955,20,20,71,same_worker,1,22450
yjit-off/puma-sleep-fibonacci-5ms/raptor-3r/repeat-3,yjit-off,false,puma-sleep-fibonacci-5ms,puma-sleep-fibonacci-test,puma/benchmarks/local/sleep_fibonacci_test + test/rackup/sleep_fibonacci,https://github.com/puma/puma/blob/main/benchmarks/local/sleep_fibonacci_test.rb,raptor-3r,3,raptor,3,,110,10,5.046,5.0,10,45,2.037,2.0,1,true,110,0,21.801,46.968,47.223,47.979,47.984,47.984,84.074,84.074,44.67,20,20,72,same_worker,0,19780
yjit-off/puma-sleep-fibonacci-10ms/raptor-3r/repeat-3,yjit-off,false,puma-sleep-fibonacci-10ms,puma-sleep-fibonacci-test,puma/benchmarks/local/sleep_fibonacci_test + test/rackup/sleep_fibonacci,https://github.com/puma/puma/blob/main/benchmarks/local/sleep_fibonacci_test.rb,raptor-3r,3,raptor,3,,99,10,5.018,5.0,10,40,2.006,2.0,1,true,99,0,19.729,50.984,51.958,51.977,51.994,51.996,84.102,84.102,44.44,20,20,72,same_worker,1,17407
yjit-off/puma-sleep-fibonacci-50ms/raptor-3r/repeat-3,yjit-off,false,puma-sleep-fibonacci-50ms,puma-sleep-fibonacci-test,puma/benchmarks/local/sleep_fibonacci_test + test/rackup/sleep_fibonacci,https://github.com/puma/puma/blob/main/benchmarks/local/sleep_fibonacci_test.rb,raptor-3r,3,raptor,3,,55,10,5.0,5.0,10,23,2.067,2.0,1,true,55,0,11.0,91.956,92.13,92.982,92.983,92.983,84.109,84.109,44.3,20,20,72,same_worker,0,9872
yjit-off/puma-sleep-fibonacci-100ms/raptor-3r/repeat-3,yjit-off,false,puma-sleep-fibonacci-100ms,puma-sleep-fibonacci-test,puma/benchmarks/local/sleep_fibonacci_test + test/rackup/sleep_fibonacci,https://github.com/puma/puma/blob/main/benchmarks/local/sleep_fibonacci_test.rb,raptor-3r,3,raptor,3,,36,10,5.05,5.0,10,15,2.083,2.0,1,true,36,0,7.129,141.002,142.239,142.985,142.992,142.993,84.109,84.109,44.35,20,20,72,same_worker,0,6528
yjit-off/puma-sleep-fibonacci-200ms/raptor-3r/repeat-3,yjit-off,false,puma-sleep-fibonacci-200ms,puma-sleep-fibonacci-test,puma/benchmarks/local/sleep_fibonacci_test + test/rackup/sleep_fibonacci,https://github.com/puma/puma/blob/main/benchmarks/local/sleep_fibonacci_test.rb,raptor-3r,3,raptor,3,,21,10,5.036,5.0,10,10,2.373,2.0,1,true,21,0,4.17,241.942,242.051,242.172,242.2,242.203,84.109,84.109,44.44,20,20,72,same_worker,0,3500
yjit-off/puma-response-array-1kb/puma-1w-3t/repeat-1,yjit-off,false,puma-response-array-1kb,puma-response-time-wrk,puma/benchmarks/local/response_time_wrk,https://github.com/puma/puma/blob/main/benchmarks/local/response_time_wrk.rb,puma-1w-3t,3,puma,1,3,16106,1000,5.001,5.0,1000,6507,2.001,2.0,5,true,16106,0,3220.597,1.49,1.977,2.381,3.027,3.561,65.953,65.953,95.925,20,20,66,multiprocess_sample_only,,
yjit-off/puma-response-chunk-1kb/puma-1w-3t/repeat-1,yjit-off,false,puma-response-chunk-1kb,puma-response-time-wrk,puma/benchmarks/local/response_time_wrk,https://github.com/puma/puma/blob/main/benchmarks/local/response_time_wrk.rb,puma-1w-3t,3,puma,1,3,15637,1000,5.001,5.0,1000,6408,2.001,2.0,5,true,15637,0,3126.768,1.537,2.048,2.469,3.426,4.213,66.035,66.035,92.24,20,20,66,multiprocess_sample_only,,
yjit-off/puma-response-string-1kb/puma-1w-3t/repeat-1,yjit-off,false,puma-response-string-1kb,puma-response-time-wrk,puma/benchmarks/local/response_time_wrk,https://github.com/puma/puma/blob/main/benchmarks/local/response_time_wrk.rb,puma-1w-3t,3,puma,1,3,15919,1000,5.001,5.0,1000,6574,2.001,2.0,5,true,15919,0,3183.087,1.504,2.028,2.447,3.158,4.106,66.262,66.262,91.565,20,20,66,multiprocess_sample_only,,
yjit-off/puma-response-io-1kb/puma-1w-3t/repeat-1,yjit-off,false,puma-response-io-1kb,puma-response-time-wrk,puma/benchmarks/local/response_time_wrk,https://github.com/puma/puma/blob/main/benchmarks/local/response_time_wrk.rb,puma-1w-3t,3,puma,1,3,15712,1000,5.001,5.0,1000,6434,2.001,2.0,5,true,15712,0,3141.726,1.525,2.088,2.533,3.377,4.694,66.539,66.539,92.945,20,20,66,multiprocess_sample_only,,
yjit-off/puma-response-array-10kb/puma-1w-3t/repeat-1,yjit-off,false,puma-response-array-10kb,puma-response-time-wrk,puma/benchmarks/local/response_time_wrk,https://github.com/puma/puma/blob/main/benchmarks/local/response_time_wrk.rb,puma-1w-3t,3,puma,1,3,15792,1000,5.001,5.0,1000,6497,2.001,2.0,5,true,15792,0,3157.823,1.516,2.059,2.5,3.19,4.228,68.129,68.129,93.42,20,20,66,multiprocess_sample_only,,
yjit-off/puma-response-chunk-10kb/puma-1w-3t/repeat-1,yjit-off,false,puma-response-chunk-10kb,puma-response-time-wrk,puma/benchmarks/local/response_time_wrk,https://github.com/puma/puma/blob/main/benchmarks/local/response_time_wrk.rb,puma-1w-3t,3,puma,1,3,13760,1000,5.001,5.0,1000,5686,2.001,2.0,5,true,13760,0,2751.358,1.748,2.353,2.82,3.695,4.147,68.121,68.063,92.835,20,20,66,multiprocess_sample_only,,
yjit-off/puma-response-string-10kb/puma-1w-3t/repeat-1,yjit-off,false,puma-response-string-10kb,puma-response-time-wrk,puma/benchmarks/local/response_time_wrk,https://github.com/puma/puma/blob/main/benchmarks/local/response_time_wrk.rb,puma-1w-3t,3,puma,1,3,15870,1000,5.001,5.0,1000,6515,2.001,2.0,5,true,15870,0,3173.323,1.509,2.041,2.436,3.215,4.689,68.246,68.246,92.455,20,20,66,multiprocess_sample_only,,
yjit-off/puma-response-io-10kb/puma-1w-3t/repeat-1,yjit-off,false,puma-response-io-10kb,puma-response-time-wrk,puma/benchmarks/local/response_time_wrk,https://github.com/puma/puma/blob/main/benchmarks/local/response_time_wrk.rb,puma-1w-3t,3,puma,1,3,15495,1000,5.001,5.0,1000,6421,2.001,2.0,5,true,15495,0,3098.142,1.543,2.163,2.653,3.528,4.551,69.133,68.695,92.99,20,20,66,multiprocess_sample_only,,
yjit-off/puma-response-array-100kb/puma-1w-3t/repeat-1,yjit-off,false,puma-response-array-100kb,puma-response-time-wrk,puma/benchmarks/local/response_time_wrk,https://github.com/puma/puma/blob/main/benchmarks/local/response_time_wrk.rb,puma-1w-3t,3,puma,1,3,12733,1000,5.001,5.0,1000,5231,2.001,2.0,5,true,12733,0,2545.842,1.903,2.416,2.836,3.997,5.064,80.023,77.996,93.215,20,20,65,multiprocess_sample_only,,
yjit-off/puma-response-chunk-100kb/puma-1w-3t/repeat-1,yjit-off,false,puma-response-chunk-100kb,puma-response-time-wrk,puma/benchmarks/local/response_time_wrk,https://github.com/puma/puma/blob/main/benchmarks/local/response_time_wrk.rb,puma-1w-3t,3,puma,1,3,6488,1000,5.004,5.0,1000,2609,2.003,2.0,5,true,6488,0,1296.685,3.819,4.631,5.072,6.539,7.659,74.223,73.836,92.385,20,20,62,multiprocess_sample_only,,
yjit-off/puma-response-string-100kb/puma-1w-3t/repeat-1,yjit-off,false,puma-response-string-100kb,puma-response-time-wrk,puma/benchmarks/local/response_time_wrk,https://github.com/puma/puma/blob/main/benchmarks/local/response_time_wrk.rb,puma-1w-3t,3,puma,1,3,12694,1000,5.002,5.0,1000,5118,2.002,2.0,5,true,12694,0,2537.798,1.918,2.394,2.862,3.784,4.496,78.965,77.965,91.585,20,20,65,multiprocess_sample_only,,
yjit-off/puma-response-io-100kb/puma-1w-3t/repeat-1,yjit-off,false,puma-response-io-100kb,puma-response-time-wrk,puma/benchmarks/local/response_time_wrk,https://github.com/puma/puma/blob/main/benchmarks/local/response_time_wrk.rb,puma-1w-3t,3,puma,1,3,12664,1000,5.016,5.0,1000,5130,2.001,2.0,5,true,12664,0,2524.846,1.48,2.216,41.095,42.784,43.871,68.641,68.578,91.095,20,20,67,multiprocess_sample_only,,
yjit-off/puma-response-array-256kb/puma-1w-3t/repeat-1,yjit-off,false,puma-response-array-256kb,puma-response-time-wrk,puma/benchmarks/local/response_time_wrk,https://github.com/puma/puma/blob/main/benchmarks/local/response_time_wrk.rb,puma-1w-3t,3,puma,1,3,9286,1000,5.002,5.0,1000,3791,2.002,2.0,5,true,9286,0,1856.441,2.453,3.771,6.617,13.827,16.021,95.746,93.098,90.7,20,20,64,multiprocess_sample_only,,
yjit-off/puma-response-chunk-256kb/puma-1w-3t/repeat-1,yjit-off,false,puma-response-chunk-256kb,puma-response-time-wrk,puma/benchmarks/local/response_time_wrk,https://github.com/puma/puma/blob/main/benchmarks/local/response_time_wrk.rb,puma-1w-3t,3,puma,1,3,3496,1000,5.005,5.0,1000,1421,2.007,2.0,5,true,3496,0,698.539,7.141,8.579,9.396,12.541,13.338,77.781,77.652,90.165,20,20,57,multiprocess_sample_only,,
yjit-off/puma-response-string-256kb/puma-1w-3t/repeat-1,yjit-off,false,puma-response-string-256kb,puma-response-time-wrk,puma/benchmarks/local/response_time_wrk,https://github.com/puma/puma/blob/main/benchmarks/local/response_time_wrk.rb,puma-1w-3t,3,puma,1,3,9565,1000,5.002,5.0,1000,3873,2.002,2.0,5,true,9565,0,1912.146,2.403,3.59,6.055,12.842,13.638,72.176,72.176,88.895,20,20,64,multiprocess_sample_only,,
yjit-off/puma-response-io-256kb/puma-1w-3t/repeat-1,yjit-off,false,puma-response-io-256kb,puma-response-time-wrk,puma/benchmarks/local/response_time_wrk,https://github.com/puma/puma/blob/main/benchmarks/local/response_time_wrk.rb,puma-1w-3t,3,puma,1,3,9132,1000,5.002,5.0,1000,3867,2.002,2.0,5,true,9132,0,1825.785,2.489,3.812,7.108,14.456,17.325,72.176,72.176,87.545,20,20,63,multiprocess_sample_only,,
yjit-off/puma-response-array-512kb/puma-1w-3t/repeat-1,yjit-off,false,puma-response-array-512kb,puma-response-time-wrk,puma/benchmarks/local/response_time_wrk,https://github.com/puma/puma/blob/main/benchmarks/local/response_time_wrk.rb,puma-1w-3t,3,puma,1,3,6501,1000,5.002,5.0,1000,2715,2.002,2.0,5,true,6501,0,1299.611,3.468,5.732,14.765,18.8,20.714,115.949,109.473,86.965,20,20,61,multiprocess_sample_only,,
yjit-off/puma-response-chunk-512kb/puma-1w-3t/repeat-1,yjit-off,false,puma-response-chunk-512kb,puma-response-time-wrk,puma/benchmarks/local/response_time_wrk,https://github.com/puma/puma/blob/main/benchmarks/local/response_time_wrk.rb,puma-1w-3t,3,puma,1,3,1920,1000,5.008,5.0,1000,1000,2.516,2.0,5,true,1920,0,383.355,13.124,15.436,16.295,17.951,23.736,79.551,79.355,86.48,20,20,49,multiprocess_sample_only,,
yjit-off/puma-response-string-512kb/puma-1w-3t/repeat-1,yjit-off,false,puma-response-string-512kb,puma-response-time-wrk,puma/benchmarks/local/response_time_wrk,https://github.com/puma/puma/blob/main/benchmarks/local/response_time_wrk.rb,puma-1w-3t,3,puma,1,3,6868,1000,5.004,5.0,1000,2712,2.015,2.0,5,true,6868,0,1372.529,3.246,5.502,14.512,17.509,19.804,76.52,76.52,85.3,20,20,62,multiprocess_sample_only,,
yjit-off/puma-response-io-512kb/puma-1w-3t/repeat-1,yjit-off,false,puma-response-io-512kb,puma-response-time-wrk,puma/benchmarks/local/response_time_wrk,https://github.com/puma/puma/blob/main/benchmarks/local/response_time_wrk.rb,puma-1w-3t,3,puma,1,3,6824,1000,5.003,5.0,1000,2668,2.003,2.0,5,true,6824,0,1364.064,3.3,5.564,14.575,16.471,17.036,76.52,76.52,83.705,20,20,62,multiprocess_sample_only,,
yjit-off/puma-response-array-1024kb/puma-1w-3t/repeat-1,yjit-off,false,puma-response-array-1024kb,puma-response-time-wrk,puma/benchmarks/local/response_time_wrk,https://github.com/puma/puma/blob/main/benchmarks/local/response_time_wrk.rb,puma-1w-3t,3,puma,1,3,4256,1000,5.004,5.0,1000,1654,2.005,2.0,5,true,4256,0,850.438,5.524,8.577,18.559,21.952,24.8,144.324,125.605,82.855,20,20,59,multiprocess_sample_only,,
yjit-off/puma-response-chunk-1024kb/puma-1w-3t/repeat-1,yjit-off,false,puma-response-chunk-1024kb,puma-response-time-wrk,puma/benchmarks/local/response_time_wrk,https://github.com/puma/puma/blob/main/benchmarks/local/response_time_wrk.rb,puma-1w-3t,3,puma,1,3,1071,1000,5.018,5.0,1000,1000,4.346,2.0,5,true,1071,0,213.415,23.546,27.846,29.475,32.425,33.785,78.859,78.477,82.565,20,20,40,multiprocess_sample_only,,
yjit-off/puma-response-string-1024kb/puma-1w-3t/repeat-1,yjit-off,false,puma-response-string-1024kb,puma-response-time-wrk,puma/benchmarks/local/response_time_wrk,https://github.com/puma/puma/blob/main/benchmarks/local/response_time_wrk.rb,puma-1w-3t,3,puma,1,3,4356,1000,5.004,5.0,1000,1780,2.004,2.0,5,true,4356,0,870.584,5.254,7.937,18.797,21.096,25.383,78.926,78.926,81.32,20,20,59,multiprocess_sample_only,,
yjit-off/puma-response-io-1024kb/puma-1w-3t/repeat-1,yjit-off,false,puma-response-io-1024kb,puma-response-time-wrk,puma/benchmarks/local/response_time_wrk,https://github.com/puma/puma/blob/main/benchmarks/local/response_time_wrk.rb,puma-1w-3t,3,puma,1,3,4401,1000,5.004,5.0,1000,1794,2.004,2.0,5,true,4401,0,879.501,5.157,8.291,18.283,21.02,22.842,78.926,78.926,79.525,20,20,59,multiprocess_sample_only,,
yjit-off/puma-response-array-2048kb/puma-1w-3t/repeat-1,yjit-off,false,puma-response-array-2048kb,puma-response-time-wrk,puma/benchmarks/local/response_time_wrk,https://github.com/puma/puma/blob/main/benchmarks/local/response_time_wrk.rb,puma-1w-3t,3,puma,1,3,2475,1000,5.009,5.0,1000,1000,2.1,2.0,5,true,2475,0,494.084,10.012,14.9,17.589,20.791,22.202,129.211,90.566,79.26,20,20,60,multiprocess_sample_only,,
yjit-off/puma-response-chunk-2048kb/puma-1w-3t/repeat-1,yjit-off,false,puma-response-chunk-2048kb,puma-response-time-wrk,puma/benchmarks/local/response_time_wrk,https://github.com/puma/puma/blob/main/benchmarks/local/response_time_wrk.rb,puma-1w-3t,3,puma,1,3,1000,1000,9.02,5.0,1000,1000,8.336,2.0,5,true,1000,0,110.869,45.13,53.087,57.486,84.662,90.279,81.195,81.195,79.37,20,20,51,multiprocess_sample_only,,
yjit-off/puma-response-string-2048kb/puma-1w-3t/repeat-1,yjit-off,false,puma-response-string-2048kb,puma-response-time-wrk,puma/benchmarks/local/response_time_wrk,https://github.com/puma/puma/blob/main/benchmarks/local/response_time_wrk.rb,puma-1w-3t,3,puma,1,3,2632,1000,5.01,5.0,1000,1078,2.008,2.0,5,true,2632,0,525.364,9.364,10.946,11.937,17.58,19.008,83.219,83.219,78.2,20,20,54,multiprocess_sample_only,,
yjit-off/puma-response-io-2048kb/puma-1w-3t/repeat-1,yjit-off,false,puma-response-io-2048kb,puma-response-time-wrk,puma/benchmarks/local/response_time_wrk,https://github.com/puma/puma/blob/main/benchmarks/local/response_time_wrk.rb,puma-1w-3t,3,puma,1,3,2645,1000,5.008,5.0,1000,1132,2.008,2.0,5,true,2645,0,528.179,9.243,11.289,12.869,18.656,18.891,83.219,83.219,76.515,20,20,53,multiprocess_sample_only,,
yjit-off/puma-long-tail-fib-200ms-x6p0/puma-1w-3t/repeat-1,yjit-off,false,puma-long-tail-fib-200ms-x6p0,puma-long-tail-hey,puma/benchmarks/local/long_tail_hey + test/rackup/sleep_fibonacci,https://github.com/puma/puma/blob/main/benchmarks/local/long_tail_hey.rb,puma-1w-3t,3,puma,1,3,360,360,51.023,5.0,360,360,50.973,2.0,18,true,360,0,7.056,2548.222,2579.861,2601.847,2626.16,2636.098,100.93,100.93,82.315,20,20,707,multiprocess_sample_only,,
yjit-off/puma-long-tail-fib-200ms-x4p0/puma-1w-3t/repeat-1,yjit-off,false,puma-long-tail-fib-200ms-x4p0,puma-long-tail-hey,puma/benchmarks/local/long_tail_hey + test/rackup/sleep_fibonacci,https://github.com/puma/puma/blob/main/benchmarks/local/long_tail_hey.rb,puma-1w-3t,3,puma,1,3,240,240,33.986,5.0,240,240,33.986,2.0,12,true,240,0,7.062,1697.626,1727.71,1736.252,1737.091,1737.168,106.715,106.715,86.09,20,20,473,multiprocess_sample_only,,
yjit-off/puma-long-tail-fib-200ms-x3p0/puma-1w-3t/repeat-1,yjit-off,false,puma-long-tail-fib-200ms-x3p0,puma-long-tail-hey,puma/benchmarks/local/long_tail_hey + test/rackup/sleep_fibonacci,https://github.com/puma/puma/blob/main/benchmarks/local/long_tail_hey.rb,puma-1w-3t,3,puma,1,3,180,180,25.496,5.0,180,180,25.485,2.0,9,true,180,0,7.06,1274.989,1300.491,1310.344,1324.137,1327.033,108.297,108.297,87.945,20,20,357,multiprocess_sample_only,,
yjit-off/puma-long-tail-fib-200ms-x2p0/puma-1w-3t/repeat-1,yjit-off,false,puma-long-tail-fib-200ms-x2p0,puma-long-tail-hey,puma/benchmarks/local/long_tail_hey + test/rackup/sleep_fibonacci,https://github.com/puma/puma/blob/main/benchmarks/local/long_tail_hey.rb,puma-1w-3t,3,puma,1,3,120,120,16.985,5.0,120,120,16.987,2.0,6,true,120,0,7.065,848.647,875.604,898.146,906.891,908.05,108.363,108.363,88.955,20,20,237,multiprocess_sample_only,,
yjit-off/puma-long-tail-fib-200ms-x1p5/puma-1w-3t/repeat-1,yjit-off,false,puma-long-tail-fib-200ms-x1p5,puma-long-tail-hey,puma/benchmarks/local/long_tail_hey + test/rackup/sleep_fibonacci,https://github.com/puma/puma/blob/main/benchmarks/local/long_tail_hey.rb,puma-1w-3t,3,puma,1,3,100,100,14.152,5.0,100,100,14.152,2.0,5,true,100,0,7.066,800.889,852.649,857.038,877.006,879.225,108.371,108.371,89.64,20,20,197,multiprocess_sample_only,,
yjit-off/puma-long-tail-fib-200ms-x1p0/puma-1w-3t/repeat-1,yjit-off,false,puma-long-tail-fib-200ms-x1p0,puma-long-tail-hey,puma/benchmarks/local/long_tail_hey + test/rackup/sleep_fibonacci,https://github.com/puma/puma/blob/main/benchmarks/local/long_tail_hey.rb,puma-1w-3t,3,puma,1,3,60,60,8.501,5.0,60,60,8.494,2.0,3,true,60,0,7.058,424.735,443.067,446.155,449.452,449.818,110.078,110.078,90.05,20,20,119,multiprocess_sample_only,,
yjit-off/puma-long-tail-fib-200ms-x0p5/puma-1w-3t/repeat-1,yjit-off,false,puma-long-tail-fib-200ms-x0p5,puma-long-tail-hey,puma/benchmarks/local/long_tail_hey + test/rackup/sleep_fibonacci,https://github.com/puma/puma/blob/main/benchmarks/local/long_tail_hey.rb,puma-1w-3t,3,puma,1,3,40,40,5.663,5.0,40,40,5.662,2.0,2,true,40,0,7.063,283.149,287.306,287.871,288.179,288.213,110.078,110.078,90.28,20,20,80,multiprocess_sample_only,,
yjit-off/puma-sleep-fibonacci-1ms/puma-1w-3t/repeat-1,yjit-off,false,puma-sleep-fibonacci-1ms,puma-sleep-fibonacci-test,puma/benchmarks/local/sleep_fibonacci_test + test/rackup/sleep_fibonacci,https://github.com/puma/puma/blob/main/benchmarks/local/sleep_fibonacci_test.rb,puma-1w-3t,3,puma,1,3,3629,10,5.001,5.0,10,1438,2.001,2.0,1,true,3629,0,725.645,1.347,1.466,1.702,2.168,2.433,117.02,117.02,90.165,20,20,70,multiprocess_sample_only,,
yjit-off/puma-sleep-fibonacci-5ms/puma-1w-3t/repeat-1,yjit-off,false,puma-sleep-fibonacci-5ms,puma-sleep-fibonacci-test,puma/benchmarks/local/sleep_fibonacci_test + test/rackup/sleep_fibonacci,https://github.com/puma/puma/blob/main/benchmarks/local/sleep_fibonacci_test.rb,puma-1w-3t,3,puma,1,3,936,10,5.003,5.0,10,373,2.001,2.0,1,true,936,0,187.093,5.307,5.429,5.625,6.147,6.3,119.488,119.488,89.945,20,20,71,multiprocess_sample_only,,
yjit-off/puma-sleep-fibonacci-10ms/puma-1w-3t/repeat-1,yjit-off,false,puma-sleep-fibonacci-10ms,puma-sleep-fibonacci-test,puma/benchmarks/local/sleep_fibonacci_test + test/rackup/sleep_fibonacci,https://github.com/puma/puma/blob/main/benchmarks/local/sleep_fibonacci_test.rb,puma-1w-3t,3,puma,1,3,483,10,5.009,5.0,10,194,2.007,2.0,1,true,483,0,96.425,10.331,10.487,10.655,11.207,11.21,120.059,120.059,89.705,20,20,71,multiprocess_sample_only,,
yjit-off/puma-sleep-fibonacci-50ms/puma-1w-3t/repeat-1,yjit-off,false,puma-sleep-fibonacci-50ms,puma-sleep-fibonacci-test,puma/benchmarks/local/sleep_fibonacci_test + test/rackup/sleep_fibonacci,https://github.com/puma/puma/blob/main/benchmarks/local/sleep_fibonacci_test.rb,puma-1w-3t,3,puma,1,3,99,10,5.014,5.0,10,40,2.027,2.0,1,true,99,0,19.743,50.597,50.673,50.857,51.085,51.11,120.059,120.059,89.455,20,20,71,multiprocess_sample_only,,
yjit-off/puma-sleep-fibonacci-100ms/puma-1w-3t/repeat-1,yjit-off,false,puma-sleep-fibonacci-100ms,puma-sleep-fibonacci-test,puma/benchmarks/local/sleep_fibonacci_test + test/rackup/sleep_fibonacci,https://github.com/puma/puma/blob/main/benchmarks/local/sleep_fibonacci_test.rb,puma-1w-3t,3,puma,1,3,50,10,5.035,5.0,10,20,2.014,2.0,1,true,50,0,9.931,100.636,100.71,100.738,100.74,100.74,120.059,120.059,89.225,20,20,71,multiprocess_sample_only,,
yjit-off/puma-sleep-fibonacci-200ms/puma-1w-3t/repeat-1,yjit-off,false,puma-sleep-fibonacci-200ms,puma-sleep-fibonacci-test,puma/benchmarks/local/sleep_fibonacci_test + test/rackup/sleep_fibonacci,https://github.com/puma/puma/blob/main/benchmarks/local/sleep_fibonacci_test.rb,puma-1w-3t,3,puma,1,3,25,10,5.018,5.0,10,10,2.008,2.0,1,true,25,0,4.982,200.642,200.717,200.875,200.92,200.925,120.059,120.059,88.99,20,20,71,multiprocess_sample_only,,
yjit-off/puma-response-array-1kb/puma-1w-3t/repeat-2,yjit-off,false,puma-response-array-1kb,puma-response-time-wrk,puma/benchmarks/local/response_time_wrk,https://github.com/puma/puma/blob/main/benchmarks/local/response_time_wrk.rb,puma-1w-3t,3,puma,1,3,15719,1000,5.001,5.0,1000,6328,2.001,2.0,5,true,15719,0,3143.153,1.526,2.034,2.479,3.206,6.389,64.977,64.914,97.07,20,20,66,multiprocess_sample_only,,
yjit-off/puma-response-chunk-1kb/puma-1w-3t/repeat-2,yjit-off,false,puma-response-chunk-1kb,puma-response-time-wrk,puma/benchmarks/local/response_time_wrk,https://github.com/puma/puma/blob/main/benchmarks/local/response_time_wrk.rb,puma-1w-3t,3,puma,1,3,15282,1000,5.001,5.0,1000,6302,2.001,2.0,5,true,15282,0,3055.661,1.57,2.101,2.568,3.28,4.122,65.375,65.137,93.105,20,20,66,multiprocess_sample_only,,
yjit-off/puma-response-string-1kb/puma-1w-3t/repeat-2,yjit-off,false,puma-response-string-1kb,puma-response-time-wrk,puma/benchmarks/local/response_time_wrk,https://github.com/puma/puma/blob/main/benchmarks/local/response_time_wrk.rb,puma-1w-3t,3,puma,1,3,15631,1000,5.001,5.0,1000,6427,2.001,2.0,5,true,15631,0,3125.507,1.532,2.074,2.501,3.222,4.266,65.086,65.086,92.345,20,20,66,multiprocess_sample_only,,
yjit-off/puma-response-io-1kb/puma-1w-3t/repeat-2,yjit-off,false,puma-response-io-1kb,puma-response-time-wrk,puma/benchmarks/local/response_time_wrk,https://github.com/puma/puma/blob/main/benchmarks/local/response_time_wrk.rb,puma-1w-3t,3,puma,1,3,15345,1000,5.001,5.0,1000,6345,2.001,2.0,5,true,15345,0,3068.305,1.555,2.165,2.639,3.509,5.269,65.715,65.715,93.615,20,20,66,multiprocess_sample_only,,
yjit-off/puma-response-array-10kb/puma-1w-3t/repeat-2,yjit-off,false,puma-response-array-10kb,puma-response-time-wrk,puma/benchmarks/local/response_time_wrk,https://github.com/puma/puma/blob/main/benchmarks/local/response_time_wrk.rb,puma-1w-3t,3,puma,1,3,15519,1000,5.001,5.0,1000,6384,2.001,2.0,5,true,15519,0,3103.185,1.542,2.111,2.529,3.4,4.418,67.156,67.09,93.995,20,20,66,multiprocess_sample_only,,
yjit-off/puma-response-chunk-10kb/puma-1w-3t/repeat-2,yjit-off,false,puma-response-chunk-10kb,puma-response-time-wrk,puma/benchmarks/local/response_time_wrk,https://github.com/puma/puma/blob/main/benchmarks/local/response_time_wrk.rb,puma-1w-3t,3,puma,1,3,13476,1000,5.002,5.0,1000,5536,2.001,2.0,5,true,13476,0,2694.368,1.784,2.377,2.909,3.887,7.021,67.301,67.301,93.415,20,20,66,multiprocess_sample_only,,
yjit-off/puma-response-string-10kb/puma-1w-3t/repeat-2,yjit-off,false,puma-response-string-10kb,puma-response-time-wrk,puma/benchmarks/local/response_time_wrk,https://github.com/puma/puma/blob/main/benchmarks/local/response_time_wrk.rb,puma-1w-3t,3,puma,1,3,15492,1000,5.001,5.0,1000,6347,2.001,2.0,5,true,15492,0,3097.64,1.545,2.117,2.554,3.338,3.933,67.531,67.531,93.0,20,20,66,multiprocess_sample_only,,
yjit-off/puma-response-io-10kb/puma-1w-3t/repeat-2,yjit-off,false,puma-response-io-10kb,puma-response-time-wrk,puma/benchmarks/local/response_time_wrk,https://github.com/puma/puma/blob/main/benchmarks/local/response_time_wrk.rb,puma-1w-3t,3,puma,1,3,15088,1000,5.001,5.0,1000,6198,2.001,2.0,5,true,15088,0,3017.076,1.577,2.231,2.767,3.619,4.221,67.926,67.746,93.56,20,20,66,multiprocess_sample_only,,
yjit-off/puma-response-array-100kb/puma-1w-3t/repeat-2,yjit-off,false,puma-response-array-100kb,puma-response-time-wrk,puma/benchmarks/local/response_time_wrk,https://github.com/puma/puma/blob/main/benchmarks/local/response_time_wrk.rb,puma-1w-3t,3,puma,1,3,12626,1000,5.001,5.0,1000,5005,2.002,2.0,5,true,12626,0,2524.572,1.918,2.477,2.919,4.006,5.415,79.766,77.672,93.62,20,20,65,multiprocess_sample_only,,
yjit-off/puma-response-chunk-100kb/puma-1w-3t/repeat-2,yjit-off,false,puma-response-chunk-100kb,puma-response-time-wrk,puma/benchmarks/local/response_time_wrk,https://github.com/puma/puma/blob/main/benchmarks/local/response_time_wrk.rb,puma-1w-3t,3,puma,1,3,6487,1000,5.003,5.0,1000,2623,2.003,2.0,5,true,6487,0,1296.581,3.817,4.67,5.099,7.109,9.428,74.004,72.891,92.89,20,20,62,multiprocess_sample_only,,
yjit-off/puma-response-string-100kb/puma-1w-3t/repeat-2,yjit-off,false,puma-response-string-100kb,puma-response-time-wrk,puma/benchmarks/local/response_time_wrk,https://github.com/puma/puma/blob/main/benchmarks/local/response_time_wrk.rb,puma-1w-3t,3,puma,1,3,12526,1000,5.001,5.0,1000,5121,2.002,2.0,5,true,12526,0,2504.486,1.948,2.427,2.898,4.088,4.882,79.27,77.824,92.045,20,20,65,multiprocess_sample_only,,
yjit-off/puma-response-io-100kb/puma-1w-3t/repeat-2,yjit-off,false,puma-response-io-100kb,puma-response-time-wrk,puma/benchmarks/local/response_time_wrk,https://github.com/puma/puma/blob/main/benchmarks/local/response_time_wrk.rb,puma-1w-3t,3,puma,1,3,12398,1000,5.024,5.0,1000,5142,2.001,2.0,5,true,12398,0,2467.575,1.799,2.374,3.295,42.602,43.386,67.945,67.82,91.57,20,20,66,multiprocess_sample_only,,
yjit-off/puma-response-array-256kb/puma-1w-3t/repeat-2,yjit-off,false,puma-response-array-256kb,puma-response-time-wrk,puma/benchmarks/local/response_time_wrk,https://github.com/puma/puma/blob/main/benchmarks/local/response_time_wrk.rb,puma-1w-3t,3,puma,1,3,8869,1000,5.002,5.0,1000,3586,2.002,2.0,5,true,8869,0,1773.142,2.526,4.249,7.383,15.596,16.562,96.609,93.02,90.965,20,20,63,multiprocess_sample_only,,
yjit-off/puma-response-chunk-256kb/puma-1w-3t/repeat-2,yjit-off,false,puma-response-chunk-256kb,puma-response-time-wrk,puma/benchmarks/local/response_time_wrk,https://github.com/puma/puma/blob/main/benchmarks/local/response_time_wrk.rb,puma-1w-3t,3,puma,1,3,3405,1000,5.007,5.0,1000,1434,2.005,2.0,5,true,3405,0,680.013,7.321,8.861,9.785,12.353,16.203,77.746,76.953,90.36,20,20,57,multiprocess_sample_only,,
yjit-off/puma-response-string-256kb/puma-1w-3t/repeat-2,yjit-off,false,puma-response-string-256kb,puma-response-time-wrk,puma/benchmarks/local/response_time_wrk,https://github.com/puma/puma/blob/main/benchmarks/local/response_time_wrk.rb,puma-1w-3t,3,puma,1,3,9058,1000,5.002,5.0,1000,3741,2.002,2.0,5,true,9058,0,1810.972,2.474,4.148,7.666,16.376,17.834,73.246,72.934,89.08,20,20,63,multiprocess_sample_only,,
yjit-off/puma-response-io-256kb/puma-1w-3t/repeat-2,yjit-off,false,puma-response-io-256kb,puma-response-time-wrk,puma/benchmarks/local/response_time_wrk,https://github.com/puma/puma/blob/main/benchmarks/local/response_time_wrk.rb,puma-1w-3t,3,puma,1,3,8853,1000,5.002,5.0,1000,3639,2.003,2.0,5,true,8853,0,1769.842,2.534,4.093,8.037,15.624,16.128,73.246,72.875,87.585,20,20,63,multiprocess_sample_only,,
yjit-off/puma-response-array-512kb/puma-1w-3t/repeat-2,yjit-off,false,puma-response-array-512kb,puma-response-time-wrk,puma/benchmarks/local/response_time_wrk,https://github.com/puma/puma/blob/main/benchmarks/local/response_time_wrk.rb,puma-1w-3t,3,puma,1,3,6716,1000,5.003,5.0,1000,2527,2.002,2.0,5,true,6716,0,1342.388,3.298,5.774,15.142,17.908,19.117,123.582,123.047,86.89,20,20,62,multiprocess_sample_only,,
yjit-off/puma-response-chunk-512kb/puma-1w-3t/repeat-2,yjit-off,false,puma-response-chunk-512kb,puma-response-time-wrk,puma/benchmarks/local/response_time_wrk,https://github.com/puma/puma/blob/main/benchmarks/local/response_time_wrk.rb,puma-1w-3t,3,puma,1,3,1971,1000,5.011,5.0,1000,1000,2.451,2.0,5,true,1971,0,393.32,12.719,15.294,16.558,22.24,25.926,79.926,78.73,86.415,20,20,50,multiprocess_sample_only,,
yjit-off/puma-response-string-512kb/puma-1w-3t/repeat-2,yjit-off,false,puma-response-string-512kb,puma-response-time-wrk,puma/benchmarks/local/response_time_wrk,https://github.com/puma/puma/blob/main/benchmarks/local/response_time_wrk.rb,puma-1w-3t,3,puma,1,3,6622,1000,5.005,5.0,1000,2768,2.003,2.0,5,true,6622,0,1323.178,3.299,6.039,16.216,19.698,22.411,76.215,76.215,85.17,20,20,60,multiprocess_sample_only,,
yjit-off/puma-response-io-512kb/puma-1w-3t/repeat-2,yjit-off,false,puma-response-io-512kb,puma-response-time-wrk,puma/benchmarks/local/response_time_wrk,https://github.com/puma/puma/blob/main/benchmarks/local/response_time_wrk.rb,puma-1w-3t,3,puma,1,3,6673,1000,5.005,5.0,1000,2564,2.002,2.0,5,true,6673,0,1333.154,3.261,5.59,15.755,20.988,211.727,76.215,76.215,83.535,20,20,61,multiprocess_sample_only,,
yjit-off/puma-response-array-1024kb/puma-1w-3t/repeat-2,yjit-off,false,puma-response-array-1024kb,puma-response-time-wrk,puma/benchmarks/local/response_time_wrk,https://github.com/puma/puma/blob/main/benchmarks/local/response_time_wrk.rb,puma-1w-3t,3,puma,1,3,4084,1000,5.004,5.0,1000,1565,2.004,2.0,5,true,4084,0,816.162,5.691,8.343,20.265,24.013,24.798,136.961,106.039,82.72,20,20,57,multiprocess_sample_only,,
yjit-off/puma-response-chunk-1024kb/puma-1w-3t/repeat-2,yjit-off,false,puma-response-chunk-1024kb,puma-response-time-wrk,puma/benchmarks/local/response_time_wrk,https://github.com/puma/puma/blob/main/benchmarks/local/response_time_wrk.rb,puma-1w-3t,3,puma,1,3,1066,1000,5.018,5.0,1000,1000,4.711,2.0,5,true,1066,0,212.443,23.349,28.063,30.328,45.101,49.23,80.5,78.172,82.34,20,20,40,multiprocess_sample_only,,
yjit-off/puma-response-string-1024kb/puma-1w-3t/repeat-2,yjit-off,false,puma-response-string-1024kb,puma-response-time-wrk,puma/benchmarks/local/response_time_wrk,https://github.com/puma/puma/blob/main/benchmarks/local/response_time_wrk.rb,puma-1w-3t,3,puma,1,3,4172,1000,5.005,5.0,1000,1684,2.004,2.0,5,true,4172,0,833.518,5.396,8.933,20.884,24.4,26.033,77.523,77.523,81.04,20,20,57,multiprocess_sample_only,,
yjit-off/puma-response-io-1024kb/puma-1w-3t/repeat-2,yjit-off,false,puma-response-io-1024kb,puma-response-time-wrk,puma/benchmarks/local/response_time_wrk,https://github.com/puma/puma/blob/main/benchmarks/local/response_time_wrk.rb,puma-1w-3t,3,puma,1,3,4209,1000,5.009,5.0,1000,1755,2.003,2.0,5,true,4209,0,840.26,5.311,8.844,20.218,24.118,215.522,77.586,77.586,79.2,20,20,58,multiprocess_sample_only,,
yjit-off/puma-response-array-2048kb/puma-1w-3t/repeat-2,yjit-off,false,puma-response-array-2048kb,puma-response-time-wrk,puma/benchmarks/local/response_time_wrk,https://github.com/puma/puma/blob/main/benchmarks/local/response_time_wrk.rb,puma-1w-3t,3,puma,1,3,2411,1000,5.007,5.0,1000,1000,2.142,2.0,5,true,2411,0,481.547,10.245,12.477,13.671,16.286,20.531,95.016,86.957,78.79,20,20,53,multiprocess_sample_only,,
yjit-off/puma-response-chunk-2048kb/puma-1w-3t/repeat-2,yjit-off,false,puma-response-chunk-2048kb,puma-response-time-wrk,puma/benchmarks/local/response_time_wrk,https://github.com/puma/puma/blob/main/benchmarks/local/response_time_wrk.rb,puma-1w-3t,3,puma,1,3,1000,1000,8.954,5.0,1000,1000,8.442,2.0,5,true,1000,0,111.681,44.162,52.486,55.181,78.76,87.588,83.789,81.539,78.83,20,20,51,multiprocess_sample_only,,
yjit-off/puma-response-string-2048kb/puma-1w-3t/repeat-2,yjit-off,false,puma-response-string-2048kb,puma-response-time-wrk,puma/benchmarks/local/response_time_wrk,https://github.com/puma/puma/blob/main/benchmarks/local/response_time_wrk.rb,puma-1w-3t,3,puma,1,3,2690,1000,5.006,5.0,1000,1120,2.007,2.0,5,true,2690,0,537.311,9.104,10.899,12.382,17.141,17.83,83.555,83.555,77.74,20,20,53,multiprocess_sample_only,,
yjit-off/puma-response-io-2048kb/puma-1w-3t/repeat-2,yjit-off,false,puma-response-io-2048kb,puma-response-time-wrk,puma/benchmarks/local/response_time_wrk,https://github.com/puma/puma/blob/main/benchmarks/local/response_time_wrk.rb,puma-1w-3t,3,puma,1,3,2709,1000,5.009,5.0,1000,1034,2.008,2.0,5,true,2709,0,540.815,8.933,11.108,12.634,25.788,28.203,83.555,83.555,76.085,20,20,54,multiprocess_sample_only,,
yjit-off/puma-long-tail-fib-200ms-x6p0/puma-1w-3t/repeat-2,yjit-off,false,puma-long-tail-fib-200ms-x6p0,puma-long-tail-hey,puma/benchmarks/local/long_tail_hey + test/rackup/sleep_fibonacci,https://github.com/puma/puma/blob/main/benchmarks/local/long_tail_hey.rb,puma-1w-3t,3,puma,1,3,360,360,51.011,5.0,360,360,51.001,2.0,18,true,360,0,7.057,2544.657,2621.532,2660.798,2687.121,2695.125,103.398,103.398,81.93,20,20,705,multiprocess_sample_only,,
yjit-off/puma-long-tail-fib-200ms-x4p0/puma-1w-3t/repeat-2,yjit-off,false,puma-long-tail-fib-200ms-x4p0,puma-long-tail-hey,puma/benchmarks/local/long_tail_hey + test/rackup/sleep_fibonacci,https://github.com/puma/puma/blob/main/benchmarks/local/long_tail_hey.rb,puma-1w-3t,3,puma,1,3,240,240,34.018,5.0,240,240,34.006,2.0,12,true,240,0,7.055,1699.976,1759.07,1785.889,1799.091,1799.629,103.844,103.844,85.795,20,20,470,multiprocess_sample_only,,
yjit-off/puma-long-tail-fib-200ms-x3p0/puma-1w-3t/repeat-2,yjit-off,false,puma-long-tail-fib-200ms-x3p0,puma-long-tail-hey,puma/benchmarks/local/long_tail_hey + test/rackup/sleep_fibonacci,https://github.com/puma/puma/blob/main/benchmarks/local/long_tail_hey.rb,puma-1w-3t,3,puma,1,3,180,180,25.502,5.0,180,180,25.507,2.0,9,true,180,0,7.058,1274.766,1323.658,1339.358,1348.763,1349.456,103.973,103.973,87.675,20,20,353,multiprocess_sample_only,,
yjit-off/puma-long-tail-fib-200ms-x2p0/puma-1w-3t/repeat-2,yjit-off,false,puma-long-tail-fib-200ms-x2p0,puma-long-tail-hey,puma/benchmarks/local/long_tail_hey + test/rackup/sleep_fibonacci,https://github.com/puma/puma/blob/main/benchmarks/local/long_tail_hey.rb,puma-1w-3t,3,puma,1,3,120,120,17.009,5.0,120,120,16.998,2.0,6,true,120,0,7.055,846.627,887.313,897.114,910.744,912.531,104.039,104.039,88.71,20,20,236,multiprocess_sample_only,,
yjit-off/puma-long-tail-fib-200ms-x1p5/puma-1w-3t/repeat-2,yjit-off,false,puma-long-tail-fib-200ms-x1p5,puma-long-tail-hey,puma/benchmarks/local/long_tail_hey + test/rackup/sleep_fibonacci,https://github.com/puma/puma/blob/main/benchmarks/local/long_tail_hey.rb,puma-1w-3t,3,puma,1,3,100,100,14.202,5.0,100,100,14.226,2.0,5,true,100,0,7.041,738.125,836.569,854.3,863.013,863.981,106.641,106.641,89.395,20,20,198,multiprocess_sample_only,,
yjit-off/puma-long-tail-fib-200ms-x1p0/puma-1w-3t/repeat-2,yjit-off,false,puma-long-tail-fib-200ms-x1p0,puma-long-tail-hey,puma/benchmarks/local/long_tail_hey + test/rackup/sleep_fibonacci,https://github.com/puma/puma/blob/main/benchmarks/local/long_tail_hey.rb,puma-1w-3t,3,puma,1,3,60,60,8.509,5.0,60,60,8.496,2.0,3,true,60,0,7.051,424.54,448.097,459.006,460.578,460.752,106.641,106.641,89.795,20,20,119,multiprocess_sample_only,,
yjit-off/puma-long-tail-fib-200ms-x0p5/puma-1w-3t/repeat-2,yjit-off,false,puma-long-tail-fib-200ms-x0p5,puma-long-tail-hey,puma/benchmarks/local/long_tail_hey + test/rackup/sleep_fibonacci,https://github.com/puma/puma/blob/main/benchmarks/local/long_tail_hey.rb,puma-1w-3t,3,puma,1,3,40,40,5.667,5.0,40,40,5.664,2.0,2,true,40,0,7.059,282.436,295.1,295.654,295.822,295.84,106.703,106.703,90.045,20,20,80,multiprocess_sample_only,,
yjit-off/puma-sleep-fibonacci-1ms/puma-1w-3t/repeat-2,yjit-off,false,puma-sleep-fibonacci-1ms,puma-sleep-fibonacci-test,puma/benchmarks/local/sleep_fibonacci_test + test/rackup/sleep_fibonacci,https://github.com/puma/puma/blob/main/benchmarks/local/sleep_fibonacci_test.rb,puma-1w-3t,3,puma,1,3,3584,10,5.001,5.0,10,1431,2.0,2.0,1,true,3584,0,716.642,1.361,1.497,1.793,2.224,2.41,114.852,114.852,89.945,20,20,70,multiprocess_sample_only,,
yjit-off/puma-sleep-fibonacci-5ms/puma-1w-3t/repeat-2,yjit-off,false,puma-sleep-fibonacci-5ms,puma-sleep-fibonacci-test,puma/benchmarks/local/sleep_fibonacci_test + test/rackup/sleep_fibonacci,https://github.com/puma/puma/blob/main/benchmarks/local/sleep_fibonacci_test.rb,puma-1w-3t,3,puma,1,3,938,10,5.001,5.0,10,375,2.003,2.0,1,true,938,0,187.57,5.296,5.389,5.613,6.14,6.2,117.445,117.445,89.72,20,20,71,multiprocess_sample_only,,
yjit-off/puma-sleep-fibonacci-10ms/puma-1w-3t/repeat-2,yjit-off,false,puma-sleep-fibonacci-10ms,puma-sleep-fibonacci-test,puma/benchmarks/local/sleep_fibonacci_test + test/rackup/sleep_fibonacci,https://github.com/puma/puma/blob/main/benchmarks/local/sleep_fibonacci_test.rb,puma-1w-3t,3,puma,1,3,481,10,5.001,5.0,10,193,2.0,2.0,1,true,481,0,96.174,10.346,10.602,10.833,11.181,11.219,118.078,118.078,89.49,20,20,71,multiprocess_sample_only,,
yjit-off/puma-sleep-fibonacci-50ms/puma-1w-3t/repeat-2,yjit-off,false,puma-sleep-fibonacci-50ms,puma-sleep-fibonacci-test,puma/benchmarks/local/sleep_fibonacci_test + test/rackup/sleep_fibonacci,https://github.com/puma/puma/blob/main/benchmarks/local/sleep_fibonacci_test.rb,puma-1w-3t,3,puma,1,3,99,10,5.003,5.0,10,40,2.023,2.0,1,true,99,0,19.789,50.488,50.596,50.673,50.842,50.861,118.078,118.078,89.25,20,20,71,multiprocess_sample_only,,
yjit-off/puma-sleep-fibonacci-100ms/puma-1w-3t/repeat-2,yjit-off,false,puma-sleep-fibonacci-100ms,puma-sleep-fibonacci-test,puma/benchmarks/local/sleep_fibonacci_test + test/rackup/sleep_fibonacci,https://github.com/puma/puma/blob/main/benchmarks/local/sleep_fibonacci_test.rb,puma-1w-3t,3,puma,1,3,50,10,5.031,5.0,10,20,2.013,2.0,1,true,50,0,9.939,100.548,100.63,100.735,100.771,100.775,118.078,118.078,89.02,20,20,72,multiprocess_sample_only,,
yjit-off/puma-sleep-fibonacci-200ms/puma-1w-3t/repeat-2,yjit-off,false,puma-sleep-fibonacci-200ms,puma-sleep-fibonacci-test,puma/benchmarks/local/sleep_fibonacci_test + test/rackup/sleep_fibonacci,https://github.com/puma/puma/blob/main/benchmarks/local/sleep_fibonacci_test.rb,puma-1w-3t,3,puma,1,3,25,10,5.016,5.0,10,10,2.007,2.0,1,true,25,0,4.984,200.588,200.615,200.631,200.635,200.636,118.078,118.078,88.775,20,20,71,multiprocess_sample_only,,
yjit-off/puma-response-array-1kb/puma-1w-3t/repeat-3,yjit-off,false,puma-response-array-1kb,puma-response-time-wrk,puma/benchmarks/local/response_time_wrk,https://github.com/puma/puma/blob/main/benchmarks/local/response_time_wrk.rb,puma-1w-3t,3,puma,1,3,15848,1000,5.001,5.0,1000,6448,2.001,2.0,5,true,15848,0,3168.787,1.515,2.012,2.461,3.131,4.287,65.199,65.199,96.29,20,20,66,multiprocess_sample_only,,
yjit-off/puma-response-chunk-1kb/puma-1w-3t/repeat-3,yjit-off,false,puma-response-chunk-1kb,puma-response-time-wrk,puma/benchmarks/local/response_time_wrk,https://github.com/puma/puma/blob/main/benchmarks/local/response_time_wrk.rb,puma-1w-3t,3,puma,1,3,15475,1000,5.001,5.0,1000,6327,2.001,2.0,5,true,15475,0,3094.322,1.551,2.064,2.482,3.265,4.319,69.184,68.121,93.1,20,20,66,multiprocess_sample_only,,
yjit-off/puma-response-string-1kb/puma-1w-3t/repeat-3,yjit-off,false,puma-response-string-1kb,puma-response-time-wrk,puma/benchmarks/local/response_time_wrk,https://github.com/puma/puma/blob/main/benchmarks/local/response_time_wrk.rb,puma-1w-3t,3,puma,1,3,15873,1000,5.001,5.0,1000,6536,2.001,2.0,5,true,15873,0,3174.051,1.512,2.028,2.455,3.28,5.296,68.449,68.137,92.3,20,20,66,multiprocess_sample_only,,
yjit-off/puma-response-io-1kb/puma-1w-3t/repeat-3,yjit-off,false,puma-response-io-1kb,puma-response-time-wrk,puma/benchmarks/local/response_time_wrk,https://github.com/puma/puma/blob/main/benchmarks/local/response_time_wrk.rb,puma-1w-3t,3,puma,1,3,15558,1000,5.001,5.0,1000,6417,2.001,2.0,5,true,15558,0,3110.925,1.535,2.122,2.63,3.504,6.909,68.918,68.504,93.38,20,20,66,multiprocess_sample_only,,
yjit-off/puma-response-array-10kb/puma-1w-3t/repeat-3,yjit-off,false,puma-response-array-10kb,puma-response-time-wrk,puma/benchmarks/local/response_time_wrk,https://github.com/puma/puma/blob/main/benchmarks/local/response_time_wrk.rb,puma-1w-3t,3,puma,1,3,15678,1000,5.001,5.0,1000,6427,2.001,2.0,5,true,15678,0,3134.92,1.53,2.064,2.47,3.211,4.463,70.379,70.102,93.725,20,20,66,multiprocess_sample_only,,
yjit-off/puma-response-chunk-10kb/puma-1w-3t/repeat-3,yjit-off,false,puma-response-chunk-10kb,puma-response-time-wrk,puma/benchmarks/local/response_time_wrk,https://github.com/puma/puma/blob/main/benchmarks/local/response_time_wrk.rb,puma-1w-3t,3,puma,1,3,13587,1000,5.001,5.0,1000,5620,2.001,2.0,5,true,13587,0,2716.674,1.772,2.384,2.88,3.737,4.544,69.52,69.098,93.165,20,20,65,multiprocess_sample_only,,
yjit-off/puma-response-string-10kb/puma-1w-3t/repeat-3,yjit-off,false,puma-response-string-10kb,puma-response-time-wrk,puma/benchmarks/local/response_time_wrk,https://github.com/puma/puma/blob/main/benchmarks/local/response_time_wrk.rb,puma-1w-3t,3,puma,1,3,15581,1000,5.001,5.0,1000,6421,2.001,2.0,5,true,15581,0,3115.397,1.535,2.091,2.53,3.335,3.957,70.344,70.176,92.85,20,20,66,multiprocess_sample_only,,
yjit-off/puma-response-io-10kb/puma-1w-3t/repeat-3,yjit-off,false,puma-response-io-10kb,puma-response-time-wrk,puma/benchmarks/local/response_time_wrk,https://github.com/puma/puma/blob/main/benchmarks/local/response_time_wrk.rb,puma-1w-3t,3,puma,1,3,15273,1000,5.001,5.0,1000,6271,2.001,2.0,5,true,15273,0,3053.995,1.561,2.183,2.713,3.497,4.69,71.07,70.563,93.325,20,20,66,multiprocess_sample_only,,
yjit-off/puma-response-array-100kb/puma-1w-3t/repeat-3,yjit-off,false,puma-response-array-100kb,puma-response-time-wrk,puma/benchmarks/local/response_time_wrk,https://github.com/puma/puma/blob/main/benchmarks/local/response_time_wrk.rb,puma-1w-3t,3,puma,1,3,12608,1000,5.002,5.0,1000,5051,2.002,2.0,5,true,12608,0,2520.789,1.924,2.479,2.935,3.898,4.392,81.148,80.801,93.44,20,20,65,multiprocess_sample_only,,
yjit-off/puma-response-chunk-100kb/puma-1w-3t/repeat-3,yjit-off,false,puma-response-chunk-100kb,puma-response-time-wrk,puma/benchmarks/local/response_time_wrk,https://github.com/puma/puma/blob/main/benchmarks/local/response_time_wrk.rb,puma-1w-3t,3,puma,1,3,6435,1000,5.004,5.0,1000,2640,2.003,2.0,5,true,6435,0,1286.076,3.838,4.734,5.233,6.944,8.275,74.563,74.133,92.775,20,20,62,multiprocess_sample_only,,
yjit-off/puma-response-string-100kb/puma-1w-3t/repeat-3,yjit-off,false,puma-response-string-100kb,puma-response-time-wrk,puma/benchmarks/local/response_time_wrk,https://github.com/puma/puma/blob/main/benchmarks/local/response_time_wrk.rb,puma-1w-3t,3,puma,1,3,12584,1000,5.002,5.0,1000,5142,2.002,2.0,5,true,12584,0,2516.014,1.932,2.464,2.97,3.909,5.117,81.777,80.016,92.12,20,20,65,multiprocess_sample_only,,
yjit-off/puma-response-io-100kb/puma-1w-3t/repeat-3,yjit-off,false,puma-response-io-100kb,puma-response-time-wrk,puma/benchmarks/local/response_time_wrk,https://github.com/puma/puma/blob/main/benchmarks/local/response_time_wrk.rb,puma-1w-3t,3,puma,1,3,12479,1000,5.034,5.0,1000,5069,2.041,2.0,5,true,12479,0,2479.004,1.523,2.329,40.982,42.76,43.529,69.805,69.617,91.7,20,20,67,multiprocess_sample_only,,
yjit-off/puma-response-array-256kb/puma-1w-3t/repeat-3,yjit-off,false,puma-response-array-256kb,puma-response-time-wrk,puma/benchmarks/local/response_time_wrk,https://github.com/puma/puma/blob/main/benchmarks/local/response_time_wrk.rb,puma-1w-3t,3,puma,1,3,9404,1000,5.002,5.0,1000,3766,2.004,2.0,5,true,9404,0,1880.145,2.434,3.661,5.683,16.395,18.044,121.984,114.445,91.3,20,20,64,multiprocess_sample_only,,
yjit-off/puma-response-chunk-256kb/puma-1w-3t/repeat-3,yjit-off,false,puma-response-chunk-256kb,puma-response-time-wrk,puma/benchmarks/local/response_time_wrk,https://github.com/puma/puma/blob/main/benchmarks/local/response_time_wrk.rb,puma-1w-3t,3,puma,1,3,3482,1000,5.007,5.0,1000,1444,2.005,2.0,5,true,3482,0,695.43,7.157,8.596,9.456,12.393,15.24,82.699,81.078,90.75,20,20,57,multiprocess_sample_only,,
yjit-off/puma-response-string-256kb/puma-1w-3t/repeat-3,yjit-off,false,puma-response-string-256kb,puma-response-time-wrk,puma/benchmarks/local/response_time_wrk,https://github.com/puma/puma/blob/main/benchmarks/local/response_time_wrk.rb,puma-1w-3t,3,puma,1,3,9502,1000,5.002,5.0,1000,3867,2.003,2.0,5,true,9502,0,1899.74,2.441,3.339,5.855,15.933,18.209,80.043,79.668,89.41,20,20,63,multiprocess_sample_only,,
yjit-off/puma-response-io-256kb/puma-1w-3t/repeat-3,yjit-off,false,puma-response-io-256kb,puma-response-time-wrk,puma/benchmarks/local/response_time_wrk,https://github.com/puma/puma/blob/main/benchmarks/local/response_time_wrk.rb,puma-1w-3t,3,puma,1,3,9389,1000,5.003,5.0,1000,3737,2.002,2.0,5,true,9389,0,1876.548,2.47,3.53,5.875,15.037,15.474,79.918,75.438,88.065,20,20,64,multiprocess_sample_only,,
yjit-off/puma-response-array-512kb/puma-1w-3t/repeat-3,yjit-off,false,puma-response-array-512kb,puma-response-time-wrk,puma/benchmarks/local/response_time_wrk,https://github.com/puma/puma/blob/main/benchmarks/local/response_time_wrk.rb,puma-1w-3t,3,puma,1,3,6817,1000,5.002,5.0,1000,2710,2.002,2.0,5,true,6817,0,1362.762,3.388,4.837,16.624,18.278,18.979,147.723,126.875,87.6,20,20,62,multiprocess_sample_only,,
yjit-off/puma-response-chunk-512kb/puma-1w-3t/repeat-3,yjit-off,false,puma-response-chunk-512kb,puma-response-time-wrk,puma/benchmarks/local/response_time_wrk,https://github.com/puma/puma/blob/main/benchmarks/local/response_time_wrk.rb,puma-1w-3t,3,puma,1,3,1993,1000,5.012,5.0,1000,1000,2.432,2.0,5,true,1993,0,397.648,12.683,14.797,15.546,16.73,20.796,85.125,84.301,87.17,20,20,50,multiprocess_sample_only,,
yjit-off/puma-response-string-512kb/puma-1w-3t/repeat-3,yjit-off,false,puma-response-string-512kb,puma-response-time-wrk,puma/benchmarks/local/response_time_wrk,https://github.com/puma/puma/blob/main/benchmarks/local/response_time_wrk.rb,puma-1w-3t,3,puma,1,3,6979,1000,5.003,5.0,1000,2885,2.002,2.0,5,true,6979,0,1395.017,3.233,4.98,16.29,17.664,18.183,82.363,82.363,85.94,20,20,62,multiprocess_sample_only,,
yjit-off/puma-response-io-512kb/puma-1w-3t/repeat-3,yjit-off,false,puma-response-io-512kb,puma-response-time-wrk,puma/benchmarks/local/response_time_wrk,https://github.com/puma/puma/blob/main/benchmarks/local/response_time_wrk.rb,puma-1w-3t,3,puma,1,3,6930,1000,5.004,5.0,1000,2741,2.11,2.0,5,true,6930,0,1384.983,3.278,4.808,15.916,17.797,20.221,82.363,82.363,84.28,20,20,61,multiprocess_sample_only,,
yjit-off/puma-response-array-1024kb/puma-1w-3t/repeat-3,yjit-off,false,puma-response-array-1024kb,puma-response-time-wrk,puma/benchmarks/local/response_time_wrk,https://github.com/puma/puma/blob/main/benchmarks/local/response_time_wrk.rb,puma-1w-3t,3,puma,1,3,4385,1000,5.005,5.0,1000,1690,2.006,2.0,5,true,4385,0,876.151,5.256,7.686,19.996,21.955,22.416,141.684,120.043,83.515,20,20,59,multiprocess_sample_only,,
yjit-off/puma-response-chunk-1024kb/puma-1w-3t/repeat-3,yjit-off,false,puma-response-chunk-1024kb,puma-response-time-wrk,puma/benchmarks/local/response_time_wrk,https://github.com/puma/puma/blob/main/benchmarks/local/response_time_wrk.rb,puma-1w-3t,3,puma,1,3,1085,1000,5.018,5.0,1000,1000,4.398,2.0,5,true,1085,0,216.217,23.26,27.497,29.634,40.034,42.584,85.582,84.539,83.135,20,20,40,multiprocess_sample_only,,
yjit-off/puma-response-string-1024kb/puma-1w-3t/repeat-3,yjit-off,false,puma-response-string-1024kb,puma-response-time-wrk,puma/benchmarks/local/response_time_wrk,https://github.com/puma/puma/blob/main/benchmarks/local/response_time_wrk.rb,puma-1w-3t,3,puma,1,3,4412,1000,5.004,5.0,1000,1762,2.003,2.0,5,true,4412,0,881.657,5.171,7.502,19.829,21.257,21.88,82.914,82.914,81.835,20,20,59,multiprocess_sample_only,,
yjit-off/puma-response-io-1024kb/puma-1w-3t/repeat-3,yjit-off,false,puma-response-io-1024kb,puma-response-time-wrk,puma/benchmarks/local/response_time_wrk,https://github.com/puma/puma/blob/main/benchmarks/local/response_time_wrk.rb,puma-1w-3t,3,puma,1,3,4452,1000,5.004,5.0,1000,1776,2.004,2.0,5,true,4452,0,889.734,5.105,7.76,20.265,22.521,22.969,82.914,82.914,80.015,20,20,59,multiprocess_sample_only,,
yjit-off/puma-response-array-2048kb/puma-1w-3t/repeat-3,yjit-off,false,puma-response-array-2048kb,puma-response-time-wrk,puma/benchmarks/local/response_time_wrk,https://github.com/puma/puma/blob/main/benchmarks/local/response_time_wrk.rb,puma-1w-3t,3,puma,1,3,2490,1000,5.008,5.0,1000,1020,2.01,2.0,5,true,2490,0,497.217,9.885,12.048,13.864,25.478,26.072,99.957,95.133,79.685,20,20,54,multiprocess_sample_only,,
yjit-off/puma-response-chunk-2048kb/puma-1w-3t/repeat-3,yjit-off,false,puma-response-chunk-2048kb,puma-response-time-wrk,puma/benchmarks/local/response_time_wrk,https://github.com/puma/puma/blob/main/benchmarks/local/response_time_wrk.rb,puma-1w-3t,3,puma,1,3,1000,1000,9.059,5.0,1000,1000,8.51,2.0,5,true,1000,0,110.389,45.626,52.968,55.389,59.698,86.949,92.184,88.055,79.9,20,20,50,multiprocess_sample_only,,
yjit-off/puma-response-string-2048kb/puma-1w-3t/repeat-3,yjit-off,false,puma-response-string-2048kb,puma-response-time-wrk,puma/benchmarks/local/response_time_wrk,https://github.com/puma/puma/blob/main/benchmarks/local/response_time_wrk.rb,puma-1w-3t,3,puma,1,3,2718,1000,5.007,5.0,1000,1104,2.007,2.0,5,true,2718,0,542.804,9.033,10.905,12.093,15.684,17.648,87.465,87.465,78.835,20,20,54,multiprocess_sample_only,,
yjit-off/puma-response-io-2048kb/puma-1w-3t/repeat-3,yjit-off,false,puma-response-io-2048kb,puma-response-time-wrk,puma/benchmarks/local/response_time_wrk,https://github.com/puma/puma/blob/main/benchmarks/local/response_time_wrk.rb,puma-1w-3t,3,puma,1,3,2842,1000,5.008,5.0,1000,1154,2.007,2.0,5,true,2842,0,567.544,8.586,10.283,11.408,22.601,28.063,87.527,87.527,77.13,20,20,54,multiprocess_sample_only,,
yjit-off/puma-long-tail-fib-200ms-x6p0/puma-1w-3t/repeat-3,yjit-off,false,puma-long-tail-fib-200ms-x6p0,puma-long-tail-hey,puma/benchmarks/local/long_tail_hey + test/rackup/sleep_fibonacci,https://github.com/puma/puma/blob/main/benchmarks/local/long_tail_hey.rb,puma-1w-3t,3,puma,1,3,360,360,50.996,5.0,360,360,50.963,2.0,18,true,360,0,7.059,2558.983,2648.318,2681.667,2695.203,2696.539,106.641,106.641,82.715,20,20,709,multiprocess_sample_only,,
yjit-off/puma-long-tail-fib-200ms-x4p0/puma-1w-3t/repeat-3,yjit-off,false,puma-long-tail-fib-200ms-x4p0,puma-long-tail-hey,puma/benchmarks/local/long_tail_hey + test/rackup/sleep_fibonacci,https://github.com/puma/puma/blob/main/benchmarks/local/long_tail_hey.rb,puma-1w-3t,3,puma,1,3,240,240,33.972,5.0,240,240,33.973,2.0,12,true,240,0,7.065,1703.128,1762.737,1791.811,1806.115,1808.141,113.117,113.117,86.4,20,20,475,multiprocess_sample_only,,
yjit-off/puma-long-tail-fib-200ms-x3p0/puma-1w-3t/repeat-3,yjit-off,false,puma-long-tail-fib-200ms-x3p0,puma-long-tail-hey,puma/benchmarks/local/long_tail_hey + test/rackup/sleep_fibonacci,https://github.com/puma/puma/blob/main/benchmarks/local/long_tail_hey.rb,puma-1w-3t,3,puma,1,3,180,180,25.488,5.0,180,180,25.472,2.0,9,true,180,0,7.062,1270.82,1333.394,1362.26,1367.024,1367.744,113.121,113.121,88.21,20,20,354,multiprocess_sample_only,,
yjit-off/puma-long-tail-fib-200ms-x2p0/puma-1w-3t/repeat-3,yjit-off,false,puma-long-tail-fib-200ms-x2p0,puma-long-tail-hey,puma/benchmarks/local/long_tail_hey + test/rackup/sleep_fibonacci,https://github.com/puma/puma/blob/main/benchmarks/local/long_tail_hey.rb,puma-1w-3t,3,puma,1,3,120,120,16.999,5.0,120,120,16.977,2.0,6,true,120,0,7.059,856.193,905.487,922.44,927.652,928.296,113.188,113.188,89.205,20,20,236,multiprocess_sample_only,,
yjit-off/puma-long-tail-fib-200ms-x1p5/puma-1w-3t/repeat-3,yjit-off,false,puma-long-tail-fib-200ms-x1p5,puma-long-tail-hey,puma/benchmarks/local/long_tail_hey + test/rackup/sleep_fibonacci,https://github.com/puma/puma/blob/main/benchmarks/local/long_tail_hey.rb,puma-1w-3t,3,puma,1,3,100,100,14.161,5.0,100,100,14.214,2.0,5,true,100,0,7.061,746.717,879.322,890.369,898.954,899.908,113.258,113.258,89.855,20,20,198,multiprocess_sample_only,,
yjit-off/puma-long-tail-fib-200ms-x1p0/puma-1w-3t/repeat-3,yjit-off,false,puma-long-tail-fib-200ms-x1p0,puma-long-tail-hey,puma/benchmarks/local/long_tail_hey + test/rackup/sleep_fibonacci,https://github.com/puma/puma/blob/main/benchmarks/local/long_tail_hey.rb,puma-1w-3t,3,puma,1,3,60,60,8.491,5.0,60,60,8.504,2.0,3,true,60,0,7.066,423.805,446.667,449.085,449.511,449.558,113.262,113.262,90.25,20,20,121,multiprocess_sample_only,,
yjit-off/puma-long-tail-fib-200ms-x0p5/puma-1w-3t/repeat-3,yjit-off,false,puma-long-tail-fib-200ms-x0p5,puma-long-tail-hey,puma/benchmarks/local/long_tail_hey + test/rackup/sleep_fibonacci,https://github.com/puma/puma/blob/main/benchmarks/local/long_tail_hey.rb,puma-1w-3t,3,puma,1,3,40,40,5.658,5.0,40,40,5.653,2.0,2,true,40,0,7.07,283.352,296.914,303.864,305.595,305.788,113.262,113.262,90.48,20,20,80,multiprocess_sample_only,,
yjit-off/puma-sleep-fibonacci-1ms/puma-1w-3t/repeat-3,yjit-off,false,puma-sleep-fibonacci-1ms,puma-sleep-fibonacci-test,puma/benchmarks/local/sleep_fibonacci_test + test/rackup/sleep_fibonacci,https://github.com/puma/puma/blob/main/benchmarks/local/sleep_fibonacci_test.rb,puma-1w-3t,3,puma,1,3,3602,10,5.001,5.0,10,1449,2.001,2.0,1,true,3602,0,720.209,1.357,1.482,1.723,2.243,2.309,122.824,122.824,90.365,20,20,70,multiprocess_sample_only,,
yjit-off/puma-sleep-fibonacci-5ms/puma-1w-3t/repeat-3,yjit-off,false,puma-sleep-fibonacci-5ms,puma-sleep-fibonacci-test,puma/benchmarks/local/sleep_fibonacci_test + test/rackup/sleep_fibonacci,https://github.com/puma/puma/blob/main/benchmarks/local/sleep_fibonacci_test.rb,puma-1w-3t,3,puma,1,3,943,10,5.003,5.0,10,377,2.0,2.0,1,true,943,0,188.489,5.269,5.365,5.682,6.153,6.526,127.289,127.289,90.145,20,20,71,multiprocess_sample_only,,
yjit-off/puma-sleep-fibonacci-10ms/puma-1w-3t/repeat-3,yjit-off,false,puma-sleep-fibonacci-10ms,puma-sleep-fibonacci-test,puma/benchmarks/local/sleep_fibonacci_test + test/rackup/sleep_fibonacci,https://github.com/puma/puma/blob/main/benchmarks/local/sleep_fibonacci_test.rb,puma-1w-3t,3,puma,1,3,482,10,5.002,5.0,10,193,2.006,2.0,1,true,482,0,96.363,10.321,10.621,10.89,11.348,11.398,127.352,127.352,89.915,20,20,71,multiprocess_sample_only,,
yjit-off/puma-sleep-fibonacci-50ms/puma-1w-3t/repeat-3,yjit-off,false,puma-sleep-fibonacci-50ms,puma-sleep-fibonacci-test,puma/benchmarks/local/sleep_fibonacci_test + test/rackup/sleep_fibonacci,https://github.com/puma/puma/blob/main/benchmarks/local/sleep_fibonacci_test.rb,puma-1w-3t,3,puma,1,3,99,10,5.007,5.0,10,40,2.02,2.0,1,true,99,0,19.772,50.535,50.685,50.883,51.037,51.054,127.352,127.352,89.665,20,20,71,multiprocess_sample_only,,
yjit-off/puma-sleep-fibonacci-100ms/puma-1w-3t/repeat-3,yjit-off,false,puma-sleep-fibonacci-100ms,puma-sleep-fibonacci-test,puma/benchmarks/local/sleep_fibonacci_test + test/rackup/sleep_fibonacci,https://github.com/puma/puma/blob/main/benchmarks/local/sleep_fibonacci_test.rb,puma-1w-3t,3,puma,1,3,50,10,5.033,5.0,10,20,2.015,2.0,1,true,50,0,9.935,100.613,100.687,100.811,100.841,100.845,127.355,127.355,89.43,20,20,71,multiprocess_sample_only,,
yjit-off/puma-sleep-fibonacci-200ms/puma-1w-3t/repeat-3,yjit-off,false,puma-sleep-fibonacci-200ms,puma-sleep-fibonacci-test,puma/benchmarks/local/sleep_fibonacci_test + test/rackup/sleep_fibonacci,https://github.com/puma/puma/blob/main/benchmarks/local/sleep_fibonacci_test.rb,puma-1w-3t,3,puma,1,3,25,10,5.017,5.0,10,10,2.008,2.0,1,true,25,0,4.983,200.612,200.656,200.731,200.751,200.754,127.355,127.355,89.19,20,20,71,multiprocess_sample_only,,
yjit-on/puma-response-array-1kb/raptor-3r/repeat-1,yjit-on,true,puma-response-array-1kb,puma-response-time-wrk,puma/benchmarks/local/response_time_wrk,https://github.com/puma/puma/blob/main/benchmarks/local/response_time_wrk.rb,raptor-3r,3,raptor,3,,1000,1000,16.128,5.0,1000,1000,16.146,2.0,5,true,1000,0,62.004,40.993,41.968,42.323,4033.445,4034.743,29.441,29.441,3.645,20,20,226,same_worker,29,719008
yjit-on/puma-response-chunk-1kb/raptor-3r/repeat-1,yjit-on,true,puma-response-chunk-1kb,puma-response-time-wrk,puma/benchmarks/local/response_time_wrk,https://github.com/puma/puma/blob/main/benchmarks/local/response_time_wrk.rb,raptor-3r,3,raptor,3,,1000,1000,16.131,5.0,1000,1000,16.103,2.0,5,true,1000,0,61.993,41.001,41.978,42.31,4030.998,4034.833,29.586,29.586,2.845,20,20,226,same_worker,29,716256
yjit-on/puma-response-string-1kb/raptor-3r/repeat-1,yjit-on,true,puma-response-string-1kb,puma-response-time-wrk,puma/benchmarks/local/response_time_wrk,https://github.com/puma/puma/blob/main/benchmarks/local/response_time_wrk.rb,raptor-3r,3,raptor,3,,1000,1000,16.126,5.0,1000,1000,16.09,2.0,5,true,1000,0,62.011,40.996,41.95,42.213,4030.03,4032.95,29.727,29.727,2.595,20,20,227,same_worker,31,719243
yjit-on/puma-response-io-1kb/raptor-3r/repeat-1,yjit-on,true,puma-response-io-1kb,puma-response-time-wrk,puma/benchmarks/local/response_time_wrk,https://github.com/puma/puma/blob/main/benchmarks/local/response_time_wrk.rb,raptor-3r,3,raptor,3,,1000,1000,16.137,5.0,1000,1000,16.101,2.0,5,true,1000,0,61.968,40.994,41.982,42.359,4033.336,4033.638,30.035,30.035,2.555,20,20,226,same_worker,30,725948
yjit-on/puma-response-array-10kb/raptor-3r/repeat-1,yjit-on,true,puma-response-array-10kb,puma-response-time-wrk,puma/benchmarks/local/response_time_wrk,https://github.com/puma/puma/blob/main/benchmarks/local/response_time_wrk.rb,raptor-3r,3,raptor,3,,1000,1000,16.126,5.0,1000,1000,16.103,2.0,5,true,1000,0,62.012,40.992,41.966,42.327,4029.84,4034.207,30.09,30.09,2.5,20,20,226,same_worker,30,720187
yjit-on/puma-response-chunk-10kb/raptor-3r/repeat-1,yjit-on,true,puma-response-chunk-10kb,puma-response-time-wrk,puma/benchmarks/local/response_time_wrk,https://github.com/puma/puma/blob/main/benchmarks/local/response_time_wrk.rb,raptor-3r,3,raptor,3,,1000,1000,16.135,5.0,1000,1000,16.11,2.0,5,true,1000,0,61.978,40.988,41.977,42.415,4031.011,4033.372,30.117,30.117,2.53,20,20,226,same_worker,31,716463
yjit-on/puma-response-string-10kb/raptor-3r/repeat-1,yjit-on,true,puma-response-string-10kb,puma-response-time-wrk,puma/benchmarks/local/response_time_wrk,https://github.com/puma/puma/blob/main/benchmarks/local/response_time_wrk.rb,raptor-3r,3,raptor,3,,1000,1000,16.134,5.0,1000,1000,16.117,2.0,5,true,1000,0,61.979,40.988,41.95,42.386,4032.653,4035.911,30.133,30.133,2.505,20,20,225,same_worker,32,719912
yjit-on/puma-response-io-10kb/raptor-3r/repeat-1,yjit-on,true,puma-response-io-10kb,puma-response-time-wrk,puma/benchmarks/local/response_time_wrk,https://github.com/puma/puma/blob/main/benchmarks/local/response_time_wrk.rb,raptor-3r,3,raptor,3,,1000,1000,16.137,5.0,1000,1000,16.099,2.0,5,true,1000,0,61.97,40.995,41.982,42.451,4033.864,4034.453,30.668,30.668,2.535,20,20,226,same_worker,34,746698
yjit-on/puma-response-array-100kb/raptor-3r/repeat-1,yjit-on,true,puma-response-array-100kb,puma-response-time-wrk,puma/benchmarks/local/response_time_wrk,https://github.com/puma/puma/blob/main/benchmarks/local/response_time_wrk.rb,raptor-3r,3,raptor,3,,1000,1000,14.191,5.0,1000,1000,13.053,2.0,5,true,1000,0,70.47,40.975,41.969,42.915,3713.081,3874.389,30.668,30.668,2.685,20,20,199,same_worker,33,720883
yjit-on/puma-response-chunk-100kb/raptor-3r/repeat-1,yjit-on,true,puma-response-chunk-100kb,puma-response-time-wrk,puma/benchmarks/local/response_time_wrk,https://github.com/puma/puma/blob/main/benchmarks/local/response_time_wrk.rb,raptor-3r,3,raptor,3,,1000,1000,14.986,5.0,1000,1000,14.892,2.0,5,true,1000,0,66.729,40.978,41.98,42.578,3799.146,3878.025,30.723,30.723,2.8,20,20,210,same_worker,33,715450
yjit-on/puma-response-string-100kb/raptor-3r/repeat-1,yjit-on,true,puma-response-string-100kb,puma-response-time-wrk,puma/benchmarks/local/response_time_wrk,https://github.com/puma/puma/blob/main/benchmarks/local/response_time_wrk.rb,raptor-3r,3,raptor,3,,11700,1000,5.002,5.0,1000,4899,2.002,2.0,5,true,11700,0,2339.237,1.219,1.977,5.685,126.379,138.879,31.07,31.07,3.985,20,20,67,same_worker,426,8414483
yjit-on/puma-response-io-100kb/raptor-3r/repeat-1,yjit-on,true,puma-response-io-100kb,puma-response-time-wrk,puma/benchmarks/local/response_time_wrk,https://github.com/puma/puma/blob/main/benchmarks/local/response_time_wrk.rb,raptor-3r,3,raptor,3,,1000,1000,13.95,5.0,1000,1000,12.539,2.0,5,true,1000,0,71.683,41.005,42.044,43.106,3451.183,3660.262,33.965,33.965,4.7,20,20,195,same_worker,53,925249
yjit-on/puma-response-array-256kb/raptor-3r/repeat-1,yjit-on,true,puma-response-array-256kb,puma-response-time-wrk,puma/benchmarks/local/response_time_wrk,https://github.com/puma/puma/blob/main/benchmarks/local/response_time_wrk.rb,raptor-3r,3,raptor,3,,1000,1000,14.016,5.0,1000,1000,12.089,2.0,5,true,1000,0,71.347,41.71,42.328,43.165,3250.842,3719.867,33.965,33.965,4.85,20,20,198,same_worker,40,718246
yjit-on/puma-response-chunk-256kb/raptor-3r/repeat-1,yjit-on,true,puma-response-chunk-256kb,puma-response-time-wrk,puma/benchmarks/local/response_time_wrk,https://github.com/puma/puma/blob/main/benchmarks/local/response_time_wrk.rb,raptor-3r,3,raptor,3,,1000,1000,13.904,5.0,1000,1000,10.416,2.0,5,true,1000,0,71.92,41.909,42.691,43.244,3220.398,3619.747,33.965,33.965,5.03,20,20,195,same_worker,40,716237
yjit-on/puma-response-string-256kb/raptor-3r/repeat-1,yjit-on,true,puma-response-string-256kb,puma-response-time-wrk,puma/benchmarks/local/response_time_wrk,https://github.com/puma/puma/blob/main/benchmarks/local/response_time_wrk.rb,raptor-3r,3,raptor,3,,8780,1000,5.015,5.0,1000,3560,2.003,2.0,5,true,8780,0,1750.901,1.52,2.57,59.279,158.956,230.773,34.598,34.598,5.8,20,20,66,same_worker,311,6312005
yjit-on/puma-response-io-256kb/raptor-3r/repeat-1,yjit-on,true,puma-response-io-256kb,puma-response-time-wrk,puma/benchmarks/local/response_time_wrk,https://github.com/puma/puma/blob/main/benchmarks/local/response_time_wrk.rb,raptor-3r,3,raptor,3,,1000,1000,13.954,5.0,1000,1000,14.239,2.0,5,true,1000,0,71.664,41.956,42.94,43.527,3586.766,3924.405,40.359,40.359,6.3,20,20,197,same_worker,58,1237249
yjit-on/puma-response-array-512kb/raptor-3r/repeat-1,yjit-on,true,puma-response-array-512kb,puma-response-time-wrk,puma/benchmarks/local/response_time_wrk,https://github.com/puma/puma/blob/main/benchmarks/local/response_time_wrk.rb,raptor-3r,3,raptor,3,,1000,1000,14.284,5.0,1000,1000,15.126,2.0,5,true,1000,0,70.01,41.977,43.001,43.83,3826.433,3937.031,40.359,40.359,6.54,20,20,200,same_worker,31,719237
yjit-on/puma-response-chunk-512kb/raptor-3r/repeat-1,yjit-on,true,puma-response-chunk-512kb,puma-response-time-wrk,puma/benchmarks/local/response_time_wrk,https://github.com/puma/puma/blob/main/benchmarks/local/response_time_wrk.rb,raptor-3r,3,raptor,3,,1000,1000,15.585,5.0,1000,1000,14.906,2.0,5,true,1000,0,64.165,41.984,43.026,44.51,3879.574,4101.387,40.359,40.359,6.755,20,20,219,same_worker,31,716243
yjit-on/puma-response-string-512kb/raptor-3r/repeat-1,yjit-on,true,puma-response-string-512kb,puma-response-time-wrk,puma/benchmarks/local/response_time_wrk,https://github.com/puma/puma/blob/main/benchmarks/local/response_time_wrk.rb,raptor-3r,3,raptor,3,,6743,1000,5.003,5.0,1000,2731,2.005,2.0,5,true,6743,0,1347.804,2.004,3.211,20.949,225.112,247.663,40.691,40.691,7.255,20,20,64,same_worker,224,4847172
yjit-on/puma-response-io-512kb/raptor-3r/repeat-1,yjit-on,true,puma-response-io-512kb,puma-response-time-wrk,puma/benchmarks/local/response_time_wrk,https://github.com/puma/puma/blob/main/benchmarks/local/response_time_wrk.rb,raptor-3r,3,raptor,3,,1000,1000,14.68,5.0,1000,1000,15.326,2.0,5,true,1000,0,68.121,42.367,43.842,44.276,3535.81,3757.073,45.605,45.605,7.76,20,20,206,same_worker,99,1747895
yjit-on/puma-response-array-1024kb/raptor-3r/repeat-1,yjit-on,true,puma-response-array-1024kb,puma-response-time-wrk,puma/benchmarks/local/response_time_wrk,https://github.com/puma/puma/blob/main/benchmarks/local/response_time_wrk.rb,raptor-3r,3,raptor,3,,1000,1000,13.879,5.0,1000,1000,14.314,2.0,5,true,1000,0,72.049,43.054,44.9,48.793,3472.479,3549.892,45.605,45.605,8.295,20,20,193,same_worker,35,720488
yjit-on/puma-response-chunk-1024kb/raptor-3r/repeat-1,yjit-on,true,puma-response-chunk-1024kb,puma-response-time-wrk,puma/benchmarks/local/response_time_wrk,https://github.com/puma/puma/blob/main/benchmarks/local/response_time_wrk.rb,raptor-3r,3,raptor,3,,1000,1000,12.016,5.0,1000,1000,13.209,2.0,5,true,1000,0,83.225,42.988,44.973,47.028,2808.088,3198.291,45.605,45.605,8.945,20,20,166,same_worker,36,716243
yjit-on/puma-response-string-1024kb/raptor-3r/repeat-1,yjit-on,true,puma-response-string-1024kb,puma-response-time-wrk,puma/benchmarks/local/response_time_wrk,https://github.com/puma/puma/blob/main/benchmarks/local/response_time_wrk.rb,raptor-3r,3,raptor,3,,4216,1000,5.007,5.0,1000,1715,2.005,2.0,5,true,4216,0,842.057,3.152,5.734,23.292,346.816,368.621,48.09,48.09,9.335,20,20,62,same_worker,156,3030885
yjit-on/puma-response-io-1024kb/raptor-3r/repeat-1,yjit-on,true,puma-response-io-1024kb,puma-response-time-wrk,puma/benchmarks/local/response_time_wrk,https://github.com/puma/puma/blob/main/benchmarks/local/response_time_wrk.rb,raptor-3r,3,raptor,3,,1000,1000,14.776,5.0,1000,1000,15.27,2.0,5,true,1000,0,67.678,44.425,46.029,47.62,3584.119,3636.008,52.949,52.949,10.095,20,20,204,same_worker,143,2771863
yjit-on/puma-response-array-2048kb/raptor-3r/repeat-1,yjit-on,true,puma-response-array-2048kb,puma-response-time-wrk,puma/benchmarks/local/response_time_wrk,https://github.com/puma/puma/blob/main/benchmarks/local/response_time_wrk.rb,raptor-3r,3,raptor,3,,1000,1000,15.318,5.0,1000,1000,14.062,2.0,5,true,1000,0,65.285,45.907,47.91,52.887,3730.839,3913.497,52.949,52.949,11.195,20,20,211,same_worker,30,719243
yjit-on/puma-response-chunk-2048kb/raptor-3r/repeat-1,yjit-on,true,puma-response-chunk-2048kb,puma-response-time-wrk,puma/benchmarks/local/response_time_wrk,https://github.com/puma/puma/blob/main/benchmarks/local/response_time_wrk.rb,raptor-3r,3,raptor,3,,1000,1000,14.403,5.0,1000,1000,15.458,2.0,5,true,1000,0,69.428,45.929,47.997,51.846,3601.045,3626.501,52.949,52.949,12.315,20,20,199,same_worker,30,715311
yjit-on/puma-response-string-2048kb/raptor-3r/repeat-1,yjit-on,true,puma-response-string-2048kb,puma-response-time-wrk,puma/benchmarks/local/response_time_wrk,https://github.com/puma/puma/blob/main/benchmarks/local/response_time_wrk.rb,raptor-3r,3,raptor,3,,2505,1000,5.008,5.0,1000,1062,2.172,2.0,5,true,2505,0,500.19,5.735,8.406,24.841,605.248,617.572,58.961,58.961,12.68,20,20,59,same_worker,78,1799283
yjit-on/puma-response-io-2048kb/raptor-3r/repeat-1,yjit-on,true,puma-response-io-2048kb,puma-response-time-wrk,puma/benchmarks/local/response_time_wrk,https://github.com/puma/puma/blob/main/benchmarks/local/response_time_wrk.rb,raptor-3r,3,raptor,3,,1000,1000,16.703,5.0,1000,1000,17.4,2.0,5,true,1000,0,59.87,47.936,50.915,56.345,4087.807,4135.89,66.414,64.305,13.88,20,20,230,same_worker,286,4821391
yjit-on/puma-long-tail-fib-200ms-x6p0/raptor-3r/repeat-1,yjit-on,true,puma-long-tail-fib-200ms-x6p0,puma-long-tail-hey,puma/benchmarks/local/long_tail_hey + test/rackup/sleep_fibonacci,https://github.com/puma/puma/blob/main/benchmarks/local/long_tail_hey.rb,raptor-3r,3,raptor,3,,363,360,29.015,5.0,360,360,28.772,2.0,18,true,363,0,12.511,241.851,242.973,19613.176,24407.375,24407.576,64.73,64.73,23.185,20,20,394,same_worker,2,63982
yjit-on/puma-long-tail-fib-200ms-x4p0/raptor-3r/repeat-1,yjit-on,true,puma-long-tail-fib-200ms-x4p0,puma-long-tail-hey,puma/benchmarks/local/long_tail_hey + test/rackup/sleep_fibonacci,https://github.com/puma/puma/blob/main/benchmarks/local/long_tail_hey.rb,raptor-3r,3,raptor,3,,243,240,19.424,5.0,240,240,19.181,2.0,12,true,243,0,12.51,241.855,243.026,12810.778,14824.741,14824.76,64.734,64.734,31.305,20,20,265,same_worker,2,44663
yjit-on/puma-long-tail-fib-200ms-x3p0/raptor-3r/repeat-1,yjit-on,true,puma-long-tail-fib-200ms-x3p0,puma-long-tail-hey,puma/benchmarks/local/long_tail_hey + test/rackup/sleep_fibonacci,https://github.com/puma/puma/blob/main/benchmarks/local/long_tail_hey.rb,raptor-3r,3,raptor,3,,183,180,14.625,5.0,180,180,14.388,2.0,9,true,183,0,12.512,241.801,242.85,10028.646,10028.936,10028.996,64.742,64.742,36.64,20,20,200,same_worker,1,32205
yjit-on/puma-long-tail-fib-200ms-x2p0/raptor-3r/repeat-1,yjit-on,true,puma-long-tail-fib-200ms-x2p0,puma-long-tail-hey,puma/benchmarks/local/long_tail_hey + test/rackup/sleep_fibonacci,https://github.com/puma/puma/blob/main/benchmarks/local/long_tail_hey.rb,raptor-3r,3,raptor,3,,123,120,9.834,5.0,120,120,9.589,2.0,6,true,123,0,12.508,241.836,242.683,5236.405,5237.484,5237.627,64.75,64.75,40.135,20,20,135,same_worker,1,22360
yjit-on/puma-long-tail-fib-200ms-x1p5/raptor-3r/repeat-1,yjit-on,true,puma-long-tail-fib-200ms-x1p5,puma-long-tail-hey,puma/benchmarks/local/long_tail_hey + test/rackup/sleep_fibonacci,https://github.com/puma/puma/blob/main/benchmarks/local/long_tail_hey.rb,raptor-3r,3,raptor,3,,103,100,9.832,5.0,100,100,9.585,2.0,5,true,103,0,10.476,241.904,242.654,5138.294,5238.76,5238.825,64.754,64.754,42.695,20,20,136,same_worker,0,16676
yjit-on/puma-long-tail-fib-200ms-x1p0/raptor-3r/repeat-1,yjit-on,true,puma-long-tail-fib-200ms-x1p0,puma-long-tail-hey,puma/benchmarks/local/long_tail_hey + test/rackup/sleep_fibonacci,https://github.com/puma/puma/blob/main/benchmarks/local/long_tail_hey.rb,raptor-3r,3,raptor,3,,63,60,5.037,5.0,60,60,4.796,2.0,3,true,63,0,12.507,241.711,242.529,243.24,243.358,243.371,64.754,64.754,44.28,20,20,70,same_worker,0,9629
yjit-on/puma-long-tail-fib-200ms-x0p5/raptor-3r/repeat-1,yjit-on,true,puma-long-tail-fib-200ms-x0p5,puma-long-tail-hey,puma/benchmarks/local/long_tail_hey + test/rackup/sleep_fibonacci,https://github.com/puma/puma/blob/main/benchmarks/local/long_tail_hey.rb,raptor-3r,3,raptor,3,,42,40,5.038,5.0,40,40,4.788,2.0,2,true,42,0,8.337,241.946,242.264,242.445,242.555,242.568,64.754,64.754,45.23,20,20,71,same_worker,1,8675
yjit-on/puma-sleep-fibonacci-1ms/raptor-3r/repeat-1,yjit-on,true,puma-sleep-fibonacci-1ms,puma-sleep-fibonacci-test,puma/benchmarks/local/sleep_fibonacci_test + test/rackup/sleep_fibonacci,https://github.com/puma/puma/blob/main/benchmarks/local/sleep_fibonacci_test.rb,raptor-3r,3,raptor,3,,122,10,5.008,5.0,10,49,2.019,2.0,1,true,122,0,24.362,41.961,42.179,42.94,42.985,42.991,64.789,64.789,45.21,20,20,71,same_worker,1,20425
yjit-on/puma-sleep-fibonacci-5ms/raptor-3r/repeat-1,yjit-on,true,puma-sleep-fibonacci-5ms,puma-sleep-fibonacci-test,puma/benchmarks/local/sleep_fibonacci_test + test/rackup/sleep_fibonacci,https://github.com/puma/puma/blob/main/benchmarks/local/sleep_fibonacci_test.rb,raptor-3r,3,raptor,3,,112,10,5.008,5.0,10,45,2.029,2.0,1,true,112,0,22.366,45.923,46.02,46.908,46.944,46.948,64.809,64.809,44.92,20,20,71,same_worker,1,21656
yjit-on/puma-sleep-fibonacci-10ms/raptor-3r/repeat-1,yjit-on,true,puma-sleep-fibonacci-10ms,puma-sleep-fibonacci-test,puma/benchmarks/local/sleep_fibonacci_test + test/rackup/sleep_fibonacci,https://github.com/puma/puma/blob/main/benchmarks/local/sleep_fibonacci_test.rb,raptor-3r,3,raptor,3,,99,10,5.044,5.0,10,40,2.031,2.0,1,true,99,0,19.628,50.986,52.022,52.484,52.874,52.918,64.809,64.809,44.69,20,20,72,same_worker,1,19191
yjit-on/puma-sleep-fibonacci-50ms/raptor-3r/repeat-1,yjit-on,true,puma-sleep-fibonacci-50ms,puma-sleep-fibonacci-test,puma/benchmarks/local/sleep_fibonacci_test + test/rackup/sleep_fibonacci,https://github.com/puma/puma/blob/main/benchmarks/local/sleep_fibonacci_test.rb,raptor-3r,3,raptor,3,,55,10,5.007,5.0,10,23,2.075,2.0,1,true,55,0,10.985,91.93,92.038,92.528,92.884,92.924,64.816,64.816,44.6,20,20,71,same_worker,1,8619
yjit-on/puma-sleep-fibonacci-100ms/raptor-3r/repeat-1,yjit-on,true,puma-sleep-fibonacci-100ms,puma-sleep-fibonacci-test,puma/benchmarks/local/sleep_fibonacci_test + test/rackup/sleep_fibonacci,https://github.com/puma/puma/blob/main/benchmarks/local/sleep_fibonacci_test.rb,raptor-3r,3,raptor,3,,36,10,5.071,5.0,10,15,2.089,2.0,1,true,36,0,7.1,141.955,142.104,142.847,143.056,143.08,64.82,64.82,44.6,20,20,72,same_worker,0,6528
yjit-on/puma-sleep-fibonacci-200ms/raptor-3r/repeat-1,yjit-on,true,puma-sleep-fibonacci-200ms,puma-sleep-fibonacci-test,puma/benchmarks/local/sleep_fibonacci_test + test/rackup/sleep_fibonacci,https://github.com/puma/puma/blob/main/benchmarks/local/sleep_fibonacci_test.rb,raptor-3r,3,raptor,3,,21,10,5.04,5.0,10,10,2.379,2.0,1,true,21,0,4.167,241.936,242.067,242.708,242.852,242.868,64.828,64.828,44.7,20,20,71,same_worker,1,5267
yjit-on/puma-response-array-1kb/raptor-3r/repeat-2,yjit-on,true,puma-response-array-1kb,puma-response-time-wrk,puma/benchmarks/local/response_time_wrk,https://github.com/puma/puma/blob/main/benchmarks/local/response_time_wrk.rb,raptor-3r,3,raptor,3,,1000,1000,16.132,5.0,1000,1000,16.161,2.0,5,true,1000,0,61.987,40.983,41.977,42.369,4031.993,4039.074,29.855,29.855,3.995,20,20,225,same_worker,27,720754
yjit-on/puma-response-chunk-1kb/raptor-3r/repeat-2,yjit-on,true,puma-response-chunk-1kb,puma-response-time-wrk,puma/benchmarks/local/response_time_wrk,https://github.com/puma/puma/blob/main/benchmarks/local/response_time_wrk.rb,raptor-3r,3,raptor,3,,1000,1000,16.136,5.0,1000,1000,16.125,2.0,5,true,1000,0,61.972,40.987,41.96,42.403,4034.605,4039.229,30.055,30.055,3.165,20,20,225,same_worker,27,716245
yjit-on/puma-response-string-1kb/raptor-3r/repeat-2,yjit-on,true,puma-response-string-1kb,puma-response-time-wrk,puma/benchmarks/local/response_time_wrk,https://github.com/puma/puma/blob/main/benchmarks/local/response_time_wrk.rb,raptor-3r,3,raptor,3,,1000,1000,16.134,5.0,1000,1000,16.111,2.0,5,true,1000,0,61.983,40.996,41.971,42.332,4033.912,4035.595,30.32,30.32,2.895,20,20,226,same_worker,28,718832
yjit-on/puma-response-io-1kb/raptor-3r/repeat-2,yjit-on,true,puma-response-io-1kb,puma-response-time-wrk,puma/benchmarks/local/response_time_wrk,https://github.com/puma/puma/blob/main/benchmarks/local/response_time_wrk.rb,raptor-3r,3,raptor,3,,1000,1000,16.141,5.0,1000,1000,16.121,2.0,5,true,1000,0,61.955,41.002,41.956,42.402,4035.656,4036.39,30.391,30.391,2.805,20,20,226,same_worker,29,726393
yjit-on/puma-response-array-10kb/raptor-3r/repeat-2,yjit-on,true,puma-response-array-10kb,puma-response-time-wrk,puma/benchmarks/local/response_time_wrk,https://github.com/puma/puma/blob/main/benchmarks/local/response_time_wrk.rb,raptor-3r,3,raptor,3,,1000,1000,16.128,5.0,1000,1000,16.099,2.0,5,true,1000,0,62.006,40.988,41.962,42.251,4032.653,4033.726,30.414,30.414,2.785,20,20,225,same_worker,29,719824
yjit-on/puma-response-chunk-10kb/raptor-3r/repeat-2,yjit-on,true,puma-response-chunk-10kb,puma-response-time-wrk,puma/benchmarks/local/response_time_wrk,https://github.com/puma/puma/blob/main/benchmarks/local/response_time_wrk.rb,raptor-3r,3,raptor,3,,1000,1000,16.123,5.0,1000,1000,16.127,2.0,5,true,1000,0,62.024,40.988,41.937,42.212,4032.757,4033.851,30.414,30.414,2.7,20,20,225,same_worker,29,714855
yjit-on/puma-response-string-10kb/raptor-3r/repeat-2,yjit-on,true,puma-response-string-10kb,puma-response-time-wrk,puma/benchmarks/local/response_time_wrk,https://github.com/puma/puma/blob/main/benchmarks/local/response_time_wrk.rb,raptor-3r,3,raptor,3,,1000,1000,16.144,5.0,1000,1000,16.119,2.0,5,true,1000,0,61.943,40.993,41.984,42.533,4033.82,4034.799,30.426,30.426,2.7,20,20,226,same_worker,30,718547
yjit-on/puma-response-io-10kb/raptor-3r/repeat-2,yjit-on,true,puma-response-io-10kb,puma-response-time-wrk,puma/benchmarks/local/response_time_wrk,https://github.com/puma/puma/blob/main/benchmarks/local/response_time_wrk.rb,raptor-3r,3,raptor,3,,1000,1000,16.15,5.0,1000,1000,16.132,2.0,5,true,1000,0,61.918,41.0,41.972,42.461,4042.096,4042.546,31.055,31.055,2.7,20,20,225,same_worker,31,746818
yjit-on/puma-response-array-100kb/raptor-3r/repeat-2,yjit-on,true,puma-response-array-100kb,puma-response-time-wrk,puma/benchmarks/local/response_time_wrk,https://github.com/puma/puma/blob/main/benchmarks/local/response_time_wrk.rb,raptor-3r,3,raptor,3,,1000,1000,14.363,5.0,1000,1000,12.915,2.0,5,true,1000,0,69.624,40.979,41.967,42.881,3604.563,3606.099,31.055,31.055,2.865,20,20,201,same_worker,30,719287
yjit-on/puma-response-chunk-100kb/raptor-3r/repeat-2,yjit-on,true,puma-response-chunk-100kb,puma-response-time-wrk,puma/benchmarks/local/response_time_wrk,https://github.com/puma/puma/blob/main/benchmarks/local/response_time_wrk.rb,raptor-3r,3,raptor,3,,1000,1000,14.326,5.0,1000,1000,11.74,2.0,5,true,1000,0,69.803,40.976,41.986,42.925,3564.148,3684.641,31.238,31.238,3.025,20,20,200,same_worker,31,716851
yjit-on/puma-response-string-100kb/raptor-3r/repeat-2,yjit-on,true,puma-response-string-100kb,puma-response-time-wrk,puma/benchmarks/local/response_time_wrk,https://github.com/puma/puma/blob/main/benchmarks/local/response_time_wrk.rb,raptor-3r,3,raptor,3,,11739,1000,5.002,5.0,1000,4921,2.002,2.0,5,true,11739,0,2346.908,1.214,2.017,10.413,117.332,135.467,31.492,31.492,4.305,20,20,67,same_worker,389,8440392
yjit-on/puma-response-io-100kb/raptor-3r/repeat-2,yjit-on,true,puma-response-io-100kb,puma-response-time-wrk,puma/benchmarks/local/response_time_wrk,https://github.com/puma/puma/blob/main/benchmarks/local/response_time_wrk.rb,raptor-3r,3,raptor,3,,1000,1000,14.028,5.0,1000,1000,12.46,2.0,5,true,1000,0,71.288,41.022,42.049,43.172,3460.218,3495.825,36.359,36.359,5.08,20,20,196,same_worker,48,925982
yjit-on/puma-response-array-256kb/raptor-3r/repeat-2,yjit-on,true,puma-response-array-256kb,puma-response-time-wrk,puma/benchmarks/local/response_time_wrk,https://github.com/puma/puma/blob/main/benchmarks/local/response_time_wrk.rb,raptor-3r,3,raptor,3,,1000,1000,9.937,5.0,1000,1000,10.909,2.0,5,true,1000,0,100.632,41.829,42.768,43.997,2967.471,3621.351,36.359,36.359,5.275,20,20,139,same_worker,36,717553
yjit-on/puma-response-chunk-256kb/raptor-3r/repeat-2,yjit-on,true,puma-response-chunk-256kb,puma-response-time-wrk,puma/benchmarks/local/response_time_wrk,https://github.com/puma/puma/blob/main/benchmarks/local/response_time_wrk.rb,raptor-3r,3,raptor,3,,1000,1000,11.049,5.0,1000,1000,10.74,2.0,5,true,1000,0,90.503,41.898,42.869,43.893,2595.569,3082.963,36.359,36.359,5.52,20,20,154,same_worker,36,716150
yjit-on/puma-response-string-256kb/raptor-3r/repeat-2,yjit-on,true,puma-response-string-256kb,puma-response-time-wrk,puma/benchmarks/local/response_time_wrk,https://github.com/puma/puma/blob/main/benchmarks/local/response_time_wrk.rb,raptor-3r,3,raptor,3,,8757,1000,5.003,5.0,1000,3486,2.002,2.0,5,true,8757,0,1750.524,1.539,2.621,25.574,173.847,201.498,36.398,36.398,6.35,20,20,66,same_worker,349,6297748
yjit-on/puma-response-io-256kb/raptor-3r/repeat-2,yjit-on,true,puma-response-io-256kb,puma-response-time-wrk,puma/benchmarks/local/response_time_wrk,https://github.com/puma/puma/blob/main/benchmarks/local/response_time_wrk.rb,raptor-3r,3,raptor,3,,1000,1000,12.764,5.0,1000,1000,13.63,2.0,5,true,1000,0,78.345,41.949,42.617,43.157,3258.483,3471.219,44.512,44.512,6.9,20,20,180,same_worker,52,1236585
yjit-on/puma-response-array-512kb/raptor-3r/repeat-2,yjit-on,true,puma-response-array-512kb,puma-response-time-wrk,puma/benchmarks/local/response_time_wrk,https://github.com/puma/puma/blob/main/benchmarks/local/response_time_wrk.rb,raptor-3r,3,raptor,3,,1000,1000,14.677,5.0,1000,1000,15.751,2.0,5,true,1000,0,68.135,41.985,43.091,45.347,3679.905,3740.069,44.512,44.512,7.095,20,20,205,same_worker,28,718440
yjit-on/puma-response-chunk-512kb/raptor-3r/repeat-2,yjit-on,true,puma-response-chunk-512kb,puma-response-time-wrk,puma/benchmarks/local/response_time_wrk,https://github.com/puma/puma/blob/main/benchmarks/local/response_time_wrk.rb,raptor-3r,3,raptor,3,,1000,1000,13.518,5.0,1000,1000,15.141,2.0,5,true,1000,0,73.976,41.977,43.085,44.449,3123.049,3502.061,44.512,44.512,7.36,20,20,189,same_worker,28,715254
yjit-on/puma-response-string-512kb/raptor-3r/repeat-2,yjit-on,true,puma-response-string-512kb,puma-response-time-wrk,puma/benchmarks/local/response_time_wrk,https://github.com/puma/puma/blob/main/benchmarks/local/response_time_wrk.rb,raptor-3r,3,raptor,3,,6307,1000,5.003,5.0,1000,2533,2.005,2.0,5,true,6307,0,1260.55,2.14,3.594,74.026,232.145,250.4,44.512,44.512,7.905,20,20,64,same_worker,187,4533941
yjit-on/puma-response-io-512kb/raptor-3r/repeat-2,yjit-on,true,puma-response-io-512kb,puma-response-time-wrk,puma/benchmarks/local/response_time_wrk,https://github.com/puma/puma/blob/main/benchmarks/local/response_time_wrk.rb,raptor-3r,3,raptor,3,,1000,1000,14.421,5.0,1000,1000,14.712,2.0,5,true,1000,0,69.341,42.911,43.978,45.957,3422.109,3683.229,48.918,48.918,8.47,20,20,201,same_worker,87,1748947
yjit-on/puma-response-array-1024kb/raptor-3r/repeat-2,yjit-on,true,puma-response-array-1024kb,puma-response-time-wrk,puma/benchmarks/local/response_time_wrk,https://github.com/puma/puma/blob/main/benchmarks/local/response_time_wrk.rb,raptor-3r,3,raptor,3,,1000,1000,14.004,5.0,1000,1000,13.628,2.0,5,true,1000,0,71.408,43.084,44.67,54.358,3358.308,3386.007,45.215,45.215,9.025,20,20,195,same_worker,31,719395
yjit-on/puma-response-chunk-1024kb/raptor-3r/repeat-2,yjit-on,true,puma-response-chunk-1024kb,puma-response-time-wrk,puma/benchmarks/local/response_time_wrk,https://github.com/puma/puma/blob/main/benchmarks/local/response_time_wrk.rb,raptor-3r,3,raptor,3,,1000,1000,13.575,5.0,1000,1000,13.653,2.0,5,true,1000,0,73.663,43.065,44.81,46.595,3208.643,3361.374,45.215,45.215,9.605,20,20,189,same_worker,31,714683
yjit-on/puma-response-string-1024kb/raptor-3r/repeat-2,yjit-on,true,puma-response-string-1024kb,puma-response-time-wrk,puma/benchmarks/local/response_time_wrk,https://github.com/puma/puma/blob/main/benchmarks/local/response_time_wrk.rb,raptor-3r,3,raptor,3,,4250,1000,5.005,5.0,1000,1742,2.005,2.0,5,true,4250,0,849.181,3.079,5.928,23.466,364.991,393.949,48.527,48.527,9.955,20,20,62,same_worker,139,3056532
yjit-on/puma-response-io-1024kb/raptor-3r/repeat-2,yjit-on,true,puma-response-io-1024kb,puma-response-time-wrk,puma/benchmarks/local/response_time_wrk,https://github.com/puma/puma/blob/main/benchmarks/local/response_time_wrk.rb,raptor-3r,3,raptor,3,,1000,1000,15.54,5.0,1000,1000,15.727,2.0,5,true,1000,0,64.348,44.059,46.068,51.6,3899.6,4007.013,54.223,54.223,10.68,20,20,216,same_worker,155,2771560
yjit-on/puma-response-array-2048kb/raptor-3r/repeat-2,yjit-on,true,puma-response-array-2048kb,puma-response-time-wrk,puma/benchmarks/local/response_time_wrk,https://github.com/puma/puma/blob/main/benchmarks/local/response_time_wrk.rb,raptor-3r,3,raptor,3,,1000,1000,13.77,5.0,1000,1000,15.014,2.0,5,true,1000,0,72.622,45.013,47.951,51.908,3746.972,3802.702,49.438,49.438,11.78,20,20,189,same_worker,27,718133
yjit-on/puma-response-chunk-2048kb/raptor-3r/repeat-2,yjit-on,true,puma-response-chunk-2048kb,puma-response-time-wrk,puma/benchmarks/local/response_time_wrk,https://github.com/puma/puma/blob/main/benchmarks/local/response_time_wrk.rb,raptor-3r,3,raptor,3,,1000,1000,16.101,5.0,1000,1000,16.395,2.0,5,true,1000,0,62.108,45.948,47.75,49.954,4078.52,4124.128,49.438,49.438,12.805,20,20,223,same_worker,28,716249
yjit-on/puma-response-string-2048kb/raptor-3r/repeat-2,yjit-on,true,puma-response-string-2048kb,puma-response-time-wrk,puma/benchmarks/local/response_time_wrk,https://github.com/puma/puma/blob/main/benchmarks/local/response_time_wrk.rb,raptor-3r,3,raptor,3,,2780,1000,5.009,5.0,1000,1190,2.02,2.0,5,true,2780,0,554.991,5.231,7.078,16.708,542.002,560.703,55.449,55.449,13.15,20,20,60,same_worker,79,1999043
yjit-on/puma-response-io-2048kb/raptor-3r/repeat-2,yjit-on,true,puma-response-io-2048kb,puma-response-time-wrk,puma/benchmarks/local/response_time_wrk,https://github.com/puma/puma/blob/main/benchmarks/local/response_time_wrk.rb,raptor-3r,3,raptor,3,,1000,1000,16.924,5.0,1000,1000,17.697,2.0,5,true,1000,0,59.087,47.9,50.188,53.132,4214.5,4271.598,65.367,65.164,14.27,20,20,234,same_worker,265,4820216
yjit-on/puma-long-tail-fib-200ms-x6p0/raptor-3r/repeat-2,yjit-on,true,puma-long-tail-fib-200ms-x6p0,puma-long-tail-hey,puma/benchmarks/local/long_tail_hey + test/rackup/sleep_fibonacci,https://github.com/puma/puma/blob/main/benchmarks/local/long_tail_hey.rb,raptor-3r,3,raptor,3,,363,360,29.012,5.0,360,360,28.758,2.0,18,true,363,0,12.512,241.909,243.204,19616.796,24412.11,24412.901,65.527,65.527,23.645,20,20,395,same_worker,3,64134
yjit-on/puma-long-tail-fib-200ms-x4p0/raptor-3r/repeat-2,yjit-on,true,puma-long-tail-fib-200ms-x4p0,puma-long-tail-hey,puma/benchmarks/local/long_tail_hey + test/rackup/sleep_fibonacci,https://github.com/puma/puma/blob/main/benchmarks/local/long_tail_hey.rb,raptor-3r,3,raptor,3,,243,240,19.417,5.0,240,240,19.169,2.0,12,true,243,0,12.515,241.753,242.989,12804.564,14817.814,14818.272,65.559,65.559,31.83,20,20,267,same_worker,2,43059
yjit-on/puma-long-tail-fib-200ms-x3p0/raptor-3r/repeat-2,yjit-on,true,puma-long-tail-fib-200ms-x3p0,puma-long-tail-hey,puma/benchmarks/local/long_tail_hey + test/rackup/sleep_fibonacci,https://github.com/puma/puma/blob/main/benchmarks/local/long_tail_hey.rb,raptor-3r,3,raptor,3,,183,180,14.627,5.0,180,180,14.384,2.0,9,true,183,0,12.511,241.809,242.98,10028.611,10029.699,10029.765,65.563,65.563,37.21,20,20,200,same_worker,1,31199
yjit-on/puma-long-tail-fib-200ms-x2p0/raptor-3r/repeat-2,yjit-on,true,puma-long-tail-fib-200ms-x2p0,puma-long-tail-hey,puma/benchmarks/local/long_tail_hey + test/rackup/sleep_fibonacci,https://github.com/puma/puma/blob/main/benchmarks/local/long_tail_hey.rb,raptor-3r,3,raptor,3,,123,120,9.834,5.0,120,120,9.588,2.0,6,true,123,0,12.507,241.846,242.996,5232.188,5234.053,5234.308,65.566,65.566,40.715,20,20,136,same_worker,1,21714
yjit-on/puma-long-tail-fib-200ms-x1p5/raptor-3r/repeat-2,yjit-on,true,puma-long-tail-fib-200ms-x1p5,puma-long-tail-hey,puma/benchmarks/local/long_tail_hey + test/rackup/sleep_fibonacci,https://github.com/puma/puma/blob/main/benchmarks/local/long_tail_hey.rb,raptor-3r,3,raptor,3,,103,100,9.832,5.0,100,100,9.571,2.0,5,true,103,0,10.476,241.816,242.57,5130.54,5230.952,5231.03,65.566,65.566,43.31,20,20,137,same_worker,1,16793
yjit-on/puma-long-tail-fib-200ms-x1p0/raptor-3r/repeat-2,yjit-on,true,puma-long-tail-fib-200ms-x1p0,puma-long-tail-hey,puma/benchmarks/local/long_tail_hey + test/rackup/sleep_fibonacci,https://github.com/puma/puma/blob/main/benchmarks/local/long_tail_hey.rb,raptor-3r,3,raptor,3,,63,60,5.034,5.0,60,60,4.795,2.0,3,true,63,0,12.515,241.716,242.368,242.57,242.623,242.628,65.574,65.574,44.895,20,20,70,same_worker,1,11711
yjit-on/puma-long-tail-fib-200ms-x0p5/raptor-3r/repeat-2,yjit-on,true,puma-long-tail-fib-200ms-x0p5,puma-long-tail-hey,puma/benchmarks/local/long_tail_hey + test/rackup/sleep_fibonacci,https://github.com/puma/puma/blob/main/benchmarks/local/long_tail_hey.rb,raptor-3r,3,raptor,3,,42,40,5.036,5.0,40,40,4.783,2.0,2,true,42,0,8.34,241.836,242.228,242.252,242.261,242.262,65.574,65.574,45.85,20,20,71,same_worker,0,7435
yjit-on/puma-sleep-fibonacci-1ms/raptor-3r/repeat-2,yjit-on,true,puma-sleep-fibonacci-1ms,puma-sleep-fibonacci-test,puma/benchmarks/local/sleep_fibonacci_test + test/rackup/sleep_fibonacci,https://github.com/puma/puma/blob/main/benchmarks/local/sleep_fibonacci_test.rb,raptor-3r,3,raptor,3,,122,10,5.007,5.0,10,49,2.019,2.0,1,true,122,0,24.367,41.966,42.12,42.822,42.993,43.009,65.625,65.625,45.83,20,20,71,same_worker,1,21608
yjit-on/puma-sleep-fibonacci-5ms/raptor-3r/repeat-2,yjit-on,true,puma-sleep-fibonacci-5ms,puma-sleep-fibonacci-test,puma/benchmarks/local/sleep_fibonacci_test + test/rackup/sleep_fibonacci,https://github.com/puma/puma/blob/main/benchmarks/local/sleep_fibonacci_test.rb,raptor-3r,3,raptor,3,,113,10,5.031,5.0,10,45,2.026,2.0,1,true,113,0,22.461,45.865,46.163,47.01,47.019,47.02,65.629,65.629,45.535,20,20,71,same_worker,1,19239
yjit-on/puma-sleep-fibonacci-10ms/raptor-3r/repeat-2,yjit-on,true,puma-sleep-fibonacci-10ms,puma-sleep-fibonacci-test,puma/benchmarks/local/sleep_fibonacci_test + test/rackup/sleep_fibonacci,https://github.com/puma/puma/blob/main/benchmarks/local/sleep_fibonacci_test.rb,raptor-3r,3,raptor,3,,99,10,5.043,5.0,10,40,2.021,2.0,1,true,99,0,19.632,50.99,52.03,52.342,52.881,52.941,65.645,65.645,45.29,20,20,71,same_worker,1,18605
yjit-on/puma-sleep-fibonacci-50ms/raptor-3r/repeat-2,yjit-on,true,puma-sleep-fibonacci-50ms,puma-sleep-fibonacci-test,puma/benchmarks/local/sleep_fibonacci_test + test/rackup/sleep_fibonacci,https://github.com/puma/puma/blob/main/benchmarks/local/sleep_fibonacci_test.rb,raptor-3r,3,raptor,3,,55,10,5.012,5.0,10,23,2.075,2.0,1,true,55,0,10.974,91.949,92.034,92.277,92.447,92.466,65.648,65.648,45.2,20,20,71,same_worker,0,9872
yjit-on/puma-sleep-fibonacci-100ms/raptor-3r/repeat-2,yjit-on,true,puma-sleep-fibonacci-100ms,puma-sleep-fibonacci-test,puma/benchmarks/local/sleep_fibonacci_test + test/rackup/sleep_fibonacci,https://github.com/puma/puma/blob/main/benchmarks/local/sleep_fibonacci_test.rb,raptor-3r,3,raptor,3,,36,10,5.057,5.0,10,15,2.084,2.0,1,true,36,0,7.119,141.45,142.165,142.786,142.937,142.954,65.652,65.652,45.2,20,20,72,same_worker,1,6906
yjit-on/puma-sleep-fibonacci-200ms/raptor-3r/repeat-2,yjit-on,true,puma-sleep-fibonacci-200ms,puma-sleep-fibonacci-test,puma/benchmarks/local/sleep_fibonacci_test + test/rackup/sleep_fibonacci,https://github.com/puma/puma/blob/main/benchmarks/local/sleep_fibonacci_test.rb,raptor-3r,3,raptor,3,,21,10,5.039,5.0,10,10,2.38,2.0,1,true,21,0,4.168,241.923,242.067,242.53,242.634,242.645,65.652,65.652,45.3,20,20,71,same_worker,0,2159
yjit-on/puma-response-array-1kb/raptor-3r/repeat-3,yjit-on,true,puma-response-array-1kb,puma-response-time-wrk,puma/benchmarks/local/response_time_wrk,https://github.com/puma/puma/blob/main/benchmarks/local/response_time_wrk.rb,raptor-3r,3,raptor,3,,1000,1000,16.123,5.0,1000,1000,16.162,2.0,5,true,1000,0,62.023,40.985,41.96,42.294,4032.287,4034.721,29.805,29.805,4.01,20,20,225,same_worker,26,718354
yjit-on/puma-response-chunk-1kb/raptor-3r/repeat-3,yjit-on,true,puma-response-chunk-1kb,puma-response-time-wrk,puma/benchmarks/local/response_time_wrk,https://github.com/puma/puma/blob/main/benchmarks/local/response_time_wrk.rb,raptor-3r,3,raptor,3,,1000,1000,16.136,5.0,1000,1000,16.137,2.0,5,true,1000,0,61.972,40.999,41.956,42.369,4039.709,4039.786,30.172,30.172,3.125,20,20,225,same_worker,27,716759
yjit-on/puma-response-string-1kb/raptor-3r/repeat-3,yjit-on,true,puma-response-string-1kb,puma-response-time-wrk,puma/benchmarks/local/response_time_wrk,https://github.com/puma/puma/blob/main/benchmarks/local/response_time_wrk.rb,raptor-3r,3,raptor,3,,1000,1000,16.137,5.0,1000,1000,16.117,2.0,5,true,1000,0,61.967,40.996,41.996,42.401,4035.747,4038.496,30.27,30.27,2.88,20,20,226,same_worker,28,718336
yjit-on/puma-response-io-1kb/raptor-3r/repeat-3,yjit-on,true,puma-response-io-1kb,puma-response-time-wrk,puma/benchmarks/local/response_time_wrk,https://github.com/puma/puma/blob/main/benchmarks/local/response_time_wrk.rb,raptor-3r,3,raptor,3,,1000,1000,16.126,5.0,1000,1000,16.087,2.0,5,true,1000,0,62.012,40.992,41.988,42.404,4030.434,4037.252,30.391,30.391,2.7,20,20,227,same_worker,28,727237
yjit-on/puma-response-array-10kb/raptor-3r/repeat-3,yjit-on,true,puma-response-array-10kb,puma-response-time-wrk,puma/benchmarks/local/response_time_wrk,https://github.com/puma/puma/blob/main/benchmarks/local/response_time_wrk.rb,raptor-3r,3,raptor,3,,1000,1000,16.122,5.0,1000,1000,16.105,2.0,5,true,1000,0,62.028,40.988,41.981,42.441,4031.543,4032.723,30.445,30.445,2.69,20,20,226,same_worker,29,719249
yjit-on/puma-response-chunk-10kb/raptor-3r/repeat-3,yjit-on,true,puma-response-chunk-10kb,puma-response-time-wrk,puma/benchmarks/local/response_time_wrk,https://github.com/puma/puma/blob/main/benchmarks/local/response_time_wrk.rb,raptor-3r,3,raptor,3,,1000,1000,16.129,5.0,1000,1000,16.089,2.0,5,true,1000,0,62.001,40.996,41.985,42.382,4032.013,4033.201,30.445,30.445,2.6,20,20,227,same_worker,29,715467
yjit-on/puma-response-string-10kb/raptor-3r/repeat-3,yjit-on,true,puma-response-string-10kb,puma-response-time-wrk,puma/benchmarks/local/response_time_wrk,https://github.com/puma/puma/blob/main/benchmarks/local/response_time_wrk.rb,raptor-3r,3,raptor,3,,1000,1000,16.128,5.0,1000,1000,16.093,2.0,5,true,1000,0,62.005,40.995,41.974,42.324,4034.392,4036.44,30.461,30.461,2.585,20,20,226,same_worker,30,719231
yjit-on/puma-response-io-10kb/raptor-3r/repeat-3,yjit-on,true,puma-response-io-10kb,puma-response-time-wrk,puma/benchmarks/local/response_time_wrk,https://github.com/puma/puma/blob/main/benchmarks/local/response_time_wrk.rb,raptor-3r,3,raptor,3,,1000,1000,16.125,5.0,1000,1000,16.09,2.0,5,true,1000,0,62.017,40.993,41.971,42.353,4032.206,4032.785,30.789,30.789,2.545,20,20,226,same_worker,31,746062
yjit-on/puma-response-array-100kb/raptor-3r/repeat-3,yjit-on,true,puma-response-array-100kb,puma-response-time-wrk,puma/benchmarks/local/response_time_wrk,https://github.com/puma/puma/blob/main/benchmarks/local/response_time_wrk.rb,raptor-3r,3,raptor,3,,1000,1000,14.909,5.0,1000,1000,13.806,2.0,5,true,1000,0,67.075,40.981,41.985,42.333,3753.626,3882.228,30.852,30.852,2.68,20,20,209,same_worker,30,718220
yjit-on/puma-response-chunk-100kb/raptor-3r/repeat-3,yjit-on,true,puma-response-chunk-100kb,puma-response-time-wrk,puma/benchmarks/local/response_time_wrk,https://github.com/puma/puma/blob/main/benchmarks/local/response_time_wrk.rb,raptor-3r,3,raptor,3,,1000,1000,15.485,5.0,1000,1000,15.324,2.0,5,true,1000,0,64.58,40.981,41.978,42.208,3911.278,4021.887,30.879,30.879,2.79,20,20,219,same_worker,30,716251
yjit-on/puma-response-string-100kb/raptor-3r/repeat-3,yjit-on,true,puma-response-string-100kb,puma-response-time-wrk,puma/benchmarks/local/response_time_wrk,https://github.com/puma/puma/blob/main/benchmarks/local/response_time_wrk.rb,raptor-3r,3,raptor,3,,12078,1000,5.002,5.0,1000,5078,2.002,2.0,5,true,12078,0,2414.552,1.191,1.931,7.825,122.762,130.966,31.371,31.371,3.96,20,20,67,same_worker,405,8685288
yjit-on/puma-response-io-100kb/raptor-3r/repeat-3,yjit-on,true,puma-response-io-100kb,puma-response-time-wrk,puma/benchmarks/local/response_time_wrk,https://github.com/puma/puma/blob/main/benchmarks/local/response_time_wrk.rb,raptor-3r,3,raptor,3,,1000,1000,15.31,5.0,1000,1000,14.016,2.0,5,true,1000,0,65.317,40.981,41.991,42.449,3839.078,3878.735,35.941,35.941,4.6,20,20,216,same_worker,49,925239
yjit-on/puma-response-array-256kb/raptor-3r/repeat-3,yjit-on,true,puma-response-array-256kb,puma-response-time-wrk,puma/benchmarks/local/response_time_wrk,https://github.com/puma/puma/blob/main/benchmarks/local/response_time_wrk.rb,raptor-3r,3,raptor,3,,1000,1000,11.82,5.0,1000,1000,12.728,2.0,5,true,1000,0,84.602,41.16,42.31,43.362,2837.36,3090.283,35.941,35.941,4.75,20,20,166,same_worker,37,719249
yjit-on/puma-response-chunk-256kb/raptor-3r/repeat-3,yjit-on,true,puma-response-chunk-256kb,puma-response-time-wrk,puma/benchmarks/local/response_time_wrk,https://github.com/puma/puma/blob/main/benchmarks/local/response_time_wrk.rb,raptor-3r,3,raptor,3,,1000,1000,13.258,5.0,1000,1000,11.641,2.0,5,true,1000,0,75.426,41.887,42.328,43.207,3163.044,3542.798,35.941,35.941,4.955,20,20,186,same_worker,37,716243
yjit-on/puma-response-string-256kb/raptor-3r/repeat-3,yjit-on,true,puma-response-string-256kb,puma-response-time-wrk,puma/benchmarks/local/response_time_wrk,https://github.com/puma/puma/blob/main/benchmarks/local/response_time_wrk.rb,raptor-3r,3,raptor,3,,8823,1000,5.003,5.0,1000,3630,2.003,2.0,5,true,8823,0,1763.672,1.51,2.531,43.285,164.674,241.76,36.223,36.223,5.71,20,20,66,same_worker,363,6344604
yjit-on/puma-response-io-256kb/raptor-3r/repeat-3,yjit-on,true,puma-response-io-256kb,puma-response-time-wrk,puma/benchmarks/local/response_time_wrk,https://github.com/puma/puma/blob/main/benchmarks/local/response_time_wrk.rb,raptor-3r,3,raptor,3,,1000,1000,14.207,5.0,1000,1000,12.261,2.0,5,true,1000,0,70.387,41.958,42.691,44.735,3460.969,3629.365,42.715,42.715,6.275,20,20,199,same_worker,52,1237231
yjit-on/puma-response-array-512kb/raptor-3r/repeat-3,yjit-on,true,puma-response-array-512kb,puma-response-time-wrk,puma/benchmarks/local/response_time_wrk,https://github.com/puma/puma/blob/main/benchmarks/local/response_time_wrk.rb,raptor-3r,3,raptor,3,,1000,1000,14.451,5.0,1000,1000,14.342,2.0,5,true,1000,0,69.199,41.972,43.001,44.066,3741.804,3817.132,42.719,42.719,6.5,20,20,202,same_worker,28,717538
yjit-on/puma-response-chunk-512kb/raptor-3r/repeat-3,yjit-on,true,puma-response-chunk-512kb,puma-response-time-wrk,puma/benchmarks/local/response_time_wrk,https://github.com/puma/puma/blob/main/benchmarks/local/response_time_wrk.rb,raptor-3r,3,raptor,3,,1000,1000,14.569,5.0,1000,1000,13.747,2.0,5,true,1000,0,68.638,41.977,43.087,44.64,3668.144,3790.686,42.719,42.719,6.77,20,20,203,same_worker,28,714852
yjit-on/puma-response-string-512kb/raptor-3r/repeat-3,yjit-on,true,puma-response-string-512kb,puma-response-time-wrk,puma/benchmarks/local/response_time_wrk,https://github.com/puma/puma/blob/main/benchmarks/local/response_time_wrk.rb,raptor-3r,3,raptor,3,,6386,1000,5.003,5.0,1000,2690,2.003,2.0,5,true,6386,0,1276.5,2.05,3.684,21.548,247.062,267.517,42.719,42.719,7.3,20,20,64,same_worker,188,4591937
yjit-on/puma-response-io-512kb/raptor-3r/repeat-3,yjit-on,true,puma-response-io-512kb,puma-response-time-wrk,puma/benchmarks/local/response_time_wrk,https://github.com/puma/puma/blob/main/benchmarks/local/response_time_wrk.rb,raptor-3r,3,raptor,3,,1000,1000,14.431,5.0,1000,1000,14.459,2.0,5,true,1000,0,69.295,42.847,43.99,49.447,3578.474,3717.532,47.699,47.699,7.855,20,20,202,same_worker,85,1749696
yjit-on/puma-response-array-1024kb/raptor-3r/repeat-3,yjit-on,true,puma-response-array-1024kb,puma-response-time-wrk,puma/benchmarks/local/response_time_wrk,https://github.com/puma/puma/blob/main/benchmarks/local/response_time_wrk.rb,raptor-3r,3,raptor,3,,1000,1000,14.123,5.0,1000,1000,15.143,2.0,5,true,1000,0,70.808,43.01,44.524,47.759,3388.775,3403.69,47.699,47.699,8.415,20,20,196,same_worker,30,719249
yjit-on/puma-response-chunk-1024kb/raptor-3r/repeat-3,yjit-on,true,puma-response-chunk-1024kb,puma-response-time-wrk,puma/benchmarks/local/response_time_wrk,https://github.com/puma/puma/blob/main/benchmarks/local/response_time_wrk.rb,raptor-3r,3,raptor,3,,1000,1000,15.072,5.0,1000,1000,13.588,2.0,5,true,1000,0,66.347,43.223,44.915,50.246,3849.012,3972.81,47.699,47.699,8.955,20,20,210,same_worker,30,717084
yjit-on/puma-response-string-1024kb/raptor-3r/repeat-3,yjit-on,true,puma-response-string-1024kb,puma-response-time-wrk,puma/benchmarks/local/response_time_wrk,https://github.com/puma/puma/blob/main/benchmarks/local/response_time_wrk.rb,raptor-3r,3,raptor,3,,4116,1000,5.006,5.0,1000,1759,2.005,2.0,5,true,4116,0,822.162,3.153,6.056,23.439,365.106,402.697,49.953,49.953,9.33,20,20,62,same_worker,131,2958614
yjit-on/puma-response-io-1024kb/raptor-3r/repeat-3,yjit-on,true,puma-response-io-1024kb,puma-response-time-wrk,puma/benchmarks/local/response_time_wrk,https://github.com/puma/puma/blob/main/benchmarks/local/response_time_wrk.rb,raptor-3r,3,raptor,3,,1000,1000,15.298,5.0,1000,1000,16.017,2.0,5,true,1000,0,65.369,44.085,46.207,57.292,3658.14,3777.053,56.145,56.145,10.065,20,20,212,same_worker,157,2773237
yjit-on/puma-response-array-2048kb/raptor-3r/repeat-3,yjit-on,true,puma-response-array-2048kb,puma-response-time-wrk,puma/benchmarks/local/response_time_wrk,https://github.com/puma/puma/blob/main/benchmarks/local/response_time_wrk.rb,raptor-3r,3,raptor,3,,1000,1000,14.522,5.0,1000,1000,16.551,2.0,5,true,1000,0,68.86,45.536,47.821,50.12,3549.009,3704.732,53.84,53.84,11.03,20,20,201,same_worker,28,719261
yjit-on/puma-response-chunk-2048kb/raptor-3r/repeat-3,yjit-on,true,puma-response-chunk-2048kb,puma-response-time-wrk,puma/benchmarks/local/response_time_wrk,https://github.com/puma/puma/blob/main/benchmarks/local/response_time_wrk.rb,raptor-3r,3,raptor,3,,1000,1000,14.969,5.0,1000,1000,15.616,2.0,5,true,1000,0,66.804,45.924,47.887,49.907,3724.402,3729.67,53.84,53.84,12.135,20,20,207,same_worker,28,716026
yjit-on/puma-response-string-2048kb/raptor-3r/repeat-3,yjit-on,true,puma-response-string-2048kb,puma-response-time-wrk,puma/benchmarks/local/response_time_wrk,https://github.com/puma/puma/blob/main/benchmarks/local/response_time_wrk.rb,raptor-3r,3,raptor,3,,2666,1000,5.007,5.0,1000,1166,2.049,2.0,5,true,2666,0,532.436,5.351,7.783,24.865,572.631,612.91,59.852,59.852,12.5,20,20,60,same_worker,76,1916394
yjit-on/puma-response-io-2048kb/raptor-3r/repeat-3,yjit-on,true,puma-response-io-2048kb,puma-response-time-wrk,puma/benchmarks/local/response_time_wrk,https://github.com/puma/puma/blob/main/benchmarks/local/response_time_wrk.rb,raptor-3r,3,raptor,3,,1000,1000,17.283,5.0,1000,1000,17.48,2.0,5,true,1000,0,57.859,47.903,50.867,58.868,4271.819,4346.88,65.766,65.371,13.605,20,20,239,same_worker,267,4820164
yjit-on/puma-long-tail-fib-200ms-x6p0/raptor-3r/repeat-3,yjit-on,true,puma-long-tail-fib-200ms-x6p0,puma-long-tail-hey,puma/benchmarks/local/long_tail_hey + test/rackup/sleep_fibonacci,https://github.com/puma/puma/blob/main/benchmarks/local/long_tail_hey.rb,raptor-3r,3,raptor,3,,363,360,28.998,5.0,360,360,28.776,2.0,18,true,363,0,12.518,241.593,242.926,19597.772,24385.811,24385.853,65.762,65.762,22.835,20,20,397,same_worker,2,66652
yjit-on/puma-long-tail-fib-200ms-x4p0/raptor-3r/repeat-3,yjit-on,true,puma-long-tail-fib-200ms-x4p0,puma-long-tail-hey,puma/benchmarks/local/long_tail_hey + test/rackup/sleep_fibonacci,https://github.com/puma/puma/blob/main/benchmarks/local/long_tail_hey.rb,raptor-3r,3,raptor,3,,243,240,19.418,5.0,240,240,19.174,2.0,12,true,243,0,12.514,241.784,242.954,12807.299,14818.041,14818.132,65.789,65.789,30.865,20,20,265,same_worker,2,45349
yjit-on/puma-long-tail-fib-200ms-x3p0/raptor-3r/repeat-3,yjit-on,true,puma-long-tail-fib-200ms-x3p0,puma-long-tail-hey,puma/benchmarks/local/long_tail_hey + test/rackup/sleep_fibonacci,https://github.com/puma/puma/blob/main/benchmarks/local/long_tail_hey.rb,raptor-3r,3,raptor,3,,183,180,14.616,5.0,180,180,14.379,2.0,9,true,183,0,12.521,241.524,242.736,10016.866,10017.493,10017.57,65.82,65.82,36.185,20,20,202,same_worker,1,31504
yjit-on/puma-long-tail-fib-200ms-x2p0/raptor-3r/repeat-3,yjit-on,true,puma-long-tail-fib-200ms-x2p0,puma-long-tail-hey,puma/benchmarks/local/long_tail_hey + test/rackup/sleep_fibonacci,https://github.com/puma/puma/blob/main/benchmarks/local/long_tail_hey.rb,raptor-3r,3,raptor,3,,123,120,9.823,5.0,120,120,9.586,2.0,6,true,123,0,12.521,241.484,242.507,5229.323,5229.434,5229.435,65.836,65.836,39.655,20,20,136,same_worker,0,19711
yjit-on/puma-long-tail-fib-200ms-x1p5/raptor-3r/repeat-3,yjit-on,true,puma-long-tail-fib-200ms-x1p5,puma-long-tail-hey,puma/benchmarks/local/long_tail_hey + test/rackup/sleep_fibonacci,https://github.com/puma/puma/blob/main/benchmarks/local/long_tail_hey.rb,raptor-3r,3,raptor,3,,103,100,9.829,5.0,100,100,9.579,2.0,5,true,103,0,10.479,241.785,242.496,5131.558,5231.454,5231.469,65.836,65.836,42.21,20,20,137,same_worker,1,18576
yjit-on/puma-long-tail-fib-200ms-x1p0/raptor-3r/repeat-3,yjit-on,true,puma-long-tail-fib-200ms-x1p0,puma-long-tail-hey,puma/benchmarks/local/long_tail_hey + test/rackup/sleep_fibonacci,https://github.com/puma/puma/blob/main/benchmarks/local/long_tail_hey.rb,raptor-3r,3,raptor,3,,63,60,5.033,5.0,60,60,4.792,2.0,3,true,63,0,12.517,241.261,242.431,242.617,242.694,242.702,65.836,65.836,43.78,20,20,70,same_worker,1,12552
yjit-on/puma-long-tail-fib-200ms-x0p5/raptor-3r/repeat-3,yjit-on,true,puma-long-tail-fib-200ms-x0p5,puma-long-tail-hey,puma/benchmarks/local/long_tail_hey + test/rackup/sleep_fibonacci,https://github.com/puma/puma/blob/main/benchmarks/local/long_tail_hey.rb,raptor-3r,3,raptor,3,,42,40,5.035,5.0,40,40,4.785,2.0,2,true,42,0,8.342,241.781,242.221,242.635,242.866,242.892,65.836,65.836,44.735,20,20,71,same_worker,0,7984
yjit-on/puma-sleep-fibonacci-1ms/raptor-3r/repeat-3,yjit-on,true,puma-sleep-fibonacci-1ms,puma-sleep-fibonacci-test,puma/benchmarks/local/sleep_fibonacci_test + test/rackup/sleep_fibonacci,https://github.com/puma/puma/blob/main/benchmarks/local/sleep_fibonacci_test.rb,raptor-3r,3,raptor,3,,122,10,5.008,5.0,10,49,2.019,2.0,1,true,122,0,24.362,41.978,42.15,42.999,43.214,43.243,65.875,65.875,44.72,20,20,72,same_worker,1,22372
yjit-on/puma-sleep-fibonacci-5ms/raptor-3r/repeat-3,yjit-on,true,puma-sleep-fibonacci-5ms,puma-sleep-fibonacci-test,puma/benchmarks/local/sleep_fibonacci_test + test/rackup/sleep_fibonacci,https://github.com/puma/puma/blob/main/benchmarks/local/sleep_fibonacci_test.rb,raptor-3r,3,raptor,3,,114,10,5.042,5.0,10,45,2.028,2.0,1,true,114,0,22.611,44.998,46.005,46.043,46.841,46.942,65.875,65.875,44.44,20,20,72,same_worker,0,20265
yjit-on/puma-sleep-fibonacci-10ms/raptor-3r/repeat-3,yjit-on,true,puma-sleep-fibonacci-10ms,puma-sleep-fibonacci-test,puma/benchmarks/local/sleep_fibonacci_test + test/rackup/sleep_fibonacci,https://github.com/puma/puma/blob/main/benchmarks/local/sleep_fibonacci_test.rb,raptor-3r,3,raptor,3,,99,10,5.031,5.0,10,40,2.001,2.0,1,true,99,0,19.679,50.984,52.006,52.02,52.02,52.02,65.887,65.887,44.215,20,20,72,same_worker,0,17616
yjit-on/puma-sleep-fibonacci-50ms/raptor-3r/repeat-3,yjit-on,true,puma-sleep-fibonacci-50ms,puma-sleep-fibonacci-test,puma/benchmarks/local/sleep_fibonacci_test + test/rackup/sleep_fibonacci,https://github.com/puma/puma/blob/main/benchmarks/local/sleep_fibonacci_test.rb,raptor-3r,3,raptor,3,,56,10,5.073,5.0,10,23,2.066,2.0,1,true,56,0,11.039,90.992,92.021,92.496,92.881,92.923,65.914,65.914,44.1,20,20,73,same_worker,1,10084
yjit-on/puma-sleep-fibonacci-100ms/raptor-3r/repeat-3,yjit-on,true,puma-sleep-fibonacci-100ms,puma-sleep-fibonacci-test,puma/benchmarks/local/sleep_fibonacci_test + test/rackup/sleep_fibonacci,https://github.com/puma/puma/blob/main/benchmarks/local/sleep_fibonacci_test.rb,raptor-3r,3,raptor,3,,36,10,5.071,5.0,10,15,2.083,2.0,1,true,36,0,7.099,141.962,142.023,142.993,143.452,143.502,65.914,65.914,44.14,20,20,72,same_worker,0,6528
yjit-on/puma-sleep-fibonacci-200ms/raptor-3r/repeat-3,yjit-on,true,puma-sleep-fibonacci-200ms,puma-sleep-fibonacci-test,puma/benchmarks/local/sleep_fibonacci_test + test/rackup/sleep_fibonacci,https://github.com/puma/puma/blob/main/benchmarks/local/sleep_fibonacci_test.rb,raptor-3r,3,raptor,3,,21,10,5.031,5.0,10,10,2.373,2.0,1,true,21,0,4.174,240.992,242.052,242.053,242.053,242.053,65.918,65.918,44.245,20,20,72,same_worker,0,3840
yjit-on/puma-response-array-1kb/puma-1w-3t/repeat-1,yjit-on,true,puma-response-array-1kb,puma-response-time-wrk,puma/benchmarks/local/response_time_wrk,https://github.com/puma/puma/blob/main/benchmarks/local/response_time_wrk.rb,puma-1w-3t,3,puma,1,3,16258,1000,5.001,5.0,1000,6411,2.001,2.0,5,true,16258,0,3250.848,1.48,1.92,2.377,3.198,7.007,68.922,68.758,83.16,20,20,66,multiprocess_sample_only,,
yjit-on/puma-response-chunk-1kb/puma-1w-3t/repeat-1,yjit-on,true,puma-response-chunk-1kb,puma-response-time-wrk,puma/benchmarks/local/response_time_wrk,https://github.com/puma/puma/blob/main/benchmarks/local/response_time_wrk.rb,puma-1w-3t,3,puma,1,3,15755,1000,5.001,5.0,1000,6495,2.001,2.0,5,true,15755,0,3150.193,1.526,2.002,2.416,3.444,4.116,69.008,69.008,79.1,20,20,66,multiprocess_sample_only,,
yjit-on/puma-response-string-1kb/puma-1w-3t/repeat-1,yjit-on,true,puma-response-string-1kb,puma-response-time-wrk,puma/benchmarks/local/response_time_wrk,https://github.com/puma/puma/blob/main/benchmarks/local/response_time_wrk.rb,puma-1w-3t,3,puma,1,3,16060,1000,5.002,5.0,1000,6574,2.001,2.0,5,true,16060,0,3210.99,1.493,1.998,2.543,3.439,4.421,69.148,69.148,78.205,20,20,66,multiprocess_sample_only,,
yjit-on/puma-response-io-1kb/puma-1w-3t/repeat-1,yjit-on,true,puma-response-io-1kb,puma-response-time-wrk,puma/benchmarks/local/response_time_wrk,https://github.com/puma/puma/blob/main/benchmarks/local/response_time_wrk.rb,puma-1w-3t,3,puma,1,3,15949,1000,5.001,5.0,1000,6487,2.001,2.0,5,true,15949,0,3188.868,1.507,2.001,2.472,3.429,4.275,69.363,69.363,78.935,20,20,66,multiprocess_sample_only,,
yjit-on/puma-response-array-10kb/puma-1w-3t/repeat-1,yjit-on,true,puma-response-array-10kb,puma-response-time-wrk,puma/benchmarks/local/response_time_wrk,https://github.com/puma/puma/blob/main/benchmarks/local/response_time_wrk.rb,puma-1w-3t,3,puma,1,3,16117,1000,5.001,5.0,1000,6630,2.001,2.0,5,true,16117,0,3222.651,1.491,1.959,2.354,2.999,3.43,70.813,70.813,79.04,20,20,66,multiprocess_sample_only,,
yjit-on/puma-response-chunk-10kb/puma-1w-3t/repeat-1,yjit-on,true,puma-response-chunk-10kb,puma-response-time-wrk,puma/benchmarks/local/response_time_wrk,https://github.com/puma/puma/blob/main/benchmarks/local/response_time_wrk.rb,puma-1w-3t,3,puma,1,3,14060,1000,5.001,5.0,1000,5766,2.001,2.0,5,true,14060,0,2811.263,1.721,2.203,2.529,3.428,3.808,71.219,71.219,78.59,20,20,66,multiprocess_sample_only,,
yjit-on/puma-response-string-10kb/puma-1w-3t/repeat-1,yjit-on,true,puma-response-string-10kb,puma-response-time-wrk,puma/benchmarks/local/response_time_wrk,https://github.com/puma/puma/blob/main/benchmarks/local/response_time_wrk.rb,puma-1w-3t,3,puma,1,3,16114,1000,5.001,5.0,1000,6618,2.001,2.0,5,true,16114,0,3222.161,1.488,1.985,2.371,3.139,4.043,71.273,71.273,78.27,20,20,66,multiprocess_sample_only,,
yjit-on/puma-response-io-10kb/puma-1w-3t/repeat-1,yjit-on,true,puma-response-io-10kb,puma-response-time-wrk,puma/benchmarks/local/response_time_wrk,https://github.com/puma/puma/blob/main/benchmarks/local/response_time_wrk.rb,puma-1w-3t,3,puma,1,3,15808,1000,5.001,5.0,1000,6441,2.001,2.0,5,true,15808,0,3160.876,1.521,2.054,2.48,3.174,4.146,72.125,72.125,78.75,20,20,66,multiprocess_sample_only,,
yjit-on/puma-response-array-100kb/puma-1w-3t/repeat-1,yjit-on,true,puma-response-array-100kb,puma-response-time-wrk,puma/benchmarks/local/response_time_wrk,https://github.com/puma/puma/blob/main/benchmarks/local/response_time_wrk.rb,puma-1w-3t,3,puma,1,3,13009,1000,5.001,5.0,1000,5346,2.001,2.0,5,true,13009,0,2601.194,1.869,2.31,2.606,3.571,4.24,87.613,87.008,78.63,20,20,65,multiprocess_sample_only,,
yjit-on/puma-response-chunk-100kb/puma-1w-3t/repeat-1,yjit-on,true,puma-response-chunk-100kb,puma-response-time-wrk,puma/benchmarks/local/response_time_wrk,https://github.com/puma/puma/blob/main/benchmarks/local/response_time_wrk.rb,puma-1w-3t,3,puma,1,3,6597,1000,5.003,5.0,1000,2680,2.003,2.0,5,true,6597,0,1318.605,3.75,4.553,5.048,6.845,8.163,79.559,78.84,78.035,20,20,62,multiprocess_sample_only,,
yjit-on/puma-response-string-100kb/puma-1w-3t/repeat-1,yjit-on,true,puma-response-string-100kb,puma-response-time-wrk,puma/benchmarks/local/response_time_wrk,https://github.com/puma/puma/blob/main/benchmarks/local/response_time_wrk.rb,puma-1w-3t,3,puma,1,3,12972,1000,5.002,5.0,1000,5424,2.001,2.0,5,true,12972,0,2593.617,1.871,2.334,2.645,3.586,4.625,87.012,85.656,77.38,20,20,65,multiprocess_sample_only,,
yjit-on/puma-response-io-100kb/puma-1w-3t/repeat-1,yjit-on,true,puma-response-io-100kb,puma-response-time-wrk,puma/benchmarks/local/response_time_wrk,https://github.com/puma/puma/blob/main/benchmarks/local/response_time_wrk.rb,puma-1w-3t,3,puma,1,3,12871,1000,5.001,5.0,1000,5211,2.001,2.0,5,true,12871,0,2573.435,1.838,2.299,2.698,42.249,43.487,73.637,73.137,76.97,20,20,65,multiprocess_sample_only,,
yjit-on/puma-response-array-256kb/puma-1w-3t/repeat-1,yjit-on,true,puma-response-array-256kb,puma-response-time-wrk,puma/benchmarks/local/response_time_wrk,https://github.com/puma/puma/blob/main/benchmarks/local/response_time_wrk.rb,puma-1w-3t,3,puma,1,3,9076,1000,5.002,5.0,1000,3843,2.003,2.0,5,true,9076,0,1814.638,2.467,3.878,8.186,18.723,20.306,106.551,101.652,76.43,20,20,63,multiprocess_sample_only,,
yjit-on/puma-response-chunk-256kb/puma-1w-3t/repeat-1,yjit-on,true,puma-response-chunk-256kb,puma-response-time-wrk,puma/benchmarks/local/response_time_wrk,https://github.com/puma/puma/blob/main/benchmarks/local/response_time_wrk.rb,puma-1w-3t,3,puma,1,3,3630,1000,5.005,5.0,1000,1460,2.005,2.0,5,true,3630,0,725.246,6.868,8.24,9.062,12.332,14.541,84.418,82.598,75.905,20,20,57,multiprocess_sample_only,,
yjit-on/puma-response-string-256kb/puma-1w-3t/repeat-1,yjit-on,true,puma-response-string-256kb,puma-response-time-wrk,puma/benchmarks/local/response_time_wrk,https://github.com/puma/puma/blob/main/benchmarks/local/response_time_wrk.rb,puma-1w-3t,3,puma,1,3,9625,1000,5.001,5.0,1000,3859,2.002,2.0,5,true,9625,0,1924.423,2.34,3.59,5.561,19.858,21.397,77.793,77.793,74.98,20,20,63,multiprocess_sample_only,,
yjit-on/puma-response-io-256kb/puma-1w-3t/repeat-1,yjit-on,true,puma-response-io-256kb,puma-response-time-wrk,puma/benchmarks/local/response_time_wrk,https://github.com/puma/puma/blob/main/benchmarks/local/response_time_wrk.rb,puma-1w-3t,3,puma,1,3,9205,1000,5.002,5.0,1000,3760,2.001,2.0,5,true,9205,0,1840.275,2.455,3.665,6.341,20.953,23.017,77.98,77.98,73.89,20,20,63,multiprocess_sample_only,,
yjit-on/puma-response-array-512kb/puma-1w-3t/repeat-1,yjit-on,true,puma-response-array-512kb,puma-response-time-wrk,puma/benchmarks/local/response_time_wrk,https://github.com/puma/puma/blob/main/benchmarks/local/response_time_wrk.rb,puma-1w-3t,3,puma,1,3,6816,1000,5.002,5.0,1000,2697,2.009,2.0,5,true,6816,0,1362.593,3.264,5.099,19.856,22.078,23.086,125.965,122.676,73.21,20,20,60,multiprocess_sample_only,,
yjit-on/puma-response-chunk-512kb/puma-1w-3t/repeat-1,yjit-on,true,puma-response-chunk-512kb,puma-response-time-wrk,puma/benchmarks/local/response_time_wrk,https://github.com/puma/puma/blob/main/benchmarks/local/response_time_wrk.rb,puma-1w-3t,3,puma,1,3,2073,1000,5.008,5.0,1000,1000,2.278,2.0,5,true,2073,0,413.939,11.93,14.562,15.773,18.301,22.164,87.207,87.082,72.815,20,20,51,multiprocess_sample_only,,
yjit-on/puma-response-string-512kb/puma-1w-3t/repeat-1,yjit-on,true,puma-response-string-512kb,puma-response-time-wrk,puma/benchmarks/local/response_time_wrk,https://github.com/puma/puma/blob/main/benchmarks/local/response_time_wrk.rb,puma-1w-3t,3,puma,1,3,6969,1000,5.004,5.0,1000,2763,2.004,2.0,5,true,6969,0,1392.799,3.167,5.077,19.916,23.063,24.425,80.398,80.398,71.82,20,20,61,multiprocess_sample_only,,
yjit-on/puma-response-io-512kb/puma-1w-3t/repeat-1,yjit-on,true,puma-response-io-512kb,puma-response-time-wrk,puma/benchmarks/local/response_time_wrk,https://github.com/puma/puma/blob/main/benchmarks/local/response_time_wrk.rb,puma-1w-3t,3,puma,1,3,6763,1000,5.003,5.0,1000,2624,2.042,2.0,5,true,6763,0,1351.748,3.233,5.403,20.077,22.556,213.526,80.473,80.473,70.465,20,20,61,multiprocess_sample_only,,
yjit-on/puma-response-array-1024kb/puma-1w-3t/repeat-1,yjit-on,true,puma-response-array-1024kb,puma-response-time-wrk,puma/benchmarks/local/response_time_wrk,https://github.com/puma/puma/blob/main/benchmarks/local/response_time_wrk.rb,puma-1w-3t,3,puma,1,3,4092,1000,5.004,5.0,1000,1699,2.028,2.0,5,true,4092,0,817.754,5.466,8.532,24.633,26.978,31.916,137.5,133.547,69.51,20,20,58,multiprocess_sample_only,,
yjit-on/puma-response-chunk-1024kb/puma-1w-3t/repeat-1,yjit-on,true,puma-response-chunk-1024kb,puma-response-time-wrk,puma/benchmarks/local/response_time_wrk,https://github.com/puma/puma/blob/main/benchmarks/local/response_time_wrk.rb,puma-1w-3t,3,puma,1,3,1094,1000,5.016,5.0,1000,1000,4.367,2.0,5,true,1094,0,218.088,22.842,27.015,29.079,45.52,46.401,92.855,92.227,69.16,20,20,40,multiprocess_sample_only,,
yjit-on/puma-response-string-1024kb/puma-1w-3t/repeat-1,yjit-on,true,puma-response-string-1024kb,puma-response-time-wrk,puma/benchmarks/local/response_time_wrk,https://github.com/puma/puma/blob/main/benchmarks/local/response_time_wrk.rb,puma-1w-3t,3,puma,1,3,4309,1000,5.005,5.0,1000,1737,2.026,2.0,5,true,4309,0,860.888,5.121,8.784,24.529,27.169,28.991,83.008,83.008,68.15,20,20,58,multiprocess_sample_only,,
yjit-on/puma-response-io-1024kb/puma-1w-3t/repeat-1,yjit-on,true,puma-response-io-1024kb,puma-response-time-wrk,puma/benchmarks/local/response_time_wrk,https://github.com/puma/puma/blob/main/benchmarks/local/response_time_wrk.rb,puma-1w-3t,3,puma,1,3,4347,1000,5.005,5.0,1000,1768,2.004,2.0,5,true,4347,0,868.609,5.098,7.916,24.418,27.452,215.727,83.008,83.008,66.69,20,20,58,multiprocess_sample_only,,
yjit-on/puma-response-array-2048kb/puma-1w-3t/repeat-1,yjit-on,true,puma-response-array-2048kb,puma-response-time-wrk,puma/benchmarks/local/response_time_wrk,https://github.com/puma/puma/blob/main/benchmarks/local/response_time_wrk.rb,puma-1w-3t,3,puma,1,3,2519,1000,5.008,5.0,1000,1019,2.007,2.0,5,true,2519,0,502.967,9.838,11.43,12.225,18.42,18.945,108.34,102.836,66.25,20,20,53,multiprocess_sample_only,,
yjit-on/puma-response-chunk-2048kb/puma-1w-3t/repeat-1,yjit-on,true,puma-response-chunk-2048kb,puma-response-time-wrk,puma/benchmarks/local/response_time_wrk,https://github.com/puma/puma/blob/main/benchmarks/local/response_time_wrk.rb,puma-1w-3t,3,puma,1,3,1000,1000,8.812,5.0,1000,1000,8.313,2.0,5,true,1000,0,113.482,43.993,51.425,54.331,84.901,85.096,92.855,91.797,66.48,20,20,51,multiprocess_sample_only,,
yjit-on/puma-response-string-2048kb/puma-1w-3t/repeat-1,yjit-on,true,puma-response-string-2048kb,puma-response-time-wrk,puma/benchmarks/local/response_time_wrk,https://github.com/puma/puma/blob/main/benchmarks/local/response_time_wrk.rb,puma-1w-3t,3,puma,1,3,2720,1000,5.009,5.0,1000,1064,2.008,2.0,5,true,2720,0,543.056,9.071,10.601,11.658,16.857,18.203,87.996,87.996,65.715,20,20,54,multiprocess_sample_only,,
yjit-on/puma-response-io-2048kb/puma-1w-3t/repeat-1,yjit-on,true,puma-response-io-2048kb,puma-response-time-wrk,puma/benchmarks/local/response_time_wrk,https://github.com/puma/puma/blob/main/benchmarks/local/response_time_wrk.rb,puma-1w-3t,3,puma,1,3,2834,1000,5.008,5.0,1000,1125,2.008,2.0,5,true,2834,0,565.874,8.681,10.34,11.347,16.602,17.958,87.996,87.996,64.365,20,20,55,multiprocess_sample_only,,
yjit-on/puma-long-tail-fib-200ms-x6p0/puma-1w-3t/repeat-1,yjit-on,true,puma-long-tail-fib-200ms-x6p0,puma-long-tail-hey,puma/benchmarks/local/long_tail_hey + test/rackup/sleep_fibonacci,https://github.com/puma/puma/blob/main/benchmarks/local/long_tail_hey.rb,puma-1w-3t,3,puma,1,3,360,360,51.129,5.0,360,360,51.113,2.0,18,true,360,0,7.041,2554.921,2616.722,2632.888,2640.186,2641.019,104.098,104.098,73.575,20,20,704,multiprocess_sample_only,,
yjit-on/puma-long-tail-fib-200ms-x4p0/puma-1w-3t/repeat-1,yjit-on,true,puma-long-tail-fib-200ms-x4p0,puma-long-tail-hey,puma/benchmarks/local/long_tail_hey + test/rackup/sleep_fibonacci,https://github.com/puma/puma/blob/main/benchmarks/local/long_tail_hey.rb,puma-1w-3t,3,puma,1,3,240,240,34.065,5.0,240,240,34.081,2.0,12,true,240,0,7.045,1703.099,1741.398,1750.873,1753.889,1754.659,114.234,114.234,79.335,20,20,473,multiprocess_sample_only,,
yjit-on/puma-long-tail-fib-200ms-x3p0/puma-1w-3t/repeat-1,yjit-on,true,puma-long-tail-fib-200ms-x3p0,puma-long-tail-hey,puma/benchmarks/local/long_tail_hey + test/rackup/sleep_fibonacci,https://github.com/puma/puma/blob/main/benchmarks/local/long_tail_hey.rb,puma-1w-3t,3,puma,1,3,180,180,25.547,5.0,180,180,25.546,2.0,9,true,180,0,7.046,1276.348,1303.656,1313.349,1315.538,1315.964,114.32,114.32,82.17,20,20,355,multiprocess_sample_only,,
yjit-on/puma-long-tail-fib-200ms-x2p0/puma-1w-3t/repeat-1,yjit-on,true,puma-long-tail-fib-200ms-x2p0,puma-long-tail-hey,puma/benchmarks/local/long_tail_hey + test/rackup/sleep_fibonacci,https://github.com/puma/puma/blob/main/benchmarks/local/long_tail_hey.rb,puma-1w-3t,3,puma,1,3,120,120,17.04,5.0,120,120,17.041,2.0,6,true,120,0,7.042,851.635,881.21,886.8,890.537,890.941,114.383,114.383,83.715,20,20,236,multiprocess_sample_only,,
yjit-on/puma-long-tail-fib-200ms-x1p5/puma-1w-3t/repeat-1,yjit-on,true,puma-long-tail-fib-200ms-x1p5,puma-long-tail-hey,puma/benchmarks/local/long_tail_hey + test/rackup/sleep_fibonacci,https://github.com/puma/puma/blob/main/benchmarks/local/long_tail_hey.rb,puma-1w-3t,3,puma,1,3,100,100,14.204,5.0,100,100,14.216,2.0,5,true,100,0,7.04,765.684,845.456,866.122,871.013,871.556,115.133,115.133,84.75,20,20,198,multiprocess_sample_only,,
yjit-on/puma-long-tail-fib-200ms-x1p0/puma-1w-3t/repeat-1,yjit-on,true,puma-long-tail-fib-200ms-x1p0,puma-long-tail-hey,puma/benchmarks/local/long_tail_hey + test/rackup/sleep_fibonacci,https://github.com/puma/puma/blob/main/benchmarks/local/long_tail_hey.rb,puma-1w-3t,3,puma,1,3,60,60,8.521,5.0,60,60,8.521,2.0,3,true,60,0,7.041,425.796,442.942,446.995,450.343,450.715,115.133,115.133,85.375,20,20,118,multiprocess_sample_only,,
yjit-on/puma-long-tail-fib-200ms-x0p5/puma-1w-3t/repeat-1,yjit-on,true,puma-long-tail-fib-200ms-x0p5,puma-long-tail-hey,puma/benchmarks/local/long_tail_hey + test/rackup/sleep_fibonacci,https://github.com/puma/puma/blob/main/benchmarks/local/long_tail_hey.rb,puma-1w-3t,3,puma,1,3,40,40,5.681,5.0,40,40,5.677,2.0,2,true,40,0,7.041,284.193,295.147,296.263,296.428,296.447,115.133,115.133,85.75,20,20,80,multiprocess_sample_only,,
yjit-on/puma-sleep-fibonacci-1ms/puma-1w-3t/repeat-1,yjit-on,true,puma-sleep-fibonacci-1ms,puma-sleep-fibonacci-test,puma/benchmarks/local/sleep_fibonacci_test + test/rackup/sleep_fibonacci,https://github.com/puma/puma/blob/main/benchmarks/local/sleep_fibonacci_test.rb,puma-1w-3t,3,puma,1,3,1846,10,5.002,5.0,10,753,2.001,2.0,1,true,1846,0,369.07,2.662,3.096,3.283,3.686,4.063,115.258,115.258,85.415,20,20,71,multiprocess_sample_only,,
yjit-on/puma-sleep-fibonacci-5ms/puma-1w-3t/repeat-1,yjit-on,true,puma-sleep-fibonacci-5ms,puma-sleep-fibonacci-test,puma/benchmarks/local/sleep_fibonacci_test + test/rackup/sleep_fibonacci,https://github.com/puma/puma/blob/main/benchmarks/local/sleep_fibonacci_test.rb,puma-1w-3t,3,puma,1,3,549,10,5.008,5.0,10,220,2.003,2.0,1,true,549,0,109.628,9.115,9.908,10.488,10.998,11.403,115.32,115.32,84.85,20,20,71,multiprocess_sample_only,,
yjit-on/puma-sleep-fibonacci-10ms/puma-1w-3t/repeat-1,yjit-on,true,puma-sleep-fibonacci-10ms,puma-sleep-fibonacci-test,puma/benchmarks/local/sleep_fibonacci_test + test/rackup/sleep_fibonacci,https://github.com/puma/puma/blob/main/benchmarks/local/sleep_fibonacci_test.rb,puma-1w-3t,3,puma,1,3,370,10,5.006,5.0,10,148,2.013,2.0,1,true,370,0,73.917,13.562,14.141,14.38,14.657,14.768,115.32,115.32,84.43,20,20,71,multiprocess_sample_only,,
yjit-on/puma-sleep-fibonacci-50ms/puma-1w-3t/repeat-1,yjit-on,true,puma-sleep-fibonacci-50ms,puma-sleep-fibonacci-test,puma/benchmarks/local/sleep_fibonacci_test + test/rackup/sleep_fibonacci,https://github.com/puma/puma/blob/main/benchmarks/local/sleep_fibonacci_test.rb,puma-1w-3t,3,puma,1,3,99,10,5.007,5.0,10,40,2.019,2.0,1,true,99,0,19.772,50.527,50.59,50.805,50.971,50.99,115.32,115.32,84.195,20,20,71,multiprocess_sample_only,,
yjit-on/puma-sleep-fibonacci-100ms/puma-1w-3t/repeat-1,yjit-on,true,puma-sleep-fibonacci-100ms,puma-sleep-fibonacci-test,puma/benchmarks/local/sleep_fibonacci_test + test/rackup/sleep_fibonacci,https://github.com/puma/puma/blob/main/benchmarks/local/sleep_fibonacci_test.rb,puma-1w-3t,3,puma,1,3,50,10,5.031,5.0,10,20,2.014,2.0,1,true,50,0,9.939,100.556,100.63,100.7,100.714,100.716,115.32,115.32,84.03,20,20,71,multiprocess_sample_only,,
yjit-on/puma-sleep-fibonacci-200ms/puma-1w-3t/repeat-1,yjit-on,true,puma-sleep-fibonacci-200ms,puma-sleep-fibonacci-test,puma/benchmarks/local/sleep_fibonacci_test + test/rackup/sleep_fibonacci,https://github.com/puma/puma/blob/main/benchmarks/local/sleep_fibonacci_test.rb,puma-1w-3t,3,puma,1,3,25,10,5.016,5.0,10,10,2.007,2.0,1,true,25,0,4.984,200.519,201.053,201.424,201.51,201.519,115.383,115.383,83.855,20,20,71,multiprocess_sample_only,,
yjit-on/puma-response-array-1kb/puma-1w-3t/repeat-2,yjit-on,true,puma-response-array-1kb,puma-response-time-wrk,puma/benchmarks/local/response_time_wrk,https://github.com/puma/puma/blob/main/benchmarks/local/response_time_wrk.rb,puma-1w-3t,3,puma,1,3,16072,1000,5.001,5.0,1000,6289,2.001,2.0,5,true,16072,0,3213.557,1.497,1.97,2.441,3.168,6.539,70.227,70.164,84.815,20,20,65,multiprocess_sample_only,,
yjit-on/puma-response-chunk-1kb/puma-1w-3t/repeat-2,yjit-on,true,puma-response-chunk-1kb,puma-response-time-wrk,puma/benchmarks/local/response_time_wrk,https://github.com/puma/puma/blob/main/benchmarks/local/response_time_wrk.rb,puma-1w-3t,3,puma,1,3,15630,1000,5.002,5.0,1000,6375,2.001,2.0,5,true,15630,0,3124.934,1.541,2.001,2.432,3.181,3.801,70.68,70.309,80.215,20,20,66,multiprocess_sample_only,,
yjit-on/puma-response-string-1kb/puma-1w-3t/repeat-2,yjit-on,true,puma-response-string-1kb,puma-response-time-wrk,puma/benchmarks/local/response_time_wrk,https://github.com/puma/puma/blob/main/benchmarks/local/response_time_wrk.rb,puma-1w-3t,3,puma,1,3,16117,1000,5.001,5.0,1000,6614,2.001,2.0,5,true,16117,0,3222.767,1.494,1.971,2.36,3.086,3.497,70.324,70.23,79.06,20,20,65,multiprocess_sample_only,,
yjit-on/puma-response-io-1kb/puma-1w-3t/repeat-2,yjit-on,true,puma-response-io-1kb,puma-response-time-wrk,puma/benchmarks/local/response_time_wrk,https://github.com/puma/puma/blob/main/benchmarks/local/response_time_wrk.rb,puma-1w-3t,3,puma,1,3,15774,1000,5.001,5.0,1000,6479,2.001,2.0,5,true,15774,0,3153.864,1.525,2.047,2.482,3.302,4.675,70.547,70.195,79.95,20,20,66,multiprocess_sample_only,,
yjit-on/puma-response-array-10kb/puma-1w-3t/repeat-2,yjit-on,true,puma-response-array-10kb,puma-response-time-wrk,puma/benchmarks/local/response_time_wrk,https://github.com/puma/puma/blob/main/benchmarks/local/response_time_wrk.rb,puma-1w-3t,3,puma,1,3,15983,1000,5.001,5.0,1000,6547,2.001,2.0,5,true,15983,0,3195.828,1.505,2.001,2.434,3.11,4.376,71.895,71.293,79.955,20,20,66,multiprocess_sample_only,,
yjit-on/puma-response-chunk-10kb/puma-1w-3t/repeat-2,yjit-on,true,puma-response-chunk-10kb,puma-response-time-wrk,puma/benchmarks/local/response_time_wrk,https://github.com/puma/puma/blob/main/benchmarks/local/response_time_wrk.rb,puma-1w-3t,3,puma,1,3,13835,1000,5.001,5.0,1000,5663,2.001,2.0,5,true,13835,0,2766.349,1.746,2.274,2.706,3.602,4.419,71.867,71.867,79.44,20,20,65,multiprocess_sample_only,,
yjit-on/puma-response-string-10kb/puma-1w-3t/repeat-2,yjit-on,true,puma-response-string-10kb,puma-response-time-wrk,puma/benchmarks/local/response_time_wrk,https://github.com/puma/puma/blob/main/benchmarks/local/response_time_wrk.rb,puma-1w-3t,3,puma,1,3,15900,1000,5.001,5.0,1000,6537,2.001,2.0,5,true,15900,0,3179.21,1.513,2.017,2.475,3.163,4.035,72.059,72.059,79.185,20,20,65,multiprocess_sample_only,,
yjit-on/puma-response-io-10kb/puma-1w-3t/repeat-2,yjit-on,true,puma-response-io-10kb,puma-response-time-wrk,puma/benchmarks/local/response_time_wrk,https://github.com/puma/puma/blob/main/benchmarks/local/response_time_wrk.rb,puma-1w-3t,3,puma,1,3,15643,1000,5.001,5.0,1000,6408,2.001,2.0,5,true,15643,0,3127.674,1.532,2.081,2.571,3.266,4.31,72.816,72.785,79.65,20,20,66,multiprocess_sample_only,,
yjit-on/puma-response-array-100kb/puma-1w-3t/repeat-2,yjit-on,true,puma-response-array-100kb,puma-response-time-wrk,puma/benchmarks/local/response_time_wrk,https://github.com/puma/puma/blob/main/benchmarks/local/response_time_wrk.rb,puma-1w-3t,3,puma,1,3,12968,1000,5.001,5.0,1000,5272,2.001,2.0,5,true,12968,0,2592.952,1.873,2.378,2.735,3.606,4.726,81.23,80.418,79.5,20,20,65,multiprocess_sample_only,,
yjit-on/puma-response-chunk-100kb/puma-1w-3t/repeat-2,yjit-on,true,puma-response-chunk-100kb,puma-response-time-wrk,puma/benchmarks/local/response_time_wrk,https://github.com/puma/puma/blob/main/benchmarks/local/response_time_wrk.rb,puma-1w-3t,3,puma,1,3,6467,1000,5.003,5.0,1000,2696,2.003,2.0,5,true,6467,0,1292.685,3.806,4.677,5.323,6.782,9.037,76.75,75.84,79.045,20,20,62,multiprocess_sample_only,,
yjit-on/puma-response-string-100kb/puma-1w-3t/repeat-2,yjit-on,true,puma-response-string-100kb,puma-response-time-wrk,puma/benchmarks/local/response_time_wrk,https://github.com/puma/puma/blob/main/benchmarks/local/response_time_wrk.rb,puma-1w-3t,3,puma,1,3,12984,1000,5.002,5.0,1000,5277,2.002,2.0,5,true,12984,0,2595.936,1.869,2.389,2.787,3.847,5.524,80.672,79.359,78.545,20,20,65,multiprocess_sample_only,,
yjit-on/puma-response-io-100kb/puma-1w-3t/repeat-2,yjit-on,true,puma-response-io-100kb,puma-response-time-wrk,puma/benchmarks/local/response_time_wrk,https://github.com/puma/puma/blob/main/benchmarks/local/response_time_wrk.rb,puma-1w-3t,3,puma,1,3,12845,1000,5.021,5.0,1000,5229,2.033,2.0,5,true,12845,0,2558.395,1.451,2.193,41.07,42.593,44.856,73.063,73.063,78.1,20,20,66,multiprocess_sample_only,,
yjit-on/puma-response-array-256kb/puma-1w-3t/repeat-2,yjit-on,true,puma-response-array-256kb,puma-response-time-wrk,puma/benchmarks/local/response_time_wrk,https://github.com/puma/puma/blob/main/benchmarks/local/response_time_wrk.rb,puma-1w-3t,3,puma,1,3,9286,1000,5.002,5.0,1000,3906,2.012,2.0,5,true,9286,0,1856.512,2.434,3.727,6.072,20.661,22.046,112.238,109.973,77.51,20,20,63,multiprocess_sample_only,,
yjit-on/puma-response-chunk-256kb/puma-1w-3t/repeat-2,yjit-on,true,puma-response-chunk-256kb,puma-response-time-wrk,puma/benchmarks/local/response_time_wrk,https://github.com/puma/puma/blob/main/benchmarks/local/response_time_wrk.rb,puma-1w-3t,3,puma,1,3,3613,1000,5.007,5.0,1000,1459,2.005,2.0,5,true,3613,0,721.613,6.881,8.333,9.166,12.496,13.373,84.098,83.277,76.905,20,20,57,multiprocess_sample_only,,
yjit-on/puma-response-string-256kb/puma-1w-3t/repeat-2,yjit-on,true,puma-response-string-256kb,puma-response-time-wrk,puma/benchmarks/local/response_time_wrk,https://github.com/puma/puma/blob/main/benchmarks/local/response_time_wrk.rb,puma-1w-3t,3,puma,1,3,9604,1000,5.002,5.0,1000,4041,2.001,2.0,5,true,9604,0,1920.072,2.342,3.518,5.757,20.419,21.853,79.438,79.324,75.945,20,20,63,multiprocess_sample_only,,
yjit-on/puma-response-io-256kb/puma-1w-3t/repeat-2,yjit-on,true,puma-response-io-256kb,puma-response-time-wrk,puma/benchmarks/local/response_time_wrk,https://github.com/puma/puma/blob/main/benchmarks/local/response_time_wrk.rb,puma-1w-3t,3,puma,1,3,9420,1000,5.003,5.0,1000,3930,2.002,2.0,5,true,9420,0,1882.986,2.394,3.635,5.892,20.553,21.679,79.262,79.262,74.87,20,20,63,multiprocess_sample_only,,
yjit-on/puma-response-array-512kb/puma-1w-3t/repeat-2,yjit-on,true,puma-response-array-512kb,puma-response-time-wrk,puma/benchmarks/local/response_time_wrk,https://github.com/puma/puma/blob/main/benchmarks/local/response_time_wrk.rb,puma-1w-3t,3,puma,1,3,6699,1000,5.003,5.0,1000,2733,2.002,2.0,5,true,6699,0,1338.989,3.344,4.925,21.239,23.225,23.767,126.531,122.637,74.27,20,20,60,multiprocess_sample_only,,
yjit-on/puma-response-chunk-512kb/puma-1w-3t/repeat-2,yjit-on,true,puma-response-chunk-512kb,puma-response-time-wrk,puma/benchmarks/local/response_time_wrk,https://github.com/puma/puma/blob/main/benchmarks/local/response_time_wrk.rb,puma-1w-3t,3,puma,1,3,2015,1000,5.011,5.0,1000,1000,2.362,2.0,5,true,2015,0,402.109,12.341,14.953,16.641,23.486,26.055,87.324,86.117,73.745,20,20,50,multiprocess_sample_only,,
yjit-on/puma-response-string-512kb/puma-1w-3t/repeat-2,yjit-on,true,puma-response-string-512kb,puma-response-time-wrk,puma/benchmarks/local/response_time_wrk,https://github.com/puma/puma/blob/main/benchmarks/local/response_time_wrk.rb,puma-1w-3t,3,puma,1,3,7057,1000,5.003,5.0,1000,2729,2.009,2.0,5,true,7057,0,1410.459,3.156,4.686,21.515,23.804,27.568,84.406,84.406,72.705,20,20,61,multiprocess_sample_only,,
yjit-on/puma-response-io-512kb/puma-1w-3t/repeat-2,yjit-on,true,puma-response-io-512kb,puma-response-time-wrk,puma/benchmarks/local/response_time_wrk,https://github.com/puma/puma/blob/main/benchmarks/local/response_time_wrk.rb,puma-1w-3t,3,puma,1,3,6666,1000,5.002,5.0,1000,2675,2.002,2.0,5,true,6666,0,1332.551,3.318,4.972,20.762,23.712,210.9,84.516,84.516,71.335,20,20,60,multiprocess_sample_only,,
yjit-on/puma-response-array-1024kb/puma-1w-3t/repeat-2,yjit-on,true,puma-response-array-1024kb,puma-response-time-wrk,puma/benchmarks/local/response_time_wrk,https://github.com/puma/puma/blob/main/benchmarks/local/response_time_wrk.rb,puma-1w-3t,3,puma,1,3,4131,1000,5.006,5.0,1000,1692,2.006,2.0,5,true,4131,0,825.217,5.52,7.843,25.794,28.571,30.121,121.809,120.797,70.39,20,20,56,multiprocess_sample_only,,
yjit-on/puma-response-chunk-1024kb/puma-1w-3t/repeat-2,yjit-on,true,puma-response-chunk-1024kb,puma-response-time-wrk,puma/benchmarks/local/response_time_wrk,https://github.com/puma/puma/blob/main/benchmarks/local/response_time_wrk.rb,puma-1w-3t,3,puma,1,3,1071,1000,5.021,5.0,1000,1000,4.382,2.0,5,true,1071,0,213.305,23.399,27.765,29.803,40.547,43.007,89.793,89.633,70.025,20,20,40,multiprocess_sample_only,,
yjit-on/puma-response-string-1024kb/puma-1w-3t/repeat-2,yjit-on,true,puma-response-string-1024kb,puma-response-time-wrk,puma/benchmarks/local/response_time_wrk,https://github.com/puma/puma/blob/main/benchmarks/local/response_time_wrk.rb,puma-1w-3t,3,puma,1,3,4327,1000,5.006,5.0,1000,1775,2.004,2.0,5,true,4327,0,864.358,5.189,7.924,24.695,27.739,28.588,93.727,93.727,68.99,20,20,57,multiprocess_sample_only,,
yjit-on/puma-response-io-1024kb/puma-1w-3t/repeat-2,yjit-on,true,puma-response-io-1024kb,puma-response-time-wrk,puma/benchmarks/local/response_time_wrk,https://github.com/puma/puma/blob/main/benchmarks/local/response_time_wrk.rb,puma-1w-3t,3,puma,1,3,4401,1000,5.005,5.0,1000,1836,2.005,2.0,5,true,4401,0,879.255,5.055,7.57,24.649,26.734,216.144,93.727,93.727,67.48,20,20,59,multiprocess_sample_only,,
yjit-on/puma-response-array-2048kb/puma-1w-3t/repeat-2,yjit-on,true,puma-response-array-2048kb,puma-response-time-wrk,puma/benchmarks/local/response_time_wrk,https://github.com/puma/puma/blob/main/benchmarks/local/response_time_wrk.rb,puma-1w-3t,3,puma,1,3,2539,1000,5.007,5.0,1000,1039,2.009,2.0,5,true,2539,0,507.055,9.743,11.406,12.438,13.834,17.343,103.285,94.695,67.0,20,20,53,multiprocess_sample_only,,
yjit-on/puma-response-chunk-2048kb/puma-1w-3t/repeat-2,yjit-on,true,puma-response-chunk-2048kb,puma-response-time-wrk,puma/benchmarks/local/response_time_wrk,https://github.com/puma/puma/blob/main/benchmarks/local/response_time_wrk.rb,puma-1w-3t,3,puma,1,3,1000,1000,8.86,5.0,1000,1000,8.35,2.0,5,true,1000,0,112.864,44.148,51.272,54.079,82.713,91.295,95.281,92.68,66.985,20,20,50,multiprocess_sample_only,,
yjit-on/puma-response-string-2048kb/puma-1w-3t/repeat-2,yjit-on,true,puma-response-string-2048kb,puma-response-time-wrk,puma/benchmarks/local/response_time_wrk,https://github.com/puma/puma/blob/main/benchmarks/local/response_time_wrk.rb,puma-1w-3t,3,puma,1,3,2638,1000,5.01,5.0,1000,1077,2.009,2.0,5,true,2638,0,526.553,9.363,11.026,12.105,14.178,17.658,96.809,96.809,66.12,20,20,54,multiprocess_sample_only,,
yjit-on/puma-response-io-2048kb/puma-1w-3t/repeat-2,yjit-on,true,puma-response-io-2048kb,puma-response-time-wrk,puma/benchmarks/local/response_time_wrk,https://github.com/puma/puma/blob/main/benchmarks/local/response_time_wrk.rb,puma-1w-3t,3,puma,1,3,2737,1000,5.007,5.0,1000,1118,2.009,2.0,5,true,2737,0,546.647,9.005,10.826,11.781,15.861,18.589,96.809,96.809,64.78,20,20,54,multiprocess_sample_only,,
yjit-on/puma-long-tail-fib-200ms-x6p0/puma-1w-3t/repeat-2,yjit-on,true,puma-long-tail-fib-200ms-x6p0,puma-long-tail-hey,puma/benchmarks/local/long_tail_hey + test/rackup/sleep_fibonacci,https://github.com/puma/puma/blob/main/benchmarks/local/long_tail_hey.rb,puma-1w-3t,3,puma,1,3,360,360,51.128,5.0,360,360,51.113,2.0,18,true,360,0,7.041,2553.606,2601.54,2611.482,2621.599,2623.414,115.5,115.5,73.865,20,20,706,multiprocess_sample_only,,
yjit-on/puma-long-tail-fib-200ms-x4p0/puma-1w-3t/repeat-2,yjit-on,true,puma-long-tail-fib-200ms-x4p0,puma-long-tail-hey,puma/benchmarks/local/long_tail_hey + test/rackup/sleep_fibonacci,https://github.com/puma/puma/blob/main/benchmarks/local/long_tail_hey.rb,puma-1w-3t,3,puma,1,3,240,240,34.092,5.0,240,240,34.074,2.0,12,true,240,0,7.04,1706.432,1736.067,1745.676,1753.232,1753.628,121.91,121.91,79.6,20,20,469,multiprocess_sample_only,,
yjit-on/puma-long-tail-fib-200ms-x3p0/puma-1w-3t/repeat-2,yjit-on,true,puma-long-tail-fib-200ms-x3p0,puma-long-tail-hey,puma/benchmarks/local/long_tail_hey + test/rackup/sleep_fibonacci,https://github.com/puma/puma/blob/main/benchmarks/local/long_tail_hey.rb,puma-1w-3t,3,puma,1,3,180,180,25.554,5.0,180,180,25.552,2.0,9,true,180,0,7.044,1277.231,1298.929,1310.392,1313.555,1313.824,121.973,121.973,82.39,20,20,354,multiprocess_sample_only,,
yjit-on/puma-long-tail-fib-200ms-x2p0/puma-1w-3t/repeat-2,yjit-on,true,puma-long-tail-fib-200ms-x2p0,puma-long-tail-hey,puma/benchmarks/local/long_tail_hey + test/rackup/sleep_fibonacci,https://github.com/puma/puma/blob/main/benchmarks/local/long_tail_hey.rb,puma-1w-3t,3,puma,1,3,120,120,17.034,5.0,120,120,17.029,2.0,6,true,120,0,7.045,851.991,871.42,877.057,879.139,879.379,121.973,121.973,83.915,20,20,238,multiprocess_sample_only,,
yjit-on/puma-long-tail-fib-200ms-x1p5/puma-1w-3t/repeat-2,yjit-on,true,puma-long-tail-fib-200ms-x1p5,puma-long-tail-hey,puma/benchmarks/local/long_tail_hey + test/rackup/sleep_fibonacci,https://github.com/puma/puma/blob/main/benchmarks/local/long_tail_hey.rb,puma-1w-3t,3,puma,1,3,100,100,14.202,5.0,100,100,14.192,2.0,5,true,100,0,7.041,752.972,846.703,859.383,864.268,864.81,121.973,121.973,84.95,20,20,197,multiprocess_sample_only,,
yjit-on/puma-long-tail-fib-200ms-x1p0/puma-1w-3t/repeat-2,yjit-on,true,puma-long-tail-fib-200ms-x1p0,puma-long-tail-hey,puma/benchmarks/local/long_tail_hey + test/rackup/sleep_fibonacci,https://github.com/puma/puma/blob/main/benchmarks/local/long_tail_hey.rb,puma-1w-3t,3,puma,1,3,60,60,8.521,5.0,60,60,8.519,2.0,3,true,60,0,7.041,426.51,443.224,446.203,446.843,446.914,122.352,122.352,85.565,20,20,118,multiprocess_sample_only,,
yjit-on/puma-long-tail-fib-200ms-x0p5/puma-1w-3t/repeat-2,yjit-on,true,puma-long-tail-fib-200ms-x0p5,puma-long-tail-hey,puma/benchmarks/local/long_tail_hey + test/rackup/sleep_fibonacci,https://github.com/puma/puma/blob/main/benchmarks/local/long_tail_hey.rb,puma-1w-3t,3,puma,1,3,40,40,5.68,5.0,40,40,5.675,2.0,2,true,40,0,7.042,284.093,289.476,292.526,293.125,293.192,122.352,122.352,85.94,20,20,81,multiprocess_sample_only,,
yjit-on/puma-sleep-fibonacci-1ms/puma-1w-3t/repeat-2,yjit-on,true,puma-sleep-fibonacci-1ms,puma-sleep-fibonacci-test,puma/benchmarks/local/sleep_fibonacci_test + test/rackup/sleep_fibonacci,https://github.com/puma/puma/blob/main/benchmarks/local/sleep_fibonacci_test.rb,puma-1w-3t,3,puma,1,3,1898,10,5.0,5.0,10,745,2.001,2.0,1,true,1898,0,379.583,2.612,2.951,3.274,3.575,4.365,128.191,128.191,85.61,20,20,71,multiprocess_sample_only,,
yjit-on/puma-sleep-fibonacci-5ms/puma-1w-3t/repeat-2,yjit-on,true,puma-sleep-fibonacci-5ms,puma-sleep-fibonacci-test,puma/benchmarks/local/sleep_fibonacci_test + test/rackup/sleep_fibonacci,https://github.com/puma/puma/blob/main/benchmarks/local/sleep_fibonacci_test.rb,puma-1w-3t,3,puma,1,3,550,10,5.002,5.0,10,215,2.004,2.0,1,true,550,0,109.952,9.058,9.851,10.342,10.981,11.133,131.867,131.867,85.05,20,20,71,multiprocess_sample_only,,
yjit-on/puma-sleep-fibonacci-10ms/puma-1w-3t/repeat-2,yjit-on,true,puma-sleep-fibonacci-10ms,puma-sleep-fibonacci-test,puma/benchmarks/local/sleep_fibonacci_test + test/rackup/sleep_fibonacci,https://github.com/puma/puma/blob/main/benchmarks/local/sleep_fibonacci_test.rb,puma-1w-3t,3,puma,1,3,377,10,5.001,5.0,10,150,2.007,2.0,1,true,377,0,75.388,13.266,13.925,14.064,14.258,14.263,131.867,131.867,84.63,20,20,71,multiprocess_sample_only,,
yjit-on/puma-sleep-fibonacci-50ms/puma-1w-3t/repeat-2,yjit-on,true,puma-sleep-fibonacci-50ms,puma-sleep-fibonacci-test,puma/benchmarks/local/sleep_fibonacci_test + test/rackup/sleep_fibonacci,https://github.com/puma/puma/blob/main/benchmarks/local/sleep_fibonacci_test.rb,puma-1w-3t,3,puma,1,3,100,10,5.039,5.0,10,40,2.018,2.0,1,true,100,0,19.845,50.334,50.462,50.791,51.162,51.204,133.492,133.492,84.41,20,20,72,multiprocess_sample_only,,
yjit-on/puma-sleep-fibonacci-100ms/puma-1w-3t/repeat-2,yjit-on,true,puma-sleep-fibonacci-100ms,puma-sleep-fibonacci-test,puma/benchmarks/local/sleep_fibonacci_test + test/rackup/sleep_fibonacci,https://github.com/puma/puma/blob/main/benchmarks/local/sleep_fibonacci_test.rb,puma-1w-3t,3,puma,1,3,50,10,5.023,5.0,10,20,2.01,2.0,1,true,50,0,9.953,100.401,100.573,100.724,100.817,100.827,133.492,133.492,84.24,20,20,72,multiprocess_sample_only,,
yjit-on/puma-sleep-fibonacci-200ms/puma-1w-3t/repeat-2,yjit-on,true,puma-sleep-fibonacci-200ms,puma-sleep-fibonacci-test,puma/benchmarks/local/sleep_fibonacci_test + test/rackup/sleep_fibonacci,https://github.com/puma/puma/blob/main/benchmarks/local/sleep_fibonacci_test.rb,puma-1w-3t,3,puma,1,3,25,10,5.016,5.0,10,10,2.005,2.0,1,true,25,0,4.984,200.563,200.62,200.753,200.79,200.794,133.496,133.496,84.06,20,20,71,multiprocess_sample_only,,
yjit-on/puma-response-array-1kb/puma-1w-3t/repeat-3,yjit-on,true,puma-response-array-1kb,puma-response-time-wrk,puma/benchmarks/local/response_time_wrk,https://github.com/puma/puma/blob/main/benchmarks/local/response_time_wrk.rb,puma-1w-3t,3,puma,1,3,16072,1000,5.001,5.0,1000,6348,2.001,2.0,5,true,16072,0,3213.66,1.494,1.975,2.418,3.213,6.494,70.641,70.359,83.965,20,20,65,multiprocess_sample_only,,
yjit-on/puma-response-chunk-1kb/puma-1w-3t/repeat-3,yjit-on,true,puma-response-chunk-1kb,puma-response-time-wrk,puma/benchmarks/local/response_time_wrk,https://github.com/puma/puma/blob/main/benchmarks/local/response_time_wrk.rb,puma-1w-3t,3,puma,1,3,15723,1000,5.001,5.0,1000,6399,2.001,2.0,5,true,15723,0,3143.968,1.534,1.992,2.366,3.08,3.741,70.754,70.754,79.945,20,20,66,multiprocess_sample_only,,
yjit-on/puma-response-string-1kb/puma-1w-3t/repeat-3,yjit-on,true,puma-response-string-1kb,puma-response-time-wrk,puma/benchmarks/local/response_time_wrk,https://github.com/puma/puma/blob/main/benchmarks/local/response_time_wrk.rb,puma-1w-3t,3,puma,1,3,16268,1000,5.001,5.0,1000,6619,2.001,2.0,5,true,16268,0,3252.936,1.481,1.917,2.306,3.121,3.825,70.926,70.926,78.68,20,20,66,multiprocess_sample_only,,
yjit-on/puma-response-io-1kb/puma-1w-3t/repeat-3,yjit-on,true,puma-response-io-1kb,puma-response-time-wrk,puma/benchmarks/local/response_time_wrk,https://github.com/puma/puma/blob/main/benchmarks/local/response_time_wrk.rb,puma-1w-3t,3,puma,1,3,15941,1000,5.001,5.0,1000,6516,2.001,2.0,5,true,15941,0,3187.539,1.515,1.985,2.392,3.066,3.736,71.059,71.059,79.145,20,20,66,multiprocess_sample_only,,
yjit-on/puma-response-array-10kb/puma-1w-3t/repeat-3,yjit-on,true,puma-response-array-10kb,puma-response-time-wrk,puma/benchmarks/local/response_time_wrk,https://github.com/puma/puma/blob/main/benchmarks/local/response_time_wrk.rb,puma-1w-3t,3,puma,1,3,15990,1000,5.002,5.0,1000,6557,2.001,2.0,5,true,15990,0,3197.019,1.505,1.979,2.385,3.089,3.872,72.902,72.902,79.175,20,20,66,multiprocess_sample_only,,
yjit-on/puma-response-chunk-10kb/puma-1w-3t/repeat-3,yjit-on,true,puma-response-chunk-10kb,puma-response-time-wrk,puma/benchmarks/local/response_time_wrk,https://github.com/puma/puma/blob/main/benchmarks/local/response_time_wrk.rb,puma-1w-3t,3,puma,1,3,13959,1000,5.001,5.0,1000,5703,2.001,2.0,5,true,13959,0,2791.058,1.73,2.226,2.642,3.529,4.274,72.98,72.98,78.65,20,20,66,multiprocess_sample_only,,
yjit-on/puma-response-string-10kb/puma-1w-3t/repeat-3,yjit-on,true,puma-response-string-10kb,puma-response-time-wrk,puma/benchmarks/local/response_time_wrk,https://github.com/puma/puma/blob/main/benchmarks/local/response_time_wrk.rb,puma-1w-3t,3,puma,1,3,16086,1000,5.001,5.0,1000,6544,2.001,2.0,5,true,16086,0,3216.239,1.494,1.975,2.4,3.095,3.847,73.176,73.176,78.345,20,20,66,multiprocess_sample_only,,
yjit-on/puma-response-io-10kb/puma-1w-3t/repeat-3,yjit-on,true,puma-response-io-10kb,puma-response-time-wrk,puma/benchmarks/local/response_time_wrk,https://github.com/puma/puma/blob/main/benchmarks/local/response_time_wrk.rb,puma-1w-3t,3,puma,1,3,15788,1000,5.002,5.0,1000,6460,2.001,2.0,5,true,15788,0,3156.642,1.523,2.031,2.464,3.226,3.898,73.965,73.965,78.775,20,20,66,multiprocess_sample_only,,
yjit-on/puma-response-array-100kb/puma-1w-3t/repeat-3,yjit-on,true,puma-response-array-100kb,puma-response-time-wrk,puma/benchmarks/local/response_time_wrk,https://github.com/puma/puma/blob/main/benchmarks/local/response_time_wrk.rb,puma-1w-3t,3,puma,1,3,12970,1000,5.001,5.0,1000,5281,2.001,2.0,5,true,12970,0,2593.287,1.87,2.358,2.772,3.897,4.597,93.664,91.418,78.725,20,20,65,multiprocess_sample_only,,
yjit-on/puma-response-chunk-100kb/puma-1w-3t/repeat-3,yjit-on,true,puma-response-chunk-100kb,puma-response-time-wrk,puma/benchmarks/local/response_time_wrk,https://github.com/puma/puma/blob/main/benchmarks/local/response_time_wrk.rb,puma-1w-3t,3,puma,1,3,6644,1000,5.003,5.0,1000,2702,2.003,2.0,5,true,6644,0,1328.075,3.718,4.519,4.979,6.645,7.997,84.504,83.414,78.13,20,20,62,multiprocess_sample_only,,
yjit-on/puma-response-string-100kb/puma-1w-3t/repeat-3,yjit-on,true,puma-response-string-100kb,puma-response-time-wrk,puma/benchmarks/local/response_time_wrk,https://github.com/puma/puma/blob/main/benchmarks/local/response_time_wrk.rb,puma-1w-3t,3,puma,1,3,12958,1000,5.001,5.0,1000,5384,2.001,2.0,5,true,12958,0,2591.027,1.876,2.32,2.627,3.548,4.573,94.164,92.805,77.505,20,20,65,multiprocess_sample_only,,
yjit-on/puma-response-io-100kb/puma-1w-3t/repeat-3,yjit-on,true,puma-response-io-100kb,puma-response-time-wrk,puma/benchmarks/local/response_time_wrk,https://github.com/puma/puma/blob/main/benchmarks/local/response_time_wrk.rb,puma-1w-3t,3,puma,1,3,12739,1000,5.021,5.0,1000,5325,2.001,2.0,5,true,12739,0,2537.213,1.919,2.331,2.651,3.872,42.363,76.914,75.914,76.99,20,20,65,multiprocess_sample_only,,
yjit-on/puma-response-array-256kb/puma-1w-3t/repeat-3,yjit-on,true,puma-response-array-256kb,puma-response-time-wrk,puma/benchmarks/local/response_time_wrk,https://github.com/puma/puma/blob/main/benchmarks/local/response_time_wrk.rb,puma-1w-3t,3,puma,1,3,9452,1000,5.002,5.0,1000,3849,2.001,2.0,5,true,9452,0,1889.47,2.398,3.661,6.052,20.985,22.73,108.699,106.414,76.42,20,20,63,multiprocess_sample_only,,
yjit-on/puma-response-chunk-256kb/puma-1w-3t/repeat-3,yjit-on,true,puma-response-chunk-256kb,puma-response-time-wrk,puma/benchmarks/local/response_time_wrk,https://github.com/puma/puma/blob/main/benchmarks/local/response_time_wrk.rb,puma-1w-3t,3,puma,1,3,3547,1000,5.006,5.0,1000,1484,2.005,2.0,5,true,3547,0,708.616,7.035,8.457,9.118,12.254,14.241,88.598,87.625,75.915,20,20,57,multiprocess_sample_only,,
yjit-on/puma-response-string-256kb/puma-1w-3t/repeat-3,yjit-on,true,puma-response-string-256kb,puma-response-time-wrk,puma/benchmarks/local/response_time_wrk,https://github.com/puma/puma/blob/main/benchmarks/local/response_time_wrk.rb,puma-1w-3t,3,puma,1,3,9264,1000,5.001,5.0,1000,3935,2.001,2.0,5,true,9264,0,1852.312,2.391,3.911,6.834,20.973,21.864,83.512,83.137,74.93,20,20,63,multiprocess_sample_only,,
yjit-on/puma-response-io-256kb/puma-1w-3t/repeat-3,yjit-on,true,puma-response-io-256kb,puma-response-time-wrk,puma/benchmarks/local/response_time_wrk,https://github.com/puma/puma/blob/main/benchmarks/local/response_time_wrk.rb,puma-1w-3t,3,puma,1,3,9200,1000,5.002,5.0,1000,3818,2.002,2.0,5,true,9200,0,1839.293,2.414,3.868,7.111,21.159,22.461,83.137,83.137,73.8,20,20,63,multiprocess_sample_only,,
yjit-on/puma-response-array-512kb/puma-1w-3t/repeat-3,yjit-on,true,puma-response-array-512kb,puma-response-time-wrk,puma/benchmarks/local/response_time_wrk,https://github.com/puma/puma/blob/main/benchmarks/local/response_time_wrk.rb,puma-1w-3t,3,puma,1,3,6802,1000,5.003,5.0,1000,2724,2.002,2.0,5,true,6802,0,1359.484,3.237,5.113,22.15,23.679,26.791,132.434,128.113,73.12,20,20,62,multiprocess_sample_only,,
yjit-on/puma-response-chunk-512kb/puma-1w-3t/repeat-3,yjit-on,true,puma-response-chunk-512kb,puma-response-time-wrk,puma/benchmarks/local/response_time_wrk,https://github.com/puma/puma/blob/main/benchmarks/local/response_time_wrk.rb,puma-1w-3t,3,puma,1,3,2053,1000,5.009,5.0,1000,1000,2.275,2.0,5,true,2053,0,409.873,12.134,14.73,15.938,17.981,22.587,92.914,90.891,72.71,20,20,50,multiprocess_sample_only,,
yjit-on/puma-response-string-512kb/puma-1w-3t/repeat-3,yjit-on,true,puma-response-string-512kb,puma-response-time-wrk,puma/benchmarks/local/response_time_wrk,https://github.com/puma/puma/blob/main/benchmarks/local/response_time_wrk.rb,puma-1w-3t,3,puma,1,3,6895,1000,5.003,5.0,1000,2861,2.002,2.0,5,true,6895,0,1378.257,3.204,5.001,21.951,24.181,27.918,89.563,83.035,71.745,20,20,61,multiprocess_sample_only,,
yjit-on/puma-response-io-512kb/puma-1w-3t/repeat-3,yjit-on,true,puma-response-io-512kb,puma-response-time-wrk,puma/benchmarks/local/response_time_wrk,https://github.com/puma/puma/blob/main/benchmarks/local/response_time_wrk.rb,puma-1w-3t,3,puma,1,3,6816,1000,5.003,5.0,1000,2768,2.002,2.0,5,true,6816,0,1362.457,3.243,4.979,22.023,23.82,214.386,83.121,83.121,70.425,20,20,62,multiprocess_sample_only,,
yjit-on/puma-response-array-1024kb/puma-1w-3t/repeat-3,yjit-on,true,puma-response-array-1024kb,puma-response-time-wrk,puma/benchmarks/local/response_time_wrk,https://github.com/puma/puma/blob/main/benchmarks/local/response_time_wrk.rb,puma-1w-3t,3,puma,1,3,4204,1000,5.005,5.0,1000,1800,2.005,2.0,5,true,4204,0,839.941,5.461,7.282,25.486,27.737,28.885,126.809,125.773,69.56,20,20,58,multiprocess_sample_only,,
yjit-on/puma-response-chunk-1024kb/puma-1w-3t/repeat-3,yjit-on,true,puma-response-chunk-1024kb,puma-response-time-wrk,puma/benchmarks/local/response_time_wrk,https://github.com/puma/puma/blob/main/benchmarks/local/response_time_wrk.rb,puma-1w-3t,3,puma,1,3,1095,1000,5.018,5.0,1000,1000,4.266,2.0,5,true,1095,0,218.23,22.754,27.283,28.774,30.899,49.101,91.715,91.711,69.195,20,20,41,multiprocess_sample_only,,
yjit-on/puma-response-string-1024kb/puma-1w-3t/repeat-3,yjit-on,true,puma-response-string-1024kb,puma-response-time-wrk,puma/benchmarks/local/response_time_wrk,https://github.com/puma/puma/blob/main/benchmarks/local/response_time_wrk.rb,puma-1w-3t,3,puma,1,3,4417,1000,5.017,5.0,1000,1832,2.004,2.0,5,true,4417,0,880.4,5.059,7.474,25.354,27.683,28.8,90.051,90.051,68.175,20,20,59,multiprocess_sample_only,,
yjit-on/puma-response-io-1024kb/puma-1w-3t/repeat-3,yjit-on,true,puma-response-io-1024kb,puma-response-time-wrk,puma/benchmarks/local/response_time_wrk,https://github.com/puma/puma/blob/main/benchmarks/local/response_time_wrk.rb,puma-1w-3t,3,puma,1,3,4424,1000,5.008,5.0,1000,1775,2.011,2.0,5,true,4424,0,883.372,4.995,7.821,25.159,27.513,212.009,90.051,90.051,66.7,20,20,59,multiprocess_sample_only,,
yjit-on/puma-response-array-2048kb/puma-1w-3t/repeat-3,yjit-on,true,puma-response-array-2048kb,puma-response-time-wrk,puma/benchmarks/local/response_time_wrk,https://github.com/puma/puma/blob/main/benchmarks/local/response_time_wrk.rb,puma-1w-3t,3,puma,1,3,2532,1000,5.008,5.0,1000,1000,2.024,2.0,5,true,2532,0,505.603,9.766,11.73,12.824,17.026,19.152,99.289,94.793,66.36,20,20,53,multiprocess_sample_only,,
yjit-on/puma-response-chunk-2048kb/puma-1w-3t/repeat-3,yjit-on,true,puma-response-chunk-2048kb,puma-response-time-wrk,puma/benchmarks/local/response_time_wrk,https://github.com/puma/puma/blob/main/benchmarks/local/response_time_wrk.rb,puma-1w-3t,3,puma,1,3,1000,1000,8.76,5.0,1000,1000,8.224,2.0,5,true,1000,0,114.155,43.42,52.507,55.913,81.482,84.877,97.746,96.676,66.655,20,20,50,multiprocess_sample_only,,
yjit-on/puma-response-string-2048kb/puma-1w-3t/repeat-3,yjit-on,true,puma-response-string-2048kb,puma-response-time-wrk,puma/benchmarks/local/response_time_wrk,https://github.com/puma/puma/blob/main/benchmarks/local/response_time_wrk.rb,puma-1w-3t,3,puma,1,3,2627,1000,5.007,5.0,1000,1071,2.008,2.0,5,true,2627,0,524.662,9.319,11.422,12.181,18.568,217.653,92.793,92.793,65.875,20,20,53,multiprocess_sample_only,,
yjit-on/puma-response-io-2048kb/puma-1w-3t/repeat-3,yjit-on,true,puma-response-io-2048kb,puma-response-time-wrk,puma/benchmarks/local/response_time_wrk,https://github.com/puma/puma/blob/main/benchmarks/local/response_time_wrk.rb,puma-1w-3t,3,puma,1,3,2699,1000,5.007,5.0,1000,1145,2.006,2.0,5,true,2699,0,539.069,9.049,11.201,11.978,15.173,17.287,92.793,92.793,64.525,20,20,54,multiprocess_sample_only,,
yjit-on/puma-long-tail-fib-200ms-x6p0/puma-1w-3t/repeat-3,yjit-on,true,puma-long-tail-fib-200ms-x6p0,puma-long-tail-hey,puma/benchmarks/local/long_tail_hey + test/rackup/sleep_fibonacci,https://github.com/puma/puma/blob/main/benchmarks/local/long_tail_hey.rb,puma-1w-3t,3,puma,1,3,360,360,51.117,5.0,360,360,51.134,2.0,18,true,360,0,7.043,2553.205,2597.549,2612.24,2626.991,2629.069,112.922,112.922,73.69,20,20,707,multiprocess_sample_only,,
yjit-on/puma-long-tail-fib-200ms-x4p0/puma-1w-3t/repeat-3,yjit-on,true,puma-long-tail-fib-200ms-x4p0,puma-long-tail-hey,puma/benchmarks/local/long_tail_hey + test/rackup/sleep_fibonacci,https://github.com/puma/puma/blob/main/benchmarks/local/long_tail_hey.rb,puma-1w-3t,3,puma,1,3,240,240,34.073,5.0,240,240,34.089,2.0,12,true,240,0,7.044,1700.428,1741.964,1752.889,1760.75,1760.805,117.984,117.984,79.43,20,20,472,multiprocess_sample_only,,
yjit-on/puma-long-tail-fib-200ms-x3p0/puma-1w-3t/repeat-3,yjit-on,true,puma-long-tail-fib-200ms-x3p0,puma-long-tail-hey,puma/benchmarks/local/long_tail_hey + test/rackup/sleep_fibonacci,https://github.com/puma/puma/blob/main/benchmarks/local/long_tail_hey.rb,puma-1w-3t,3,puma,1,3,180,180,25.556,5.0,180,180,25.543,2.0,9,true,180,0,7.043,1275.527,1309.272,1320.492,1329.608,1330.546,118.047,118.047,82.26,20,20,352,multiprocess_sample_only,,
yjit-on/puma-long-tail-fib-200ms-x2p0/puma-1w-3t/repeat-3,yjit-on,true,puma-long-tail-fib-200ms-x2p0,puma-long-tail-hey,puma/benchmarks/local/long_tail_hey + test/rackup/sleep_fibonacci,https://github.com/puma/puma/blob/main/benchmarks/local/long_tail_hey.rb,puma-1w-3t,3,puma,1,3,120,120,17.054,5.0,120,120,17.033,2.0,6,true,120,0,7.037,853.98,884.399,891.396,892.393,892.524,118.066,118.066,83.815,20,20,235,multiprocess_sample_only,,
yjit-on/puma-long-tail-fib-200ms-x1p5/puma-1w-3t/repeat-3,yjit-on,true,puma-long-tail-fib-200ms-x1p5,puma-long-tail-hey,puma/benchmarks/local/long_tail_hey + test/rackup/sleep_fibonacci,https://github.com/puma/puma/blob/main/benchmarks/local/long_tail_hey.rb,puma-1w-3t,3,puma,1,3,100,100,14.242,5.0,100,100,14.2,2.0,5,true,100,0,7.021,783.755,851.586,857.006,857.301,857.334,118.07,118.07,84.84,20,20,197,multiprocess_sample_only,,
yjit-on/puma-long-tail-fib-200ms-x1p0/puma-1w-3t/repeat-3,yjit-on,true,puma-long-tail-fib-200ms-x1p0,puma-long-tail-hey,puma/benchmarks/local/long_tail_hey + test/rackup/sleep_fibonacci,https://github.com/puma/puma/blob/main/benchmarks/local/long_tail_hey.rb,puma-1w-3t,3,puma,1,3,60,60,8.52,5.0,60,60,8.519,2.0,3,true,60,0,7.042,424.288,443.779,445.647,446.103,446.154,118.07,118.07,85.45,20,20,118,multiprocess_sample_only,,
yjit-on/puma-long-tail-fib-200ms-x0p5/puma-1w-3t/repeat-3,yjit-on,true,puma-long-tail-fib-200ms-x0p5,puma-long-tail-hey,puma/benchmarks/local/long_tail_hey + test/rackup/sleep_fibonacci,https://github.com/puma/puma/blob/main/benchmarks/local/long_tail_hey.rb,puma-1w-3t,3,puma,1,3,40,40,5.682,5.0,40,40,5.677,2.0,2,true,40,0,7.04,284.124,289.036,290.027,290.497,290.549,118.07,118.07,85.825,20,20,80,multiprocess_sample_only,,
yjit-on/puma-sleep-fibonacci-1ms/puma-1w-3t/repeat-3,yjit-on,true,puma-sleep-fibonacci-1ms,puma-sleep-fibonacci-test,puma/benchmarks/local/sleep_fibonacci_test + test/rackup/sleep_fibonacci,https://github.com/puma/puma/blob/main/benchmarks/local/sleep_fibonacci_test.rb,puma-1w-3t,3,puma,1,3,1897,10,5.002,5.0,10,760,2.002,2.0,1,true,1897,0,379.272,2.617,2.995,3.269,3.451,3.548,127.363,127.363,85.5,20,20,71,multiprocess_sample_only,,
yjit-on/puma-sleep-fibonacci-5ms/puma-1w-3t/repeat-3,yjit-on,true,puma-sleep-fibonacci-5ms,puma-sleep-fibonacci-test,puma/benchmarks/local/sleep_fibonacci_test + test/rackup/sleep_fibonacci,https://github.com/puma/puma/blob/main/benchmarks/local/sleep_fibonacci_test.rb,puma-1w-3t,3,puma,1,3,556,10,5.001,5.0,10,215,2.007,2.0,1,true,556,0,111.168,8.976,9.704,10.332,10.757,10.786,128.738,128.738,84.93,20,20,71,multiprocess_sample_only,,
yjit-on/puma-sleep-fibonacci-10ms/puma-1w-3t/repeat-3,yjit-on,true,puma-sleep-fibonacci-10ms,puma-sleep-fibonacci-test,puma/benchmarks/local/sleep_fibonacci_test + test/rackup/sleep_fibonacci,https://github.com/puma/puma/blob/main/benchmarks/local/sleep_fibonacci_test.rb,puma-1w-3t,3,puma,1,3,381,10,5.001,5.0,10,154,2.001,2.0,1,true,381,0,76.187,13.131,13.865,14.049,14.328,14.393,128.801,128.801,84.53,20,20,72,multiprocess_sample_only,,
yjit-on/puma-sleep-fibonacci-50ms/puma-1w-3t/repeat-3,yjit-on,true,puma-sleep-fibonacci-50ms,puma-sleep-fibonacci-test,puma/benchmarks/local/sleep_fibonacci_test + test/rackup/sleep_fibonacci,https://github.com/puma/puma/blob/main/benchmarks/local/sleep_fibonacci_test.rb,puma-1w-3t,3,puma,1,3,100,10,5.039,5.0,10,40,2.014,2.0,1,true,100,0,19.844,50.337,50.494,50.661,50.917,50.945,128.801,125.926,84.295,20,20,72,multiprocess_sample_only,,
yjit-on/puma-sleep-fibonacci-100ms/puma-1w-3t/repeat-3,yjit-on,true,puma-sleep-fibonacci-100ms,puma-sleep-fibonacci-test,puma/benchmarks/local/sleep_fibonacci_test + test/rackup/sleep_fibonacci,https://github.com/puma/puma/blob/main/benchmarks/local/sleep_fibonacci_test.rb,puma-1w-3t,3,puma,1,3,50,10,5.027,5.0,10,20,2.011,2.0,1,true,50,0,9.946,100.482,100.568,100.669,100.747,100.756,125.926,125.926,84.135,20,20,72,multiprocess_sample_only,,
yjit-on/puma-sleep-fibonacci-200ms/puma-1w-3t/repeat-3,yjit-on,true,puma-sleep-fibonacci-200ms,puma-sleep-fibonacci-test,puma/benchmarks/local/sleep_fibonacci_test + test/rackup/sleep_fibonacci,https://github.com/puma/puma/blob/main/benchmarks/local/sleep_fibonacci_test.rb,puma-1w-3t,3,puma,1,3,25,10,5.015,5.0,10,10,2.006,2.0,1,true,25,0,4.985,200.529,200.599,200.614,200.618,200.619,125.926,125.926,83.95,20,20,71,multiprocess_sample_only,,
