run_id,runtime,yjit,scenario,scenario_family,benchmark_source,benchmark_source_url,server,server_capacity,adapter,workers,threads,requests,target_requests,duration_s,min_duration_s,target_warmup_requests,warmup_requests,warmup_duration_s,warmup_min_duration_s,concurrency,keep_alive,completed,errors,achieved_rps,p50_ms,p95_ms,p99_ms,p999_ms,max_ms,rss_mb_peak,rss_mb_end,cpu_pct_avg,target_sample_count,sample_count,raw_sample_count,gc_delta_scope,gc_count_delta,total_allocated_objects_delta
yjit-off/puma-response-array-1kb/raptor-3r/repeat-1,yjit-off,false,puma-response-array-1kb,puma-response-time-wrk,puma/benchmarks/local/response_time_wrk,https://github.com/puma/puma/blob/main/benchmarks/local/response_time_wrk.rb,raptor-3r,3,raptor,3,,1000,1000,16.141,5.0,1000,1000,16.101,2.0,5,true,1000,0,61.952,40.991,41.982,42.435,4032.498,4035.217,30.121,30.121,3.26,20,20,225,same_worker,14,719298
yjit-off/puma-response-chunk-1kb/raptor-3r/repeat-1,yjit-off,false,puma-response-chunk-1kb,puma-response-time-wrk,puma/benchmarks/local/response_time_wrk,https://github.com/puma/puma/blob/main/benchmarks/local/response_time_wrk.rb,raptor-3r,3,raptor,3,,1000,1000,16.134,5.0,1000,1000,16.094,2.0,5,true,1000,0,61.982,40.999,41.988,42.613,4036.63,4037.002,30.121,30.121,2.685,20,20,225,same_worker,14,716312
yjit-off/puma-response-string-1kb/raptor-3r/repeat-1,yjit-off,false,puma-response-string-1kb,puma-response-time-wrk,puma/benchmarks/local/response_time_wrk,https://github.com/puma/puma/blob/main/benchmarks/local/response_time_wrk.rb,raptor-3r,3,raptor,3,,1000,1000,16.118,5.0,1000,1000,16.088,2.0,5,true,1000,0,62.044,40.986,41.945,42.048,4028.961,4029.75,30.207,30.207,2.56,20,20,225,same_worker,15,719297
yjit-off/puma-response-io-1kb/raptor-3r/repeat-1,yjit-off,false,puma-response-io-1kb,puma-response-time-wrk,puma/benchmarks/local/response_time_wrk,https://github.com/puma/puma/blob/main/benchmarks/local/response_time_wrk.rb,raptor-3r,3,raptor,3,,1000,1000,16.115,5.0,1000,1000,16.091,2.0,5,true,1000,0,62.055,40.99,41.963,42.239,4030.582,4033.993,30.473,30.473,2.5,20,20,225,same_worker,14,728922
yjit-off/puma-response-array-10kb/raptor-3r/repeat-1,yjit-off,false,puma-response-array-10kb,puma-response-time-wrk,puma/benchmarks/local/response_time_wrk,https://github.com/puma/puma/blob/main/benchmarks/local/response_time_wrk.rb,raptor-3r,3,raptor,3,,1000,1000,16.127,5.0,1000,1000,16.083,2.0,5,true,1000,0,62.009,40.995,41.968,42.275,4033.784,4073.72,30.477,30.477,2.5,20,20,226,same_worker,15,718057
yjit-off/puma-response-chunk-10kb/raptor-3r/repeat-1,yjit-off,false,puma-response-chunk-10kb,puma-response-time-wrk,puma/benchmarks/local/response_time_wrk,https://github.com/puma/puma/blob/main/benchmarks/local/response_time_wrk.rb,raptor-3r,3,raptor,3,,1000,1000,16.127,5.0,1000,1000,16.09,2.0,5,true,1000,0,62.008,41.0,41.97,42.355,4034.489,4038.054,30.484,30.484,2.5,20,20,226,same_worker,14,718348
yjit-off/puma-response-string-10kb/raptor-3r/repeat-1,yjit-off,false,puma-response-string-10kb,puma-response-time-wrk,puma/benchmarks/local/response_time_wrk,https://github.com/puma/puma/blob/main/benchmarks/local/response_time_wrk.rb,raptor-3r,3,raptor,3,,1000,1000,16.126,5.0,1000,1000,16.086,2.0,5,true,1000,0,62.013,40.989,41.969,42.288,4029.188,4030.154,30.508,30.508,2.485,20,20,225,same_worker,14,720001
yjit-off/puma-response-io-10kb/raptor-3r/repeat-1,yjit-off,false,puma-response-io-10kb,puma-response-time-wrk,puma/benchmarks/local/response_time_wrk,https://github.com/puma/puma/blob/main/benchmarks/local/response_time_wrk.rb,raptor-3r,3,raptor,3,,1000,1000,16.129,5.0,1000,1000,16.088,2.0,5,true,1000,0,62.002,40.996,41.983,42.169,4035.404,4067.328,31.172,31.172,2.5,20,20,227,same_worker,14,745977
yjit-off/puma-response-array-100kb/raptor-3r/repeat-1,yjit-off,false,puma-response-array-100kb,puma-response-time-wrk,puma/benchmarks/local/response_time_wrk,https://github.com/puma/puma/blob/main/benchmarks/local/response_time_wrk.rb,raptor-3r,3,raptor,3,,1000,1000,15.203,5.0,1000,1000,13.51,2.0,5,true,1000,0,65.778,40.98,41.971,42.195,3834.593,3834.88,31.172,31.172,2.6,20,20,214,same_worker,14,719042
yjit-off/puma-response-chunk-100kb/raptor-3r/repeat-1,yjit-off,false,puma-response-chunk-100kb,puma-response-time-wrk,puma/benchmarks/local/response_time_wrk,https://github.com/puma/puma/blob/main/benchmarks/local/response_time_wrk.rb,raptor-3r,3,raptor,3,,1000,1000,15.022,5.0,1000,1000,13.946,2.0,5,true,1000,0,66.571,40.98,41.976,42.303,3797.924,3835.349,31.172,31.172,2.775,20,20,211,same_worker,14,716305
yjit-off/puma-response-string-100kb/raptor-3r/repeat-1,yjit-off,false,puma-response-string-100kb,puma-response-time-wrk,puma/benchmarks/local/response_time_wrk,https://github.com/puma/puma/blob/main/benchmarks/local/response_time_wrk.rb,raptor-3r,3,raptor,3,,12025,1000,5.002,5.0,1000,4947,2.002,2.0,5,true,12025,0,2404.146,1.159,1.903,7.112,123.472,129.68,31.34,31.34,4.04,20,20,67,same_worker,172,8647857
yjit-off/puma-response-io-100kb/raptor-3r/repeat-1,yjit-off,false,puma-response-io-100kb,puma-response-time-wrk,puma/benchmarks/local/response_time_wrk,https://github.com/puma/puma/blob/main/benchmarks/local/response_time_wrk.rb,raptor-3r,3,raptor,3,,1000,1000,15.283,5.0,1000,1000,14.842,2.0,5,true,1000,0,65.433,40.984,41.985,42.957,3759.658,3839.789,42.969,42.969,4.7,20,20,215,same_worker,19,923377
yjit-off/puma-response-array-256kb/raptor-3r/repeat-1,yjit-off,false,puma-response-array-256kb,puma-response-time-wrk,puma/benchmarks/local/response_time_wrk,https://github.com/puma/puma/blob/main/benchmarks/local/response_time_wrk.rb,raptor-3r,3,raptor,3,,1000,1000,14.519,5.0,1000,1000,11.153,2.0,5,true,1000,0,68.876,41.927,42.165,43.061,3515.009,3694.753,42.969,42.969,4.895,20,20,204,same_worker,15,719307
yjit-off/puma-response-chunk-256kb/raptor-3r/repeat-1,yjit-off,false,puma-response-chunk-256kb,puma-response-time-wrk,puma/benchmarks/local/response_time_wrk,https://github.com/puma/puma/blob/main/benchmarks/local/response_time_wrk.rb,raptor-3r,3,raptor,3,,1000,1000,13.773,5.0,1000,1000,13.821,2.0,5,true,1000,0,72.606,41.944,42.251,43.212,3826.112,3834.65,42.969,42.969,5.08,20,20,194,same_worker,15,717064
yjit-off/puma-response-string-256kb/raptor-3r/repeat-1,yjit-off,false,puma-response-string-256kb,puma-response-time-wrk,puma/benchmarks/local/response_time_wrk,https://github.com/puma/puma/blob/main/benchmarks/local/response_time_wrk.rb,raptor-3r,3,raptor,3,,9460,1000,5.002,5.0,1000,3814,2.003,2.0,5,true,9460,0,1891.181,1.512,2.383,27.644,153.489,171.436,42.969,42.969,5.95,20,20,66,same_worker,136,6803639
yjit-off/puma-response-io-256kb/raptor-3r/repeat-1,yjit-off,false,puma-response-io-256kb,puma-response-time-wrk,puma/benchmarks/local/response_time_wrk,https://github.com/puma/puma/blob/main/benchmarks/local/response_time_wrk.rb,raptor-3r,3,raptor,3,,1000,1000,15.496,5.0,1000,1000,15.21,2.0,5,true,1000,0,64.534,41.973,42.962,43.158,3882.608,4003.971,50.254,50.246,6.5,20,20,217,same_worker,26,1237333
yjit-off/puma-response-array-512kb/raptor-3r/repeat-1,yjit-off,false,puma-response-array-512kb,puma-response-time-wrk,puma/benchmarks/local/response_time_wrk,https://github.com/puma/puma/blob/main/benchmarks/local/response_time_wrk.rb,raptor-3r,3,raptor,3,,1000,1000,15.444,5.0,1000,1000,15.709,2.0,5,true,1000,0,64.748,41.996,43.197,44.21,3776.002,3886.359,50.246,50.246,6.755,20,20,216,same_worker,15,719023
yjit-off/puma-response-chunk-512kb/raptor-3r/repeat-1,yjit-off,false,puma-response-chunk-512kb,puma-response-time-wrk,puma/benchmarks/local/response_time_wrk,https://github.com/puma/puma/blob/main/benchmarks/local/response_time_wrk.rb,raptor-3r,3,raptor,3,,1000,1000,15.309,5.0,1000,1000,15.766,2.0,5,true,1000,0,65.32,41.997,43.169,44.202,3859.066,3880.937,50.246,50.246,7.04,20,20,214,same_worker,15,718274
yjit-off/puma-response-string-512kb/raptor-3r/repeat-1,yjit-off,false,puma-response-string-512kb,puma-response-time-wrk,puma/benchmarks/local/response_time_wrk,https://github.com/puma/puma/blob/main/benchmarks/local/response_time_wrk.rb,raptor-3r,3,raptor,3,,6531,1000,5.004,5.0,1000,2792,2.005,2.0,5,true,6531,0,1305.092,2.136,3.503,12.409,224.607,243.483,50.246,50.246,7.555,20,20,65,same_worker,94,4697701
yjit-off/puma-response-io-512kb/raptor-3r/repeat-1,yjit-off,false,puma-response-io-512kb,puma-response-time-wrk,puma/benchmarks/local/response_time_wrk,https://github.com/puma/puma/blob/main/benchmarks/local/response_time_wrk.rb,raptor-3r,3,raptor,3,,1000,1000,16.018,5.0,1000,1000,15.499,2.0,5,true,1000,0,62.429,42.946,43.934,44.436,3918.471,4009.104,65.18,65.18,8.085,20,20,224,same_worker,39,1747846
yjit-off/puma-response-array-1024kb/raptor-3r/repeat-1,yjit-off,false,puma-response-array-1024kb,puma-response-time-wrk,puma/benchmarks/local/response_time_wrk,https://github.com/puma/puma/blob/main/benchmarks/local/response_time_wrk.rb,raptor-3r,3,raptor,3,,1000,1000,15.598,5.0,1000,1000,14.945,2.0,5,true,1000,0,64.112,43.329,44.874,46.852,3924.392,4070.817,59.094,59.094,8.69,20,20,217,same_worker,15,718547
yjit-off/puma-response-chunk-1024kb/raptor-3r/repeat-1,yjit-off,false,puma-response-chunk-1024kb,puma-response-time-wrk,puma/benchmarks/local/response_time_wrk,https://github.com/puma/puma/blob/main/benchmarks/local/response_time_wrk.rb,raptor-3r,3,raptor,3,,1000,1000,15.444,5.0,1000,1000,16.108,2.0,5,true,1000,0,64.751,43.868,44.971,45.883,3976.088,3990.789,59.094,59.094,9.235,20,20,215,same_worker,15,716293
yjit-off/puma-response-string-1024kb/raptor-3r/repeat-1,yjit-off,false,puma-response-string-1024kb,puma-response-time-wrk,puma/benchmarks/local/response_time_wrk,https://github.com/puma/puma/blob/main/benchmarks/local/response_time_wrk.rb,raptor-3r,3,raptor,3,,4667,1000,5.004,5.0,1000,1853,2.004,2.0,5,true,4667,0,932.673,2.956,5.043,13.192,322.94,334.292,60.359,60.359,9.635,20,20,63,same_worker,69,3356812
yjit-off/puma-response-io-1024kb/raptor-3r/repeat-1,yjit-off,false,puma-response-io-1024kb,puma-response-time-wrk,puma/benchmarks/local/response_time_wrk,https://github.com/puma/puma/blob/main/benchmarks/local/response_time_wrk.rb,raptor-3r,3,raptor,3,,1000,1000,15.648,5.0,1000,1000,16.687,2.0,5,true,1000,0,63.905,44.304,46.175,49.66,3788.013,3960.256,72.113,72.113,10.375,20,20,218,same_worker,65,2773509
yjit-off/puma-response-array-2048kb/raptor-3r/repeat-1,yjit-off,false,puma-response-array-2048kb,puma-response-time-wrk,puma/benchmarks/local/response_time_wrk,https://github.com/puma/puma/blob/main/benchmarks/local/response_time_wrk.rb,raptor-3r,3,raptor,3,,1000,1000,16.16,5.0,1000,1000,16.891,2.0,5,true,1000,0,61.879,45.979,48.151,50.545,3940.851,4040.975,62.559,62.559,11.47,20,20,224,same_worker,14,717747
yjit-off/puma-response-chunk-2048kb/raptor-3r/repeat-1,yjit-off,false,puma-response-chunk-2048kb,puma-response-time-wrk,puma/benchmarks/local/response_time_wrk,https://github.com/puma/puma/blob/main/benchmarks/local/response_time_wrk.rb,raptor-3r,3,raptor,3,,1000,1000,16.72,5.0,1000,1000,17.213,2.0,5,true,1000,0,59.81,46.797,48.134,50.151,4012.015,4192.008,62.559,62.559,12.57,20,20,233,same_worker,15,715026
yjit-off/puma-response-string-2048kb/raptor-3r/repeat-1,yjit-off,false,puma-response-string-2048kb,puma-response-time-wrk,puma/benchmarks/local/response_time_wrk,https://github.com/puma/puma/blob/main/benchmarks/local/response_time_wrk.rb,raptor-3r,3,raptor,3,,2897,1000,5.008,5.0,1000,1233,2.008,2.0,5,true,2897,0,578.524,5.007,6.884,12.344,525.931,544.657,69.781,69.781,12.935,20,20,60,same_worker,43,2084229
yjit-off/puma-response-io-2048kb/raptor-3r/repeat-1,yjit-off,false,puma-response-io-2048kb,puma-response-time-wrk,puma/benchmarks/local/response_time_wrk,https://github.com/puma/puma/blob/main/benchmarks/local/response_time_wrk.rb,raptor-3r,3,raptor,3,,1000,1000,17.584,5.0,1000,1000,18.178,2.0,5,true,1000,0,56.869,47.972,50.989,54.721,4379.341,4397.925,86.688,86.688,14.155,20,20,244,same_worker,113,4821703
yjit-off/puma-long-tail-fib-200ms-x6p0/raptor-3r/repeat-1,yjit-off,false,puma-long-tail-fib-200ms-x6p0,puma-long-tail-hey,puma/benchmarks/local/long_tail_hey + test/rackup/sleep_fibonacci,https://github.com/puma/puma/blob/main/benchmarks/local/long_tail_hey.rb,raptor-3r,3,raptor,3,,363,360,29.003,5.0,360,360,28.747,2.0,18,true,363,0,12.516,241.758,243.002,19602.736,24391.283,24393.227,87.055,87.055,23.11,20,20,399,same_worker,1,62643
yjit-off/puma-long-tail-fib-200ms-x4p0/raptor-3r/repeat-1,yjit-off,false,puma-long-tail-fib-200ms-x4p0,puma-long-tail-hey,puma/benchmarks/local/long_tail_hey + test/rackup/sleep_fibonacci,https://github.com/puma/puma/blob/main/benchmarks/local/long_tail_hey.rb,raptor-3r,3,raptor,3,,243,240,19.406,5.0,240,240,19.16,2.0,12,true,243,0,12.522,241.52,243.011,12799.89,14814.632,14815.022,87.086,87.086,30.95,20,20,267,same_worker,1,41823
yjit-off/puma-long-tail-fib-200ms-x3p0/raptor-3r/repeat-1,yjit-off,false,puma-long-tail-fib-200ms-x3p0,puma-long-tail-hey,puma/benchmarks/local/long_tail_hey + test/rackup/sleep_fibonacci,https://github.com/puma/puma/blob/main/benchmarks/local/long_tail_hey.rb,raptor-3r,3,raptor,3,,183,180,14.625,5.0,180,180,14.375,2.0,9,true,183,0,12.513,241.767,242.965,10014.118,10019.743,10020.939,87.109,87.109,36.15,20,20,202,same_worker,1,32357
yjit-off/puma-long-tail-fib-200ms-x2p0/raptor-3r/repeat-1,yjit-off,false,puma-long-tail-fib-200ms-x2p0,puma-long-tail-hey,puma/benchmarks/local/long_tail_hey + test/rackup/sleep_fibonacci,https://github.com/puma/puma/blob/main/benchmarks/local/long_tail_hey.rb,raptor-3r,3,raptor,3,,123,120,9.831,5.0,120,120,9.585,2.0,6,true,123,0,12.511,241.567,242.735,5230.835,5232.213,5232.39,87.121,87.121,39.535,20,20,136,same_worker,1,22802
yjit-off/puma-long-tail-fib-200ms-x1p5/raptor-3r/repeat-1,yjit-off,false,puma-long-tail-fib-200ms-x1p5,puma-long-tail-hey,puma/benchmarks/local/long_tail_hey + test/rackup/sleep_fibonacci,https://github.com/puma/puma/blob/main/benchmarks/local/long_tail_hey.rb,raptor-3r,3,raptor,3,,103,100,9.823,5.0,100,100,9.583,2.0,5,true,103,0,10.486,241.369,242.447,5129.998,5229.838,5229.851,87.121,87.121,42.04,20,20,136,same_worker,1,20870
yjit-off/puma-long-tail-fib-200ms-x1p0/raptor-3r/repeat-1,yjit-off,false,puma-long-tail-fib-200ms-x1p0,puma-long-tail-hey,puma/benchmarks/local/long_tail_hey + test/rackup/sleep_fibonacci,https://github.com/puma/puma/blob/main/benchmarks/local/long_tail_hey.rb,raptor-3r,3,raptor,3,,63,60,5.035,5.0,60,60,4.794,2.0,3,true,63,0,12.512,241.689,242.348,242.734,243.196,243.247,87.121,87.121,43.585,20,20,70,same_worker,0,10431
yjit-off/puma-long-tail-fib-200ms-x0p5/raptor-3r/repeat-1,yjit-off,false,puma-long-tail-fib-200ms-x0p5,puma-long-tail-hey,puma/benchmarks/local/long_tail_hey + test/rackup/sleep_fibonacci,https://github.com/puma/puma/blob/main/benchmarks/local/long_tail_hey.rb,raptor-3r,3,raptor,3,,42,40,5.033,5.0,40,40,4.795,2.0,2,true,42,0,8.345,241.411,242.244,242.411,242.505,242.516,87.125,87.125,44.515,20,20,71,same_worker,0,7050
yjit-off/puma-sleep-fibonacci-1ms/raptor-3r/repeat-1,yjit-off,false,puma-sleep-fibonacci-1ms,puma-sleep-fibonacci-test,puma/benchmarks/local/sleep_fibonacci_test + test/rackup/sleep_fibonacci,https://github.com/puma/puma/blob/main/benchmarks/local/sleep_fibonacci_test.rb,raptor-3r,3,raptor,3,,122,10,5.007,5.0,10,49,2.018,2.0,1,true,122,0,24.367,41.978,42.143,42.995,43.017,43.02,87.145,87.145,44.495,20,20,72,same_worker,0,21673
yjit-off/puma-sleep-fibonacci-5ms/raptor-3r/repeat-1,yjit-off,false,puma-sleep-fibonacci-5ms,puma-sleep-fibonacci-test,puma/benchmarks/local/sleep_fibonacci_test + test/rackup/sleep_fibonacci,https://github.com/puma/puma/blob/main/benchmarks/local/sleep_fibonacci_test.rb,raptor-3r,3,raptor,3,,110,10,5.046,5.0,10,45,2.039,2.0,1,true,110,0,21.797,46.972,47.08,47.974,47.977,47.978,87.191,87.191,44.21,20,20,72,same_worker,1,20436
yjit-off/puma-sleep-fibonacci-10ms/raptor-3r/repeat-1,yjit-off,false,puma-sleep-fibonacci-10ms,puma-sleep-fibonacci-test,puma/benchmarks/local/sleep_fibonacci_test + test/rackup/sleep_fibonacci,https://github.com/puma/puma/blob/main/benchmarks/local/sleep_fibonacci_test.rb,raptor-3r,3,raptor,3,,99,10,5.018,5.0,10,40,2.02,2.0,1,true,99,0,19.73,50.986,51.803,51.95,51.956,51.956,87.191,87.191,43.975,20,20,72,same_worker,0,17616
yjit-off/puma-sleep-fibonacci-50ms/raptor-3r/repeat-1,yjit-off,false,puma-sleep-fibonacci-50ms,puma-sleep-fibonacci-test,puma/benchmarks/local/sleep_fibonacci_test + test/rackup/sleep_fibonacci,https://github.com/puma/puma/blob/main/benchmarks/local/sleep_fibonacci_test.rb,raptor-3r,3,raptor,3,,56,10,5.087,5.0,10,23,2.065,2.0,1,true,56,0,11.009,91.893,92.019,92.049,92.058,92.06,87.266,87.266,43.9,20,20,73,same_worker,0,8339
yjit-off/puma-sleep-fibonacci-100ms/raptor-3r/repeat-1,yjit-off,false,puma-sleep-fibonacci-100ms,puma-sleep-fibonacci-test,puma/benchmarks/local/sleep_fibonacci_test + test/rackup/sleep_fibonacci,https://github.com/puma/puma/blob/main/benchmarks/local/sleep_fibonacci_test.rb,raptor-3r,3,raptor,3,,36,10,5.063,5.0,10,15,2.082,2.0,1,true,36,0,7.111,141.945,142.052,142.672,142.966,142.998,87.293,87.293,43.9,20,20,72,same_worker,1,6738
yjit-off/puma-sleep-fibonacci-200ms/raptor-3r/repeat-1,yjit-off,false,puma-sleep-fibonacci-200ms,puma-sleep-fibonacci-test,puma/benchmarks/local/sleep_fibonacci_test + test/rackup/sleep_fibonacci,https://github.com/puma/puma/blob/main/benchmarks/local/sleep_fibonacci_test.rb,raptor-3r,3,raptor,3,,21,10,5.034,5.0,10,10,2.374,2.0,1,true,21,0,4.172,241.867,242.019,242.028,242.03,242.03,87.297,87.297,44.0,20,20,72,same_worker,0,2165
yjit-off/puma-response-array-1kb/raptor-3r/repeat-2,yjit-off,false,puma-response-array-1kb,puma-response-time-wrk,puma/benchmarks/local/response_time_wrk,https://github.com/puma/puma/blob/main/benchmarks/local/response_time_wrk.rb,raptor-3r,3,raptor,3,,1000,1000,16.127,5.0,1000,1000,16.091,2.0,5,true,1000,0,62.007,40.996,41.968,42.318,4035.68,4038.603,28.234,28.234,3.29,20,20,227,same_worker,33,719990
yjit-off/puma-response-chunk-1kb/raptor-3r/repeat-2,yjit-off,false,puma-response-chunk-1kb,puma-response-time-wrk,puma/benchmarks/local/response_time_wrk,https://github.com/puma/puma/blob/main/benchmarks/local/response_time_wrk.rb,raptor-3r,3,raptor,3,,1000,1000,16.139,5.0,1000,1000,16.09,2.0,5,true,1000,0,61.963,40.998,41.986,42.552,4035.716,4036.109,28.27,28.27,2.775,20,20,227,same_worker,32,716380
yjit-off/puma-response-string-1kb/raptor-3r/repeat-2,yjit-off,false,puma-response-string-1kb,puma-response-time-wrk,puma/benchmarks/local/response_time_wrk,https://github.com/puma/puma/blob/main/benchmarks/local/response_time_wrk.rb,raptor-3r,3,raptor,3,,1000,1000,16.122,5.0,1000,1000,16.096,2.0,5,true,1000,0,62.028,40.993,41.963,42.374,4028.922,4030.37,28.285,28.285,2.6,20,20,227,same_worker,33,718040
yjit-off/puma-response-io-1kb/raptor-3r/repeat-2,yjit-off,false,puma-response-io-1kb,puma-response-time-wrk,puma/benchmarks/local/response_time_wrk,https://github.com/puma/puma/blob/main/benchmarks/local/response_time_wrk.rb,raptor-3r,3,raptor,3,,1000,1000,16.161,5.0,1000,1000,16.09,2.0,5,true,1000,0,61.877,41.018,41.998,42.509,4043.153,4044.322,28.336,28.336,2.61,20,20,225,same_worker,32,727370
yjit-off/puma-response-array-10kb/raptor-3r/repeat-2,yjit-off,false,puma-response-array-10kb,puma-response-time-wrk,puma/benchmarks/local/response_time_wrk,https://github.com/puma/puma/blob/main/benchmarks/local/response_time_wrk.rb,raptor-3r,3,raptor,3,,1000,1000,16.134,5.0,1000,1000,16.111,2.0,5,true,1000,0,61.981,41.0,41.953,42.471,4033.501,4033.85,28.348,28.348,2.645,20,20,227,same_worker,32,719359
yjit-off/puma-response-chunk-10kb/raptor-3r/repeat-2,yjit-off,false,puma-response-chunk-10kb,puma-response-time-wrk,puma/benchmarks/local/response_time_wrk,https://github.com/puma/puma/blob/main/benchmarks/local/response_time_wrk.rb,raptor-3r,3,raptor,3,,1000,1000,16.123,5.0,1000,1000,16.093,2.0,5,true,1000,0,62.024,40.989,41.971,42.224,4027.96,4030.124,28.352,28.352,2.6,20,20,228,same_worker,32,717659
yjit-off/puma-response-string-10kb/raptor-3r/repeat-2,yjit-off,false,puma-response-string-10kb,puma-response-time-wrk,puma/benchmarks/local/response_time_wrk,https://github.com/puma/puma/blob/main/benchmarks/local/response_time_wrk.rb,raptor-3r,3,raptor,3,,1000,1000,16.13,5.0,1000,1000,16.088,2.0,5,true,1000,0,61.995,40.996,41.968,42.354,4032.314,4035.35,28.375,28.375,2.6,20,20,227,same_worker,33,720801
yjit-off/puma-response-io-10kb/raptor-3r/repeat-2,yjit-off,false,puma-response-io-10kb,puma-response-time-wrk,puma/benchmarks/local/response_time_wrk,https://github.com/puma/puma/blob/main/benchmarks/local/response_time_wrk.rb,raptor-3r,3,raptor,3,,1000,1000,16.125,5.0,1000,1000,16.096,2.0,5,true,1000,0,62.014,40.991,41.958,42.312,4068.857,4072.48,28.816,28.816,2.6,20,20,228,same_worker,34,746078
yjit-off/puma-response-array-100kb/raptor-3r/repeat-2,yjit-off,false,puma-response-array-100kb,puma-response-time-wrk,puma/benchmarks/local/response_time_wrk,https://github.com/puma/puma/blob/main/benchmarks/local/response_time_wrk.rb,raptor-3r,3,raptor,3,,1000,1000,14.822,5.0,1000,1000,13.559,2.0,5,true,1000,0,67.466,40.982,41.975,42.288,3835.532,3874.752,28.816,28.816,2.745,20,20,209,same_worker,33,719668
yjit-off/puma-response-chunk-100kb/raptor-3r/repeat-2,yjit-off,false,puma-response-chunk-100kb,puma-response-time-wrk,puma/benchmarks/local/response_time_wrk,https://github.com/puma/puma/blob/main/benchmarks/local/response_time_wrk.rb,raptor-3r,3,raptor,3,,1000,1000,15.333,5.0,1000,1000,14.674,2.0,5,true,1000,0,65.22,40.981,41.983,42.261,3837.42,3839.081,28.816,28.816,2.895,20,20,216,same_worker,33,716813
yjit-off/puma-response-string-100kb/raptor-3r/repeat-2,yjit-off,false,puma-response-string-100kb,puma-response-time-wrk,puma/benchmarks/local/response_time_wrk,https://github.com/puma/puma/blob/main/benchmarks/local/response_time_wrk.rb,raptor-3r,3,raptor,3,,11814,1000,5.002,5.0,1000,4812,2.002,2.0,5,true,11814,0,2362.06,1.186,1.968,6.481,126.744,135.99,29.168,29.168,4.15,20,20,67,same_worker,396,8492914
yjit-off/puma-response-io-100kb/raptor-3r/repeat-2,yjit-off,false,puma-response-io-100kb,puma-response-time-wrk,puma/benchmarks/local/response_time_wrk,https://github.com/puma/puma/blob/main/benchmarks/local/response_time_wrk.rb,raptor-3r,3,raptor,3,,1000,1000,15.567,5.0,1000,1000,14.958,2.0,5,true,1000,0,64.237,40.983,41.986,42.355,3839.633,3881.191,34.137,34.137,4.8,20,20,219,same_worker,45,924205
yjit-off/puma-response-array-256kb/raptor-3r/repeat-2,yjit-off,false,puma-response-array-256kb,puma-response-time-wrk,puma/benchmarks/local/response_time_wrk,https://github.com/puma/puma/blob/main/benchmarks/local/response_time_wrk.rb,raptor-3r,3,raptor,3,,1000,1000,15.161,5.0,1000,1000,13.985,2.0,5,true,1000,0,65.959,41.945,42.203,43.005,3813.564,3862.91,34.137,34.137,4.975,20,20,213,same_worker,34,719249
yjit-off/puma-response-chunk-256kb/raptor-3r/repeat-2,yjit-off,false,puma-response-chunk-256kb,puma-response-time-wrk,puma/benchmarks/local/response_time_wrk,https://github.com/puma/puma/blob/main/benchmarks/local/response_time_wrk.rb,raptor-3r,3,raptor,3,,1000,1000,15.016,5.0,1000,1000,13.605,2.0,5,true,1000,0,66.596,41.946,42.436,43.1,3709.987,3818.703,34.137,34.137,5.155,20,20,211,same_worker,34,715270
yjit-off/puma-response-string-256kb/raptor-3r/repeat-2,yjit-off,false,puma-response-string-256kb,puma-response-time-wrk,puma/benchmarks/local/response_time_wrk,https://github.com/puma/puma/blob/main/benchmarks/local/response_time_wrk.rb,raptor-3r,3,raptor,3,,9297,1000,5.002,5.0,1000,3796,2.002,2.0,5,true,9297,0,1858.61,1.53,2.413,41.104,151.982,212.972,34.184,34.184,6.005,20,20,66,same_worker,322,6684807
yjit-off/puma-response-io-256kb/raptor-3r/repeat-2,yjit-off,false,puma-response-io-256kb,puma-response-time-wrk,puma/benchmarks/local/response_time_wrk,https://github.com/puma/puma/blob/main/benchmarks/local/response_time_wrk.rb,raptor-3r,3,raptor,3,,1000,1000,15.619,5.0,1000,1000,14.026,2.0,5,true,1000,0,64.026,41.974,42.944,43.414,4005.627,4009.255,37.766,37.766,6.59,20,20,219,same_worker,66,1237249
yjit-off/puma-response-array-512kb/raptor-3r/repeat-2,yjit-off,false,puma-response-array-512kb,puma-response-time-wrk,puma/benchmarks/local/response_time_wrk,https://github.com/puma/puma/blob/main/benchmarks/local/response_time_wrk.rb,raptor-3r,3,raptor,3,,1000,1000,14.203,5.0,1000,1000,14.634,2.0,5,true,1000,0,70.407,41.999,43.158,45.102,3745.484,3850.64,37.766,37.766,6.87,20,20,199,same_worker,35,718329
yjit-off/puma-response-chunk-512kb/raptor-3r/repeat-2,yjit-off,false,puma-response-chunk-512kb,puma-response-time-wrk,puma/benchmarks/local/response_time_wrk,https://github.com/puma/puma/blob/main/benchmarks/local/response_time_wrk.rb,raptor-3r,3,raptor,3,,1000,1000,15.365,5.0,1000,1000,15.52,2.0,5,true,1000,0,65.084,42.026,43.163,44.208,3813.513,3925.113,37.766,37.766,7.145,20,20,216,same_worker,35,715229
yjit-off/puma-response-string-512kb/raptor-3r/repeat-2,yjit-off,false,puma-response-string-512kb,puma-response-time-wrk,puma/benchmarks/local/response_time_wrk,https://github.com/puma/puma/blob/main/benchmarks/local/response_time_wrk.rb,raptor-3r,3,raptor,3,,6390,1000,5.004,5.0,1000,2653,2.004,2.0,5,true,6390,0,1276.943,2.149,3.646,13.685,232.558,260.457,38.641,38.641,7.66,20,20,65,same_worker,228,4594397
yjit-off/puma-response-io-512kb/raptor-3r/repeat-2,yjit-off,false,puma-response-io-512kb,puma-response-time-wrk,puma/benchmarks/local/response_time_wrk,https://github.com/puma/puma/blob/main/benchmarks/local/response_time_wrk.rb,raptor-3r,3,raptor,3,,1000,1000,15.022,5.0,1000,1000,15.577,2.0,5,true,1000,0,66.569,42.944,43.98,45.024,3658.205,3878.219,43.359,41.043,8.23,20,20,210,same_worker,101,1748005
yjit-off/puma-response-array-1024kb/raptor-3r/repeat-2,yjit-off,false,puma-response-array-1024kb,puma-response-time-wrk,puma/benchmarks/local/response_time_wrk,https://github.com/puma/puma/blob/main/benchmarks/local/response_time_wrk.rb,raptor-3r,3,raptor,3,,1000,1000,15.839,5.0,1000,1000,15.714,2.0,5,true,1000,0,63.136,43.922,44.991,46.255,3907.488,3931.875,41.043,41.043,8.795,20,20,220,same_worker,36,718690
yjit-off/puma-response-chunk-1024kb/raptor-3r/repeat-2,yjit-off,false,puma-response-chunk-1024kb,puma-response-time-wrk,puma/benchmarks/local/response_time_wrk,https://github.com/puma/puma/blob/main/benchmarks/local/response_time_wrk.rb,raptor-3r,3,raptor,3,,1000,1000,15.771,5.0,1000,1000,15.498,2.0,5,true,1000,0,63.408,43.608,44.95,45.935,3901.594,4068.332,41.043,41.043,9.37,20,20,220,same_worker,35,716243
yjit-off/puma-response-string-1024kb/raptor-3r/repeat-2,yjit-off,false,puma-response-string-1024kb,puma-response-time-wrk,puma/benchmarks/local/response_time_wrk,https://github.com/puma/puma/blob/main/benchmarks/local/response_time_wrk.rb,raptor-3r,3,raptor,3,,4607,1000,5.005,5.0,1000,1888,2.004,2.0,5,true,4607,0,920.509,2.929,5.219,15.862,324.286,337.742,45.402,45.402,9.75,20,20,63,same_worker,167,3312698
yjit-off/puma-response-io-1024kb/raptor-3r/repeat-2,yjit-off,false,puma-response-io-1024kb,puma-response-time-wrk,puma/benchmarks/local/response_time_wrk,https://github.com/puma/puma/blob/main/benchmarks/local/response_time_wrk.rb,raptor-3r,3,raptor,3,,1000,1000,15.782,5.0,1000,1000,16.607,2.0,5,true,1000,0,63.363,44.816,46.206,48.814,3836.0,4156.316,49.977,49.953,10.49,20,20,219,same_worker,158,2773869
yjit-off/puma-response-array-2048kb/raptor-3r/repeat-2,yjit-off,false,puma-response-array-2048kb,puma-response-time-wrk,puma/benchmarks/local/response_time_wrk,https://github.com/puma/puma/blob/main/benchmarks/local/response_time_wrk.rb,raptor-3r,3,raptor,3,,1000,1000,15.705,5.0,1000,1000,16.524,2.0,5,true,1000,0,63.675,46.643,48.757,50.883,3762.082,3810.185,49.953,49.953,11.65,20,20,217,same_worker,32,719616
yjit-off/puma-response-chunk-2048kb/raptor-3r/repeat-2,yjit-off,false,puma-response-chunk-2048kb,puma-response-time-wrk,puma/benchmarks/local/response_time_wrk,https://github.com/puma/puma/blob/main/benchmarks/local/response_time_wrk.rb,raptor-3r,3,raptor,3,,1000,1000,16.067,5.0,1000,1000,16.436,2.0,5,true,1000,0,62.24,46.919,48.951,53.876,3848.843,4009.309,49.953,49.953,12.85,20,20,223,same_worker,32,714965
yjit-off/puma-response-string-2048kb/raptor-3r/repeat-2,yjit-off,false,puma-response-string-2048kb,puma-response-time-wrk,puma/benchmarks/local/response_time_wrk,https://github.com/puma/puma/blob/main/benchmarks/local/response_time_wrk.rb,raptor-3r,3,raptor,3,,2812,1000,5.008,5.0,1000,1231,2.009,2.0,5,true,2812,0,561.554,5.246,7.112,12.579,543.765,567.609,55.965,55.965,13.235,20,20,60,same_worker,93,2022816
yjit-off/puma-response-io-2048kb/raptor-3r/repeat-2,yjit-off,false,puma-response-io-2048kb,puma-response-time-wrk,puma/benchmarks/local/response_time_wrk,https://github.com/puma/puma/blob/main/benchmarks/local/response_time_wrk.rb,raptor-3r,3,raptor,3,,1000,1000,17.293,5.0,1000,1000,18.15,2.0,5,true,1000,0,57.827,47.992,51.22,59.988,4348.947,4424.507,84.055,84.055,14.455,20,20,239,same_worker,141,4821238
yjit-off/puma-long-tail-fib-200ms-x6p0/raptor-3r/repeat-2,yjit-off,false,puma-long-tail-fib-200ms-x6p0,puma-long-tail-hey,puma/benchmarks/local/long_tail_hey + test/rackup/sleep_fibonacci,https://github.com/puma/puma/blob/main/benchmarks/local/long_tail_hey.rb,raptor-3r,3,raptor,3,,363,360,29.012,5.0,360,360,28.771,2.0,18,true,363,0,12.512,241.877,243.795,19613.377,24407.387,24407.939,84.348,84.348,23.435,20,20,394,same_worker,1,62545
yjit-off/puma-long-tail-fib-200ms-x4p0/raptor-3r/repeat-2,yjit-off,false,puma-long-tail-fib-200ms-x4p0,puma-long-tail-hey,puma/benchmarks/local/long_tail_hey + test/rackup/sleep_fibonacci,https://github.com/puma/puma/blob/main/benchmarks/local/long_tail_hey.rb,raptor-3r,3,raptor,3,,243,240,19.424,5.0,240,240,19.185,2.0,12,true,243,0,12.51,241.883,242.982,12806.799,14821.56,14821.933,84.379,84.379,31.3,20,20,265,same_worker,1,41015
yjit-off/puma-long-tail-fib-200ms-x3p0/raptor-3r/repeat-2,yjit-off,false,puma-long-tail-fib-200ms-x3p0,puma-long-tail-hey,puma/benchmarks/local/long_tail_hey + test/rackup/sleep_fibonacci,https://github.com/puma/puma/blob/main/benchmarks/local/long_tail_hey.rb,raptor-3r,3,raptor,3,,183,180,14.616,5.0,180,180,14.379,2.0,9,true,183,0,12.521,241.521,242.953,10021.066,10022.004,10022.075,84.387,84.387,36.485,20,20,201,same_worker,1,33029
yjit-off/puma-long-tail-fib-200ms-x2p0/raptor-3r/repeat-2,yjit-off,false,puma-long-tail-fib-200ms-x2p0,puma-long-tail-hey,puma/benchmarks/local/long_tail_hey + test/rackup/sleep_fibonacci,https://github.com/puma/puma/blob/main/benchmarks/local/long_tail_hey.rb,raptor-3r,3,raptor,3,,123,120,9.826,5.0,120,120,9.584,2.0,6,true,123,0,12.518,241.681,242.322,5230.443,5231.893,5232.071,84.406,84.406,39.865,20,20,135,same_worker,0,19705
yjit-off/puma-long-tail-fib-200ms-x1p5/raptor-3r/repeat-2,yjit-off,false,puma-long-tail-fib-200ms-x1p5,puma-long-tail-hey,puma/benchmarks/local/long_tail_hey + test/rackup/sleep_fibonacci,https://github.com/puma/puma/blob/main/benchmarks/local/long_tail_hey.rb,raptor-3r,3,raptor,3,,103,100,9.833,5.0,100,100,9.592,2.0,5,true,103,0,10.475,241.864,242.621,5134.448,5234.413,5234.429,84.406,84.406,42.365,20,20,136,same_worker,1,20422
yjit-off/puma-long-tail-fib-200ms-x1p0/raptor-3r/repeat-2,yjit-off,false,puma-long-tail-fib-200ms-x1p0,puma-long-tail-hey,puma/benchmarks/local/long_tail_hey + test/rackup/sleep_fibonacci,https://github.com/puma/puma/blob/main/benchmarks/local/long_tail_hey.rb,raptor-3r,3,raptor,3,,63,60,5.034,5.0,60,60,4.794,2.0,3,true,63,0,12.515,241.637,242.449,242.57,242.628,242.634,84.406,84.406,43.895,20,20,70,same_worker,0,10507
yjit-off/puma-long-tail-fib-200ms-x0p5/raptor-3r/repeat-2,yjit-off,false,puma-long-tail-fib-200ms-x0p5,puma-long-tail-hey,puma/benchmarks/local/long_tail_hey + test/rackup/sleep_fibonacci,https://github.com/puma/puma/blob/main/benchmarks/local/long_tail_hey.rb,raptor-3r,3,raptor,3,,42,40,5.039,5.0,40,40,4.791,2.0,2,true,42,0,8.335,241.884,242.386,242.737,242.891,242.908,84.406,84.406,44.83,20,20,71,same_worker,0,7635
yjit-off/puma-sleep-fibonacci-1ms/raptor-3r/repeat-2,yjit-off,false,puma-sleep-fibonacci-1ms,puma-sleep-fibonacci-test,puma/benchmarks/local/sleep_fibonacci_test + test/rackup/sleep_fibonacci,https://github.com/puma/puma/blob/main/benchmarks/local/sleep_fibonacci_test.rb,raptor-3r,3,raptor,3,,122,10,5.005,5.0,10,49,2.017,2.0,1,true,122,0,24.376,41.971,42.075,42.963,43.013,43.019,84.422,84.422,44.81,20,20,72,same_worker,0,21673
yjit-off/puma-sleep-fibonacci-5ms/raptor-3r/repeat-2,yjit-off,false,puma-sleep-fibonacci-5ms,puma-sleep-fibonacci-test,puma/benchmarks/local/sleep_fibonacci_test + test/rackup/sleep_fibonacci,https://github.com/puma/puma/blob/main/benchmarks/local/sleep_fibonacci_test.rb,raptor-3r,3,raptor,3,,109,10,5.004,5.0,10,45,2.039,2.0,1,true,109,0,21.783,46.98,47.93,47.99,47.994,47.995,84.523,84.523,44.53,20,20,72,same_worker,0,19385
yjit-off/puma-sleep-fibonacci-10ms/raptor-3r/repeat-2,yjit-off,false,puma-sleep-fibonacci-10ms,puma-sleep-fibonacci-test,puma/benchmarks/local/sleep_fibonacci_test + test/rackup/sleep_fibonacci,https://github.com/puma/puma/blob/main/benchmarks/local/sleep_fibonacci_test.rb,raptor-3r,3,raptor,3,,99,10,5.021,5.0,10,40,2.009,2.0,1,true,99,0,19.717,50.979,51.923,51.961,51.969,51.97,84.531,84.531,44.295,20,20,72,same_worker,0,15471
yjit-off/puma-sleep-fibonacci-50ms/raptor-3r/repeat-2,yjit-off,false,puma-sleep-fibonacci-50ms,puma-sleep-fibonacci-test,puma/benchmarks/local/sleep_fibonacci_test + test/rackup/sleep_fibonacci,https://github.com/puma/puma/blob/main/benchmarks/local/sleep_fibonacci_test.rb,raptor-3r,3,raptor,3,,56,10,5.082,5.0,10,23,2.063,2.0,1,true,56,0,11.019,91.01,91.997,92.475,92.968,93.023,84.531,84.531,44.2,20,20,72,same_worker,0,10460
yjit-off/puma-sleep-fibonacci-100ms/raptor-3r/repeat-2,yjit-off,false,puma-sleep-fibonacci-100ms,puma-sleep-fibonacci-test,puma/benchmarks/local/sleep_fibonacci_test + test/rackup/sleep_fibonacci,https://github.com/puma/puma/blob/main/benchmarks/local/sleep_fibonacci_test.rb,raptor-3r,3,raptor,3,,36,10,5.058,5.0,10,15,2.079,2.0,1,true,36,0,7.118,141.927,141.985,142.001,142.007,142.007,84.531,84.531,44.2,20,20,72,same_worker,0,6528
yjit-off/puma-sleep-fibonacci-200ms/raptor-3r/repeat-2,yjit-off,false,puma-sleep-fibonacci-200ms,puma-sleep-fibonacci-test,puma/benchmarks/local/sleep_fibonacci_test + test/rackup/sleep_fibonacci,https://github.com/puma/puma/blob/main/benchmarks/local/sleep_fibonacci_test.rb,raptor-3r,3,raptor,3,,21,10,5.041,5.0,10,10,2.375,2.0,1,true,21,0,4.166,241.973,242.918,243.01,243.031,243.033,84.535,84.535,44.3,20,20,72,same_worker,1,5747
yjit-off/puma-response-array-1kb/raptor-3r/repeat-3,yjit-off,false,puma-response-array-1kb,puma-response-time-wrk,puma/benchmarks/local/response_time_wrk,https://github.com/puma/puma/blob/main/benchmarks/local/response_time_wrk.rb,raptor-3r,3,raptor,3,,1000,1000,16.125,5.0,1000,1000,16.084,2.0,5,true,1000,0,62.014,40.991,41.961,42.21,4028.271,4029.205,28.066,28.066,3.315,20,20,227,same_worker,33,719360
yjit-off/puma-response-chunk-1kb/raptor-3r/repeat-3,yjit-off,false,puma-response-chunk-1kb,puma-response-time-wrk,puma/benchmarks/local/response_time_wrk,https://github.com/puma/puma/blob/main/benchmarks/local/response_time_wrk.rb,raptor-3r,3,raptor,3,,1000,1000,16.128,5.0,1000,1000,16.101,2.0,5,true,1000,0,62.006,40.994,41.958,42.295,4032.737,4036.21,28.234,28.234,2.815,20,20,226,same_worker,32,716379
yjit-off/puma-response-string-1kb/raptor-3r/repeat-3,yjit-off,false,puma-response-string-1kb,puma-response-time-wrk,puma/benchmarks/local/response_time_wrk,https://github.com/puma/puma/blob/main/benchmarks/local/response_time_wrk.rb,raptor-3r,3,raptor,3,,1000,1000,16.119,5.0,1000,1000,16.097,2.0,5,true,1000,0,62.038,40.997,41.974,42.178,4030.072,4034.168,28.266,28.266,2.69,20,20,228,same_worker,33,719376
yjit-off/puma-response-io-1kb/raptor-3r/repeat-3,yjit-off,false,puma-response-io-1kb,puma-response-time-wrk,puma/benchmarks/local/response_time_wrk,https://github.com/puma/puma/blob/main/benchmarks/local/response_time_wrk.rb,raptor-3r,3,raptor,3,,1000,1000,16.134,5.0,1000,1000,16.083,2.0,5,true,1000,0,61.981,40.994,41.976,42.364,4034.815,4036.056,28.305,28.305,2.64,20,20,226,same_worker,32,726912
yjit-off/puma-response-array-10kb/raptor-3r/repeat-3,yjit-off,false,puma-response-array-10kb,puma-response-time-wrk,puma/benchmarks/local/response_time_wrk,https://github.com/puma/puma/blob/main/benchmarks/local/response_time_wrk.rb,raptor-3r,3,raptor,3,,1000,1000,16.118,5.0,1000,1000,16.093,2.0,5,true,1000,0,62.042,40.991,41.953,42.362,4031.488,4032.548,28.309,28.309,2.6,20,20,228,same_worker,33,721421
yjit-off/puma-response-chunk-10kb/raptor-3r/repeat-3,yjit-off,false,puma-response-chunk-10kb,puma-response-time-wrk,puma/benchmarks/local/response_time_wrk,https://github.com/puma/puma/blob/main/benchmarks/local/response_time_wrk.rb,raptor-3r,3,raptor,3,,1000,1000,16.112,5.0,1000,1000,16.085,2.0,5,true,1000,0,62.064,40.986,41.975,42.147,4030.264,4030.579,28.309,28.309,2.6,20,20,228,same_worker,33,716376
yjit-off/puma-response-string-10kb/raptor-3r/repeat-3,yjit-off,false,puma-response-string-10kb,puma-response-time-wrk,puma/benchmarks/local/response_time_wrk,https://github.com/puma/puma/blob/main/benchmarks/local/response_time_wrk.rb,raptor-3r,3,raptor,3,,1000,1000,16.127,5.0,1000,1000,16.088,2.0,5,true,1000,0,62.009,40.994,41.965,42.399,4030.987,4034.162,28.336,28.336,2.595,20,20,226,same_worker,33,719369
yjit-off/puma-response-io-10kb/raptor-3r/repeat-3,yjit-off,false,puma-response-io-10kb,puma-response-time-wrk,puma/benchmarks/local/response_time_wrk,https://github.com/puma/puma/blob/main/benchmarks/local/response_time_wrk.rb,raptor-3r,3,raptor,3,,1000,1000,16.136,5.0,1000,1000,16.112,2.0,5,true,1000,0,61.973,40.993,41.973,42.382,4036.544,4038.814,28.582,28.582,2.6,20,20,226,same_worker,34,745673
yjit-off/puma-response-array-100kb/raptor-3r/repeat-3,yjit-off,false,puma-response-array-100kb,puma-response-time-wrk,puma/benchmarks/local/response_time_wrk,https://github.com/puma/puma/blob/main/benchmarks/local/response_time_wrk.rb,raptor-3r,3,raptor,3,,1000,1000,14.213,5.0,1000,1000,13.409,2.0,5,true,1000,0,70.356,40.986,41.985,42.534,3722.521,3767.479,28.641,28.641,2.765,20,20,199,same_worker,33,718393
yjit-off/puma-response-chunk-100kb/raptor-3r/repeat-3,yjit-off,false,puma-response-chunk-100kb,puma-response-time-wrk,puma/benchmarks/local/response_time_wrk,https://github.com/puma/puma/blob/main/benchmarks/local/response_time_wrk.rb,raptor-3r,3,raptor,3,,1000,1000,15.274,5.0,1000,1000,13.361,2.0,5,true,1000,0,65.472,40.981,41.975,42.206,3794.901,3799.616,28.793,28.793,2.95,20,20,214,same_worker,32,715976
yjit-off/puma-response-string-100kb/raptor-3r/repeat-3,yjit-off,false,puma-response-string-100kb,puma-response-time-wrk,puma/benchmarks/local/response_time_wrk,https://github.com/puma/puma/blob/main/benchmarks/local/response_time_wrk.rb,raptor-3r,3,raptor,3,,11418,1000,5.002,5.0,1000,4683,2.002,2.0,5,true,11418,0,2282.833,1.244,2.088,7.665,129.852,138.005,29.285,29.285,4.265,20,20,67,same_worker,383,8211626
yjit-off/puma-response-io-100kb/raptor-3r/repeat-3,yjit-off,false,puma-response-io-100kb,puma-response-time-wrk,puma/benchmarks/local/response_time_wrk,https://github.com/puma/puma/blob/main/benchmarks/local/response_time_wrk.rb,raptor-3r,3,raptor,3,,1000,1000,14.15,5.0,1000,1000,12.84,2.0,5,true,1000,0,70.669,41.212,42.261,43.151,3479.935,3608.168,33.305,33.305,5.04,20,20,197,same_worker,45,925422
yjit-off/puma-response-array-256kb/raptor-3r/repeat-3,yjit-off,false,puma-response-array-256kb,puma-response-time-wrk,puma/benchmarks/local/response_time_wrk,https://github.com/puma/puma/blob/main/benchmarks/local/response_time_wrk.rb,raptor-3r,3,raptor,3,,1000,1000,13.499,5.0,1000,1000,13.144,2.0,5,true,1000,0,74.081,41.932,42.7,43.335,3506.547,3670.086,33.305,33.305,5.245,20,20,188,same_worker,34,718209
yjit-off/puma-response-chunk-256kb/raptor-3r/repeat-3,yjit-off,false,puma-response-chunk-256kb,puma-response-time-wrk,puma/benchmarks/local/response_time_wrk,https://github.com/puma/puma/blob/main/benchmarks/local/response_time_wrk.rb,raptor-3r,3,raptor,3,,1000,1000,14.989,5.0,1000,1000,13.364,2.0,5,true,1000,0,66.718,41.944,42.545,43.358,3750.931,3791.131,33.305,33.305,5.42,20,20,210,same_worker,34,715112
yjit-off/puma-response-string-256kb/raptor-3r/repeat-3,yjit-off,false,puma-response-string-256kb,puma-response-time-wrk,puma/benchmarks/local/response_time_wrk,https://github.com/puma/puma/blob/main/benchmarks/local/response_time_wrk.rb,raptor-3r,3,raptor,3,,8887,1000,5.003,5.0,1000,3682,2.002,2.0,5,true,8887,0,1776.193,1.538,2.593,44.166,153.49,203.745,33.508,33.508,6.25,20,20,66,same_worker,308,6390669
yjit-off/puma-response-io-256kb/raptor-3r/repeat-3,yjit-off,false,puma-response-io-256kb,puma-response-time-wrk,puma/benchmarks/local/response_time_wrk,https://github.com/puma/puma/blob/main/benchmarks/local/response_time_wrk.rb,raptor-3r,3,raptor,3,,1000,1000,14.219,5.0,1000,1000,14.273,2.0,5,true,1000,0,70.328,41.958,42.922,43.779,3769.08,3842.255,38.203,37.625,6.865,20,20,198,same_worker,66,1237113
yjit-off/puma-response-array-512kb/raptor-3r/repeat-3,yjit-off,false,puma-response-array-512kb,puma-response-time-wrk,puma/benchmarks/local/response_time_wrk,https://github.com/puma/puma/blob/main/benchmarks/local/response_time_wrk.rb,raptor-3r,3,raptor,3,,1000,1000,15.228,5.0,1000,1000,14.495,2.0,5,true,1000,0,65.668,42.038,43.257,44.132,3850.126,3892.17,37.625,37.625,7.175,20,20,212,same_worker,35,717853
yjit-off/puma-response-chunk-512kb/raptor-3r/repeat-3,yjit-off,false,puma-response-chunk-512kb,puma-response-time-wrk,puma/benchmarks/local/response_time_wrk,https://github.com/puma/puma/blob/main/benchmarks/local/response_time_wrk.rb,raptor-3r,3,raptor,3,,1000,1000,13.344,5.0,1000,1000,14.996,2.0,5,true,1000,0,74.942,42.055,43.337,44.523,3061.217,3400.08,37.625,37.625,7.52,20,20,186,same_worker,35,716662
yjit-off/puma-response-string-512kb/raptor-3r/repeat-3,yjit-off,false,puma-response-string-512kb,puma-response-time-wrk,puma/benchmarks/local/response_time_wrk,https://github.com/puma/puma/blob/main/benchmarks/local/response_time_wrk.rb,raptor-3r,3,raptor,3,,6437,1000,5.003,5.0,1000,2812,2.003,2.0,5,true,6437,0,1286.563,2.085,3.542,17.145,226.838,252.719,38.844,38.844,8.06,20,20,65,same_worker,230,4631421
yjit-off/puma-response-io-512kb/raptor-3r/repeat-3,yjit-off,false,puma-response-io-512kb,puma-response-time-wrk,puma/benchmarks/local/response_time_wrk,https://github.com/puma/puma/blob/main/benchmarks/local/response_time_wrk.rb,raptor-3r,3,raptor,3,,1000,1000,15.231,5.0,1000,1000,15.633,2.0,5,true,1000,0,65.655,42.954,44.016,44.948,3784.313,3819.717,44.738,44.738,8.64,20,20,212,same_worker,101,1749073
yjit-off/puma-response-array-1024kb/raptor-3r/repeat-3,yjit-off,false,puma-response-array-1024kb,puma-response-time-wrk,puma/benchmarks/local/response_time_wrk,https://github.com/puma/puma/blob/main/benchmarks/local/response_time_wrk.rb,raptor-3r,3,raptor,3,,1000,1000,14.323,5.0,1000,1000,15.728,2.0,5,true,1000,0,69.818,43.888,45.185,46.775,3364.419,3666.968,44.738,44.738,9.28,20,20,199,same_worker,36,717866
yjit-off/puma-response-chunk-1024kb/raptor-3r/repeat-3,yjit-off,false,puma-response-chunk-1024kb,puma-response-time-wrk,puma/benchmarks/local/response_time_wrk,https://github.com/puma/puma/blob/main/benchmarks/local/response_time_wrk.rb,raptor-3r,3,raptor,3,,1000,1000,15.846,5.0,1000,1000,15.589,2.0,5,true,1000,0,63.106,43.938,45.091,47.043,3889.253,3895.362,44.738,44.738,9.885,20,20,220,same_worker,36,715053
yjit-off/puma-response-string-1024kb/raptor-3r/repeat-3,yjit-off,false,puma-response-string-1024kb,puma-response-time-wrk,puma/benchmarks/local/response_time_wrk,https://github.com/puma/puma/blob/main/benchmarks/local/response_time_wrk.rb,raptor-3r,3,raptor,3,,4235,1000,5.005,5.0,1000,1863,2.004,2.0,5,true,4235,0,846.136,3.214,5.876,17.992,364.499,398.755,47.738,47.738,10.285,20,20,62,same_worker,155,3044480
yjit-off/puma-response-io-1024kb/raptor-3r/repeat-3,yjit-off,false,puma-response-io-1024kb,puma-response-time-wrk,puma/benchmarks/local/response_time_wrk,https://github.com/puma/puma/blob/main/benchmarks/local/response_time_wrk.rb,raptor-3r,3,raptor,3,,1000,1000,16.317,5.0,1000,1000,17.049,2.0,5,true,1000,0,61.287,44.925,46.439,48.889,4122.834,4140.7,51.535,51.535,11.085,20,20,226,same_worker,158,2773293
yjit-off/puma-response-array-2048kb/raptor-3r/repeat-3,yjit-off,false,puma-response-array-2048kb,puma-response-time-wrk,puma/benchmarks/local/response_time_wrk,https://github.com/puma/puma/blob/main/benchmarks/local/response_time_wrk.rb,raptor-3r,3,raptor,3,,1000,1000,15.769,5.0,1000,1000,17.06,2.0,5,true,1000,0,63.417,46.884,48.814,50.992,3723.196,3948.942,49.309,49.309,12.25,20,20,218,same_worker,32,718066
yjit-off/puma-response-chunk-2048kb/raptor-3r/repeat-3,yjit-off,false,puma-response-chunk-2048kb,puma-response-time-wrk,puma/benchmarks/local/response_time_wrk,https://github.com/puma/puma/blob/main/benchmarks/local/response_time_wrk.rb,raptor-3r,3,raptor,3,,1000,1000,16.318,5.0,1000,1000,17.157,2.0,5,true,1000,0,61.281,46.929,48.834,50.84,4035.486,4116.264,49.309,49.309,13.385,20,20,226,same_worker,32,716359
yjit-off/puma-response-string-2048kb/raptor-3r/repeat-3,yjit-off,false,puma-response-string-2048kb,puma-response-time-wrk,puma/benchmarks/local/response_time_wrk,https://github.com/puma/puma/blob/main/benchmarks/local/response_time_wrk.rb,raptor-3r,3,raptor,3,,2755,1000,5.008,5.0,1000,1170,2.04,2.0,5,true,2755,0,550.114,5.338,7.412,14.445,536.976,581.958,55.32,55.32,13.785,20,20,60,same_worker,91,1982768
yjit-off/puma-response-io-2048kb/raptor-3r/repeat-3,yjit-off,false,puma-response-io-2048kb,puma-response-time-wrk,puma/benchmarks/local/response_time_wrk,https://github.com/puma/puma/blob/main/benchmarks/local/response_time_wrk.rb,raptor-3r,3,raptor,3,,1000,1000,17.561,5.0,1000,1000,17.995,2.0,5,true,1000,0,56.945,48.001,51.17,59.365,4383.649,4402.568,83.461,83.461,14.99,20,20,243,same_worker,138,4822420
yjit-off/puma-long-tail-fib-200ms-x6p0/raptor-3r/repeat-3,yjit-off,false,puma-long-tail-fib-200ms-x6p0,puma-long-tail-hey,puma/benchmarks/local/long_tail_hey + test/rackup/sleep_fibonacci,https://github.com/puma/puma/blob/main/benchmarks/local/long_tail_hey.rb,raptor-3r,3,raptor,3,,363,360,29.005,5.0,360,360,28.78,2.0,18,true,363,0,12.515,241.775,244.196,19608.803,24402.189,24402.754,83.781,83.781,24.015,20,20,395,same_worker,1,64173
yjit-off/puma-long-tail-fib-200ms-x4p0/raptor-3r/repeat-3,yjit-off,false,puma-long-tail-fib-200ms-x4p0,puma-long-tail-hey,puma/benchmarks/local/long_tail_hey + test/rackup/sleep_fibonacci,https://github.com/puma/puma/blob/main/benchmarks/local/long_tail_hey.rb,raptor-3r,3,raptor,3,,243,240,19.432,5.0,240,240,19.19,2.0,12,true,243,0,12.505,241.905,243.342,12812.386,14825.842,14825.854,83.82,83.82,31.915,20,20,264,same_worker,1,41700
yjit-off/puma-long-tail-fib-200ms-x3p0/raptor-3r/repeat-3,yjit-off,false,puma-long-tail-fib-200ms-x3p0,puma-long-tail-hey,puma/benchmarks/local/long_tail_hey + test/rackup/sleep_fibonacci,https://github.com/puma/puma/blob/main/benchmarks/local/long_tail_hey.rb,raptor-3r,3,raptor,3,,183,180,14.633,5.0,180,180,14.391,2.0,9,true,183,0,12.506,241.93,242.985,10028.539,10029.385,10029.495,83.828,83.828,37.135,20,20,199,same_worker,1,34071
yjit-off/puma-long-tail-fib-200ms-x2p0/raptor-3r/repeat-3,yjit-off,false,puma-long-tail-fib-200ms-x2p0,puma-long-tail-hey,puma/benchmarks/local/long_tail_hey + test/rackup/sleep_fibonacci,https://github.com/puma/puma/blob/main/benchmarks/local/long_tail_hey.rb,raptor-3r,3,raptor,3,,123,120,9.836,5.0,120,120,9.593,2.0,6,true,123,0,12.505,241.917,242.581,5236.029,5236.367,5236.398,83.836,83.836,40.53,20,20,134,same_worker,0,20343
yjit-off/puma-long-tail-fib-200ms-x1p5/raptor-3r/repeat-3,yjit-off,false,puma-long-tail-fib-200ms-x1p5,puma-long-tail-hey,puma/benchmarks/local/long_tail_hey + test/rackup/sleep_fibonacci,https://github.com/puma/puma/blob/main/benchmarks/local/long_tail_hey.rb,raptor-3r,3,raptor,3,,103,100,9.838,5.0,100,100,9.594,2.0,5,true,103,0,10.47,241.902,242.61,5138.393,5239.223,5239.328,83.84,83.84,43.045,20,20,135,same_worker,1,19617
yjit-off/puma-long-tail-fib-200ms-x1p0/raptor-3r/repeat-3,yjit-off,false,puma-long-tail-fib-200ms-x1p0,puma-long-tail-hey,puma/benchmarks/local/long_tail_hey + test/rackup/sleep_fibonacci,https://github.com/puma/puma/blob/main/benchmarks/local/long_tail_hey.rb,raptor-3r,3,raptor,3,,63,60,5.039,5.0,60,60,4.798,2.0,3,true,63,0,12.502,241.703,242.558,242.848,242.871,242.873,83.844,83.844,44.595,20,20,70,same_worker,0,10519
yjit-off/puma-long-tail-fib-200ms-x0p5/raptor-3r/repeat-3,yjit-off,false,puma-long-tail-fib-200ms-x0p5,puma-long-tail-hey,puma/benchmarks/local/long_tail_hey + test/rackup/sleep_fibonacci,https://github.com/puma/puma/blob/main/benchmarks/local/long_tail_hey.rb,raptor-3r,3,raptor,3,,42,40,5.033,5.0,40,40,4.797,2.0,2,true,42,0,8.345,241.607,242.222,242.238,242.242,242.242,83.844,83.844,45.52,20,20,70,same_worker,0,8014
yjit-off/puma-sleep-fibonacci-1ms/raptor-3r/repeat-3,yjit-off,false,puma-sleep-fibonacci-1ms,puma-sleep-fibonacci-test,puma/benchmarks/local/sleep_fibonacci_test + test/rackup/sleep_fibonacci,https://github.com/puma/puma/blob/main/benchmarks/local/sleep_fibonacci_test.rb,raptor-3r,3,raptor,3,,122,10,5.007,5.0,10,49,2.018,2.0,1,true,122,0,24.368,41.962,42.067,42.957,42.97,42.972,83.844,83.844,45.5,20,20,71,same_worker,0,21673
yjit-off/puma-sleep-fibonacci-5ms/raptor-3r/repeat-3,yjit-off,false,puma-sleep-fibonacci-5ms,puma-sleep-fibonacci-test,puma/benchmarks/local/sleep_fibonacci_test + test/rackup/sleep_fibonacci,https://github.com/puma/puma/blob/main/benchmarks/local/sleep_fibonacci_test.rb,raptor-3r,3,raptor,3,,109,10,5.006,5.0,10,45,2.02,2.0,1,true,109,0,21.772,46.958,47.712,47.95,47.973,47.976,83.844,83.844,45.21,20,20,71,same_worker,1,19762
yjit-off/puma-sleep-fibonacci-10ms/raptor-3r/repeat-3,yjit-off,false,puma-sleep-fibonacci-10ms,puma-sleep-fibonacci-test,puma/benchmarks/local/sleep_fibonacci_test + test/rackup/sleep_fibonacci,https://github.com/puma/puma/blob/main/benchmarks/local/sleep_fibonacci_test.rb,raptor-3r,3,raptor,3,,98,10,5.029,5.0,10,40,2.039,2.0,1,true,98,0,19.488,51.918,52.03,52.95,52.971,52.973,83.844,83.844,44.96,20,20,71,same_worker,0,15477
yjit-off/puma-sleep-fibonacci-50ms/raptor-3r/repeat-3,yjit-off,false,puma-sleep-fibonacci-50ms,puma-sleep-fibonacci-test,puma/benchmarks/local/sleep_fibonacci_test + test/rackup/sleep_fibonacci,https://github.com/puma/puma/blob/main/benchmarks/local/sleep_fibonacci_test.rb,raptor-3r,3,raptor,3,,55,10,5.007,5.0,10,23,2.068,2.0,1,true,55,0,10.985,91.931,92.047,92.459,92.876,92.923,83.844,83.844,44.895,20,20,71,same_worker,0,9310
yjit-off/puma-sleep-fibonacci-100ms/raptor-3r/repeat-3,yjit-off,false,puma-sleep-fibonacci-100ms,puma-sleep-fibonacci-test,puma/benchmarks/local/sleep_fibonacci_test + test/rackup/sleep_fibonacci,https://github.com/puma/puma/blob/main/benchmarks/local/sleep_fibonacci_test.rb,raptor-3r,3,raptor,3,,36,10,5.065,5.0,10,15,2.086,2.0,1,true,36,0,7.108,141.944,142.253,142.96,142.968,142.969,83.852,83.852,44.9,20,20,72,same_worker,0,4201
yjit-off/puma-sleep-fibonacci-200ms/raptor-3r/repeat-3,yjit-off,false,puma-sleep-fibonacci-200ms,puma-sleep-fibonacci-test,puma/benchmarks/local/sleep_fibonacci_test + test/rackup/sleep_fibonacci,https://github.com/puma/puma/blob/main/benchmarks/local/sleep_fibonacci_test.rb,raptor-3r,3,raptor,3,,21,10,5.04,5.0,10,10,2.374,2.0,1,true,21,0,4.167,241.94,242.029,242.871,243.061,243.082,83.852,83.852,44.975,20,20,71,same_worker,0,2177
yjit-off/puma-response-array-1kb/puma-1w-3t/repeat-1,yjit-off,false,puma-response-array-1kb,puma-response-time-wrk,puma/benchmarks/local/response_time_wrk,https://github.com/puma/puma/blob/main/benchmarks/local/response_time_wrk.rb,puma-1w-3t,3,puma,1,3,15219,1000,5.001,5.0,1000,6191,2.001,2.0,5,true,15219,0,3043.041,1.568,2.13,2.601,3.612,4.572,65.18,65.18,97.925,20,20,66,multiprocess_sample_only,,
yjit-off/puma-response-chunk-1kb/puma-1w-3t/repeat-1,yjit-off,false,puma-response-chunk-1kb,puma-response-time-wrk,puma/benchmarks/local/response_time_wrk,https://github.com/puma/puma/blob/main/benchmarks/local/response_time_wrk.rb,puma-1w-3t,3,puma,1,3,14806,1000,5.001,5.0,1000,6095,2.001,2.0,5,true,14806,0,2960.643,1.617,2.191,2.663,3.416,5.357,69.473,68.91,93.4,20,20,65,multiprocess_sample_only,,
yjit-off/puma-response-string-1kb/puma-1w-3t/repeat-1,yjit-off,false,puma-response-string-1kb,puma-response-time-wrk,puma/benchmarks/local/response_time_wrk,https://github.com/puma/puma/blob/main/benchmarks/local/response_time_wrk.rb,puma-1w-3t,3,puma,1,3,15170,1000,5.002,5.0,1000,6249,2.001,2.0,5,true,15170,0,3032.963,1.575,2.145,2.597,3.451,4.113,69.234,69.121,92.53,20,20,66,multiprocess_sample_only,,
yjit-off/puma-response-io-1kb/puma-1w-3t/repeat-1,yjit-off,false,puma-response-io-1kb,puma-response-time-wrk,puma/benchmarks/local/response_time_wrk,https://github.com/puma/puma/blob/main/benchmarks/local/response_time_wrk.rb,puma-1w-3t,3,puma,1,3,14926,1000,5.001,5.0,1000,6141,2.001,2.0,5,true,14926,0,2984.328,1.6,2.218,2.671,3.477,4.392,69.426,69.426,93.4,20,20,66,multiprocess_sample_only,,
yjit-off/puma-response-array-10kb/puma-1w-3t/repeat-1,yjit-off,false,puma-response-array-10kb,puma-response-time-wrk,puma/benchmarks/local/response_time_wrk,https://github.com/puma/puma/blob/main/benchmarks/local/response_time_wrk.rb,puma-1w-3t,3,puma,1,3,15015,1000,5.001,5.0,1000,6156,2.001,2.0,5,true,15015,0,3002.197,1.59,2.187,2.627,3.332,4.28,71.559,71.531,93.525,20,20,66,multiprocess_sample_only,,
yjit-off/puma-response-chunk-10kb/puma-1w-3t/repeat-1,yjit-off,false,puma-response-chunk-10kb,puma-response-time-wrk,puma/benchmarks/local/response_time_wrk,https://github.com/puma/puma/blob/main/benchmarks/local/response_time_wrk.rb,puma-1w-3t,3,puma,1,3,13104,1000,5.001,5.0,1000,5369,2.002,2.0,5,true,13104,0,2620.095,1.837,2.473,2.934,3.772,4.329,70.598,70.285,92.76,20,20,65,multiprocess_sample_only,,
yjit-off/puma-response-string-10kb/puma-1w-3t/repeat-1,yjit-off,false,puma-response-string-10kb,puma-response-time-wrk,puma/benchmarks/local/response_time_wrk,https://github.com/puma/puma/blob/main/benchmarks/local/response_time_wrk.rb,puma-1w-3t,3,puma,1,3,14982,1000,5.001,5.0,1000,6152,2.001,2.0,5,true,14982,0,2995.711,1.594,2.179,2.699,3.486,4.704,71.469,71.211,92.38,20,20,66,multiprocess_sample_only,,
yjit-off/puma-response-io-10kb/puma-1w-3t/repeat-1,yjit-off,false,puma-response-io-10kb,puma-response-time-wrk,puma/benchmarks/local/response_time_wrk,https://github.com/puma/puma/blob/main/benchmarks/local/response_time_wrk.rb,puma-1w-3t,3,puma,1,3,14636,1000,5.001,5.0,1000,6050,2.001,2.0,5,true,14636,0,2926.485,1.624,2.288,2.897,4.024,4.809,72.273,71.977,92.905,20,20,66,multiprocess_sample_only,,
yjit-off/puma-response-array-100kb/puma-1w-3t/repeat-1,yjit-off,false,puma-response-array-100kb,puma-response-time-wrk,puma/benchmarks/local/response_time_wrk,https://github.com/puma/puma/blob/main/benchmarks/local/response_time_wrk.rb,puma-1w-3t,3,puma,1,3,12218,1000,5.001,5.0,1000,4964,2.001,2.0,5,true,12218,0,2442.939,1.98,2.583,3.14,4.181,4.635,84.688,83.227,92.955,20,20,65,multiprocess_sample_only,,
yjit-off/puma-response-chunk-100kb/puma-1w-3t/repeat-1,yjit-off,false,puma-response-chunk-100kb,puma-response-time-wrk,puma/benchmarks/local/response_time_wrk,https://github.com/puma/puma/blob/main/benchmarks/local/response_time_wrk.rb,puma-1w-3t,3,puma,1,3,6270,1000,5.003,5.0,1000,2579,2.003,2.0,5,true,6270,0,1253.226,3.936,4.83,5.531,7.313,8.133,77.363,76.699,92.39,20,20,62,multiprocess_sample_only,,
yjit-off/puma-response-string-100kb/puma-1w-3t/repeat-1,yjit-off,false,puma-response-string-100kb,puma-response-time-wrk,puma/benchmarks/local/response_time_wrk,https://github.com/puma/puma/blob/main/benchmarks/local/response_time_wrk.rb,puma-1w-3t,3,puma,1,3,12151,1000,5.002,5.0,1000,4978,2.001,2.0,5,true,12151,0,2429.455,1.997,2.511,2.903,4.15,4.75,94.984,94.301,91.59,20,20,65,multiprocess_sample_only,,
yjit-off/puma-response-io-100kb/puma-1w-3t/repeat-1,yjit-off,false,puma-response-io-100kb,puma-response-time-wrk,puma/benchmarks/local/response_time_wrk,https://github.com/puma/puma/blob/main/benchmarks/local/response_time_wrk.rb,puma-1w-3t,3,puma,1,3,12246,1000,5.013,5.0,1000,4977,2.03,2.0,5,true,12246,0,2442.944,1.542,2.325,40.966,42.545,43.228,73.387,73.324,91.005,20,20,66,multiprocess_sample_only,,
yjit-off/puma-response-array-256kb/puma-1w-3t/repeat-1,yjit-off,false,puma-response-array-256kb,puma-response-time-wrk,puma/benchmarks/local/response_time_wrk,https://github.com/puma/puma/blob/main/benchmarks/local/response_time_wrk.rb,puma-1w-3t,3,puma,1,3,9219,1000,5.002,5.0,1000,3707,2.003,2.0,5,true,9219,0,1843.098,2.49,3.752,6.377,12.994,13.991,108.746,105.508,90.645,20,20,64,multiprocess_sample_only,,
yjit-off/puma-response-chunk-256kb/puma-1w-3t/repeat-1,yjit-off,false,puma-response-chunk-256kb,puma-response-time-wrk,puma/benchmarks/local/response_time_wrk,https://github.com/puma/puma/blob/main/benchmarks/local/response_time_wrk.rb,puma-1w-3t,3,puma,1,3,3453,1000,5.006,5.0,1000,1424,2.005,2.0,5,true,3453,0,689.717,7.261,8.688,9.446,13.489,15.048,86.316,85.355,90.145,20,20,57,multiprocess_sample_only,,
yjit-off/puma-response-string-256kb/puma-1w-3t/repeat-1,yjit-off,false,puma-response-string-256kb,puma-response-time-wrk,puma/benchmarks/local/response_time_wrk,https://github.com/puma/puma/blob/main/benchmarks/local/response_time_wrk.rb,puma-1w-3t,3,puma,1,3,9181,1000,5.002,5.0,1000,3736,2.003,2.0,5,true,9181,0,1835.579,2.529,3.655,6.125,14.183,17.729,84.496,84.059,88.985,20,20,63,multiprocess_sample_only,,
yjit-off/puma-response-io-256kb/puma-1w-3t/repeat-1,yjit-off,false,puma-response-io-256kb,puma-response-time-wrk,puma/benchmarks/local/response_time_wrk,https://github.com/puma/puma/blob/main/benchmarks/local/response_time_wrk.rb,puma-1w-3t,3,puma,1,3,9099,1000,5.003,5.0,1000,3596,2.002,2.0,5,true,9099,0,1818.66,2.51,3.938,6.139,13.04,14.537,86.004,86.004,87.535,20,20,63,multiprocess_sample_only,,
yjit-off/puma-response-array-512kb/puma-1w-3t/repeat-1,yjit-off,false,puma-response-array-512kb,puma-response-time-wrk,puma/benchmarks/local/response_time_wrk,https://github.com/puma/puma/blob/main/benchmarks/local/response_time_wrk.rb,puma-1w-3t,3,puma,1,3,6852,1000,5.002,5.0,1000,2684,2.016,2.0,5,true,6852,0,1369.726,3.341,5.279,13.816,16.014,16.491,141.996,123.371,87.18,20,20,62,multiprocess_sample_only,,
yjit-off/puma-response-chunk-512kb/puma-1w-3t/repeat-1,yjit-off,false,puma-response-chunk-512kb,puma-response-time-wrk,puma/benchmarks/local/response_time_wrk,https://github.com/puma/puma/blob/main/benchmarks/local/response_time_wrk.rb,puma-1w-3t,3,puma,1,3,1982,1000,5.011,5.0,1000,1000,2.495,2.0,5,true,1982,0,395.54,12.672,15.155,16.131,23.036,27.474,93.02,92.52,86.795,20,20,50,multiprocess_sample_only,,
yjit-off/puma-response-string-512kb/puma-1w-3t/repeat-1,yjit-off,false,puma-response-string-512kb,puma-response-time-wrk,puma/benchmarks/local/response_time_wrk,https://github.com/puma/puma/blob/main/benchmarks/local/response_time_wrk.rb,puma-1w-3t,3,puma,1,3,6999,1000,5.003,5.0,1000,2835,2.002,2.0,5,true,6999,0,1398.952,3.263,5.095,14.015,15.891,19.149,87.313,87.313,85.65,20,20,62,multiprocess_sample_only,,
yjit-off/puma-response-io-512kb/puma-1w-3t/repeat-1,yjit-off,false,puma-response-io-512kb,puma-response-time-wrk,puma/benchmarks/local/response_time_wrk,https://github.com/puma/puma/blob/main/benchmarks/local/response_time_wrk.rb,puma-1w-3t,3,puma,1,3,6802,1000,5.003,5.0,1000,2678,2.002,2.0,5,true,6802,0,1359.66,3.289,5.107,14.033,15.681,211.083,87.563,87.563,84.085,20,20,61,multiprocess_sample_only,,
yjit-off/puma-response-array-1024kb/puma-1w-3t/repeat-1,yjit-off,false,puma-response-array-1024kb,puma-response-time-wrk,puma/benchmarks/local/response_time_wrk,https://github.com/puma/puma/blob/main/benchmarks/local/response_time_wrk.rb,puma-1w-3t,3,puma,1,3,4459,1000,5.005,5.0,1000,1765,2.005,2.0,5,true,4459,0,890.923,5.139,8.77,17.693,19.828,21.389,188.184,145.594,83.545,20,20,62,multiprocess_sample_only,,
yjit-off/puma-response-chunk-1024kb/puma-1w-3t/repeat-1,yjit-off,false,puma-response-chunk-1024kb,puma-response-time-wrk,puma/benchmarks/local/response_time_wrk,https://github.com/puma/puma/blob/main/benchmarks/local/response_time_wrk.rb,puma-1w-3t,3,puma,1,3,1044,1000,5.02,5.0,1000,1000,4.391,2.0,5,true,1044,0,207.97,24.139,28.399,30.249,41.423,43.899,98.691,98.676,83.395,20,20,39,multiprocess_sample_only,,
yjit-off/puma-response-string-1024kb/puma-1w-3t/repeat-1,yjit-off,false,puma-response-string-1024kb,puma-response-time-wrk,puma/benchmarks/local/response_time_wrk,https://github.com/puma/puma/blob/main/benchmarks/local/response_time_wrk.rb,puma-1w-3t,3,puma,1,3,4519,1000,5.006,5.0,1000,1801,2.004,2.0,5,true,4519,0,902.758,5.093,7.684,17.627,20.377,22.569,98.301,98.301,82.18,20,20,59,multiprocess_sample_only,,
yjit-off/puma-response-io-1024kb/puma-1w-3t/repeat-1,yjit-off,false,puma-response-io-1024kb,puma-response-time-wrk,puma/benchmarks/local/response_time_wrk,https://github.com/puma/puma/blob/main/benchmarks/local/response_time_wrk.rb,puma-1w-3t,3,puma,1,3,4451,1000,5.005,5.0,1000,1788,2.003,2.0,5,true,4451,0,889.332,5.121,7.58,17.471,20.149,215.307,98.676,98.238,80.38,20,20,59,multiprocess_sample_only,,
yjit-off/puma-response-array-2048kb/puma-1w-3t/repeat-1,yjit-off,false,puma-response-array-2048kb,puma-response-time-wrk,puma/benchmarks/local/response_time_wrk,https://github.com/puma/puma/blob/main/benchmarks/local/response_time_wrk.rb,puma-1w-3t,3,puma,1,3,2539,1000,5.009,5.0,1000,1074,2.007,2.0,5,true,2539,0,506.917,9.768,11.574,12.918,18.191,19.622,100.469,97.34,79.605,20,20,53,multiprocess_sample_only,,
yjit-off/puma-response-chunk-2048kb/puma-1w-3t/repeat-1,yjit-off,false,puma-response-chunk-2048kb,puma-response-time-wrk,puma/benchmarks/local/response_time_wrk,https://github.com/puma/puma/blob/main/benchmarks/local/response_time_wrk.rb,puma-1w-3t,3,puma,1,3,1000,1000,8.649,5.0,1000,1000,8.608,2.0,5,true,1000,0,115.617,42.09,51.56,55.691,72.733,90.705,106.477,103.992,79.395,20,20,50,multiprocess_sample_only,,
yjit-off/puma-response-string-2048kb/puma-1w-3t/repeat-1,yjit-off,false,puma-response-string-2048kb,puma-response-time-wrk,puma/benchmarks/local/response_time_wrk,https://github.com/puma/puma/blob/main/benchmarks/local/response_time_wrk.rb,puma-1w-3t,3,puma,1,3,2810,1000,5.007,5.0,1000,1155,2.008,2.0,5,true,2810,0,561.184,8.739,10.328,11.334,16.649,19.543,100.445,100.445,78.345,20,20,54,multiprocess_sample_only,,
yjit-off/puma-response-io-2048kb/puma-1w-3t/repeat-1,yjit-off,false,puma-response-io-2048kb,puma-response-time-wrk,puma/benchmarks/local/response_time_wrk,https://github.com/puma/puma/blob/main/benchmarks/local/response_time_wrk.rb,puma-1w-3t,3,puma,1,3,2858,1000,5.007,5.0,1000,1212,2.007,2.0,5,true,2858,0,570.773,8.548,10.356,11.432,16.312,17.876,100.449,100.449,76.715,20,20,54,multiprocess_sample_only,,
yjit-off/puma-long-tail-fib-200ms-x6p0/puma-1w-3t/repeat-1,yjit-off,false,puma-long-tail-fib-200ms-x6p0,puma-long-tail-hey,puma/benchmarks/local/long_tail_hey + test/rackup/sleep_fibonacci,https://github.com/puma/puma/blob/main/benchmarks/local/long_tail_hey.rb,puma-1w-3t,3,puma,1,3,360,360,51.006,5.0,360,360,50.994,2.0,18,true,360,0,7.058,2548.345,2622.334,2645.293,2665.73,2668.034,123.398,123.398,82.405,20,20,709,multiprocess_sample_only,,
yjit-off/puma-long-tail-fib-200ms-x4p0/puma-1w-3t/repeat-1,yjit-off,false,puma-long-tail-fib-200ms-x4p0,puma-long-tail-hey,puma/benchmarks/local/long_tail_hey + test/rackup/sleep_fibonacci,https://github.com/puma/puma/blob/main/benchmarks/local/long_tail_hey.rb,puma-1w-3t,3,puma,1,3,240,240,34.003,5.0,240,240,33.985,2.0,12,true,240,0,7.058,1698.304,1750.326,1766.946,1784.985,1785.598,126.426,126.426,86.16,20,20,473,multiprocess_sample_only,,
yjit-off/puma-long-tail-fib-200ms-x3p0/puma-1w-3t/repeat-1,yjit-off,false,puma-long-tail-fib-200ms-x3p0,puma-long-tail-hey,puma/benchmarks/local/long_tail_hey + test/rackup/sleep_fibonacci,https://github.com/puma/puma/blob/main/benchmarks/local/long_tail_hey.rb,puma-1w-3t,3,puma,1,3,180,180,25.504,5.0,180,180,25.484,2.0,9,true,180,0,7.058,1271.549,1321.416,1333.651,1345.252,1346.46,126.742,126.742,88.01,20,20,354,multiprocess_sample_only,,
yjit-off/puma-long-tail-fib-200ms-x2p0/puma-1w-3t/repeat-1,yjit-off,false,puma-long-tail-fib-200ms-x2p0,puma-long-tail-hey,puma/benchmarks/local/long_tail_hey + test/rackup/sleep_fibonacci,https://github.com/puma/puma/blob/main/benchmarks/local/long_tail_hey.rb,puma-1w-3t,3,puma,1,3,120,120,17.001,5.0,120,120,17.018,2.0,6,true,120,0,7.058,849.115,894.043,908.231,921.947,923.495,128.496,128.496,89.01,20,20,237,multiprocess_sample_only,,
yjit-off/puma-long-tail-fib-200ms-x1p5/puma-1w-3t/repeat-1,yjit-off,false,puma-long-tail-fib-200ms-x1p5,puma-long-tail-hey,puma/benchmarks/local/long_tail_hey + test/rackup/sleep_fibonacci,https://github.com/puma/puma/blob/main/benchmarks/local/long_tail_hey.rb,puma-1w-3t,3,puma,1,3,100,100,14.22,5.0,100,100,14.152,2.0,5,true,100,0,7.032,710.036,849.562,865.681,869.031,869.403,128.625,128.625,89.68,20,20,198,multiprocess_sample_only,,
yjit-off/puma-long-tail-fib-200ms-x1p0/puma-1w-3t/repeat-1,yjit-off,false,puma-long-tail-fib-200ms-x1p0,puma-long-tail-hey,puma/benchmarks/local/long_tail_hey + test/rackup/sleep_fibonacci,https://github.com/puma/puma/blob/main/benchmarks/local/long_tail_hey.rb,puma-1w-3t,3,puma,1,3,60,60,8.504,5.0,60,60,8.496,2.0,3,true,60,0,7.056,424.887,441.74,449.173,449.247,449.255,128.688,128.688,90.075,20,20,119,multiprocess_sample_only,,
yjit-off/puma-long-tail-fib-200ms-x0p5/puma-1w-3t/repeat-1,yjit-off,false,puma-long-tail-fib-200ms-x0p5,puma-long-tail-hey,puma/benchmarks/local/long_tail_hey + test/rackup/sleep_fibonacci,https://github.com/puma/puma/blob/main/benchmarks/local/long_tail_hey.rb,puma-1w-3t,3,puma,1,3,40,40,5.663,5.0,40,40,5.666,2.0,2,true,40,0,7.063,282.683,295.518,297.679,298.434,298.518,128.688,128.688,90.32,20,20,80,multiprocess_sample_only,,
yjit-off/puma-sleep-fibonacci-1ms/puma-1w-3t/repeat-1,yjit-off,false,puma-sleep-fibonacci-1ms,puma-sleep-fibonacci-test,puma/benchmarks/local/sleep_fibonacci_test + test/rackup/sleep_fibonacci,https://github.com/puma/puma/blob/main/benchmarks/local/sleep_fibonacci_test.rb,puma-1w-3t,3,puma,1,3,3622,10,5.0,5.0,10,1451,2.001,2.0,1,true,3622,0,724.351,1.351,1.438,1.705,2.274,2.314,145.918,145.918,90.205,20,20,70,multiprocess_sample_only,,
yjit-off/puma-sleep-fibonacci-5ms/puma-1w-3t/repeat-1,yjit-off,false,puma-sleep-fibonacci-5ms,puma-sleep-fibonacci-test,puma/benchmarks/local/sleep_fibonacci_test + test/rackup/sleep_fibonacci,https://github.com/puma/puma/blob/main/benchmarks/local/sleep_fibonacci_test.rb,puma-1w-3t,3,puma,1,3,941,10,5.004,5.0,10,377,2.002,2.0,1,true,941,0,188.052,5.281,5.36,5.668,6.244,6.577,145.984,145.984,89.97,20,20,71,multiprocess_sample_only,,
yjit-off/puma-sleep-fibonacci-10ms/puma-1w-3t/repeat-1,yjit-off,false,puma-sleep-fibonacci-10ms,puma-sleep-fibonacci-test,puma/benchmarks/local/sleep_fibonacci_test + test/rackup/sleep_fibonacci,https://github.com/puma/puma/blob/main/benchmarks/local/sleep_fibonacci_test.rb,puma-1w-3t,3,puma,1,3,484,10,5.009,5.0,10,194,2.01,2.0,1,true,484,0,96.626,10.316,10.39,10.657,11.382,11.496,146.047,146.047,89.745,20,20,71,multiprocess_sample_only,,
yjit-off/puma-sleep-fibonacci-50ms/puma-1w-3t/repeat-1,yjit-off,false,puma-sleep-fibonacci-50ms,puma-sleep-fibonacci-test,puma/benchmarks/local/sleep_fibonacci_test + test/rackup/sleep_fibonacci,https://github.com/puma/puma/blob/main/benchmarks/local/sleep_fibonacci_test.rb,puma-1w-3t,3,puma,1,3,99,10,5.001,5.0,10,40,2.02,2.0,1,true,99,0,19.796,50.45,50.652,50.919,51.161,51.188,146.047,146.047,89.5,20,20,71,multiprocess_sample_only,,
yjit-off/puma-sleep-fibonacci-100ms/puma-1w-3t/repeat-1,yjit-off,false,puma-sleep-fibonacci-100ms,puma-sleep-fibonacci-test,puma/benchmarks/local/sleep_fibonacci_test + test/rackup/sleep_fibonacci,https://github.com/puma/puma/blob/main/benchmarks/local/sleep_fibonacci_test.rb,puma-1w-3t,3,puma,1,3,50,10,5.029,5.0,10,20,2.013,2.0,1,true,50,0,9.942,100.515,100.678,100.714,100.72,100.721,146.047,146.047,89.255,20,20,72,multiprocess_sample_only,,
yjit-off/puma-sleep-fibonacci-200ms/puma-1w-3t/repeat-1,yjit-off,false,puma-sleep-fibonacci-200ms,puma-sleep-fibonacci-test,puma/benchmarks/local/sleep_fibonacci_test + test/rackup/sleep_fibonacci,https://github.com/puma/puma/blob/main/benchmarks/local/sleep_fibonacci_test.rb,puma-1w-3t,3,puma,1,3,25,10,5.016,5.0,10,10,2.007,2.0,1,true,25,0,4.984,200.583,200.664,200.733,200.749,200.751,146.047,146.047,89.02,20,20,71,multiprocess_sample_only,,
yjit-off/puma-response-array-1kb/puma-1w-3t/repeat-2,yjit-off,false,puma-response-array-1kb,puma-response-time-wrk,puma/benchmarks/local/response_time_wrk,https://github.com/puma/puma/blob/main/benchmarks/local/response_time_wrk.rb,puma-1w-3t,3,puma,1,3,15565,1000,5.001,5.0,1000,6195,2.001,2.0,5,true,15565,0,3112.25,1.546,2.012,2.467,3.193,3.912,65.113,65.113,97.37,20,20,66,multiprocess_sample_only,,
yjit-off/puma-response-chunk-1kb/puma-1w-3t/repeat-2,yjit-off,false,puma-response-chunk-1kb,puma-response-time-wrk,puma/benchmarks/local/response_time_wrk,https://github.com/puma/puma/blob/main/benchmarks/local/response_time_wrk.rb,puma-1w-3t,3,puma,1,3,14920,1000,5.001,5.0,1000,6167,2.001,2.0,5,true,14920,0,2983.208,1.61,2.133,2.615,3.55,4.344,70.18,70.172,93.495,20,20,66,multiprocess_sample_only,,
yjit-off/puma-response-string-1kb/puma-1w-3t/repeat-2,yjit-off,false,puma-response-string-1kb,puma-response-time-wrk,puma/benchmarks/local/response_time_wrk,https://github.com/puma/puma/blob/main/benchmarks/local/response_time_wrk.rb,puma-1w-3t,3,puma,1,3,15368,1000,5.001,5.0,1000,6313,2.001,2.0,5,true,15368,0,3073.007,1.563,2.067,2.493,3.337,3.88,70.07,69.91,92.68,20,20,66,multiprocess_sample_only,,
yjit-off/puma-response-io-1kb/puma-1w-3t/repeat-2,yjit-off,false,puma-response-io-1kb,puma-response-time-wrk,puma/benchmarks/local/response_time_wrk,https://github.com/puma/puma/blob/main/benchmarks/local/response_time_wrk.rb,puma-1w-3t,3,puma,1,3,15118,1000,5.001,5.0,1000,6205,2.001,2.0,5,true,15118,0,3022.922,1.587,2.148,2.616,3.451,4.29,70.098,70.098,93.755,20,20,66,multiprocess_sample_only,,
yjit-off/puma-response-array-10kb/puma-1w-3t/repeat-2,yjit-off,false,puma-response-array-10kb,puma-response-time-wrk,puma/benchmarks/local/response_time_wrk,https://github.com/puma/puma/blob/main/benchmarks/local/response_time_wrk.rb,puma-1w-3t,3,puma,1,3,15217,1000,5.001,5.0,1000,6193,2.001,2.0,5,true,15217,0,3042.839,1.574,2.1,2.604,3.498,4.094,72.391,72.121,94.04,20,20,66,multiprocess_sample_only,,
yjit-off/puma-response-chunk-10kb/puma-1w-3t/repeat-2,yjit-off,false,puma-response-chunk-10kb,puma-response-time-wrk,puma/benchmarks/local/response_time_wrk,https://github.com/puma/puma/blob/main/benchmarks/local/response_time_wrk.rb,puma-1w-3t,3,puma,1,3,13346,1000,5.001,5.0,1000,5433,2.001,2.0,5,true,13346,0,2668.525,1.805,2.379,2.851,3.642,4.804,71.566,71.566,93.34,20,20,65,multiprocess_sample_only,,
yjit-off/puma-response-string-10kb/puma-1w-3t/repeat-2,yjit-off,false,puma-response-string-10kb,puma-response-time-wrk,puma/benchmarks/local/response_time_wrk,https://github.com/puma/puma/blob/main/benchmarks/local/response_time_wrk.rb,puma-1w-3t,3,puma,1,3,15148,1000,5.001,5.0,1000,6253,2.001,2.0,5,true,15148,0,3028.744,1.582,2.127,2.56,3.399,4.18,72.633,72.008,92.995,20,20,66,multiprocess_sample_only,,
yjit-off/puma-response-io-10kb/puma-1w-3t/repeat-2,yjit-off,false,puma-response-io-10kb,puma-response-time-wrk,puma/benchmarks/local/response_time_wrk,https://github.com/puma/puma/blob/main/benchmarks/local/response_time_wrk.rb,puma-1w-3t,3,puma,1,3,14861,1000,5.001,5.0,1000,6114,2.001,2.0,5,true,14861,0,2971.626,1.608,2.197,2.779,3.734,4.408,73.207,72.555,93.5,20,20,66,multiprocess_sample_only,,
yjit-off/puma-response-array-100kb/puma-1w-3t/repeat-2,yjit-off,false,puma-response-array-100kb,puma-response-time-wrk,puma/benchmarks/local/response_time_wrk,https://github.com/puma/puma/blob/main/benchmarks/local/response_time_wrk.rb,puma-1w-3t,3,puma,1,3,12246,1000,5.001,5.0,1000,5026,2.002,2.0,5,true,12246,0,2448.506,1.979,2.518,3.052,4.141,5.553,94.68,93.527,93.525,20,20,65,multiprocess_sample_only,,
yjit-off/puma-response-chunk-100kb/puma-1w-3t/repeat-2,yjit-off,false,puma-response-chunk-100kb,puma-response-time-wrk,puma/benchmarks/local/response_time_wrk,https://github.com/puma/puma/blob/main/benchmarks/local/response_time_wrk.rb,puma-1w-3t,3,puma,1,3,6295,1000,5.003,5.0,1000,2613,2.003,2.0,5,true,6295,0,1258.194,3.929,4.813,5.343,7.597,8.264,82.582,82.113,92.62,20,20,62,multiprocess_sample_only,,
yjit-off/puma-response-string-100kb/puma-1w-3t/repeat-2,yjit-off,false,puma-response-string-100kb,puma-response-time-wrk,puma/benchmarks/local/response_time_wrk,https://github.com/puma/puma/blob/main/benchmarks/local/response_time_wrk.rb,puma-1w-3t,3,puma,1,3,12195,1000,5.001,5.0,1000,5067,2.002,2.0,5,true,12195,0,2438.304,1.997,2.5,2.919,4.036,4.908,94.723,93.234,91.77,20,20,65,multiprocess_sample_only,,
yjit-off/puma-response-io-100kb/puma-1w-3t/repeat-2,yjit-off,false,puma-response-io-100kb,puma-response-time-wrk,puma/benchmarks/local/response_time_wrk,https://github.com/puma/puma/blob/main/benchmarks/local/response_time_wrk.rb,puma-1w-3t,3,puma,1,3,12224,1000,5.021,5.0,1000,5041,2.041,2.0,5,true,12224,0,2434.694,1.53,2.276,41.196,42.718,43.321,77.258,76.82,91.215,20,20,66,multiprocess_sample_only,,
yjit-off/puma-response-array-256kb/puma-1w-3t/repeat-2,yjit-off,false,puma-response-array-256kb,puma-response-time-wrk,puma/benchmarks/local/response_time_wrk,https://github.com/puma/puma/blob/main/benchmarks/local/response_time_wrk.rb,puma-1w-3t,3,puma,1,3,9189,1000,5.003,5.0,1000,3755,2.003,2.0,5,true,9189,0,1836.812,2.499,3.783,5.919,13.492,15.364,108.438,102.746,90.91,20,20,64,multiprocess_sample_only,,
yjit-off/puma-response-chunk-256kb/puma-1w-3t/repeat-2,yjit-off,false,puma-response-chunk-256kb,puma-response-time-wrk,puma/benchmarks/local/response_time_wrk,https://github.com/puma/puma/blob/main/benchmarks/local/response_time_wrk.rb,puma-1w-3t,3,puma,1,3,3474,1000,5.006,5.0,1000,1459,2.006,2.0,5,true,3474,0,694.017,7.21,8.67,9.469,13.118,14.819,86.965,86.492,90.375,20,20,57,multiprocess_sample_only,,
yjit-off/puma-response-string-256kb/puma-1w-3t/repeat-2,yjit-off,false,puma-response-string-256kb,puma-response-time-wrk,puma/benchmarks/local/response_time_wrk,https://github.com/puma/puma/blob/main/benchmarks/local/response_time_wrk.rb,puma-1w-3t,3,puma,1,3,9275,1000,5.002,5.0,1000,3772,2.003,2.0,5,true,9275,0,1854.26,2.505,3.493,6.03,14.419,15.909,79.09,79.09,89.11,20,20,64,multiprocess_sample_only,,
yjit-off/puma-response-io-256kb/puma-1w-3t/repeat-2,yjit-off,false,puma-response-io-256kb,puma-response-time-wrk,puma/benchmarks/local/response_time_wrk,https://github.com/puma/puma/blob/main/benchmarks/local/response_time_wrk.rb,puma-1w-3t,3,puma,1,3,8934,1000,5.002,5.0,1000,3757,2.002,2.0,5,true,8934,0,1786.091,2.565,3.774,6.779,14.911,15.418,79.277,78.84,87.775,20,20,63,multiprocess_sample_only,,
yjit-off/puma-response-array-512kb/puma-1w-3t/repeat-2,yjit-off,false,puma-response-array-512kb,puma-response-time-wrk,puma/benchmarks/local/response_time_wrk,https://github.com/puma/puma/blob/main/benchmarks/local/response_time_wrk.rb,puma-1w-3t,3,puma,1,3,7081,1000,5.003,5.0,1000,2729,2.002,2.0,5,true,7081,0,1415.481,3.211,5.07,8.104,16.505,17.859,136.309,123.996,87.495,20,20,63,multiprocess_sample_only,,
yjit-off/puma-response-chunk-512kb/puma-1w-3t/repeat-2,yjit-off,false,puma-response-chunk-512kb,puma-response-time-wrk,puma/benchmarks/local/response_time_wrk,https://github.com/puma/puma/blob/main/benchmarks/local/response_time_wrk.rb,puma-1w-3t,3,puma,1,3,1994,1000,5.015,5.0,1000,1000,2.422,2.0,5,true,1994,0,397.628,12.522,15.244,16.637,23.382,23.834,90.809,89.898,87.115,20,20,50,multiprocess_sample_only,,
yjit-off/puma-response-string-512kb/puma-1w-3t/repeat-2,yjit-off,false,puma-response-string-512kb,puma-response-time-wrk,puma/benchmarks/local/response_time_wrk,https://github.com/puma/puma/blob/main/benchmarks/local/response_time_wrk.rb,puma-1w-3t,3,puma,1,3,6853,1000,5.003,5.0,1000,2823,2.002,2.0,5,true,6853,0,1369.91,3.314,5.204,14.966,17.246,18.055,86.117,86.055,85.955,20,20,61,multiprocess_sample_only,,
yjit-off/puma-response-io-512kb/puma-1w-3t/repeat-2,yjit-off,false,puma-response-io-512kb,puma-response-time-wrk,puma/benchmarks/local/response_time_wrk,https://github.com/puma/puma/blob/main/benchmarks/local/response_time_wrk.rb,puma-1w-3t,3,puma,1,3,6622,1000,5.003,5.0,1000,2725,2.002,2.0,5,true,6622,0,1323.621,3.38,5.465,15.637,18.43,214.98,86.43,86.43,84.415,20,20,61,multiprocess_sample_only,,
yjit-off/puma-response-array-1024kb/puma-1w-3t/repeat-2,yjit-off,false,puma-response-array-1024kb,puma-response-time-wrk,puma/benchmarks/local/response_time_wrk,https://github.com/puma/puma/blob/main/benchmarks/local/response_time_wrk.rb,puma-1w-3t,3,puma,1,3,4185,1000,5.004,5.0,1000,1776,2.004,2.0,5,true,4185,0,836.366,5.604,7.868,19.029,20.943,21.334,141.164,112.355,83.61,20,20,57,multiprocess_sample_only,,
yjit-off/puma-response-chunk-1024kb/puma-1w-3t/repeat-2,yjit-off,false,puma-response-chunk-1024kb,puma-response-time-wrk,puma/benchmarks/local/response_time_wrk,https://github.com/puma/puma/blob/main/benchmarks/local/response_time_wrk.rb,puma-1w-3t,3,puma,1,3,1036,1000,5.023,5.0,1000,1000,4.535,2.0,5,true,1036,0,206.268,24.15,28.513,30.779,43.455,47.766,99.93,99.602,83.215,20,20,40,multiprocess_sample_only,,
yjit-off/puma-response-string-1024kb/puma-1w-3t/repeat-2,yjit-off,false,puma-response-string-1024kb,puma-response-time-wrk,puma/benchmarks/local/response_time_wrk,https://github.com/puma/puma/blob/main/benchmarks/local/response_time_wrk.rb,puma-1w-3t,3,puma,1,3,4371,1000,5.003,5.0,1000,1794,2.02,2.0,5,true,4371,0,873.603,5.323,7.04,19.527,23.427,26.524,98.059,98.059,81.94,20,20,58,multiprocess_sample_only,,
yjit-off/puma-response-io-1024kb/puma-1w-3t/repeat-2,yjit-off,false,puma-response-io-1024kb,puma-response-time-wrk,puma/benchmarks/local/response_time_wrk,https://github.com/puma/puma/blob/main/benchmarks/local/response_time_wrk.rb,puma-1w-3t,3,puma,1,3,4279,1000,5.005,5.0,1000,1848,2.005,2.0,5,true,4279,0,854.888,5.389,7.732,19.438,22.383,24.386,98.375,98.375,80.165,20,20,58,multiprocess_sample_only,,
yjit-off/puma-response-array-2048kb/puma-1w-3t/repeat-2,yjit-off,false,puma-response-array-2048kb,puma-response-time-wrk,puma/benchmarks/local/response_time_wrk,https://github.com/puma/puma/blob/main/benchmarks/local/response_time_wrk.rb,puma-1w-3t,3,puma,1,3,2530,1000,5.008,5.0,1000,1012,2.009,2.0,5,true,2530,0,505.218,9.78,11.635,12.495,17.334,19.999,121.0,100.73,79.565,20,20,53,multiprocess_sample_only,,
yjit-off/puma-response-chunk-2048kb/puma-1w-3t/repeat-2,yjit-off,false,puma-response-chunk-2048kb,puma-response-time-wrk,puma/benchmarks/local/response_time_wrk,https://github.com/puma/puma/blob/main/benchmarks/local/response_time_wrk.rb,puma-1w-3t,3,puma,1,3,1000,1000,9.044,5.0,1000,1000,8.58,2.0,5,true,1000,0,110.572,45.243,52.378,56.268,64.949,80.906,107.508,105.016,79.435,20,20,51,multiprocess_sample_only,,
yjit-off/puma-response-string-2048kb/puma-1w-3t/repeat-2,yjit-off,false,puma-response-string-2048kb,puma-response-time-wrk,puma/benchmarks/local/response_time_wrk,https://github.com/puma/puma/blob/main/benchmarks/local/response_time_wrk.rb,puma-1w-3t,3,puma,1,3,2783,1000,5.009,5.0,1000,1112,2.007,2.0,5,true,2783,0,555.62,8.839,10.451,11.592,16.173,16.849,109.082,109.082,78.235,20,20,54,multiprocess_sample_only,,
yjit-off/puma-response-io-2048kb/puma-1w-3t/repeat-2,yjit-off,false,puma-response-io-2048kb,puma-response-time-wrk,puma/benchmarks/local/response_time_wrk,https://github.com/puma/puma/blob/main/benchmarks/local/response_time_wrk.rb,puma-1w-3t,3,puma,1,3,2784,1000,5.009,5.0,1000,1127,2.007,2.0,5,true,2784,0,555.85,8.785,10.612,11.799,16.209,19.103,109.707,109.707,76.625,20,20,54,multiprocess_sample_only,,
yjit-off/puma-long-tail-fib-200ms-x6p0/puma-1w-3t/repeat-2,yjit-off,false,puma-long-tail-fib-200ms-x6p0,puma-long-tail-hey,puma/benchmarks/local/long_tail_hey + test/rackup/sleep_fibonacci,https://github.com/puma/puma/blob/main/benchmarks/local/long_tail_hey.rb,puma-1w-3t,3,puma,1,3,360,360,51.017,5.0,360,360,51.013,2.0,18,true,360,0,7.057,2545.069,2632.757,2650.669,2658.321,2659.429,125.328,125.328,82.405,20,20,704,multiprocess_sample_only,,
yjit-off/puma-long-tail-fib-200ms-x4p0/puma-1w-3t/repeat-2,yjit-off,false,puma-long-tail-fib-200ms-x4p0,puma-long-tail-hey,puma/benchmarks/local/long_tail_hey + test/rackup/sleep_fibonacci,https://github.com/puma/puma/blob/main/benchmarks/local/long_tail_hey.rb,puma-1w-3t,3,puma,1,3,240,240,34.007,5.0,240,240,34.001,2.0,12,true,240,0,7.057,1692.809,1770.122,1794.842,1797.705,1798.179,131.902,131.902,86.145,20,20,472,multiprocess_sample_only,,
yjit-off/puma-long-tail-fib-200ms-x3p0/puma-1w-3t/repeat-2,yjit-off,false,puma-long-tail-fib-200ms-x3p0,puma-long-tail-hey,puma/benchmarks/local/long_tail_hey + test/rackup/sleep_fibonacci,https://github.com/puma/puma/blob/main/benchmarks/local/long_tail_hey.rb,puma-1w-3t,3,puma,1,3,180,180,25.516,5.0,180,180,25.487,2.0,9,true,180,0,7.054,1267.04,1336.055,1351.678,1359.013,1360.05,132.027,132.027,87.975,20,20,352,multiprocess_sample_only,,
yjit-off/puma-long-tail-fib-200ms-x2p0/puma-1w-3t/repeat-2,yjit-off,false,puma-long-tail-fib-200ms-x2p0,puma-long-tail-hey,puma/benchmarks/local/long_tail_hey + test/rackup/sleep_fibonacci,https://github.com/puma/puma/blob/main/benchmarks/local/long_tail_hey.rb,puma-1w-3t,3,puma,1,3,120,120,17.004,5.0,120,120,17.009,2.0,6,true,120,0,7.057,844.614,891.794,900.016,900.991,901.09,132.16,132.16,89.0,20,20,237,multiprocess_sample_only,,
yjit-off/puma-long-tail-fib-200ms-x1p5/puma-1w-3t/repeat-2,yjit-off,false,puma-long-tail-fib-200ms-x1p5,puma-long-tail-hey,puma/benchmarks/local/long_tail_hey + test/rackup/sleep_fibonacci,https://github.com/puma/puma/blob/main/benchmarks/local/long_tail_hey.rb,puma-1w-3t,3,puma,1,3,100,100,14.164,5.0,100,100,14.149,2.0,5,true,100,0,7.06,708.024,842.402,862.098,869.539,870.366,132.168,132.168,89.665,20,20,197,multiprocess_sample_only,,
yjit-off/puma-long-tail-fib-200ms-x1p0/puma-1w-3t/repeat-2,yjit-off,false,puma-long-tail-fib-200ms-x1p0,puma-long-tail-hey,puma/benchmarks/local/long_tail_hey + test/rackup/sleep_fibonacci,https://github.com/puma/puma/blob/main/benchmarks/local/long_tail_hey.rb,puma-1w-3t,3,puma,1,3,60,60,8.502,5.0,60,60,8.498,2.0,3,true,60,0,7.057,422.964,444.465,455.551,460.178,460.692,132.168,132.168,90.06,20,20,119,multiprocess_sample_only,,
yjit-off/puma-long-tail-fib-200ms-x0p5/puma-1w-3t/repeat-2,yjit-off,false,puma-long-tail-fib-200ms-x0p5,puma-long-tail-hey,puma/benchmarks/local/long_tail_hey + test/rackup/sleep_fibonacci,https://github.com/puma/puma/blob/main/benchmarks/local/long_tail_hey.rb,puma-1w-3t,3,puma,1,3,40,40,5.669,5.0,40,40,5.66,2.0,2,true,40,0,7.056,282.297,295.775,296.517,296.834,296.869,132.168,132.168,90.305,20,20,80,multiprocess_sample_only,,
yjit-off/puma-sleep-fibonacci-1ms/puma-1w-3t/repeat-2,yjit-off,false,puma-sleep-fibonacci-1ms,puma-sleep-fibonacci-test,puma/benchmarks/local/sleep_fibonacci_test + test/rackup/sleep_fibonacci,https://github.com/puma/puma/blob/main/benchmarks/local/sleep_fibonacci_test.rb,puma-1w-3t,3,puma,1,3,3596,10,5.001,5.0,10,1444,2.001,2.0,1,true,3596,0,719.094,1.357,1.466,1.69,2.182,2.241,132.918,132.918,90.195,20,20,70,multiprocess_sample_only,,
yjit-off/puma-sleep-fibonacci-5ms/puma-1w-3t/repeat-2,yjit-off,false,puma-sleep-fibonacci-5ms,puma-sleep-fibonacci-test,puma/benchmarks/local/sleep_fibonacci_test + test/rackup/sleep_fibonacci,https://github.com/puma/puma/blob/main/benchmarks/local/sleep_fibonacci_test.rb,puma-1w-3t,3,puma,1,3,937,10,5.002,5.0,10,375,2.005,2.0,1,true,937,0,187.309,5.294,5.488,5.68,6.433,6.456,132.98,132.98,89.96,20,20,70,multiprocess_sample_only,,
yjit-off/puma-sleep-fibonacci-10ms/puma-1w-3t/repeat-2,yjit-off,false,puma-sleep-fibonacci-10ms,puma-sleep-fibonacci-test,puma/benchmarks/local/sleep_fibonacci_test + test/rackup/sleep_fibonacci,https://github.com/puma/puma/blob/main/benchmarks/local/sleep_fibonacci_test.rb,puma-1w-3t,3,puma,1,3,480,10,5.007,5.0,10,192,2.008,2.0,1,true,480,0,95.874,10.379,10.557,10.914,11.556,11.752,132.98,132.98,89.74,20,20,70,multiprocess_sample_only,,
yjit-off/puma-sleep-fibonacci-50ms/puma-1w-3t/repeat-2,yjit-off,false,puma-sleep-fibonacci-50ms,puma-sleep-fibonacci-test,puma/benchmarks/local/sleep_fibonacci_test + test/rackup/sleep_fibonacci,https://github.com/puma/puma/blob/main/benchmarks/local/sleep_fibonacci_test.rb,puma-1w-3t,3,puma,1,3,99,10,5.016,5.0,10,40,2.028,2.0,1,true,99,0,19.735,50.622,50.712,50.86,50.886,50.888,132.984,132.984,89.5,20,20,71,multiprocess_sample_only,,
yjit-off/puma-sleep-fibonacci-100ms/puma-1w-3t/repeat-2,yjit-off,false,puma-sleep-fibonacci-100ms,puma-sleep-fibonacci-test,puma/benchmarks/local/sleep_fibonacci_test + test/rackup/sleep_fibonacci,https://github.com/puma/puma/blob/main/benchmarks/local/sleep_fibonacci_test.rb,puma-1w-3t,3,puma,1,3,50,10,5.035,5.0,10,20,2.014,2.0,1,true,50,0,9.93,100.632,100.687,100.762,100.811,100.817,132.984,132.984,89.255,20,20,71,multiprocess_sample_only,,
yjit-off/puma-sleep-fibonacci-200ms/puma-1w-3t/repeat-2,yjit-off,false,puma-sleep-fibonacci-200ms,puma-sleep-fibonacci-test,puma/benchmarks/local/sleep_fibonacci_test + test/rackup/sleep_fibonacci,https://github.com/puma/puma/blob/main/benchmarks/local/sleep_fibonacci_test.rb,puma-1w-3t,3,puma,1,3,25,10,5.018,5.0,10,10,2.008,2.0,1,true,25,0,4.982,200.618,200.691,200.702,200.705,200.705,132.984,132.984,89.02,20,20,71,multiprocess_sample_only,,
yjit-off/puma-response-array-1kb/puma-1w-3t/repeat-3,yjit-off,false,puma-response-array-1kb,puma-response-time-wrk,puma/benchmarks/local/response_time_wrk,https://github.com/puma/puma/blob/main/benchmarks/local/response_time_wrk.rb,puma-1w-3t,3,puma,1,3,15142,1000,5.001,5.0,1000,6140,2.001,2.0,5,true,15142,0,3027.767,1.58,2.143,2.613,3.507,4.597,65.227,65.227,96.285,20,20,65,multiprocess_sample_only,,
yjit-off/puma-response-chunk-1kb/puma-1w-3t/repeat-3,yjit-off,false,puma-response-chunk-1kb,puma-response-time-wrk,puma/benchmarks/local/response_time_wrk,https://github.com/puma/puma/blob/main/benchmarks/local/response_time_wrk.rb,puma-1w-3t,3,puma,1,3,14759,1000,5.001,5.0,1000,6084,2.002,2.0,5,true,14759,0,2951.131,1.626,2.168,2.644,3.499,4.979,65.438,65.438,92.73,20,20,65,multiprocess_sample_only,,
yjit-off/puma-response-string-1kb/puma-1w-3t/repeat-3,yjit-off,false,puma-response-string-1kb,puma-response-time-wrk,puma/benchmarks/local/response_time_wrk,https://github.com/puma/puma/blob/main/benchmarks/local/response_time_wrk.rb,puma-1w-3t,3,puma,1,3,15147,1000,5.001,5.0,1000,6207,2.001,2.0,5,true,15147,0,3028.749,1.581,2.126,2.58,3.437,4.304,65.563,65.563,92.095,20,20,65,multiprocess_sample_only,,
yjit-off/puma-response-io-1kb/puma-1w-3t/repeat-3,yjit-off,false,puma-response-io-1kb,puma-response-time-wrk,puma/benchmarks/local/response_time_wrk,https://github.com/puma/puma/blob/main/benchmarks/local/response_time_wrk.rb,puma-1w-3t,3,puma,1,3,14876,1000,5.001,5.0,1000,6133,2.001,2.0,5,true,14876,0,2974.337,1.608,2.241,2.717,3.591,4.438,65.84,65.84,93.465,20,20,66,multiprocess_sample_only,,
yjit-off/puma-response-array-10kb/puma-1w-3t/repeat-3,yjit-off,false,puma-response-array-10kb,puma-response-time-wrk,puma/benchmarks/local/response_time_wrk,https://github.com/puma/puma/blob/main/benchmarks/local/response_time_wrk.rb,puma-1w-3t,3,puma,1,3,15015,1000,5.001,5.0,1000,6150,2.001,2.0,5,true,15015,0,3002.17,1.591,2.187,2.675,3.441,4.32,67.305,67.113,93.7,20,20,65,multiprocess_sample_only,,
yjit-off/puma-response-chunk-10kb/puma-1w-3t/repeat-3,yjit-off,false,puma-response-chunk-10kb,puma-response-time-wrk,puma/benchmarks/local/response_time_wrk,https://github.com/puma/puma/blob/main/benchmarks/local/response_time_wrk.rb,puma-1w-3t,3,puma,1,3,13087,1000,5.001,5.0,1000,5346,2.001,2.0,5,true,13087,0,2616.623,1.836,2.457,3.019,3.824,4.857,67.566,67.566,93.165,20,20,65,multiprocess_sample_only,,
yjit-off/puma-response-string-10kb/puma-1w-3t/repeat-3,yjit-off,false,puma-response-string-10kb,puma-response-time-wrk,puma/benchmarks/local/response_time_wrk,https://github.com/puma/puma/blob/main/benchmarks/local/response_time_wrk.rb,puma-1w-3t,3,puma,1,3,14985,1000,5.001,5.0,1000,6136,2.001,2.0,5,true,14985,0,2996.241,1.596,2.193,2.651,3.548,4.546,67.863,67.863,92.79,20,20,65,multiprocess_sample_only,,
yjit-off/puma-response-io-10kb/puma-1w-3t/repeat-3,yjit-off,false,puma-response-io-10kb,puma-response-time-wrk,puma/benchmarks/local/response_time_wrk,https://github.com/puma/puma/blob/main/benchmarks/local/response_time_wrk.rb,puma-1w-3t,3,puma,1,3,14642,1000,5.002,5.0,1000,6030,2.002,2.0,5,true,14642,0,2927.21,1.629,2.297,2.828,3.714,4.852,68.828,68.512,93.38,20,20,66,multiprocess_sample_only,,
yjit-off/puma-response-array-100kb/puma-1w-3t/repeat-3,yjit-off,false,puma-response-array-100kb,puma-response-time-wrk,puma/benchmarks/local/response_time_wrk,https://github.com/puma/puma/blob/main/benchmarks/local/response_time_wrk.rb,puma-1w-3t,3,puma,1,3,12116,1000,5.002,5.0,1000,4996,2.002,2.0,5,true,12116,0,2422.283,1.998,2.618,3.148,4.181,4.914,75.645,75.234,93.515,20,20,65,multiprocess_sample_only,,
yjit-off/puma-response-chunk-100kb/puma-1w-3t/repeat-3,yjit-off,false,puma-response-chunk-100kb,puma-response-time-wrk,puma/benchmarks/local/response_time_wrk,https://github.com/puma/puma/blob/main/benchmarks/local/response_time_wrk.rb,puma-1w-3t,3,puma,1,3,6198,1000,5.004,5.0,1000,2577,2.003,2.0,5,true,6198,0,1238.531,3.979,4.904,5.437,7.542,8.7,72.402,71.723,92.895,20,20,62,multiprocess_sample_only,,
yjit-off/puma-response-string-100kb/puma-1w-3t/repeat-3,yjit-off,false,puma-response-string-100kb,puma-response-time-wrk,puma/benchmarks/local/response_time_wrk,https://github.com/puma/puma/blob/main/benchmarks/local/response_time_wrk.rb,puma-1w-3t,3,puma,1,3,12129,1000,5.002,5.0,1000,4999,2.001,2.0,5,true,12129,0,2424.776,2.006,2.488,2.89,4.168,4.838,87.664,86.586,92.105,20,20,65,multiprocess_sample_only,,
yjit-off/puma-response-io-100kb/puma-1w-3t/repeat-3,yjit-off,false,puma-response-io-100kb,puma-response-time-wrk,puma/benchmarks/local/response_time_wrk,https://github.com/puma/puma/blob/main/benchmarks/local/response_time_wrk.rb,puma-1w-3t,3,puma,1,3,11955,1000,5.036,5.0,1000,4955,2.002,2.0,5,true,11955,0,2374.122,1.566,2.378,41.216,42.628,43.839,72.309,72.121,91.52,20,20,66,multiprocess_sample_only,,
yjit-off/puma-response-array-256kb/puma-1w-3t/repeat-3,yjit-off,false,puma-response-array-256kb,puma-response-time-wrk,puma/benchmarks/local/response_time_wrk,https://github.com/puma/puma/blob/main/benchmarks/local/response_time_wrk.rb,puma-1w-3t,3,puma,1,3,8867,1000,5.003,5.0,1000,3654,2.002,2.0,5,true,8867,0,1772.245,2.545,4.178,6.554,16.576,20.286,107.719,102.652,90.985,20,20,64,multiprocess_sample_only,,
yjit-off/puma-response-chunk-256kb/puma-1w-3t/repeat-3,yjit-off,false,puma-response-chunk-256kb,puma-response-time-wrk,puma/benchmarks/local/response_time_wrk,https://github.com/puma/puma/blob/main/benchmarks/local/response_time_wrk.rb,puma-1w-3t,3,puma,1,3,3384,1000,5.005,5.0,1000,1408,2.005,2.0,5,true,3384,0,676.12,7.408,8.878,9.62,11.672,14.464,82.34,81.793,90.355,20,20,56,multiprocess_sample_only,,
yjit-off/puma-response-string-256kb/puma-1w-3t/repeat-3,yjit-off,false,puma-response-string-256kb,puma-response-time-wrk,puma/benchmarks/local/response_time_wrk,https://github.com/puma/puma/blob/main/benchmarks/local/response_time_wrk.rb,puma-1w-3t,3,puma,1,3,9027,1000,5.002,5.0,1000,3609,2.002,2.0,5,true,9027,0,1804.564,2.511,4.045,6.205,16.124,17.179,77.328,76.953,89.105,20,20,63,multiprocess_sample_only,,
yjit-off/puma-response-io-256kb/puma-1w-3t/repeat-3,yjit-off,false,puma-response-io-256kb,puma-response-time-wrk,puma/benchmarks/local/response_time_wrk,https://github.com/puma/puma/blob/main/benchmarks/local/response_time_wrk.rb,puma-1w-3t,3,puma,1,3,8819,1000,5.003,5.0,1000,3555,2.002,2.0,5,true,8819,0,1762.755,2.585,4.083,6.709,16.479,17.449,77.016,76.953,87.59,20,20,63,multiprocess_sample_only,,
yjit-off/puma-response-array-512kb/puma-1w-3t/repeat-3,yjit-off,false,puma-response-array-512kb,puma-response-time-wrk,puma/benchmarks/local/response_time_wrk,https://github.com/puma/puma/blob/main/benchmarks/local/response_time_wrk.rb,puma-1w-3t,3,puma,1,3,6665,1000,5.004,5.0,1000,2592,2.002,2.0,5,true,6665,0,1331.873,3.368,5.601,16.896,18.904,20.216,138.465,133.574,87.075,20,20,62,multiprocess_sample_only,,
yjit-off/puma-response-chunk-512kb/puma-1w-3t/repeat-3,yjit-off,false,puma-response-chunk-512kb,puma-response-time-wrk,puma/benchmarks/local/response_time_wrk,https://github.com/puma/puma/blob/main/benchmarks/local/response_time_wrk.rb,puma-1w-3t,3,puma,1,3,1910,1000,5.013,5.0,1000,1000,2.543,2.0,5,true,1910,0,381.034,13.167,15.767,16.932,24.173,24.886,91.5,91.5,86.57,20,20,49,multiprocess_sample_only,,
yjit-off/puma-response-string-512kb/puma-1w-3t/repeat-3,yjit-off,false,puma-response-string-512kb,puma-response-time-wrk,puma/benchmarks/local/response_time_wrk,https://github.com/puma/puma/blob/main/benchmarks/local/response_time_wrk.rb,puma-1w-3t,3,puma,1,3,6501,1000,5.002,5.0,1000,2710,2.003,2.0,5,true,6501,0,1299.599,3.394,6.012,18.083,20.719,21.397,90.035,90.035,85.34,20,20,59,multiprocess_sample_only,,
yjit-off/puma-response-io-512kb/puma-1w-3t/repeat-3,yjit-off,false,puma-response-io-512kb,puma-response-time-wrk,puma/benchmarks/local/response_time_wrk,https://github.com/puma/puma/blob/main/benchmarks/local/response_time_wrk.rb,puma-1w-3t,3,puma,1,3,6367,1000,5.004,5.0,1000,2606,2.003,2.0,5,true,6367,0,1272.429,3.466,6.134,17.784,20.173,210.18,90.039,90.039,83.695,20,20,61,multiprocess_sample_only,,
yjit-off/puma-response-array-1024kb/puma-1w-3t/repeat-3,yjit-off,false,puma-response-array-1024kb,puma-response-time-wrk,puma/benchmarks/local/response_time_wrk,https://github.com/puma/puma/blob/main/benchmarks/local/response_time_wrk.rb,puma-1w-3t,3,puma,1,3,3867,1000,5.009,5.0,1000,1702,2.004,2.0,5,true,3867,0,772.042,5.981,9.18,21.605,24.312,27.435,146.145,146.145,82.765,20,20,57,multiprocess_sample_only,,
yjit-off/puma-response-chunk-1024kb/puma-1w-3t/repeat-3,yjit-off,false,puma-response-chunk-1024kb,puma-response-time-wrk,puma/benchmarks/local/response_time_wrk,https://github.com/puma/puma/blob/main/benchmarks/local/response_time_wrk.rb,puma-1w-3t,3,puma,1,3,1063,1000,5.02,5.0,1000,1000,4.695,2.0,5,true,1063,0,211.763,23.521,28.506,30.238,40.838,46.75,99.438,99.359,82.225,20,20,39,multiprocess_sample_only,,
yjit-off/puma-response-string-1024kb/puma-1w-3t/repeat-3,yjit-off,false,puma-response-string-1024kb,puma-response-time-wrk,puma/benchmarks/local/response_time_wrk,https://github.com/puma/puma/blob/main/benchmarks/local/response_time_wrk.rb,puma-1w-3t,3,puma,1,3,4203,1000,5.004,5.0,1000,1753,2.005,2.0,5,true,4203,0,840.001,5.437,8.289,22.101,25.204,27.581,102.18,102.18,81.01,20,20,57,multiprocess_sample_only,,
yjit-off/puma-response-io-1024kb/puma-1w-3t/repeat-3,yjit-off,false,puma-response-io-1024kb,puma-response-time-wrk,puma/benchmarks/local/response_time_wrk,https://github.com/puma/puma/blob/main/benchmarks/local/response_time_wrk.rb,puma-1w-3t,3,puma,1,3,4300,1000,5.004,5.0,1000,1739,2.004,2.0,5,true,4300,0,859.229,5.199,8.089,21.716,25.482,213.172,102.18,102.18,79.23,20,20,57,multiprocess_sample_only,,
yjit-off/puma-response-array-2048kb/puma-1w-3t/repeat-3,yjit-off,false,puma-response-array-2048kb,puma-response-time-wrk,puma/benchmarks/local/response_time_wrk,https://github.com/puma/puma/blob/main/benchmarks/local/response_time_wrk.rb,puma-1w-3t,3,puma,1,3,2476,1000,5.008,5.0,1000,1020,2.008,2.0,5,true,2476,0,494.387,10.031,11.873,12.971,19.247,20.67,125.051,120.512,78.51,20,20,53,multiprocess_sample_only,,
yjit-off/puma-response-chunk-2048kb/puma-1w-3t/repeat-3,yjit-off,false,puma-response-chunk-2048kb,puma-response-time-wrk,puma/benchmarks/local/response_time_wrk,https://github.com/puma/puma/blob/main/benchmarks/local/response_time_wrk.rb,puma-1w-3t,3,puma,1,3,1000,1000,9.009,5.0,1000,1000,8.155,2.0,5,true,1000,0,110.995,44.536,52.65,56.397,89.307,96.259,103.141,101.344,78.42,20,20,51,multiprocess_sample_only,,
yjit-off/puma-response-string-2048kb/puma-1w-3t/repeat-3,yjit-off,false,puma-response-string-2048kb,puma-response-time-wrk,puma/benchmarks/local/response_time_wrk,https://github.com/puma/puma/blob/main/benchmarks/local/response_time_wrk.rb,puma-1w-3t,3,puma,1,3,2698,1000,5.008,5.0,1000,1102,2.007,2.0,5,true,2698,0,538.789,9.103,10.876,12.127,16.693,20.04,103.613,103.613,77.395,20,20,53,multiprocess_sample_only,,
yjit-off/puma-response-io-2048kb/puma-1w-3t/repeat-3,yjit-off,false,puma-response-io-2048kb,puma-response-time-wrk,puma/benchmarks/local/response_time_wrk,https://github.com/puma/puma/blob/main/benchmarks/local/response_time_wrk.rb,puma-1w-3t,3,puma,1,3,2598,1000,5.008,5.0,1000,1127,2.007,2.0,5,true,2598,0,518.804,9.424,11.476,12.418,17.73,19.646,103.613,103.613,75.77,20,20,53,multiprocess_sample_only,,
yjit-off/puma-long-tail-fib-200ms-x6p0/puma-1w-3t/repeat-3,yjit-off,false,puma-long-tail-fib-200ms-x6p0,puma-long-tail-hey,puma/benchmarks/local/long_tail_hey + test/rackup/sleep_fibonacci,https://github.com/puma/puma/blob/main/benchmarks/local/long_tail_hey.rb,puma-1w-3t,3,puma,1,3,360,360,51.061,5.0,360,360,51.028,2.0,18,true,360,0,7.05,2554.169,2619.076,2634.455,2670.923,2687.34,125.832,125.832,81.73,20,20,703,multiprocess_sample_only,,
yjit-off/puma-long-tail-fib-200ms-x4p0/puma-1w-3t/repeat-3,yjit-off,false,puma-long-tail-fib-200ms-x4p0,puma-long-tail-hey,puma/benchmarks/local/long_tail_hey + test/rackup/sleep_fibonacci,https://github.com/puma/puma/blob/main/benchmarks/local/long_tail_hey.rb,puma-1w-3t,3,puma,1,3,240,240,34.042,5.0,240,240,34.019,2.0,12,true,240,0,7.05,1693.57,1771.77,1792.213,1799.381,1800.175,127.707,126.547,85.635,20,20,469,multiprocess_sample_only,,
yjit-off/puma-long-tail-fib-200ms-x3p0/puma-1w-3t/repeat-3,yjit-off,false,puma-long-tail-fib-200ms-x3p0,puma-long-tail-hey,puma/benchmarks/local/long_tail_hey + test/rackup/sleep_fibonacci,https://github.com/puma/puma/blob/main/benchmarks/local/long_tail_hey.rb,puma-1w-3t,3,puma,1,3,180,180,25.504,5.0,180,180,25.516,2.0,9,true,180,0,7.058,1270.499,1323.911,1336.217,1348.053,1350.255,128.328,128.328,87.545,20,20,351,multiprocess_sample_only,,
yjit-off/puma-long-tail-fib-200ms-x2p0/puma-1w-3t/repeat-3,yjit-off,false,puma-long-tail-fib-200ms-x2p0,puma-long-tail-hey,puma/benchmarks/local/long_tail_hey + test/rackup/sleep_fibonacci,https://github.com/puma/puma/blob/main/benchmarks/local/long_tail_hey.rb,puma-1w-3t,3,puma,1,3,120,120,17.021,5.0,120,120,17.005,2.0,6,true,120,0,7.05,850.964,889.688,897.249,908.441,909.885,128.395,128.395,88.605,20,20,235,multiprocess_sample_only,,
yjit-off/puma-long-tail-fib-200ms-x1p5/puma-1w-3t/repeat-3,yjit-off,false,puma-long-tail-fib-200ms-x1p5,puma-long-tail-hey,puma/benchmarks/local/long_tail_hey + test/rackup/sleep_fibonacci,https://github.com/puma/puma/blob/main/benchmarks/local/long_tail_hey.rb,puma-1w-3t,3,puma,1,3,100,100,14.18,5.0,100,100,14.184,2.0,5,true,100,0,7.052,728.899,835.299,864.447,866.729,866.982,132.004,132.004,89.305,20,20,196,multiprocess_sample_only,,
yjit-off/puma-long-tail-fib-200ms-x1p0/puma-1w-3t/repeat-3,yjit-off,false,puma-long-tail-fib-200ms-x1p0,puma-long-tail-hey,puma/benchmarks/local/long_tail_hey + test/rackup/sleep_fibonacci,https://github.com/puma/puma/blob/main/benchmarks/local/long_tail_hey.rb,puma-1w-3t,3,puma,1,3,60,60,8.505,5.0,60,60,8.512,2.0,3,true,60,0,7.055,423.346,449.788,460.58,460.988,461.034,132.008,132.008,89.73,20,20,118,multiprocess_sample_only,,
yjit-off/puma-long-tail-fib-200ms-x0p5/puma-1w-3t/repeat-3,yjit-off,false,puma-long-tail-fib-200ms-x0p5,puma-long-tail-hey,puma/benchmarks/local/long_tail_hey + test/rackup/sleep_fibonacci,https://github.com/puma/puma/blob/main/benchmarks/local/long_tail_hey.rb,puma-1w-3t,3,puma,1,3,40,40,5.669,5.0,40,40,5.668,2.0,2,true,40,0,7.056,283.077,296.915,303.431,306.671,307.031,132.008,132.008,89.975,20,20,79,multiprocess_sample_only,,
yjit-off/puma-sleep-fibonacci-1ms/puma-1w-3t/repeat-3,yjit-off,false,puma-sleep-fibonacci-1ms,puma-sleep-fibonacci-test,puma/benchmarks/local/sleep_fibonacci_test + test/rackup/sleep_fibonacci,https://github.com/puma/puma/blob/main/benchmarks/local/sleep_fibonacci_test.rb,puma-1w-3t,3,puma,1,3,3575,10,5.001,5.0,10,1438,2.001,2.0,1,true,3575,0,714.837,1.363,1.51,1.792,2.236,2.53,137.168,137.168,89.87,20,20,70,multiprocess_sample_only,,
yjit-off/puma-sleep-fibonacci-5ms/puma-1w-3t/repeat-3,yjit-off,false,puma-sleep-fibonacci-5ms,puma-sleep-fibonacci-test,puma/benchmarks/local/sleep_fibonacci_test + test/rackup/sleep_fibonacci,https://github.com/puma/puma/blob/main/benchmarks/local/sleep_fibonacci_test.rb,puma-1w-3t,3,puma,1,3,934,10,5.002,5.0,10,373,2.005,2.0,1,true,934,0,186.738,5.315,5.459,5.656,6.235,6.5,137.293,137.293,89.645,20,20,70,multiprocess_sample_only,,
yjit-off/puma-sleep-fibonacci-10ms/puma-1w-3t/repeat-3,yjit-off,false,puma-sleep-fibonacci-10ms,puma-sleep-fibonacci-test,puma/benchmarks/local/sleep_fibonacci_test + test/rackup/sleep_fibonacci,https://github.com/puma/puma/blob/main/benchmarks/local/sleep_fibonacci_test.rb,puma-1w-3t,3,puma,1,3,478,10,5.001,5.0,10,191,2.006,2.0,1,true,478,0,95.582,10.413,10.579,10.736,11.255,11.283,137.293,137.293,89.425,20,20,70,multiprocess_sample_only,,
yjit-off/puma-sleep-fibonacci-50ms/puma-1w-3t/repeat-3,yjit-off,false,puma-sleep-fibonacci-50ms,puma-sleep-fibonacci-test,puma/benchmarks/local/sleep_fibonacci_test + test/rackup/sleep_fibonacci,https://github.com/puma/puma/blob/main/benchmarks/local/sleep_fibonacci_test.rb,puma-1w-3t,3,puma,1,3,99,10,5.016,5.0,10,40,2.027,2.0,1,true,99,0,19.735,50.612,50.717,50.855,50.875,50.878,137.293,137.293,89.185,20,20,71,multiprocess_sample_only,,
yjit-off/puma-sleep-fibonacci-100ms/puma-1w-3t/repeat-3,yjit-off,false,puma-sleep-fibonacci-100ms,puma-sleep-fibonacci-test,puma/benchmarks/local/sleep_fibonacci_test + test/rackup/sleep_fibonacci,https://github.com/puma/puma/blob/main/benchmarks/local/sleep_fibonacci_test.rb,puma-1w-3t,3,puma,1,3,50,10,5.035,5.0,10,20,2.015,2.0,1,true,50,0,9.931,100.633,100.724,100.781,100.818,100.822,137.293,137.293,88.95,20,20,71,multiprocess_sample_only,,
yjit-off/puma-sleep-fibonacci-200ms/puma-1w-3t/repeat-3,yjit-off,false,puma-sleep-fibonacci-200ms,puma-sleep-fibonacci-test,puma/benchmarks/local/sleep_fibonacci_test + test/rackup/sleep_fibonacci,https://github.com/puma/puma/blob/main/benchmarks/local/sleep_fibonacci_test.rb,puma-1w-3t,3,puma,1,3,25,10,5.019,5.0,10,10,2.008,2.0,1,true,25,0,4.981,200.666,200.778,201.334,201.491,201.508,137.293,137.293,88.72,20,20,71,multiprocess_sample_only,,
yjit-on/puma-response-array-1kb/raptor-3r/repeat-1,yjit-on,true,puma-response-array-1kb,puma-response-time-wrk,puma/benchmarks/local/response_time_wrk,https://github.com/puma/puma/blob/main/benchmarks/local/response_time_wrk.rb,raptor-3r,3,raptor,3,,1000,1000,16.131,5.0,1000,1000,16.124,2.0,5,true,1000,0,61.992,40.992,41.97,42.466,4031.053,4035.241,29.66,29.66,3.825,20,20,225,same_worker,27,718193
yjit-on/puma-response-chunk-1kb/raptor-3r/repeat-1,yjit-on,true,puma-response-chunk-1kb,puma-response-time-wrk,puma/benchmarks/local/response_time_wrk,https://github.com/puma/puma/blob/main/benchmarks/local/response_time_wrk.rb,raptor-3r,3,raptor,3,,1000,1000,16.131,5.0,1000,1000,16.121,2.0,5,true,1000,0,61.992,40.993,41.968,42.327,4039.807,4041.16,29.961,29.961,3.05,20,20,225,same_worker,27,716128
yjit-on/puma-response-string-1kb/raptor-3r/repeat-1,yjit-on,true,puma-response-string-1kb,puma-response-time-wrk,puma/benchmarks/local/response_time_wrk,https://github.com/puma/puma/blob/main/benchmarks/local/response_time_wrk.rb,raptor-3r,3,raptor,3,,1000,1000,16.133,5.0,1000,1000,16.104,2.0,5,true,1000,0,61.986,40.991,41.963,42.287,4029.34,4031.909,30.035,30.035,2.795,20,20,225,same_worker,28,719856
yjit-on/puma-response-io-1kb/raptor-3r/repeat-1,yjit-on,true,puma-response-io-1kb,puma-response-time-wrk,puma/benchmarks/local/response_time_wrk,https://github.com/puma/puma/blob/main/benchmarks/local/response_time_wrk.rb,raptor-3r,3,raptor,3,,1000,1000,16.143,5.0,1000,1000,16.11,2.0,5,true,1000,0,61.948,40.994,41.98,42.459,4036.269,4037.858,30.156,30.156,2.72,20,20,225,same_worker,28,727249
yjit-on/puma-response-array-10kb/raptor-3r/repeat-1,yjit-on,true,puma-response-array-10kb,puma-response-time-wrk,puma/benchmarks/local/response_time_wrk,https://github.com/puma/puma/blob/main/benchmarks/local/response_time_wrk.rb,raptor-3r,3,raptor,3,,1000,1000,16.143,5.0,1000,1000,16.107,2.0,5,true,1000,0,61.945,41.001,41.986,42.485,4037.486,4037.567,30.168,30.168,2.7,20,20,225,same_worker,29,719167
yjit-on/puma-response-chunk-10kb/raptor-3r/repeat-1,yjit-on,true,puma-response-chunk-10kb,puma-response-time-wrk,puma/benchmarks/local/response_time_wrk,https://github.com/puma/puma/blob/main/benchmarks/local/response_time_wrk.rb,raptor-3r,3,raptor,3,,1000,1000,16.129,5.0,1000,1000,16.106,2.0,5,true,1000,0,62.001,40.989,41.968,42.357,4030.984,4035.009,30.168,30.168,2.7,20,20,225,same_worker,29,717730
yjit-on/puma-response-string-10kb/raptor-3r/repeat-1,yjit-on,true,puma-response-string-10kb,puma-response-time-wrk,puma/benchmarks/local/response_time_wrk,https://github.com/puma/puma/blob/main/benchmarks/local/response_time_wrk.rb,raptor-3r,3,raptor,3,,1000,1000,16.136,5.0,1000,1000,16.103,2.0,5,true,1000,0,61.973,40.992,42.003,42.505,4036.814,4038.003,30.309,30.309,2.6,20,20,225,same_worker,30,719249
yjit-on/puma-response-io-10kb/raptor-3r/repeat-1,yjit-on,true,puma-response-io-10kb,puma-response-time-wrk,puma/benchmarks/local/response_time_wrk,https://github.com/puma/puma/blob/main/benchmarks/local/response_time_wrk.rb,raptor-3r,3,raptor,3,,1000,1000,16.168,5.0,1000,1000,16.106,2.0,5,true,1000,0,61.851,40.989,41.942,42.28,4034.277,4062.337,30.93,30.93,2.665,20,20,226,same_worker,31,745661
yjit-on/puma-response-array-100kb/raptor-3r/repeat-1,yjit-on,true,puma-response-array-100kb,puma-response-time-wrk,puma/benchmarks/local/response_time_wrk,https://github.com/puma/puma/blob/main/benchmarks/local/response_time_wrk.rb,raptor-3r,3,raptor,3,,1000,1000,14.081,5.0,1000,1000,13.184,2.0,5,true,1000,0,71.02,40.982,41.976,42.456,3597.991,3717.914,31.02,31.02,2.795,20,20,197,same_worker,30,719249
yjit-on/puma-response-chunk-100kb/raptor-3r/repeat-1,yjit-on,true,puma-response-chunk-100kb,puma-response-time-wrk,puma/benchmarks/local/response_time_wrk,https://github.com/puma/puma/blob/main/benchmarks/local/response_time_wrk.rb,raptor-3r,3,raptor,3,,1000,1000,14.858,5.0,1000,1000,13.197,2.0,5,true,1000,0,67.304,40.983,41.974,42.526,3646.927,3681.221,31.055,31.055,2.965,20,20,208,same_worker,31,716261
yjit-on/puma-response-string-100kb/raptor-3r/repeat-1,yjit-on,true,puma-response-string-100kb,puma-response-time-wrk,puma/benchmarks/local/response_time_wrk,https://github.com/puma/puma/blob/main/benchmarks/local/response_time_wrk.rb,raptor-3r,3,raptor,3,,11339,1000,5.002,5.0,1000,4601,2.002,2.0,5,true,11339,0,2266.789,1.252,2.09,8.297,131.019,143.622,31.457,31.457,4.145,20,20,67,same_worker,374,8153557
yjit-on/puma-response-io-100kb/raptor-3r/repeat-1,yjit-on,true,puma-response-io-100kb,puma-response-time-wrk,puma/benchmarks/local/response_time_wrk,https://github.com/puma/puma/blob/main/benchmarks/local/response_time_wrk.rb,raptor-3r,3,raptor,3,,1000,1000,14.019,5.0,1000,1000,13.14,2.0,5,true,1000,0,71.33,41.014,42.133,43.07,3376.783,3500.967,35.965,35.965,4.865,20,20,196,same_worker,47,925932
yjit-on/puma-response-array-256kb/raptor-3r/repeat-1,yjit-on,true,puma-response-array-256kb,puma-response-time-wrk,puma/benchmarks/local/response_time_wrk,https://github.com/puma/puma/blob/main/benchmarks/local/response_time_wrk.rb,raptor-3r,3,raptor,3,,1000,1000,11.17,5.0,1000,1000,11.27,2.0,5,true,1000,0,89.529,41.848,42.807,44.869,3199.585,3376.971,35.965,35.965,5.045,20,20,156,same_worker,36,718669
yjit-on/puma-response-chunk-256kb/raptor-3r/repeat-1,yjit-on,true,puma-response-chunk-256kb,puma-response-time-wrk,puma/benchmarks/local/response_time_wrk,https://github.com/puma/puma/blob/main/benchmarks/local/response_time_wrk.rb,raptor-3r,3,raptor,3,,1000,1000,10.29,5.0,1000,1000,13.014,2.0,5,true,1000,0,97.186,41.898,42.909,43.96,3334.809,3511.926,35.965,35.965,5.26,20,20,144,same_worker,37,715531
yjit-on/puma-response-string-256kb/raptor-3r/repeat-1,yjit-on,true,puma-response-string-256kb,puma-response-time-wrk,puma/benchmarks/local/response_time_wrk,https://github.com/puma/puma/blob/main/benchmarks/local/response_time_wrk.rb,raptor-3r,3,raptor,3,,8442,1000,5.002,5.0,1000,3388,2.003,2.0,5,true,8442,0,1687.648,1.589,2.744,41.565,175.914,195.321,36.152,36.152,6.11,20,20,66,same_worker,335,6070084
yjit-on/puma-response-io-256kb/raptor-3r/repeat-1,yjit-on,true,puma-response-io-256kb,puma-response-time-wrk,puma/benchmarks/local/response_time_wrk,https://github.com/puma/puma/blob/main/benchmarks/local/response_time_wrk.rb,raptor-3r,3,raptor,3,,1000,1000,12.976,5.0,1000,1000,13.065,2.0,5,true,1000,0,77.063,41.942,42.93,43.826,3524.638,3574.912,41.371,41.367,6.7,20,20,181,same_worker,51,1236236
yjit-on/puma-response-array-512kb/raptor-3r/repeat-1,yjit-on,true,puma-response-array-512kb,puma-response-time-wrk,puma/benchmarks/local/response_time_wrk,https://github.com/puma/puma/blob/main/benchmarks/local/response_time_wrk.rb,raptor-3r,3,raptor,3,,1000,1000,14.15,5.0,1000,1000,14.319,2.0,5,true,1000,0,70.67,41.995,43.369,44.317,3518.758,3585.827,41.379,41.379,6.97,20,20,197,same_worker,28,719249
yjit-on/puma-response-chunk-512kb/raptor-3r/repeat-1,yjit-on,true,puma-response-chunk-512kb,puma-response-time-wrk,puma/benchmarks/local/response_time_wrk,https://github.com/puma/puma/blob/main/benchmarks/local/response_time_wrk.rb,raptor-3r,3,raptor,3,,1000,1000,12.251,5.0,1000,1000,13.098,2.0,5,true,1000,0,81.625,41.978,43.303,44.478,3424.242,3642.304,41.379,41.379,7.285,20,20,170,same_worker,28,716243
yjit-on/puma-response-string-512kb/raptor-3r/repeat-1,yjit-on,true,puma-response-string-512kb,puma-response-time-wrk,puma/benchmarks/local/response_time_wrk,https://github.com/puma/puma/blob/main/benchmarks/local/response_time_wrk.rb,raptor-3r,3,raptor,3,,6476,1000,5.003,5.0,1000,2621,2.003,2.0,5,true,6476,0,1294.357,2.06,3.373,22.37,227.442,251.262,41.379,41.379,7.83,20,20,64,same_worker,192,4659140
yjit-on/puma-response-io-512kb/raptor-3r/repeat-1,yjit-on,true,puma-response-io-512kb,puma-response-time-wrk,puma/benchmarks/local/response_time_wrk,https://github.com/puma/puma/blob/main/benchmarks/local/response_time_wrk.rb,raptor-3r,3,raptor,3,,1000,1000,14.92,5.0,1000,1000,15.399,2.0,5,true,1000,0,67.025,42.938,43.95,46.248,3667.278,3730.35,47.664,47.152,8.42,20,20,207,same_worker,85,1749249
yjit-on/puma-response-array-1024kb/raptor-3r/repeat-1,yjit-on,true,puma-response-array-1024kb,puma-response-time-wrk,puma/benchmarks/local/response_time_wrk,https://github.com/puma/puma/blob/main/benchmarks/local/response_time_wrk.rb,raptor-3r,3,raptor,3,,1000,1000,14.188,5.0,1000,1000,15.367,2.0,5,true,1000,0,70.481,43.361,44.944,46.356,3588.144,3709.053,47.152,47.152,8.98,20,20,196,same_worker,31,719243
yjit-on/puma-response-chunk-1024kb/raptor-3r/repeat-1,yjit-on,true,puma-response-chunk-1024kb,puma-response-time-wrk,puma/benchmarks/local/response_time_wrk,https://github.com/puma/puma/blob/main/benchmarks/local/response_time_wrk.rb,raptor-3r,3,raptor,3,,1000,1000,13.266,5.0,1000,1000,15.285,2.0,5,true,1000,0,75.382,43.382,44.982,51.683,3374.182,3499.547,47.152,47.152,9.545,20,20,183,same_worker,31,716237
yjit-on/puma-response-string-1024kb/raptor-3r/repeat-1,yjit-on,true,puma-response-string-1024kb,puma-response-time-wrk,puma/benchmarks/local/response_time_wrk,https://github.com/puma/puma/blob/main/benchmarks/local/response_time_wrk.rb,raptor-3r,3,raptor,3,,4259,1000,5.006,5.0,1000,1771,2.004,2.0,5,true,4259,0,850.738,3.165,5.644,21.273,350.834,360.708,50.762,50.762,9.935,20,20,62,same_worker,137,3063647
yjit-on/puma-response-io-1024kb/raptor-3r/repeat-1,yjit-on,true,puma-response-io-1024kb,puma-response-time-wrk,puma/benchmarks/local/response_time_wrk,https://github.com/puma/puma/blob/main/benchmarks/local/response_time_wrk.rb,raptor-3r,3,raptor,3,,1000,1000,15.713,5.0,1000,1000,15.507,2.0,5,true,1000,0,63.643,44.678,46.261,49.993,3949.595,4031.933,52.293,52.293,10.74,20,20,217,same_worker,165,2773243
yjit-on/puma-response-array-2048kb/raptor-3r/repeat-1,yjit-on,true,puma-response-array-2048kb,puma-response-time-wrk,puma/benchmarks/local/response_time_wrk,https://github.com/puma/puma/blob/main/benchmarks/local/response_time_wrk.rb,raptor-3r,3,raptor,3,,1000,1000,14.393,5.0,1000,1000,15.594,2.0,5,true,1000,0,69.478,45.921,48.045,49.944,3515.809,3678.839,52.293,52.293,11.855,20,20,197,same_worker,34,720388
yjit-on/puma-response-chunk-2048kb/raptor-3r/repeat-1,yjit-on,true,puma-response-chunk-2048kb,puma-response-time-wrk,puma/benchmarks/local/response_time_wrk,https://github.com/puma/puma/blob/main/benchmarks/local/response_time_wrk.rb,raptor-3r,3,raptor,3,,1000,1000,15.792,5.0,1000,1000,16.231,2.0,5,true,1000,0,63.322,46.367,48.125,50.178,3845.584,3973.937,52.293,52.293,12.94,20,20,217,same_worker,34,716243
yjit-on/puma-response-string-2048kb/raptor-3r/repeat-1,yjit-on,true,puma-response-string-2048kb,puma-response-time-wrk,puma/benchmarks/local/response_time_wrk,https://github.com/puma/puma/blob/main/benchmarks/local/response_time_wrk.rb,raptor-3r,3,raptor,3,,2756,1000,5.008,5.0,1000,1171,2.054,2.0,5,true,2756,0,550.345,5.334,7.345,15.277,537.707,551.849,58.305,58.305,13.32,20,20,60,same_worker,96,1978880
yjit-on/puma-response-io-2048kb/raptor-3r/repeat-1,yjit-on,true,puma-response-io-2048kb,puma-response-time-wrk,puma/benchmarks/local/response_time_wrk,https://github.com/puma/puma/blob/main/benchmarks/local/response_time_wrk.rb,raptor-3r,3,raptor,3,,1000,1000,17.148,5.0,1000,1000,17.499,2.0,5,true,1000,0,58.316,47.925,50.738,53.662,4205.84,4310.763,69.621,69.621,14.545,20,20,237,same_worker,262,4822087
yjit-on/puma-long-tail-fib-200ms-x6p0/raptor-3r/repeat-1,yjit-on,true,puma-long-tail-fib-200ms-x6p0,puma-long-tail-hey,puma/benchmarks/local/long_tail_hey + test/rackup/sleep_fibonacci,https://github.com/puma/puma/blob/main/benchmarks/local/long_tail_hey.rb,raptor-3r,3,raptor,3,,363,360,29.009,5.0,360,360,28.78,2.0,18,true,363,0,12.513,241.749,243.217,19612.164,24403.169,24403.172,70.063,70.063,23.84,20,20,394,same_worker,3,64403
yjit-on/puma-long-tail-fib-200ms-x4p0/raptor-3r/repeat-1,yjit-on,true,puma-long-tail-fib-200ms-x4p0,puma-long-tail-hey,puma/benchmarks/local/long_tail_hey + test/rackup/sleep_fibonacci,https://github.com/puma/puma/blob/main/benchmarks/local/long_tail_hey.rb,raptor-3r,3,raptor,3,,243,240,19.425,5.0,240,240,19.183,2.0,12,true,243,0,12.51,241.846,242.852,12809.537,14822.815,14822.818,70.066,70.066,31.96,20,20,264,same_worker,2,43151
yjit-on/puma-long-tail-fib-200ms-x3p0/raptor-3r/repeat-1,yjit-on,true,puma-long-tail-fib-200ms-x3p0,puma-long-tail-hey,puma/benchmarks/local/long_tail_hey + test/rackup/sleep_fibonacci,https://github.com/puma/puma/blob/main/benchmarks/local/long_tail_hey.rb,raptor-3r,3,raptor,3,,183,180,14.628,5.0,180,180,14.385,2.0,9,true,183,0,12.511,241.87,242.87,10028.596,10028.946,10028.993,70.066,70.066,37.31,20,20,199,same_worker,1,31221
yjit-on/puma-long-tail-fib-200ms-x2p0/raptor-3r/repeat-1,yjit-on,true,puma-long-tail-fib-200ms-x2p0,puma-long-tail-hey,puma/benchmarks/local/long_tail_hey + test/rackup/sleep_fibonacci,https://github.com/puma/puma/blob/main/benchmarks/local/long_tail_hey.rb,raptor-3r,3,raptor,3,,123,120,9.827,5.0,120,120,9.593,2.0,6,true,123,0,12.517,241.682,242.533,5230.167,5230.542,5230.588,70.066,70.066,40.795,20,20,135,same_worker,1,21696
yjit-on/puma-long-tail-fib-200ms-x1p5/raptor-3r/repeat-1,yjit-on,true,puma-long-tail-fib-200ms-x1p5,puma-long-tail-hey,puma/benchmarks/local/long_tail_hey + test/rackup/sleep_fibonacci,https://github.com/puma/puma/blob/main/benchmarks/local/long_tail_hey.rb,raptor-3r,3,raptor,3,,103,100,9.837,5.0,100,100,9.59,2.0,5,true,103,0,10.471,241.894,242.987,5138.452,5238.41,5238.421,70.094,70.094,43.37,20,20,135,same_worker,1,17543
yjit-on/puma-long-tail-fib-200ms-x1p0/raptor-3r/repeat-1,yjit-on,true,puma-long-tail-fib-200ms-x1p0,puma-long-tail-hey,puma/benchmarks/local/long_tail_hey + test/rackup/sleep_fibonacci,https://github.com/puma/puma/blob/main/benchmarks/local/long_tail_hey.rb,raptor-3r,3,raptor,3,,63,60,5.037,5.0,60,60,4.794,2.0,3,true,63,0,12.508,241.752,242.495,242.567,242.626,242.633,70.098,70.098,44.945,20,20,70,same_worker,1,13171
yjit-on/puma-long-tail-fib-200ms-x0p5/raptor-3r/repeat-1,yjit-on,true,puma-long-tail-fib-200ms-x0p5,puma-long-tail-hey,puma/benchmarks/local/long_tail_hey + test/rackup/sleep_fibonacci,https://github.com/puma/puma/blob/main/benchmarks/local/long_tail_hey.rb,raptor-3r,3,raptor,3,,42,40,5.032,5.0,40,40,4.794,2.0,2,true,42,0,8.346,241.588,242.235,242.275,242.277,242.277,70.102,70.102,45.895,20,20,70,same_worker,0,7144
yjit-on/puma-sleep-fibonacci-1ms/raptor-3r/repeat-1,yjit-on,true,puma-sleep-fibonacci-1ms,puma-sleep-fibonacci-test,puma/benchmarks/local/sleep_fibonacci_test + test/rackup/sleep_fibonacci,https://github.com/puma/puma/blob/main/benchmarks/local/sleep_fibonacci_test.rb,raptor-3r,3,raptor,3,,122,10,5.008,5.0,10,49,2.019,2.0,1,true,122,0,24.362,41.963,42.085,42.962,42.99,42.991,70.148,70.148,45.88,20,20,71,same_worker,0,21601
yjit-on/puma-sleep-fibonacci-5ms/raptor-3r/repeat-1,yjit-on,true,puma-sleep-fibonacci-5ms,puma-sleep-fibonacci-test,puma/benchmarks/local/sleep_fibonacci_test + test/rackup/sleep_fibonacci,https://github.com/puma/puma/blob/main/benchmarks/local/sleep_fibonacci_test.rb,raptor-3r,3,raptor,3,,113,10,5.044,5.0,10,45,2.031,2.0,1,true,113,0,22.404,45.908,46.038,46.085,46.091,46.092,70.168,70.168,45.58,20,20,71,same_worker,1,20101
yjit-on/puma-sleep-fibonacci-10ms/raptor-3r/repeat-1,yjit-on,true,puma-sleep-fibonacci-10ms,puma-sleep-fibonacci-test,puma/benchmarks/local/sleep_fibonacci_test + test/rackup/sleep_fibonacci,https://github.com/puma/puma/blob/main/benchmarks/local/sleep_fibonacci_test.rb,raptor-3r,3,raptor,3,,99,10,5.05,5.0,10,40,2.023,2.0,1,true,99,0,19.606,51.042,51.99,52.022,52.026,52.027,70.18,70.18,45.345,20,20,71,same_worker,0,17616
yjit-on/puma-sleep-fibonacci-50ms/raptor-3r/repeat-1,yjit-on,true,puma-sleep-fibonacci-50ms,puma-sleep-fibonacci-test,puma/benchmarks/local/sleep_fibonacci_test + test/rackup/sleep_fibonacci,https://github.com/puma/puma/blob/main/benchmarks/local/sleep_fibonacci_test.rb,raptor-3r,3,raptor,3,,55,10,5.008,5.0,10,23,2.075,2.0,1,true,55,0,10.983,91.941,92.021,92.478,92.922,92.971,70.18,70.18,45.23,20,20,71,same_worker,0,8291
yjit-on/puma-sleep-fibonacci-100ms/raptor-3r/repeat-1,yjit-on,true,puma-sleep-fibonacci-100ms,puma-sleep-fibonacci-test,puma/benchmarks/local/sleep_fibonacci_test + test/rackup/sleep_fibonacci,https://github.com/puma/puma/blob/main/benchmarks/local/sleep_fibonacci_test.rb,raptor-3r,3,raptor,3,,36,10,5.056,5.0,10,15,2.081,2.0,1,true,36,0,7.121,141.673,141.995,142.102,142.15,142.155,70.18,70.18,45.295,20,20,71,same_worker,0,6528
yjit-on/puma-sleep-fibonacci-200ms/raptor-3r/repeat-1,yjit-on,true,puma-sleep-fibonacci-200ms,puma-sleep-fibonacci-test,puma/benchmarks/local/sleep_fibonacci_test + test/rackup/sleep_fibonacci,https://github.com/puma/puma/blob/main/benchmarks/local/sleep_fibonacci_test.rb,raptor-3r,3,raptor,3,,21,10,5.033,5.0,10,10,2.379,2.0,1,true,21,0,4.173,241.47,242.016,242.265,242.321,242.327,70.184,70.184,45.36,20,20,71,same_worker,1,4038
yjit-on/puma-response-array-1kb/raptor-3r/repeat-2,yjit-on,true,puma-response-array-1kb,puma-response-time-wrk,puma/benchmarks/local/response_time_wrk,https://github.com/puma/puma/blob/main/benchmarks/local/response_time_wrk.rb,raptor-3r,3,raptor,3,,1000,1000,16.13,5.0,1000,1000,16.142,2.0,5,true,1000,0,61.998,40.997,41.952,42.365,4034.479,4035.026,29.602,29.602,3.84,20,20,226,same_worker,32,718847
yjit-on/puma-response-chunk-1kb/raptor-3r/repeat-2,yjit-on,true,puma-response-chunk-1kb,puma-response-time-wrk,puma/benchmarks/local/response_time_wrk,https://github.com/puma/puma/blob/main/benchmarks/local/response_time_wrk.rb,raptor-3r,3,raptor,3,,1000,1000,16.129,5.0,1000,1000,16.103,2.0,5,true,1000,0,62.0,40.992,41.96,42.138,4031.922,4037.39,29.715,29.715,3.02,20,20,225,same_worker,32,715907
yjit-on/puma-response-string-1kb/raptor-3r/repeat-2,yjit-on,true,puma-response-string-1kb,puma-response-time-wrk,puma/benchmarks/local/response_time_wrk,https://github.com/puma/puma/blob/main/benchmarks/local/response_time_wrk.rb,raptor-3r,3,raptor,3,,1000,1000,16.13,5.0,1000,1000,16.098,2.0,5,true,1000,0,61.998,40.989,41.981,42.428,4033.578,4034.815,29.871,29.871,2.79,20,20,225,same_worker,33,720676
yjit-on/puma-response-io-1kb/raptor-3r/repeat-2,yjit-on,true,puma-response-io-1kb,puma-response-time-wrk,puma/benchmarks/local/response_time_wrk,https://github.com/puma/puma/blob/main/benchmarks/local/response_time_wrk.rb,raptor-3r,3,raptor,3,,1000,1000,16.125,5.0,1000,1000,16.101,2.0,5,true,1000,0,62.014,40.988,41.954,42.135,4032.21,4034.543,30.137,30.137,2.705,20,20,225,same_worker,34,727798
yjit-on/puma-response-array-10kb/raptor-3r/repeat-2,yjit-on,true,puma-response-array-10kb,puma-response-time-wrk,puma/benchmarks/local/response_time_wrk,https://github.com/puma/puma/blob/main/benchmarks/local/response_time_wrk.rb,raptor-3r,3,raptor,3,,1000,1000,16.146,5.0,1000,1000,16.114,2.0,5,true,1000,0,61.935,41.0,41.98,42.294,4037.164,4037.507,30.176,30.176,2.7,20,20,226,same_worker,34,719249
yjit-on/puma-response-chunk-10kb/raptor-3r/repeat-2,yjit-on,true,puma-response-chunk-10kb,puma-response-time-wrk,puma/benchmarks/local/response_time_wrk,https://github.com/puma/puma/blob/main/benchmarks/local/response_time_wrk.rb,raptor-3r,3,raptor,3,,1000,1000,16.134,5.0,1000,1000,16.11,2.0,5,true,1000,0,61.979,40.991,41.978,42.572,4034.364,4037.324,30.207,30.207,2.7,20,20,225,same_worker,34,717376
yjit-on/puma-response-string-10kb/raptor-3r/repeat-2,yjit-on,true,puma-response-string-10kb,puma-response-time-wrk,puma/benchmarks/local/response_time_wrk,https://github.com/puma/puma/blob/main/benchmarks/local/response_time_wrk.rb,raptor-3r,3,raptor,3,,1000,1000,16.13,5.0,1000,1000,16.095,2.0,5,true,1000,0,61.998,40.986,41.963,42.108,4030.389,4032.963,30.219,30.219,2.6,20,20,225,same_worker,35,720148
yjit-on/puma-response-io-10kb/raptor-3r/repeat-2,yjit-on,true,puma-response-io-10kb,puma-response-time-wrk,puma/benchmarks/local/response_time_wrk,https://github.com/puma/puma/blob/main/benchmarks/local/response_time_wrk.rb,raptor-3r,3,raptor,3,,1000,1000,16.182,5.0,1000,1000,16.118,2.0,5,true,1000,0,61.797,40.996,41.982,42.637,4040.367,4069.523,30.496,30.496,2.63,20,20,226,same_worker,36,745237
yjit-on/puma-response-array-100kb/raptor-3r/repeat-2,yjit-on,true,puma-response-array-100kb,puma-response-time-wrk,puma/benchmarks/local/response_time_wrk,https://github.com/puma/puma/blob/main/benchmarks/local/response_time_wrk.rb,raptor-3r,3,raptor,3,,1000,1000,15.324,5.0,1000,1000,12.459,2.0,5,true,1000,0,65.259,40.984,41.976,42.536,3793.275,3840.279,30.57,30.57,2.79,20,20,214,same_worker,36,719237
yjit-on/puma-response-chunk-100kb/raptor-3r/repeat-2,yjit-on,true,puma-response-chunk-100kb,puma-response-time-wrk,puma/benchmarks/local/response_time_wrk,https://github.com/puma/puma/blob/main/benchmarks/local/response_time_wrk.rb,raptor-3r,3,raptor,3,,1000,1000,14.693,5.0,1000,1000,10.581,2.0,5,true,1000,0,68.058,40.982,41.971,42.675,3682.002,3809.283,30.617,30.617,2.975,20,20,205,same_worker,36,716249
yjit-on/puma-response-string-100kb/raptor-3r/repeat-2,yjit-on,true,puma-response-string-100kb,puma-response-time-wrk,puma/benchmarks/local/response_time_wrk,https://github.com/puma/puma/blob/main/benchmarks/local/response_time_wrk.rb,raptor-3r,3,raptor,3,,11598,1000,5.003,5.0,1000,4682,2.002,2.0,5,true,11598,0,2318.314,1.241,1.99,10.675,126.678,136.547,31.117,31.117,4.19,20,20,67,same_worker,461,8340656
yjit-on/puma-response-io-100kb/raptor-3r/repeat-2,yjit-on,true,puma-response-io-100kb,puma-response-time-wrk,puma/benchmarks/local/response_time_wrk,https://github.com/puma/puma/blob/main/benchmarks/local/response_time_wrk.rb,raptor-3r,3,raptor,3,,1000,1000,14.567,5.0,1000,1000,13.158,2.0,5,true,1000,0,68.649,41.012,42.105,43.05,3545.635,3575.364,34.996,34.996,4.9,20,20,204,same_worker,56,925237
yjit-on/puma-response-array-256kb/raptor-3r/repeat-2,yjit-on,true,puma-response-array-256kb,puma-response-time-wrk,puma/benchmarks/local/response_time_wrk,https://github.com/puma/puma/blob/main/benchmarks/local/response_time_wrk.rb,raptor-3r,3,raptor,3,,1000,1000,13.245,5.0,1000,1000,13.002,2.0,5,true,1000,0,75.503,41.919,42.778,44.037,3298.476,3689.554,34.996,34.996,5.06,20,20,185,same_worker,42,718414
yjit-on/puma-response-chunk-256kb/raptor-3r/repeat-2,yjit-on,true,puma-response-chunk-256kb,puma-response-time-wrk,puma/benchmarks/local/response_time_wrk,https://github.com/puma/puma/blob/main/benchmarks/local/response_time_wrk.rb,raptor-3r,3,raptor,3,,1000,1000,11.154,5.0,1000,1000,11.22,2.0,5,true,1000,0,89.651,41.89,42.732,43.378,3045.235,3226.311,34.996,34.996,5.265,20,20,156,same_worker,44,715143
yjit-on/puma-response-string-256kb/raptor-3r/repeat-2,yjit-on,true,puma-response-string-256kb,puma-response-time-wrk,puma/benchmarks/local/response_time_wrk,https://github.com/puma/puma/blob/main/benchmarks/local/response_time_wrk.rb,raptor-3r,3,raptor,3,,8138,1000,5.004,5.0,1000,3393,2.002,2.0,5,true,8138,0,1626.351,1.67,2.801,41.247,191.113,214.861,35.105,35.105,6.065,20,20,66,same_worker,272,5853560
yjit-on/puma-response-io-256kb/raptor-3r/repeat-2,yjit-on,true,puma-response-io-256kb,puma-response-time-wrk,puma/benchmarks/local/response_time_wrk,https://github.com/puma/puma/blob/main/benchmarks/local/response_time_wrk.rb,raptor-3r,3,raptor,3,,1000,1000,13.532,5.0,1000,1000,12.95,2.0,5,true,1000,0,73.897,41.952,42.954,44.0,3121.582,3169.176,40.719,39.969,6.59,20,20,189,same_worker,66,1237176
yjit-on/puma-response-array-512kb/raptor-3r/repeat-2,yjit-on,true,puma-response-array-512kb,puma-response-time-wrk,puma/benchmarks/local/response_time_wrk,https://github.com/puma/puma/blob/main/benchmarks/local/response_time_wrk.rb,raptor-3r,3,raptor,3,,1000,1000,13.664,5.0,1000,1000,14.78,2.0,5,true,1000,0,73.184,41.996,43.264,46.002,3545.355,3845.873,37.891,37.891,6.855,20,20,190,same_worker,36,719243
yjit-on/puma-response-chunk-512kb/raptor-3r/repeat-2,yjit-on,true,puma-response-chunk-512kb,puma-response-time-wrk,puma/benchmarks/local/response_time_wrk,https://github.com/puma/puma/blob/main/benchmarks/local/response_time_wrk.rb,raptor-3r,3,raptor,3,,1000,1000,14.521,5.0,1000,1000,14.407,2.0,5,true,1000,0,68.868,41.991,43.072,44.851,3559.589,3665.497,37.891,37.891,7.155,20,20,202,same_worker,36,716831
yjit-on/puma-response-string-512kb/raptor-3r/repeat-2,yjit-on,true,puma-response-string-512kb,puma-response-time-wrk,puma/benchmarks/local/response_time_wrk,https://github.com/puma/puma/blob/main/benchmarks/local/response_time_wrk.rb,raptor-3r,3,raptor,3,,6319,1000,5.003,5.0,1000,2628,2.004,2.0,5,true,6319,0,1263.078,2.096,3.599,22.263,236.041,249.299,39.359,39.359,7.655,20,20,64,same_worker,239,4543292
yjit-on/puma-response-io-512kb/raptor-3r/repeat-2,yjit-on,true,puma-response-io-512kb,puma-response-time-wrk,puma/benchmarks/local/response_time_wrk,https://github.com/puma/puma/blob/main/benchmarks/local/response_time_wrk.rb,raptor-3r,3,raptor,3,,1000,1000,14.845,5.0,1000,1000,15.221,2.0,5,true,1000,0,67.361,42.93,43.996,48.268,3684.236,3777.554,43.754,43.754,8.23,20,20,206,same_worker,115,1750315
yjit-on/puma-response-array-1024kb/raptor-3r/repeat-2,yjit-on,true,puma-response-array-1024kb,puma-response-time-wrk,puma/benchmarks/local/response_time_wrk,https://github.com/puma/puma/blob/main/benchmarks/local/response_time_wrk.rb,raptor-3r,3,raptor,3,,1000,1000,12.156,5.0,1000,1000,15.32,2.0,5,true,1000,0,82.261,42.992,44.982,48.636,3111.68,3247.587,43.754,43.754,8.78,20,20,167,same_worker,41,718341
yjit-on/puma-response-chunk-1024kb/raptor-3r/repeat-2,yjit-on,true,puma-response-chunk-1024kb,puma-response-time-wrk,puma/benchmarks/local/response_time_wrk,https://github.com/puma/puma/blob/main/benchmarks/local/response_time_wrk.rb,raptor-3r,3,raptor,3,,1000,1000,13.933,5.0,1000,1000,14.006,2.0,5,true,1000,0,71.774,43.614,44.997,50.999,3235.405,3669.736,43.754,43.754,9.405,20,20,193,same_worker,41,716467
yjit-on/puma-response-string-1024kb/raptor-3r/repeat-2,yjit-on,true,puma-response-string-1024kb,puma-response-time-wrk,puma/benchmarks/local/response_time_wrk,https://github.com/puma/puma/blob/main/benchmarks/local/response_time_wrk.rb,raptor-3r,3,raptor,3,,4344,1000,5.004,5.0,1000,1735,2.004,2.0,5,true,4344,0,868.113,3.092,5.471,21.437,348.971,352.34,47.098,47.098,9.8,20,20,62,same_worker,187,3124478
yjit-on/puma-response-io-1024kb/raptor-3r/repeat-2,yjit-on,true,puma-response-io-1024kb,puma-response-time-wrk,puma/benchmarks/local/response_time_wrk,https://github.com/puma/puma/blob/main/benchmarks/local/response_time_wrk.rb,raptor-3r,3,raptor,3,,1000,1000,15.19,5.0,1000,1000,16.14,2.0,5,true,1000,0,65.835,44.491,46.08,63.419,3602.544,3618.833,53.789,53.789,10.57,20,20,210,same_worker,160,2773243
yjit-on/puma-response-array-2048kb/raptor-3r/repeat-2,yjit-on,true,puma-response-array-2048kb,puma-response-time-wrk,puma/benchmarks/local/response_time_wrk,https://github.com/puma/puma/blob/main/benchmarks/local/response_time_wrk.rb,raptor-3r,3,raptor,3,,1000,1000,15.365,5.0,1000,1000,15.354,2.0,5,true,1000,0,65.083,45.938,47.967,49.804,3851.294,3973.429,53.789,53.789,11.625,20,20,212,same_worker,33,718363
yjit-on/puma-response-chunk-2048kb/raptor-3r/repeat-2,yjit-on,true,puma-response-chunk-2048kb,puma-response-time-wrk,puma/benchmarks/local/response_time_wrk,https://github.com/puma/puma/blob/main/benchmarks/local/response_time_wrk.rb,raptor-3r,3,raptor,3,,1000,1000,14.894,5.0,1000,1000,15.699,2.0,5,true,1000,0,67.142,45.966,48.064,51.082,3594.86,3908.535,53.789,53.789,12.745,20,20,205,same_worker,33,715117
yjit-on/puma-response-string-2048kb/raptor-3r/repeat-2,yjit-on,true,puma-response-string-2048kb,puma-response-time-wrk,puma/benchmarks/local/response_time_wrk,https://github.com/puma/puma/blob/main/benchmarks/local/response_time_wrk.rb,raptor-3r,3,raptor,3,,2715,1000,5.01,5.0,1000,1118,2.097,2.0,5,true,2715,0,541.889,5.367,7.57,14.261,556.614,589.051,59.801,59.801,13.12,20,20,60,same_worker,94,1949481
yjit-on/puma-response-io-2048kb/raptor-3r/repeat-2,yjit-on,true,puma-response-io-2048kb,puma-response-time-wrk,puma/benchmarks/local/response_time_wrk,https://github.com/puma/puma/blob/main/benchmarks/local/response_time_wrk.rb,raptor-3r,3,raptor,3,,1000,1000,16.869,5.0,1000,1000,17.85,2.0,5,true,1000,0,59.281,47.971,50.892,54.42,4169.098,4179.664,84.383,81.992,14.355,20,20,232,same_worker,115,4821237
yjit-on/puma-long-tail-fib-200ms-x6p0/raptor-3r/repeat-2,yjit-on,true,puma-long-tail-fib-200ms-x6p0,puma-long-tail-hey,puma/benchmarks/local/long_tail_hey + test/rackup/sleep_fibonacci,https://github.com/puma/puma/blob/main/benchmarks/local/long_tail_hey.rb,raptor-3r,3,raptor,3,,363,360,29.019,5.0,360,360,28.779,2.0,18,true,363,0,12.509,241.846,243.928,19618.895,24411.255,24412.072,82.496,82.496,23.67,20,20,394,same_worker,1,63925
yjit-on/puma-long-tail-fib-200ms-x4p0/raptor-3r/repeat-2,yjit-on,true,puma-long-tail-fib-200ms-x4p0,puma-long-tail-hey,puma/benchmarks/local/long_tail_hey + test/rackup/sleep_fibonacci,https://github.com/puma/puma/blob/main/benchmarks/local/long_tail_hey.rb,raptor-3r,3,raptor,3,,243,240,19.42,5.0,240,240,19.179,2.0,12,true,243,0,12.513,241.733,242.946,12805.954,14817.66,14817.679,82.531,82.531,31.785,20,20,264,same_worker,1,42575
yjit-on/puma-long-tail-fib-200ms-x3p0/raptor-3r/repeat-2,yjit-on,true,puma-long-tail-fib-200ms-x3p0,puma-long-tail-hey,puma/benchmarks/local/long_tail_hey + test/rackup/sleep_fibonacci,https://github.com/puma/puma/blob/main/benchmarks/local/long_tail_hey.rb,raptor-3r,3,raptor,3,,183,180,14.625,5.0,180,180,14.384,2.0,9,true,183,0,12.513,241.88,243.007,10024.409,10028.193,10029.006,82.539,82.539,37.135,20,20,200,same_worker,1,31640
yjit-on/puma-long-tail-fib-200ms-x2p0/raptor-3r/repeat-2,yjit-on,true,puma-long-tail-fib-200ms-x2p0,puma-long-tail-hey,puma/benchmarks/local/long_tail_hey + test/rackup/sleep_fibonacci,https://github.com/puma/puma/blob/main/benchmarks/local/long_tail_hey.rb,raptor-3r,3,raptor,3,,123,120,9.828,5.0,120,120,9.588,2.0,6,true,123,0,12.515,241.665,242.545,5235.065,5235.755,5235.773,82.547,82.547,40.615,20,20,134,same_worker,0,21765
yjit-on/puma-long-tail-fib-200ms-x1p5/raptor-3r/repeat-2,yjit-on,true,puma-long-tail-fib-200ms-x1p5,puma-long-tail-hey,puma/benchmarks/local/long_tail_hey + test/rackup/sleep_fibonacci,https://github.com/puma/puma/blob/main/benchmarks/local/long_tail_hey.rb,raptor-3r,3,raptor,3,,103,100,9.83,5.0,100,100,9.577,2.0,5,true,103,0,10.478,241.68,242.561,5135.907,5235.855,5235.868,82.547,82.547,43.185,20,20,135,same_worker,1,19129
yjit-on/puma-long-tail-fib-200ms-x1p0/raptor-3r/repeat-2,yjit-on,true,puma-long-tail-fib-200ms-x1p0,puma-long-tail-hey,puma/benchmarks/local/long_tail_hey + test/rackup/sleep_fibonacci,https://github.com/puma/puma/blob/main/benchmarks/local/long_tail_hey.rb,raptor-3r,3,raptor,3,,63,60,5.037,5.0,60,60,4.798,2.0,3,true,63,0,12.508,241.71,242.481,242.94,243.029,243.039,82.547,82.547,44.77,20,20,70,same_worker,0,11120
yjit-on/puma-long-tail-fib-200ms-x0p5/raptor-3r/repeat-2,yjit-on,true,puma-long-tail-fib-200ms-x0p5,puma-long-tail-hey,puma/benchmarks/local/long_tail_hey + test/rackup/sleep_fibonacci,https://github.com/puma/puma/blob/main/benchmarks/local/long_tail_hey.rb,raptor-3r,3,raptor,3,,42,40,5.032,5.0,40,40,4.793,2.0,2,true,42,0,8.347,241.276,242.288,242.319,242.324,242.324,82.547,82.547,45.72,20,20,71,same_worker,1,10416
yjit-on/puma-sleep-fibonacci-1ms/raptor-3r/repeat-2,yjit-on,true,puma-sleep-fibonacci-1ms,puma-sleep-fibonacci-test,puma/benchmarks/local/sleep_fibonacci_test + test/rackup/sleep_fibonacci,https://github.com/puma/puma/blob/main/benchmarks/local/sleep_fibonacci_test.rb,raptor-3r,3,raptor,3,,122,10,5.011,5.0,10,49,2.019,2.0,1,true,122,0,24.347,41.963,42.499,42.996,43.056,43.064,82.605,82.605,45.7,20,20,71,same_worker,0,21601
yjit-on/puma-sleep-fibonacci-5ms/raptor-3r/repeat-2,yjit-on,true,puma-sleep-fibonacci-5ms,puma-sleep-fibonacci-test,puma/benchmarks/local/sleep_fibonacci_test + test/rackup/sleep_fibonacci,https://github.com/puma/puma/blob/main/benchmarks/local/sleep_fibonacci_test.rb,raptor-3r,3,raptor,3,,112,10,5.018,5.0,10,45,2.029,2.0,1,true,112,0,22.321,45.942,46.049,46.838,46.925,46.926,82.676,82.676,45.41,20,20,71,same_worker,1,18918
yjit-on/puma-sleep-fibonacci-10ms/raptor-3r/repeat-2,yjit-on,true,puma-sleep-fibonacci-10ms,puma-sleep-fibonacci-test,puma/benchmarks/local/sleep_fibonacci_test + test/rackup/sleep_fibonacci,https://github.com/puma/puma/blob/main/benchmarks/local/sleep_fibonacci_test.rb,raptor-3r,3,raptor,3,,99,10,5.027,5.0,10,40,2.024,2.0,1,true,99,0,19.695,50.966,51.967,52.006,52.338,52.375,82.676,82.676,45.16,20,20,71,same_worker,0,15477
yjit-on/puma-sleep-fibonacci-50ms/raptor-3r/repeat-2,yjit-on,true,puma-sleep-fibonacci-50ms,puma-sleep-fibonacci-test,puma/benchmarks/local/sleep_fibonacci_test + test/rackup/sleep_fibonacci,https://github.com/puma/puma/blob/main/benchmarks/local/sleep_fibonacci_test.rb,raptor-3r,3,raptor,3,,55,10,5.005,5.0,10,23,2.07,2.0,1,true,55,0,10.99,91.919,92.036,92.456,92.832,92.873,82.676,82.676,45.1,20,20,71,same_worker,1,13210
yjit-on/puma-sleep-fibonacci-100ms/raptor-3r/repeat-2,yjit-on,true,puma-sleep-fibonacci-100ms,puma-sleep-fibonacci-test,puma/benchmarks/local/sleep_fibonacci_test + test/rackup/sleep_fibonacci,https://github.com/puma/puma/blob/main/benchmarks/local/sleep_fibonacci_test.rb,raptor-3r,3,raptor,3,,36,10,5.067,5.0,10,15,2.09,2.0,1,true,36,0,7.105,141.954,142.003,142.044,142.057,142.058,82.676,82.676,45.1,20,20,72,same_worker,0,6528
yjit-on/puma-sleep-fibonacci-200ms/raptor-3r/repeat-2,yjit-on,true,puma-sleep-fibonacci-200ms,puma-sleep-fibonacci-test,puma/benchmarks/local/sleep_fibonacci_test + test/rackup/sleep_fibonacci,https://github.com/puma/puma/blob/main/benchmarks/local/sleep_fibonacci_test.rb,raptor-3r,3,raptor,3,,21,10,5.033,5.0,10,10,2.379,2.0,1,true,21,0,4.172,241.341,242.034,242.839,243.02,243.04,82.676,82.676,45.195,20,20,71,same_worker,0,3888
yjit-on/puma-response-array-1kb/raptor-3r/repeat-3,yjit-on,true,puma-response-array-1kb,puma-response-time-wrk,puma/benchmarks/local/response_time_wrk,https://github.com/puma/puma/blob/main/benchmarks/local/response_time_wrk.rb,raptor-3r,3,raptor,3,,1000,1000,16.143,5.0,1000,1000,16.133,2.0,5,true,1000,0,61.946,41.0,41.964,42.387,4037.159,4037.499,29.785,29.785,3.875,20,20,226,same_worker,32,718295
yjit-on/puma-response-chunk-1kb/raptor-3r/repeat-3,yjit-on,true,puma-response-chunk-1kb,puma-response-time-wrk,puma/benchmarks/local/response_time_wrk,https://github.com/puma/puma/blob/main/benchmarks/local/response_time_wrk.rb,raptor-3r,3,raptor,3,,1000,1000,16.126,5.0,1000,1000,16.107,2.0,5,true,1000,0,62.01,40.995,41.977,42.246,4033.384,4034.983,29.949,29.949,3.02,20,20,226,same_worker,33,714419
yjit-on/puma-response-string-1kb/raptor-3r/repeat-3,yjit-on,true,puma-response-string-1kb,puma-response-time-wrk,puma/benchmarks/local/response_time_wrk,https://github.com/puma/puma/blob/main/benchmarks/local/response_time_wrk.rb,raptor-3r,3,raptor,3,,1000,1000,16.138,5.0,1000,1000,16.107,2.0,5,true,1000,0,61.964,40.995,41.979,42.277,4033.607,4035.048,30.027,30.027,2.795,20,20,226,same_worker,33,720094
yjit-on/puma-response-io-1kb/raptor-3r/repeat-3,yjit-on,true,puma-response-io-1kb,puma-response-time-wrk,puma/benchmarks/local/response_time_wrk,https://github.com/puma/puma/blob/main/benchmarks/local/response_time_wrk.rb,raptor-3r,3,raptor,3,,1000,1000,16.139,5.0,1000,1000,16.106,2.0,5,true,1000,0,61.962,40.993,41.963,42.282,4037.417,4038.58,30.137,30.137,2.725,20,20,226,same_worker,33,727233
yjit-on/puma-response-array-10kb/raptor-3r/repeat-3,yjit-on,true,puma-response-array-10kb,puma-response-time-wrk,puma/benchmarks/local/response_time_wrk,https://github.com/puma/puma/blob/main/benchmarks/local/response_time_wrk.rb,raptor-3r,3,raptor,3,,1000,1000,16.177,5.0,1000,1000,16.102,2.0,5,true,1000,0,61.817,40.991,41.954,42.326,4067.757,4069.757,30.297,30.297,2.7,20,20,226,same_worker,33,719231
yjit-on/puma-response-chunk-10kb/raptor-3r/repeat-3,yjit-on,true,puma-response-chunk-10kb,puma-response-time-wrk,puma/benchmarks/local/response_time_wrk,https://github.com/puma/puma/blob/main/benchmarks/local/response_time_wrk.rb,raptor-3r,3,raptor,3,,1000,1000,16.13,5.0,1000,1000,16.101,2.0,5,true,1000,0,61.996,40.998,41.978,42.42,4038.557,4075.058,30.305,30.305,2.695,20,20,225,same_worker,34,716740
yjit-on/puma-response-string-10kb/raptor-3r/repeat-3,yjit-on,true,puma-response-string-10kb,puma-response-time-wrk,puma/benchmarks/local/response_time_wrk,https://github.com/puma/puma/blob/main/benchmarks/local/response_time_wrk.rb,raptor-3r,3,raptor,3,,1000,1000,16.134,5.0,1000,1000,16.096,2.0,5,true,1000,0,61.982,40.993,41.941,42.296,4031.985,4034.37,30.324,30.324,2.6,20,20,225,same_worker,34,719799
yjit-on/puma-response-io-10kb/raptor-3r/repeat-3,yjit-on,true,puma-response-io-10kb,puma-response-time-wrk,puma/benchmarks/local/response_time_wrk,https://github.com/puma/puma/blob/main/benchmarks/local/response_time_wrk.rb,raptor-3r,3,raptor,3,,1000,1000,16.141,5.0,1000,1000,16.125,2.0,5,true,1000,0,61.956,40.993,41.978,42.338,4036.004,4069.016,30.844,30.844,2.625,20,20,225,same_worker,37,745881
yjit-on/puma-response-array-100kb/raptor-3r/repeat-3,yjit-on,true,puma-response-array-100kb,puma-response-time-wrk,puma/benchmarks/local/response_time_wrk,https://github.com/puma/puma/blob/main/benchmarks/local/response_time_wrk.rb,raptor-3r,3,raptor,3,,1000,1000,14.848,5.0,1000,1000,14.401,2.0,5,true,1000,0,67.347,40.982,41.972,42.925,3599.77,3638.546,30.867,30.867,2.775,20,20,208,same_worker,36,719243
yjit-on/puma-response-chunk-100kb/raptor-3r/repeat-3,yjit-on,true,puma-response-chunk-100kb,puma-response-time-wrk,puma/benchmarks/local/response_time_wrk,https://github.com/puma/puma/blob/main/benchmarks/local/response_time_wrk.rb,raptor-3r,3,raptor,3,,1000,1000,15.127,5.0,1000,1000,13.494,2.0,5,true,1000,0,66.108,40.98,41.992,42.829,3674.884,3799.22,30.879,30.879,2.905,20,20,211,same_worker,36,716249
yjit-on/puma-response-string-100kb/raptor-3r/repeat-3,yjit-on,true,puma-response-string-100kb,puma-response-time-wrk,puma/benchmarks/local/response_time_wrk,https://github.com/puma/puma/blob/main/benchmarks/local/response_time_wrk.rb,raptor-3r,3,raptor,3,,11520,1000,5.003,5.0,1000,4831,2.002,2.0,5,true,11520,0,2302.707,1.252,2.007,6.361,128.093,134.507,31.258,31.258,4.14,20,20,67,same_worker,463,8282702
yjit-on/puma-response-io-100kb/raptor-3r/repeat-3,yjit-on,true,puma-response-io-100kb,puma-response-time-wrk,puma/benchmarks/local/response_time_wrk,https://github.com/puma/puma/blob/main/benchmarks/local/response_time_wrk.rb,raptor-3r,3,raptor,3,,1000,1000,14.296,5.0,1000,1000,13.478,2.0,5,true,1000,0,69.952,40.992,41.995,43.049,3566.963,3649.902,33.965,33.965,4.81,20,20,200,same_worker,60,925249
yjit-on/puma-response-array-256kb/raptor-3r/repeat-3,yjit-on,true,puma-response-array-256kb,puma-response-time-wrk,puma/benchmarks/local/response_time_wrk,https://github.com/puma/puma/blob/main/benchmarks/local/response_time_wrk.rb,raptor-3r,3,raptor,3,,1000,1000,12.883,5.0,1000,1000,13.082,2.0,5,true,1000,0,77.623,41.906,42.807,43.932,3330.962,3334.011,33.965,33.965,4.99,20,20,180,same_worker,45,719249
yjit-on/puma-response-chunk-256kb/raptor-3r/repeat-3,yjit-on,true,puma-response-chunk-256kb,puma-response-time-wrk,puma/benchmarks/local/response_time_wrk,https://github.com/puma/puma/blob/main/benchmarks/local/response_time_wrk.rb,raptor-3r,3,raptor,3,,1000,1000,13.367,5.0,1000,1000,11.756,2.0,5,true,1000,0,74.813,41.925,42.772,43.938,3674.036,3763.429,33.965,33.965,5.19,20,20,187,same_worker,41,715681
yjit-on/puma-response-string-256kb/raptor-3r/repeat-3,yjit-on,true,puma-response-string-256kb,puma-response-time-wrk,puma/benchmarks/local/response_time_wrk,https://github.com/puma/puma/blob/main/benchmarks/local/response_time_wrk.rb,raptor-3r,3,raptor,3,,8898,1000,5.002,5.0,1000,3558,2.002,2.0,5,true,8898,0,1778.812,1.538,2.475,42.167,155.261,207.79,34.258,34.258,5.995,20,20,66,same_worker,304,6398860
yjit-on/puma-response-io-256kb/raptor-3r/repeat-3,yjit-on,true,puma-response-io-256kb,puma-response-time-wrk,puma/benchmarks/local/response_time_wrk,https://github.com/puma/puma/blob/main/benchmarks/local/response_time_wrk.rb,raptor-3r,3,raptor,3,,1000,1000,13.898,5.0,1000,1000,13.315,2.0,5,true,1000,0,71.951,41.958,42.969,43.848,3809.821,3931.652,39.691,39.691,6.56,20,20,194,same_worker,68,1236892
yjit-on/puma-response-array-512kb/raptor-3r/repeat-3,yjit-on,true,puma-response-array-512kb,puma-response-time-wrk,puma/benchmarks/local/response_time_wrk,https://github.com/puma/puma/blob/main/benchmarks/local/response_time_wrk.rb,raptor-3r,3,raptor,3,,1000,1000,14.319,5.0,1000,1000,14.881,2.0,5,true,1000,0,69.839,41.982,43.151,44.927,3759.86,3831.617,39.691,39.691,6.82,20,20,199,same_worker,37,719172
yjit-on/puma-response-chunk-512kb/raptor-3r/repeat-3,yjit-on,true,puma-response-chunk-512kb,puma-response-time-wrk,puma/benchmarks/local/response_time_wrk,https://github.com/puma/puma/blob/main/benchmarks/local/response_time_wrk.rb,raptor-3r,3,raptor,3,,1000,1000,14.019,5.0,1000,1000,13.989,2.0,5,true,1000,0,71.329,41.988,43.129,46.03,3208.014,3812.814,39.691,39.691,7.12,20,20,195,same_worker,37,716251
yjit-on/puma-response-string-512kb/raptor-3r/repeat-3,yjit-on,true,puma-response-string-512kb,puma-response-time-wrk,puma/benchmarks/local/response_time_wrk,https://github.com/puma/puma/blob/main/benchmarks/local/response_time_wrk.rb,raptor-3r,3,raptor,3,,6268,1000,5.003,5.0,1000,2598,2.087,2.0,5,true,6268,0,1252.883,2.154,3.468,23.139,240.541,264.895,39.801,39.801,7.635,20,20,64,same_worker,247,4509643
yjit-on/puma-response-io-512kb/raptor-3r/repeat-3,yjit-on,true,puma-response-io-512kb,puma-response-time-wrk,puma/benchmarks/local/response_time_wrk,https://github.com/puma/puma/blob/main/benchmarks/local/response_time_wrk.rb,raptor-3r,3,raptor,3,,1000,1000,15.462,5.0,1000,1000,15.037,2.0,5,true,1000,0,64.676,42.941,43.957,45.142,3862.282,3886.861,46.344,46.344,8.165,20,20,215,same_worker,92,1751264
yjit-on/puma-response-array-1024kb/raptor-3r/repeat-3,yjit-on,true,puma-response-array-1024kb,puma-response-time-wrk,puma/benchmarks/local/response_time_wrk,https://github.com/puma/puma/blob/main/benchmarks/local/response_time_wrk.rb,raptor-3r,3,raptor,3,,1000,1000,14.543,5.0,1000,1000,14.714,2.0,5,true,1000,0,68.762,43.031,44.605,46.925,3635.743,3876.107,46.344,46.344,8.72,20,20,202,same_worker,33,718191
yjit-on/puma-response-chunk-1024kb/raptor-3r/repeat-3,yjit-on,true,puma-response-chunk-1024kb,puma-response-time-wrk,puma/benchmarks/local/response_time_wrk,https://github.com/puma/puma/blob/main/benchmarks/local/response_time_wrk.rb,raptor-3r,3,raptor,3,,1000,1000,14.617,5.0,1000,1000,15.047,2.0,5,true,1000,0,68.415,43.768,44.957,54.42,3485.965,3744.176,46.344,46.344,9.28,20,20,203,same_worker,32,717260
yjit-on/puma-response-string-1024kb/raptor-3r/repeat-3,yjit-on,true,puma-response-string-1024kb,puma-response-time-wrk,puma/benchmarks/local/response_time_wrk,https://github.com/puma/puma/blob/main/benchmarks/local/response_time_wrk.rb,raptor-3r,3,raptor,3,,4305,1000,5.005,5.0,1000,1834,2.007,2.0,5,true,4305,0,860.172,3.084,5.531,24.804,340.773,360.649,47.754,47.754,9.65,20,20,62,same_worker,147,3093929
yjit-on/puma-response-io-1024kb/raptor-3r/repeat-3,yjit-on,true,puma-response-io-1024kb,puma-response-time-wrk,puma/benchmarks/local/response_time_wrk,https://github.com/puma/puma/blob/main/benchmarks/local/response_time_wrk.rb,raptor-3r,3,raptor,3,,1000,1000,15.992,5.0,1000,1000,16.0,2.0,5,true,1000,0,62.53,44.711,46.164,48.215,3919.292,4084.819,52.145,52.145,10.38,20,20,222,same_worker,173,2772959
yjit-on/puma-response-array-2048kb/raptor-3r/repeat-3,yjit-on,true,puma-response-array-2048kb,puma-response-time-wrk,puma/benchmarks/local/response_time_wrk,https://github.com/puma/puma/blob/main/benchmarks/local/response_time_wrk.rb,raptor-3r,3,raptor,3,,1000,1000,15.124,5.0,1000,1000,15.318,2.0,5,true,1000,0,66.121,45.913,48.11,51.283,3703.697,3897.218,52.145,52.145,11.475,20,20,208,same_worker,36,719243
yjit-on/puma-response-chunk-2048kb/raptor-3r/repeat-3,yjit-on,true,puma-response-chunk-2048kb,puma-response-time-wrk,puma/benchmarks/local/response_time_wrk,https://github.com/puma/puma/blob/main/benchmarks/local/response_time_wrk.rb,raptor-3r,3,raptor,3,,1000,1000,15.961,5.0,1000,1000,16.265,2.0,5,true,1000,0,62.654,45.991,48.082,49.962,3823.687,3843.595,52.145,52.145,12.53,20,20,221,same_worker,36,716245
yjit-on/puma-response-string-2048kb/raptor-3r/repeat-3,yjit-on,true,puma-response-string-2048kb,puma-response-time-wrk,puma/benchmarks/local/response_time_wrk,https://github.com/puma/puma/blob/main/benchmarks/local/response_time_wrk.rb,raptor-3r,3,raptor,3,,2708,1000,5.007,5.0,1000,1174,2.033,2.0,5,true,2708,0,540.893,5.436,7.388,14.85,556.203,573.957,58.156,58.156,12.895,20,20,60,same_worker,100,1944845
yjit-on/puma-response-io-2048kb/raptor-3r/repeat-3,yjit-on,true,puma-response-io-2048kb,puma-response-time-wrk,puma/benchmarks/local/response_time_wrk,https://github.com/puma/puma/blob/main/benchmarks/local/response_time_wrk.rb,raptor-3r,3,raptor,3,,1000,1000,17.166,5.0,1000,1000,17.666,2.0,5,true,1000,0,58.255,47.943,50.815,53.11,4392.185,4397.438,84.707,84.707,14.04,20,20,236,same_worker,115,4820409
yjit-on/puma-long-tail-fib-200ms-x6p0/raptor-3r/repeat-3,yjit-on,true,puma-long-tail-fib-200ms-x6p0,puma-long-tail-hey,puma/benchmarks/local/long_tail_hey + test/rackup/sleep_fibonacci,https://github.com/puma/puma/blob/main/benchmarks/local/long_tail_hey.rb,raptor-3r,3,raptor,3,,363,360,28.993,5.0,360,360,28.782,2.0,18,true,363,0,12.52,241.612,242.944,19598.508,24390.185,24390.188,85.164,85.164,23.23,20,20,393,same_worker,1,63454
yjit-on/puma-long-tail-fib-200ms-x4p0/raptor-3r/repeat-3,yjit-on,true,puma-long-tail-fib-200ms-x4p0,puma-long-tail-hey,puma/benchmarks/local/long_tail_hey + test/rackup/sleep_fibonacci,https://github.com/puma/puma/blob/main/benchmarks/local/long_tail_hey.rb,raptor-3r,3,raptor,3,,243,240,19.423,5.0,240,240,19.172,2.0,12,true,243,0,12.511,241.876,242.631,12811.787,14825.096,14825.237,85.191,85.191,31.23,20,20,264,same_worker,1,43859
yjit-on/puma-long-tail-fib-200ms-x3p0/raptor-3r/repeat-3,yjit-on,true,puma-long-tail-fib-200ms-x3p0,puma-long-tail-hey,puma/benchmarks/local/long_tail_hey + test/rackup/sleep_fibonacci,https://github.com/puma/puma/blob/main/benchmarks/local/long_tail_hey.rb,raptor-3r,3,raptor,3,,183,180,14.621,5.0,180,180,14.379,2.0,9,true,183,0,12.516,241.71,242.667,10021.776,10022.071,10022.106,85.191,85.191,36.5,20,20,199,same_worker,0,31426
yjit-on/puma-long-tail-fib-200ms-x2p0/raptor-3r/repeat-3,yjit-on,true,puma-long-tail-fib-200ms-x2p0,puma-long-tail-hey,puma/benchmarks/local/long_tail_hey + test/rackup/sleep_fibonacci,https://github.com/puma/puma/blob/main/benchmarks/local/long_tail_hey.rb,raptor-3r,3,raptor,3,,123,120,9.834,5.0,120,120,9.588,2.0,6,true,123,0,12.508,241.769,242.755,5237.929,5238.229,5238.27,85.191,85.191,39.965,20,20,134,same_worker,0,23826
yjit-on/puma-long-tail-fib-200ms-x1p5/raptor-3r/repeat-3,yjit-on,true,puma-long-tail-fib-200ms-x1p5,puma-long-tail-hey,puma/benchmarks/local/long_tail_hey + test/rackup/sleep_fibonacci,https://github.com/puma/puma/blob/main/benchmarks/local/long_tail_hey.rb,raptor-3r,3,raptor,3,,103,100,9.83,5.0,100,100,9.587,2.0,5,true,103,0,10.478,241.727,242.568,5133.603,5234.027,5234.096,85.191,85.191,42.51,20,20,135,same_worker,0,16814
yjit-on/puma-long-tail-fib-200ms-x1p0/raptor-3r/repeat-3,yjit-on,true,puma-long-tail-fib-200ms-x1p0,puma-long-tail-hey,puma/benchmarks/local/long_tail_hey + test/rackup/sleep_fibonacci,https://github.com/puma/puma/blob/main/benchmarks/local/long_tail_hey.rb,raptor-3r,3,raptor,3,,63,60,5.037,5.0,60,60,4.798,2.0,3,true,63,0,12.507,241.789,242.552,243.293,243.559,243.588,85.195,85.195,44.065,20,20,69,same_worker,1,13688
yjit-on/puma-long-tail-fib-200ms-x0p5/raptor-3r/repeat-3,yjit-on,true,puma-long-tail-fib-200ms-x0p5,puma-long-tail-hey,puma/benchmarks/local/long_tail_hey + test/rackup/sleep_fibonacci,https://github.com/puma/puma/blob/main/benchmarks/local/long_tail_hey.rb,raptor-3r,3,raptor,3,,42,40,5.039,5.0,40,40,4.795,2.0,2,true,42,0,8.335,241.909,242.268,242.301,242.307,242.308,85.199,85.199,45.0,20,20,70,same_worker,0,6511
yjit-on/puma-sleep-fibonacci-1ms/raptor-3r/repeat-3,yjit-on,true,puma-sleep-fibonacci-1ms,puma-sleep-fibonacci-test,puma/benchmarks/local/sleep_fibonacci_test + test/rackup/sleep_fibonacci,https://github.com/puma/puma/blob/main/benchmarks/local/sleep_fibonacci_test.rb,raptor-3r,3,raptor,3,,122,10,5.016,5.0,10,49,2.019,2.0,1,true,122,0,24.323,41.97,42.931,42.977,42.988,42.988,85.27,85.27,44.99,20,20,71,same_worker,0,21673
yjit-on/puma-sleep-fibonacci-5ms/raptor-3r/repeat-3,yjit-on,true,puma-sleep-fibonacci-5ms,puma-sleep-fibonacci-test,puma/benchmarks/local/sleep_fibonacci_test + test/rackup/sleep_fibonacci,https://github.com/puma/puma/blob/main/benchmarks/local/sleep_fibonacci_test.rb,raptor-3r,3,raptor,3,,112,10,5.016,5.0,10,45,2.029,2.0,1,true,112,0,22.326,45.937,46.162,46.963,47.005,47.01,85.289,85.289,44.71,20,20,71,same_worker,0,19913
yjit-on/puma-sleep-fibonacci-10ms/raptor-3r/repeat-3,yjit-on,true,puma-sleep-fibonacci-10ms,puma-sleep-fibonacci-test,puma/benchmarks/local/sleep_fibonacci_test + test/rackup/sleep_fibonacci,https://github.com/puma/puma/blob/main/benchmarks/local/sleep_fibonacci_test.rb,raptor-3r,3,raptor,3,,99,10,5.036,5.0,10,40,2.019,2.0,1,true,99,0,19.659,50.975,51.994,52.106,52.833,52.914,85.297,85.297,44.475,20,20,71,same_worker,1,17718
yjit-on/puma-sleep-fibonacci-50ms/raptor-3r/repeat-3,yjit-on,true,puma-sleep-fibonacci-50ms,puma-sleep-fibonacci-test,puma/benchmarks/local/sleep_fibonacci_test + test/rackup/sleep_fibonacci,https://github.com/puma/puma/blob/main/benchmarks/local/sleep_fibonacci_test.rb,raptor-3r,3,raptor,3,,55,10,5.013,5.0,10,23,2.074,2.0,1,true,55,0,10.972,91.935,92.396,92.913,92.928,92.929,85.32,85.32,44.4,20,20,71,same_worker,0,8303
yjit-on/puma-sleep-fibonacci-100ms/raptor-3r/repeat-3,yjit-on,true,puma-sleep-fibonacci-100ms,puma-sleep-fibonacci-test,puma/benchmarks/local/sleep_fibonacci_test + test/rackup/sleep_fibonacci,https://github.com/puma/puma/blob/main/benchmarks/local/sleep_fibonacci_test.rb,raptor-3r,3,raptor,3,,36,10,5.068,5.0,10,15,2.089,2.0,1,true,36,0,7.104,141.949,142.015,142.035,142.04,142.041,85.32,85.32,44.4,20,20,72,same_worker,0,6528
yjit-on/puma-sleep-fibonacci-200ms/raptor-3r/repeat-3,yjit-on,true,puma-sleep-fibonacci-200ms,puma-sleep-fibonacci-test,puma/benchmarks/local/sleep_fibonacci_test + test/rackup/sleep_fibonacci,https://github.com/puma/puma/blob/main/benchmarks/local/sleep_fibonacci_test.rb,raptor-3r,3,raptor,3,,21,10,5.038,5.0,10,10,2.376,2.0,1,true,21,0,4.169,241.93,242.03,242.05,242.055,242.055,85.32,85.32,44.5,20,20,71,same_worker,0,3764
yjit-on/puma-response-array-1kb/puma-1w-3t/repeat-1,yjit-on,true,puma-response-array-1kb,puma-response-time-wrk,puma/benchmarks/local/response_time_wrk,https://github.com/puma/puma/blob/main/benchmarks/local/response_time_wrk.rb,puma-1w-3t,3,puma,1,3,15292,1000,5.001,5.0,1000,6018,2.001,2.0,5,true,15292,0,3057.637,1.576,2.047,2.498,3.34,6.939,70.648,69.934,84.75,20,20,65,multiprocess_sample_only,,
yjit-on/puma-response-chunk-1kb/puma-1w-3t/repeat-1,yjit-on,true,puma-response-chunk-1kb,puma-response-time-wrk,puma/benchmarks/local/response_time_wrk,https://github.com/puma/puma/blob/main/benchmarks/local/response_time_wrk.rb,puma-1w-3t,3,puma,1,3,14920,1000,5.001,5.0,1000,6078,2.001,2.0,5,true,14920,0,2983.255,1.616,2.106,2.449,3.236,4.379,71.043,70.574,80.365,20,20,65,multiprocess_sample_only,,
yjit-on/puma-response-string-1kb/puma-1w-3t/repeat-1,yjit-on,true,puma-response-string-1kb,puma-response-time-wrk,puma/benchmarks/local/response_time_wrk,https://github.com/puma/puma/blob/main/benchmarks/local/response_time_wrk.rb,puma-1w-3t,3,puma,1,3,15316,1000,5.001,5.0,1000,6268,2.002,2.0,5,true,15316,0,3062.357,1.57,2.076,2.531,3.388,4.197,70.488,70.359,79.34,20,20,65,multiprocess_sample_only,,
yjit-on/puma-response-io-1kb/puma-1w-3t/repeat-1,yjit-on,true,puma-response-io-1kb,puma-response-time-wrk,puma/benchmarks/local/response_time_wrk,https://github.com/puma/puma/blob/main/benchmarks/local/response_time_wrk.rb,puma-1w-3t,3,puma,1,3,15063,1000,5.001,5.0,1000,6199,2.001,2.0,5,true,15063,0,3011.986,1.597,2.13,2.624,3.471,4.948,70.438,69.941,80.045,20,20,65,multiprocess_sample_only,,
yjit-on/puma-response-array-10kb/puma-1w-3t/repeat-1,yjit-on,true,puma-response-array-10kb,puma-response-time-wrk,puma/benchmarks/local/response_time_wrk,https://github.com/puma/puma/blob/main/benchmarks/local/response_time_wrk.rb,puma-1w-3t,3,puma,1,3,15160,1000,5.001,5.0,1000,6196,2.001,2.0,5,true,15160,0,3031.398,1.584,2.121,2.612,3.357,4.167,72.273,72.023,80.155,20,20,65,multiprocess_sample_only,,
yjit-on/puma-response-chunk-10kb/puma-1w-3t/repeat-1,yjit-on,true,puma-response-chunk-10kb,puma-response-time-wrk,puma/benchmarks/local/response_time_wrk,https://github.com/puma/puma/blob/main/benchmarks/local/response_time_wrk.rb,puma-1w-3t,3,puma,1,3,13161,1000,5.001,5.0,1000,5382,2.001,2.0,5,true,13161,0,2631.538,1.832,2.392,2.882,3.745,4.234,71.738,71.738,79.655,20,20,65,multiprocess_sample_only,,
yjit-on/puma-response-string-10kb/puma-1w-3t/repeat-1,yjit-on,true,puma-response-string-10kb,puma-response-time-wrk,puma/benchmarks/local/response_time_wrk,https://github.com/puma/puma/blob/main/benchmarks/local/response_time_wrk.rb,puma-1w-3t,3,puma,1,3,15094,1000,5.001,5.0,1000,6215,2.001,2.0,5,true,15094,0,3018.08,1.593,2.133,2.598,3.316,4.42,72.145,72.145,79.32,20,20,65,multiprocess_sample_only,,
yjit-on/puma-response-io-10kb/puma-1w-3t/repeat-1,yjit-on,true,puma-response-io-10kb,puma-response-time-wrk,puma/benchmarks/local/response_time_wrk,https://github.com/puma/puma/blob/main/benchmarks/local/response_time_wrk.rb,puma-1w-3t,3,puma,1,3,14892,1000,5.001,5.0,1000,6113,2.002,2.0,5,true,14892,0,2977.702,1.611,2.186,2.675,3.404,4.356,73.129,73.0,79.7,20,20,65,multiprocess_sample_only,,
yjit-on/puma-response-array-100kb/puma-1w-3t/repeat-1,yjit-on,true,puma-response-array-100kb,puma-response-time-wrk,puma/benchmarks/local/response_time_wrk,https://github.com/puma/puma/blob/main/benchmarks/local/response_time_wrk.rb,puma-1w-3t,3,puma,1,3,12372,1000,5.002,5.0,1000,5065,2.002,2.0,5,true,12372,0,2473.604,1.96,2.487,2.928,3.922,5.142,81.035,80.352,79.655,20,20,65,multiprocess_sample_only,,
yjit-on/puma-response-chunk-100kb/puma-1w-3t/repeat-1,yjit-on,true,puma-response-chunk-100kb,puma-response-time-wrk,puma/benchmarks/local/response_time_wrk,https://github.com/puma/puma/blob/main/benchmarks/local/response_time_wrk.rb,puma-1w-3t,3,puma,1,3,6331,1000,5.003,5.0,1000,2583,2.003,2.0,5,true,6331,0,1265.377,3.889,4.788,5.267,7.723,8.312,77.16,76.609,79.13,20,20,62,multiprocess_sample_only,,
yjit-on/puma-response-string-100kb/puma-1w-3t/repeat-1,yjit-on,true,puma-response-string-100kb,puma-response-time-wrk,puma/benchmarks/local/response_time_wrk,https://github.com/puma/puma/blob/main/benchmarks/local/response_time_wrk.rb,puma-1w-3t,3,puma,1,3,12430,1000,5.002,5.0,1000,5060,2.001,2.0,5,true,12430,0,2485.235,1.947,2.502,2.973,3.922,4.548,82.094,81.852,78.645,20,20,65,multiprocess_sample_only,,
yjit-on/puma-response-io-100kb/puma-1w-3t/repeat-1,yjit-on,true,puma-response-io-100kb,puma-response-time-wrk,puma/benchmarks/local/response_time_wrk,https://github.com/puma/puma/blob/main/benchmarks/local/response_time_wrk.rb,puma-1w-3t,3,puma,1,3,12233,1000,5.033,5.0,1000,5025,2.007,2.0,5,true,12233,0,2430.338,1.34,2.278,41.392,42.595,43.763,73.309,73.309,78.285,20,20,66,multiprocess_sample_only,,
yjit-on/puma-response-array-256kb/puma-1w-3t/repeat-1,yjit-on,true,puma-response-array-256kb,puma-response-time-wrk,puma/benchmarks/local/response_time_wrk,https://github.com/puma/puma/blob/main/benchmarks/local/response_time_wrk.rb,puma-1w-3t,3,puma,1,3,8825,1000,5.003,5.0,1000,3766,2.002,2.0,5,true,8825,0,1763.841,2.545,4.141,7.362,21.165,22.521,107.836,105.004,77.7,20,20,63,multiprocess_sample_only,,
yjit-on/puma-response-chunk-256kb/puma-1w-3t/repeat-1,yjit-on,true,puma-response-chunk-256kb,puma-response-time-wrk,puma/benchmarks/local/response_time_wrk,https://github.com/puma/puma/blob/main/benchmarks/local/response_time_wrk.rb,puma-1w-3t,3,puma,1,3,3447,1000,5.006,5.0,1000,1413,2.006,2.0,5,true,3447,0,688.603,7.236,8.725,9.492,12.968,15.482,84.496,83.941,77.135,20,20,57,multiprocess_sample_only,,
yjit-on/puma-response-string-256kb/puma-1w-3t/repeat-1,yjit-on,true,puma-response-string-256kb,puma-response-time-wrk,puma/benchmarks/local/response_time_wrk,https://github.com/puma/puma/blob/main/benchmarks/local/response_time_wrk.rb,puma-1w-3t,3,puma,1,3,9177,1000,5.002,5.0,1000,3709,2.002,2.0,5,true,9177,0,1834.749,2.458,3.683,5.825,22.132,24.941,78.375,78.375,76.15,20,20,62,multiprocess_sample_only,,
yjit-on/puma-response-io-256kb/puma-1w-3t/repeat-1,yjit-on,true,puma-response-io-256kb,puma-response-time-wrk,puma/benchmarks/local/response_time_wrk,https://github.com/puma/puma/blob/main/benchmarks/local/response_time_wrk.rb,puma-1w-3t,3,puma,1,3,8917,1000,5.003,5.0,1000,3682,2.002,2.0,5,true,8917,0,1782.161,2.535,3.99,5.84,20.808,22.403,78.375,78.375,75.07,20,20,62,multiprocess_sample_only,,
yjit-on/puma-response-array-512kb/puma-1w-3t/repeat-1,yjit-on,true,puma-response-array-512kb,puma-response-time-wrk,puma/benchmarks/local/response_time_wrk,https://github.com/puma/puma/blob/main/benchmarks/local/response_time_wrk.rb,puma-1w-3t,3,puma,1,3,6695,1000,5.004,5.0,1000,2666,2.005,2.0,5,true,6695,0,1337.976,3.33,5.163,21.446,23.005,23.602,126.023,120.492,74.55,20,20,61,multiprocess_sample_only,,
yjit-on/puma-response-chunk-512kb/puma-1w-3t/repeat-1,yjit-on,true,puma-response-chunk-512kb,puma-response-time-wrk,puma/benchmarks/local/response_time_wrk,https://github.com/puma/puma/blob/main/benchmarks/local/response_time_wrk.rb,puma-1w-3t,3,puma,1,3,1988,1000,5.01,5.0,1000,1000,2.426,2.0,5,true,1988,0,396.801,12.418,15.217,16.421,24.966,25.728,87.625,86.922,74.085,20,20,50,multiprocess_sample_only,,
yjit-on/puma-response-string-512kb/puma-1w-3t/repeat-1,yjit-on,true,puma-response-string-512kb,puma-response-time-wrk,puma/benchmarks/local/response_time_wrk,https://github.com/puma/puma/blob/main/benchmarks/local/response_time_wrk.rb,puma-1w-3t,3,puma,1,3,6765,1000,5.004,5.0,1000,2819,2.014,2.0,5,true,6765,0,1351.827,3.301,4.966,21.835,23.794,26.364,89.699,89.699,73.075,20,20,61,multiprocess_sample_only,,
yjit-on/puma-response-io-512kb/puma-1w-3t/repeat-1,yjit-on,true,puma-response-io-512kb,puma-response-time-wrk,puma/benchmarks/local/response_time_wrk,https://github.com/puma/puma/blob/main/benchmarks/local/response_time_wrk.rb,puma-1w-3t,3,puma,1,3,6554,1000,5.002,5.0,1000,2616,2.002,2.0,5,true,6554,0,1310.159,3.36,5.218,21.907,24.95,211.049,89.793,89.793,71.775,20,20,61,multiprocess_sample_only,,
yjit-on/puma-response-array-1024kb/puma-1w-3t/repeat-1,yjit-on,true,puma-response-array-1024kb,puma-response-time-wrk,puma/benchmarks/local/response_time_wrk,https://github.com/puma/puma/blob/main/benchmarks/local/response_time_wrk.rb,puma-1w-3t,3,puma,1,3,4121,1000,5.004,5.0,1000,1659,2.004,2.0,5,true,4121,0,823.599,5.497,8.287,26.376,28.476,29.781,122.059,120.531,70.935,20,20,56,multiprocess_sample_only,,
yjit-on/puma-response-chunk-1024kb/puma-1w-3t/repeat-1,yjit-on,true,puma-response-chunk-1024kb,puma-response-time-wrk,puma/benchmarks/local/response_time_wrk,https://github.com/puma/puma/blob/main/benchmarks/local/response_time_wrk.rb,puma-1w-3t,3,puma,1,3,1050,1000,5.02,5.0,1000,1000,4.658,2.0,5,true,1050,0,209.184,23.909,27.954,29.985,32.993,41.12,90.266,89.602,70.61,20,20,39,multiprocess_sample_only,,
yjit-on/puma-response-string-1024kb/puma-1w-3t/repeat-1,yjit-on,true,puma-response-string-1024kb,puma-response-time-wrk,puma/benchmarks/local/response_time_wrk,https://github.com/puma/puma/blob/main/benchmarks/local/response_time_wrk.rb,puma-1w-3t,3,puma,1,3,4235,1000,5.005,5.0,1000,1756,2.004,2.0,5,true,4235,0,846.237,5.231,8.076,26.827,29.926,32.105,92.75,92.75,69.615,20,20,56,multiprocess_sample_only,,
yjit-on/puma-response-io-1024kb/puma-1w-3t/repeat-1,yjit-on,true,puma-response-io-1024kb,puma-response-time-wrk,puma/benchmarks/local/response_time_wrk,https://github.com/puma/puma/blob/main/benchmarks/local/response_time_wrk.rb,puma-1w-3t,3,puma,1,3,4196,1000,5.005,5.0,1000,1746,2.007,2.0,5,true,4196,0,838.409,5.273,8.011,26.876,29.177,30.565,92.75,92.75,68.16,20,20,56,multiprocess_sample_only,,
yjit-on/puma-response-array-2048kb/puma-1w-3t/repeat-1,yjit-on,true,puma-response-array-2048kb,puma-response-time-wrk,puma/benchmarks/local/response_time_wrk,https://github.com/puma/puma/blob/main/benchmarks/local/response_time_wrk.rb,puma-1w-3t,3,puma,1,3,2463,1000,5.007,5.0,1000,1029,2.008,2.0,5,true,2463,0,491.898,10.022,12.004,13.03,18.583,20.642,101.578,95.758,67.73,20,20,52,multiprocess_sample_only,,
yjit-on/puma-response-chunk-2048kb/puma-1w-3t/repeat-1,yjit-on,true,puma-response-chunk-2048kb,puma-response-time-wrk,puma/benchmarks/local/response_time_wrk,https://github.com/puma/puma/blob/main/benchmarks/local/response_time_wrk.rb,puma-1w-3t,3,puma,1,3,1000,1000,8.998,5.0,1000,1000,8.8,2.0,5,true,1000,0,111.132,45.048,51.759,54.509,56.74,61.356,92.32,92.32,67.75,20,20,51,multiprocess_sample_only,,
yjit-on/puma-response-string-2048kb/puma-1w-3t/repeat-1,yjit-on,true,puma-response-string-2048kb,puma-response-time-wrk,puma/benchmarks/local/response_time_wrk,https://github.com/puma/puma/blob/main/benchmarks/local/response_time_wrk.rb,puma-1w-3t,3,puma,1,3,2678,1000,5.008,5.0,1000,1031,2.009,2.0,5,true,2678,0,534.769,9.196,10.614,11.346,17.3,19.287,96.762,96.762,66.925,20,20,53,multiprocess_sample_only,,
yjit-on/puma-response-io-2048kb/puma-1w-3t/repeat-1,yjit-on,true,puma-response-io-2048kb,puma-response-time-wrk,puma/benchmarks/local/response_time_wrk,https://github.com/puma/puma/blob/main/benchmarks/local/response_time_wrk.rb,puma-1w-3t,3,puma,1,3,2656,1000,5.008,5.0,1000,1108,2.008,2.0,5,true,2656,0,530.357,9.207,11.034,11.966,16.241,18.661,96.762,96.762,65.61,20,20,53,multiprocess_sample_only,,
yjit-on/puma-long-tail-fib-200ms-x6p0/puma-1w-3t/repeat-1,yjit-on,true,puma-long-tail-fib-200ms-x6p0,puma-long-tail-hey,puma/benchmarks/local/long_tail_hey + test/rackup/sleep_fibonacci,https://github.com/puma/puma/blob/main/benchmarks/local/long_tail_hey.rb,puma-1w-3t,3,puma,1,3,360,360,51.196,5.0,360,360,51.19,2.0,18,true,360,0,7.032,2557.81,2596.866,2603.836,2611.786,2612.62,121.16,121.16,74.53,20,20,697,multiprocess_sample_only,,
yjit-on/puma-long-tail-fib-200ms-x4p0/puma-1w-3t/repeat-1,yjit-on,true,puma-long-tail-fib-200ms-x4p0,puma-long-tail-hey,puma/benchmarks/local/long_tail_hey + test/rackup/sleep_fibonacci,https://github.com/puma/puma/blob/main/benchmarks/local/long_tail_hey.rb,puma-1w-3t,3,puma,1,3,240,240,34.125,5.0,240,240,34.124,2.0,12,true,240,0,7.033,1705.074,1742.271,1756.072,1764.929,1767.304,121.66,121.66,80.095,20,20,466,multiprocess_sample_only,,
yjit-on/puma-long-tail-fib-200ms-x3p0/puma-1w-3t/repeat-1,yjit-on,true,puma-long-tail-fib-200ms-x3p0,puma-long-tail-hey,puma/benchmarks/local/long_tail_hey + test/rackup/sleep_fibonacci,https://github.com/puma/puma/blob/main/benchmarks/local/long_tail_hey.rb,puma-1w-3t,3,puma,1,3,180,180,25.587,5.0,180,180,25.586,2.0,9,true,180,0,7.035,1278.462,1308.687,1326.835,1334.602,1335.398,122.23,122.23,82.825,20,20,350,multiprocess_sample_only,,
yjit-on/puma-long-tail-fib-200ms-x2p0/puma-1w-3t/repeat-1,yjit-on,true,puma-long-tail-fib-200ms-x2p0,puma-long-tail-hey,puma/benchmarks/local/long_tail_hey + test/rackup/sleep_fibonacci,https://github.com/puma/puma/blob/main/benchmarks/local/long_tail_hey.rb,puma-1w-3t,3,puma,1,3,120,120,17.063,5.0,120,120,17.053,2.0,6,true,120,0,7.033,852.663,880.672,887.713,887.952,887.963,123.434,123.434,84.335,20,20,234,multiprocess_sample_only,,
yjit-on/puma-long-tail-fib-200ms-x1p5/puma-1w-3t/repeat-1,yjit-on,true,puma-long-tail-fib-200ms-x1p5,puma-long-tail-hey,puma/benchmarks/local/long_tail_hey + test/rackup/sleep_fibonacci,https://github.com/puma/puma/blob/main/benchmarks/local/long_tail_hey.rb,puma-1w-3t,3,puma,1,3,100,100,14.223,5.0,100,100,14.269,2.0,5,true,100,0,7.031,730.08,848.645,860.452,863.56,863.905,123.434,123.434,85.32,20,20,195,multiprocess_sample_only,,
yjit-on/puma-long-tail-fib-200ms-x1p0/puma-1w-3t/repeat-1,yjit-on,true,puma-long-tail-fib-200ms-x1p0,puma-long-tail-hey,puma/benchmarks/local/long_tail_hey + test/rackup/sleep_fibonacci,https://github.com/puma/puma/blob/main/benchmarks/local/long_tail_hey.rb,puma-1w-3t,3,puma,1,3,60,60,8.538,5.0,60,60,8.528,2.0,3,true,60,0,7.027,428.805,446.58,452.275,455.14,455.459,123.5,123.5,85.92,20,20,118,multiprocess_sample_only,,
yjit-on/puma-long-tail-fib-200ms-x0p5/puma-1w-3t/repeat-1,yjit-on,true,puma-long-tail-fib-200ms-x0p5,puma-long-tail-hey,puma/benchmarks/local/long_tail_hey + test/rackup/sleep_fibonacci,https://github.com/puma/puma/blob/main/benchmarks/local/long_tail_hey.rb,puma-1w-3t,3,puma,1,3,40,40,5.691,5.0,40,40,5.684,2.0,2,true,40,0,7.028,284.468,289.211,297.21,300.969,301.386,123.527,123.527,86.275,20,20,80,multiprocess_sample_only,,
yjit-on/puma-sleep-fibonacci-1ms/puma-1w-3t/repeat-1,yjit-on,true,puma-sleep-fibonacci-1ms,puma-sleep-fibonacci-test,puma/benchmarks/local/sleep_fibonacci_test + test/rackup/sleep_fibonacci,https://github.com/puma/puma/blob/main/benchmarks/local/sleep_fibonacci_test.rb,puma-1w-3t,3,puma,1,3,1673,10,5.001,5.0,10,669,2.001,2.0,1,true,1673,0,334.527,2.981,3.276,3.396,3.969,4.36,118.82,118.82,85.925,20,20,70,multiprocess_sample_only,,
yjit-on/puma-sleep-fibonacci-5ms/puma-1w-3t/repeat-1,yjit-on,true,puma-sleep-fibonacci-5ms,puma-sleep-fibonacci-test,puma/benchmarks/local/sleep_fibonacci_test + test/rackup/sleep_fibonacci,https://github.com/puma/puma/blob/main/benchmarks/local/sleep_fibonacci_test.rb,puma-1w-3t,3,puma,1,3,508,10,5.004,5.0,10,203,2.006,2.0,1,true,508,0,101.51,9.78,10.447,10.875,11.28,11.488,118.949,118.949,85.32,20,20,71,multiprocess_sample_only,,
yjit-on/puma-sleep-fibonacci-10ms/puma-1w-3t/repeat-1,yjit-on,true,puma-sleep-fibonacci-10ms,puma-sleep-fibonacci-test,puma/benchmarks/local/sleep_fibonacci_test + test/rackup/sleep_fibonacci,https://github.com/puma/puma/blob/main/benchmarks/local/sleep_fibonacci_test.rb,puma-1w-3t,3,puma,1,3,352,10,5.011,5.0,10,140,2.007,2.0,1,true,352,0,70.244,14.253,14.506,14.717,14.89,14.893,119.074,119.074,84.865,20,20,71,multiprocess_sample_only,,
yjit-on/puma-sleep-fibonacci-50ms/puma-1w-3t/repeat-1,yjit-on,true,puma-sleep-fibonacci-50ms,puma-sleep-fibonacci-test,puma/benchmarks/local/sleep_fibonacci_test + test/rackup/sleep_fibonacci,https://github.com/puma/puma/blob/main/benchmarks/local/sleep_fibonacci_test.rb,puma-1w-3t,3,puma,1,3,99,10,5.014,5.0,10,40,2.028,2.0,1,true,99,0,19.745,50.546,51.072,51.435,51.607,51.626,119.074,119.074,84.62,20,20,71,multiprocess_sample_only,,
yjit-on/puma-sleep-fibonacci-100ms/puma-1w-3t/repeat-1,yjit-on,true,puma-sleep-fibonacci-100ms,puma-sleep-fibonacci-test,puma/benchmarks/local/sleep_fibonacci_test + test/rackup/sleep_fibonacci,https://github.com/puma/puma/blob/main/benchmarks/local/sleep_fibonacci_test.rb,puma-1w-3t,3,puma,1,3,50,10,5.033,5.0,10,20,2.013,2.0,1,true,50,0,9.935,100.56,100.824,101.34,101.661,101.697,119.078,119.078,84.44,20,20,71,multiprocess_sample_only,,
yjit-on/puma-sleep-fibonacci-200ms/puma-1w-3t/repeat-1,yjit-on,true,puma-sleep-fibonacci-200ms,puma-sleep-fibonacci-test,puma/benchmarks/local/sleep_fibonacci_test + test/rackup/sleep_fibonacci,https://github.com/puma/puma/blob/main/benchmarks/local/sleep_fibonacci_test.rb,puma-1w-3t,3,puma,1,3,25,10,5.016,5.0,10,10,2.007,2.0,1,true,25,0,4.984,200.563,200.618,200.634,200.638,200.639,119.078,119.078,84.26,20,20,71,multiprocess_sample_only,,
yjit-on/puma-response-array-1kb/puma-1w-3t/repeat-2,yjit-on,true,puma-response-array-1kb,puma-response-time-wrk,puma/benchmarks/local/response_time_wrk,https://github.com/puma/puma/blob/main/benchmarks/local/response_time_wrk.rb,puma-1w-3t,3,puma,1,3,15295,1000,5.001,5.0,1000,6014,2.001,2.0,5,true,15295,0,3058.231,1.574,2.064,2.462,3.366,7.24,70.285,70.285,84.405,20,20,65,multiprocess_sample_only,,
yjit-on/puma-response-chunk-1kb/puma-1w-3t/repeat-2,yjit-on,true,puma-response-chunk-1kb,puma-response-time-wrk,puma/benchmarks/local/response_time_wrk,https://github.com/puma/puma/blob/main/benchmarks/local/response_time_wrk.rb,puma-1w-3t,3,puma,1,3,14828,1000,5.001,5.0,1000,6048,2.001,2.0,5,true,14828,0,2964.787,1.627,2.098,2.485,3.345,4.232,70.605,70.605,79.77,20,20,65,multiprocess_sample_only,,
yjit-on/puma-response-string-1kb/puma-1w-3t/repeat-2,yjit-on,true,puma-response-string-1kb,puma-response-time-wrk,puma/benchmarks/local/response_time_wrk,https://github.com/puma/puma/blob/main/benchmarks/local/response_time_wrk.rb,puma-1w-3t,3,puma,1,3,15316,1000,5.001,5.0,1000,6268,2.001,2.0,5,true,15316,0,3062.665,1.572,2.062,2.5,3.271,3.766,70.848,70.848,78.725,20,20,65,multiprocess_sample_only,,
yjit-on/puma-response-io-1kb/puma-1w-3t/repeat-2,yjit-on,true,puma-response-io-1kb,puma-response-time-wrk,puma/benchmarks/local/response_time_wrk,https://github.com/puma/puma/blob/main/benchmarks/local/response_time_wrk.rb,puma-1w-3t,3,puma,1,3,15116,1000,5.001,5.0,1000,6168,2.001,2.0,5,true,15116,0,3022.384,1.591,2.11,2.606,3.316,4.032,71.223,71.223,79.475,20,20,65,multiprocess_sample_only,,
yjit-on/puma-response-array-10kb/puma-1w-3t/repeat-2,yjit-on,true,puma-response-array-10kb,puma-response-time-wrk,puma/benchmarks/local/response_time_wrk,https://github.com/puma/puma/blob/main/benchmarks/local/response_time_wrk.rb,puma-1w-3t,3,puma,1,3,15074,1000,5.001,5.0,1000,6206,2.001,2.0,5,true,15074,0,3014.02,1.594,2.117,2.606,3.317,4.363,72.797,72.797,79.65,20,20,65,multiprocess_sample_only,,
yjit-on/puma-response-chunk-10kb/puma-1w-3t/repeat-2,yjit-on,true,puma-response-chunk-10kb,puma-response-time-wrk,puma/benchmarks/local/response_time_wrk,https://github.com/puma/puma/blob/main/benchmarks/local/response_time_wrk.rb,puma-1w-3t,3,puma,1,3,13163,1000,5.001,5.0,1000,5373,2.001,2.0,5,true,13163,0,2632.009,1.832,2.385,2.874,3.836,5.705,73.031,73.031,79.21,20,20,65,multiprocess_sample_only,,
yjit-on/puma-response-string-10kb/puma-1w-3t/repeat-2,yjit-on,true,puma-response-string-10kb,puma-response-time-wrk,puma/benchmarks/local/response_time_wrk,https://github.com/puma/puma/blob/main/benchmarks/local/response_time_wrk.rb,puma-1w-3t,3,puma,1,3,15124,1000,5.001,5.0,1000,6210,2.002,2.0,5,true,15124,0,3024.146,1.588,2.121,2.599,3.305,4.016,73.09,73.09,78.875,20,20,65,multiprocess_sample_only,,
yjit-on/puma-response-io-10kb/puma-1w-3t/repeat-2,yjit-on,true,puma-response-io-10kb,puma-response-time-wrk,puma/benchmarks/local/response_time_wrk,https://github.com/puma/puma/blob/main/benchmarks/local/response_time_wrk.rb,puma-1w-3t,3,puma,1,3,14956,1000,5.001,5.0,1000,6121,2.001,2.0,5,true,14956,0,2990.407,1.602,2.18,2.643,3.327,4.525,73.969,73.93,79.32,20,20,65,multiprocess_sample_only,,
yjit-on/puma-response-array-100kb/puma-1w-3t/repeat-2,yjit-on,true,puma-response-array-100kb,puma-response-time-wrk,puma/benchmarks/local/response_time_wrk,https://github.com/puma/puma/blob/main/benchmarks/local/response_time_wrk.rb,puma-1w-3t,3,puma,1,3,12350,1000,5.002,5.0,1000,5067,2.001,2.0,5,true,12350,0,2469.091,1.96,2.487,2.976,3.911,4.487,82.449,81.125,79.25,20,20,65,multiprocess_sample_only,,
yjit-on/puma-response-chunk-100kb/puma-1w-3t/repeat-2,yjit-on,true,puma-response-chunk-100kb,puma-response-time-wrk,puma/benchmarks/local/response_time_wrk,https://github.com/puma/puma/blob/main/benchmarks/local/response_time_wrk.rb,puma-1w-3t,3,puma,1,3,6272,1000,5.002,5.0,1000,2589,2.004,2.0,5,true,6272,0,1253.798,3.935,4.78,5.294,7.678,8.731,77.977,77.426,78.785,20,20,61,multiprocess_sample_only,,
yjit-on/puma-response-string-100kb/puma-1w-3t/repeat-2,yjit-on,true,puma-response-string-100kb,puma-response-time-wrk,puma/benchmarks/local/response_time_wrk,https://github.com/puma/puma/blob/main/benchmarks/local/response_time_wrk.rb,puma-1w-3t,3,puma,1,3,12372,1000,5.001,5.0,1000,5132,2.002,2.0,5,true,12372,0,2473.74,1.962,2.457,2.879,3.798,4.398,82.473,81.105,78.39,20,20,64,multiprocess_sample_only,,
yjit-on/puma-response-io-100kb/puma-1w-3t/repeat-2,yjit-on,true,puma-response-io-100kb,puma-response-time-wrk,puma/benchmarks/local/response_time_wrk,https://github.com/puma/puma/blob/main/benchmarks/local/response_time_wrk.rb,puma-1w-3t,3,puma,1,3,12320,1000,5.009,5.0,1000,5047,2.011,2.0,5,true,12320,0,2459.816,1.653,2.368,3.4,42.715,44.187,74.977,74.977,78.105,20,20,65,multiprocess_sample_only,,
yjit-on/puma-response-array-256kb/puma-1w-3t/repeat-2,yjit-on,true,puma-response-array-256kb,puma-response-time-wrk,puma/benchmarks/local/response_time_wrk,https://github.com/puma/puma/blob/main/benchmarks/local/response_time_wrk.rb,puma-1w-3t,3,puma,1,3,8787,1000,5.003,5.0,1000,3819,2.002,2.0,5,true,8787,0,1756.308,2.563,3.91,6.57,21.942,22.375,110.797,110.797,77.605,20,20,62,multiprocess_sample_only,,
yjit-on/puma-response-chunk-256kb/puma-1w-3t/repeat-2,yjit-on,true,puma-response-chunk-256kb,puma-response-time-wrk,puma/benchmarks/local/response_time_wrk,https://github.com/puma/puma/blob/main/benchmarks/local/response_time_wrk.rb,puma-1w-3t,3,puma,1,3,3433,1000,5.005,5.0,1000,1446,2.006,2.0,5,true,3433,0,685.89,7.257,8.731,9.464,12.98,14.165,84.496,82.977,77.12,20,20,56,multiprocess_sample_only,,
yjit-on/puma-response-string-256kb/puma-1w-3t/repeat-2,yjit-on,true,puma-response-string-256kb,puma-response-time-wrk,puma/benchmarks/local/response_time_wrk,https://github.com/puma/puma/blob/main/benchmarks/local/response_time_wrk.rb,puma-1w-3t,3,puma,1,3,9091,1000,5.018,5.0,1000,3948,2.002,2.0,5,true,9091,0,1811.68,2.496,3.619,5.737,21.995,22.877,78.703,78.391,76.22,20,20,63,multiprocess_sample_only,,
yjit-on/puma-response-io-256kb/puma-1w-3t/repeat-2,yjit-on,true,puma-response-io-256kb,puma-response-time-wrk,puma/benchmarks/local/response_time_wrk,https://github.com/puma/puma/blob/main/benchmarks/local/response_time_wrk.rb,puma-1w-3t,3,puma,1,3,8924,1000,5.003,5.0,1000,3793,2.002,2.0,5,true,8924,0,1783.707,2.552,3.721,5.349,21.884,23.781,78.641,78.266,75.12,20,20,62,multiprocess_sample_only,,
yjit-on/puma-response-array-512kb/puma-1w-3t/repeat-2,yjit-on,true,puma-response-array-512kb,puma-response-time-wrk,puma/benchmarks/local/response_time_wrk,https://github.com/puma/puma/blob/main/benchmarks/local/response_time_wrk.rb,puma-1w-3t,3,puma,1,3,6404,1000,5.007,5.0,1000,2675,2.003,2.0,5,true,6404,0,1279.048,3.484,5.165,23.041,25.118,26.08,124.754,119.809,74.48,20,20,60,multiprocess_sample_only,,
yjit-on/puma-response-chunk-512kb/puma-1w-3t/repeat-2,yjit-on,true,puma-response-chunk-512kb,puma-response-time-wrk,puma/benchmarks/local/response_time_wrk,https://github.com/puma/puma/blob/main/benchmarks/local/response_time_wrk.rb,puma-1w-3t,3,puma,1,3,1960,1000,5.01,5.0,1000,1000,2.463,2.0,5,true,1960,0,391.23,12.816,15.296,16.617,20.56,24.883,90.789,89.801,73.975,20,20,49,multiprocess_sample_only,,
yjit-on/puma-response-string-512kb/puma-1w-3t/repeat-2,yjit-on,true,puma-response-string-512kb,puma-response-time-wrk,puma/benchmarks/local/response_time_wrk,https://github.com/puma/puma/blob/main/benchmarks/local/response_time_wrk.rb,puma-1w-3t,3,puma,1,3,6869,1000,5.002,5.0,1000,2768,2.003,2.0,5,true,6869,0,1373.128,3.231,4.939,22.988,25.479,27.117,81.156,81.156,73.03,20,20,60,multiprocess_sample_only,,
yjit-on/puma-response-io-512kb/puma-1w-3t/repeat-2,yjit-on,true,puma-response-io-512kb,puma-response-time-wrk,puma/benchmarks/local/response_time_wrk,https://github.com/puma/puma/blob/main/benchmarks/local/response_time_wrk.rb,puma-1w-3t,3,puma,1,3,6377,1000,5.144,5.0,1000,2597,2.003,2.0,5,true,6377,0,1239.773,3.415,5.514,23.472,25.805,212.767,81.246,81.246,71.65,20,20,62,multiprocess_sample_only,,
yjit-on/puma-response-array-1024kb/puma-1w-3t/repeat-2,yjit-on,true,puma-response-array-1024kb,puma-response-time-wrk,puma/benchmarks/local/response_time_wrk,https://github.com/puma/puma/blob/main/benchmarks/local/response_time_wrk.rb,puma-1w-3t,3,puma,1,3,4098,1000,5.004,5.0,1000,1700,2.004,2.0,5,true,4098,0,818.989,5.467,8.521,27.268,29.348,30.025,121.586,119.059,70.715,20,20,56,multiprocess_sample_only,,
yjit-on/puma-response-chunk-1024kb/puma-1w-3t/repeat-2,yjit-on,true,puma-response-chunk-1024kb,puma-response-time-wrk,puma/benchmarks/local/response_time_wrk,https://github.com/puma/puma/blob/main/benchmarks/local/response_time_wrk.rb,puma-1w-3t,3,puma,1,3,1054,1000,5.019,5.0,1000,1000,4.583,2.0,5,true,1054,0,209.988,23.847,27.935,30.048,41.492,47.745,89.406,88.781,70.4,20,20,39,multiprocess_sample_only,,
yjit-on/puma-response-string-1024kb/puma-1w-3t/repeat-2,yjit-on,true,puma-response-string-1024kb,puma-response-time-wrk,puma/benchmarks/local/response_time_wrk,https://github.com/puma/puma/blob/main/benchmarks/local/response_time_wrk.rb,puma-1w-3t,3,puma,1,3,4147,1000,5.005,5.0,1000,1731,2.005,2.0,5,true,4147,0,828.577,5.337,8.511,28.041,30.652,31.488,86.551,86.551,69.45,20,20,56,multiprocess_sample_only,,
yjit-on/puma-response-io-1024kb/puma-1w-3t/repeat-2,yjit-on,true,puma-response-io-1024kb,puma-response-time-wrk,puma/benchmarks/local/response_time_wrk,https://github.com/puma/puma/blob/main/benchmarks/local/response_time_wrk.rb,puma-1w-3t,3,puma,1,3,4166,1000,5.006,5.0,1000,1725,2.004,2.0,5,true,4166,0,832.258,5.267,8.554,27.961,29.987,210.745,86.551,86.551,67.955,20,20,55,multiprocess_sample_only,,
yjit-on/puma-response-array-2048kb/puma-1w-3t/repeat-2,yjit-on,true,puma-response-array-2048kb,puma-response-time-wrk,puma/benchmarks/local/response_time_wrk,https://github.com/puma/puma/blob/main/benchmarks/local/response_time_wrk.rb,puma-1w-3t,3,puma,1,3,2421,1000,5.008,5.0,1000,1000,2.057,2.0,5,true,2421,0,483.38,10.162,12.266,13.38,17.45,18.859,97.676,91.941,67.935,20,20,53,multiprocess_sample_only,,
yjit-on/puma-response-chunk-2048kb/puma-1w-3t/repeat-2,yjit-on,true,puma-response-chunk-2048kb,puma-response-time-wrk,puma/benchmarks/local/response_time_wrk,https://github.com/puma/puma/blob/main/benchmarks/local/response_time_wrk.rb,puma-1w-3t,3,puma,1,3,1000,1000,9.008,5.0,1000,1000,8.679,2.0,5,true,1000,0,111.014,44.766,52.561,55.321,83.875,84.469,93.238,91.535,68.195,20,20,51,multiprocess_sample_only,,
yjit-on/puma-response-string-2048kb/puma-1w-3t/repeat-2,yjit-on,true,puma-response-string-2048kb,puma-response-time-wrk,puma/benchmarks/local/response_time_wrk,https://github.com/puma/puma/blob/main/benchmarks/local/response_time_wrk.rb,puma-1w-3t,3,puma,1,3,2614,1000,5.007,5.0,1000,1094,2.006,2.0,5,true,2614,0,522.065,9.401,11.224,11.939,17.033,19.656,91.121,91.121,67.315,20,20,53,multiprocess_sample_only,,
yjit-on/puma-response-io-2048kb/puma-1w-3t/repeat-2,yjit-on,true,puma-response-io-2048kb,puma-response-time-wrk,puma/benchmarks/local/response_time_wrk,https://github.com/puma/puma/blob/main/benchmarks/local/response_time_wrk.rb,puma-1w-3t,3,puma,1,3,2632,1000,5.007,5.0,1000,1106,2.007,2.0,5,true,2632,0,525.676,9.407,10.878,11.905,17.099,17.785,91.121,91.121,65.945,20,20,53,multiprocess_sample_only,,
yjit-on/puma-long-tail-fib-200ms-x6p0/puma-1w-3t/repeat-2,yjit-on,true,puma-long-tail-fib-200ms-x6p0,puma-long-tail-hey,puma/benchmarks/local/long_tail_hey + test/rackup/sleep_fibonacci,https://github.com/puma/puma/blob/main/benchmarks/local/long_tail_hey.rb,puma-1w-3t,3,puma,1,3,360,360,51.19,5.0,360,360,51.192,2.0,18,true,360,0,7.033,2562.765,2596.039,2618.238,2621.139,2621.814,110.793,110.793,74.745,20,20,698,multiprocess_sample_only,,
yjit-on/puma-long-tail-fib-200ms-x4p0/puma-1w-3t/repeat-2,yjit-on,true,puma-long-tail-fib-200ms-x4p0,puma-long-tail-hey,puma/benchmarks/local/long_tail_hey + test/rackup/sleep_fibonacci,https://github.com/puma/puma/blob/main/benchmarks/local/long_tail_hey.rb,puma-1w-3t,3,puma,1,3,240,240,34.136,5.0,240,240,34.132,2.0,12,true,240,0,7.031,1705.272,1734.323,1737.604,1741.376,1741.704,114.043,114.043,80.26,20,20,466,multiprocess_sample_only,,
yjit-on/puma-long-tail-fib-200ms-x3p0/puma-1w-3t/repeat-2,yjit-on,true,puma-long-tail-fib-200ms-x3p0,puma-long-tail-hey,puma/benchmarks/local/long_tail_hey + test/rackup/sleep_fibonacci,https://github.com/puma/puma/blob/main/benchmarks/local/long_tail_hey.rb,puma-1w-3t,3,puma,1,3,180,180,25.596,5.0,180,180,25.595,2.0,9,true,180,0,7.032,1278.817,1308.504,1315.8,1329.372,1331.972,114.047,114.047,82.995,20,20,350,multiprocess_sample_only,,
yjit-on/puma-long-tail-fib-200ms-x2p0/puma-1w-3t/repeat-2,yjit-on,true,puma-long-tail-fib-200ms-x2p0,puma-long-tail-hey,puma/benchmarks/local/long_tail_hey + test/rackup/sleep_fibonacci,https://github.com/puma/puma/blob/main/benchmarks/local/long_tail_hey.rb,puma-1w-3t,3,puma,1,3,120,120,17.072,5.0,120,120,17.056,2.0,6,true,120,0,7.029,855.21,878.455,883.686,885.714,885.927,114.238,114.238,84.49,20,20,234,multiprocess_sample_only,,
yjit-on/puma-long-tail-fib-200ms-x1p5/puma-1w-3t/repeat-2,yjit-on,true,puma-long-tail-fib-200ms-x1p5,puma-long-tail-hey,puma/benchmarks/local/long_tail_hey + test/rackup/sleep_fibonacci,https://github.com/puma/puma/blob/main/benchmarks/local/long_tail_hey.rb,puma-1w-3t,3,puma,1,3,100,100,14.227,5.0,100,100,14.216,2.0,5,true,100,0,7.029,761.341,852.095,856.338,867.822,869.098,114.301,114.301,85.49,20,20,195,multiprocess_sample_only,,
yjit-on/puma-long-tail-fib-200ms-x1p0/puma-1w-3t/repeat-2,yjit-on,true,puma-long-tail-fib-200ms-x1p0,puma-long-tail-hey,puma/benchmarks/local/long_tail_hey + test/rackup/sleep_fibonacci,https://github.com/puma/puma/blob/main/benchmarks/local/long_tail_hey.rb,puma-1w-3t,3,puma,1,3,60,60,8.534,5.0,60,60,8.53,2.0,3,true,60,0,7.031,425.998,446.087,449.551,451.351,451.551,114.301,114.301,86.09,20,20,118,multiprocess_sample_only,,
yjit-on/puma-long-tail-fib-200ms-x0p5/puma-1w-3t/repeat-2,yjit-on,true,puma-long-tail-fib-200ms-x0p5,puma-long-tail-hey,puma/benchmarks/local/long_tail_hey + test/rackup/sleep_fibonacci,https://github.com/puma/puma/blob/main/benchmarks/local/long_tail_hey.rb,puma-1w-3t,3,puma,1,3,40,40,5.688,5.0,40,40,5.68,2.0,2,true,40,0,7.032,284.325,288.942,293.276,294.978,295.167,114.301,114.301,86.445,20,20,79,multiprocess_sample_only,,
yjit-on/puma-sleep-fibonacci-1ms/puma-1w-3t/repeat-2,yjit-on,true,puma-sleep-fibonacci-1ms,puma-sleep-fibonacci-test,puma/benchmarks/local/sleep_fibonacci_test + test/rackup/sleep_fibonacci,https://github.com/puma/puma/blob/main/benchmarks/local/sleep_fibonacci_test.rb,puma-1w-3t,3,puma,1,3,1679,10,5.002,5.0,10,671,2.002,2.0,1,true,1679,0,335.645,2.966,3.293,3.44,4.26,4.634,118.699,118.699,86.085,20,20,70,multiprocess_sample_only,,
yjit-on/puma-sleep-fibonacci-5ms/puma-1w-3t/repeat-2,yjit-on,true,puma-sleep-fibonacci-5ms,puma-sleep-fibonacci-test,puma/benchmarks/local/sleep_fibonacci_test + test/rackup/sleep_fibonacci,https://github.com/puma/puma/blob/main/benchmarks/local/sleep_fibonacci_test.rb,puma-1w-3t,3,puma,1,3,499,10,5.01,5.0,10,200,2.001,2.0,1,true,499,0,99.605,10.018,10.596,10.866,10.978,11.003,121.449,121.449,85.48,20,20,71,multiprocess_sample_only,,
yjit-on/puma-sleep-fibonacci-10ms/puma-1w-3t/repeat-2,yjit-on,true,puma-sleep-fibonacci-10ms,puma-sleep-fibonacci-test,puma/benchmarks/local/sleep_fibonacci_test + test/rackup/sleep_fibonacci,https://github.com/puma/puma/blob/main/benchmarks/local/sleep_fibonacci_test.rb,puma-1w-3t,3,puma,1,3,347,10,5.007,5.0,10,140,2.004,2.0,1,true,347,0,69.309,14.4,14.729,15.106,15.803,16.074,121.449,121.449,85.015,20,20,71,multiprocess_sample_only,,
yjit-on/puma-sleep-fibonacci-50ms/puma-1w-3t/repeat-2,yjit-on,true,puma-sleep-fibonacci-50ms,puma-sleep-fibonacci-test,puma/benchmarks/local/sleep_fibonacci_test + test/rackup/sleep_fibonacci,https://github.com/puma/puma/blob/main/benchmarks/local/sleep_fibonacci_test.rb,puma-1w-3t,3,puma,1,3,99,10,5.01,5.0,10,40,2.025,2.0,1,true,99,0,19.761,50.528,50.705,51.165,51.578,51.624,121.449,121.449,84.76,20,20,71,multiprocess_sample_only,,
yjit-on/puma-sleep-fibonacci-100ms/puma-1w-3t/repeat-2,yjit-on,true,puma-sleep-fibonacci-100ms,puma-sleep-fibonacci-test,puma/benchmarks/local/sleep_fibonacci_test + test/rackup/sleep_fibonacci,https://github.com/puma/puma/blob/main/benchmarks/local/sleep_fibonacci_test.rb,puma-1w-3t,3,puma,1,3,50,10,5.031,5.0,10,20,2.014,2.0,1,true,50,0,9.939,100.548,100.628,100.77,100.836,100.844,121.449,121.449,84.575,20,20,71,multiprocess_sample_only,,
yjit-on/puma-sleep-fibonacci-200ms/puma-1w-3t/repeat-2,yjit-on,true,puma-sleep-fibonacci-200ms,puma-sleep-fibonacci-test,puma/benchmarks/local/sleep_fibonacci_test + test/rackup/sleep_fibonacci,https://github.com/puma/puma/blob/main/benchmarks/local/sleep_fibonacci_test.rb,puma-1w-3t,3,puma,1,3,25,10,5.016,5.0,10,10,2.008,2.0,1,true,25,0,4.984,200.548,200.606,200.607,200.607,200.607,121.449,121.449,84.41,20,20,71,multiprocess_sample_only,,
yjit-on/puma-response-array-1kb/puma-1w-3t/repeat-3,yjit-on,true,puma-response-array-1kb,puma-response-time-wrk,puma/benchmarks/local/response_time_wrk,https://github.com/puma/puma/blob/main/benchmarks/local/response_time_wrk.rb,puma-1w-3t,3,puma,1,3,15252,1000,5.001,5.0,1000,6012,2.001,2.0,5,true,15252,0,3049.633,1.578,2.057,2.591,3.462,7.038,68.914,68.855,84.855,20,20,65,multiprocess_sample_only,,
yjit-on/puma-response-chunk-1kb/puma-1w-3t/repeat-3,yjit-on,true,puma-response-chunk-1kb,puma-response-time-wrk,puma/benchmarks/local/response_time_wrk,https://github.com/puma/puma/blob/main/benchmarks/local/response_time_wrk.rb,puma-1w-3t,3,puma,1,3,14864,1000,5.001,5.0,1000,6091,2.001,2.0,5,true,14864,0,2972.183,1.622,2.109,2.502,3.295,4.05,69.098,68.973,80.64,20,20,65,multiprocess_sample_only,,
yjit-on/puma-response-string-1kb/puma-1w-3t/repeat-3,yjit-on,true,puma-response-string-1kb,puma-response-time-wrk,puma/benchmarks/local/response_time_wrk,https://github.com/puma/puma/blob/main/benchmarks/local/response_time_wrk.rb,puma-1w-3t,3,puma,1,3,15280,1000,5.001,5.0,1000,6271,2.001,2.0,5,true,15280,0,3055.321,1.573,2.08,2.551,3.604,4.785,69.004,68.887,79.74,20,20,65,multiprocess_sample_only,,
yjit-on/puma-response-io-1kb/puma-1w-3t/repeat-3,yjit-on,true,puma-response-io-1kb,puma-response-time-wrk,puma/benchmarks/local/response_time_wrk,https://github.com/puma/puma/blob/main/benchmarks/local/response_time_wrk.rb,puma-1w-3t,3,puma,1,3,15074,1000,5.001,5.0,1000,6179,2.001,2.0,5,true,15074,0,3014.109,1.589,2.155,2.617,3.367,4.602,68.918,68.68,80.52,20,20,65,multiprocess_sample_only,,
yjit-on/puma-response-array-10kb/puma-1w-3t/repeat-3,yjit-on,true,puma-response-array-10kb,puma-response-time-wrk,puma/benchmarks/local/response_time_wrk,https://github.com/puma/puma/blob/main/benchmarks/local/response_time_wrk.rb,puma-1w-3t,3,puma,1,3,15185,1000,5.001,5.0,1000,6199,2.001,2.0,5,true,15185,0,3036.252,1.58,2.118,2.614,3.321,4.125,70.176,70.176,80.7,20,20,65,multiprocess_sample_only,,
yjit-on/puma-response-chunk-10kb/puma-1w-3t/repeat-3,yjit-on,true,puma-response-chunk-10kb,puma-response-time-wrk,puma/benchmarks/local/response_time_wrk,https://github.com/puma/puma/blob/main/benchmarks/local/response_time_wrk.rb,puma-1w-3t,3,puma,1,3,13157,1000,5.002,5.0,1000,5419,2.001,2.0,5,true,13157,0,2630.553,1.837,2.377,2.848,3.84,5.55,70.449,70.449,80.24,20,20,65,multiprocess_sample_only,,
yjit-on/puma-response-string-10kb/puma-1w-3t/repeat-3,yjit-on,true,puma-response-string-10kb,puma-response-time-wrk,puma/benchmarks/local/response_time_wrk,https://github.com/puma/puma/blob/main/benchmarks/local/response_time_wrk.rb,puma-1w-3t,3,puma,1,3,15143,1000,5.001,5.0,1000,6182,2.001,2.0,5,true,15143,0,3027.892,1.586,2.121,2.636,3.445,4.429,70.965,70.723,79.92,20,20,65,multiprocess_sample_only,,
yjit-on/puma-response-io-10kb/puma-1w-3t/repeat-3,yjit-on,true,puma-response-io-10kb,puma-response-time-wrk,puma/benchmarks/local/response_time_wrk,https://github.com/puma/puma/blob/main/benchmarks/local/response_time_wrk.rb,puma-1w-3t,3,puma,1,3,14929,1000,5.001,5.0,1000,6084,2.002,2.0,5,true,14929,0,2985.111,1.603,2.202,2.754,3.467,4.693,71.66,71.66,80.4,20,20,65,multiprocess_sample_only,,
yjit-on/puma-response-array-100kb/puma-1w-3t/repeat-3,yjit-on,true,puma-response-array-100kb,puma-response-time-wrk,puma/benchmarks/local/response_time_wrk,https://github.com/puma/puma/blob/main/benchmarks/local/response_time_wrk.rb,puma-1w-3t,3,puma,1,3,12432,1000,5.001,5.0,1000,4990,2.001,2.0,5,true,12432,0,2485.748,1.953,2.465,2.93,3.96,5.147,78.648,77.445,80.315,20,20,65,multiprocess_sample_only,,
yjit-on/puma-response-chunk-100kb/puma-1w-3t/repeat-3,yjit-on,true,puma-response-chunk-100kb,puma-response-time-wrk,puma/benchmarks/local/response_time_wrk,https://github.com/puma/puma/blob/main/benchmarks/local/response_time_wrk.rb,puma-1w-3t,3,puma,1,3,6312,1000,5.003,5.0,1000,2560,2.002,2.0,5,true,6312,0,1261.621,3.913,4.806,5.307,7.417,9.265,77.867,77.375,79.76,20,20,61,multiprocess_sample_only,,
yjit-on/puma-response-string-100kb/puma-1w-3t/repeat-3,yjit-on,true,puma-response-string-100kb,puma-response-time-wrk,puma/benchmarks/local/response_time_wrk,https://github.com/puma/puma/blob/main/benchmarks/local/response_time_wrk.rb,puma-1w-3t,3,puma,1,3,12312,1000,5.001,5.0,1000,5103,2.002,2.0,5,true,12312,0,2461.747,1.975,2.458,2.823,3.884,4.345,85.215,85.082,79.13,20,20,64,multiprocess_sample_only,,
yjit-on/puma-response-io-100kb/puma-1w-3t/repeat-3,yjit-on,true,puma-response-io-100kb,puma-response-time-wrk,puma/benchmarks/local/response_time_wrk,https://github.com/puma/puma/blob/main/benchmarks/local/response_time_wrk.rb,puma-1w-3t,3,puma,1,3,12145,1000,5.014,5.0,1000,4958,2.035,2.0,5,true,12145,0,2422.179,1.855,2.429,3.626,42.229,43.573,74.488,74.051,78.565,20,20,65,multiprocess_sample_only,,
yjit-on/puma-response-array-256kb/puma-1w-3t/repeat-3,yjit-on,true,puma-response-array-256kb,puma-response-time-wrk,puma/benchmarks/local/response_time_wrk,https://github.com/puma/puma/blob/main/benchmarks/local/response_time_wrk.rb,puma-1w-3t,3,puma,1,3,8877,1000,5.002,5.0,1000,3571,2.003,2.0,5,true,8877,0,1774.764,2.538,3.884,6.086,23.149,24.312,104.191,101.551,77.98,20,20,63,multiprocess_sample_only,,
yjit-on/puma-response-chunk-256kb/puma-1w-3t/repeat-3,yjit-on,true,puma-response-chunk-256kb,puma-response-time-wrk,puma/benchmarks/local/response_time_wrk,https://github.com/puma/puma/blob/main/benchmarks/local/response_time_wrk.rb,puma-1w-3t,3,puma,1,3,3405,1000,5.006,5.0,1000,1407,2.005,2.0,5,true,3405,0,680.249,7.312,8.785,9.676,12.837,15.165,81.063,81.008,77.435,20,20,56,multiprocess_sample_only,,
yjit-on/puma-response-string-256kb/puma-1w-3t/repeat-3,yjit-on,true,puma-response-string-256kb,puma-response-time-wrk,puma/benchmarks/local/response_time_wrk,https://github.com/puma/puma/blob/main/benchmarks/local/response_time_wrk.rb,puma-1w-3t,3,puma,1,3,8662,1000,5.001,5.0,1000,3655,2.002,2.0,5,true,8662,0,1731.881,2.55,4.09,8.157,23.504,25.765,76.426,75.988,76.43,20,20,62,multiprocess_sample_only,,
yjit-on/puma-response-io-256kb/puma-1w-3t/repeat-3,yjit-on,true,puma-response-io-256kb,puma-response-time-wrk,puma/benchmarks/local/response_time_wrk,https://github.com/puma/puma/blob/main/benchmarks/local/response_time_wrk.rb,puma-1w-3t,3,puma,1,3,8728,1000,5.002,5.0,1000,3579,2.002,2.0,5,true,8728,0,1745.069,2.556,3.98,6.492,23.177,27.459,76.301,75.926,75.225,20,20,62,multiprocess_sample_only,,
yjit-on/puma-response-array-512kb/puma-1w-3t/repeat-3,yjit-on,true,puma-response-array-512kb,puma-response-time-wrk,puma/benchmarks/local/response_time_wrk,https://github.com/puma/puma/blob/main/benchmarks/local/response_time_wrk.rb,puma-1w-3t,3,puma,1,3,6577,1000,5.002,5.0,1000,2636,2.004,2.0,5,true,6577,0,1314.873,3.316,5.355,23.924,26.347,26.656,115.754,113.539,74.585,20,20,60,multiprocess_sample_only,,
yjit-on/puma-response-chunk-512kb/puma-1w-3t/repeat-3,yjit-on,true,puma-response-chunk-512kb,puma-response-time-wrk,puma/benchmarks/local/response_time_wrk,https://github.com/puma/puma/blob/main/benchmarks/local/response_time_wrk.rb,puma-1w-3t,3,puma,1,3,1929,1000,5.01,5.0,1000,1000,2.409,2.0,5,true,1929,0,385.024,12.979,15.431,16.661,22.868,25.71,84.832,84.551,74.065,20,20,49,multiprocess_sample_only,,
yjit-on/puma-response-string-512kb/puma-1w-3t/repeat-3,yjit-on,true,puma-response-string-512kb,puma-response-time-wrk,puma/benchmarks/local/response_time_wrk,https://github.com/puma/puma/blob/main/benchmarks/local/response_time_wrk.rb,puma-1w-3t,3,puma,1,3,6364,1000,5.003,5.0,1000,2581,2.003,2.0,5,true,6364,0,1272.145,3.427,5.547,25.475,28.525,28.887,84.789,84.789,73.0,20,20,59,multiprocess_sample_only,,
yjit-on/puma-response-io-512kb/puma-1w-3t/repeat-3,yjit-on,true,puma-response-io-512kb,puma-response-time-wrk,puma/benchmarks/local/response_time_wrk,https://github.com/puma/puma/blob/main/benchmarks/local/response_time_wrk.rb,puma-1w-3t,3,puma,1,3,6341,1000,5.003,5.0,1000,2441,2.002,2.0,5,true,6341,0,1267.46,3.424,5.429,24.98,26.826,211.817,84.875,84.875,71.62,20,20,60,multiprocess_sample_only,,
yjit-on/puma-response-array-1024kb/puma-1w-3t/repeat-3,yjit-on,true,puma-response-array-1024kb,puma-response-time-wrk,puma/benchmarks/local/response_time_wrk,https://github.com/puma/puma/blob/main/benchmarks/local/response_time_wrk.rb,puma-1w-3t,3,puma,1,3,3946,1000,5.004,5.0,1000,1616,2.003,2.0,5,true,3946,0,788.514,5.704,9.001,28.847,31.55,31.946,135.441,133.316,70.675,20,20,56,multiprocess_sample_only,,
yjit-on/puma-response-chunk-1024kb/puma-1w-3t/repeat-3,yjit-on,true,puma-response-chunk-1024kb,puma-response-time-wrk,puma/benchmarks/local/response_time_wrk,https://github.com/puma/puma/blob/main/benchmarks/local/response_time_wrk.rb,puma-1w-3t,3,puma,1,3,1051,1000,5.018,5.0,1000,1000,4.528,2.0,5,true,1051,0,209.446,23.946,27.894,29.629,31.989,33.222,88.391,88.387,70.26,20,20,40,multiprocess_sample_only,,
yjit-on/puma-response-string-1024kb/puma-1w-3t/repeat-3,yjit-on,true,puma-response-string-1024kb,puma-response-time-wrk,puma/benchmarks/local/response_time_wrk,https://github.com/puma/puma/blob/main/benchmarks/local/response_time_wrk.rb,puma-1w-3t,3,puma,1,3,3951,1000,5.003,5.0,1000,1673,2.006,2.0,5,true,3951,0,789.676,5.61,8.727,29.832,32.428,32.799,87.414,87.414,69.26,20,20,56,multiprocess_sample_only,,
yjit-on/puma-response-io-1024kb/puma-1w-3t/repeat-3,yjit-on,true,puma-response-io-1024kb,puma-response-time-wrk,puma/benchmarks/local/response_time_wrk,https://github.com/puma/puma/blob/main/benchmarks/local/response_time_wrk.rb,puma-1w-3t,3,puma,1,3,4014,1000,5.004,5.0,1000,1664,2.029,2.0,5,true,4014,0,802.164,5.526,8.329,29.2,31.768,210.156,87.414,87.414,67.745,20,20,57,multiprocess_sample_only,,
yjit-on/puma-response-array-2048kb/puma-1w-3t/repeat-3,yjit-on,true,puma-response-array-2048kb,puma-response-time-wrk,puma/benchmarks/local/response_time_wrk,https://github.com/puma/puma/blob/main/benchmarks/local/response_time_wrk.rb,puma-1w-3t,3,puma,1,3,2363,1000,5.007,5.0,1000,1000,2.182,2.0,5,true,2363,0,471.918,10.504,12.166,13.092,15.677,18.691,100.859,89.672,67.32,20,20,52,multiprocess_sample_only,,
yjit-on/puma-response-chunk-2048kb/puma-1w-3t/repeat-3,yjit-on,true,puma-response-chunk-2048kb,puma-response-time-wrk,puma/benchmarks/local/response_time_wrk,https://github.com/puma/puma/blob/main/benchmarks/local/response_time_wrk.rb,puma-1w-3t,3,puma,1,3,1000,1000,9.064,5.0,1000,1000,8.611,2.0,5,true,1000,0,110.324,45.09,52.58,54.715,60.948,79.525,93.395,91.117,67.555,20,20,51,multiprocess_sample_only,,
yjit-on/puma-response-string-2048kb/puma-1w-3t/repeat-3,yjit-on,true,puma-response-string-2048kb,puma-response-time-wrk,puma/benchmarks/local/response_time_wrk,https://github.com/puma/puma/blob/main/benchmarks/local/response_time_wrk.rb,puma-1w-3t,3,puma,1,3,2463,1000,5.011,5.0,1000,1032,2.008,2.0,5,true,2463,0,491.481,10.09,11.661,12.647,18.206,20.826,89.48,89.48,66.75,20,20,53,multiprocess_sample_only,,
yjit-on/puma-response-io-2048kb/puma-1w-3t/repeat-3,yjit-on,true,puma-response-io-2048kb,puma-response-time-wrk,puma/benchmarks/local/response_time_wrk,https://github.com/puma/puma/blob/main/benchmarks/local/response_time_wrk.rb,puma-1w-3t,3,puma,1,3,2498,1000,5.008,5.0,1000,1014,2.01,2.0,5,true,2498,0,498.806,9.937,11.671,12.639,14.738,20.393,89.48,89.48,65.38,20,20,53,multiprocess_sample_only,,
yjit-on/puma-long-tail-fib-200ms-x6p0/puma-1w-3t/repeat-3,yjit-on,true,puma-long-tail-fib-200ms-x6p0,puma-long-tail-hey,puma/benchmarks/local/long_tail_hey + test/rackup/sleep_fibonacci,https://github.com/puma/puma/blob/main/benchmarks/local/long_tail_hey.rb,puma-1w-3t,3,puma,1,3,360,360,51.2,5.0,360,360,51.214,2.0,18,true,360,0,7.031,2557.63,2593.883,2605.605,2607.494,2607.498,105.844,105.844,74.325,20,20,699,multiprocess_sample_only,,
yjit-on/puma-long-tail-fib-200ms-x4p0/puma-1w-3t/repeat-3,yjit-on,true,puma-long-tail-fib-200ms-x4p0,puma-long-tail-hey,puma/benchmarks/local/long_tail_hey + test/rackup/sleep_fibonacci,https://github.com/puma/puma/blob/main/benchmarks/local/long_tail_hey.rb,puma-1w-3t,3,puma,1,3,240,240,34.121,5.0,240,240,34.131,2.0,12,true,240,0,7.034,1705.106,1740.004,1749.446,1755.045,1755.622,115.672,115.672,79.94,20,20,466,multiprocess_sample_only,,
yjit-on/puma-long-tail-fib-200ms-x3p0/puma-1w-3t/repeat-3,yjit-on,true,puma-long-tail-fib-200ms-x3p0,puma-long-tail-hey,puma/benchmarks/local/long_tail_hey + test/rackup/sleep_fibonacci,https://github.com/puma/puma/blob/main/benchmarks/local/long_tail_hey.rb,puma-1w-3t,3,puma,1,3,180,180,25.594,5.0,180,180,25.604,2.0,9,true,180,0,7.033,1280.918,1311.166,1324.923,1330.558,1331.235,115.77,115.77,82.705,20,20,350,multiprocess_sample_only,,
yjit-on/puma-long-tail-fib-200ms-x2p0/puma-1w-3t/repeat-3,yjit-on,true,puma-long-tail-fib-200ms-x2p0,puma-long-tail-hey,puma/benchmarks/local/long_tail_hey + test/rackup/sleep_fibonacci,https://github.com/puma/puma/blob/main/benchmarks/local/long_tail_hey.rb,puma-1w-3t,3,puma,1,3,120,120,17.059,5.0,120,120,17.063,2.0,6,true,120,0,7.035,853.084,876.019,879.749,879.979,880.003,115.77,115.77,84.22,20,20,234,multiprocess_sample_only,,
yjit-on/puma-long-tail-fib-200ms-x1p5/puma-1w-3t/repeat-3,yjit-on,true,puma-long-tail-fib-200ms-x1p5,puma-long-tail-hey,puma/benchmarks/local/long_tail_hey + test/rackup/sleep_fibonacci,https://github.com/puma/puma/blob/main/benchmarks/local/long_tail_hey.rb,puma-1w-3t,3,puma,1,3,100,100,14.263,5.0,100,100,14.263,2.0,5,true,100,0,7.011,779.718,858.347,867.389,868.014,868.083,116.207,116.207,85.22,20,20,196,multiprocess_sample_only,,
yjit-on/puma-long-tail-fib-200ms-x1p0/puma-1w-3t/repeat-3,yjit-on,true,puma-long-tail-fib-200ms-x1p0,puma-long-tail-hey,puma/benchmarks/local/long_tail_hey + test/rackup/sleep_fibonacci,https://github.com/puma/puma/blob/main/benchmarks/local/long_tail_hey.rb,puma-1w-3t,3,puma,1,3,60,60,8.532,5.0,60,60,8.531,2.0,3,true,60,0,7.032,426.621,438.297,439.647,440.799,440.927,116.207,116.207,85.82,20,20,118,multiprocess_sample_only,,
yjit-on/puma-long-tail-fib-200ms-x0p5/puma-1w-3t/repeat-3,yjit-on,true,puma-long-tail-fib-200ms-x0p5,puma-long-tail-hey,puma/benchmarks/local/long_tail_hey + test/rackup/sleep_fibonacci,https://github.com/puma/puma/blob/main/benchmarks/local/long_tail_hey.rb,puma-1w-3t,3,puma,1,3,40,40,5.689,5.0,40,40,5.68,2.0,2,true,40,0,7.031,284.398,289.723,290.534,290.891,290.931,116.207,116.207,86.185,20,20,80,multiprocess_sample_only,,
yjit-on/puma-sleep-fibonacci-1ms/puma-1w-3t/repeat-3,yjit-on,true,puma-sleep-fibonacci-1ms,puma-sleep-fibonacci-test,puma/benchmarks/local/sleep_fibonacci_test + test/rackup/sleep_fibonacci,https://github.com/puma/puma/blob/main/benchmarks/local/sleep_fibonacci_test.rb,puma-1w-3t,3,puma,1,3,1644,10,5.002,5.0,10,657,2.002,2.0,1,true,1644,0,328.643,2.991,3.297,3.484,3.992,4.207,116.891,116.891,85.825,20,20,70,multiprocess_sample_only,,
yjit-on/puma-sleep-fibonacci-5ms/puma-1w-3t/repeat-3,yjit-on,true,puma-sleep-fibonacci-5ms,puma-sleep-fibonacci-test,puma/benchmarks/local/sleep_fibonacci_test + test/rackup/sleep_fibonacci,https://github.com/puma/puma/blob/main/benchmarks/local/sleep_fibonacci_test.rb,puma-1w-3t,3,puma,1,3,497,10,5.005,5.0,10,200,2.006,2.0,1,true,497,0,99.292,10.023,10.656,10.918,11.04,11.087,118.965,118.965,85.22,20,20,71,multiprocess_sample_only,,
yjit-on/puma-sleep-fibonacci-10ms/puma-1w-3t/repeat-3,yjit-on,true,puma-sleep-fibonacci-10ms,puma-sleep-fibonacci-test,puma/benchmarks/local/sleep_fibonacci_test + test/rackup/sleep_fibonacci,https://github.com/puma/puma/blob/main/benchmarks/local/sleep_fibonacci_test.rb,puma-1w-3t,3,puma,1,3,350,10,5.01,5.0,10,139,2.004,2.0,1,true,350,0,69.856,14.324,14.724,15.014,15.303,15.389,118.965,118.965,84.765,20,20,71,multiprocess_sample_only,,
yjit-on/puma-sleep-fibonacci-50ms/puma-1w-3t/repeat-3,yjit-on,true,puma-sleep-fibonacci-50ms,puma-sleep-fibonacci-test,puma/benchmarks/local/sleep_fibonacci_test + test/rackup/sleep_fibonacci,https://github.com/puma/puma/blob/main/benchmarks/local/sleep_fibonacci_test.rb,puma-1w-3t,3,puma,1,3,99,10,5.004,5.0,10,40,2.024,2.0,1,true,99,0,19.783,50.499,50.595,50.708,50.713,50.714,118.965,118.965,84.515,20,20,71,multiprocess_sample_only,,
yjit-on/puma-sleep-fibonacci-100ms/puma-1w-3t/repeat-3,yjit-on,true,puma-sleep-fibonacci-100ms,puma-sleep-fibonacci-test,puma/benchmarks/local/sleep_fibonacci_test + test/rackup/sleep_fibonacci,https://github.com/puma/puma/blob/main/benchmarks/local/sleep_fibonacci_test.rb,puma-1w-3t,3,puma,1,3,50,10,5.03,5.0,10,20,2.013,2.0,1,true,50,0,9.94,100.542,100.632,100.759,100.828,100.836,118.965,118.965,84.34,20,20,71,multiprocess_sample_only,,
yjit-on/puma-sleep-fibonacci-200ms/puma-1w-3t/repeat-3,yjit-on,true,puma-sleep-fibonacci-200ms,puma-sleep-fibonacci-test,puma/benchmarks/local/sleep_fibonacci_test + test/rackup/sleep_fibonacci,https://github.com/puma/puma/blob/main/benchmarks/local/sleep_fibonacci_test.rb,puma-1w-3t,3,puma,1,3,25,10,5.016,5.0,10,10,2.007,2.0,1,true,25,0,4.985,200.557,200.619,200.624,200.625,200.625,118.965,118.965,84.16,20,20,71,multiprocess_sample_only,,
