run_id,runtime,yjit,scenario,scenario_family,benchmark_source,benchmark_source_url,server,server_capacity,adapter,workers,threads,requests,target_requests,duration_s,min_duration_s,target_warmup_requests,warmup_requests,warmup_duration_s,warmup_min_duration_s,concurrency,keep_alive,completed,errors,achieved_rps,p50_ms,p95_ms,p99_ms,p999_ms,max_ms,rss_mb_peak,rss_mb_end,cpu_pct_avg,target_sample_count,sample_count,raw_sample_count,gc_delta_scope,gc_count_delta,total_allocated_objects_delta
yjit-off/puma-response-array-1kb/raptor-3r/repeat-1,yjit-off,false,puma-response-array-1kb,puma-response-time-wrk,puma/benchmarks/local/response_time_wrk,https://github.com/puma/puma/blob/main/benchmarks/local/response_time_wrk.rb,raptor-3r,3,raptor,3,,1000,1000,16.122,5.0,1000,1000,16.126,2.0,5,true,1000,0,62.026,40.983,41.974,42.407,4031.37,4034.346,29.313,29.313,2.975,20,20,237,same_worker,15,719320
yjit-off/puma-response-chunk-1kb/raptor-3r/repeat-1,yjit-off,false,puma-response-chunk-1kb,puma-response-time-wrk,puma/benchmarks/local/response_time_wrk,https://github.com/puma/puma/blob/main/benchmarks/local/response_time_wrk.rb,raptor-3r,3,raptor,3,,1000,1000,16.116,5.0,1000,1000,16.124,2.0,5,true,1000,0,62.051,40.983,41.925,42.545,4027.73,4028.764,29.34,29.34,2.395,20,20,238,same_worker,15,716319
yjit-off/puma-response-string-1kb/raptor-3r/repeat-1,yjit-off,false,puma-response-string-1kb,puma-response-time-wrk,puma/benchmarks/local/response_time_wrk,https://github.com/puma/puma/blob/main/benchmarks/local/response_time_wrk.rb,raptor-3r,3,raptor,3,,1000,1000,16.106,5.0,1000,1000,16.148,2.0,5,true,1000,0,62.087,40.977,41.828,42.269,4026.296,4027.254,29.422,29.422,2.3,20,20,237,same_worker,14,720363
yjit-off/puma-response-io-1kb/raptor-3r/repeat-1,yjit-off,false,puma-response-io-1kb,puma-response-time-wrk,puma/benchmarks/local/response_time_wrk,https://github.com/puma/puma/blob/main/benchmarks/local/response_time_wrk.rb,raptor-3r,3,raptor,3,,1000,1000,16.105,5.0,1000,1000,16.115,2.0,5,true,1000,0,62.092,40.983,41.953,42.2,4026.227,4027.305,29.488,29.488,2.245,20,20,239,same_worker,15,727309
yjit-off/puma-response-array-10kb/raptor-3r/repeat-1,yjit-off,false,puma-response-array-10kb,puma-response-time-wrk,puma/benchmarks/local/response_time_wrk,https://github.com/puma/puma/blob/main/benchmarks/local/response_time_wrk.rb,raptor-3r,3,raptor,3,,1000,1000,16.111,5.0,1000,1000,16.115,2.0,5,true,1000,0,62.069,40.983,41.926,42.053,4027.277,4029.953,29.488,29.488,2.2,20,20,238,same_worker,14,719293
yjit-off/puma-response-chunk-10kb/raptor-3r/repeat-1,yjit-off,false,puma-response-chunk-10kb,puma-response-time-wrk,puma/benchmarks/local/response_time_wrk,https://github.com/puma/puma/blob/main/benchmarks/local/response_time_wrk.rb,raptor-3r,3,raptor,3,,1000,1000,16.113,5.0,1000,1000,16.125,2.0,5,true,1000,0,62.06,40.98,41.959,42.308,4027.94,4028.055,29.488,29.488,2.2,20,20,237,same_worker,14,718752
yjit-off/puma-response-string-10kb/raptor-3r/repeat-1,yjit-off,false,puma-response-string-10kb,puma-response-time-wrk,puma/benchmarks/local/response_time_wrk,https://github.com/puma/puma/blob/main/benchmarks/local/response_time_wrk.rb,raptor-3r,3,raptor,3,,1000,1000,16.107,5.0,1000,1000,16.142,2.0,5,true,1000,0,62.086,40.981,41.932,42.256,4030.004,4030.112,29.488,29.488,2.2,20,20,238,same_worker,14,717427
yjit-off/puma-response-io-10kb/raptor-3r/repeat-1,yjit-off,false,puma-response-io-10kb,puma-response-time-wrk,puma/benchmarks/local/response_time_wrk,https://github.com/puma/puma/blob/main/benchmarks/local/response_time_wrk.rb,raptor-3r,3,raptor,3,,1000,1000,16.124,5.0,1000,1000,16.162,2.0,5,true,1000,0,62.018,40.983,41.961,42.338,4035.901,4036.312,30.609,30.609,2.2,20,20,237,same_worker,14,744274
yjit-off/puma-response-array-100kb/raptor-3r/repeat-1,yjit-off,false,puma-response-array-100kb,puma-response-time-wrk,puma/benchmarks/local/response_time_wrk,https://github.com/puma/puma/blob/main/benchmarks/local/response_time_wrk.rb,raptor-3r,3,raptor,3,,1000,1000,14.2,5.0,1000,1000,14.812,2.0,5,true,1000,0,70.423,40.962,41.956,42.162,3626.249,3669.985,30.609,30.609,2.3,20,20,209,same_worker,14,717985
yjit-off/puma-response-chunk-100kb/raptor-3r/repeat-1,yjit-off,false,puma-response-chunk-100kb,puma-response-time-wrk,puma/benchmarks/local/response_time_wrk,https://github.com/puma/puma/blob/main/benchmarks/local/response_time_wrk.rb,raptor-3r,3,raptor,3,,1000,1000,15.158,5.0,1000,1000,14.225,2.0,5,true,1000,0,65.97,40.964,41.938,42.312,3747.68,3867.575,30.609,30.609,2.41,20,20,223,same_worker,15,716296
yjit-off/puma-response-string-100kb/raptor-3r/repeat-1,yjit-off,false,puma-response-string-100kb,puma-response-time-wrk,puma/benchmarks/local/response_time_wrk,https://github.com/puma/puma/blob/main/benchmarks/local/response_time_wrk.rb,raptor-3r,3,raptor,3,,12997,1000,5.002,5.0,1000,5301,2.002,2.0,5,true,12997,0,2598.218,1.033,2.015,11.796,112.162,119.745,30.609,30.609,3.6,20,20,73,same_worker,186,9346055
yjit-off/puma-response-io-100kb/raptor-3r/repeat-1,yjit-off,false,puma-response-io-100kb,puma-response-time-wrk,puma/benchmarks/local/response_time_wrk,https://github.com/puma/puma/blob/main/benchmarks/local/response_time_wrk.rb,raptor-3r,3,raptor,3,,1000,1000,15.345,5.0,1000,1000,14.14,2.0,5,true,1000,0,65.168,40.971,41.968,42.799,3790.945,3830.356,42.348,42.348,4.2,20,20,227,same_worker,18,925309
yjit-off/puma-response-array-256kb/raptor-3r/repeat-1,yjit-off,false,puma-response-array-256kb,puma-response-time-wrk,puma/benchmarks/local/response_time_wrk,https://github.com/puma/puma/blob/main/benchmarks/local/response_time_wrk.rb,raptor-3r,3,raptor,3,,1000,1000,11.852,5.0,1000,1000,11.267,2.0,5,true,1000,0,84.373,41.021,42.312,43.122,2934.682,2950.969,42.348,42.348,4.275,20,20,174,same_worker,14,717485
yjit-off/puma-response-chunk-256kb/raptor-3r/repeat-1,yjit-off,false,puma-response-chunk-256kb,puma-response-time-wrk,puma/benchmarks/local/response_time_wrk,https://github.com/puma/puma/blob/main/benchmarks/local/response_time_wrk.rb,raptor-3r,3,raptor,3,,1000,1000,9.733,5.0,1000,1000,8.743,2.0,5,true,1000,0,102.74,40.992,42.226,42.972,2351.318,3036.929,42.348,42.348,4.435,20,20,143,same_worker,14,714781
yjit-off/puma-response-string-256kb/raptor-3r/repeat-1,yjit-off,false,puma-response-string-256kb,puma-response-time-wrk,puma/benchmarks/local/response_time_wrk,https://github.com/puma/puma/blob/main/benchmarks/local/response_time_wrk.rb,raptor-3r,3,raptor,3,,9618,1000,5.002,5.0,1000,4000,2.002,2.0,5,true,9618,0,1922.894,1.372,2.769,27.102,144.41,158.951,42.348,42.348,5.225,20,20,72,same_worker,138,6916647
yjit-off/puma-response-io-256kb/raptor-3r/repeat-1,yjit-off,false,puma-response-io-256kb,puma-response-time-wrk,puma/benchmarks/local/response_time_wrk,https://github.com/puma/puma/blob/main/benchmarks/local/response_time_wrk.rb,raptor-3r,3,raptor,3,,1000,1000,12.773,5.0,1000,1000,11.001,2.0,5,true,1000,0,78.291,41.618,42.299,43.173,3319.986,3325.239,54.711,54.711,5.77,20,20,190,same_worker,26,1237347
yjit-off/puma-response-array-512kb/raptor-3r/repeat-1,yjit-off,false,puma-response-array-512kb,puma-response-time-wrk,puma/benchmarks/local/response_time_wrk,https://github.com/puma/puma/blob/main/benchmarks/local/response_time_wrk.rb,raptor-3r,3,raptor,3,,1000,1000,12.566,5.0,1000,1000,13.207,2.0,5,true,1000,0,79.578,41.925,42.943,46.895,3055.764,3604.809,54.711,54.711,5.9,20,20,184,same_worker,15,719303
yjit-off/puma-response-chunk-512kb/raptor-3r/repeat-1,yjit-off,false,puma-response-chunk-512kb,puma-response-time-wrk,puma/benchmarks/local/response_time_wrk,https://github.com/puma/puma/blob/main/benchmarks/local/response_time_wrk.rb,raptor-3r,3,raptor,3,,1000,1000,14.029,5.0,1000,1000,12.734,2.0,5,true,1000,0,71.281,41.953,42.95,43.272,3357.038,3516.482,54.711,54.711,6.02,20,20,208,same_worker,15,714844
yjit-off/puma-response-string-512kb/raptor-3r/repeat-1,yjit-off,false,puma-response-string-512kb,puma-response-time-wrk,puma/benchmarks/local/response_time_wrk,https://github.com/puma/puma/blob/main/benchmarks/local/response_time_wrk.rb,raptor-3r,3,raptor,3,,7798,1000,5.004,5.0,1000,3123,2.002,2.0,5,true,7798,0,1558.416,1.587,3.185,35.636,185.695,209.215,54.711,48.734,6.53,20,20,72,same_worker,113,5609902
yjit-off/puma-response-io-512kb/raptor-3r/repeat-1,yjit-off,false,puma-response-io-512kb,puma-response-time-wrk,puma/benchmarks/local/response_time_wrk,https://github.com/puma/puma/blob/main/benchmarks/local/response_time_wrk.rb,raptor-3r,3,raptor,3,,1000,1000,14.962,5.0,1000,1000,14.971,2.0,5,true,1000,0,66.835,41.97,43.054,44.177,3619.347,3669.893,68.605,68.605,6.945,20,20,222,same_worker,39,1749405
yjit-off/puma-response-array-1024kb/raptor-3r/repeat-1,yjit-off,false,puma-response-array-1024kb,puma-response-time-wrk,puma/benchmarks/local/response_time_wrk,https://github.com/puma/puma/blob/main/benchmarks/local/response_time_wrk.rb,raptor-3r,3,raptor,3,,1000,1000,14.873,5.0,1000,1000,15.505,2.0,5,true,1000,0,67.237,42.033,43.911,48.675,3771.431,3851.689,68.605,68.605,7.15,20,20,219,same_worker,15,718043
yjit-off/puma-response-chunk-1024kb/raptor-3r/repeat-1,yjit-off,false,puma-response-chunk-1024kb,puma-response-time-wrk,puma/benchmarks/local/response_time_wrk,https://github.com/puma/puma/blob/main/benchmarks/local/response_time_wrk.rb,raptor-3r,3,raptor,3,,1000,1000,14.161,5.0,1000,1000,15.175,2.0,5,true,1000,0,70.617,42.823,44.331,46.211,3447.67,3499.765,68.605,68.605,7.455,20,20,208,same_worker,15,716293
yjit-off/puma-response-string-1024kb/raptor-3r/repeat-1,yjit-off,false,puma-response-string-1024kb,puma-response-time-wrk,puma/benchmarks/local/response_time_wrk,https://github.com/puma/puma/blob/main/benchmarks/local/response_time_wrk.rb,raptor-3r,3,raptor,3,,5764,1000,5.004,5.0,1000,2380,2.009,2.0,5,true,5764,0,1151.906,2.267,4.513,26.223,239.334,257.721,68.605,68.605,7.85,20,20,70,same_worker,84,4143511
yjit-off/puma-response-io-1024kb/raptor-3r/repeat-1,yjit-off,false,puma-response-io-1024kb,puma-response-time-wrk,puma/benchmarks/local/response_time_wrk,https://github.com/puma/puma/blob/main/benchmarks/local/response_time_wrk.rb,raptor-3r,3,raptor,3,,1000,1000,15.322,5.0,1000,1000,16.139,2.0,5,true,1000,0,65.265,42.967,44.639,45.977,3790.642,3800.412,73.125,67.09,8.35,20,20,225,same_worker,64,2772980
yjit-off/puma-response-array-2048kb/raptor-3r/repeat-1,yjit-off,false,puma-response-array-2048kb,puma-response-time-wrk,puma/benchmarks/local/response_time_wrk,https://github.com/puma/puma/blob/main/benchmarks/local/response_time_wrk.rb,raptor-3r,3,raptor,3,,1000,1000,15.725,5.0,1000,1000,16.086,2.0,5,true,1000,0,63.593,43.944,45.902,46.908,3992.729,4067.683,67.09,67.09,8.895,20,20,233,same_worker,15,718184
yjit-off/puma-response-chunk-2048kb/raptor-3r/repeat-1,yjit-off,false,puma-response-chunk-2048kb,puma-response-time-wrk,puma/benchmarks/local/response_time_wrk,https://github.com/puma/puma/blob/main/benchmarks/local/response_time_wrk.rb,raptor-3r,3,raptor,3,,1000,1000,15.707,5.0,1000,1000,15.645,2.0,5,true,1000,0,63.665,43.966,45.693,47.181,3923.161,4140.197,67.09,67.09,9.49,20,20,233,same_worker,15,714536
yjit-off/puma-response-string-2048kb/raptor-3r/repeat-1,yjit-off,false,puma-response-string-2048kb,puma-response-time-wrk,puma/benchmarks/local/response_time_wrk,https://github.com/puma/puma/blob/main/benchmarks/local/response_time_wrk.rb,raptor-3r,3,raptor,3,,3854,1000,5.005,5.0,1000,1541,2.007,2.0,5,true,3854,0,769.957,3.562,6.663,16.415,377.139,399.488,74.074,74.074,9.81,20,20,68,same_worker,56,2771221
yjit-off/puma-response-io-2048kb/raptor-3r/repeat-1,yjit-off,false,puma-response-io-2048kb,puma-response-time-wrk,puma/benchmarks/local/response_time_wrk,https://github.com/puma/puma/blob/main/benchmarks/local/response_time_wrk.rb,raptor-3r,3,raptor,3,,1000,1000,16.484,5.0,1000,1000,17.363,2.0,5,true,1000,0,60.666,45.132,49.013,51.267,4085.566,4196.407,91.605,91.605,10.74,20,20,243,same_worker,114,4822508
yjit-off/puma-long-tail-fib-200ms-x6p0/raptor-3r/repeat-1,yjit-off,false,puma-long-tail-fib-200ms-x6p0,puma-long-tail-hey,puma/benchmarks/local/long_tail_hey + test/rackup/sleep_fibonacci,https://github.com/puma/puma/blob/main/benchmarks/local/long_tail_hey.rb,raptor-3r,3,raptor,3,,363,360,29.01,5.0,360,360,28.774,2.0,18,true,363,0,12.513,241.793,243.019,19610.776,24398.309,24398.486,91.965,91.965,20.325,20,20,424,same_worker,1,64798
yjit-off/puma-long-tail-fib-200ms-x4p0/raptor-3r/repeat-1,yjit-off,false,puma-long-tail-fib-200ms-x4p0,puma-long-tail-hey,puma/benchmarks/local/long_tail_hey + test/rackup/sleep_fibonacci,https://github.com/puma/puma/blob/main/benchmarks/local/long_tail_hey.rb,raptor-3r,3,raptor,3,,243,240,19.421,5.0,240,240,19.185,2.0,12,true,243,0,12.512,241.837,242.812,12800.969,14813.605,14813.616,91.988,91.988,28.75,20,20,284,same_worker,1,44493
yjit-off/puma-long-tail-fib-200ms-x3p0/raptor-3r/repeat-1,yjit-off,false,puma-long-tail-fib-200ms-x3p0,puma-long-tail-hey,puma/benchmarks/local/long_tail_hey + test/rackup/sleep_fibonacci,https://github.com/puma/puma/blob/main/benchmarks/local/long_tail_hey.rb,raptor-3r,3,raptor,3,,183,180,14.625,5.0,180,180,14.387,2.0,9,true,183,0,12.513,241.724,243.022,10032.923,10033.021,10033.03,92.0,92.0,34.3,20,20,216,same_worker,0,31559
yjit-off/puma-long-tail-fib-200ms-x2p0/raptor-3r/repeat-1,yjit-off,false,puma-long-tail-fib-200ms-x2p0,puma-long-tail-hey,puma/benchmarks/local/long_tail_hey + test/rackup/sleep_fibonacci,https://github.com/puma/puma/blob/main/benchmarks/local/long_tail_hey.rb,raptor-3r,3,raptor,3,,123,120,9.833,5.0,120,120,9.591,2.0,6,true,123,0,12.51,241.819,242.915,5232.874,5233.582,5233.585,92.0,92.0,37.905,20,20,146,same_worker,0,20273
yjit-off/puma-long-tail-fib-200ms-x1p5/raptor-3r/repeat-1,yjit-off,false,puma-long-tail-fib-200ms-x1p5,puma-long-tail-hey,puma/benchmarks/local/long_tail_hey + test/rackup/sleep_fibonacci,https://github.com/puma/puma/blob/main/benchmarks/local/long_tail_hey.rb,raptor-3r,3,raptor,3,,103,100,9.826,5.0,100,100,9.587,2.0,5,true,103,0,10.483,241.754,242.765,5131.734,5233.118,5233.301,92.008,92.008,40.56,20,20,146,same_worker,0,18901
yjit-off/puma-long-tail-fib-200ms-x1p0/raptor-3r/repeat-1,yjit-off,false,puma-long-tail-fib-200ms-x1p0,puma-long-tail-hey,puma/benchmarks/local/long_tail_hey + test/rackup/sleep_fibonacci,https://github.com/puma/puma/blob/main/benchmarks/local/long_tail_hey.rb,raptor-3r,3,raptor,3,,63,60,5.037,5.0,60,60,4.795,2.0,3,true,63,0,12.508,241.738,242.256,242.905,242.929,242.931,92.008,92.008,42.2,20,20,76,same_worker,1,12508
yjit-off/puma-long-tail-fib-200ms-x0p5/raptor-3r/repeat-1,yjit-off,false,puma-long-tail-fib-200ms-x0p5,puma-long-tail-hey,puma/benchmarks/local/long_tail_hey + test/rackup/sleep_fibonacci,https://github.com/puma/puma/blob/main/benchmarks/local/long_tail_hey.rb,raptor-3r,3,raptor,3,,42,40,5.03,5.0,40,40,4.794,2.0,2,true,42,0,8.35,241.013,242.232,242.623,242.826,242.849,92.008,92.008,43.18,20,20,76,same_worker,0,7991
yjit-off/puma-sleep-fibonacci-1ms/raptor-3r/repeat-1,yjit-off,false,puma-sleep-fibonacci-1ms,puma-sleep-fibonacci-test,puma/benchmarks/local/sleep_fibonacci_test + test/rackup/sleep_fibonacci,https://github.com/puma/puma/blob/main/benchmarks/local/sleep_fibonacci_test.rb,raptor-3r,3,raptor,3,,122,10,5.013,5.0,10,49,2.017,2.0,1,true,122,0,24.337,41.972,42.96,42.994,43.042,43.048,92.078,92.078,43.175,20,20,75,same_worker,1,21503
yjit-off/puma-sleep-fibonacci-5ms/raptor-3r/repeat-1,yjit-off,false,puma-sleep-fibonacci-5ms,puma-sleep-fibonacci-test,puma/benchmarks/local/sleep_fibonacci_test + test/rackup/sleep_fibonacci,https://github.com/puma/puma/blob/main/benchmarks/local/sleep_fibonacci_test.rb,raptor-3r,3,raptor,3,,110,10,5.04,5.0,10,44,2.025,2.0,1,true,110,0,21.826,46.973,47.987,48.009,48.013,48.014,92.094,92.094,42.89,20,20,76,same_worker,0,19573
yjit-off/puma-sleep-fibonacci-10ms/raptor-3r/repeat-1,yjit-off,false,puma-sleep-fibonacci-10ms,puma-sleep-fibonacci-test,puma/benchmarks/local/sleep_fibonacci_test + test/rackup/sleep_fibonacci,https://github.com/puma/puma/blob/main/benchmarks/local/sleep_fibonacci_test.rb,raptor-3r,3,raptor,3,,99,10,5.023,5.0,10,40,2.014,2.0,1,true,99,0,19.71,50.978,51.934,52.032,52.925,53.024,92.211,92.211,42.65,20,20,75,same_worker,1,17748
yjit-off/puma-sleep-fibonacci-50ms/raptor-3r/repeat-1,yjit-off,false,puma-sleep-fibonacci-50ms,puma-sleep-fibonacci-test,puma/benchmarks/local/sleep_fibonacci_test + test/rackup/sleep_fibonacci,https://github.com/puma/puma/blob/main/benchmarks/local/sleep_fibonacci_test.rb,raptor-3r,3,raptor,3,,56,10,5.087,5.0,10,23,2.067,2.0,1,true,56,0,11.009,91.656,92.058,92.539,92.631,92.641,92.211,92.211,42.6,20,20,76,same_worker,0,9988
yjit-off/puma-sleep-fibonacci-100ms/raptor-3r/repeat-1,yjit-off,false,puma-sleep-fibonacci-100ms,puma-sleep-fibonacci-test,puma/benchmarks/local/sleep_fibonacci_test + test/rackup/sleep_fibonacci,https://github.com/puma/puma/blob/main/benchmarks/local/sleep_fibonacci_test.rb,raptor-3r,3,raptor,3,,36,10,5.074,5.0,10,15,2.094,2.0,1,true,36,0,7.095,141.954,142.963,143.058,143.077,143.079,92.215,92.215,42.6,20,20,75,same_worker,0,6528
yjit-off/puma-sleep-fibonacci-200ms/raptor-3r/repeat-1,yjit-off,false,puma-sleep-fibonacci-200ms,puma-sleep-fibonacci-test,puma/benchmarks/local/sleep_fibonacci_test + test/rackup/sleep_fibonacci,https://github.com/puma/puma/blob/main/benchmarks/local/sleep_fibonacci_test.rb,raptor-3r,3,raptor,3,,21,10,5.033,5.0,10,10,2.383,2.0,1,true,21,0,4.173,241.841,242.032,242.067,242.075,242.076,92.215,92.215,42.7,20,20,75,same_worker,0,3888
yjit-off/puma-response-array-1kb/raptor-3r/repeat-2,yjit-off,false,puma-response-array-1kb,puma-response-time-wrk,puma/benchmarks/local/response_time_wrk,https://github.com/puma/puma/blob/main/benchmarks/local/response_time_wrk.rb,raptor-3r,3,raptor,3,,1000,1000,16.13,5.0,1000,1000,16.143,2.0,5,true,1000,0,61.995,40.983,41.986,42.626,4031.379,4033.682,27.391,27.391,3.155,20,20,237,same_worker,28,719371
yjit-off/puma-response-chunk-1kb/raptor-3r/repeat-2,yjit-off,false,puma-response-chunk-1kb,puma-response-time-wrk,puma/benchmarks/local/response_time_wrk,https://github.com/puma/puma/blob/main/benchmarks/local/response_time_wrk.rb,raptor-3r,3,raptor,3,,1000,1000,16.125,5.0,1000,1000,16.156,2.0,5,true,1000,0,62.017,40.979,41.989,42.303,4034.26,4034.914,27.398,27.398,2.685,20,20,236,same_worker,27,715402
yjit-off/puma-response-string-1kb/raptor-3r/repeat-2,yjit-off,false,puma-response-string-1kb,puma-response-time-wrk,puma/benchmarks/local/response_time_wrk,https://github.com/puma/puma/blob/main/benchmarks/local/response_time_wrk.rb,raptor-3r,3,raptor,3,,1000,1000,16.113,5.0,1000,1000,16.149,2.0,5,true,1000,0,62.062,40.977,41.951,42.276,4026.906,4029.518,27.422,27.422,2.58,20,20,237,same_worker,27,718744
yjit-off/puma-response-io-1kb/raptor-3r/repeat-2,yjit-off,false,puma-response-io-1kb,puma-response-time-wrk,puma/benchmarks/local/response_time_wrk,https://github.com/puma/puma/blob/main/benchmarks/local/response_time_wrk.rb,raptor-3r,3,raptor,3,,1000,1000,16.121,5.0,1000,1000,16.167,2.0,5,true,1000,0,62.029,40.98,41.944,42.471,4031.806,4032.557,27.473,27.473,2.5,20,20,237,same_worker,26,725641
yjit-off/puma-response-array-10kb/raptor-3r/repeat-2,yjit-off,false,puma-response-array-10kb,puma-response-time-wrk,puma/benchmarks/local/response_time_wrk,https://github.com/puma/puma/blob/main/benchmarks/local/response_time_wrk.rb,raptor-3r,3,raptor,3,,1000,1000,16.122,5.0,1000,1000,16.146,2.0,5,true,1000,0,62.029,40.981,41.97,42.602,4036.5,4036.583,27.504,27.504,2.5,20,20,237,same_worker,27,719340
yjit-off/puma-response-chunk-10kb/raptor-3r/repeat-2,yjit-off,false,puma-response-chunk-10kb,puma-response-time-wrk,puma/benchmarks/local/response_time_wrk,https://github.com/puma/puma/blob/main/benchmarks/local/response_time_wrk.rb,raptor-3r,3,raptor,3,,1000,1000,16.113,5.0,1000,1000,16.144,2.0,5,true,1000,0,62.062,40.978,41.97,42.247,4028.813,4029.055,27.508,27.508,2.5,20,20,236,same_worker,27,716357
yjit-off/puma-response-string-10kb/raptor-3r/repeat-2,yjit-off,false,puma-response-string-10kb,puma-response-time-wrk,puma/benchmarks/local/response_time_wrk,https://github.com/puma/puma/blob/main/benchmarks/local/response_time_wrk.rb,raptor-3r,3,raptor,3,,1000,1000,16.112,5.0,1000,1000,16.133,2.0,5,true,1000,0,62.067,40.984,41.962,42.224,4028.499,4031.927,27.527,27.527,2.4,20,20,238,same_worker,26,719349
yjit-off/puma-response-io-10kb/raptor-3r/repeat-2,yjit-off,false,puma-response-io-10kb,puma-response-time-wrk,puma/benchmarks/local/response_time_wrk,https://github.com/puma/puma/blob/main/benchmarks/local/response_time_wrk.rb,raptor-3r,3,raptor,3,,1000,1000,16.109,5.0,1000,1000,16.139,2.0,5,true,1000,0,62.077,40.98,41.944,42.265,4031.097,4031.534,28.223,28.223,2.4,20,20,237,same_worker,27,745354
yjit-off/puma-response-array-100kb/raptor-3r/repeat-2,yjit-off,false,puma-response-array-100kb,puma-response-time-wrk,puma/benchmarks/local/response_time_wrk,https://github.com/puma/puma/blob/main/benchmarks/local/response_time_wrk.rb,raptor-3r,3,raptor,3,,1000,1000,14.812,5.0,1000,1000,14.768,2.0,5,true,1000,0,67.515,40.964,41.972,42.793,3753.186,3865.823,28.289,28.289,2.5,20,20,218,same_worker,27,719324
yjit-off/puma-response-chunk-100kb/raptor-3r/repeat-2,yjit-off,false,puma-response-chunk-100kb,puma-response-time-wrk,puma/benchmarks/local/response_time_wrk,https://github.com/puma/puma/blob/main/benchmarks/local/response_time_wrk.rb,raptor-3r,3,raptor,3,,1000,1000,15.039,5.0,1000,1000,13.303,2.0,5,true,1000,0,66.493,40.965,41.958,42.249,3789.619,3791.707,28.336,28.336,2.6,20,20,221,same_worker,26,716349
yjit-off/puma-response-string-100kb/raptor-3r/repeat-2,yjit-off,false,puma-response-string-100kb,puma-response-time-wrk,puma/benchmarks/local/response_time_wrk,https://github.com/puma/puma/blob/main/benchmarks/local/response_time_wrk.rb,raptor-3r,3,raptor,3,,12714,1000,5.002,5.0,1000,5402,2.002,2.0,5,true,12714,0,2541.667,1.043,2.099,6.302,109.81,118.675,28.574,28.574,3.805,20,20,73,same_worker,343,9144144
yjit-off/puma-response-io-100kb/raptor-3r/repeat-2,yjit-off,false,puma-response-io-100kb,puma-response-time-wrk,puma/benchmarks/local/response_time_wrk,https://github.com/puma/puma/blob/main/benchmarks/local/response_time_wrk.rb,raptor-3r,3,raptor,3,,1000,1000,15.628,5.0,1000,1000,14.234,2.0,5,true,1000,0,63.988,40.974,41.975,42.63,3881.002,3993.906,32.551,32.551,4.4,20,20,231,same_worker,36,924126
yjit-off/puma-response-array-256kb/raptor-3r/repeat-2,yjit-off,false,puma-response-array-256kb,puma-response-time-wrk,puma/benchmarks/local/response_time_wrk,https://github.com/puma/puma/blob/main/benchmarks/local/response_time_wrk.rb,raptor-3r,3,raptor,3,,1000,1000,12.094,5.0,1000,1000,9.965,2.0,5,true,1000,0,82.684,40.99,42.216,43.322,3293.549,3393.635,32.551,32.551,4.5,20,20,178,same_worker,27,719126
yjit-off/puma-response-chunk-256kb/raptor-3r/repeat-2,yjit-off,false,puma-response-chunk-256kb,puma-response-time-wrk,puma/benchmarks/local/response_time_wrk,https://github.com/puma/puma/blob/main/benchmarks/local/response_time_wrk.rb,raptor-3r,3,raptor,3,,1001,1000,9.177,5.0,1000,1000,8.078,2.0,5,true,1001,0,109.082,40.982,42.356,43.664,2415.081,2535.364,32.551,32.551,4.68,20,20,135,same_worker,27,717069
yjit-off/puma-response-string-256kb/raptor-3r/repeat-2,yjit-off,false,puma-response-string-256kb,puma-response-time-wrk,puma/benchmarks/local/response_time_wrk,https://github.com/puma/puma/blob/main/benchmarks/local/response_time_wrk.rb,raptor-3r,3,raptor,3,,9259,1000,5.002,5.0,1000,3829,2.002,2.0,5,true,9259,0,1850.908,1.366,2.878,40.433,147.266,203.967,32.793,32.793,5.46,20,20,72,same_worker,253,6657583
yjit-off/puma-response-io-256kb/raptor-3r/repeat-2,yjit-off,false,puma-response-io-256kb,puma-response-time-wrk,puma/benchmarks/local/response_time_wrk,https://github.com/puma/puma/blob/main/benchmarks/local/response_time_wrk.rb,raptor-3r,3,raptor,3,,1000,1000,12.988,5.0,1000,1000,11.533,2.0,5,true,1000,0,76.994,41.919,42.898,44.088,2896.819,3352.55,39.52,39.52,6.0,20,20,191,same_worker,52,1236062
yjit-off/puma-response-array-512kb/raptor-3r/repeat-2,yjit-off,false,puma-response-array-512kb,puma-response-time-wrk,puma/benchmarks/local/response_time_wrk,https://github.com/puma/puma/blob/main/benchmarks/local/response_time_wrk.rb,raptor-3r,3,raptor,3,,1000,1000,12.864,5.0,1000,1000,13.559,2.0,5,true,1000,0,77.737,41.923,42.918,43.645,3152.508,3304.981,39.52,39.52,6.14,20,20,189,same_worker,27,719349
yjit-off/puma-response-chunk-512kb/raptor-3r/repeat-2,yjit-off,false,puma-response-chunk-512kb,puma-response-time-wrk,puma/benchmarks/local/response_time_wrk,https://github.com/puma/puma/blob/main/benchmarks/local/response_time_wrk.rb,raptor-3r,3,raptor,3,,1000,1000,11.746,5.0,1000,1000,12.658,2.0,5,true,1000,0,85.136,41.917,42.941,44.33,3018.312,3018.535,39.52,39.52,6.29,20,20,173,same_worker,28,715170
yjit-off/puma-response-string-512kb/raptor-3r/repeat-2,yjit-off,false,puma-response-string-512kb,puma-response-time-wrk,puma/benchmarks/local/response_time_wrk,https://github.com/puma/puma/blob/main/benchmarks/local/response_time_wrk.rb,raptor-3r,3,raptor,3,,7047,1000,5.003,5.0,1000,2926,2.003,2.0,5,true,7047,0,1408.533,1.722,3.542,26.676,209.192,220.603,40.055,40.055,6.855,20,20,71,same_worker,197,5069574
yjit-off/puma-response-io-512kb/raptor-3r/repeat-2,yjit-off,false,puma-response-io-512kb,puma-response-time-wrk,puma/benchmarks/local/response_time_wrk,https://github.com/puma/puma/blob/main/benchmarks/local/response_time_wrk.rb,raptor-3r,3,raptor,3,,1000,1000,14.732,5.0,1000,1000,14.882,2.0,5,true,1000,0,67.88,41.969,43.181,44.3,3628.306,3652.399,49.652,49.652,7.285,20,20,217,same_worker,79,1748162
yjit-off/puma-response-array-1024kb/raptor-3r/repeat-2,yjit-off,false,puma-response-array-1024kb,puma-response-time-wrk,puma/benchmarks/local/response_time_wrk,https://github.com/puma/puma/blob/main/benchmarks/local/response_time_wrk.rb,raptor-3r,3,raptor,3,,1000,1000,14.589,5.0,1000,1000,15.594,2.0,5,true,1000,0,68.543,42.044,44.002,45.543,3554.668,3653.465,47.137,47.137,7.54,20,20,214,same_worker,28,718786
yjit-off/puma-response-chunk-1024kb/raptor-3r/repeat-2,yjit-off,false,puma-response-chunk-1024kb,puma-response-time-wrk,puma/benchmarks/local/response_time_wrk,https://github.com/puma/puma/blob/main/benchmarks/local/response_time_wrk.rb,raptor-3r,3,raptor,3,,1000,1000,14.363,5.0,1000,1000,15.214,2.0,5,true,1000,0,69.621,42.889,44.214,46.561,3518.426,3525.106,47.137,47.137,7.83,20,20,210,same_worker,28,716346
yjit-off/puma-response-string-1024kb/raptor-3r/repeat-2,yjit-off,false,puma-response-string-1024kb,puma-response-time-wrk,puma/benchmarks/local/response_time_wrk,https://github.com/puma/puma/blob/main/benchmarks/local/response_time_wrk.rb,raptor-3r,3,raptor,3,,5030,1000,5.005,5.0,1000,2015,2.005,2.0,5,true,5030,0,1004.957,2.602,5.325,18.103,286.119,327.651,48.012,48.012,8.235,20,20,69,same_worker,143,3617254
yjit-off/puma-response-io-1024kb/raptor-3r/repeat-2,yjit-off,false,puma-response-io-1024kb,puma-response-time-wrk,puma/benchmarks/local/response_time_wrk,https://github.com/puma/puma/blob/main/benchmarks/local/response_time_wrk.rb,raptor-3r,3,raptor,3,,1000,1000,15.412,5.0,1000,1000,16.364,2.0,5,true,1000,0,64.886,43.487,45.485,47.811,3913.922,3919.64,52.332,52.332,8.89,20,20,226,same_worker,135,2772840
yjit-off/puma-response-array-2048kb/raptor-3r/repeat-2,yjit-off,false,puma-response-array-2048kb,puma-response-time-wrk,puma/benchmarks/local/response_time_wrk,https://github.com/puma/puma/blob/main/benchmarks/local/response_time_wrk.rb,raptor-3r,3,raptor,3,,1000,1000,15.427,5.0,1000,1000,15.644,2.0,5,true,1000,0,64.82,43.975,47.042,50.134,3998.731,4035.84,52.332,52.332,9.505,20,20,227,same_worker,28,718184
yjit-off/puma-response-chunk-2048kb/raptor-3r/repeat-2,yjit-off,false,puma-response-chunk-2048kb,puma-response-time-wrk,puma/benchmarks/local/response_time_wrk,https://github.com/puma/puma/blob/main/benchmarks/local/response_time_wrk.rb,raptor-3r,3,raptor,3,,1000,1000,15.286,5.0,1000,1000,15.633,2.0,5,true,1000,0,65.419,43.982,46.167,49.147,3971.639,4010.506,52.332,52.332,10.075,20,20,225,same_worker,28,716357
yjit-off/puma-response-string-2048kb/raptor-3r/repeat-2,yjit-off,false,puma-response-string-2048kb,puma-response-time-wrk,puma/benchmarks/local/response_time_wrk,https://github.com/puma/puma/blob/main/benchmarks/local/response_time_wrk.rb,raptor-3r,3,raptor,3,,3564,1000,5.007,5.0,1000,1487,2.006,2.0,5,true,3564,0,711.817,3.906,7.346,10.511,413.396,438.132,58.344,58.344,10.41,20,20,68,same_worker,103,2563031
yjit-off/puma-response-io-2048kb/raptor-3r/repeat-2,yjit-off,false,puma-response-io-2048kb,puma-response-time-wrk,puma/benchmarks/local/response_time_wrk,https://github.com/puma/puma/blob/main/benchmarks/local/response_time_wrk.rb,raptor-3r,3,raptor,3,,1000,1000,16.496,5.0,1000,1000,17.187,2.0,5,true,1000,0,60.621,45.165,49.04,51.021,4063.565,4148.584,82.031,79.52,11.375,20,20,242,same_worker,105,4820765
yjit-off/puma-long-tail-fib-200ms-x6p0/raptor-3r/repeat-2,yjit-off,false,puma-long-tail-fib-200ms-x6p0,puma-long-tail-hey,puma/benchmarks/local/long_tail_hey + test/rackup/sleep_fibonacci,https://github.com/puma/puma/blob/main/benchmarks/local/long_tail_hey.rb,raptor-3r,3,raptor,3,,363,360,29.004,5.0,360,360,28.758,2.0,18,true,363,0,12.516,241.821,242.99,19615.105,24405.825,24406.193,79.746,79.746,20.95,20,20,425,same_worker,2,65281
yjit-off/puma-long-tail-fib-200ms-x4p0/raptor-3r/repeat-2,yjit-off,false,puma-long-tail-fib-200ms-x4p0,puma-long-tail-hey,puma/benchmarks/local/long_tail_hey + test/rackup/sleep_fibonacci,https://github.com/puma/puma/blob/main/benchmarks/local/long_tail_hey.rb,raptor-3r,3,raptor,3,,243,240,19.413,5.0,240,240,19.173,2.0,12,true,243,0,12.518,241.761,242.627,12804.135,14815.986,14815.997,79.773,79.773,29.38,20,20,285,same_worker,1,41378
yjit-off/puma-long-tail-fib-200ms-x3p0/raptor-3r/repeat-2,yjit-off,false,puma-long-tail-fib-200ms-x3p0,puma-long-tail-hey,puma/benchmarks/local/long_tail_hey + test/rackup/sleep_fibonacci,https://github.com/puma/puma/blob/main/benchmarks/local/long_tail_hey.rb,raptor-3r,3,raptor,3,,183,180,14.62,5.0,180,180,14.372,2.0,9,true,183,0,12.517,241.721,242.523,10022.981,10025.476,10026.021,79.801,79.801,34.93,20,20,215,same_worker,1,31589
yjit-off/puma-long-tail-fib-200ms-x2p0/raptor-3r/repeat-2,yjit-off,false,puma-long-tail-fib-200ms-x2p0,puma-long-tail-hey,puma/benchmarks/local/long_tail_hey + test/rackup/sleep_fibonacci,https://github.com/puma/puma/blob/main/benchmarks/local/long_tail_hey.rb,raptor-3r,3,raptor,3,,123,120,9.825,5.0,120,120,9.587,2.0,6,true,123,0,12.519,241.536,242.8,5229.753,5230.494,5230.501,79.805,79.805,38.53,20,20,145,same_worker,0,19705
yjit-off/puma-long-tail-fib-200ms-x1p5/raptor-3r/repeat-2,yjit-off,false,puma-long-tail-fib-200ms-x1p5,puma-long-tail-hey,puma/benchmarks/local/long_tail_hey + test/rackup/sleep_fibonacci,https://github.com/puma/puma/blob/main/benchmarks/local/long_tail_hey.rb,raptor-3r,3,raptor,3,,103,100,9.822,5.0,100,100,9.586,2.0,5,true,103,0,10.487,241.225,242.958,5131.035,5230.872,5230.884,79.809,79.809,41.19,20,20,146,same_worker,1,19320
yjit-off/puma-long-tail-fib-200ms-x1p0/raptor-3r/repeat-2,yjit-off,false,puma-long-tail-fib-200ms-x1p0,puma-long-tail-hey,puma/benchmarks/local/long_tail_hey + test/rackup/sleep_fibonacci,https://github.com/puma/puma/blob/main/benchmarks/local/long_tail_hey.rb,raptor-3r,3,raptor,3,,63,60,5.039,5.0,60,60,4.794,2.0,3,true,63,0,12.504,241.767,242.487,243.333,243.824,243.878,79.813,79.813,42.82,20,20,76,same_worker,0,12080
yjit-off/puma-long-tail-fib-200ms-x0p5/raptor-3r/repeat-2,yjit-off,false,puma-long-tail-fib-200ms-x0p5,puma-long-tail-hey,puma/benchmarks/local/long_tail_hey + test/rackup/sleep_fibonacci,https://github.com/puma/puma/blob/main/benchmarks/local/long_tail_hey.rb,raptor-3r,3,raptor,3,,42,40,5.031,5.0,40,40,4.79,2.0,2,true,42,0,8.348,241.251,242.193,242.261,242.293,242.297,79.813,79.813,43.8,20,20,75,same_worker,0,5936
yjit-off/puma-sleep-fibonacci-1ms/raptor-3r/repeat-2,yjit-off,false,puma-sleep-fibonacci-1ms,puma-sleep-fibonacci-test,puma/benchmarks/local/sleep_fibonacci_test + test/rackup/sleep_fibonacci,https://github.com/puma/puma/blob/main/benchmarks/local/sleep_fibonacci_test.rb,raptor-3r,3,raptor,3,,122,10,5.009,5.0,10,49,2.017,2.0,1,true,122,0,24.357,41.968,42.909,43.056,43.092,43.097,79.824,79.824,43.79,20,20,75,same_worker,1,24523
yjit-off/puma-sleep-fibonacci-5ms/raptor-3r/repeat-2,yjit-off,false,puma-sleep-fibonacci-5ms,puma-sleep-fibonacci-test,puma/benchmarks/local/sleep_fibonacci_test + test/rackup/sleep_fibonacci,https://github.com/puma/puma/blob/main/benchmarks/local/sleep_fibonacci_test.rb,raptor-3r,3,raptor,3,,109,10,5.003,5.0,10,44,2.028,2.0,1,true,109,0,21.788,46.964,47.353,47.973,48.004,48.008,79.855,79.855,43.495,20,20,75,same_worker,1,17881
yjit-off/puma-sleep-fibonacci-10ms/raptor-3r/repeat-2,yjit-off,false,puma-sleep-fibonacci-10ms,puma-sleep-fibonacci-test,puma/benchmarks/local/sleep_fibonacci_test + test/rackup/sleep_fibonacci,https://github.com/puma/puma/blob/main/benchmarks/local/sleep_fibonacci_test.rb,raptor-3r,3,raptor,3,,99,10,5.034,5.0,10,40,2.015,2.0,1,true,99,0,19.667,50.977,51.989,52.967,52.985,52.987,79.918,79.918,43.255,20,20,75,same_worker,1,19192
yjit-off/puma-sleep-fibonacci-50ms/raptor-3r/repeat-2,yjit-off,false,puma-sleep-fibonacci-50ms,puma-sleep-fibonacci-test,puma/benchmarks/local/sleep_fibonacci_test + test/rackup/sleep_fibonacci,https://github.com/puma/puma/blob/main/benchmarks/local/sleep_fibonacci_test.rb,raptor-3r,3,raptor,3,,56,10,5.088,5.0,10,23,2.067,2.0,1,true,56,0,11.007,91.806,92.012,92.138,92.147,92.148,79.918,79.918,43.195,20,20,76,same_worker,0,8309
yjit-off/puma-sleep-fibonacci-100ms/raptor-3r/repeat-2,yjit-off,false,puma-sleep-fibonacci-100ms,puma-sleep-fibonacci-test,puma/benchmarks/local/sleep_fibonacci_test + test/rackup/sleep_fibonacci,https://github.com/puma/puma/blob/main/benchmarks/local/sleep_fibonacci_test.rb,raptor-3r,3,raptor,3,,36,10,5.072,5.0,10,15,2.086,2.0,1,true,36,0,7.098,141.967,142.94,143.002,143.01,143.011,79.918,79.918,43.2,20,20,76,same_worker,0,6528
yjit-off/puma-sleep-fibonacci-200ms/raptor-3r/repeat-2,yjit-off,false,puma-sleep-fibonacci-200ms,puma-sleep-fibonacci-test,puma/benchmarks/local/sleep_fibonacci_test + test/rackup/sleep_fibonacci,https://github.com/puma/puma/blob/main/benchmarks/local/sleep_fibonacci_test.rb,raptor-3r,3,raptor,3,,21,10,5.042,5.0,10,10,2.383,2.0,1,true,21,0,4.165,241.935,242.943,242.97,242.976,242.977,79.918,79.918,43.295,20,20,75,same_worker,1,5510
yjit-off/puma-response-array-1kb/raptor-3r/repeat-3,yjit-off,false,puma-response-array-1kb,puma-response-time-wrk,puma/benchmarks/local/response_time_wrk,https://github.com/puma/puma/blob/main/benchmarks/local/response_time_wrk.rb,raptor-3r,3,raptor,3,,1000,1000,16.116,5.0,1000,1000,16.133,2.0,5,true,1000,0,62.051,40.978,41.95,42.187,4029.861,4030.547,27.098,27.098,3.11,20,20,237,same_worker,27,718270
yjit-off/puma-response-chunk-1kb/raptor-3r/repeat-3,yjit-off,false,puma-response-chunk-1kb,puma-response-time-wrk,puma/benchmarks/local/response_time_wrk,https://github.com/puma/puma/blob/main/benchmarks/local/response_time_wrk.rb,raptor-3r,3,raptor,3,,1000,1000,16.111,5.0,1000,1000,16.16,2.0,5,true,1000,0,62.07,40.975,41.969,42.163,4027.282,4027.769,27.348,27.348,2.66,20,20,237,same_worker,26,716354
yjit-off/puma-response-string-1kb/raptor-3r/repeat-3,yjit-off,false,puma-response-string-1kb,puma-response-time-wrk,puma/benchmarks/local/response_time_wrk,https://github.com/puma/puma/blob/main/benchmarks/local/response_time_wrk.rb,raptor-3r,3,raptor,3,,1000,1000,16.103,5.0,1000,1000,16.143,2.0,5,true,1000,0,62.1,40.981,41.973,42.39,4026.426,4029.132,27.352,27.352,2.49,20,20,238,same_worker,27,719351
yjit-off/puma-response-io-1kb/raptor-3r/repeat-3,yjit-off,false,puma-response-io-1kb,puma-response-time-wrk,puma/benchmarks/local/response_time_wrk,https://github.com/puma/puma/blob/main/benchmarks/local/response_time_wrk.rb,raptor-3r,3,raptor,3,,1000,1000,16.11,5.0,1000,1000,16.163,2.0,5,true,1000,0,62.075,40.981,41.88,42.265,4026.598,4027.356,27.434,27.434,2.47,20,20,237,same_worker,27,727351
yjit-off/puma-response-array-10kb/raptor-3r/repeat-3,yjit-off,false,puma-response-array-10kb,puma-response-time-wrk,puma/benchmarks/local/response_time_wrk,https://github.com/puma/puma/blob/main/benchmarks/local/response_time_wrk.rb,raptor-3r,3,raptor,3,,1000,1000,16.11,5.0,1000,1000,16.131,2.0,5,true,1000,0,62.072,40.976,41.968,42.275,4023.956,4028.557,27.434,27.434,2.42,20,20,237,same_worker,27,718322
yjit-off/puma-response-chunk-10kb/raptor-3r/repeat-3,yjit-off,false,puma-response-chunk-10kb,puma-response-time-wrk,puma/benchmarks/local/response_time_wrk,https://github.com/puma/puma/blob/main/benchmarks/local/response_time_wrk.rb,raptor-3r,3,raptor,3,,1000,1000,16.151,5.0,1000,1000,16.144,2.0,5,true,1000,0,61.916,40.979,41.888,42.246,4024.926,4064.426,27.523,27.523,2.4,20,20,237,same_worker,27,715724
yjit-off/puma-response-string-10kb/raptor-3r/repeat-3,yjit-off,false,puma-response-string-10kb,puma-response-time-wrk,puma/benchmarks/local/response_time_wrk,https://github.com/puma/puma/blob/main/benchmarks/local/response_time_wrk.rb,raptor-3r,3,raptor,3,,1000,1000,16.1,5.0,1000,1000,16.114,2.0,5,true,1000,0,62.111,40.976,41.857,42.009,4021.766,4030.504,27.531,27.531,2.4,20,20,237,same_worker,27,718171
yjit-off/puma-response-io-10kb/raptor-3r/repeat-3,yjit-off,false,puma-response-io-10kb,puma-response-time-wrk,puma/benchmarks/local/response_time_wrk,https://github.com/puma/puma/blob/main/benchmarks/local/response_time_wrk.rb,raptor-3r,3,raptor,3,,1000,1000,16.119,5.0,1000,1000,16.135,2.0,5,true,1000,0,62.038,40.982,41.964,42.214,4030.622,4065.456,28.266,28.266,2.4,20,20,237,same_worker,27,744994
yjit-off/puma-response-array-100kb/raptor-3r/repeat-3,yjit-off,false,puma-response-array-100kb,puma-response-time-wrk,puma/benchmarks/local/response_time_wrk,https://github.com/puma/puma/blob/main/benchmarks/local/response_time_wrk.rb,raptor-3r,3,raptor,3,,1000,1000,14.271,5.0,1000,1000,12.166,2.0,5,true,1000,0,70.073,40.969,41.961,42.562,3630.613,3709.992,28.266,28.266,2.5,20,20,211,same_worker,27,719333
yjit-off/puma-response-chunk-100kb/raptor-3r/repeat-3,yjit-off,false,puma-response-chunk-100kb,puma-response-time-wrk,puma/benchmarks/local/response_time_wrk,https://github.com/puma/puma/blob/main/benchmarks/local/response_time_wrk.rb,raptor-3r,3,raptor,3,,1000,1000,15.076,5.0,1000,1000,14.766,2.0,5,true,1000,0,66.33,40.971,41.97,42.233,3909.373,3952.625,28.266,28.266,2.6,20,20,223,same_worker,26,715714
yjit-off/puma-response-string-100kb/raptor-3r/repeat-3,yjit-off,false,puma-response-string-100kb,puma-response-time-wrk,puma/benchmarks/local/response_time_wrk,https://github.com/puma/puma/blob/main/benchmarks/local/response_time_wrk.rb,raptor-3r,3,raptor,3,,14126,1000,5.001,5.0,1000,5745,2.001,2.0,5,true,14126,0,2824.529,0.958,1.799,7.194,99.891,112.519,28.605,28.605,3.775,20,20,73,same_worker,381,10161600
yjit-off/puma-response-io-100kb/raptor-3r/repeat-3,yjit-off,false,puma-response-io-100kb,puma-response-time-wrk,puma/benchmarks/local/response_time_wrk,https://github.com/puma/puma/blob/main/benchmarks/local/response_time_wrk.rb,raptor-3r,3,raptor,3,,1000,1000,15.13,5.0,1000,1000,13.574,2.0,5,true,1000,0,66.096,40.973,41.986,42.43,3750.789,3864.154,33.172,33.172,4.4,20,20,225,same_worker,35,925378
yjit-off/puma-response-array-256kb/raptor-3r/repeat-3,yjit-off,false,puma-response-array-256kb,puma-response-time-wrk,puma/benchmarks/local/response_time_wrk,https://github.com/puma/puma/blob/main/benchmarks/local/response_time_wrk.rb,raptor-3r,3,raptor,3,,1000,1000,11.91,5.0,1000,1000,8.186,2.0,5,true,1000,0,83.963,41.071,42.753,43.299,2598.838,2919.259,33.172,33.172,4.54,20,20,175,same_worker,27,718099
yjit-off/puma-response-chunk-256kb/raptor-3r/repeat-3,yjit-off,false,puma-response-chunk-256kb,puma-response-time-wrk,puma/benchmarks/local/response_time_wrk,https://github.com/puma/puma/blob/main/benchmarks/local/response_time_wrk.rb,raptor-3r,3,raptor,3,,1000,1000,9.906,5.0,1000,1000,8.955,2.0,5,true,1000,0,100.952,41.037,42.577,43.525,2665.755,2952.369,33.172,33.172,4.69,20,20,146,same_worker,27,716357
yjit-off/puma-response-string-256kb/raptor-3r/repeat-3,yjit-off,false,puma-response-string-256kb,puma-response-time-wrk,puma/benchmarks/local/response_time_wrk,https://github.com/puma/puma/blob/main/benchmarks/local/response_time_wrk.rb,raptor-3r,3,raptor,3,,9698,1000,5.002,5.0,1000,3732,2.149,2.0,5,true,9698,0,1938.781,1.285,2.736,35.513,154.943,210.497,33.172,33.172,5.455,20,20,72,same_worker,266,6973961
yjit-off/puma-response-io-256kb/raptor-3r/repeat-3,yjit-off,false,puma-response-io-256kb,puma-response-time-wrk,puma/benchmarks/local/response_time_wrk,https://github.com/puma/puma/blob/main/benchmarks/local/response_time_wrk.rb,raptor-3r,3,raptor,3,,1000,1000,12.448,5.0,1000,1000,12.451,2.0,5,true,1000,0,80.335,41.878,42.566,43.127,3207.819,3296.245,38.789,38.789,5.99,20,20,183,same_worker,52,1237451
yjit-off/puma-response-array-512kb/raptor-3r/repeat-3,yjit-off,false,puma-response-array-512kb,puma-response-time-wrk,puma/benchmarks/local/response_time_wrk,https://github.com/puma/puma/blob/main/benchmarks/local/response_time_wrk.rb,raptor-3r,3,raptor,3,,1000,1000,13.742,5.0,1000,1000,13.761,2.0,5,true,1000,0,72.769,41.953,42.737,43.188,3440.006,3488.474,38.789,38.789,6.1,20,20,204,same_worker,28,718691
yjit-off/puma-response-chunk-512kb/raptor-3r/repeat-3,yjit-off,false,puma-response-chunk-512kb,puma-response-time-wrk,puma/benchmarks/local/response_time_wrk,https://github.com/puma/puma/blob/main/benchmarks/local/response_time_wrk.rb,raptor-3r,3,raptor,3,,1000,1000,13.416,5.0,1000,1000,14.458,2.0,5,true,1000,0,74.539,41.951,42.937,43.988,3273.293,3407.463,38.789,38.789,6.19,20,20,199,same_worker,28,716355
yjit-off/puma-response-string-512kb/raptor-3r/repeat-3,yjit-off,false,puma-response-string-512kb,puma-response-time-wrk,puma/benchmarks/local/response_time_wrk,https://github.com/puma/puma/blob/main/benchmarks/local/response_time_wrk.rb,raptor-3r,3,raptor,3,,7457,1000,5.003,5.0,1000,3024,2.003,2.0,5,true,7457,0,1490.539,1.594,3.238,47.782,204.471,234.178,38.789,38.789,6.68,20,20,72,same_worker,208,5361464
yjit-off/puma-response-io-512kb/raptor-3r/repeat-3,yjit-off,false,puma-response-io-512kb,puma-response-time-wrk,puma/benchmarks/local/response_time_wrk,https://github.com/puma/puma/blob/main/benchmarks/local/response_time_wrk.rb,raptor-3r,3,raptor,3,,1000,1000,14.46,5.0,1000,1000,14.657,2.0,5,true,1000,0,69.157,41.968,43.186,44.156,3691.064,3901.304,45.879,45.879,7.1,20,20,213,same_worker,78,1748565
yjit-off/puma-response-array-1024kb/raptor-3r/repeat-3,yjit-off,false,puma-response-array-1024kb,puma-response-time-wrk,puma/benchmarks/local/response_time_wrk,https://github.com/puma/puma/blob/main/benchmarks/local/response_time_wrk.rb,raptor-3r,3,raptor,3,,1000,1000,14.932,5.0,1000,1000,15.299,2.0,5,true,1000,0,66.969,41.998,43.882,45.138,3665.334,3700.573,45.879,45.879,7.365,20,20,221,same_worker,28,719357
yjit-off/puma-response-chunk-1024kb/raptor-3r/repeat-3,yjit-off,false,puma-response-chunk-1024kb,puma-response-time-wrk,puma/benchmarks/local/response_time_wrk,https://github.com/puma/puma/blob/main/benchmarks/local/response_time_wrk.rb,raptor-3r,3,raptor,3,,1000,1000,15.521,5.0,1000,1000,15.362,2.0,5,true,1000,0,64.43,41.988,43.933,47.886,3827.003,3885.058,45.879,45.879,7.585,20,20,230,same_worker,28,716357
yjit-off/puma-response-string-1024kb/raptor-3r/repeat-3,yjit-off,false,puma-response-string-1024kb,puma-response-time-wrk,puma/benchmarks/local/response_time_wrk,https://github.com/puma/puma/blob/main/benchmarks/local/response_time_wrk.rb,raptor-3r,3,raptor,3,,5574,1000,5.003,5.0,1000,2096,2.004,2.0,5,true,5574,0,1114.105,2.316,4.827,16.3,264.536,297.614,47.477,47.477,7.97,20,20,70,same_worker,158,4007255
yjit-off/puma-response-io-1024kb/raptor-3r/repeat-3,yjit-off,false,puma-response-io-1024kb,puma-response-time-wrk,puma/benchmarks/local/response_time_wrk,https://github.com/puma/puma/blob/main/benchmarks/local/response_time_wrk.rb,raptor-3r,3,raptor,3,,1000,1000,15.429,5.0,1000,1000,15.942,2.0,5,true,1000,0,64.814,43.338,45.698,50.448,3827.873,3863.759,51.172,50.73,8.605,20,20,226,same_worker,134,2772626
yjit-off/puma-response-array-2048kb/raptor-3r/repeat-3,yjit-off,false,puma-response-array-2048kb,puma-response-time-wrk,puma/benchmarks/local/response_time_wrk,https://github.com/puma/puma/blob/main/benchmarks/local/response_time_wrk.rb,raptor-3r,3,raptor,3,,1000,1000,14.909,5.0,1000,1000,15.792,2.0,5,true,1000,0,67.074,43.956,46.398,48.016,3718.167,3956.354,50.73,50.73,9.24,20,20,219,same_worker,29,718673
yjit-off/puma-response-chunk-2048kb/raptor-3r/repeat-3,yjit-off,false,puma-response-chunk-2048kb,puma-response-time-wrk,puma/benchmarks/local/response_time_wrk,https://github.com/puma/puma/blob/main/benchmarks/local/response_time_wrk.rb,raptor-3r,3,raptor,3,,1000,1000,15.627,5.0,1000,1000,16.164,2.0,5,true,1000,0,63.991,43.973,47.007,49.545,3897.973,3946.378,50.73,50.73,9.87,20,20,230,same_worker,28,716652
yjit-off/puma-response-string-2048kb/raptor-3r/repeat-3,yjit-off,false,puma-response-string-2048kb,puma-response-time-wrk,puma/benchmarks/local/response_time_wrk,https://github.com/puma/puma/blob/main/benchmarks/local/response_time_wrk.rb,raptor-3r,3,raptor,3,,3730,1000,5.008,5.0,1000,1453,2.005,2.0,5,true,3730,0,744.77,3.709,6.939,34.309,377.014,422.256,56.742,56.742,10.195,20,20,69,same_worker,107,2682344
yjit-off/puma-response-io-2048kb/raptor-3r/repeat-3,yjit-off,false,puma-response-io-2048kb,puma-response-time-wrk,puma/benchmarks/local/response_time_wrk,https://github.com/puma/puma/blob/main/benchmarks/local/response_time_wrk.rb,raptor-3r,3,raptor,3,,1000,1000,16.685,5.0,1000,1000,17.1,2.0,5,true,1000,0,59.933,44.993,48.294,52.795,4204.021,4271.909,84.348,82.613,11.065,20,20,247,same_worker,103,4822761
yjit-off/puma-long-tail-fib-200ms-x6p0/raptor-3r/repeat-3,yjit-off,false,puma-long-tail-fib-200ms-x6p0,puma-long-tail-hey,puma/benchmarks/local/long_tail_hey + test/rackup/sleep_fibonacci,https://github.com/puma/puma/blob/main/benchmarks/local/long_tail_hey.rb,raptor-3r,3,raptor,3,,363,360,29.018,5.0,360,360,28.753,2.0,18,true,363,0,12.509,241.923,243.211,19608.887,24405.133,24408.623,82.855,82.855,20.655,20,20,423,same_worker,2,62465
yjit-off/puma-long-tail-fib-200ms-x4p0/raptor-3r/repeat-3,yjit-off,false,puma-long-tail-fib-200ms-x4p0,puma-long-tail-hey,puma/benchmarks/local/long_tail_hey + test/rackup/sleep_fibonacci,https://github.com/puma/puma/blob/main/benchmarks/local/long_tail_hey.rb,raptor-3r,3,raptor,3,,243,240,19.435,5.0,240,240,19.167,2.0,12,true,243,0,12.504,241.949,243.064,12807.906,14824.555,14826.008,82.914,82.914,29.09,20,20,284,same_worker,1,41372
yjit-off/puma-long-tail-fib-200ms-x3p0/raptor-3r/repeat-3,yjit-off,false,puma-long-tail-fib-200ms-x3p0,puma-long-tail-hey,puma/benchmarks/local/long_tail_hey + test/rackup/sleep_fibonacci,https://github.com/puma/puma/blob/main/benchmarks/local/long_tail_hey.rb,raptor-3r,3,raptor,3,,183,180,14.625,5.0,180,180,14.385,2.0,9,true,183,0,12.513,241.797,242.586,10022.635,10023.684,10023.895,82.949,82.949,34.65,20,20,214,same_worker,1,32718
yjit-off/puma-long-tail-fib-200ms-x2p0/raptor-3r/repeat-3,yjit-off,false,puma-long-tail-fib-200ms-x2p0,puma-long-tail-hey,puma/benchmarks/local/long_tail_hey + test/rackup/sleep_fibonacci,https://github.com/puma/puma/blob/main/benchmarks/local/long_tail_hey.rb,raptor-3r,3,raptor,3,,123,120,9.825,5.0,120,120,9.589,2.0,6,true,123,0,12.519,241.46,242.935,5225.812,5226.934,5227.081,82.957,82.957,38.27,20,20,145,same_worker,0,21903
yjit-off/puma-long-tail-fib-200ms-x1p5/raptor-3r/repeat-3,yjit-off,false,puma-long-tail-fib-200ms-x1p5,puma-long-tail-hey,puma/benchmarks/local/long_tail_hey + test/rackup/sleep_fibonacci,https://github.com/puma/puma/blob/main/benchmarks/local/long_tail_hey.rb,raptor-3r,3,raptor,3,,103,100,9.826,5.0,100,100,9.584,2.0,5,true,103,0,10.483,241.731,242.609,5134.174,5234.327,5234.365,82.961,82.961,40.93,20,20,145,same_worker,1,19400
yjit-off/puma-long-tail-fib-200ms-x1p0/raptor-3r/repeat-3,yjit-off,false,puma-long-tail-fib-200ms-x1p0,puma-long-tail-hey,puma/benchmarks/local/long_tail_hey + test/rackup/sleep_fibonacci,https://github.com/puma/puma/blob/main/benchmarks/local/long_tail_hey.rb,raptor-3r,3,raptor,3,,63,60,5.038,5.0,60,60,4.791,2.0,3,true,63,0,12.506,241.742,242.275,243.111,243.432,243.467,82.961,82.961,42.57,20,20,75,same_worker,0,12080
yjit-off/puma-long-tail-fib-200ms-x0p5/raptor-3r/repeat-3,yjit-off,false,puma-long-tail-fib-200ms-x0p5,puma-long-tail-hey,puma/benchmarks/local/long_tail_hey + test/rackup/sleep_fibonacci,https://github.com/puma/puma/blob/main/benchmarks/local/long_tail_hey.rb,raptor-3r,3,raptor,3,,42,40,5.037,5.0,40,40,4.8,2.0,2,true,42,0,8.338,241.855,242.255,243.015,243.186,243.205,82.969,82.969,43.555,20,20,75,same_worker,1,7792
yjit-off/puma-sleep-fibonacci-1ms/raptor-3r/repeat-3,yjit-off,false,puma-sleep-fibonacci-1ms,puma-sleep-fibonacci-test,puma/benchmarks/local/sleep_fibonacci_test + test/rackup/sleep_fibonacci,https://github.com/puma/puma/blob/main/benchmarks/local/sleep_fibonacci_test.rb,raptor-3r,3,raptor,3,,122,10,5.009,5.0,10,49,2.017,2.0,1,true,122,0,24.358,41.963,42.912,43.013,43.071,43.077,82.969,82.969,43.55,20,20,75,same_worker,0,22921
yjit-off/puma-sleep-fibonacci-5ms/raptor-3r/repeat-3,yjit-off,false,puma-sleep-fibonacci-5ms,puma-sleep-fibonacci-test,puma/benchmarks/local/sleep_fibonacci_test + test/rackup/sleep_fibonacci,https://github.com/puma/puma/blob/main/benchmarks/local/sleep_fibonacci_test.rb,raptor-3r,3,raptor,3,,109,10,5.007,5.0,10,44,2.008,2.0,1,true,109,0,21.77,46.969,47.932,47.997,48.038,48.043,82.98,82.98,43.26,20,20,75,same_worker,1,20817
yjit-off/puma-sleep-fibonacci-10ms/raptor-3r/repeat-3,yjit-off,false,puma-sleep-fibonacci-10ms,puma-sleep-fibonacci-test,puma/benchmarks/local/sleep_fibonacci_test + test/rackup/sleep_fibonacci,https://github.com/puma/puma/blob/main/benchmarks/local/sleep_fibonacci_test.rb,raptor-3r,3,raptor,3,,99,10,5.026,5.0,10,40,2.028,2.0,1,true,99,0,19.698,50.977,51.98,52.089,52.72,52.79,83.066,83.066,43.03,20,20,75,same_worker,0,15543
yjit-off/puma-sleep-fibonacci-50ms/raptor-3r/repeat-3,yjit-off,false,puma-sleep-fibonacci-50ms,puma-sleep-fibonacci-test,puma/benchmarks/local/sleep_fibonacci_test + test/rackup/sleep_fibonacci,https://github.com/puma/puma/blob/main/benchmarks/local/sleep_fibonacci_test.rb,raptor-3r,3,raptor,3,,55,10,5.002,5.0,10,23,2.067,2.0,1,true,55,0,10.996,91.941,92.011,92.474,92.868,92.912,83.082,83.082,42.9,20,20,75,same_worker,1,8869
yjit-off/puma-sleep-fibonacci-100ms/raptor-3r/repeat-3,yjit-off,false,puma-sleep-fibonacci-100ms,puma-sleep-fibonacci-test,puma/benchmarks/local/sleep_fibonacci_test + test/rackup/sleep_fibonacci,https://github.com/puma/puma/blob/main/benchmarks/local/sleep_fibonacci_test.rb,raptor-3r,3,raptor,3,,36,10,5.065,5.0,10,15,2.081,2.0,1,true,36,0,7.108,141.94,142.087,142.138,142.159,142.161,83.082,83.082,42.98,20,20,76,same_worker,0,6528
yjit-off/puma-sleep-fibonacci-200ms/raptor-3r/repeat-3,yjit-off,false,puma-sleep-fibonacci-200ms,puma-sleep-fibonacci-test,puma/benchmarks/local/sleep_fibonacci_test + test/rackup/sleep_fibonacci,https://github.com/puma/puma/blob/main/benchmarks/local/sleep_fibonacci_test.rb,raptor-3r,3,raptor,3,,21,10,5.039,5.0,10,10,2.38,2.0,1,true,21,0,4.168,241.94,242.023,242.072,242.083,242.085,83.086,83.086,43.07,20,20,75,same_worker,0,3888
yjit-off/puma-response-array-1kb/puma-1w-3t/repeat-1,yjit-off,false,puma-response-array-1kb,puma-response-time-wrk,puma/benchmarks/local/response_time_wrk,https://github.com/puma/puma/blob/main/benchmarks/local/response_time_wrk.rb,puma-1w-3t,3,puma,1,3,19190,1000,5.001,5.0,1000,7487,2.001,2.0,5,true,19190,0,3837.398,1.233,1.739,2.196,2.66,3.319,63.258,63.258,99.91,20,20,73,multiprocess_sample_only,,
yjit-off/puma-response-chunk-1kb/puma-1w-3t/repeat-1,yjit-off,false,puma-response-chunk-1kb,puma-response-time-wrk,puma/benchmarks/local/response_time_wrk,https://github.com/puma/puma/blob/main/benchmarks/local/response_time_wrk.rb,puma-1w-3t,3,puma,1,3,18934,1000,5.002,5.0,1000,7649,2.001,2.0,5,true,18934,0,3785.5,1.249,1.775,2.209,2.647,3.175,63.473,63.473,96.245,20,20,73,multiprocess_sample_only,,
yjit-off/puma-response-string-1kb/puma-1w-3t/repeat-1,yjit-off,false,puma-response-string-1kb,puma-response-time-wrk,puma/benchmarks/local/response_time_wrk,https://github.com/puma/puma/blob/main/benchmarks/local/response_time_wrk.rb,puma-1w-3t,3,puma,1,3,18941,1000,5.001,5.0,1000,7823,2.001,2.0,5,true,18941,0,3787.405,1.252,1.775,2.217,2.801,3.767,63.598,63.598,95.5,20,20,72,multiprocess_sample_only,,
yjit-off/puma-response-io-1kb/puma-1w-3t/repeat-1,yjit-off,false,puma-response-io-1kb,puma-response-time-wrk,puma/benchmarks/local/response_time_wrk,https://github.com/puma/puma/blob/main/benchmarks/local/response_time_wrk.rb,puma-1w-3t,3,puma,1,3,18718,1000,5.001,5.0,1000,7786,2.001,2.0,5,true,18718,0,3742.73,1.272,1.952,2.35,2.936,3.635,64.359,64.359,96.83,20,20,73,multiprocess_sample_only,,
yjit-off/puma-response-array-10kb/puma-1w-3t/repeat-1,yjit-off,false,puma-response-array-10kb,puma-response-time-wrk,puma/benchmarks/local/response_time_wrk,https://github.com/puma/puma/blob/main/benchmarks/local/response_time_wrk.rb,puma-1w-3t,3,puma,1,3,18819,1000,5.001,5.0,1000,7829,2.001,2.0,5,true,18819,0,3763.041,1.258,1.811,2.287,3.102,5.235,65.844,65.734,97.205,20,20,73,multiprocess_sample_only,,
yjit-off/puma-response-chunk-10kb/puma-1w-3t/repeat-1,yjit-off,false,puma-response-chunk-10kb,puma-response-time-wrk,puma/benchmarks/local/response_time_wrk,https://github.com/puma/puma/blob/main/benchmarks/local/response_time_wrk.rb,puma-1w-3t,3,puma,1,3,16720,1000,5.001,5.0,1000,6878,2.001,2.0,5,true,16720,0,3343.216,1.42,1.982,2.601,3.233,4.135,65.871,65.871,96.52,20,20,72,multiprocess_sample_only,,
yjit-off/puma-response-string-10kb/puma-1w-3t/repeat-1,yjit-off,false,puma-response-string-10kb,puma-response-time-wrk,puma/benchmarks/local/response_time_wrk,https://github.com/puma/puma/blob/main/benchmarks/local/response_time_wrk.rb,puma-1w-3t,3,puma,1,3,18850,1000,5.001,5.0,1000,7816,2.001,2.0,5,true,18850,0,3769.291,1.254,1.785,2.221,2.867,3.343,66.016,66.016,96.21,20,20,73,multiprocess_sample_only,,
yjit-off/puma-response-io-10kb/puma-1w-3t/repeat-1,yjit-off,false,puma-response-io-10kb,puma-response-time-wrk,puma/benchmarks/local/response_time_wrk,https://github.com/puma/puma/blob/main/benchmarks/local/response_time_wrk.rb,puma-1w-3t,3,puma,1,3,17653,1000,5.001,5.0,1000,7470,2.001,2.0,5,true,17653,0,3529.864,1.342,2.064,2.493,3.23,4.488,68.121,68.121,96.81,20,20,74,multiprocess_sample_only,,
yjit-off/puma-response-array-100kb/puma-1w-3t/repeat-1,yjit-off,false,puma-response-array-100kb,puma-response-time-wrk,puma/benchmarks/local/response_time_wrk,https://github.com/puma/puma/blob/main/benchmarks/local/response_time_wrk.rb,puma-1w-3t,3,puma,1,3,14457,1000,5.001,5.0,1000,5944,2.001,2.0,5,true,14457,0,2890.633,1.634,2.421,3.021,3.523,4.408,76.949,75.77,96.945,20,20,72,multiprocess_sample_only,,
yjit-off/puma-response-chunk-100kb/puma-1w-3t/repeat-1,yjit-off,false,puma-response-chunk-100kb,puma-response-time-wrk,puma/benchmarks/local/response_time_wrk,https://github.com/puma/puma/blob/main/benchmarks/local/response_time_wrk.rb,puma-1w-3t,3,puma,1,3,7329,1000,5.003,5.0,1000,3089,2.002,2.0,5,true,7329,0,1464.889,3.284,5.007,6.312,7.053,7.351,71.379,70.203,95.605,20,20,68,multiprocess_sample_only,,
yjit-off/puma-response-string-100kb/puma-1w-3t/repeat-1,yjit-off,false,puma-response-string-100kb,puma-response-time-wrk,puma/benchmarks/local/response_time_wrk,https://github.com/puma/puma/blob/main/benchmarks/local/response_time_wrk.rb,puma-1w-3t,3,puma,1,3,14119,1000,5.002,5.0,1000,5590,2.001,2.0,5,true,14119,0,2822.8,1.658,2.633,3.228,3.751,4.22,76.762,74.277,94.495,20,20,72,multiprocess_sample_only,,
yjit-off/puma-response-io-100kb/puma-1w-3t/repeat-1,yjit-off,false,puma-response-io-100kb,puma-response-time-wrk,puma/benchmarks/local/response_time_wrk,https://github.com/puma/puma/blob/main/benchmarks/local/response_time_wrk.rb,puma-1w-3t,3,puma,1,3,13822,1000,5.011,5.0,1000,5582,2.002,2.0,5,true,13822,0,2758.333,1.619,2.532,3.222,41.837,43.105,65.918,65.73,94.32,20,20,72,multiprocess_sample_only,,
yjit-off/puma-response-array-256kb/puma-1w-3t/repeat-1,yjit-off,false,puma-response-array-256kb,puma-response-time-wrk,puma/benchmarks/local/response_time_wrk,https://github.com/puma/puma/blob/main/benchmarks/local/response_time_wrk.rb,puma-1w-3t,3,puma,1,3,10033,1000,5.002,5.0,1000,4021,2.002,2.0,5,true,10033,0,2005.918,2.195,3.79,6.064,16.315,17.482,99.191,99.191,94.1,20,20,70,multiprocess_sample_only,,
yjit-off/puma-response-chunk-256kb/puma-1w-3t/repeat-1,yjit-off,false,puma-response-chunk-256kb,puma-response-time-wrk,puma/benchmarks/local/response_time_wrk,https://github.com/puma/puma/blob/main/benchmarks/local/response_time_wrk.rb,puma-1w-3t,3,puma,1,3,4394,1000,5.006,5.0,1000,1745,2.005,2.0,5,true,4394,0,877.799,5.53,9.39,10.637,11.218,11.677,75.668,75.242,92.76,20,20,64,multiprocess_sample_only,,
yjit-off/puma-response-string-256kb/puma-1w-3t/repeat-1,yjit-off,false,puma-response-string-256kb,puma-response-time-wrk,puma/benchmarks/local/response_time_wrk,https://github.com/puma/puma/blob/main/benchmarks/local/response_time_wrk.rb,puma-1w-3t,3,puma,1,3,10618,1000,5.003,5.0,1000,4400,2.002,2.0,5,true,10618,0,2122.293,2.036,3.805,5.764,14.456,16.477,70.672,69.984,91.175,20,20,70,multiprocess_sample_only,,
yjit-off/puma-response-io-256kb/puma-1w-3t/repeat-1,yjit-off,false,puma-response-io-256kb,puma-response-time-wrk,puma/benchmarks/local/response_time_wrk,https://github.com/puma/puma/blob/main/benchmarks/local/response_time_wrk.rb,puma-1w-3t,3,puma,1,3,10772,1000,5.002,5.0,1000,4443,2.001,2.0,5,true,10772,0,2153.56,2.037,3.713,5.416,13.97,43.153,70.547,70.484,89.905,20,20,70,multiprocess_sample_only,,
yjit-off/puma-response-array-512kb/puma-1w-3t/repeat-1,yjit-off,false,puma-response-array-512kb,puma-response-time-wrk,puma/benchmarks/local/response_time_wrk,https://github.com/puma/puma/blob/main/benchmarks/local/response_time_wrk.rb,puma-1w-3t,3,puma,1,3,8325,1000,5.003,5.0,1000,3216,2.002,2.0,5,true,8325,0,1663.977,2.69,4.509,13.123,17.049,18.218,127.613,120.703,89.66,20,20,72,multiprocess_sample_only,,
yjit-off/puma-response-chunk-512kb/puma-1w-3t/repeat-1,yjit-off,false,puma-response-chunk-512kb,puma-response-time-wrk,puma/benchmarks/local/response_time_wrk,https://github.com/puma/puma/blob/main/benchmarks/local/response_time_wrk.rb,puma-1w-3t,3,puma,1,3,2416,1000,5.01,5.0,1000,1008,2.041,2.0,5,true,2416,0,482.228,10.156,16.886,19.095,19.93,20.746,80.121,78.832,88.685,20,20,56,multiprocess_sample_only,,
yjit-off/puma-response-string-512kb/puma-1w-3t/repeat-1,yjit-off,false,puma-response-string-512kb,puma-response-time-wrk,puma/benchmarks/local/response_time_wrk,https://github.com/puma/puma/blob/main/benchmarks/local/response_time_wrk.rb,puma-1w-3t,3,puma,1,3,8377,1000,5.002,5.0,1000,3371,2.002,2.0,5,true,8377,0,1674.784,2.547,4.783,13.236,17.294,19.262,77.051,77.051,87.3,20,20,68,multiprocess_sample_only,,
yjit-off/puma-response-io-512kb/puma-1w-3t/repeat-1,yjit-off,false,puma-response-io-512kb,puma-response-time-wrk,puma/benchmarks/local/response_time_wrk,https://github.com/puma/puma/blob/main/benchmarks/local/response_time_wrk.rb,puma-1w-3t,3,puma,1,3,8345,1000,5.002,5.0,1000,3352,2.002,2.0,5,true,8345,0,1668.182,2.5,4.808,13.163,17.26,209.454,77.051,77.051,85.875,20,20,68,multiprocess_sample_only,,
yjit-off/puma-response-array-1024kb/puma-1w-3t/repeat-1,yjit-off,false,puma-response-array-1024kb,puma-response-time-wrk,puma/benchmarks/local/response_time_wrk,https://github.com/puma/puma/blob/main/benchmarks/local/response_time_wrk.rb,puma-1w-3t,3,puma,1,3,5351,1000,5.004,5.0,1000,2113,2.015,2.0,5,true,5351,0,1069.374,4.373,7.273,16.295,19.249,20.799,126.48,112.926,85.735,20,20,73,multiprocess_sample_only,,
yjit-off/puma-response-chunk-1024kb/puma-1w-3t/repeat-1,yjit-off,false,puma-response-chunk-1024kb,puma-response-time-wrk,puma/benchmarks/local/response_time_wrk,https://github.com/puma/puma/blob/main/benchmarks/local/response_time_wrk.rb,puma-1w-3t,3,puma,1,3,1332,1000,5.016,5.0,1000,1000,3.699,2.0,5,true,1332,0,265.527,18.484,29.342,34.044,35.058,35.451,82.691,82.629,84.845,20,20,46,multiprocess_sample_only,,
yjit-off/puma-response-string-1024kb/puma-1w-3t/repeat-1,yjit-off,false,puma-response-string-1024kb,puma-response-time-wrk,puma/benchmarks/local/response_time_wrk,https://github.com/puma/puma/blob/main/benchmarks/local/response_time_wrk.rb,puma-1w-3t,3,puma,1,3,5703,1000,5.003,5.0,1000,2323,2.003,2.0,5,true,5703,0,1139.851,3.751,7.38,16.599,22.22,23.509,76.059,76.059,83.51,20,20,66,multiprocess_sample_only,,
yjit-off/puma-response-io-1024kb/puma-1w-3t/repeat-1,yjit-off,false,puma-response-io-1024kb,puma-response-time-wrk,puma/benchmarks/local/response_time_wrk,https://github.com/puma/puma/blob/main/benchmarks/local/response_time_wrk.rb,puma-1w-3t,3,puma,1,3,5513,1000,5.005,5.0,1000,2237,2.009,2.0,5,true,5513,0,1101.511,3.919,7.499,16.989,21.762,210.986,76.063,76.063,81.875,20,20,65,multiprocess_sample_only,,
yjit-off/puma-response-array-2048kb/puma-1w-3t/repeat-1,yjit-off,false,puma-response-array-2048kb,puma-response-time-wrk,puma/benchmarks/local/response_time_wrk,https://github.com/puma/puma/blob/main/benchmarks/local/response_time_wrk.rb,puma-1w-3t,3,puma,1,3,2995,1000,5.009,5.0,1000,1173,2.007,2.0,5,true,2995,0,597.963,8.274,12.876,14.659,15.826,16.772,128.777,128.777,81.755,20,20,73,multiprocess_sample_only,,
yjit-off/puma-response-chunk-2048kb/puma-1w-3t/repeat-1,yjit-off,false,puma-response-chunk-2048kb,puma-response-time-wrk,puma/benchmarks/local/response_time_wrk,https://github.com/puma/puma/blob/main/benchmarks/local/response_time_wrk.rb,puma-1w-3t,3,puma,1,3,1000,1000,7.158,5.0,1000,1000,7.197,2.0,5,true,1000,0,139.702,35.487,57.552,64.806,66.488,67.103,88.336,82.992,80.72,20,20,50,multiprocess_sample_only,,
yjit-off/puma-response-string-2048kb/puma-1w-3t/repeat-1,yjit-off,false,puma-response-string-2048kb,puma-response-time-wrk,puma/benchmarks/local/response_time_wrk,https://github.com/puma/puma/blob/main/benchmarks/local/response_time_wrk.rb,puma-1w-3t,3,puma,1,3,3719,1000,5.006,5.0,1000,1493,2.007,2.0,5,true,3719,0,742.955,6.289,11.465,12.569,13.484,13.722,79.012,79.012,79.52,20,20,62,multiprocess_sample_only,,
yjit-off/puma-response-io-2048kb/puma-1w-3t/repeat-1,yjit-off,false,puma-response-io-2048kb,puma-response-time-wrk,puma/benchmarks/local/response_time_wrk,https://github.com/puma/puma/blob/main/benchmarks/local/response_time_wrk.rb,puma-1w-3t,3,puma,1,3,3777,1000,5.007,5.0,1000,1485,2.006,2.0,5,true,3777,0,754.401,6.298,11.047,12.386,13.168,13.732,79.02,79.02,77.98,20,20,62,multiprocess_sample_only,,
yjit-off/puma-long-tail-fib-200ms-x6p0/puma-1w-3t/repeat-1,yjit-off,false,puma-long-tail-fib-200ms-x6p0,puma-long-tail-hey,puma/benchmarks/local/long_tail_hey + test/rackup/sleep_fibonacci,https://github.com/puma/puma/blob/main/benchmarks/local/long_tail_hey.rb,puma-1w-3t,3,puma,1,3,360,360,50.862,5.0,360,360,50.956,2.0,18,true,360,0,7.078,2543.238,2561.971,2571.092,2585.468,2589.577,100.484,100.484,83.405,20,20,750,multiprocess_sample_only,,
yjit-off/puma-long-tail-fib-200ms-x4p0/puma-1w-3t/repeat-1,yjit-off,false,puma-long-tail-fib-200ms-x4p0,puma-long-tail-hey,puma/benchmarks/local/long_tail_hey + test/rackup/sleep_fibonacci,https://github.com/puma/puma/blob/main/benchmarks/local/long_tail_hey.rb,puma-1w-3t,3,puma,1,3,240,240,33.924,5.0,240,240,33.965,2.0,12,true,240,0,7.075,1695.826,1714.795,1727.507,1738.855,1739.043,102.141,102.141,86.93,20,20,498,multiprocess_sample_only,,
yjit-off/puma-long-tail-fib-200ms-x3p0/puma-1w-3t/repeat-1,yjit-off,false,puma-long-tail-fib-200ms-x3p0,puma-long-tail-hey,puma/benchmarks/local/long_tail_hey + test/rackup/sleep_fibonacci,https://github.com/puma/puma/blob/main/benchmarks/local/long_tail_hey.rb,puma-1w-3t,3,puma,1,3,180,180,25.439,5.0,180,180,25.468,2.0,9,true,180,0,7.076,1271.671,1290.844,1294.14,1296.46,1296.805,102.645,102.645,88.66,20,20,373,multiprocess_sample_only,,
yjit-off/puma-long-tail-fib-200ms-x2p0/puma-1w-3t/repeat-1,yjit-off,false,puma-long-tail-fib-200ms-x2p0,puma-long-tail-hey,puma/benchmarks/local/long_tail_hey + test/rackup/sleep_fibonacci,https://github.com/puma/puma/blob/main/benchmarks/local/long_tail_hey.rb,puma-1w-3t,3,puma,1,3,120,120,16.97,5.0,120,120,16.997,2.0,6,true,120,0,7.071,848.216,858.339,865.824,867.244,867.308,102.711,102.711,89.605,20,20,249,multiprocess_sample_only,,
yjit-off/puma-long-tail-fib-200ms-x1p5/puma-1w-3t/repeat-1,yjit-off,false,puma-long-tail-fib-200ms-x1p5,puma-long-tail-hey,puma/benchmarks/local/long_tail_hey + test/rackup/sleep_fibonacci,https://github.com/puma/puma/blob/main/benchmarks/local/long_tail_hey.rb,puma-1w-3t,3,puma,1,3,100,100,14.178,5.0,100,100,14.218,2.0,5,true,100,0,7.053,801.277,848.705,850.738,855.191,855.685,102.711,102.711,90.22,20,20,208,multiprocess_sample_only,,
yjit-off/puma-long-tail-fib-200ms-x1p0/puma-1w-3t/repeat-1,yjit-off,false,puma-long-tail-fib-200ms-x1p0,puma-long-tail-hey,puma/benchmarks/local/long_tail_hey + test/rackup/sleep_fibonacci,https://github.com/puma/puma/blob/main/benchmarks/local/long_tail_hey.rb,puma-1w-3t,3,puma,1,3,60,60,8.489,5.0,60,60,8.494,2.0,3,true,60,0,7.068,424.132,435.044,442.812,443.095,443.126,102.715,102.715,90.59,20,20,125,multiprocess_sample_only,,
yjit-off/puma-long-tail-fib-200ms-x0p5/puma-1w-3t/repeat-1,yjit-off,false,puma-long-tail-fib-200ms-x0p5,puma-long-tail-hey,puma/benchmarks/local/long_tail_hey + test/rackup/sleep_fibonacci,https://github.com/puma/puma/blob/main/benchmarks/local/long_tail_hey.rb,puma-1w-3t,3,puma,1,3,40,40,5.658,5.0,40,40,5.658,2.0,2,true,40,0,7.069,282.792,283.342,284.117,284.138,284.14,102.902,102.902,90.82,20,20,84,multiprocess_sample_only,,
yjit-off/puma-sleep-fibonacci-1ms/puma-1w-3t/repeat-1,yjit-off,false,puma-sleep-fibonacci-1ms,puma-sleep-fibonacci-test,puma/benchmarks/local/sleep_fibonacci_test + test/rackup/sleep_fibonacci,https://github.com/puma/puma/blob/main/benchmarks/local/sleep_fibonacci_test.rb,puma-1w-3t,3,puma,1,3,3620,10,5.001,5.0,10,1479,2.001,2.0,1,true,3620,0,723.924,1.347,1.465,1.641,2.506,2.626,104.219,104.219,90.695,20,20,74,multiprocess_sample_only,,
yjit-off/puma-sleep-fibonacci-5ms/puma-1w-3t/repeat-1,yjit-off,false,puma-sleep-fibonacci-5ms,puma-sleep-fibonacci-test,puma/benchmarks/local/sleep_fibonacci_test + test/rackup/sleep_fibonacci,https://github.com/puma/puma/blob/main/benchmarks/local/sleep_fibonacci_test.rb,puma-1w-3t,3,puma,1,3,941,10,5.005,5.0,10,375,2.003,2.0,1,true,941,0,187.997,5.27,5.415,5.522,6.449,6.545,104.219,104.219,90.45,20,20,75,multiprocess_sample_only,,
yjit-off/puma-sleep-fibonacci-10ms/puma-1w-3t/repeat-1,yjit-off,false,puma-sleep-fibonacci-10ms,puma-sleep-fibonacci-test,puma/benchmarks/local/sleep_fibonacci_test + test/rackup/sleep_fibonacci,https://github.com/puma/puma/blob/main/benchmarks/local/sleep_fibonacci_test.rb,puma-1w-3t,3,puma,1,3,484,10,5.003,5.0,10,194,2.004,2.0,1,true,484,0,96.738,10.29,10.408,10.603,11.256,11.445,104.34,104.34,90.2,20,20,75,multiprocess_sample_only,,
yjit-off/puma-sleep-fibonacci-50ms/puma-1w-3t/repeat-1,yjit-off,false,puma-sleep-fibonacci-50ms,puma-sleep-fibonacci-test,puma/benchmarks/local/sleep_fibonacci_test + test/rackup/sleep_fibonacci,https://github.com/puma/puma/blob/main/benchmarks/local/sleep_fibonacci_test.rb,puma-1w-3t,3,puma,1,3,99,10,5.001,5.0,10,40,2.024,2.0,1,true,99,0,19.797,50.456,50.626,50.946,51.351,51.396,104.34,104.34,89.94,20,20,75,multiprocess_sample_only,,
yjit-off/puma-sleep-fibonacci-100ms/puma-1w-3t/repeat-1,yjit-off,false,puma-sleep-fibonacci-100ms,puma-sleep-fibonacci-test,puma/benchmarks/local/sleep_fibonacci_test + test/rackup/sleep_fibonacci,https://github.com/puma/puma/blob/main/benchmarks/local/sleep_fibonacci_test.rb,puma-1w-3t,3,puma,1,3,50,10,5.025,5.0,10,20,2.011,2.0,1,true,50,0,9.951,100.442,100.53,100.576,100.592,100.594,104.344,104.344,89.685,20,20,75,multiprocess_sample_only,,
yjit-off/puma-sleep-fibonacci-200ms/puma-1w-3t/repeat-1,yjit-off,false,puma-sleep-fibonacci-200ms,puma-sleep-fibonacci-test,puma/benchmarks/local/sleep_fibonacci_test + test/rackup/sleep_fibonacci,https://github.com/puma/puma/blob/main/benchmarks/local/sleep_fibonacci_test.rb,puma-1w-3t,3,puma,1,3,25,10,5.016,5.0,10,10,2.007,2.0,1,true,25,0,4.984,200.544,200.648,200.68,200.688,200.689,104.344,104.344,89.445,20,20,75,multiprocess_sample_only,,
yjit-off/puma-response-array-1kb/puma-1w-3t/repeat-2,yjit-off,false,puma-response-array-1kb,puma-response-time-wrk,puma/benchmarks/local/response_time_wrk,https://github.com/puma/puma/blob/main/benchmarks/local/response_time_wrk.rb,puma-1w-3t,3,puma,1,3,20071,1000,5.001,5.0,1000,7921,2.001,2.0,5,true,20071,0,4013.558,1.183,1.643,2.01,2.45,2.986,63.68,63.68,98.065,20,20,73,multiprocess_sample_only,,
yjit-off/puma-response-chunk-1kb/puma-1w-3t/repeat-2,yjit-off,false,puma-response-chunk-1kb,puma-response-time-wrk,puma/benchmarks/local/response_time_wrk,https://github.com/puma/puma/blob/main/benchmarks/local/response_time_wrk.rb,puma-1w-3t,3,puma,1,3,19367,1000,5.001,5.0,1000,7943,2.001,2.0,5,true,19367,0,3872.652,1.216,1.733,2.204,2.868,3.585,63.902,63.902,95.28,20,20,73,multiprocess_sample_only,,
yjit-off/puma-response-string-1kb/puma-1w-3t/repeat-2,yjit-off,false,puma-response-string-1kb,puma-response-time-wrk,puma/benchmarks/local/response_time_wrk,https://github.com/puma/puma/blob/main/benchmarks/local/response_time_wrk.rb,puma-1w-3t,3,puma,1,3,17770,1000,5.001,5.0,1000,7824,2.001,2.0,5,true,17770,0,3553.214,1.328,1.903,2.361,3.097,4.804,63.988,63.988,94.745,20,20,72,multiprocess_sample_only,,
yjit-off/puma-response-io-1kb/puma-1w-3t/repeat-2,yjit-off,false,puma-response-io-1kb,puma-response-time-wrk,puma/benchmarks/local/response_time_wrk,https://github.com/puma/puma/blob/main/benchmarks/local/response_time_wrk.rb,puma-1w-3t,3,puma,1,3,17191,1000,5.001,5.0,1000,7069,2.001,2.0,5,true,17191,0,3437.198,1.379,2.143,2.631,3.267,4.064,64.359,64.359,96.2,20,20,73,multiprocess_sample_only,,
yjit-off/puma-response-array-10kb/puma-1w-3t/repeat-2,yjit-off,false,puma-response-array-10kb,puma-response-time-wrk,puma/benchmarks/local/response_time_wrk,https://github.com/puma/puma/blob/main/benchmarks/local/response_time_wrk.rb,puma-1w-3t,3,puma,1,3,18451,1000,5.001,5.0,1000,7243,2.001,2.0,5,true,18451,0,3689.392,1.287,1.821,2.281,2.888,3.625,66.117,66.117,96.74,20,20,73,multiprocess_sample_only,,
yjit-off/puma-response-chunk-10kb/puma-1w-3t/repeat-2,yjit-off,false,puma-response-chunk-10kb,puma-response-time-wrk,puma/benchmarks/local/response_time_wrk,https://github.com/puma/puma/blob/main/benchmarks/local/response_time_wrk.rb,puma-1w-3t,3,puma,1,3,15492,1000,5.001,5.0,1000,6542,2.001,2.0,5,true,15492,0,3097.721,1.531,2.214,2.761,3.35,4.242,66.289,66.289,96.15,20,20,72,multiprocess_sample_only,,
yjit-off/puma-response-string-10kb/puma-1w-3t/repeat-2,yjit-off,false,puma-response-string-10kb,puma-response-time-wrk,puma/benchmarks/local/response_time_wrk,https://github.com/puma/puma/blob/main/benchmarks/local/response_time_wrk.rb,puma-1w-3t,3,puma,1,3,18307,1000,5.001,5.0,1000,7097,2.001,2.0,5,true,18307,0,3660.457,1.293,1.846,2.29,2.908,3.948,66.359,66.359,95.81,20,20,73,multiprocess_sample_only,,
yjit-off/puma-response-io-10kb/puma-1w-3t/repeat-2,yjit-off,false,puma-response-io-10kb,puma-response-time-wrk,puma/benchmarks/local/response_time_wrk,https://github.com/puma/puma/blob/main/benchmarks/local/response_time_wrk.rb,puma-1w-3t,3,puma,1,3,18341,1000,5.001,5.0,1000,7373,2.001,2.0,5,true,18341,0,3667.161,1.291,1.968,2.4,3.033,4.101,68.684,67.949,96.26,20,20,74,multiprocess_sample_only,,
yjit-off/puma-response-array-100kb/puma-1w-3t/repeat-2,yjit-off,false,puma-response-array-100kb,puma-response-time-wrk,puma/benchmarks/local/response_time_wrk,https://github.com/puma/puma/blob/main/benchmarks/local/response_time_wrk.rb,puma-1w-3t,3,puma,1,3,14222,1000,5.002,5.0,1000,5840,2.001,2.0,5,true,14222,0,2843.509,1.665,2.453,3.095,3.632,4.628,78.293,76.668,96.3,20,20,72,multiprocess_sample_only,,
yjit-off/puma-response-chunk-100kb/puma-1w-3t/repeat-2,yjit-off,false,puma-response-chunk-100kb,puma-response-time-wrk,puma/benchmarks/local/response_time_wrk,https://github.com/puma/puma/blob/main/benchmarks/local/response_time_wrk.rb,puma-1w-3t,3,puma,1,3,7673,1000,5.003,5.0,1000,2979,2.003,2.0,5,true,7673,0,1533.787,3.114,4.44,6.076,6.626,7.562,72.648,72.508,94.885,20,20,68,multiprocess_sample_only,,
yjit-off/puma-response-string-100kb/puma-1w-3t/repeat-2,yjit-off,false,puma-response-string-100kb,puma-response-time-wrk,puma/benchmarks/local/response_time_wrk,https://github.com/puma/puma/blob/main/benchmarks/local/response_time_wrk.rb,puma-1w-3t,3,puma,1,3,15188,1000,5.002,5.0,1000,6167,2.001,2.0,5,true,15188,0,3036.676,1.548,2.327,2.964,3.534,4.369,78.117,75.75,93.775,20,20,72,multiprocess_sample_only,,
yjit-off/puma-response-io-100kb/puma-1w-3t/repeat-2,yjit-off,false,puma-response-io-100kb,puma-response-time-wrk,puma/benchmarks/local/response_time_wrk,https://github.com/puma/puma/blob/main/benchmarks/local/response_time_wrk.rb,puma-1w-3t,3,puma,1,3,15279,1000,5.03,5.0,1000,6099,2.001,2.0,5,true,15279,0,3037.56,1.231,1.986,2.977,42.14,42.992,67.41,67.348,93.305,20,20,73,multiprocess_sample_only,,
yjit-off/puma-response-array-256kb/puma-1w-3t/repeat-2,yjit-off,false,puma-response-array-256kb,puma-response-time-wrk,puma/benchmarks/local/response_time_wrk,https://github.com/puma/puma/blob/main/benchmarks/local/response_time_wrk.rb,puma-1w-3t,3,puma,1,3,10985,1000,5.003,5.0,1000,4539,2.002,2.0,5,true,10985,0,2195.696,2.018,3.434,5.25,14.628,15.902,99.992,95.262,93.075,20,20,71,multiprocess_sample_only,,
yjit-off/puma-response-chunk-256kb/puma-1w-3t/repeat-2,yjit-off,false,puma-response-chunk-256kb,puma-response-time-wrk,puma/benchmarks/local/response_time_wrk,https://github.com/puma/puma/blob/main/benchmarks/local/response_time_wrk.rb,puma-1w-3t,3,puma,1,3,4352,1000,5.006,5.0,1000,1790,2.004,2.0,5,true,4352,0,869.399,5.514,9.412,10.816,11.538,11.941,76.707,75.398,91.78,20,20,64,multiprocess_sample_only,,
yjit-off/puma-response-string-256kb/puma-1w-3t/repeat-2,yjit-off,false,puma-response-string-256kb,puma-response-time-wrk,puma/benchmarks/local/response_time_wrk,https://github.com/puma/puma/blob/main/benchmarks/local/response_time_wrk.rb,puma-1w-3t,3,puma,1,3,10198,1000,5.002,5.0,1000,4357,2.002,2.0,5,true,10198,0,2038.599,2.128,3.928,6.053,16.862,18.691,72.668,72.605,90.29,20,20,69,multiprocess_sample_only,,
yjit-off/puma-response-io-256kb/puma-1w-3t/repeat-2,yjit-off,false,puma-response-io-256kb,puma-response-time-wrk,puma/benchmarks/local/response_time_wrk,https://github.com/puma/puma/blob/main/benchmarks/local/response_time_wrk.rb,puma-1w-3t,3,puma,1,3,10323,1000,5.002,5.0,1000,4157,2.002,2.0,5,true,10323,0,2063.953,2.105,3.855,6.091,15.326,44.949,72.855,72.543,89.015,20,20,69,multiprocess_sample_only,,
yjit-off/puma-response-array-512kb/puma-1w-3t/repeat-2,yjit-off,false,puma-response-array-512kb,puma-response-time-wrk,puma/benchmarks/local/response_time_wrk,https://github.com/puma/puma/blob/main/benchmarks/local/response_time_wrk.rb,puma-1w-3t,3,puma,1,3,8244,1000,5.003,5.0,1000,3318,2.002,2.0,5,true,8244,0,1647.79,2.653,4.629,14.205,18.065,18.999,118.34,106.047,88.68,20,20,70,multiprocess_sample_only,,
yjit-off/puma-response-chunk-512kb/puma-1w-3t/repeat-2,yjit-off,false,puma-response-chunk-512kb,puma-response-time-wrk,puma/benchmarks/local/response_time_wrk,https://github.com/puma/puma/blob/main/benchmarks/local/response_time_wrk.rb,puma-1w-3t,3,puma,1,3,2404,1000,5.008,5.0,1000,1004,2.033,2.0,5,true,2404,0,480.044,10.149,16.972,19.336,20.538,21.318,79.105,78.934,87.73,20,20,56,multiprocess_sample_only,,
yjit-off/puma-response-string-512kb/puma-1w-3t/repeat-2,yjit-off,false,puma-response-string-512kb,puma-response-time-wrk,puma/benchmarks/local/response_time_wrk,https://github.com/puma/puma/blob/main/benchmarks/local/response_time_wrk.rb,puma-1w-3t,3,puma,1,3,8350,1000,5.002,5.0,1000,3384,2.002,2.0,5,true,8350,0,1669.28,2.507,4.921,14.343,18.579,20.025,76.664,76.664,86.355,20,20,68,multiprocess_sample_only,,
yjit-off/puma-response-io-512kb/puma-1w-3t/repeat-2,yjit-off,false,puma-response-io-512kb,puma-response-time-wrk,puma/benchmarks/local/response_time_wrk,https://github.com/puma/puma/blob/main/benchmarks/local/response_time_wrk.rb,puma-1w-3t,3,puma,1,3,8365,1000,5.002,5.0,1000,3514,2.002,2.0,5,true,8365,0,1672.34,2.483,4.876,13.707,18.572,213.432,76.664,76.664,84.96,20,20,68,multiprocess_sample_only,,
yjit-off/puma-response-array-1024kb/puma-1w-3t/repeat-2,yjit-off,false,puma-response-array-1024kb,puma-response-time-wrk,puma/benchmarks/local/response_time_wrk,https://github.com/puma/puma/blob/main/benchmarks/local/response_time_wrk.rb,puma-1w-3t,3,puma,1,3,5233,1000,5.004,5.0,1000,2244,2.003,2.0,5,true,5233,0,1045.8,4.312,7.539,18.544,24.144,25.808,168.391,146.492,84.65,20,20,69,multiprocess_sample_only,,
yjit-off/puma-response-chunk-1024kb/puma-1w-3t/repeat-2,yjit-off,false,puma-response-chunk-1024kb,puma-response-time-wrk,puma/benchmarks/local/response_time_wrk,https://github.com/puma/puma/blob/main/benchmarks/local/response_time_wrk.rb,puma-1w-3t,3,puma,1,3,1291,1000,5.017,5.0,1000,1000,3.708,2.0,5,true,1291,0,257.344,18.916,31.766,36.364,36.975,37.032,84.516,83.305,83.745,20,20,46,multiprocess_sample_only,,
yjit-off/puma-response-string-1024kb/puma-1w-3t/repeat-2,yjit-off,false,puma-response-string-1024kb,puma-response-time-wrk,puma/benchmarks/local/response_time_wrk,https://github.com/puma/puma/blob/main/benchmarks/local/response_time_wrk.rb,puma-1w-3t,3,puma,1,3,5445,1000,5.005,5.0,1000,2323,2.003,2.0,5,true,5445,0,1087.877,3.901,7.651,17.922,22.956,25.314,80.316,80.316,82.375,20,20,65,multiprocess_sample_only,,
yjit-off/puma-response-io-1024kb/puma-1w-3t/repeat-2,yjit-off,false,puma-response-io-1024kb,puma-response-time-wrk,puma/benchmarks/local/response_time_wrk,https://github.com/puma/puma/blob/main/benchmarks/local/response_time_wrk.rb,puma-1w-3t,3,puma,1,3,5137,1000,5.004,5.0,1000,1968,2.003,2.0,5,true,5137,0,1026.602,4.171,8.192,18.652,24.394,215.604,80.316,80.316,80.72,20,20,65,multiprocess_sample_only,,
yjit-off/puma-response-array-2048kb/puma-1w-3t/repeat-2,yjit-off,false,puma-response-array-2048kb,puma-response-time-wrk,puma/benchmarks/local/response_time_wrk,https://github.com/puma/puma/blob/main/benchmarks/local/response_time_wrk.rb,puma-1w-3t,3,puma,1,3,3154,1000,5.007,5.0,1000,1284,2.007,2.0,5,true,3154,0,629.942,7.815,12.511,14.215,19.27,22.79,145.418,97.141,80.53,20,20,73,multiprocess_sample_only,,
yjit-off/puma-response-chunk-2048kb/puma-1w-3t/repeat-2,yjit-off,false,puma-response-chunk-2048kb,puma-response-time-wrk,puma/benchmarks/local/response_time_wrk,https://github.com/puma/puma/blob/main/benchmarks/local/response_time_wrk.rb,puma-1w-3t,3,puma,1,3,1000,1000,7.078,5.0,1000,1000,7.455,2.0,5,true,1000,0,141.276,34.824,37.73,63.944,66.567,67.161,83.551,82.16,79.38,20,20,49,multiprocess_sample_only,,
yjit-off/puma-response-string-2048kb/puma-1w-3t/repeat-2,yjit-off,false,puma-response-string-2048kb,puma-response-time-wrk,puma/benchmarks/local/response_time_wrk,https://github.com/puma/puma/blob/main/benchmarks/local/response_time_wrk.rb,puma-1w-3t,3,puma,1,3,3762,1000,5.006,5.0,1000,1422,2.005,2.0,5,true,3762,0,751.471,6.105,11.346,12.7,14.055,16.111,84.668,84.668,78.12,20,20,62,multiprocess_sample_only,,
yjit-off/puma-response-io-2048kb/puma-1w-3t/repeat-2,yjit-off,false,puma-response-io-2048kb,puma-response-time-wrk,puma/benchmarks/local/response_time_wrk,https://github.com/puma/puma/blob/main/benchmarks/local/response_time_wrk.rb,puma-1w-3t,3,puma,1,3,3776,1000,5.006,5.0,1000,1577,2.006,2.0,5,true,3776,0,754.324,6.23,11.267,12.711,14.634,16.587,84.672,84.672,76.6,20,20,62,multiprocess_sample_only,,
yjit-off/puma-long-tail-fib-200ms-x6p0/puma-1w-3t/repeat-2,yjit-off,false,puma-long-tail-fib-200ms-x6p0,puma-long-tail-hey,puma/benchmarks/local/long_tail_hey + test/rackup/sleep_fibonacci,https://github.com/puma/puma/blob/main/benchmarks/local/long_tail_hey.rb,puma-1w-3t,3,puma,1,3,360,360,51.017,5.0,360,360,51.136,2.0,18,true,360,0,7.056,2551.323,2566.098,2571.784,2575.978,2576.177,104.254,104.254,82.42,20,20,749,multiprocess_sample_only,,
yjit-off/puma-long-tail-fib-200ms-x4p0/puma-1w-3t/repeat-2,yjit-off,false,puma-long-tail-fib-200ms-x4p0,puma-long-tail-hey,puma/benchmarks/local/long_tail_hey + test/rackup/sleep_fibonacci,https://github.com/puma/puma/blob/main/benchmarks/local/long_tail_hey.rb,puma-1w-3t,3,puma,1,3,240,240,34.013,5.0,240,240,34.088,2.0,12,true,240,0,7.056,1700.371,1715.271,1719.763,1726.968,1729.061,105.723,105.723,86.17,20,20,502,multiprocess_sample_only,,
yjit-off/puma-long-tail-fib-200ms-x3p0/puma-1w-3t/repeat-2,yjit-off,false,puma-long-tail-fib-200ms-x3p0,puma-long-tail-hey,puma/benchmarks/local/long_tail_hey + test/rackup/sleep_fibonacci,https://github.com/puma/puma/blob/main/benchmarks/local/long_tail_hey.rb,puma-1w-3t,3,puma,1,3,180,180,25.518,5.0,180,180,25.588,2.0,9,true,180,0,7.054,1275.883,1298.932,1303.205,1304.695,1305.001,105.727,105.727,87.995,20,20,373,multiprocess_sample_only,,
yjit-off/puma-long-tail-fib-200ms-x2p0/puma-1w-3t/repeat-2,yjit-off,false,puma-long-tail-fib-200ms-x2p0,puma-long-tail-hey,puma/benchmarks/local/long_tail_hey + test/rackup/sleep_fibonacci,https://github.com/puma/puma/blob/main/benchmarks/local/long_tail_hey.rb,puma-1w-3t,3,puma,1,3,120,120,17.004,5.0,120,120,17.028,2.0,6,true,120,0,7.057,850.457,864.845,869.289,871.436,871.709,101.379,101.379,89.0,20,20,249,multiprocess_sample_only,,
yjit-off/puma-long-tail-fib-200ms-x1p5/puma-1w-3t/repeat-2,yjit-off,false,puma-long-tail-fib-200ms-x1p5,puma-long-tail-hey,puma/benchmarks/local/long_tail_hey + test/rackup/sleep_fibonacci,https://github.com/puma/puma/blob/main/benchmarks/local/long_tail_hey.rb,puma-1w-3t,3,puma,1,3,100,100,14.191,5.0,100,100,14.203,2.0,5,true,100,0,7.046,818.759,851.196,852.558,853.039,853.093,104.633,104.633,89.675,20,20,208,multiprocess_sample_only,,
yjit-off/puma-long-tail-fib-200ms-x1p0/puma-1w-3t/repeat-2,yjit-off,false,puma-long-tail-fib-200ms-x1p0,puma-long-tail-hey,puma/benchmarks/local/long_tail_hey + test/rackup/sleep_fibonacci,https://github.com/puma/puma/blob/main/benchmarks/local/long_tail_hey.rb,puma-1w-3t,3,puma,1,3,60,60,8.502,5.0,60,60,8.534,2.0,3,true,60,0,7.057,424.982,429.216,437.139,439.316,439.558,106.57,106.57,90.06,20,20,125,multiprocess_sample_only,,
yjit-off/puma-long-tail-fib-200ms-x0p5/puma-1w-3t/repeat-2,yjit-off,false,puma-long-tail-fib-200ms-x0p5,puma-long-tail-hey,puma/benchmarks/local/long_tail_hey + test/rackup/sleep_fibonacci,https://github.com/puma/puma/blob/main/benchmarks/local/long_tail_hey.rb,puma-1w-3t,3,puma,1,3,40,40,5.66,5.0,40,40,5.656,2.0,2,true,40,0,7.067,282.704,283.944,284.048,284.107,284.114,106.57,106.57,90.315,20,20,84,multiprocess_sample_only,,
yjit-off/puma-sleep-fibonacci-1ms/puma-1w-3t/repeat-2,yjit-off,false,puma-sleep-fibonacci-1ms,puma-sleep-fibonacci-test,puma/benchmarks/local/sleep_fibonacci_test + test/rackup/sleep_fibonacci,https://github.com/puma/puma/blob/main/benchmarks/local/sleep_fibonacci_test.rb,puma-1w-3t,3,puma,1,3,3597,10,5.0,5.0,10,1461,2.001,2.0,1,true,3597,0,719.374,1.349,1.474,1.733,2.303,3.162,116.016,116.016,90.18,20,20,74,multiprocess_sample_only,,
yjit-off/puma-sleep-fibonacci-5ms/puma-1w-3t/repeat-2,yjit-off,false,puma-sleep-fibonacci-5ms,puma-sleep-fibonacci-test,puma/benchmarks/local/sleep_fibonacci_test + test/rackup/sleep_fibonacci,https://github.com/puma/puma/blob/main/benchmarks/local/sleep_fibonacci_test.rb,puma-1w-3t,3,puma,1,3,943,10,5.001,5.0,10,376,2.002,2.0,1,true,943,0,188.546,5.265,5.378,5.52,5.945,6.132,118.645,116.703,89.945,20,20,74,multiprocess_sample_only,,
yjit-off/puma-sleep-fibonacci-10ms/puma-1w-3t/repeat-2,yjit-off,false,puma-sleep-fibonacci-10ms,puma-sleep-fibonacci-test,puma/benchmarks/local/sleep_fibonacci_test + test/rackup/sleep_fibonacci,https://github.com/puma/puma/blob/main/benchmarks/local/sleep_fibonacci_test.rb,puma-1w-3t,3,puma,1,3,481,10,5.009,5.0,10,193,2.006,2.0,1,true,481,0,96.03,10.359,10.506,10.744,11.222,11.522,116.703,116.703,89.705,20,20,74,multiprocess_sample_only,,
yjit-off/puma-sleep-fibonacci-50ms/puma-1w-3t/repeat-2,yjit-off,false,puma-sleep-fibonacci-50ms,puma-sleep-fibonacci-test,puma/benchmarks/local/sleep_fibonacci_test + test/rackup/sleep_fibonacci,https://github.com/puma/puma/blob/main/benchmarks/local/sleep_fibonacci_test.rb,puma-1w-3t,3,puma,1,3,99,10,5.008,5.0,10,40,2.025,2.0,1,true,99,0,19.769,50.519,50.691,50.74,50.745,50.745,116.703,116.703,89.455,20,20,74,multiprocess_sample_only,,
yjit-off/puma-sleep-fibonacci-100ms/puma-1w-3t/repeat-2,yjit-off,false,puma-sleep-fibonacci-100ms,puma-sleep-fibonacci-test,puma/benchmarks/local/sleep_fibonacci_test + test/rackup/sleep_fibonacci,https://github.com/puma/puma/blob/main/benchmarks/local/sleep_fibonacci_test.rb,puma-1w-3t,3,puma,1,3,50,10,5.03,5.0,10,20,2.017,2.0,1,true,50,0,9.94,100.533,100.656,100.787,100.894,100.906,116.703,116.703,89.215,20,20,75,multiprocess_sample_only,,
yjit-off/puma-sleep-fibonacci-200ms/puma-1w-3t/repeat-2,yjit-off,false,puma-sleep-fibonacci-200ms,puma-sleep-fibonacci-test,puma/benchmarks/local/sleep_fibonacci_test + test/rackup/sleep_fibonacci,https://github.com/puma/puma/blob/main/benchmarks/local/sleep_fibonacci_test.rb,puma-1w-3t,3,puma,1,3,25,10,5.016,5.0,10,10,2.008,2.0,1,true,25,0,4.984,200.547,200.651,200.817,200.864,200.87,116.703,116.703,88.965,20,20,74,multiprocess_sample_only,,
yjit-off/puma-response-array-1kb/puma-1w-3t/repeat-3,yjit-off,false,puma-response-array-1kb,puma-response-time-wrk,puma/benchmarks/local/response_time_wrk,https://github.com/puma/puma/blob/main/benchmarks/local/response_time_wrk.rb,puma-1w-3t,3,puma,1,3,17146,1000,5.001,5.0,1000,6911,2.001,2.0,5,true,17146,0,3428.572,1.379,1.953,2.379,2.903,3.409,63.344,63.344,100.945,20,20,72,multiprocess_sample_only,,
yjit-off/puma-response-chunk-1kb/puma-1w-3t/repeat-3,yjit-off,false,puma-response-chunk-1kb,puma-response-time-wrk,puma/benchmarks/local/response_time_wrk,https://github.com/puma/puma/blob/main/benchmarks/local/response_time_wrk.rb,puma-1w-3t,3,puma,1,3,16385,1000,5.001,5.0,1000,7014,2.001,2.0,5,true,16385,0,3276.349,1.438,2.071,2.508,3.146,3.764,63.617,63.383,97.83,20,20,72,multiprocess_sample_only,,
yjit-off/puma-response-string-1kb/puma-1w-3t/repeat-3,yjit-off,false,puma-response-string-1kb,puma-response-time-wrk,puma/benchmarks/local/response_time_wrk,https://github.com/puma/puma/blob/main/benchmarks/local/response_time_wrk.rb,puma-1w-3t,3,puma,1,3,16637,1000,5.001,5.0,1000,6795,2.001,2.0,5,true,16637,0,3326.621,1.416,2.054,2.473,3.177,5.073,63.387,63.387,97.09,20,20,72,multiprocess_sample_only,,
yjit-off/puma-response-io-1kb/puma-1w-3t/repeat-3,yjit-off,false,puma-response-io-1kb,puma-response-time-wrk,puma/benchmarks/local/response_time_wrk,https://github.com/puma/puma/blob/main/benchmarks/local/response_time_wrk.rb,puma-1w-3t,3,puma,1,3,15475,1000,5.001,5.0,1000,6289,2.001,2.0,5,true,15475,0,3094.27,1.529,2.413,2.915,3.47,4.251,63.73,63.73,98.29,20,20,73,multiprocess_sample_only,,
yjit-off/puma-response-array-10kb/puma-1w-3t/repeat-3,yjit-off,false,puma-response-array-10kb,puma-response-time-wrk,puma/benchmarks/local/response_time_wrk,https://github.com/puma/puma/blob/main/benchmarks/local/response_time_wrk.rb,puma-1w-3t,3,puma,1,3,16795,1000,5.001,5.0,1000,6906,2.001,2.0,5,true,16795,0,3358.246,1.397,2.053,2.548,3.224,3.893,65.504,65.504,98.675,20,20,72,multiprocess_sample_only,,
yjit-off/puma-response-chunk-10kb/puma-1w-3t/repeat-3,yjit-off,false,puma-response-chunk-10kb,puma-response-time-wrk,puma/benchmarks/local/response_time_wrk,https://github.com/puma/puma/blob/main/benchmarks/local/response_time_wrk.rb,puma-1w-3t,3,puma,1,3,14862,1000,5.001,5.0,1000,6061,2.001,2.0,5,true,14862,0,2971.759,1.598,2.29,2.903,3.572,4.605,65.68,65.68,98.065,20,20,72,multiprocess_sample_only,,
yjit-off/puma-response-string-10kb/puma-1w-3t/repeat-3,yjit-off,false,puma-response-string-10kb,puma-response-time-wrk,puma/benchmarks/local/response_time_wrk,https://github.com/puma/puma/blob/main/benchmarks/local/response_time_wrk.rb,puma-1w-3t,3,puma,1,3,16887,1000,5.001,5.0,1000,6939,2.001,2.0,5,true,16887,0,3376.819,1.385,2.073,2.54,3.137,3.844,65.754,65.754,97.595,20,20,72,multiprocess_sample_only,,
yjit-off/puma-response-io-10kb/puma-1w-3t/repeat-3,yjit-off,false,puma-response-io-10kb,puma-response-time-wrk,puma/benchmarks/local/response_time_wrk,https://github.com/puma/puma/blob/main/benchmarks/local/response_time_wrk.rb,puma-1w-3t,3,puma,1,3,15349,1000,5.002,5.0,1000,6304,2.002,2.0,5,true,15349,0,3068.874,1.521,2.499,3.145,3.88,4.783,67.949,67.426,98.17,20,20,73,multiprocess_sample_only,,
yjit-off/puma-response-array-100kb/puma-1w-3t/repeat-3,yjit-off,false,puma-response-array-100kb,puma-response-time-wrk,puma/benchmarks/local/response_time_wrk,https://github.com/puma/puma/blob/main/benchmarks/local/response_time_wrk.rb,puma-1w-3t,3,puma,1,3,12749,1000,5.001,5.0,1000,5361,2.002,2.0,5,true,12749,0,2549.173,1.846,2.823,3.445,3.91,4.758,77.16,75.488,98.23,20,20,71,multiprocess_sample_only,,
yjit-off/puma-response-chunk-100kb/puma-1w-3t/repeat-3,yjit-off,false,puma-response-chunk-100kb,puma-response-time-wrk,puma/benchmarks/local/response_time_wrk,https://github.com/puma/puma/blob/main/benchmarks/local/response_time_wrk.rb,puma-1w-3t,3,puma,1,3,7998,1000,5.003,5.0,1000,3275,2.002,2.0,5,true,7998,0,1598.726,3.017,3.988,5.726,6.414,7.281,70.898,70.473,96.64,20,20,68,multiprocess_sample_only,,
yjit-off/puma-response-string-100kb/puma-1w-3t/repeat-3,yjit-off,false,puma-response-string-100kb,puma-response-time-wrk,puma/benchmarks/local/response_time_wrk,https://github.com/puma/puma/blob/main/benchmarks/local/response_time_wrk.rb,puma-1w-3t,3,puma,1,3,15211,1000,5.001,5.0,1000,6090,2.001,2.0,5,true,15211,0,3041.373,1.545,2.272,2.923,3.411,4.983,76.887,75.844,95.575,20,20,72,multiprocess_sample_only,,
yjit-off/puma-response-io-100kb/puma-1w-3t/repeat-3,yjit-off,false,puma-response-io-100kb,puma-response-time-wrk,puma/benchmarks/local/response_time_wrk,https://github.com/puma/puma/blob/main/benchmarks/local/response_time_wrk.rb,puma-1w-3t,3,puma,1,3,14813,1000,5.002,5.0,1000,6000,2.001,2.0,5,true,14813,0,2961.581,1.44,2.183,3.136,42.029,43.858,67.723,67.598,95.295,20,20,73,multiprocess_sample_only,,
yjit-off/puma-response-array-256kb/puma-1w-3t/repeat-3,yjit-off,false,puma-response-array-256kb,puma-response-time-wrk,puma/benchmarks/local/response_time_wrk,https://github.com/puma/puma/blob/main/benchmarks/local/response_time_wrk.rb,puma-1w-3t,3,puma,1,3,10766,1000,5.002,5.0,1000,4389,2.002,2.0,5,true,10766,0,2152.524,2.029,3.53,6.121,16.633,21.207,106.387,97.133,94.915,20,20,71,multiprocess_sample_only,,
yjit-off/puma-response-chunk-256kb/puma-1w-3t/repeat-3,yjit-off,false,puma-response-chunk-256kb,puma-response-time-wrk,puma/benchmarks/local/response_time_wrk,https://github.com/puma/puma/blob/main/benchmarks/local/response_time_wrk.rb,puma-1w-3t,3,puma,1,3,4435,1000,5.006,5.0,1000,1784,2.005,2.0,5,true,4435,0,885.965,5.465,9.127,10.498,11.283,13.035,77.156,75.738,93.475,20,20,64,multiprocess_sample_only,,
yjit-off/puma-response-string-256kb/puma-1w-3t/repeat-3,yjit-off,false,puma-response-string-256kb,puma-response-time-wrk,puma/benchmarks/local/response_time_wrk,https://github.com/puma/puma/blob/main/benchmarks/local/response_time_wrk.rb,puma-1w-3t,3,puma,1,3,10744,1000,5.002,5.0,1000,4398,2.002,2.0,5,true,10744,0,2148.119,1.984,3.724,6.303,16.106,19.458,72.008,71.949,91.78,20,20,69,multiprocess_sample_only,,
yjit-off/puma-response-io-256kb/puma-1w-3t/repeat-3,yjit-off,false,puma-response-io-256kb,puma-response-time-wrk,puma/benchmarks/local/response_time_wrk,https://github.com/puma/puma/blob/main/benchmarks/local/response_time_wrk.rb,puma-1w-3t,3,puma,1,3,10650,1000,5.002,5.0,1000,4569,2.002,2.0,5,true,10650,0,2129.153,2.007,3.755,6.313,16.178,45.336,72.262,71.887,90.41,20,20,70,multiprocess_sample_only,,
yjit-off/puma-response-array-512kb/puma-1w-3t/repeat-3,yjit-off,false,puma-response-array-512kb,puma-response-time-wrk,puma/benchmarks/local/response_time_wrk,https://github.com/puma/puma/blob/main/benchmarks/local/response_time_wrk.rb,puma-1w-3t,3,puma,1,3,8169,1000,5.004,5.0,1000,3164,2.004,2.0,5,true,8169,0,1632.398,2.686,4.678,15.446,19.489,21.449,135.82,135.82,90.0,20,20,70,multiprocess_sample_only,,
yjit-off/puma-response-chunk-512kb/puma-1w-3t/repeat-3,yjit-off,false,puma-response-chunk-512kb,puma-response-time-wrk,puma/benchmarks/local/response_time_wrk,https://github.com/puma/puma/blob/main/benchmarks/local/response_time_wrk.rb,puma-1w-3t,3,puma,1,3,2480,1000,5.009,5.0,1000,1010,2.029,2.0,5,true,2480,0,495.155,9.92,16.578,18.555,19.658,20.465,81.898,81.156,88.985,20,20,56,multiprocess_sample_only,,
yjit-off/puma-response-string-512kb/puma-1w-3t/repeat-3,yjit-off,false,puma-response-string-512kb,puma-response-time-wrk,puma/benchmarks/local/response_time_wrk,https://github.com/puma/puma/blob/main/benchmarks/local/response_time_wrk.rb,puma-1w-3t,3,puma,1,3,8288,1000,5.002,5.0,1000,3498,2.002,2.0,5,true,8288,0,1656.887,2.53,4.915,15.36,19.482,21.372,75.141,75.141,87.585,20,20,68,multiprocess_sample_only,,
yjit-off/puma-response-io-512kb/puma-1w-3t/repeat-3,yjit-off,false,puma-response-io-512kb,puma-response-time-wrk,puma/benchmarks/local/response_time_wrk,https://github.com/puma/puma/blob/main/benchmarks/local/response_time_wrk.rb,puma-1w-3t,3,puma,1,3,8491,1000,5.003,5.0,1000,3099,2.002,2.0,5,true,8491,0,1697.27,2.455,4.709,15.297,19.445,208.145,75.141,75.141,86.155,20,20,68,multiprocess_sample_only,,
yjit-off/puma-response-array-1024kb/puma-1w-3t/repeat-3,yjit-off,false,puma-response-array-1024kb,puma-response-time-wrk,puma/benchmarks/local/response_time_wrk,https://github.com/puma/puma/blob/main/benchmarks/local/response_time_wrk.rb,puma-1w-3t,3,puma,1,3,5210,1000,5.006,5.0,1000,2157,2.004,2.0,5,true,5210,0,1040.773,4.449,7.432,18.097,24.123,25.411,133.906,102.766,85.985,20,20,71,multiprocess_sample_only,,
yjit-off/puma-response-chunk-1024kb/puma-1w-3t/repeat-3,yjit-off,false,puma-response-chunk-1024kb,puma-response-time-wrk,puma/benchmarks/local/response_time_wrk,https://github.com/puma/puma/blob/main/benchmarks/local/response_time_wrk.rb,puma-1w-3t,3,puma,1,3,1356,1000,5.015,5.0,1000,1000,3.73,2.0,5,true,1356,0,270.385,18.073,29.943,33.966,35.444,35.89,83.957,81.031,85.08,20,20,47,multiprocess_sample_only,,
yjit-off/puma-response-string-1024kb/puma-1w-3t/repeat-3,yjit-off,false,puma-response-string-1024kb,puma-response-time-wrk,puma/benchmarks/local/response_time_wrk,https://github.com/puma/puma/blob/main/benchmarks/local/response_time_wrk.rb,puma-1w-3t,3,puma,1,3,5709,1000,5.004,5.0,1000,2334,2.003,2.0,5,true,5709,0,1140.851,3.754,7.26,18.501,23.258,26.18,75.492,75.492,83.705,20,20,66,multiprocess_sample_only,,
yjit-off/puma-response-io-1024kb/puma-1w-3t/repeat-3,yjit-off,false,puma-response-io-1024kb,puma-response-time-wrk,puma/benchmarks/local/response_time_wrk,https://github.com/puma/puma/blob/main/benchmarks/local/response_time_wrk.rb,puma-1w-3t,3,puma,1,3,5732,1000,5.013,5.0,1000,2307,2.003,2.0,5,true,5732,0,1143.466,3.78,7.099,17.986,22.474,211.662,75.496,75.496,82.025,20,20,66,multiprocess_sample_only,,
yjit-off/puma-response-array-2048kb/puma-1w-3t/repeat-3,yjit-off,false,puma-response-array-2048kb,puma-response-time-wrk,puma/benchmarks/local/response_time_wrk,https://github.com/puma/puma/blob/main/benchmarks/local/response_time_wrk.rb,puma-1w-3t,3,puma,1,3,3093,1000,5.009,5.0,1000,1241,2.007,2.0,5,true,3093,0,617.495,7.998,12.853,14.81,15.708,16.406,127.477,80.508,81.895,20,20,74,multiprocess_sample_only,,
yjit-off/puma-response-chunk-2048kb/puma-1w-3t/repeat-3,yjit-off,false,puma-response-chunk-2048kb,puma-response-time-wrk,puma/benchmarks/local/response_time_wrk,https://github.com/puma/puma/blob/main/benchmarks/local/response_time_wrk.rb,puma-1w-3t,3,puma,1,3,1000,1000,7.144,5.0,1000,1000,6.96,2.0,5,true,1000,0,139.969,35.199,56.226,64.328,67.661,68.146,85.785,83.098,80.84,20,20,50,multiprocess_sample_only,,
yjit-off/puma-response-string-2048kb/puma-1w-3t/repeat-3,yjit-off,false,puma-response-string-2048kb,puma-response-time-wrk,puma/benchmarks/local/response_time_wrk,https://github.com/puma/puma/blob/main/benchmarks/local/response_time_wrk.rb,puma-1w-3t,3,puma,1,3,3743,1000,5.005,5.0,1000,1532,2.007,2.0,5,true,3743,0,747.784,6.129,11.366,12.876,14.088,14.838,85.082,85.082,79.515,20,20,62,multiprocess_sample_only,,
yjit-off/puma-response-io-2048kb/puma-1w-3t/repeat-3,yjit-off,false,puma-response-io-2048kb,puma-response-time-wrk,puma/benchmarks/local/response_time_wrk,https://github.com/puma/puma/blob/main/benchmarks/local/response_time_wrk.rb,puma-1w-3t,3,puma,1,3,3847,1000,5.005,5.0,1000,1611,2.005,2.0,5,true,3847,0,768.591,6.206,10.748,12.248,13.381,13.926,85.086,85.086,77.975,20,20,62,multiprocess_sample_only,,
yjit-off/puma-long-tail-fib-200ms-x6p0/puma-1w-3t/repeat-3,yjit-off,false,puma-long-tail-fib-200ms-x6p0,puma-long-tail-hey,puma/benchmarks/local/long_tail_hey + test/rackup/sleep_fibonacci,https://github.com/puma/puma/blob/main/benchmarks/local/long_tail_hey.rb,puma-1w-3t,3,puma,1,3,360,360,50.905,5.0,360,360,51.098,2.0,18,true,360,0,7.072,2543.681,2563.999,2576.027,2580.562,2581.119,102.363,102.363,83.435,20,20,751,multiprocess_sample_only,,
yjit-off/puma-long-tail-fib-200ms-x4p0/puma-1w-3t/repeat-3,yjit-off,false,puma-long-tail-fib-200ms-x4p0,puma-long-tail-hey,puma/benchmarks/local/long_tail_hey + test/rackup/sleep_fibonacci,https://github.com/puma/puma/blob/main/benchmarks/local/long_tail_hey.rb,puma-1w-3t,3,puma,1,3,240,240,33.95,5.0,240,240,34.114,2.0,12,true,240,0,7.069,1697.032,1714.408,1716.437,1716.514,1716.535,108.402,108.402,86.96,20,20,501,multiprocess_sample_only,,
yjit-off/puma-long-tail-fib-200ms-x3p0/puma-1w-3t/repeat-3,yjit-off,false,puma-long-tail-fib-200ms-x3p0,puma-long-tail-hey,puma/benchmarks/local/long_tail_hey + test/rackup/sleep_fibonacci,https://github.com/puma/puma/blob/main/benchmarks/local/long_tail_hey.rb,puma-1w-3t,3,puma,1,3,180,180,25.452,5.0,180,180,25.527,2.0,9,true,180,0,7.072,1272.086,1290.61,1293.374,1297.424,1297.759,108.402,104.496,88.695,20,20,374,multiprocess_sample_only,,
yjit-off/puma-long-tail-fib-200ms-x2p0/puma-1w-3t/repeat-3,yjit-off,false,puma-long-tail-fib-200ms-x2p0,puma-long-tail-hey,puma/benchmarks/local/long_tail_hey + test/rackup/sleep_fibonacci,https://github.com/puma/puma/blob/main/benchmarks/local/long_tail_hey.rb,puma-1w-3t,3,puma,1,3,120,120,16.974,5.0,120,120,17.026,2.0,6,true,120,0,7.069,848.437,862.106,870.841,873.284,873.425,104.625,104.625,89.645,20,20,250,multiprocess_sample_only,,
yjit-off/puma-long-tail-fib-200ms-x1p5/puma-1w-3t/repeat-3,yjit-off,false,puma-long-tail-fib-200ms-x1p5,puma-long-tail-hey,puma/benchmarks/local/long_tail_hey + test/rackup/sleep_fibonacci,https://github.com/puma/puma/blob/main/benchmarks/local/long_tail_hey.rb,puma-1w-3t,3,puma,1,3,100,100,14.267,5.0,100,100,14.216,2.0,5,true,100,0,7.009,789.668,850.82,853.962,858.017,858.468,111.938,111.938,90.265,20,20,210,multiprocess_sample_only,,
yjit-off/puma-long-tail-fib-200ms-x1p0/puma-1w-3t/repeat-3,yjit-off,false,puma-long-tail-fib-200ms-x1p0,puma-long-tail-hey,puma/benchmarks/local/long_tail_hey + test/rackup/sleep_fibonacci,https://github.com/puma/puma/blob/main/benchmarks/local/long_tail_hey.rb,puma-1w-3t,3,puma,1,3,60,60,8.482,5.0,60,60,8.524,2.0,3,true,60,0,7.074,424.464,428.468,433.51,435.053,435.225,111.941,111.941,90.62,20,20,125,multiprocess_sample_only,,
yjit-off/puma-long-tail-fib-200ms-x0p5/puma-1w-3t/repeat-3,yjit-off,false,puma-long-tail-fib-200ms-x0p5,puma-long-tail-hey,puma/benchmarks/local/long_tail_hey + test/rackup/sleep_fibonacci,https://github.com/puma/puma/blob/main/benchmarks/local/long_tail_hey.rb,puma-1w-3t,3,puma,1,3,40,40,5.648,5.0,40,40,5.652,2.0,2,true,40,0,7.083,282.326,285.589,291.374,293.384,293.607,111.941,111.941,90.84,20,20,84,multiprocess_sample_only,,
yjit-off/puma-sleep-fibonacci-1ms/puma-1w-3t/repeat-3,yjit-off,false,puma-sleep-fibonacci-1ms,puma-sleep-fibonacci-test,puma/benchmarks/local/sleep_fibonacci_test + test/rackup/sleep_fibonacci,https://github.com/puma/puma/blob/main/benchmarks/local/sleep_fibonacci_test.rb,puma-1w-3t,3,puma,1,3,3593,10,5.0,5.0,10,1468,2.001,2.0,1,true,3593,0,718.58,1.353,1.484,1.778,2.29,2.68,123.461,123.461,90.715,20,20,74,multiprocess_sample_only,,
yjit-off/puma-sleep-fibonacci-5ms/puma-1w-3t/repeat-3,yjit-off,false,puma-sleep-fibonacci-5ms,puma-sleep-fibonacci-test,puma/benchmarks/local/sleep_fibonacci_test + test/rackup/sleep_fibonacci,https://github.com/puma/puma/blob/main/benchmarks/local/sleep_fibonacci_test.rb,puma-1w-3t,3,puma,1,3,941,10,5.002,5.0,10,380,2.005,2.0,1,true,941,0,188.123,5.271,5.417,5.601,6.588,7.541,126.012,126.012,90.465,20,20,74,multiprocess_sample_only,,
yjit-off/puma-sleep-fibonacci-10ms/puma-1w-3t/repeat-3,yjit-off,false,puma-sleep-fibonacci-10ms,puma-sleep-fibonacci-test,puma/benchmarks/local/sleep_fibonacci_test + test/rackup/sleep_fibonacci,https://github.com/puma/puma/blob/main/benchmarks/local/sleep_fibonacci_test.rb,puma-1w-3t,3,puma,1,3,481,10,5.01,5.0,10,194,2.004,2.0,1,true,481,0,96.01,10.368,10.482,10.688,11.267,11.291,127.016,127.016,90.23,20,20,74,multiprocess_sample_only,,
yjit-off/puma-sleep-fibonacci-50ms/puma-1w-3t/repeat-3,yjit-off,false,puma-sleep-fibonacci-50ms,puma-sleep-fibonacci-test,puma/benchmarks/local/sleep_fibonacci_test + test/rackup/sleep_fibonacci,https://github.com/puma/puma/blob/main/benchmarks/local/sleep_fibonacci_test.rb,puma-1w-3t,3,puma,1,3,99,10,5.009,5.0,10,40,2.025,2.0,1,true,99,0,19.763,50.538,50.685,50.743,50.854,50.866,127.016,127.016,89.975,20,20,74,multiprocess_sample_only,,
yjit-off/puma-sleep-fibonacci-100ms/puma-1w-3t/repeat-3,yjit-off,false,puma-sleep-fibonacci-100ms,puma-sleep-fibonacci-test,puma/benchmarks/local/sleep_fibonacci_test + test/rackup/sleep_fibonacci,https://github.com/puma/puma/blob/main/benchmarks/local/sleep_fibonacci_test.rb,puma-1w-3t,3,puma,1,3,50,10,5.032,5.0,10,20,2.015,2.0,1,true,50,0,9.937,100.58,100.7,100.796,100.829,100.833,127.02,127.02,89.725,20,20,75,multiprocess_sample_only,,
yjit-off/puma-sleep-fibonacci-200ms/puma-1w-3t/repeat-3,yjit-off,false,puma-sleep-fibonacci-200ms,puma-sleep-fibonacci-test,puma/benchmarks/local/sleep_fibonacci_test + test/rackup/sleep_fibonacci,https://github.com/puma/puma/blob/main/benchmarks/local/sleep_fibonacci_test.rb,puma-1w-3t,3,puma,1,3,25,10,5.018,5.0,10,10,2.009,2.0,1,true,25,0,4.982,200.598,201.067,201.235,201.258,201.26,127.02,127.02,89.465,20,20,75,multiprocess_sample_only,,
yjit-on/puma-response-array-1kb/raptor-3r/repeat-1,yjit-on,true,puma-response-array-1kb,puma-response-time-wrk,puma/benchmarks/local/response_time_wrk,https://github.com/puma/puma/blob/main/benchmarks/local/response_time_wrk.rb,raptor-3r,3,raptor,3,,1000,1000,16.121,5.0,1000,1000,16.193,2.0,5,true,1000,0,62.032,40.981,41.958,42.302,4031.144,4031.243,28.855,28.855,3.305,20,20,236,same_worker,27,718062
yjit-on/puma-response-chunk-1kb/raptor-3r/repeat-1,yjit-on,true,puma-response-chunk-1kb,puma-response-time-wrk,puma/benchmarks/local/response_time_wrk,https://github.com/puma/puma/blob/main/benchmarks/local/response_time_wrk.rb,raptor-3r,3,raptor,3,,1000,1000,16.096,5.0,1000,1000,16.156,2.0,5,true,1000,0,62.125,40.974,41.888,42.113,4023.981,4024.331,29.254,29.254,2.655,20,20,236,same_worker,26,714999
yjit-on/puma-response-string-1kb/raptor-3r/repeat-1,yjit-on,true,puma-response-string-1kb,puma-response-time-wrk,puma/benchmarks/local/response_time_wrk,https://github.com/puma/puma/blob/main/benchmarks/local/response_time_wrk.rb,raptor-3r,3,raptor,3,,1000,1000,16.112,5.0,1000,1000,16.148,2.0,5,true,1000,0,62.067,40.974,41.972,42.233,4027.251,4028.956,29.348,29.348,2.48,20,20,236,same_worker,26,719249
yjit-on/puma-response-io-1kb/raptor-3r/repeat-1,yjit-on,true,puma-response-io-1kb,puma-response-time-wrk,puma/benchmarks/local/response_time_wrk,https://github.com/puma/puma/blob/main/benchmarks/local/response_time_wrk.rb,raptor-3r,3,raptor,3,,1000,1000,16.115,5.0,1000,1000,16.15,2.0,5,true,1000,0,62.056,40.977,41.95,42.283,4025.099,4034.884,29.461,29.461,2.405,20,20,236,same_worker,27,727249
yjit-on/puma-response-array-10kb/raptor-3r/repeat-1,yjit-on,true,puma-response-array-10kb,puma-response-time-wrk,puma/benchmarks/local/response_time_wrk,https://github.com/puma/puma/blob/main/benchmarks/local/response_time_wrk.rb,raptor-3r,3,raptor,3,,1000,1000,16.104,5.0,1000,1000,16.129,2.0,5,true,1000,0,62.097,40.973,41.952,42.296,4026.582,4027.204,29.727,29.727,2.4,20,20,236,same_worker,27,717612
yjit-on/puma-response-chunk-10kb/raptor-3r/repeat-1,yjit-on,true,puma-response-chunk-10kb,puma-response-time-wrk,puma/benchmarks/local/response_time_wrk,https://github.com/puma/puma/blob/main/benchmarks/local/response_time_wrk.rb,raptor-3r,3,raptor,3,,1000,1000,16.116,5.0,1000,1000,16.147,2.0,5,true,1000,0,62.052,40.972,41.967,42.329,4028.556,4071.979,29.727,29.727,2.4,20,20,236,same_worker,27,716243
yjit-on/puma-response-string-10kb/raptor-3r/repeat-1,yjit-on,true,puma-response-string-10kb,puma-response-time-wrk,puma/benchmarks/local/response_time_wrk,https://github.com/puma/puma/blob/main/benchmarks/local/response_time_wrk.rb,raptor-3r,3,raptor,3,,1000,1000,16.107,5.0,1000,1000,16.122,2.0,5,true,1000,0,62.085,40.977,41.943,42.374,4026.573,4029.452,29.746,29.746,2.31,20,20,237,same_worker,27,717613
yjit-on/puma-response-io-10kb/raptor-3r/repeat-1,yjit-on,true,puma-response-io-10kb,puma-response-time-wrk,puma/benchmarks/local/response_time_wrk,https://github.com/puma/puma/blob/main/benchmarks/local/response_time_wrk.rb,raptor-3r,3,raptor,3,,1000,1000,16.11,5.0,1000,1000,16.124,2.0,5,true,1000,0,62.074,40.982,41.965,42.359,4028.937,4029.17,30.387,30.387,2.325,20,20,237,same_worker,28,745243
yjit-on/puma-response-array-100kb/raptor-3r/repeat-1,yjit-on,true,puma-response-array-100kb,puma-response-time-wrk,puma/benchmarks/local/response_time_wrk,https://github.com/puma/puma/blob/main/benchmarks/local/response_time_wrk.rb,raptor-3r,3,raptor,3,,1000,1000,15.269,5.0,1000,1000,14.239,2.0,5,true,1000,0,65.492,40.968,41.969,42.166,3783.254,3831.275,30.477,30.477,2.4,20,20,225,same_worker,28,718566
yjit-on/puma-response-chunk-100kb/raptor-3r/repeat-1,yjit-on,true,puma-response-chunk-100kb,puma-response-time-wrk,puma/benchmarks/local/response_time_wrk,https://github.com/puma/puma/blob/main/benchmarks/local/response_time_wrk.rb,raptor-3r,3,raptor,3,,1000,1000,15.275,5.0,1000,1000,14.593,2.0,5,true,1000,0,65.466,40.968,41.971,42.271,3949.72,3995.31,30.5,30.5,2.48,20,20,226,same_worker,28,716249
yjit-on/puma-response-string-100kb/raptor-3r/repeat-1,yjit-on,true,puma-response-string-100kb,puma-response-time-wrk,puma/benchmarks/local/response_time_wrk,https://github.com/puma/puma/blob/main/benchmarks/local/response_time_wrk.rb,raptor-3r,3,raptor,3,,14139,1000,5.001,5.0,1000,5718,2.001,2.0,5,true,14139,0,2827.022,0.966,1.73,7.108,101.035,110.631,30.871,30.871,3.56,20,20,73,same_worker,435,10167441
yjit-on/puma-response-io-100kb/raptor-3r/repeat-1,yjit-on,true,puma-response-io-100kb,puma-response-time-wrk,puma/benchmarks/local/response_time_wrk,https://github.com/puma/puma/blob/main/benchmarks/local/response_time_wrk.rb,raptor-3r,3,raptor,3,,1000,1000,15.228,5.0,1000,1000,15.185,2.0,5,true,1000,0,65.669,40.972,41.988,42.947,3791.477,3797.04,34.207,34.207,4.1,20,20,224,same_worker,44,925243
yjit-on/puma-response-array-256kb/raptor-3r/repeat-1,yjit-on,true,puma-response-array-256kb,puma-response-time-wrk,puma/benchmarks/local/response_time_wrk,https://github.com/puma/puma/blob/main/benchmarks/local/response_time_wrk.rb,raptor-3r,3,raptor,3,,1000,1000,12.235,5.0,1000,1000,7.715,2.0,5,true,1000,0,81.732,40.969,42.185,43.036,3108.184,3231.267,34.207,34.207,4.25,20,20,181,same_worker,34,719237
yjit-on/puma-response-chunk-256kb/raptor-3r/repeat-1,yjit-on,true,puma-response-chunk-256kb,puma-response-time-wrk,puma/benchmarks/local/response_time_wrk,https://github.com/puma/puma/blob/main/benchmarks/local/response_time_wrk.rb,raptor-3r,3,raptor,3,,1000,1000,10.205,5.0,1000,1000,11.242,2.0,5,true,1000,0,97.988,40.964,42.194,44.255,2886.786,3040.433,34.215,34.215,4.305,20,20,152,same_worker,34,714941
yjit-on/puma-response-string-256kb/raptor-3r/repeat-1,yjit-on,true,puma-response-string-256kb,puma-response-time-wrk,puma/benchmarks/local/response_time_wrk,https://github.com/puma/puma/blob/main/benchmarks/local/response_time_wrk.rb,raptor-3r,3,raptor,3,,9603,1000,5.003,5.0,1000,4070,2.002,2.0,5,true,9603,0,1919.624,1.24,2.579,42.046,144.262,345.578,34.672,34.672,5.005,20,20,73,same_worker,353,6905350
yjit-on/puma-response-io-256kb/raptor-3r/repeat-1,yjit-on,true,puma-response-io-256kb,puma-response-time-wrk,puma/benchmarks/local/response_time_wrk,https://github.com/puma/puma/blob/main/benchmarks/local/response_time_wrk.rb,raptor-3r,3,raptor,3,,1000,1000,10.3,5.0,1000,1000,12.467,2.0,5,true,1000,0,97.083,41.69,42.943,44.442,2261.809,2836.312,41.301,40.422,5.485,20,20,152,same_worker,74,1237249
yjit-on/puma-response-array-512kb/raptor-3r/repeat-1,yjit-on,true,puma-response-array-512kb,puma-response-time-wrk,puma/benchmarks/local/response_time_wrk,https://github.com/puma/puma/blob/main/benchmarks/local/response_time_wrk.rb,raptor-3r,3,raptor,3,,1000,1000,11.714,5.0,1000,1000,11.498,2.0,5,true,1000,0,85.37,41.903,42.945,44.288,2886.904,2971.834,40.422,40.422,5.685,20,20,172,same_worker,40,719249
yjit-on/puma-response-chunk-512kb/raptor-3r/repeat-1,yjit-on,true,puma-response-chunk-512kb,puma-response-time-wrk,puma/benchmarks/local/response_time_wrk,https://github.com/puma/puma/blob/main/benchmarks/local/response_time_wrk.rb,raptor-3r,3,raptor,3,,1000,1000,13.114,5.0,1000,1000,12.642,2.0,5,true,1000,0,76.252,41.931,42.954,44.116,3100.451,3314.876,40.422,40.422,5.825,20,20,195,same_worker,40,716249
yjit-on/puma-response-string-512kb/raptor-3r/repeat-1,yjit-on,true,puma-response-string-512kb,puma-response-time-wrk,puma/benchmarks/local/response_time_wrk,https://github.com/puma/puma/blob/main/benchmarks/local/response_time_wrk.rb,raptor-3r,3,raptor,3,,7433,1000,5.121,5.0,1000,3013,2.003,2.0,5,true,7433,0,1451.565,1.59,3.273,28.156,205.139,248.125,41.027,41.027,6.31,20,20,73,same_worker,235,5343021
yjit-on/puma-response-io-512kb/raptor-3r/repeat-1,yjit-on,true,puma-response-io-512kb,puma-response-time-wrk,puma/benchmarks/local/response_time_wrk,https://github.com/puma/puma/blob/main/benchmarks/local/response_time_wrk.rb,raptor-3r,3,raptor,3,,1000,1000,13.923,5.0,1000,1000,14.353,2.0,5,true,1000,0,71.824,41.963,43.29,48.54,3491.256,3536.281,47.082,47.082,6.755,20,20,204,same_worker,74,1749243
yjit-on/puma-response-array-1024kb/raptor-3r/repeat-1,yjit-on,true,puma-response-array-1024kb,puma-response-time-wrk,puma/benchmarks/local/response_time_wrk,https://github.com/puma/puma/blob/main/benchmarks/local/response_time_wrk.rb,raptor-3r,3,raptor,3,,1000,1000,14.809,5.0,1000,1000,15.34,2.0,5,true,1000,0,67.527,41.976,43.936,45.932,3672.153,3691.225,47.082,47.082,6.965,20,20,218,same_worker,27,719237
yjit-on/puma-response-chunk-1024kb/raptor-3r/repeat-1,yjit-on,true,puma-response-chunk-1024kb,puma-response-time-wrk,puma/benchmarks/local/response_time_wrk,https://github.com/puma/puma/blob/main/benchmarks/local/response_time_wrk.rb,raptor-3r,3,raptor,3,,1000,1000,13.807,5.0,1000,1000,14.29,2.0,5,true,1000,0,72.426,41.985,43.956,46.372,3457.508,3629.381,47.082,47.082,7.245,20,20,202,same_worker,28,716243
yjit-on/puma-response-string-1024kb/raptor-3r/repeat-1,yjit-on,true,puma-response-string-1024kb,puma-response-time-wrk,puma/benchmarks/local/response_time_wrk,https://github.com/puma/puma/blob/main/benchmarks/local/response_time_wrk.rb,raptor-3r,3,raptor,3,,5110,1000,5.006,5.0,1000,2074,2.004,2.0,5,true,5110,0,1020.833,2.461,5.105,27.155,283.63,306.578,49.633,49.633,7.61,20,20,69,same_worker,144,3674136
yjit-on/puma-response-io-1024kb/raptor-3r/repeat-1,yjit-on,true,puma-response-io-1024kb,puma-response-time-wrk,puma/benchmarks/local/response_time_wrk,https://github.com/puma/puma/blob/main/benchmarks/local/response_time_wrk.rb,raptor-3r,3,raptor,3,,1000,1000,15.355,5.0,1000,1000,15.893,2.0,5,true,1000,0,65.125,42.98,45.552,50.669,3844.91,3918.462,55.914,52.836,8.15,20,20,227,same_worker,141,2773243
yjit-on/puma-response-array-2048kb/raptor-3r/repeat-1,yjit-on,true,puma-response-array-2048kb,puma-response-time-wrk,puma/benchmarks/local/response_time_wrk,https://github.com/puma/puma/blob/main/benchmarks/local/response_time_wrk.rb,raptor-3r,3,raptor,3,,1000,1000,15.513,5.0,1000,1000,15.639,2.0,5,true,1000,0,64.461,43.384,46.111,48.996,3847.889,3931.791,52.836,52.836,8.69,20,20,229,same_worker,29,719243
yjit-on/puma-response-chunk-2048kb/raptor-3r/repeat-1,yjit-on,true,puma-response-chunk-2048kb,puma-response-time-wrk,puma/benchmarks/local/response_time_wrk,https://github.com/puma/puma/blob/main/benchmarks/local/response_time_wrk.rb,raptor-3r,3,raptor,3,,1000,1000,15.193,5.0,1000,1000,15.681,2.0,5,true,1000,0,65.818,43.928,46.429,48.779,3842.104,3993.026,52.836,52.836,9.21,20,20,225,same_worker,29,716237
yjit-on/puma-response-string-2048kb/raptor-3r/repeat-1,yjit-on,true,puma-response-string-2048kb,puma-response-time-wrk,puma/benchmarks/local/response_time_wrk,https://github.com/puma/puma/blob/main/benchmarks/local/response_time_wrk.rb,raptor-3r,3,raptor,3,,3696,1000,5.006,5.0,1000,1526,2.006,2.0,5,true,3696,0,738.294,3.748,7.065,24.715,403.874,413.333,58.848,58.848,9.555,20,20,68,same_worker,112,2658816
yjit-on/puma-response-io-2048kb/raptor-3r/repeat-1,yjit-on,true,puma-response-io-2048kb,puma-response-time-wrk,puma/benchmarks/local/response_time_wrk,https://github.com/puma/puma/blob/main/benchmarks/local/response_time_wrk.rb,raptor-3r,3,raptor,3,,1000,1000,16.484,5.0,1000,1000,17.071,2.0,5,true,1000,0,60.664,44.988,49.385,63.347,4140.892,4193.965,87.934,87.934,10.435,20,20,243,same_worker,104,4819759
yjit-on/puma-long-tail-fib-200ms-x6p0/raptor-3r/repeat-1,yjit-on,true,puma-long-tail-fib-200ms-x6p0,puma-long-tail-hey,puma/benchmarks/local/long_tail_hey + test/rackup/sleep_fibonacci,https://github.com/puma/puma/blob/main/benchmarks/local/long_tail_hey.rb,raptor-3r,3,raptor,3,,363,360,29.002,5.0,360,360,28.777,2.0,18,true,363,0,12.516,241.762,243.04,19609.206,24405.41,24408.136,83.234,83.234,20.14,20,20,423,same_worker,1,64469
yjit-on/puma-long-tail-fib-200ms-x4p0/raptor-3r/repeat-1,yjit-on,true,puma-long-tail-fib-200ms-x4p0,puma-long-tail-hey,puma/benchmarks/local/long_tail_hey + test/rackup/sleep_fibonacci,https://github.com/puma/puma/blob/main/benchmarks/local/long_tail_hey.rb,raptor-3r,3,raptor,3,,243,240,19.418,5.0,240,240,19.166,2.0,12,true,243,0,12.514,241.776,242.811,12799.829,14818.237,14820.523,83.254,83.254,28.665,20,20,284,same_worker,0,41110
yjit-on/puma-long-tail-fib-200ms-x3p0/raptor-3r/repeat-1,yjit-on,true,puma-long-tail-fib-200ms-x3p0,puma-long-tail-hey,puma/benchmarks/local/long_tail_hey + test/rackup/sleep_fibonacci,https://github.com/puma/puma/blob/main/benchmarks/local/long_tail_hey.rb,raptor-3r,3,raptor,3,,183,180,14.623,5.0,180,180,14.37,2.0,9,true,183,0,12.515,241.833,242.561,10023.006,10025.664,10025.932,83.285,83.285,34.275,20,20,213,same_worker,1,33321
yjit-on/puma-long-tail-fib-200ms-x2p0/raptor-3r/repeat-1,yjit-on,true,puma-long-tail-fib-200ms-x2p0,puma-long-tail-hey,puma/benchmarks/local/long_tail_hey + test/rackup/sleep_fibonacci,https://github.com/puma/puma/blob/main/benchmarks/local/long_tail_hey.rb,raptor-3r,3,raptor,3,,123,120,9.832,5.0,120,120,9.577,2.0,6,true,123,0,12.511,241.68,242.964,5232.898,5234.52,5234.716,83.289,83.289,37.92,20,20,144,same_worker,1,23593
yjit-on/puma-long-tail-fib-200ms-x1p5/raptor-3r/repeat-1,yjit-on,true,puma-long-tail-fib-200ms-x1p5,puma-long-tail-hey,puma/benchmarks/local/long_tail_hey + test/rackup/sleep_fibonacci,https://github.com/puma/puma/blob/main/benchmarks/local/long_tail_hey.rb,raptor-3r,3,raptor,3,,103,100,9.825,5.0,100,100,9.586,2.0,5,true,103,0,10.483,241.496,242.431,5132.965,5233.056,5233.088,83.289,83.289,40.615,20,20,146,same_worker,0,19121
yjit-on/puma-long-tail-fib-200ms-x1p0/raptor-3r/repeat-1,yjit-on,true,puma-long-tail-fib-200ms-x1p0,puma-long-tail-hey,puma/benchmarks/local/long_tail_hey + test/rackup/sleep_fibonacci,https://github.com/puma/puma/blob/main/benchmarks/local/long_tail_hey.rb,raptor-3r,3,raptor,3,,63,60,5.037,5.0,60,60,4.798,2.0,3,true,63,0,12.507,241.775,242.258,242.427,242.542,242.555,83.293,83.293,42.26,20,20,75,same_worker,1,13897
yjit-on/puma-long-tail-fib-200ms-x0p5/raptor-3r/repeat-1,yjit-on,true,puma-long-tail-fib-200ms-x0p5,puma-long-tail-hey,puma/benchmarks/local/long_tail_hey + test/rackup/sleep_fibonacci,https://github.com/puma/puma/blob/main/benchmarks/local/long_tail_hey.rb,raptor-3r,3,raptor,3,,42,40,5.031,5.0,40,40,4.792,2.0,2,true,42,0,8.348,241.244,242.188,242.291,242.295,242.295,83.297,83.297,43.255,20,20,75,same_worker,0,5936
yjit-on/puma-sleep-fibonacci-1ms/raptor-3r/repeat-1,yjit-on,true,puma-sleep-fibonacci-1ms,puma-sleep-fibonacci-test,puma/benchmarks/local/sleep_fibonacci_test + test/rackup/sleep_fibonacci,https://github.com/puma/puma/blob/main/benchmarks/local/sleep_fibonacci_test.rb,raptor-3r,3,raptor,3,,122,10,5.01,5.0,10,49,2.019,2.0,1,true,122,0,24.352,41.977,42.534,42.997,43.073,43.083,83.328,83.328,43.245,20,20,75,same_worker,1,25581
yjit-on/puma-sleep-fibonacci-5ms/raptor-3r/repeat-1,yjit-on,true,puma-sleep-fibonacci-5ms,puma-sleep-fibonacci-test,puma/benchmarks/local/sleep_fibonacci_test + test/rackup/sleep_fibonacci,https://github.com/puma/puma/blob/main/benchmarks/local/sleep_fibonacci_test.rb,raptor-3r,3,raptor,3,,114,10,5.017,5.0,10,46,2.03,2.0,1,true,114,0,22.723,44.982,45.95,46.009,46.011,46.011,83.34,83.34,42.965,20,20,76,same_worker,0,20265
yjit-on/puma-sleep-fibonacci-10ms/raptor-3r/repeat-1,yjit-on,true,puma-sleep-fibonacci-10ms,puma-sleep-fibonacci-test,puma/benchmarks/local/sleep_fibonacci_test + test/rackup/sleep_fibonacci,https://github.com/puma/puma/blob/main/benchmarks/local/sleep_fibonacci_test.rb,raptor-3r,3,raptor,3,,98,10,5.047,5.0,10,40,2.029,2.0,1,true,98,0,19.417,51.975,52.22,52.975,52.976,52.976,83.469,83.469,42.74,20,20,76,same_worker,1,16078
yjit-on/puma-sleep-fibonacci-50ms/raptor-3r/repeat-1,yjit-on,true,puma-sleep-fibonacci-50ms,puma-sleep-fibonacci-test,puma/benchmarks/local/sleep_fibonacci_test + test/rackup/sleep_fibonacci,https://github.com/puma/puma/blob/main/benchmarks/local/sleep_fibonacci_test.rb,raptor-3r,3,raptor,3,,56,10,5.068,5.0,10,23,2.058,2.0,1,true,56,0,11.05,90.977,91.997,92.448,92.912,92.963,83.516,83.516,42.605,20,20,76,same_worker,0,10048
yjit-on/puma-sleep-fibonacci-100ms/raptor-3r/repeat-1,yjit-on,true,puma-sleep-fibonacci-100ms,puma-sleep-fibonacci-test,puma/benchmarks/local/sleep_fibonacci_test + test/rackup/sleep_fibonacci,https://github.com/puma/puma/blob/main/benchmarks/local/sleep_fibonacci_test.rb,raptor-3r,3,raptor,3,,36,10,5.048,5.0,10,15,2.082,2.0,1,true,36,0,7.131,140.984,141.998,142.661,142.949,142.981,83.527,83.527,42.7,20,20,76,same_worker,0,6528
yjit-on/puma-sleep-fibonacci-200ms/raptor-3r/repeat-1,yjit-on,true,puma-sleep-fibonacci-200ms,puma-sleep-fibonacci-test,puma/benchmarks/local/sleep_fibonacci_test + test/rackup/sleep_fibonacci,https://github.com/puma/puma/blob/main/benchmarks/local/sleep_fibonacci_test.rb,raptor-3r,3,raptor,3,,21,10,5.04,5.0,10,10,2.377,2.0,1,true,21,0,4.167,241.956,242.935,242.949,242.953,242.953,83.535,83.535,42.79,20,20,76,same_worker,0,3888
yjit-on/puma-response-array-1kb/raptor-3r/repeat-2,yjit-on,true,puma-response-array-1kb,puma-response-time-wrk,puma/benchmarks/local/response_time_wrk,https://github.com/puma/puma/blob/main/benchmarks/local/response_time_wrk.rb,raptor-3r,3,raptor,3,,1000,1000,16.102,5.0,1000,1000,16.168,2.0,5,true,1000,0,62.104,40.983,41.97,42.822,4025.77,4034.113,28.918,28.918,3.005,20,20,239,same_worker,26,719279
yjit-on/puma-response-chunk-1kb/raptor-3r/repeat-2,yjit-on,true,puma-response-chunk-1kb,puma-response-time-wrk,puma/benchmarks/local/response_time_wrk,https://github.com/puma/puma/blob/main/benchmarks/local/response_time_wrk.rb,raptor-3r,3,raptor,3,,1000,1000,16.105,5.0,1000,1000,16.135,2.0,5,true,1000,0,62.092,40.982,41.929,42.284,4031.736,4033.044,29.09,29.09,2.39,20,20,238,same_worker,27,716250
yjit-on/puma-response-string-1kb/raptor-3r/repeat-2,yjit-on,true,puma-response-string-1kb,puma-response-time-wrk,puma/benchmarks/local/response_time_wrk,https://github.com/puma/puma/blob/main/benchmarks/local/response_time_wrk.rb,raptor-3r,3,raptor,3,,1000,1000,16.113,5.0,1000,1000,16.124,2.0,5,true,1000,0,62.061,40.979,41.97,42.265,4025.887,4028.487,29.398,29.398,2.2,20,20,238,same_worker,28,719244
yjit-on/puma-response-io-1kb/raptor-3r/repeat-2,yjit-on,true,puma-response-io-1kb,puma-response-time-wrk,puma/benchmarks/local/response_time_wrk,https://github.com/puma/puma/blob/main/benchmarks/local/response_time_wrk.rb,raptor-3r,3,raptor,3,,1000,1000,16.103,5.0,1000,1000,16.125,2.0,5,true,1000,0,62.102,40.982,41.956,42.233,4029.958,4030.213,29.516,29.516,2.2,20,20,238,same_worker,29,727255
yjit-on/puma-response-array-10kb/raptor-3r/repeat-2,yjit-on,true,puma-response-array-10kb,puma-response-time-wrk,puma/benchmarks/local/response_time_wrk,https://github.com/puma/puma/blob/main/benchmarks/local/response_time_wrk.rb,raptor-3r,3,raptor,3,,1000,1000,16.108,5.0,1000,1000,16.131,2.0,5,true,1000,0,62.081,40.98,41.938,42.497,4029.373,4030.224,29.598,29.598,2.11,20,20,239,same_worker,29,720156
yjit-on/puma-response-chunk-10kb/raptor-3r/repeat-2,yjit-on,true,puma-response-chunk-10kb,puma-response-time-wrk,puma/benchmarks/local/response_time_wrk,https://github.com/puma/puma/blob/main/benchmarks/local/response_time_wrk.rb,raptor-3r,3,raptor,3,,1000,1000,16.105,5.0,1000,1000,16.131,2.0,5,true,1000,0,62.092,40.98,41.962,42.322,4027.909,4028.908,29.598,29.598,2.1,20,20,239,same_worker,28,716243
yjit-on/puma-response-string-10kb/raptor-3r/repeat-2,yjit-on,true,puma-response-string-10kb,puma-response-time-wrk,puma/benchmarks/local/response_time_wrk,https://github.com/puma/puma/blob/main/benchmarks/local/response_time_wrk.rb,raptor-3r,3,raptor,3,,1000,1000,16.116,5.0,1000,1000,16.137,2.0,5,true,1000,0,62.05,40.984,41.983,42.41,4028.923,4031.147,29.613,29.613,2.1,20,20,240,same_worker,30,719252
yjit-on/puma-response-io-10kb/raptor-3r/repeat-2,yjit-on,true,puma-response-io-10kb,puma-response-time-wrk,puma/benchmarks/local/response_time_wrk,https://github.com/puma/puma/blob/main/benchmarks/local/response_time_wrk.rb,raptor-3r,3,raptor,3,,1000,1000,16.123,5.0,1000,1000,16.132,2.0,5,true,1000,0,62.024,40.979,41.965,42.463,4030.123,4031.408,29.922,29.922,2.1,20,20,237,same_worker,30,744861
yjit-on/puma-response-array-100kb/raptor-3r/repeat-2,yjit-on,true,puma-response-array-100kb,puma-response-time-wrk,puma/benchmarks/local/response_time_wrk,https://github.com/puma/puma/blob/main/benchmarks/local/response_time_wrk.rb,raptor-3r,3,raptor,3,,1000,1000,14.944,5.0,1000,1000,14.558,2.0,5,true,1000,0,66.915,40.97,41.957,42.089,3905.906,3910.635,29.984,29.984,2.17,20,20,221,same_worker,29,719237
yjit-on/puma-response-chunk-100kb/raptor-3r/repeat-2,yjit-on,true,puma-response-chunk-100kb,puma-response-time-wrk,puma/benchmarks/local/response_time_wrk,https://github.com/puma/puma/blob/main/benchmarks/local/response_time_wrk.rb,raptor-3r,3,raptor,3,,1000,1000,15.309,5.0,1000,1000,14.516,2.0,5,true,1000,0,65.323,40.974,41.965,42.157,3828.137,3863.151,29.992,29.992,2.25,20,20,228,same_worker,30,715852
yjit-on/puma-response-string-100kb/raptor-3r/repeat-2,yjit-on,true,puma-response-string-100kb,puma-response-time-wrk,puma/benchmarks/local/response_time_wrk,https://github.com/puma/puma/blob/main/benchmarks/local/response_time_wrk.rb,raptor-3r,3,raptor,3,,13774,1000,5.002,5.0,1000,5668,2.001,2.0,5,true,13774,0,2753.867,0.986,1.83,6.14,107.381,117.689,30.492,30.492,3.35,20,20,73,same_worker,460,9905260
yjit-on/puma-response-io-100kb/raptor-3r/repeat-2,yjit-on,true,puma-response-io-100kb,puma-response-time-wrk,puma/benchmarks/local/response_time_wrk,https://github.com/puma/puma/blob/main/benchmarks/local/response_time_wrk.rb,raptor-3r,3,raptor,3,,1000,1000,14.523,5.0,1000,1000,13.933,2.0,5,true,1000,0,68.855,40.97,41.988,42.964,3520.973,3592.115,33.852,33.852,4.0,20,20,213,same_worker,48,924128
yjit-on/puma-response-array-256kb/raptor-3r/repeat-2,yjit-on,true,puma-response-array-256kb,puma-response-time-wrk,puma/benchmarks/local/response_time_wrk,https://github.com/puma/puma/blob/main/benchmarks/local/response_time_wrk.rb,raptor-3r,3,raptor,3,,1000,1000,11.62,5.0,1000,1000,9.352,2.0,5,true,1000,0,86.058,40.97,42.005,42.793,3153.747,3479.287,33.852,33.852,4.1,20,20,173,same_worker,36,719705
yjit-on/puma-response-chunk-256kb/raptor-3r/repeat-2,yjit-on,true,puma-response-chunk-256kb,puma-response-time-wrk,puma/benchmarks/local/response_time_wrk,https://github.com/puma/puma/blob/main/benchmarks/local/response_time_wrk.rb,raptor-3r,3,raptor,3,,1000,1000,10.643,5.0,1000,1000,9.864,2.0,5,true,1000,0,93.958,40.972,41.982,42.903,2914.858,3510.361,33.852,33.852,4.19,20,20,159,same_worker,37,715433
yjit-on/puma-response-string-256kb/raptor-3r/repeat-2,yjit-on,true,puma-response-string-256kb,puma-response-time-wrk,puma/benchmarks/local/response_time_wrk,https://github.com/puma/puma/blob/main/benchmarks/local/response_time_wrk.rb,raptor-3r,3,raptor,3,,10213,1000,5.002,5.0,1000,4151,2.002,2.0,5,true,10213,0,2041.724,1.243,2.562,23.651,146.522,169.903,34.445,34.445,4.89,20,20,72,same_worker,420,7343229
yjit-on/puma-response-io-256kb/raptor-3r/repeat-2,yjit-on,true,puma-response-io-256kb,puma-response-time-wrk,puma/benchmarks/local/response_time_wrk,https://github.com/puma/puma/blob/main/benchmarks/local/response_time_wrk.rb,raptor-3r,3,raptor,3,,1000,1000,12.113,5.0,1000,1000,11.411,2.0,5,true,1000,0,82.558,41.015,42.222,43.129,2702.951,3584.03,41.234,41.234,5.395,20,20,180,same_worker,53,1237243
yjit-on/puma-response-array-512kb/raptor-3r/repeat-2,yjit-on,true,puma-response-array-512kb,puma-response-time-wrk,puma/benchmarks/local/response_time_wrk,https://github.com/puma/puma/blob/main/benchmarks/local/response_time_wrk.rb,raptor-3r,3,raptor,3,,1000,1000,12.787,5.0,1000,1000,13.432,2.0,5,true,1000,0,78.204,41.916,42.925,44.796,3172.268,3334.873,41.234,41.234,5.5,20,20,188,same_worker,28,719249
yjit-on/puma-response-chunk-512kb/raptor-3r/repeat-2,yjit-on,true,puma-response-chunk-512kb,puma-response-time-wrk,puma/benchmarks/local/response_time_wrk,https://github.com/puma/puma/blob/main/benchmarks/local/response_time_wrk.rb,raptor-3r,3,raptor,3,,1000,1000,12.747,5.0,1000,1000,10.772,2.0,5,true,1000,0,78.451,41.94,42.946,44.431,3460.834,3549.299,41.246,41.246,5.66,20,20,190,same_worker,28,716249
yjit-on/puma-response-string-512kb/raptor-3r/repeat-2,yjit-on,true,puma-response-string-512kb,puma-response-time-wrk,puma/benchmarks/local/response_time_wrk,https://github.com/puma/puma/blob/main/benchmarks/local/response_time_wrk.rb,raptor-3r,3,raptor,3,,7708,1000,5.004,5.0,1000,2984,2.03,2.0,5,true,7708,0,1540.466,1.609,3.284,32.376,187.133,219.134,41.246,41.246,6.135,20,20,71,same_worker,228,5541629
yjit-on/puma-response-io-512kb/raptor-3r/repeat-2,yjit-on,true,puma-response-io-512kb,puma-response-time-wrk,puma/benchmarks/local/response_time_wrk,https://github.com/puma/puma/blob/main/benchmarks/local/response_time_wrk.rb,raptor-3r,3,raptor,3,,1000,1000,14.133,5.0,1000,1000,14.187,2.0,5,true,1000,0,70.756,41.976,43.359,46.397,3479.876,3503.754,45.488,45.488,6.565,20,20,209,same_worker,87,1749243
yjit-on/puma-response-array-1024kb/raptor-3r/repeat-2,yjit-on,true,puma-response-array-1024kb,puma-response-time-wrk,puma/benchmarks/local/response_time_wrk,https://github.com/puma/puma/blob/main/benchmarks/local/response_time_wrk.rb,raptor-3r,3,raptor,3,,1000,1000,14.223,5.0,1000,1000,15.066,2.0,5,true,1000,0,70.309,41.98,43.795,48.421,3580.714,3586.8,45.488,45.488,6.8,20,20,210,same_worker,31,717900
yjit-on/puma-response-chunk-1024kb/raptor-3r/repeat-2,yjit-on,true,puma-response-chunk-1024kb,puma-response-time-wrk,puma/benchmarks/local/response_time_wrk,https://github.com/puma/puma/blob/main/benchmarks/local/response_time_wrk.rb,raptor-3r,3,raptor,3,,1000,1000,14.852,5.0,1000,1000,15.561,2.0,5,true,1000,0,67.332,41.98,43.921,47.153,3665.086,3819.388,45.488,45.488,7.035,20,20,220,same_worker,32,716249
yjit-on/puma-response-string-1024kb/raptor-3r/repeat-2,yjit-on,true,puma-response-string-1024kb,puma-response-time-wrk,puma/benchmarks/local/response_time_wrk,https://github.com/puma/puma/blob/main/benchmarks/local/response_time_wrk.rb,raptor-3r,3,raptor,3,,5441,1000,5.003,5.0,1000,2211,2.017,2.0,5,true,5441,0,1087.472,2.344,4.918,22.251,266.424,291.999,47.445,47.445,7.38,20,20,69,same_worker,179,3913789
yjit-on/puma-response-io-1024kb/raptor-3r/repeat-2,yjit-on,true,puma-response-io-1024kb,puma-response-time-wrk,puma/benchmarks/local/response_time_wrk,https://github.com/puma/puma/blob/main/benchmarks/local/response_time_wrk.rb,raptor-3r,3,raptor,3,,1000,1000,15.87,5.0,1000,1000,15.744,2.0,5,true,1000,0,63.011,42.986,45.866,48.03,3884.357,3966.331,54.391,54.391,7.93,20,20,233,same_worker,132,2773249
yjit-on/puma-response-array-2048kb/raptor-3r/repeat-2,yjit-on,true,puma-response-array-2048kb,puma-response-time-wrk,puma/benchmarks/local/response_time_wrk,https://github.com/puma/puma/blob/main/benchmarks/local/response_time_wrk.rb,raptor-3r,3,raptor,3,,1000,1000,15.062,5.0,1000,1000,15.544,2.0,5,true,1000,0,66.394,43.087,46.291,49.223,3717.83,3778.41,54.391,54.391,8.52,20,20,222,same_worker,28,717701
yjit-on/puma-response-chunk-2048kb/raptor-3r/repeat-2,yjit-on,true,puma-response-chunk-2048kb,puma-response-time-wrk,puma/benchmarks/local/response_time_wrk,https://github.com/puma/puma/blob/main/benchmarks/local/response_time_wrk.rb,raptor-3r,3,raptor,3,,1000,1000,15.3,5.0,1000,1000,15.545,2.0,5,true,1000,0,65.361,43.936,47.0,49.355,3648.07,3878.906,54.391,54.391,9.115,20,20,225,same_worker,28,716243
yjit-on/puma-response-string-2048kb/raptor-3r/repeat-2,yjit-on,true,puma-response-string-2048kb,puma-response-time-wrk,puma/benchmarks/local/response_time_wrk,https://github.com/puma/puma/blob/main/benchmarks/local/response_time_wrk.rb,raptor-3r,3,raptor,3,,3684,1000,5.005,5.0,1000,1452,2.007,2.0,5,true,3684,0,736.005,3.699,7.111,13.522,408.834,425.673,60.402,60.402,9.47,20,20,68,same_worker,107,2650333
yjit-on/puma-response-io-2048kb/raptor-3r/repeat-2,yjit-on,true,puma-response-io-2048kb,puma-response-time-wrk,puma/benchmarks/local/response_time_wrk,https://github.com/puma/puma/blob/main/benchmarks/local/response_time_wrk.rb,raptor-3r,3,raptor,3,,1000,1000,16.858,5.0,1000,1000,17.443,2.0,5,true,1000,0,59.32,45.485,49.378,57.062,4275.818,4282.899,68.297,67.68,10.4,20,20,249,same_worker,274,4822343
yjit-on/puma-long-tail-fib-200ms-x6p0/raptor-3r/repeat-2,yjit-on,true,puma-long-tail-fib-200ms-x6p0,puma-long-tail-hey,puma/benchmarks/local/long_tail_hey + test/rackup/sleep_fibonacci,https://github.com/puma/puma/blob/main/benchmarks/local/long_tail_hey.rb,raptor-3r,3,raptor,3,,363,360,28.996,5.0,360,360,28.772,2.0,18,true,363,0,12.519,241.728,242.896,19607.394,24398.616,24398.669,68.156,68.156,20.08,20,20,425,same_worker,2,64095
yjit-on/puma-long-tail-fib-200ms-x4p0/raptor-3r/repeat-2,yjit-on,true,puma-long-tail-fib-200ms-x4p0,puma-long-tail-hey,puma/benchmarks/local/long_tail_hey + test/rackup/sleep_fibonacci,https://github.com/puma/puma/blob/main/benchmarks/local/long_tail_hey.rb,raptor-3r,3,raptor,3,,243,240,19.415,5.0,240,240,19.175,2.0,12,true,243,0,12.516,241.783,243.014,12800.115,14812.969,14813.538,68.188,68.188,28.55,20,20,285,same_worker,1,42853
yjit-on/puma-long-tail-fib-200ms-x3p0/raptor-3r/repeat-2,yjit-on,true,puma-long-tail-fib-200ms-x3p0,puma-long-tail-hey,puma/benchmarks/local/long_tail_hey + test/rackup/sleep_fibonacci,https://github.com/puma/puma/blob/main/benchmarks/local/long_tail_hey.rb,raptor-3r,3,raptor,3,,183,180,14.616,5.0,180,180,14.379,2.0,9,true,183,0,12.521,241.67,242.774,10020.078,10022.531,10022.747,68.191,68.191,34.145,20,20,213,same_worker,1,33122
yjit-on/puma-long-tail-fib-200ms-x2p0/raptor-3r/repeat-2,yjit-on,true,puma-long-tail-fib-200ms-x2p0,puma-long-tail-hey,puma/benchmarks/local/long_tail_hey + test/rackup/sleep_fibonacci,https://github.com/puma/puma/blob/main/benchmarks/local/long_tail_hey.rb,raptor-3r,3,raptor,3,,123,120,9.822,5.0,120,120,9.583,2.0,6,true,123,0,12.523,241.266,243.017,5229.751,5230.24,5230.281,68.191,68.191,37.79,20,20,145,same_worker,0,21753
yjit-on/puma-long-tail-fib-200ms-x1p5/raptor-3r/repeat-2,yjit-on,true,puma-long-tail-fib-200ms-x1p5,puma-long-tail-hey,puma/benchmarks/local/long_tail_hey + test/rackup/sleep_fibonacci,https://github.com/puma/puma/blob/main/benchmarks/local/long_tail_hey.rb,raptor-3r,3,raptor,3,,103,100,9.825,5.0,100,100,9.591,2.0,5,true,103,0,10.484,241.524,242.43,5130.263,5230.126,5230.14,68.195,68.195,40.455,20,20,144,same_worker,1,20296
yjit-on/puma-long-tail-fib-200ms-x1p0/raptor-3r/repeat-2,yjit-on,true,puma-long-tail-fib-200ms-x1p0,puma-long-tail-hey,puma/benchmarks/local/long_tail_hey + test/rackup/sleep_fibonacci,https://github.com/puma/puma/blob/main/benchmarks/local/long_tail_hey.rb,raptor-3r,3,raptor,3,,63,60,5.033,5.0,60,60,4.79,2.0,3,true,63,0,12.517,241.555,242.477,242.783,242.883,242.894,68.195,68.195,42.11,20,20,75,same_worker,0,11525
yjit-on/puma-long-tail-fib-200ms-x0p5/raptor-3r/repeat-2,yjit-on,true,puma-long-tail-fib-200ms-x0p5,puma-long-tail-hey,puma/benchmarks/local/long_tail_hey + test/rackup/sleep_fibonacci,https://github.com/puma/puma/blob/main/benchmarks/local/long_tail_hey.rb,raptor-3r,3,raptor,3,,42,40,5.033,5.0,40,40,4.794,2.0,2,true,42,0,8.345,241.707,242.125,242.236,242.263,242.267,68.195,68.195,43.1,20,20,75,same_worker,0,5936
yjit-on/puma-sleep-fibonacci-1ms/raptor-3r/repeat-2,yjit-on,true,puma-sleep-fibonacci-1ms,puma-sleep-fibonacci-test,puma/benchmarks/local/sleep_fibonacci_test + test/rackup/sleep_fibonacci,https://github.com/puma/puma/blob/main/benchmarks/local/sleep_fibonacci_test.rb,raptor-3r,3,raptor,3,,122,10,5.011,5.0,10,49,2.018,2.0,1,true,122,0,24.347,41.976,42.87,43.004,43.141,43.16,68.258,68.258,43.09,20,20,75,same_worker,1,22691
yjit-on/puma-sleep-fibonacci-5ms/raptor-3r/repeat-2,yjit-on,true,puma-sleep-fibonacci-5ms,puma-sleep-fibonacci-test,puma/benchmarks/local/sleep_fibonacci_test + test/rackup/sleep_fibonacci,https://github.com/puma/puma/blob/main/benchmarks/local/sleep_fibonacci_test.rb,raptor-3r,3,raptor,3,,114,10,5.017,5.0,10,46,2.03,2.0,1,true,114,0,22.723,44.964,45.874,46.012,46.017,46.018,68.258,68.258,42.81,20,20,75,same_worker,0,19645
yjit-on/puma-sleep-fibonacci-10ms/raptor-3r/repeat-2,yjit-on,true,puma-sleep-fibonacci-10ms,puma-sleep-fibonacci-test,puma/benchmarks/local/sleep_fibonacci_test + test/rackup/sleep_fibonacci,https://github.com/puma/puma/blob/main/benchmarks/local/sleep_fibonacci_test.rb,raptor-3r,3,raptor,3,,97,10,5.008,5.0,10,40,2.04,2.0,1,true,97,0,19.37,51.967,52.172,52.969,52.991,52.994,68.34,68.34,42.57,20,20,75,same_worker,0,17264
yjit-on/puma-sleep-fibonacci-50ms/raptor-3r/repeat-2,yjit-on,true,puma-sleep-fibonacci-50ms,puma-sleep-fibonacci-test,puma/benchmarks/local/sleep_fibonacci_test + test/rackup/sleep_fibonacci,https://github.com/puma/puma/blob/main/benchmarks/local/sleep_fibonacci_test.rb,raptor-3r,3,raptor,3,,56,10,5.082,5.0,10,23,2.064,2.0,1,true,56,0,11.02,90.999,92.254,92.966,92.97,92.971,68.391,68.391,42.5,20,20,76,same_worker,1,10078
yjit-on/puma-sleep-fibonacci-100ms/raptor-3r/repeat-2,yjit-on,true,puma-sleep-fibonacci-100ms,puma-sleep-fibonacci-test,puma/benchmarks/local/sleep_fibonacci_test + test/rackup/sleep_fibonacci,https://github.com/puma/puma/blob/main/benchmarks/local/sleep_fibonacci_test.rb,raptor-3r,3,raptor,3,,36,10,5.053,5.0,10,15,2.081,2.0,1,true,36,0,7.125,141.105,142.08,142.241,142.3,142.306,68.395,68.395,42.5,20,20,75,same_worker,0,4219
yjit-on/puma-sleep-fibonacci-200ms/raptor-3r/repeat-2,yjit-on,true,puma-sleep-fibonacci-200ms,puma-sleep-fibonacci-test,puma/benchmarks/local/sleep_fibonacci_test + test/rackup/sleep_fibonacci,https://github.com/puma/puma/blob/main/benchmarks/local/sleep_fibonacci_test.rb,raptor-3r,3,raptor,3,,21,10,5.037,5.0,10,10,2.379,2.0,1,true,21,0,4.169,241.934,242.484,242.891,242.983,242.993,68.395,68.395,42.635,20,20,75,same_worker,0,3888
yjit-on/puma-response-array-1kb/raptor-3r/repeat-3,yjit-on,true,puma-response-array-1kb,puma-response-time-wrk,puma/benchmarks/local/response_time_wrk,https://github.com/puma/puma/blob/main/benchmarks/local/response_time_wrk.rb,raptor-3r,3,raptor,3,,1000,1000,16.115,5.0,1000,1000,16.154,2.0,5,true,1000,0,62.056,40.974,41.938,42.249,4027.316,4031.007,28.93,28.93,3.155,20,20,237,same_worker,27,719290
yjit-on/puma-response-chunk-1kb/raptor-3r/repeat-3,yjit-on,true,puma-response-chunk-1kb,puma-response-time-wrk,puma/benchmarks/local/response_time_wrk,https://github.com/puma/puma/blob/main/benchmarks/local/response_time_wrk.rb,raptor-3r,3,raptor,3,,1000,1000,16.102,5.0,1000,1000,16.135,2.0,5,true,1000,0,62.104,40.978,41.779,42.253,4027.31,4027.548,29.27,29.27,2.54,20,20,237,same_worker,27,714884
yjit-on/puma-response-string-1kb/raptor-3r/repeat-3,yjit-on,true,puma-response-string-1kb,puma-response-time-wrk,puma/benchmarks/local/response_time_wrk,https://github.com/puma/puma/blob/main/benchmarks/local/response_time_wrk.rb,raptor-3r,3,raptor,3,,1000,1000,16.105,5.0,1000,1000,16.148,2.0,5,true,1000,0,62.092,40.98,41.964,42.221,4031.627,4035.622,29.363,29.363,2.38,20,20,237,same_worker,27,719243
yjit-on/puma-response-io-1kb/raptor-3r/repeat-3,yjit-on,true,puma-response-io-1kb,puma-response-time-wrk,puma/benchmarks/local/response_time_wrk,https://github.com/puma/puma/blob/main/benchmarks/local/response_time_wrk.rb,raptor-3r,3,raptor,3,,1000,1000,16.103,5.0,1000,1000,16.137,2.0,5,true,1000,0,62.101,40.978,41.868,42.295,4022.53,4026.139,29.559,29.559,2.3,20,20,237,same_worker,27,727247
yjit-on/puma-response-array-10kb/raptor-3r/repeat-3,yjit-on,true,puma-response-array-10kb,puma-response-time-wrk,puma/benchmarks/local/response_time_wrk,https://github.com/puma/puma/blob/main/benchmarks/local/response_time_wrk.rb,raptor-3r,3,raptor,3,,1000,1000,16.104,5.0,1000,1000,16.131,2.0,5,true,1000,0,62.096,40.984,41.968,42.198,4028.496,4031.816,29.602,29.602,2.285,20,20,239,same_worker,28,719248
yjit-on/puma-response-chunk-10kb/raptor-3r/repeat-3,yjit-on,true,puma-response-chunk-10kb,puma-response-time-wrk,puma/benchmarks/local/response_time_wrk,https://github.com/puma/puma/blob/main/benchmarks/local/response_time_wrk.rb,raptor-3r,3,raptor,3,,1000,1000,16.107,5.0,1000,1000,16.184,2.0,5,true,1000,0,62.084,40.983,41.879,42.324,4030.258,4030.529,29.609,29.609,2.2,20,20,237,same_worker,28,715390
yjit-on/puma-response-string-10kb/raptor-3r/repeat-3,yjit-on,true,puma-response-string-10kb,puma-response-time-wrk,puma/benchmarks/local/response_time_wrk,https://github.com/puma/puma/blob/main/benchmarks/local/response_time_wrk.rb,raptor-3r,3,raptor,3,,1000,1000,16.102,5.0,1000,1000,16.137,2.0,5,true,1000,0,62.102,40.979,41.823,42.254,4024.124,4028.691,29.648,29.648,2.2,20,20,237,same_worker,27,719249
yjit-on/puma-response-io-10kb/raptor-3r/repeat-3,yjit-on,true,puma-response-io-10kb,puma-response-time-wrk,puma/benchmarks/local/response_time_wrk,https://github.com/puma/puma/blob/main/benchmarks/local/response_time_wrk.rb,raptor-3r,3,raptor,3,,1000,1000,16.116,5.0,1000,1000,16.139,2.0,5,true,1000,0,62.05,40.982,41.99,42.284,4027.976,4029.655,30.324,30.324,2.2,20,20,239,same_worker,28,744716
yjit-on/puma-response-array-100kb/raptor-3r/repeat-3,yjit-on,true,puma-response-array-100kb,puma-response-time-wrk,puma/benchmarks/local/response_time_wrk,https://github.com/puma/puma/blob/main/benchmarks/local/response_time_wrk.rb,raptor-3r,3,raptor,3,,1000,1000,14.523,5.0,1000,1000,13.881,2.0,5,true,1000,0,68.855,40.963,41.976,42.278,3709.211,3789.046,30.359,30.359,2.285,20,20,213,same_worker,28,719249
yjit-on/puma-response-chunk-100kb/raptor-3r/repeat-3,yjit-on,true,puma-response-chunk-100kb,puma-response-time-wrk,puma/benchmarks/local/response_time_wrk,https://github.com/puma/puma/blob/main/benchmarks/local/response_time_wrk.rb,raptor-3r,3,raptor,3,,1000,1000,14.325,5.0,1000,1000,14.498,2.0,5,true,1000,0,69.81,40.968,41.98,42.466,3470.885,3547.707,30.383,30.383,2.38,20,20,211,same_worker,28,716243
yjit-on/puma-response-string-100kb/raptor-3r/repeat-3,yjit-on,true,puma-response-string-100kb,puma-response-time-wrk,puma/benchmarks/local/response_time_wrk,https://github.com/puma/puma/blob/main/benchmarks/local/response_time_wrk.rb,raptor-3r,3,raptor,3,,13666,1000,5.001,5.0,1000,5499,2.001,2.0,5,true,13666,0,2732.52,0.992,1.881,6.3,109.763,114.404,30.773,30.773,3.485,20,20,73,same_worker,418,9824819
yjit-on/puma-response-io-100kb/raptor-3r/repeat-3,yjit-on,true,puma-response-io-100kb,puma-response-time-wrk,puma/benchmarks/local/response_time_wrk,https://github.com/puma/puma/blob/main/benchmarks/local/response_time_wrk.rb,raptor-3r,3,raptor,3,,1000,1000,14.914,5.0,1000,1000,14.63,2.0,5,true,1000,0,67.052,40.97,41.998,42.965,3676.489,3716.129,34.438,34.438,4.1,20,20,219,same_worker,44,925251
yjit-on/puma-response-array-256kb/raptor-3r/repeat-3,yjit-on,true,puma-response-array-256kb,puma-response-time-wrk,puma/benchmarks/local/response_time_wrk,https://github.com/puma/puma/blob/main/benchmarks/local/response_time_wrk.rb,raptor-3r,3,raptor,3,,1000,1000,7.003,5.0,1000,1000,6.371,2.0,5,true,1000,0,142.794,1.383,42.081,43.15,1797.068,1913.391,34.445,34.445,4.23,20,20,103,same_worker,34,719249
yjit-on/puma-response-chunk-256kb/raptor-3r/repeat-3,yjit-on,true,puma-response-chunk-256kb,puma-response-time-wrk,puma/benchmarks/local/response_time_wrk,https://github.com/puma/puma/blob/main/benchmarks/local/response_time_wrk.rb,raptor-3r,3,raptor,3,,1001,1000,7.705,5.0,1000,1000,7.272,2.0,5,true,1001,0,129.908,2.318,42.258,43.382,2208.558,2340.078,34.445,34.445,4.43,20,20,114,same_worker,34,716055
yjit-on/puma-response-string-256kb/raptor-3r/repeat-3,yjit-on,true,puma-response-string-256kb,puma-response-time-wrk,puma/benchmarks/local/response_time_wrk,https://github.com/puma/puma/blob/main/benchmarks/local/response_time_wrk.rb,raptor-3r,3,raptor,3,,8688,1000,5.002,5.0,1000,3565,2.002,2.0,5,true,8688,0,1736.796,1.434,3.055,38.188,172.085,234.555,34.91,34.91,5.2,20,20,72,same_worker,317,6249307
yjit-on/puma-response-io-256kb/raptor-3r/repeat-3,yjit-on,true,puma-response-io-256kb,puma-response-time-wrk,puma/benchmarks/local/response_time_wrk,https://github.com/puma/puma/blob/main/benchmarks/local/response_time_wrk.rb,raptor-3r,3,raptor,3,,1000,1000,10.833,5.0,1000,1000,10.079,2.0,5,true,1000,0,92.313,41.126,42.867,43.991,2064.307,2600.47,41.758,38.258,5.76,20,20,160,same_worker,73,1237249
yjit-on/puma-response-array-512kb/raptor-3r/repeat-3,yjit-on,true,puma-response-array-512kb,puma-response-time-wrk,puma/benchmarks/local/response_time_wrk,https://github.com/puma/puma/blob/main/benchmarks/local/response_time_wrk.rb,raptor-3r,3,raptor,3,,1000,1000,10.187,5.0,1000,1000,13.35,2.0,5,true,1000,0,98.168,41.776,42.968,44.908,2811.018,2823.714,38.258,38.258,5.875,20,20,151,same_worker,39,718323
yjit-on/puma-response-chunk-512kb/raptor-3r/repeat-3,yjit-on,true,puma-response-chunk-512kb,puma-response-time-wrk,puma/benchmarks/local/response_time_wrk,https://github.com/puma/puma/blob/main/benchmarks/local/response_time_wrk.rb,raptor-3r,3,raptor,3,,1000,1000,12.42,5.0,1000,1000,12.883,2.0,5,true,1000,0,80.512,41.934,42.987,43.932,3056.766,3141.64,38.258,38.258,6.04,20,20,184,same_worker,39,715020
yjit-on/puma-response-string-512kb/raptor-3r/repeat-3,yjit-on,true,puma-response-string-512kb,puma-response-time-wrk,puma/benchmarks/local/response_time_wrk,https://github.com/puma/puma/blob/main/benchmarks/local/response_time_wrk.rb,raptor-3r,3,raptor,3,,7404,1000,5.002,5.0,1000,3130,2.003,2.0,5,true,7404,0,1480.093,1.632,3.44,22.203,202.403,278.064,39.258,39.258,6.55,20,20,71,same_worker,255,5322994
yjit-on/puma-response-io-512kb/raptor-3r/repeat-3,yjit-on,true,puma-response-io-512kb,puma-response-time-wrk,puma/benchmarks/local/response_time_wrk,https://github.com/puma/puma/blob/main/benchmarks/local/response_time_wrk.rb,raptor-3r,3,raptor,3,,1000,1000,14.108,5.0,1000,1000,15.028,2.0,5,true,1000,0,70.882,41.968,43.034,44.596,3270.239,3351.684,48.527,48.527,6.93,20,20,208,same_worker,74,1749243
yjit-on/puma-response-array-1024kb/raptor-3r/repeat-3,yjit-on,true,puma-response-array-1024kb,puma-response-time-wrk,puma/benchmarks/local/response_time_wrk,https://github.com/puma/puma/blob/main/benchmarks/local/response_time_wrk.rb,raptor-3r,3,raptor,3,,1000,1000,14.546,5.0,1000,1000,14.908,2.0,5,true,1000,0,68.749,41.972,43.673,46.507,3681.085,3710.628,48.527,48.527,7.14,20,20,214,same_worker,27,719249
yjit-on/puma-response-chunk-1024kb/raptor-3r/repeat-3,yjit-on,true,puma-response-chunk-1024kb,puma-response-time-wrk,puma/benchmarks/local/response_time_wrk,https://github.com/puma/puma/blob/main/benchmarks/local/response_time_wrk.rb,raptor-3r,3,raptor,3,,1000,1000,14.369,5.0,1000,1000,14.615,2.0,5,true,1000,0,69.592,41.969,43.753,44.994,3694.461,3719.145,48.527,48.527,7.375,20,20,210,same_worker,27,716249
yjit-on/puma-response-string-1024kb/raptor-3r/repeat-3,yjit-on,true,puma-response-string-1024kb,puma-response-time-wrk,puma/benchmarks/local/response_time_wrk,https://github.com/puma/puma/blob/main/benchmarks/local/response_time_wrk.rb,raptor-3r,3,raptor,3,,4953,1000,5.005,5.0,1000,1985,2.004,2.0,5,true,4953,0,989.646,2.559,5.382,23.676,298.566,307.817,50.848,50.848,7.77,20,20,69,same_worker,139,3561298
yjit-on/puma-response-io-1024kb/raptor-3r/repeat-3,yjit-on,true,puma-response-io-1024kb,puma-response-time-wrk,puma/benchmarks/local/response_time_wrk,https://github.com/puma/puma/blob/main/benchmarks/local/response_time_wrk.rb,raptor-3r,3,raptor,3,,1000,1000,14.723,5.0,1000,1000,15.859,2.0,5,true,1000,0,67.923,43.003,45.568,47.015,3601.61,3606.359,54.078,54.078,8.39,20,20,216,same_worker,137,2771785
yjit-on/puma-response-array-2048kb/raptor-3r/repeat-3,yjit-on,true,puma-response-array-2048kb,puma-response-time-wrk,puma/benchmarks/local/response_time_wrk,https://github.com/puma/puma/blob/main/benchmarks/local/response_time_wrk.rb,raptor-3r,3,raptor,3,,1000,1000,14.471,5.0,1000,1000,15.192,2.0,5,true,1000,0,69.106,43.073,46.408,48.687,3351.058,3578.468,52.168,52.168,8.99,20,20,213,same_worker,29,719237
yjit-on/puma-response-chunk-2048kb/raptor-3r/repeat-3,yjit-on,true,puma-response-chunk-2048kb,puma-response-time-wrk,puma/benchmarks/local/response_time_wrk,https://github.com/puma/puma/blob/main/benchmarks/local/response_time_wrk.rb,raptor-3r,3,raptor,3,,1000,1000,14.541,5.0,1000,1000,15.716,2.0,5,true,1000,0,68.772,43.937,46.611,50.68,3589.404,3707.626,52.168,52.168,9.565,20,20,213,same_worker,29,715023
yjit-on/puma-response-string-2048kb/raptor-3r/repeat-3,yjit-on,true,puma-response-string-2048kb,puma-response-time-wrk,puma/benchmarks/local/response_time_wrk,https://github.com/puma/puma/blob/main/benchmarks/local/response_time_wrk.rb,raptor-3r,3,raptor,3,,3594,1000,5.006,5.0,1000,1438,2.006,2.0,5,true,3594,0,717.912,3.917,7.2,13.841,412.966,423.477,58.18,58.18,9.895,20,20,68,same_worker,108,2585986
yjit-on/puma-response-io-2048kb/raptor-3r/repeat-3,yjit-on,true,puma-response-io-2048kb,puma-response-time-wrk,puma/benchmarks/local/response_time_wrk,https://github.com/puma/puma/blob/main/benchmarks/local/response_time_wrk.rb,raptor-3r,3,raptor,3,,1000,1000,16.205,5.0,1000,1000,17.078,2.0,5,true,1000,0,61.711,45.343,49.805,62.878,4157.028,4211.72,84.98,83.027,10.84,20,20,238,same_worker,107,4822185
yjit-on/puma-long-tail-fib-200ms-x6p0/raptor-3r/repeat-3,yjit-on,true,puma-long-tail-fib-200ms-x6p0,puma-long-tail-hey,puma/benchmarks/local/long_tail_hey + test/rackup/sleep_fibonacci,https://github.com/puma/puma/blob/main/benchmarks/local/long_tail_hey.rb,raptor-3r,3,raptor,3,,363,360,29.001,5.0,360,360,28.761,2.0,18,true,363,0,12.517,241.716,242.867,19606.954,24400.432,24400.708,83.5,83.5,20.79,20,20,423,same_worker,2,62732
yjit-on/puma-long-tail-fib-200ms-x4p0/raptor-3r/repeat-3,yjit-on,true,puma-long-tail-fib-200ms-x4p0,puma-long-tail-hey,puma/benchmarks/local/long_tail_hey + test/rackup/sleep_fibonacci,https://github.com/puma/puma/blob/main/benchmarks/local/long_tail_hey.rb,raptor-3r,3,raptor,3,,243,240,19.414,5.0,240,240,19.169,2.0,12,true,243,0,12.517,241.739,242.855,12800.746,14813.921,14813.995,83.551,83.551,29.49,20,20,284,same_worker,1,45225
yjit-on/puma-long-tail-fib-200ms-x3p0/raptor-3r/repeat-3,yjit-on,true,puma-long-tail-fib-200ms-x3p0,puma-long-tail-hey,puma/benchmarks/local/long_tail_hey + test/rackup/sleep_fibonacci,https://github.com/puma/puma/blob/main/benchmarks/local/long_tail_hey.rb,raptor-3r,3,raptor,3,,183,180,14.624,5.0,180,180,14.38,2.0,9,true,183,0,12.514,241.753,242.862,10018.865,10020.613,10020.933,83.555,83.555,35.215,20,20,215,same_worker,0,29935
yjit-on/puma-long-tail-fib-200ms-x2p0/raptor-3r/repeat-3,yjit-on,true,puma-long-tail-fib-200ms-x2p0,puma-long-tail-hey,puma/benchmarks/local/long_tail_hey + test/rackup/sleep_fibonacci,https://github.com/puma/puma/blob/main/benchmarks/local/long_tail_hey.rb,raptor-3r,3,raptor,3,,123,120,9.829,5.0,120,120,9.585,2.0,6,true,123,0,12.514,241.754,242.514,5232.976,5233.062,5233.063,83.586,83.586,38.925,20,20,145,same_worker,0,19705
yjit-on/puma-long-tail-fib-200ms-x1p5/raptor-3r/repeat-3,yjit-on,true,puma-long-tail-fib-200ms-x1p5,puma-long-tail-hey,puma/benchmarks/local/long_tail_hey + test/rackup/sleep_fibonacci,https://github.com/puma/puma/blob/main/benchmarks/local/long_tail_hey.rb,raptor-3r,3,raptor,3,,103,100,9.831,5.0,100,100,9.591,2.0,5,true,103,0,10.477,241.759,242.806,5131.686,5233.296,5233.506,83.586,83.586,41.655,20,20,144,same_worker,0,15543
yjit-on/puma-long-tail-fib-200ms-x1p0/raptor-3r/repeat-3,yjit-on,true,puma-long-tail-fib-200ms-x1p0,puma-long-tail-hey,puma/benchmarks/local/long_tail_hey + test/rackup/sleep_fibonacci,https://github.com/puma/puma/blob/main/benchmarks/local/long_tail_hey.rb,raptor-3r,3,raptor,3,,63,60,5.038,5.0,60,60,4.793,2.0,3,true,63,0,12.505,241.83,242.444,242.587,242.768,242.789,83.598,83.598,43.335,20,20,75,same_worker,0,10128
yjit-on/puma-long-tail-fib-200ms-x0p5/raptor-3r/repeat-3,yjit-on,true,puma-long-tail-fib-200ms-x0p5,puma-long-tail-hey,puma/benchmarks/local/long_tail_hey + test/rackup/sleep_fibonacci,https://github.com/puma/puma/blob/main/benchmarks/local/long_tail_hey.rb,raptor-3r,3,raptor,3,,42,40,5.036,5.0,40,40,4.802,2.0,2,true,42,0,8.34,241.708,242.243,242.288,242.293,242.293,83.602,83.602,44.335,20,20,75,same_worker,0,7168
yjit-on/puma-sleep-fibonacci-1ms/raptor-3r/repeat-3,yjit-on,true,puma-sleep-fibonacci-1ms,puma-sleep-fibonacci-test,puma/benchmarks/local/sleep_fibonacci_test + test/rackup/sleep_fibonacci,https://github.com/puma/puma/blob/main/benchmarks/local/sleep_fibonacci_test.rb,raptor-3r,3,raptor,3,,122,10,5.012,5.0,10,49,2.019,2.0,1,true,122,0,24.343,41.972,42.934,42.976,42.998,43.001,83.66,83.66,44.32,20,20,75,same_worker,1,23456
yjit-on/puma-sleep-fibonacci-5ms/raptor-3r/repeat-3,yjit-on,true,puma-sleep-fibonacci-5ms,puma-sleep-fibonacci-test,puma/benchmarks/local/sleep_fibonacci_test + test/rackup/sleep_fibonacci,https://github.com/puma/puma/blob/main/benchmarks/local/sleep_fibonacci_test.rb,raptor-3r,3,raptor,3,,114,10,5.017,5.0,10,46,2.03,2.0,1,true,114,0,22.724,44.97,45.957,46.002,46.018,46.02,83.668,83.668,44.02,20,20,75,same_worker,0,20265
yjit-on/puma-sleep-fibonacci-10ms/raptor-3r/repeat-3,yjit-on,true,puma-sleep-fibonacci-10ms,puma-sleep-fibonacci-test,puma/benchmarks/local/sleep_fibonacci_test + test/rackup/sleep_fibonacci,https://github.com/puma/puma/blob/main/benchmarks/local/sleep_fibonacci_test.rb,raptor-3r,3,raptor,3,,98,10,5.033,5.0,10,40,2.021,2.0,1,true,98,0,19.472,51.959,52.148,52.973,52.982,52.983,83.68,83.68,43.775,20,20,76,same_worker,1,15651
yjit-on/puma-sleep-fibonacci-50ms/raptor-3r/repeat-3,yjit-on,true,puma-sleep-fibonacci-50ms,puma-sleep-fibonacci-test,puma/benchmarks/local/sleep_fibonacci_test + test/rackup/sleep_fibonacci,https://github.com/puma/puma/blob/main/benchmarks/local/sleep_fibonacci_test.rb,raptor-3r,3,raptor,3,,56,10,5.073,5.0,10,23,2.058,2.0,1,true,56,0,11.039,90.979,91.974,92.222,92.455,92.481,83.688,83.688,43.7,20,20,75,same_worker,0,10048
yjit-on/puma-sleep-fibonacci-100ms/raptor-3r/repeat-3,yjit-on,true,puma-sleep-fibonacci-100ms,puma-sleep-fibonacci-test,puma/benchmarks/local/sleep_fibonacci_test + test/rackup/sleep_fibonacci,https://github.com/puma/puma/blob/main/benchmarks/local/sleep_fibonacci_test.rb,raptor-3r,3,raptor,3,,36,10,5.053,5.0,10,15,2.081,2.0,1,true,36,0,7.125,141.116,141.992,142.102,142.153,142.159,83.688,83.688,43.7,20,20,75,same_worker,0,6528
yjit-on/puma-sleep-fibonacci-200ms/raptor-3r/repeat-3,yjit-on,true,puma-sleep-fibonacci-200ms,puma-sleep-fibonacci-test,puma/benchmarks/local/sleep_fibonacci_test + test/rackup/sleep_fibonacci,https://github.com/puma/puma/blob/main/benchmarks/local/sleep_fibonacci_test.rb,raptor-3r,3,raptor,3,,21,10,5.039,5.0,10,10,2.377,2.0,1,true,21,0,4.168,241.925,242.479,243.238,243.409,243.428,83.688,83.688,43.8,20,20,75,same_worker,0,2201
yjit-on/puma-response-array-1kb/puma-1w-3t/repeat-1,yjit-on,true,puma-response-array-1kb,puma-response-time-wrk,puma/benchmarks/local/response_time_wrk,https://github.com/puma/puma/blob/main/benchmarks/local/response_time_wrk.rb,puma-1w-3t,3,puma,1,3,18912,1000,5.001,5.0,1000,7623,2.001,2.0,5,true,18912,0,3781.71,1.252,1.783,2.343,2.873,5.314,67.734,67.734,84.8,20,20,72,multiprocess_sample_only,,
yjit-on/puma-response-chunk-1kb/puma-1w-3t/repeat-1,yjit-on,true,puma-response-chunk-1kb,puma-response-time-wrk,puma/benchmarks/local/response_time_wrk,https://github.com/puma/puma/blob/main/benchmarks/local/response_time_wrk.rb,puma-1w-3t,3,puma,1,3,17735,1000,5.001,5.0,1000,7442,2.001,2.0,5,true,17735,0,3546.315,1.335,2.015,2.488,3.065,3.775,68.023,68.023,83.185,20,20,72,multiprocess_sample_only,,
yjit-on/puma-response-string-1kb/puma-1w-3t/repeat-1,yjit-on,true,puma-response-string-1kb,puma-response-time-wrk,puma/benchmarks/local/response_time_wrk,https://github.com/puma/puma/blob/main/benchmarks/local/response_time_wrk.rb,puma-1w-3t,3,puma,1,3,18798,1000,5.001,5.0,1000,7194,2.002,2.0,5,true,18798,0,3758.791,1.259,1.825,2.328,2.869,3.791,68.164,68.164,83.05,20,20,72,multiprocess_sample_only,,
yjit-on/puma-response-io-1kb/puma-1w-3t/repeat-1,yjit-on,true,puma-response-io-1kb,puma-response-time-wrk,puma/benchmarks/local/response_time_wrk,https://github.com/puma/puma/blob/main/benchmarks/local/response_time_wrk.rb,puma-1w-3t,3,puma,1,3,17530,1000,5.001,5.0,1000,7154,2.002,2.0,5,true,17530,0,3505.294,1.342,2.015,2.467,3.072,3.581,68.523,68.523,85.115,20,20,73,multiprocess_sample_only,,
yjit-on/puma-response-array-10kb/puma-1w-3t/repeat-1,yjit-on,true,puma-response-array-10kb,puma-response-time-wrk,puma/benchmarks/local/response_time_wrk,https://github.com/puma/puma/blob/main/benchmarks/local/response_time_wrk.rb,puma-1w-3t,3,puma,1,3,18449,1000,5.002,5.0,1000,7269,2.001,2.0,5,true,18449,0,3688.681,1.281,1.892,2.38,2.941,3.65,70.082,70.082,85.41,20,20,72,multiprocess_sample_only,,
yjit-on/puma-response-chunk-10kb/puma-1w-3t/repeat-1,yjit-on,true,puma-response-chunk-10kb,puma-response-time-wrk,puma/benchmarks/local/response_time_wrk,https://github.com/puma/puma/blob/main/benchmarks/local/response_time_wrk.rb,puma-1w-3t,3,puma,1,3,14900,1000,5.001,5.0,1000,6121,2.001,2.0,5,true,14900,0,2979.276,1.576,2.456,3.072,3.702,4.854,70.453,70.453,85.015,20,20,71,multiprocess_sample_only,,
yjit-on/puma-response-string-10kb/puma-1w-3t/repeat-1,yjit-on,true,puma-response-string-10kb,puma-response-time-wrk,puma/benchmarks/local/response_time_wrk,https://github.com/puma/puma/blob/main/benchmarks/local/response_time_wrk.rb,puma-1w-3t,3,puma,1,3,18982,1000,5.001,5.0,1000,7856,2.001,2.0,5,true,18982,0,3795.641,1.242,1.836,2.352,2.907,3.623,70.512,70.512,84.455,20,20,72,multiprocess_sample_only,,
yjit-on/puma-response-io-10kb/puma-1w-3t/repeat-1,yjit-on,true,puma-response-io-10kb,puma-response-time-wrk,puma/benchmarks/local/response_time_wrk,https://github.com/puma/puma/blob/main/benchmarks/local/response_time_wrk.rb,puma-1w-3t,3,puma,1,3,18755,1000,5.001,5.0,1000,7898,2.001,2.0,5,true,18755,0,3750.355,1.254,1.893,2.384,3.009,4.058,72.457,72.023,85.08,20,20,73,multiprocess_sample_only,,
yjit-on/puma-response-array-100kb/puma-1w-3t/repeat-1,yjit-on,true,puma-response-array-100kb,puma-response-time-wrk,puma/benchmarks/local/response_time_wrk,https://github.com/puma/puma/blob/main/benchmarks/local/response_time_wrk.rb,puma-1w-3t,3,puma,1,3,14413,1000,5.001,5.0,1000,5824,2.002,2.0,5,true,14413,0,2881.83,1.623,2.599,3.205,3.765,4.534,82.484,80.926,84.995,20,20,71,multiprocess_sample_only,,
yjit-on/puma-response-chunk-100kb/puma-1w-3t/repeat-1,yjit-on,true,puma-response-chunk-100kb,puma-response-time-wrk,puma/benchmarks/local/response_time_wrk,https://github.com/puma/puma/blob/main/benchmarks/local/response_time_wrk.rb,puma-1w-3t,3,puma,1,3,7797,1000,5.003,5.0,1000,3201,2.002,2.0,5,true,7797,0,1558.579,3.072,5.053,5.96,6.806,7.301,76.742,75.93,83.54,20,20,68,multiprocess_sample_only,,
yjit-on/puma-response-string-100kb/puma-1w-3t/repeat-1,yjit-on,true,puma-response-string-100kb,puma-response-time-wrk,puma/benchmarks/local/response_time_wrk,https://github.com/puma/puma/blob/main/benchmarks/local/response_time_wrk.rb,puma-1w-3t,3,puma,1,3,14038,1000,5.001,5.0,1000,5695,2.002,2.0,5,true,14038,0,2806.787,1.664,2.737,3.315,3.836,5.016,81.375,79.938,82.39,20,20,71,multiprocess_sample_only,,
yjit-on/puma-response-io-100kb/puma-1w-3t/repeat-1,yjit-on,true,puma-response-io-100kb,puma-response-time-wrk,puma/benchmarks/local/response_time_wrk,https://github.com/puma/puma/blob/main/benchmarks/local/response_time_wrk.rb,puma-1w-3t,3,puma,1,3,15095,1000,5.024,5.0,1000,5964,2.001,2.0,5,true,15095,0,3004.807,1.288,2.078,3.136,42.433,44.204,72.695,72.695,81.845,20,20,73,multiprocess_sample_only,,
yjit-on/puma-response-array-256kb/puma-1w-3t/repeat-1,yjit-on,true,puma-response-array-256kb,puma-response-time-wrk,puma/benchmarks/local/response_time_wrk,https://github.com/puma/puma/blob/main/benchmarks/local/response_time_wrk.rb,puma-1w-3t,3,puma,1,3,10305,1000,5.002,5.0,1000,4428,2.001,2.0,5,true,10305,0,2060.245,2.049,3.837,6.236,20.752,23.674,101.25,99.414,81.215,20,20,69,multiprocess_sample_only,,
yjit-on/puma-response-chunk-256kb/puma-1w-3t/repeat-1,yjit-on,true,puma-response-chunk-256kb,puma-response-time-wrk,puma/benchmarks/local/response_time_wrk,https://github.com/puma/puma/blob/main/benchmarks/local/response_time_wrk.rb,puma-1w-3t,3,puma,1,3,4491,1000,5.005,5.0,1000,1787,2.004,2.0,5,true,4491,0,897.277,5.393,9.113,10.442,11.208,11.841,80.129,79.23,79.885,20,20,64,multiprocess_sample_only,,
yjit-on/puma-response-string-256kb/puma-1w-3t/repeat-1,yjit-on,true,puma-response-string-256kb,puma-response-time-wrk,puma/benchmarks/local/response_time_wrk,https://github.com/puma/puma/blob/main/benchmarks/local/response_time_wrk.rb,puma-1w-3t,3,puma,1,3,10918,1000,5.003,5.0,1000,4370,2.002,2.0,5,true,10918,0,2182.363,1.957,3.644,5.535,20.446,23.228,75.688,75.313,78.405,20,20,70,multiprocess_sample_only,,
yjit-on/puma-response-io-256kb/puma-1w-3t/repeat-1,yjit-on,true,puma-response-io-256kb,puma-response-time-wrk,puma/benchmarks/local/response_time_wrk,https://github.com/puma/puma/blob/main/benchmarks/local/response_time_wrk.rb,puma-1w-3t,3,puma,1,3,10210,1000,5.002,5.0,1000,4271,2.002,2.0,5,true,10210,0,2041.187,2.078,3.936,6.612,20.744,45.472,75.563,75.188,77.2,20,20,70,multiprocess_sample_only,,
yjit-on/puma-response-array-512kb/puma-1w-3t/repeat-1,yjit-on,true,puma-response-array-512kb,puma-response-time-wrk,puma/benchmarks/local/response_time_wrk,https://github.com/puma/puma/blob/main/benchmarks/local/response_time_wrk.rb,puma-1w-3t,3,puma,1,3,8399,1000,5.002,5.0,1000,3234,2.003,2.0,5,true,8399,0,1679.016,2.484,4.641,19.193,22.981,24.886,117.461,115.945,76.735,20,20,69,multiprocess_sample_only,,
yjit-on/puma-response-chunk-512kb/puma-1w-3t/repeat-1,yjit-on,true,puma-response-chunk-512kb,puma-response-time-wrk,puma/benchmarks/local/response_time_wrk,https://github.com/puma/puma/blob/main/benchmarks/local/response_time_wrk.rb,puma-1w-3t,3,puma,1,3,2450,1000,5.009,5.0,1000,1000,2.026,2.0,5,true,2450,0,489.1,9.97,17.074,19.106,19.966,20.756,84.297,82.719,75.845,20,20,56,multiprocess_sample_only,,
yjit-on/puma-response-string-512kb/puma-1w-3t/repeat-1,yjit-on,true,puma-response-string-512kb,puma-response-time-wrk,puma/benchmarks/local/response_time_wrk,https://github.com/puma/puma/blob/main/benchmarks/local/response_time_wrk.rb,puma-1w-3t,3,puma,1,3,7947,1000,5.008,5.0,1000,3559,2.002,2.0,5,true,7947,0,1586.963,2.561,5.061,19.837,24.109,25.949,76.852,76.852,74.645,20,20,67,multiprocess_sample_only,,
yjit-on/puma-response-io-512kb/puma-1w-3t/repeat-1,yjit-on,true,puma-response-io-512kb,puma-response-time-wrk,puma/benchmarks/local/response_time_wrk,https://github.com/puma/puma/blob/main/benchmarks/local/response_time_wrk.rb,puma-1w-3t,3,puma,1,3,7808,1000,5.003,5.0,1000,3324,2.002,2.0,5,true,7808,0,1560.7,2.621,5.129,20.266,25.156,211.738,76.941,76.941,73.4,20,20,68,multiprocess_sample_only,,
yjit-on/puma-response-array-1024kb/puma-1w-3t/repeat-1,yjit-on,true,puma-response-array-1024kb,puma-response-time-wrk,puma/benchmarks/local/response_time_wrk,https://github.com/puma/puma/blob/main/benchmarks/local/response_time_wrk.rb,puma-1w-3t,3,puma,1,3,5617,1000,5.007,5.0,1000,2156,2.003,2.0,5,true,5617,0,1121.827,3.762,7.074,22.603,27.692,29.556,126.738,110.742,72.9,20,20,67,multiprocess_sample_only,,
yjit-on/puma-response-chunk-1024kb/puma-1w-3t/repeat-1,yjit-on,true,puma-response-chunk-1024kb,puma-response-time-wrk,puma/benchmarks/local/response_time_wrk,https://github.com/puma/puma/blob/main/benchmarks/local/response_time_wrk.rb,puma-1w-3t,3,puma,1,3,1303,1000,5.02,5.0,1000,1000,3.688,2.0,5,true,1303,0,259.585,18.963,29.98,35.247,37.099,37.566,85.035,83.0,71.985,20,20,46,multiprocess_sample_only,,
yjit-on/puma-response-string-1024kb/puma-1w-3t/repeat-1,yjit-on,true,puma-response-string-1024kb,puma-response-time-wrk,puma/benchmarks/local/response_time_wrk,https://github.com/puma/puma/blob/main/benchmarks/local/response_time_wrk.rb,puma-1w-3t,3,puma,1,3,5244,1000,5.004,5.0,1000,2007,2.004,2.0,5,true,5244,0,1047.86,3.994,7.825,23.765,28.465,30.237,78.203,78.203,70.88,20,20,65,multiprocess_sample_only,,
yjit-on/puma-response-io-1024kb/puma-1w-3t/repeat-1,yjit-on,true,puma-response-io-1024kb,puma-response-time-wrk,puma/benchmarks/local/response_time_wrk,https://github.com/puma/puma/blob/main/benchmarks/local/response_time_wrk.rb,puma-1w-3t,3,puma,1,3,5003,1000,5.004,5.0,1000,1981,2.003,2.0,5,true,5003,0,999.807,4.212,8.321,24.134,28.936,30.964,78.203,78.203,69.525,20,20,65,multiprocess_sample_only,,
yjit-on/puma-response-array-2048kb/puma-1w-3t/repeat-1,yjit-on,true,puma-response-array-2048kb,puma-response-time-wrk,puma/benchmarks/local/response_time_wrk,https://github.com/puma/puma/blob/main/benchmarks/local/response_time_wrk.rb,puma-1w-3t,3,puma,1,3,3405,1000,5.005,5.0,1000,1324,2.007,2.0,5,true,3405,0,680.27,7.044,11.388,12.914,15.003,15.377,112.34,82.738,69.66,20,20,67,multiprocess_sample_only,,
yjit-on/puma-response-chunk-2048kb/puma-1w-3t/repeat-1,yjit-on,true,puma-response-chunk-2048kb,puma-response-time-wrk,puma/benchmarks/local/response_time_wrk,https://github.com/puma/puma/blob/main/benchmarks/local/response_time_wrk.rb,puma-1w-3t,3,puma,1,3,1000,1000,7.18,5.0,1000,1000,7.165,2.0,5,true,1000,0,139.283,35.037,60.365,65.266,67.021,67.439,88.82,88.539,68.835,20,20,51,multiprocess_sample_only,,
yjit-on/puma-response-string-2048kb/puma-1w-3t/repeat-1,yjit-on,true,puma-response-string-2048kb,puma-response-time-wrk,puma/benchmarks/local/response_time_wrk,https://github.com/puma/puma/blob/main/benchmarks/local/response_time_wrk.rb,puma-1w-3t,3,puma,1,3,3704,1000,5.005,5.0,1000,1500,2.006,2.0,5,true,3704,0,740.088,6.277,11.492,12.912,14.539,15.44,90.859,90.859,67.765,20,20,62,multiprocess_sample_only,,
yjit-on/puma-response-io-2048kb/puma-1w-3t/repeat-1,yjit-on,true,puma-response-io-2048kb,puma-response-time-wrk,puma/benchmarks/local/response_time_wrk,https://github.com/puma/puma/blob/main/benchmarks/local/response_time_wrk.rb,puma-1w-3t,3,puma,1,3,3474,1000,5.006,5.0,1000,1487,2.005,2.0,5,true,3474,0,693.977,6.768,11.841,13.85,25.926,32.88,91.047,91.047,66.365,20,20,60,multiprocess_sample_only,,
yjit-on/puma-long-tail-fib-200ms-x6p0/puma-1w-3t/repeat-1,yjit-on,true,puma-long-tail-fib-200ms-x6p0,puma-long-tail-hey,puma/benchmarks/local/long_tail_hey + test/rackup/sleep_fibonacci,https://github.com/puma/puma/blob/main/benchmarks/local/long_tail_hey.rb,puma-1w-3t,3,puma,1,3,360,360,50.888,5.0,360,360,50.901,2.0,18,true,360,0,7.074,2543.564,2553.376,2556.951,2558.564,2558.573,110.992,110.992,75.015,20,20,742,multiprocess_sample_only,,
yjit-on/puma-long-tail-fib-200ms-x4p0/puma-1w-3t/repeat-1,yjit-on,true,puma-long-tail-fib-200ms-x4p0,puma-long-tail-hey,puma/benchmarks/local/long_tail_hey + test/rackup/sleep_fibonacci,https://github.com/puma/puma/blob/main/benchmarks/local/long_tail_hey.rb,puma-1w-3t,3,puma,1,3,240,240,33.93,5.0,240,240,33.923,2.0,12,true,240,0,7.073,1695.72,1703.909,1707.428,1708.972,1709.249,113.297,104.344,80.35,20,20,500,multiprocess_sample_only,,
yjit-on/puma-long-tail-fib-200ms-x3p0/puma-1w-3t/repeat-1,yjit-on,true,puma-long-tail-fib-200ms-x3p0,puma-long-tail-hey,puma/benchmarks/local/long_tail_hey + test/rackup/sleep_fibonacci,https://github.com/puma/puma/blob/main/benchmarks/local/long_tail_hey.rb,puma-1w-3t,3,puma,1,3,180,180,25.442,5.0,180,180,25.438,2.0,9,true,180,0,7.075,1271.654,1278.136,1282.499,1283.467,1283.47,104.344,104.344,82.985,20,20,373,multiprocess_sample_only,,
yjit-on/puma-long-tail-fib-200ms-x2p0/puma-1w-3t/repeat-1,yjit-on,true,puma-long-tail-fib-200ms-x2p0,puma-long-tail-hey,puma/benchmarks/local/long_tail_hey + test/rackup/sleep_fibonacci,https://github.com/puma/puma/blob/main/benchmarks/local/long_tail_hey.rb,puma-1w-3t,3,puma,1,3,120,120,16.963,5.0,120,120,16.957,2.0,6,true,120,0,7.074,847.872,853.925,856.667,856.935,856.943,105.418,105.418,84.425,20,20,249,multiprocess_sample_only,,
yjit-on/puma-long-tail-fib-200ms-x1p5/puma-1w-3t/repeat-1,yjit-on,true,puma-long-tail-fib-200ms-x1p5,puma-long-tail-hey,puma/benchmarks/local/long_tail_hey + test/rackup/sleep_fibonacci,https://github.com/puma/puma/blob/main/benchmarks/local/long_tail_hey.rb,puma-1w-3t,3,puma,1,3,100,100,14.179,5.0,100,100,14.183,2.0,5,true,100,0,7.053,831.793,848.809,850.256,853.57,853.938,105.418,105.418,85.375,20,20,208,multiprocess_sample_only,,
yjit-on/puma-long-tail-fib-200ms-x1p0/puma-1w-3t/repeat-1,yjit-on,true,puma-long-tail-fib-200ms-x1p0,puma-long-tail-hey,puma/benchmarks/local/long_tail_hey + test/rackup/sleep_fibonacci,https://github.com/puma/puma/blob/main/benchmarks/local/long_tail_hey.rb,puma-1w-3t,3,puma,1,3,60,60,8.483,5.0,60,60,8.476,2.0,3,true,60,0,7.073,423.99,426.731,428.086,428.105,428.108,107.895,107.895,85.93,20,20,126,multiprocess_sample_only,,
yjit-on/puma-long-tail-fib-200ms-x0p5/puma-1w-3t/repeat-1,yjit-on,true,puma-long-tail-fib-200ms-x0p5,puma-long-tail-hey,puma/benchmarks/local/long_tail_hey + test/rackup/sleep_fibonacci,https://github.com/puma/puma/blob/main/benchmarks/local/long_tail_hey.rb,puma-1w-3t,3,puma,1,3,40,40,5.65,5.0,40,40,5.645,2.0,2,true,40,0,7.08,282.369,282.855,282.87,282.873,282.874,107.895,107.895,86.265,20,20,85,multiprocess_sample_only,,
yjit-on/puma-sleep-fibonacci-1ms/puma-1w-3t/repeat-1,yjit-on,true,puma-sleep-fibonacci-1ms,puma-sleep-fibonacci-test,puma/benchmarks/local/sleep_fibonacci_test + test/rackup/sleep_fibonacci,https://github.com/puma/puma/blob/main/benchmarks/local/sleep_fibonacci_test.rb,puma-1w-3t,3,puma,1,3,1967,10,5.0,5.0,10,791,2.001,2.0,1,true,1967,0,393.362,2.502,2.639,2.916,3.401,3.851,115.137,115.137,85.9,20,20,75,multiprocess_sample_only,,
yjit-on/puma-sleep-fibonacci-5ms/puma-1w-3t/repeat-1,yjit-on,true,puma-sleep-fibonacci-5ms,puma-sleep-fibonacci-test,puma/benchmarks/local/sleep_fibonacci_test + test/rackup/sleep_fibonacci,https://github.com/puma/puma/blob/main/benchmarks/local/sleep_fibonacci_test.rb,puma-1w-3t,3,puma,1,3,587,10,5.006,5.0,10,234,2.006,2.0,1,true,587,0,117.251,8.474,8.738,9.084,9.384,9.428,115.262,115.262,85.31,20,20,75,multiprocess_sample_only,,
yjit-on/puma-sleep-fibonacci-10ms/puma-1w-3t/repeat-1,yjit-on,true,puma-sleep-fibonacci-10ms,puma-sleep-fibonacci-test,puma/benchmarks/local/sleep_fibonacci_test + test/rackup/sleep_fibonacci,https://github.com/puma/puma/blob/main/benchmarks/local/sleep_fibonacci_test.rb,puma-1w-3t,3,puma,1,3,417,10,5.007,5.0,10,166,2.001,2.0,1,true,417,0,83.283,11.969,12.112,12.241,13.336,13.439,118.359,118.359,84.9,20,20,75,multiprocess_sample_only,,
yjit-on/puma-sleep-fibonacci-50ms/puma-1w-3t/repeat-1,yjit-on,true,puma-sleep-fibonacci-50ms,puma-sleep-fibonacci-test,puma/benchmarks/local/sleep_fibonacci_test + test/rackup/sleep_fibonacci,https://github.com/puma/puma/blob/main/benchmarks/local/sleep_fibonacci_test.rb,puma-1w-3t,3,puma,1,3,100,10,5.039,5.0,10,40,2.015,2.0,1,true,100,0,19.844,50.346,50.522,50.615,50.722,50.734,118.359,118.359,84.665,20,20,76,multiprocess_sample_only,,
yjit-on/puma-sleep-fibonacci-100ms/puma-1w-3t/repeat-1,yjit-on,true,puma-sleep-fibonacci-100ms,puma-sleep-fibonacci-test,puma/benchmarks/local/sleep_fibonacci_test + test/rackup/sleep_fibonacci,https://github.com/puma/puma/blob/main/benchmarks/local/sleep_fibonacci_test.rb,puma-1w-3t,3,puma,1,3,50,10,5.021,5.0,10,20,2.009,2.0,1,true,50,0,9.959,100.358,100.456,100.487,100.509,100.511,118.359,118.359,84.475,20,20,76,multiprocess_sample_only,,
yjit-on/puma-sleep-fibonacci-200ms/puma-1w-3t/repeat-1,yjit-on,true,puma-sleep-fibonacci-200ms,puma-sleep-fibonacci-test,puma/benchmarks/local/sleep_fibonacci_test + test/rackup/sleep_fibonacci,https://github.com/puma/puma/blob/main/benchmarks/local/sleep_fibonacci_test.rb,puma-1w-3t,3,puma,1,3,25,10,5.013,5.0,10,10,2.007,2.0,1,true,25,0,4.987,200.458,200.557,200.563,200.563,200.563,118.359,118.359,84.285,20,20,75,multiprocess_sample_only,,
yjit-on/puma-response-array-1kb/puma-1w-3t/repeat-2,yjit-on,true,puma-response-array-1kb,puma-response-time-wrk,puma/benchmarks/local/response_time_wrk,https://github.com/puma/puma/blob/main/benchmarks/local/response_time_wrk.rb,puma-1w-3t,3,puma,1,3,19672,1000,5.001,5.0,1000,7799,2.001,2.0,5,true,19672,0,3933.696,1.2,1.692,2.211,2.715,4.586,67.66,67.66,84.205,20,20,72,multiprocess_sample_only,,
yjit-on/puma-response-chunk-1kb/puma-1w-3t/repeat-2,yjit-on,true,puma-response-chunk-1kb,puma-response-time-wrk,puma/benchmarks/local/response_time_wrk,https://github.com/puma/puma/blob/main/benchmarks/local/response_time_wrk.rb,puma-1w-3t,3,puma,1,3,17636,1000,5.001,5.0,1000,7857,2.001,2.0,5,true,17636,0,3526.537,1.335,1.976,2.458,3.039,3.689,68.012,68.012,82.88,20,20,72,multiprocess_sample_only,,
yjit-on/puma-response-string-1kb/puma-1w-3t/repeat-2,yjit-on,true,puma-response-string-1kb,puma-response-time-wrk,puma/benchmarks/local/response_time_wrk,https://github.com/puma/puma/blob/main/benchmarks/local/response_time_wrk.rb,puma-1w-3t,3,puma,1,3,19154,1000,5.001,5.0,1000,7395,2.001,2.0,5,true,19154,0,3830.04,1.239,1.779,2.283,2.796,3.621,68.273,68.273,82.73,20,20,72,multiprocess_sample_only,,
yjit-on/puma-response-io-1kb/puma-1w-3t/repeat-2,yjit-on,true,puma-response-io-1kb,puma-response-time-wrk,puma/benchmarks/local/response_time_wrk,https://github.com/puma/puma/blob/main/benchmarks/local/response_time_wrk.rb,puma-1w-3t,3,puma,1,3,17600,1000,5.002,5.0,1000,7611,2.001,2.0,5,true,17600,0,3518.92,1.341,1.965,2.458,3.065,4.733,68.559,68.559,84.6,20,20,73,multiprocess_sample_only,,
yjit-on/puma-response-array-10kb/puma-1w-3t/repeat-2,yjit-on,true,puma-response-array-10kb,puma-response-time-wrk,puma/benchmarks/local/response_time_wrk,https://github.com/puma/puma/blob/main/benchmarks/local/response_time_wrk.rb,puma-1w-3t,3,puma,1,3,17042,1000,5.001,5.0,1000,7292,2.001,2.0,5,true,17042,0,3407.723,1.377,2.096,2.591,3.221,4.969,70.262,70.262,85.255,20,20,72,multiprocess_sample_only,,
yjit-on/puma-response-chunk-10kb/puma-1w-3t/repeat-2,yjit-on,true,puma-response-chunk-10kb,puma-response-time-wrk,puma/benchmarks/local/response_time_wrk,https://github.com/puma/puma/blob/main/benchmarks/local/response_time_wrk.rb,puma-1w-3t,3,puma,1,3,16734,1000,5.001,5.0,1000,6288,2.001,2.0,5,true,16734,0,3345.931,1.414,2.013,2.645,3.321,4.065,70.461,70.461,84.71,20,20,72,multiprocess_sample_only,,
yjit-on/puma-response-string-10kb/puma-1w-3t/repeat-2,yjit-on,true,puma-response-string-10kb,puma-response-time-wrk,puma/benchmarks/local/response_time_wrk,https://github.com/puma/puma/blob/main/benchmarks/local/response_time_wrk.rb,puma-1w-3t,3,puma,1,3,18820,1000,5.001,5.0,1000,7022,2.001,2.0,5,true,18820,0,3763.266,1.248,1.832,2.366,2.958,4.007,70.535,70.535,84.165,20,20,72,multiprocess_sample_only,,
yjit-on/puma-response-io-10kb/puma-1w-3t/repeat-2,yjit-on,true,puma-response-io-10kb,puma-response-time-wrk,puma/benchmarks/local/response_time_wrk,https://github.com/puma/puma/blob/main/benchmarks/local/response_time_wrk.rb,puma-1w-3t,3,puma,1,3,17883,1000,5.001,5.0,1000,7629,2.001,2.0,5,true,17883,0,3575.916,1.318,1.995,2.539,3.208,4.397,73.07,72.254,84.99,20,20,73,multiprocess_sample_only,,
yjit-on/puma-response-array-100kb/puma-1w-3t/repeat-2,yjit-on,true,puma-response-array-100kb,puma-response-time-wrk,puma/benchmarks/local/response_time_wrk,https://github.com/puma/puma/blob/main/benchmarks/local/response_time_wrk.rb,puma-1w-3t,3,puma,1,3,14852,1000,5.002,5.0,1000,5951,2.001,2.0,5,true,14852,0,2969.398,1.585,2.353,3.061,3.657,4.591,82.563,81.77,84.72,20,20,72,multiprocess_sample_only,,
yjit-on/puma-response-chunk-100kb/puma-1w-3t/repeat-2,yjit-on,true,puma-response-chunk-100kb,puma-response-time-wrk,puma/benchmarks/local/response_time_wrk,https://github.com/puma/puma/blob/main/benchmarks/local/response_time_wrk.rb,puma-1w-3t,3,puma,1,3,7843,1000,5.003,5.0,1000,3240,2.003,2.0,5,true,7843,0,1567.614,3.066,4.208,5.932,6.648,7.225,76.652,76.652,83.115,20,20,68,multiprocess_sample_only,,
yjit-on/puma-response-string-100kb/puma-1w-3t/repeat-2,yjit-on,true,puma-response-string-100kb,puma-response-time-wrk,puma/benchmarks/local/response_time_wrk,https://github.com/puma/puma/blob/main/benchmarks/local/response_time_wrk.rb,puma-1w-3t,3,puma,1,3,13528,1000,5.001,5.0,1000,5504,2.001,2.0,5,true,13528,0,2704.883,1.743,2.51,3.386,3.885,4.398,81.434,80.309,81.94,20,20,71,multiprocess_sample_only,,
yjit-on/puma-response-io-100kb/puma-1w-3t/repeat-2,yjit-on,true,puma-response-io-100kb,puma-response-time-wrk,puma/benchmarks/local/response_time_wrk,https://github.com/puma/puma/blob/main/benchmarks/local/response_time_wrk.rb,puma-1w-3t,3,puma,1,3,13521,1000,5.028,5.0,1000,5513,2.039,2.0,5,true,13521,0,2689.215,1.53,2.393,3.565,42.625,43.697,70.492,70.43,81.595,20,20,72,multiprocess_sample_only,,
yjit-on/puma-response-array-256kb/puma-1w-3t/repeat-2,yjit-on,true,puma-response-array-256kb,puma-response-time-wrk,puma/benchmarks/local/response_time_wrk,https://github.com/puma/puma/blob/main/benchmarks/local/response_time_wrk.rb,puma-1w-3t,3,puma,1,3,10701,1000,5.002,5.0,1000,4237,2.002,2.0,5,true,10701,0,2139.505,1.996,3.645,5.814,21.2,25.102,98.574,96.211,81.12,20,20,69,multiprocess_sample_only,,
yjit-on/puma-response-chunk-256kb/puma-1w-3t/repeat-2,yjit-on,true,puma-response-chunk-256kb,puma-response-time-wrk,puma/benchmarks/local/response_time_wrk,https://github.com/puma/puma/blob/main/benchmarks/local/response_time_wrk.rb,puma-1w-3t,3,puma,1,3,3906,1000,5.007,5.0,1000,1681,2.006,2.0,5,true,3906,0,780.161,6.247,9.035,12.036,12.941,13.82,80.25,79.797,79.855,20,20,62,multiprocess_sample_only,,
yjit-on/puma-response-string-256kb/puma-1w-3t/repeat-2,yjit-on,true,puma-response-string-256kb,puma-response-time-wrk,puma/benchmarks/local/response_time_wrk,https://github.com/puma/puma/blob/main/benchmarks/local/response_time_wrk.rb,puma-1w-3t,3,puma,1,3,9595,1000,5.002,5.0,1000,4052,2.002,2.0,5,true,9595,0,1918.08,2.188,4.104,7.221,22.621,25.457,74.793,74.48,78.49,20,20,68,multiprocess_sample_only,,
yjit-on/puma-response-io-256kb/puma-1w-3t/repeat-2,yjit-on,true,puma-response-io-256kb,puma-response-time-wrk,puma/benchmarks/local/response_time_wrk,https://github.com/puma/puma/blob/main/benchmarks/local/response_time_wrk.rb,puma-1w-3t,3,puma,1,3,9475,1000,5.002,5.0,1000,3996,2.003,2.0,5,true,9475,0,1894.347,2.211,4.183,6.966,24.038,44.565,74.418,74.418,77.345,20,20,68,multiprocess_sample_only,,
yjit-on/puma-response-array-512kb/puma-1w-3t/repeat-2,yjit-on,true,puma-response-array-512kb,puma-response-time-wrk,puma/benchmarks/local/response_time_wrk,https://github.com/puma/puma/blob/main/benchmarks/local/response_time_wrk.rb,puma-1w-3t,3,puma,1,3,7850,1000,5.003,5.0,1000,2870,2.002,2.0,5,true,7850,0,1568.95,2.646,5.059,21.007,25.346,27.187,118.375,117.75,76.9,20,20,69,multiprocess_sample_only,,
yjit-on/puma-response-chunk-512kb/puma-1w-3t/repeat-2,yjit-on,true,puma-response-chunk-512kb,puma-response-time-wrk,puma/benchmarks/local/response_time_wrk,https://github.com/puma/puma/blob/main/benchmarks/local/response_time_wrk.rb,puma-1w-3t,3,puma,1,3,2297,1000,5.011,5.0,1000,1000,2.136,2.0,5,true,2297,0,458.423,10.804,14.912,20.11,21.282,21.845,84.262,82.445,75.975,20,20,55,multiprocess_sample_only,,
yjit-on/puma-response-string-512kb/puma-1w-3t/repeat-2,yjit-on,true,puma-response-string-512kb,puma-response-time-wrk,puma/benchmarks/local/response_time_wrk,https://github.com/puma/puma/blob/main/benchmarks/local/response_time_wrk.rb,puma-1w-3t,3,puma,1,3,7938,1000,5.003,5.0,1000,3082,2.002,2.0,5,true,7938,0,1586.79,2.564,5.145,20.911,24.988,27.837,79.254,79.254,74.75,20,20,68,multiprocess_sample_only,,
yjit-on/puma-response-io-512kb/puma-1w-3t/repeat-2,yjit-on,true,puma-response-io-512kb,puma-response-time-wrk,puma/benchmarks/local/response_time_wrk,https://github.com/puma/puma/blob/main/benchmarks/local/response_time_wrk.rb,puma-1w-3t,3,puma,1,3,8152,1000,5.002,5.0,1000,3287,2.004,2.0,5,true,8152,0,1629.611,2.494,4.865,20.76,24.827,208.408,79.352,79.352,73.465,20,20,67,multiprocess_sample_only,,
yjit-on/puma-response-array-1024kb/puma-1w-3t/repeat-2,yjit-on,true,puma-response-array-1024kb,puma-response-time-wrk,puma/benchmarks/local/response_time_wrk,https://github.com/puma/puma/blob/main/benchmarks/local/response_time_wrk.rb,puma-1w-3t,3,puma,1,3,5352,1000,5.004,5.0,1000,2177,2.004,2.0,5,true,5352,0,1069.476,3.876,7.404,24.717,29.712,31.289,124.406,115.84,72.87,20,20,65,multiprocess_sample_only,,
yjit-on/puma-response-chunk-1024kb/puma-1w-3t/repeat-2,yjit-on,true,puma-response-chunk-1024kb,puma-response-time-wrk,puma/benchmarks/local/response_time_wrk,https://github.com/puma/puma/blob/main/benchmarks/local/response_time_wrk.rb,puma-1w-3t,3,puma,1,3,1238,1000,5.016,5.0,1000,1000,3.733,2.0,5,true,1238,0,246.793,20.062,29.285,37.465,38.303,38.471,84.695,82.84,71.885,20,20,45,multiprocess_sample_only,,
yjit-on/puma-response-string-1024kb/puma-1w-3t/repeat-2,yjit-on,true,puma-response-string-1024kb,puma-response-time-wrk,puma/benchmarks/local/response_time_wrk,https://github.com/puma/puma/blob/main/benchmarks/local/response_time_wrk.rb,puma-1w-3t,3,puma,1,3,5296,1000,5.003,5.0,1000,1961,2.004,2.0,5,true,5296,0,1058.607,3.896,7.73,24.647,29.553,31.779,80.973,80.973,70.745,20,20,64,multiprocess_sample_only,,
yjit-on/puma-response-io-1024kb/puma-1w-3t/repeat-2,yjit-on,true,puma-response-io-1024kb,puma-response-time-wrk,puma/benchmarks/local/response_time_wrk,https://github.com/puma/puma/blob/main/benchmarks/local/response_time_wrk.rb,puma-1w-3t,3,puma,1,3,4949,1000,5.004,5.0,1000,2039,2.003,2.0,5,true,4949,0,989.079,4.249,8.282,25.385,30.619,32.104,80.973,80.973,69.345,20,20,65,multiprocess_sample_only,,
yjit-on/puma-response-array-2048kb/puma-1w-3t/repeat-2,yjit-on,true,puma-response-array-2048kb,puma-response-time-wrk,puma/benchmarks/local/response_time_wrk,https://github.com/puma/puma/blob/main/benchmarks/local/response_time_wrk.rb,puma-1w-3t,3,puma,1,3,3454,1000,5.007,5.0,1000,1361,2.005,2.0,5,true,3454,0,689.843,6.755,11.366,13.004,29.258,36.725,98.145,80.59,69.385,20,20,65,multiprocess_sample_only,,
yjit-on/puma-response-chunk-2048kb/puma-1w-3t/repeat-2,yjit-on,true,puma-response-chunk-2048kb,puma-response-time-wrk,puma/benchmarks/local/response_time_wrk,https://github.com/puma/puma/blob/main/benchmarks/local/response_time_wrk.rb,puma-1w-3t,3,puma,1,3,1000,1000,7.292,5.0,1000,1000,7.138,2.0,5,true,1000,0,137.128,36.059,40.426,65.392,68.364,69.094,87.0,86.996,68.5,20,20,49,multiprocess_sample_only,,
yjit-on/puma-response-string-2048kb/puma-1w-3t/repeat-2,yjit-on,true,puma-response-string-2048kb,puma-response-time-wrk,puma/benchmarks/local/response_time_wrk,https://github.com/puma/puma/blob/main/benchmarks/local/response_time_wrk.rb,puma-1w-3t,3,puma,1,3,3516,1000,5.006,5.0,1000,1334,2.006,2.0,5,true,3516,0,702.388,6.717,11.987,13.362,14.687,15.965,89.0,89.0,67.49,20,20,61,multiprocess_sample_only,,
yjit-on/puma-response-io-2048kb/puma-1w-3t/repeat-2,yjit-on,true,puma-response-io-2048kb,puma-response-time-wrk,puma/benchmarks/local/response_time_wrk,https://github.com/puma/puma/blob/main/benchmarks/local/response_time_wrk.rb,puma-1w-3t,3,puma,1,3,3559,1000,5.007,5.0,1000,1503,2.007,2.0,5,true,3559,0,710.792,6.618,11.771,13.498,14.642,14.992,89.0,89.0,66.11,20,20,61,multiprocess_sample_only,,
yjit-on/puma-long-tail-fib-200ms-x6p0/puma-1w-3t/repeat-2,yjit-on,true,puma-long-tail-fib-200ms-x6p0,puma-long-tail-hey,puma/benchmarks/local/long_tail_hey + test/rackup/sleep_fibonacci,https://github.com/puma/puma/blob/main/benchmarks/local/long_tail_hey.rb,puma-1w-3t,3,puma,1,3,360,360,50.868,5.0,360,360,50.876,2.0,18,true,360,0,7.077,2542.915,2546.021,2546.929,2547.425,2547.595,104.621,104.621,74.81,20,20,742,multiprocess_sample_only,,
yjit-on/puma-long-tail-fib-200ms-x4p0/puma-1w-3t/repeat-2,yjit-on,true,puma-long-tail-fib-200ms-x4p0,puma-long-tail-hey,puma/benchmarks/local/long_tail_hey + test/rackup/sleep_fibonacci,https://github.com/puma/puma/blob/main/benchmarks/local/long_tail_hey.rb,puma-1w-3t,3,puma,1,3,240,240,33.922,5.0,240,240,33.903,2.0,12,true,240,0,7.075,1695.802,1697.393,1697.908,1698.076,1698.092,104.684,104.684,80.215,20,20,496,multiprocess_sample_only,,
yjit-on/puma-long-tail-fib-200ms-x3p0/puma-1w-3t/repeat-2,yjit-on,true,puma-long-tail-fib-200ms-x3p0,puma-long-tail-hey,puma/benchmarks/local/long_tail_hey + test/rackup/sleep_fibonacci,https://github.com/puma/puma/blob/main/benchmarks/local/long_tail_hey.rb,puma-1w-3t,3,puma,1,3,180,180,25.435,5.0,180,180,25.432,2.0,9,true,180,0,7.077,1271.481,1274.39,1274.648,1274.798,1274.824,104.684,104.684,82.835,20,20,372,multiprocess_sample_only,,
yjit-on/puma-long-tail-fib-200ms-x2p0/puma-1w-3t/repeat-2,yjit-on,true,puma-long-tail-fib-200ms-x2p0,puma-long-tail-hey,puma/benchmarks/local/long_tail_hey + test/rackup/sleep_fibonacci,https://github.com/puma/puma/blob/main/benchmarks/local/long_tail_hey.rb,puma-1w-3t,3,puma,1,3,120,120,16.956,5.0,120,120,16.955,2.0,6,true,120,0,7.077,847.615,850.458,850.649,850.667,850.667,105.121,105.121,84.28,20,20,249,multiprocess_sample_only,,
yjit-on/puma-long-tail-fib-200ms-x1p5/puma-1w-3t/repeat-2,yjit-on,true,puma-long-tail-fib-200ms-x1p5,puma-long-tail-hey,puma/benchmarks/local/long_tail_hey + test/rackup/sleep_fibonacci,https://github.com/puma/puma/blob/main/benchmarks/local/long_tail_hey.rb,puma-1w-3t,3,puma,1,3,100,100,14.134,5.0,100,100,14.129,2.0,5,true,100,0,7.075,840.823,848.305,848.399,848.997,849.063,105.125,105.125,85.235,20,20,207,multiprocess_sample_only,,
yjit-on/puma-long-tail-fib-200ms-x1p0/puma-1w-3t/repeat-2,yjit-on,true,puma-long-tail-fib-200ms-x1p0,puma-long-tail-hey,puma/benchmarks/local/long_tail_hey + test/rackup/sleep_fibonacci,https://github.com/puma/puma/blob/main/benchmarks/local/long_tail_hey.rb,puma-1w-3t,3,puma,1,3,60,60,8.48,5.0,60,60,8.478,2.0,3,true,60,0,7.076,423.857,425.219,425.963,426.648,426.724,105.125,105.125,85.81,20,20,125,multiprocess_sample_only,,
yjit-on/puma-long-tail-fib-200ms-x0p5/puma-1w-3t/repeat-2,yjit-on,true,puma-long-tail-fib-200ms-x0p5,puma-long-tail-hey,puma/benchmarks/local/long_tail_hey + test/rackup/sleep_fibonacci,https://github.com/puma/puma/blob/main/benchmarks/local/long_tail_hey.rb,puma-1w-3t,3,puma,1,3,40,40,5.653,5.0,40,40,5.65,2.0,2,true,40,0,7.076,282.576,283.076,283.961,284.43,284.483,105.125,105.125,86.16,20,20,84,multiprocess_sample_only,,
yjit-on/puma-sleep-fibonacci-1ms/puma-1w-3t/repeat-2,yjit-on,true,puma-sleep-fibonacci-1ms,puma-sleep-fibonacci-test,puma/benchmarks/local/sleep_fibonacci_test + test/rackup/sleep_fibonacci,https://github.com/puma/puma/blob/main/benchmarks/local/sleep_fibonacci_test.rb,puma-1w-3t,3,puma,1,3,1895,10,5.003,5.0,10,762,2.002,2.0,1,true,1895,0,378.795,2.626,2.782,2.98,3.794,4.168,107.344,107.344,85.8,20,20,74,multiprocess_sample_only,,
yjit-on/puma-sleep-fibonacci-5ms/puma-1w-3t/repeat-2,yjit-on,true,puma-sleep-fibonacci-5ms,puma-sleep-fibonacci-test,puma/benchmarks/local/sleep_fibonacci_test + test/rackup/sleep_fibonacci,https://github.com/puma/puma/blob/main/benchmarks/local/sleep_fibonacci_test.rb,puma-1w-3t,3,puma,1,3,566,10,5.008,5.0,10,227,2.007,2.0,1,true,566,0,113.028,8.806,8.919,9.12,9.528,9.889,107.344,107.344,85.19,20,20,74,multiprocess_sample_only,,
yjit-on/puma-sleep-fibonacci-10ms/puma-1w-3t/repeat-2,yjit-on,true,puma-sleep-fibonacci-10ms,puma-sleep-fibonacci-test,puma/benchmarks/local/sleep_fibonacci_test + test/rackup/sleep_fibonacci,https://github.com/puma/puma/blob/main/benchmarks/local/sleep_fibonacci_test.rb,puma-1w-3t,3,puma,1,3,405,10,5.009,5.0,10,162,2.011,2.0,1,true,405,0,80.848,12.325,12.486,12.595,13.412,13.554,107.344,107.344,84.78,20,20,74,multiprocess_sample_only,,
yjit-on/puma-sleep-fibonacci-50ms/puma-1w-3t/repeat-2,yjit-on,true,puma-sleep-fibonacci-50ms,puma-sleep-fibonacci-test,puma/benchmarks/local/sleep_fibonacci_test + test/rackup/sleep_fibonacci,https://github.com/puma/puma/blob/main/benchmarks/local/sleep_fibonacci_test.rb,puma-1w-3t,3,puma,1,3,100,10,5.05,5.0,10,40,2.023,2.0,1,true,100,0,19.803,50.439,50.584,50.6,50.692,50.702,107.344,107.344,84.54,20,20,75,multiprocess_sample_only,,
yjit-on/puma-sleep-fibonacci-100ms/puma-1w-3t/repeat-2,yjit-on,true,puma-sleep-fibonacci-100ms,puma-sleep-fibonacci-test,puma/benchmarks/local/sleep_fibonacci_test + test/rackup/sleep_fibonacci,https://github.com/puma/puma/blob/main/benchmarks/local/sleep_fibonacci_test.rb,puma-1w-3t,3,puma,1,3,50,10,5.027,5.0,10,20,2.014,2.0,1,true,50,0,9.946,100.469,100.623,100.679,100.711,100.715,107.344,107.344,84.35,20,20,75,multiprocess_sample_only,,
yjit-on/puma-sleep-fibonacci-200ms/puma-1w-3t/repeat-2,yjit-on,true,puma-sleep-fibonacci-200ms,puma-sleep-fibonacci-test,puma/benchmarks/local/sleep_fibonacci_test + test/rackup/sleep_fibonacci,https://github.com/puma/puma/blob/main/benchmarks/local/sleep_fibonacci_test.rb,puma-1w-3t,3,puma,1,3,25,10,5.014,5.0,10,10,2.007,2.0,1,true,25,0,4.986,200.49,200.593,200.643,200.657,200.658,107.344,107.344,84.16,20,20,75,multiprocess_sample_only,,
yjit-on/puma-response-array-1kb/puma-1w-3t/repeat-3,yjit-on,true,puma-response-array-1kb,puma-response-time-wrk,puma/benchmarks/local/response_time_wrk,https://github.com/puma/puma/blob/main/benchmarks/local/response_time_wrk.rb,puma-1w-3t,3,puma,1,3,17320,1000,5.001,5.0,1000,6567,2.001,2.0,5,true,17320,0,3463.326,1.356,2.004,2.533,3.123,3.962,67.727,67.727,87.5,20,20,72,multiprocess_sample_only,,
yjit-on/puma-response-chunk-1kb/puma-1w-3t/repeat-3,yjit-on,true,puma-response-chunk-1kb,puma-response-time-wrk,puma/benchmarks/local/response_time_wrk,https://github.com/puma/puma/blob/main/benchmarks/local/response_time_wrk.rb,puma-1w-3t,3,puma,1,3,17376,1000,5.002,5.0,1000,6935,2.001,2.0,5,true,17376,0,3474.112,1.354,2.012,2.515,3.133,4.111,67.988,67.953,85.005,20,20,72,multiprocess_sample_only,,
yjit-on/puma-response-string-1kb/puma-1w-3t/repeat-3,yjit-on,true,puma-response-string-1kb,puma-response-time-wrk,puma/benchmarks/local/response_time_wrk,https://github.com/puma/puma/blob/main/benchmarks/local/response_time_wrk.rb,puma-1w-3t,3,puma,1,3,17926,1000,5.001,5.0,1000,7419,2.001,2.0,5,true,17926,0,3584.44,1.316,1.933,2.432,2.945,3.71,68.125,68.125,83.95,20,20,72,multiprocess_sample_only,,
yjit-on/puma-response-io-1kb/puma-1w-3t/repeat-3,yjit-on,true,puma-response-io-1kb,puma-response-time-wrk,puma/benchmarks/local/response_time_wrk,https://github.com/puma/puma/blob/main/benchmarks/local/response_time_wrk.rb,puma-1w-3t,3,puma,1,3,17783,1000,5.001,5.0,1000,7336,2.001,2.0,5,true,17783,0,3555.835,1.327,1.957,2.427,3.127,4.265,68.5,68.5,85.525,20,20,72,multiprocess_sample_only,,
yjit-on/puma-response-array-10kb/puma-1w-3t/repeat-3,yjit-on,true,puma-response-array-10kb,puma-response-time-wrk,puma/benchmarks/local/response_time_wrk,https://github.com/puma/puma/blob/main/benchmarks/local/response_time_wrk.rb,puma-1w-3t,3,puma,1,3,16975,1000,5.002,5.0,1000,7263,2.001,2.0,5,true,16975,0,3393.869,1.382,2.102,2.592,3.293,4.238,70.406,70.406,86.02,20,20,72,multiprocess_sample_only,,
yjit-on/puma-response-chunk-10kb/puma-1w-3t/repeat-3,yjit-on,true,puma-response-chunk-10kb,puma-response-time-wrk,puma/benchmarks/local/response_time_wrk,https://github.com/puma/puma/blob/main/benchmarks/local/response_time_wrk.rb,puma-1w-3t,3,puma,1,3,16110,1000,5.001,5.0,1000,6148,2.001,2.0,5,true,16110,0,3221.373,1.468,2.199,2.79,3.381,4.159,70.527,70.527,85.37,20,20,72,multiprocess_sample_only,,
yjit-on/puma-response-string-10kb/puma-1w-3t/repeat-3,yjit-on,true,puma-response-string-10kb,puma-response-time-wrk,puma/benchmarks/local/response_time_wrk,https://github.com/puma/puma/blob/main/benchmarks/local/response_time_wrk.rb,puma-1w-3t,3,puma,1,3,18915,1000,5.001,5.0,1000,7425,2.001,2.0,5,true,18915,0,3782.065,1.245,1.795,2.301,2.887,3.636,70.684,70.684,84.69,20,20,72,multiprocess_sample_only,,
yjit-on/puma-response-io-10kb/puma-1w-3t/repeat-3,yjit-on,true,puma-response-io-10kb,puma-response-time-wrk,puma/benchmarks/local/response_time_wrk,https://github.com/puma/puma/blob/main/benchmarks/local/response_time_wrk.rb,puma-1w-3t,3,puma,1,3,17821,1000,5.001,5.0,1000,7147,2.001,2.0,5,true,17821,0,3563.282,1.321,1.967,2.447,3.16,4.05,72.844,72.469,85.445,20,20,73,multiprocess_sample_only,,
yjit-on/puma-response-array-100kb/puma-1w-3t/repeat-3,yjit-on,true,puma-response-array-100kb,puma-response-time-wrk,puma/benchmarks/local/response_time_wrk,https://github.com/puma/puma/blob/main/benchmarks/local/response_time_wrk.rb,puma-1w-3t,3,puma,1,3,13971,1000,5.001,5.0,1000,5589,2.001,2.0,5,true,13971,0,2793.592,1.687,2.509,3.261,3.794,4.206,82.926,81.547,85.39,20,20,71,multiprocess_sample_only,,
yjit-on/puma-response-chunk-100kb/puma-1w-3t/repeat-3,yjit-on,true,puma-response-chunk-100kb,puma-response-time-wrk,puma/benchmarks/local/response_time_wrk,https://github.com/puma/puma/blob/main/benchmarks/local/response_time_wrk.rb,puma-1w-3t,3,puma,1,3,7531,1000,5.002,5.0,1000,3104,2.004,2.0,5,true,7531,0,1505.501,3.226,4.191,6.13,6.942,7.727,76.711,76.422,83.885,20,20,67,multiprocess_sample_only,,
yjit-on/puma-response-string-100kb/puma-1w-3t/repeat-3,yjit-on,true,puma-response-string-100kb,puma-response-time-wrk,puma/benchmarks/local/response_time_wrk,https://github.com/puma/puma/blob/main/benchmarks/local/response_time_wrk.rb,puma-1w-3t,3,puma,1,3,13972,1000,5.001,5.0,1000,5669,2.001,2.0,5,true,13972,0,2793.742,1.691,2.433,3.214,3.805,4.322,81.492,81.156,82.64,20,20,71,multiprocess_sample_only,,
yjit-on/puma-response-io-100kb/puma-1w-3t/repeat-3,yjit-on,true,puma-response-io-100kb,puma-response-time-wrk,puma/benchmarks/local/response_time_wrk,https://github.com/puma/puma/blob/main/benchmarks/local/response_time_wrk.rb,puma-1w-3t,3,puma,1,3,14314,1000,5.024,5.0,1000,5712,2.001,2.0,5,true,14314,0,2849.173,1.251,2.044,40.937,42.341,43.525,72.207,71.957,82.14,20,20,73,multiprocess_sample_only,,
yjit-on/puma-response-array-256kb/puma-1w-3t/repeat-3,yjit-on,true,puma-response-array-256kb,puma-response-time-wrk,puma/benchmarks/local/response_time_wrk,https://github.com/puma/puma/blob/main/benchmarks/local/response_time_wrk.rb,puma-1w-3t,3,puma,1,3,10067,1000,5.002,5.0,1000,4154,2.002,2.0,5,true,10067,0,2012.643,2.105,3.916,5.853,23.948,26.112,103.191,97.668,81.615,20,20,69,multiprocess_sample_only,,
yjit-on/puma-response-chunk-256kb/puma-1w-3t/repeat-3,yjit-on,true,puma-response-chunk-256kb,puma-response-time-wrk,puma/benchmarks/local/response_time_wrk,https://github.com/puma/puma/blob/main/benchmarks/local/response_time_wrk.rb,puma-1w-3t,3,puma,1,3,4138,1000,5.006,5.0,1000,1659,2.006,2.0,5,true,4138,0,826.596,5.858,9.852,11.339,12.164,12.989,81.48,79.938,80.385,20,20,63,multiprocess_sample_only,,
yjit-on/puma-response-string-256kb/puma-1w-3t/repeat-3,yjit-on,true,puma-response-string-256kb,puma-response-time-wrk,puma/benchmarks/local/response_time_wrk,https://github.com/puma/puma/blob/main/benchmarks/local/response_time_wrk.rb,puma-1w-3t,3,puma,1,3,10022,1000,5.003,5.0,1000,3934,2.002,2.0,5,true,10022,0,2003.188,2.113,3.942,5.908,23.945,25.7,76.301,75.992,78.88,20,20,69,multiprocess_sample_only,,
yjit-on/puma-response-io-256kb/puma-1w-3t/repeat-3,yjit-on,true,puma-response-io-256kb,puma-response-time-wrk,puma/benchmarks/local/response_time_wrk,https://github.com/puma/puma/blob/main/benchmarks/local/response_time_wrk.rb,puma-1w-3t,3,puma,1,3,9848,1000,5.002,5.0,1000,4023,2.011,2.0,5,true,9848,0,1968.839,2.161,4.015,6.105,23.856,43.67,76.242,76.242,77.645,20,20,69,multiprocess_sample_only,,
yjit-on/puma-response-array-512kb/puma-1w-3t/repeat-3,yjit-on,true,puma-response-array-512kb,puma-response-time-wrk,puma/benchmarks/local/response_time_wrk,https://github.com/puma/puma/blob/main/benchmarks/local/response_time_wrk.rb,puma-1w-3t,3,puma,1,3,7840,1000,5.002,5.0,1000,3013,2.002,2.0,5,true,7840,0,1567.428,2.618,5.019,22.993,26.689,27.913,122.68,116.262,77.17,20,20,69,multiprocess_sample_only,,
yjit-on/puma-response-chunk-512kb/puma-1w-3t/repeat-3,yjit-on,true,puma-response-chunk-512kb,puma-response-time-wrk,puma/benchmarks/local/response_time_wrk,https://github.com/puma/puma/blob/main/benchmarks/local/response_time_wrk.rb,puma-1w-3t,3,puma,1,3,2370,1000,5.009,5.0,1000,1000,2.068,2.0,5,true,2370,0,473.129,10.361,16.396,19.973,20.724,21.082,85.512,85.348,76.2,20,20,55,multiprocess_sample_only,,
yjit-on/puma-response-string-512kb/puma-1w-3t/repeat-3,yjit-on,true,puma-response-string-512kb,puma-response-time-wrk,puma/benchmarks/local/response_time_wrk,https://github.com/puma/puma/blob/main/benchmarks/local/response_time_wrk.rb,puma-1w-3t,3,puma,1,3,7693,1000,5.003,5.0,1000,3050,2.002,2.0,5,true,7693,0,1537.635,2.668,5.204,23.015,26.992,28.563,79.285,79.285,74.995,20,20,68,multiprocess_sample_only,,
yjit-on/puma-response-io-512kb/puma-1w-3t/repeat-3,yjit-on,true,puma-response-io-512kb,puma-response-time-wrk,puma/benchmarks/local/response_time_wrk,https://github.com/puma/puma/blob/main/benchmarks/local/response_time_wrk.rb,puma-1w-3t,3,puma,1,3,7577,1000,5.003,5.0,1000,3077,2.002,2.0,5,true,7577,0,1514.591,2.636,5.092,23.519,27.614,225.062,79.383,79.383,73.785,20,20,69,multiprocess_sample_only,,
yjit-on/puma-response-array-1024kb/puma-1w-3t/repeat-3,yjit-on,true,puma-response-array-1024kb,puma-response-time-wrk,puma/benchmarks/local/response_time_wrk,https://github.com/puma/puma/blob/main/benchmarks/local/response_time_wrk.rb,puma-1w-3t,3,puma,1,3,4994,1000,5.005,5.0,1000,2051,2.003,2.0,5,true,4994,0,997.77,4.181,7.95,27.146,32.067,33.221,119.766,119.766,73.165,20,20,64,multiprocess_sample_only,,
yjit-on/puma-response-chunk-1024kb/puma-1w-3t/repeat-3,yjit-on,true,puma-response-chunk-1024kb,puma-response-time-wrk,puma/benchmarks/local/response_time_wrk,https://github.com/puma/puma/blob/main/benchmarks/local/response_time_wrk.rb,puma-1w-3t,3,puma,1,3,1284,1000,5.018,5.0,1000,1000,3.941,2.0,5,true,1284,0,255.897,19.144,32.61,36.138,37.754,37.809,88.516,86.18,72.15,20,20,46,multiprocess_sample_only,,
yjit-on/puma-response-string-1024kb/puma-1w-3t/repeat-3,yjit-on,true,puma-response-string-1024kb,puma-response-time-wrk,puma/benchmarks/local/response_time_wrk,https://github.com/puma/puma/blob/main/benchmarks/local/response_time_wrk.rb,puma-1w-3t,3,puma,1,3,5141,1000,5.004,5.0,1000,2062,2.005,2.0,5,true,5141,0,1027.289,4.068,7.924,25.871,30.638,33.773,83.957,83.957,70.99,20,20,65,multiprocess_sample_only,,
yjit-on/puma-response-io-1024kb/puma-1w-3t/repeat-3,yjit-on,true,puma-response-io-1024kb,puma-response-time-wrk,puma/benchmarks/local/response_time_wrk,https://github.com/puma/puma/blob/main/benchmarks/local/response_time_wrk.rb,puma-1w-3t,3,puma,1,3,4794,1000,5.005,5.0,1000,2031,2.003,2.0,5,true,4794,0,957.762,4.326,8.365,27.418,32.83,208.642,83.957,83.957,69.595,20,20,63,multiprocess_sample_only,,
yjit-on/puma-response-array-2048kb/puma-1w-3t/repeat-3,yjit-on,true,puma-response-array-2048kb,puma-response-time-wrk,puma/benchmarks/local/response_time_wrk,https://github.com/puma/puma/blob/main/benchmarks/local/response_time_wrk.rb,puma-1w-3t,3,puma,1,3,3157,1000,5.006,5.0,1000,1258,2.007,2.0,5,true,3157,0,630.623,7.552,12.83,14.786,16.165,16.451,93.547,82.129,69.46,20,20,62,multiprocess_sample_only,,
yjit-on/puma-response-chunk-2048kb/puma-1w-3t/repeat-3,yjit-on,true,puma-response-chunk-2048kb,puma-response-time-wrk,puma/benchmarks/local/response_time_wrk,https://github.com/puma/puma/blob/main/benchmarks/local/response_time_wrk.rb,puma-1w-3t,3,puma,1,3,1000,1000,7.286,5.0,1000,1000,7.377,2.0,5,true,1000,0,137.259,36.021,39.423,65.333,68.411,68.571,88.758,87.277,68.45,20,20,50,multiprocess_sample_only,,
yjit-on/puma-response-string-2048kb/puma-1w-3t/repeat-3,yjit-on,true,puma-response-string-2048kb,puma-response-time-wrk,puma/benchmarks/local/response_time_wrk,https://github.com/puma/puma/blob/main/benchmarks/local/response_time_wrk.rb,puma-1w-3t,3,puma,1,3,2992,1000,5.007,5.0,1000,1229,2.006,2.0,5,true,2992,0,597.563,8.047,13.998,16.145,17.323,17.809,90.465,90.465,67.38,20,20,59,multiprocess_sample_only,,
yjit-on/puma-response-io-2048kb/puma-1w-3t/repeat-3,yjit-on,true,puma-response-io-2048kb,puma-response-time-wrk,puma/benchmarks/local/response_time_wrk,https://github.com/puma/puma/blob/main/benchmarks/local/response_time_wrk.rb,puma-1w-3t,3,puma,1,3,3082,1000,5.005,5.0,1000,1255,2.007,2.0,5,true,3082,0,615.78,7.719,13.227,15.562,17.383,19.351,90.527,90.527,66.075,20,20,59,multiprocess_sample_only,,
yjit-on/puma-long-tail-fib-200ms-x6p0/puma-1w-3t/repeat-3,yjit-on,true,puma-long-tail-fib-200ms-x6p0,puma-long-tail-hey,puma/benchmarks/local/long_tail_hey + test/rackup/sleep_fibonacci,https://github.com/puma/puma/blob/main/benchmarks/local/long_tail_hey.rb,puma-1w-3t,3,puma,1,3,360,360,50.875,5.0,360,360,50.887,2.0,18,true,360,0,7.076,2543.231,2546.295,2547.083,2547.836,2548.001,110.492,110.492,74.71,20,20,743,multiprocess_sample_only,,
yjit-on/puma-long-tail-fib-200ms-x4p0/puma-1w-3t/repeat-3,yjit-on,true,puma-long-tail-fib-200ms-x4p0,puma-long-tail-hey,puma/benchmarks/local/long_tail_hey + test/rackup/sleep_fibonacci,https://github.com/puma/puma/blob/main/benchmarks/local/long_tail_hey.rb,puma-1w-3t,3,puma,1,3,240,240,33.921,5.0,240,240,33.929,2.0,12,true,240,0,7.075,1695.739,1698.85,1699.386,1700.368,1700.378,110.563,110.563,80.13,20,20,496,multiprocess_sample_only,,
yjit-on/puma-long-tail-fib-200ms-x3p0/puma-1w-3t/repeat-3,yjit-on,true,puma-long-tail-fib-200ms-x3p0,puma-long-tail-hey,puma/benchmarks/local/long_tail_hey + test/rackup/sleep_fibonacci,https://github.com/puma/puma/blob/main/benchmarks/local/long_tail_hey.rb,puma-1w-3t,3,puma,1,3,180,180,25.444,5.0,180,180,25.433,2.0,9,true,180,0,7.074,1271.824,1275.461,1275.702,1276.155,1276.224,117.375,117.375,82.765,20,20,372,multiprocess_sample_only,,
yjit-on/puma-long-tail-fib-200ms-x2p0/puma-1w-3t/repeat-3,yjit-on,true,puma-long-tail-fib-200ms-x2p0,puma-long-tail-hey,puma/benchmarks/local/long_tail_hey + test/rackup/sleep_fibonacci,https://github.com/puma/puma/blob/main/benchmarks/local/long_tail_hey.rb,puma-1w-3t,3,puma,1,3,120,120,16.958,5.0,120,120,16.956,2.0,6,true,120,0,7.076,847.597,850.259,850.435,850.631,850.657,117.438,117.438,84.21,20,20,248,multiprocess_sample_only,,
yjit-on/puma-long-tail-fib-200ms-x1p5/puma-1w-3t/repeat-3,yjit-on,true,puma-long-tail-fib-200ms-x1p5,puma-long-tail-hey,puma/benchmarks/local/long_tail_hey + test/rackup/sleep_fibonacci,https://github.com/puma/puma/blob/main/benchmarks/local/long_tail_hey.rb,puma-1w-3t,3,puma,1,3,100,100,14.139,5.0,100,100,14.193,2.0,5,true,100,0,7.072,839.168,848.701,848.831,848.87,848.874,119.02,119.02,85.165,20,20,207,multiprocess_sample_only,,
yjit-on/puma-long-tail-fib-200ms-x1p0/puma-1w-3t/repeat-3,yjit-on,true,puma-long-tail-fib-200ms-x1p0,puma-long-tail-hey,puma/benchmarks/local/long_tail_hey + test/rackup/sleep_fibonacci,https://github.com/puma/puma/blob/main/benchmarks/local/long_tail_hey.rb,puma-1w-3t,3,puma,1,3,60,60,8.481,5.0,60,60,8.479,2.0,3,true,60,0,7.074,423.963,425.242,425.872,426.044,426.063,119.02,119.02,85.745,20,20,125,multiprocess_sample_only,,
yjit-on/puma-long-tail-fib-200ms-x0p5/puma-1w-3t/repeat-3,yjit-on,true,puma-long-tail-fib-200ms-x0p5,puma-long-tail-hey,puma/benchmarks/local/long_tail_hey + test/rackup/sleep_fibonacci,https://github.com/puma/puma/blob/main/benchmarks/local/long_tail_hey.rb,puma-1w-3t,3,puma,1,3,40,40,5.653,5.0,40,40,5.652,2.0,2,true,40,0,7.076,282.572,282.903,283.145,283.259,283.271,119.02,119.02,86.09,20,20,84,multiprocess_sample_only,,
yjit-on/puma-sleep-fibonacci-1ms/puma-1w-3t/repeat-3,yjit-on,true,puma-sleep-fibonacci-1ms,puma-sleep-fibonacci-test,puma/benchmarks/local/sleep_fibonacci_test + test/rackup/sleep_fibonacci,https://github.com/puma/puma/blob/main/benchmarks/local/sleep_fibonacci_test.rb,puma-1w-3t,3,puma,1,3,1892,10,5.003,5.0,10,748,2.002,2.0,1,true,1892,0,378.178,2.598,2.82,3.098,3.656,4.01,123.281,123.281,85.725,20,20,74,multiprocess_sample_only,,
yjit-on/puma-sleep-fibonacci-5ms/puma-1w-3t/repeat-3,yjit-on,true,puma-sleep-fibonacci-5ms,puma-sleep-fibonacci-test,puma/benchmarks/local/sleep_fibonacci_test + test/rackup/sleep_fibonacci,https://github.com/puma/puma/blob/main/benchmarks/local/sleep_fibonacci_test.rb,puma-1w-3t,3,puma,1,3,562,10,5.008,5.0,10,227,2.008,2.0,1,true,562,0,112.22,8.843,9.161,9.373,9.863,9.898,126.137,126.137,85.11,20,20,74,multiprocess_sample_only,,
yjit-on/puma-sleep-fibonacci-10ms/puma-1w-3t/repeat-3,yjit-on,true,puma-sleep-fibonacci-10ms,puma-sleep-fibonacci-test,puma/benchmarks/local/sleep_fibonacci_test + test/rackup/sleep_fibonacci,https://github.com/puma/puma/blob/main/benchmarks/local/sleep_fibonacci_test.rb,puma-1w-3t,3,puma,1,3,403,10,5.009,5.0,10,161,2.003,2.0,1,true,403,0,80.452,12.371,12.526,12.892,13.536,13.692,126.512,126.512,84.7,20,20,74,multiprocess_sample_only,,
yjit-on/puma-sleep-fibonacci-50ms/puma-1w-3t/repeat-3,yjit-on,true,puma-sleep-fibonacci-50ms,puma-sleep-fibonacci-test,puma/benchmarks/local/sleep_fibonacci_test + test/rackup/sleep_fibonacci,https://github.com/puma/puma/blob/main/benchmarks/local/sleep_fibonacci_test.rb,puma-1w-3t,3,puma,1,3,100,10,5.05,5.0,10,40,2.023,2.0,1,true,100,0,19.803,50.44,50.575,50.615,50.715,50.727,126.512,126.512,84.46,20,20,75,multiprocess_sample_only,,
yjit-on/puma-sleep-fibonacci-100ms/puma-1w-3t/repeat-3,yjit-on,true,puma-sleep-fibonacci-100ms,puma-sleep-fibonacci-test,puma/benchmarks/local/sleep_fibonacci_test + test/rackup/sleep_fibonacci,https://github.com/puma/puma/blob/main/benchmarks/local/sleep_fibonacci_test.rb,puma-1w-3t,3,puma,1,3,50,10,5.029,5.0,10,20,2.014,2.0,1,true,50,0,9.943,100.503,100.651,100.839,100.968,100.983,126.512,126.512,84.27,20,20,75,multiprocess_sample_only,,
yjit-on/puma-sleep-fibonacci-200ms/puma-1w-3t/repeat-3,yjit-on,true,puma-sleep-fibonacci-200ms,puma-sleep-fibonacci-test,puma/benchmarks/local/sleep_fibonacci_test + test/rackup/sleep_fibonacci,https://github.com/puma/puma/blob/main/benchmarks/local/sleep_fibonacci_test.rb,puma-1w-3t,3,puma,1,3,25,10,5.016,5.0,10,10,2.008,2.0,1,true,25,0,4.984,200.539,200.74,200.851,200.876,200.879,126.512,126.512,84.095,20,20,74,multiprocess_sample_only,,
