run_id,runtime,yjit,scenario,scenario_family,benchmark_source,benchmark_source_url,server,server_capacity,adapter,workers,threads,requests,target_requests,duration_s,min_duration_s,target_warmup_requests,warmup_requests,warmup_duration_s,warmup_min_duration_s,concurrency,keep_alive,completed,errors,achieved_rps,p50_ms,p95_ms,p99_ms,p999_ms,max_ms,rss_mb_peak,rss_mb_end,cpu_pct_avg,target_sample_count,sample_count,raw_sample_count,gc_delta_scope,gc_count_delta,total_allocated_objects_delta
yjit-off/puma-response-array-1kb/raptor-3r/repeat-1,yjit-off,false,puma-response-array-1kb,puma-response-time-wrk,puma/benchmarks/local/response_time_wrk,https://github.com/puma/puma/blob/main/benchmarks/local/response_time_wrk.rb,raptor-3r,3,raptor,3,,1000,1000,16.185,5.0,1000,1000,16.226,2.0,5,true,1000,0,61.785,41.04,42.251,43.587,4090.609,4090.912,30.32,30.32,3.71,20,20,226,same_worker,18,720844
yjit-off/puma-response-chunk-1kb/raptor-3r/repeat-1,yjit-off,false,puma-response-chunk-1kb,puma-response-time-wrk,puma/benchmarks/local/response_time_wrk,https://github.com/puma/puma/blob/main/benchmarks/local/response_time_wrk.rb,raptor-3r,3,raptor,3,,1000,1000,16.197,5.0,1000,1000,16.113,2.0,5,true,1000,0,61.738,41.045,42.303,42.941,4069.78,4069.825,30.656,30.656,2.985,20,20,226,same_worker,18,715670
yjit-off/puma-response-string-1kb/raptor-3r/repeat-1,yjit-off,false,puma-response-string-1kb,puma-response-time-wrk,puma/benchmarks/local/response_time_wrk,https://github.com/puma/puma/blob/main/benchmarks/local/response_time_wrk.rb,raptor-3r,3,raptor,3,,1000,1000,16.129,5.0,1000,1000,16.169,2.0,5,true,1000,0,62.0,40.992,41.979,42.247,4033.099,4042.947,30.68,30.68,2.795,20,20,225,same_worker,18,719919
yjit-off/puma-response-io-1kb/raptor-3r/repeat-1,yjit-off,false,puma-response-io-1kb,puma-response-time-wrk,puma/benchmarks/local/response_time_wrk,https://github.com/puma/puma/blob/main/benchmarks/local/response_time_wrk.rb,raptor-3r,3,raptor,3,,1000,1000,16.147,5.0,1000,1000,16.098,2.0,5,true,1000,0,61.932,40.996,42.018,42.489,4042.766,4049.289,30.758,30.758,2.725,20,20,226,same_worker,18,726507
yjit-off/puma-response-array-10kb/raptor-3r/repeat-1,yjit-off,false,puma-response-array-10kb,puma-response-time-wrk,puma/benchmarks/local/response_time_wrk,https://github.com/puma/puma/blob/main/benchmarks/local/response_time_wrk.rb,raptor-3r,3,raptor,3,,1000,1000,16.23,5.0,1000,1000,16.081,2.0,5,true,1000,0,61.615,41.136,42.4,42.937,4096.492,4096.902,30.758,30.758,2.7,20,20,227,same_worker,17,717902
yjit-off/puma-response-chunk-10kb/raptor-3r/repeat-1,yjit-off,false,puma-response-chunk-10kb,puma-response-time-wrk,puma/benchmarks/local/response_time_wrk,https://github.com/puma/puma/blob/main/benchmarks/local/response_time_wrk.rb,raptor-3r,3,raptor,3,,1000,1000,16.152,5.0,1000,1000,16.088,2.0,5,true,1000,0,61.913,40.999,42.073,43.061,4061.954,4062.303,30.785,30.785,2.7,20,20,226,same_worker,17,714864
yjit-off/puma-response-string-10kb/raptor-3r/repeat-1,yjit-off,false,puma-response-string-10kb,puma-response-time-wrk,puma/benchmarks/local/response_time_wrk,https://github.com/puma/puma/blob/main/benchmarks/local/response_time_wrk.rb,raptor-3r,3,raptor,3,,1000,1000,16.142,5.0,1000,1000,16.095,2.0,5,true,1000,0,61.952,41.004,42.011,42.804,4048.711,4053.645,30.785,30.785,2.66,20,20,226,same_worker,17,717524
yjit-off/puma-response-io-10kb/raptor-3r/repeat-1,yjit-off,false,puma-response-io-10kb,puma-response-time-wrk,puma/benchmarks/local/response_time_wrk,https://github.com/puma/puma/blob/main/benchmarks/local/response_time_wrk.rb,raptor-3r,3,raptor,3,,1000,1000,16.241,5.0,1000,1000,16.109,2.0,5,true,1000,0,61.572,41.143,42.416,42.916,4071.182,4078.46,31.266,31.266,2.69,20,20,227,same_worker,18,745317
yjit-off/puma-response-array-100kb/raptor-3r/repeat-1,yjit-off,false,puma-response-array-100kb,puma-response-time-wrk,puma/benchmarks/local/response_time_wrk,https://github.com/puma/puma/blob/main/benchmarks/local/response_time_wrk.rb,raptor-3r,3,raptor,3,,1000,1000,15.107,5.0,1000,1000,14.612,2.0,5,true,1000,0,66.193,40.981,41.971,42.966,3915.604,3952.979,31.316,31.316,2.8,20,20,211,same_worker,17,719315
yjit-off/puma-response-chunk-100kb/raptor-3r/repeat-1,yjit-off,false,puma-response-chunk-100kb,puma-response-time-wrk,puma/benchmarks/local/response_time_wrk,https://github.com/puma/puma/blob/main/benchmarks/local/response_time_wrk.rb,raptor-3r,3,raptor,3,,1000,1000,15.153,5.0,1000,1000,15.03,2.0,5,true,1000,0,65.992,40.98,41.982,42.738,3721.475,3804.382,31.32,31.32,2.95,20,20,213,same_worker,17,716311
yjit-off/puma-response-string-100kb/raptor-3r/repeat-1,yjit-off,false,puma-response-string-100kb,puma-response-time-wrk,puma/benchmarks/local/response_time_wrk,https://github.com/puma/puma/blob/main/benchmarks/local/response_time_wrk.rb,raptor-3r,3,raptor,3,,10097,1000,5.002,5.0,1000,4303,2.002,2.0,5,true,10097,0,2018.604,1.421,2.075,3.379,148.312,160.08,31.676,31.676,4.2,20,20,67,same_worker,176,7261444
yjit-off/puma-response-io-100kb/raptor-3r/repeat-1,yjit-off,false,puma-response-io-100kb,puma-response-time-wrk,puma/benchmarks/local/response_time_wrk,https://github.com/puma/puma/blob/main/benchmarks/local/response_time_wrk.rb,raptor-3r,3,raptor,3,,1000,1000,15.271,5.0,1000,1000,14.634,2.0,5,true,1000,0,65.483,40.986,41.99,43.051,3807.064,3821.717,41.074,41.074,4.9,20,20,214,same_worker,23,924290
yjit-off/puma-response-array-256kb/raptor-3r/repeat-1,yjit-off,false,puma-response-array-256kb,puma-response-time-wrk,puma/benchmarks/local/response_time_wrk,https://github.com/puma/puma/blob/main/benchmarks/local/response_time_wrk.rb,raptor-3r,3,raptor,3,,1000,1000,14.512,5.0,1000,1000,13.834,2.0,5,true,1000,0,68.911,41.95,42.948,44.822,3586.815,3768.87,41.074,41.074,5.02,20,20,203,same_worker,17,717635
yjit-off/puma-response-chunk-256kb/raptor-3r/repeat-1,yjit-off,false,puma-response-chunk-256kb,puma-response-time-wrk,puma/benchmarks/local/response_time_wrk,https://github.com/puma/puma/blob/main/benchmarks/local/response_time_wrk.rb,raptor-3r,3,raptor,3,,1000,1000,14.66,5.0,1000,1000,14.319,2.0,5,true,1000,0,68.215,41.956,42.87,43.821,3744.565,3833.356,41.074,41.074,5.175,20,20,206,same_worker,17,716310
yjit-off/puma-response-string-256kb/raptor-3r/repeat-1,yjit-off,false,puma-response-string-256kb,puma-response-time-wrk,puma/benchmarks/local/response_time_wrk,https://github.com/puma/puma/blob/main/benchmarks/local/response_time_wrk.rb,raptor-3r,3,raptor,3,,8369,1000,5.003,5.0,1000,3198,2.003,2.0,5,true,8369,0,1672.896,1.635,2.417,42.503,169.82,210.17,41.074,41.074,6.015,20,20,67,same_worker,149,6019220
yjit-off/puma-response-io-256kb/raptor-3r/repeat-1,yjit-off,false,puma-response-io-256kb,puma-response-time-wrk,puma/benchmarks/local/response_time_wrk,https://github.com/puma/puma/blob/main/benchmarks/local/response_time_wrk.rb,raptor-3r,3,raptor,3,,1000,1000,15.351,5.0,1000,1000,15.389,2.0,5,true,1000,0,65.142,41.971,42.962,43.251,3776.319,3881.306,51.918,51.918,6.57,20,20,215,same_worker,32,1236297
yjit-off/puma-response-array-512kb/raptor-3r/repeat-1,yjit-off,false,puma-response-array-512kb,puma-response-time-wrk,puma/benchmarks/local/response_time_wrk,https://github.com/puma/puma/blob/main/benchmarks/local/response_time_wrk.rb,raptor-3r,3,raptor,3,,1000,1000,15.543,5.0,1000,1000,15.436,2.0,5,true,1000,0,64.337,42.0,43.149,44.494,3884.452,3972.837,51.918,51.918,6.81,20,20,217,same_worker,17,719317
yjit-off/puma-response-chunk-512kb/raptor-3r/repeat-1,yjit-off,false,puma-response-chunk-512kb,puma-response-time-wrk,puma/benchmarks/local/response_time_wrk,https://github.com/puma/puma/blob/main/benchmarks/local/response_time_wrk.rb,raptor-3r,3,raptor,3,,1000,1000,15.461,5.0,1000,1000,15.759,2.0,5,true,1000,0,64.68,42.068,43.269,44.336,3783.754,3887.266,51.918,51.918,7.055,20,20,216,same_worker,18,716315
yjit-off/puma-response-string-512kb/raptor-3r/repeat-1,yjit-off,false,puma-response-string-512kb,puma-response-time-wrk,puma/benchmarks/local/response_time_wrk,https://github.com/puma/puma/blob/main/benchmarks/local/response_time_wrk.rb,raptor-3r,3,raptor,3,,6118,1000,5.003,5.0,1000,2564,2.004,2.0,5,true,6118,0,1222.831,2.252,3.797,11.338,251.191,265.063,51.918,51.918,7.61,20,20,66,same_worker,109,4399554
yjit-off/puma-response-io-512kb/raptor-3r/repeat-1,yjit-off,false,puma-response-io-512kb,puma-response-time-wrk,puma/benchmarks/local/response_time_wrk,https://github.com/puma/puma/blob/main/benchmarks/local/response_time_wrk.rb,raptor-3r,3,raptor,3,,1000,1000,15.644,5.0,1000,1000,16.081,2.0,5,true,1000,0,63.921,42.949,43.988,45.099,3949.038,3963.453,51.934,51.934,8.15,20,20,219,same_worker,50,1748457
yjit-off/puma-response-array-1024kb/raptor-3r/repeat-1,yjit-off,false,puma-response-array-1024kb,puma-response-time-wrk,puma/benchmarks/local/response_time_wrk,https://github.com/puma/puma/blob/main/benchmarks/local/response_time_wrk.rb,raptor-3r,3,raptor,3,,1000,1000,16.229,5.0,1000,1000,16.358,2.0,5,true,1000,0,61.617,43.885,44.954,46.217,4079.683,4233.662,51.934,51.934,8.675,20,20,227,same_worker,18,719788
yjit-off/puma-response-chunk-1024kb/raptor-3r/repeat-1,yjit-off,false,puma-response-chunk-1024kb,puma-response-time-wrk,puma/benchmarks/local/response_time_wrk,https://github.com/puma/puma/blob/main/benchmarks/local/response_time_wrk.rb,raptor-3r,3,raptor,3,,1000,1000,16.302,5.0,1000,1000,16.375,2.0,5,true,1000,0,61.34,43.898,45.044,50.564,4042.161,4054.435,51.934,51.934,9.21,20,20,227,same_worker,18,714231
yjit-off/puma-response-string-1024kb/raptor-3r/repeat-1,yjit-off,false,puma-response-string-1024kb,puma-response-time-wrk,puma/benchmarks/local/response_time_wrk,https://github.com/puma/puma/blob/main/benchmarks/local/response_time_wrk.rb,raptor-3r,3,raptor,3,,4510,1000,5.004,5.0,1000,1919,2.004,2.0,5,true,4510,0,901.303,3.042,5.255,16.016,345.742,361.914,53.977,53.977,9.61,20,20,64,same_worker,82,3243933
yjit-off/puma-response-io-1024kb/raptor-3r/repeat-1,yjit-off,false,puma-response-io-1024kb,puma-response-time-wrk,puma/benchmarks/local/response_time_wrk,https://github.com/puma/puma/blob/main/benchmarks/local/response_time_wrk.rb,raptor-3r,3,raptor,3,,1000,1000,16.892,5.0,1000,1000,16.725,2.0,5,true,1000,0,59.199,44.815,45.98,47.297,4170.364,4208.037,68.371,68.371,10.3,20,20,236,same_worker,84,2772317
yjit-off/puma-response-array-2048kb/raptor-3r/repeat-1,yjit-off,false,puma-response-array-2048kb,puma-response-time-wrk,puma/benchmarks/local/response_time_wrk,https://github.com/puma/puma/blob/main/benchmarks/local/response_time_wrk.rb,raptor-3r,3,raptor,3,,1000,1000,16.967,5.0,1000,1000,17.685,2.0,5,true,1000,0,58.939,46.76,48.26,49.909,4114.911,4321.632,68.371,68.371,11.31,20,20,236,same_worker,18,719321
yjit-off/puma-response-chunk-2048kb/raptor-3r/repeat-1,yjit-off,false,puma-response-chunk-2048kb,puma-response-time-wrk,puma/benchmarks/local/response_time_wrk,https://github.com/puma/puma/blob/main/benchmarks/local/response_time_wrk.rb,raptor-3r,3,raptor,3,,1000,1000,16.91,5.0,1000,1000,17.717,2.0,5,true,1000,0,59.136,46.792,49.107,50.591,4214.656,4215.566,68.371,68.371,12.405,20,20,235,same_worker,18,715929
yjit-off/puma-response-string-2048kb/raptor-3r/repeat-1,yjit-off,false,puma-response-string-2048kb,puma-response-time-wrk,puma/benchmarks/local/response_time_wrk,https://github.com/puma/puma/blob/main/benchmarks/local/response_time_wrk.rb,raptor-3r,3,raptor,3,,3100,1000,5.007,5.0,1000,1238,2.007,2.0,5,true,3100,0,619.145,4.715,6.469,10.148,492.834,512.649,72.133,72.133,12.785,20,20,62,same_worker,56,2229614
yjit-off/puma-response-io-2048kb/raptor-3r/repeat-1,yjit-off,false,puma-response-io-2048kb,puma-response-time-wrk,puma/benchmarks/local/response_time_wrk,https://github.com/puma/puma/blob/main/benchmarks/local/response_time_wrk.rb,raptor-3r,3,raptor,3,,1000,1000,18.057,5.0,1000,1000,18.355,2.0,5,true,1000,0,55.38,47.983,50.997,56.366,4476.635,4492.627,79.496,79.496,13.935,20,20,251,same_worker,163,4821243
yjit-off/puma-long-tail-fib-200ms-x6p0/raptor-3r/repeat-1,yjit-off,false,puma-long-tail-fib-200ms-x6p0,puma-long-tail-hey,puma/benchmarks/local/long_tail_hey + test/rackup/sleep_fibonacci,https://github.com/puma/puma/blob/main/benchmarks/local/long_tail_hey.rb,raptor-3r,3,raptor,3,,363,360,29.045,5.0,360,360,28.81,2.0,18,true,363,0,12.498,242.0,243.509,19639.86,24434.22,24434.844,79.73,79.73,22.77,20,20,397,same_worker,2,63692
yjit-off/puma-long-tail-fib-200ms-x4p0/raptor-3r/repeat-1,yjit-off,false,puma-long-tail-fib-200ms-x4p0,puma-long-tail-hey,puma/benchmarks/local/long_tail_hey + test/rackup/sleep_fibonacci,https://github.com/puma/puma/blob/main/benchmarks/local/long_tail_hey.rb,raptor-3r,3,raptor,3,,243,240,19.438,5.0,240,240,19.2,2.0,12,true,243,0,12.501,241.944,242.905,12816.781,14831.688,14832.503,79.758,79.758,30.535,20,20,266,same_worker,1,41710
yjit-off/puma-long-tail-fib-200ms-x3p0/raptor-3r/repeat-1,yjit-off,false,puma-long-tail-fib-200ms-x3p0,puma-long-tail-hey,puma/benchmarks/local/long_tail_hey + test/rackup/sleep_fibonacci,https://github.com/puma/puma/blob/main/benchmarks/local/long_tail_hey.rb,raptor-3r,3,raptor,3,,183,180,14.641,5.0,180,180,14.398,2.0,9,true,183,0,12.499,241.97,243.297,10036.331,10036.512,10036.537,79.777,79.777,35.66,20,20,200,same_worker,1,32679
yjit-off/puma-long-tail-fib-200ms-x2p0/raptor-3r/repeat-1,yjit-off,false,puma-long-tail-fib-200ms-x2p0,puma-long-tail-hey,puma/benchmarks/local/long_tail_hey + test/rackup/sleep_fibonacci,https://github.com/puma/puma/blob/main/benchmarks/local/long_tail_hey.rb,raptor-3r,3,raptor,3,,123,120,9.846,5.0,120,120,9.602,2.0,6,true,123,0,12.493,242.007,243.173,5240.9,5241.56,5241.573,79.793,79.793,39.015,20,20,135,same_worker,1,21967
yjit-off/puma-long-tail-fib-200ms-x1p5/raptor-3r/repeat-1,yjit-off,false,puma-long-tail-fib-200ms-x1p5,puma-long-tail-hey,puma/benchmarks/local/long_tail_hey + test/rackup/sleep_fibonacci,https://github.com/puma/puma/blob/main/benchmarks/local/long_tail_hey.rb,raptor-3r,3,raptor,3,,103,100,9.838,5.0,100,100,9.597,2.0,5,true,103,0,10.47,241.952,242.89,5141.55,5241.576,5241.583,79.797,79.797,41.49,20,20,136,same_worker,1,16628
yjit-off/puma-long-tail-fib-200ms-x1p0/raptor-3r/repeat-1,yjit-off,false,puma-long-tail-fib-200ms-x1p0,puma-long-tail-hey,puma/benchmarks/local/long_tail_hey + test/rackup/sleep_fibonacci,https://github.com/puma/puma/blob/main/benchmarks/local/long_tail_hey.rb,raptor-3r,3,raptor,3,,63,60,5.043,5.0,60,60,4.8,2.0,3,true,63,0,12.491,241.932,242.323,243.681,243.688,243.689,79.797,79.797,43.025,20,20,70,same_worker,0,10266
yjit-off/puma-long-tail-fib-200ms-x0p5/raptor-3r/repeat-1,yjit-off,false,puma-long-tail-fib-200ms-x0p5,puma-long-tail-hey,puma/benchmarks/local/long_tail_hey + test/rackup/sleep_fibonacci,https://github.com/puma/puma/blob/main/benchmarks/local/long_tail_hey.rb,raptor-3r,3,raptor,3,,42,40,5.04,5.0,40,40,4.797,2.0,2,true,42,0,8.333,241.919,242.172,242.715,242.944,242.97,79.797,79.797,43.945,20,20,71,same_worker,0,5231
yjit-off/puma-sleep-fibonacci-1ms/raptor-3r/repeat-1,yjit-off,false,puma-sleep-fibonacci-1ms,puma-sleep-fibonacci-test,puma/benchmarks/local/sleep_fibonacci_test + test/rackup/sleep_fibonacci,https://github.com/puma/puma/blob/main/benchmarks/local/sleep_fibonacci_test.rb,raptor-3r,3,raptor,3,,122,10,5.011,5.0,10,49,2.021,2.0,1,true,122,0,24.347,41.974,42.908,42.996,43.336,43.383,79.832,79.832,43.925,20,20,71,same_worker,1,24657
yjit-off/puma-sleep-fibonacci-5ms/raptor-3r/repeat-1,yjit-off,false,puma-sleep-fibonacci-5ms,puma-sleep-fibonacci-test,puma/benchmarks/local/sleep_fibonacci_test + test/rackup/sleep_fibonacci,https://github.com/puma/puma/blob/main/benchmarks/local/sleep_fibonacci_test.rb,raptor-3r,3,raptor,3,,110,10,5.035,5.0,10,44,2.025,2.0,1,true,110,0,21.848,46.955,47.069,47.87,47.967,47.972,79.836,79.836,43.655,20,20,72,same_worker,0,19218
yjit-off/puma-sleep-fibonacci-10ms/raptor-3r/repeat-1,yjit-off,false,puma-sleep-fibonacci-10ms,puma-sleep-fibonacci-test,puma/benchmarks/local/sleep_fibonacci_test + test/rackup/sleep_fibonacci,https://github.com/puma/puma/blob/main/benchmarks/local/sleep_fibonacci_test.rb,raptor-3r,3,raptor,3,,98,10,5.003,5.0,10,40,2.023,2.0,1,true,98,0,19.59,51.046,52.043,52.38,52.876,52.931,79.848,79.848,43.44,20,20,71,same_worker,0,15471
yjit-off/puma-sleep-fibonacci-50ms/raptor-3r/repeat-1,yjit-off,false,puma-sleep-fibonacci-50ms,puma-sleep-fibonacci-test,puma/benchmarks/local/sleep_fibonacci_test + test/rackup/sleep_fibonacci,https://github.com/puma/puma/blob/main/benchmarks/local/sleep_fibonacci_test.rb,raptor-3r,3,raptor,3,,55,10,5.003,5.0,10,23,2.067,2.0,1,true,55,0,10.994,91.906,92.04,92.259,92.403,92.419,79.848,79.848,43.33,20,20,71,same_worker,1,12271
yjit-off/puma-sleep-fibonacci-100ms/raptor-3r/repeat-1,yjit-off,false,puma-sleep-fibonacci-100ms,puma-sleep-fibonacci-test,puma/benchmarks/local/sleep_fibonacci_test + test/rackup/sleep_fibonacci,https://github.com/puma/puma/blob/main/benchmarks/local/sleep_fibonacci_test.rb,raptor-3r,3,raptor,3,,36,10,5.059,5.0,10,15,2.082,2.0,1,true,36,0,7.117,141.921,142.008,142.321,142.464,142.48,79.852,79.852,43.4,20,20,72,same_worker,0,4213
yjit-off/puma-sleep-fibonacci-200ms/raptor-3r/repeat-1,yjit-off,false,puma-sleep-fibonacci-200ms,puma-sleep-fibonacci-test,puma/benchmarks/local/sleep_fibonacci_test + test/rackup/sleep_fibonacci,https://github.com/puma/puma/blob/main/benchmarks/local/sleep_fibonacci_test.rb,raptor-3r,3,raptor,3,,21,10,5.042,5.0,10,10,2.378,2.0,1,true,21,0,4.165,241.981,242.905,242.941,242.949,242.95,79.852,79.852,43.48,20,20,72,same_worker,0,2812
yjit-off/puma-response-array-1kb/raptor-3r/repeat-2,yjit-off,false,puma-response-array-1kb,puma-response-time-wrk,puma/benchmarks/local/response_time_wrk,https://github.com/puma/puma/blob/main/benchmarks/local/response_time_wrk.rb,raptor-3r,3,raptor,3,,1000,1000,16.123,5.0,1000,1000,16.101,2.0,5,true,1000,0,62.022,40.994,41.985,42.771,4037.325,4037.711,29.828,29.828,3.53,20,20,226,same_worker,20,719053
yjit-off/puma-response-chunk-1kb/raptor-3r/repeat-2,yjit-off,false,puma-response-chunk-1kb,puma-response-time-wrk,puma/benchmarks/local/response_time_wrk,https://github.com/puma/puma/blob/main/benchmarks/local/response_time_wrk.rb,raptor-3r,3,raptor,3,,1000,1000,16.182,5.0,1000,1000,16.114,2.0,5,true,1000,0,61.798,41.018,42.198,42.92,4045.274,4062.074,29.914,29.914,2.98,20,20,227,same_worker,20,717946
yjit-off/puma-response-string-1kb/raptor-3r/repeat-2,yjit-off,false,puma-response-string-1kb,puma-response-time-wrk,puma/benchmarks/local/response_time_wrk,https://github.com/puma/puma/blob/main/benchmarks/local/response_time_wrk.rb,raptor-3r,3,raptor,3,,1000,1000,16.177,5.0,1000,1000,16.116,2.0,5,true,1000,0,61.815,41.014,42.213,43.105,4071.761,4078.049,29.918,29.918,2.795,20,20,227,same_worker,20,719312
yjit-off/puma-response-io-1kb/raptor-3r/repeat-2,yjit-off,false,puma-response-io-1kb,puma-response-time-wrk,puma/benchmarks/local/response_time_wrk,https://github.com/puma/puma/blob/main/benchmarks/local/response_time_wrk.rb,raptor-3r,3,raptor,3,,1000,1000,16.159,5.0,1000,1000,16.157,2.0,5,true,1000,0,61.886,40.997,42.151,42.743,4044.217,4053.766,30.051,30.051,2.785,20,20,227,same_worker,19,725924
yjit-off/puma-response-array-10kb/raptor-3r/repeat-2,yjit-off,false,puma-response-array-10kb,puma-response-time-wrk,puma/benchmarks/local/response_time_wrk,https://github.com/puma/puma/blob/main/benchmarks/local/response_time_wrk.rb,raptor-3r,3,raptor,3,,1000,1000,16.149,5.0,1000,1000,16.105,2.0,5,true,1000,0,61.925,40.995,42.075,42.619,4055.45,4100.603,30.051,30.051,2.7,20,20,227,same_worker,19,720704
yjit-off/puma-response-chunk-10kb/raptor-3r/repeat-2,yjit-off,false,puma-response-chunk-10kb,puma-response-time-wrk,puma/benchmarks/local/response_time_wrk,https://github.com/puma/puma/blob/main/benchmarks/local/response_time_wrk.rb,raptor-3r,3,raptor,3,,1000,1000,16.135,5.0,1000,1000,16.099,2.0,5,true,1000,0,61.979,40.987,41.976,42.356,4033.733,4065.993,30.051,30.051,2.7,20,20,226,same_worker,19,716325
yjit-off/puma-response-string-10kb/raptor-3r/repeat-2,yjit-off,false,puma-response-string-10kb,puma-response-time-wrk,puma/benchmarks/local/response_time_wrk,https://github.com/puma/puma/blob/main/benchmarks/local/response_time_wrk.rb,raptor-3r,3,raptor,3,,1000,1000,16.167,5.0,1000,1000,16.104,2.0,5,true,1000,0,61.853,41.006,42.169,42.661,4046.912,4047.422,30.055,30.055,2.695,20,20,227,same_worker,19,718169
yjit-off/puma-response-io-10kb/raptor-3r/repeat-2,yjit-off,false,puma-response-io-10kb,puma-response-time-wrk,puma/benchmarks/local/response_time_wrk,https://github.com/puma/puma/blob/main/benchmarks/local/response_time_wrk.rb,raptor-3r,3,raptor,3,,1000,1000,16.148,5.0,1000,1000,16.116,2.0,5,true,1000,0,61.928,40.996,42.049,42.442,4054.006,4054.664,30.977,30.977,2.7,20,20,227,same_worker,19,744158
yjit-off/puma-response-array-100kb/raptor-3r/repeat-2,yjit-off,false,puma-response-array-100kb,puma-response-time-wrk,puma/benchmarks/local/response_time_wrk,https://github.com/puma/puma/blob/main/benchmarks/local/response_time_wrk.rb,raptor-3r,3,raptor,3,,1000,1000,15.339,5.0,1000,1000,14.782,2.0,5,true,1000,0,65.195,40.979,41.97,42.117,3823.66,3832.019,30.977,30.977,2.8,20,20,215,same_worker,19,719311
yjit-off/puma-response-chunk-100kb/raptor-3r/repeat-2,yjit-off,false,puma-response-chunk-100kb,puma-response-time-wrk,puma/benchmarks/local/response_time_wrk,https://github.com/puma/puma/blob/main/benchmarks/local/response_time_wrk.rb,raptor-3r,3,raptor,3,,1000,1000,15.274,5.0,1000,1000,14.653,2.0,5,true,1000,0,65.471,40.98,41.979,42.543,3758.611,3799.417,30.977,30.977,2.95,20,20,214,same_worker,19,716325
yjit-off/puma-response-string-100kb/raptor-3r/repeat-2,yjit-off,false,puma-response-string-100kb,puma-response-time-wrk,puma/benchmarks/local/response_time_wrk,https://github.com/puma/puma/blob/main/benchmarks/local/response_time_wrk.rb,raptor-3r,3,raptor,3,,10173,1000,5.002,5.0,1000,4259,2.002,2.0,5,true,10173,0,2033.824,1.422,2.042,3.519,144.285,148.902,31.293,31.293,4.21,20,20,67,same_worker,195,7317194
yjit-off/puma-response-io-100kb/raptor-3r/repeat-2,yjit-off,false,puma-response-io-100kb,puma-response-time-wrk,puma/benchmarks/local/response_time_wrk,https://github.com/puma/puma/blob/main/benchmarks/local/response_time_wrk.rb,raptor-3r,3,raptor,3,,1000,1000,15.297,5.0,1000,1000,15.332,2.0,5,true,1000,0,65.373,40.99,41.996,42.99,3734.789,3770.014,39.492,39.492,4.9,20,20,215,same_worker,26,925347
yjit-off/puma-response-array-256kb/raptor-3r/repeat-2,yjit-off,false,puma-response-array-256kb,puma-response-time-wrk,puma/benchmarks/local/response_time_wrk,https://github.com/puma/puma/blob/main/benchmarks/local/response_time_wrk.rb,raptor-3r,3,raptor,3,,1000,1000,15.194,5.0,1000,1000,14.632,2.0,5,true,1000,0,65.817,41.955,42.468,43.225,3793.297,3952.007,39.492,39.492,5.01,20,20,213,same_worker,19,719622
yjit-off/puma-response-chunk-256kb/raptor-3r/repeat-2,yjit-off,false,puma-response-chunk-256kb,puma-response-time-wrk,puma/benchmarks/local/response_time_wrk,https://github.com/puma/puma/blob/main/benchmarks/local/response_time_wrk.rb,raptor-3r,3,raptor,3,,1000,1000,14.317,5.0,1000,1000,14.798,2.0,5,true,1000,0,69.845,41.944,42.938,43.394,3665.32,3665.835,39.492,39.492,5.175,20,20,201,same_worker,20,718004
yjit-off/puma-response-string-256kb/raptor-3r/repeat-2,yjit-off,false,puma-response-string-256kb,puma-response-time-wrk,puma/benchmarks/local/response_time_wrk,https://github.com/puma/puma/blob/main/benchmarks/local/response_time_wrk.rb,raptor-3r,3,raptor,3,,7764,1000,5.002,5.0,1000,3159,2.003,2.0,5,true,7764,0,1552.179,1.717,2.696,42.957,189.894,239.362,39.492,39.492,5.97,20,20,67,same_worker,151,5583342
yjit-off/puma-response-io-256kb/raptor-3r/repeat-2,yjit-off,false,puma-response-io-256kb,puma-response-time-wrk,puma/benchmarks/local/response_time_wrk,https://github.com/puma/puma/blob/main/benchmarks/local/response_time_wrk.rb,raptor-3r,3,raptor,3,,1000,1000,15.469,5.0,1000,1000,15.359,2.0,5,true,1000,0,64.645,41.972,42.956,43.953,3848.829,3938.948,47.168,47.168,6.49,20,20,217,same_worker,37,1237497
yjit-off/puma-response-array-512kb/raptor-3r/repeat-2,yjit-off,false,puma-response-array-512kb,puma-response-time-wrk,puma/benchmarks/local/response_time_wrk,https://github.com/puma/puma/blob/main/benchmarks/local/response_time_wrk.rb,raptor-3r,3,raptor,3,,1000,1000,14.8,5.0,1000,1000,15.463,2.0,5,true,1000,0,67.568,42.0,43.144,44.709,3580.414,3815.505,44.895,44.895,6.74,20,20,207,same_worker,20,718488
yjit-off/puma-response-chunk-512kb/raptor-3r/repeat-2,yjit-off,false,puma-response-chunk-512kb,puma-response-time-wrk,puma/benchmarks/local/response_time_wrk,https://github.com/puma/puma/blob/main/benchmarks/local/response_time_wrk.rb,raptor-3r,3,raptor,3,,1000,1000,15.398,5.0,1000,1000,16.117,2.0,5,true,1000,0,64.945,41.988,43.238,44.848,3955.125,3993.485,44.895,44.895,6.965,20,20,216,same_worker,20,715037
yjit-off/puma-response-string-512kb/raptor-3r/repeat-2,yjit-off,false,puma-response-string-512kb,puma-response-time-wrk,puma/benchmarks/local/response_time_wrk,https://github.com/puma/puma/blob/main/benchmarks/local/response_time_wrk.rb,raptor-3r,3,raptor,3,,6345,1000,5.002,5.0,1000,2639,2.003,2.0,5,true,6345,0,1268.398,2.151,3.323,33.508,228.224,246.263,45.387,45.387,7.515,20,20,66,same_worker,125,4562125
yjit-off/puma-response-io-512kb/raptor-3r/repeat-2,yjit-off,false,puma-response-io-512kb,puma-response-time-wrk,puma/benchmarks/local/response_time_wrk,https://github.com/puma/puma/blob/main/benchmarks/local/response_time_wrk.rb,raptor-3r,3,raptor,3,,1000,1000,15.584,5.0,1000,1000,16.02,2.0,5,true,1000,0,64.168,42.948,43.967,45.298,3926.079,4019.151,52.227,52.227,8.065,20,20,218,same_worker,56,1748441
yjit-off/puma-response-array-1024kb/raptor-3r/repeat-2,yjit-off,false,puma-response-array-1024kb,puma-response-time-wrk,puma/benchmarks/local/response_time_wrk,https://github.com/puma/puma/blob/main/benchmarks/local/response_time_wrk.rb,raptor-3r,3,raptor,3,,1000,1000,15.8,5.0,1000,1000,16.526,2.0,5,true,1000,0,63.291,43.826,45.02,46.597,3828.816,3947.958,52.227,52.227,8.605,20,20,220,same_worker,20,717797
yjit-off/puma-response-chunk-1024kb/raptor-3r/repeat-2,yjit-off,false,puma-response-chunk-1024kb,puma-response-time-wrk,puma/benchmarks/local/response_time_wrk,https://github.com/puma/puma/blob/main/benchmarks/local/response_time_wrk.rb,raptor-3r,3,raptor,3,,1000,1000,15.648,5.0,1000,1000,16.064,2.0,5,true,1000,0,63.905,43.93,45.028,46.74,3771.199,4076.808,52.227,52.227,9.185,20,20,218,same_worker,20,715366
yjit-off/puma-response-string-1024kb/raptor-3r/repeat-2,yjit-off,false,puma-response-string-1024kb,puma-response-time-wrk,puma/benchmarks/local/response_time_wrk,https://github.com/puma/puma/blob/main/benchmarks/local/response_time_wrk.rb,raptor-3r,3,raptor,3,,4485,1000,5.005,5.0,1000,1925,2.004,2.0,5,true,4485,0,896.169,3.097,4.98,14.353,340.143,360.528,54.363,54.363,9.6,20,20,65,same_worker,89,3224788
yjit-off/puma-response-io-1024kb/raptor-3r/repeat-2,yjit-off,false,puma-response-io-1024kb,puma-response-time-wrk,puma/benchmarks/local/response_time_wrk,https://github.com/puma/puma/blob/main/benchmarks/local/response_time_wrk.rb,raptor-3r,3,raptor,3,,1000,1000,16.514,5.0,1000,1000,16.875,2.0,5,true,1000,0,60.556,44.929,46.437,49.624,4159.879,4200.474,65.996,65.996,10.34,20,20,230,same_worker,94,2772168
yjit-off/puma-response-array-2048kb/raptor-3r/repeat-2,yjit-off,false,puma-response-array-2048kb,puma-response-time-wrk,puma/benchmarks/local/response_time_wrk,https://github.com/puma/puma/blob/main/benchmarks/local/response_time_wrk.rb,raptor-3r,3,raptor,3,,1000,1000,16.656,5.0,1000,1000,17.513,2.0,5,true,1000,0,60.039,46.252,48.601,49.992,4148.9,4270.632,56.051,56.051,11.395,20,20,231,same_worker,20,717896
yjit-off/puma-response-chunk-2048kb/raptor-3r/repeat-2,yjit-off,false,puma-response-chunk-2048kb,puma-response-time-wrk,puma/benchmarks/local/response_time_wrk,https://github.com/puma/puma/blob/main/benchmarks/local/response_time_wrk.rb,raptor-3r,3,raptor,3,,1000,1000,16.907,5.0,1000,1000,17.426,2.0,5,true,1000,0,59.147,46.936,48.67,51.031,4179.323,4269.513,56.051,56.051,12.51,20,20,235,same_worker,20,716317
yjit-off/puma-response-string-2048kb/raptor-3r/repeat-2,yjit-off,false,puma-response-string-2048kb,puma-response-time-wrk,puma/benchmarks/local/response_time_wrk,https://github.com/puma/puma/blob/main/benchmarks/local/response_time_wrk.rb,raptor-3r,3,raptor,3,,3072,1000,5.008,5.0,1000,1315,2.006,2.0,5,true,3072,0,613.467,4.816,6.317,10.1,496.834,508.474,62.063,62.063,12.895,20,20,62,same_worker,62,2209061
yjit-off/puma-response-io-2048kb/raptor-3r/repeat-2,yjit-off,false,puma-response-io-2048kb,puma-response-time-wrk,puma/benchmarks/local/response_time_wrk,https://github.com/puma/puma/blob/main/benchmarks/local/response_time_wrk.rb,raptor-3r,3,raptor,3,,1000,1000,17.812,5.0,1000,1000,18.215,2.0,5,true,1000,0,56.142,47.97,51.055,53.674,4339.878,4380.363,72.625,70.832,14.045,20,20,248,same_worker,174,4821098
yjit-off/puma-long-tail-fib-200ms-x6p0/raptor-3r/repeat-2,yjit-off,false,puma-long-tail-fib-200ms-x6p0,puma-long-tail-hey,puma/benchmarks/local/long_tail_hey + test/rackup/sleep_fibonacci,https://github.com/puma/puma/blob/main/benchmarks/local/long_tail_hey.rb,raptor-3r,3,raptor,3,,363,360,29.04,5.0,360,360,28.801,2.0,18,true,363,0,12.5,241.992,243.664,19635.833,24433.735,24433.83,71.098,71.098,22.88,20,20,396,same_worker,2,67102
yjit-off/puma-long-tail-fib-200ms-x4p0/raptor-3r/repeat-2,yjit-off,false,puma-long-tail-fib-200ms-x4p0,puma-long-tail-hey,puma/benchmarks/local/long_tail_hey + test/rackup/sleep_fibonacci,https://github.com/puma/puma/blob/main/benchmarks/local/long_tail_hey.rb,raptor-3r,3,raptor,3,,243,240,19.438,5.0,240,240,19.202,2.0,12,true,243,0,12.501,241.949,243.593,12814.927,14831.497,14831.514,71.113,71.113,30.645,20,20,266,same_worker,1,41345
yjit-off/puma-long-tail-fib-200ms-x3p0/raptor-3r/repeat-2,yjit-off,false,puma-long-tail-fib-200ms-x3p0,puma-long-tail-hey,puma/benchmarks/local/long_tail_hey + test/rackup/sleep_fibonacci,https://github.com/puma/puma/blob/main/benchmarks/local/long_tail_hey.rb,raptor-3r,3,raptor,3,,183,180,14.641,5.0,180,180,14.4,2.0,9,true,183,0,12.499,241.986,243.004,10032.038,10032.994,10033.174,71.137,71.137,35.775,20,20,200,same_worker,1,31857
yjit-off/puma-long-tail-fib-200ms-x2p0/raptor-3r/repeat-2,yjit-off,false,puma-long-tail-fib-200ms-x2p0,puma-long-tail-hey,puma/benchmarks/local/long_tail_hey + test/rackup/sleep_fibonacci,https://github.com/puma/puma/blob/main/benchmarks/local/long_tail_hey.rb,raptor-3r,3,raptor,3,,123,120,9.842,5.0,120,120,9.599,2.0,6,true,123,0,12.498,241.944,243.504,5240.11,5240.834,5240.841,71.145,71.145,39.125,20,20,135,same_worker,1,21926
yjit-off/puma-long-tail-fib-200ms-x1p5/raptor-3r/repeat-2,yjit-off,false,puma-long-tail-fib-200ms-x1p5,puma-long-tail-hey,puma/benchmarks/local/long_tail_hey + test/rackup/sleep_fibonacci,https://github.com/puma/puma/blob/main/benchmarks/local/long_tail_hey.rb,raptor-3r,3,raptor,3,,103,100,9.832,5.0,100,100,9.596,2.0,5,true,103,0,10.476,241.868,242.508,5131.617,5231.739,5231.779,71.148,71.148,41.615,20,20,136,same_worker,1,18477
yjit-off/puma-long-tail-fib-200ms-x1p0/raptor-3r/repeat-2,yjit-off,false,puma-long-tail-fib-200ms-x1p0,puma-long-tail-hey,puma/benchmarks/local/long_tail_hey + test/rackup/sleep_fibonacci,https://github.com/puma/puma/blob/main/benchmarks/local/long_tail_hey.rb,raptor-3r,3,raptor,3,,63,60,5.043,5.0,60,60,4.803,2.0,3,true,63,0,12.493,242.006,242.574,242.841,243.131,243.163,71.148,71.148,43.13,20,20,70,same_worker,0,11770
yjit-off/puma-long-tail-fib-200ms-x0p5/raptor-3r/repeat-2,yjit-off,false,puma-long-tail-fib-200ms-x0p5,puma-long-tail-hey,puma/benchmarks/local/long_tail_hey + test/rackup/sleep_fibonacci,https://github.com/puma/puma/blob/main/benchmarks/local/long_tail_hey.rb,raptor-3r,3,raptor,3,,42,40,5.039,5.0,40,40,4.798,2.0,2,true,42,0,8.335,241.953,242.181,242.397,242.521,242.535,71.148,71.148,44.045,20,20,71,same_worker,0,7984
yjit-off/puma-sleep-fibonacci-1ms/raptor-3r/repeat-2,yjit-off,false,puma-sleep-fibonacci-1ms,puma-sleep-fibonacci-test,puma/benchmarks/local/sleep_fibonacci_test + test/rackup/sleep_fibonacci,https://github.com/puma/puma/blob/main/benchmarks/local/sleep_fibonacci_test.rb,raptor-3r,3,raptor,3,,122,10,5.007,5.0,10,49,2.017,2.0,1,true,122,0,24.367,41.97,42.277,42.975,43.05,43.06,71.18,71.18,44.035,20,20,71,same_worker,1,22325
yjit-off/puma-sleep-fibonacci-5ms/raptor-3r/repeat-2,yjit-off,false,puma-sleep-fibonacci-5ms,puma-sleep-fibonacci-test,puma/benchmarks/local/sleep_fibonacci_test + test/rackup/sleep_fibonacci,https://github.com/puma/puma/blob/main/benchmarks/local/sleep_fibonacci_test.rb,raptor-3r,3,raptor,3,,109,10,5.001,5.0,10,44,2.014,2.0,1,true,109,0,21.797,46.969,47.383,47.912,47.936,47.939,71.188,71.188,43.765,20,20,71,same_worker,0,19385
yjit-off/puma-sleep-fibonacci-10ms/raptor-3r/repeat-2,yjit-off,false,puma-sleep-fibonacci-10ms,puma-sleep-fibonacci-test,puma/benchmarks/local/sleep_fibonacci_test + test/rackup/sleep_fibonacci,https://github.com/puma/puma/blob/main/benchmarks/local/sleep_fibonacci_test.rb,raptor-3r,3,raptor,3,,99,10,5.038,5.0,10,40,2.018,2.0,1,true,99,0,19.652,50.98,51.972,51.99,52.025,52.029,71.199,71.199,43.545,20,20,72,same_worker,0,15465
yjit-off/puma-sleep-fibonacci-50ms/raptor-3r/repeat-2,yjit-off,false,puma-sleep-fibonacci-50ms,puma-sleep-fibonacci-test,puma/benchmarks/local/sleep_fibonacci_test + test/rackup/sleep_fibonacci,https://github.com/puma/puma/blob/main/benchmarks/local/sleep_fibonacci_test.rb,raptor-3r,3,raptor,3,,55,10,5.005,5.0,10,23,2.068,2.0,1,true,55,0,10.989,91.931,92.058,92.945,92.985,92.99,71.199,71.199,43.455,20,20,71,same_worker,1,11059
yjit-off/puma-sleep-fibonacci-100ms/raptor-3r/repeat-2,yjit-off,false,puma-sleep-fibonacci-100ms,puma-sleep-fibonacci-test,puma/benchmarks/local/sleep_fibonacci_test + test/rackup/sleep_fibonacci,https://github.com/puma/puma/blob/main/benchmarks/local/sleep_fibonacci_test.rb,raptor-3r,3,raptor,3,,36,10,5.071,5.0,10,15,2.088,2.0,1,true,36,0,7.099,141.935,142.033,144.825,146.176,146.326,71.203,71.203,43.5,20,20,72,same_worker,0,5231
yjit-off/puma-sleep-fibonacci-200ms/raptor-3r/repeat-2,yjit-off,false,puma-sleep-fibonacci-200ms,puma-sleep-fibonacci-test,puma/benchmarks/local/sleep_fibonacci_test + test/rackup/sleep_fibonacci,https://github.com/puma/puma/blob/main/benchmarks/local/sleep_fibonacci_test.rb,raptor-3r,3,raptor,3,,21,10,5.037,5.0,10,10,2.379,2.0,1,true,21,0,4.169,241.935,241.975,241.996,242.001,242.002,71.207,71.207,43.58,20,20,72,same_worker,0,2177
yjit-off/puma-response-array-1kb/raptor-3r/repeat-3,yjit-off,false,puma-response-array-1kb,puma-response-time-wrk,puma/benchmarks/local/response_time_wrk,https://github.com/puma/puma/blob/main/benchmarks/local/response_time_wrk.rb,raptor-3r,3,raptor,3,,1000,1000,16.132,5.0,1000,1000,16.094,2.0,5,true,1000,0,61.987,40.994,42.005,42.432,4039.41,4040.736,29.828,29.828,3.495,20,20,227,same_worker,18,719644
yjit-off/puma-response-chunk-1kb/raptor-3r/repeat-3,yjit-off,false,puma-response-chunk-1kb,puma-response-time-wrk,puma/benchmarks/local/response_time_wrk,https://github.com/puma/puma/blob/main/benchmarks/local/response_time_wrk.rb,raptor-3r,3,raptor,3,,1000,1000,16.235,5.0,1000,1000,16.194,2.0,5,true,1000,0,61.596,41.167,42.399,43.007,4072.573,4074.837,30.117,30.117,2.975,20,20,228,same_worker,18,714021
yjit-off/puma-response-string-1kb/raptor-3r/repeat-3,yjit-off,false,puma-response-string-1kb,puma-response-time-wrk,puma/benchmarks/local/response_time_wrk,https://github.com/puma/puma/blob/main/benchmarks/local/response_time_wrk.rb,raptor-3r,3,raptor,3,,1000,1000,16.138,5.0,1000,1000,16.11,2.0,5,true,1000,0,61.964,40.995,41.989,42.872,4048.488,4049.893,30.195,30.195,2.785,20,20,227,same_worker,17,718468
yjit-off/puma-response-io-1kb/raptor-3r/repeat-3,yjit-off,false,puma-response-io-1kb,puma-response-time-wrk,puma/benchmarks/local/response_time_wrk,https://github.com/puma/puma/blob/main/benchmarks/local/response_time_wrk.rb,raptor-3r,3,raptor,3,,1000,1000,16.194,5.0,1000,1000,16.122,2.0,5,true,1000,0,61.752,41.032,42.282,42.998,4073.057,4073.361,30.277,30.277,2.735,20,20,227,same_worker,18,727040
yjit-off/puma-response-array-10kb/raptor-3r/repeat-3,yjit-off,false,puma-response-array-10kb,puma-response-time-wrk,puma/benchmarks/local/response_time_wrk,https://github.com/puma/puma/blob/main/benchmarks/local/response_time_wrk.rb,raptor-3r,3,raptor,3,,1000,1000,16.199,5.0,1000,1000,16.171,2.0,5,true,1000,0,61.733,41.03,42.254,43.658,4069.951,4073.008,30.301,30.301,2.7,20,20,227,same_worker,17,720490
yjit-off/puma-response-chunk-10kb/raptor-3r/repeat-3,yjit-off,false,puma-response-chunk-10kb,puma-response-time-wrk,puma/benchmarks/local/response_time_wrk,https://github.com/puma/puma/blob/main/benchmarks/local/response_time_wrk.rb,raptor-3r,3,raptor,3,,1000,1000,16.154,5.0,1000,1000,16.161,2.0,5,true,1000,0,61.905,40.998,42.088,42.742,4039.504,4044.309,30.328,30.328,2.7,20,20,227,same_worker,18,715849
yjit-off/puma-response-string-10kb/raptor-3r/repeat-3,yjit-off,false,puma-response-string-10kb,puma-response-time-wrk,puma/benchmarks/local/response_time_wrk,https://github.com/puma/puma/blob/main/benchmarks/local/response_time_wrk.rb,raptor-3r,3,raptor,3,,1000,1000,16.134,5.0,1000,1000,16.101,2.0,5,true,1000,0,61.982,40.997,41.983,42.39,4043.651,4045.484,30.363,30.363,2.69,20,20,227,same_worker,17,716872
yjit-off/puma-response-io-10kb/raptor-3r/repeat-3,yjit-off,false,puma-response-io-10kb,puma-response-time-wrk,puma/benchmarks/local/response_time_wrk,https://github.com/puma/puma/blob/main/benchmarks/local/response_time_wrk.rb,raptor-3r,3,raptor,3,,1000,1000,16.18,5.0,1000,1000,16.11,2.0,5,true,1000,0,61.805,40.992,42.011,42.552,4037.767,4080.31,30.883,30.883,2.695,20,20,227,same_worker,18,744493
yjit-off/puma-response-array-100kb/raptor-3r/repeat-3,yjit-off,false,puma-response-array-100kb,puma-response-time-wrk,puma/benchmarks/local/response_time_wrk,https://github.com/puma/puma/blob/main/benchmarks/local/response_time_wrk.rb,raptor-3r,3,raptor,3,,1000,1000,15.139,5.0,1000,1000,13.6,2.0,5,true,1000,0,66.056,40.978,41.971,42.289,3835.875,3950.58,31.0,31.0,2.795,20,20,213,same_worker,18,718140
yjit-off/puma-response-chunk-100kb/raptor-3r/repeat-3,yjit-off,false,puma-response-chunk-100kb,puma-response-time-wrk,puma/benchmarks/local/response_time_wrk,https://github.com/puma/puma/blob/main/benchmarks/local/response_time_wrk.rb,raptor-3r,3,raptor,3,,1000,1000,14.272,5.0,1000,1000,15.283,2.0,5,true,1000,0,70.066,40.981,41.975,42.549,3847.302,3850.219,31.02,31.02,2.915,20,20,201,same_worker,18,714898
yjit-off/puma-response-string-100kb/raptor-3r/repeat-3,yjit-off,false,puma-response-string-100kb,puma-response-time-wrk,puma/benchmarks/local/response_time_wrk,https://github.com/puma/puma/blob/main/benchmarks/local/response_time_wrk.rb,raptor-3r,3,raptor,3,,10161,1000,5.002,5.0,1000,4173,2.001,2.0,5,true,10161,0,2031.346,1.418,2.057,3.426,147.1,153.846,31.504,31.504,4.16,20,20,67,same_worker,180,7307720
yjit-off/puma-response-io-100kb/raptor-3r/repeat-3,yjit-off,false,puma-response-io-100kb,puma-response-time-wrk,puma/benchmarks/local/response_time_wrk,https://github.com/puma/puma/blob/main/benchmarks/local/response_time_wrk.rb,raptor-3r,3,raptor,3,,1000,1000,14.943,5.0,1000,1000,15.12,2.0,5,true,1000,0,66.921,40.988,41.99,42.939,3804.839,3847.326,40.738,40.738,4.8,20,20,210,same_worker,24,925314
yjit-off/puma-response-array-256kb/raptor-3r/repeat-3,yjit-off,false,puma-response-array-256kb,puma-response-time-wrk,puma/benchmarks/local/response_time_wrk,https://github.com/puma/puma/blob/main/benchmarks/local/response_time_wrk.rb,raptor-3r,3,raptor,3,,1000,1000,14.335,5.0,1000,1000,13.945,2.0,5,true,1000,0,69.757,41.94,42.602,43.185,3740.604,3748.447,40.738,40.738,4.975,20,20,201,same_worker,18,717849
yjit-off/puma-response-chunk-256kb/raptor-3r/repeat-3,yjit-off,false,puma-response-chunk-256kb,puma-response-time-wrk,puma/benchmarks/local/response_time_wrk,https://github.com/puma/puma/blob/main/benchmarks/local/response_time_wrk.rb,raptor-3r,3,raptor,3,,1000,1000,15.051,5.0,1000,1000,14.683,2.0,5,true,1000,0,66.439,41.95,42.836,43.234,3789.406,3872.385,40.738,40.738,5.15,20,20,211,same_worker,17,716318
yjit-off/puma-response-string-256kb/raptor-3r/repeat-3,yjit-off,false,puma-response-string-256kb,puma-response-time-wrk,puma/benchmarks/local/response_time_wrk,https://github.com/puma/puma/blob/main/benchmarks/local/response_time_wrk.rb,raptor-3r,3,raptor,3,,7999,1000,5.038,5.0,1000,3120,2.002,2.0,5,true,7999,0,1587.849,1.664,2.56,42.382,186.731,220.054,40.762,40.762,5.94,20,20,67,same_worker,142,5751504
yjit-off/puma-response-io-256kb/raptor-3r/repeat-3,yjit-off,false,puma-response-io-256kb,puma-response-time-wrk,puma/benchmarks/local/response_time_wrk,https://github.com/puma/puma/blob/main/benchmarks/local/response_time_wrk.rb,raptor-3r,3,raptor,3,,1000,1000,14.646,5.0,1000,1000,15.172,2.0,5,true,1000,0,68.279,41.97,42.912,43.026,3813.17,3972.261,51.059,51.059,6.48,20,20,206,same_worker,34,1237601
yjit-off/puma-response-array-512kb/raptor-3r/repeat-3,yjit-off,false,puma-response-array-512kb,puma-response-time-wrk,puma/benchmarks/local/response_time_wrk,https://github.com/puma/puma/blob/main/benchmarks/local/response_time_wrk.rb,raptor-3r,3,raptor,3,,1000,1000,15.756,5.0,1000,1000,15.361,2.0,5,true,1000,0,63.468,42.004,43.207,44.726,3960.018,3962.71,51.059,51.059,6.73,20,20,221,same_worker,18,719313
yjit-off/puma-response-chunk-512kb/raptor-3r/repeat-3,yjit-off,false,puma-response-chunk-512kb,puma-response-time-wrk,puma/benchmarks/local/response_time_wrk,https://github.com/puma/puma/blob/main/benchmarks/local/response_time_wrk.rb,raptor-3r,3,raptor,3,,1000,1000,15.213,5.0,1000,1000,15.377,2.0,5,true,1000,0,65.732,42.015,43.57,44.397,3631.337,3977.994,51.059,51.059,6.975,20,20,213,same_worker,18,716321
yjit-off/puma-response-string-512kb/raptor-3r/repeat-3,yjit-off,false,puma-response-string-512kb,puma-response-time-wrk,puma/benchmarks/local/response_time_wrk,https://github.com/puma/puma/blob/main/benchmarks/local/response_time_wrk.rb,raptor-3r,3,raptor,3,,6187,1000,5.005,5.0,1000,2676,2.004,2.0,5,true,6187,0,1236.144,2.176,3.394,15.053,242.38,267.593,47.117,47.117,7.6,20,20,66,same_worker,111,4447892
yjit-off/puma-response-io-512kb/raptor-3r/repeat-3,yjit-off,false,puma-response-io-512kb,puma-response-time-wrk,puma/benchmarks/local/response_time_wrk,https://github.com/puma/puma/blob/main/benchmarks/local/response_time_wrk.rb,raptor-3r,3,raptor,3,,1000,1000,15.932,5.0,1000,1000,15.709,2.0,5,true,1000,0,62.766,42.952,43.969,45.273,3987.953,3995.774,55.313,55.293,8.21,20,20,223,same_worker,50,1748245
yjit-off/puma-response-array-1024kb/raptor-3r/repeat-3,yjit-off,false,puma-response-array-1024kb,puma-response-time-wrk,puma/benchmarks/local/response_time_wrk,https://github.com/puma/puma/blob/main/benchmarks/local/response_time_wrk.rb,raptor-3r,3,raptor,3,,1000,1000,15.444,5.0,1000,1000,15.836,2.0,5,true,1000,0,64.748,43.927,45.4,53.735,3877.244,3885.723,55.293,55.293,8.79,20,20,215,same_worker,18,719935
yjit-off/puma-response-chunk-1024kb/raptor-3r/repeat-3,yjit-off,false,puma-response-chunk-1024kb,puma-response-time-wrk,puma/benchmarks/local/response_time_wrk,https://github.com/puma/puma/blob/main/benchmarks/local/response_time_wrk.rb,raptor-3r,3,raptor,3,,1000,1000,15.451,5.0,1000,1000,15.715,2.0,5,true,1000,0,64.721,43.927,45.18,47.741,3854.295,4029.338,55.293,55.293,9.395,20,20,215,same_worker,18,714964
yjit-off/puma-response-string-1024kb/raptor-3r/repeat-3,yjit-off,false,puma-response-string-1024kb,puma-response-time-wrk,puma/benchmarks/local/response_time_wrk,https://github.com/puma/puma/blob/main/benchmarks/local/response_time_wrk.rb,raptor-3r,3,raptor,3,,4533,1000,5.005,5.0,1000,1802,2.018,2.0,5,true,4533,0,905.613,3.021,5.012,16.406,343.351,366.589,56.113,56.113,9.785,20,20,64,same_worker,82,3259642
yjit-off/puma-response-io-1024kb/raptor-3r/repeat-3,yjit-off,false,puma-response-io-1024kb,puma-response-time-wrk,puma/benchmarks/local/response_time_wrk,https://github.com/puma/puma/blob/main/benchmarks/local/response_time_wrk.rb,raptor-3r,3,raptor,3,,1000,1000,15.969,5.0,1000,1000,16.799,2.0,5,true,1000,0,62.623,44.524,46.173,57.43,3971.994,4072.843,65.168,65.168,10.495,20,20,222,same_worker,84,2773579
yjit-off/puma-response-array-2048kb/raptor-3r/repeat-3,yjit-off,false,puma-response-array-2048kb,puma-response-time-wrk,puma/benchmarks/local/response_time_wrk,https://github.com/puma/puma/blob/main/benchmarks/local/response_time_wrk.rb,raptor-3r,3,raptor,3,,1000,1000,16.3,5.0,1000,1000,17.04,2.0,5,true,1000,0,61.35,46.9,48.985,52.59,4022.088,4133.326,65.168,65.168,11.585,20,20,226,same_worker,18,718037
yjit-off/puma-response-chunk-2048kb/raptor-3r/repeat-3,yjit-off,false,puma-response-chunk-2048kb,puma-response-time-wrk,puma/benchmarks/local/response_time_wrk,https://github.com/puma/puma/blob/main/benchmarks/local/response_time_wrk.rb,raptor-3r,3,raptor,3,,1000,1000,16.781,5.0,1000,1000,17.333,2.0,5,true,1000,0,59.591,46.783,48.938,52.949,4155.899,4256.244,65.168,65.168,12.675,20,20,232,same_worker,18,716311
yjit-off/puma-response-string-2048kb/raptor-3r/repeat-3,yjit-off,false,puma-response-string-2048kb,puma-response-time-wrk,puma/benchmarks/local/response_time_wrk,https://github.com/puma/puma/blob/main/benchmarks/local/response_time_wrk.rb,raptor-3r,3,raptor,3,,3002,1000,5.005,5.0,1000,1174,2.032,2.0,5,true,3002,0,599.757,4.866,6.658,11.135,512.477,526.387,69.176,69.176,13.05,20,20,62,same_worker,54,2156366
yjit-off/puma-response-io-2048kb/raptor-3r/repeat-3,yjit-off,false,puma-response-io-2048kb,puma-response-time-wrk,puma/benchmarks/local/response_time_wrk,https://github.com/puma/puma/blob/main/benchmarks/local/response_time_wrk.rb,raptor-3r,3,raptor,3,,1000,1000,17.831,5.0,1000,1000,18.199,2.0,5,true,1000,0,56.083,47.965,51.007,56.124,4419.899,4468.479,76.023,76.023,14.235,20,20,247,same_worker,162,4820639
yjit-off/puma-long-tail-fib-200ms-x6p0/raptor-3r/repeat-3,yjit-off,false,puma-long-tail-fib-200ms-x6p0,puma-long-tail-hey,puma/benchmarks/local/long_tail_hey + test/rackup/sleep_fibonacci,https://github.com/puma/puma/blob/main/benchmarks/local/long_tail_hey.rb,raptor-3r,3,raptor,3,,363,360,29.041,5.0,360,360,28.81,2.0,18,true,363,0,12.5,241.967,243.897,19634.525,24431.752,24431.823,76.305,76.305,23.13,20,20,395,same_worker,2,65584
yjit-off/puma-long-tail-fib-200ms-x4p0/raptor-3r/repeat-3,yjit-off,false,puma-long-tail-fib-200ms-x4p0,puma-long-tail-hey,puma/benchmarks/local/long_tail_hey + test/rackup/sleep_fibonacci,https://github.com/puma/puma/blob/main/benchmarks/local/long_tail_hey.rb,raptor-3r,3,raptor,3,,243,240,19.447,5.0,240,240,19.204,2.0,12,true,243,0,12.496,241.984,243.197,12821.462,14837.091,14837.121,76.316,76.316,30.945,20,20,265,same_worker,1,41569
yjit-off/puma-long-tail-fib-200ms-x3p0/raptor-3r/repeat-3,yjit-off,false,puma-long-tail-fib-200ms-x3p0,puma-long-tail-hey,puma/benchmarks/local/long_tail_hey + test/rackup/sleep_fibonacci,https://github.com/puma/puma/blob/main/benchmarks/local/long_tail_hey.rb,raptor-3r,3,raptor,3,,183,180,14.632,5.0,180,180,14.402,2.0,9,true,183,0,12.507,241.944,243.048,10028.543,10035.186,10036.217,76.316,76.316,36.11,20,20,200,same_worker,1,31971
yjit-off/puma-long-tail-fib-200ms-x2p0/raptor-3r/repeat-3,yjit-off,false,puma-long-tail-fib-200ms-x2p0,puma-long-tail-hey,puma/benchmarks/local/long_tail_hey + test/rackup/sleep_fibonacci,https://github.com/puma/puma/blob/main/benchmarks/local/long_tail_hey.rb,raptor-3r,3,raptor,3,,123,120,9.842,5.0,120,120,9.602,2.0,6,true,123,0,12.498,241.941,242.891,5238.748,5239.678,5239.769,76.336,76.336,39.495,20,20,136,same_worker,1,22449
yjit-off/puma-long-tail-fib-200ms-x1p5/raptor-3r/repeat-3,yjit-off,false,puma-long-tail-fib-200ms-x1p5,puma-long-tail-hey,puma/benchmarks/local/long_tail_hey + test/rackup/sleep_fibonacci,https://github.com/puma/puma/blob/main/benchmarks/local/long_tail_hey.rb,raptor-3r,3,raptor,3,,103,100,9.838,5.0,100,100,9.594,2.0,5,true,103,0,10.47,241.971,242.734,5137.221,5237.21,5237.221,76.348,76.348,41.985,20,20,136,same_worker,1,20531
yjit-off/puma-long-tail-fib-200ms-x1p0/raptor-3r/repeat-3,yjit-off,false,puma-long-tail-fib-200ms-x1p0,puma-long-tail-hey,puma/benchmarks/local/long_tail_hey + test/rackup/sleep_fibonacci,https://github.com/puma/puma/blob/main/benchmarks/local/long_tail_hey.rb,raptor-3r,3,raptor,3,,63,60,5.041,5.0,60,60,4.801,2.0,3,true,63,0,12.498,241.92,242.334,242.975,243.001,243.004,76.348,76.348,43.525,20,20,70,same_worker,0,11465
yjit-off/puma-long-tail-fib-200ms-x0p5/raptor-3r/repeat-3,yjit-off,false,puma-long-tail-fib-200ms-x0p5,puma-long-tail-hey,puma/benchmarks/local/long_tail_hey + test/rackup/sleep_fibonacci,https://github.com/puma/puma/blob/main/benchmarks/local/long_tail_hey.rb,raptor-3r,3,raptor,3,,42,40,5.038,5.0,40,40,4.797,2.0,2,true,42,0,8.337,241.884,242.147,242.953,242.954,242.954,76.348,76.348,44.445,20,20,71,same_worker,1,8045
yjit-off/puma-sleep-fibonacci-1ms/raptor-3r/repeat-3,yjit-off,false,puma-sleep-fibonacci-1ms,puma-sleep-fibonacci-test,puma/benchmarks/local/sleep_fibonacci_test + test/rackup/sleep_fibonacci,https://github.com/puma/puma/blob/main/benchmarks/local/sleep_fibonacci_test.rb,raptor-3r,3,raptor,3,,122,10,5.005,5.0,10,49,2.018,2.0,1,true,122,0,24.375,41.96,42.044,42.786,42.991,42.998,76.348,76.348,44.425,20,20,71,same_worker,0,21485
yjit-off/puma-sleep-fibonacci-5ms/raptor-3r/repeat-3,yjit-off,false,puma-sleep-fibonacci-5ms,puma-sleep-fibonacci-test,puma/benchmarks/local/sleep_fibonacci_test + test/rackup/sleep_fibonacci,https://github.com/puma/puma/blob/main/benchmarks/local/sleep_fibonacci_test.rb,raptor-3r,3,raptor,3,,110,10,5.044,5.0,10,45,2.04,2.0,1,true,110,0,21.807,46.958,47.472,47.951,47.96,47.961,76.359,76.359,44.15,20,20,72,same_worker,0,19592
yjit-off/puma-sleep-fibonacci-10ms/raptor-3r/repeat-3,yjit-off,false,puma-sleep-fibonacci-10ms,puma-sleep-fibonacci-test,puma/benchmarks/local/sleep_fibonacci_test + test/rackup/sleep_fibonacci,https://github.com/puma/puma/blob/main/benchmarks/local/sleep_fibonacci_test.rb,raptor-3r,3,raptor,3,,98,10,5.014,5.0,10,40,2.023,2.0,1,true,98,0,19.546,51.874,52.032,52.095,52.833,52.915,76.398,76.398,43.925,20,20,71,same_worker,1,16648
yjit-off/puma-sleep-fibonacci-50ms/raptor-3r/repeat-3,yjit-off,false,puma-sleep-fibonacci-50ms,puma-sleep-fibonacci-test,puma/benchmarks/local/sleep_fibonacci_test + test/rackup/sleep_fibonacci,https://github.com/puma/puma/blob/main/benchmarks/local/sleep_fibonacci_test.rb,raptor-3r,3,raptor,3,,55,10,5.002,5.0,10,23,2.066,2.0,1,true,55,0,10.996,91.94,92.022,92.425,92.82,92.864,76.406,76.406,43.8,20,20,71,same_worker,0,10183
yjit-off/puma-sleep-fibonacci-100ms/raptor-3r/repeat-3,yjit-off,false,puma-sleep-fibonacci-100ms,puma-sleep-fibonacci-test,puma/benchmarks/local/sleep_fibonacci_test + test/rackup/sleep_fibonacci,https://github.com/puma/puma/blob/main/benchmarks/local/sleep_fibonacci_test.rb,raptor-3r,3,raptor,3,,36,10,5.055,5.0,10,15,2.087,2.0,1,true,36,0,7.122,141.447,142.014,142.183,142.227,142.232,76.406,76.406,43.865,20,20,72,same_worker,0,5794
yjit-off/puma-sleep-fibonacci-200ms/raptor-3r/repeat-3,yjit-off,false,puma-sleep-fibonacci-200ms,puma-sleep-fibonacci-test,puma/benchmarks/local/sleep_fibonacci_test + test/rackup/sleep_fibonacci,https://github.com/puma/puma/blob/main/benchmarks/local/sleep_fibonacci_test.rb,raptor-3r,3,raptor,3,,21,10,5.038,5.0,10,10,2.376,2.0,1,true,21,0,4.168,241.931,242.416,242.84,242.935,242.945,76.418,76.418,43.945,20,20,71,same_worker,1,5049
yjit-off/puma-response-array-1kb/puma-1w-3t/repeat-1,yjit-off,false,puma-response-array-1kb,puma-response-time-wrk,puma/benchmarks/local/response_time_wrk,https://github.com/puma/puma/blob/main/benchmarks/local/response_time_wrk.rb,puma-1w-3t,3,puma,1,3,14115,1000,5.002,5.0,1000,5734,2.001,2.0,5,true,14115,0,2822.058,1.706,2.226,2.528,3.132,4.068,75.102,75.102,93.88,20,20,66,multiprocess_sample_only,,
yjit-off/puma-response-chunk-1kb/puma-1w-3t/repeat-1,yjit-off,false,puma-response-chunk-1kb,puma-response-time-wrk,puma/benchmarks/local/response_time_wrk,https://github.com/puma/puma/blob/main/benchmarks/local/response_time_wrk.rb,puma-1w-3t,3,puma,1,3,13785,1000,5.001,5.0,1000,5668,2.001,2.0,5,true,13785,0,2756.239,1.754,2.252,2.578,3.274,4.192,75.145,75.145,89.72,20,20,66,multiprocess_sample_only,,
yjit-off/puma-response-string-1kb/puma-1w-3t/repeat-1,yjit-off,false,puma-response-string-1kb,puma-response-time-wrk,puma/benchmarks/local/response_time_wrk,https://github.com/puma/puma/blob/main/benchmarks/local/response_time_wrk.rb,puma-1w-3t,3,puma,1,3,14053,1000,5.001,5.0,1000,5795,2.001,2.0,5,true,14053,0,2809.818,1.717,2.224,2.556,3.117,4.025,75.281,75.281,88.875,20,20,66,multiprocess_sample_only,,
yjit-off/puma-response-io-1kb/puma-1w-3t/repeat-1,yjit-off,false,puma-response-io-1kb,puma-response-time-wrk,puma/benchmarks/local/response_time_wrk,https://github.com/puma/puma/blob/main/benchmarks/local/response_time_wrk.rb,puma-1w-3t,3,puma,1,3,13309,1000,5.002,5.0,1000,5461,2.001,2.0,5,true,13309,0,2660.965,1.796,2.422,2.799,3.37,4.166,75.488,75.488,90.05,20,20,67,multiprocess_sample_only,,
yjit-off/puma-response-array-10kb/puma-1w-3t/repeat-1,yjit-off,false,puma-response-array-10kb,puma-response-time-wrk,puma/benchmarks/local/response_time_wrk,https://github.com/puma/puma/blob/main/benchmarks/local/response_time_wrk.rb,puma-1w-3t,3,puma,1,3,13921,1000,5.001,5.0,1000,5741,2.001,2.0,5,true,13921,0,2783.427,1.728,2.277,2.655,3.299,3.881,78.902,78.902,90.42,20,20,66,multiprocess_sample_only,,
yjit-off/puma-response-chunk-10kb/puma-1w-3t/repeat-1,yjit-off,false,puma-response-chunk-10kb,puma-response-time-wrk,puma/benchmarks/local/response_time_wrk,https://github.com/puma/puma/blob/main/benchmarks/local/response_time_wrk.rb,puma-1w-3t,3,puma,1,3,12246,1000,5.002,5.0,1000,5033,2.001,2.0,5,true,12246,0,2448.306,1.973,2.561,2.983,3.592,3.973,79.277,79.195,89.775,20,20,66,multiprocess_sample_only,,
yjit-off/puma-response-string-10kb/puma-1w-3t/repeat-1,yjit-off,false,puma-response-string-10kb,puma-response-time-wrk,puma/benchmarks/local/response_time_wrk,https://github.com/puma/puma/blob/main/benchmarks/local/response_time_wrk.rb,puma-1w-3t,3,puma,1,3,13958,1000,5.001,5.0,1000,5709,2.001,2.0,5,true,13958,0,2790.824,1.721,2.257,2.733,3.302,6.192,79.324,78.969,89.325,20,20,66,multiprocess_sample_only,,
yjit-off/puma-response-io-10kb/puma-1w-3t/repeat-1,yjit-off,false,puma-response-io-10kb,puma-response-time-wrk,puma/benchmarks/local/response_time_wrk,https://github.com/puma/puma/blob/main/benchmarks/local/response_time_wrk.rb,puma-1w-3t,3,puma,1,3,13228,1000,5.002,5.0,1000,5435,2.001,2.0,5,true,13228,0,2644.762,1.802,2.474,2.946,3.464,4.405,80.93,80.887,89.83,20,20,67,multiprocess_sample_only,,
yjit-off/puma-response-array-100kb/puma-1w-3t/repeat-1,yjit-off,false,puma-response-array-100kb,puma-response-time-wrk,puma/benchmarks/local/response_time_wrk,https://github.com/puma/puma/blob/main/benchmarks/local/response_time_wrk.rb,puma-1w-3t,3,puma,1,3,11321,1000,5.002,5.0,1000,4647,2.002,2.0,5,true,11321,0,2263.495,2.141,2.714,3.138,3.758,4.53,103.156,97.109,89.92,20,20,65,multiprocess_sample_only,,
yjit-off/puma-response-chunk-100kb/puma-1w-3t/repeat-1,yjit-off,false,puma-response-chunk-100kb,puma-response-time-wrk,puma/benchmarks/local/response_time_wrk,https://github.com/puma/puma/blob/main/benchmarks/local/response_time_wrk.rb,puma-1w-3t,3,puma,1,3,6012,1000,5.005,5.0,1000,2484,2.003,2.0,5,true,6012,0,1201.316,4.103,5.081,5.607,6.158,7.038,94.766,93.25,89.12,20,20,63,multiprocess_sample_only,,
yjit-off/puma-response-string-100kb/puma-1w-3t/repeat-1,yjit-off,false,puma-response-string-100kb,puma-response-time-wrk,puma/benchmarks/local/response_time_wrk,https://github.com/puma/puma/blob/main/benchmarks/local/response_time_wrk.rb,puma-1w-3t,3,puma,1,3,11503,1000,5.002,5.0,1000,4746,2.002,2.0,5,true,11503,0,2299.817,2.114,2.644,3.008,3.606,4.512,103.992,101.707,88.235,20,20,65,multiprocess_sample_only,,
yjit-off/puma-response-io-100kb/puma-1w-3t/repeat-1,yjit-off,false,puma-response-io-100kb,puma-response-time-wrk,puma/benchmarks/local/response_time_wrk,https://github.com/puma/puma/blob/main/benchmarks/local/response_time_wrk.rb,puma-1w-3t,3,puma,1,3,11421,1000,5.002,5.0,1000,4693,2.002,2.0,5,true,11421,0,2283.423,2.119,2.662,3.019,3.795,44.077,82.34,81.902,87.755,20,20,65,multiprocess_sample_only,,
yjit-off/puma-response-array-256kb/puma-1w-3t/repeat-1,yjit-off,false,puma-response-array-256kb,puma-response-time-wrk,puma/benchmarks/local/response_time_wrk,https://github.com/puma/puma/blob/main/benchmarks/local/response_time_wrk.rb,puma-1w-3t,3,puma,1,3,8719,1000,5.003,5.0,1000,3634,2.002,2.0,5,true,8719,0,1742.924,2.642,3.864,5.561,15.838,17.271,109.582,107.813,87.545,20,20,64,multiprocess_sample_only,,
yjit-off/puma-response-chunk-256kb/puma-1w-3t/repeat-1,yjit-off,false,puma-response-chunk-256kb,puma-response-time-wrk,puma/benchmarks/local/response_time_wrk,https://github.com/puma/puma/blob/main/benchmarks/local/response_time_wrk.rb,puma-1w-3t,3,puma,1,3,3352,1000,5.006,5.0,1000,1387,2.006,2.0,5,true,3352,0,669.578,7.449,9.095,9.993,11.065,12.471,97.883,97.277,87.065,20,20,58,multiprocess_sample_only,,
yjit-off/puma-response-string-256kb/puma-1w-3t/repeat-1,yjit-off,false,puma-response-string-256kb,puma-response-time-wrk,puma/benchmarks/local/response_time_wrk,https://github.com/puma/puma/blob/main/benchmarks/local/response_time_wrk.rb,puma-1w-3t,3,puma,1,3,8917,1000,5.002,5.0,1000,3780,2.002,2.0,5,true,8917,0,1782.627,2.57,3.915,5.328,15.828,17.273,82.738,82.738,86.035,20,20,64,multiprocess_sample_only,,
yjit-off/puma-response-io-256kb/puma-1w-3t/repeat-1,yjit-off,false,puma-response-io-256kb,puma-response-time-wrk,puma/benchmarks/local/response_time_wrk,https://github.com/puma/puma/blob/main/benchmarks/local/response_time_wrk.rb,puma-1w-3t,3,puma,1,3,9051,1000,5.002,5.0,1000,3743,2.002,2.0,5,true,9051,0,1809.492,2.564,3.687,4.926,14.781,16.463,82.363,82.363,84.785,20,20,64,multiprocess_sample_only,,
yjit-off/puma-response-array-512kb/puma-1w-3t/repeat-1,yjit-off,false,puma-response-array-512kb,puma-response-time-wrk,puma/benchmarks/local/response_time_wrk,https://github.com/puma/puma/blob/main/benchmarks/local/response_time_wrk.rb,puma-1w-3t,3,puma,1,3,6974,1000,5.003,5.0,1000,2650,2.003,2.0,5,true,6974,0,1394.042,3.281,5.13,14.636,17.047,18.999,150.672,142.238,84.51,20,20,64,multiprocess_sample_only,,
yjit-off/puma-response-chunk-512kb/puma-1w-3t/repeat-1,yjit-off,false,puma-response-chunk-512kb,puma-response-time-wrk,puma/benchmarks/local/response_time_wrk,https://github.com/puma/puma/blob/main/benchmarks/local/response_time_wrk.rb,puma-1w-3t,3,puma,1,3,1906,1000,5.009,5.0,1000,1000,2.535,2.0,5,true,1906,0,380.541,13.159,15.763,16.878,18.119,18.625,103.98,102.668,84.27,20,20,51,multiprocess_sample_only,,
yjit-off/puma-response-string-512kb/puma-1w-3t/repeat-1,yjit-off,false,puma-response-string-512kb,puma-response-time-wrk,puma/benchmarks/local/response_time_wrk,https://github.com/puma/puma/blob/main/benchmarks/local/response_time_wrk.rb,puma-1w-3t,3,puma,1,3,7231,1000,5.003,5.0,1000,2908,2.003,2.0,5,true,7231,0,1445.426,3.133,4.875,14.787,17.052,17.521,92.613,92.613,83.315,20,20,62,multiprocess_sample_only,,
yjit-off/puma-response-io-512kb/puma-1w-3t/repeat-1,yjit-off,false,puma-response-io-512kb,puma-response-time-wrk,puma/benchmarks/local/response_time_wrk,https://github.com/puma/puma/blob/main/benchmarks/local/response_time_wrk.rb,puma-1w-3t,3,puma,1,3,7130,1000,5.002,5.0,1000,2907,2.002,2.0,5,true,7130,0,1425.407,3.159,5.27,14.818,17.25,18.552,92.613,92.613,82.15,20,20,63,multiprocess_sample_only,,
yjit-off/puma-response-array-1024kb/puma-1w-3t/repeat-1,yjit-off,false,puma-response-array-1024kb,puma-response-time-wrk,puma/benchmarks/local/response_time_wrk,https://github.com/puma/puma/blob/main/benchmarks/local/response_time_wrk.rb,puma-1w-3t,3,puma,1,3,4505,1000,5.004,5.0,1000,1858,2.006,2.0,5,true,4505,0,900.22,5.223,7.747,19.207,22.009,22.72,145.848,145.848,81.985,20,20,63,multiprocess_sample_only,,
yjit-off/puma-response-chunk-1024kb/puma-1w-3t/repeat-1,yjit-off,false,puma-response-chunk-1024kb,puma-response-time-wrk,puma/benchmarks/local/response_time_wrk,https://github.com/puma/puma/blob/main/benchmarks/local/response_time_wrk.rb,puma-1w-3t,3,puma,1,3,1030,1000,5.021,5.0,1000,1000,4.583,2.0,5,true,1030,0,205.148,24.387,28.621,30.888,31.702,31.757,106.129,99.941,81.81,20,20,42,multiprocess_sample_only,,
yjit-off/puma-response-string-1024kb/puma-1w-3t/repeat-1,yjit-off,false,puma-response-string-1024kb,puma-response-time-wrk,puma/benchmarks/local/response_time_wrk,https://github.com/puma/puma/blob/main/benchmarks/local/response_time_wrk.rb,puma-1w-3t,3,puma,1,3,4513,1000,5.005,5.0,1000,1779,2.004,2.0,5,true,4513,0,901.707,5.073,7.373,20.032,23.374,24.407,98.156,98.156,80.69,20,20,59,multiprocess_sample_only,,
yjit-off/puma-response-io-1024kb/puma-1w-3t/repeat-1,yjit-off,false,puma-response-io-1024kb,puma-response-time-wrk,puma/benchmarks/local/response_time_wrk,https://github.com/puma/puma/blob/main/benchmarks/local/response_time_wrk.rb,puma-1w-3t,3,puma,1,3,4476,1000,5.004,5.0,1000,1838,2.019,2.0,5,true,4476,0,894.456,5.1,7.461,19.639,22.043,22.445,98.156,98.156,79.16,20,20,60,multiprocess_sample_only,,
yjit-off/puma-response-array-2048kb/puma-1w-3t/repeat-1,yjit-off,false,puma-response-array-2048kb,puma-response-time-wrk,puma/benchmarks/local/response_time_wrk,https://github.com/puma/puma/blob/main/benchmarks/local/response_time_wrk.rb,puma-1w-3t,3,puma,1,3,2328,1000,5.011,5.0,1000,1007,2.013,2.0,5,true,2328,0,464.544,10.756,12.938,14.057,15.798,16.92,114.434,108.762,79.135,20,20,68,multiprocess_sample_only,,
yjit-off/puma-response-chunk-2048kb/puma-1w-3t/repeat-1,yjit-off,false,puma-response-chunk-2048kb,puma-response-time-wrk,puma/benchmarks/local/response_time_wrk,https://github.com/puma/puma/blob/main/benchmarks/local/response_time_wrk.rb,puma-1w-3t,3,puma,1,3,1000,1000,8.952,5.0,1000,1000,8.195,2.0,5,true,1000,0,111.706,44.059,52.822,57.206,61.969,64.094,106.098,105.793,79.075,20,20,56,multiprocess_sample_only,,
yjit-off/puma-response-string-2048kb/puma-1w-3t/repeat-1,yjit-off,false,puma-response-string-2048kb,puma-response-time-wrk,puma/benchmarks/local/response_time_wrk,https://github.com/puma/puma/blob/main/benchmarks/local/response_time_wrk.rb,puma-1w-3t,3,puma,1,3,2795,1000,5.007,5.0,1000,1155,2.008,2.0,5,true,2795,0,558.232,8.808,10.36,11.563,23.837,24.723,101.313,101.313,77.98,20,20,56,multiprocess_sample_only,,
yjit-off/puma-response-io-2048kb/puma-1w-3t/repeat-1,yjit-off,false,puma-response-io-2048kb,puma-response-time-wrk,puma/benchmarks/local/response_time_wrk,https://github.com/puma/puma/blob/main/benchmarks/local/response_time_wrk.rb,puma-1w-3t,3,puma,1,3,2899,1000,5.006,5.0,1000,1062,2.008,2.0,5,true,2899,0,579.068,8.386,10.369,12.15,13.513,15.201,101.316,101.316,76.425,20,20,57,multiprocess_sample_only,,
yjit-off/puma-long-tail-fib-200ms-x6p0/puma-1w-3t/repeat-1,yjit-off,false,puma-long-tail-fib-200ms-x6p0,puma-long-tail-hey,puma/benchmarks/local/long_tail_hey + test/rackup/sleep_fibonacci,https://github.com/puma/puma/blob/main/benchmarks/local/long_tail_hey.rb,puma-1w-3t,3,puma,1,3,360,360,51.093,5.0,360,360,51.07,2.0,18,true,360,0,7.046,2556.906,2620.769,2636.301,2649.914,2651.564,122.375,122.375,82.23,20,20,705,multiprocess_sample_only,,
yjit-off/puma-long-tail-fib-200ms-x4p0/puma-1w-3t/repeat-1,yjit-off,false,puma-long-tail-fib-200ms-x4p0,puma-long-tail-hey,puma/benchmarks/local/long_tail_hey + test/rackup/sleep_fibonacci,https://github.com/puma/puma/blob/main/benchmarks/local/long_tail_hey.rb,puma-1w-3t,3,puma,1,3,240,240,34.044,5.0,240,240,34.032,2.0,12,true,240,0,7.05,1701.557,1750.364,1756.411,1767.2,1768.969,123.313,123.313,86.015,20,20,471,multiprocess_sample_only,,
yjit-off/puma-long-tail-fib-200ms-x3p0/puma-1w-3t/repeat-1,yjit-off,false,puma-long-tail-fib-200ms-x3p0,puma-long-tail-hey,puma/benchmarks/local/long_tail_hey + test/rackup/sleep_fibonacci,https://github.com/puma/puma/blob/main/benchmarks/local/long_tail_hey.rb,puma-1w-3t,3,puma,1,3,180,180,25.504,5.0,180,180,25.528,2.0,9,true,180,0,7.058,1274.836,1313.22,1323.57,1325.236,1325.525,124.77,124.77,87.875,20,20,354,multiprocess_sample_only,,
yjit-off/puma-long-tail-fib-200ms-x2p0/puma-1w-3t/repeat-1,yjit-off,false,puma-long-tail-fib-200ms-x2p0,puma-long-tail-hey,puma/benchmarks/local/long_tail_hey + test/rackup/sleep_fibonacci,https://github.com/puma/puma/blob/main/benchmarks/local/long_tail_hey.rb,puma-1w-3t,3,puma,1,3,120,120,16.997,5.0,120,120,16.998,2.0,6,true,120,0,7.06,850.291,877.083,886.86,888.768,889.018,125.645,125.645,88.89,20,20,236,multiprocess_sample_only,,
yjit-off/puma-long-tail-fib-200ms-x1p5/puma-1w-3t/repeat-1,yjit-off,false,puma-long-tail-fib-200ms-x1p5,puma-long-tail-hey,puma/benchmarks/local/long_tail_hey + test/rackup/sleep_fibonacci,https://github.com/puma/puma/blob/main/benchmarks/local/long_tail_hey.rb,puma-1w-3t,3,puma,1,3,100,100,14.172,5.0,100,100,14.198,2.0,5,true,100,0,7.056,785.739,848.853,858.73,861.233,861.511,137.523,137.523,89.565,20,20,197,multiprocess_sample_only,,
yjit-off/puma-long-tail-fib-200ms-x1p0/puma-1w-3t/repeat-1,yjit-off,false,puma-long-tail-fib-200ms-x1p0,puma-long-tail-hey,puma/benchmarks/local/long_tail_hey + test/rackup/sleep_fibonacci,https://github.com/puma/puma/blob/main/benchmarks/local/long_tail_hey.rb,puma-1w-3t,3,puma,1,3,60,60,8.511,5.0,60,60,8.492,2.0,3,true,60,0,7.05,426.101,442.271,452.056,452.29,452.316,137.523,137.523,89.975,20,20,118,multiprocess_sample_only,,
yjit-off/puma-long-tail-fib-200ms-x0p5/puma-1w-3t/repeat-1,yjit-off,false,puma-long-tail-fib-200ms-x0p5,puma-long-tail-hey,puma/benchmarks/local/long_tail_hey + test/rackup/sleep_fibonacci,https://github.com/puma/puma/blob/main/benchmarks/local/long_tail_hey.rb,puma-1w-3t,3,puma,1,3,40,40,5.665,5.0,40,40,5.66,2.0,2,true,40,0,7.06,283.008,284.25,285.977,286.444,286.496,137.523,137.523,90.225,20,20,80,multiprocess_sample_only,,
yjit-off/puma-sleep-fibonacci-1ms/puma-1w-3t/repeat-1,yjit-off,false,puma-sleep-fibonacci-1ms,puma-sleep-fibonacci-test,puma/benchmarks/local/sleep_fibonacci_test + test/rackup/sleep_fibonacci,https://github.com/puma/puma/blob/main/benchmarks/local/sleep_fibonacci_test.rb,puma-1w-3t,3,puma,1,3,3579,10,5.001,5.0,10,1434,2.001,2.0,1,true,3579,0,715.596,1.359,1.478,1.701,2.212,2.44,137.586,137.586,90.115,20,20,70,multiprocess_sample_only,,
yjit-off/puma-sleep-fibonacci-5ms/puma-1w-3t/repeat-1,yjit-off,false,puma-sleep-fibonacci-5ms,puma-sleep-fibonacci-test,puma/benchmarks/local/sleep_fibonacci_test + test/rackup/sleep_fibonacci,https://github.com/puma/puma/blob/main/benchmarks/local/sleep_fibonacci_test.rb,puma-1w-3t,3,puma,1,3,939,10,5.001,5.0,10,374,2.002,2.0,1,true,939,0,187.751,5.291,5.376,5.691,5.967,7.449,137.586,137.586,89.88,20,20,71,multiprocess_sample_only,,
yjit-off/puma-sleep-fibonacci-10ms/puma-1w-3t/repeat-1,yjit-off,false,puma-sleep-fibonacci-10ms,puma-sleep-fibonacci-test,puma/benchmarks/local/sleep_fibonacci_test + test/rackup/sleep_fibonacci,https://github.com/puma/puma/blob/main/benchmarks/local/sleep_fibonacci_test.rb,puma-1w-3t,3,puma,1,3,483,10,5.001,5.0,10,193,2.006,2.0,1,true,483,0,96.574,10.32,10.39,10.597,11.051,11.246,137.586,137.586,89.65,20,20,71,multiprocess_sample_only,,
yjit-off/puma-sleep-fibonacci-50ms/puma-1w-3t/repeat-1,yjit-off,false,puma-sleep-fibonacci-50ms,puma-sleep-fibonacci-test,puma/benchmarks/local/sleep_fibonacci_test + test/rackup/sleep_fibonacci,https://github.com/puma/puma/blob/main/benchmarks/local/sleep_fibonacci_test.rb,puma-1w-3t,3,puma,1,3,99,10,5.013,5.0,10,40,2.024,2.0,1,true,99,0,19.747,50.578,50.666,51.019,51.113,51.124,137.586,137.586,89.415,20,20,71,multiprocess_sample_only,,
yjit-off/puma-sleep-fibonacci-100ms/puma-1w-3t/repeat-1,yjit-off,false,puma-sleep-fibonacci-100ms,puma-sleep-fibonacci-test,puma/benchmarks/local/sleep_fibonacci_test + test/rackup/sleep_fibonacci,https://github.com/puma/puma/blob/main/benchmarks/local/sleep_fibonacci_test.rb,puma-1w-3t,3,puma,1,3,50,10,5.035,5.0,10,20,2.014,2.0,1,true,50,0,9.931,100.639,100.692,100.969,101.102,101.117,137.586,137.586,89.165,20,20,71,multiprocess_sample_only,,
yjit-off/puma-sleep-fibonacci-200ms/puma-1w-3t/repeat-1,yjit-off,false,puma-sleep-fibonacci-200ms,puma-sleep-fibonacci-test,puma/benchmarks/local/sleep_fibonacci_test + test/rackup/sleep_fibonacci,https://github.com/puma/puma/blob/main/benchmarks/local/sleep_fibonacci_test.rb,puma-1w-3t,3,puma,1,3,25,10,5.018,5.0,10,10,2.008,2.0,1,true,25,0,4.983,200.629,200.717,200.844,200.879,200.883,137.586,137.586,88.94,20,20,71,multiprocess_sample_only,,
yjit-off/puma-response-array-1kb/puma-1w-3t/repeat-2,yjit-off,false,puma-response-array-1kb,puma-response-time-wrk,puma/benchmarks/local/response_time_wrk,https://github.com/puma/puma/blob/main/benchmarks/local/response_time_wrk.rb,puma-1w-3t,3,puma,1,3,14118,1000,5.001,5.0,1000,5636,2.002,2.0,5,true,14118,0,2822.899,1.693,2.254,2.776,3.801,5.172,94.172,94.172,94.92,20,20,66,multiprocess_sample_only,,
yjit-off/puma-response-chunk-1kb/puma-1w-3t/repeat-2,yjit-off,false,puma-response-chunk-1kb,puma-response-time-wrk,puma/benchmarks/local/response_time_wrk,https://github.com/puma/puma/blob/main/benchmarks/local/response_time_wrk.rb,puma-1w-3t,3,puma,1,3,13959,1000,5.001,5.0,1000,5716,2.001,2.0,5,true,13959,0,2791.119,1.726,2.222,2.56,3.367,4.583,95.316,95.074,90.035,20,20,66,multiprocess_sample_only,,
yjit-off/puma-response-string-1kb/puma-1w-3t/repeat-2,yjit-off,false,puma-response-string-1kb,puma-response-time-wrk,puma/benchmarks/local/response_time_wrk,https://github.com/puma/puma/blob/main/benchmarks/local/response_time_wrk.rb,puma-1w-3t,3,puma,1,3,14273,1000,5.001,5.0,1000,5861,2.001,2.0,5,true,14273,0,2853.881,1.69,2.179,2.528,3.251,3.828,94.855,94.855,88.915,20,20,66,multiprocess_sample_only,,
yjit-off/puma-response-io-1kb/puma-1w-3t/repeat-2,yjit-off,false,puma-response-io-1kb,puma-response-time-wrk,puma/benchmarks/local/response_time_wrk,https://github.com/puma/puma/blob/main/benchmarks/local/response_time_wrk.rb,puma-1w-3t,3,puma,1,3,13607,1000,5.001,5.0,1000,5575,2.001,2.0,5,true,13607,0,2720.849,1.759,2.352,2.793,3.552,4.907,95.371,95.371,90.105,20,20,67,multiprocess_sample_only,,
yjit-off/puma-response-array-10kb/puma-1w-3t/repeat-2,yjit-off,false,puma-response-array-10kb,puma-response-time-wrk,puma/benchmarks/local/response_time_wrk,https://github.com/puma/puma/blob/main/benchmarks/local/response_time_wrk.rb,puma-1w-3t,3,puma,1,3,14145,1000,5.001,5.0,1000,5823,2.001,2.0,5,true,14145,0,2828.16,1.706,2.213,2.531,3.191,3.645,102.309,102.309,90.485,20,20,66,multiprocess_sample_only,,
yjit-off/puma-response-chunk-10kb/puma-1w-3t/repeat-2,yjit-off,false,puma-response-chunk-10kb,puma-response-time-wrk,puma/benchmarks/local/response_time_wrk,https://github.com/puma/puma/blob/main/benchmarks/local/response_time_wrk.rb,puma-1w-3t,3,puma,1,3,12407,1000,5.002,5.0,1000,5099,2.001,2.0,5,true,12407,0,2480.586,1.946,2.499,2.97,4.001,5.667,103.02,102.941,89.8,20,20,65,multiprocess_sample_only,,
yjit-off/puma-response-string-10kb/puma-1w-3t/repeat-2,yjit-off,false,puma-response-string-10kb,puma-response-time-wrk,puma/benchmarks/local/response_time_wrk,https://github.com/puma/puma/blob/main/benchmarks/local/response_time_wrk.rb,puma-1w-3t,3,puma,1,3,14173,1000,5.002,5.0,1000,5799,2.001,2.0,5,true,14173,0,2833.681,1.702,2.206,2.513,3.247,3.621,102.895,102.348,89.42,20,20,66,multiprocess_sample_only,,
yjit-off/puma-response-io-10kb/puma-1w-3t/repeat-2,yjit-off,false,puma-response-io-10kb,puma-response-time-wrk,puma/benchmarks/local/response_time_wrk,https://github.com/puma/puma/blob/main/benchmarks/local/response_time_wrk.rb,puma-1w-3t,3,puma,1,3,13388,1000,5.001,5.0,1000,5542,2.002,2.0,5,true,13388,0,2677.007,1.79,2.394,2.838,3.453,4.329,109.547,108.641,89.98,20,20,67,multiprocess_sample_only,,
yjit-off/puma-response-array-100kb/puma-1w-3t/repeat-2,yjit-off,false,puma-response-array-100kb,puma-response-time-wrk,puma/benchmarks/local/response_time_wrk,https://github.com/puma/puma/blob/main/benchmarks/local/response_time_wrk.rb,puma-1w-3t,3,puma,1,3,11540,1000,5.002,5.0,1000,4643,2.002,2.0,5,true,11540,0,2307.116,2.096,2.675,3.117,3.792,5.496,124.402,120.898,90.06,20,20,65,multiprocess_sample_only,,
yjit-off/puma-response-chunk-100kb/puma-1w-3t/repeat-2,yjit-off,false,puma-response-chunk-100kb,puma-response-time-wrk,puma/benchmarks/local/response_time_wrk,https://github.com/puma/puma/blob/main/benchmarks/local/response_time_wrk.rb,puma-1w-3t,3,puma,1,3,6078,1000,5.003,5.0,1000,2503,2.003,2.0,5,true,6078,0,1214.773,4.07,5.081,5.7,6.655,7.391,129.488,128.387,89.28,20,20,63,multiprocess_sample_only,,
yjit-off/puma-response-string-100kb/puma-1w-3t/repeat-2,yjit-off,false,puma-response-string-100kb,puma-response-time-wrk,puma/benchmarks/local/response_time_wrk,https://github.com/puma/puma/blob/main/benchmarks/local/response_time_wrk.rb,puma-1w-3t,3,puma,1,3,11595,1000,5.002,5.0,1000,4734,2.002,2.0,5,true,11595,0,2318.213,2.098,2.617,2.905,3.377,3.907,130.078,128.77,88.285,20,20,65,multiprocess_sample_only,,
yjit-off/puma-response-io-100kb/puma-1w-3t/repeat-2,yjit-off,false,puma-response-io-100kb,puma-response-time-wrk,puma/benchmarks/local/response_time_wrk,https://github.com/puma/puma/blob/main/benchmarks/local/response_time_wrk.rb,puma-1w-3t,3,puma,1,3,11580,1000,5.002,5.0,1000,4755,2.002,2.0,5,true,11580,0,2315.217,2.099,2.614,2.883,3.482,42.168,102.293,102.152,87.71,20,20,65,multiprocess_sample_only,,
yjit-off/puma-response-array-256kb/puma-1w-3t/repeat-2,yjit-off,false,puma-response-array-256kb,puma-response-time-wrk,puma/benchmarks/local/response_time_wrk,https://github.com/puma/puma/blob/main/benchmarks/local/response_time_wrk.rb,puma-1w-3t,3,puma,1,3,8740,1000,5.004,5.0,1000,3581,2.002,2.0,5,true,8740,0,1746.611,2.652,3.895,5.287,16.585,18.629,132.582,129.516,87.445,20,20,65,multiprocess_sample_only,,
yjit-off/puma-response-chunk-256kb/puma-1w-3t/repeat-2,yjit-off,false,puma-response-chunk-256kb,puma-response-time-wrk,puma/benchmarks/local/response_time_wrk,https://github.com/puma/puma/blob/main/benchmarks/local/response_time_wrk.rb,puma-1w-3t,3,puma,1,3,3370,1000,5.006,5.0,1000,1385,2.006,2.0,5,true,3370,0,673.176,7.394,9.074,10.145,10.925,12.415,133.508,129.613,86.895,20,20,58,multiprocess_sample_only,,
yjit-off/puma-response-string-256kb/puma-1w-3t/repeat-2,yjit-off,false,puma-response-string-256kb,puma-response-time-wrk,puma/benchmarks/local/response_time_wrk,https://github.com/puma/puma/blob/main/benchmarks/local/response_time_wrk.rb,puma-1w-3t,3,puma,1,3,9274,1000,5.002,5.0,1000,3759,2.002,2.0,5,true,9274,0,1854.165,2.498,3.543,4.899,16.048,17.358,116.035,112.094,85.9,20,20,64,multiprocess_sample_only,,
yjit-off/puma-response-io-256kb/puma-1w-3t/repeat-2,yjit-off,false,puma-response-io-256kb,puma-response-time-wrk,puma/benchmarks/local/response_time_wrk,https://github.com/puma/puma/blob/main/benchmarks/local/response_time_wrk.rb,puma-1w-3t,3,puma,1,3,9175,1000,5.002,5.0,1000,3649,2.002,2.0,5,true,9175,0,1834.093,2.547,3.429,4.548,15.185,43.104,115.172,114.723,84.71,20,20,64,multiprocess_sample_only,,
yjit-off/puma-response-array-512kb/puma-1w-3t/repeat-2,yjit-off,false,puma-response-array-512kb,puma-response-time-wrk,puma/benchmarks/local/response_time_wrk,https://github.com/puma/puma/blob/main/benchmarks/local/response_time_wrk.rb,puma-1w-3t,3,puma,1,3,6944,1000,5.002,5.0,1000,2694,2.003,2.0,5,true,6944,0,1388.122,3.305,5.146,15.025,17.663,18.567,181.898,160.852,84.505,20,20,64,multiprocess_sample_only,,
yjit-off/puma-response-chunk-512kb/puma-1w-3t/repeat-2,yjit-off,false,puma-response-chunk-512kb,puma-response-time-wrk,puma/benchmarks/local/response_time_wrk,https://github.com/puma/puma/blob/main/benchmarks/local/response_time_wrk.rb,puma-1w-3t,3,puma,1,3,1940,1000,5.01,5.0,1000,1000,2.504,2.0,5,true,1940,0,387.195,12.902,15.464,16.491,18.217,19.282,145.035,143.664,84.285,20,20,52,multiprocess_sample_only,,
yjit-off/puma-response-string-512kb/puma-1w-3t/repeat-2,yjit-off,false,puma-response-string-512kb,puma-response-time-wrk,puma/benchmarks/local/response_time_wrk,https://github.com/puma/puma/blob/main/benchmarks/local/response_time_wrk.rb,puma-1w-3t,3,puma,1,3,7314,1000,5.003,5.0,1000,3044,2.003,2.0,5,true,7314,0,1462.048,3.126,4.588,15.678,18.197,19.733,133.621,128.707,83.36,20,20,63,multiprocess_sample_only,,
yjit-off/puma-response-io-512kb/puma-1w-3t/repeat-2,yjit-off,false,puma-response-io-512kb,puma-response-time-wrk,puma/benchmarks/local/response_time_wrk,https://github.com/puma/puma/blob/main/benchmarks/local/response_time_wrk.rb,puma-1w-3t,3,puma,1,3,7193,1000,5.006,5.0,1000,2922,2.003,2.0,5,true,7193,0,1436.944,3.161,4.635,16.062,17.891,18.665,129.016,127.453,82.185,20,20,63,multiprocess_sample_only,,
yjit-off/puma-response-array-1024kb/puma-1w-3t/repeat-2,yjit-off,false,puma-response-array-1024kb,puma-response-time-wrk,puma/benchmarks/local/response_time_wrk,https://github.com/puma/puma/blob/main/benchmarks/local/response_time_wrk.rb,puma-1w-3t,3,puma,1,3,4571,1000,5.019,5.0,1000,1810,2.005,2.0,5,true,4571,0,910.744,5.217,7.548,19.174,20.837,22.023,167.328,163.289,82.085,20,20,65,multiprocess_sample_only,,
yjit-off/puma-response-chunk-1024kb/puma-1w-3t/repeat-2,yjit-off,false,puma-response-chunk-1024kb,puma-response-time-wrk,puma/benchmarks/local/response_time_wrk,https://github.com/puma/puma/blob/main/benchmarks/local/response_time_wrk.rb,puma-1w-3t,3,puma,1,3,1080,1000,5.016,5.0,1000,1000,4.345,2.0,5,true,1080,0,215.294,22.913,27.402,29.523,31.499,31.981,160.758,158.047,81.905,20,20,43,multiprocess_sample_only,,
yjit-off/puma-response-string-1024kb/puma-1w-3t/repeat-2,yjit-off,false,puma-response-string-1024kb,puma-response-time-wrk,puma/benchmarks/local/response_time_wrk,https://github.com/puma/puma/blob/main/benchmarks/local/response_time_wrk.rb,puma-1w-3t,3,puma,1,3,4582,1000,5.004,5.0,1000,1808,2.004,2.0,5,true,4582,0,915.601,5.015,6.953,19.632,21.176,23.743,145.367,137.242,80.75,20,20,60,multiprocess_sample_only,,
yjit-off/puma-response-io-1024kb/puma-1w-3t/repeat-2,yjit-off,false,puma-response-io-1024kb,puma-response-time-wrk,puma/benchmarks/local/response_time_wrk,https://github.com/puma/puma/blob/main/benchmarks/local/response_time_wrk.rb,puma-1w-3t,3,puma,1,3,4436,1000,5.004,5.0,1000,1894,2.005,2.0,5,true,4436,0,886.476,5.155,7.032,20.56,22.021,22.582,137.43,137.43,79.225,20,20,60,multiprocess_sample_only,,
yjit-off/puma-response-array-2048kb/puma-1w-3t/repeat-2,yjit-off,false,puma-response-array-2048kb,puma-response-time-wrk,puma/benchmarks/local/response_time_wrk,https://github.com/puma/puma/blob/main/benchmarks/local/response_time_wrk.rb,puma-1w-3t,3,puma,1,3,2724,1000,5.009,5.0,1000,1070,2.008,2.0,5,true,2724,0,543.811,9.101,12.626,14.824,24.599,25.804,170.355,170.355,79.055,20,20,65,multiprocess_sample_only,,
yjit-off/puma-response-chunk-2048kb/puma-1w-3t/repeat-2,yjit-off,false,puma-response-chunk-2048kb,puma-response-time-wrk,puma/benchmarks/local/response_time_wrk,https://github.com/puma/puma/blob/main/benchmarks/local/response_time_wrk.rb,puma-1w-3t,3,puma,1,3,1000,1000,8.906,5.0,1000,1000,8.015,2.0,5,true,1000,0,112.282,43.818,51.751,55.603,59.408,60.873,168.16,168.16,78.975,20,20,56,multiprocess_sample_only,,
yjit-off/puma-response-string-2048kb/puma-1w-3t/repeat-2,yjit-off,false,puma-response-string-2048kb,puma-response-time-wrk,puma/benchmarks/local/response_time_wrk,https://github.com/puma/puma/blob/main/benchmarks/local/response_time_wrk.rb,puma-1w-3t,3,puma,1,3,2827,1000,5.009,5.0,1000,1244,2.006,2.0,5,true,2827,0,564.432,8.706,10.49,11.5,12.544,12.716,138.934,138.934,77.95,20,20,57,multiprocess_sample_only,,
yjit-off/puma-response-io-2048kb/puma-1w-3t/repeat-2,yjit-off,false,puma-response-io-2048kb,puma-response-time-wrk,puma/benchmarks/local/response_time_wrk,https://github.com/puma/puma/blob/main/benchmarks/local/response_time_wrk.rb,puma-1w-3t,3,puma,1,3,2906,1000,5.007,5.0,1000,1207,2.007,2.0,5,true,2906,0,580.371,8.405,10.452,11.467,13.019,15.662,139.125,139.125,76.45,20,20,58,multiprocess_sample_only,,
yjit-off/puma-long-tail-fib-200ms-x6p0/puma-1w-3t/repeat-2,yjit-off,false,puma-long-tail-fib-200ms-x6p0,puma-long-tail-hey,puma/benchmarks/local/long_tail_hey + test/rackup/sleep_fibonacci,https://github.com/puma/puma/blob/main/benchmarks/local/long_tail_hey.rb,puma-1w-3t,3,puma,1,3,360,360,51.076,5.0,360,360,51.109,2.0,18,true,360,0,7.048,2558.694,2619.141,2631.023,2634.368,2634.715,170.895,170.895,82.23,20,20,706,multiprocess_sample_only,,
yjit-off/puma-long-tail-fib-200ms-x4p0/puma-1w-3t/repeat-2,yjit-off,false,puma-long-tail-fib-200ms-x4p0,puma-long-tail-hey,puma/benchmarks/local/long_tail_hey + test/rackup/sleep_fibonacci,https://github.com/puma/puma/blob/main/benchmarks/local/long_tail_hey.rb,puma-1w-3t,3,puma,1,3,240,240,34.042,5.0,240,240,34.104,2.0,12,true,240,0,7.05,1702.258,1742.074,1755.546,1756.745,1756.786,174.715,174.715,86.02,20,20,470,multiprocess_sample_only,,
yjit-off/puma-long-tail-fib-200ms-x3p0/puma-1w-3t/repeat-2,yjit-off,false,puma-long-tail-fib-200ms-x3p0,puma-long-tail-hey,puma/benchmarks/local/long_tail_hey + test/rackup/sleep_fibonacci,https://github.com/puma/puma/blob/main/benchmarks/local/long_tail_hey.rb,puma-1w-3t,3,puma,1,3,180,180,25.523,5.0,180,180,25.551,2.0,9,true,180,0,7.052,1274.952,1303.666,1314.776,1316.594,1316.834,174.777,174.777,87.89,20,20,353,multiprocess_sample_only,,
yjit-off/puma-long-tail-fib-200ms-x2p0/puma-1w-3t/repeat-2,yjit-off,false,puma-long-tail-fib-200ms-x2p0,puma-long-tail-hey,puma/benchmarks/local/long_tail_hey + test/rackup/sleep_fibonacci,https://github.com/puma/puma/blob/main/benchmarks/local/long_tail_hey.rb,puma-1w-3t,3,puma,1,3,120,120,17.023,5.0,120,120,17.042,2.0,6,true,120,0,7.049,852.612,877.062,887.004,888.706,888.754,174.777,172.715,88.92,20,20,236,multiprocess_sample_only,,
yjit-off/puma-long-tail-fib-200ms-x1p5/puma-1w-3t/repeat-2,yjit-off,false,puma-long-tail-fib-200ms-x1p5,puma-long-tail-hey,puma/benchmarks/local/long_tail_hey + test/rackup/sleep_fibonacci,https://github.com/puma/puma/blob/main/benchmarks/local/long_tail_hey.rb,puma-1w-3t,3,puma,1,3,100,100,14.185,5.0,100,100,14.251,2.0,5,true,100,0,7.05,790.96,851.159,862.094,862.514,862.56,175.34,175.34,89.58,20,20,197,multiprocess_sample_only,,
yjit-off/puma-long-tail-fib-200ms-x1p0/puma-1w-3t/repeat-2,yjit-off,false,puma-long-tail-fib-200ms-x1p0,puma-long-tail-hey,puma/benchmarks/local/long_tail_hey + test/rackup/sleep_fibonacci,https://github.com/puma/puma/blob/main/benchmarks/local/long_tail_hey.rb,puma-1w-3t,3,puma,1,3,60,60,8.511,5.0,60,60,8.506,2.0,3,true,60,0,7.049,425.671,439.309,442.398,445.122,445.425,175.34,175.34,89.995,20,20,119,multiprocess_sample_only,,
yjit-off/puma-long-tail-fib-200ms-x0p5/puma-1w-3t/repeat-2,yjit-off,false,puma-long-tail-fib-200ms-x0p5,puma-long-tail-hey,puma/benchmarks/local/long_tail_hey + test/rackup/sleep_fibonacci,https://github.com/puma/puma/blob/main/benchmarks/local/long_tail_hey.rb,puma-1w-3t,3,puma,1,3,40,40,5.669,5.0,40,40,5.681,2.0,2,true,40,0,7.056,283.133,296.729,297.776,298.262,298.316,175.344,175.344,90.23,20,20,80,multiprocess_sample_only,,
yjit-off/puma-sleep-fibonacci-1ms/puma-1w-3t/repeat-2,yjit-off,false,puma-sleep-fibonacci-1ms,puma-sleep-fibonacci-test,puma/benchmarks/local/sleep_fibonacci_test + test/rackup/sleep_fibonacci,https://github.com/puma/puma/blob/main/benchmarks/local/sleep_fibonacci_test.rb,puma-1w-3t,3,puma,1,3,3546,10,5.001,5.0,10,1403,2.0,2.0,1,true,3546,0,708.999,1.393,1.492,1.822,2.335,2.589,192.953,192.953,90.125,20,20,70,multiprocess_sample_only,,
yjit-off/puma-sleep-fibonacci-5ms/puma-1w-3t/repeat-2,yjit-off,false,puma-sleep-fibonacci-5ms,puma-sleep-fibonacci-test,puma/benchmarks/local/sleep_fibonacci_test + test/rackup/sleep_fibonacci,https://github.com/puma/puma/blob/main/benchmarks/local/sleep_fibonacci_test.rb,puma-1w-3t,3,puma,1,3,936,10,5.002,5.0,10,372,2.002,2.0,1,true,936,0,187.136,5.302,5.429,5.651,6.135,6.346,193.016,193.016,89.88,20,20,71,multiprocess_sample_only,,
yjit-off/puma-sleep-fibonacci-10ms/puma-1w-3t/repeat-2,yjit-off,false,puma-sleep-fibonacci-10ms,puma-sleep-fibonacci-test,puma/benchmarks/local/sleep_fibonacci_test + test/rackup/sleep_fibonacci,https://github.com/puma/puma/blob/main/benchmarks/local/sleep_fibonacci_test.rb,puma-1w-3t,3,puma,1,3,478,10,5.01,5.0,10,191,2.01,2.0,1,true,478,0,95.403,10.422,10.579,10.966,11.267,11.377,193.016,193.016,89.65,20,20,71,multiprocess_sample_only,,
yjit-off/puma-sleep-fibonacci-50ms/puma-1w-3t/repeat-2,yjit-off,false,puma-sleep-fibonacci-50ms,puma-sleep-fibonacci-test,puma/benchmarks/local/sleep_fibonacci_test + test/rackup/sleep_fibonacci,https://github.com/puma/puma/blob/main/benchmarks/local/sleep_fibonacci_test.rb,puma-1w-3t,3,puma,1,3,99,10,5.019,5.0,10,40,2.028,2.0,1,true,99,0,19.725,50.634,50.713,51.185,51.76,51.823,193.016,193.016,89.415,20,20,71,multiprocess_sample_only,,
yjit-off/puma-sleep-fibonacci-100ms/puma-1w-3t/repeat-2,yjit-off,false,puma-sleep-fibonacci-100ms,puma-sleep-fibonacci-test,puma/benchmarks/local/sleep_fibonacci_test + test/rackup/sleep_fibonacci,https://github.com/puma/puma/blob/main/benchmarks/local/sleep_fibonacci_test.rb,puma-1w-3t,3,puma,1,3,50,10,5.036,5.0,10,20,2.016,2.0,1,true,50,0,9.929,100.641,100.747,100.824,100.836,100.837,193.016,193.016,89.17,20,20,71,multiprocess_sample_only,,
yjit-off/puma-sleep-fibonacci-200ms/puma-1w-3t/repeat-2,yjit-off,false,puma-sleep-fibonacci-200ms,puma-sleep-fibonacci-test,puma/benchmarks/local/sleep_fibonacci_test + test/rackup/sleep_fibonacci,https://github.com/puma/puma/blob/main/benchmarks/local/sleep_fibonacci_test.rb,puma-1w-3t,3,puma,1,3,25,10,5.019,5.0,10,10,2.009,2.0,1,true,25,0,4.981,200.666,200.924,201.21,201.277,201.285,193.141,193.141,88.94,20,20,71,multiprocess_sample_only,,
yjit-off/puma-response-array-1kb/puma-1w-3t/repeat-3,yjit-off,false,puma-response-array-1kb,puma-response-time-wrk,puma/benchmarks/local/response_time_wrk,https://github.com/puma/puma/blob/main/benchmarks/local/response_time_wrk.rb,puma-1w-3t,3,puma,1,3,14020,1000,5.001,5.0,1000,5678,2.002,2.0,5,true,14020,0,2803.302,1.723,2.235,2.593,3.069,4.1,74.691,73.805,94.48,20,20,66,multiprocess_sample_only,,
yjit-off/puma-response-chunk-1kb/puma-1w-3t/repeat-3,yjit-off,false,puma-response-chunk-1kb,puma-response-time-wrk,puma/benchmarks/local/response_time_wrk,https://github.com/puma/puma/blob/main/benchmarks/local/response_time_wrk.rb,puma-1w-3t,3,puma,1,3,13680,1000,5.002,5.0,1000,5618,2.001,2.0,5,true,13680,0,2735.147,1.763,2.278,2.607,3.188,7.369,75.113,74.641,89.95,20,20,66,multiprocess_sample_only,,
yjit-off/puma-response-string-1kb/puma-1w-3t/repeat-3,yjit-off,false,puma-response-string-1kb,puma-response-time-wrk,puma/benchmarks/local/response_time_wrk,https://github.com/puma/puma/blob/main/benchmarks/local/response_time_wrk.rb,puma-1w-3t,3,puma,1,3,14004,1000,5.001,5.0,1000,5748,2.001,2.0,5,true,14004,0,2800.001,1.722,2.244,2.613,3.227,3.652,74.293,73.832,89.13,20,20,66,multiprocess_sample_only,,
yjit-off/puma-response-io-1kb/puma-1w-3t/repeat-3,yjit-off,false,puma-response-io-1kb,puma-response-time-wrk,puma/benchmarks/local/response_time_wrk,https://github.com/puma/puma/blob/main/benchmarks/local/response_time_wrk.rb,puma-1w-3t,3,puma,1,3,13282,1000,5.001,5.0,1000,5456,2.002,2.0,5,true,13282,0,2655.658,1.802,2.427,2.853,3.58,4.306,74.414,74.32,90.26,20,20,67,multiprocess_sample_only,,
yjit-off/puma-response-array-10kb/puma-1w-3t/repeat-3,yjit-off,false,puma-response-array-10kb,puma-response-time-wrk,puma/benchmarks/local/response_time_wrk,https://github.com/puma/puma/blob/main/benchmarks/local/response_time_wrk.rb,puma-1w-3t,3,puma,1,3,13896,1000,5.001,5.0,1000,5671,2.001,2.0,5,true,13896,0,2778.493,1.737,2.259,2.661,3.209,3.809,77.855,77.73,90.54,20,20,66,multiprocess_sample_only,,
yjit-off/puma-response-chunk-10kb/puma-1w-3t/repeat-3,yjit-off,false,puma-response-chunk-10kb,puma-response-time-wrk,puma/benchmarks/local/response_time_wrk,https://github.com/puma/puma/blob/main/benchmarks/local/response_time_wrk.rb,puma-1w-3t,3,puma,1,3,12166,1000,5.002,5.0,1000,5068,2.002,2.0,5,true,12166,0,2432.391,1.983,2.579,3.028,3.66,4.518,77.855,77.648,89.815,20,20,66,multiprocess_sample_only,,
yjit-off/puma-response-string-10kb/puma-1w-3t/repeat-3,yjit-off,false,puma-response-string-10kb,puma-response-time-wrk,puma/benchmarks/local/response_time_wrk,https://github.com/puma/puma/blob/main/benchmarks/local/response_time_wrk.rb,puma-1w-3t,3,puma,1,3,13867,1000,5.001,5.0,1000,5727,2.002,2.0,5,true,13867,0,2772.607,1.738,2.272,2.7,3.44,5.209,78.746,77.555,89.36,20,20,66,multiprocess_sample_only,,
yjit-off/puma-response-io-10kb/puma-1w-3t/repeat-3,yjit-off,false,puma-response-io-10kb,puma-response-time-wrk,puma/benchmarks/local/response_time_wrk,https://github.com/puma/puma/blob/main/benchmarks/local/response_time_wrk.rb,puma-1w-3t,3,puma,1,3,13186,1000,5.002,5.0,1000,5369,2.002,2.0,5,true,13186,0,2635.955,1.807,2.514,3.04,3.743,4.584,80.039,79.719,89.885,20,20,67,multiprocess_sample_only,,
yjit-off/puma-response-array-100kb/puma-1w-3t/repeat-3,yjit-off,false,puma-response-array-100kb,puma-response-time-wrk,puma/benchmarks/local/response_time_wrk,https://github.com/puma/puma/blob/main/benchmarks/local/response_time_wrk.rb,puma-1w-3t,3,puma,1,3,11491,1000,5.002,5.0,1000,4618,2.002,2.0,5,true,11491,0,2297.273,2.116,2.672,3.038,3.728,5.475,103.711,102.984,89.955,20,20,65,multiprocess_sample_only,,
yjit-off/puma-response-chunk-100kb/puma-1w-3t/repeat-3,yjit-off,false,puma-response-chunk-100kb,puma-response-time-wrk,puma/benchmarks/local/response_time_wrk,https://github.com/puma/puma/blob/main/benchmarks/local/response_time_wrk.rb,puma-1w-3t,3,puma,1,3,6035,1000,5.003,5.0,1000,2526,2.004,2.0,5,true,6035,0,1206.251,4.09,5.082,5.718,6.468,6.985,91.664,90.09,89.165,20,20,63,multiprocess_sample_only,,
yjit-off/puma-response-string-100kb/puma-1w-3t/repeat-3,yjit-off,false,puma-response-string-100kb,puma-response-time-wrk,puma/benchmarks/local/response_time_wrk,https://github.com/puma/puma/blob/main/benchmarks/local/response_time_wrk.rb,puma-1w-3t,3,puma,1,3,11451,1000,5.002,5.0,1000,4693,2.002,2.0,5,true,11451,0,2289.273,2.127,2.637,2.981,3.603,5.774,103.992,103.145,88.195,20,20,65,multiprocess_sample_only,,
yjit-off/puma-response-io-100kb/puma-1w-3t/repeat-3,yjit-off,false,puma-response-io-100kb,puma-response-time-wrk,puma/benchmarks/local/response_time_wrk,https://github.com/puma/puma/blob/main/benchmarks/local/response_time_wrk.rb,puma-1w-3t,3,puma,1,3,11383,1000,5.002,5.0,1000,4647,2.002,2.0,5,true,11383,0,2275.832,2.138,2.657,3.004,3.718,43.018,78.832,78.645,87.665,20,20,65,multiprocess_sample_only,,
yjit-off/puma-response-array-256kb/puma-1w-3t/repeat-3,yjit-off,false,puma-response-array-256kb,puma-response-time-wrk,puma/benchmarks/local/response_time_wrk,https://github.com/puma/puma/blob/main/benchmarks/local/response_time_wrk.rb,puma-1w-3t,3,puma,1,3,8502,1000,5.003,5.0,1000,3520,2.002,2.0,5,true,8502,0,1699.454,2.687,4.087,5.696,17.688,18.421,112.984,111.445,87.295,20,20,64,multiprocess_sample_only,,
yjit-off/puma-response-chunk-256kb/puma-1w-3t/repeat-3,yjit-off,false,puma-response-chunk-256kb,puma-response-time-wrk,puma/benchmarks/local/response_time_wrk,https://github.com/puma/puma/blob/main/benchmarks/local/response_time_wrk.rb,puma-1w-3t,3,puma,1,3,3377,1000,5.008,5.0,1000,1429,2.005,2.0,5,true,3377,0,674.355,7.396,8.912,9.938,10.811,11.431,99.07,97.813,86.765,20,20,59,multiprocess_sample_only,,
yjit-off/puma-response-string-256kb/puma-1w-3t/repeat-3,yjit-off,false,puma-response-string-256kb,puma-response-time-wrk,puma/benchmarks/local/response_time_wrk,https://github.com/puma/puma/blob/main/benchmarks/local/response_time_wrk.rb,puma-1w-3t,3,puma,1,3,8768,1000,5.003,5.0,1000,3571,2.002,2.0,5,true,8768,0,1752.672,2.577,3.962,5.293,18.865,20.439,86.602,84.602,85.605,20,20,64,multiprocess_sample_only,,
yjit-off/puma-response-io-256kb/puma-1w-3t/repeat-3,yjit-off,false,puma-response-io-256kb,puma-response-time-wrk,puma/benchmarks/local/response_time_wrk,https://github.com/puma/puma/blob/main/benchmarks/local/response_time_wrk.rb,puma-1w-3t,3,puma,1,3,8709,1000,5.002,5.0,1000,3578,2.002,2.0,5,true,8709,0,1740.998,2.606,4.087,5.405,17.933,45.037,85.852,85.477,84.305,20,20,64,multiprocess_sample_only,,
yjit-off/puma-response-array-512kb/puma-1w-3t/repeat-3,yjit-off,false,puma-response-array-512kb,puma-response-time-wrk,puma/benchmarks/local/response_time_wrk,https://github.com/puma/puma/blob/main/benchmarks/local/response_time_wrk.rb,puma-1w-3t,3,puma,1,3,6681,1000,5.003,5.0,1000,2524,2.003,2.0,5,true,6681,0,1335.418,3.38,5.559,16.375,19.634,20.541,140.961,135.867,83.9,20,20,64,multiprocess_sample_only,,
yjit-off/puma-response-chunk-512kb/puma-1w-3t/repeat-3,yjit-off,false,puma-response-chunk-512kb,puma-response-time-wrk,puma/benchmarks/local/response_time_wrk,https://github.com/puma/puma/blob/main/benchmarks/local/response_time_wrk.rb,puma-1w-3t,3,puma,1,3,1886,1000,5.009,5.0,1000,1000,2.547,2.0,5,true,1886,0,376.492,13.273,15.868,17.174,18.365,19.285,101.828,101.652,83.6,20,20,51,multiprocess_sample_only,,
yjit-off/puma-response-string-512kb/puma-1w-3t/repeat-3,yjit-off,false,puma-response-string-512kb,puma-response-time-wrk,puma/benchmarks/local/response_time_wrk,https://github.com/puma/puma/blob/main/benchmarks/local/response_time_wrk.rb,puma-1w-3t,3,puma,1,3,7032,1000,5.003,5.0,1000,2957,2.002,2.0,5,true,7032,0,1405.677,3.17,5.287,16.888,19.615,20.974,92.352,92.352,82.63,20,20,62,multiprocess_sample_only,,
yjit-off/puma-response-io-512kb/puma-1w-3t/repeat-3,yjit-off,false,puma-response-io-512kb,puma-response-time-wrk,puma/benchmarks/local/response_time_wrk,https://github.com/puma/puma/blob/main/benchmarks/local/response_time_wrk.rb,puma-1w-3t,3,puma,1,3,6965,1000,5.002,5.0,1000,2857,2.003,2.0,5,true,6965,0,1392.367,3.184,5.203,7.728,19.933,206.284,92.352,92.352,81.435,20,20,62,multiprocess_sample_only,,
yjit-off/puma-response-array-1024kb/puma-1w-3t/repeat-3,yjit-off,false,puma-response-array-1024kb,puma-response-time-wrk,puma/benchmarks/local/response_time_wrk,https://github.com/puma/puma/blob/main/benchmarks/local/response_time_wrk.rb,puma-1w-3t,3,puma,1,3,4496,1000,5.007,5.0,1000,1768,2.005,2.0,5,true,4496,0,897.972,5.161,7.982,20.94,22.941,23.877,141.344,129.539,81.16,20,20,64,multiprocess_sample_only,,
yjit-off/puma-response-chunk-1024kb/puma-1w-3t/repeat-3,yjit-off,false,puma-response-chunk-1024kb,puma-response-time-wrk,puma/benchmarks/local/response_time_wrk,https://github.com/puma/puma/blob/main/benchmarks/local/response_time_wrk.rb,puma-1w-3t,3,puma,1,3,1057,1000,5.016,5.0,1000,1000,4.73,2.0,5,true,1057,0,210.711,23.812,28.131,29.536,30.802,31.102,101.559,99.895,81.01,20,20,43,multiprocess_sample_only,,
yjit-off/puma-response-string-1024kb/puma-1w-3t/repeat-3,yjit-off,false,puma-response-string-1024kb,puma-response-time-wrk,puma/benchmarks/local/response_time_wrk,https://github.com/puma/puma/blob/main/benchmarks/local/response_time_wrk.rb,puma-1w-3t,3,puma,1,3,4618,1000,5.004,5.0,1000,1795,2.004,2.0,5,true,4618,0,922.88,4.859,7.562,21.126,23.99,24.926,96.93,96.93,79.9,20,20,60,multiprocess_sample_only,,
yjit-off/puma-response-io-1024kb/puma-1w-3t/repeat-3,yjit-off,false,puma-response-io-1024kb,puma-response-time-wrk,puma/benchmarks/local/response_time_wrk,https://github.com/puma/puma/blob/main/benchmarks/local/response_time_wrk.rb,puma-1w-3t,3,puma,1,3,4394,1000,5.004,5.0,1000,1818,2.004,2.0,5,true,4394,0,878.156,5.08,8.365,21.537,24.075,24.884,96.992,96.992,78.42,20,20,60,multiprocess_sample_only,,
yjit-off/puma-response-array-2048kb/puma-1w-3t/repeat-3,yjit-off,false,puma-response-array-2048kb,puma-response-time-wrk,puma/benchmarks/local/response_time_wrk,https://github.com/puma/puma/blob/main/benchmarks/local/response_time_wrk.rb,puma-1w-3t,3,puma,1,3,2554,1000,5.007,5.0,1000,1060,2.009,2.0,5,true,2554,0,510.06,9.81,12.904,14.414,16.038,17.271,113.289,102.23,78.405,20,20,65,multiprocess_sample_only,,
yjit-off/puma-response-chunk-2048kb/puma-1w-3t/repeat-3,yjit-off,false,puma-response-chunk-2048kb,puma-response-time-wrk,puma/benchmarks/local/response_time_wrk,https://github.com/puma/puma/blob/main/benchmarks/local/response_time_wrk.rb,puma-1w-3t,3,puma,1,3,1000,1000,8.685,5.0,1000,1000,7.855,2.0,5,true,1000,0,115.145,42.665,51.865,54.364,57.434,57.519,103.762,101.895,78.44,20,20,54,multiprocess_sample_only,,
yjit-off/puma-response-string-2048kb/puma-1w-3t/repeat-3,yjit-off,false,puma-response-string-2048kb,puma-response-time-wrk,puma/benchmarks/local/response_time_wrk,https://github.com/puma/puma/blob/main/benchmarks/local/response_time_wrk.rb,puma-1w-3t,3,puma,1,3,2777,1000,5.007,5.0,1000,1098,2.009,2.0,5,true,2777,0,554.644,8.857,10.546,11.368,13.525,14.133,102.066,102.066,77.37,20,20,56,multiprocess_sample_only,,
yjit-off/puma-response-io-2048kb/puma-1w-3t/repeat-3,yjit-off,false,puma-response-io-2048kb,puma-response-time-wrk,puma/benchmarks/local/response_time_wrk,https://github.com/puma/puma/blob/main/benchmarks/local/response_time_wrk.rb,puma-1w-3t,3,puma,1,3,2782,1000,5.008,5.0,1000,1208,2.007,2.0,5,true,2782,0,555.522,8.848,10.726,12.042,13.012,13.643,102.066,102.066,75.83,20,20,57,multiprocess_sample_only,,
yjit-off/puma-long-tail-fib-200ms-x6p0/puma-1w-3t/repeat-3,yjit-off,false,puma-long-tail-fib-200ms-x6p0,puma-long-tail-hey,puma/benchmarks/local/long_tail_hey + test/rackup/sleep_fibonacci,https://github.com/puma/puma/blob/main/benchmarks/local/long_tail_hey.rb,puma-1w-3t,3,puma,1,3,360,360,51.019,5.0,360,360,51.035,2.0,18,true,360,0,7.056,2561.682,2629.279,2642.927,2652.275,2652.536,117.754,117.754,81.765,20,20,707,multiprocess_sample_only,,
yjit-off/puma-long-tail-fib-200ms-x4p0/puma-1w-3t/repeat-3,yjit-off,false,puma-long-tail-fib-200ms-x4p0,puma-long-tail-hey,puma/benchmarks/local/long_tail_hey + test/rackup/sleep_fibonacci,https://github.com/puma/puma/blob/main/benchmarks/local/long_tail_hey.rb,puma-1w-3t,3,puma,1,3,240,240,34.005,5.0,240,240,33.989,2.0,12,true,240,0,7.058,1711.191,1752.509,1763.571,1765.802,1765.925,117.945,117.945,85.675,20,20,471,multiprocess_sample_only,,
yjit-off/puma-long-tail-fib-200ms-x3p0/puma-1w-3t/repeat-3,yjit-off,false,puma-long-tail-fib-200ms-x3p0,puma-long-tail-hey,puma/benchmarks/local/long_tail_hey + test/rackup/sleep_fibonacci,https://github.com/puma/puma/blob/main/benchmarks/local/long_tail_hey.rb,puma-1w-3t,3,puma,1,3,180,180,25.516,5.0,180,180,25.51,2.0,9,true,180,0,7.054,1278.258,1326.53,1331.44,1337.552,1338.868,121.012,121.012,87.58,20,20,354,multiprocess_sample_only,,
yjit-off/puma-long-tail-fib-200ms-x2p0/puma-1w-3t/repeat-3,yjit-off,false,puma-long-tail-fib-200ms-x2p0,puma-long-tail-hey,puma/benchmarks/local/long_tail_hey + test/rackup/sleep_fibonacci,https://github.com/puma/puma/blob/main/benchmarks/local/long_tail_hey.rb,puma-1w-3t,3,puma,1,3,120,120,17.0,5.0,120,120,17.0,2.0,6,true,120,0,7.059,849.685,889.778,894.667,896.613,896.801,125.199,125.199,88.63,20,20,236,multiprocess_sample_only,,
yjit-off/puma-long-tail-fib-200ms-x1p5/puma-1w-3t/repeat-3,yjit-off,false,puma-long-tail-fib-200ms-x1p5,puma-long-tail-hey,puma/benchmarks/local/long_tail_hey + test/rackup/sleep_fibonacci,https://github.com/puma/puma/blob/main/benchmarks/local/long_tail_hey.rb,puma-1w-3t,3,puma,1,3,100,100,14.163,5.0,100,100,14.174,2.0,5,true,100,0,7.061,743.867,838.55,851.808,858.026,858.717,120.293,120.293,89.325,20,20,197,multiprocess_sample_only,,
yjit-off/puma-long-tail-fib-200ms-x1p0/puma-1w-3t/repeat-3,yjit-off,false,puma-long-tail-fib-200ms-x1p0,puma-long-tail-hey,puma/benchmarks/local/long_tail_hey + test/rackup/sleep_fibonacci,https://github.com/puma/puma/blob/main/benchmarks/local/long_tail_hey.rb,puma-1w-3t,3,puma,1,3,60,60,8.512,5.0,60,60,8.501,2.0,3,true,60,0,7.049,424.176,450.566,453.572,455.681,455.916,120.293,120.293,89.745,20,20,119,multiprocess_sample_only,,
yjit-off/puma-long-tail-fib-200ms-x0p5/puma-1w-3t/repeat-3,yjit-off,false,puma-long-tail-fib-200ms-x0p5,puma-long-tail-hey,puma/benchmarks/local/long_tail_hey + test/rackup/sleep_fibonacci,https://github.com/puma/puma/blob/main/benchmarks/local/long_tail_hey.rb,puma-1w-3t,3,puma,1,3,40,40,5.677,5.0,40,40,5.669,2.0,2,true,40,0,7.046,283.57,298.001,298.787,298.948,298.966,120.293,120.293,89.985,20,20,80,multiprocess_sample_only,,
yjit-off/puma-sleep-fibonacci-1ms/puma-1w-3t/repeat-3,yjit-off,false,puma-sleep-fibonacci-1ms,puma-sleep-fibonacci-test,puma/benchmarks/local/sleep_fibonacci_test + test/rackup/sleep_fibonacci,https://github.com/puma/puma/blob/main/benchmarks/local/sleep_fibonacci_test.rb,puma-1w-3t,3,puma,1,3,3592,10,5.001,5.0,10,1445,2.001,2.0,1,true,3592,0,718.293,1.348,1.467,1.733,2.225,2.719,136.434,136.434,89.885,20,20,70,multiprocess_sample_only,,
yjit-off/puma-sleep-fibonacci-5ms/puma-1w-3t/repeat-3,yjit-off,false,puma-sleep-fibonacci-5ms,puma-sleep-fibonacci-test,puma/benchmarks/local/sleep_fibonacci_test + test/rackup/sleep_fibonacci,https://github.com/puma/puma/blob/main/benchmarks/local/sleep_fibonacci_test.rb,puma-1w-3t,3,puma,1,3,940,10,5.003,5.0,10,376,2.0,2.0,1,true,940,0,187.903,5.286,5.378,5.669,5.896,6.156,136.434,136.434,89.655,20,20,71,multiprocess_sample_only,,
yjit-off/puma-sleep-fibonacci-10ms/puma-1w-3t/repeat-3,yjit-off,false,puma-sleep-fibonacci-10ms,puma-sleep-fibonacci-test,puma/benchmarks/local/sleep_fibonacci_test + test/rackup/sleep_fibonacci,https://github.com/puma/puma/blob/main/benchmarks/local/sleep_fibonacci_test.rb,puma-1w-3t,3,puma,1,3,483,10,5.005,5.0,10,193,2.008,2.0,1,true,483,0,96.5,10.323,10.415,10.69,11.403,11.489,136.434,136.434,89.435,20,20,71,multiprocess_sample_only,,
yjit-off/puma-sleep-fibonacci-50ms/puma-1w-3t/repeat-3,yjit-off,false,puma-sleep-fibonacci-50ms,puma-sleep-fibonacci-test,puma/benchmarks/local/sleep_fibonacci_test + test/rackup/sleep_fibonacci,https://github.com/puma/puma/blob/main/benchmarks/local/sleep_fibonacci_test.rb,puma-1w-3t,3,puma,1,3,99,10,5.007,5.0,10,40,2.026,2.0,1,true,99,0,19.772,50.519,50.612,50.745,50.828,50.837,136.434,136.434,89.195,20,20,71,multiprocess_sample_only,,
yjit-off/puma-sleep-fibonacci-100ms/puma-1w-3t/repeat-3,yjit-off,false,puma-sleep-fibonacci-100ms,puma-sleep-fibonacci-test,puma/benchmarks/local/sleep_fibonacci_test + test/rackup/sleep_fibonacci,https://github.com/puma/puma/blob/main/benchmarks/local/sleep_fibonacci_test.rb,puma-1w-3t,3,puma,1,3,50,10,5.034,5.0,10,20,2.014,2.0,1,true,50,0,9.933,100.597,100.793,101.101,101.114,101.115,136.434,136.434,88.955,20,20,71,multiprocess_sample_only,,
yjit-off/puma-sleep-fibonacci-200ms/puma-1w-3t/repeat-3,yjit-off,false,puma-sleep-fibonacci-200ms,puma-sleep-fibonacci-test,puma/benchmarks/local/sleep_fibonacci_test + test/rackup/sleep_fibonacci,https://github.com/puma/puma/blob/main/benchmarks/local/sleep_fibonacci_test.rb,puma-1w-3t,3,puma,1,3,25,10,5.017,5.0,10,10,2.008,2.0,1,true,25,0,4.983,200.626,200.662,200.671,200.673,200.673,136.434,136.434,88.735,20,20,71,multiprocess_sample_only,,
yjit-on/puma-response-array-1kb/raptor-3r/repeat-1,yjit-on,true,puma-response-array-1kb,puma-response-time-wrk,puma/benchmarks/local/response_time_wrk,https://github.com/puma/puma/blob/main/benchmarks/local/response_time_wrk.rb,raptor-3r,3,raptor,3,,1000,1000,16.139,5.0,1000,1000,16.157,2.0,5,true,1000,0,61.96,41.001,42.016,42.372,4046.387,4048.715,30.879,30.879,3.63,20,20,226,same_worker,20,719248
yjit-on/puma-response-chunk-1kb/raptor-3r/repeat-1,yjit-on,true,puma-response-chunk-1kb,puma-response-time-wrk,puma/benchmarks/local/response_time_wrk,https://github.com/puma/puma/blob/main/benchmarks/local/response_time_wrk.rb,raptor-3r,3,raptor,3,,1000,1000,16.141,5.0,1000,1000,16.119,2.0,5,true,1000,0,61.956,40.999,41.999,42.571,4043.305,4046.683,31.258,31.258,2.87,20,20,226,same_worker,20,716804
yjit-on/puma-response-string-1kb/raptor-3r/repeat-1,yjit-on,true,puma-response-string-1kb,puma-response-time-wrk,puma/benchmarks/local/response_time_wrk,https://github.com/puma/puma/blob/main/benchmarks/local/response_time_wrk.rb,raptor-3r,3,raptor,3,,1000,1000,16.159,5.0,1000,1000,16.212,2.0,5,true,1000,0,61.885,41.01,42.181,42.841,4067.945,4069.75,31.344,31.344,2.69,20,20,227,same_worker,20,719255
yjit-on/puma-response-io-1kb/raptor-3r/repeat-1,yjit-on,true,puma-response-io-1kb,puma-response-time-wrk,puma/benchmarks/local/response_time_wrk,https://github.com/puma/puma/blob/main/benchmarks/local/response_time_wrk.rb,raptor-3r,3,raptor,3,,1000,1000,16.166,5.0,1000,1000,16.174,2.0,5,true,1000,0,61.857,41.011,42.166,42.812,4049.354,4053.147,31.785,31.785,2.64,20,20,227,same_worker,19,727250
yjit-on/puma-response-array-10kb/raptor-3r/repeat-1,yjit-on,true,puma-response-array-10kb,puma-response-time-wrk,puma/benchmarks/local/response_time_wrk,https://github.com/puma/puma/blob/main/benchmarks/local/response_time_wrk.rb,raptor-3r,3,raptor,3,,1000,1000,16.159,5.0,1000,1000,16.091,2.0,5,true,1000,0,61.886,41.009,42.141,42.708,4062.543,4062.748,31.816,31.816,2.6,20,20,227,same_worker,19,720567
yjit-on/puma-response-chunk-10kb/raptor-3r/repeat-1,yjit-on,true,puma-response-chunk-10kb,puma-response-time-wrk,puma/benchmarks/local/response_time_wrk,https://github.com/puma/puma/blob/main/benchmarks/local/response_time_wrk.rb,raptor-3r,3,raptor,3,,1000,1000,16.176,5.0,1000,1000,16.111,2.0,5,true,1000,0,61.821,41.015,42.223,42.977,4052.234,4087.202,31.859,31.859,2.6,20,20,226,same_worker,20,716243
yjit-on/puma-response-string-10kb/raptor-3r/repeat-1,yjit-on,true,puma-response-string-10kb,puma-response-time-wrk,puma/benchmarks/local/response_time_wrk,https://github.com/puma/puma/blob/main/benchmarks/local/response_time_wrk.rb,raptor-3r,3,raptor,3,,1000,1000,16.189,5.0,1000,1000,16.138,2.0,5,true,1000,0,61.77,41.024,42.28,42.76,4058.777,4059.152,31.879,31.879,2.565,20,20,227,same_worker,20,719243
yjit-on/puma-response-io-10kb/raptor-3r/repeat-1,yjit-on,true,puma-response-io-10kb,puma-response-time-wrk,puma/benchmarks/local/response_time_wrk,https://github.com/puma/puma/blob/main/benchmarks/local/response_time_wrk.rb,raptor-3r,3,raptor,3,,1000,1000,16.16,5.0,1000,1000,16.222,2.0,5,true,1000,0,61.883,41.013,42.141,42.849,4061.085,4061.638,32.352,32.352,2.6,20,20,226,same_worker,21,743224
yjit-on/puma-response-array-100kb/raptor-3r/repeat-1,yjit-on,true,puma-response-array-100kb,puma-response-time-wrk,puma/benchmarks/local/response_time_wrk,https://github.com/puma/puma/blob/main/benchmarks/local/response_time_wrk.rb,raptor-3r,3,raptor,3,,1000,1000,14.947,5.0,1000,1000,13.344,2.0,5,true,1000,0,66.901,40.978,41.977,42.859,3712.665,3719.256,32.426,32.426,2.7,20,20,209,same_worker,19,718409
yjit-on/puma-response-chunk-100kb/raptor-3r/repeat-1,yjit-on,true,puma-response-chunk-100kb,puma-response-time-wrk,puma/benchmarks/local/response_time_wrk,https://github.com/puma/puma/blob/main/benchmarks/local/response_time_wrk.rb,raptor-3r,3,raptor,3,,1000,1000,14.257,5.0,1000,1000,13.618,2.0,5,true,1000,0,70.143,40.976,41.982,42.735,3606.463,3678.266,32.426,32.426,2.855,20,20,200,same_worker,20,715057
yjit-on/puma-response-string-100kb/raptor-3r/repeat-1,yjit-on,true,puma-response-string-100kb,puma-response-time-wrk,puma/benchmarks/local/response_time_wrk,https://github.com/puma/puma/blob/main/benchmarks/local/response_time_wrk.rb,raptor-3r,3,raptor,3,,10369,1000,5.004,5.0,1000,4234,2.002,2.0,5,true,10369,0,2072.309,1.381,2.057,4.184,140.907,148.595,32.855,32.855,4.015,20,20,67,same_worker,218,7456402
yjit-on/puma-response-io-100kb/raptor-3r/repeat-1,yjit-on,true,puma-response-io-100kb,puma-response-time-wrk,puma/benchmarks/local/response_time_wrk,https://github.com/puma/puma/blob/main/benchmarks/local/response_time_wrk.rb,raptor-3r,3,raptor,3,,1000,1000,14.909,5.0,1000,1000,13.526,2.0,5,true,1000,0,67.075,40.989,41.991,42.923,3605.644,3650.198,40.398,40.398,4.7,20,20,209,same_worker,29,924588
yjit-on/puma-response-array-256kb/raptor-3r/repeat-1,yjit-on,true,puma-response-array-256kb,puma-response-time-wrk,puma/benchmarks/local/response_time_wrk,https://github.com/puma/puma/blob/main/benchmarks/local/response_time_wrk.rb,raptor-3r,3,raptor,3,,1000,1000,11.465,5.0,1000,1000,11.778,2.0,5,true,1000,0,87.223,41.652,42.367,43.514,2405.016,2549.901,40.398,40.398,4.855,20,20,161,same_worker,22,717564
yjit-on/puma-response-chunk-256kb/raptor-3r/repeat-1,yjit-on,true,puma-response-chunk-256kb,puma-response-time-wrk,puma/benchmarks/local/response_time_wrk,https://github.com/puma/puma/blob/main/benchmarks/local/response_time_wrk.rb,raptor-3r,3,raptor,3,,1000,1000,11.543,5.0,1000,1000,11.201,2.0,5,true,1000,0,86.631,41.811,42.785,43.824,3529.813,3758.178,40.398,40.398,5.05,20,20,162,same_worker,22,715204
yjit-on/puma-response-string-256kb/raptor-3r/repeat-1,yjit-on,true,puma-response-string-256kb,puma-response-time-wrk,puma/benchmarks/local/response_time_wrk,https://github.com/puma/puma/blob/main/benchmarks/local/response_time_wrk.rb,raptor-3r,3,raptor,3,,7543,1000,5.002,5.0,1000,2927,2.002,2.0,5,true,7543,0,1507.854,1.7,2.752,43.528,198.901,241.809,40.398,40.398,5.8,20,20,66,same_worker,175,5425169
yjit-on/puma-response-io-256kb/raptor-3r/repeat-1,yjit-on,true,puma-response-io-256kb,puma-response-time-wrk,puma/benchmarks/local/response_time_wrk,https://github.com/puma/puma/blob/main/benchmarks/local/response_time_wrk.rb,raptor-3r,3,raptor,3,,1000,1000,12.475,5.0,1000,1000,14.057,2.0,5,true,1000,0,80.159,41.947,42.962,43.965,3364.636,3480.536,47.965,47.965,6.345,20,20,174,same_worker,45,1237243
yjit-on/puma-response-array-512kb/raptor-3r/repeat-1,yjit-on,true,puma-response-array-512kb,puma-response-time-wrk,puma/benchmarks/local/response_time_wrk,https://github.com/puma/puma/blob/main/benchmarks/local/response_time_wrk.rb,raptor-3r,3,raptor,3,,1000,1000,14.592,5.0,1000,1000,15.003,2.0,5,true,1000,0,68.53,41.985,43.065,44.621,3654.98,3774.616,47.965,47.965,6.575,20,20,204,same_worker,24,719249
yjit-on/puma-response-chunk-512kb/raptor-3r/repeat-1,yjit-on,true,puma-response-chunk-512kb,puma-response-time-wrk,puma/benchmarks/local/response_time_wrk,https://github.com/puma/puma/blob/main/benchmarks/local/response_time_wrk.rb,raptor-3r,3,raptor,3,,1000,1000,13.992,5.0,1000,1000,15.199,2.0,5,true,1000,0,71.471,41.986,43.209,45.943,3354.216,3409.726,47.965,47.965,6.85,20,20,196,same_worker,25,716124
yjit-on/puma-response-string-512kb/raptor-3r/repeat-1,yjit-on,true,puma-response-string-512kb,puma-response-time-wrk,puma/benchmarks/local/response_time_wrk,https://github.com/puma/puma/blob/main/benchmarks/local/response_time_wrk.rb,raptor-3r,3,raptor,3,,5938,1000,5.003,5.0,1000,2382,2.003,2.0,5,true,5938,0,1186.883,2.201,3.672,19.439,255.912,277.835,47.965,47.965,7.375,20,20,66,same_worker,149,4269924
yjit-on/puma-response-io-512kb/raptor-3r/repeat-1,yjit-on,true,puma-response-io-512kb,puma-response-time-wrk,puma/benchmarks/local/response_time_wrk,https://github.com/puma/puma/blob/main/benchmarks/local/response_time_wrk.rb,raptor-3r,3,raptor,3,,1000,1000,15.203,5.0,1000,1000,15.063,2.0,5,true,1000,0,65.776,42.912,43.957,45.305,3715.389,3834.815,53.004,51.227,7.935,20,20,213,same_worker,73,1749231
yjit-on/puma-response-array-1024kb/raptor-3r/repeat-1,yjit-on,true,puma-response-array-1024kb,puma-response-time-wrk,puma/benchmarks/local/response_time_wrk,https://github.com/puma/puma/blob/main/benchmarks/local/response_time_wrk.rb,raptor-3r,3,raptor,3,,1000,1000,14.569,5.0,1000,1000,15.703,2.0,5,true,1000,0,68.64,43.547,44.985,45.953,3687.501,3760.348,51.227,51.227,8.41,20,20,203,same_worker,26,719249
yjit-on/puma-response-chunk-1024kb/raptor-3r/repeat-1,yjit-on,true,puma-response-chunk-1024kb,puma-response-time-wrk,puma/benchmarks/local/response_time_wrk,https://github.com/puma/puma/blob/main/benchmarks/local/response_time_wrk.rb,raptor-3r,3,raptor,3,,1000,1000,14.945,5.0,1000,1000,15.776,2.0,5,true,1000,0,66.91,43.831,45.097,48.047,3568.033,3634.345,51.227,51.227,8.96,20,20,208,same_worker,26,714933
yjit-on/puma-response-string-1024kb/raptor-3r/repeat-1,yjit-on,true,puma-response-string-1024kb,puma-response-time-wrk,puma/benchmarks/local/response_time_wrk,https://github.com/puma/puma/blob/main/benchmarks/local/response_time_wrk.rb,raptor-3r,3,raptor,3,,4138,1000,5.004,5.0,1000,1675,2.005,2.0,5,true,4138,0,827.018,3.229,5.972,21.491,367.189,375.566,51.938,51.938,9.36,20,20,64,same_worker,113,2975747
yjit-on/puma-response-io-1024kb/raptor-3r/repeat-1,yjit-on,true,puma-response-io-1024kb,puma-response-time-wrk,puma/benchmarks/local/response_time_wrk,https://github.com/puma/puma/blob/main/benchmarks/local/response_time_wrk.rb,raptor-3r,3,raptor,3,,1000,1000,16.14,5.0,1000,1000,16.726,2.0,5,true,1000,0,61.96,44.448,46.287,50.031,4098.997,4099.108,59.594,59.594,10.09,20,20,225,same_worker,135,2773237
yjit-on/puma-response-array-2048kb/raptor-3r/repeat-1,yjit-on,true,puma-response-array-2048kb,puma-response-time-wrk,puma/benchmarks/local/response_time_wrk,https://github.com/puma/puma/blob/main/benchmarks/local/response_time_wrk.rb,raptor-3r,3,raptor,3,,1000,1000,15.641,5.0,1000,1000,16.549,2.0,5,true,1000,0,63.935,45.896,48.052,50.282,3821.38,3864.375,59.594,54.211,11.115,20,20,217,same_worker,28,719237
yjit-on/puma-response-chunk-2048kb/raptor-3r/repeat-1,yjit-on,true,puma-response-chunk-2048kb,puma-response-time-wrk,puma/benchmarks/local/response_time_wrk,https://github.com/puma/puma/blob/main/benchmarks/local/response_time_wrk.rb,raptor-3r,3,raptor,3,,1000,1000,16.53,5.0,1000,1000,16.468,2.0,5,true,1000,0,60.497,45.959,48.085,50.822,4074.696,4121.296,54.211,54.211,12.13,20,20,229,same_worker,28,716237
yjit-on/puma-response-string-2048kb/raptor-3r/repeat-1,yjit-on,true,puma-response-string-2048kb,puma-response-time-wrk,puma/benchmarks/local/response_time_wrk,https://github.com/puma/puma/blob/main/benchmarks/local/response_time_wrk.rb,raptor-3r,3,raptor,3,,2704,1000,5.009,5.0,1000,1151,2.068,2.0,5,true,2704,0,539.816,5.394,8.246,13.333,575.813,590.886,60.223,60.223,12.54,20,20,63,same_worker,79,1942164
yjit-on/puma-response-io-2048kb/raptor-3r/repeat-1,yjit-on,true,puma-response-io-2048kb,puma-response-time-wrk,puma/benchmarks/local/response_time_wrk,https://github.com/puma/puma/blob/main/benchmarks/local/response_time_wrk.rb,raptor-3r,3,raptor,3,,1000,1000,16.883,5.0,1000,1000,17.604,2.0,5,true,1000,0,59.231,47.37,50.897,54.904,4094.907,4184.555,75.398,74.555,13.745,20,20,233,same_worker,170,4822478
yjit-on/puma-long-tail-fib-200ms-x6p0/raptor-3r/repeat-1,yjit-on,true,puma-long-tail-fib-200ms-x6p0,puma-long-tail-hey,puma/benchmarks/local/long_tail_hey + test/rackup/sleep_fibonacci,https://github.com/puma/puma/blob/main/benchmarks/local/long_tail_hey.rb,raptor-3r,3,raptor,3,,363,360,29.033,5.0,360,360,28.807,2.0,18,true,363,0,12.503,241.962,243.114,19631.965,24431.027,24432.181,74.98,74.98,22.92,20,20,396,same_worker,1,61107
yjit-on/puma-long-tail-fib-200ms-x4p0/raptor-3r/repeat-1,yjit-on,true,puma-long-tail-fib-200ms-x4p0,puma-long-tail-hey,puma/benchmarks/local/long_tail_hey + test/rackup/sleep_fibonacci,https://github.com/puma/puma/blob/main/benchmarks/local/long_tail_hey.rb,raptor-3r,3,raptor,3,,243,240,19.44,5.0,240,240,19.195,2.0,12,true,243,0,12.5,241.952,243.053,12816.24,14832.036,14832.428,74.988,74.988,30.91,20,20,266,same_worker,1,41723
yjit-on/puma-long-tail-fib-200ms-x3p0/raptor-3r/repeat-1,yjit-on,true,puma-long-tail-fib-200ms-x3p0,puma-long-tail-hey,puma/benchmarks/local/long_tail_hey + test/rackup/sleep_fibonacci,https://github.com/puma/puma/blob/main/benchmarks/local/long_tail_hey.rb,raptor-3r,3,raptor,3,,183,180,14.639,5.0,180,180,14.401,2.0,9,true,183,0,12.501,241.953,242.851,10039.091,10039.249,10039.272,74.996,74.996,36.175,20,20,201,same_worker,1,33309
yjit-on/puma-long-tail-fib-200ms-x2p0/raptor-3r/repeat-1,yjit-on,true,puma-long-tail-fib-200ms-x2p0,puma-long-tail-hey,puma/benchmarks/local/long_tail_hey + test/rackup/sleep_fibonacci,https://github.com/puma/puma/blob/main/benchmarks/local/long_tail_hey.rb,raptor-3r,3,raptor,3,,123,120,9.841,5.0,120,120,9.599,2.0,6,true,123,0,12.499,241.972,242.84,5237.046,5239.245,5239.543,75.0,75.0,39.615,20,20,135,same_worker,0,20717
yjit-on/puma-long-tail-fib-200ms-x1p5/raptor-3r/repeat-1,yjit-on,true,puma-long-tail-fib-200ms-x1p5,puma-long-tail-hey,puma/benchmarks/local/long_tail_hey + test/rackup/sleep_fibonacci,https://github.com/puma/puma/blob/main/benchmarks/local/long_tail_hey.rb,raptor-3r,3,raptor,3,,103,100,9.841,5.0,100,100,9.6,2.0,5,true,103,0,10.467,241.982,242.839,5138.857,5238.803,5238.807,75.004,75.004,42.175,20,20,136,same_worker,0,17887
yjit-on/puma-long-tail-fib-200ms-x1p0/raptor-3r/repeat-1,yjit-on,true,puma-long-tail-fib-200ms-x1p0,puma-long-tail-hey,puma/benchmarks/local/long_tail_hey + test/rackup/sleep_fibonacci,https://github.com/puma/puma/blob/main/benchmarks/local/long_tail_hey.rb,raptor-3r,3,raptor,3,,63,60,5.043,5.0,60,60,4.8,2.0,3,true,63,0,12.493,242.008,242.727,243.386,243.707,243.743,75.008,75.008,43.725,20,20,70,same_worker,0,11340
yjit-on/puma-long-tail-fib-200ms-x0p5/raptor-3r/repeat-1,yjit-on,true,puma-long-tail-fib-200ms-x0p5,puma-long-tail-hey,puma/benchmarks/local/long_tail_hey + test/rackup/sleep_fibonacci,https://github.com/puma/puma/blob/main/benchmarks/local/long_tail_hey.rb,raptor-3r,3,raptor,3,,42,40,5.039,5.0,40,40,4.793,2.0,2,true,42,0,8.335,241.863,242.187,242.721,242.847,242.861,75.012,75.012,44.685,20,20,71,same_worker,0,6345
yjit-on/puma-sleep-fibonacci-1ms/raptor-3r/repeat-1,yjit-on,true,puma-sleep-fibonacci-1ms,puma-sleep-fibonacci-test,puma/benchmarks/local/sleep_fibonacci_test + test/rackup/sleep_fibonacci,https://github.com/puma/puma/blob/main/benchmarks/local/sleep_fibonacci_test.rb,raptor-3r,3,raptor,3,,122,10,5.008,5.0,10,49,2.022,2.0,1,true,122,0,24.361,41.965,42.432,42.903,42.986,42.997,75.043,75.043,44.68,20,20,71,same_worker,0,20585
yjit-on/puma-sleep-fibonacci-5ms/raptor-3r/repeat-1,yjit-on,true,puma-sleep-fibonacci-5ms,puma-sleep-fibonacci-test,puma/benchmarks/local/sleep_fibonacci_test + test/rackup/sleep_fibonacci,https://github.com/puma/puma/blob/main/benchmarks/local/sleep_fibonacci_test.rb,raptor-3r,3,raptor,3,,112,10,5.024,5.0,10,45,2.031,2.0,1,true,112,0,22.293,45.944,46.243,46.974,46.985,46.986,75.098,75.098,44.395,20,20,71,same_worker,0,18537
yjit-on/puma-sleep-fibonacci-10ms/raptor-3r/repeat-1,yjit-on,true,puma-sleep-fibonacci-10ms,puma-sleep-fibonacci-test,puma/benchmarks/local/sleep_fibonacci_test + test/rackup/sleep_fibonacci,https://github.com/puma/puma/blob/main/benchmarks/local/sleep_fibonacci_test.rb,raptor-3r,3,raptor,3,,99,10,5.038,5.0,10,40,2.028,2.0,1,true,99,0,19.651,50.985,51.979,52.03,52.842,52.932,75.102,75.102,44.165,20,20,72,same_worker,1,19106
yjit-on/puma-sleep-fibonacci-50ms/raptor-3r/repeat-1,yjit-on,true,puma-sleep-fibonacci-50ms,puma-sleep-fibonacci-test,puma/benchmarks/local/sleep_fibonacci_test + test/rackup/sleep_fibonacci,https://github.com/puma/puma/blob/main/benchmarks/local/sleep_fibonacci_test.rb,raptor-3r,3,raptor,3,,55,10,5.005,5.0,10,23,2.074,2.0,1,true,55,0,10.989,91.94,92.053,92.968,92.979,92.98,75.102,75.102,44.1,20,20,71,same_worker,0,9812
yjit-on/puma-sleep-fibonacci-100ms/raptor-3r/repeat-1,yjit-on,true,puma-sleep-fibonacci-100ms,puma-sleep-fibonacci-test,puma/benchmarks/local/sleep_fibonacci_test + test/rackup/sleep_fibonacci,https://github.com/puma/puma/blob/main/benchmarks/local/sleep_fibonacci_test.rb,raptor-3r,3,raptor,3,,36,10,5.059,5.0,10,15,2.079,2.0,1,true,36,0,7.116,141.927,142.013,142.028,142.034,142.034,75.109,75.109,44.1,20,20,72,same_worker,0,4225
yjit-on/puma-sleep-fibonacci-200ms/raptor-3r/repeat-1,yjit-on,true,puma-sleep-fibonacci-200ms,puma-sleep-fibonacci-test,puma/benchmarks/local/sleep_fibonacci_test + test/rackup/sleep_fibonacci,https://github.com/puma/puma/blob/main/benchmarks/local/sleep_fibonacci_test.rb,raptor-3r,3,raptor,3,,21,10,5.034,5.0,10,10,2.38,2.0,1,true,21,0,4.172,241.907,241.992,242.026,242.034,242.035,75.109,75.109,44.2,20,20,71,same_worker,0,3888
yjit-on/puma-response-array-1kb/raptor-3r/repeat-2,yjit-on,true,puma-response-array-1kb,puma-response-time-wrk,puma/benchmarks/local/response_time_wrk,https://github.com/puma/puma/blob/main/benchmarks/local/response_time_wrk.rb,raptor-3r,3,raptor,3,,1000,1000,16.138,5.0,1000,1000,16.152,2.0,5,true,1000,0,61.964,40.999,41.988,42.436,4043.491,4043.648,31.125,31.125,3.705,20,20,227,same_worker,21,721139
yjit-on/puma-response-chunk-1kb/raptor-3r/repeat-2,yjit-on,true,puma-response-chunk-1kb,puma-response-time-wrk,puma/benchmarks/local/response_time_wrk,https://github.com/puma/puma/blob/main/benchmarks/local/response_time_wrk.rb,raptor-3r,3,raptor,3,,1000,1000,16.191,5.0,1000,1000,16.122,2.0,5,true,1000,0,61.762,41.027,42.264,42.836,4056.703,4059.797,31.258,31.258,2.895,20,20,227,same_worker,21,716262
yjit-on/puma-response-string-1kb/raptor-3r/repeat-2,yjit-on,true,puma-response-string-1kb,puma-response-time-wrk,puma/benchmarks/local/response_time_wrk,https://github.com/puma/puma/blob/main/benchmarks/local/response_time_wrk.rb,raptor-3r,3,raptor,3,,1000,1000,16.141,5.0,1000,1000,16.141,2.0,5,true,1000,0,61.955,41.001,42.06,42.504,4054.804,4057.262,31.348,31.348,2.7,20,20,226,same_worker,21,720365
yjit-on/puma-response-io-1kb/raptor-3r/repeat-2,yjit-on,true,puma-response-io-1kb,puma-response-time-wrk,puma/benchmarks/local/response_time_wrk,https://github.com/puma/puma/blob/main/benchmarks/local/response_time_wrk.rb,raptor-3r,3,raptor,3,,1000,1000,16.146,5.0,1000,1000,16.101,2.0,5,true,1000,0,61.936,41.002,42.023,42.427,4045.662,4050.754,31.449,31.449,2.615,20,20,226,same_worker,21,727253
yjit-on/puma-response-array-10kb/raptor-3r/repeat-2,yjit-on,true,puma-response-array-10kb,puma-response-time-wrk,puma/benchmarks/local/response_time_wrk,https://github.com/puma/puma/blob/main/benchmarks/local/response_time_wrk.rb,raptor-3r,3,raptor,3,,1000,1000,16.133,5.0,1000,1000,16.198,2.0,5,true,1000,0,61.986,40.992,41.985,42.458,4032.313,4034.757,31.496,31.496,2.6,20,20,226,same_worker,21,719237
yjit-on/puma-response-chunk-10kb/raptor-3r/repeat-2,yjit-on,true,puma-response-chunk-10kb,puma-response-time-wrk,puma/benchmarks/local/response_time_wrk,https://github.com/puma/puma/blob/main/benchmarks/local/response_time_wrk.rb,raptor-3r,3,raptor,3,,1000,1000,16.162,5.0,1000,1000,16.1,2.0,5,true,1000,0,61.874,41.004,42.063,42.736,4057.564,4060.805,31.758,31.758,2.585,20,20,227,same_worker,21,716249
yjit-on/puma-response-string-10kb/raptor-3r/repeat-2,yjit-on,true,puma-response-string-10kb,puma-response-time-wrk,puma/benchmarks/local/response_time_wrk,https://github.com/puma/puma/blob/main/benchmarks/local/response_time_wrk.rb,raptor-3r,3,raptor,3,,1000,1000,16.142,5.0,1000,1000,16.087,2.0,5,true,1000,0,61.951,40.996,41.99,42.273,4037.255,4040.993,31.777,31.777,2.5,20,20,226,same_worker,22,718627
yjit-on/puma-response-io-10kb/raptor-3r/repeat-2,yjit-on,true,puma-response-io-10kb,puma-response-time-wrk,puma/benchmarks/local/response_time_wrk,https://github.com/puma/puma/blob/main/benchmarks/local/response_time_wrk.rb,raptor-3r,3,raptor,3,,1000,1000,16.126,5.0,1000,1000,16.102,2.0,5,true,1000,0,62.012,40.99,41.978,42.14,4036.133,4036.279,32.195,32.195,2.5,20,20,226,same_worker,23,746850
yjit-on/puma-response-array-100kb/raptor-3r/repeat-2,yjit-on,true,puma-response-array-100kb,puma-response-time-wrk,puma/benchmarks/local/response_time_wrk,https://github.com/puma/puma/blob/main/benchmarks/local/response_time_wrk.rb,raptor-3r,3,raptor,3,,1000,1000,15.115,5.0,1000,1000,12.747,2.0,5,true,1000,0,66.161,40.978,41.973,42.939,3719.187,3719.507,32.254,32.254,2.665,20,20,211,same_worker,22,719231
yjit-on/puma-response-chunk-100kb/raptor-3r/repeat-2,yjit-on,true,puma-response-chunk-100kb,puma-response-time-wrk,puma/benchmarks/local/response_time_wrk,https://github.com/puma/puma/blob/main/benchmarks/local/response_time_wrk.rb,raptor-3r,3,raptor,3,,1000,1000,14.723,5.0,1000,1000,13.6,2.0,5,true,1000,0,67.92,40.982,41.983,42.926,3686.03,3725.976,32.293,32.293,2.8,20,20,206,same_worker,22,716237
yjit-on/puma-response-string-100kb/raptor-3r/repeat-2,yjit-on,true,puma-response-string-100kb,puma-response-time-wrk,puma/benchmarks/local/response_time_wrk,https://github.com/puma/puma/blob/main/benchmarks/local/response_time_wrk.rb,raptor-3r,3,raptor,3,,10472,1000,5.002,5.0,1000,4405,2.002,2.0,5,true,10472,0,2093.582,1.361,2.035,3.879,142.802,148.597,32.789,32.789,4.0,20,20,67,same_worker,249,7529878
yjit-on/puma-response-io-100kb/raptor-3r/repeat-2,yjit-on,true,puma-response-io-100kb,puma-response-time-wrk,puma/benchmarks/local/response_time_wrk,https://github.com/puma/puma/blob/main/benchmarks/local/response_time_wrk.rb,raptor-3r,3,raptor,3,,1000,1000,14.451,5.0,1000,1000,14.321,2.0,5,true,1000,0,69.198,40.996,42.007,42.994,3641.258,3684.188,39.223,39.223,4.66,20,20,203,same_worker,34,925249
yjit-on/puma-response-array-256kb/raptor-3r/repeat-2,yjit-on,true,puma-response-array-256kb,puma-response-time-wrk,puma/benchmarks/local/response_time_wrk,https://github.com/puma/puma/blob/main/benchmarks/local/response_time_wrk.rb,raptor-3r,3,raptor,3,,1000,1000,13.01,5.0,1000,1000,12.308,2.0,5,true,1000,0,76.861,41.866,42.708,53.393,3333.073,3509.037,39.223,39.223,4.81,20,20,182,same_worker,25,718139
yjit-on/puma-response-chunk-256kb/raptor-3r/repeat-2,yjit-on,true,puma-response-chunk-256kb,puma-response-time-wrk,puma/benchmarks/local/response_time_wrk,https://github.com/puma/puma/blob/main/benchmarks/local/response_time_wrk.rb,raptor-3r,3,raptor,3,,1000,1000,12.313,5.0,1000,1000,12.789,2.0,5,true,1000,0,81.216,41.869,42.306,43.022,3090.602,3377.223,39.223,39.223,4.98,20,20,173,same_worker,25,714907
yjit-on/puma-response-string-256kb/raptor-3r/repeat-2,yjit-on,true,puma-response-string-256kb,puma-response-time-wrk,puma/benchmarks/local/response_time_wrk,https://github.com/puma/puma/blob/main/benchmarks/local/response_time_wrk.rb,raptor-3r,3,raptor,3,,8064,1000,5.004,5.0,1000,3210,2.031,2.0,5,true,8064,0,1611.594,1.635,2.593,43.81,174.956,215.576,39.234,39.234,5.765,20,20,67,same_worker,215,5797275
yjit-on/puma-response-io-256kb/raptor-3r/repeat-2,yjit-on,true,puma-response-io-256kb,puma-response-time-wrk,puma/benchmarks/local/response_time_wrk,https://github.com/puma/puma/blob/main/benchmarks/local/response_time_wrk.rb,raptor-3r,3,raptor,3,,1000,1000,14.651,5.0,1000,1000,13.759,2.0,5,true,1000,0,68.253,41.963,42.961,43.864,3606.423,3794.471,43.309,43.309,6.295,20,20,206,same_worker,52,1235988
yjit-on/puma-response-array-512kb/raptor-3r/repeat-2,yjit-on,true,puma-response-array-512kb,puma-response-time-wrk,puma/benchmarks/local/response_time_wrk,https://github.com/puma/puma/blob/main/benchmarks/local/response_time_wrk.rb,raptor-3r,3,raptor,3,,1000,1000,15.048,5.0,1000,1000,15.451,2.0,5,true,1000,0,66.456,41.98,43.019,47.017,3744.513,3758.609,43.309,43.309,6.48,20,20,211,same_worker,28,719237
yjit-on/puma-response-chunk-512kb/raptor-3r/repeat-2,yjit-on,true,puma-response-chunk-512kb,puma-response-time-wrk,puma/benchmarks/local/response_time_wrk,https://github.com/puma/puma/blob/main/benchmarks/local/response_time_wrk.rb,raptor-3r,3,raptor,3,,1000,1000,14.859,5.0,1000,1000,15.834,2.0,5,true,1000,0,67.298,41.98,43.022,45.723,3606.712,3874.281,43.309,43.309,6.735,20,20,208,same_worker,28,716249
yjit-on/puma-response-string-512kb/raptor-3r/repeat-2,yjit-on,true,puma-response-string-512kb,puma-response-time-wrk,puma/benchmarks/local/response_time_wrk,https://github.com/puma/puma/blob/main/benchmarks/local/response_time_wrk.rb,raptor-3r,3,raptor,3,,6024,1000,5.003,5.0,1000,2511,2.003,2.0,5,true,6024,0,1204.142,2.187,3.517,45.957,247.132,257.976,44.184,44.184,7.245,20,20,66,same_worker,177,4333246
yjit-on/puma-response-io-512kb/raptor-3r/repeat-2,yjit-on,true,puma-response-io-512kb,puma-response-time-wrk,puma/benchmarks/local/response_time_wrk,https://github.com/puma/puma/blob/main/benchmarks/local/response_time_wrk.rb,raptor-3r,3,raptor,3,,1000,1000,15.359,5.0,1000,1000,15.789,2.0,5,true,1000,0,65.108,42.912,43.971,45.084,3719.608,3857.65,49.254,47.18,7.77,20,20,215,same_worker,86,1747711
yjit-on/puma-response-array-1024kb/raptor-3r/repeat-2,yjit-on,true,puma-response-array-1024kb,puma-response-time-wrk,puma/benchmarks/local/response_time_wrk,https://github.com/puma/puma/blob/main/benchmarks/local/response_time_wrk.rb,raptor-3r,3,raptor,3,,1000,1000,15.419,5.0,1000,1000,15.817,2.0,5,true,1000,0,64.856,43.647,44.988,47.059,3763.737,4003.852,47.18,47.18,8.29,20,20,214,same_worker,31,719249
yjit-on/puma-response-chunk-1024kb/raptor-3r/repeat-2,yjit-on,true,puma-response-chunk-1024kb,puma-response-time-wrk,puma/benchmarks/local/response_time_wrk,https://github.com/puma/puma/blob/main/benchmarks/local/response_time_wrk.rb,raptor-3r,3,raptor,3,,1000,1000,15.073,5.0,1000,1000,15.469,2.0,5,true,1000,0,66.344,43.428,44.952,46.673,3619.06,3971.955,47.18,47.18,8.795,20,20,210,same_worker,31,717038
yjit-on/puma-response-string-1024kb/raptor-3r/repeat-2,yjit-on,true,puma-response-string-1024kb,puma-response-time-wrk,puma/benchmarks/local/response_time_wrk,https://github.com/puma/puma/blob/main/benchmarks/local/response_time_wrk.rb,raptor-3r,3,raptor,3,,4251,1000,5.006,5.0,1000,1745,2.006,2.0,5,true,4251,0,849.232,3.2,5.35,23.813,352.797,365.177,50.348,50.348,9.21,20,20,64,same_worker,137,3057107
yjit-on/puma-response-io-1024kb/raptor-3r/repeat-2,yjit-on,true,puma-response-io-1024kb,puma-response-time-wrk,puma/benchmarks/local/response_time_wrk,https://github.com/puma/puma/blob/main/benchmarks/local/response_time_wrk.rb,raptor-3r,3,raptor,3,,1000,1000,16.148,5.0,1000,1000,16.317,2.0,5,true,1000,0,61.927,44.011,46.007,56.421,3930.617,4144.927,59.859,59.859,9.97,20,20,224,same_worker,99,2774328
yjit-on/puma-response-array-2048kb/raptor-3r/repeat-2,yjit-on,true,puma-response-array-2048kb,puma-response-time-wrk,puma/benchmarks/local/response_time_wrk,https://github.com/puma/puma/blob/main/benchmarks/local/response_time_wrk.rb,raptor-3r,3,raptor,3,,1000,1000,16.115,5.0,1000,1000,16.251,2.0,5,true,1000,0,62.053,45.929,47.885,49.496,3883.989,4046.574,59.859,59.859,10.93,20,20,223,same_worker,21,718576
yjit-on/puma-response-chunk-2048kb/raptor-3r/repeat-2,yjit-on,true,puma-response-chunk-2048kb,puma-response-time-wrk,puma/benchmarks/local/response_time_wrk,https://github.com/puma/puma/blob/main/benchmarks/local/response_time_wrk.rb,raptor-3r,3,raptor,3,,1000,1000,15.433,5.0,1000,1000,17.075,2.0,5,true,1000,0,64.795,45.961,48.257,51.015,3816.543,3900.088,59.859,59.859,11.925,20,20,213,same_worker,21,717209
yjit-on/puma-response-string-2048kb/raptor-3r/repeat-2,yjit-on,true,puma-response-string-2048kb,puma-response-time-wrk,puma/benchmarks/local/response_time_wrk,https://github.com/puma/puma/blob/main/benchmarks/local/response_time_wrk.rb,raptor-3r,3,raptor,3,,2925,1000,5.01,5.0,1000,1228,2.007,2.0,5,true,2925,0,583.878,5.051,6.877,10.988,518.456,523.409,63.867,63.867,12.325,20,20,62,same_worker,63,2103446
yjit-on/puma-response-io-2048kb/raptor-3r/repeat-2,yjit-on,true,puma-response-io-2048kb,puma-response-time-wrk,puma/benchmarks/local/response_time_wrk,https://github.com/puma/puma/blob/main/benchmarks/local/response_time_wrk.rb,raptor-3r,3,raptor,3,,1000,1000,17.812,5.0,1000,1000,17.779,2.0,5,true,1000,0,56.143,47.93,50.324,53.799,4407.132,4498.763,78.402,78.402,13.47,20,20,246,same_worker,203,4820680
yjit-on/puma-long-tail-fib-200ms-x6p0/raptor-3r/repeat-2,yjit-on,true,puma-long-tail-fib-200ms-x6p0,puma-long-tail-hey,puma/benchmarks/local/long_tail_hey + test/rackup/sleep_fibonacci,https://github.com/puma/puma/blob/main/benchmarks/local/long_tail_hey.rb,raptor-3r,3,raptor,3,,363,360,29.05,5.0,360,360,28.789,2.0,18,true,363,0,12.496,242.022,243.664,19640.171,24440.971,24441.073,74.262,74.262,22.52,20,20,395,same_worker,2,64474
yjit-on/puma-long-tail-fib-200ms-x4p0/raptor-3r/repeat-2,yjit-on,true,puma-long-tail-fib-200ms-x4p0,puma-long-tail-hey,puma/benchmarks/local/long_tail_hey + test/rackup/sleep_fibonacci,https://github.com/puma/puma/blob/main/benchmarks/local/long_tail_hey.rb,raptor-3r,3,raptor,3,,243,240,19.442,5.0,240,240,19.207,2.0,12,true,243,0,12.499,241.968,243.142,12821.781,14837.77,14837.858,74.297,74.297,30.45,20,20,265,same_worker,1,44518
yjit-on/puma-long-tail-fib-200ms-x3p0/raptor-3r/repeat-2,yjit-on,true,puma-long-tail-fib-200ms-x3p0,puma-long-tail-hey,puma/benchmarks/local/long_tail_hey + test/rackup/sleep_fibonacci,https://github.com/puma/puma/blob/main/benchmarks/local/long_tail_hey.rb,raptor-3r,3,raptor,3,,183,180,14.639,5.0,180,180,14.402,2.0,9,true,183,0,12.501,241.971,242.817,10036.128,10037.744,10037.754,74.309,74.309,35.69,20,20,200,same_worker,1,29785
yjit-on/puma-long-tail-fib-200ms-x2p0/raptor-3r/repeat-2,yjit-on,true,puma-long-tail-fib-200ms-x2p0,puma-long-tail-hey,puma/benchmarks/local/long_tail_hey + test/rackup/sleep_fibonacci,https://github.com/puma/puma/blob/main/benchmarks/local/long_tail_hey.rb,raptor-3r,3,raptor,3,,123,120,9.845,5.0,120,120,9.604,2.0,6,true,123,0,12.494,241.976,243.025,5241.88,5241.971,5241.978,74.316,74.316,39.11,20,20,135,same_worker,0,20284
yjit-on/puma-long-tail-fib-200ms-x1p5/raptor-3r/repeat-2,yjit-on,true,puma-long-tail-fib-200ms-x1p5,puma-long-tail-hey,puma/benchmarks/local/long_tail_hey + test/rackup/sleep_fibonacci,https://github.com/puma/puma/blob/main/benchmarks/local/long_tail_hey.rb,raptor-3r,3,raptor,3,,103,100,9.841,5.0,100,100,9.599,2.0,5,true,103,0,10.466,241.961,242.712,5142.37,5242.676,5242.712,74.316,74.316,41.63,20,20,136,same_worker,0,17663
yjit-on/puma-long-tail-fib-200ms-x1p0/raptor-3r/repeat-2,yjit-on,true,puma-long-tail-fib-200ms-x1p0,puma-long-tail-hey,puma/benchmarks/local/long_tail_hey + test/rackup/sleep_fibonacci,https://github.com/puma/puma/blob/main/benchmarks/local/long_tail_hey.rb,raptor-3r,3,raptor,3,,63,60,5.044,5.0,60,60,4.8,2.0,3,true,63,0,12.491,241.995,242.559,243.004,243.016,243.018,74.316,74.316,43.18,20,20,70,same_worker,0,10038
yjit-on/puma-long-tail-fib-200ms-x0p5/raptor-3r/repeat-2,yjit-on,true,puma-long-tail-fib-200ms-x0p5,puma-long-tail-hey,puma/benchmarks/local/long_tail_hey + test/rackup/sleep_fibonacci,https://github.com/puma/puma/blob/main/benchmarks/local/long_tail_hey.rb,raptor-3r,3,raptor,3,,42,40,5.039,5.0,40,40,4.794,2.0,2,true,42,0,8.336,241.899,242.768,243.223,243.466,243.493,74.32,74.32,44.13,20,20,71,same_worker,0,7549
yjit-on/puma-sleep-fibonacci-1ms/raptor-3r/repeat-2,yjit-on,true,puma-sleep-fibonacci-1ms,puma-sleep-fibonacci-test,puma/benchmarks/local/sleep_fibonacci_test + test/rackup/sleep_fibonacci,https://github.com/puma/puma/blob/main/benchmarks/local/sleep_fibonacci_test.rb,raptor-3r,3,raptor,3,,122,10,5.008,5.0,10,49,2.031,2.0,1,true,122,0,24.363,41.96,42.114,42.939,42.953,42.954,74.324,74.324,44.115,20,20,71,same_worker,0,21673
yjit-on/puma-sleep-fibonacci-5ms/raptor-3r/repeat-2,yjit-on,true,puma-sleep-fibonacci-5ms,puma-sleep-fibonacci-test,puma/benchmarks/local/sleep_fibonacci_test + test/rackup/sleep_fibonacci,https://github.com/puma/puma/blob/main/benchmarks/local/sleep_fibonacci_test.rb,raptor-3r,3,raptor,3,,112,10,5.022,5.0,10,45,2.029,2.0,1,true,112,0,22.303,45.933,46.101,46.896,46.96,46.962,74.352,74.352,43.85,20,20,71,same_worker,0,18543
yjit-on/puma-sleep-fibonacci-10ms/raptor-3r/repeat-2,yjit-on,true,puma-sleep-fibonacci-10ms,puma-sleep-fibonacci-test,puma/benchmarks/local/sleep_fibonacci_test + test/rackup/sleep_fibonacci,https://github.com/puma/puma/blob/main/benchmarks/local/sleep_fibonacci_test.rb,raptor-3r,3,raptor,3,,99,10,5.047,5.0,10,40,2.023,2.0,1,true,99,0,19.617,50.995,52.009,52.122,52.278,52.295,74.363,74.363,43.64,20,20,71,same_worker,1,20017
yjit-on/puma-sleep-fibonacci-50ms/raptor-3r/repeat-2,yjit-on,true,puma-sleep-fibonacci-50ms,puma-sleep-fibonacci-test,puma/benchmarks/local/sleep_fibonacci_test + test/rackup/sleep_fibonacci,https://github.com/puma/puma/blob/main/benchmarks/local/sleep_fibonacci_test.rb,raptor-3r,3,raptor,3,,55,10,5.013,5.0,10,23,2.075,2.0,1,true,55,0,10.972,91.957,92.086,92.25,92.333,92.342,74.363,74.363,43.56,20,20,71,same_worker,0,8315
yjit-on/puma-sleep-fibonacci-100ms/raptor-3r/repeat-2,yjit-on,true,puma-sleep-fibonacci-100ms,puma-sleep-fibonacci-test,puma/benchmarks/local/sleep_fibonacci_test + test/rackup/sleep_fibonacci,https://github.com/puma/puma/blob/main/benchmarks/local/sleep_fibonacci_test.rb,raptor-3r,3,raptor,3,,36,10,5.066,5.0,10,15,2.087,2.0,1,true,36,0,7.106,141.945,142.961,142.969,142.969,142.969,74.363,74.363,43.6,20,20,72,same_worker,1,6150
yjit-on/puma-sleep-fibonacci-200ms/raptor-3r/repeat-2,yjit-on,true,puma-sleep-fibonacci-200ms,puma-sleep-fibonacci-test,puma/benchmarks/local/sleep_fibonacci_test + test/rackup/sleep_fibonacci,https://github.com/puma/puma/blob/main/benchmarks/local/sleep_fibonacci_test.rb,raptor-3r,3,raptor,3,,21,10,5.037,5.0,10,10,2.379,2.0,1,true,21,0,4.169,241.886,242.128,242.153,242.159,242.16,74.363,74.363,43.69,20,20,72,same_worker,0,2165
yjit-on/puma-response-array-1kb/raptor-3r/repeat-3,yjit-on,true,puma-response-array-1kb,puma-response-time-wrk,puma/benchmarks/local/response_time_wrk,https://github.com/puma/puma/blob/main/benchmarks/local/response_time_wrk.rb,raptor-3r,3,raptor,3,,1000,1000,16.228,5.0,1000,1000,16.204,2.0,5,true,1000,0,61.621,41.11,42.374,42.972,4083.499,4083.868,31.461,31.461,4.045,20,20,227,same_worker,20,720750
yjit-on/puma-response-chunk-1kb/raptor-3r/repeat-3,yjit-on,true,puma-response-chunk-1kb,puma-response-time-wrk,puma/benchmarks/local/response_time_wrk,https://github.com/puma/puma/blob/main/benchmarks/local/response_time_wrk.rb,raptor-3r,3,raptor,3,,1000,1000,16.148,5.0,1000,1000,16.17,2.0,5,true,1000,0,61.927,41.001,42.005,42.455,4047.387,4052.647,31.59,31.59,3.125,20,20,226,same_worker,19,716459
yjit-on/puma-response-string-1kb/raptor-3r/repeat-3,yjit-on,true,puma-response-string-1kb,puma-response-time-wrk,puma/benchmarks/local/response_time_wrk,https://github.com/puma/puma/blob/main/benchmarks/local/response_time_wrk.rb,raptor-3r,3,raptor,3,,1000,1000,16.131,5.0,1000,1000,16.133,2.0,5,true,1000,0,61.993,40.986,41.99,42.387,4033.656,4037.787,31.633,31.633,2.805,20,20,226,same_worker,20,719249
yjit-on/puma-response-io-1kb/raptor-3r/repeat-3,yjit-on,true,puma-response-io-1kb,puma-response-time-wrk,puma/benchmarks/local/response_time_wrk,https://github.com/puma/puma/blob/main/benchmarks/local/response_time_wrk.rb,raptor-3r,3,raptor,3,,1000,1000,16.204,5.0,1000,1000,16.13,2.0,5,true,1000,0,61.714,41.057,42.329,42.85,4089.93,4090.664,31.879,31.879,2.7,20,20,227,same_worker,19,727257
yjit-on/puma-response-array-10kb/raptor-3r/repeat-3,yjit-on,true,puma-response-array-10kb,puma-response-time-wrk,puma/benchmarks/local/response_time_wrk,https://github.com/puma/puma/blob/main/benchmarks/local/response_time_wrk.rb,raptor-3r,3,raptor,3,,1000,1000,16.201,5.0,1000,1000,16.107,2.0,5,true,1000,0,61.726,41.045,42.309,42.911,4066.476,4067.806,31.934,31.934,2.69,20,20,227,same_worker,19,720154
yjit-on/puma-response-chunk-10kb/raptor-3r/repeat-3,yjit-on,true,puma-response-chunk-10kb,puma-response-time-wrk,puma/benchmarks/local/response_time_wrk,https://github.com/puma/puma/blob/main/benchmarks/local/response_time_wrk.rb,raptor-3r,3,raptor,3,,1000,1000,16.236,5.0,1000,1000,16.123,2.0,5,true,1000,0,61.591,41.139,42.356,42.904,4086.979,4118.394,31.949,31.949,2.64,20,20,227,same_worker,19,716257
yjit-on/puma-response-string-10kb/raptor-3r/repeat-3,yjit-on,true,puma-response-string-10kb,puma-response-time-wrk,puma/benchmarks/local/response_time_wrk,https://github.com/puma/puma/blob/main/benchmarks/local/response_time_wrk.rb,raptor-3r,3,raptor,3,,1000,1000,16.15,5.0,1000,1000,16.124,2.0,5,true,1000,0,61.92,40.997,42.034,42.392,4041.181,4042.865,32.102,32.102,2.6,20,20,226,same_worker,19,718813
yjit-on/puma-response-io-10kb/raptor-3r/repeat-3,yjit-on,true,puma-response-io-10kb,puma-response-time-wrk,puma/benchmarks/local/response_time_wrk,https://github.com/puma/puma/blob/main/benchmarks/local/response_time_wrk.rb,raptor-3r,3,raptor,3,,1000,1000,16.155,5.0,1000,1000,16.108,2.0,5,true,1000,0,61.9,41.005,42.099,42.713,4060.196,4066.94,33.008,33.008,2.6,20,20,226,same_worker,20,744741
yjit-on/puma-response-array-100kb/raptor-3r/repeat-3,yjit-on,true,puma-response-array-100kb,puma-response-time-wrk,puma/benchmarks/local/response_time_wrk,https://github.com/puma/puma/blob/main/benchmarks/local/response_time_wrk.rb,raptor-3r,3,raptor,3,,1000,1000,14.423,5.0,1000,1000,13.478,2.0,5,true,1000,0,69.336,40.979,41.983,42.653,3561.884,3567.893,33.008,33.008,2.76,20,20,202,same_worker,20,719225
yjit-on/puma-response-chunk-100kb/raptor-3r/repeat-3,yjit-on,true,puma-response-chunk-100kb,puma-response-time-wrk,puma/benchmarks/local/response_time_wrk,https://github.com/puma/puma/blob/main/benchmarks/local/response_time_wrk.rb,raptor-3r,3,raptor,3,,1000,1000,15.152,5.0,1000,1000,13.617,2.0,5,true,1000,0,65.999,40.976,41.974,42.906,3838.512,3902.694,33.035,33.035,2.895,20,20,212,same_worker,20,716487
yjit-on/puma-response-string-100kb/raptor-3r/repeat-3,yjit-on,true,puma-response-string-100kb,puma-response-time-wrk,puma/benchmarks/local/response_time_wrk,https://github.com/puma/puma/blob/main/benchmarks/local/response_time_wrk.rb,raptor-3r,3,raptor,3,,10480,1000,5.002,5.0,1000,4283,2.002,2.0,5,true,10480,0,2095.178,1.367,2.039,3.875,143.043,147.026,33.262,33.262,4.065,20,20,67,same_worker,220,7534787
yjit-on/puma-response-io-100kb/raptor-3r/repeat-3,yjit-on,true,puma-response-io-100kb,puma-response-time-wrk,puma/benchmarks/local/response_time_wrk,https://github.com/puma/puma/blob/main/benchmarks/local/response_time_wrk.rb,raptor-3r,3,raptor,3,,1000,1000,14.775,5.0,1000,1000,12.47,2.0,5,true,1000,0,67.684,40.988,41.996,42.946,3533.624,3537.437,38.586,38.582,4.76,20,20,207,same_worker,29,926350
yjit-on/puma-response-array-256kb/raptor-3r/repeat-3,yjit-on,true,puma-response-array-256kb,puma-response-time-wrk,puma/benchmarks/local/response_time_wrk,https://github.com/puma/puma/blob/main/benchmarks/local/response_time_wrk.rb,raptor-3r,3,raptor,3,,1000,1000,12.958,5.0,1000,1000,12.029,2.0,5,true,1000,0,77.171,41.88,42.427,43.141,3007.903,3744.675,38.582,38.582,4.895,20,20,182,same_worker,22,719243
yjit-on/puma-response-chunk-256kb/raptor-3r/repeat-3,yjit-on,true,puma-response-chunk-256kb,puma-response-time-wrk,puma/benchmarks/local/response_time_wrk,https://github.com/puma/puma/blob/main/benchmarks/local/response_time_wrk.rb,raptor-3r,3,raptor,3,,1000,1000,13.393,5.0,1000,1000,12.677,2.0,5,true,1000,0,74.665,41.914,42.625,43.694,3499.027,3741.92,38.582,38.582,5.07,20,20,188,same_worker,22,716460
yjit-on/puma-response-string-256kb/raptor-3r/repeat-3,yjit-on,true,puma-response-string-256kb,puma-response-time-wrk,puma/benchmarks/local/response_time_wrk,https://github.com/puma/puma/blob/main/benchmarks/local/response_time_wrk.rb,raptor-3r,3,raptor,3,,8001,1000,5.002,5.0,1000,3126,2.034,2.0,5,true,8001,0,1599.479,1.627,2.645,42.295,190.46,206.966,38.777,38.777,5.845,20,20,66,same_worker,184,5750937
yjit-on/puma-response-io-256kb/raptor-3r/repeat-3,yjit-on,true,puma-response-io-256kb,puma-response-time-wrk,puma/benchmarks/local/response_time_wrk,https://github.com/puma/puma/blob/main/benchmarks/local/response_time_wrk.rb,raptor-3r,3,raptor,3,,1000,1000,14.447,5.0,1000,1000,14.326,2.0,5,true,1000,0,69.221,41.954,42.962,43.939,3435.741,3892.36,45.211,45.211,6.385,20,20,202,same_worker,45,1237237
yjit-on/puma-response-array-512kb/raptor-3r/repeat-3,yjit-on,true,puma-response-array-512kb,puma-response-time-wrk,puma/benchmarks/local/response_time_wrk,https://github.com/puma/puma/blob/main/benchmarks/local/response_time_wrk.rb,raptor-3r,3,raptor,3,,1000,1000,14.735,5.0,1000,1000,15.786,2.0,5,true,1000,0,67.865,41.982,43.168,44.632,3672.821,3700.138,45.211,45.211,6.605,20,20,206,same_worker,24,719231
yjit-on/puma-response-chunk-512kb/raptor-3r/repeat-3,yjit-on,true,puma-response-chunk-512kb,puma-response-time-wrk,puma/benchmarks/local/response_time_wrk,https://github.com/puma/puma/blob/main/benchmarks/local/response_time_wrk.rb,raptor-3r,3,raptor,3,,1000,1000,14.71,5.0,1000,1000,14.904,2.0,5,true,1000,0,67.981,41.983,43.186,44.533,3566.472,3602.306,45.211,45.211,6.855,20,20,205,same_worker,24,717105
yjit-on/puma-response-string-512kb/raptor-3r/repeat-3,yjit-on,true,puma-response-string-512kb,puma-response-time-wrk,puma/benchmarks/local/response_time_wrk,https://github.com/puma/puma/blob/main/benchmarks/local/response_time_wrk.rb,raptor-3r,3,raptor,3,,5955,1000,5.003,5.0,1000,2465,2.003,2.0,5,true,5955,0,1190.213,2.245,3.659,21.6,254.81,268.155,45.211,45.211,7.375,20,20,66,same_worker,150,4282591
yjit-on/puma-response-io-512kb/raptor-3r/repeat-3,yjit-on,true,puma-response-io-512kb,puma-response-time-wrk,puma/benchmarks/local/response_time_wrk,https://github.com/puma/puma/blob/main/benchmarks/local/response_time_wrk.rb,raptor-3r,3,raptor,3,,1000,1000,15.547,5.0,1000,1000,15.594,2.0,5,true,1000,0,64.319,42.922,43.979,45.576,3869.309,3878.345,51.422,51.422,7.91,20,20,218,same_worker,73,1748229
yjit-on/puma-response-array-1024kb/raptor-3r/repeat-3,yjit-on,true,puma-response-array-1024kb,puma-response-time-wrk,puma/benchmarks/local/response_time_wrk,https://github.com/puma/puma/blob/main/benchmarks/local/response_time_wrk.rb,raptor-3r,3,raptor,3,,1000,1000,15.405,5.0,1000,1000,15.981,2.0,5,true,1000,0,64.915,43.802,44.99,47.056,3870.128,3972.423,48.523,48.523,8.385,20,20,215,same_worker,27,720496
yjit-on/puma-response-chunk-1024kb/raptor-3r/repeat-3,yjit-on,true,puma-response-chunk-1024kb,puma-response-time-wrk,puma/benchmarks/local/response_time_wrk,https://github.com/puma/puma/blob/main/benchmarks/local/response_time_wrk.rb,raptor-3r,3,raptor,3,,1000,1000,16.027,5.0,1000,1000,15.079,2.0,5,true,1000,0,62.393,43.08,44.903,46.896,3921.59,4018.184,48.523,48.523,8.92,20,20,223,same_worker,26,715524
yjit-on/puma-response-string-1024kb/raptor-3r/repeat-3,yjit-on,true,puma-response-string-1024kb,puma-response-time-wrk,puma/benchmarks/local/response_time_wrk,https://github.com/puma/puma/blob/main/benchmarks/local/response_time_wrk.rb,raptor-3r,3,raptor,3,,4236,1000,5.005,5.0,1000,1719,2.005,2.0,5,true,4236,0,846.302,3.205,5.307,22.053,356.033,362.57,51.277,51.277,9.315,20,20,64,same_worker,115,3044027
yjit-on/puma-response-io-1024kb/raptor-3r/repeat-3,yjit-on,true,puma-response-io-1024kb,puma-response-time-wrk,puma/benchmarks/local/response_time_wrk,https://github.com/puma/puma/blob/main/benchmarks/local/response_time_wrk.rb,raptor-3r,3,raptor,3,,1000,1000,16.554,5.0,1000,1000,16.229,2.0,5,true,1000,0,60.408,44.191,46.143,48.974,4133.933,4163.271,61.273,61.273,10.07,20,20,230,same_worker,135,2773243
yjit-on/puma-response-array-2048kb/raptor-3r/repeat-3,yjit-on,true,puma-response-array-2048kb,puma-response-time-wrk,puma/benchmarks/local/response_time_wrk,https://github.com/puma/puma/blob/main/benchmarks/local/response_time_wrk.rb,raptor-3r,3,raptor,3,,1000,1000,16.355,5.0,1000,1000,15.791,2.0,5,true,1000,0,61.145,45.925,47.978,50.992,4148.433,4167.55,61.273,61.273,11.08,20,20,226,same_worker,29,717464
yjit-on/puma-response-chunk-2048kb/raptor-3r/repeat-3,yjit-on,true,puma-response-chunk-2048kb,puma-response-time-wrk,puma/benchmarks/local/response_time_wrk,https://github.com/puma/puma/blob/main/benchmarks/local/response_time_wrk.rb,raptor-3r,3,raptor,3,,1000,1000,16.218,5.0,1000,1000,17.132,2.0,5,true,1000,0,61.662,46.019,48.53,50.672,3913.897,4020.434,61.273,61.273,12.08,20,20,224,same_worker,29,716017
yjit-on/puma-response-string-2048kb/raptor-3r/repeat-3,yjit-on,true,puma-response-string-2048kb,puma-response-time-wrk,puma/benchmarks/local/response_time_wrk,https://github.com/puma/puma/blob/main/benchmarks/local/response_time_wrk.rb,raptor-3r,3,raptor,3,,2751,1000,5.008,5.0,1000,1153,2.054,2.0,5,true,2751,0,549.354,5.35,8.23,11.962,560.833,568.107,65.281,65.281,12.49,20,20,63,same_worker,80,1976102
yjit-on/puma-response-io-2048kb/raptor-3r/repeat-3,yjit-on,true,puma-response-io-2048kb,puma-response-time-wrk,puma/benchmarks/local/response_time_wrk,https://github.com/puma/puma/blob/main/benchmarks/local/response_time_wrk.rb,raptor-3r,3,raptor,3,,1000,1000,17.572,5.0,1000,1000,17.915,2.0,5,true,1000,0,56.909,47.912,50.365,58.845,4323.273,4443.909,75.961,75.336,13.61,20,20,244,same_worker,169,4821243
yjit-on/puma-long-tail-fib-200ms-x6p0/raptor-3r/repeat-3,yjit-on,true,puma-long-tail-fib-200ms-x6p0,puma-long-tail-hey,puma/benchmarks/local/long_tail_hey + test/rackup/sleep_fibonacci,https://github.com/puma/puma/blob/main/benchmarks/local/long_tail_hey.rb,raptor-3r,3,raptor,3,,363,360,29.036,5.0,360,360,28.787,2.0,18,true,363,0,12.502,241.997,243.118,19630.921,24428.613,24428.718,75.754,75.754,22.645,20,20,397,same_worker,2,67679
yjit-on/puma-long-tail-fib-200ms-x4p0/raptor-3r/repeat-3,yjit-on,true,puma-long-tail-fib-200ms-x4p0,puma-long-tail-hey,puma/benchmarks/local/long_tail_hey + test/rackup/sleep_fibonacci,https://github.com/puma/puma/blob/main/benchmarks/local/long_tail_hey.rb,raptor-3r,3,raptor,3,,243,240,19.431,5.0,240,240,19.196,2.0,12,true,243,0,12.506,241.928,242.894,12815.542,14827.75,14827.87,75.758,75.758,30.57,20,20,266,same_worker,1,41695
yjit-on/puma-long-tail-fib-200ms-x3p0/raptor-3r/repeat-3,yjit-on,true,puma-long-tail-fib-200ms-x3p0,puma-long-tail-hey,puma/benchmarks/local/long_tail_hey + test/rackup/sleep_fibonacci,https://github.com/puma/puma/blob/main/benchmarks/local/long_tail_hey.rb,raptor-3r,3,raptor,3,,183,180,14.634,5.0,180,180,14.401,2.0,9,true,183,0,12.505,241.957,242.904,10035.159,10035.462,10035.473,75.762,75.762,35.79,20,20,201,same_worker,1,31898
yjit-on/puma-long-tail-fib-200ms-x2p0/raptor-3r/repeat-3,yjit-on,true,puma-long-tail-fib-200ms-x2p0,puma-long-tail-hey,puma/benchmarks/local/long_tail_hey + test/rackup/sleep_fibonacci,https://github.com/puma/puma/blob/main/benchmarks/local/long_tail_hey.rb,raptor-3r,3,raptor,3,,123,120,9.842,5.0,120,120,9.601,2.0,6,true,123,0,12.497,241.938,243.027,5238.527,5238.674,5238.691,75.766,75.766,39.18,20,20,135,same_worker,0,21753
yjit-on/puma-long-tail-fib-200ms-x1p5/raptor-3r/repeat-3,yjit-on,true,puma-long-tail-fib-200ms-x1p5,puma-long-tail-hey,puma/benchmarks/local/long_tail_hey + test/rackup/sleep_fibonacci,https://github.com/puma/puma/blob/main/benchmarks/local/long_tail_hey.rb,raptor-3r,3,raptor,3,,103,100,9.831,5.0,100,100,9.595,2.0,5,true,103,0,10.477,241.864,242.33,5138.953,5239.206,5239.244,75.777,75.777,41.69,20,20,136,same_worker,0,18129
yjit-on/puma-long-tail-fib-200ms-x1p0/raptor-3r/repeat-3,yjit-on,true,puma-long-tail-fib-200ms-x1p0,puma-long-tail-hey,puma/benchmarks/local/long_tail_hey + test/rackup/sleep_fibonacci,https://github.com/puma/puma/blob/main/benchmarks/local/long_tail_hey.rb,raptor-3r,3,raptor,3,,63,60,5.04,5.0,60,60,4.799,2.0,3,true,63,0,12.5,241.907,242.61,242.801,242.877,242.886,75.777,75.777,43.23,20,20,70,same_worker,1,12347
yjit-on/puma-long-tail-fib-200ms-x0p5/raptor-3r/repeat-3,yjit-on,true,puma-long-tail-fib-200ms-x0p5,puma-long-tail-hey,puma/benchmarks/local/long_tail_hey + test/rackup/sleep_fibonacci,https://github.com/puma/puma/blob/main/benchmarks/local/long_tail_hey.rb,raptor-3r,3,raptor,3,,42,40,5.037,5.0,40,40,4.792,2.0,2,true,42,0,8.338,241.849,242.246,242.839,242.906,242.914,75.777,75.777,44.185,20,20,71,same_worker,0,6960
yjit-on/puma-sleep-fibonacci-1ms/raptor-3r/repeat-3,yjit-on,true,puma-sleep-fibonacci-1ms,puma-sleep-fibonacci-test,puma/benchmarks/local/sleep_fibonacci_test + test/rackup/sleep_fibonacci,https://github.com/puma/puma/blob/main/benchmarks/local/sleep_fibonacci_test.rb,raptor-3r,3,raptor,3,,122,10,5.009,5.0,10,49,2.02,2.0,1,true,122,0,24.357,41.97,42.179,42.984,43.818,43.932,75.816,75.816,44.18,20,20,71,same_worker,1,23274
yjit-on/puma-sleep-fibonacci-5ms/raptor-3r/repeat-3,yjit-on,true,puma-sleep-fibonacci-5ms,puma-sleep-fibonacci-test,puma/benchmarks/local/sleep_fibonacci_test + test/rackup/sleep_fibonacci,https://github.com/puma/puma/blob/main/benchmarks/local/sleep_fibonacci_test.rb,raptor-3r,3,raptor,3,,112,10,5.013,5.0,10,45,2.029,2.0,1,true,112,0,22.342,45.951,46.169,46.956,47.245,47.281,75.844,75.844,43.905,20,20,71,same_worker,1,20711
yjit-on/puma-sleep-fibonacci-10ms/raptor-3r/repeat-3,yjit-on,true,puma-sleep-fibonacci-10ms,puma-sleep-fibonacci-test,puma/benchmarks/local/sleep_fibonacci_test + test/rackup/sleep_fibonacci,https://github.com/puma/puma/blob/main/benchmarks/local/sleep_fibonacci_test.rb,raptor-3r,3,raptor,3,,99,10,5.029,5.0,10,40,2.016,2.0,1,true,99,0,19.687,50.982,51.976,52.046,52.84,52.928,75.859,75.859,43.685,20,20,71,same_worker,0,15477
yjit-on/puma-sleep-fibonacci-50ms/raptor-3r/repeat-3,yjit-on,true,puma-sleep-fibonacci-50ms,puma-sleep-fibonacci-test,puma/benchmarks/local/sleep_fibonacci_test + test/rackup/sleep_fibonacci,https://github.com/puma/puma/blob/main/benchmarks/local/sleep_fibonacci_test.rb,raptor-3r,3,raptor,3,,56,10,5.084,5.0,10,23,2.07,2.0,1,true,56,0,11.015,91.256,92.012,92.19,92.25,92.257,75.867,75.867,43.6,20,20,72,same_worker,0,10048
yjit-on/puma-sleep-fibonacci-100ms/raptor-3r/repeat-3,yjit-on,true,puma-sleep-fibonacci-100ms,puma-sleep-fibonacci-test,puma/benchmarks/local/sleep_fibonacci_test + test/rackup/sleep_fibonacci,https://github.com/puma/puma/blob/main/benchmarks/local/sleep_fibonacci_test.rb,raptor-3r,3,raptor,3,,36,10,5.071,5.0,10,15,2.089,2.0,1,true,36,0,7.099,141.964,142.144,142.705,142.917,142.94,75.871,75.871,43.61,20,20,72,same_worker,0,6474
yjit-on/puma-sleep-fibonacci-200ms/raptor-3r/repeat-3,yjit-on,true,puma-sleep-fibonacci-200ms,puma-sleep-fibonacci-test,puma/benchmarks/local/sleep_fibonacci_test + test/rackup/sleep_fibonacci,https://github.com/puma/puma/blob/main/benchmarks/local/sleep_fibonacci_test.rb,raptor-3r,3,raptor,3,,21,10,5.028,5.0,10,10,2.372,2.0,1,true,21,0,4.177,240.972,242.007,242.03,242.035,242.036,75.871,75.871,43.74,20,20,72,same_worker,0,3888
yjit-on/puma-response-array-1kb/puma-1w-3t/repeat-1,yjit-on,true,puma-response-array-1kb,puma-response-time-wrk,puma/benchmarks/local/response_time_wrk,https://github.com/puma/puma/blob/main/benchmarks/local/response_time_wrk.rb,puma-1w-3t,3,puma,1,3,14543,1000,5.002,5.0,1000,5739,2.002,2.0,5,true,14543,0,2907.589,1.666,2.137,2.416,2.81,3.549,78.699,77.949,79.765,20,20,66,multiprocess_sample_only,,
yjit-on/puma-response-chunk-1kb/puma-1w-3t/repeat-1,yjit-on,true,puma-response-chunk-1kb,puma-response-time-wrk,puma/benchmarks/local/response_time_wrk,https://github.com/puma/puma/blob/main/benchmarks/local/response_time_wrk.rb,puma-1w-3t,3,puma,1,3,14197,1000,5.001,5.0,1000,5780,2.001,2.0,5,true,14197,0,2838.775,1.699,2.187,2.473,3.096,3.799,79.734,79.309,75.045,20,20,66,multiprocess_sample_only,,
yjit-on/puma-response-string-1kb/puma-1w-3t/repeat-1,yjit-on,true,puma-response-string-1kb,puma-response-time-wrk,puma/benchmarks/local/response_time_wrk,https://github.com/puma/puma/blob/main/benchmarks/local/response_time_wrk.rb,puma-1w-3t,3,puma,1,3,14477,1000,5.001,5.0,1000,5922,2.001,2.0,5,true,14477,0,2894.561,1.672,2.135,2.394,2.837,3.241,79.102,78.109,73.985,20,20,66,multiprocess_sample_only,,
yjit-on/puma-response-io-1kb/puma-1w-3t/repeat-1,yjit-on,true,puma-response-io-1kb,puma-response-time-wrk,puma/benchmarks/local/response_time_wrk,https://github.com/puma/puma/blob/main/benchmarks/local/response_time_wrk.rb,puma-1w-3t,3,puma,1,3,14030,1000,5.001,5.0,1000,5716,2.001,2.0,5,true,14030,0,2805.162,1.712,2.232,2.615,3.116,4.085,79.074,78.527,75.645,20,20,66,multiprocess_sample_only,,
yjit-on/puma-response-array-10kb/puma-1w-3t/repeat-1,yjit-on,true,puma-response-array-10kb,puma-response-time-wrk,puma/benchmarks/local/response_time_wrk,https://github.com/puma/puma/blob/main/benchmarks/local/response_time_wrk.rb,puma-1w-3t,3,puma,1,3,14390,1000,5.002,5.0,1000,5947,2.001,2.0,5,true,14390,0,2877.088,1.683,2.143,2.451,3.137,3.832,82.254,81.754,75.92,20,20,66,multiprocess_sample_only,,
yjit-on/puma-response-chunk-10kb/puma-1w-3t/repeat-1,yjit-on,true,puma-response-chunk-10kb,puma-response-time-wrk,puma/benchmarks/local/response_time_wrk,https://github.com/puma/puma/blob/main/benchmarks/local/response_time_wrk.rb,puma-1w-3t,3,puma,1,3,12564,1000,5.002,5.0,1000,5203,2.002,2.0,5,true,12564,0,2511.914,1.933,2.451,2.794,3.42,3.933,82.086,82.086,75.19,20,20,66,multiprocess_sample_only,,
yjit-on/puma-response-string-10kb/puma-1w-3t/repeat-1,yjit-on,true,puma-response-string-10kb,puma-response-time-wrk,puma/benchmarks/local/response_time_wrk,https://github.com/puma/puma/blob/main/benchmarks/local/response_time_wrk.rb,puma-1w-3t,3,puma,1,3,14439,1000,5.002,5.0,1000,5914,2.001,2.0,5,true,14439,0,2886.825,1.674,2.143,2.483,2.966,3.501,82.395,82.395,74.665,20,20,66,multiprocess_sample_only,,
yjit-on/puma-response-io-10kb/puma-1w-3t/repeat-1,yjit-on,true,puma-response-io-10kb,puma-response-time-wrk,puma/benchmarks/local/response_time_wrk,https://github.com/puma/puma/blob/main/benchmarks/local/response_time_wrk.rb,puma-1w-3t,3,puma,1,3,13978,1000,5.001,5.0,1000,5712,2.001,2.0,5,true,13978,0,2794.866,1.717,2.251,2.593,3.371,4.214,86.363,85.492,75.385,20,20,66,multiprocess_sample_only,,
yjit-on/puma-response-array-100kb/puma-1w-3t/repeat-1,yjit-on,true,puma-response-array-100kb,puma-response-time-wrk,puma/benchmarks/local/response_time_wrk,https://github.com/puma/puma/blob/main/benchmarks/local/response_time_wrk.rb,puma-1w-3t,3,puma,1,3,11742,1000,5.002,5.0,1000,4823,2.002,2.0,5,true,11742,0,2347.481,2.081,2.576,2.895,3.345,4.281,108.813,107.305,75.455,20,20,65,multiprocess_sample_only,,
yjit-on/puma-response-chunk-100kb/puma-1w-3t/repeat-1,yjit-on,true,puma-response-chunk-100kb,puma-response-time-wrk,puma/benchmarks/local/response_time_wrk,https://github.com/puma/puma/blob/main/benchmarks/local/response_time_wrk.rb,puma-1w-3t,3,puma,1,3,6141,1000,5.004,5.0,1000,2571,2.004,2.0,5,true,6141,0,1227.266,3.993,4.986,5.454,5.896,6.276,95.141,94.414,74.8,20,20,62,multiprocess_sample_only,,
yjit-on/puma-response-string-100kb/puma-1w-3t/repeat-1,yjit-on,true,puma-response-string-100kb,puma-response-time-wrk,puma/benchmarks/local/response_time_wrk,https://github.com/puma/puma/blob/main/benchmarks/local/response_time_wrk.rb,puma-1w-3t,3,puma,1,3,11887,1000,5.002,5.0,1000,4896,2.002,2.0,5,true,11887,0,2376.662,2.048,2.548,2.848,3.253,3.962,108.074,107.449,74.335,20,20,65,multiprocess_sample_only,,
yjit-on/puma-response-io-100kb/puma-1w-3t/repeat-1,yjit-on,true,puma-response-io-100kb,puma-response-time-wrk,puma/benchmarks/local/response_time_wrk,https://github.com/puma/puma/blob/main/benchmarks/local/response_time_wrk.rb,puma-1w-3t,3,puma,1,3,11712,1000,5.002,5.0,1000,4849,2.002,2.0,5,true,11712,0,2341.601,2.072,2.553,2.895,3.56,43.355,85.328,84.266,73.935,20,20,65,multiprocess_sample_only,,
yjit-on/puma-response-array-256kb/puma-1w-3t/repeat-1,yjit-on,true,puma-response-array-256kb,puma-response-time-wrk,puma/benchmarks/local/response_time_wrk,https://github.com/puma/puma/blob/main/benchmarks/local/response_time_wrk.rb,puma-1w-3t,3,puma,1,3,9334,1000,5.002,5.0,1000,3781,2.002,2.0,5,true,9334,0,1866.04,2.466,3.368,4.565,18.972,22.261,118.57,115.113,73.62,20,20,63,multiprocess_sample_only,,
yjit-on/puma-response-chunk-256kb/puma-1w-3t/repeat-1,yjit-on,true,puma-response-chunk-256kb,puma-response-time-wrk,puma/benchmarks/local/response_time_wrk,https://github.com/puma/puma/blob/main/benchmarks/local/response_time_wrk.rb,puma-1w-3t,3,puma,1,3,3418,1000,5.007,5.0,1000,1408,2.006,2.0,5,true,3418,0,682.692,7.275,8.889,9.969,10.59,11.141,103.25,102.402,73.225,20,20,58,multiprocess_sample_only,,
yjit-on/puma-response-string-256kb/puma-1w-3t/repeat-1,yjit-on,true,puma-response-string-256kb,puma-response-time-wrk,puma/benchmarks/local/response_time_wrk,https://github.com/puma/puma/blob/main/benchmarks/local/response_time_wrk.rb,puma-1w-3t,3,puma,1,3,9239,1000,5.002,5.0,1000,3715,2.002,2.0,5,true,9239,0,1847.084,2.482,3.392,4.718,20.426,22.678,90.438,89.063,72.475,20,20,63,multiprocess_sample_only,,
yjit-on/puma-response-io-256kb/puma-1w-3t/repeat-1,yjit-on,true,puma-response-io-256kb,puma-response-time-wrk,puma/benchmarks/local/response_time_wrk,https://github.com/puma/puma/blob/main/benchmarks/local/response_time_wrk.rb,puma-1w-3t,3,puma,1,3,9193,1000,5.002,5.0,1000,3739,2.002,2.0,5,true,9193,0,1837.879,2.508,3.408,4.516,20.567,43.305,90.5,90.0,71.69,20,20,64,multiprocess_sample_only,,
yjit-on/puma-response-array-512kb/puma-1w-3t/repeat-1,yjit-on,true,puma-response-array-512kb,puma-response-time-wrk,puma/benchmarks/local/response_time_wrk,https://github.com/puma/puma/blob/main/benchmarks/local/response_time_wrk.rb,puma-1w-3t,3,puma,1,3,7096,1000,5.003,5.0,1000,2919,2.003,2.0,5,true,7096,0,1418.322,3.173,4.526,20.373,22.259,22.494,144.273,141.988,71.39,20,20,62,multiprocess_sample_only,,
yjit-on/puma-response-chunk-512kb/puma-1w-3t/repeat-1,yjit-on,true,puma-response-chunk-512kb,puma-response-time-wrk,puma/benchmarks/local/response_time_wrk,https://github.com/puma/puma/blob/main/benchmarks/local/response_time_wrk.rb,puma-1w-3t,3,puma,1,3,1959,1000,5.01,5.0,1000,1000,2.539,2.0,5,true,1959,0,391.05,12.785,15.283,17.064,17.908,18.071,107.688,106.043,71.035,20,20,51,multiprocess_sample_only,,
yjit-on/puma-response-string-512kb/puma-1w-3t/repeat-1,yjit-on,true,puma-response-string-512kb,puma-response-time-wrk,puma/benchmarks/local/response_time_wrk,https://github.com/puma/puma/blob/main/benchmarks/local/response_time_wrk.rb,puma-1w-3t,3,puma,1,3,7314,1000,5.004,5.0,1000,2987,2.002,2.0,5,true,7314,0,1461.512,3.07,4.299,20.223,21.708,22.62,92.625,91.688,70.28,20,20,63,multiprocess_sample_only,,
yjit-on/puma-response-io-512kb/puma-1w-3t/repeat-1,yjit-on,true,puma-response-io-512kb,puma-response-time-wrk,puma/benchmarks/local/response_time_wrk,https://github.com/puma/puma/blob/main/benchmarks/local/response_time_wrk.rb,puma-1w-3t,3,puma,1,3,7301,1000,5.003,5.0,1000,2972,2.003,2.0,5,true,7301,0,1459.206,3.055,4.327,19.933,22.001,23.637,91.723,91.723,69.465,20,20,63,multiprocess_sample_only,,
yjit-on/puma-response-array-1024kb/puma-1w-3t/repeat-1,yjit-on,true,puma-response-array-1024kb,puma-response-time-wrk,puma/benchmarks/local/response_time_wrk,https://github.com/puma/puma/blob/main/benchmarks/local/response_time_wrk.rb,puma-1w-3t,3,puma,1,3,4489,1000,5.006,5.0,1000,1889,2.004,2.0,5,true,4489,0,896.803,5.141,6.83,23.186,25.403,26.026,133.063,129.934,68.935,20,20,60,multiprocess_sample_only,,
yjit-on/puma-response-chunk-1024kb/puma-1w-3t/repeat-1,yjit-on,true,puma-response-chunk-1024kb,puma-response-time-wrk,puma/benchmarks/local/response_time_wrk,https://github.com/puma/puma/blob/main/benchmarks/local/response_time_wrk.rb,puma-1w-3t,3,puma,1,3,1057,1000,5.02,5.0,1000,1000,4.265,2.0,5,true,1057,0,210.54,23.752,27.712,29.687,32.429,33.691,108.508,106.238,68.54,20,20,43,multiprocess_sample_only,,
yjit-on/puma-response-string-1024kb/puma-1w-3t/repeat-1,yjit-on,true,puma-response-string-1024kb,puma-response-time-wrk,puma/benchmarks/local/response_time_wrk,https://github.com/puma/puma/blob/main/benchmarks/local/response_time_wrk.rb,puma-1w-3t,3,puma,1,3,5004,1000,5.006,5.0,1000,1921,2.006,2.0,5,true,5004,0,999.625,4.49,6.224,23.133,25.531,27.064,108.977,108.977,67.735,20,20,61,multiprocess_sample_only,,
yjit-on/puma-response-io-1024kb/puma-1w-3t/repeat-1,yjit-on,true,puma-response-io-1024kb,puma-response-time-wrk,puma/benchmarks/local/response_time_wrk,https://github.com/puma/puma/blob/main/benchmarks/local/response_time_wrk.rb,puma-1w-3t,3,puma,1,3,4642,1000,5.004,5.0,1000,1876,2.005,2.0,5,true,4642,0,927.741,4.882,6.577,23.146,24.778,25.566,108.977,108.977,66.615,20,20,61,multiprocess_sample_only,,
yjit-on/puma-response-array-2048kb/puma-1w-3t/repeat-1,yjit-on,true,puma-response-array-2048kb,puma-response-time-wrk,puma/benchmarks/local/response_time_wrk,https://github.com/puma/puma/blob/main/benchmarks/local/response_time_wrk.rb,puma-1w-3t,3,puma,1,3,2732,1000,5.008,5.0,1000,1101,2.006,2.0,5,true,2732,0,545.573,9.049,10.732,12.037,17.581,19.622,112.543,108.434,66.335,20,20,56,multiprocess_sample_only,,
yjit-on/puma-response-chunk-2048kb/puma-1w-3t/repeat-1,yjit-on,true,puma-response-chunk-2048kb,puma-response-time-wrk,puma/benchmarks/local/response_time_wrk,https://github.com/puma/puma/blob/main/benchmarks/local/response_time_wrk.rb,puma-1w-3t,3,puma,1,3,1000,1000,8.662,5.0,1000,1000,7.889,2.0,5,true,1000,0,115.449,43.214,49.7,52.444,54.698,55.248,109.133,107.617,66.2,20,20,54,multiprocess_sample_only,,
yjit-on/puma-response-string-2048kb/puma-1w-3t/repeat-1,yjit-on,true,puma-response-string-2048kb,puma-response-time-wrk,puma/benchmarks/local/response_time_wrk,https://github.com/puma/puma/blob/main/benchmarks/local/response_time_wrk.rb,puma-1w-3t,3,puma,1,3,2970,1000,5.007,5.0,1000,1167,2.007,2.0,5,true,2970,0,593.221,8.284,9.677,10.646,11.432,12.444,109.875,109.875,65.41,20,20,57,multiprocess_sample_only,,
yjit-on/puma-response-io-2048kb/puma-1w-3t/repeat-1,yjit-on,true,puma-response-io-2048kb,puma-response-time-wrk,puma/benchmarks/local/response_time_wrk,https://github.com/puma/puma/blob/main/benchmarks/local/response_time_wrk.rb,puma-1w-3t,3,puma,1,3,2964,1000,5.006,5.0,1000,1147,2.008,2.0,5,true,2964,0,592.109,8.273,9.94,10.827,12.952,14.33,109.938,109.938,64.17,20,20,57,multiprocess_sample_only,,
yjit-on/puma-long-tail-fib-200ms-x6p0/puma-1w-3t/repeat-1,yjit-on,true,puma-long-tail-fib-200ms-x6p0,puma-long-tail-hey,puma/benchmarks/local/long_tail_hey + test/rackup/sleep_fibonacci,https://github.com/puma/puma/blob/main/benchmarks/local/long_tail_hey.rb,puma-1w-3t,3,puma,1,3,360,360,51.159,5.0,360,360,51.163,2.0,18,true,360,0,7.037,2557.751,2602.102,2615.298,2623.209,2623.587,129.305,129.305,73.53,20,20,706,multiprocess_sample_only,,
yjit-on/puma-long-tail-fib-200ms-x4p0/puma-1w-3t/repeat-1,yjit-on,true,puma-long-tail-fib-200ms-x4p0,puma-long-tail-hey,puma/benchmarks/local/long_tail_hey + test/rackup/sleep_fibonacci,https://github.com/puma/puma/blob/main/benchmarks/local/long_tail_hey.rb,puma-1w-3t,3,puma,1,3,240,240,34.109,5.0,240,240,34.125,2.0,12,true,240,0,7.036,1705.618,1738.453,1747.704,1757.365,1758.01,133.914,133.914,79.31,20,20,470,multiprocess_sample_only,,
yjit-on/puma-long-tail-fib-200ms-x3p0/puma-1w-3t/repeat-1,yjit-on,true,puma-long-tail-fib-200ms-x3p0,puma-long-tail-hey,puma/benchmarks/local/long_tail_hey + test/rackup/sleep_fibonacci,https://github.com/puma/puma/blob/main/benchmarks/local/long_tail_hey.rb,puma-1w-3t,3,puma,1,3,180,180,25.581,5.0,180,180,25.578,2.0,9,true,180,0,7.036,1279.287,1313.214,1318.21,1322.573,1323.316,134.355,134.355,82.15,20,20,354,multiprocess_sample_only,,
yjit-on/puma-long-tail-fib-200ms-x2p0/puma-1w-3t/repeat-1,yjit-on,true,puma-long-tail-fib-200ms-x2p0,puma-long-tail-hey,puma/benchmarks/local/long_tail_hey + test/rackup/sleep_fibonacci,https://github.com/puma/puma/blob/main/benchmarks/local/long_tail_hey.rb,puma-1w-3t,3,puma,1,3,120,120,17.055,5.0,120,120,17.05,2.0,6,true,120,0,7.036,853.377,876.826,887.469,891.666,892.025,134.355,134.355,83.715,20,20,236,multiprocess_sample_only,,
yjit-on/puma-long-tail-fib-200ms-x1p5/puma-1w-3t/repeat-1,yjit-on,true,puma-long-tail-fib-200ms-x1p5,puma-long-tail-hey,puma/benchmarks/local/long_tail_hey + test/rackup/sleep_fibonacci,https://github.com/puma/puma/blob/main/benchmarks/local/long_tail_hey.rb,puma-1w-3t,3,puma,1,3,100,100,14.246,5.0,100,100,14.23,2.0,5,true,100,0,7.02,817.79,858.982,863.87,872.968,873.979,134.98,134.98,84.75,20,20,198,multiprocess_sample_only,,
yjit-on/puma-long-tail-fib-200ms-x1p0/puma-1w-3t/repeat-1,yjit-on,true,puma-long-tail-fib-200ms-x1p0,puma-long-tail-hey,puma/benchmarks/local/long_tail_hey + test/rackup/sleep_fibonacci,https://github.com/puma/puma/blob/main/benchmarks/local/long_tail_hey.rb,puma-1w-3t,3,puma,1,3,60,60,8.527,5.0,60,60,8.526,2.0,3,true,60,0,7.036,426.96,441.023,441.828,441.963,441.978,136.918,136.918,85.37,20,20,119,multiprocess_sample_only,,
yjit-on/puma-long-tail-fib-200ms-x0p5/puma-1w-3t/repeat-1,yjit-on,true,puma-long-tail-fib-200ms-x0p5,puma-long-tail-hey,puma/benchmarks/local/long_tail_hey + test/rackup/sleep_fibonacci,https://github.com/puma/puma/blob/main/benchmarks/local/long_tail_hey.rb,puma-1w-3t,3,puma,1,3,40,40,5.687,5.0,40,40,5.678,2.0,2,true,40,0,7.034,284.192,287.998,290.312,291.401,291.523,142.484,142.484,85.745,20,20,81,multiprocess_sample_only,,
yjit-on/puma-sleep-fibonacci-1ms/puma-1w-3t/repeat-1,yjit-on,true,puma-sleep-fibonacci-1ms,puma-sleep-fibonacci-test,puma/benchmarks/local/sleep_fibonacci_test + test/rackup/sleep_fibonacci,https://github.com/puma/puma/blob/main/benchmarks/local/sleep_fibonacci_test.rb,puma-1w-3t,3,puma,1,3,1643,10,5.001,5.0,10,652,2.001,2.0,1,true,1643,0,328.513,3.016,3.299,3.472,4.076,4.354,143.625,143.625,85.375,20,20,71,multiprocess_sample_only,,
yjit-on/puma-sleep-fibonacci-5ms/puma-1w-3t/repeat-1,yjit-on,true,puma-sleep-fibonacci-5ms,puma-sleep-fibonacci-test,puma/benchmarks/local/sleep_fibonacci_test + test/rackup/sleep_fibonacci,https://github.com/puma/puma/blob/main/benchmarks/local/sleep_fibonacci_test.rb,puma-1w-3t,3,puma,1,3,491,10,5.004,5.0,10,198,2.009,2.0,1,true,491,0,98.124,10.214,10.702,10.787,10.902,10.939,143.629,143.629,84.76,20,20,71,multiprocess_sample_only,,
yjit-on/puma-sleep-fibonacci-10ms/puma-1w-3t/repeat-1,yjit-on,true,puma-sleep-fibonacci-10ms,puma-sleep-fibonacci-test,puma/benchmarks/local/sleep_fibonacci_test + test/rackup/sleep_fibonacci,https://github.com/puma/puma/blob/main/benchmarks/local/sleep_fibonacci_test.rb,puma-1w-3t,3,puma,1,3,354,10,5.011,5.0,10,140,2.007,2.0,1,true,354,0,70.645,14.163,14.356,14.559,15.348,15.633,143.629,143.629,84.305,20,20,71,multiprocess_sample_only,,
yjit-on/puma-sleep-fibonacci-50ms/puma-1w-3t/repeat-1,yjit-on,true,puma-sleep-fibonacci-50ms,puma-sleep-fibonacci-test,puma/benchmarks/local/sleep_fibonacci_test + test/rackup/sleep_fibonacci,https://github.com/puma/puma/blob/main/benchmarks/local/sleep_fibonacci_test.rb,puma-1w-3t,3,puma,1,3,99,10,5.001,5.0,10,40,2.021,2.0,1,true,99,0,19.798,50.448,50.554,50.723,50.955,50.981,143.629,143.629,84.065,20,20,71,multiprocess_sample_only,,
yjit-on/puma-sleep-fibonacci-100ms/puma-1w-3t/repeat-1,yjit-on,true,puma-sleep-fibonacci-100ms,puma-sleep-fibonacci-test,puma/benchmarks/local/sleep_fibonacci_test + test/rackup/sleep_fibonacci,https://github.com/puma/puma/blob/main/benchmarks/local/sleep_fibonacci_test.rb,puma-1w-3t,3,puma,1,3,50,10,5.028,5.0,10,20,2.013,2.0,1,true,50,0,9.945,100.501,100.543,100.558,100.558,100.558,143.629,143.629,83.89,20,20,71,multiprocess_sample_only,,
yjit-on/puma-sleep-fibonacci-200ms/puma-1w-3t/repeat-1,yjit-on,true,puma-sleep-fibonacci-200ms,puma-sleep-fibonacci-test,puma/benchmarks/local/sleep_fibonacci_test + test/rackup/sleep_fibonacci,https://github.com/puma/puma/blob/main/benchmarks/local/sleep_fibonacci_test.rb,puma-1w-3t,3,puma,1,3,25,10,5.016,5.0,10,10,2.007,2.0,1,true,25,0,4.984,200.543,200.618,201.339,201.542,201.564,143.629,143.629,83.735,20,20,71,multiprocess_sample_only,,
yjit-on/puma-response-array-1kb/puma-1w-3t/repeat-2,yjit-on,true,puma-response-array-1kb,puma-response-time-wrk,puma/benchmarks/local/response_time_wrk,https://github.com/puma/puma/blob/main/benchmarks/local/response_time_wrk.rb,puma-1w-3t,3,puma,1,3,14441,1000,5.001,5.0,1000,5671,2.002,2.0,5,true,14441,0,2887.503,1.662,2.198,2.751,3.589,4.311,99.508,98.527,80.17,20,20,66,multiprocess_sample_only,,
yjit-on/puma-response-chunk-1kb/puma-1w-3t/repeat-2,yjit-on,true,puma-response-chunk-1kb,puma-response-time-wrk,puma/benchmarks/local/response_time_wrk,https://github.com/puma/puma/blob/main/benchmarks/local/response_time_wrk.rb,puma-1w-3t,3,puma,1,3,14111,1000,5.002,5.0,1000,5705,2.001,2.0,5,true,14111,0,2821.348,1.708,2.215,2.615,3.378,4.008,104.059,103.617,74.855,20,20,66,multiprocess_sample_only,,
yjit-on/puma-response-string-1kb/puma-1w-3t/repeat-2,yjit-on,true,puma-response-string-1kb,puma-response-time-wrk,puma/benchmarks/local/response_time_wrk,https://github.com/puma/puma/blob/main/benchmarks/local/response_time_wrk.rb,puma-1w-3t,3,puma,1,3,14576,1000,5.001,5.0,1000,5924,2.001,2.0,5,true,14576,0,2914.341,1.658,2.132,2.436,3.084,3.787,103.23,102.883,73.585,20,20,66,multiprocess_sample_only,,
yjit-on/puma-response-io-1kb/puma-1w-3t/repeat-2,yjit-on,true,puma-response-io-1kb,puma-response-time-wrk,puma/benchmarks/local/response_time_wrk,https://github.com/puma/puma/blob/main/benchmarks/local/response_time_wrk.rb,puma-1w-3t,3,puma,1,3,14180,1000,5.001,5.0,1000,5811,2.002,2.0,5,true,14180,0,2835.303,1.7,2.181,2.55,3.237,4.097,103.281,103.156,75.06,20,20,66,multiprocess_sample_only,,
yjit-on/puma-response-array-10kb/puma-1w-3t/repeat-2,yjit-on,true,puma-response-array-10kb,puma-response-time-wrk,puma/benchmarks/local/response_time_wrk,https://github.com/puma/puma/blob/main/benchmarks/local/response_time_wrk.rb,puma-1w-3t,3,puma,1,3,14411,1000,5.001,5.0,1000,5860,2.001,2.0,5,true,14411,0,2881.342,1.674,2.157,2.457,3.098,3.551,112.031,111.816,75.555,20,20,66,multiprocess_sample_only,,
yjit-on/puma-response-chunk-10kb/puma-1w-3t/repeat-2,yjit-on,true,puma-response-chunk-10kb,puma-response-time-wrk,puma/benchmarks/local/response_time_wrk,https://github.com/puma/puma/blob/main/benchmarks/local/response_time_wrk.rb,puma-1w-3t,3,puma,1,3,12631,1000,5.001,5.0,1000,5153,2.002,2.0,5,true,12631,0,2525.474,1.923,2.423,2.74,3.301,3.9,111.109,111.109,74.82,20,20,65,multiprocess_sample_only,,
yjit-on/puma-response-string-10kb/puma-1w-3t/repeat-2,yjit-on,true,puma-response-string-10kb,puma-response-time-wrk,puma/benchmarks/local/response_time_wrk,https://github.com/puma/puma/blob/main/benchmarks/local/response_time_wrk.rb,puma-1w-3t,3,puma,1,3,14529,1000,5.001,5.0,1000,5955,2.001,2.0,5,true,14529,0,2905.016,1.667,2.13,2.435,3.051,4.055,112.992,112.992,74.43,20,20,66,multiprocess_sample_only,,
yjit-on/puma-response-io-10kb/puma-1w-3t/repeat-2,yjit-on,true,puma-response-io-10kb,puma-response-time-wrk,puma/benchmarks/local/response_time_wrk,https://github.com/puma/puma/blob/main/benchmarks/local/response_time_wrk.rb,puma-1w-3t,3,puma,1,3,14086,1000,5.001,5.0,1000,5763,2.001,2.0,5,true,14086,0,2816.388,1.705,2.219,2.616,3.416,3.92,115.414,115.297,75.195,20,20,66,multiprocess_sample_only,,
yjit-on/puma-response-array-100kb/puma-1w-3t/repeat-2,yjit-on,true,puma-response-array-100kb,puma-response-time-wrk,puma/benchmarks/local/response_time_wrk,https://github.com/puma/puma/blob/main/benchmarks/local/response_time_wrk.rb,puma-1w-3t,3,puma,1,3,11838,1000,5.002,5.0,1000,4826,2.002,2.0,5,true,11838,0,2366.869,2.058,2.563,2.878,3.441,4.424,136.836,132.961,75.42,20,20,65,multiprocess_sample_only,,
yjit-on/puma-response-chunk-100kb/puma-1w-3t/repeat-2,yjit-on,true,puma-response-chunk-100kb,puma-response-time-wrk,puma/benchmarks/local/response_time_wrk,https://github.com/puma/puma/blob/main/benchmarks/local/response_time_wrk.rb,puma-1w-3t,3,puma,1,3,6230,1000,5.003,5.0,1000,2543,2.003,2.0,5,true,6230,0,1245.185,3.938,4.978,5.545,6.529,7.668,136.828,136.828,74.76,20,20,63,multiprocess_sample_only,,
yjit-on/puma-response-string-100kb/puma-1w-3t/repeat-2,yjit-on,true,puma-response-string-100kb,puma-response-time-wrk,puma/benchmarks/local/response_time_wrk,https://github.com/puma/puma/blob/main/benchmarks/local/response_time_wrk.rb,puma-1w-3t,3,puma,1,3,11861,1000,5.002,5.0,1000,4841,2.002,2.0,5,true,11861,0,2371.422,2.053,2.562,2.878,3.591,4.572,135.105,135.105,74.155,20,20,65,multiprocess_sample_only,,
yjit-on/puma-response-io-100kb/puma-1w-3t/repeat-2,yjit-on,true,puma-response-io-100kb,puma-response-time-wrk,puma/benchmarks/local/response_time_wrk,https://github.com/puma/puma/blob/main/benchmarks/local/response_time_wrk.rb,puma-1w-3t,3,puma,1,3,11864,1000,5.002,5.0,1000,4872,2.002,2.0,5,true,11864,0,2371.876,2.033,2.52,2.81,3.886,43.603,120.07,119.07,73.865,20,20,65,multiprocess_sample_only,,
yjit-on/puma-response-array-256kb/puma-1w-3t/repeat-2,yjit-on,true,puma-response-array-256kb,puma-response-time-wrk,puma/benchmarks/local/response_time_wrk,https://github.com/puma/puma/blob/main/benchmarks/local/response_time_wrk.rb,puma-1w-3t,3,puma,1,3,9070,1000,5.002,5.0,1000,3642,2.002,2.0,5,true,9070,0,1813.25,2.532,3.611,4.682,20.159,20.556,141.988,141.355,73.485,20,20,64,multiprocess_sample_only,,
yjit-on/puma-response-chunk-256kb/puma-1w-3t/repeat-2,yjit-on,true,puma-response-chunk-256kb,puma-response-time-wrk,puma/benchmarks/local/response_time_wrk,https://github.com/puma/puma/blob/main/benchmarks/local/response_time_wrk.rb,puma-1w-3t,3,puma,1,3,3436,1000,5.006,5.0,1000,1397,2.007,2.0,5,true,3436,0,686.4,7.237,8.803,9.782,10.91,13.018,144.141,142.402,73.08,20,20,58,multiprocess_sample_only,,
yjit-on/puma-response-string-256kb/puma-1w-3t/repeat-2,yjit-on,true,puma-response-string-256kb,puma-response-time-wrk,puma/benchmarks/local/response_time_wrk,https://github.com/puma/puma/blob/main/benchmarks/local/response_time_wrk.rb,puma-1w-3t,3,puma,1,3,9196,1000,5.002,5.0,1000,3939,2.002,2.0,5,true,9196,0,1838.551,2.486,3.551,4.651,20.476,21.627,126.375,126.375,72.265,20,20,64,multiprocess_sample_only,,
yjit-on/puma-response-io-256kb/puma-1w-3t/repeat-2,yjit-on,true,puma-response-io-256kb,puma-response-time-wrk,puma/benchmarks/local/response_time_wrk,https://github.com/puma/puma/blob/main/benchmarks/local/response_time_wrk.rb,puma-1w-3t,3,puma,1,3,9106,1000,5.002,5.0,1000,3748,2.002,2.0,5,true,9106,0,1820.438,2.499,3.594,4.755,21.231,21.962,126.047,126.047,71.33,20,20,64,multiprocess_sample_only,,
yjit-on/puma-response-array-512kb/puma-1w-3t/repeat-2,yjit-on,true,puma-response-array-512kb,puma-response-time-wrk,puma/benchmarks/local/response_time_wrk,https://github.com/puma/puma/blob/main/benchmarks/local/response_time_wrk.rb,puma-1w-3t,3,puma,1,3,7091,1000,5.022,5.0,1000,2906,2.003,2.0,5,true,7091,0,1411.939,3.163,4.727,20.343,22.798,23.768,175.574,175.574,71.075,20,20,62,multiprocess_sample_only,,
yjit-on/puma-response-chunk-512kb/puma-1w-3t/repeat-2,yjit-on,true,puma-response-chunk-512kb,puma-response-time-wrk,puma/benchmarks/local/response_time_wrk,https://github.com/puma/puma/blob/main/benchmarks/local/response_time_wrk.rb,puma-1w-3t,3,puma,1,3,1995,1000,5.01,5.0,1000,1000,2.454,2.0,5,true,1995,0,398.211,12.463,14.916,16.341,17.01,17.529,151.672,151.141,70.815,20,20,52,multiprocess_sample_only,,
yjit-on/puma-response-string-512kb/puma-1w-3t/repeat-2,yjit-on,true,puma-response-string-512kb,puma-response-time-wrk,puma/benchmarks/local/response_time_wrk,https://github.com/puma/puma/blob/main/benchmarks/local/response_time_wrk.rb,puma-1w-3t,3,puma,1,3,7261,1000,5.003,5.0,1000,2998,2.003,2.0,5,true,7261,0,1451.467,3.045,4.636,20.922,23.106,24.053,133.738,133.738,70.025,20,20,62,multiprocess_sample_only,,
yjit-on/puma-response-io-512kb/puma-1w-3t/repeat-2,yjit-on,true,puma-response-io-512kb,puma-response-time-wrk,puma/benchmarks/local/response_time_wrk,https://github.com/puma/puma/blob/main/benchmarks/local/response_time_wrk.rb,puma-1w-3t,3,puma,1,3,7181,1000,5.002,5.0,1000,2983,2.003,2.0,5,true,7181,0,1435.585,3.116,4.314,20.941,23.435,24.028,133.941,133.941,69.145,20,20,63,multiprocess_sample_only,,
yjit-on/puma-response-array-1024kb/puma-1w-3t/repeat-2,yjit-on,true,puma-response-array-1024kb,puma-response-time-wrk,puma/benchmarks/local/response_time_wrk,https://github.com/puma/puma/blob/main/benchmarks/local/response_time_wrk.rb,puma-1w-3t,3,puma,1,3,4528,1000,5.006,5.0,1000,1804,2.022,2.0,5,true,4528,0,904.542,5.028,6.803,24.21,26.089,26.9,173.133,170.23,68.57,20,20,59,multiprocess_sample_only,,
yjit-on/puma-response-chunk-1024kb/puma-1w-3t/repeat-2,yjit-on,true,puma-response-chunk-1024kb,puma-response-time-wrk,puma/benchmarks/local/response_time_wrk,https://github.com/puma/puma/blob/main/benchmarks/local/response_time_wrk.rb,puma-1w-3t,3,puma,1,3,1088,1000,5.023,5.0,1000,1000,4.447,2.0,5,true,1088,0,216.595,23.021,26.939,28.821,30.898,31.438,175.406,175.406,68.27,20,20,43,multiprocess_sample_only,,
yjit-on/puma-response-string-1024kb/puma-1w-3t/repeat-2,yjit-on,true,puma-response-string-1024kb,puma-response-time-wrk,puma/benchmarks/local/response_time_wrk,https://github.com/puma/puma/blob/main/benchmarks/local/response_time_wrk.rb,puma-1w-3t,3,puma,1,3,4548,1000,5.005,5.0,1000,1878,2.005,2.0,5,true,4548,0,908.698,4.944,7.003,25.066,27.095,27.458,150.492,150.117,67.375,20,20,59,multiprocess_sample_only,,
yjit-on/puma-response-io-1024kb/puma-1w-3t/repeat-2,yjit-on,true,puma-response-io-1024kb,puma-response-time-wrk,puma/benchmarks/local/response_time_wrk,https://github.com/puma/puma/blob/main/benchmarks/local/response_time_wrk.rb,puma-1w-3t,3,puma,1,3,4618,1000,5.005,5.0,1000,1889,2.004,2.0,5,true,4618,0,922.723,4.823,6.747,24.762,27.669,28.259,150.305,150.305,66.13,20,20,60,multiprocess_sample_only,,
yjit-on/puma-response-array-2048kb/puma-1w-3t/repeat-2,yjit-on,true,puma-response-array-2048kb,puma-response-time-wrk,puma/benchmarks/local/response_time_wrk,https://github.com/puma/puma/blob/main/benchmarks/local/response_time_wrk.rb,puma-1w-3t,3,puma,1,3,2771,1000,5.008,5.0,1000,1084,2.007,2.0,5,true,2771,0,553.362,8.923,10.546,11.333,12.41,12.854,181.805,175.277,65.6,20,20,56,multiprocess_sample_only,,
yjit-on/puma-response-chunk-2048kb/puma-1w-3t/repeat-2,yjit-on,true,puma-response-chunk-2048kb,puma-response-time-wrk,puma/benchmarks/local/response_time_wrk,https://github.com/puma/puma/blob/main/benchmarks/local/response_time_wrk.rb,puma-1w-3t,3,puma,1,3,1000,1000,8.709,5.0,1000,1000,7.763,2.0,5,true,1000,0,114.828,43.527,49.803,52.63,55.248,56.127,187.367,184.02,65.495,20,20,55,multiprocess_sample_only,,
yjit-on/puma-response-string-2048kb/puma-1w-3t/repeat-2,yjit-on,true,puma-response-string-2048kb,puma-response-time-wrk,puma/benchmarks/local/response_time_wrk,https://github.com/puma/puma/blob/main/benchmarks/local/response_time_wrk.rb,puma-1w-3t,3,puma,1,3,2862,1000,5.008,5.0,1000,1169,2.007,2.0,5,true,2862,0,571.438,8.593,10.274,11.377,12.511,13.27,157.141,153.148,64.715,20,20,57,multiprocess_sample_only,,
yjit-on/puma-response-io-2048kb/puma-1w-3t/repeat-2,yjit-on,true,puma-response-io-2048kb,puma-response-time-wrk,puma/benchmarks/local/response_time_wrk,https://github.com/puma/puma/blob/main/benchmarks/local/response_time_wrk.rb,puma-1w-3t,3,puma,1,3,2933,1000,5.008,5.0,1000,1209,2.007,2.0,5,true,2933,0,585.67,8.384,9.852,11.733,31.23,34.236,154.398,154.398,63.52,20,20,58,multiprocess_sample_only,,
yjit-on/puma-long-tail-fib-200ms-x6p0/puma-1w-3t/repeat-2,yjit-on,true,puma-long-tail-fib-200ms-x6p0,puma-long-tail-hey,puma/benchmarks/local/long_tail_hey + test/rackup/sleep_fibonacci,https://github.com/puma/puma/blob/main/benchmarks/local/long_tail_hey.rb,puma-1w-3t,3,puma,1,3,360,360,51.179,5.0,360,360,51.179,2.0,18,true,360,0,7.034,2558.069,2600.669,2619.723,2634.175,2637.873,173.801,173.801,73.025,20,20,705,multiprocess_sample_only,,
yjit-on/puma-long-tail-fib-200ms-x4p0/puma-1w-3t/repeat-2,yjit-on,true,puma-long-tail-fib-200ms-x4p0,puma-long-tail-hey,puma/benchmarks/local/long_tail_hey + test/rackup/sleep_fibonacci,https://github.com/puma/puma/blob/main/benchmarks/local/long_tail_hey.rb,puma-1w-3t,3,puma,1,3,240,240,34.132,5.0,240,240,34.13,2.0,12,true,240,0,7.032,1705.088,1737.521,1754.568,1763.483,1764.193,196.434,196.434,78.925,20,20,469,multiprocess_sample_only,,
yjit-on/puma-long-tail-fib-200ms-x3p0/puma-1w-3t/repeat-2,yjit-on,true,puma-long-tail-fib-200ms-x3p0,puma-long-tail-hey,puma/benchmarks/local/long_tail_hey + test/rackup/sleep_fibonacci,https://github.com/puma/puma/blob/main/benchmarks/local/long_tail_hey.rb,puma-1w-3t,3,puma,1,3,180,180,25.585,5.0,180,180,25.593,2.0,9,true,180,0,7.035,1278.942,1302.334,1309.86,1310.176,1310.217,196.434,196.434,81.83,20,20,351,multiprocess_sample_only,,
yjit-on/puma-long-tail-fib-200ms-x2p0/puma-1w-3t/repeat-2,yjit-on,true,puma-long-tail-fib-200ms-x2p0,puma-long-tail-hey,puma/benchmarks/local/long_tail_hey + test/rackup/sleep_fibonacci,https://github.com/puma/puma/blob/main/benchmarks/local/long_tail_hey.rb,puma-1w-3t,3,puma,1,3,120,120,17.07,5.0,120,120,17.08,2.0,6,true,120,0,7.03,853.88,874.792,885.963,895.692,896.954,196.496,196.496,83.43,20,20,235,multiprocess_sample_only,,
yjit-on/puma-long-tail-fib-200ms-x1p5/puma-1w-3t/repeat-2,yjit-on,true,puma-long-tail-fib-200ms-x1p5,puma-long-tail-hey,puma/benchmarks/local/long_tail_hey + test/rackup/sleep_fibonacci,https://github.com/puma/puma/blob/main/benchmarks/local/long_tail_hey.rb,puma-1w-3t,3,puma,1,3,100,100,14.235,5.0,100,100,14.245,2.0,5,true,100,0,7.025,751.18,843.741,851.342,852.759,852.916,196.496,196.496,84.475,20,20,197,multiprocess_sample_only,,
yjit-on/puma-long-tail-fib-200ms-x1p0/puma-1w-3t/repeat-2,yjit-on,true,puma-long-tail-fib-200ms-x1p0,puma-long-tail-hey,puma/benchmarks/local/long_tail_hey + test/rackup/sleep_fibonacci,https://github.com/puma/puma/blob/main/benchmarks/local/long_tail_hey.rb,puma-1w-3t,3,puma,1,3,60,60,8.532,5.0,60,60,8.533,2.0,3,true,60,0,7.032,426.753,440.988,447.219,448.186,448.293,196.496,190.68,85.115,20,20,118,multiprocess_sample_only,,
yjit-on/puma-long-tail-fib-200ms-x0p5/puma-1w-3t/repeat-2,yjit-on,true,puma-long-tail-fib-200ms-x0p5,puma-long-tail-hey,puma/benchmarks/local/long_tail_hey + test/rackup/sleep_fibonacci,https://github.com/puma/puma/blob/main/benchmarks/local/long_tail_hey.rb,puma-1w-3t,3,puma,1,3,40,40,5.691,5.0,40,40,5.687,2.0,2,true,40,0,7.028,283.859,291.948,294.282,295.416,295.543,190.68,190.68,85.5,20,20,80,multiprocess_sample_only,,
yjit-on/puma-sleep-fibonacci-1ms/puma-1w-3t/repeat-2,yjit-on,true,puma-sleep-fibonacci-1ms,puma-sleep-fibonacci-test,puma/benchmarks/local/sleep_fibonacci_test + test/rackup/sleep_fibonacci,https://github.com/puma/puma/blob/main/benchmarks/local/sleep_fibonacci_test.rb,puma-1w-3t,3,puma,1,3,1632,10,5.001,5.0,10,648,2.002,2.0,1,true,1632,0,326.348,3.049,3.311,3.474,4.138,4.247,207.309,206.684,85.145,20,20,71,multiprocess_sample_only,,
yjit-on/puma-sleep-fibonacci-5ms/puma-1w-3t/repeat-2,yjit-on,true,puma-sleep-fibonacci-5ms,puma-sleep-fibonacci-test,puma/benchmarks/local/sleep_fibonacci_test + test/rackup/sleep_fibonacci,https://github.com/puma/puma/blob/main/benchmarks/local/sleep_fibonacci_test.rb,puma-1w-3t,3,puma,1,3,487,10,5.002,5.0,10,193,2.0,2.0,1,true,487,0,97.371,10.308,10.816,10.983,11.036,11.059,208.133,208.133,84.52,20,20,71,multiprocess_sample_only,,
yjit-on/puma-sleep-fibonacci-10ms/puma-1w-3t/repeat-2,yjit-on,true,puma-sleep-fibonacci-10ms,puma-sleep-fibonacci-test,puma/benchmarks/local/sleep_fibonacci_test + test/rackup/sleep_fibonacci,https://github.com/puma/puma/blob/main/benchmarks/local/sleep_fibonacci_test.rb,puma-1w-3t,3,puma,1,3,350,10,5.003,5.0,10,141,2.014,2.0,1,true,350,0,69.957,14.314,14.592,14.734,15.13,15.192,208.258,208.258,84.07,20,20,71,multiprocess_sample_only,,
yjit-on/puma-sleep-fibonacci-50ms/puma-1w-3t/repeat-2,yjit-on,true,puma-sleep-fibonacci-50ms,puma-sleep-fibonacci-test,puma/benchmarks/local/sleep_fibonacci_test + test/rackup/sleep_fibonacci,https://github.com/puma/puma/blob/main/benchmarks/local/sleep_fibonacci_test.rb,puma-1w-3t,3,puma,1,3,100,10,5.049,5.0,10,40,2.017,2.0,1,true,100,0,19.807,50.403,50.51,50.864,52.979,53.214,208.258,208.258,83.835,20,20,72,multiprocess_sample_only,,
yjit-on/puma-sleep-fibonacci-100ms/puma-1w-3t/repeat-2,yjit-on,true,puma-sleep-fibonacci-100ms,puma-sleep-fibonacci-test,puma/benchmarks/local/sleep_fibonacci_test + test/rackup/sleep_fibonacci,https://github.com/puma/puma/blob/main/benchmarks/local/sleep_fibonacci_test.rb,puma-1w-3t,3,puma,1,3,50,10,5.028,5.0,10,20,2.011,2.0,1,true,50,0,9.945,100.492,100.554,100.924,100.957,100.961,208.258,208.258,83.66,20,20,71,multiprocess_sample_only,,
yjit-on/puma-sleep-fibonacci-200ms/puma-1w-3t/repeat-2,yjit-on,true,puma-sleep-fibonacci-200ms,puma-sleep-fibonacci-test,puma/benchmarks/local/sleep_fibonacci_test + test/rackup/sleep_fibonacci,https://github.com/puma/puma/blob/main/benchmarks/local/sleep_fibonacci_test.rb,puma-1w-3t,3,puma,1,3,25,10,5.015,5.0,10,10,2.007,2.0,1,true,25,0,4.985,200.518,200.727,200.821,200.841,200.843,208.258,208.258,83.505,20,20,71,multiprocess_sample_only,,
yjit-on/puma-response-array-1kb/puma-1w-3t/repeat-3,yjit-on,true,puma-response-array-1kb,puma-response-time-wrk,puma/benchmarks/local/response_time_wrk,https://github.com/puma/puma/blob/main/benchmarks/local/response_time_wrk.rb,puma-1w-3t,3,puma,1,3,14613,1000,5.001,5.0,1000,5733,2.001,2.0,5,true,14613,0,2921.792,1.657,2.13,2.404,3.012,4.17,77.891,76.617,79.75,20,20,66,multiprocess_sample_only,,
yjit-on/puma-response-chunk-1kb/puma-1w-3t/repeat-3,yjit-on,true,puma-response-chunk-1kb,puma-response-time-wrk,puma/benchmarks/local/response_time_wrk,https://github.com/puma/puma/blob/main/benchmarks/local/response_time_wrk.rb,puma-1w-3t,3,puma,1,3,14192,1000,5.001,5.0,1000,5799,2.001,2.0,5,true,14192,0,2837.718,1.708,2.165,2.443,2.918,5.848,78.086,77.961,75.24,20,20,66,multiprocess_sample_only,,
yjit-on/puma-response-string-1kb/puma-1w-3t/repeat-3,yjit-on,true,puma-response-string-1kb,puma-response-time-wrk,puma/benchmarks/local/response_time_wrk,https://github.com/puma/puma/blob/main/benchmarks/local/response_time_wrk.rb,puma-1w-3t,3,puma,1,3,14528,1000,5.001,5.0,1000,5951,2.001,2.0,5,true,14528,0,2904.849,1.669,2.125,2.404,2.934,3.765,77.609,77.555,73.98,20,20,66,multiprocess_sample_only,,
yjit-on/puma-response-io-1kb/puma-1w-3t/repeat-3,yjit-on,true,puma-response-io-1kb,puma-response-time-wrk,puma/benchmarks/local/response_time_wrk,https://github.com/puma/puma/blob/main/benchmarks/local/response_time_wrk.rb,puma-1w-3t,3,puma,1,3,14076,1000,5.001,5.0,1000,5758,2.002,2.0,5,true,14076,0,2814.418,1.711,2.205,2.539,3.11,3.71,77.563,77.563,75.52,20,20,66,multiprocess_sample_only,,
yjit-on/puma-response-array-10kb/puma-1w-3t/repeat-3,yjit-on,true,puma-response-array-10kb,puma-response-time-wrk,puma/benchmarks/local/response_time_wrk,https://github.com/puma/puma/blob/main/benchmarks/local/response_time_wrk.rb,puma-1w-3t,3,puma,1,3,14398,1000,5.001,5.0,1000,5896,2.001,2.0,5,true,14398,0,2878.935,1.684,2.133,2.452,2.911,3.366,80.813,80.813,75.805,20,20,66,multiprocess_sample_only,,
yjit-on/puma-response-chunk-10kb/puma-1w-3t/repeat-3,yjit-on,true,puma-response-chunk-10kb,puma-response-time-wrk,puma/benchmarks/local/response_time_wrk,https://github.com/puma/puma/blob/main/benchmarks/local/response_time_wrk.rb,puma-1w-3t,3,puma,1,3,12531,1000,5.001,5.0,1000,5177,2.002,2.0,5,true,12531,0,2505.534,1.938,2.448,2.841,3.339,4.626,81.148,81.148,75.07,20,20,65,multiprocess_sample_only,,
yjit-on/puma-response-string-10kb/puma-1w-3t/repeat-3,yjit-on,true,puma-response-string-10kb,puma-response-time-wrk,puma/benchmarks/local/response_time_wrk,https://github.com/puma/puma/blob/main/benchmarks/local/response_time_wrk.rb,puma-1w-3t,3,puma,1,3,14336,1000,5.002,5.0,1000,5896,2.001,2.0,5,true,14336,0,2866.285,1.688,2.156,2.526,3.012,3.726,81.352,81.352,74.65,20,20,66,multiprocess_sample_only,,
yjit-on/puma-response-io-10kb/puma-1w-3t/repeat-3,yjit-on,true,puma-response-io-10kb,puma-response-time-wrk,puma/benchmarks/local/response_time_wrk,https://github.com/puma/puma/blob/main/benchmarks/local/response_time_wrk.rb,puma-1w-3t,3,puma,1,3,13934,1000,5.001,5.0,1000,5628,2.002,2.0,5,true,13934,0,2786.22,1.726,2.236,2.657,3.5,4.168,82.965,82.965,75.38,20,20,66,multiprocess_sample_only,,
yjit-on/puma-response-array-100kb/puma-1w-3t/repeat-3,yjit-on,true,puma-response-array-100kb,puma-response-time-wrk,puma/benchmarks/local/response_time_wrk,https://github.com/puma/puma/blob/main/benchmarks/local/response_time_wrk.rb,puma-1w-3t,3,puma,1,3,11643,1000,5.001,5.0,1000,4847,2.001,2.0,5,true,11643,0,2327.926,2.091,2.596,2.965,3.51,7.023,106.363,105.426,75.525,20,20,65,multiprocess_sample_only,,
yjit-on/puma-response-chunk-100kb/puma-1w-3t/repeat-3,yjit-on,true,puma-response-chunk-100kb,puma-response-time-wrk,puma/benchmarks/local/response_time_wrk,https://github.com/puma/puma/blob/main/benchmarks/local/response_time_wrk.rb,puma-1w-3t,3,puma,1,3,6181,1000,5.003,5.0,1000,2534,2.003,2.0,5,true,6181,0,1235.388,3.981,4.898,5.433,6.317,7.984,95.527,95.344,74.84,20,20,63,multiprocess_sample_only,,
yjit-on/puma-response-string-100kb/puma-1w-3t/repeat-3,yjit-on,true,puma-response-string-100kb,puma-response-time-wrk,puma/benchmarks/local/response_time_wrk,https://github.com/puma/puma/blob/main/benchmarks/local/response_time_wrk.rb,puma-1w-3t,3,puma,1,3,11744,1000,5.002,5.0,1000,4906,2.002,2.0,5,true,11744,0,2348.088,2.077,2.566,2.833,3.462,5.283,106.32,103.59,74.295,20,20,65,multiprocess_sample_only,,
yjit-on/puma-response-io-100kb/puma-1w-3t/repeat-3,yjit-on,true,puma-response-io-100kb,puma-response-time-wrk,puma/benchmarks/local/response_time_wrk,https://github.com/puma/puma/blob/main/benchmarks/local/response_time_wrk.rb,puma-1w-3t,3,puma,1,3,11600,1000,5.002,5.0,1000,4733,2.001,2.0,5,true,11600,0,2319.282,2.082,2.577,2.908,8.809,42.76,88.742,88.18,73.95,20,20,65,multiprocess_sample_only,,
yjit-on/puma-response-array-256kb/puma-1w-3t/repeat-3,yjit-on,true,puma-response-array-256kb,puma-response-time-wrk,puma/benchmarks/local/response_time_wrk,https://github.com/puma/puma/blob/main/benchmarks/local/response_time_wrk.rb,puma-1w-3t,3,puma,1,3,9136,1000,5.003,5.0,1000,3696,2.002,2.0,5,true,9136,0,1826.235,2.5,3.482,4.639,21.839,26.283,121.449,118.398,73.54,20,20,64,multiprocess_sample_only,,
yjit-on/puma-response-chunk-256kb/puma-1w-3t/repeat-3,yjit-on,true,puma-response-chunk-256kb,puma-response-time-wrk,puma/benchmarks/local/response_time_wrk,https://github.com/puma/puma/blob/main/benchmarks/local/response_time_wrk.rb,puma-1w-3t,3,puma,1,3,3412,1000,5.006,5.0,1000,1430,2.005,2.0,5,true,3412,0,681.515,7.286,8.921,9.817,10.568,11.129,103.781,103.258,73.085,20,20,58,multiprocess_sample_only,,
yjit-on/puma-response-string-256kb/puma-1w-3t/repeat-3,yjit-on,true,puma-response-string-256kb,puma-response-time-wrk,puma/benchmarks/local/response_time_wrk,https://github.com/puma/puma/blob/main/benchmarks/local/response_time_wrk.rb,puma-1w-3t,3,puma,1,3,9300,1000,5.002,5.0,1000,3679,2.003,2.0,5,true,9300,0,1859.143,2.452,3.375,4.803,21.801,23.18,96.582,96.52,72.225,20,20,64,multiprocess_sample_only,,
yjit-on/puma-response-io-256kb/puma-1w-3t/repeat-3,yjit-on,true,puma-response-io-256kb,puma-response-time-wrk,puma/benchmarks/local/response_time_wrk,https://github.com/puma/puma/blob/main/benchmarks/local/response_time_wrk.rb,puma-1w-3t,3,puma,1,3,9057,1000,5.002,5.0,1000,3744,2.002,2.0,5,true,9057,0,1810.639,2.522,3.472,4.641,21.639,43.702,96.895,96.504,71.345,20,20,64,multiprocess_sample_only,,
yjit-on/puma-response-array-512kb/puma-1w-3t/repeat-3,yjit-on,true,puma-response-array-512kb,puma-response-time-wrk,puma/benchmarks/local/response_time_wrk,https://github.com/puma/puma/blob/main/benchmarks/local/response_time_wrk.rb,puma-1w-3t,3,puma,1,3,7175,1000,5.003,5.0,1000,2833,2.002,2.0,5,true,7175,0,1434.247,3.123,4.408,22.057,24.238,24.609,144.273,141.953,71.07,20,20,62,multiprocess_sample_only,,
yjit-on/puma-response-chunk-512kb/puma-1w-3t/repeat-3,yjit-on,true,puma-response-chunk-512kb,puma-response-time-wrk,puma/benchmarks/local/response_time_wrk,https://github.com/puma/puma/blob/main/benchmarks/local/response_time_wrk.rb,puma-1w-3t,3,puma,1,3,1948,1000,5.011,5.0,1000,1000,2.545,2.0,5,true,1948,0,388.742,12.848,15.322,16.676,19.856,20.539,108.578,107.652,70.765,20,20,52,multiprocess_sample_only,,
yjit-on/puma-response-string-512kb/puma-1w-3t/repeat-3,yjit-on,true,puma-response-string-512kb,puma-response-time-wrk,puma/benchmarks/local/response_time_wrk,https://github.com/puma/puma/blob/main/benchmarks/local/response_time_wrk.rb,puma-1w-3t,3,puma,1,3,7304,1000,5.002,5.0,1000,2959,2.002,2.0,5,true,7304,0,1460.093,3.069,4.195,21.769,23.665,25.011,100.25,100.188,70.005,20,20,62,multiprocess_sample_only,,
yjit-on/puma-response-io-512kb/puma-1w-3t/repeat-3,yjit-on,true,puma-response-io-512kb,puma-response-time-wrk,puma/benchmarks/local/response_time_wrk,https://github.com/puma/puma/blob/main/benchmarks/local/response_time_wrk.rb,puma-1w-3t,3,puma,1,3,7221,1000,5.003,5.0,1000,2932,2.002,2.0,5,true,7221,0,1443.308,3.068,4.266,21.799,23.783,210.888,100.523,100.523,69.18,20,20,63,multiprocess_sample_only,,
yjit-on/puma-response-array-1024kb/puma-1w-3t/repeat-3,yjit-on,true,puma-response-array-1024kb,puma-response-time-wrk,puma/benchmarks/local/response_time_wrk,https://github.com/puma/puma/blob/main/benchmarks/local/response_time_wrk.rb,puma-1w-3t,3,puma,1,3,4392,1000,5.004,5.0,1000,1770,2.005,2.0,5,true,4392,0,877.746,5.228,6.744,25.008,25.873,26.161,131.641,128.957,68.655,20,20,58,multiprocess_sample_only,,
yjit-on/puma-response-chunk-1024kb/puma-1w-3t/repeat-3,yjit-on,true,puma-response-chunk-1024kb,puma-response-time-wrk,puma/benchmarks/local/response_time_wrk,https://github.com/puma/puma/blob/main/benchmarks/local/response_time_wrk.rb,puma-1w-3t,3,puma,1,3,1087,1000,5.021,5.0,1000,1000,4.446,2.0,5,true,1087,0,216.512,22.95,27.396,29.036,29.627,34.312,112.207,112.203,68.32,20,20,43,multiprocess_sample_only,,
yjit-on/puma-response-string-1024kb/puma-1w-3t/repeat-3,yjit-on,true,puma-response-string-1024kb,puma-response-time-wrk,puma/benchmarks/local/response_time_wrk,https://github.com/puma/puma/blob/main/benchmarks/local/response_time_wrk.rb,puma-1w-3t,3,puma,1,3,4796,1000,5.004,5.0,1000,1935,2.004,2.0,5,true,4796,0,958.507,4.702,6.309,24.115,25.431,25.651,117.102,117.102,67.515,20,20,61,multiprocess_sample_only,,
yjit-on/puma-response-io-1024kb/puma-1w-3t/repeat-3,yjit-on,true,puma-response-io-1024kb,puma-response-time-wrk,puma/benchmarks/local/response_time_wrk,https://github.com/puma/puma/blob/main/benchmarks/local/response_time_wrk.rb,puma-1w-3t,3,puma,1,3,4654,1000,5.004,5.0,1000,1866,2.004,2.0,5,true,4654,0,930.083,4.814,6.286,25.142,27.564,28.527,117.164,117.164,66.335,20,20,61,multiprocess_sample_only,,
yjit-on/puma-response-array-2048kb/puma-1w-3t/repeat-3,yjit-on,true,puma-response-array-2048kb,puma-response-time-wrk,puma/benchmarks/local/response_time_wrk,https://github.com/puma/puma/blob/main/benchmarks/local/response_time_wrk.rb,puma-1w-3t,3,puma,1,3,2778,1000,5.008,5.0,1000,1108,2.008,2.0,5,true,2778,0,554.735,8.902,10.501,11.486,12.085,13.575,117.543,110.996,65.825,20,20,56,multiprocess_sample_only,,
yjit-on/puma-response-chunk-2048kb/puma-1w-3t/repeat-3,yjit-on,true,puma-response-chunk-2048kb,puma-response-time-wrk,puma/benchmarks/local/response_time_wrk,https://github.com/puma/puma/blob/main/benchmarks/local/response_time_wrk.rb,puma-1w-3t,3,puma,1,3,1000,1000,8.746,5.0,1000,1000,7.884,2.0,5,true,1000,0,114.338,43.449,51.139,53.238,56.997,57.324,115.336,113.07,65.615,20,20,55,multiprocess_sample_only,,
yjit-on/puma-response-string-2048kb/puma-1w-3t/repeat-3,yjit-on,true,puma-response-string-2048kb,puma-response-time-wrk,puma/benchmarks/local/response_time_wrk,https://github.com/puma/puma/blob/main/benchmarks/local/response_time_wrk.rb,puma-1w-3t,3,puma,1,3,2885,1000,5.008,5.0,1000,1194,2.006,2.0,5,true,2885,0,576.063,8.526,10.226,11.201,12.093,12.629,119.641,119.641,64.88,20,20,57,multiprocess_sample_only,,
yjit-on/puma-response-io-2048kb/puma-1w-3t/repeat-3,yjit-on,true,puma-response-io-2048kb,puma-response-time-wrk,puma/benchmarks/local/response_time_wrk,https://github.com/puma/puma/blob/main/benchmarks/local/response_time_wrk.rb,puma-1w-3t,3,puma,1,3,2972,1000,5.007,5.0,1000,1232,2.006,2.0,5,true,2972,0,593.578,8.242,9.713,10.617,28.261,28.996,119.652,119.652,63.645,20,20,57,multiprocess_sample_only,,
yjit-on/puma-long-tail-fib-200ms-x6p0/puma-1w-3t/repeat-3,yjit-on,true,puma-long-tail-fib-200ms-x6p0,puma-long-tail-hey,puma/benchmarks/local/long_tail_hey + test/rackup/sleep_fibonacci,https://github.com/puma/puma/blob/main/benchmarks/local/long_tail_hey.rb,puma-1w-3t,3,puma,1,3,360,360,51.178,5.0,360,360,51.184,2.0,18,true,360,0,7.034,2555.821,2612.293,2627.038,2637.936,2640.104,141.453,141.453,73.115,20,20,705,multiprocess_sample_only,,
yjit-on/puma-long-tail-fib-200ms-x4p0/puma-1w-3t/repeat-3,yjit-on,true,puma-long-tail-fib-200ms-x4p0,puma-long-tail-hey,puma/benchmarks/local/long_tail_hey + test/rackup/sleep_fibonacci,https://github.com/puma/puma/blob/main/benchmarks/local/long_tail_hey.rb,puma-1w-3t,3,puma,1,3,240,240,34.113,5.0,240,240,34.116,2.0,12,true,240,0,7.035,1702.257,1743.401,1754.33,1758.666,1758.775,141.344,141.344,79.0,20,20,471,multiprocess_sample_only,,
yjit-on/puma-long-tail-fib-200ms-x3p0/puma-1w-3t/repeat-3,yjit-on,true,puma-long-tail-fib-200ms-x3p0,puma-long-tail-hey,puma/benchmarks/local/long_tail_hey + test/rackup/sleep_fibonacci,https://github.com/puma/puma/blob/main/benchmarks/local/long_tail_hey.rb,puma-1w-3t,3,puma,1,3,180,180,25.578,5.0,180,180,25.587,2.0,9,true,180,0,7.037,1277.885,1313.562,1329.013,1330.37,1330.487,142.594,142.594,81.865,20,20,353,multiprocess_sample_only,,
yjit-on/puma-long-tail-fib-200ms-x2p0/puma-1w-3t/repeat-3,yjit-on,true,puma-long-tail-fib-200ms-x2p0,puma-long-tail-hey,puma/benchmarks/local/long_tail_hey + test/rackup/sleep_fibonacci,https://github.com/puma/puma/blob/main/benchmarks/local/long_tail_hey.rb,puma-1w-3t,3,puma,1,3,120,120,17.055,5.0,120,120,17.054,2.0,6,true,120,0,7.036,853.997,876.811,878.452,882.093,882.549,142.66,142.66,83.45,20,20,236,multiprocess_sample_only,,
yjit-on/puma-long-tail-fib-200ms-x1p5/puma-1w-3t/repeat-3,yjit-on,true,puma-long-tail-fib-200ms-x1p5,puma-long-tail-hey,puma/benchmarks/local/long_tail_hey + test/rackup/sleep_fibonacci,https://github.com/puma/puma/blob/main/benchmarks/local/long_tail_hey.rb,puma-1w-3t,3,puma,1,3,100,100,14.221,5.0,100,100,14.218,2.0,5,true,100,0,7.032,761.672,857.717,868.062,870.841,871.15,142.66,142.66,84.505,20,20,197,multiprocess_sample_only,,
yjit-on/puma-long-tail-fib-200ms-x1p0/puma-1w-3t/repeat-3,yjit-on,true,puma-long-tail-fib-200ms-x1p0,puma-long-tail-hey,puma/benchmarks/local/long_tail_hey + test/rackup/sleep_fibonacci,https://github.com/puma/puma/blob/main/benchmarks/local/long_tail_hey.rb,puma-1w-3t,3,puma,1,3,60,60,8.533,5.0,60,60,8.533,2.0,3,true,60,0,7.031,426.412,443.875,445.177,445.705,445.764,142.66,142.66,85.15,20,20,119,multiprocess_sample_only,,
yjit-on/puma-long-tail-fib-200ms-x0p5/puma-1w-3t/repeat-3,yjit-on,true,puma-long-tail-fib-200ms-x0p5,puma-long-tail-hey,puma/benchmarks/local/long_tail_hey + test/rackup/sleep_fibonacci,https://github.com/puma/puma/blob/main/benchmarks/local/long_tail_hey.rb,puma-1w-3t,3,puma,1,3,40,40,5.688,5.0,40,40,5.694,2.0,2,true,40,0,7.033,284.566,292.347,295.07,295.684,295.752,142.66,142.66,85.525,20,20,80,multiprocess_sample_only,,
yjit-on/puma-sleep-fibonacci-1ms/puma-1w-3t/repeat-3,yjit-on,true,puma-sleep-fibonacci-1ms,puma-sleep-fibonacci-test,puma/benchmarks/local/sleep_fibonacci_test + test/rackup/sleep_fibonacci,https://github.com/puma/puma/blob/main/benchmarks/local/sleep_fibonacci_test.rb,puma-1w-3t,3,puma,1,3,1674,10,5.002,5.0,10,671,2.001,2.0,1,true,1674,0,334.64,2.968,3.27,3.328,4.118,6.475,151.809,151.809,85.175,20,20,71,multiprocess_sample_only,,
yjit-on/puma-sleep-fibonacci-5ms/puma-1w-3t/repeat-3,yjit-on,true,puma-sleep-fibonacci-5ms,puma-sleep-fibonacci-test,puma/benchmarks/local/sleep_fibonacci_test + test/rackup/sleep_fibonacci,https://github.com/puma/puma/blob/main/benchmarks/local/sleep_fibonacci_test.rb,puma-1w-3t,3,puma,1,3,511,10,5.004,5.0,10,207,2.003,2.0,1,true,511,0,102.109,9.771,10.483,10.907,11.384,11.533,151.809,151.809,84.58,20,20,71,multiprocess_sample_only,,
yjit-on/puma-sleep-fibonacci-10ms/puma-1w-3t/repeat-3,yjit-on,true,puma-sleep-fibonacci-10ms,puma-sleep-fibonacci-test,puma/benchmarks/local/sleep_fibonacci_test + test/rackup/sleep_fibonacci,https://github.com/puma/puma/blob/main/benchmarks/local/sleep_fibonacci_test.rb,puma-1w-3t,3,puma,1,3,354,10,5.007,5.0,10,141,2.008,2.0,1,true,354,0,70.707,14.191,14.407,14.598,15.195,15.428,151.809,151.809,84.135,20,20,71,multiprocess_sample_only,,
yjit-on/puma-sleep-fibonacci-50ms/puma-1w-3t/repeat-3,yjit-on,true,puma-sleep-fibonacci-50ms,puma-sleep-fibonacci-test,puma/benchmarks/local/sleep_fibonacci_test + test/rackup/sleep_fibonacci,https://github.com/puma/puma/blob/main/benchmarks/local/sleep_fibonacci_test.rb,puma-1w-3t,3,puma,1,3,100,10,5.046,5.0,10,40,2.02,2.0,1,true,100,0,19.819,50.39,50.593,50.781,50.909,50.923,151.809,151.809,83.9,20,20,72,multiprocess_sample_only,,
yjit-on/puma-sleep-fibonacci-100ms/puma-1w-3t/repeat-3,yjit-on,true,puma-sleep-fibonacci-100ms,puma-sleep-fibonacci-test,puma/benchmarks/local/sleep_fibonacci_test + test/rackup/sleep_fibonacci,https://github.com/puma/puma/blob/main/benchmarks/local/sleep_fibonacci_test.rb,puma-1w-3t,3,puma,1,3,50,10,5.028,5.0,10,20,2.011,2.0,1,true,50,0,9.944,100.493,100.591,100.67,100.688,100.69,151.809,151.809,83.735,20,20,72,multiprocess_sample_only,,
yjit-on/puma-sleep-fibonacci-200ms/puma-1w-3t/repeat-3,yjit-on,true,puma-sleep-fibonacci-200ms,puma-sleep-fibonacci-test,puma/benchmarks/local/sleep_fibonacci_test + test/rackup/sleep_fibonacci,https://github.com/puma/puma/blob/main/benchmarks/local/sleep_fibonacci_test.rb,puma-1w-3t,3,puma,1,3,25,10,5.015,5.0,10,10,2.007,2.0,1,true,25,0,4.985,200.507,200.572,200.716,200.756,200.761,151.809,151.809,83.555,20,20,72,multiprocess_sample_only,,
