run_id,runtime,yjit,scenario,scenario_family,benchmark_source,benchmark_source_url,server,server_capacity,adapter,workers,threads,requests,target_requests,duration_s,min_duration_s,target_warmup_requests,warmup_requests,warmup_duration_s,warmup_min_duration_s,concurrency,keep_alive,completed,errors,achieved_rps,p50_ms,p95_ms,p99_ms,p999_ms,max_ms,rss_mb_peak,rss_mb_end,cpu_pct_avg,target_sample_count,sample_count,raw_sample_count,gc_delta_scope,gc_count_delta,total_allocated_objects_delta
yjit-off/puma-response-array-1kb/raptor-3r/repeat-1,yjit-off,false,puma-response-array-1kb,puma-response-time-wrk,puma/benchmarks/local/response_time_wrk,https://github.com/puma/puma/blob/main/benchmarks/local/response_time_wrk.rb,raptor-3r,3,raptor,3,,1000,1000,16.137,5.0,1000,1000,16.099,2.0,5,true,1000,0,61.971,41.001,41.988,42.945,4034.965,4037.426,29.504,29.504,3.335,20,20,226,same_worker,15,719310
yjit-off/puma-response-chunk-1kb/raptor-3r/repeat-1,yjit-off,false,puma-response-chunk-1kb,puma-response-time-wrk,puma/benchmarks/local/response_time_wrk,https://github.com/puma/puma/blob/main/benchmarks/local/response_time_wrk.rb,raptor-3r,3,raptor,3,,1000,1000,16.133,5.0,1000,1000,16.094,2.0,5,true,1000,0,61.986,40.993,41.986,42.55,4032.903,4034.427,30.082,30.082,2.74,20,20,226,same_worker,14,716650
yjit-off/puma-response-string-1kb/raptor-3r/repeat-1,yjit-off,false,puma-response-string-1kb,puma-response-time-wrk,puma/benchmarks/local/response_time_wrk,https://github.com/puma/puma/blob/main/benchmarks/local/response_time_wrk.rb,raptor-3r,3,raptor,3,,1000,1000,16.124,5.0,1000,1000,16.093,2.0,5,true,1000,0,62.019,40.995,41.969,42.34,4028.333,4035.369,30.082,30.082,2.59,20,20,226,same_worker,14,719305
yjit-off/puma-response-io-1kb/raptor-3r/repeat-1,yjit-off,false,puma-response-io-1kb,puma-response-time-wrk,puma/benchmarks/local/response_time_wrk,https://github.com/puma/puma/blob/main/benchmarks/local/response_time_wrk.rb,raptor-3r,3,raptor,3,,1000,1000,16.125,5.0,1000,1000,16.098,2.0,5,true,1000,0,62.014,40.99,41.973,42.397,4032.165,4032.541,30.141,30.141,2.505,20,20,227,same_worker,14,726080
yjit-off/puma-response-array-10kb/raptor-3r/repeat-1,yjit-off,false,puma-response-array-10kb,puma-response-time-wrk,puma/benchmarks/local/response_time_wrk,https://github.com/puma/puma/blob/main/benchmarks/local/response_time_wrk.rb,raptor-3r,3,raptor,3,,1000,1000,16.124,5.0,1000,1000,16.084,2.0,5,true,1000,0,62.017,40.996,41.965,42.402,4028.913,4032.73,30.141,30.141,2.5,20,20,227,same_worker,14,720561
yjit-off/puma-response-chunk-10kb/raptor-3r/repeat-1,yjit-off,false,puma-response-chunk-10kb,puma-response-time-wrk,puma/benchmarks/local/response_time_wrk,https://github.com/puma/puma/blob/main/benchmarks/local/response_time_wrk.rb,raptor-3r,3,raptor,3,,1000,1000,16.121,5.0,1000,1000,16.088,2.0,5,true,1000,0,62.029,40.992,41.978,42.305,4036.42,4063.73,30.141,30.141,2.5,20,20,227,same_worker,15,716303
yjit-off/puma-response-string-10kb/raptor-3r/repeat-1,yjit-off,false,puma-response-string-10kb,puma-response-time-wrk,puma/benchmarks/local/response_time_wrk,https://github.com/puma/puma/blob/main/benchmarks/local/response_time_wrk.rb,raptor-3r,3,raptor,3,,1000,1000,16.128,5.0,1000,1000,16.086,2.0,5,true,1000,0,62.004,40.992,41.988,42.47,4031.342,4034.042,30.219,30.219,2.495,20,20,227,same_worker,15,719309
yjit-off/puma-response-io-10kb/raptor-3r/repeat-1,yjit-off,false,puma-response-io-10kb,puma-response-time-wrk,puma/benchmarks/local/response_time_wrk,https://github.com/puma/puma/blob/main/benchmarks/local/response_time_wrk.rb,raptor-3r,3,raptor,3,,1000,1000,16.131,5.0,1000,1000,16.087,2.0,5,true,1000,0,61.993,40.993,41.985,42.382,4036.078,4036.209,31.141,31.141,2.5,20,20,227,same_worker,15,745311
yjit-off/puma-response-array-100kb/raptor-3r/repeat-1,yjit-off,false,puma-response-array-100kb,puma-response-time-wrk,puma/benchmarks/local/response_time_wrk,https://github.com/puma/puma/blob/main/benchmarks/local/response_time_wrk.rb,raptor-3r,3,raptor,3,,1000,1000,15.292,5.0,1000,1000,13.997,2.0,5,true,1000,0,65.393,40.981,41.971,42.005,3756.154,3919.952,31.141,31.141,2.62,20,20,215,same_worker,15,720502
yjit-off/puma-response-chunk-100kb/raptor-3r/repeat-1,yjit-off,false,puma-response-chunk-100kb,puma-response-time-wrk,puma/benchmarks/local/response_time_wrk,https://github.com/puma/puma/blob/main/benchmarks/local/response_time_wrk.rb,raptor-3r,3,raptor,3,,1000,1000,15.5,5.0,1000,1000,13.475,2.0,5,true,1000,0,64.517,40.984,41.975,42.557,3831.937,3910.277,31.141,31.141,2.78,20,20,218,same_worker,14,717951
yjit-off/puma-response-string-100kb/raptor-3r/repeat-1,yjit-off,false,puma-response-string-100kb,puma-response-time-wrk,puma/benchmarks/local/response_time_wrk,https://github.com/puma/puma/blob/main/benchmarks/local/response_time_wrk.rb,raptor-3r,3,raptor,3,,12257,1000,5.002,5.0,1000,5114,2.002,2.0,5,true,12257,0,2450.571,1.133,1.875,8.501,118.538,129.055,31.18,31.18,4.075,20,20,67,same_worker,176,8814489
yjit-off/puma-response-io-100kb/raptor-3r/repeat-1,yjit-off,false,puma-response-io-100kb,puma-response-time-wrk,puma/benchmarks/local/response_time_wrk,https://github.com/puma/puma/blob/main/benchmarks/local/response_time_wrk.rb,raptor-3r,3,raptor,3,,1000,1000,15.521,5.0,1000,1000,15.069,2.0,5,true,1000,0,64.431,40.987,41.983,42.942,3842.682,3973.717,41.813,41.813,4.8,20,20,218,same_worker,18,925321
yjit-off/puma-response-array-256kb/raptor-3r/repeat-1,yjit-off,false,puma-response-array-256kb,puma-response-time-wrk,puma/benchmarks/local/response_time_wrk,https://github.com/puma/puma/blob/main/benchmarks/local/response_time_wrk.rb,raptor-3r,3,raptor,3,,1000,1000,14.38,5.0,1000,1000,13.419,2.0,5,true,1000,0,69.543,41.92,42.176,43.004,3548.045,3613.692,41.836,41.836,4.915,20,20,202,same_worker,14,720341
yjit-off/puma-response-chunk-256kb/raptor-3r/repeat-1,yjit-off,false,puma-response-chunk-256kb,puma-response-time-wrk,puma/benchmarks/local/response_time_wrk,https://github.com/puma/puma/blob/main/benchmarks/local/response_time_wrk.rb,raptor-3r,3,raptor,3,,1000,1000,15.34,5.0,1000,1000,14.543,2.0,5,true,1000,0,65.19,41.95,42.338,43.014,3820.567,3910.681,41.836,41.836,5.07,20,20,215,same_worker,14,716287
yjit-off/puma-response-string-256kb/raptor-3r/repeat-1,yjit-off,false,puma-response-string-256kb,puma-response-time-wrk,puma/benchmarks/local/response_time_wrk,https://github.com/puma/puma/blob/main/benchmarks/local/response_time_wrk.rb,raptor-3r,3,raptor,3,,10024,1000,5.002,5.0,1000,3875,2.04,2.0,5,true,10024,0,2003.868,1.409,2.257,15.337,146.939,157.601,41.836,41.836,5.95,20,20,66,same_worker,144,7207770
yjit-off/puma-response-io-256kb/raptor-3r/repeat-1,yjit-off,false,puma-response-io-256kb,puma-response-time-wrk,puma/benchmarks/local/response_time_wrk,https://github.com/puma/puma/blob/main/benchmarks/local/response_time_wrk.rb,raptor-3r,3,raptor,3,,1000,1000,15.699,5.0,1000,1000,14.857,2.0,5,true,1000,0,63.698,41.974,42.941,43.04,3960.852,3965.962,55.676,55.676,6.5,20,20,220,same_worker,26,1235948
yjit-off/puma-response-array-512kb/raptor-3r/repeat-1,yjit-off,false,puma-response-array-512kb,puma-response-time-wrk,puma/benchmarks/local/response_time_wrk,https://github.com/puma/puma/blob/main/benchmarks/local/response_time_wrk.rb,raptor-3r,3,raptor,3,,1000,1000,15.323,5.0,1000,1000,15.726,2.0,5,true,1000,0,65.26,41.993,43.089,44.002,3698.239,3861.176,55.676,55.676,6.755,20,20,215,same_worker,15,719304
yjit-off/puma-response-chunk-512kb/raptor-3r/repeat-1,yjit-off,false,puma-response-chunk-512kb,puma-response-time-wrk,puma/benchmarks/local/response_time_wrk,https://github.com/puma/puma/blob/main/benchmarks/local/response_time_wrk.rb,raptor-3r,3,raptor,3,,1000,1000,16.033,5.0,1000,1000,15.848,2.0,5,true,1000,0,62.372,41.995,43.029,43.976,4001.933,4035.411,55.676,55.676,7.0,20,20,225,same_worker,14,716301
yjit-off/puma-response-string-512kb/raptor-3r/repeat-1,yjit-off,false,puma-response-string-512kb,puma-response-time-wrk,puma/benchmarks/local/response_time_wrk,https://github.com/puma/puma/blob/main/benchmarks/local/response_time_wrk.rb,raptor-3r,3,raptor,3,,6782,1000,5.004,5.0,1000,2819,2.003,2.0,5,true,6782,0,1355.39,2.039,3.484,10.938,226.051,234.891,55.676,55.676,7.545,20,20,65,same_worker,97,4876967
yjit-off/puma-response-io-512kb/raptor-3r/repeat-1,yjit-off,false,puma-response-io-512kb,puma-response-time-wrk,puma/benchmarks/local/response_time_wrk,https://github.com/puma/puma/blob/main/benchmarks/local/response_time_wrk.rb,raptor-3r,3,raptor,3,,1000,1000,15.765,5.0,1000,1000,15.984,2.0,5,true,1000,0,63.431,42.938,43.883,44.142,4006.724,4019.967,65.543,65.543,8.075,20,20,221,same_worker,38,1748159
yjit-off/puma-response-array-1024kb/raptor-3r/repeat-1,yjit-off,false,puma-response-array-1024kb,puma-response-time-wrk,puma/benchmarks/local/response_time_wrk,https://github.com/puma/puma/blob/main/benchmarks/local/response_time_wrk.rb,raptor-3r,3,raptor,3,,1000,1000,15.039,5.0,1000,1000,16.009,2.0,5,true,1000,0,66.495,43.77,44.995,46.023,3629.53,3821.197,65.543,65.543,8.66,20,20,210,same_worker,14,718418
yjit-off/puma-response-chunk-1024kb/raptor-3r/repeat-1,yjit-off,false,puma-response-chunk-1024kb,puma-response-time-wrk,puma/benchmarks/local/response_time_wrk,https://github.com/puma/puma/blob/main/benchmarks/local/response_time_wrk.rb,raptor-3r,3,raptor,3,,1000,1000,15.938,5.0,1000,1000,15.353,2.0,5,true,1000,0,62.745,43.34,44.961,45.859,3889.589,3906.627,65.543,65.543,9.225,20,20,223,same_worker,15,716309
yjit-off/puma-response-string-1024kb/raptor-3r/repeat-1,yjit-off,false,puma-response-string-1024kb,puma-response-time-wrk,puma/benchmarks/local/response_time_wrk,https://github.com/puma/puma/blob/main/benchmarks/local/response_time_wrk.rb,raptor-3r,3,raptor,3,,4807,1000,5.005,5.0,1000,2000,2.004,2.0,5,true,4807,0,960.395,2.854,5.023,12.726,314.013,340.46,65.543,65.543,9.625,20,20,64,same_worker,71,3456017
yjit-off/puma-response-io-1024kb/raptor-3r/repeat-1,yjit-off,false,puma-response-io-1024kb,puma-response-time-wrk,puma/benchmarks/local/response_time_wrk,https://github.com/puma/puma/blob/main/benchmarks/local/response_time_wrk.rb,raptor-3r,3,raptor,3,,1000,1000,15.987,5.0,1000,1000,16.521,2.0,5,true,1000,0,62.552,44.073,46.062,47.754,3906.675,3995.098,75.613,75.613,10.365,20,20,223,same_worker,65,2771787
yjit-off/puma-response-array-2048kb/raptor-3r/repeat-1,yjit-off,false,puma-response-array-2048kb,puma-response-time-wrk,puma/benchmarks/local/response_time_wrk,https://github.com/puma/puma/blob/main/benchmarks/local/response_time_wrk.rb,raptor-3r,3,raptor,3,,1000,1000,16.534,5.0,1000,1000,17.173,2.0,5,true,1000,0,60.481,46.92,48.206,50.43,4117.692,4178.929,75.613,75.613,11.495,20,20,230,same_worker,15,718572
yjit-off/puma-response-chunk-2048kb/raptor-3r/repeat-1,yjit-off,false,puma-response-chunk-2048kb,puma-response-time-wrk,puma/benchmarks/local/response_time_wrk,https://github.com/puma/puma/blob/main/benchmarks/local/response_time_wrk.rb,raptor-3r,3,raptor,3,,1000,1000,15.945,5.0,1000,1000,17.375,2.0,5,true,1000,0,62.715,46.921,48.969,51.867,3704.788,4333.809,75.613,75.613,12.62,20,20,221,same_worker,15,716305
yjit-off/puma-response-string-2048kb/raptor-3r/repeat-1,yjit-off,false,puma-response-string-2048kb,puma-response-time-wrk,puma/benchmarks/local/response_time_wrk,https://github.com/puma/puma/blob/main/benchmarks/local/response_time_wrk.rb,raptor-3r,3,raptor,3,,3048,1000,5.007,5.0,1000,1279,2.007,2.0,5,true,3048,0,608.731,4.784,6.659,12.238,493.26,509.573,75.781,75.781,13.015,20,20,61,same_worker,45,2192593
yjit-off/puma-response-io-2048kb/raptor-3r/repeat-1,yjit-off,false,puma-response-io-2048kb,puma-response-time-wrk,puma/benchmarks/local/response_time_wrk,https://github.com/puma/puma/blob/main/benchmarks/local/response_time_wrk.rb,raptor-3r,3,raptor,3,,1000,1000,17.681,5.0,1000,1000,18.11,2.0,5,true,1000,0,56.558,47.978,50.912,52.82,4410.552,4483.982,84.496,84.496,14.16,20,20,246,same_worker,121,4821047
yjit-off/puma-long-tail-fib-200ms-x6p0/raptor-3r/repeat-1,yjit-off,false,puma-long-tail-fib-200ms-x6p0,puma-long-tail-hey,puma/benchmarks/local/long_tail_hey + test/rackup/sleep_fibonacci,https://github.com/puma/puma/blob/main/benchmarks/local/long_tail_hey.rb,raptor-3r,3,raptor,3,,363,360,28.998,5.0,360,360,28.759,2.0,18,true,363,0,12.518,241.683,242.967,19606.064,24400.567,24400.704,84.922,84.922,23.07,20,20,398,same_worker,1,64548
yjit-off/puma-long-tail-fib-200ms-x4p0/raptor-3r/repeat-1,yjit-off,false,puma-long-tail-fib-200ms-x4p0,puma-long-tail-hey,puma/benchmarks/local/long_tail_hey + test/rackup/sleep_fibonacci,https://github.com/puma/puma/blob/main/benchmarks/local/long_tail_hey.rb,raptor-3r,3,raptor,3,,243,240,19.415,5.0,240,240,19.176,2.0,12,true,243,0,12.516,241.726,242.952,12800.984,14813.442,14813.527,84.949,84.949,30.885,20,20,267,same_worker,1,43365
yjit-off/puma-long-tail-fib-200ms-x3p0/raptor-3r/repeat-1,yjit-off,false,puma-long-tail-fib-200ms-x3p0,puma-long-tail-hey,puma/benchmarks/local/long_tail_hey + test/rackup/sleep_fibonacci,https://github.com/puma/puma/blob/main/benchmarks/local/long_tail_hey.rb,raptor-3r,3,raptor,3,,183,180,14.626,5.0,180,180,14.381,2.0,9,true,183,0,12.512,241.81,242.961,10023.89,10025.263,10025.322,84.965,84.965,36.065,20,20,202,same_worker,1,33715
yjit-off/puma-long-tail-fib-200ms-x2p0/raptor-3r/repeat-1,yjit-off,false,puma-long-tail-fib-200ms-x2p0,puma-long-tail-hey,puma/benchmarks/local/long_tail_hey + test/rackup/sleep_fibonacci,https://github.com/puma/puma/blob/main/benchmarks/local/long_tail_hey.rb,raptor-3r,3,raptor,3,,123,120,9.826,5.0,120,120,9.585,2.0,6,true,123,0,12.518,241.591,242.536,5229.944,5231.084,5231.236,84.977,84.977,39.425,20,20,136,same_worker,0,20631
yjit-off/puma-long-tail-fib-200ms-x1p5/raptor-3r/repeat-1,yjit-off,false,puma-long-tail-fib-200ms-x1p5,puma-long-tail-hey,puma/benchmarks/local/long_tail_hey + test/rackup/sleep_fibonacci,https://github.com/puma/puma/blob/main/benchmarks/local/long_tail_hey.rb,raptor-3r,3,raptor,3,,103,100,9.826,5.0,100,100,9.583,2.0,5,true,103,0,10.483,241.699,242.477,5132.356,5232.204,5232.216,85.105,85.105,41.925,20,20,137,same_worker,0,17206
yjit-off/puma-long-tail-fib-200ms-x1p0/raptor-3r/repeat-1,yjit-off,false,puma-long-tail-fib-200ms-x1p0,puma-long-tail-hey,puma/benchmarks/local/long_tail_hey + test/rackup/sleep_fibonacci,https://github.com/puma/puma/blob/main/benchmarks/local/long_tail_hey.rb,raptor-3r,3,raptor,3,,63,60,5.036,5.0,60,60,4.795,2.0,3,true,63,0,12.51,241.728,242.43,242.896,242.914,242.916,85.113,85.113,43.435,20,20,70,same_worker,1,13571
yjit-off/puma-long-tail-fib-200ms-x0p5/raptor-3r/repeat-1,yjit-off,false,puma-long-tail-fib-200ms-x0p5,puma-long-tail-hey,puma/benchmarks/local/long_tail_hey + test/rackup/sleep_fibonacci,https://github.com/puma/puma/blob/main/benchmarks/local/long_tail_hey.rb,raptor-3r,3,raptor,3,,42,40,5.034,5.0,40,40,4.791,2.0,2,true,42,0,8.344,241.742,242.284,242.64,242.862,242.887,85.113,85.113,44.365,20,20,71,same_worker,0,6960
yjit-off/puma-sleep-fibonacci-1ms/raptor-3r/repeat-1,yjit-off,false,puma-sleep-fibonacci-1ms,puma-sleep-fibonacci-test,puma/benchmarks/local/sleep_fibonacci_test + test/rackup/sleep_fibonacci,https://github.com/puma/puma/blob/main/benchmarks/local/sleep_fibonacci_test.rb,raptor-3r,3,raptor,3,,122,10,5.006,5.0,10,49,2.019,2.0,1,true,122,0,24.371,41.974,42.075,42.99,42.993,42.994,85.141,85.141,44.35,20,20,72,same_worker,0,21673
yjit-off/puma-sleep-fibonacci-5ms/raptor-3r/repeat-1,yjit-off,false,puma-sleep-fibonacci-5ms,puma-sleep-fibonacci-test,puma/benchmarks/local/sleep_fibonacci_test + test/rackup/sleep_fibonacci,https://github.com/puma/puma/blob/main/benchmarks/local/sleep_fibonacci_test.rb,raptor-3r,3,raptor,3,,109,10,5.008,5.0,10,45,2.038,2.0,1,true,109,0,21.767,46.985,47.964,48.001,48.174,48.195,85.18,85.18,44.07,20,20,72,same_worker,0,16501
yjit-off/puma-sleep-fibonacci-10ms/raptor-3r/repeat-1,yjit-off,false,puma-sleep-fibonacci-10ms,puma-sleep-fibonacci-test,puma/benchmarks/local/sleep_fibonacci_test + test/rackup/sleep_fibonacci,https://github.com/puma/puma/blob/main/benchmarks/local/sleep_fibonacci_test.rb,raptor-3r,3,raptor,3,,99,10,5.02,5.0,10,40,2.018,2.0,1,true,99,0,19.722,50.986,51.946,51.971,52.006,52.01,85.324,85.324,43.845,20,20,72,same_worker,1,19126
yjit-off/puma-sleep-fibonacci-50ms/raptor-3r/repeat-1,yjit-off,false,puma-sleep-fibonacci-50ms,puma-sleep-fibonacci-test,puma/benchmarks/local/sleep_fibonacci_test + test/rackup/sleep_fibonacci,https://github.com/puma/puma/blob/main/benchmarks/local/sleep_fibonacci_test.rb,raptor-3r,3,raptor,3,,56,10,5.092,5.0,10,23,2.059,2.0,1,true,56,0,10.998,91.888,92.097,92.935,92.958,92.96,85.324,85.324,43.735,20,20,72,same_worker,0,8315
yjit-off/puma-sleep-fibonacci-100ms/raptor-3r/repeat-1,yjit-off,false,puma-sleep-fibonacci-100ms,puma-sleep-fibonacci-test,puma/benchmarks/local/sleep_fibonacci_test + test/rackup/sleep_fibonacci,https://github.com/puma/puma/blob/main/benchmarks/local/sleep_fibonacci_test.rb,raptor-3r,3,raptor,3,,36,10,5.058,5.0,10,15,2.084,2.0,1,true,36,0,7.118,141.936,141.999,142.013,142.016,142.017,85.328,85.328,43.8,20,20,72,same_worker,0,5283
yjit-off/puma-sleep-fibonacci-200ms/raptor-3r/repeat-1,yjit-off,false,puma-sleep-fibonacci-200ms,puma-sleep-fibonacci-test,puma/benchmarks/local/sleep_fibonacci_test + test/rackup/sleep_fibonacci,https://github.com/puma/puma/blob/main/benchmarks/local/sleep_fibonacci_test.rb,raptor-3r,3,raptor,3,,21,10,5.035,5.0,10,10,2.377,2.0,1,true,21,0,4.171,241.946,242.024,242.768,242.936,242.954,85.328,85.328,43.875,20,20,72,same_worker,0,3888
yjit-off/puma-response-array-1kb/raptor-3r/repeat-2,yjit-off,false,puma-response-array-1kb,puma-response-time-wrk,puma/benchmarks/local/response_time_wrk,https://github.com/puma/puma/blob/main/benchmarks/local/response_time_wrk.rb,raptor-3r,3,raptor,3,,1000,1000,16.127,5.0,1000,1000,16.088,2.0,5,true,1000,0,62.009,40.994,41.976,42.298,4032.897,4034.521,29.0,29.0,3.36,20,20,228,same_worker,16,720616
yjit-off/puma-response-chunk-1kb/raptor-3r/repeat-2,yjit-off,false,puma-response-chunk-1kb,puma-response-time-wrk,puma/benchmarks/local/response_time_wrk,https://github.com/puma/puma/blob/main/benchmarks/local/response_time_wrk.rb,raptor-3r,3,raptor,3,,1000,1000,16.133,5.0,1000,1000,16.086,2.0,5,true,1000,0,61.986,40.996,41.986,42.415,4034.114,4037.846,29.391,29.391,2.71,20,20,228,same_worker,17,716324
yjit-off/puma-response-string-1kb/raptor-3r/repeat-2,yjit-off,false,puma-response-string-1kb,puma-response-time-wrk,puma/benchmarks/local/response_time_wrk,https://github.com/puma/puma/blob/main/benchmarks/local/response_time_wrk.rb,raptor-3r,3,raptor,3,,1000,1000,16.119,5.0,1000,1000,16.087,2.0,5,true,1000,0,62.04,40.988,41.966,42.248,4029.36,4035.027,29.395,29.395,2.585,20,20,227,same_worker,16,719899
yjit-off/puma-response-io-1kb/raptor-3r/repeat-2,yjit-off,false,puma-response-io-1kb,puma-response-time-wrk,puma/benchmarks/local/response_time_wrk,https://github.com/puma/puma/blob/main/benchmarks/local/response_time_wrk.rb,raptor-3r,3,raptor,3,,1000,1000,16.118,5.0,1000,1000,16.085,2.0,5,true,1000,0,62.042,40.99,41.962,42.357,4030.941,4031.625,29.43,29.43,2.505,20,20,227,same_worker,16,729187
yjit-off/puma-response-array-10kb/raptor-3r/repeat-2,yjit-off,false,puma-response-array-10kb,puma-response-time-wrk,puma/benchmarks/local/response_time_wrk,https://github.com/puma/puma/blob/main/benchmarks/local/response_time_wrk.rb,raptor-3r,3,raptor,3,,1000,1000,16.125,5.0,1000,1000,16.086,2.0,5,true,1000,0,62.014,40.992,41.982,42.494,4034.91,4034.945,29.57,29.57,2.5,20,20,228,same_worker,15,719314
yjit-off/puma-response-chunk-10kb/raptor-3r/repeat-2,yjit-off,false,puma-response-chunk-10kb,puma-response-time-wrk,puma/benchmarks/local/response_time_wrk,https://github.com/puma/puma/blob/main/benchmarks/local/response_time_wrk.rb,raptor-3r,3,raptor,3,,1000,1000,16.13,5.0,1000,1000,16.083,2.0,5,true,1000,0,61.994,40.993,41.979,42.383,4034.099,4036.617,29.676,29.676,2.5,20,20,228,same_worker,16,717619
yjit-off/puma-response-string-10kb/raptor-3r/repeat-2,yjit-off,false,puma-response-string-10kb,puma-response-time-wrk,puma/benchmarks/local/response_time_wrk,https://github.com/puma/puma/blob/main/benchmarks/local/response_time_wrk.rb,raptor-3r,3,raptor,3,,1000,1000,16.124,5.0,1000,1000,16.084,2.0,5,true,1000,0,62.019,40.988,41.98,42.246,4031.333,4031.478,29.695,29.695,2.495,20,20,227,same_worker,16,719313
yjit-off/puma-response-io-10kb/raptor-3r/repeat-2,yjit-off,false,puma-response-io-10kb,puma-response-time-wrk,puma/benchmarks/local/response_time_wrk,https://github.com/puma/puma/blob/main/benchmarks/local/response_time_wrk.rb,raptor-3r,3,raptor,3,,1000,1000,16.122,5.0,1000,1000,16.086,2.0,5,true,1000,0,62.025,40.992,41.975,42.223,4030.751,4032.579,30.742,30.742,2.5,20,20,227,same_worker,17,744372
yjit-off/puma-response-array-100kb/raptor-3r/repeat-2,yjit-off,false,puma-response-array-100kb,puma-response-time-wrk,puma/benchmarks/local/response_time_wrk,https://github.com/puma/puma/blob/main/benchmarks/local/response_time_wrk.rb,raptor-3r,3,raptor,3,,1000,1000,15.421,5.0,1000,1000,15.235,2.0,5,true,1000,0,64.849,40.981,41.971,42.188,3914.042,3918.482,30.742,30.742,2.61,20,20,217,same_worker,16,719311
yjit-off/puma-response-chunk-100kb/raptor-3r/repeat-2,yjit-off,false,puma-response-chunk-100kb,puma-response-time-wrk,puma/benchmarks/local/response_time_wrk,https://github.com/puma/puma/blob/main/benchmarks/local/response_time_wrk.rb,raptor-3r,3,raptor,3,,1000,1000,15.295,5.0,1000,1000,13.835,2.0,5,true,1000,0,65.382,40.979,41.971,42.282,3912.015,3947.826,30.848,30.848,2.785,20,20,215,same_worker,15,715997
yjit-off/puma-response-string-100kb/raptor-3r/repeat-2,yjit-off,false,puma-response-string-100kb,puma-response-time-wrk,puma/benchmarks/local/response_time_wrk,https://github.com/puma/puma/blob/main/benchmarks/local/response_time_wrk.rb,raptor-3r,3,raptor,3,,12200,1000,5.002,5.0,1000,5210,2.002,2.0,5,true,12200,0,2439.194,1.134,1.93,5.754,123.72,138.107,30.938,30.938,4.075,20,20,67,same_worker,193,8771758
yjit-off/puma-response-io-100kb/raptor-3r/repeat-2,yjit-off,false,puma-response-io-100kb,puma-response-time-wrk,puma/benchmarks/local/response_time_wrk,https://github.com/puma/puma/blob/main/benchmarks/local/response_time_wrk.rb,raptor-3r,3,raptor,3,,1000,1000,15.397,5.0,1000,1000,13.141,2.0,5,true,1000,0,64.947,40.988,41.976,42.245,3846.643,3853.094,40.363,40.363,4.8,20,20,217,same_worker,22,925057
yjit-off/puma-response-array-256kb/raptor-3r/repeat-2,yjit-off,false,puma-response-array-256kb,puma-response-time-wrk,puma/benchmarks/local/response_time_wrk,https://github.com/puma/puma/blob/main/benchmarks/local/response_time_wrk.rb,raptor-3r,3,raptor,3,,1000,1000,14.729,5.0,1000,1000,12.986,2.0,5,true,1000,0,67.891,41.938,42.27,43.204,3776.433,3866.05,40.363,40.363,4.955,20,20,207,same_worker,16,719313
yjit-off/puma-response-chunk-256kb/raptor-3r/repeat-2,yjit-off,false,puma-response-chunk-256kb,puma-response-time-wrk,puma/benchmarks/local/response_time_wrk,https://github.com/puma/puma/blob/main/benchmarks/local/response_time_wrk.rb,raptor-3r,3,raptor,3,,1000,1000,15.415,5.0,1000,1000,14.493,2.0,5,true,1000,0,64.87,41.949,42.393,43.033,3891.894,4029.562,40.363,40.363,5.095,20,20,217,same_worker,16,717708
yjit-off/puma-response-string-256kb/raptor-3r/repeat-2,yjit-off,false,puma-response-string-256kb,puma-response-time-wrk,puma/benchmarks/local/response_time_wrk,https://github.com/puma/puma/blob/main/benchmarks/local/response_time_wrk.rb,raptor-3r,3,raptor,3,,9195,1000,5.003,5.0,1000,3751,2.002,2.0,5,true,9195,0,1838.05,1.544,2.46,11.721,161.065,179.38,40.363,40.363,5.92,20,20,66,same_worker,147,6611627
yjit-off/puma-response-io-256kb/raptor-3r/repeat-2,yjit-off,false,puma-response-io-256kb,puma-response-time-wrk,puma/benchmarks/local/response_time_wrk,https://github.com/puma/puma/blob/main/benchmarks/local/response_time_wrk.rb,raptor-3r,3,raptor,3,,1000,1000,15.44,5.0,1000,1000,15.753,2.0,5,true,1000,0,64.769,41.975,42.749,43.124,3878.996,4084.214,50.934,50.934,6.455,20,20,217,same_worker,30,1236603
yjit-off/puma-response-array-512kb/raptor-3r/repeat-2,yjit-off,false,puma-response-array-512kb,puma-response-time-wrk,puma/benchmarks/local/response_time_wrk,https://github.com/puma/puma/blob/main/benchmarks/local/response_time_wrk.rb,raptor-3r,3,raptor,3,,1000,1000,14.9,5.0,1000,1000,15.365,2.0,5,true,1000,0,67.116,42.01,43.162,44.363,3700.74,3887.6,50.934,50.934,6.72,20,20,209,same_worker,16,720999
yjit-off/puma-response-chunk-512kb/raptor-3r/repeat-2,yjit-off,false,puma-response-chunk-512kb,puma-response-time-wrk,puma/benchmarks/local/response_time_wrk,https://github.com/puma/puma/blob/main/benchmarks/local/response_time_wrk.rb,raptor-3r,3,raptor,3,,1000,1000,14.264,5.0,1000,1000,15.695,2.0,5,true,1000,0,70.109,42.01,43.279,44.757,3662.556,3771.948,50.934,50.934,6.985,20,20,200,same_worker,17,715684
yjit-off/puma-response-string-512kb/raptor-3r/repeat-2,yjit-off,false,puma-response-string-512kb,puma-response-time-wrk,puma/benchmarks/local/response_time_wrk,https://github.com/puma/puma/blob/main/benchmarks/local/response_time_wrk.rb,raptor-3r,3,raptor,3,,6863,1000,5.003,5.0,1000,2801,2.003,2.0,5,true,6863,0,1371.758,2.024,3.382,11.704,227.608,253.43,50.934,50.934,7.535,20,20,65,same_worker,112,4935411
yjit-off/puma-response-io-512kb/raptor-3r/repeat-2,yjit-off,false,puma-response-io-512kb,puma-response-time-wrk,puma/benchmarks/local/response_time_wrk,https://github.com/puma/puma/blob/main/benchmarks/local/response_time_wrk.rb,raptor-3r,3,raptor,3,,1000,1000,15.679,5.0,1000,1000,15.31,2.0,5,true,1000,0,63.779,42.949,43.97,44.756,3956.34,4005.326,57.191,57.191,8.1,20,20,220,same_worker,46,1749425
yjit-off/puma-response-array-1024kb/raptor-3r/repeat-2,yjit-off,false,puma-response-array-1024kb,puma-response-time-wrk,puma/benchmarks/local/response_time_wrk,https://github.com/puma/puma/blob/main/benchmarks/local/response_time_wrk.rb,raptor-3r,3,raptor,3,,1000,1000,15.393,5.0,1000,1000,16.062,2.0,5,true,1000,0,64.966,43.854,44.967,47.257,3764.795,3919.183,57.191,57.191,8.64,20,20,215,same_worker,16,719313
yjit-off/puma-response-chunk-1024kb/raptor-3r/repeat-2,yjit-off,false,puma-response-chunk-1024kb,puma-response-time-wrk,puma/benchmarks/local/response_time_wrk,https://github.com/puma/puma/blob/main/benchmarks/local/response_time_wrk.rb,raptor-3r,3,raptor,3,,1000,1000,15.353,5.0,1000,1000,15.515,2.0,5,true,1000,0,65.135,43.931,45.187,46.836,3789.585,3927.411,57.191,57.191,9.225,20,20,214,same_worker,16,717463
yjit-off/puma-response-string-1024kb/raptor-3r/repeat-2,yjit-off,false,puma-response-string-1024kb,puma-response-time-wrk,puma/benchmarks/local/response_time_wrk,https://github.com/puma/puma/blob/main/benchmarks/local/response_time_wrk.rb,raptor-3r,3,raptor,3,,4664,1000,5.004,5.0,1000,1910,2.019,2.0,5,true,4664,0,931.991,2.894,5.719,14.071,323.033,336.782,58.094,58.094,9.63,20,20,63,same_worker,76,3354145
yjit-off/puma-response-io-1024kb/raptor-3r/repeat-2,yjit-off,false,puma-response-io-1024kb,puma-response-time-wrk,puma/benchmarks/local/response_time_wrk,https://github.com/puma/puma/blob/main/benchmarks/local/response_time_wrk.rb,raptor-3r,3,raptor,3,,1000,1000,16.143,5.0,1000,1000,16.627,2.0,5,true,1000,0,61.945,44.471,45.98,50.166,3947.919,3954.583,72.281,72.281,10.36,20,20,225,same_worker,77,2773557
yjit-off/puma-response-array-2048kb/raptor-3r/repeat-2,yjit-off,false,puma-response-array-2048kb,puma-response-time-wrk,puma/benchmarks/local/response_time_wrk,https://github.com/puma/puma/blob/main/benchmarks/local/response_time_wrk.rb,raptor-3r,3,raptor,3,,1000,1000,16.005,5.0,1000,1000,16.39,2.0,5,true,1000,0,62.482,46.775,48.269,50.601,3787.085,3948.766,72.281,72.281,11.475,20,20,222,same_worker,17,719214
yjit-off/puma-response-chunk-2048kb/raptor-3r/repeat-2,yjit-off,false,puma-response-chunk-2048kb,puma-response-time-wrk,puma/benchmarks/local/response_time_wrk,https://github.com/puma/puma/blob/main/benchmarks/local/response_time_wrk.rb,raptor-3r,3,raptor,3,,1000,1000,16.847,5.0,1000,1000,17.312,2.0,5,true,1000,0,59.357,46.931,48.336,51.151,4179.414,4202.946,72.281,72.281,12.6,20,20,234,same_worker,17,717403
yjit-off/puma-response-string-2048kb/raptor-3r/repeat-2,yjit-off,false,puma-response-string-2048kb,puma-response-time-wrk,puma/benchmarks/local/response_time_wrk,https://github.com/puma/puma/blob/main/benchmarks/local/response_time_wrk.rb,raptor-3r,3,raptor,3,,3031,1000,5.008,5.0,1000,1265,2.006,2.0,5,true,3031,0,605.202,4.882,6.449,14.809,501.886,514.731,74.285,74.285,12.995,20,20,60,same_worker,51,2178440
yjit-off/puma-response-io-2048kb/raptor-3r/repeat-2,yjit-off,false,puma-response-io-2048kb,puma-response-time-wrk,puma/benchmarks/local/response_time_wrk,https://github.com/puma/puma/blob/main/benchmarks/local/response_time_wrk.rb,raptor-3r,3,raptor,3,,1000,1000,17.878,5.0,1000,1000,17.784,2.0,5,true,1000,0,55.933,47.959,50.929,54.295,4407.993,4519.401,78.551,78.465,14.165,20,20,248,same_worker,149,4820838
yjit-off/puma-long-tail-fib-200ms-x6p0/raptor-3r/repeat-2,yjit-off,false,puma-long-tail-fib-200ms-x6p0,puma-long-tail-hey,puma/benchmarks/local/long_tail_hey + test/rackup/sleep_fibonacci,https://github.com/puma/puma/blob/main/benchmarks/local/long_tail_hey.rb,raptor-3r,3,raptor,3,,363,360,28.992,5.0,360,360,28.754,2.0,18,true,363,0,12.521,241.643,242.971,19600.247,24388.569,24391.15,78.766,78.766,23.095,20,20,397,same_worker,2,64222
yjit-off/puma-long-tail-fib-200ms-x4p0/raptor-3r/repeat-2,yjit-off,false,puma-long-tail-fib-200ms-x4p0,puma-long-tail-hey,puma/benchmarks/local/long_tail_hey + test/rackup/sleep_fibonacci,https://github.com/puma/puma/blob/main/benchmarks/local/long_tail_hey.rb,raptor-3r,3,raptor,3,,243,240,19.416,5.0,240,240,19.171,2.0,12,true,243,0,12.515,241.741,242.934,12800.125,14813.994,14814.98,78.809,78.809,30.95,20,20,267,same_worker,1,42879
yjit-off/puma-long-tail-fib-200ms-x3p0/raptor-3r/repeat-2,yjit-off,false,puma-long-tail-fib-200ms-x3p0,puma-long-tail-hey,puma/benchmarks/local/long_tail_hey + test/rackup/sleep_fibonacci,https://github.com/puma/puma/blob/main/benchmarks/local/long_tail_hey.rb,raptor-3r,3,raptor,3,,183,180,14.624,5.0,180,180,14.376,2.0,9,true,183,0,12.514,241.771,242.898,10025.048,10026.421,10026.703,78.813,78.813,36.11,20,20,201,same_worker,1,34892
yjit-off/puma-long-tail-fib-200ms-x2p0/raptor-3r/repeat-2,yjit-off,false,puma-long-tail-fib-200ms-x2p0,puma-long-tail-hey,puma/benchmarks/local/long_tail_hey + test/rackup/sleep_fibonacci,https://github.com/puma/puma/blob/main/benchmarks/local/long_tail_hey.rb,raptor-3r,3,raptor,3,,123,120,9.833,5.0,120,120,9.589,2.0,6,true,123,0,12.509,241.836,242.529,5230.731,5230.955,5230.967,78.816,78.816,39.49,20,20,136,same_worker,1,21037
yjit-off/puma-long-tail-fib-200ms-x1p5/raptor-3r/repeat-2,yjit-off,false,puma-long-tail-fib-200ms-x1p5,puma-long-tail-hey,puma/benchmarks/local/long_tail_hey + test/rackup/sleep_fibonacci,https://github.com/puma/puma/blob/main/benchmarks/local/long_tail_hey.rb,raptor-3r,3,raptor,3,,103,100,9.828,5.0,100,100,9.584,2.0,5,true,103,0,10.48,241.713,242.28,5130.897,5230.821,5230.839,78.828,78.828,41.99,20,20,136,same_worker,1,20223
yjit-off/puma-long-tail-fib-200ms-x1p0/raptor-3r/repeat-2,yjit-off,false,puma-long-tail-fib-200ms-x1p0,puma-long-tail-hey,puma/benchmarks/local/long_tail_hey + test/rackup/sleep_fibonacci,https://github.com/puma/puma/blob/main/benchmarks/local/long_tail_hey.rb,raptor-3r,3,raptor,3,,63,60,5.038,5.0,60,60,4.795,2.0,3,true,63,0,12.506,241.594,242.64,242.966,242.975,242.976,78.828,78.828,43.525,20,20,70,same_worker,0,11016
yjit-off/puma-long-tail-fib-200ms-x0p5/raptor-3r/repeat-2,yjit-off,false,puma-long-tail-fib-200ms-x0p5,puma-long-tail-hey,puma/benchmarks/local/long_tail_hey + test/rackup/sleep_fibonacci,https://github.com/puma/puma/blob/main/benchmarks/local/long_tail_hey.rb,raptor-3r,3,raptor,3,,42,40,5.033,5.0,40,40,4.792,2.0,2,true,42,0,8.345,241.466,242.249,242.681,242.704,242.706,78.828,78.828,44.45,20,20,71,same_worker,1,11064
yjit-off/puma-sleep-fibonacci-1ms/raptor-3r/repeat-2,yjit-off,false,puma-sleep-fibonacci-1ms,puma-sleep-fibonacci-test,puma/benchmarks/local/sleep_fibonacci_test + test/rackup/sleep_fibonacci,https://github.com/puma/puma/blob/main/benchmarks/local/sleep_fibonacci_test.rb,raptor-3r,3,raptor,3,,122,10,5.004,5.0,10,49,2.017,2.0,1,true,122,0,24.382,41.978,42.051,42.78,42.951,42.954,78.891,78.891,44.43,20,20,72,same_worker,0,21673
yjit-off/puma-sleep-fibonacci-5ms/raptor-3r/repeat-2,yjit-off,false,puma-sleep-fibonacci-5ms,puma-sleep-fibonacci-test,puma/benchmarks/local/sleep_fibonacci_test + test/rackup/sleep_fibonacci,https://github.com/puma/puma/blob/main/benchmarks/local/sleep_fibonacci_test.rb,raptor-3r,3,raptor,3,,109,10,5.002,5.0,10,44,2.009,2.0,1,true,109,0,21.792,46.974,47.095,47.986,48.024,48.029,78.922,78.922,44.16,20,20,72,same_worker,1,18989
yjit-off/puma-sleep-fibonacci-10ms/raptor-3r/repeat-2,yjit-off,false,puma-sleep-fibonacci-10ms,puma-sleep-fibonacci-test,puma/benchmarks/local/sleep_fibonacci_test + test/rackup/sleep_fibonacci,https://github.com/puma/puma/blob/main/benchmarks/local/sleep_fibonacci_test.rb,raptor-3r,3,raptor,3,,99,10,5.025,5.0,10,40,2.012,2.0,1,true,99,0,19.702,50.995,51.954,51.998,52.886,52.985,78.922,78.922,43.93,20,20,72,same_worker,0,15471
yjit-off/puma-sleep-fibonacci-50ms/raptor-3r/repeat-2,yjit-off,false,puma-sleep-fibonacci-50ms,puma-sleep-fibonacci-test,puma/benchmarks/local/sleep_fibonacci_test + test/rackup/sleep_fibonacci,https://github.com/puma/puma/blob/main/benchmarks/local/sleep_fibonacci_test.rb,raptor-3r,3,raptor,3,,56,10,5.091,5.0,10,23,2.066,2.0,1,true,56,0,11.001,91.862,92.053,92.521,92.884,92.924,78.922,78.922,43.8,20,20,73,same_worker,1,13693
yjit-off/puma-sleep-fibonacci-100ms/raptor-3r/repeat-2,yjit-off,false,puma-sleep-fibonacci-100ms,puma-sleep-fibonacci-test,puma/benchmarks/local/sleep_fibonacci_test + test/rackup/sleep_fibonacci,https://github.com/puma/puma/blob/main/benchmarks/local/sleep_fibonacci_test.rb,raptor-3r,3,raptor,3,,36,10,5.063,5.0,10,15,2.08,2.0,1,true,36,0,7.11,141.941,142.246,142.96,142.973,142.975,78.922,78.922,43.86,20,20,72,same_worker,0,6528
yjit-off/puma-sleep-fibonacci-200ms/raptor-3r/repeat-2,yjit-off,false,puma-sleep-fibonacci-200ms,puma-sleep-fibonacci-test,puma/benchmarks/local/sleep_fibonacci_test + test/rackup/sleep_fibonacci,https://github.com/puma/puma/blob/main/benchmarks/local/sleep_fibonacci_test.rb,raptor-3r,3,raptor,3,,21,10,5.036,5.0,10,10,2.375,2.0,1,true,21,0,4.17,241.882,242.085,242.78,242.936,242.954,78.926,78.926,43.945,20,20,72,same_worker,0,2237
yjit-off/puma-response-array-1kb/raptor-3r/repeat-3,yjit-off,false,puma-response-array-1kb,puma-response-time-wrk,puma/benchmarks/local/response_time_wrk,https://github.com/puma/puma/blob/main/benchmarks/local/response_time_wrk.rb,raptor-3r,3,raptor,3,,1000,1000,16.122,5.0,1000,1000,16.088,2.0,5,true,1000,0,62.025,40.994,41.977,42.331,4033.453,4033.598,29.211,29.211,3.325,20,20,227,same_worker,16,719037
yjit-off/puma-response-chunk-1kb/raptor-3r/repeat-3,yjit-off,false,puma-response-chunk-1kb,puma-response-time-wrk,puma/benchmarks/local/response_time_wrk,https://github.com/puma/puma/blob/main/benchmarks/local/response_time_wrk.rb,raptor-3r,3,raptor,3,,1000,1000,16.118,5.0,1000,1000,16.09,2.0,5,true,1000,0,62.043,40.988,41.977,42.265,4027.11,4027.645,29.266,29.266,2.69,20,20,227,same_worker,15,716894
yjit-off/puma-response-string-1kb/raptor-3r/repeat-3,yjit-off,false,puma-response-string-1kb,puma-response-time-wrk,puma/benchmarks/local/response_time_wrk,https://github.com/puma/puma/blob/main/benchmarks/local/response_time_wrk.rb,raptor-3r,3,raptor,3,,1000,1000,16.116,5.0,1000,1000,16.087,2.0,5,true,1000,0,62.049,40.998,41.977,42.302,4030.489,4031.718,29.637,29.637,2.585,20,20,227,same_worker,16,719297
yjit-off/puma-response-io-1kb/raptor-3r/repeat-3,yjit-off,false,puma-response-io-1kb,puma-response-time-wrk,puma/benchmarks/local/response_time_wrk,https://github.com/puma/puma/blob/main/benchmarks/local/response_time_wrk.rb,raptor-3r,3,raptor,3,,1000,1000,16.12,5.0,1000,1000,16.084,2.0,5,true,1000,0,62.036,40.995,41.972,42.343,4028.999,4033.378,29.637,29.637,2.5,20,20,227,same_worker,16,727299
yjit-off/puma-response-array-10kb/raptor-3r/repeat-3,yjit-off,false,puma-response-array-10kb,puma-response-time-wrk,puma/benchmarks/local/response_time_wrk,https://github.com/puma/puma/blob/main/benchmarks/local/response_time_wrk.rb,raptor-3r,3,raptor,3,,1000,1000,16.115,5.0,1000,1000,16.082,2.0,5,true,1000,0,62.054,40.993,41.964,42.507,4031.51,4074.252,29.688,29.688,2.5,20,20,227,same_worker,16,719301
yjit-off/puma-response-chunk-10kb/raptor-3r/repeat-3,yjit-off,false,puma-response-chunk-10kb,puma-response-time-wrk,puma/benchmarks/local/response_time_wrk,https://github.com/puma/puma/blob/main/benchmarks/local/response_time_wrk.rb,raptor-3r,3,raptor,3,,1000,1000,16.128,5.0,1000,1000,16.135,2.0,5,true,1000,0,62.003,40.993,41.975,42.323,4031.049,4033.729,29.699,29.699,2.5,20,20,227,same_worker,16,714911
yjit-off/puma-response-string-10kb/raptor-3r/repeat-3,yjit-off,false,puma-response-string-10kb,puma-response-time-wrk,puma/benchmarks/local/response_time_wrk,https://github.com/puma/puma/blob/main/benchmarks/local/response_time_wrk.rb,raptor-3r,3,raptor,3,,1000,1000,16.128,5.0,1000,1000,16.087,2.0,5,true,1000,0,62.005,40.992,41.975,42.287,4033.025,4033.824,29.707,29.707,2.495,20,20,227,same_worker,16,719313
yjit-off/puma-response-io-10kb/raptor-3r/repeat-3,yjit-off,false,puma-response-io-10kb,puma-response-time-wrk,puma/benchmarks/local/response_time_wrk,https://github.com/puma/puma/blob/main/benchmarks/local/response_time_wrk.rb,raptor-3r,3,raptor,3,,1000,1000,16.122,5.0,1000,1000,16.085,2.0,5,true,1000,0,62.026,40.99,41.97,42.224,4032.124,4033.602,30.32,30.32,2.5,20,20,227,same_worker,17,745305
yjit-off/puma-response-array-100kb/raptor-3r/repeat-3,yjit-off,false,puma-response-array-100kb,puma-response-time-wrk,puma/benchmarks/local/response_time_wrk,https://github.com/puma/puma/blob/main/benchmarks/local/response_time_wrk.rb,raptor-3r,3,raptor,3,,1000,1000,14.688,5.0,1000,1000,15.31,2.0,5,true,1000,0,68.085,40.979,41.979,42.663,3838.219,3840.113,30.359,30.359,2.6,20,20,207,same_worker,16,717960
yjit-off/puma-response-chunk-100kb/raptor-3r/repeat-3,yjit-off,false,puma-response-chunk-100kb,puma-response-time-wrk,puma/benchmarks/local/response_time_wrk,https://github.com/puma/puma/blob/main/benchmarks/local/response_time_wrk.rb,raptor-3r,3,raptor,3,,1000,1000,15.423,5.0,1000,1000,14.922,2.0,5,true,1000,0,64.839,40.982,41.979,42.165,3916.006,3951.808,30.488,30.488,2.765,20,20,217,same_worker,15,716303
yjit-off/puma-response-string-100kb/raptor-3r/repeat-3,yjit-off,false,puma-response-string-100kb,puma-response-time-wrk,puma/benchmarks/local/response_time_wrk,https://github.com/puma/puma/blob/main/benchmarks/local/response_time_wrk.rb,raptor-3r,3,raptor,3,,12024,1000,5.002,5.0,1000,5019,2.003,2.0,5,true,12024,0,2403.838,1.169,1.922,5.706,123.665,137.164,30.961,30.961,4.025,20,20,67,same_worker,191,8646334
yjit-off/puma-response-io-100kb/raptor-3r/repeat-3,yjit-off,false,puma-response-io-100kb,puma-response-time-wrk,puma/benchmarks/local/response_time_wrk,https://github.com/puma/puma/blob/main/benchmarks/local/response_time_wrk.rb,raptor-3r,3,raptor,3,,1000,1000,15.435,5.0,1000,1000,15.333,2.0,5,true,1000,0,64.789,40.989,41.98,42.285,3842.375,3875.671,37.766,37.766,4.7,20,20,217,same_worker,22,926525
yjit-off/puma-response-array-256kb/raptor-3r/repeat-3,yjit-off,false,puma-response-array-256kb,puma-response-time-wrk,puma/benchmarks/local/response_time_wrk,https://github.com/puma/puma/blob/main/benchmarks/local/response_time_wrk.rb,raptor-3r,3,raptor,3,,1000,1000,14.163,5.0,1000,1000,13.609,2.0,5,true,1000,0,70.605,41.95,42.218,43.149,3747.271,3955.361,37.766,37.766,4.865,20,20,199,same_worker,16,719313
yjit-off/puma-response-chunk-256kb/raptor-3r/repeat-3,yjit-off,false,puma-response-chunk-256kb,puma-response-time-wrk,puma/benchmarks/local/response_time_wrk,https://github.com/puma/puma/blob/main/benchmarks/local/response_time_wrk.rb,raptor-3r,3,raptor,3,,1000,1000,15.345,5.0,1000,1000,13.125,2.0,5,true,1000,0,65.17,41.96,42.512,43.247,3913.254,3950.855,37.766,37.766,5.055,20,20,216,same_worker,16,717115
yjit-off/puma-response-string-256kb/raptor-3r/repeat-3,yjit-off,false,puma-response-string-256kb,puma-response-time-wrk,puma/benchmarks/local/response_time_wrk,https://github.com/puma/puma/blob/main/benchmarks/local/response_time_wrk.rb,raptor-3r,3,raptor,3,,8890,1000,5.002,5.0,1000,3731,2.002,2.0,5,true,8890,0,1777.131,1.558,2.563,42.325,138.378,154.027,38.117,38.117,5.86,20,20,66,same_worker,143,6391948
yjit-off/puma-response-io-256kb/raptor-3r/repeat-3,yjit-off,false,puma-response-io-256kb,puma-response-time-wrk,puma/benchmarks/local/response_time_wrk,https://github.com/puma/puma/blob/main/benchmarks/local/response_time_wrk.rb,raptor-3r,3,raptor,3,,1000,1000,15.16,5.0,1000,1000,14.51,2.0,5,true,1000,0,65.965,41.973,42.529,43.003,3768.698,3797.856,51.293,51.293,6.39,20,20,213,same_worker,31,1237364
yjit-off/puma-response-array-512kb/raptor-3r/repeat-3,yjit-off,false,puma-response-array-512kb,puma-response-time-wrk,puma/benchmarks/local/response_time_wrk,https://github.com/puma/puma/blob/main/benchmarks/local/response_time_wrk.rb,raptor-3r,3,raptor,3,,1000,1000,15.854,5.0,1000,1000,15.864,2.0,5,true,1000,0,63.077,41.99,43.049,44.036,4080.708,4081.852,51.293,51.293,6.61,20,20,223,same_worker,16,718039
yjit-off/puma-response-chunk-512kb/raptor-3r/repeat-3,yjit-off,false,puma-response-chunk-512kb,puma-response-time-wrk,puma/benchmarks/local/response_time_wrk,https://github.com/puma/puma/blob/main/benchmarks/local/response_time_wrk.rb,raptor-3r,3,raptor,3,,1000,1000,15.24,5.0,1000,1000,15.82,2.0,5,true,1000,0,65.615,42.02,43.238,44.32,3936.014,3983.214,51.293,51.293,6.865,20,20,214,same_worker,16,718395
yjit-off/puma-response-string-512kb/raptor-3r/repeat-3,yjit-off,false,puma-response-string-512kb,puma-response-time-wrk,puma/benchmarks/local/response_time_wrk,https://github.com/puma/puma/blob/main/benchmarks/local/response_time_wrk.rb,raptor-3r,3,raptor,3,,6785,1000,5.014,5.0,1000,2875,2.004,2.0,5,true,6785,0,1353.238,2.033,3.334,21.484,211.601,248.542,51.293,51.293,7.41,20,20,65,same_worker,110,4880690
yjit-off/puma-response-io-512kb/raptor-3r/repeat-3,yjit-off,false,puma-response-io-512kb,puma-response-time-wrk,puma/benchmarks/local/response_time_wrk,https://github.com/puma/puma/blob/main/benchmarks/local/response_time_wrk.rb,raptor-3r,3,raptor,3,,1000,1000,15.935,5.0,1000,1000,16.56,2.0,5,true,1000,0,62.755,42.939,43.902,44.218,3959.802,4052.29,63.898,63.898,7.955,20,20,224,same_worker,45,1749429
yjit-off/puma-response-array-1024kb/raptor-3r/repeat-3,yjit-off,false,puma-response-array-1024kb,puma-response-time-wrk,puma/benchmarks/local/response_time_wrk,https://github.com/puma/puma/blob/main/benchmarks/local/response_time_wrk.rb,raptor-3r,3,raptor,3,,1000,1000,16.115,5.0,1000,1000,16.177,2.0,5,true,1000,0,62.056,43.663,44.871,45.921,4011.58,4024.404,63.898,63.898,8.495,20,20,225,same_worker,16,720713
yjit-off/puma-response-chunk-1024kb/raptor-3r/repeat-3,yjit-off,false,puma-response-chunk-1024kb,puma-response-time-wrk,puma/benchmarks/local/response_time_wrk,https://github.com/puma/puma/blob/main/benchmarks/local/response_time_wrk.rb,raptor-3r,3,raptor,3,,1000,1000,15.707,5.0,1000,1000,16.019,2.0,5,true,1000,0,63.667,43.869,44.976,45.996,3737.888,3793.308,63.898,63.898,9.08,20,20,219,same_worker,17,715363
yjit-off/puma-response-string-1024kb/raptor-3r/repeat-3,yjit-off,false,puma-response-string-1024kb,puma-response-time-wrk,puma/benchmarks/local/response_time_wrk,https://github.com/puma/puma/blob/main/benchmarks/local/response_time_wrk.rb,raptor-3r,3,raptor,3,,4696,1000,5.005,5.0,1000,1995,2.004,2.0,5,true,4696,0,938.307,2.874,5.283,46.235,304.528,308.637,63.898,63.898,9.455,20,20,64,same_worker,77,3378433
yjit-off/puma-response-io-1024kb/raptor-3r/repeat-3,yjit-off,false,puma-response-io-1024kb,puma-response-time-wrk,puma/benchmarks/local/response_time_wrk,https://github.com/puma/puma/blob/main/benchmarks/local/response_time_wrk.rb,raptor-3r,3,raptor,3,,1000,1000,16.529,5.0,1000,1000,16.599,2.0,5,true,1000,0,60.501,44.474,46.103,47.89,4053.27,4090.926,69.344,66.918,10.18,20,20,231,same_worker,77,2773147
yjit-off/puma-response-array-2048kb/raptor-3r/repeat-3,yjit-off,false,puma-response-array-2048kb,puma-response-time-wrk,puma/benchmarks/local/response_time_wrk,https://github.com/puma/puma/blob/main/benchmarks/local/response_time_wrk.rb,raptor-3r,3,raptor,3,,1000,1000,16.972,5.0,1000,1000,17.307,2.0,5,true,1000,0,58.92,46.227,48.039,49.846,4254.156,4270.141,66.918,66.918,11.22,20,20,236,same_worker,17,721094
yjit-off/puma-response-chunk-2048kb/raptor-3r/repeat-3,yjit-off,false,puma-response-chunk-2048kb,puma-response-time-wrk,puma/benchmarks/local/response_time_wrk,https://github.com/puma/puma/blob/main/benchmarks/local/response_time_wrk.rb,raptor-3r,3,raptor,3,,1000,1000,17.141,5.0,1000,1000,17.247,2.0,5,true,1000,0,58.338,46.883,48.125,49.77,4311.791,4332.685,66.918,66.918,12.315,20,20,239,same_worker,17,714628
yjit-off/puma-response-string-2048kb/raptor-3r/repeat-3,yjit-off,false,puma-response-string-2048kb,puma-response-time-wrk,puma/benchmarks/local/response_time_wrk,https://github.com/puma/puma/blob/main/benchmarks/local/response_time_wrk.rb,raptor-3r,3,raptor,3,,3013,1000,5.006,5.0,1000,1214,2.007,2.0,5,true,3013,0,601.842,4.85,6.745,15.943,492.315,513.502,68.922,68.922,12.695,20,20,60,same_worker,50,2167669
yjit-off/puma-response-io-2048kb/raptor-3r/repeat-3,yjit-off,false,puma-response-io-2048kb,puma-response-time-wrk,puma/benchmarks/local/response_time_wrk,https://github.com/puma/puma/blob/main/benchmarks/local/response_time_wrk.rb,raptor-3r,3,raptor,3,,1000,1000,17.627,5.0,1000,1000,18.001,2.0,5,true,1000,0,56.731,47.962,51.013,53.341,4493.493,4517.402,82.211,82.211,13.845,20,20,245,same_worker,147,4821020
yjit-off/puma-long-tail-fib-200ms-x6p0/raptor-3r/repeat-3,yjit-off,false,puma-long-tail-fib-200ms-x6p0,puma-long-tail-hey,puma/benchmarks/local/long_tail_hey + test/rackup/sleep_fibonacci,https://github.com/puma/puma/blob/main/benchmarks/local/long_tail_hey.rb,raptor-3r,3,raptor,3,,363,360,28.997,5.0,360,360,28.754,2.0,18,true,363,0,12.519,241.517,244.748,19606.304,24394.063,24394.122,82.504,82.504,22.735,20,20,397,same_worker,1,64294
yjit-off/puma-long-tail-fib-200ms-x4p0/raptor-3r/repeat-3,yjit-off,false,puma-long-tail-fib-200ms-x4p0,puma-long-tail-hey,puma/benchmarks/local/long_tail_hey + test/rackup/sleep_fibonacci,https://github.com/puma/puma/blob/main/benchmarks/local/long_tail_hey.rb,raptor-3r,3,raptor,3,,243,240,19.41,5.0,240,240,19.171,2.0,12,true,243,0,12.519,241.723,242.982,12800.945,14810.6,14810.602,82.539,82.539,30.51,20,20,267,same_worker,1,42939
yjit-off/puma-long-tail-fib-200ms-x3p0/raptor-3r/repeat-3,yjit-off,false,puma-long-tail-fib-200ms-x3p0,puma-long-tail-hey,puma/benchmarks/local/long_tail_hey + test/rackup/sleep_fibonacci,https://github.com/puma/puma/blob/main/benchmarks/local/long_tail_hey.rb,raptor-3r,3,raptor,3,,183,180,14.623,5.0,180,180,14.381,2.0,9,true,183,0,12.514,241.662,242.973,10023.573,10026.837,10027.28,82.559,82.559,35.675,20,20,202,same_worker,0,33480
yjit-off/puma-long-tail-fib-200ms-x2p0/raptor-3r/repeat-3,yjit-off,false,puma-long-tail-fib-200ms-x2p0,puma-long-tail-hey,puma/benchmarks/local/long_tail_hey + test/rackup/sleep_fibonacci,https://github.com/puma/puma/blob/main/benchmarks/local/long_tail_hey.rb,raptor-3r,3,raptor,3,,123,120,9.833,5.0,120,120,9.587,2.0,6,true,123,0,12.508,241.79,242.626,5235.406,5236.595,5236.739,82.566,82.566,39.025,20,20,136,same_worker,0,23801
yjit-off/puma-long-tail-fib-200ms-x1p5/raptor-3r/repeat-3,yjit-off,false,puma-long-tail-fib-200ms-x1p5,puma-long-tail-hey,puma/benchmarks/local/long_tail_hey + test/rackup/sleep_fibonacci,https://github.com/puma/puma/blob/main/benchmarks/local/long_tail_hey.rb,raptor-3r,3,raptor,3,,103,100,9.831,5.0,100,100,9.582,2.0,5,true,103,0,10.477,241.728,242.709,5135.781,5235.964,5236.002,82.574,82.574,41.505,20,20,137,same_worker,0,17837
yjit-off/puma-long-tail-fib-200ms-x1p0/raptor-3r/repeat-3,yjit-off,false,puma-long-tail-fib-200ms-x1p0,puma-long-tail-hey,puma/benchmarks/local/long_tail_hey + test/rackup/sleep_fibonacci,https://github.com/puma/puma/blob/main/benchmarks/local/long_tail_hey.rb,raptor-3r,3,raptor,3,,63,60,5.031,5.0,60,60,4.791,2.0,3,true,63,0,12.523,240.992,242.198,242.407,242.608,242.631,82.59,82.59,43.03,20,20,70,same_worker,1,11756
yjit-off/puma-long-tail-fib-200ms-x0p5/raptor-3r/repeat-3,yjit-off,false,puma-long-tail-fib-200ms-x0p5,puma-long-tail-hey,puma/benchmarks/local/long_tail_hey + test/rackup/sleep_fibonacci,https://github.com/puma/puma/blob/main/benchmarks/local/long_tail_hey.rb,raptor-3r,3,raptor,3,,42,40,5.034,5.0,40,40,4.792,2.0,2,true,42,0,8.344,241.455,242.297,242.482,242.589,242.601,82.59,82.59,43.955,20,20,71,same_worker,0,7336
yjit-off/puma-sleep-fibonacci-1ms/raptor-3r/repeat-3,yjit-off,false,puma-sleep-fibonacci-1ms,puma-sleep-fibonacci-test,puma/benchmarks/local/sleep_fibonacci_test + test/rackup/sleep_fibonacci,https://github.com/puma/puma/blob/main/benchmarks/local/sleep_fibonacci_test.rb,raptor-3r,3,raptor,3,,122,10,5.004,5.0,10,49,2.017,2.0,1,true,122,0,24.381,41.975,42.046,42.854,43.03,43.033,82.59,82.59,43.94,20,20,72,same_worker,1,23528
yjit-off/puma-sleep-fibonacci-5ms/raptor-3r/repeat-3,yjit-off,false,puma-sleep-fibonacci-5ms,puma-sleep-fibonacci-test,puma/benchmarks/local/sleep_fibonacci_test + test/rackup/sleep_fibonacci,https://github.com/puma/puma/blob/main/benchmarks/local/sleep_fibonacci_test.rb,raptor-3r,3,raptor,3,,109,10,5.005,5.0,10,45,2.017,2.0,1,true,109,0,21.779,46.983,47.25,47.977,47.999,48.002,82.699,82.699,43.67,20,20,72,same_worker,0,19385
yjit-off/puma-sleep-fibonacci-10ms/raptor-3r/repeat-3,yjit-off,false,puma-sleep-fibonacci-10ms,puma-sleep-fibonacci-test,puma/benchmarks/local/sleep_fibonacci_test + test/rackup/sleep_fibonacci,https://github.com/puma/puma/blob/main/benchmarks/local/sleep_fibonacci_test.rb,raptor-3r,3,raptor,3,,99,10,5.013,5.0,10,40,2.012,2.0,1,true,99,0,19.75,50.974,51.094,51.93,51.951,51.954,82.719,82.719,43.445,20,20,72,same_worker,0,17616
yjit-off/puma-sleep-fibonacci-50ms/raptor-3r/repeat-3,yjit-off,false,puma-sleep-fibonacci-50ms,puma-sleep-fibonacci-test,puma/benchmarks/local/sleep_fibonacci_test + test/rackup/sleep_fibonacci,https://github.com/puma/puma/blob/main/benchmarks/local/sleep_fibonacci_test.rb,raptor-3r,3,raptor,3,,56,10,5.083,5.0,10,23,2.062,2.0,1,true,56,0,11.017,91.038,92.112,92.43,92.531,92.542,82.719,82.719,43.37,20,20,73,same_worker,0,10048
yjit-off/puma-sleep-fibonacci-100ms/raptor-3r/repeat-3,yjit-off,false,puma-sleep-fibonacci-100ms,puma-sleep-fibonacci-test,puma/benchmarks/local/sleep_fibonacci_test + test/rackup/sleep_fibonacci,https://github.com/puma/puma/blob/main/benchmarks/local/sleep_fibonacci_test.rb,raptor-3r,3,raptor,3,,36,10,5.05,5.0,10,15,2.082,2.0,1,true,36,0,7.129,140.989,142.005,142.007,142.007,142.007,82.738,82.738,43.4,20,20,72,same_worker,0,4237
yjit-off/puma-sleep-fibonacci-200ms/raptor-3r/repeat-3,yjit-off,false,puma-sleep-fibonacci-200ms,puma-sleep-fibonacci-test,puma/benchmarks/local/sleep_fibonacci_test + test/rackup/sleep_fibonacci,https://github.com/puma/puma/blob/main/benchmarks/local/sleep_fibonacci_test.rb,raptor-3r,3,raptor,3,,21,10,5.034,5.0,10,10,2.375,2.0,1,true,21,0,4.172,241.891,242.004,242.036,242.043,242.044,82.746,82.746,43.485,20,20,72,same_worker,0,2147
yjit-off/puma-response-array-1kb/puma-1w-3t/repeat-1,yjit-off,false,puma-response-array-1kb,puma-response-time-wrk,puma/benchmarks/local/response_time_wrk,https://github.com/puma/puma/blob/main/benchmarks/local/response_time_wrk.rb,puma-1w-3t,3,puma,1,3,15468,1000,5.001,5.0,1000,6289,2.002,2.0,5,true,15468,0,3092.912,1.549,2.056,2.507,3.247,4.749,64.559,64.559,95.53,20,20,66,multiprocess_sample_only,,
yjit-off/puma-response-chunk-1kb/puma-1w-3t/repeat-1,yjit-off,false,puma-response-chunk-1kb,puma-response-time-wrk,puma/benchmarks/local/response_time_wrk,https://github.com/puma/puma/blob/main/benchmarks/local/response_time_wrk.rb,puma-1w-3t,3,puma,1,3,15141,1000,5.001,5.0,1000,6203,2.001,2.0,5,true,15141,0,3027.516,1.59,2.088,2.531,3.325,3.915,69.855,69.855,92.07,20,20,66,multiprocess_sample_only,,
yjit-off/puma-response-string-1kb/puma-1w-3t/repeat-1,yjit-off,false,puma-response-string-1kb,puma-response-time-wrk,puma/benchmarks/local/response_time_wrk,https://github.com/puma/puma/blob/main/benchmarks/local/response_time_wrk.rb,puma-1w-3t,3,puma,1,3,15437,1000,5.001,5.0,1000,6369,2.001,2.0,5,true,15437,0,3086.719,1.555,2.064,2.491,3.333,3.822,69.559,68.945,91.24,20,20,66,multiprocess_sample_only,,
yjit-off/puma-response-io-1kb/puma-1w-3t/repeat-1,yjit-off,false,puma-response-io-1kb,puma-response-time-wrk,puma/benchmarks/local/response_time_wrk,https://github.com/puma/puma/blob/main/benchmarks/local/response_time_wrk.rb,puma-1w-3t,3,puma,1,3,15290,1000,5.001,5.0,1000,6293,2.001,2.0,5,true,15290,0,3057.296,1.566,2.118,2.635,3.454,4.233,69.891,68.945,92.41,20,20,66,multiprocess_sample_only,,
yjit-off/puma-response-array-10kb/puma-1w-3t/repeat-1,yjit-off,false,puma-response-array-10kb,puma-response-time-wrk,puma/benchmarks/local/response_time_wrk,https://github.com/puma/puma/blob/main/benchmarks/local/response_time_wrk.rb,puma-1w-3t,3,puma,1,3,15358,1000,5.001,5.0,1000,6328,2.001,2.0,5,true,15358,0,3070.965,1.562,2.082,2.466,3.367,3.938,71.879,71.793,92.805,20,20,66,multiprocess_sample_only,,
yjit-off/puma-response-chunk-10kb/puma-1w-3t/repeat-1,yjit-off,false,puma-response-chunk-10kb,puma-response-time-wrk,puma/benchmarks/local/response_time_wrk,https://github.com/puma/puma/blob/main/benchmarks/local/response_time_wrk.rb,puma-1w-3t,3,puma,1,3,13477,1000,5.001,5.0,1000,5502,2.001,2.0,5,true,13477,0,2694.767,1.785,2.361,2.901,3.697,4.609,70.734,70.734,92.26,20,20,65,multiprocess_sample_only,,
yjit-off/puma-response-string-10kb/puma-1w-3t/repeat-1,yjit-off,false,puma-response-string-10kb,puma-response-time-wrk,puma/benchmarks/local/response_time_wrk,https://github.com/puma/puma/blob/main/benchmarks/local/response_time_wrk.rb,puma-1w-3t,3,puma,1,3,15358,1000,5.001,5.0,1000,6291,2.001,2.0,5,true,15358,0,3070.989,1.563,2.093,2.558,3.421,4.314,71.895,71.551,92.01,20,20,66,multiprocess_sample_only,,
yjit-off/puma-response-io-10kb/puma-1w-3t/repeat-1,yjit-off,false,puma-response-io-10kb,puma-response-time-wrk,puma/benchmarks/local/response_time_wrk,https://github.com/puma/puma/blob/main/benchmarks/local/response_time_wrk.rb,puma-1w-3t,3,puma,1,3,15091,1000,5.001,5.0,1000,6198,2.002,2.0,5,true,15091,0,3017.432,1.585,2.183,2.617,3.469,3.885,72.98,71.75,92.54,20,20,66,multiprocess_sample_only,,
yjit-off/puma-response-array-100kb/puma-1w-3t/repeat-1,yjit-off,false,puma-response-array-100kb,puma-response-time-wrk,puma/benchmarks/local/response_time_wrk,https://github.com/puma/puma/blob/main/benchmarks/local/response_time_wrk.rb,puma-1w-3t,3,puma,1,3,12572,1000,5.001,5.0,1000,5059,2.002,2.0,5,true,12572,0,2513.665,1.925,2.474,2.969,4.105,4.721,94.164,93.137,92.76,20,20,65,multiprocess_sample_only,,
yjit-off/puma-response-chunk-100kb/puma-1w-3t/repeat-1,yjit-off,false,puma-response-chunk-100kb,puma-response-time-wrk,puma/benchmarks/local/response_time_wrk,https://github.com/puma/puma/blob/main/benchmarks/local/response_time_wrk.rb,puma-1w-3t,3,puma,1,3,6441,1000,5.003,5.0,1000,2605,2.003,2.0,5,true,6441,0,1287.437,3.828,4.669,5.143,7.391,8.769,79.992,79.332,92.04,20,20,62,multiprocess_sample_only,,
yjit-off/puma-response-string-100kb/puma-1w-3t/repeat-1,yjit-off,false,puma-response-string-100kb,puma-response-time-wrk,puma/benchmarks/local/response_time_wrk,https://github.com/puma/puma/blob/main/benchmarks/local/response_time_wrk.rb,puma-1w-3t,3,puma,1,3,12439,1000,5.001,5.0,1000,5051,2.001,2.0,5,true,12439,0,2487.186,1.957,2.427,2.861,3.955,4.385,93.902,93.504,91.365,20,20,65,multiprocess_sample_only,,
yjit-off/puma-response-io-100kb/puma-1w-3t/repeat-1,yjit-off,false,puma-response-io-100kb,puma-response-time-wrk,puma/benchmarks/local/response_time_wrk,https://github.com/puma/puma/blob/main/benchmarks/local/response_time_wrk.rb,puma-1w-3t,3,puma,1,3,12373,1000,5.026,5.0,1000,5092,2.016,2.0,5,true,12373,0,2461.779,1.462,2.326,41.134,42.617,43.805,73.039,72.852,90.875,20,20,66,multiprocess_sample_only,,
yjit-off/puma-response-array-256kb/puma-1w-3t/repeat-1,yjit-off,false,puma-response-array-256kb,puma-response-time-wrk,puma/benchmarks/local/response_time_wrk,https://github.com/puma/puma/blob/main/benchmarks/local/response_time_wrk.rb,puma-1w-3t,3,puma,1,3,9357,1000,5.001,5.0,1000,3815,2.013,2.0,5,true,9357,0,1870.876,2.434,3.803,6.433,12.901,14.479,104.418,102.09,90.555,20,20,64,multiprocess_sample_only,,
yjit-off/puma-response-chunk-256kb/puma-1w-3t/repeat-1,yjit-off,false,puma-response-chunk-256kb,puma-response-time-wrk,puma/benchmarks/local/response_time_wrk,https://github.com/puma/puma/blob/main/benchmarks/local/response_time_wrk.rb,puma-1w-3t,3,puma,1,3,3558,1000,5.005,5.0,1000,1465,2.005,2.0,5,true,3558,0,710.833,7.048,8.395,9.26,12.808,14.428,84.98,84.453,90.0,20,20,58,multiprocess_sample_only,,
yjit-off/puma-response-string-256kb/puma-1w-3t/repeat-1,yjit-off,false,puma-response-string-256kb,puma-response-time-wrk,puma/benchmarks/local/response_time_wrk,https://github.com/puma/puma/blob/main/benchmarks/local/response_time_wrk.rb,puma-1w-3t,3,puma,1,3,9529,1000,5.002,5.0,1000,3838,2.002,2.0,5,true,9529,0,1905.18,2.385,3.784,5.837,12.954,13.784,83.941,83.941,88.925,20,20,63,multiprocess_sample_only,,
yjit-off/puma-response-io-256kb/puma-1w-3t/repeat-1,yjit-off,false,puma-response-io-256kb,puma-response-time-wrk,puma/benchmarks/local/response_time_wrk,https://github.com/puma/puma/blob/main/benchmarks/local/response_time_wrk.rb,puma-1w-3t,3,puma,1,3,9242,1000,5.003,5.0,1000,3872,2.002,2.0,5,true,9242,0,1847.317,2.453,3.895,6.494,12.746,13.282,84.191,83.691,87.75,20,20,64,multiprocess_sample_only,,
yjit-off/puma-response-array-512kb/puma-1w-3t/repeat-1,yjit-off,false,puma-response-array-512kb,puma-response-time-wrk,puma/benchmarks/local/response_time_wrk,https://github.com/puma/puma/blob/main/benchmarks/local/response_time_wrk.rb,puma-1w-3t,3,puma,1,3,6902,1000,5.002,5.0,1000,2691,2.003,2.0,5,true,6902,0,1379.736,3.171,5.993,13.803,16.114,16.637,127.371,123.332,87.325,20,20,62,multiprocess_sample_only,,
yjit-off/puma-response-chunk-512kb/puma-1w-3t/repeat-1,yjit-off,false,puma-response-chunk-512kb,puma-response-time-wrk,puma/benchmarks/local/response_time_wrk,https://github.com/puma/puma/blob/main/benchmarks/local/response_time_wrk.rb,puma-1w-3t,3,puma,1,3,1968,1000,5.009,5.0,1000,1000,2.391,2.0,5,true,1968,0,392.873,12.797,15.077,16.167,17.536,24.152,88.254,87.539,86.995,20,20,49,multiprocess_sample_only,,
yjit-off/puma-response-string-512kb/puma-1w-3t/repeat-1,yjit-off,false,puma-response-string-512kb,puma-response-time-wrk,puma/benchmarks/local/response_time_wrk,https://github.com/puma/puma/blob/main/benchmarks/local/response_time_wrk.rb,puma-1w-3t,3,puma,1,3,7045,1000,5.003,5.0,1000,2740,2.004,2.0,5,true,7045,0,1408.193,3.151,5.468,14.203,16.142,17.1,86.168,86.168,85.9,20,20,62,multiprocess_sample_only,,
yjit-off/puma-response-io-512kb/puma-1w-3t/repeat-1,yjit-off,false,puma-response-io-512kb,puma-response-time-wrk,puma/benchmarks/local/response_time_wrk,https://github.com/puma/puma/blob/main/benchmarks/local/response_time_wrk.rb,puma-1w-3t,3,puma,1,3,6897,1000,5.002,5.0,1000,2798,2.002,2.0,5,true,6897,0,1378.821,3.165,5.677,13.896,15.958,221.388,86.48,86.48,84.385,20,20,62,multiprocess_sample_only,,
yjit-off/puma-response-array-1024kb/puma-1w-3t/repeat-1,yjit-off,false,puma-response-array-1024kb,puma-response-time-wrk,puma/benchmarks/local/response_time_wrk,https://github.com/puma/puma/blob/main/benchmarks/local/response_time_wrk.rb,puma-1w-3t,3,puma,1,3,4427,1000,5.005,5.0,1000,1802,2.017,2.0,5,true,4427,0,884.554,5.276,7.859,17.719,20.387,23.597,120.434,119.418,83.62,20,20,59,multiprocess_sample_only,,
yjit-off/puma-response-chunk-1024kb/puma-1w-3t/repeat-1,yjit-off,false,puma-response-chunk-1024kb,puma-response-time-wrk,puma/benchmarks/local/response_time_wrk,https://github.com/puma/puma/blob/main/benchmarks/local/response_time_wrk.rb,puma-1w-3t,3,puma,1,3,1068,1000,5.018,5.0,1000,1000,4.398,2.0,5,true,1068,0,212.818,23.501,28.133,29.818,40.28,41.7,90.582,90.016,83.27,20,20,40,multiprocess_sample_only,,
yjit-off/puma-response-string-1024kb/puma-1w-3t/repeat-1,yjit-off,false,puma-response-string-1024kb,puma-response-time-wrk,puma/benchmarks/local/response_time_wrk,https://github.com/puma/puma/blob/main/benchmarks/local/response_time_wrk.rb,puma-1w-3t,3,puma,1,3,4580,1000,5.005,5.0,1000,1854,2.009,2.0,5,true,4580,0,915.139,4.957,8.074,17.974,20.79,21.954,95.586,95.586,82.035,20,20,59,multiprocess_sample_only,,
yjit-off/puma-response-io-1024kb/puma-1w-3t/repeat-1,yjit-off,false,puma-response-io-1024kb,puma-response-time-wrk,puma/benchmarks/local/response_time_wrk,https://github.com/puma/puma/blob/main/benchmarks/local/response_time_wrk.rb,puma-1w-3t,3,puma,1,3,4592,1000,5.004,5.0,1000,1863,2.003,2.0,5,true,4592,0,917.682,4.867,8.281,18.08,20.857,215.966,95.59,95.59,80.315,20,20,59,multiprocess_sample_only,,
yjit-off/puma-response-array-2048kb/puma-1w-3t/repeat-1,yjit-off,false,puma-response-array-2048kb,puma-response-time-wrk,puma/benchmarks/local/response_time_wrk,https://github.com/puma/puma/blob/main/benchmarks/local/response_time_wrk.rb,puma-1w-3t,3,puma,1,3,2778,1000,5.008,5.0,1000,1103,2.008,2.0,5,true,2778,0,554.682,8.906,12.463,15.531,18.453,20.219,135.703,88.387,79.915,20,20,59,multiprocess_sample_only,,
yjit-off/puma-response-chunk-2048kb/puma-1w-3t/repeat-1,yjit-off,false,puma-response-chunk-2048kb,puma-response-time-wrk,puma/benchmarks/local/response_time_wrk,https://github.com/puma/puma/blob/main/benchmarks/local/response_time_wrk.rb,puma-1w-3t,3,puma,1,3,1000,1000,8.847,5.0,1000,1000,8.025,2.0,5,true,1000,0,113.032,44.641,51.994,55.056,78.979,82.787,92.973,92.488,79.96,20,20,50,multiprocess_sample_only,,
yjit-off/puma-response-string-2048kb/puma-1w-3t/repeat-1,yjit-off,false,puma-response-string-2048kb,puma-response-time-wrk,puma/benchmarks/local/response_time_wrk,https://github.com/puma/puma/blob/main/benchmarks/local/response_time_wrk.rb,puma-1w-3t,3,puma,1,3,2912,1000,5.012,5.0,1000,1172,2.008,2.0,5,true,2912,0,581.016,8.462,9.852,10.832,15.486,17.027,96.613,96.613,78.91,20,20,54,multiprocess_sample_only,,
yjit-off/puma-response-io-2048kb/puma-1w-3t/repeat-1,yjit-off,false,puma-response-io-2048kb,puma-response-time-wrk,puma/benchmarks/local/response_time_wrk,https://github.com/puma/puma/blob/main/benchmarks/local/response_time_wrk.rb,puma-1w-3t,3,puma,1,3,3046,1000,5.007,5.0,1000,1233,2.006,2.0,5,true,3046,0,608.359,8.07,9.484,10.385,13.975,17.918,96.68,96.68,77.315,20,20,55,multiprocess_sample_only,,
yjit-off/puma-long-tail-fib-200ms-x6p0/puma-1w-3t/repeat-1,yjit-off,false,puma-long-tail-fib-200ms-x6p0,puma-long-tail-hey,puma/benchmarks/local/long_tail_hey + test/rackup/sleep_fibonacci,https://github.com/puma/puma/blob/main/benchmarks/local/long_tail_hey.rb,puma-1w-3t,3,puma,1,3,360,360,50.975,5.0,360,360,50.917,2.0,18,true,360,0,7.062,2536.507,2622.483,2655.735,2685.453,2693.297,121.012,121.012,82.94,20,20,709,multiprocess_sample_only,,
yjit-off/puma-long-tail-fib-200ms-x4p0/puma-1w-3t/repeat-1,yjit-off,false,puma-long-tail-fib-200ms-x4p0,puma-long-tail-hey,puma/benchmarks/local/long_tail_hey + test/rackup/sleep_fibonacci,https://github.com/puma/puma/blob/main/benchmarks/local/long_tail_hey.rb,puma-1w-3t,3,puma,1,3,240,240,33.988,5.0,240,240,33.953,2.0,12,true,240,0,7.061,1696.949,1749.713,1770.288,1790.493,1796.455,118.516,118.516,86.59,20,20,474,multiprocess_sample_only,,
yjit-off/puma-long-tail-fib-200ms-x3p0/puma-1w-3t/repeat-1,yjit-off,false,puma-long-tail-fib-200ms-x3p0,puma-long-tail-hey,puma/benchmarks/local/long_tail_hey + test/rackup/sleep_fibonacci,https://github.com/puma/puma/blob/main/benchmarks/local/long_tail_hey.rb,puma-1w-3t,3,puma,1,3,180,180,25.486,5.0,180,180,25.464,2.0,9,true,180,0,7.063,1275.358,1313.469,1338.166,1353.234,1355.929,119.52,119.52,88.37,20,20,355,multiprocess_sample_only,,
yjit-off/puma-long-tail-fib-200ms-x2p0/puma-1w-3t/repeat-1,yjit-off,false,puma-long-tail-fib-200ms-x2p0,puma-long-tail-hey,puma/benchmarks/local/long_tail_hey + test/rackup/sleep_fibonacci,https://github.com/puma/puma/blob/main/benchmarks/local/long_tail_hey.rb,puma-1w-3t,3,puma,1,3,120,120,17.029,5.0,120,120,16.979,2.0,6,true,120,0,7.047,848.272,897.362,902.189,903.411,903.52,124.848,124.848,89.355,20,20,238,multiprocess_sample_only,,
yjit-off/puma-long-tail-fib-200ms-x1p5/puma-1w-3t/repeat-1,yjit-off,false,puma-long-tail-fib-200ms-x1p5,puma-long-tail-hey,puma/benchmarks/local/long_tail_hey + test/rackup/sleep_fibonacci,https://github.com/puma/puma/blob/main/benchmarks/local/long_tail_hey.rb,puma-1w-3t,3,puma,1,3,100,100,14.165,5.0,100,100,14.188,2.0,5,true,100,0,7.06,740.582,839.181,851.6,857.196,857.818,129.23,129.23,90.0,20,20,198,multiprocess_sample_only,,
yjit-off/puma-long-tail-fib-200ms-x1p0/puma-1w-3t/repeat-1,yjit-off,false,puma-long-tail-fib-200ms-x1p0,puma-long-tail-hey,puma/benchmarks/local/long_tail_hey + test/rackup/sleep_fibonacci,https://github.com/puma/puma/blob/main/benchmarks/local/long_tail_hey.rb,puma-1w-3t,3,puma,1,3,60,60,8.499,5.0,60,60,8.485,2.0,3,true,60,0,7.059,424.285,439.531,450.14,451.991,452.197,129.23,129.23,90.385,20,20,119,multiprocess_sample_only,,
yjit-off/puma-long-tail-fib-200ms-x0p5/puma-1w-3t/repeat-1,yjit-off,false,puma-long-tail-fib-200ms-x0p5,puma-long-tail-hey,puma/benchmarks/local/long_tail_hey + test/rackup/sleep_fibonacci,https://github.com/puma/puma/blob/main/benchmarks/local/long_tail_hey.rb,puma-1w-3t,3,puma,1,3,40,40,5.658,5.0,40,40,5.663,2.0,2,true,40,0,7.07,282.035,292.284,295.077,295.451,295.493,129.23,129.23,90.63,20,20,80,multiprocess_sample_only,,
yjit-off/puma-sleep-fibonacci-1ms/puma-1w-3t/repeat-1,yjit-off,false,puma-sleep-fibonacci-1ms,puma-sleep-fibonacci-test,puma/benchmarks/local/sleep_fibonacci_test + test/rackup/sleep_fibonacci,https://github.com/puma/puma/blob/main/benchmarks/local/sleep_fibonacci_test.rb,puma-1w-3t,3,puma,1,3,3586,10,5.001,5.0,10,1433,2.0,2.0,1,true,3586,0,717.044,1.362,1.468,1.746,2.232,3.889,136.305,136.305,90.515,20,20,71,multiprocess_sample_only,,
yjit-off/puma-sleep-fibonacci-5ms/puma-1w-3t/repeat-1,yjit-off,false,puma-sleep-fibonacci-5ms,puma-sleep-fibonacci-test,puma/benchmarks/local/sleep_fibonacci_test + test/rackup/sleep_fibonacci,https://github.com/puma/puma/blob/main/benchmarks/local/sleep_fibonacci_test.rb,puma-1w-3t,3,puma,1,3,942,10,5.002,5.0,10,377,2.005,2.0,1,true,942,0,188.338,5.276,5.36,5.557,6.117,6.155,138.82,138.82,90.27,20,20,71,multiprocess_sample_only,,
yjit-off/puma-sleep-fibonacci-10ms/puma-1w-3t/repeat-1,yjit-off,false,puma-sleep-fibonacci-10ms,puma-sleep-fibonacci-test,puma/benchmarks/local/sleep_fibonacci_test + test/rackup/sleep_fibonacci,https://github.com/puma/puma/blob/main/benchmarks/local/sleep_fibonacci_test.rb,puma-1w-3t,3,puma,1,3,483,10,5.007,5.0,10,194,2.008,2.0,1,true,483,0,96.474,10.314,10.591,10.792,11.557,11.89,138.82,138.82,90.04,20,20,71,multiprocess_sample_only,,
yjit-off/puma-sleep-fibonacci-50ms/puma-1w-3t/repeat-1,yjit-off,false,puma-sleep-fibonacci-50ms,puma-sleep-fibonacci-test,puma/benchmarks/local/sleep_fibonacci_test + test/rackup/sleep_fibonacci,https://github.com/puma/puma/blob/main/benchmarks/local/sleep_fibonacci_test.rb,puma-1w-3t,3,puma,1,3,100,10,5.047,5.0,10,40,2.021,2.0,1,true,100,0,19.815,50.412,50.574,50.697,50.723,50.725,138.82,138.82,89.795,20,20,72,multiprocess_sample_only,,
yjit-off/puma-sleep-fibonacci-100ms/puma-1w-3t/repeat-1,yjit-off,false,puma-sleep-fibonacci-100ms,puma-sleep-fibonacci-test,puma/benchmarks/local/sleep_fibonacci_test + test/rackup/sleep_fibonacci,https://github.com/puma/puma/blob/main/benchmarks/local/sleep_fibonacci_test.rb,puma-1w-3t,3,puma,1,3,50,10,5.029,5.0,10,20,2.012,2.0,1,true,50,0,9.942,100.53,100.618,100.749,100.842,100.852,138.82,138.82,89.55,20,20,72,multiprocess_sample_only,,
yjit-off/puma-sleep-fibonacci-200ms/puma-1w-3t/repeat-1,yjit-off,false,puma-sleep-fibonacci-200ms,puma-sleep-fibonacci-test,puma/benchmarks/local/sleep_fibonacci_test + test/rackup/sleep_fibonacci,https://github.com/puma/puma/blob/main/benchmarks/local/sleep_fibonacci_test.rb,puma-1w-3t,3,puma,1,3,25,10,5.017,5.0,10,10,2.007,2.0,1,true,25,0,4.983,200.588,200.671,200.744,200.764,200.766,138.82,138.82,89.3,20,20,72,multiprocess_sample_only,,
yjit-off/puma-response-array-1kb/puma-1w-3t/repeat-2,yjit-off,false,puma-response-array-1kb,puma-response-time-wrk,puma/benchmarks/local/response_time_wrk,https://github.com/puma/puma/blob/main/benchmarks/local/response_time_wrk.rb,puma-1w-3t,3,puma,1,3,15506,1000,5.001,5.0,1000,6278,2.001,2.0,5,true,15506,0,3100.524,1.548,2.028,2.503,3.263,4.259,64.477,64.406,96.275,20,20,66,multiprocess_sample_only,,
yjit-off/puma-response-chunk-1kb/puma-1w-3t/repeat-2,yjit-off,false,puma-response-chunk-1kb,puma-response-time-wrk,puma/benchmarks/local/response_time_wrk,https://github.com/puma/puma/blob/main/benchmarks/local/response_time_wrk.rb,puma-1w-3t,3,puma,1,3,15131,1000,5.001,5.0,1000,6178,2.001,2.0,5,true,15131,0,3025.468,1.585,2.102,2.593,3.421,4.216,67.844,67.086,92.305,20,20,66,multiprocess_sample_only,,
yjit-off/puma-response-string-1kb/puma-1w-3t/repeat-2,yjit-off,false,puma-response-string-1kb,puma-response-time-wrk,puma/benchmarks/local/response_time_wrk,https://github.com/puma/puma/blob/main/benchmarks/local/response_time_wrk.rb,puma-1w-3t,3,puma,1,3,15341,1000,5.001,5.0,1000,6359,2.001,2.0,5,true,15341,0,3067.408,1.554,2.095,2.701,3.652,6.709,67.41,67.41,91.165,20,20,66,multiprocess_sample_only,,
yjit-off/puma-response-io-1kb/puma-1w-3t/repeat-2,yjit-off,false,puma-response-io-1kb,puma-response-time-wrk,puma/benchmarks/local/response_time_wrk,https://github.com/puma/puma/blob/main/benchmarks/local/response_time_wrk.rb,puma-1w-3t,3,puma,1,3,15272,1000,5.001,5.0,1000,6274,2.001,2.0,5,true,15272,0,3053.639,1.57,2.124,2.62,3.476,4.978,67.566,67.566,92.175,20,20,66,multiprocess_sample_only,,
yjit-off/puma-response-array-10kb/puma-1w-3t/repeat-2,yjit-off,false,puma-response-array-10kb,puma-response-time-wrk,puma/benchmarks/local/response_time_wrk,https://github.com/puma/puma/blob/main/benchmarks/local/response_time_wrk.rb,puma-1w-3t,3,puma,1,3,15307,1000,5.001,5.0,1000,6282,2.001,2.0,5,true,15307,0,3060.627,1.572,2.089,2.524,3.218,4.482,69.754,69.676,92.6,20,20,66,multiprocess_sample_only,,
yjit-off/puma-response-chunk-10kb/puma-1w-3t/repeat-2,yjit-off,false,puma-response-chunk-10kb,puma-response-time-wrk,puma/benchmarks/local/response_time_wrk,https://github.com/puma/puma/blob/main/benchmarks/local/response_time_wrk.rb,puma-1w-3t,3,puma,1,3,13427,1000,5.001,5.0,1000,5512,2.001,2.0,5,true,13427,0,2684.705,1.793,2.368,2.893,3.654,5.218,69.883,69.883,91.985,20,20,65,multiprocess_sample_only,,
yjit-off/puma-response-string-10kb/puma-1w-3t/repeat-2,yjit-off,false,puma-response-string-10kb,puma-response-time-wrk,puma/benchmarks/local/response_time_wrk,https://github.com/puma/puma/blob/main/benchmarks/local/response_time_wrk.rb,puma-1w-3t,3,puma,1,3,15304,1000,5.002,5.0,1000,6286,2.001,2.0,5,true,15304,0,3059.785,1.569,2.1,2.539,3.346,4.319,70.027,70.027,91.72,20,20,66,multiprocess_sample_only,,
yjit-off/puma-response-io-10kb/puma-1w-3t/repeat-2,yjit-off,false,puma-response-io-10kb,puma-response-time-wrk,puma/benchmarks/local/response_time_wrk,https://github.com/puma/puma/blob/main/benchmarks/local/response_time_wrk.rb,puma-1w-3t,3,puma,1,3,14989,1000,5.001,5.0,1000,6186,2.001,2.0,5,true,14989,0,2997.117,1.593,2.227,2.713,3.639,6.244,71.109,70.773,92.25,20,20,66,multiprocess_sample_only,,
yjit-off/puma-response-array-100kb/puma-1w-3t/repeat-2,yjit-off,false,puma-response-array-100kb,puma-response-time-wrk,puma/benchmarks/local/response_time_wrk,https://github.com/puma/puma/blob/main/benchmarks/local/response_time_wrk.rb,puma-1w-3t,3,puma,1,3,12526,1000,5.001,5.0,1000,5211,2.001,2.0,5,true,12526,0,2504.626,1.932,2.495,3.02,4.173,5.487,80.938,80.055,92.485,20,20,65,multiprocess_sample_only,,
yjit-off/puma-response-chunk-100kb/puma-1w-3t/repeat-2,yjit-off,false,puma-response-chunk-100kb,puma-response-time-wrk,puma/benchmarks/local/response_time_wrk,https://github.com/puma/puma/blob/main/benchmarks/local/response_time_wrk.rb,puma-1w-3t,3,puma,1,3,6378,1000,5.002,5.0,1000,2567,2.004,2.0,5,true,6378,0,1274.969,3.87,4.713,5.173,7.23,8.102,75.703,75.453,91.785,20,20,62,multiprocess_sample_only,,
yjit-off/puma-response-string-100kb/puma-1w-3t/repeat-2,yjit-off,false,puma-response-string-100kb,puma-response-time-wrk,puma/benchmarks/local/response_time_wrk,https://github.com/puma/puma/blob/main/benchmarks/local/response_time_wrk.rb,puma-1w-3t,3,puma,1,3,12439,1000,5.001,5.0,1000,5072,2.001,2.0,5,true,12439,0,2487.224,1.956,2.473,2.873,3.969,5.348,81.285,80.066,91.185,20,20,65,multiprocess_sample_only,,
yjit-off/puma-response-io-100kb/puma-1w-3t/repeat-2,yjit-off,false,puma-response-io-100kb,puma-response-time-wrk,puma/benchmarks/local/response_time_wrk,https://github.com/puma/puma/blob/main/benchmarks/local/response_time_wrk.rb,puma-1w-3t,3,puma,1,3,12499,1000,5.027,5.0,1000,5119,2.03,2.0,5,true,12499,0,2486.506,1.446,2.176,41.31,42.812,43.75,73.102,72.605,90.835,20,20,66,multiprocess_sample_only,,
yjit-off/puma-response-array-256kb/puma-1w-3t/repeat-2,yjit-off,false,puma-response-array-256kb,puma-response-time-wrk,puma/benchmarks/local/response_time_wrk,https://github.com/puma/puma/blob/main/benchmarks/local/response_time_wrk.rb,puma-1w-3t,3,puma,1,3,9467,1000,5.003,5.0,1000,3895,2.002,2.0,5,true,9467,0,1892.319,2.417,3.737,5.772,14.611,16.32,113.867,103.922,90.745,20,20,64,multiprocess_sample_only,,
yjit-off/puma-response-chunk-256kb/puma-1w-3t/repeat-2,yjit-off,false,puma-response-chunk-256kb,puma-response-time-wrk,puma/benchmarks/local/response_time_wrk,https://github.com/puma/puma/blob/main/benchmarks/local/response_time_wrk.rb,puma-1w-3t,3,puma,1,3,3493,1000,5.006,5.0,1000,1467,2.005,2.0,5,true,3493,0,697.829,7.171,8.457,9.197,12.709,13.518,89.086,89.086,90.205,20,20,57,multiprocess_sample_only,,
yjit-off/puma-response-string-256kb/puma-1w-3t/repeat-2,yjit-off,false,puma-response-string-256kb,puma-response-time-wrk,puma/benchmarks/local/response_time_wrk,https://github.com/puma/puma/blob/main/benchmarks/local/response_time_wrk.rb,puma-1w-3t,3,puma,1,3,9663,1000,5.002,5.0,1000,4006,2.002,2.0,5,true,9663,0,1931.955,2.388,3.447,5.342,13.752,14.239,84.625,84.188,89.215,20,20,63,multiprocess_sample_only,,
yjit-off/puma-response-io-256kb/puma-1w-3t/repeat-2,yjit-off,false,puma-response-io-256kb,puma-response-time-wrk,puma/benchmarks/local/response_time_wrk,https://github.com/puma/puma/blob/main/benchmarks/local/response_time_wrk.rb,puma-1w-3t,3,puma,1,3,9551,1000,5.002,5.0,1000,3808,2.002,2.0,5,true,9551,0,1909.565,2.424,3.432,5.46,13.61,17.458,84.375,84.375,88.05,20,20,63,multiprocess_sample_only,,
yjit-off/puma-response-array-512kb/puma-1w-3t/repeat-2,yjit-off,false,puma-response-array-512kb,puma-response-time-wrk,puma/benchmarks/local/response_time_wrk,https://github.com/puma/puma/blob/main/benchmarks/local/response_time_wrk.rb,puma-1w-3t,3,puma,1,3,7137,1000,5.002,5.0,1000,2783,2.004,2.0,5,true,7137,0,1426.735,3.159,5.203,8.246,16.666,20.595,153.418,151.398,87.88,20,20,64,multiprocess_sample_only,,
yjit-off/puma-response-chunk-512kb/puma-1w-3t/repeat-2,yjit-off,false,puma-response-chunk-512kb,puma-response-time-wrk,puma/benchmarks/local/response_time_wrk,https://github.com/puma/puma/blob/main/benchmarks/local/response_time_wrk.rb,puma-1w-3t,3,puma,1,3,1979,1000,5.012,5.0,1000,1000,2.351,2.0,5,true,1979,0,394.874,12.662,15.242,16.525,20.75,23.847,95.535,93.227,87.64,20,20,50,multiprocess_sample_only,,
yjit-off/puma-response-string-512kb/puma-1w-3t/repeat-2,yjit-off,false,puma-response-string-512kb,puma-response-time-wrk,puma/benchmarks/local/response_time_wrk,https://github.com/puma/puma/blob/main/benchmarks/local/response_time_wrk.rb,puma-1w-3t,3,puma,1,3,6968,1000,5.002,5.0,1000,3054,2.004,2.0,5,true,6968,0,1392.927,3.219,5.126,14.953,17.244,19.112,88.18,87.742,86.53,20,20,61,multiprocess_sample_only,,
yjit-off/puma-response-io-512kb/puma-1w-3t/repeat-2,yjit-off,false,puma-response-io-512kb,puma-response-time-wrk,puma/benchmarks/local/response_time_wrk,https://github.com/puma/puma/blob/main/benchmarks/local/response_time_wrk.rb,puma-1w-3t,3,puma,1,3,7253,1000,5.002,5.0,1000,2803,2.003,2.0,5,true,7253,0,1449.877,3.138,4.836,14.868,17.073,19.853,88.117,88.117,85.05,20,20,61,multiprocess_sample_only,,
yjit-off/puma-response-array-1024kb/puma-1w-3t/repeat-2,yjit-off,false,puma-response-array-1024kb,puma-response-time-wrk,puma/benchmarks/local/response_time_wrk,https://github.com/puma/puma/blob/main/benchmarks/local/response_time_wrk.rb,puma-1w-3t,3,puma,1,3,4489,1000,5.004,5.0,1000,1897,2.003,2.0,5,true,4489,0,897.105,5.203,7.096,18.468,21.695,22.77,141.996,111.414,84.475,20,20,59,multiprocess_sample_only,,
yjit-off/puma-response-chunk-1024kb/puma-1w-3t/repeat-2,yjit-off,false,puma-response-chunk-1024kb,puma-response-time-wrk,puma/benchmarks/local/response_time_wrk,https://github.com/puma/puma/blob/main/benchmarks/local/response_time_wrk.rb,puma-1w-3t,3,puma,1,3,1097,1000,5.017,5.0,1000,1000,4.47,2.0,5,true,1097,0,218.644,22.963,27.382,29.246,29.809,32.772,93.285,93.246,84.06,20,20,40,multiprocess_sample_only,,
yjit-off/puma-response-string-1024kb/puma-1w-3t/repeat-2,yjit-off,false,puma-response-string-1024kb,puma-response-time-wrk,puma/benchmarks/local/response_time_wrk,https://github.com/puma/puma/blob/main/benchmarks/local/response_time_wrk.rb,puma-1w-3t,3,puma,1,3,4733,1000,5.004,5.0,1000,1924,2.005,2.0,5,true,4733,0,945.88,4.916,6.59,18.071,21.555,22.535,86.926,86.926,82.835,20,20,59,multiprocess_sample_only,,
yjit-off/puma-response-io-1024kb/puma-1w-3t/repeat-2,yjit-off,false,puma-response-io-1024kb,puma-response-time-wrk,puma/benchmarks/local/response_time_wrk,https://github.com/puma/puma/blob/main/benchmarks/local/response_time_wrk.rb,puma-1w-3t,3,puma,1,3,4705,1000,5.004,5.0,1000,2003,2.004,2.0,5,true,4705,0,940.198,4.916,7.015,18.507,20.714,22.186,86.926,86.926,81.11,20,20,59,multiprocess_sample_only,,
yjit-off/puma-response-array-2048kb/puma-1w-3t/repeat-2,yjit-off,false,puma-response-array-2048kb,puma-response-time-wrk,puma/benchmarks/local/response_time_wrk,https://github.com/puma/puma/blob/main/benchmarks/local/response_time_wrk.rb,puma-1w-3t,3,puma,1,3,2859,1000,5.009,5.0,1000,1090,2.007,2.0,5,true,2859,0,570.807,8.265,14.702,18.004,19.837,21.074,137.199,120.906,80.775,20,20,64,multiprocess_sample_only,,
yjit-off/puma-response-chunk-2048kb/puma-1w-3t/repeat-2,yjit-off,false,puma-response-chunk-2048kb,puma-response-time-wrk,puma/benchmarks/local/response_time_wrk,https://github.com/puma/puma/blob/main/benchmarks/local/response_time_wrk.rb,puma-1w-3t,3,puma,1,3,1000,1000,8.701,5.0,1000,1000,8.577,2.0,5,true,1000,0,114.924,43.196,51.126,55.08,77.203,81.722,95.438,92.988,81.0,20,20,50,multiprocess_sample_only,,
yjit-off/puma-response-string-2048kb/puma-1w-3t/repeat-2,yjit-off,false,puma-response-string-2048kb,puma-response-time-wrk,puma/benchmarks/local/response_time_wrk,https://github.com/puma/puma/blob/main/benchmarks/local/response_time_wrk.rb,puma-1w-3t,3,puma,1,3,2909,1000,5.008,5.0,1000,1156,2.008,2.0,5,true,2909,0,580.887,8.462,9.97,11.227,13.379,14.818,91.625,91.625,79.895,20,20,55,multiprocess_sample_only,,
yjit-off/puma-response-io-2048kb/puma-1w-3t/repeat-2,yjit-off,false,puma-response-io-2048kb,puma-response-time-wrk,puma/benchmarks/local/response_time_wrk,https://github.com/puma/puma/blob/main/benchmarks/local/response_time_wrk.rb,puma-1w-3t,3,puma,1,3,3077,1000,5.008,5.0,1000,1239,2.009,2.0,5,true,3077,0,614.465,7.993,9.429,10.301,14.085,15.216,92.188,92.188,78.25,20,20,55,multiprocess_sample_only,,
yjit-off/puma-long-tail-fib-200ms-x6p0/puma-1w-3t/repeat-2,yjit-off,false,puma-long-tail-fib-200ms-x6p0,puma-long-tail-hey,puma/benchmarks/local/long_tail_hey + test/rackup/sleep_fibonacci,https://github.com/puma/puma/blob/main/benchmarks/local/long_tail_hey.rb,puma-1w-3t,3,puma,1,3,360,360,51.026,5.0,360,360,50.945,2.0,18,true,360,0,7.055,2550.578,2615.591,2644.067,2671.378,2675.287,114.828,114.828,83.595,20,20,708,multiprocess_sample_only,,
yjit-off/puma-long-tail-fib-200ms-x4p0/puma-1w-3t/repeat-2,yjit-off,false,puma-long-tail-fib-200ms-x4p0,puma-long-tail-hey,puma/benchmarks/local/long_tail_hey + test/rackup/sleep_fibonacci,https://github.com/puma/puma/blob/main/benchmarks/local/long_tail_hey.rb,puma-1w-3t,3,puma,1,3,240,240,34.01,5.0,240,240,33.97,2.0,12,true,240,0,7.057,1691.023,1762.713,1787.102,1796.678,1798.388,114.84,114.84,87.105,20,20,473,multiprocess_sample_only,,
yjit-off/puma-long-tail-fib-200ms-x3p0/puma-1w-3t/repeat-2,yjit-off,false,puma-long-tail-fib-200ms-x3p0,puma-long-tail-hey,puma/benchmarks/local/long_tail_hey + test/rackup/sleep_fibonacci,https://github.com/puma/puma/blob/main/benchmarks/local/long_tail_hey.rb,puma-1w-3t,3,puma,1,3,180,180,25.512,5.0,180,180,25.524,2.0,9,true,180,0,7.055,1269.57,1331.462,1339.067,1346.589,1346.634,114.848,114.848,88.815,20,20,356,multiprocess_sample_only,,
yjit-off/puma-long-tail-fib-200ms-x2p0/puma-1w-3t/repeat-2,yjit-off,false,puma-long-tail-fib-200ms-x2p0,puma-long-tail-hey,puma/benchmarks/local/long_tail_hey + test/rackup/sleep_fibonacci,https://github.com/puma/puma/blob/main/benchmarks/local/long_tail_hey.rb,puma-1w-3t,3,puma,1,3,120,120,17.006,5.0,120,120,16.978,2.0,6,true,120,0,7.057,850.445,885.783,897.07,898.733,898.906,114.914,114.914,89.75,20,20,237,multiprocess_sample_only,,
yjit-off/puma-long-tail-fib-200ms-x1p5/puma-1w-3t/repeat-2,yjit-off,false,puma-long-tail-fib-200ms-x1p5,puma-long-tail-hey,puma/benchmarks/local/long_tail_hey + test/rackup/sleep_fibonacci,https://github.com/puma/puma/blob/main/benchmarks/local/long_tail_hey.rb,puma-1w-3t,3,puma,1,3,100,100,14.19,5.0,100,100,14.149,2.0,5,true,100,0,7.047,752.333,863.761,873.537,881.43,882.307,114.914,114.914,90.39,20,20,198,multiprocess_sample_only,,
yjit-off/puma-long-tail-fib-200ms-x1p0/puma-1w-3t/repeat-2,yjit-off,false,puma-long-tail-fib-200ms-x1p0,puma-long-tail-hey,puma/benchmarks/local/long_tail_hey + test/rackup/sleep_fibonacci,https://github.com/puma/puma/blob/main/benchmarks/local/long_tail_hey.rb,puma-1w-3t,3,puma,1,3,60,60,8.496,5.0,60,60,8.494,2.0,3,true,60,0,7.062,424.139,442.868,448.864,451.048,451.291,114.918,114.918,90.76,20,20,119,multiprocess_sample_only,,
yjit-off/puma-long-tail-fib-200ms-x0p5/puma-1w-3t/repeat-2,yjit-off,false,puma-long-tail-fib-200ms-x0p5,puma-long-tail-hey,puma/benchmarks/local/long_tail_hey + test/rackup/sleep_fibonacci,https://github.com/puma/puma/blob/main/benchmarks/local/long_tail_hey.rb,puma-1w-3t,3,puma,1,3,40,40,5.669,5.0,40,40,5.657,2.0,2,true,40,0,7.056,282.973,296.096,302.63,305.638,305.972,114.918,114.918,90.985,20,20,80,multiprocess_sample_only,,
yjit-off/puma-sleep-fibonacci-1ms/puma-1w-3t/repeat-2,yjit-off,false,puma-sleep-fibonacci-1ms,puma-sleep-fibonacci-test,puma/benchmarks/local/sleep_fibonacci_test + test/rackup/sleep_fibonacci,https://github.com/puma/puma/blob/main/benchmarks/local/sleep_fibonacci_test.rb,puma-1w-3t,3,puma,1,3,3590,10,5.0,5.0,10,1444,2.001,2.0,1,true,3590,0,717.979,1.366,1.455,1.656,2.431,2.797,130.172,130.172,90.87,20,20,70,multiprocess_sample_only,,
yjit-off/puma-sleep-fibonacci-5ms/puma-1w-3t/repeat-2,yjit-off,false,puma-sleep-fibonacci-5ms,puma-sleep-fibonacci-test,puma/benchmarks/local/sleep_fibonacci_test + test/rackup/sleep_fibonacci,https://github.com/puma/puma/blob/main/benchmarks/local/sleep_fibonacci_test.rb,puma-1w-3t,3,puma,1,3,940,10,5.001,5.0,10,378,2.005,2.0,1,true,940,0,187.97,5.287,5.38,5.623,6.068,6.293,132.07,132.07,90.64,20,20,71,multiprocess_sample_only,,
yjit-off/puma-sleep-fibonacci-10ms/puma-1w-3t/repeat-2,yjit-off,false,puma-sleep-fibonacci-10ms,puma-sleep-fibonacci-test,puma/benchmarks/local/sleep_fibonacci_test + test/rackup/sleep_fibonacci,https://github.com/puma/puma/blob/main/benchmarks/local/sleep_fibonacci_test.rb,puma-1w-3t,3,puma,1,3,483,10,5.001,5.0,10,192,2.003,2.0,1,true,483,0,96.581,10.319,10.398,10.622,11.303,11.386,132.137,132.137,90.39,20,20,71,multiprocess_sample_only,,
yjit-off/puma-sleep-fibonacci-50ms/puma-1w-3t/repeat-2,yjit-off,false,puma-sleep-fibonacci-50ms,puma-sleep-fibonacci-test,puma/benchmarks/local/sleep_fibonacci_test + test/rackup/sleep_fibonacci,https://github.com/puma/puma/blob/main/benchmarks/local/sleep_fibonacci_test.rb,puma-1w-3t,3,puma,1,3,100,10,5.048,5.0,10,40,2.021,2.0,1,true,100,0,19.808,50.434,50.548,50.627,50.665,50.67,132.137,132.137,90.145,20,20,72,multiprocess_sample_only,,
yjit-off/puma-sleep-fibonacci-100ms/puma-1w-3t/repeat-2,yjit-off,false,puma-sleep-fibonacci-100ms,puma-sleep-fibonacci-test,puma/benchmarks/local/sleep_fibonacci_test + test/rackup/sleep_fibonacci,https://github.com/puma/puma/blob/main/benchmarks/local/sleep_fibonacci_test.rb,puma-1w-3t,3,puma,1,3,50,10,5.028,5.0,10,20,2.013,2.0,1,true,50,0,9.944,100.505,100.628,100.716,100.752,100.756,132.141,132.141,89.895,20,20,71,multiprocess_sample_only,,
yjit-off/puma-sleep-fibonacci-200ms/puma-1w-3t/repeat-2,yjit-off,false,puma-sleep-fibonacci-200ms,puma-sleep-fibonacci-test,puma/benchmarks/local/sleep_fibonacci_test + test/rackup/sleep_fibonacci,https://github.com/puma/puma/blob/main/benchmarks/local/sleep_fibonacci_test.rb,puma-1w-3t,3,puma,1,3,25,10,5.016,5.0,10,10,2.007,2.0,1,true,25,0,4.984,200.556,200.637,200.964,201.057,201.067,132.141,132.141,89.65,20,20,72,multiprocess_sample_only,,
yjit-off/puma-response-array-1kb/puma-1w-3t/repeat-3,yjit-off,false,puma-response-array-1kb,puma-response-time-wrk,puma/benchmarks/local/response_time_wrk,https://github.com/puma/puma/blob/main/benchmarks/local/response_time_wrk.rb,puma-1w-3t,3,puma,1,3,15505,1000,5.001,5.0,1000,6292,2.001,2.0,5,true,15505,0,3100.115,1.551,2.03,2.444,3.237,3.845,64.508,64.465,96.47,20,20,66,multiprocess_sample_only,,
yjit-off/puma-response-chunk-1kb/puma-1w-3t/repeat-3,yjit-off,false,puma-response-chunk-1kb,puma-response-time-wrk,puma/benchmarks/local/response_time_wrk,https://github.com/puma/puma/blob/main/benchmarks/local/response_time_wrk.rb,puma-1w-3t,3,puma,1,3,15115,1000,5.001,5.0,1000,6205,2.001,2.0,5,true,15115,0,3022.13,1.591,2.075,2.558,3.348,4.005,64.863,64.656,92.065,20,20,66,multiprocess_sample_only,,
yjit-off/puma-response-string-1kb/puma-1w-3t/repeat-3,yjit-off,false,puma-response-string-1kb,puma-response-time-wrk,puma/benchmarks/local/response_time_wrk,https://github.com/puma/puma/blob/main/benchmarks/local/response_time_wrk.rb,puma-1w-3t,3,puma,1,3,15534,1000,5.001,5.0,1000,6342,2.001,2.0,5,true,15534,0,3106.106,1.547,2.035,2.474,3.217,4.781,64.473,64.473,91.155,20,20,66,multiprocess_sample_only,,
yjit-off/puma-response-io-1kb/puma-1w-3t/repeat-3,yjit-off,false,puma-response-io-1kb,puma-response-time-wrk,puma/benchmarks/local/response_time_wrk,https://github.com/puma/puma/blob/main/benchmarks/local/response_time_wrk.rb,puma-1w-3t,3,puma,1,3,15277,1000,5.001,5.0,1000,6293,2.001,2.0,5,true,15277,0,3054.662,1.575,2.096,2.584,3.257,4.12,64.965,64.965,92.345,20,20,66,multiprocess_sample_only,,
yjit-off/puma-response-array-10kb/puma-1w-3t/repeat-3,yjit-off,false,puma-response-array-10kb,puma-response-time-wrk,puma/benchmarks/local/response_time_wrk,https://github.com/puma/puma/blob/main/benchmarks/local/response_time_wrk.rb,puma-1w-3t,3,puma,1,3,15328,1000,5.001,5.0,1000,6246,2.001,2.0,5,true,15328,0,3064.761,1.566,2.083,2.509,3.341,4.222,66.422,66.422,92.69,20,20,66,multiprocess_sample_only,,
yjit-off/puma-response-chunk-10kb/puma-1w-3t/repeat-3,yjit-off,false,puma-response-chunk-10kb,puma-response-time-wrk,puma/benchmarks/local/response_time_wrk,https://github.com/puma/puma/blob/main/benchmarks/local/response_time_wrk.rb,puma-1w-3t,3,puma,1,3,13413,1000,5.001,5.0,1000,5526,2.001,2.0,5,true,13413,0,2681.919,1.795,2.342,2.865,3.66,4.695,66.91,66.91,92.12,20,20,65,multiprocess_sample_only,,
yjit-off/puma-response-string-10kb/puma-1w-3t/repeat-3,yjit-off,false,puma-response-string-10kb,puma-response-time-wrk,puma/benchmarks/local/response_time_wrk,https://github.com/puma/puma/blob/main/benchmarks/local/response_time_wrk.rb,puma-1w-3t,3,puma,1,3,15358,1000,5.001,5.0,1000,6287,2.001,2.0,5,true,15358,0,3070.893,1.561,2.092,2.531,3.134,4.069,67.051,67.051,91.885,20,20,66,multiprocess_sample_only,,
yjit-off/puma-response-io-10kb/puma-1w-3t/repeat-3,yjit-off,false,puma-response-io-10kb,puma-response-time-wrk,puma/benchmarks/local/response_time_wrk,https://github.com/puma/puma/blob/main/benchmarks/local/response_time_wrk.rb,puma-1w-3t,3,puma,1,3,15070,1000,5.001,5.0,1000,6192,2.001,2.0,5,true,15070,0,3013.223,1.591,2.157,2.617,3.323,4.474,67.828,67.813,92.355,20,20,66,multiprocess_sample_only,,
yjit-off/puma-response-array-100kb/puma-1w-3t/repeat-3,yjit-off,false,puma-response-array-100kb,puma-response-time-wrk,puma/benchmarks/local/response_time_wrk,https://github.com/puma/puma/blob/main/benchmarks/local/response_time_wrk.rb,puma-1w-3t,3,puma,1,3,12343,1000,5.001,5.0,1000,5127,2.002,2.0,5,true,12343,0,2467.895,1.95,2.573,3.224,4.363,5.344,97.559,89.066,92.695,20,20,65,multiprocess_sample_only,,
yjit-off/puma-response-chunk-100kb/puma-1w-3t/repeat-3,yjit-off,false,puma-response-chunk-100kb,puma-response-time-wrk,puma/benchmarks/local/response_time_wrk,https://github.com/puma/puma/blob/main/benchmarks/local/response_time_wrk.rb,puma-1w-3t,3,puma,1,3,6442,1000,5.003,5.0,1000,2619,2.003,2.0,5,true,6442,0,1287.724,3.842,4.665,5.188,7.563,8.513,82.25,82.219,92.035,20,20,62,multiprocess_sample_only,,
yjit-off/puma-response-string-100kb/puma-1w-3t/repeat-3,yjit-off,false,puma-response-string-100kb,puma-response-time-wrk,puma/benchmarks/local/response_time_wrk,https://github.com/puma/puma/blob/main/benchmarks/local/response_time_wrk.rb,puma-1w-3t,3,puma,1,3,12315,1000,5.001,5.0,1000,5073,2.001,2.0,5,true,12315,0,2462.337,1.98,2.457,2.779,3.938,4.779,100.68,99.469,91.24,20,20,65,multiprocess_sample_only,,
yjit-off/puma-response-io-100kb/puma-1w-3t/repeat-3,yjit-off,false,puma-response-io-100kb,puma-response-time-wrk,puma/benchmarks/local/response_time_wrk,https://github.com/puma/puma/blob/main/benchmarks/local/response_time_wrk.rb,puma-1w-3t,3,puma,1,3,12294,1000,5.03,5.0,1000,5084,2.029,2.0,5,true,12294,0,2444.237,1.837,2.416,3.156,42.408,43.266,79.715,79.277,90.63,20,20,66,multiprocess_sample_only,,
yjit-off/puma-response-array-256kb/puma-1w-3t/repeat-3,yjit-off,false,puma-response-array-256kb,puma-response-time-wrk,puma/benchmarks/local/response_time_wrk,https://github.com/puma/puma/blob/main/benchmarks/local/response_time_wrk.rb,puma-1w-3t,3,puma,1,3,9068,1000,5.002,5.0,1000,3690,2.003,2.0,5,true,9068,0,1812.957,2.454,4.224,7.791,15.495,17.155,113.414,107.68,90.15,20,20,63,multiprocess_sample_only,,
yjit-off/puma-response-chunk-256kb/puma-1w-3t/repeat-3,yjit-off,false,puma-response-chunk-256kb,puma-response-time-wrk,puma/benchmarks/local/response_time_wrk,https://github.com/puma/puma/blob/main/benchmarks/local/response_time_wrk.rb,puma-1w-3t,3,puma,1,3,3520,1000,5.005,5.0,1000,1446,2.006,2.0,5,true,3520,0,703.254,7.098,8.455,9.158,12.611,13.808,88.672,88.645,89.655,20,20,57,multiprocess_sample_only,,
yjit-off/puma-response-string-256kb/puma-1w-3t/repeat-3,yjit-off,false,puma-response-string-256kb,puma-response-time-wrk,puma/benchmarks/local/response_time_wrk,https://github.com/puma/puma/blob/main/benchmarks/local/response_time_wrk.rb,puma-1w-3t,3,puma,1,3,9238,1000,5.002,5.0,1000,3780,2.002,2.0,5,true,9238,0,1846.904,2.452,3.949,7.2,15.208,16.861,84.07,84.07,88.45,20,20,63,multiprocess_sample_only,,
yjit-off/puma-response-io-256kb/puma-1w-3t/repeat-3,yjit-off,false,puma-response-io-256kb,puma-response-time-wrk,puma/benchmarks/local/response_time_wrk,https://github.com/puma/puma/blob/main/benchmarks/local/response_time_wrk.rb,puma-1w-3t,3,puma,1,3,9115,1000,5.002,5.0,1000,3587,2.003,2.0,5,true,9115,0,1822.425,2.456,4.167,7.161,15.407,18.14,83.762,83.695,87.115,20,20,63,multiprocess_sample_only,,
yjit-off/puma-response-array-512kb/puma-1w-3t/repeat-3,yjit-off,false,puma-response-array-512kb,puma-response-time-wrk,puma/benchmarks/local/response_time_wrk,https://github.com/puma/puma/blob/main/benchmarks/local/response_time_wrk.rb,puma-1w-3t,3,puma,1,3,6978,1000,5.003,5.0,1000,2641,2.003,2.0,5,true,6978,0,1394.767,3.139,5.774,15.781,18.067,18.484,139.688,132.262,86.775,20,20,63,multiprocess_sample_only,,
yjit-off/puma-response-chunk-512kb/puma-1w-3t/repeat-3,yjit-off,false,puma-response-chunk-512kb,puma-response-time-wrk,puma/benchmarks/local/response_time_wrk,https://github.com/puma/puma/blob/main/benchmarks/local/response_time_wrk.rb,puma-1w-3t,3,puma,1,3,1986,1000,5.011,5.0,1000,1000,2.479,2.0,5,true,1986,0,396.301,12.628,15.015,15.952,21.101,22.949,94.547,94.547,86.39,20,20,50,multiprocess_sample_only,,
yjit-off/puma-response-string-512kb/puma-1w-3t/repeat-3,yjit-off,false,puma-response-string-512kb,puma-response-time-wrk,puma/benchmarks/local/response_time_wrk,https://github.com/puma/puma/blob/main/benchmarks/local/response_time_wrk.rb,puma-1w-3t,3,puma,1,3,6998,1000,5.005,5.0,1000,2959,2.003,2.0,5,true,6998,0,1398.321,3.147,5.679,16.176,18.174,20.991,93.363,93.363,85.28,20,20,62,multiprocess_sample_only,,
yjit-off/puma-response-io-512kb/puma-1w-3t/repeat-3,yjit-off,false,puma-response-io-512kb,puma-response-time-wrk,puma/benchmarks/local/response_time_wrk,https://github.com/puma/puma/blob/main/benchmarks/local/response_time_wrk.rb,puma-1w-3t,3,puma,1,3,6833,1000,5.004,5.0,1000,2692,2.002,2.0,5,true,6833,0,1365.545,3.214,5.565,16.284,18.152,206.859,93.363,93.363,83.75,20,20,62,multiprocess_sample_only,,
yjit-off/puma-response-array-1024kb/puma-1w-3t/repeat-3,yjit-off,false,puma-response-array-1024kb,puma-response-time-wrk,puma/benchmarks/local/response_time_wrk,https://github.com/puma/puma/blob/main/benchmarks/local/response_time_wrk.rb,puma-1w-3t,3,puma,1,3,4390,1000,5.005,5.0,1000,1733,2.005,2.0,5,true,4390,0,877.148,5.158,8.708,20.297,23.063,23.432,154.965,135.105,82.975,20,20,58,multiprocess_sample_only,,
yjit-off/puma-response-chunk-1024kb/puma-1w-3t/repeat-3,yjit-off,false,puma-response-chunk-1024kb,puma-response-time-wrk,puma/benchmarks/local/response_time_wrk,https://github.com/puma/puma/blob/main/benchmarks/local/response_time_wrk.rb,puma-1w-3t,3,puma,1,3,1088,1000,5.017,5.0,1000,1000,4.394,2.0,5,true,1088,0,216.865,22.922,27.524,29.521,42.781,44.866,104.496,103.719,82.695,20,20,41,multiprocess_sample_only,,
yjit-off/puma-response-string-1024kb/puma-1w-3t/repeat-3,yjit-off,false,puma-response-string-1024kb,puma-response-time-wrk,puma/benchmarks/local/response_time_wrk,https://github.com/puma/puma/blob/main/benchmarks/local/response_time_wrk.rb,puma-1w-3t,3,puma,1,3,4589,1000,5.004,5.0,1000,1807,2.003,2.0,5,true,4589,0,917.031,4.855,8.415,20.494,23.766,24.992,98.676,98.676,81.46,20,20,58,multiprocess_sample_only,,
yjit-off/puma-response-io-1024kb/puma-1w-3t/repeat-3,yjit-off,false,puma-response-io-1024kb,puma-response-time-wrk,puma/benchmarks/local/response_time_wrk,https://github.com/puma/puma/blob/main/benchmarks/local/response_time_wrk.rb,puma-1w-3t,3,puma,1,3,4561,1000,5.003,5.0,1000,1845,2.008,2.0,5,true,4561,0,911.569,4.918,8.039,20.37,22.553,27.63,98.676,98.676,79.74,20,20,59,multiprocess_sample_only,,
yjit-off/puma-response-array-2048kb/puma-1w-3t/repeat-3,yjit-off,false,puma-response-array-2048kb,puma-response-time-wrk,puma/benchmarks/local/response_time_wrk,https://github.com/puma/puma/blob/main/benchmarks/local/response_time_wrk.rb,puma-1w-3t,3,puma,1,3,2693,1000,5.007,5.0,1000,1153,2.006,2.0,5,true,2693,0,537.892,9.2,10.965,12.8,17.702,19.81,113.855,96.758,79.475,20,20,55,multiprocess_sample_only,,
yjit-off/puma-response-chunk-2048kb/puma-1w-3t/repeat-3,yjit-off,false,puma-response-chunk-2048kb,puma-response-time-wrk,puma/benchmarks/local/response_time_wrk,https://github.com/puma/puma/blob/main/benchmarks/local/response_time_wrk.rb,puma-1w-3t,3,puma,1,3,1000,1000,8.747,5.0,1000,1000,8.279,2.0,5,true,1000,0,114.322,43.01,51.273,55.493,78.269,86.742,111.93,107.625,79.53,20,20,50,multiprocess_sample_only,,
yjit-off/puma-response-string-2048kb/puma-1w-3t/repeat-3,yjit-off,false,puma-response-string-2048kb,puma-response-time-wrk,puma/benchmarks/local/response_time_wrk,https://github.com/puma/puma/blob/main/benchmarks/local/response_time_wrk.rb,puma-1w-3t,3,puma,1,3,2924,1000,5.007,5.0,1000,1244,2.007,2.0,5,true,2924,0,584.01,8.409,9.965,11.179,14.991,17.088,98.18,98.121,78.45,20,20,54,multiprocess_sample_only,,
yjit-off/puma-response-io-2048kb/puma-1w-3t/repeat-3,yjit-off,false,puma-response-io-2048kb,puma-response-time-wrk,puma/benchmarks/local/response_time_wrk,https://github.com/puma/puma/blob/main/benchmarks/local/response_time_wrk.rb,puma-1w-3t,3,puma,1,3,2958,1000,5.006,5.0,1000,1191,2.007,2.0,5,true,2958,0,590.867,8.265,9.804,10.695,12.276,17.557,98.496,98.121,76.82,20,20,55,multiprocess_sample_only,,
yjit-off/puma-long-tail-fib-200ms-x6p0/puma-1w-3t/repeat-3,yjit-off,false,puma-long-tail-fib-200ms-x6p0,puma-long-tail-hey,puma/benchmarks/local/long_tail_hey + test/rackup/sleep_fibonacci,https://github.com/puma/puma/blob/main/benchmarks/local/long_tail_hey.rb,puma-1w-3t,3,puma,1,3,360,360,50.979,5.0,360,360,50.955,2.0,18,true,360,0,7.062,2546.806,2616.863,2645.052,2657.21,2657.483,113.422,113.422,82.565,20,20,708,multiprocess_sample_only,,
yjit-off/puma-long-tail-fib-200ms-x4p0/puma-1w-3t/repeat-3,yjit-off,false,puma-long-tail-fib-200ms-x4p0,puma-long-tail-hey,puma/benchmarks/local/long_tail_hey + test/rackup/sleep_fibonacci,https://github.com/puma/puma/blob/main/benchmarks/local/long_tail_hey.rb,puma-1w-3t,3,puma,1,3,240,240,33.996,5.0,240,240,33.999,2.0,12,true,240,0,7.06,1696.044,1750.13,1784.692,1792.118,1792.221,116.301,116.301,86.29,20,20,473,multiprocess_sample_only,,
yjit-off/puma-long-tail-fib-200ms-x3p0/puma-1w-3t/repeat-3,yjit-off,false,puma-long-tail-fib-200ms-x3p0,puma-long-tail-hey,puma/benchmarks/local/long_tail_hey + test/rackup/sleep_fibonacci,https://github.com/puma/puma/blob/main/benchmarks/local/long_tail_hey.rb,puma-1w-3t,3,puma,1,3,180,180,25.507,5.0,180,180,25.482,2.0,9,true,180,0,7.057,1265.866,1327.201,1348.103,1350.236,1350.355,116.746,116.746,88.115,20,20,355,multiprocess_sample_only,,
yjit-off/puma-long-tail-fib-200ms-x2p0/puma-1w-3t/repeat-3,yjit-off,false,puma-long-tail-fib-200ms-x2p0,puma-long-tail-hey,puma/benchmarks/local/long_tail_hey + test/rackup/sleep_fibonacci,https://github.com/puma/puma/blob/main/benchmarks/local/long_tail_hey.rb,puma-1w-3t,3,puma,1,3,120,120,17.005,5.0,120,120,16.984,2.0,6,true,120,0,7.057,846.414,885.425,897.939,900.642,901.0,116.813,116.813,89.12,20,20,238,multiprocess_sample_only,,
yjit-off/puma-long-tail-fib-200ms-x1p5/puma-1w-3t/repeat-3,yjit-off,false,puma-long-tail-fib-200ms-x1p5,puma-long-tail-hey,puma/benchmarks/local/long_tail_hey + test/rackup/sleep_fibonacci,https://github.com/puma/puma/blob/main/benchmarks/local/long_tail_hey.rb,puma-1w-3t,3,puma,1,3,100,100,14.175,5.0,100,100,14.175,2.0,5,true,100,0,7.055,750.7,863.015,874.505,881.586,882.373,116.816,116.816,89.78,20,20,198,multiprocess_sample_only,,
yjit-off/puma-long-tail-fib-200ms-x1p0/puma-1w-3t/repeat-3,yjit-off,false,puma-long-tail-fib-200ms-x1p0,puma-long-tail-hey,puma/benchmarks/local/long_tail_hey + test/rackup/sleep_fibonacci,https://github.com/puma/puma/blob/main/benchmarks/local/long_tail_hey.rb,puma-1w-3t,3,puma,1,3,60,60,8.499,5.0,60,60,8.497,2.0,3,true,60,0,7.06,423.65,441.633,446.82,448.176,448.327,116.816,116.816,90.185,20,20,120,multiprocess_sample_only,,
yjit-off/puma-long-tail-fib-200ms-x0p5/puma-1w-3t/repeat-3,yjit-off,false,puma-long-tail-fib-200ms-x0p5,puma-long-tail-hey,puma/benchmarks/local/long_tail_hey + test/rackup/sleep_fibonacci,https://github.com/puma/puma/blob/main/benchmarks/local/long_tail_hey.rb,puma-1w-3t,3,puma,1,3,40,40,5.668,5.0,40,40,5.66,2.0,2,true,40,0,7.057,282.71,293.51,294.229,294.362,294.377,116.816,116.816,90.425,20,20,80,multiprocess_sample_only,,
yjit-off/puma-sleep-fibonacci-1ms/puma-1w-3t/repeat-3,yjit-off,false,puma-sleep-fibonacci-1ms,puma-sleep-fibonacci-test,puma/benchmarks/local/sleep_fibonacci_test + test/rackup/sleep_fibonacci,https://github.com/puma/puma/blob/main/benchmarks/local/sleep_fibonacci_test.rb,puma-1w-3t,3,puma,1,3,3610,10,5.001,5.0,10,1451,2.0,2.0,1,true,3610,0,721.87,1.359,1.441,1.681,2.259,2.537,126.574,126.574,90.325,20,20,71,multiprocess_sample_only,,
yjit-off/puma-sleep-fibonacci-5ms/puma-1w-3t/repeat-3,yjit-off,false,puma-sleep-fibonacci-5ms,puma-sleep-fibonacci-test,puma/benchmarks/local/sleep_fibonacci_test + test/rackup/sleep_fibonacci,https://github.com/puma/puma/blob/main/benchmarks/local/sleep_fibonacci_test.rb,puma-1w-3t,3,puma,1,3,943,10,5.004,5.0,10,376,2.004,2.0,1,true,943,0,188.464,5.274,5.371,5.602,6.224,6.551,126.574,126.574,90.08,20,20,71,multiprocess_sample_only,,
yjit-off/puma-sleep-fibonacci-10ms/puma-1w-3t/repeat-3,yjit-off,false,puma-sleep-fibonacci-10ms,puma-sleep-fibonacci-test,puma/benchmarks/local/sleep_fibonacci_test + test/rackup/sleep_fibonacci,https://github.com/puma/puma/blob/main/benchmarks/local/sleep_fibonacci_test.rb,puma-1w-3t,3,puma,1,3,483,10,5.002,5.0,10,193,2.007,2.0,1,true,483,0,96.561,10.319,10.401,10.717,11.238,11.276,126.574,126.574,89.85,20,20,71,multiprocess_sample_only,,
yjit-off/puma-sleep-fibonacci-50ms/puma-1w-3t/repeat-3,yjit-off,false,puma-sleep-fibonacci-50ms,puma-sleep-fibonacci-test,puma/benchmarks/local/sleep_fibonacci_test + test/rackup/sleep_fibonacci,https://github.com/puma/puma/blob/main/benchmarks/local/sleep_fibonacci_test.rb,puma-1w-3t,3,puma,1,3,99,10,5.005,5.0,10,40,2.021,2.0,1,true,99,0,19.779,50.438,50.657,50.726,50.885,50.902,126.574,126.574,89.615,20,20,71,multiprocess_sample_only,,
yjit-off/puma-sleep-fibonacci-100ms/puma-1w-3t/repeat-3,yjit-off,false,puma-sleep-fibonacci-100ms,puma-sleep-fibonacci-test,puma/benchmarks/local/sleep_fibonacci_test + test/rackup/sleep_fibonacci,https://github.com/puma/puma/blob/main/benchmarks/local/sleep_fibonacci_test.rb,puma-1w-3t,3,puma,1,3,50,10,5.031,5.0,10,20,2.012,2.0,1,true,50,0,9.939,100.537,100.702,100.742,100.748,100.749,126.574,126.574,89.365,20,20,72,multiprocess_sample_only,,
yjit-off/puma-sleep-fibonacci-200ms/puma-1w-3t/repeat-3,yjit-off,false,puma-sleep-fibonacci-200ms,puma-sleep-fibonacci-test,puma/benchmarks/local/sleep_fibonacci_test + test/rackup/sleep_fibonacci,https://github.com/puma/puma/blob/main/benchmarks/local/sleep_fibonacci_test.rb,puma-1w-3t,3,puma,1,3,25,10,5.016,5.0,10,10,2.007,2.0,1,true,25,0,4.984,200.564,200.649,200.652,200.652,200.652,126.574,126.574,89.13,20,20,72,multiprocess_sample_only,,
yjit-on/puma-response-array-1kb/raptor-3r/repeat-1,yjit-on,true,puma-response-array-1kb,puma-response-time-wrk,puma/benchmarks/local/response_time_wrk,https://github.com/puma/puma/blob/main/benchmarks/local/response_time_wrk.rb,raptor-3r,3,raptor,3,,1000,1000,16.135,5.0,1000,1000,16.121,2.0,5,true,1000,0,61.976,41.003,41.974,42.345,4034.624,4038.036,30.488,30.488,3.48,20,20,228,same_worker,16,717808
yjit-on/puma-response-chunk-1kb/raptor-3r/repeat-1,yjit-on,true,puma-response-chunk-1kb,puma-response-time-wrk,puma/benchmarks/local/response_time_wrk,https://github.com/puma/puma/blob/main/benchmarks/local/response_time_wrk.rb,raptor-3r,3,raptor,3,,1000,1000,16.118,5.0,1000,1000,16.097,2.0,5,true,1000,0,62.042,40.989,41.97,42.266,4030.211,4032.046,31.0,31.0,2.705,20,20,227,same_worker,16,716238
yjit-on/puma-response-string-1kb/raptor-3r/repeat-1,yjit-on,true,puma-response-string-1kb,puma-response-time-wrk,puma/benchmarks/local/response_time_wrk,https://github.com/puma/puma/blob/main/benchmarks/local/response_time_wrk.rb,raptor-3r,3,raptor,3,,1000,1000,16.131,5.0,1000,1000,16.094,2.0,5,true,1000,0,61.992,40.993,41.983,42.32,4031.726,4032.621,31.438,31.438,2.49,20,20,227,same_worker,16,717910
yjit-on/puma-response-io-1kb/raptor-3r/repeat-1,yjit-on,true,puma-response-io-1kb,puma-response-time-wrk,puma/benchmarks/local/response_time_wrk,https://github.com/puma/puma/blob/main/benchmarks/local/response_time_wrk.rb,raptor-3r,3,raptor,3,,1000,1000,16.119,5.0,1000,1000,16.088,2.0,5,true,1000,0,62.039,40.992,41.973,42.326,4030.384,4032.309,31.523,31.523,2.4,20,20,227,same_worker,16,728474
yjit-on/puma-response-array-10kb/raptor-3r/repeat-1,yjit-on,true,puma-response-array-10kb,puma-response-time-wrk,puma/benchmarks/local/response_time_wrk,https://github.com/puma/puma/blob/main/benchmarks/local/response_time_wrk.rb,raptor-3r,3,raptor,3,,1000,1000,16.119,5.0,1000,1000,16.085,2.0,5,true,1000,0,62.039,40.989,41.971,42.321,4030.059,4030.23,31.605,31.605,2.385,20,20,227,same_worker,16,719249
yjit-on/puma-response-chunk-10kb/raptor-3r/repeat-1,yjit-on,true,puma-response-chunk-10kb,puma-response-time-wrk,puma/benchmarks/local/response_time_wrk,https://github.com/puma/puma/blob/main/benchmarks/local/response_time_wrk.rb,raptor-3r,3,raptor,3,,1000,1000,16.132,5.0,1000,1000,16.084,2.0,5,true,1000,0,61.99,40.995,41.994,42.257,4033.138,4071.016,31.613,31.613,2.3,20,20,227,same_worker,16,716243
yjit-on/puma-response-string-10kb/raptor-3r/repeat-1,yjit-on,true,puma-response-string-10kb,puma-response-time-wrk,puma/benchmarks/local/response_time_wrk,https://github.com/puma/puma/blob/main/benchmarks/local/response_time_wrk.rb,raptor-3r,3,raptor,3,,1000,1000,16.119,5.0,1000,1000,16.085,2.0,5,true,1000,0,62.037,40.993,41.975,42.352,4033.151,4034.761,31.633,31.633,2.3,20,20,227,same_worker,16,719237
yjit-on/puma-response-io-10kb/raptor-3r/repeat-1,yjit-on,true,puma-response-io-10kb,puma-response-time-wrk,puma/benchmarks/local/response_time_wrk,https://github.com/puma/puma/blob/main/benchmarks/local/response_time_wrk.rb,raptor-3r,3,raptor,3,,1000,1000,16.112,5.0,1000,1000,16.091,2.0,5,true,1000,0,62.066,40.995,41.961,42.355,4032.372,4037.273,32.781,32.781,2.3,20,20,227,same_worker,17,746466
yjit-on/puma-response-array-100kb/raptor-3r/repeat-1,yjit-on,true,puma-response-array-100kb,puma-response-time-wrk,puma/benchmarks/local/response_time_wrk,https://github.com/puma/puma/blob/main/benchmarks/local/response_time_wrk.rb,raptor-3r,3,raptor,3,,1000,1000,14.694,5.0,1000,1000,12.249,2.0,5,true,1000,0,68.056,40.981,41.98,42.232,3674.614,3752.128,32.781,32.781,2.47,20,20,207,same_worker,16,720062
yjit-on/puma-response-chunk-100kb/raptor-3r/repeat-1,yjit-on,true,puma-response-chunk-100kb,puma-response-time-wrk,puma/benchmarks/local/response_time_wrk,https://github.com/puma/puma/blob/main/benchmarks/local/response_time_wrk.rb,raptor-3r,3,raptor,3,,1000,1000,15.203,5.0,1000,1000,12.932,2.0,5,true,1000,0,65.777,40.981,41.979,42.173,3749.237,3874.328,32.867,32.867,2.6,20,20,214,same_worker,16,716231
yjit-on/puma-response-string-100kb/raptor-3r/repeat-1,yjit-on,true,puma-response-string-100kb,puma-response-time-wrk,puma/benchmarks/local/response_time_wrk,https://github.com/puma/puma/blob/main/benchmarks/local/response_time_wrk.rb,raptor-3r,3,raptor,3,,11853,1000,5.002,5.0,1000,4911,2.001,2.0,5,true,11853,0,2369.684,1.204,1.946,6.261,126.161,133.699,33.117,33.117,3.79,20,20,67,same_worker,204,8523491
yjit-on/puma-response-io-100kb/raptor-3r/repeat-1,yjit-on,true,puma-response-io-100kb,puma-response-time-wrk,puma/benchmarks/local/response_time_wrk,https://github.com/puma/puma/blob/main/benchmarks/local/response_time_wrk.rb,raptor-3r,3,raptor,3,,1000,1000,15.821,5.0,1000,1000,14.028,2.0,5,true,1000,0,63.205,40.985,41.979,42.136,3956.691,3981.229,38.848,38.848,4.4,20,20,223,same_worker,24,925231
yjit-on/puma-response-array-256kb/raptor-3r/repeat-1,yjit-on,true,puma-response-array-256kb,puma-response-time-wrk,puma/benchmarks/local/response_time_wrk,https://github.com/puma/puma/blob/main/benchmarks/local/response_time_wrk.rb,raptor-3r,3,raptor,3,,1000,1000,12.745,5.0,1000,1000,11.194,2.0,5,true,1000,0,78.462,41.745,42.169,43.007,3040.184,3691.039,38.848,38.848,4.57,20,20,179,same_worker,18,719249
yjit-on/puma-response-chunk-256kb/raptor-3r/repeat-1,yjit-on,true,puma-response-chunk-256kb,puma-response-time-wrk,puma/benchmarks/local/response_time_wrk,https://github.com/puma/puma/blob/main/benchmarks/local/response_time_wrk.rb,raptor-3r,3,raptor,3,,1000,1000,13.619,5.0,1000,1000,13.006,2.0,5,true,1000,0,73.428,41.881,42.531,43.402,3760.239,3784.689,38.848,38.848,4.76,20,20,191,same_worker,18,716243
yjit-on/puma-response-string-256kb/raptor-3r/repeat-1,yjit-on,true,puma-response-string-256kb,puma-response-time-wrk,puma/benchmarks/local/response_time_wrk,https://github.com/puma/puma/blob/main/benchmarks/local/response_time_wrk.rb,raptor-3r,3,raptor,3,,8711,1000,5.002,5.0,1000,3724,2.002,2.0,5,true,8711,0,1741.542,1.564,2.628,17.75,169.109,189.454,38.848,38.848,5.55,20,20,66,same_worker,163,6265687
yjit-on/puma-response-io-256kb/raptor-3r/repeat-1,yjit-on,true,puma-response-io-256kb,puma-response-time-wrk,puma/benchmarks/local/response_time_wrk,https://github.com/puma/puma/blob/main/benchmarks/local/response_time_wrk.rb,raptor-3r,3,raptor,3,,1000,1000,14.821,5.0,1000,1000,14.278,2.0,5,true,1000,0,67.474,41.958,42.95,43.334,3720.201,3886.336,47.879,47.879,6.085,20,20,208,same_worker,37,1235719
yjit-on/puma-response-array-512kb/raptor-3r/repeat-1,yjit-on,true,puma-response-array-512kb,puma-response-time-wrk,puma/benchmarks/local/response_time_wrk,https://github.com/puma/puma/blob/main/benchmarks/local/response_time_wrk.rb,raptor-3r,3,raptor,3,,1000,1000,14.951,5.0,1000,1000,15.068,2.0,5,true,1000,0,66.885,41.981,42.994,44.799,3745.505,3981.724,47.879,47.879,6.28,20,20,210,same_worker,20,720470
yjit-on/puma-response-chunk-512kb/raptor-3r/repeat-1,yjit-on,true,puma-response-chunk-512kb,puma-response-time-wrk,puma/benchmarks/local/response_time_wrk,https://github.com/puma/puma/blob/main/benchmarks/local/response_time_wrk.rb,raptor-3r,3,raptor,3,,1000,1000,15.157,5.0,1000,1000,16.104,2.0,5,true,1000,0,65.975,41.984,43.01,44.19,3850.289,3949.479,47.879,47.879,6.53,20,20,212,same_worker,20,716231
yjit-on/puma-response-string-512kb/raptor-3r/repeat-1,yjit-on,true,puma-response-string-512kb,puma-response-time-wrk,puma/benchmarks/local/response_time_wrk,https://github.com/puma/puma/blob/main/benchmarks/local/response_time_wrk.rb,raptor-3r,3,raptor,3,,6674,1000,5.003,5.0,1000,2649,2.003,2.0,5,true,6674,0,1333.912,1.993,3.538,18.023,230.823,257.116,47.879,47.879,7.015,20,20,64,same_worker,136,4797033
yjit-on/puma-response-io-512kb/raptor-3r/repeat-1,yjit-on,true,puma-response-io-512kb,puma-response-time-wrk,puma/benchmarks/local/response_time_wrk,https://github.com/puma/puma/blob/main/benchmarks/local/response_time_wrk.rb,raptor-3r,3,raptor,3,,1000,1000,15.472,5.0,1000,1000,15.225,2.0,5,true,1000,0,64.635,42.856,43.955,44.932,3875.806,3878.074,54.801,53.977,7.56,20,20,217,same_worker,59,1748880
yjit-on/puma-response-array-1024kb/raptor-3r/repeat-1,yjit-on,true,puma-response-array-1024kb,puma-response-time-wrk,puma/benchmarks/local/response_time_wrk,https://github.com/puma/puma/blob/main/benchmarks/local/response_time_wrk.rb,raptor-3r,3,raptor,3,,1000,1000,14.857,5.0,1000,1000,14.835,2.0,5,true,1000,0,67.308,43.041,44.755,50.098,3659.889,3845.669,53.977,53.977,8.085,20,20,208,same_worker,21,719237
yjit-on/puma-response-chunk-1024kb/raptor-3r/repeat-1,yjit-on,true,puma-response-chunk-1024kb,puma-response-time-wrk,puma/benchmarks/local/response_time_wrk,https://github.com/puma/puma/blob/main/benchmarks/local/response_time_wrk.rb,raptor-3r,3,raptor,3,,1000,1000,15.01,5.0,1000,1000,15.494,2.0,5,true,1000,0,66.623,43.594,44.947,46.754,3760.027,3833.855,53.977,53.977,8.615,20,20,210,same_worker,21,716237
yjit-on/puma-response-string-1024kb/raptor-3r/repeat-1,yjit-on,true,puma-response-string-1024kb,puma-response-time-wrk,puma/benchmarks/local/response_time_wrk,https://github.com/puma/puma/blob/main/benchmarks/local/response_time_wrk.rb,raptor-3r,3,raptor,3,,4670,1000,5.004,5.0,1000,1853,2.004,2.0,5,true,4670,0,933.202,2.843,5.532,18.986,320.266,338.796,56.941,56.941,9.005,20,20,63,same_worker,102,3357974
yjit-on/puma-response-io-1024kb/raptor-3r/repeat-1,yjit-on,true,puma-response-io-1024kb,puma-response-time-wrk,puma/benchmarks/local/response_time_wrk,https://github.com/puma/puma/blob/main/benchmarks/local/response_time_wrk.rb,raptor-3r,3,raptor,3,,1000,1000,15.95,5.0,1000,1000,16.369,2.0,5,true,1000,0,62.697,43.998,45.986,47.967,3910.563,3950.814,62.406,62.406,9.74,20,20,222,same_worker,107,2773243
yjit-on/puma-response-array-2048kb/raptor-3r/repeat-1,yjit-on,true,puma-response-array-2048kb,puma-response-time-wrk,puma/benchmarks/local/response_time_wrk,https://github.com/puma/puma/blob/main/benchmarks/local/response_time_wrk.rb,raptor-3r,3,raptor,3,,1000,1000,14.894,5.0,1000,1000,16.76,2.0,5,true,1000,0,67.142,45.856,47.743,49.608,3535.135,3764.143,59.512,59.512,10.76,20,20,206,same_worker,23,717907
yjit-on/puma-response-chunk-2048kb/raptor-3r/repeat-1,yjit-on,true,puma-response-chunk-2048kb,puma-response-time-wrk,puma/benchmarks/local/response_time_wrk,https://github.com/puma/puma/blob/main/benchmarks/local/response_time_wrk.rb,raptor-3r,3,raptor,3,,1000,1000,15.221,5.0,1000,1000,16.359,2.0,5,true,1000,0,65.698,45.97,48.16,51.706,3652.357,4058.781,59.512,59.512,11.82,20,20,211,same_worker,23,714935
yjit-on/puma-response-string-2048kb/raptor-3r/repeat-1,yjit-on,true,puma-response-string-2048kb,puma-response-time-wrk,puma/benchmarks/local/response_time_wrk,https://github.com/puma/puma/blob/main/benchmarks/local/response_time_wrk.rb,raptor-3r,3,raptor,3,,2963,1000,5.008,5.0,1000,1240,2.009,2.0,5,true,2963,0,591.661,4.913,6.784,15.338,511.118,516.317,65.523,65.523,12.225,20,20,60,same_worker,69,2129183
yjit-on/puma-response-io-2048kb/raptor-3r/repeat-1,yjit-on,true,puma-response-io-2048kb,puma-response-time-wrk,puma/benchmarks/local/response_time_wrk,https://github.com/puma/puma/blob/main/benchmarks/local/response_time_wrk.rb,raptor-3r,3,raptor,3,,1000,1000,17.271,5.0,1000,1000,17.795,2.0,5,true,1000,0,57.9,47.918,50.591,54.276,4284.646,4367.821,77.48,77.066,13.33,20,20,239,same_worker,133,4821231
yjit-on/puma-long-tail-fib-200ms-x6p0/raptor-3r/repeat-1,yjit-on,true,puma-long-tail-fib-200ms-x6p0,puma-long-tail-hey,puma/benchmarks/local/long_tail_hey + test/rackup/sleep_fibonacci,https://github.com/puma/puma/blob/main/benchmarks/local/long_tail_hey.rb,raptor-3r,3,raptor,3,,363,360,29.0,5.0,360,360,28.755,2.0,18,true,363,0,12.517,241.691,242.928,19611.739,24400.571,24400.613,73.449,73.449,22.44,20,20,398,same_worker,1,62998
yjit-on/puma-long-tail-fib-200ms-x4p0/raptor-3r/repeat-1,yjit-on,true,puma-long-tail-fib-200ms-x4p0,puma-long-tail-hey,puma/benchmarks/local/long_tail_hey + test/rackup/sleep_fibonacci,https://github.com/puma/puma/blob/main/benchmarks/local/long_tail_hey.rb,raptor-3r,3,raptor,3,,243,240,19.409,5.0,240,240,19.172,2.0,12,true,243,0,12.52,241.585,242.896,12797.058,14808.841,14808.858,73.461,73.461,30.44,20,20,266,same_worker,1,43469
yjit-on/puma-long-tail-fib-200ms-x3p0/raptor-3r/repeat-1,yjit-on,true,puma-long-tail-fib-200ms-x3p0,puma-long-tail-hey,puma/benchmarks/local/long_tail_hey + test/rackup/sleep_fibonacci,https://github.com/puma/puma/blob/main/benchmarks/local/long_tail_hey.rb,raptor-3r,3,raptor,3,,183,180,14.617,5.0,180,180,14.378,2.0,9,true,183,0,12.52,241.603,242.884,10019.599,10022.565,10023.044,73.469,73.469,35.7,20,20,201,same_worker,0,31426
yjit-on/puma-long-tail-fib-200ms-x2p0/raptor-3r/repeat-1,yjit-on,true,puma-long-tail-fib-200ms-x2p0,puma-long-tail-hey,puma/benchmarks/local/long_tail_hey + test/rackup/sleep_fibonacci,https://github.com/puma/puma/blob/main/benchmarks/local/long_tail_hey.rb,raptor-3r,3,raptor,3,,123,120,9.828,5.0,120,120,9.586,2.0,6,true,123,0,12.516,241.688,242.491,5234.182,5235.547,5235.733,73.473,73.473,39.135,20,20,136,same_worker,0,23285
yjit-on/puma-long-tail-fib-200ms-x1p5/raptor-3r/repeat-1,yjit-on,true,puma-long-tail-fib-200ms-x1p5,puma-long-tail-hey,puma/benchmarks/local/long_tail_hey + test/rackup/sleep_fibonacci,https://github.com/puma/puma/blob/main/benchmarks/local/long_tail_hey.rb,raptor-3r,3,raptor,3,,103,100,9.823,5.0,100,100,9.579,2.0,5,true,103,0,10.486,241.486,242.49,5132.14,5233.944,5234.174,73.477,73.477,41.67,20,20,136,same_worker,0,17657
yjit-on/puma-long-tail-fib-200ms-x1p0/raptor-3r/repeat-1,yjit-on,true,puma-long-tail-fib-200ms-x1p0,puma-long-tail-hey,puma/benchmarks/local/long_tail_hey + test/rackup/sleep_fibonacci,https://github.com/puma/puma/blob/main/benchmarks/local/long_tail_hey.rb,raptor-3r,3,raptor,3,,63,60,5.037,5.0,60,60,4.791,2.0,3,true,63,0,12.508,241.693,242.458,242.626,242.668,242.673,73.48,73.48,43.225,20,20,70,same_worker,1,13299
yjit-on/puma-long-tail-fib-200ms-x0p5/raptor-3r/repeat-1,yjit-on,true,puma-long-tail-fib-200ms-x0p5,puma-long-tail-hey,puma/benchmarks/local/long_tail_hey + test/rackup/sleep_fibonacci,https://github.com/puma/puma/blob/main/benchmarks/local/long_tail_hey.rb,raptor-3r,3,raptor,3,,42,40,5.034,5.0,40,40,4.784,2.0,2,true,42,0,8.344,241.674,242.24,242.331,242.337,242.338,73.48,73.48,44.185,20,20,71,same_worker,0,8310
yjit-on/puma-sleep-fibonacci-1ms/raptor-3r/repeat-1,yjit-on,true,puma-sleep-fibonacci-1ms,puma-sleep-fibonacci-test,puma/benchmarks/local/sleep_fibonacci_test + test/rackup/sleep_fibonacci,https://github.com/puma/puma/blob/main/benchmarks/local/sleep_fibonacci_test.rb,raptor-3r,3,raptor,3,,122,10,5.008,5.0,10,49,2.019,2.0,1,true,122,0,24.362,41.976,42.124,42.949,42.96,42.961,73.512,73.512,44.175,20,20,72,same_worker,1,22484
yjit-on/puma-sleep-fibonacci-5ms/raptor-3r/repeat-1,yjit-on,true,puma-sleep-fibonacci-5ms,puma-sleep-fibonacci-test,puma/benchmarks/local/sleep_fibonacci_test + test/rackup/sleep_fibonacci,https://github.com/puma/puma/blob/main/benchmarks/local/sleep_fibonacci_test.rb,raptor-3r,3,raptor,3,,113,10,5.027,5.0,10,45,2.029,2.0,1,true,113,0,22.479,45.695,46.11,46.986,47.323,47.365,73.523,73.523,43.895,20,20,72,same_worker,0,20669
yjit-on/puma-sleep-fibonacci-10ms/raptor-3r/repeat-1,yjit-on,true,puma-sleep-fibonacci-10ms,puma-sleep-fibonacci-test,puma/benchmarks/local/sleep_fibonacci_test + test/rackup/sleep_fibonacci,https://github.com/puma/puma/blob/main/benchmarks/local/sleep_fibonacci_test.rb,raptor-3r,3,raptor,3,,99,10,5.02,5.0,10,40,2.009,2.0,1,true,99,0,19.722,50.985,51.953,52.014,52.037,52.04,73.543,73.543,43.665,20,20,72,same_worker,1,19128
yjit-on/puma-sleep-fibonacci-50ms/raptor-3r/repeat-1,yjit-on,true,puma-sleep-fibonacci-50ms,puma-sleep-fibonacci-test,puma/benchmarks/local/sleep_fibonacci_test + test/rackup/sleep_fibonacci,https://github.com/puma/puma/blob/main/benchmarks/local/sleep_fibonacci_test.rb,raptor-3r,3,raptor,3,,56,10,5.072,5.0,10,23,2.059,2.0,1,true,56,0,11.041,90.971,92.016,92.175,92.318,92.334,73.547,73.547,43.6,20,20,72,same_worker,0,8375
yjit-on/puma-sleep-fibonacci-100ms/raptor-3r/repeat-1,yjit-on,true,puma-sleep-fibonacci-100ms,puma-sleep-fibonacci-test,puma/benchmarks/local/sleep_fibonacci_test + test/rackup/sleep_fibonacci,https://github.com/puma/puma/blob/main/benchmarks/local/sleep_fibonacci_test.rb,raptor-3r,3,raptor,3,,36,10,5.066,5.0,10,15,2.079,2.0,1,true,36,0,7.106,141.961,142.347,142.97,142.987,142.989,73.574,73.574,43.6,20,20,72,same_worker,0,5976
yjit-on/puma-sleep-fibonacci-200ms/raptor-3r/repeat-1,yjit-on,true,puma-sleep-fibonacci-200ms,puma-sleep-fibonacci-test,puma/benchmarks/local/sleep_fibonacci_test + test/rackup/sleep_fibonacci,https://github.com/puma/puma/blob/main/benchmarks/local/sleep_fibonacci_test.rb,raptor-3r,3,raptor,3,,21,10,5.031,5.0,10,10,2.374,2.0,1,true,21,0,4.174,240.99,242.053,242.197,242.23,242.233,73.578,73.578,43.73,20,20,72,same_worker,0,3888
yjit-on/puma-response-array-1kb/raptor-3r/repeat-2,yjit-on,true,puma-response-array-1kb,puma-response-time-wrk,puma/benchmarks/local/response_time_wrk,https://github.com/puma/puma/blob/main/benchmarks/local/response_time_wrk.rb,raptor-3r,3,raptor,3,,1000,1000,16.12,5.0,1000,1000,16.131,2.0,5,true,1000,0,62.037,40.992,41.969,42.308,4030.524,4030.634,29.367,29.367,3.495,20,20,227,same_worker,31,718070
yjit-on/puma-response-chunk-1kb/raptor-3r/repeat-2,yjit-on,true,puma-response-chunk-1kb,puma-response-time-wrk,puma/benchmarks/local/response_time_wrk,https://github.com/puma/puma/blob/main/benchmarks/local/response_time_wrk.rb,raptor-3r,3,raptor,3,,1000,1000,16.125,5.0,1000,1000,16.098,2.0,5,true,1000,0,62.014,40.99,41.967,42.357,4031.675,4032.046,29.477,29.477,2.74,20,20,227,same_worker,31,714984
yjit-on/puma-response-string-1kb/raptor-3r/repeat-2,yjit-on,true,puma-response-string-1kb,puma-response-time-wrk,puma/benchmarks/local/response_time_wrk,https://github.com/puma/puma/blob/main/benchmarks/local/response_time_wrk.rb,raptor-3r,3,raptor,3,,1000,1000,16.123,5.0,1000,1000,16.093,2.0,5,true,1000,0,62.025,40.991,41.985,42.378,4031.526,4033.255,29.629,29.629,2.505,20,20,227,same_worker,32,719243
yjit-on/puma-response-io-1kb/raptor-3r/repeat-2,yjit-on,true,puma-response-io-1kb,puma-response-time-wrk,puma/benchmarks/local/response_time_wrk,https://github.com/puma/puma/blob/main/benchmarks/local/response_time_wrk.rb,raptor-3r,3,raptor,3,,1000,1000,16.125,5.0,1000,1000,16.088,2.0,5,true,1000,0,62.016,40.993,41.97,42.317,4030.084,4030.789,29.902,29.902,2.445,20,20,227,same_worker,33,727237
yjit-on/puma-response-array-10kb/raptor-3r/repeat-2,yjit-on,true,puma-response-array-10kb,puma-response-time-wrk,puma/benchmarks/local/response_time_wrk,https://github.com/puma/puma/blob/main/benchmarks/local/response_time_wrk.rb,raptor-3r,3,raptor,3,,1000,1000,16.12,5.0,1000,1000,16.089,2.0,5,true,1000,0,62.036,40.992,41.972,42.35,4030.258,4032.922,29.969,29.969,2.4,20,20,227,same_worker,33,719249
yjit-on/puma-response-chunk-10kb/raptor-3r/repeat-2,yjit-on,true,puma-response-chunk-10kb,puma-response-time-wrk,puma/benchmarks/local/response_time_wrk,https://github.com/puma/puma/blob/main/benchmarks/local/response_time_wrk.rb,raptor-3r,3,raptor,3,,1000,1000,16.117,5.0,1000,1000,16.085,2.0,5,true,1000,0,62.047,40.989,41.97,42.209,4029.198,4031.428,29.973,29.973,2.4,20,20,227,same_worker,34,716290
yjit-on/puma-response-string-10kb/raptor-3r/repeat-2,yjit-on,true,puma-response-string-10kb,puma-response-time-wrk,puma/benchmarks/local/response_time_wrk,https://github.com/puma/puma/blob/main/benchmarks/local/response_time_wrk.rb,raptor-3r,3,raptor,3,,1000,1000,16.115,5.0,1000,1000,16.087,2.0,5,true,1000,0,62.054,40.988,41.972,42.348,4028.075,4028.339,29.996,29.996,2.385,20,20,227,same_worker,34,720301
yjit-on/puma-response-io-10kb/raptor-3r/repeat-2,yjit-on,true,puma-response-io-10kb,puma-response-time-wrk,puma/benchmarks/local/response_time_wrk,https://github.com/puma/puma/blob/main/benchmarks/local/response_time_wrk.rb,raptor-3r,3,raptor,3,,1000,1000,16.127,5.0,1000,1000,16.089,2.0,5,true,1000,0,62.009,40.993,41.968,42.39,4034.034,4035.902,30.488,30.488,2.385,20,20,227,same_worker,36,746666
yjit-on/puma-response-array-100kb/raptor-3r/repeat-2,yjit-on,true,puma-response-array-100kb,puma-response-time-wrk,puma/benchmarks/local/response_time_wrk,https://github.com/puma/puma/blob/main/benchmarks/local/response_time_wrk.rb,raptor-3r,3,raptor,3,,1000,1000,14.722,5.0,1000,1000,14.749,2.0,5,true,1000,0,67.927,40.981,41.978,42.124,3873.883,3910.628,30.492,30.492,2.5,20,20,208,same_worker,36,719249
yjit-on/puma-response-chunk-100kb/raptor-3r/repeat-2,yjit-on,true,puma-response-chunk-100kb,puma-response-time-wrk,puma/benchmarks/local/response_time_wrk,https://github.com/puma/puma/blob/main/benchmarks/local/response_time_wrk.rb,raptor-3r,3,raptor,3,,1000,1000,14.972,5.0,1000,1000,14.501,2.0,5,true,1000,0,66.793,40.983,41.976,42.986,3873.661,3876.638,30.52,30.52,2.645,20,20,211,same_worker,36,716237
yjit-on/puma-response-string-100kb/raptor-3r/repeat-2,yjit-on,true,puma-response-string-100kb,puma-response-time-wrk,puma/benchmarks/local/response_time_wrk,https://github.com/puma/puma/blob/main/benchmarks/local/response_time_wrk.rb,raptor-3r,3,raptor,3,,12019,1000,5.002,5.0,1000,4960,2.002,2.0,5,true,12019,0,2403.027,1.199,1.895,7.321,121.703,127.412,30.91,30.91,3.84,20,20,67,same_worker,487,8642603
yjit-on/puma-response-io-100kb/raptor-3r/repeat-2,yjit-on,true,puma-response-io-100kb,puma-response-time-wrk,puma/benchmarks/local/response_time_wrk,https://github.com/puma/puma/blob/main/benchmarks/local/response_time_wrk.rb,raptor-3r,3,raptor,3,,1000,1000,14.963,5.0,1000,1000,14.31,2.0,5,true,1000,0,66.833,40.984,41.989,42.933,3843.585,3843.863,34.582,34.582,4.5,20,20,211,same_worker,59,925243
yjit-on/puma-response-array-256kb/raptor-3r/repeat-2,yjit-on,true,puma-response-array-256kb,puma-response-time-wrk,puma/benchmarks/local/response_time_wrk,https://github.com/puma/puma/blob/main/benchmarks/local/response_time_wrk.rb,raptor-3r,3,raptor,3,,1000,1000,13.732,5.0,1000,1000,12.332,2.0,5,true,1000,0,72.822,41.896,42.207,49.485,3623.444,3734.278,34.582,34.582,4.65,20,20,193,same_worker,45,719243
yjit-on/puma-response-chunk-256kb/raptor-3r/repeat-2,yjit-on,true,puma-response-chunk-256kb,puma-response-time-wrk,puma/benchmarks/local/response_time_wrk,https://github.com/puma/puma/blob/main/benchmarks/local/response_time_wrk.rb,raptor-3r,3,raptor,3,,1000,1000,13.891,5.0,1000,1000,12.892,2.0,5,true,1000,0,71.988,41.895,42.373,43.716,3718.862,3724.665,34.582,34.582,4.84,20,20,195,same_worker,31,717675
yjit-on/puma-response-string-256kb/raptor-3r/repeat-2,yjit-on,true,puma-response-string-256kb,puma-response-time-wrk,puma/benchmarks/local/response_time_wrk,https://github.com/puma/puma/blob/main/benchmarks/local/response_time_wrk.rb,raptor-3r,3,raptor,3,,8703,1000,5.003,5.0,1000,3523,2.002,2.0,5,true,8703,0,1739.578,1.563,2.624,18.51,179.552,200.102,35.109,35.109,5.57,20,20,66,same_worker,296,6259450
yjit-on/puma-response-io-256kb/raptor-3r/repeat-2,yjit-on,true,puma-response-io-256kb,puma-response-time-wrk,puma/benchmarks/local/response_time_wrk,https://github.com/puma/puma/blob/main/benchmarks/local/response_time_wrk.rb,raptor-3r,3,raptor,3,,1000,1000,14.852,5.0,1000,1000,14.194,2.0,5,true,1000,0,67.331,41.97,42.944,43.192,3806.783,3869.151,38.992,38.992,6.08,20,20,208,same_worker,68,1236575
yjit-on/puma-response-array-512kb/raptor-3r/repeat-2,yjit-on,true,puma-response-array-512kb,puma-response-time-wrk,puma/benchmarks/local/response_time_wrk,https://github.com/puma/puma/blob/main/benchmarks/local/response_time_wrk.rb,raptor-3r,3,raptor,3,,1000,1000,14.459,5.0,1000,1000,14.392,2.0,5,true,1000,0,69.162,41.98,43.008,44.722,3697.926,3818.168,39.004,39.004,6.325,20,20,203,same_worker,36,718141
yjit-on/puma-response-chunk-512kb/raptor-3r/repeat-2,yjit-on,true,puma-response-chunk-512kb,puma-response-time-wrk,puma/benchmarks/local/response_time_wrk,https://github.com/puma/puma/blob/main/benchmarks/local/response_time_wrk.rb,raptor-3r,3,raptor,3,,1000,1000,14.938,5.0,1000,1000,14.666,2.0,5,true,1000,0,66.943,41.982,43.099,47.24,3872.675,3883.914,39.004,39.004,6.56,20,20,209,same_worker,37,716249
yjit-on/puma-response-string-512kb/raptor-3r/repeat-2,yjit-on,true,puma-response-string-512kb,puma-response-time-wrk,puma/benchmarks/local/response_time_wrk,https://github.com/puma/puma/blob/main/benchmarks/local/response_time_wrk.rb,raptor-3r,3,raptor,3,,6801,1000,5.003,5.0,1000,2587,2.003,2.0,5,true,6801,0,1359.327,1.95,3.299,17.945,223.554,241.358,39.68,39.68,7.06,20,20,64,same_worker,269,4889833
yjit-on/puma-response-io-512kb/raptor-3r/repeat-2,yjit-on,true,puma-response-io-512kb,puma-response-time-wrk,puma/benchmarks/local/response_time_wrk,https://github.com/puma/puma/blob/main/benchmarks/local/response_time_wrk.rb,raptor-3r,3,raptor,3,,1000,1000,15.212,5.0,1000,1000,15.296,2.0,5,true,1000,0,65.738,42.847,43.648,44.378,3668.911,3801.585,48.793,48.793,7.575,20,20,213,same_worker,90,1749243
yjit-on/puma-response-array-1024kb/raptor-3r/repeat-2,yjit-on,true,puma-response-array-1024kb,puma-response-time-wrk,puma/benchmarks/local/response_time_wrk,https://github.com/puma/puma/blob/main/benchmarks/local/response_time_wrk.rb,raptor-3r,3,raptor,3,,1000,1000,11.971,5.0,1000,1000,14.999,2.0,5,true,1000,0,83.535,42.987,44.702,46.974,2652.292,2970.107,45.438,45.438,8.17,20,20,166,same_worker,32,720299
yjit-on/puma-response-chunk-1024kb/raptor-3r/repeat-2,yjit-on,true,puma-response-chunk-1024kb,puma-response-time-wrk,puma/benchmarks/local/response_time_wrk,https://github.com/puma/puma/blob/main/benchmarks/local/response_time_wrk.rb,raptor-3r,3,raptor,3,,1000,1000,15.372,5.0,1000,1000,13.811,2.0,5,true,1000,0,65.055,43.323,44.839,47.773,3787.816,4059.785,43.473,43.473,8.735,20,20,214,same_worker,33,716249
yjit-on/puma-response-string-1024kb/raptor-3r/repeat-2,yjit-on,true,puma-response-string-1024kb,puma-response-time-wrk,puma/benchmarks/local/response_time_wrk,https://github.com/puma/puma/blob/main/benchmarks/local/response_time_wrk.rb,raptor-3r,3,raptor,3,,4494,1000,5.006,5.0,1000,1936,2.004,2.0,5,true,4494,0,897.791,2.926,5.46,21.39,332.282,347.937,46.391,46.391,9.1,20,20,63,same_worker,152,3231387
yjit-on/puma-response-io-1024kb/raptor-3r/repeat-2,yjit-on,true,puma-response-io-1024kb,puma-response-time-wrk,puma/benchmarks/local/response_time_wrk,https://github.com/puma/puma/blob/main/benchmarks/local/response_time_wrk.rb,raptor-3r,3,raptor,3,,1000,1000,15.348,5.0,1000,1000,15.965,2.0,5,true,1000,0,65.157,43.998,45.952,49.358,3686.173,3901.031,51.996,51.996,9.86,20,20,213,same_worker,156,2773237
yjit-on/puma-response-array-2048kb/raptor-3r/repeat-2,yjit-on,true,puma-response-array-2048kb,puma-response-time-wrk,puma/benchmarks/local/response_time_wrk,https://github.com/puma/puma/blob/main/benchmarks/local/response_time_wrk.rb,raptor-3r,3,raptor,3,,1000,1000,15.812,5.0,1000,1000,16.245,2.0,5,true,1000,0,63.244,45.933,47.897,49.781,3842.539,3851.309,51.996,51.996,10.84,20,20,219,same_worker,32,719237
yjit-on/puma-response-chunk-2048kb/raptor-3r/repeat-2,yjit-on,true,puma-response-chunk-2048kb,puma-response-time-wrk,puma/benchmarks/local/response_time_wrk,https://github.com/puma/puma/blob/main/benchmarks/local/response_time_wrk.rb,raptor-3r,3,raptor,3,,1000,1000,15.266,5.0,1000,1000,15.741,2.0,5,true,1000,0,65.503,45.95,48.109,50.009,3807.723,3894.511,51.996,51.996,11.9,20,20,211,same_worker,32,714417
yjit-on/puma-response-string-2048kb/raptor-3r/repeat-2,yjit-on,true,puma-response-string-2048kb,puma-response-time-wrk,puma/benchmarks/local/response_time_wrk,https://github.com/puma/puma/blob/main/benchmarks/local/response_time_wrk.rb,raptor-3r,3,raptor,3,,2963,1000,5.006,5.0,1000,1198,2.008,2.0,5,true,2963,0,591.919,4.888,6.99,17.5,507.956,530.751,58.008,58.008,12.275,20,20,60,same_worker,99,2130431
yjit-on/puma-response-io-2048kb/raptor-3r/repeat-2,yjit-on,true,puma-response-io-2048kb,puma-response-time-wrk,puma/benchmarks/local/response_time_wrk,https://github.com/puma/puma/blob/main/benchmarks/local/response_time_wrk.rb,raptor-3r,3,raptor,3,,1000,1000,17.16,5.0,1000,1000,17.798,2.0,5,true,1000,0,58.276,47.405,50.117,53.506,4240.252,4325.412,82.699,82.699,13.44,20,20,238,same_worker,113,4819900
yjit-on/puma-long-tail-fib-200ms-x6p0/raptor-3r/repeat-2,yjit-on,true,puma-long-tail-fib-200ms-x6p0,puma-long-tail-hey,puma/benchmarks/local/long_tail_hey + test/rackup/sleep_fibonacci,https://github.com/puma/puma/blob/main/benchmarks/local/long_tail_hey.rb,raptor-3r,3,raptor,3,,363,360,28.999,5.0,360,360,28.752,2.0,18,true,363,0,12.518,241.747,242.983,19605.03,24397.516,24397.879,83.102,83.102,22.57,20,20,398,same_worker,1,65657
yjit-on/puma-long-tail-fib-200ms-x4p0/raptor-3r/repeat-2,yjit-on,true,puma-long-tail-fib-200ms-x4p0,puma-long-tail-hey,puma/benchmarks/local/long_tail_hey + test/rackup/sleep_fibonacci,https://github.com/puma/puma/blob/main/benchmarks/local/long_tail_hey.rb,raptor-3r,3,raptor,3,,243,240,19.414,5.0,240,240,19.167,2.0,12,true,243,0,12.516,241.704,243.017,12800.186,14811.207,14811.255,83.117,83.117,30.59,20,20,267,same_worker,1,45028
yjit-on/puma-long-tail-fib-200ms-x3p0/raptor-3r/repeat-2,yjit-on,true,puma-long-tail-fib-200ms-x3p0,puma-long-tail-hey,puma/benchmarks/local/long_tail_hey + test/rackup/sleep_fibonacci,https://github.com/puma/puma/blob/main/benchmarks/local/long_tail_hey.rb,raptor-3r,3,raptor,3,,183,180,14.618,5.0,180,180,14.379,2.0,9,true,183,0,12.519,241.533,242.909,10020.497,10021.781,10021.903,83.148,83.148,35.865,20,20,201,same_worker,1,33204
yjit-on/puma-long-tail-fib-200ms-x2p0/raptor-3r/repeat-2,yjit-on,true,puma-long-tail-fib-200ms-x2p0,puma-long-tail-hey,puma/benchmarks/local/long_tail_hey + test/rackup/sleep_fibonacci,https://github.com/puma/puma/blob/main/benchmarks/local/long_tail_hey.rb,raptor-3r,3,raptor,3,,123,120,9.827,5.0,120,120,9.582,2.0,6,true,123,0,12.517,241.692,242.807,5232.9,5233.932,5234.009,83.16,83.16,39.295,20,20,136,same_worker,1,22784
yjit-on/puma-long-tail-fib-200ms-x1p5/raptor-3r/repeat-2,yjit-on,true,puma-long-tail-fib-200ms-x1p5,puma-long-tail-hey,puma/benchmarks/local/long_tail_hey + test/rackup/sleep_fibonacci,https://github.com/puma/puma/blob/main/benchmarks/local/long_tail_hey.rb,raptor-3r,3,raptor,3,,103,100,9.825,5.0,100,100,9.579,2.0,5,true,103,0,10.484,241.619,242.293,5130.861,5231.073,5231.125,83.164,83.164,41.845,20,20,137,same_worker,1,21238
yjit-on/puma-long-tail-fib-200ms-x1p0/raptor-3r/repeat-2,yjit-on,true,puma-long-tail-fib-200ms-x1p0,puma-long-tail-hey,puma/benchmarks/local/long_tail_hey + test/rackup/sleep_fibonacci,https://github.com/puma/puma/blob/main/benchmarks/local/long_tail_hey.rb,raptor-3r,3,raptor,3,,63,60,5.037,5.0,60,60,4.793,2.0,3,true,63,0,12.508,241.76,242.884,243.663,243.848,243.868,83.164,83.164,43.395,20,20,70,same_worker,0,10441
yjit-on/puma-long-tail-fib-200ms-x0p5/raptor-3r/repeat-2,yjit-on,true,puma-long-tail-fib-200ms-x0p5,puma-long-tail-hey,puma/benchmarks/local/long_tail_hey + test/rackup/sleep_fibonacci,https://github.com/puma/puma/blob/main/benchmarks/local/long_tail_hey.rb,raptor-3r,3,raptor,3,,42,40,5.034,5.0,40,40,4.783,2.0,2,true,42,0,8.343,241.717,242.245,242.272,242.284,242.285,83.168,83.168,44.35,20,20,71,same_worker,0,7990
yjit-on/puma-sleep-fibonacci-1ms/raptor-3r/repeat-2,yjit-on,true,puma-sleep-fibonacci-1ms,puma-sleep-fibonacci-test,puma/benchmarks/local/sleep_fibonacci_test + test/rackup/sleep_fibonacci,https://github.com/puma/puma/blob/main/benchmarks/local/sleep_fibonacci_test.rb,raptor-3r,3,raptor,3,,122,10,5.008,5.0,10,49,2.019,2.0,1,true,122,0,24.361,41.979,42.229,43.043,43.084,43.087,83.23,83.23,44.34,20,20,72,same_worker,0,21601
yjit-on/puma-sleep-fibonacci-5ms/raptor-3r/repeat-2,yjit-on,true,puma-sleep-fibonacci-5ms,puma-sleep-fibonacci-test,puma/benchmarks/local/sleep_fibonacci_test + test/rackup/sleep_fibonacci,https://github.com/puma/puma/blob/main/benchmarks/local/sleep_fibonacci_test.rb,raptor-3r,3,raptor,3,,113,10,5.016,5.0,10,45,2.026,2.0,1,true,113,0,22.529,45.05,46.111,46.714,46.912,46.927,83.305,83.305,44.07,20,20,72,same_worker,1,21369
yjit-on/puma-sleep-fibonacci-10ms/raptor-3r/repeat-2,yjit-on,true,puma-sleep-fibonacci-10ms,puma-sleep-fibonacci-test,puma/benchmarks/local/sleep_fibonacci_test + test/rackup/sleep_fibonacci,https://github.com/puma/puma/blob/main/benchmarks/local/sleep_fibonacci_test.rb,raptor-3r,3,raptor,3,,99,10,5.028,5.0,10,40,2.001,2.0,1,true,99,0,19.691,50.986,51.994,52.019,52.022,52.022,83.309,83.309,43.845,20,20,72,same_worker,0,17616
yjit-on/puma-sleep-fibonacci-50ms/raptor-3r/repeat-2,yjit-on,true,puma-sleep-fibonacci-50ms,puma-sleep-fibonacci-test,puma/benchmarks/local/sleep_fibonacci_test + test/rackup/sleep_fibonacci,https://github.com/puma/puma/blob/main/benchmarks/local/sleep_fibonacci_test.rb,raptor-3r,3,raptor,3,,56,10,5.082,5.0,10,23,2.064,2.0,1,true,56,0,11.019,91.029,92.001,92.485,92.934,92.984,83.316,83.316,43.8,20,20,72,same_worker,0,10048
yjit-on/puma-sleep-fibonacci-100ms/raptor-3r/repeat-2,yjit-on,true,puma-sleep-fibonacci-100ms,puma-sleep-fibonacci-test,puma/benchmarks/local/sleep_fibonacci_test + test/rackup/sleep_fibonacci,https://github.com/puma/puma/blob/main/benchmarks/local/sleep_fibonacci_test.rb,raptor-3r,3,raptor,3,,36,10,5.066,5.0,10,15,2.087,2.0,1,true,36,0,7.106,141.956,142.039,142.403,142.542,142.557,83.34,83.34,43.8,20,20,72,same_worker,1,6720
yjit-on/puma-sleep-fibonacci-200ms/raptor-3r/repeat-2,yjit-on,true,puma-sleep-fibonacci-200ms,puma-sleep-fibonacci-test,puma/benchmarks/local/sleep_fibonacci_test + test/rackup/sleep_fibonacci,https://github.com/puma/puma/blob/main/benchmarks/local/sleep_fibonacci_test.rb,raptor-3r,3,raptor,3,,21,10,5.031,5.0,10,10,2.377,2.0,1,true,21,0,4.174,241.0,242.028,242.26,242.313,242.318,83.34,83.34,43.895,20,20,72,same_worker,0,3888
yjit-on/puma-response-array-1kb/raptor-3r/repeat-3,yjit-on,true,puma-response-array-1kb,puma-response-time-wrk,puma/benchmarks/local/response_time_wrk,https://github.com/puma/puma/blob/main/benchmarks/local/response_time_wrk.rb,raptor-3r,3,raptor,3,,1000,1000,16.12,5.0,1000,1000,16.14,2.0,5,true,1000,0,62.033,40.99,41.959,42.304,4029.347,4032.23,29.336,29.336,3.445,20,20,227,same_worker,30,717629
yjit-on/puma-response-chunk-1kb/raptor-3r/repeat-3,yjit-on,true,puma-response-chunk-1kb,puma-response-time-wrk,puma/benchmarks/local/response_time_wrk,https://github.com/puma/puma/blob/main/benchmarks/local/response_time_wrk.rb,raptor-3r,3,raptor,3,,1000,1000,16.121,5.0,1000,1000,16.095,2.0,5,true,1000,0,62.032,40.992,41.958,42.32,4027.53,4030.552,29.66,29.66,2.715,20,20,227,same_worker,31,716232
yjit-on/puma-response-string-1kb/raptor-3r/repeat-3,yjit-on,true,puma-response-string-1kb,puma-response-time-wrk,puma/benchmarks/local/response_time_wrk,https://github.com/puma/puma/blob/main/benchmarks/local/response_time_wrk.rb,raptor-3r,3,raptor,3,,1000,1000,16.129,5.0,1000,1000,16.101,2.0,5,true,1000,0,62.002,40.993,41.99,42.721,4034.196,4035.719,29.793,29.793,2.575,20,20,227,same_worker,32,717830
yjit-on/puma-response-io-1kb/raptor-3r/repeat-3,yjit-on,true,puma-response-io-1kb,puma-response-time-wrk,puma/benchmarks/local/response_time_wrk,https://github.com/puma/puma/blob/main/benchmarks/local/response_time_wrk.rb,raptor-3r,3,raptor,3,,1000,1000,16.127,5.0,1000,1000,16.098,2.0,5,true,1000,0,62.008,40.991,41.981,42.297,4028.443,4032.092,29.922,29.922,2.495,20,20,227,same_worker,33,727542
yjit-on/puma-response-array-10kb/raptor-3r/repeat-3,yjit-on,true,puma-response-array-10kb,puma-response-time-wrk,puma/benchmarks/local/response_time_wrk,https://github.com/puma/puma/blob/main/benchmarks/local/response_time_wrk.rb,raptor-3r,3,raptor,3,,1000,1000,16.127,5.0,1000,1000,16.091,2.0,5,true,1000,0,62.01,40.999,41.973,42.327,4036.111,4039.376,29.98,29.98,2.4,20,20,227,same_worker,33,721104
yjit-on/puma-response-chunk-10kb/raptor-3r/repeat-3,yjit-on,true,puma-response-chunk-10kb,puma-response-time-wrk,puma/benchmarks/local/response_time_wrk,https://github.com/puma/puma/blob/main/benchmarks/local/response_time_wrk.rb,raptor-3r,3,raptor,3,,1000,1000,16.121,5.0,1000,1000,16.097,2.0,5,true,1000,0,62.032,40.992,41.981,42.191,4029.589,4064.349,29.992,29.992,2.4,20,20,227,same_worker,33,717484
yjit-on/puma-response-string-10kb/raptor-3r/repeat-3,yjit-on,true,puma-response-string-10kb,puma-response-time-wrk,puma/benchmarks/local/response_time_wrk,https://github.com/puma/puma/blob/main/benchmarks/local/response_time_wrk.rb,raptor-3r,3,raptor,3,,1000,1000,16.125,5.0,1000,1000,16.084,2.0,5,true,1000,0,62.016,40.996,41.988,42.371,4032.851,4035.059,30.008,30.008,2.39,20,20,227,same_worker,34,719249
yjit-on/puma-response-io-10kb/raptor-3r/repeat-3,yjit-on,true,puma-response-io-10kb,puma-response-time-wrk,puma/benchmarks/local/response_time_wrk,https://github.com/puma/puma/blob/main/benchmarks/local/response_time_wrk.rb,raptor-3r,3,raptor,3,,1000,1000,16.13,5.0,1000,1000,16.087,2.0,5,true,1000,0,61.995,40.996,41.983,42.306,4031.548,4036.398,30.531,30.531,2.4,20,20,227,same_worker,36,746600
yjit-on/puma-response-array-100kb/raptor-3r/repeat-3,yjit-on,true,puma-response-array-100kb,puma-response-time-wrk,puma/benchmarks/local/response_time_wrk,https://github.com/puma/puma/blob/main/benchmarks/local/response_time_wrk.rb,raptor-3r,3,raptor,3,,1000,1000,14.816,5.0,1000,1000,13.825,2.0,5,true,1000,0,67.495,40.98,41.983,42.358,3675.476,3712.79,30.586,30.586,2.5,20,20,209,same_worker,35,719710
yjit-on/puma-response-chunk-100kb/raptor-3r/repeat-3,yjit-on,true,puma-response-chunk-100kb,puma-response-time-wrk,puma/benchmarks/local/response_time_wrk,https://github.com/puma/puma/blob/main/benchmarks/local/response_time_wrk.rb,raptor-3r,3,raptor,3,,1000,1000,15.459,5.0,1000,1000,13.007,2.0,5,true,1000,0,64.689,40.98,41.974,42.308,3873.42,3920.688,30.594,30.594,2.66,20,20,218,same_worker,35,715417
yjit-on/puma-response-string-100kb/raptor-3r/repeat-3,yjit-on,true,puma-response-string-100kb,puma-response-time-wrk,puma/benchmarks/local/response_time_wrk,https://github.com/puma/puma/blob/main/benchmarks/local/response_time_wrk.rb,raptor-3r,3,raptor,3,,12087,1000,5.002,5.0,1000,4918,2.001,2.0,5,true,12087,0,2416.668,1.187,1.893,7.409,122.271,128.054,30.91,30.91,3.855,20,20,67,same_worker,487,8690556
yjit-on/puma-response-io-100kb/raptor-3r/repeat-3,yjit-on,true,puma-response-io-100kb,puma-response-time-wrk,puma/benchmarks/local/response_time_wrk,https://github.com/puma/puma/blob/main/benchmarks/local/response_time_wrk.rb,raptor-3r,3,raptor,3,,1000,1000,15.59,5.0,1000,1000,14.522,2.0,5,true,1000,0,64.145,40.984,41.979,42.971,3876.663,4000.959,33.777,33.777,4.5,20,20,219,same_worker,59,926305
yjit-on/puma-response-array-256kb/raptor-3r/repeat-3,yjit-on,true,puma-response-array-256kb,puma-response-time-wrk,puma/benchmarks/local/response_time_wrk,https://github.com/puma/puma/blob/main/benchmarks/local/response_time_wrk.rb,raptor-3r,3,raptor,3,,1000,1000,12.716,5.0,1000,1000,12.136,2.0,5,true,1000,0,78.64,41.84,42.429,43.182,3205.97,3246.894,33.777,33.777,4.665,20,20,179,same_worker,45,719249
yjit-on/puma-response-chunk-256kb/raptor-3r/repeat-3,yjit-on,true,puma-response-chunk-256kb,puma-response-time-wrk,puma/benchmarks/local/response_time_wrk,https://github.com/puma/puma/blob/main/benchmarks/local/response_time_wrk.rb,raptor-3r,3,raptor,3,,1000,1000,14.75,5.0,1000,1000,14.306,2.0,5,true,1000,0,67.798,41.928,42.355,43.463,3663.308,3901.125,33.777,33.777,4.835,20,20,207,same_worker,31,716263
yjit-on/puma-response-string-256kb/raptor-3r/repeat-3,yjit-on,true,puma-response-string-256kb,puma-response-time-wrk,puma/benchmarks/local/response_time_wrk,https://github.com/puma/puma/blob/main/benchmarks/local/response_time_wrk.rb,raptor-3r,3,raptor,3,,8834,1000,5.002,5.0,1000,3776,2.002,2.0,5,true,8834,0,1766.167,1.539,2.526,20.3,170.416,201.776,34.043,34.043,5.6,20,20,66,same_worker,298,6350287
yjit-on/puma-response-io-256kb/raptor-3r/repeat-3,yjit-on,true,puma-response-io-256kb,puma-response-time-wrk,puma/benchmarks/local/response_time_wrk,https://github.com/puma/puma/blob/main/benchmarks/local/response_time_wrk.rb,raptor-3r,3,raptor,3,,1000,1000,14.693,5.0,1000,1000,14.157,2.0,5,true,1000,0,68.062,41.963,42.717,51.211,3508.818,3724.643,41.211,41.211,6.105,20,20,206,same_worker,68,1238323
yjit-on/puma-response-array-512kb/raptor-3r/repeat-3,yjit-on,true,puma-response-array-512kb,puma-response-time-wrk,puma/benchmarks/local/response_time_wrk,https://github.com/puma/puma/blob/main/benchmarks/local/response_time_wrk.rb,raptor-3r,3,raptor,3,,1000,1000,15.493,5.0,1000,1000,14.924,2.0,5,true,1000,0,64.546,41.982,43.007,43.958,3800.356,3982.885,41.211,41.211,6.35,20,20,217,same_worker,37,718340
yjit-on/puma-response-chunk-512kb/raptor-3r/repeat-3,yjit-on,true,puma-response-chunk-512kb,puma-response-time-wrk,puma/benchmarks/local/response_time_wrk,https://github.com/puma/puma/blob/main/benchmarks/local/response_time_wrk.rb,raptor-3r,3,raptor,3,,1000,1000,15.604,5.0,1000,1000,15.164,2.0,5,true,1000,0,64.085,41.983,42.992,44.079,3908.392,3928.898,41.211,41.211,6.565,20,20,218,same_worker,37,716237
yjit-on/puma-response-string-512kb/raptor-3r/repeat-3,yjit-on,true,puma-response-string-512kb,puma-response-time-wrk,puma/benchmarks/local/response_time_wrk,https://github.com/puma/puma/blob/main/benchmarks/local/response_time_wrk.rb,raptor-3r,3,raptor,3,,6773,1000,5.005,5.0,1000,2877,2.003,2.0,5,true,6773,0,1353.344,1.982,3.25,19.747,225.215,239.604,41.57,41.57,7.065,20,20,64,same_worker,269,4872848
yjit-on/puma-response-io-512kb/raptor-3r/repeat-3,yjit-on,true,puma-response-io-512kb,puma-response-time-wrk,puma/benchmarks/local/response_time_wrk,https://github.com/puma/puma/blob/main/benchmarks/local/response_time_wrk.rb,raptor-3r,3,raptor,3,,1000,1000,15.626,5.0,1000,1000,15.71,2.0,5,true,1000,0,63.997,42.903,43.954,45.113,3810.856,3925.06,45.125,43.656,7.59,20,20,219,same_worker,90,1750853
yjit-on/puma-response-array-1024kb/raptor-3r/repeat-3,yjit-on,true,puma-response-array-1024kb,puma-response-time-wrk,puma/benchmarks/local/response_time_wrk,https://github.com/puma/puma/blob/main/benchmarks/local/response_time_wrk.rb,raptor-3r,3,raptor,3,,1000,1000,15.386,5.0,1000,1000,15.677,2.0,5,true,1000,0,64.994,43.115,44.827,59.286,3852.27,3992.632,43.656,43.656,8.11,20,20,215,same_worker,32,717420
yjit-on/puma-response-chunk-1024kb/raptor-3r/repeat-3,yjit-on,true,puma-response-chunk-1024kb,puma-response-time-wrk,puma/benchmarks/local/response_time_wrk,https://github.com/puma/puma/blob/main/benchmarks/local/response_time_wrk.rb,raptor-3r,3,raptor,3,,1000,1000,14.618,5.0,1000,1000,16.001,2.0,5,true,1000,0,68.41,43.145,44.958,47.394,3606.924,3784.724,43.656,43.656,8.635,20,20,203,same_worker,33,716243
yjit-on/puma-response-string-1024kb/raptor-3r/repeat-3,yjit-on,true,puma-response-string-1024kb,puma-response-time-wrk,puma/benchmarks/local/response_time_wrk,https://github.com/puma/puma/blob/main/benchmarks/local/response_time_wrk.rb,raptor-3r,3,raptor,3,,4585,1000,5.004,5.0,1000,1865,2.006,2.0,5,true,4585,0,916.325,2.882,5.401,21.601,326.961,352.993,47.59,47.59,9.02,20,20,62,same_worker,155,3297934
yjit-on/puma-response-io-1024kb/raptor-3r/repeat-3,yjit-on,true,puma-response-io-1024kb,puma-response-time-wrk,puma/benchmarks/local/response_time_wrk,https://github.com/puma/puma/blob/main/benchmarks/local/response_time_wrk.rb,raptor-3r,3,raptor,3,,1000,1000,15.5,5.0,1000,1000,15.707,2.0,5,true,1000,0,64.517,43.992,45.944,48.116,3712.433,3854.599,53.641,53.641,9.735,20,20,216,same_worker,154,2773243
yjit-on/puma-response-array-2048kb/raptor-3r/repeat-3,yjit-on,true,puma-response-array-2048kb,puma-response-time-wrk,puma/benchmarks/local/response_time_wrk,https://github.com/puma/puma/blob/main/benchmarks/local/response_time_wrk.rb,raptor-3r,3,raptor,3,,1000,1000,16.353,5.0,1000,1000,16.474,2.0,5,true,1000,0,61.149,45.902,47.781,49.563,4102.326,4261.572,53.641,53.641,10.72,20,20,227,same_worker,32,717908
yjit-on/puma-response-chunk-2048kb/raptor-3r/repeat-3,yjit-on,true,puma-response-chunk-2048kb,puma-response-time-wrk,puma/benchmarks/local/response_time_wrk,https://github.com/puma/puma/blob/main/benchmarks/local/response_time_wrk.rb,raptor-3r,3,raptor,3,,1000,1000,15.684,5.0,1000,1000,16.642,2.0,5,true,1000,0,63.758,45.968,48.45,51.837,3710.626,3884.495,53.641,53.641,11.72,20,20,218,same_worker,32,717089
yjit-on/puma-response-string-2048kb/raptor-3r/repeat-3,yjit-on,true,puma-response-string-2048kb,puma-response-time-wrk,puma/benchmarks/local/response_time_wrk,https://github.com/puma/puma/blob/main/benchmarks/local/response_time_wrk.rb,raptor-3r,3,raptor,3,,2975,1000,5.009,5.0,1000,1214,2.007,2.0,5,true,2975,0,593.883,4.956,6.607,12.471,500.663,516.964,59.652,59.652,12.095,20,20,61,same_worker,99,2138656
yjit-on/puma-response-io-2048kb/raptor-3r/repeat-3,yjit-on,true,puma-response-io-2048kb,puma-response-time-wrk,puma/benchmarks/local/response_time_wrk,https://github.com/puma/puma/blob/main/benchmarks/local/response_time_wrk.rb,raptor-3r,3,raptor,3,,1000,1000,17.445,5.0,1000,1000,17.826,2.0,5,true,1000,0,57.322,47.95,50.941,57.759,4380.002,4381.617,81.879,81.879,13.24,20,20,242,same_worker,263,4821249
yjit-on/puma-long-tail-fib-200ms-x6p0/raptor-3r/repeat-3,yjit-on,true,puma-long-tail-fib-200ms-x6p0,puma-long-tail-hey,puma/benchmarks/local/long_tail_hey + test/rackup/sleep_fibonacci,https://github.com/puma/puma/blob/main/benchmarks/local/long_tail_hey.rb,raptor-3r,3,raptor,3,,363,360,28.997,5.0,360,360,28.76,2.0,18,true,363,0,12.518,241.76,242.997,19611.73,24398.146,24398.148,82.332,82.332,22.29,20,20,398,same_worker,2,63872
yjit-on/puma-long-tail-fib-200ms-x4p0/raptor-3r/repeat-3,yjit-on,true,puma-long-tail-fib-200ms-x4p0,puma-long-tail-hey,puma/benchmarks/local/long_tail_hey + test/rackup/sleep_fibonacci,https://github.com/puma/puma/blob/main/benchmarks/local/long_tail_hey.rb,raptor-3r,3,raptor,3,,243,240,19.408,5.0,240,240,19.171,2.0,12,true,243,0,12.52,241.635,242.696,12800.062,14810.62,14810.65,82.348,82.348,30.185,20,20,268,same_worker,1,43766
yjit-on/puma-long-tail-fib-200ms-x3p0/raptor-3r/repeat-3,yjit-on,true,puma-long-tail-fib-200ms-x3p0,puma-long-tail-hey,puma/benchmarks/local/long_tail_hey + test/rackup/sleep_fibonacci,https://github.com/puma/puma/blob/main/benchmarks/local/long_tail_hey.rb,raptor-3r,3,raptor,3,,183,180,14.632,5.0,180,180,14.375,2.0,9,true,183,0,12.507,241.783,242.997,10026.512,10029.138,10029.707,82.352,82.352,35.395,20,20,202,same_worker,1,36408
yjit-on/puma-long-tail-fib-200ms-x2p0/raptor-3r/repeat-3,yjit-on,true,puma-long-tail-fib-200ms-x2p0,puma-long-tail-hey,puma/benchmarks/local/long_tail_hey + test/rackup/sleep_fibonacci,https://github.com/puma/puma/blob/main/benchmarks/local/long_tail_hey.rb,raptor-3r,3,raptor,3,,123,120,9.83,5.0,120,120,9.585,2.0,6,true,123,0,12.513,241.708,242.632,5232.44,5233.641,5233.774,82.355,82.355,38.8,20,20,136,same_worker,1,20150
yjit-on/puma-long-tail-fib-200ms-x1p5/raptor-3r/repeat-3,yjit-on,true,puma-long-tail-fib-200ms-x1p5,puma-long-tail-hey,puma/benchmarks/local/long_tail_hey + test/rackup/sleep_fibonacci,https://github.com/puma/puma/blob/main/benchmarks/local/long_tail_hey.rb,raptor-3r,3,raptor,3,,103,100,9.825,5.0,100,100,9.581,2.0,5,true,103,0,10.484,241.607,242.31,5125.426,5229.308,5229.789,82.375,82.375,41.325,20,20,137,same_worker,1,20594
yjit-on/puma-long-tail-fib-200ms-x1p0/raptor-3r/repeat-3,yjit-on,true,puma-long-tail-fib-200ms-x1p0,puma-long-tail-hey,puma/benchmarks/local/long_tail_hey + test/rackup/sleep_fibonacci,https://github.com/puma/puma/blob/main/benchmarks/local/long_tail_hey.rb,raptor-3r,3,raptor,3,,63,60,5.034,5.0,60,60,4.789,2.0,3,true,63,0,12.516,241.242,242.341,242.717,242.88,242.898,82.379,82.379,42.87,20,20,70,same_worker,0,12080
yjit-on/puma-long-tail-fib-200ms-x0p5/raptor-3r/repeat-3,yjit-on,true,puma-long-tail-fib-200ms-x0p5,puma-long-tail-hey,puma/benchmarks/local/long_tail_hey + test/rackup/sleep_fibonacci,https://github.com/puma/puma/blob/main/benchmarks/local/long_tail_hey.rb,raptor-3r,3,raptor,3,,42,40,5.036,5.0,40,40,4.791,2.0,2,true,42,0,8.34,241.882,242.526,242.96,243.181,243.206,82.379,82.379,43.82,20,20,71,same_worker,0,9116
yjit-on/puma-sleep-fibonacci-1ms/raptor-3r/repeat-3,yjit-on,true,puma-sleep-fibonacci-1ms,puma-sleep-fibonacci-test,puma/benchmarks/local/sleep_fibonacci_test + test/rackup/sleep_fibonacci,https://github.com/puma/puma/blob/main/benchmarks/local/sleep_fibonacci_test.rb,raptor-3r,3,raptor,3,,122,10,5.009,5.0,10,49,2.019,2.0,1,true,122,0,24.356,41.979,42.155,42.995,43.001,43.002,82.379,82.379,43.815,20,20,72,same_worker,1,23252
yjit-on/puma-sleep-fibonacci-5ms/raptor-3r/repeat-3,yjit-on,true,puma-sleep-fibonacci-5ms,puma-sleep-fibonacci-test,puma/benchmarks/local/sleep_fibonacci_test + test/rackup/sleep_fibonacci,https://github.com/puma/puma/blob/main/benchmarks/local/sleep_fibonacci_test.rb,raptor-3r,3,raptor,3,,113,10,5.001,5.0,10,45,2.028,2.0,1,true,113,0,22.596,45.011,46.014,46.062,46.732,46.816,82.422,82.422,43.55,20,20,71,same_worker,1,20149
yjit-on/puma-sleep-fibonacci-10ms/raptor-3r/repeat-3,yjit-on,true,puma-sleep-fibonacci-10ms,puma-sleep-fibonacci-test,puma/benchmarks/local/sleep_fibonacci_test + test/rackup/sleep_fibonacci,https://github.com/puma/puma/blob/main/benchmarks/local/sleep_fibonacci_test.rb,raptor-3r,3,raptor,3,,99,10,5.021,5.0,10,40,2.001,2.0,1,true,99,0,19.719,50.984,52.016,52.043,52.072,52.075,82.434,82.434,43.34,20,20,72,same_worker,0,18461
yjit-on/puma-sleep-fibonacci-50ms/raptor-3r/repeat-3,yjit-on,true,puma-sleep-fibonacci-50ms,puma-sleep-fibonacci-test,puma/benchmarks/local/sleep_fibonacci_test + test/rackup/sleep_fibonacci,https://github.com/puma/puma/blob/main/benchmarks/local/sleep_fibonacci_test.rb,raptor-3r,3,raptor,3,,56,10,5.079,5.0,10,23,2.062,2.0,1,true,56,0,11.026,90.993,92.013,92.449,92.887,92.935,82.461,82.461,43.265,20,20,72,same_worker,0,10072
yjit-on/puma-sleep-fibonacci-100ms/raptor-3r/repeat-3,yjit-on,true,puma-sleep-fibonacci-100ms,puma-sleep-fibonacci-test,puma/benchmarks/local/sleep_fibonacci_test + test/rackup/sleep_fibonacci,https://github.com/puma/puma/blob/main/benchmarks/local/sleep_fibonacci_test.rb,raptor-3r,3,raptor,3,,36,10,5.058,5.0,10,15,2.089,2.0,1,true,36,0,7.117,141.892,142.181,142.712,142.945,142.97,82.469,82.469,43.3,20,20,72,same_worker,1,6720
yjit-on/puma-sleep-fibonacci-200ms/raptor-3r/repeat-3,yjit-on,true,puma-sleep-fibonacci-200ms,puma-sleep-fibonacci-test,puma/benchmarks/local/sleep_fibonacci_test + test/rackup/sleep_fibonacci,https://github.com/puma/puma/blob/main/benchmarks/local/sleep_fibonacci_test.rb,raptor-3r,3,raptor,3,,21,10,5.028,5.0,10,10,2.378,2.0,1,true,21,0,4.177,240.972,241.991,241.998,241.999,241.999,82.473,82.473,43.395,20,20,72,same_worker,0,3888
yjit-on/puma-response-array-1kb/puma-1w-3t/repeat-1,yjit-on,true,puma-response-array-1kb,puma-response-time-wrk,puma/benchmarks/local/response_time_wrk,https://github.com/puma/puma/blob/main/benchmarks/local/response_time_wrk.rb,puma-1w-3t,3,puma,1,3,15613,1000,5.001,5.0,1000,6146,2.001,2.0,5,true,15613,0,3121.81,1.543,1.997,2.378,3.206,7.096,68.547,68.547,82.755,20,20,66,multiprocess_sample_only,,
yjit-on/puma-response-chunk-1kb/puma-1w-3t/repeat-1,yjit-on,true,puma-response-chunk-1kb,puma-response-time-wrk,puma/benchmarks/local/response_time_wrk,https://github.com/puma/puma/blob/main/benchmarks/local/response_time_wrk.rb,puma-1w-3t,3,puma,1,3,15173,1000,5.001,5.0,1000,6204,2.001,2.0,5,true,15173,0,3033.85,1.593,2.035,2.429,3.269,4.042,68.66,68.66,78.355,20,20,66,multiprocess_sample_only,,
yjit-on/puma-response-string-1kb/puma-1w-3t/repeat-1,yjit-on,true,puma-response-string-1kb,puma-response-time-wrk,puma/benchmarks/local/response_time_wrk,https://github.com/puma/puma/blob/main/benchmarks/local/response_time_wrk.rb,puma-1w-3t,3,puma,1,3,15540,1000,5.001,5.0,1000,6419,2.001,2.0,5,true,15540,0,3107.261,1.552,1.998,2.369,3.159,3.769,69.129,69.129,77.405,20,20,65,multiprocess_sample_only,,
yjit-on/puma-response-io-1kb/puma-1w-3t/repeat-1,yjit-on,true,puma-response-io-1kb,puma-response-time-wrk,puma/benchmarks/local/response_time_wrk,https://github.com/puma/puma/blob/main/benchmarks/local/response_time_wrk.rb,puma-1w-3t,3,puma,1,3,15254,1000,5.001,5.0,1000,6203,2.001,2.0,5,true,15254,0,3049.94,1.576,2.06,2.513,3.36,3.889,69.309,69.309,78.405,20,20,66,multiprocess_sample_only,,
yjit-on/puma-response-array-10kb/puma-1w-3t/repeat-1,yjit-on,true,puma-response-array-10kb,puma-response-time-wrk,puma/benchmarks/local/response_time_wrk,https://github.com/puma/puma/blob/main/benchmarks/local/response_time_wrk.rb,puma-1w-3t,3,puma,1,3,15465,1000,5.001,5.0,1000,6325,2.001,2.0,5,true,15465,0,3092.335,1.555,2.029,2.5,3.273,5.308,70.508,70.508,78.47,20,20,65,multiprocess_sample_only,,
yjit-on/puma-response-chunk-10kb/puma-1w-3t/repeat-1,yjit-on,true,puma-response-chunk-10kb,puma-response-time-wrk,puma/benchmarks/local/response_time_wrk,https://github.com/puma/puma/blob/main/benchmarks/local/response_time_wrk.rb,puma-1w-3t,3,puma,1,3,13540,1000,5.001,5.0,1000,5553,2.001,2.0,5,true,13540,0,2707.287,1.788,2.256,2.641,3.615,4.53,70.699,70.699,78.125,20,20,65,multiprocess_sample_only,,
yjit-on/puma-response-string-10kb/puma-1w-3t/repeat-1,yjit-on,true,puma-response-string-10kb,puma-response-time-wrk,puma/benchmarks/local/response_time_wrk,https://github.com/puma/puma/blob/main/benchmarks/local/response_time_wrk.rb,puma-1w-3t,3,puma,1,3,15470,1000,5.001,5.0,1000,6349,2.001,2.0,5,true,15470,0,3093.349,1.556,2.037,2.471,3.202,4.534,72.559,72.508,77.855,20,20,65,multiprocess_sample_only,,
yjit-on/puma-response-io-10kb/puma-1w-3t/repeat-1,yjit-on,true,puma-response-io-10kb,puma-response-time-wrk,puma/benchmarks/local/response_time_wrk,https://github.com/puma/puma/blob/main/benchmarks/local/response_time_wrk.rb,puma-1w-3t,3,puma,1,3,15189,1000,5.001,5.0,1000,6249,2.001,2.0,5,true,15189,0,3037.216,1.586,2.074,2.515,3.327,4.769,73.617,73.309,78.275,20,20,65,multiprocess_sample_only,,
yjit-on/puma-response-array-100kb/puma-1w-3t/repeat-1,yjit-on,true,puma-response-array-100kb,puma-response-time-wrk,puma/benchmarks/local/response_time_wrk,https://github.com/puma/puma/blob/main/benchmarks/local/response_time_wrk.rb,puma-1w-3t,3,puma,1,3,12609,1000,5.002,5.0,1000,5181,2.001,2.0,5,true,12609,0,2520.934,1.926,2.396,2.738,3.849,4.314,83.234,82.633,78.17,20,20,65,multiprocess_sample_only,,
yjit-on/puma-response-chunk-100kb/puma-1w-3t/repeat-1,yjit-on,true,puma-response-chunk-100kb,puma-response-time-wrk,puma/benchmarks/local/response_time_wrk,https://github.com/puma/puma/blob/main/benchmarks/local/response_time_wrk.rb,puma-1w-3t,3,puma,1,3,6570,1000,5.003,5.0,1000,2723,2.003,2.0,5,true,6570,0,1313.23,3.757,4.549,5.148,7.102,7.723,77.957,77.516,77.62,20,20,62,multiprocess_sample_only,,
yjit-on/puma-response-string-100kb/puma-1w-3t/repeat-1,yjit-on,true,puma-response-string-100kb,puma-response-time-wrk,puma/benchmarks/local/response_time_wrk,https://github.com/puma/puma/blob/main/benchmarks/local/response_time_wrk.rb,puma-1w-3t,3,puma,1,3,12705,1000,5.002,5.0,1000,5167,2.002,2.0,5,true,12705,0,2540.111,1.909,2.377,2.688,3.605,4.953,83.414,81.992,77.045,20,20,65,multiprocess_sample_only,,
yjit-on/puma-response-io-100kb/puma-1w-3t/repeat-1,yjit-on,true,puma-response-io-100kb,puma-response-time-wrk,puma/benchmarks/local/response_time_wrk,https://github.com/puma/puma/blob/main/benchmarks/local/response_time_wrk.rb,puma-1w-3t,3,puma,1,3,12594,1000,5.028,5.0,1000,5185,2.034,2.0,5,true,12594,0,2504.836,1.761,2.298,2.825,42.569,43.72,74.414,73.789,76.7,20,20,66,multiprocess_sample_only,,
yjit-on/puma-response-array-256kb/puma-1w-3t/repeat-1,yjit-on,true,puma-response-array-256kb,puma-response-time-wrk,puma/benchmarks/local/response_time_wrk,https://github.com/puma/puma/blob/main/benchmarks/local/response_time_wrk.rb,puma-1w-3t,3,puma,1,3,9397,1000,5.002,5.0,1000,3861,2.002,2.0,5,true,9397,0,1878.732,2.39,3.851,5.691,19.347,20.092,107.18,105.848,76.315,20,20,63,multiprocess_sample_only,,
yjit-on/puma-response-chunk-256kb/puma-1w-3t/repeat-1,yjit-on,true,puma-response-chunk-256kb,puma-response-time-wrk,puma/benchmarks/local/response_time_wrk,https://github.com/puma/puma/blob/main/benchmarks/local/response_time_wrk.rb,puma-1w-3t,3,puma,1,3,3582,1000,5.005,5.0,1000,1460,2.004,2.0,5,true,3582,0,715.678,6.937,8.453,9.351,13.077,14.117,83.637,82.273,75.95,20,20,57,multiprocess_sample_only,,
yjit-on/puma-response-string-256kb/puma-1w-3t/repeat-1,yjit-on,true,puma-response-string-256kb,puma-response-time-wrk,puma/benchmarks/local/response_time_wrk,https://github.com/puma/puma/blob/main/benchmarks/local/response_time_wrk.rb,puma-1w-3t,3,puma,1,3,9484,1000,5.002,5.0,1000,4017,2.002,2.0,5,true,9484,0,1896.124,2.37,3.759,5.592,19.479,22.186,77.758,77.758,75.155,20,20,62,multiprocess_sample_only,,
yjit-on/puma-response-io-256kb/puma-1w-3t/repeat-1,yjit-on,true,puma-response-io-256kb,puma-response-time-wrk,puma/benchmarks/local/response_time_wrk,https://github.com/puma/puma/blob/main/benchmarks/local/response_time_wrk.rb,puma-1w-3t,3,puma,1,3,9356,1000,5.002,5.0,1000,3799,2.002,2.0,5,true,9356,0,1870.579,2.423,3.715,5.76,19.375,20.319,77.758,77.32,74.205,20,20,63,multiprocess_sample_only,,
yjit-on/puma-response-array-512kb/puma-1w-3t/repeat-1,yjit-on,true,puma-response-array-512kb,puma-response-time-wrk,puma/benchmarks/local/response_time_wrk,https://github.com/puma/puma/blob/main/benchmarks/local/response_time_wrk.rb,puma-1w-3t,3,puma,1,3,6858,1000,5.002,5.0,1000,2909,2.002,2.0,5,true,6858,0,1370.971,3.205,5.13,20.102,21.796,22.229,125.82,123.188,73.815,20,20,61,multiprocess_sample_only,,
yjit-on/puma-response-chunk-512kb/puma-1w-3t/repeat-1,yjit-on,true,puma-response-chunk-512kb,puma-response-time-wrk,puma/benchmarks/local/response_time_wrk,https://github.com/puma/puma/blob/main/benchmarks/local/response_time_wrk.rb,puma-1w-3t,3,puma,1,3,2032,1000,5.01,5.0,1000,1000,2.355,2.0,5,true,2032,0,405.624,12.316,14.802,15.805,21.368,21.864,88.367,87.727,73.45,20,20,50,multiprocess_sample_only,,
yjit-on/puma-response-string-512kb/puma-1w-3t/repeat-1,yjit-on,true,puma-response-string-512kb,puma-response-time-wrk,puma/benchmarks/local/response_time_wrk,https://github.com/puma/puma/blob/main/benchmarks/local/response_time_wrk.rb,puma-1w-3t,3,puma,1,3,7108,1000,5.002,5.0,1000,2955,2.002,2.0,5,true,7108,0,1420.914,3.109,4.871,20.046,21.332,22.363,86.59,86.59,72.59,20,20,60,multiprocess_sample_only,,
yjit-on/puma-response-io-512kb/puma-1w-3t/repeat-1,yjit-on,true,puma-response-io-512kb,puma-response-time-wrk,puma/benchmarks/local/response_time_wrk,https://github.com/puma/puma/blob/main/benchmarks/local/response_time_wrk.rb,puma-1w-3t,3,puma,1,3,6995,1000,5.003,5.0,1000,2831,2.002,2.0,5,true,6995,0,1398.162,3.168,4.839,20.099,21.558,210.755,86.691,86.691,71.405,20,20,62,multiprocess_sample_only,,
yjit-on/puma-response-array-1024kb/puma-1w-3t/repeat-1,yjit-on,true,puma-response-array-1024kb,puma-response-time-wrk,puma/benchmarks/local/response_time_wrk,https://github.com/puma/puma/blob/main/benchmarks/local/response_time_wrk.rb,puma-1w-3t,3,puma,1,3,4692,1000,5.003,5.0,1000,1851,2.004,2.0,5,true,4692,0,937.853,4.841,7.093,22.966,24.534,26.811,139.59,120.75,70.74,20,20,58,multiprocess_sample_only,,
yjit-on/puma-response-chunk-1024kb/puma-1w-3t/repeat-1,yjit-on,true,puma-response-chunk-1024kb,puma-response-time-wrk,puma/benchmarks/local/response_time_wrk,https://github.com/puma/puma/blob/main/benchmarks/local/response_time_wrk.rb,puma-1w-3t,3,puma,1,3,1104,1000,5.02,5.0,1000,1000,4.362,2.0,5,true,1104,0,219.928,22.549,26.95,28.749,44.039,45.694,96.586,94.563,70.6,20,20,41,multiprocess_sample_only,,
yjit-on/puma-response-string-1024kb/puma-1w-3t/repeat-1,yjit-on,true,puma-response-string-1024kb,puma-response-time-wrk,puma/benchmarks/local/response_time_wrk,https://github.com/puma/puma/blob/main/benchmarks/local/response_time_wrk.rb,puma-1w-3t,3,puma,1,3,4630,1000,5.003,5.0,1000,1950,2.003,2.0,5,true,4630,0,925.371,4.849,7.305,23.609,25.59,26.891,94.004,94.004,69.7,20,20,59,multiprocess_sample_only,,
yjit-on/puma-response-io-1024kb/puma-1w-3t/repeat-1,yjit-on,true,puma-response-io-1024kb,puma-response-time-wrk,puma/benchmarks/local/response_time_wrk,https://github.com/puma/puma/blob/main/benchmarks/local/response_time_wrk.rb,puma-1w-3t,3,puma,1,3,4614,1000,5.005,5.0,1000,1927,2.004,2.0,5,true,4614,0,921.901,4.808,7.37,23.866,26.355,208.386,94.004,94.004,68.27,20,20,58,multiprocess_sample_only,,
yjit-on/puma-response-array-2048kb/puma-1w-3t/repeat-1,yjit-on,true,puma-response-array-2048kb,puma-response-time-wrk,puma/benchmarks/local/response_time_wrk,https://github.com/puma/puma/blob/main/benchmarks/local/response_time_wrk.rb,puma-1w-3t,3,puma,1,3,2713,1000,5.009,5.0,1000,1108,2.008,2.0,5,true,2713,0,541.679,9.172,10.765,11.507,15.609,17.077,115.984,92.031,67.925,20,20,54,multiprocess_sample_only,,
yjit-on/puma-response-chunk-2048kb/puma-1w-3t/repeat-1,yjit-on,true,puma-response-chunk-2048kb,puma-response-time-wrk,puma/benchmarks/local/response_time_wrk,https://github.com/puma/puma/blob/main/benchmarks/local/response_time_wrk.rb,puma-1w-3t,3,puma,1,3,1000,1000,8.534,5.0,1000,1000,8.197,2.0,5,true,1000,0,117.183,41.946,50.197,52.153,92.094,93.67,98.934,98.738,68.24,20,20,50,multiprocess_sample_only,,
yjit-on/puma-response-string-2048kb/puma-1w-3t/repeat-1,yjit-on,true,puma-response-string-2048kb,puma-response-time-wrk,puma/benchmarks/local/response_time_wrk,https://github.com/puma/puma/blob/main/benchmarks/local/response_time_wrk.rb,puma-1w-3t,3,puma,1,3,2890,1000,5.007,5.0,1000,1222,2.007,2.0,5,true,2890,0,577.175,8.575,9.829,10.494,15.978,17.557,97.664,97.664,67.47,20,20,54,multiprocess_sample_only,,
yjit-on/puma-response-io-2048kb/puma-1w-3t/repeat-1,yjit-on,true,puma-response-io-2048kb,puma-response-time-wrk,puma/benchmarks/local/response_time_wrk,https://github.com/puma/puma/blob/main/benchmarks/local/response_time_wrk.rb,puma-1w-3t,3,puma,1,3,2906,1000,5.007,5.0,1000,1216,2.006,2.0,5,true,2906,0,580.331,8.551,9.667,10.46,15.819,16.297,97.664,97.664,66.14,20,20,55,multiprocess_sample_only,,
yjit-on/puma-long-tail-fib-200ms-x6p0/puma-1w-3t/repeat-1,yjit-on,true,puma-long-tail-fib-200ms-x6p0,puma-long-tail-hey,puma/benchmarks/local/long_tail_hey + test/rackup/sleep_fibonacci,https://github.com/puma/puma/blob/main/benchmarks/local/long_tail_hey.rb,puma-1w-3t,3,puma,1,3,360,360,51.119,5.0,360,360,51.131,2.0,18,true,360,0,7.042,2554.148,2588.515,2605.406,2611.044,2612.416,116.371,116.371,74.915,20,20,705,multiprocess_sample_only,,
yjit-on/puma-long-tail-fib-200ms-x4p0/puma-1w-3t/repeat-1,yjit-on,true,puma-long-tail-fib-200ms-x4p0,puma-long-tail-hey,puma/benchmarks/local/long_tail_hey + test/rackup/sleep_fibonacci,https://github.com/puma/puma/blob/main/benchmarks/local/long_tail_hey.rb,puma-1w-3t,3,puma,1,3,240,240,34.08,5.0,240,240,34.08,2.0,12,true,240,0,7.042,1702.264,1734.929,1747.321,1749.869,1750.032,123.945,123.945,80.42,20,20,470,multiprocess_sample_only,,
yjit-on/puma-long-tail-fib-200ms-x3p0/puma-1w-3t/repeat-1,yjit-on,true,puma-long-tail-fib-200ms-x3p0,puma-long-tail-hey,puma/benchmarks/local/long_tail_hey + test/rackup/sleep_fibonacci,https://github.com/puma/puma/blob/main/benchmarks/local/long_tail_hey.rb,puma-1w-3t,3,puma,1,3,180,180,25.55,5.0,180,180,25.57,2.0,9,true,180,0,7.045,1276.321,1301.671,1311.972,1318.467,1319.54,123.949,123.949,83.11,20,20,353,multiprocess_sample_only,,
yjit-on/puma-long-tail-fib-200ms-x2p0/puma-1w-3t/repeat-1,yjit-on,true,puma-long-tail-fib-200ms-x2p0,puma-long-tail-hey,puma/benchmarks/local/long_tail_hey + test/rackup/sleep_fibonacci,https://github.com/puma/puma/blob/main/benchmarks/local/long_tail_hey.rb,puma-1w-3t,3,puma,1,3,120,120,17.036,5.0,120,120,17.041,2.0,6,true,120,0,7.044,850.252,871.745,877.999,880.672,881.015,115.191,115.191,84.59,20,20,236,multiprocess_sample_only,,
yjit-on/puma-long-tail-fib-200ms-x1p5/puma-1w-3t/repeat-1,yjit-on,true,puma-long-tail-fib-200ms-x1p5,puma-long-tail-hey,puma/benchmarks/local/long_tail_hey + test/rackup/sleep_fibonacci,https://github.com/puma/puma/blob/main/benchmarks/local/long_tail_hey.rb,puma-1w-3t,3,puma,1,3,100,100,14.211,5.0,100,100,14.199,2.0,5,true,100,0,7.037,797.301,853.714,859.957,860.379,860.426,115.691,115.691,85.58,20,20,198,multiprocess_sample_only,,
yjit-on/puma-long-tail-fib-200ms-x1p0/puma-1w-3t/repeat-1,yjit-on,true,puma-long-tail-fib-200ms-x1p0,puma-long-tail-hey,puma/benchmarks/local/long_tail_hey + test/rackup/sleep_fibonacci,https://github.com/puma/puma/blob/main/benchmarks/local/long_tail_hey.rb,puma-1w-3t,3,puma,1,3,60,60,8.522,5.0,60,60,8.528,2.0,3,true,60,0,7.041,426.461,439.15,442.572,444.817,445.067,115.691,115.691,86.16,20,20,119,multiprocess_sample_only,,
yjit-on/puma-long-tail-fib-200ms-x0p5/puma-1w-3t/repeat-1,yjit-on,true,puma-long-tail-fib-200ms-x0p5,puma-long-tail-hey,puma/benchmarks/local/long_tail_hey + test/rackup/sleep_fibonacci,https://github.com/puma/puma/blob/main/benchmarks/local/long_tail_hey.rb,puma-1w-3t,3,puma,1,3,40,40,5.682,5.0,40,40,5.677,2.0,2,true,40,0,7.039,284.009,287.381,292.781,295.548,295.855,115.691,115.691,86.51,20,20,80,multiprocess_sample_only,,
yjit-on/puma-sleep-fibonacci-1ms/puma-1w-3t/repeat-1,yjit-on,true,puma-sleep-fibonacci-1ms,puma-sleep-fibonacci-test,puma/benchmarks/local/sleep_fibonacci_test + test/rackup/sleep_fibonacci,https://github.com/puma/puma/blob/main/benchmarks/local/sleep_fibonacci_test.rb,puma-1w-3t,3,puma,1,3,1866,10,5.001,5.0,10,747,2.002,2.0,1,true,1866,0,373.16,2.637,3.075,3.251,3.512,3.919,120.656,120.656,86.18,20,20,71,multiprocess_sample_only,,
yjit-on/puma-sleep-fibonacci-5ms/puma-1w-3t/repeat-1,yjit-on,true,puma-sleep-fibonacci-5ms,puma-sleep-fibonacci-test,puma/benchmarks/local/sleep_fibonacci_test + test/rackup/sleep_fibonacci,https://github.com/puma/puma/blob/main/benchmarks/local/sleep_fibonacci_test.rb,puma-1w-3t,3,puma,1,3,543,10,5.005,5.0,10,221,2.005,2.0,1,true,543,0,108.491,9.145,9.917,10.432,10.677,10.699,120.906,120.906,85.61,20,20,71,multiprocess_sample_only,,
yjit-on/puma-sleep-fibonacci-10ms/puma-1w-3t/repeat-1,yjit-on,true,puma-sleep-fibonacci-10ms,puma-sleep-fibonacci-test,puma/benchmarks/local/sleep_fibonacci_test + test/rackup/sleep_fibonacci,https://github.com/puma/puma/blob/main/benchmarks/local/sleep_fibonacci_test.rb,puma-1w-3t,3,puma,1,3,370,10,5.0,5.0,10,147,2.01,2.0,1,true,370,0,73.998,13.514,13.989,14.145,14.528,14.679,123.406,123.406,85.175,20,20,71,multiprocess_sample_only,,
yjit-on/puma-sleep-fibonacci-50ms/puma-1w-3t/repeat-1,yjit-on,true,puma-sleep-fibonacci-50ms,puma-sleep-fibonacci-test,puma/benchmarks/local/sleep_fibonacci_test + test/rackup/sleep_fibonacci,https://github.com/puma/puma/blob/main/benchmarks/local/sleep_fibonacci_test.rb,puma-1w-3t,3,puma,1,3,100,10,5.04,5.0,10,40,2.021,2.0,1,true,100,0,19.842,50.356,50.442,50.591,50.8,50.823,123.406,123.406,84.935,20,20,72,multiprocess_sample_only,,
yjit-on/puma-sleep-fibonacci-100ms/puma-1w-3t/repeat-1,yjit-on,true,puma-sleep-fibonacci-100ms,puma-sleep-fibonacci-test,puma/benchmarks/local/sleep_fibonacci_test + test/rackup/sleep_fibonacci,https://github.com/puma/puma/blob/main/benchmarks/local/sleep_fibonacci_test.rb,puma-1w-3t,3,puma,1,3,50,10,5.024,5.0,10,20,2.01,2.0,1,true,50,0,9.952,100.423,100.519,100.549,100.557,100.558,123.406,123.406,84.75,20,20,72,multiprocess_sample_only,,
yjit-on/puma-sleep-fibonacci-200ms/puma-1w-3t/repeat-1,yjit-on,true,puma-sleep-fibonacci-200ms,puma-sleep-fibonacci-test,puma/benchmarks/local/sleep_fibonacci_test + test/rackup/sleep_fibonacci,https://github.com/puma/puma/blob/main/benchmarks/local/sleep_fibonacci_test.rb,puma-1w-3t,3,puma,1,3,25,10,5.014,5.0,10,10,2.007,2.0,1,true,25,0,4.986,200.488,200.578,200.765,200.817,200.823,123.406,123.406,84.56,20,20,72,multiprocess_sample_only,,
yjit-on/puma-response-array-1kb/puma-1w-3t/repeat-2,yjit-on,true,puma-response-array-1kb,puma-response-time-wrk,puma/benchmarks/local/response_time_wrk,https://github.com/puma/puma/blob/main/benchmarks/local/response_time_wrk.rb,puma-1w-3t,3,puma,1,3,15595,1000,5.001,5.0,1000,6160,2.001,2.0,5,true,15595,0,3118.4,1.542,1.997,2.448,3.353,4.588,68.785,68.785,82.775,20,20,65,multiprocess_sample_only,,
yjit-on/puma-response-chunk-1kb/puma-1w-3t/repeat-2,yjit-on,true,puma-response-chunk-1kb,puma-response-time-wrk,puma/benchmarks/local/response_time_wrk,https://github.com/puma/puma/blob/main/benchmarks/local/response_time_wrk.rb,puma-1w-3t,3,puma,1,3,15276,1000,5.001,5.0,1000,6196,2.001,2.0,5,true,15276,0,3054.54,1.581,2.005,2.435,3.198,4.07,69.297,69.297,78.595,20,20,65,multiprocess_sample_only,,
yjit-on/puma-response-string-1kb/puma-1w-3t/repeat-2,yjit-on,true,puma-response-string-1kb,puma-response-time-wrk,puma/benchmarks/local/response_time_wrk,https://github.com/puma/puma/blob/main/benchmarks/local/response_time_wrk.rb,puma-1w-3t,3,puma,1,3,15592,1000,5.002,5.0,1000,6387,2.001,2.0,5,true,15592,0,3116.928,1.546,2.002,2.368,3.055,3.82,69.406,69.406,77.675,20,20,66,multiprocess_sample_only,,
yjit-on/puma-response-io-1kb/puma-1w-3t/repeat-2,yjit-on,true,puma-response-io-1kb,puma-response-time-wrk,puma/benchmarks/local/response_time_wrk,https://github.com/puma/puma/blob/main/benchmarks/local/response_time_wrk.rb,puma-1w-3t,3,puma,1,3,15252,1000,5.001,5.0,1000,6266,2.001,2.0,5,true,15252,0,3049.715,1.58,2.066,2.555,3.295,4.095,69.734,69.734,78.26,20,20,65,multiprocess_sample_only,,
yjit-on/puma-response-array-10kb/puma-1w-3t/repeat-2,yjit-on,true,puma-response-array-10kb,puma-response-time-wrk,puma/benchmarks/local/response_time_wrk,https://github.com/puma/puma/blob/main/benchmarks/local/response_time_wrk.rb,puma-1w-3t,3,puma,1,3,15479,1000,5.001,5.0,1000,6294,2.001,2.0,5,true,15479,0,3095.221,1.554,2.015,2.471,3.227,4.401,70.969,70.969,78.535,20,20,65,multiprocess_sample_only,,
yjit-on/puma-response-chunk-10kb/puma-1w-3t/repeat-2,yjit-on,true,puma-response-chunk-10kb,puma-response-time-wrk,puma/benchmarks/local/response_time_wrk,https://github.com/puma/puma/blob/main/benchmarks/local/response_time_wrk.rb,puma-1w-3t,3,puma,1,3,13469,1000,5.001,5.0,1000,5504,2.001,2.0,5,true,13469,0,2693.112,1.799,2.286,2.649,3.57,4.335,71.293,71.293,78.1,20,20,65,multiprocess_sample_only,,
yjit-on/puma-response-string-10kb/puma-1w-3t/repeat-2,yjit-on,true,puma-response-string-10kb,puma-response-time-wrk,puma/benchmarks/local/response_time_wrk,https://github.com/puma/puma/blob/main/benchmarks/local/response_time_wrk.rb,puma-1w-3t,3,puma,1,3,15460,1000,5.001,5.0,1000,6314,2.001,2.0,5,true,15460,0,3091.281,1.558,2.024,2.402,3.29,3.758,71.48,71.48,77.81,20,20,66,multiprocess_sample_only,,
yjit-on/puma-response-io-10kb/puma-1w-3t/repeat-2,yjit-on,true,puma-response-io-10kb,puma-response-time-wrk,puma/benchmarks/local/response_time_wrk,https://github.com/puma/puma/blob/main/benchmarks/local/response_time_wrk.rb,puma-1w-3t,3,puma,1,3,15220,1000,5.001,5.0,1000,6230,2.001,2.0,5,true,15220,0,3043.151,1.581,2.077,2.554,3.312,4.212,72.234,72.234,78.175,20,20,66,multiprocess_sample_only,,
yjit-on/puma-response-array-100kb/puma-1w-3t/repeat-2,yjit-on,true,puma-response-array-100kb,puma-response-time-wrk,puma/benchmarks/local/response_time_wrk,https://github.com/puma/puma/blob/main/benchmarks/local/response_time_wrk.rb,puma-1w-3t,3,puma,1,3,12559,1000,5.002,5.0,1000,5148,2.001,2.0,5,true,12559,0,2511.041,1.941,2.386,2.673,3.572,4.364,88.352,87.371,78.02,20,20,64,multiprocess_sample_only,,
yjit-on/puma-response-chunk-100kb/puma-1w-3t/repeat-2,yjit-on,true,puma-response-chunk-100kb,puma-response-time-wrk,puma/benchmarks/local/response_time_wrk,https://github.com/puma/puma/blob/main/benchmarks/local/response_time_wrk.rb,puma-1w-3t,3,puma,1,3,6554,1000,5.003,5.0,1000,2675,2.003,2.0,5,true,6554,0,1310.139,3.779,4.583,5.093,6.776,8.89,81.035,79.828,77.525,20,20,62,multiprocess_sample_only,,
yjit-on/puma-response-string-100kb/puma-1w-3t/repeat-2,yjit-on,true,puma-response-string-100kb,puma-response-time-wrk,puma/benchmarks/local/response_time_wrk,https://github.com/puma/puma/blob/main/benchmarks/local/response_time_wrk.rb,puma-1w-3t,3,puma,1,3,12572,1000,5.002,5.0,1000,5173,2.001,2.0,5,true,12572,0,2513.335,1.933,2.391,2.666,3.647,4.752,88.793,87.141,76.935,20,20,65,multiprocess_sample_only,,
yjit-on/puma-response-io-100kb/puma-1w-3t/repeat-2,yjit-on,true,puma-response-io-100kb,puma-response-time-wrk,puma/benchmarks/local/response_time_wrk,https://github.com/puma/puma/blob/main/benchmarks/local/response_time_wrk.rb,puma-1w-3t,3,puma,1,3,12586,1000,5.016,5.0,1000,5180,2.039,2.0,5,true,12586,0,2509.214,1.567,2.183,40.785,42.57,43.468,75.082,74.582,76.47,20,20,66,multiprocess_sample_only,,
yjit-on/puma-response-array-256kb/puma-1w-3t/repeat-2,yjit-on,true,puma-response-array-256kb,puma-response-time-wrk,puma/benchmarks/local/response_time_wrk,https://github.com/puma/puma/blob/main/benchmarks/local/response_time_wrk.rb,puma-1w-3t,3,puma,1,3,9247,1000,5.002,5.0,1000,3845,2.002,2.0,5,true,9247,0,1848.761,2.42,3.85,6.241,20.957,22.633,113.078,110.348,76.1,20,20,63,multiprocess_sample_only,,
yjit-on/puma-response-chunk-256kb/puma-1w-3t/repeat-2,yjit-on,true,puma-response-chunk-256kb,puma-response-time-wrk,puma/benchmarks/local/response_time_wrk,https://github.com/puma/puma/blob/main/benchmarks/local/response_time_wrk.rb,puma-1w-3t,3,puma,1,3,3580,1000,5.006,5.0,1000,1496,2.006,2.0,5,true,3580,0,715.1,6.979,8.349,9.089,12.252,13.905,85.211,83.922,75.71,20,20,57,multiprocess_sample_only,,
yjit-on/puma-response-string-256kb/puma-1w-3t/repeat-2,yjit-on,true,puma-response-string-256kb,puma-response-time-wrk,puma/benchmarks/local/response_time_wrk,https://github.com/puma/puma/blob/main/benchmarks/local/response_time_wrk.rb,puma-1w-3t,3,puma,1,3,9370,1000,5.002,5.0,1000,3858,2.003,2.0,5,true,9370,0,1873.341,2.396,3.676,5.857,20.532,21.587,77.629,77.629,74.83,20,20,63,multiprocess_sample_only,,
yjit-on/puma-response-io-256kb/puma-1w-3t/repeat-2,yjit-on,true,puma-response-io-256kb,puma-response-time-wrk,puma/benchmarks/local/response_time_wrk,https://github.com/puma/puma/blob/main/benchmarks/local/response_time_wrk.rb,puma-1w-3t,3,puma,1,3,9402,1000,5.002,5.0,1000,3709,2.002,2.0,5,true,9402,0,1879.739,2.398,3.714,6.166,20.262,22.323,77.504,77.191,73.84,20,20,63,multiprocess_sample_only,,
yjit-on/puma-response-array-512kb/puma-1w-3t/repeat-2,yjit-on,true,puma-response-array-512kb,puma-response-time-wrk,puma/benchmarks/local/response_time_wrk,https://github.com/puma/puma/blob/main/benchmarks/local/response_time_wrk.rb,puma-1w-3t,3,puma,1,3,6916,1000,5.002,5.0,1000,2776,2.002,2.0,5,true,6916,0,1382.69,3.209,5.034,20.63,22.717,23.226,123.242,119.73,73.35,20,20,62,multiprocess_sample_only,,
yjit-on/puma-response-chunk-512kb/puma-1w-3t/repeat-2,yjit-on,true,puma-response-chunk-512kb,puma-response-time-wrk,puma/benchmarks/local/response_time_wrk,https://github.com/puma/puma/blob/main/benchmarks/local/response_time_wrk.rb,puma-1w-3t,3,puma,1,3,2031,1000,5.008,5.0,1000,1000,2.291,2.0,5,true,2031,0,405.585,12.341,14.813,16.262,21.929,24.44,87.559,87.504,72.925,20,20,50,multiprocess_sample_only,,
yjit-on/puma-response-string-512kb/puma-1w-3t/repeat-2,yjit-on,true,puma-response-string-512kb,puma-response-time-wrk,puma/benchmarks/local/response_time_wrk,https://github.com/puma/puma/blob/main/benchmarks/local/response_time_wrk.rb,puma-1w-3t,3,puma,1,3,7058,1000,5.003,5.0,1000,2952,2.003,2.0,5,true,7058,0,1410.634,3.083,5.127,20.902,23.114,24.223,89.0,89.0,72.1,20,20,61,multiprocess_sample_only,,
yjit-on/puma-response-io-512kb/puma-1w-3t/repeat-2,yjit-on,true,puma-response-io-512kb,puma-response-time-wrk,puma/benchmarks/local/response_time_wrk,https://github.com/puma/puma/blob/main/benchmarks/local/response_time_wrk.rb,puma-1w-3t,3,puma,1,3,6886,1000,5.002,5.0,1000,2748,2.002,2.0,5,true,6886,0,1376.533,3.162,5.095,21.391,23.573,222.73,89.078,89.078,70.87,20,20,61,multiprocess_sample_only,,
yjit-on/puma-response-array-1024kb/puma-1w-3t/repeat-2,yjit-on,true,puma-response-array-1024kb,puma-response-time-wrk,puma/benchmarks/local/response_time_wrk,https://github.com/puma/puma/blob/main/benchmarks/local/response_time_wrk.rb,puma-1w-3t,3,puma,1,3,4407,1000,5.004,5.0,1000,1810,2.004,2.0,5,true,4407,0,880.757,5.079,8.1,24.43,26.603,27.353,127.086,124.172,70.095,20,20,58,multiprocess_sample_only,,
yjit-on/puma-response-chunk-1024kb/puma-1w-3t/repeat-2,yjit-on,true,puma-response-chunk-1024kb,puma-response-time-wrk,puma/benchmarks/local/response_time_wrk,https://github.com/puma/puma/blob/main/benchmarks/local/response_time_wrk.rb,puma-1w-3t,3,puma,1,3,1109,1000,5.019,5.0,1000,1000,4.641,2.0,5,true,1109,0,220.98,22.561,26.845,28.786,35.54,40.441,89.73,89.598,69.815,20,20,40,multiprocess_sample_only,,
yjit-on/puma-response-string-1024kb/puma-1w-3t/repeat-2,yjit-on,true,puma-response-string-1024kb,puma-response-time-wrk,puma/benchmarks/local/response_time_wrk,https://github.com/puma/puma/blob/main/benchmarks/local/response_time_wrk.rb,puma-1w-3t,3,puma,1,3,4589,1000,5.003,5.0,1000,1919,2.004,2.0,5,true,4589,0,917.179,4.848,7.576,25.177,27.68,29.379,90.668,90.293,68.935,20,20,59,multiprocess_sample_only,,
yjit-on/puma-response-io-1024kb/puma-1w-3t/repeat-2,yjit-on,true,puma-response-io-1024kb,puma-response-time-wrk,puma/benchmarks/local/response_time_wrk,https://github.com/puma/puma/blob/main/benchmarks/local/response_time_wrk.rb,puma-1w-3t,3,puma,1,3,4486,1000,5.008,5.0,1000,1840,2.004,2.0,5,true,4486,0,895.741,4.896,8.017,25.283,27.242,27.783,90.668,90.668,67.545,20,20,58,multiprocess_sample_only,,
yjit-on/puma-response-array-2048kb/puma-1w-3t/repeat-2,yjit-on,true,puma-response-array-2048kb,puma-response-time-wrk,puma/benchmarks/local/response_time_wrk,https://github.com/puma/puma/blob/main/benchmarks/local/response_time_wrk.rb,puma-1w-3t,3,puma,1,3,2605,1000,5.009,5.0,1000,1033,2.009,2.0,5,true,2605,0,520.078,9.539,11.066,12.091,17.417,19.122,100.805,91.594,67.34,20,20,54,multiprocess_sample_only,,
yjit-on/puma-response-chunk-2048kb/puma-1w-3t/repeat-2,yjit-on,true,puma-response-chunk-2048kb,puma-response-time-wrk,puma/benchmarks/local/response_time_wrk,https://github.com/puma/puma/blob/main/benchmarks/local/response_time_wrk.rb,puma-1w-3t,3,puma,1,3,1000,1000,8.648,5.0,1000,1000,8.031,2.0,5,true,1000,0,115.637,43.233,49.873,53.453,81.744,84.271,94.309,94.234,67.695,20,20,50,multiprocess_sample_only,,
yjit-on/puma-response-string-2048kb/puma-1w-3t/repeat-2,yjit-on,true,puma-response-string-2048kb,puma-response-time-wrk,puma/benchmarks/local/response_time_wrk,https://github.com/puma/puma/blob/main/benchmarks/local/response_time_wrk.rb,puma-1w-3t,3,puma,1,3,2822,1000,5.007,5.0,1000,1138,2.008,2.0,5,true,2822,0,563.651,8.829,9.861,10.673,15.706,16.866,92.934,92.934,66.935,20,20,54,multiprocess_sample_only,,
yjit-on/puma-response-io-2048kb/puma-1w-3t/repeat-2,yjit-on,true,puma-response-io-2048kb,puma-response-time-wrk,puma/benchmarks/local/response_time_wrk,https://github.com/puma/puma/blob/main/benchmarks/local/response_time_wrk.rb,puma-1w-3t,3,puma,1,3,2929,1000,5.009,5.0,1000,1210,2.007,2.0,5,true,2929,0,584.793,8.473,9.7,10.255,14.647,16.932,92.996,92.996,65.605,20,20,55,multiprocess_sample_only,,
yjit-on/puma-long-tail-fib-200ms-x6p0/puma-1w-3t/repeat-2,yjit-on,true,puma-long-tail-fib-200ms-x6p0,puma-long-tail-hey,puma/benchmarks/local/long_tail_hey + test/rackup/sleep_fibonacci,https://github.com/puma/puma/blob/main/benchmarks/local/long_tail_hey.rb,puma-1w-3t,3,puma,1,3,360,360,51.163,5.0,360,360,51.168,2.0,18,true,360,0,7.036,2556.529,2588.874,2602.971,2613.967,2614.425,116.219,116.219,74.515,20,20,705,multiprocess_sample_only,,
yjit-on/puma-long-tail-fib-200ms-x4p0/puma-1w-3t/repeat-2,yjit-on,true,puma-long-tail-fib-200ms-x4p0,puma-long-tail-hey,puma/benchmarks/local/long_tail_hey + test/rackup/sleep_fibonacci,https://github.com/puma/puma/blob/main/benchmarks/local/long_tail_hey.rb,puma-1w-3t,3,puma,1,3,240,240,34.1,5.0,240,240,34.097,2.0,12,true,240,0,7.038,1702.278,1739.606,1748.718,1752.498,1753.121,119.137,119.137,80.13,20,20,470,multiprocess_sample_only,,
yjit-on/puma-long-tail-fib-200ms-x3p0/puma-1w-3t/repeat-2,yjit-on,true,puma-long-tail-fib-200ms-x3p0,puma-long-tail-hey,puma/benchmarks/local/long_tail_hey + test/rackup/sleep_fibonacci,https://github.com/puma/puma/blob/main/benchmarks/local/long_tail_hey.rb,puma-1w-3t,3,puma,1,3,180,180,25.576,5.0,180,180,25.57,2.0,9,true,180,0,7.038,1277.332,1302.233,1313.526,1317.533,1318.172,119.137,119.137,82.86,20,20,353,multiprocess_sample_only,,
yjit-on/puma-long-tail-fib-200ms-x2p0/puma-1w-3t/repeat-2,yjit-on,true,puma-long-tail-fib-200ms-x2p0,puma-long-tail-hey,puma/benchmarks/local/long_tail_hey + test/rackup/sleep_fibonacci,https://github.com/puma/puma/blob/main/benchmarks/local/long_tail_hey.rb,puma-1w-3t,3,puma,1,3,120,120,17.05,5.0,120,120,17.046,2.0,6,true,120,0,7.038,851.731,873.191,880.473,884.55,885.09,119.203,119.203,84.365,20,20,236,multiprocess_sample_only,,
yjit-on/puma-long-tail-fib-200ms-x1p5/puma-1w-3t/repeat-2,yjit-on,true,puma-long-tail-fib-200ms-x1p5,puma-long-tail-hey,puma/benchmarks/local/long_tail_hey + test/rackup/sleep_fibonacci,https://github.com/puma/puma/blob/main/benchmarks/local/long_tail_hey.rb,puma-1w-3t,3,puma,1,3,100,100,14.218,5.0,100,100,14.216,2.0,5,true,100,0,7.034,798.812,847.584,857.254,865.648,866.58,119.207,119.207,85.37,20,20,197,multiprocess_sample_only,,
yjit-on/puma-long-tail-fib-200ms-x1p0/puma-1w-3t/repeat-2,yjit-on,true,puma-long-tail-fib-200ms-x1p0,puma-long-tail-hey,puma/benchmarks/local/long_tail_hey + test/rackup/sleep_fibonacci,https://github.com/puma/puma/blob/main/benchmarks/local/long_tail_hey.rb,puma-1w-3t,3,puma,1,3,60,60,8.525,5.0,60,60,8.529,2.0,3,true,60,0,7.038,426.013,438.258,440.873,442.524,442.707,119.207,119.207,85.975,20,20,119,multiprocess_sample_only,,
yjit-on/puma-long-tail-fib-200ms-x0p5/puma-1w-3t/repeat-2,yjit-on,true,puma-long-tail-fib-200ms-x0p5,puma-long-tail-hey,puma/benchmarks/local/long_tail_hey + test/rackup/sleep_fibonacci,https://github.com/puma/puma/blob/main/benchmarks/local/long_tail_hey.rb,puma-1w-3t,3,puma,1,3,40,40,5.684,5.0,40,40,5.681,2.0,2,true,40,0,7.038,284.278,288.17,288.334,288.405,288.412,119.207,119.207,86.335,20,20,80,multiprocess_sample_only,,
yjit-on/puma-sleep-fibonacci-1ms/puma-1w-3t/repeat-2,yjit-on,true,puma-sleep-fibonacci-1ms,puma-sleep-fibonacci-test,puma/benchmarks/local/sleep_fibonacci_test + test/rackup/sleep_fibonacci,https://github.com/puma/puma/blob/main/benchmarks/local/sleep_fibonacci_test.rb,puma-1w-3t,3,puma,1,3,1792,10,5.002,5.0,10,719,2.001,2.0,1,true,1792,0,358.269,2.777,3.189,3.325,3.947,4.261,124.879,124.879,85.995,20,20,71,multiprocess_sample_only,,
yjit-on/puma-sleep-fibonacci-5ms/puma-1w-3t/repeat-2,yjit-on,true,puma-sleep-fibonacci-5ms,puma-sleep-fibonacci-test,puma/benchmarks/local/sleep_fibonacci_test + test/rackup/sleep_fibonacci,https://github.com/puma/puma/blob/main/benchmarks/local/sleep_fibonacci_test.rb,puma-1w-3t,3,puma,1,3,525,10,5.005,5.0,10,214,2.004,2.0,1,true,525,0,104.903,9.45,10.307,10.666,11.013,11.091,126.195,126.195,85.41,20,20,71,multiprocess_sample_only,,
yjit-on/puma-sleep-fibonacci-10ms/puma-1w-3t/repeat-2,yjit-on,true,puma-sleep-fibonacci-10ms,puma-sleep-fibonacci-test,puma/benchmarks/local/sleep_fibonacci_test + test/rackup/sleep_fibonacci,https://github.com/puma/puma/blob/main/benchmarks/local/sleep_fibonacci_test.rb,puma-1w-3t,3,puma,1,3,366,10,5.011,5.0,10,146,2.012,2.0,1,true,366,0,73.039,13.649,14.296,14.544,15.033,15.11,126.258,126.258,84.97,20,20,71,multiprocess_sample_only,,
yjit-on/puma-sleep-fibonacci-50ms/puma-1w-3t/repeat-2,yjit-on,true,puma-sleep-fibonacci-50ms,puma-sleep-fibonacci-test,puma/benchmarks/local/sleep_fibonacci_test + test/rackup/sleep_fibonacci,https://github.com/puma/puma/blob/main/benchmarks/local/sleep_fibonacci_test.rb,puma-1w-3t,3,puma,1,3,100,10,5.043,5.0,10,40,2.017,2.0,1,true,100,0,19.83,50.367,50.526,50.671,50.86,50.881,126.258,126.258,84.735,20,20,72,multiprocess_sample_only,,
yjit-on/puma-sleep-fibonacci-100ms/puma-1w-3t/repeat-2,yjit-on,true,puma-sleep-fibonacci-100ms,puma-sleep-fibonacci-test,puma/benchmarks/local/sleep_fibonacci_test + test/rackup/sleep_fibonacci,https://github.com/puma/puma/blob/main/benchmarks/local/sleep_fibonacci_test.rb,puma-1w-3t,3,puma,1,3,50,10,5.026,5.0,10,20,2.01,2.0,1,true,50,0,9.949,100.456,100.515,100.683,100.714,100.717,126.258,126.258,84.55,20,20,72,multiprocess_sample_only,,
yjit-on/puma-sleep-fibonacci-200ms/puma-1w-3t/repeat-2,yjit-on,true,puma-sleep-fibonacci-200ms,puma-sleep-fibonacci-test,puma/benchmarks/local/sleep_fibonacci_test + test/rackup/sleep_fibonacci,https://github.com/puma/puma/blob/main/benchmarks/local/sleep_fibonacci_test.rb,puma-1w-3t,3,puma,1,3,25,10,5.014,5.0,10,10,2.006,2.0,1,true,25,0,4.986,200.49,200.546,200.551,200.552,200.552,126.258,126.258,84.36,20,20,72,multiprocess_sample_only,,
yjit-on/puma-response-array-1kb/puma-1w-3t/repeat-3,yjit-on,true,puma-response-array-1kb,puma-response-time-wrk,puma/benchmarks/local/response_time_wrk,https://github.com/puma/puma/blob/main/benchmarks/local/response_time_wrk.rb,puma-1w-3t,3,puma,1,3,15529,1000,5.002,5.0,1000,6147,2.001,2.0,5,true,15529,0,3104.864,1.552,1.986,2.462,3.208,6.633,68.441,68.441,82.425,20,20,66,multiprocess_sample_only,,
yjit-on/puma-response-chunk-1kb/puma-1w-3t/repeat-3,yjit-on,true,puma-response-chunk-1kb,puma-response-time-wrk,puma/benchmarks/local/response_time_wrk,https://github.com/puma/puma/blob/main/benchmarks/local/response_time_wrk.rb,puma-1w-3t,3,puma,1,3,15151,1000,5.001,5.0,1000,6202,2.001,2.0,5,true,15151,0,3029.534,1.595,2.031,2.392,3.299,5.053,68.711,68.609,78.23,20,20,65,multiprocess_sample_only,,
yjit-on/puma-response-string-1kb/puma-1w-3t/repeat-3,yjit-on,true,puma-response-string-1kb,puma-response-time-wrk,puma/benchmarks/local/response_time_wrk,https://github.com/puma/puma/blob/main/benchmarks/local/response_time_wrk.rb,puma-1w-3t,3,puma,1,3,15577,1000,5.001,5.0,1000,6368,2.001,2.0,5,true,15577,0,3114.683,1.55,1.991,2.383,3.154,3.661,68.742,68.273,77.545,20,20,65,multiprocess_sample_only,,
yjit-on/puma-response-io-1kb/puma-1w-3t/repeat-3,yjit-on,true,puma-response-io-1kb,puma-response-time-wrk,puma/benchmarks/local/response_time_wrk,https://github.com/puma/puma/blob/main/benchmarks/local/response_time_wrk.rb,puma-1w-3t,3,puma,1,3,15335,1000,5.001,5.0,1000,6234,2.001,2.0,5,true,15335,0,3066.331,1.574,2.031,2.425,3.177,3.681,68.57,68.395,78.385,20,20,65,multiprocess_sample_only,,
yjit-on/puma-response-array-10kb/puma-1w-3t/repeat-3,yjit-on,true,puma-response-array-10kb,puma-response-time-wrk,puma/benchmarks/local/response_time_wrk,https://github.com/puma/puma/blob/main/benchmarks/local/response_time_wrk.rb,puma-1w-3t,3,puma,1,3,15444,1000,5.001,5.0,1000,6307,2.001,2.0,5,true,15444,0,3088.218,1.561,2.024,2.517,3.146,3.618,69.672,69.52,78.64,20,20,65,multiprocess_sample_only,,
yjit-on/puma-response-chunk-10kb/puma-1w-3t/repeat-3,yjit-on,true,puma-response-chunk-10kb,puma-response-time-wrk,puma/benchmarks/local/response_time_wrk,https://github.com/puma/puma/blob/main/benchmarks/local/response_time_wrk.rb,puma-1w-3t,3,puma,1,3,13430,1000,5.001,5.0,1000,5510,2.001,2.0,5,true,13430,0,2685.368,1.799,2.296,2.788,3.701,4.451,69.063,69.0,78.22,20,20,65,multiprocess_sample_only,,
yjit-on/puma-response-string-10kb/puma-1w-3t/repeat-3,yjit-on,true,puma-response-string-10kb,puma-response-time-wrk,puma/benchmarks/local/response_time_wrk,https://github.com/puma/puma/blob/main/benchmarks/local/response_time_wrk.rb,puma-1w-3t,3,puma,1,3,15425,1000,5.001,5.0,1000,6329,2.001,2.0,5,true,15425,0,3084.474,1.56,2.019,2.481,3.251,4.394,71.457,71.223,77.88,20,20,65,multiprocess_sample_only,,
yjit-on/puma-response-io-10kb/puma-1w-3t/repeat-3,yjit-on,true,puma-response-io-10kb,puma-response-time-wrk,puma/benchmarks/local/response_time_wrk,https://github.com/puma/puma/blob/main/benchmarks/local/response_time_wrk.rb,puma-1w-3t,3,puma,1,3,15112,1000,5.001,5.0,1000,6204,2.001,2.0,5,true,15112,0,3021.877,1.597,2.072,2.544,3.305,3.777,72.039,71.344,78.235,20,20,65,multiprocess_sample_only,,
yjit-on/puma-response-array-100kb/puma-1w-3t/repeat-3,yjit-on,true,puma-response-array-100kb,puma-response-time-wrk,puma/benchmarks/local/response_time_wrk,https://github.com/puma/puma/blob/main/benchmarks/local/response_time_wrk.rb,puma-1w-3t,3,puma,1,3,12648,1000,5.002,5.0,1000,5119,2.001,2.0,5,true,12648,0,2528.599,1.917,2.405,2.769,3.672,4.548,80.023,79.789,78.095,20,20,65,multiprocess_sample_only,,
yjit-on/puma-response-chunk-100kb/puma-1w-3t/repeat-3,yjit-on,true,puma-response-chunk-100kb,puma-response-time-wrk,puma/benchmarks/local/response_time_wrk,https://github.com/puma/puma/blob/main/benchmarks/local/response_time_wrk.rb,puma-1w-3t,3,puma,1,3,6523,1000,5.003,5.0,1000,2677,2.003,2.0,5,true,6523,0,1303.863,3.794,4.597,5.094,7.547,8.824,73.367,72.891,77.51,20,20,62,multiprocess_sample_only,,
yjit-on/puma-response-string-100kb/puma-1w-3t/repeat-3,yjit-on,true,puma-response-string-100kb,puma-response-time-wrk,puma/benchmarks/local/response_time_wrk,https://github.com/puma/puma/blob/main/benchmarks/local/response_time_wrk.rb,puma-1w-3t,3,puma,1,3,12638,1000,5.002,5.0,1000,5147,2.001,2.0,5,true,12638,0,2526.685,1.931,2.366,2.695,3.514,4.063,79.801,79.098,76.9,20,20,65,multiprocess_sample_only,,
yjit-on/puma-response-io-100kb/puma-1w-3t/repeat-3,yjit-on,true,puma-response-io-100kb,puma-response-time-wrk,puma/benchmarks/local/response_time_wrk,https://github.com/puma/puma/blob/main/benchmarks/local/response_time_wrk.rb,puma-1w-3t,3,puma,1,3,12627,1000,5.024,5.0,1000,5139,2.002,2.0,5,true,12627,0,2513.187,1.491,2.177,40.989,42.782,44.266,71.672,71.109,76.585,20,20,66,multiprocess_sample_only,,
yjit-on/puma-response-array-256kb/puma-1w-3t/repeat-3,yjit-on,true,puma-response-array-256kb,puma-response-time-wrk,puma/benchmarks/local/response_time_wrk,https://github.com/puma/puma/blob/main/benchmarks/local/response_time_wrk.rb,puma-1w-3t,3,puma,1,3,9300,1000,5.002,5.0,1000,3785,2.002,2.0,5,true,9300,0,1859.39,2.391,3.869,6.16,22.226,23.369,101.035,98.039,76.15,20,20,63,multiprocess_sample_only,,
yjit-on/puma-response-chunk-256kb/puma-1w-3t/repeat-3,yjit-on,true,puma-response-chunk-256kb,puma-response-time-wrk,puma/benchmarks/local/response_time_wrk,https://github.com/puma/puma/blob/main/benchmarks/local/response_time_wrk.rb,puma-1w-3t,3,puma,1,3,3540,1000,5.007,5.0,1000,1505,2.005,2.0,5,true,3540,0,707.063,7.029,8.389,9.125,13.227,14.547,78.406,77.188,75.71,20,20,57,multiprocess_sample_only,,
yjit-on/puma-response-string-256kb/puma-1w-3t/repeat-3,yjit-on,true,puma-response-string-256kb,puma-response-time-wrk,puma/benchmarks/local/response_time_wrk,https://github.com/puma/puma/blob/main/benchmarks/local/response_time_wrk.rb,puma-1w-3t,3,puma,1,3,9299,1000,5.001,5.0,1000,3847,2.002,2.0,5,true,9299,0,1859.285,2.391,3.836,6.108,21.735,22.929,75.008,74.633,74.85,20,20,62,multiprocess_sample_only,,
yjit-on/puma-response-io-256kb/puma-1w-3t/repeat-3,yjit-on,true,puma-response-io-256kb,puma-response-time-wrk,puma/benchmarks/local/response_time_wrk,https://github.com/puma/puma/blob/main/benchmarks/local/response_time_wrk.rb,puma-1w-3t,3,puma,1,3,9219,1000,5.002,5.0,1000,3742,2.006,2.0,5,true,9219,0,1843.127,2.429,3.839,6.441,21.945,24.221,74.945,74.945,73.835,20,20,63,multiprocess_sample_only,,
yjit-on/puma-response-array-512kb/puma-1w-3t/repeat-3,yjit-on,true,puma-response-array-512kb,puma-response-time-wrk,puma/benchmarks/local/response_time_wrk,https://github.com/puma/puma/blob/main/benchmarks/local/response_time_wrk.rb,puma-1w-3t,3,puma,1,3,6695,1000,5.002,5.0,1000,2801,2.004,2.0,5,true,6695,0,1338.367,3.251,5.23,22.804,25.007,26.016,116.563,112.754,73.16,20,20,61,multiprocess_sample_only,,
yjit-on/puma-response-chunk-512kb/puma-1w-3t/repeat-3,yjit-on,true,puma-response-chunk-512kb,puma-response-time-wrk,puma/benchmarks/local/response_time_wrk,https://github.com/puma/puma/blob/main/benchmarks/local/response_time_wrk.rb,puma-1w-3t,3,puma,1,3,2094,1000,5.01,5.0,1000,1000,2.356,2.0,5,true,2094,0,417.981,11.933,14.243,15.204,21.771,24.611,82.617,81.848,72.82,20,20,50,multiprocess_sample_only,,
yjit-on/puma-response-string-512kb/puma-1w-3t/repeat-3,yjit-on,true,puma-response-string-512kb,puma-response-time-wrk,puma/benchmarks/local/response_time_wrk,https://github.com/puma/puma/blob/main/benchmarks/local/response_time_wrk.rb,puma-1w-3t,3,puma,1,3,6931,1000,5.002,5.0,1000,2754,2.002,2.0,5,true,6931,0,1385.65,3.125,5.347,22.473,24.929,25.733,81.047,81.047,71.97,20,20,61,multiprocess_sample_only,,
yjit-on/puma-response-io-512kb/puma-1w-3t/repeat-3,yjit-on,true,puma-response-io-512kb,puma-response-time-wrk,puma/benchmarks/local/response_time_wrk,https://github.com/puma/puma/blob/main/benchmarks/local/response_time_wrk.rb,puma-1w-3t,3,puma,1,3,6682,1000,5.003,5.0,1000,2697,2.002,2.0,5,true,6682,0,1335.639,3.232,5.52,22.784,24.579,32.18,81.125,81.125,70.71,20,20,61,multiprocess_sample_only,,
yjit-on/puma-response-array-1024kb/puma-1w-3t/repeat-3,yjit-on,true,puma-response-array-1024kb,puma-response-time-wrk,puma/benchmarks/local/response_time_wrk,https://github.com/puma/puma/blob/main/benchmarks/local/response_time_wrk.rb,puma-1w-3t,3,puma,1,3,4363,1000,5.004,5.0,1000,1783,2.006,2.0,5,true,4363,0,871.945,5.037,8.459,26.91,30.073,30.845,116.348,115.227,69.825,20,20,57,multiprocess_sample_only,,
yjit-on/puma-response-chunk-1024kb/puma-1w-3t/repeat-3,yjit-on,true,puma-response-chunk-1024kb,puma-response-time-wrk,puma/benchmarks/local/response_time_wrk,https://github.com/puma/puma/blob/main/benchmarks/local/response_time_wrk.rb,puma-1w-3t,3,puma,1,3,1089,1000,5.018,5.0,1000,1000,4.411,2.0,5,true,1089,0,217.027,23.072,26.955,28.549,30.586,38.871,85.117,84.371,69.585,20,20,40,multiprocess_sample_only,,
yjit-on/puma-response-string-1024kb/puma-1w-3t/repeat-3,yjit-on,true,puma-response-string-1024kb,puma-response-time-wrk,puma/benchmarks/local/response_time_wrk,https://github.com/puma/puma/blob/main/benchmarks/local/response_time_wrk.rb,puma-1w-3t,3,puma,1,3,4506,1000,5.004,5.0,1000,1814,2.021,2.0,5,true,4506,0,900.556,4.895,7.606,26.559,29.177,30.726,87.418,87.418,68.62,20,20,58,multiprocess_sample_only,,
yjit-on/puma-response-io-1024kb/puma-1w-3t/repeat-3,yjit-on,true,puma-response-io-1024kb,puma-response-time-wrk,puma/benchmarks/local/response_time_wrk,https://github.com/puma/puma/blob/main/benchmarks/local/response_time_wrk.rb,puma-1w-3t,3,puma,1,3,4463,1000,5.008,5.0,1000,1839,2.014,2.0,5,true,4463,0,891.09,4.871,8.158,27.489,31.328,215.632,87.418,87.418,67.19,20,20,58,multiprocess_sample_only,,
yjit-on/puma-response-array-2048kb/puma-1w-3t/repeat-3,yjit-on,true,puma-response-array-2048kb,puma-response-time-wrk,puma/benchmarks/local/response_time_wrk,https://github.com/puma/puma/blob/main/benchmarks/local/response_time_wrk.rb,puma-1w-3t,3,puma,1,3,2583,1000,5.006,5.0,1000,1046,2.008,2.0,5,true,2583,0,515.935,9.615,11.016,11.651,16.931,18.75,98.727,89.773,66.85,20,20,53,multiprocess_sample_only,,
yjit-on/puma-response-chunk-2048kb/puma-1w-3t/repeat-3,yjit-on,true,puma-response-chunk-2048kb,puma-response-time-wrk,puma/benchmarks/local/response_time_wrk,https://github.com/puma/puma/blob/main/benchmarks/local/response_time_wrk.rb,puma-1w-3t,3,puma,1,3,1000,1000,8.675,5.0,1000,1000,8.15,2.0,5,true,1000,0,115.269,43.118,50.52,54.128,83.443,83.458,86.723,85.707,66.97,20,20,50,multiprocess_sample_only,,
yjit-on/puma-response-string-2048kb/puma-1w-3t/repeat-3,yjit-on,true,puma-response-string-2048kb,puma-response-time-wrk,puma/benchmarks/local/response_time_wrk,https://github.com/puma/puma/blob/main/benchmarks/local/response_time_wrk.rb,puma-1w-3t,3,puma,1,3,2802,1000,5.008,5.0,1000,1136,2.007,2.0,5,true,2802,0,559.502,8.891,10.006,10.71,15.828,16.157,90.016,90.016,66.185,20,20,54,multiprocess_sample_only,,
yjit-on/puma-response-io-2048kb/puma-1w-3t/repeat-3,yjit-on,true,puma-response-io-2048kb,puma-response-time-wrk,puma/benchmarks/local/response_time_wrk,https://github.com/puma/puma/blob/main/benchmarks/local/response_time_wrk.rb,puma-1w-3t,3,puma,1,3,2937,1000,5.008,5.0,1000,1175,2.007,2.0,5,true,2937,0,586.516,8.387,9.919,10.841,15.564,17.459,90.016,90.016,64.89,20,20,54,multiprocess_sample_only,,
yjit-on/puma-long-tail-fib-200ms-x6p0/puma-1w-3t/repeat-3,yjit-on,true,puma-long-tail-fib-200ms-x6p0,puma-long-tail-hey,puma/benchmarks/local/long_tail_hey + test/rackup/sleep_fibonacci,https://github.com/puma/puma/blob/main/benchmarks/local/long_tail_hey.rb,puma-1w-3t,3,puma,1,3,360,360,51.17,5.0,360,360,51.152,2.0,18,true,360,0,7.035,2556.748,2593.251,2604.91,2610.476,2611.1,111.367,111.367,74.025,20,20,705,multiprocess_sample_only,,
yjit-on/puma-long-tail-fib-200ms-x4p0/puma-1w-3t/repeat-3,yjit-on,true,puma-long-tail-fib-200ms-x4p0,puma-long-tail-hey,puma/benchmarks/local/long_tail_hey + test/rackup/sleep_fibonacci,https://github.com/puma/puma/blob/main/benchmarks/local/long_tail_hey.rb,puma-1w-3t,3,puma,1,3,240,240,34.106,5.0,240,240,34.098,2.0,12,true,240,0,7.037,1703.72,1730.874,1744.826,1749.677,1750.329,117.938,117.938,79.725,20,20,470,multiprocess_sample_only,,
yjit-on/puma-long-tail-fib-200ms-x3p0/puma-1w-3t/repeat-3,yjit-on,true,puma-long-tail-fib-200ms-x3p0,puma-long-tail-hey,puma/benchmarks/local/long_tail_hey + test/rackup/sleep_fibonacci,https://github.com/puma/puma/blob/main/benchmarks/local/long_tail_hey.rb,puma-1w-3t,3,puma,1,3,180,180,25.576,5.0,180,180,25.57,2.0,9,true,180,0,7.038,1277.729,1304.216,1309.074,1315.085,1315.633,118.254,118.254,82.52,20,20,353,multiprocess_sample_only,,
yjit-on/puma-long-tail-fib-200ms-x2p0/puma-1w-3t/repeat-3,yjit-on,true,puma-long-tail-fib-200ms-x2p0,puma-long-tail-hey,puma/benchmarks/local/long_tail_hey + test/rackup/sleep_fibonacci,https://github.com/puma/puma/blob/main/benchmarks/local/long_tail_hey.rb,puma-1w-3t,3,puma,1,3,120,120,17.047,5.0,120,120,17.054,2.0,6,true,120,0,7.039,851.603,872.127,877.515,882.336,882.94,118.316,118.316,84.045,20,20,236,multiprocess_sample_only,,
yjit-on/puma-long-tail-fib-200ms-x1p5/puma-1w-3t/repeat-3,yjit-on,true,puma-long-tail-fib-200ms-x1p5,puma-long-tail-hey,puma/benchmarks/local/long_tail_hey + test/rackup/sleep_fibonacci,https://github.com/puma/puma/blob/main/benchmarks/local/long_tail_hey.rb,puma-1w-3t,3,puma,1,3,100,100,14.214,5.0,100,100,14.209,2.0,5,true,100,0,7.036,710.177,847.035,859.58,862.484,862.807,118.32,118.32,85.065,20,20,196,multiprocess_sample_only,,
yjit-on/puma-long-tail-fib-200ms-x1p0/puma-1w-3t/repeat-3,yjit-on,true,puma-long-tail-fib-200ms-x1p0,puma-long-tail-hey,puma/benchmarks/local/long_tail_hey + test/rackup/sleep_fibonacci,https://github.com/puma/puma/blob/main/benchmarks/local/long_tail_hey.rb,puma-1w-3t,3,puma,1,3,60,60,8.527,5.0,60,60,8.522,2.0,3,true,60,0,7.037,425.259,439.271,444.44,446.716,446.969,118.32,118.32,85.685,20,20,119,multiprocess_sample_only,,
yjit-on/puma-long-tail-fib-200ms-x0p5/puma-1w-3t/repeat-3,yjit-on,true,puma-long-tail-fib-200ms-x0p5,puma-long-tail-hey,puma/benchmarks/local/long_tail_hey + test/rackup/sleep_fibonacci,https://github.com/puma/puma/blob/main/benchmarks/local/long_tail_hey.rb,puma-1w-3t,3,puma,1,3,40,40,5.686,5.0,40,40,5.677,2.0,2,true,40,0,7.034,284.285,288.451,294.84,297.111,297.363,118.32,118.32,86.045,20,20,80,multiprocess_sample_only,,
yjit-on/puma-sleep-fibonacci-1ms/puma-1w-3t/repeat-3,yjit-on,true,puma-sleep-fibonacci-1ms,puma-sleep-fibonacci-test,puma/benchmarks/local/sleep_fibonacci_test + test/rackup/sleep_fibonacci,https://github.com/puma/puma/blob/main/benchmarks/local/sleep_fibonacci_test.rb,puma-1w-3t,3,puma,1,3,1730,10,5.002,5.0,10,698,2.001,2.0,1,true,1730,0,345.893,2.84,3.254,3.315,3.817,3.984,118.32,118.32,85.7,20,20,71,multiprocess_sample_only,,
yjit-on/puma-sleep-fibonacci-5ms/puma-1w-3t/repeat-3,yjit-on,true,puma-sleep-fibonacci-5ms,puma-sleep-fibonacci-test,puma/benchmarks/local/sleep_fibonacci_test + test/rackup/sleep_fibonacci,https://github.com/puma/puma/blob/main/benchmarks/local/sleep_fibonacci_test.rb,puma-1w-3t,3,puma,1,3,519,10,5.005,5.0,10,210,2.008,2.0,1,true,519,0,103.701,9.59,10.381,10.751,10.813,10.821,118.383,118.383,85.105,20,20,71,multiprocess_sample_only,,
yjit-on/puma-sleep-fibonacci-10ms/puma-1w-3t/repeat-3,yjit-on,true,puma-sleep-fibonacci-10ms,puma-sleep-fibonacci-test,puma/benchmarks/local/sleep_fibonacci_test + test/rackup/sleep_fibonacci,https://github.com/puma/puma/blob/main/benchmarks/local/sleep_fibonacci_test.rb,puma-1w-3t,3,puma,1,3,358,10,5.001,5.0,10,142,2.011,2.0,1,true,358,0,71.589,13.99,14.354,14.612,14.886,14.96,120.07,120.07,84.655,20,20,71,multiprocess_sample_only,,
yjit-on/puma-sleep-fibonacci-50ms/puma-1w-3t/repeat-3,yjit-on,true,puma-sleep-fibonacci-50ms,puma-sleep-fibonacci-test,puma/benchmarks/local/sleep_fibonacci_test + test/rackup/sleep_fibonacci,https://github.com/puma/puma/blob/main/benchmarks/local/sleep_fibonacci_test.rb,puma-1w-3t,3,puma,1,3,100,10,5.043,5.0,10,40,2.018,2.0,1,true,100,0,19.829,50.373,50.523,50.673,51.358,51.434,120.133,120.133,84.415,20,20,72,multiprocess_sample_only,,
yjit-on/puma-sleep-fibonacci-100ms/puma-1w-3t/repeat-3,yjit-on,true,puma-sleep-fibonacci-100ms,puma-sleep-fibonacci-test,puma/benchmarks/local/sleep_fibonacci_test + test/rackup/sleep_fibonacci,https://github.com/puma/puma/blob/main/benchmarks/local/sleep_fibonacci_test.rb,puma-1w-3t,3,puma,1,3,50,10,5.025,5.0,10,20,2.01,2.0,1,true,50,0,9.95,100.429,100.536,100.749,100.87,100.884,120.133,120.133,84.245,20,20,72,multiprocess_sample_only,,
yjit-on/puma-sleep-fibonacci-200ms/puma-1w-3t/repeat-3,yjit-on,true,puma-sleep-fibonacci-200ms,puma-sleep-fibonacci-test,puma/benchmarks/local/sleep_fibonacci_test + test/rackup/sleep_fibonacci,https://github.com/puma/puma/blob/main/benchmarks/local/sleep_fibonacci_test.rb,puma-1w-3t,3,puma,1,3,25,10,5.014,5.0,10,10,2.006,2.0,1,true,25,0,4.986,200.496,200.562,200.569,200.571,200.571,120.133,120.133,84.06,20,20,72,multiprocess_sample_only,,
