run_id,runtime,yjit,scenario,scenario_family,benchmark_source,benchmark_source_url,server,server_capacity,adapter,workers,threads,requests,target_requests,duration_s,min_duration_s,target_warmup_requests,warmup_requests,warmup_duration_s,warmup_min_duration_s,concurrency,keep_alive,completed,errors,achieved_rps,p50_ms,p95_ms,p99_ms,p999_ms,max_ms,rss_mb_peak,rss_mb_end,cpu_pct_avg,target_sample_count,sample_count,raw_sample_count,gc_delta_scope,gc_count_delta,total_allocated_objects_delta
yjit-off/puma-response-array-1kb/raptor-12r/repeat-1,yjit-off,false,puma-response-array-1kb,puma-response-time-wrk,puma/benchmarks/local/response_time_wrk,https://github.com/puma/puma/blob/main/benchmarks/local/response_time_wrk.rb,raptor-12r,12,raptor,12,,1681,1000,6.264,5.0,1000,1000,4.334,2.0,19,true,1681,0,268.358,41.775,43.362,45.255,4117.932,4121.002,34.074,34.074,14.975,20,20,87,same_worker,31,1206594
yjit-off/puma-response-chunk-1kb/raptor-12r/repeat-1,yjit-off,false,puma-response-chunk-1kb,puma-response-time-wrk,puma/benchmarks/local/response_time_wrk,https://github.com/puma/puma/blob/main/benchmarks/local/response_time_wrk.rb,raptor-12r,12,raptor,12,,1688,1000,6.182,5.0,1000,1000,4.326,2.0,19,true,1688,0,273.059,41.039,42.787,44.832,4071.066,4075.312,34.449,34.449,12.735,20,20,86,same_worker,26,1207257
yjit-off/puma-response-string-1kb/raptor-12r/repeat-1,yjit-off,false,puma-response-string-1kb,puma-response-time-wrk,puma/benchmarks/local/response_time_wrk,https://github.com/puma/puma/blob/main/benchmarks/local/response_time_wrk.rb,raptor-12r,12,raptor,12,,1691,1000,6.191,5.0,1000,1000,4.337,2.0,19,true,1691,0,273.129,41.122,42.885,46.159,4075.005,4076.087,34.656,34.656,12.075,20,20,86,same_worker,23,1220434
yjit-off/puma-response-io-1kb/raptor-12r/repeat-1,yjit-off,false,puma-response-io-1kb,puma-response-time-wrk,puma/benchmarks/local/response_time_wrk,https://github.com/puma/puma/blob/main/benchmarks/local/response_time_wrk.rb,raptor-12r,12,raptor,12,,1687,1000,6.187,5.0,1000,1000,4.322,2.0,19,true,1687,0,272.69,41.086,42.801,44.619,4070.439,4077.482,34.887,34.887,11.86,20,20,86,same_worker,23,1230957
yjit-off/puma-response-array-10kb/raptor-12r/repeat-1,yjit-off,false,puma-response-array-10kb,puma-response-time-wrk,puma/benchmarks/local/response_time_wrk,https://github.com/puma/puma/blob/main/benchmarks/local/response_time_wrk.rb,raptor-12r,12,raptor,12,,1691,1000,6.239,5.0,1000,1000,4.276,2.0,19,true,1691,0,271.058,41.019,42.729,44.873,4059.845,4101.626,34.898,34.898,11.635,20,20,87,same_worker,22,1214834
yjit-off/puma-response-chunk-10kb/raptor-12r/repeat-1,yjit-off,false,puma-response-chunk-10kb,puma-response-time-wrk,puma/benchmarks/local/response_time_wrk,https://github.com/puma/puma/blob/main/benchmarks/local/response_time_wrk.rb,raptor-12r,12,raptor,12,,1691,1000,6.194,5.0,1000,1000,4.315,2.0,19,true,1691,0,272.99,41.024,42.722,44.794,4066.78,4090.187,34.898,34.898,11.5,20,20,86,same_worker,21,1206174
yjit-off/puma-response-string-10kb/raptor-12r/repeat-1,yjit-off,false,puma-response-string-10kb,puma-response-time-wrk,puma/benchmarks/local/response_time_wrk,https://github.com/puma/puma/blob/main/benchmarks/local/response_time_wrk.rb,raptor-12r,12,raptor,12,,1688,1000,6.188,5.0,1000,1000,4.274,2.0,19,true,1688,0,272.784,41.084,42.71,44.406,4054.825,4056.962,34.969,34.969,11.345,20,20,86,same_worker,22,1217670
yjit-off/puma-response-io-10kb/raptor-12r/repeat-1,yjit-off,false,puma-response-io-10kb,puma-response-time-wrk,puma/benchmarks/local/response_time_wrk,https://github.com/puma/puma/blob/main/benchmarks/local/response_time_wrk.rb,raptor-12r,12,raptor,12,,1679,1000,6.261,5.0,1000,1000,4.379,2.0,19,true,1679,0,268.161,41.737,43.317,45.542,4126.696,4158.92,35.879,35.879,11.455,20,20,87,same_worker,23,1247222
yjit-off/puma-response-array-100kb/raptor-12r/repeat-1,yjit-off,false,puma-response-array-100kb,puma-response-time-wrk,puma/benchmarks/local/response_time_wrk,https://github.com/puma/puma/blob/main/benchmarks/local/response_time_wrk.rb,raptor-12r,12,raptor,12,,8870,1000,5.007,5.0,1000,3902,2.009,2.0,19,true,8870,0,1771.422,5.714,8.897,68.106,649.225,829.064,36.039,36.039,17.885,20,20,60,same_worker,119,6377443
yjit-off/puma-response-chunk-100kb/raptor-12r/repeat-1,yjit-off,false,puma-response-chunk-100kb,puma-response-time-wrk,puma/benchmarks/local/response_time_wrk,https://github.com/puma/puma/blob/main/benchmarks/local/response_time_wrk.rb,raptor-12r,12,raptor,12,,6426,1000,5.008,5.0,1000,3737,2.04,2.0,19,true,6426,0,1283.183,5.76,41.825,109.742,1262.191,2007.765,36.105,36.105,25.825,20,20,63,same_worker,87,4596827
yjit-off/puma-response-string-100kb/raptor-12r/repeat-1,yjit-off,false,puma-response-string-100kb,puma-response-time-wrk,puma/benchmarks/local/response_time_wrk,https://github.com/puma/puma/blob/main/benchmarks/local/response_time_wrk.rb,raptor-12r,12,raptor,12,,11170,1000,5.007,5.0,1000,4611,2.007,2.0,19,true,11170,0,2230.848,5.257,7.007,12.401,528.601,543.908,37.938,37.938,30.905,20,20,59,same_worker,147,8028140
yjit-off/puma-response-io-100kb/raptor-12r/repeat-1,yjit-off,false,puma-response-io-100kb,puma-response-time-wrk,puma/benchmarks/local/response_time_wrk,https://github.com/puma/puma/blob/main/benchmarks/local/response_time_wrk.rb,raptor-12r,12,raptor,12,,3467,1000,5.04,5.0,1000,1650,3.04,2.0,19,true,3467,0,687.856,6.305,42.316,50.427,2969.727,3037.441,48.703,48.703,34.13,20,20,67,same_worker,62,3202859
yjit-off/puma-response-array-256kb/raptor-12r/repeat-1,yjit-off,false,puma-response-array-256kb,puma-response-time-wrk,puma/benchmarks/local/response_time_wrk,https://github.com/puma/puma/blob/main/benchmarks/local/response_time_wrk.rb,raptor-12r,12,raptor,12,,5312,1000,5.053,5.0,1000,1483,4.144,2.0,19,true,5312,0,1051.243,7.986,42.622,160.523,1054.902,1213.495,48.707,48.707,37.035,20,20,61,same_worker,73,3823437
yjit-off/puma-response-chunk-256kb/raptor-12r/repeat-1,yjit-off,false,puma-response-chunk-256kb,puma-response-time-wrk,puma/benchmarks/local/response_time_wrk,https://github.com/puma/puma/blob/main/benchmarks/local/response_time_wrk.rb,raptor-12r,12,raptor,12,,1731,1000,5.663,5.0,1000,1507,4.118,2.0,19,true,1731,0,305.652,41.963,43.108,375.727,3695.621,3736.845,48.707,48.707,38.805,20,20,78,same_worker,24,1237590
yjit-off/puma-response-string-256kb/raptor-12r/repeat-1,yjit-off,false,puma-response-string-256kb,puma-response-time-wrk,puma/benchmarks/local/response_time_wrk,https://github.com/puma/puma/blob/main/benchmarks/local/response_time_wrk.rb,raptor-12r,12,raptor,12,,9265,1000,5.01,5.0,1000,3744,2.009,2.0,19,true,9265,0,1849.274,6.363,8.175,14.469,640.305,646.355,49.563,49.563,40.45,20,20,58,same_worker,125,6656421
yjit-off/puma-response-io-256kb/raptor-12r/repeat-1,yjit-off,false,puma-response-io-256kb,puma-response-time-wrk,puma/benchmarks/local/response_time_wrk,https://github.com/puma/puma/blob/main/benchmarks/local/response_time_wrk.rb,raptor-12r,12,raptor,12,,1829,1000,5.425,5.0,1000,1141,4.156,2.0,19,true,1829,0,337.163,41.972,43.824,289.846,3229.273,3449.98,63.934,63.934,41.56,20,20,74,same_worker,48,2261043
yjit-off/puma-response-array-512kb/raptor-12r/repeat-1,yjit-off,false,puma-response-array-512kb,puma-response-time-wrk,puma/benchmarks/local/response_time_wrk,https://github.com/puma/puma/blob/main/benchmarks/local/response_time_wrk.rb,raptor-12r,12,raptor,12,,4273,1000,5.019,5.0,1000,1801,2.11,2.0,19,true,4273,0,851.383,13.42,21.192,61.561,1384.701,1414.278,63.965,63.965,45.87,20,20,49,same_worker,58,3065242
yjit-off/puma-response-chunk-512kb/raptor-12r/repeat-1,yjit-off,false,puma-response-chunk-512kb,puma-response-time-wrk,puma/benchmarks/local/response_time_wrk,https://github.com/puma/puma/blob/main/benchmarks/local/response_time_wrk.rb,raptor-12r,12,raptor,12,,4342,1000,5.02,5.0,1000,1787,2.202,2.0,19,true,4342,0,864.926,13.143,20.763,71.279,1320.564,1357.349,63.965,63.965,52.115,20,20,50,same_worker,59,3105985
yjit-off/puma-response-string-512kb/raptor-12r/repeat-1,yjit-off,false,puma-response-string-512kb,puma-response-time-wrk,puma/benchmarks/local/response_time_wrk,https://github.com/puma/puma/blob/main/benchmarks/local/response_time_wrk.rb,raptor-12r,12,raptor,12,,5857,1000,5.015,5.0,1000,2343,2.014,2.0,19,true,5857,0,1167.972,9.506,16.722,27.633,1038.107,1042.035,65.988,65.988,54.515,20,20,53,same_worker,81,4218840
yjit-off/puma-response-io-512kb/raptor-12r/repeat-1,yjit-off,false,puma-response-io-512kb,puma-response-time-wrk,puma/benchmarks/local/response_time_wrk,https://github.com/puma/puma/blob/main/benchmarks/local/response_time_wrk.rb,raptor-12r,12,raptor,12,,3451,1000,5.022,5.0,1000,1602,3.481,2.0,19,true,3451,0,687.139,14.074,54.204,70.6,1691.445,1713.11,81.371,81.371,58.415,20,20,53,same_worker,144,6033383
yjit-off/puma-response-array-1024kb/raptor-12r/repeat-1,yjit-off,false,puma-response-array-1024kb,puma-response-time-wrk,puma/benchmarks/local/response_time_wrk,https://github.com/puma/puma/blob/main/benchmarks/local/response_time_wrk.rb,raptor-12r,12,raptor,12,,2722,1000,5.028,5.0,1000,1474,3.811,2.0,19,true,2722,0,541.335,20.917,36.304,100.654,2191.297,2230.301,81.371,81.371,64.385,20,20,42,same_worker,38,1956822
yjit-off/puma-response-chunk-1024kb/raptor-12r/repeat-1,yjit-off,false,puma-response-chunk-1024kb,puma-response-time-wrk,puma/benchmarks/local/response_time_wrk,https://github.com/puma/puma/blob/main/benchmarks/local/response_time_wrk.rb,raptor-12r,12,raptor,12,,2705,1000,5.03,5.0,1000,1452,3.436,2.0,19,true,2705,0,537.82,20.86,35.419,101.076,2216.319,2242.428,81.371,81.371,70.16,20,20,43,same_worker,38,1936237
yjit-off/puma-response-string-1024kb/raptor-12r/repeat-1,yjit-off,false,puma-response-string-1024kb,puma-response-time-wrk,puma/benchmarks/local/response_time_wrk,https://github.com/puma/puma/blob/main/benchmarks/local/response_time_wrk.rb,raptor-12r,12,raptor,12,,3962,1000,5.022,5.0,1000,1751,2.154,2.0,19,true,3962,0,788.964,14.155,27.062,37.761,1520.503,1528.28,90.422,90.422,71.56,20,20,48,same_worker,55,2841284
yjit-off/puma-response-io-1024kb/raptor-12r/repeat-1,yjit-off,false,puma-response-io-1024kb,puma-response-time-wrk,puma/benchmarks/local/response_time_wrk,https://github.com/puma/puma/blob/main/benchmarks/local/response_time_wrk.rb,raptor-12r,12,raptor,12,,2191,1000,5.053,5.0,1000,1254,3.825,2.0,19,true,2191,0,433.646,24.503,67.535,86.682,2756.955,2777.613,104.082,104.082,75.25,20,20,51,same_worker,145,6074486
yjit-off/puma-response-array-2048kb/raptor-12r/repeat-1,yjit-off,false,puma-response-array-2048kb,puma-response-time-wrk,puma/benchmarks/local/response_time_wrk,https://github.com/puma/puma/blob/main/benchmarks/local/response_time_wrk.rb,raptor-12r,12,raptor,12,,1691,1000,5.797,5.0,1000,1003,3.625,2.0,19,true,1691,0,291.709,38.423,55.839,95.786,4043.273,4069.155,104.082,104.082,81.395,20,20,40,same_worker,22,1211734
yjit-off/puma-response-chunk-2048kb/raptor-12r/repeat-1,yjit-off,false,puma-response-chunk-2048kb,puma-response-time-wrk,puma/benchmarks/local/response_time_wrk,https://github.com/puma/puma/blob/main/benchmarks/local/response_time_wrk.rb,raptor-12r,12,raptor,12,,1666,1000,6.105,5.0,1000,1000,3.61,2.0,19,true,1666,0,272.885,40.362,57.061,118.503,4173.082,4217.099,104.082,104.082,87.08,20,20,44,same_worker,22,1190740
yjit-off/puma-response-string-2048kb/raptor-12r/repeat-1,yjit-off,false,puma-response-string-2048kb,puma-response-time-wrk,puma/benchmarks/local/response_time_wrk,https://github.com/puma/puma/blob/main/benchmarks/local/response_time_wrk.rb,raptor-12r,12,raptor,12,,2142,1000,5.042,5.0,1000,1089,2.768,2.0,19,true,2142,0,424.833,27.773,36.899,63.219,2876.899,2891.981,139.227,139.227,87.245,20,20,38,same_worker,28,1539832
yjit-off/puma-response-io-2048kb/raptor-12r/repeat-1,yjit-off,false,puma-response-io-2048kb,puma-response-time-wrk,puma/benchmarks/local/response_time_wrk,https://github.com/puma/puma/blob/main/benchmarks/local/response_time_wrk.rb,raptor-12r,12,raptor,12,,1531,1000,7.281,5.0,1000,1000,4.525,2.0,19,true,1531,0,210.28,49.143,85.86,108.572,5078.171,5081.456,190.328,190.328,91.8,20,20,78,same_worker,112,7392350
yjit-off/puma-long-tail-fib-200ms-x6p0/raptor-12r/repeat-1,yjit-off,false,puma-long-tail-fib-200ms-x6p0,puma-long-tail-hey,puma/benchmarks/local/long_tail_hey + test/rackup/sleep_fibonacci,https://github.com/puma/puma/blob/main/benchmarks/local/long_tail_hey.rb,raptor-12r,12,raptor,12,,1440,1440,190.261,5.0,1000,1000,140.296,2.0,72,true,0,1440,0.0,,,,,,190.461,190.461,42.35,20,20,2616,unavailable,,
yjit-off/puma-long-tail-fib-200ms-x4p0/raptor-12r/repeat-1,yjit-off,false,puma-long-tail-fib-200ms-x4p0,puma-long-tail-hey,puma/benchmarks/local/long_tail_hey + test/rackup/sleep_fibonacci,https://github.com/puma/puma/blob/main/benchmarks/local/long_tail_hey.rb,raptor-12r,12,raptor,12,,960,960,5.019,5.0,960,960,5.017,2.0,48,true,0,960,0.0,,,,,,190.461,190.461,30.715,20,20,70,unavailable,,
yjit-off/puma-long-tail-fib-200ms-x3p0/raptor-12r/repeat-1,yjit-off,false,puma-long-tail-fib-200ms-x3p0,puma-long-tail-hey,puma/benchmarks/local/long_tail_hey + test/rackup/sleep_fibonacci,https://github.com/puma/puma/blob/main/benchmarks/local/long_tail_hey.rb,raptor-12r,12,raptor,12,,720,720,5.016,5.0,720,720,5.014,2.0,36,true,0,720,0.0,,,,,,190.461,190.461,26.555,20,20,70,unavailable,,
yjit-off/puma-long-tail-fib-200ms-x2p0/raptor-12r/repeat-1,yjit-off,false,puma-long-tail-fib-200ms-x2p0,puma-long-tail-hey,puma/benchmarks/local/long_tail_hey + test/rackup/sleep_fibonacci,https://github.com/puma/puma/blob/main/benchmarks/local/long_tail_hey.rb,raptor-12r,12,raptor,12,,480,480,5.012,5.0,480,480,5.01,2.0,24,true,0,480,0.0,,,,,,190.461,190.461,23.385,20,20,70,unavailable,,
yjit-off/puma-long-tail-fib-200ms-x1p5/raptor-12r/repeat-1,yjit-off,false,puma-long-tail-fib-200ms-x1p5,puma-long-tail-hey,puma/benchmarks/local/long_tail_hey + test/rackup/sleep_fibonacci,https://github.com/puma/puma/blob/main/benchmarks/local/long_tail_hey.rb,raptor-12r,12,raptor,12,,360,360,5.011,5.0,360,360,5.009,2.0,18,true,0,360,0.0,,,,,,190.461,190.461,20.9,20,20,71,unavailable,,
yjit-off/puma-long-tail-fib-200ms-x1p0/raptor-12r/repeat-1,yjit-off,false,puma-long-tail-fib-200ms-x1p0,puma-long-tail-hey,puma/benchmarks/local/long_tail_hey + test/rackup/sleep_fibonacci,https://github.com/puma/puma/blob/main/benchmarks/local/long_tail_hey.rb,raptor-12r,12,raptor,12,,240,240,5.008,5.0,240,240,5.008,2.0,12,true,0,240,0.0,,,,,,190.461,190.461,18.895,20,20,71,unavailable,,
yjit-off/puma-long-tail-fib-200ms-x0p5/raptor-12r/repeat-1,yjit-off,false,puma-long-tail-fib-200ms-x0p5,puma-long-tail-hey,puma/benchmarks/local/long_tail_hey + test/rackup/sleep_fibonacci,https://github.com/puma/puma/blob/main/benchmarks/local/long_tail_hey.rb,raptor-12r,12,raptor,12,,120,120,5.008,5.0,120,120,5.007,2.0,6,true,0,120,0.0,,,,,,190.461,190.461,17.21,20,20,70,unavailable,,
yjit-off/puma-sleep-fibonacci-1ms/raptor-12r/repeat-1,yjit-off,false,puma-sleep-fibonacci-1ms,puma-sleep-fibonacci-test,puma/benchmarks/local/sleep_fibonacci_test + test/rackup/sleep_fibonacci,https://github.com/puma/puma/blob/main/benchmarks/local/sleep_fibonacci_test.rb,raptor-12r,12,raptor,12,,10,10,5.006,5.0,10,10,5.006,2.0,1,true,0,10,0.0,,,,,,190.461,190.461,15.82,20,20,70,unavailable,,
yjit-off/puma-sleep-fibonacci-5ms/raptor-12r/repeat-1,yjit-off,false,puma-sleep-fibonacci-5ms,puma-sleep-fibonacci-test,puma/benchmarks/local/sleep_fibonacci_test + test/rackup/sleep_fibonacci,https://github.com/puma/puma/blob/main/benchmarks/local/sleep_fibonacci_test.rb,raptor-12r,12,raptor,12,,10,10,5.005,5.0,10,10,5.006,2.0,1,true,0,10,0.0,,,,,,190.461,190.461,14.65,20,20,71,unavailable,,
yjit-off/puma-sleep-fibonacci-10ms/raptor-12r/repeat-1,yjit-off,false,puma-sleep-fibonacci-10ms,puma-sleep-fibonacci-test,puma/benchmarks/local/sleep_fibonacci_test + test/rackup/sleep_fibonacci,https://github.com/puma/puma/blob/main/benchmarks/local/sleep_fibonacci_test.rb,raptor-12r,12,raptor,12,,10,10,5.005,5.0,10,10,5.006,2.0,1,true,0,10,0.0,,,,,,190.461,190.461,13.605,20,20,70,unavailable,,
yjit-off/puma-sleep-fibonacci-50ms/raptor-12r/repeat-1,yjit-off,false,puma-sleep-fibonacci-50ms,puma-sleep-fibonacci-test,puma/benchmarks/local/sleep_fibonacci_test + test/rackup/sleep_fibonacci,https://github.com/puma/puma/blob/main/benchmarks/local/sleep_fibonacci_test.rb,raptor-12r,12,raptor,12,,10,10,5.006,5.0,10,10,5.006,2.0,1,true,0,10,0.0,,,,,,190.461,190.461,12.74,20,20,70,unavailable,,
yjit-off/puma-sleep-fibonacci-100ms/raptor-12r/repeat-1,yjit-off,false,puma-sleep-fibonacci-100ms,puma-sleep-fibonacci-test,puma/benchmarks/local/sleep_fibonacci_test + test/rackup/sleep_fibonacci,https://github.com/puma/puma/blob/main/benchmarks/local/sleep_fibonacci_test.rb,raptor-12r,12,raptor,12,,10,10,5.006,5.0,10,10,5.006,2.0,1,true,0,10,0.0,,,,,,190.461,190.461,12.0,20,20,71,unavailable,,
yjit-off/puma-sleep-fibonacci-200ms/raptor-12r/repeat-1,yjit-off,false,puma-sleep-fibonacci-200ms,puma-sleep-fibonacci-test,puma/benchmarks/local/sleep_fibonacci_test + test/rackup/sleep_fibonacci,https://github.com/puma/puma/blob/main/benchmarks/local/sleep_fibonacci_test.rb,raptor-12r,12,raptor,12,,10,10,5.006,5.0,10,10,5.006,2.0,1,true,0,10,0.0,,,,,,190.461,190.461,11.3,20,20,70,unavailable,,
yjit-off/puma-response-array-1kb/raptor-12r/repeat-2,yjit-off,false,puma-response-array-1kb,puma-response-time-wrk,puma/benchmarks/local/response_time_wrk,https://github.com/puma/puma/blob/main/benchmarks/local/response_time_wrk.rb,raptor-12r,12,raptor,12,,1691,1000,6.167,5.0,1000,1000,4.272,2.0,19,true,1691,0,274.215,40.997,42.457,44.81,4052.455,4054.146,33.07,33.07,13.195,20,20,86,same_worker,35,1217825
yjit-off/puma-response-chunk-1kb/raptor-12r/repeat-2,yjit-off,false,puma-response-chunk-1kb,puma-response-time-wrk,puma/benchmarks/local/response_time_wrk,https://github.com/puma/puma/blob/main/benchmarks/local/response_time_wrk.rb,raptor-12r,12,raptor,12,,1691,1000,6.156,5.0,1000,1000,4.323,2.0,19,true,1691,0,274.701,40.993,42.26,44.626,4047.163,4053.163,33.707,33.707,11.495,20,20,86,same_worker,26,1212252
yjit-off/puma-response-string-1kb/raptor-12r/repeat-2,yjit-off,false,puma-response-string-1kb,puma-response-time-wrk,puma/benchmarks/local/response_time_wrk,https://github.com/puma/puma/blob/main/benchmarks/local/response_time_wrk.rb,raptor-12r,12,raptor,12,,1690,1000,6.186,5.0,1000,1000,4.275,2.0,19,true,1690,0,273.199,41.057,42.757,44.741,4075.831,4077.638,34.406,34.406,11.07,20,20,86,same_worker,21,1211256
yjit-off/puma-response-io-1kb/raptor-12r/repeat-2,yjit-off,false,puma-response-io-1kb,puma-response-time-wrk,puma/benchmarks/local/response_time_wrk,https://github.com/puma/puma/blob/main/benchmarks/local/response_time_wrk.rb,raptor-12r,12,raptor,12,,1681,1000,6.24,5.0,1000,1000,4.323,2.0,19,true,1681,0,269.402,41.769,43.023,44.508,4114.345,4117.141,35.316,35.316,11.13,20,20,87,same_worker,19,1223396
yjit-off/puma-response-array-10kb/raptor-12r/repeat-2,yjit-off,false,puma-response-array-10kb,puma-response-time-wrk,puma/benchmarks/local/response_time_wrk,https://github.com/puma/puma/blob/main/benchmarks/local/response_time_wrk.rb,raptor-12r,12,raptor,12,,1687,1000,6.192,5.0,1000,1000,4.294,2.0,19,true,1687,0,272.457,41.194,42.903,44.884,4074.393,4074.789,35.578,35.578,11.145,20,20,86,same_worker,16,1213677
yjit-off/puma-response-chunk-10kb/raptor-12r/repeat-2,yjit-off,false,puma-response-chunk-10kb,puma-response-time-wrk,puma/benchmarks/local/response_time_wrk,https://github.com/puma/puma/blob/main/benchmarks/local/response_time_wrk.rb,raptor-12r,12,raptor,12,,1686,1000,6.228,5.0,1000,1000,4.326,2.0,19,true,1686,0,270.723,41.632,43.027,44.517,4100.811,4104.167,35.602,35.602,11.21,20,20,87,same_worker,16,1210405
yjit-off/puma-response-string-10kb/raptor-12r/repeat-2,yjit-off,false,puma-response-string-10kb,puma-response-time-wrk,puma/benchmarks/local/response_time_wrk,https://github.com/puma/puma/blob/main/benchmarks/local/response_time_wrk.rb,raptor-12r,12,raptor,12,,1686,1000,6.21,5.0,1000,1000,4.295,2.0,19,true,1686,0,271.504,41.372,42.958,45.082,4091.995,4094.34,35.727,35.727,11.165,20,20,86,same_worker,18,1212329
yjit-off/puma-response-io-10kb/raptor-12r/repeat-2,yjit-off,false,puma-response-io-10kb,puma-response-time-wrk,puma/benchmarks/local/response_time_wrk,https://github.com/puma/puma/blob/main/benchmarks/local/response_time_wrk.rb,raptor-12r,12,raptor,12,,1686,1000,6.234,5.0,1000,1000,4.293,2.0,19,true,1686,0,270.461,41.601,42.948,45.448,4105.005,4120.426,37.066,37.066,11.3,20,20,87,same_worker,17,1258082
yjit-off/puma-response-array-100kb/raptor-12r/repeat-2,yjit-off,false,puma-response-array-100kb,puma-response-time-wrk,puma/benchmarks/local/response_time_wrk,https://github.com/puma/puma/blob/main/benchmarks/local/response_time_wrk.rb,raptor-12r,12,raptor,12,,7075,1000,5.06,5.0,1000,1497,4.076,2.0,19,true,7075,0,1398.168,5.787,40.982,48.586,640.751,1916.233,37.109,37.109,15.255,20,20,63,same_worker,73,5082274
yjit-off/puma-response-chunk-100kb/raptor-12r/repeat-2,yjit-off,false,puma-response-chunk-100kb,puma-response-time-wrk,puma/benchmarks/local/response_time_wrk,https://github.com/puma/puma/blob/main/benchmarks/local/response_time_wrk.rb,raptor-12r,12,raptor,12,,4041,1000,5.055,5.0,1000,3741,2.052,2.0,19,true,4041,0,799.437,6.099,41.93,47.838,2165.972,2244.083,37.109,37.109,21.02,20,20,67,same_worker,42,2895704
yjit-off/puma-response-string-100kb/raptor-12r/repeat-2,yjit-off,false,puma-response-string-100kb,puma-response-time-wrk,puma/benchmarks/local/response_time_wrk,https://github.com/puma/puma/blob/main/benchmarks/local/response_time_wrk.rb,raptor-12r,12,raptor,12,,11532,1000,5.008,5.0,1000,4783,2.007,2.0,19,true,11532,0,2302.583,5.091,6.643,10.439,511.352,525.039,39.094,39.094,24.74,20,20,60,same_worker,119,8298936
yjit-off/puma-response-io-100kb/raptor-12r/repeat-2,yjit-off,false,puma-response-io-100kb,puma-response-time-wrk,puma/benchmarks/local/response_time_wrk,https://github.com/puma/puma/blob/main/benchmarks/local/response_time_wrk.rb,raptor-12r,12,raptor,12,,2329,1000,5.062,5.0,1000,1411,4.042,2.0,19,true,2329,0,460.077,40.962,42.256,49.628,2977.643,3107.893,53.945,53.945,27.02,20,20,70,same_worker,30,2151518
yjit-off/puma-response-array-256kb/raptor-12r/repeat-2,yjit-off,false,puma-response-array-256kb,puma-response-time-wrk,puma/benchmarks/local/response_time_wrk,https://github.com/puma/puma/blob/main/benchmarks/local/response_time_wrk.rb,raptor-12r,12,raptor,12,,6267,1000,5.055,5.0,1000,2812,2.012,2.0,19,true,6267,0,1239.665,8.111,40.706,56.266,871.157,947.441,53.945,53.945,32.5,20,20,58,same_worker,65,4503522
yjit-off/puma-response-chunk-256kb/raptor-12r/repeat-2,yjit-off,false,puma-response-chunk-256kb,puma-response-time-wrk,puma/benchmarks/local/response_time_wrk,https://github.com/puma/puma/blob/main/benchmarks/local/response_time_wrk.rb,raptor-12r,12,raptor,12,,3597,1000,5.011,5.0,1000,2854,2.011,2.0,19,true,3597,0,717.805,8.627,42.796,54.713,2350.999,2489.412,53.945,53.945,38.61,20,20,64,same_worker,38,2578673
yjit-off/puma-response-string-256kb/raptor-12r/repeat-2,yjit-off,false,puma-response-string-256kb,puma-response-time-wrk,puma/benchmarks/local/response_time_wrk,https://github.com/puma/puma/blob/main/benchmarks/local/response_time_wrk.rb,raptor-12r,12,raptor,12,,8693,1000,5.01,5.0,1000,3621,2.023,2.0,19,true,8693,0,1735.073,6.476,9.809,43.16,672.113,762.484,54.051,54.051,40.705,20,20,57,same_worker,91,6253711
yjit-off/puma-response-io-256kb/raptor-12r/repeat-2,yjit-off,false,puma-response-io-256kb,puma-response-time-wrk,puma/benchmarks/local/response_time_wrk,https://github.com/puma/puma/blob/main/benchmarks/local/response_time_wrk.rb,raptor-12r,12,raptor,12,,2049,1000,5.049,5.0,1000,1042,4.094,2.0,19,true,2049,0,405.806,41.953,45.078,58.968,2657.304,2795.732,70.559,69.762,41.805,20,20,68,same_worker,38,2538077
yjit-off/puma-response-array-512kb/raptor-12r/repeat-2,yjit-off,false,puma-response-array-512kb,puma-response-time-wrk,puma/benchmarks/local/response_time_wrk,https://github.com/puma/puma/blob/main/benchmarks/local/response_time_wrk.rb,raptor-12r,12,raptor,12,,4387,1000,5.017,5.0,1000,1810,2.28,2.0,19,true,4387,0,874.356,12.96,19.94,61.385,1325.569,1341.766,69.762,69.762,46.42,20,20,49,same_worker,46,3154525
yjit-off/puma-response-chunk-512kb/raptor-12r/repeat-2,yjit-off,false,puma-response-chunk-512kb,puma-response-time-wrk,puma/benchmarks/local/response_time_wrk,https://github.com/puma/puma/blob/main/benchmarks/local/response_time_wrk.rb,raptor-12r,12,raptor,12,,4303,1000,5.019,5.0,1000,1805,2.078,2.0,19,true,4303,0,857.303,13.081,21.578,64.537,1380.285,1412.111,69.762,69.762,52.765,20,20,48,same_worker,45,3081578
yjit-off/puma-response-string-512kb/raptor-12r/repeat-2,yjit-off,false,puma-response-string-512kb,puma-response-time-wrk,puma/benchmarks/local/response_time_wrk,https://github.com/puma/puma/blob/main/benchmarks/local/response_time_wrk.rb,raptor-12r,12,raptor,12,,5909,1000,5.013,5.0,1000,2351,2.017,2.0,19,true,5909,0,1178.648,9.227,16.104,29.923,1020.407,1029.782,70.281,70.281,55.255,20,20,52,same_worker,62,4243556
yjit-off/puma-response-io-512kb/raptor-12r/repeat-2,yjit-off,false,puma-response-io-512kb,puma-response-time-wrk,puma/benchmarks/local/response_time_wrk,https://github.com/puma/puma/blob/main/benchmarks/local/response_time_wrk.rb,raptor-12r,12,raptor,12,,3544,1000,5.023,5.0,1000,1635,3.377,2.0,19,true,3544,0,705.582,13.483,54.32,69.353,1586.476,1685.326,90.324,90.324,59.3,20,20,54,same_worker,102,6195689
yjit-off/puma-response-array-1024kb/raptor-12r/repeat-2,yjit-off,false,puma-response-array-1024kb,puma-response-time-wrk,puma/benchmarks/local/response_time_wrk,https://github.com/puma/puma/blob/main/benchmarks/local/response_time_wrk.rb,raptor-12r,12,raptor,12,,2621,1000,5.055,5.0,1000,1464,4.052,2.0,19,true,2621,0,518.508,20.841,54.054,133.37,2316.484,2355.882,90.324,90.324,65.645,20,20,44,same_worker,28,1882546
yjit-off/puma-response-chunk-1024kb/raptor-12r/repeat-2,yjit-off,false,puma-response-chunk-1024kb,puma-response-time-wrk,puma/benchmarks/local/response_time_wrk,https://github.com/puma/puma/blob/main/benchmarks/local/response_time_wrk.rb,raptor-12r,12,raptor,12,,2753,1000,5.031,5.0,1000,1517,3.13,2.0,19,true,2753,0,547.206,20.591,37.834,107.044,2145.607,2197.727,90.324,90.324,71.81,20,20,42,same_worker,28,1960868
yjit-off/puma-response-string-1024kb/raptor-12r/repeat-2,yjit-off,false,puma-response-string-1024kb,puma-response-time-wrk,puma/benchmarks/local/response_time_wrk,https://github.com/puma/puma/blob/main/benchmarks/local/response_time_wrk.rb,raptor-12r,12,raptor,12,,3936,1000,5.039,5.0,1000,1740,2.165,2.0,19,true,3936,0,781.112,14.219,29.612,42.174,1564.11,1574.005,94.551,94.551,73.265,20,20,48,same_worker,42,2822085
yjit-off/puma-response-io-1024kb/raptor-12r/repeat-2,yjit-off,false,puma-response-io-1024kb,puma-response-time-wrk,puma/benchmarks/local/response_time_wrk,https://github.com/puma/puma/blob/main/benchmarks/local/response_time_wrk.rb,raptor-12r,12,raptor,12,,2158,1000,5.059,5.0,1000,1217,4.21,2.0,19,true,2158,0,426.532,23.591,65.955,80.929,2875.962,2910.027,123.246,111.668,76.45,20,20,55,same_worker,99,5978985
yjit-off/puma-response-array-2048kb/raptor-12r/repeat-2,yjit-off,false,puma-response-array-2048kb,puma-response-time-wrk,puma/benchmarks/local/response_time_wrk,https://github.com/puma/puma/blob/main/benchmarks/local/response_time_wrk.rb,raptor-12r,12,raptor,12,,1680,1000,5.883,5.0,1000,1007,3.532,2.0,19,true,1680,0,285.593,39.133,57.153,113.189,4045.768,4100.494,109.797,109.797,82.8,20,20,43,same_worker,17,1204990
yjit-off/puma-response-chunk-2048kb/raptor-12r/repeat-2,yjit-off,false,puma-response-chunk-2048kb,puma-response-time-wrk,puma/benchmarks/local/response_time_wrk,https://github.com/puma/puma/blob/main/benchmarks/local/response_time_wrk.rb,raptor-12r,12,raptor,12,,1667,1000,6.132,5.0,1000,1000,3.547,2.0,19,true,1667,0,271.85,41.269,55.44,87.674,4257.482,4268.178,109.797,109.797,88.195,20,20,44,same_worker,17,1190120
yjit-off/puma-response-string-2048kb/raptor-12r/repeat-2,yjit-off,false,puma-response-string-2048kb,puma-response-time-wrk,puma/benchmarks/local/response_time_wrk,https://github.com/puma/puma/blob/main/benchmarks/local/response_time_wrk.rb,raptor-12r,12,raptor,12,,2119,1000,5.047,5.0,1000,1356,2.81,2.0,19,true,2119,0,419.848,28.407,36.451,56.237,2752.337,2760.186,133.844,133.844,88.325,20,20,38,same_worker,22,1517045
yjit-off/puma-response-io-2048kb/raptor-12r/repeat-2,yjit-off,false,puma-response-io-2048kb,puma-response-time-wrk,puma/benchmarks/local/response_time_wrk,https://github.com/puma/puma/blob/main/benchmarks/local/response_time_wrk.rb,raptor-12r,12,raptor,12,,1562,1000,7.129,5.0,1000,1000,4.859,2.0,19,true,1562,0,219.113,47.196,83.648,109.06,4907.222,4981.033,174.121,174.121,92.655,20,20,78,same_worker,137,7531878
yjit-off/puma-long-tail-fib-200ms-x6p0/raptor-12r/repeat-2,yjit-off,false,puma-long-tail-fib-200ms-x6p0,puma-long-tail-hey,puma/benchmarks/local/long_tail_hey + test/rackup/sleep_fibonacci,https://github.com/puma/puma/blob/main/benchmarks/local/long_tail_hey.rb,raptor-12r,12,raptor,12,,1440,1440,200.255,5.0,1000,1000,140.239,2.0,72,true,0,1440,0.0,,,,,,174.453,174.453,42.965,20,20,2765,unavailable,,
yjit-off/puma-long-tail-fib-200ms-x4p0/raptor-12r/repeat-2,yjit-off,false,puma-long-tail-fib-200ms-x4p0,puma-long-tail-hey,puma/benchmarks/local/long_tail_hey + test/rackup/sleep_fibonacci,https://github.com/puma/puma/blob/main/benchmarks/local/long_tail_hey.rb,raptor-12r,12,raptor,12,,960,960,5.019,5.0,960,960,5.019,2.0,48,true,0,960,0.0,,,,,,174.453,174.453,30.98,20,20,71,unavailable,,
yjit-off/puma-long-tail-fib-200ms-x3p0/raptor-12r/repeat-2,yjit-off,false,puma-long-tail-fib-200ms-x3p0,puma-long-tail-hey,puma/benchmarks/local/long_tail_hey + test/rackup/sleep_fibonacci,https://github.com/puma/puma/blob/main/benchmarks/local/long_tail_hey.rb,raptor-12r,12,raptor,12,,720,720,5.015,5.0,720,720,5.015,2.0,36,true,0,720,0.0,,,,,,174.453,174.453,26.825,20,20,71,unavailable,,
yjit-off/puma-long-tail-fib-200ms-x2p0/raptor-12r/repeat-2,yjit-off,false,puma-long-tail-fib-200ms-x2p0,puma-long-tail-hey,puma/benchmarks/local/long_tail_hey + test/rackup/sleep_fibonacci,https://github.com/puma/puma/blob/main/benchmarks/local/long_tail_hey.rb,raptor-12r,12,raptor,12,,480,480,5.012,5.0,480,480,5.01,2.0,24,true,0,480,0.0,,,,,,174.453,174.453,23.645,20,20,71,unavailable,,
yjit-off/puma-long-tail-fib-200ms-x1p5/raptor-12r/repeat-2,yjit-off,false,puma-long-tail-fib-200ms-x1p5,puma-long-tail-hey,puma/benchmarks/local/long_tail_hey + test/rackup/sleep_fibonacci,https://github.com/puma/puma/blob/main/benchmarks/local/long_tail_hey.rb,raptor-12r,12,raptor,12,,360,360,5.012,5.0,360,360,5.009,2.0,18,true,0,360,0.0,,,,,,174.453,174.453,21.135,20,20,71,unavailable,,
yjit-off/puma-long-tail-fib-200ms-x1p0/raptor-12r/repeat-2,yjit-off,false,puma-long-tail-fib-200ms-x1p0,puma-long-tail-hey,puma/benchmarks/local/long_tail_hey + test/rackup/sleep_fibonacci,https://github.com/puma/puma/blob/main/benchmarks/local/long_tail_hey.rb,raptor-12r,12,raptor,12,,240,240,5.008,5.0,240,240,5.008,2.0,12,true,0,240,0.0,,,,,,174.453,174.453,19.1,20,20,70,unavailable,,
yjit-off/puma-long-tail-fib-200ms-x0p5/raptor-12r/repeat-2,yjit-off,false,puma-long-tail-fib-200ms-x0p5,puma-long-tail-hey,puma/benchmarks/local/long_tail_hey + test/rackup/sleep_fibonacci,https://github.com/puma/puma/blob/main/benchmarks/local/long_tail_hey.rb,raptor-12r,12,raptor,12,,120,120,5.007,5.0,120,120,5.007,2.0,6,true,0,120,0.0,,,,,,174.453,174.453,17.44,20,20,71,unavailable,,
yjit-off/puma-sleep-fibonacci-1ms/raptor-12r/repeat-2,yjit-off,false,puma-sleep-fibonacci-1ms,puma-sleep-fibonacci-test,puma/benchmarks/local/sleep_fibonacci_test + test/rackup/sleep_fibonacci,https://github.com/puma/puma/blob/main/benchmarks/local/sleep_fibonacci_test.rb,raptor-12r,12,raptor,12,,10,10,5.006,5.0,10,10,5.006,2.0,1,true,0,10,0.0,,,,,,174.453,174.453,16.035,20,20,70,unavailable,,
yjit-off/puma-sleep-fibonacci-5ms/raptor-12r/repeat-2,yjit-off,false,puma-sleep-fibonacci-5ms,puma-sleep-fibonacci-test,puma/benchmarks/local/sleep_fibonacci_test + test/rackup/sleep_fibonacci,https://github.com/puma/puma/blob/main/benchmarks/local/sleep_fibonacci_test.rb,raptor-12r,12,raptor,12,,10,10,5.006,5.0,10,10,5.006,2.0,1,true,0,10,0.0,,,,,,174.453,174.453,14.85,20,20,71,unavailable,,
yjit-off/puma-sleep-fibonacci-10ms/raptor-12r/repeat-2,yjit-off,false,puma-sleep-fibonacci-10ms,puma-sleep-fibonacci-test,puma/benchmarks/local/sleep_fibonacci_test + test/rackup/sleep_fibonacci,https://github.com/puma/puma/blob/main/benchmarks/local/sleep_fibonacci_test.rb,raptor-12r,12,raptor,12,,10,10,5.006,5.0,10,10,5.005,2.0,1,true,0,10,0.0,,,,,,174.453,174.453,13.8,20,20,71,unavailable,,
yjit-off/puma-sleep-fibonacci-50ms/raptor-12r/repeat-2,yjit-off,false,puma-sleep-fibonacci-50ms,puma-sleep-fibonacci-test,puma/benchmarks/local/sleep_fibonacci_test + test/rackup/sleep_fibonacci,https://github.com/puma/puma/blob/main/benchmarks/local/sleep_fibonacci_test.rb,raptor-12r,12,raptor,12,,10,10,5.006,5.0,10,10,5.006,2.0,1,true,0,10,0.0,,,,,,174.453,174.453,12.9,20,20,70,unavailable,,
yjit-off/puma-sleep-fibonacci-100ms/raptor-12r/repeat-2,yjit-off,false,puma-sleep-fibonacci-100ms,puma-sleep-fibonacci-test,puma/benchmarks/local/sleep_fibonacci_test + test/rackup/sleep_fibonacci,https://github.com/puma/puma/blob/main/benchmarks/local/sleep_fibonacci_test.rb,raptor-12r,12,raptor,12,,10,10,5.001,5.0,10,10,5.006,2.0,1,true,0,10,0.0,,,,,,174.453,174.453,12.12,20,20,70,unavailable,,
yjit-off/puma-sleep-fibonacci-200ms/raptor-12r/repeat-2,yjit-off,false,puma-sleep-fibonacci-200ms,puma-sleep-fibonacci-test,puma/benchmarks/local/sleep_fibonacci_test + test/rackup/sleep_fibonacci,https://github.com/puma/puma/blob/main/benchmarks/local/sleep_fibonacci_test.rb,raptor-12r,12,raptor,12,,10,10,5.006,5.0,10,10,5.006,2.0,1,true,0,10,0.0,,,,,,174.453,174.453,11.435,20,20,70,unavailable,,
yjit-off/puma-response-array-1kb/raptor-12r/repeat-3,yjit-off,false,puma-response-array-1kb,puma-response-time-wrk,puma/benchmarks/local/response_time_wrk,https://github.com/puma/puma/blob/main/benchmarks/local/response_time_wrk.rb,raptor-12r,12,raptor,12,,1691,1000,6.176,5.0,1000,1000,4.307,2.0,19,true,1691,0,273.816,41.031,42.626,44.5,4059.896,4062.449,33.242,33.242,14.16,20,20,86,same_worker,44,1217697
yjit-off/puma-response-chunk-1kb/raptor-12r/repeat-3,yjit-off,false,puma-response-chunk-1kb,puma-response-time-wrk,puma/benchmarks/local/response_time_wrk,https://github.com/puma/puma/blob/main/benchmarks/local/response_time_wrk.rb,raptor-12r,12,raptor,12,,1686,1000,6.23,5.0,1000,1000,4.291,2.0,19,true,1686,0,270.63,41.441,43.09,44.938,4093.921,4095.344,34.109,34.109,12.19,20,20,87,same_worker,24,1205611
yjit-off/puma-response-string-1kb/raptor-12r/repeat-3,yjit-off,false,puma-response-string-1kb,puma-response-time-wrk,puma/benchmarks/local/response_time_wrk,https://github.com/puma/puma/blob/main/benchmarks/local/response_time_wrk.rb,raptor-12r,12,raptor,12,,1691,1000,6.165,5.0,1000,1000,4.279,2.0,19,true,1691,0,274.305,40.994,42.412,44.235,4052.803,4057.114,34.863,34.863,11.635,20,20,86,same_worker,19,1215245
yjit-off/puma-response-io-1kb/raptor-12r/repeat-3,yjit-off,false,puma-response-io-1kb,puma-response-time-wrk,puma/benchmarks/local/response_time_wrk,https://github.com/puma/puma/blob/main/benchmarks/local/response_time_wrk.rb,raptor-12r,12,raptor,12,,1681,1000,6.277,5.0,1000,1000,4.327,2.0,19,true,1681,0,267.808,41.811,43.167,45.098,4115.039,4122.917,35.668,35.668,11.625,20,20,87,same_worker,19,1220866
yjit-off/puma-response-array-10kb/raptor-12r/repeat-3,yjit-off,false,puma-response-array-10kb,puma-response-time-wrk,puma/benchmarks/local/response_time_wrk,https://github.com/puma/puma/blob/main/benchmarks/local/response_time_wrk.rb,raptor-12r,12,raptor,12,,1684,1000,6.263,5.0,1000,1000,4.341,2.0,19,true,1684,0,268.871,41.672,42.978,44.989,4116.636,4157.481,36.316,36.316,11.715,20,20,87,same_worker,15,1213691
yjit-off/puma-response-chunk-10kb/raptor-12r/repeat-3,yjit-off,false,puma-response-chunk-10kb,puma-response-time-wrk,puma/benchmarks/local/response_time_wrk,https://github.com/puma/puma/blob/main/benchmarks/local/response_time_wrk.rb,raptor-12r,12,raptor,12,,1686,1000,6.263,5.0,1000,1000,4.342,2.0,19,true,1686,0,269.186,41.581,43.15,44.56,4109.328,4141.069,36.648,36.648,11.765,20,20,87,same_worker,14,1209347
yjit-off/puma-response-string-10kb/raptor-12r/repeat-3,yjit-off,false,puma-response-string-10kb,puma-response-time-wrk,puma/benchmarks/local/response_time_wrk,https://github.com/puma/puma/blob/main/benchmarks/local/response_time_wrk.rb,raptor-12r,12,raptor,12,,1686,1000,6.254,5.0,1000,1000,4.317,2.0,19,true,1686,0,269.576,41.716,43.146,44.659,4104.636,4106.068,36.797,36.797,11.695,20,20,87,same_worker,14,1204767
yjit-off/puma-response-io-10kb/raptor-12r/repeat-3,yjit-off,false,puma-response-io-10kb,puma-response-time-wrk,puma/benchmarks/local/response_time_wrk,https://github.com/puma/puma/blob/main/benchmarks/local/response_time_wrk.rb,raptor-12r,12,raptor,12,,1686,1000,6.279,5.0,1000,1000,4.345,2.0,19,true,1686,0,268.508,41.653,43.029,44.863,4093.34,4137.865,38.906,38.906,11.775,20,20,87,same_worker,14,1250741
yjit-off/puma-response-array-100kb/raptor-12r/repeat-3,yjit-off,false,puma-response-array-100kb,puma-response-time-wrk,puma/benchmarks/local/response_time_wrk,https://github.com/puma/puma/blob/main/benchmarks/local/response_time_wrk.rb,raptor-12r,12,raptor,12,,2890,1000,5.053,5.0,1000,4167,2.046,2.0,19,true,2890,0,571.882,6.916,41.966,48.213,2715.959,2947.454,38.91,38.91,16.155,20,20,69,same_worker,26,2072744
yjit-off/puma-response-chunk-100kb/raptor-12r/repeat-3,yjit-off,false,puma-response-chunk-100kb,puma-response-time-wrk,puma/benchmarks/local/response_time_wrk,https://github.com/puma/puma/blob/main/benchmarks/local/response_time_wrk.rb,raptor-12r,12,raptor,12,,7963,1000,5.065,5.0,1000,4096,2.026,2.0,19,true,7963,0,1572.02,5.733,40.969,49.634,589.243,1384.338,39.035,39.035,22.425,20,20,63,same_worker,69,5703154
yjit-off/puma-response-string-100kb/raptor-12r/repeat-3,yjit-off,false,puma-response-string-100kb,puma-response-time-wrk,puma/benchmarks/local/response_time_wrk,https://github.com/puma/puma/blob/main/benchmarks/local/response_time_wrk.rb,raptor-12r,12,raptor,12,,11528,1000,5.007,5.0,1000,4838,2.006,2.0,19,true,11528,0,2302.228,5.07,6.653,11.146,513.238,520.613,40.914,40.914,27.51,20,20,60,same_worker,103,8286682
yjit-off/puma-response-io-100kb/raptor-12r/repeat-3,yjit-off,false,puma-response-io-100kb,puma-response-time-wrk,puma/benchmarks/local/response_time_wrk,https://github.com/puma/puma/blob/main/benchmarks/local/response_time_wrk.rb,raptor-12r,12,raptor,12,,3021,1000,5.058,5.0,1000,1242,4.116,2.0,19,true,3021,0,597.32,6.725,41.973,87.665,2224.744,2323.885,56.555,56.555,29.905,20,20,69,same_worker,31,2791643
yjit-off/puma-response-array-256kb/raptor-12r/repeat-3,yjit-off,false,puma-response-array-256kb,puma-response-time-wrk,puma/benchmarks/local/response_time_wrk,https://github.com/puma/puma/blob/main/benchmarks/local/response_time_wrk.rb,raptor-12r,12,raptor,12,,4482,1000,5.043,5.0,1000,1950,2.023,2.0,19,true,4482,0,888.719,8.509,42.268,55.411,2091.69,2127.79,56.555,56.555,32.885,20,20,62,same_worker,40,3229355
yjit-off/puma-response-chunk-256kb/raptor-12r/repeat-3,yjit-off,false,puma-response-chunk-256kb,puma-response-time-wrk,puma/benchmarks/local/response_time_wrk,https://github.com/puma/puma/blob/main/benchmarks/local/response_time_wrk.rb,raptor-12r,12,raptor,12,,3780,1000,5.015,5.0,1000,2779,2.014,2.0,19,true,3780,0,753.777,8.537,42.504,81.387,2540.09,2775.355,56.617,56.617,37.72,20,20,64,same_worker,33,2707249
yjit-off/puma-response-string-256kb/raptor-12r/repeat-3,yjit-off,false,puma-response-string-256kb,puma-response-time-wrk,puma/benchmarks/local/response_time_wrk,https://github.com/puma/puma/blob/main/benchmarks/local/response_time_wrk.rb,raptor-12r,12,raptor,12,,8541,1000,5.03,5.0,1000,3649,2.01,2.0,19,true,8541,0,1697.947,6.502,11.261,23.926,702.264,742.565,57.313,57.313,40.805,20,20,57,same_worker,77,6143517
yjit-off/puma-response-io-256kb/raptor-12r/repeat-3,yjit-off,false,puma-response-io-256kb,puma-response-time-wrk,puma/benchmarks/local/response_time_wrk,https://github.com/puma/puma/blob/main/benchmarks/local/response_time_wrk.rb,raptor-12r,12,raptor,12,,1903,1000,5.059,5.0,1000,1226,4.094,2.0,19,true,1903,0,376.126,41.967,43.903,61.489,2827.034,2959.688,78.504,77.898,41.975,20,20,69,same_worker,28,2351115
yjit-off/puma-response-array-512kb/raptor-12r/repeat-3,yjit-off,false,puma-response-array-512kb,puma-response-time-wrk,puma/benchmarks/local/response_time_wrk,https://github.com/puma/puma/blob/main/benchmarks/local/response_time_wrk.rb,raptor-12r,12,raptor,12,,4459,1000,5.034,5.0,1000,1852,2.017,2.0,19,true,4459,0,885.849,12.562,21.936,61.83,1336.587,1369.696,77.898,77.898,46.74,20,20,50,same_worker,41,3209840
yjit-off/puma-response-chunk-512kb/raptor-12r/repeat-3,yjit-off,false,puma-response-chunk-512kb,puma-response-time-wrk,puma/benchmarks/local/response_time_wrk,https://github.com/puma/puma/blob/main/benchmarks/local/response_time_wrk.rb,raptor-12r,12,raptor,12,,4459,1000,5.05,5.0,1000,1823,2.148,2.0,19,true,4459,0,883.006,12.636,19.724,59.107,1321.743,1357.797,77.898,77.898,53.35,20,20,50,same_worker,41,3188147
yjit-off/puma-response-string-512kb/raptor-12r/repeat-3,yjit-off,false,puma-response-string-512kb,puma-response-time-wrk,puma/benchmarks/local/response_time_wrk,https://github.com/puma/puma/blob/main/benchmarks/local/response_time_wrk.rb,raptor-12r,12,raptor,12,,6086,1000,5.014,5.0,1000,2463,2.205,2.0,19,true,6086,0,1213.752,8.869,15.81,36.039,963.193,984.058,78.293,78.293,55.68,20,20,53,same_worker,55,4369559
yjit-off/puma-response-io-512kb/raptor-12r/repeat-3,yjit-off,false,puma-response-io-512kb,puma-response-time-wrk,puma/benchmarks/local/response_time_wrk,https://github.com/puma/puma/blob/main/benchmarks/local/response_time_wrk.rb,raptor-12r,12,raptor,12,,3051,1000,5.041,5.0,1000,1210,4.197,2.0,19,true,3051,0,605.228,13.63,53.293,135.547,1906.491,1957.945,99.953,99.168,57.9,20,20,60,same_worker,60,5326309
yjit-off/puma-response-array-1024kb/raptor-12r/repeat-3,yjit-off,false,puma-response-array-1024kb,puma-response-time-wrk,puma/benchmarks/local/response_time_wrk,https://github.com/puma/puma/blob/main/benchmarks/local/response_time_wrk.rb,raptor-12r,12,raptor,12,,2764,1000,5.03,5.0,1000,1502,3.152,2.0,19,true,2764,0,549.488,20.348,38.24,88.34,2114.534,2126.886,99.23,99.23,63.865,20,20,43,same_worker,25,1995277
yjit-off/puma-response-chunk-1024kb/raptor-12r/repeat-3,yjit-off,false,puma-response-chunk-1024kb,puma-response-time-wrk,puma/benchmarks/local/response_time_wrk,https://github.com/puma/puma/blob/main/benchmarks/local/response_time_wrk.rb,raptor-12r,12,raptor,12,,2784,1000,5.026,5.0,1000,1505,3.398,2.0,19,true,2784,0,553.881,20.466,36.943,100.815,2168.447,2211.151,99.23,99.23,69.93,20,20,44,same_worker,24,1986023
yjit-off/puma-response-string-1024kb/raptor-12r/repeat-3,yjit-off,false,puma-response-string-1024kb,puma-response-time-wrk,puma/benchmarks/local/response_time_wrk,https://github.com/puma/puma/blob/main/benchmarks/local/response_time_wrk.rb,raptor-12r,12,raptor,12,,4104,1000,5.019,5.0,1000,1762,2.118,2.0,19,true,4104,0,817.661,13.747,27.29,35.346,1480.307,1487.136,107.332,107.332,71.42,20,20,48,same_worker,35,2935808
yjit-off/puma-response-io-1024kb/raptor-12r/repeat-3,yjit-off,false,puma-response-io-1024kb,puma-response-time-wrk,puma/benchmarks/local/response_time_wrk,https://github.com/puma/puma/blob/main/benchmarks/local/response_time_wrk.rb,raptor-12r,12,raptor,12,,2205,1000,5.059,5.0,1000,1209,3.895,2.0,19,true,2205,0,435.833,23.848,66.787,90.837,2674.473,2741.603,139.473,122.574,75.055,20,20,51,same_worker,77,6110371
yjit-off/puma-response-array-2048kb/raptor-12r/repeat-3,yjit-off,false,puma-response-array-2048kb,puma-response-time-wrk,puma/benchmarks/local/response_time_wrk,https://github.com/puma/puma/blob/main/benchmarks/local/response_time_wrk.rb,raptor-12r,12,raptor,12,,1663,1000,6.027,5.0,1000,1000,3.443,2.0,19,true,1663,0,275.937,41.173,54.866,87.823,4184.775,4215.897,122.699,122.699,81.175,20,20,42,same_worker,13,1198447
yjit-off/puma-response-chunk-2048kb/raptor-12r/repeat-3,yjit-off,false,puma-response-chunk-2048kb,puma-response-time-wrk,puma/benchmarks/local/response_time_wrk,https://github.com/puma/puma/blob/main/benchmarks/local/response_time_wrk.rb,raptor-12r,12,raptor,12,,1659,1000,5.915,5.0,1000,1001,3.418,2.0,19,true,1659,0,280.472,40.907,57.389,88.959,4207.134,4243.171,122.699,122.699,86.63,20,20,41,same_worker,13,1188923
yjit-off/puma-response-string-2048kb/raptor-12r/repeat-3,yjit-off,false,puma-response-string-2048kb,puma-response-time-wrk,puma/benchmarks/local/response_time_wrk,https://github.com/puma/puma/blob/main/benchmarks/local/response_time_wrk.rb,raptor-12r,12,raptor,12,,2057,1000,5.046,5.0,1000,1184,2.827,2.0,19,true,2057,0,407.649,29.024,38.575,63.889,2979.828,2991.286,146.809,146.809,87.03,20,20,37,same_worker,15,1473323
yjit-off/puma-response-io-2048kb/raptor-12r/repeat-3,yjit-off,false,puma-response-io-2048kb,puma-response-time-wrk,puma/benchmarks/local/response_time_wrk,https://github.com/puma/puma/blob/main/benchmarks/local/response_time_wrk.rb,raptor-12r,12,raptor,12,,1564,1000,7.047,5.0,1000,1000,4.631,2.0,19,true,1564,0,221.929,47.248,89.071,118.403,4859.444,4864.206,194.219,194.219,91.62,20,20,74,same_worker,97,7540063
yjit-off/puma-long-tail-fib-200ms-x6p0/raptor-12r/repeat-3,yjit-off,false,puma-long-tail-fib-200ms-x6p0,puma-long-tail-hey,puma/benchmarks/local/long_tail_hey + test/rackup/sleep_fibonacci,https://github.com/puma/puma/blob/main/benchmarks/local/long_tail_hey.rb,raptor-12r,12,raptor,12,,1440,1440,200.263,5.0,1000,1000,140.272,2.0,72,true,0,1440,0.0,,,,,,190.633,190.633,42.315,20,20,2767,unavailable,,
yjit-off/puma-long-tail-fib-200ms-x4p0/raptor-12r/repeat-3,yjit-off,false,puma-long-tail-fib-200ms-x4p0,puma-long-tail-hey,puma/benchmarks/local/long_tail_hey + test/rackup/sleep_fibonacci,https://github.com/puma/puma/blob/main/benchmarks/local/long_tail_hey.rb,raptor-12r,12,raptor,12,,960,960,5.017,5.0,960,960,5.018,2.0,48,true,0,960,0.0,,,,,,190.633,190.633,30.485,20,20,71,unavailable,,
yjit-off/puma-long-tail-fib-200ms-x3p0/raptor-12r/repeat-3,yjit-off,false,puma-long-tail-fib-200ms-x3p0,puma-long-tail-hey,puma/benchmarks/local/long_tail_hey + test/rackup/sleep_fibonacci,https://github.com/puma/puma/blob/main/benchmarks/local/long_tail_hey.rb,raptor-12r,12,raptor,12,,720,720,5.015,5.0,720,720,5.014,2.0,36,true,0,720,0.0,,,,,,190.633,190.633,26.37,20,20,71,unavailable,,
yjit-off/puma-long-tail-fib-200ms-x2p0/raptor-12r/repeat-3,yjit-off,false,puma-long-tail-fib-200ms-x2p0,puma-long-tail-hey,puma/benchmarks/local/long_tail_hey + test/rackup/sleep_fibonacci,https://github.com/puma/puma/blob/main/benchmarks/local/long_tail_hey.rb,raptor-12r,12,raptor,12,,480,480,5.013,5.0,480,480,5.01,2.0,24,true,0,480,0.0,,,,,,190.633,190.633,23.25,20,20,71,unavailable,,
yjit-off/puma-long-tail-fib-200ms-x1p5/raptor-12r/repeat-3,yjit-off,false,puma-long-tail-fib-200ms-x1p5,puma-long-tail-hey,puma/benchmarks/local/long_tail_hey + test/rackup/sleep_fibonacci,https://github.com/puma/puma/blob/main/benchmarks/local/long_tail_hey.rb,raptor-12r,12,raptor,12,,360,360,5.011,5.0,360,360,5.009,2.0,18,true,0,360,0.0,,,,,,190.633,190.633,20.79,20,20,71,unavailable,,
yjit-off/puma-long-tail-fib-200ms-x1p0/raptor-12r/repeat-3,yjit-off,false,puma-long-tail-fib-200ms-x1p0,puma-long-tail-hey,puma/benchmarks/local/long_tail_hey + test/rackup/sleep_fibonacci,https://github.com/puma/puma/blob/main/benchmarks/local/long_tail_hey.rb,raptor-12r,12,raptor,12,,240,240,5.009,5.0,240,240,5.008,2.0,12,true,0,240,0.0,,,,,,190.633,190.633,18.8,20,20,70,unavailable,,
yjit-off/puma-long-tail-fib-200ms-x0p5/raptor-12r/repeat-3,yjit-off,false,puma-long-tail-fib-200ms-x0p5,puma-long-tail-hey,puma/benchmarks/local/long_tail_hey + test/rackup/sleep_fibonacci,https://github.com/puma/puma/blob/main/benchmarks/local/long_tail_hey.rb,raptor-12r,12,raptor,12,,120,120,5.007,5.0,120,120,5.007,2.0,6,true,0,120,0.0,,,,,,190.633,190.633,17.145,20,20,70,unavailable,,
yjit-off/puma-sleep-fibonacci-1ms/raptor-12r/repeat-3,yjit-off,false,puma-sleep-fibonacci-1ms,puma-sleep-fibonacci-test,puma/benchmarks/local/sleep_fibonacci_test + test/rackup/sleep_fibonacci,https://github.com/puma/puma/blob/main/benchmarks/local/sleep_fibonacci_test.rb,raptor-12r,12,raptor,12,,10,10,5.006,5.0,10,10,5.006,2.0,1,true,0,10,0.0,,,,,,190.633,190.633,15.785,20,20,71,unavailable,,
yjit-off/puma-sleep-fibonacci-5ms/raptor-12r/repeat-3,yjit-off,false,puma-sleep-fibonacci-5ms,puma-sleep-fibonacci-test,puma/benchmarks/local/sleep_fibonacci_test + test/rackup/sleep_fibonacci,https://github.com/puma/puma/blob/main/benchmarks/local/sleep_fibonacci_test.rb,raptor-12r,12,raptor,12,,10,10,5.006,5.0,10,10,5.006,2.0,1,true,0,10,0.0,,,,,,190.633,190.633,14.6,20,20,71,unavailable,,
yjit-off/puma-sleep-fibonacci-10ms/raptor-12r/repeat-3,yjit-off,false,puma-sleep-fibonacci-10ms,puma-sleep-fibonacci-test,puma/benchmarks/local/sleep_fibonacci_test + test/rackup/sleep_fibonacci,https://github.com/puma/puma/blob/main/benchmarks/local/sleep_fibonacci_test.rb,raptor-12r,12,raptor,12,,10,10,5.005,5.0,10,10,5.006,2.0,1,true,0,10,0.0,,,,,,190.633,190.633,13.6,20,20,71,unavailable,,
yjit-off/puma-sleep-fibonacci-50ms/raptor-12r/repeat-3,yjit-off,false,puma-sleep-fibonacci-50ms,puma-sleep-fibonacci-test,puma/benchmarks/local/sleep_fibonacci_test + test/rackup/sleep_fibonacci,https://github.com/puma/puma/blob/main/benchmarks/local/sleep_fibonacci_test.rb,raptor-12r,12,raptor,12,,10,10,5.006,5.0,10,10,5.006,2.0,1,true,0,10,0.0,,,,,,190.633,190.633,12.7,20,20,70,unavailable,,
yjit-off/puma-sleep-fibonacci-100ms/raptor-12r/repeat-3,yjit-off,false,puma-sleep-fibonacci-100ms,puma-sleep-fibonacci-test,puma/benchmarks/local/sleep_fibonacci_test + test/rackup/sleep_fibonacci,https://github.com/puma/puma/blob/main/benchmarks/local/sleep_fibonacci_test.rb,raptor-12r,12,raptor,12,,10,10,5.006,5.0,10,10,5.006,2.0,1,true,0,10,0.0,,,,,,190.633,190.633,11.9,20,20,70,unavailable,,
yjit-off/puma-sleep-fibonacci-200ms/raptor-12r/repeat-3,yjit-off,false,puma-sleep-fibonacci-200ms,puma-sleep-fibonacci-test,puma/benchmarks/local/sleep_fibonacci_test + test/rackup/sleep_fibonacci,https://github.com/puma/puma/blob/main/benchmarks/local/sleep_fibonacci_test.rb,raptor-12r,12,raptor,12,,10,10,5.006,5.0,10,10,5.006,2.0,1,true,0,10,0.0,,,,,,190.633,190.633,11.23,20,20,70,unavailable,,
yjit-off/puma-response-array-1kb/puma-4w-3t/repeat-1,yjit-off,false,puma-response-array-1kb,puma-response-time-wrk,puma/benchmarks/local/response_time_wrk,https://github.com/puma/puma/blob/main/benchmarks/local/response_time_wrk.rb,puma-4w-3t,12,puma,4,3,15192,1000,5.006,5.0,1000,6061,2.005,2.0,19,true,15192,0,3034.944,6.08,7.352,8.165,9.173,10.547,235.344,235.344,110.64,20,20,58,multiprocess_sample_only,,
yjit-off/puma-response-chunk-1kb/puma-4w-3t/repeat-1,yjit-off,false,puma-response-chunk-1kb,puma-response-time-wrk,puma/benchmarks/local/response_time_wrk,https://github.com/puma/puma/blob/main/benchmarks/local/response_time_wrk.rb,puma-4w-3t,12,puma,4,3,15017,1000,5.005,5.0,1000,6133,2.005,2.0,19,true,15017,0,3000.318,6.16,7.397,8.051,8.775,9.863,251.652,249.941,103.025,20,20,58,multiprocess_sample_only,,
yjit-off/puma-response-string-1kb/puma-4w-3t/repeat-1,yjit-off,false,puma-response-string-1kb,puma-response-time-wrk,puma/benchmarks/local/response_time_wrk,https://github.com/puma/puma/blob/main/benchmarks/local/response_time_wrk.rb,puma-4w-3t,12,puma,4,3,15521,1000,5.005,5.0,1000,6389,2.005,2.0,19,true,15521,0,3101.113,5.955,7.062,7.902,10.478,11.03,267.719,267.719,101.23,20,20,58,multiprocess_sample_only,,
yjit-off/puma-response-io-1kb/puma-4w-3t/repeat-1,yjit-off,false,puma-response-io-1kb,puma-response-time-wrk,puma/benchmarks/local/response_time_wrk,https://github.com/puma/puma/blob/main/benchmarks/local/response_time_wrk.rb,puma-4w-3t,12,puma,4,3,15464,1000,5.005,5.0,1000,6301,2.006,2.0,19,true,15464,0,3089.82,6.025,6.996,7.531,8.179,8.874,270.949,269.34,101.43,20,20,58,multiprocess_sample_only,,
yjit-off/puma-response-array-10kb/puma-4w-3t/repeat-1,yjit-off,false,puma-response-array-10kb,puma-response-time-wrk,puma/benchmarks/local/response_time_wrk,https://github.com/puma/puma/blob/main/benchmarks/local/response_time_wrk.rb,puma-4w-3t,12,puma,4,3,15231,1000,5.007,5.0,1000,6308,2.005,2.0,19,true,15231,0,3042.186,6.073,7.224,7.874,8.5,11.689,296.629,293.797,101.38,20,20,58,multiprocess_sample_only,,
yjit-off/puma-response-chunk-10kb/puma-4w-3t/repeat-1,yjit-off,false,puma-response-chunk-10kb,puma-response-time-wrk,puma/benchmarks/local/response_time_wrk,https://github.com/puma/puma/blob/main/benchmarks/local/response_time_wrk.rb,puma-4w-3t,12,puma,4,3,13151,1000,5.006,5.0,1000,5480,2.006,2.0,19,true,13151,0,2627.223,7.067,8.425,9.127,10.19,10.981,302.262,302.195,100.535,20,20,56,multiprocess_sample_only,,
yjit-off/puma-response-string-10kb/puma-4w-3t/repeat-1,yjit-off,false,puma-response-string-10kb,puma-response-time-wrk,puma/benchmarks/local/response_time_wrk,https://github.com/puma/puma/blob/main/benchmarks/local/response_time_wrk.rb,puma-4w-3t,12,puma,4,3,15368,1000,5.005,5.0,1000,6193,2.006,2.0,19,true,15368,0,3070.756,6.044,7.066,7.548,8.249,9.174,313.426,309.895,99.94,20,20,58,multiprocess_sample_only,,
yjit-off/puma-response-io-10kb/puma-4w-3t/repeat-1,yjit-off,false,puma-response-io-10kb,puma-response-time-wrk,puma/benchmarks/local/response_time_wrk,https://github.com/puma/puma/blob/main/benchmarks/local/response_time_wrk.rb,puma-4w-3t,12,puma,4,3,15042,1000,5.005,5.0,1000,6164,2.005,2.0,19,true,15042,0,3005.407,6.178,7.237,7.816,8.497,8.972,325.992,323.762,100.045,20,20,58,multiprocess_sample_only,,
yjit-off/puma-response-array-100kb/puma-4w-3t/repeat-1,yjit-off,false,puma-response-array-100kb,puma-response-time-wrk,puma/benchmarks/local/response_time_wrk,https://github.com/puma/puma/blob/main/benchmarks/local/response_time_wrk.rb,puma-4w-3t,12,puma,4,3,11706,1000,5.007,5.0,1000,4509,2.006,2.0,19,true,11706,0,2338.032,7.985,9.242,9.808,10.471,10.904,418.168,368.641,100.135,20,20,55,multiprocess_sample_only,,
yjit-off/puma-response-chunk-100kb/puma-4w-3t/repeat-1,yjit-off,false,puma-response-chunk-100kb,puma-response-time-wrk,puma/benchmarks/local/response_time_wrk,https://github.com/puma/puma/blob/main/benchmarks/local/response_time_wrk.rb,puma-4w-3t,12,puma,4,3,5989,1000,5.014,5.0,1000,2461,2.013,2.0,19,true,5989,0,1194.554,15.745,17.789,18.814,19.748,20.822,382.148,380.363,99.045,20,20,47,multiprocess_sample_only,,
yjit-off/puma-response-string-100kb/puma-4w-3t/repeat-1,yjit-off,false,puma-response-string-100kb,puma-response-time-wrk,puma/benchmarks/local/response_time_wrk,https://github.com/puma/puma/blob/main/benchmarks/local/response_time_wrk.rb,puma-4w-3t,12,puma,4,3,12012,1000,5.007,5.0,1000,4919,2.008,2.0,19,true,12012,0,2398.863,7.764,8.968,9.673,11.703,13.202,395.805,371.238,97.815,20,20,56,multiprocess_sample_only,,
yjit-off/puma-response-io-100kb/puma-4w-3t/repeat-1,yjit-off,false,puma-response-io-100kb,puma-response-time-wrk,puma/benchmarks/local/response_time_wrk,https://github.com/puma/puma/blob/main/benchmarks/local/response_time_wrk.rb,puma-4w-3t,12,puma,4,3,11989,1000,5.006,5.0,1000,4930,2.007,2.0,19,true,11989,0,2394.943,7.788,8.9,9.824,11.987,13.217,347.008,338.875,96.87,20,20,56,multiprocess_sample_only,,
yjit-off/puma-response-array-256kb/puma-4w-3t/repeat-1,yjit-off,false,puma-response-array-256kb,puma-response-time-wrk,puma/benchmarks/local/response_time_wrk,https://github.com/puma/puma/blob/main/benchmarks/local/response_time_wrk.rb,puma-4w-3t,12,puma,4,3,8934,1000,5.01,5.0,1000,3529,2.008,2.0,19,true,8934,0,1783.363,10.041,13.199,24.285,27.312,29.072,451.301,411.438,96.68,20,20,52,multiprocess_sample_only,,
yjit-off/puma-response-chunk-256kb/puma-4w-3t/repeat-1,yjit-off,false,puma-response-chunk-256kb,puma-response-time-wrk,puma/benchmarks/local/response_time_wrk,https://github.com/puma/puma/blob/main/benchmarks/local/response_time_wrk.rb,puma-4w-3t,12,puma,4,3,3266,1000,5.025,5.0,1000,1349,2.025,2.0,19,true,3266,0,649.919,29.067,31.586,32.966,39.839,47.738,419.914,414.344,96.055,20,20,37,multiprocess_sample_only,,
yjit-off/puma-response-string-256kb/puma-4w-3t/repeat-1,yjit-off,false,puma-response-string-256kb,puma-response-time-wrk,puma/benchmarks/local/response_time_wrk,https://github.com/puma/puma/blob/main/benchmarks/local/response_time_wrk.rb,puma-4w-3t,12,puma,4,3,9205,1000,5.009,5.0,1000,3696,2.008,2.0,19,true,9205,0,1837.576,9.641,13.378,25.179,27.041,27.661,393.598,376.672,94.66,20,20,51,multiprocess_sample_only,,
yjit-off/puma-response-io-256kb/puma-4w-3t/repeat-1,yjit-off,false,puma-response-io-256kb,puma-response-time-wrk,puma/benchmarks/local/response_time_wrk,https://github.com/puma/puma/blob/main/benchmarks/local/response_time_wrk.rb,puma-4w-3t,12,puma,4,3,9431,1000,5.02,5.0,1000,3799,2.009,2.0,19,true,9431,0,1878.713,9.447,12.886,23.797,26.188,54.523,379.73,379.313,93.22,20,20,52,multiprocess_sample_only,,
yjit-off/puma-response-array-512kb/puma-4w-3t/repeat-1,yjit-off,false,puma-response-array-512kb,puma-response-time-wrk,puma/benchmarks/local/response_time_wrk,https://github.com/puma/puma/blob/main/benchmarks/local/response_time_wrk.rb,puma-4w-3t,12,puma,4,3,6363,1000,5.013,5.0,1000,2567,2.011,2.0,19,true,6363,0,1269.313,13.942,19.924,32.835,35.301,36.6,554.527,538.145,93.26,20,20,48,multiprocess_sample_only,,
yjit-off/puma-response-chunk-512kb/puma-4w-3t/repeat-1,yjit-off,false,puma-response-chunk-512kb,puma-response-time-wrk,puma/benchmarks/local/response_time_wrk,https://github.com/puma/puma/blob/main/benchmarks/local/response_time_wrk.rb,puma-4w-3t,12,puma,4,3,1824,1000,5.049,5.0,1000,1000,2.77,2.0,19,true,1824,0,361.256,52.345,55.973,58.182,59.78,60.002,478.645,466.691,92.995,20,20,28,multiprocess_sample_only,,
yjit-off/puma-response-string-512kb/puma-4w-3t/repeat-1,yjit-off,false,puma-response-string-512kb,puma-response-time-wrk,puma/benchmarks/local/response_time_wrk,https://github.com/puma/puma/blob/main/benchmarks/local/response_time_wrk.rb,puma-4w-3t,12,puma,4,3,6731,1000,5.015,5.0,1000,2621,2.012,2.0,19,true,6731,0,1342.194,13.058,19.189,34.565,36.711,37.852,444.508,405.797,91.72,20,20,47,multiprocess_sample_only,,
yjit-off/puma-response-io-512kb/puma-4w-3t/repeat-1,yjit-off,false,puma-response-io-512kb,puma-response-time-wrk,puma/benchmarks/local/response_time_wrk,https://github.com/puma/puma/blob/main/benchmarks/local/response_time_wrk.rb,puma-4w-3t,12,puma,4,3,6782,1000,5.016,5.0,1000,2785,2.011,2.0,19,true,6782,0,1351.967,12.906,19.047,32.857,37.132,40.155,406.551,406.551,90.205,20,20,48,multiprocess_sample_only,,
yjit-off/puma-response-array-1024kb/puma-4w-3t/repeat-1,yjit-off,false,puma-response-array-1024kb,puma-response-time-wrk,puma/benchmarks/local/response_time_wrk,https://github.com/puma/puma/blob/main/benchmarks/local/response_time_wrk.rb,puma-4w-3t,12,puma,4,3,3898,1000,5.022,5.0,1000,1554,2.019,2.0,19,true,3898,0,776.246,23.049,39.976,44.472,45.778,46.431,533.531,519.16,89.52,20,20,40,multiprocess_sample_only,,
yjit-off/puma-response-chunk-1024kb/puma-4w-3t/repeat-1,yjit-off,false,puma-response-chunk-1024kb,puma-response-time-wrk,puma/benchmarks/local/response_time_wrk,https://github.com/puma/puma/blob/main/benchmarks/local/response_time_wrk.rb,puma-4w-3t,12,puma,4,3,1000,1000,5.155,5.0,1000,1000,5.083,2.0,19,true,1000,0,193.982,97.506,104.62,109.716,115.723,115.938,491.074,487.719,89.242,20,19,19,multiprocess_sample_only,,
yjit-off/puma-response-string-1024kb/puma-4w-3t/repeat-1,yjit-off,false,puma-response-string-1024kb,puma-response-time-wrk,puma/benchmarks/local/response_time_wrk,https://github.com/puma/puma/blob/main/benchmarks/local/response_time_wrk.rb,puma-4w-3t,12,puma,4,3,4054,1000,5.02,5.0,1000,1617,2.02,2.0,19,true,4054,0,807.497,21.955,39.585,44.083,46.244,47.124,478.027,432.965,88.12,20,20,40,multiprocess_sample_only,,
yjit-off/puma-response-io-1024kb/puma-4w-3t/repeat-1,yjit-off,false,puma-response-io-1024kb,puma-response-time-wrk,puma/benchmarks/local/response_time_wrk,https://github.com/puma/puma/blob/main/benchmarks/local/response_time_wrk.rb,puma-4w-3t,12,puma,4,3,4138,1000,5.018,5.0,1000,1597,2.02,2.0,19,true,4138,0,824.567,21.541,39.994,44.155,47.07,52.211,437.422,437.152,86.295,20,20,41,multiprocess_sample_only,,
yjit-off/puma-response-array-2048kb/puma-4w-3t/repeat-1,yjit-off,false,puma-response-array-2048kb,puma-response-time-wrk,puma/benchmarks/local/response_time_wrk,https://github.com/puma/puma/blob/main/benchmarks/local/response_time_wrk.rb,puma-4w-3t,12,puma,4,3,2085,1000,5.04,5.0,1000,1000,2.306,2.0,19,true,2085,0,413.664,43.331,62.303,71.887,79.281,79.465,477.215,441.605,85.445,20,20,30,multiprocess_sample_only,,
yjit-off/puma-response-chunk-2048kb/puma-4w-3t/repeat-1,yjit-off,false,puma-response-chunk-2048kb,puma-response-time-wrk,puma/benchmarks/local/response_time_wrk,https://github.com/puma/puma/blob/main/benchmarks/local/response_time_wrk.rb,puma-4w-3t,12,puma,4,3,1000,1000,9.732,5.0,1000,1000,9.694,2.0,19,true,1000,0,102.756,183.281,198.686,208.16,223.252,226.011,539.059,535.969,85.095,20,20,21,multiprocess_sample_only,,
yjit-off/puma-response-string-2048kb/puma-4w-3t/repeat-1,yjit-off,false,puma-response-string-2048kb,puma-response-time-wrk,puma/benchmarks/local/response_time_wrk,https://github.com/puma/puma/blob/main/benchmarks/local/response_time_wrk.rb,puma-4w-3t,12,puma,4,3,2614,1000,5.033,5.0,1000,1059,2.035,2.0,19,true,2614,0,519.422,36.123,39.791,43.862,57.986,58.94,540.641,509.16,84.05,20,20,34,multiprocess_sample_only,,
yjit-off/puma-response-io-2048kb/puma-4w-3t/repeat-1,yjit-off,false,puma-response-io-2048kb,puma-response-time-wrk,puma/benchmarks/local/response_time_wrk,https://github.com/puma/puma/blob/main/benchmarks/local/response_time_wrk.rb,puma-4w-3t,12,puma,4,3,2706,1000,5.034,5.0,1000,1117,2.032,2.0,19,true,2706,0,537.526,34.95,38.462,42.335,54.209,56.715,475.465,469.484,82.45,20,20,35,multiprocess_sample_only,,
yjit-off/puma-long-tail-fib-200ms-x6p0/puma-4w-3t/repeat-1,yjit-off,false,puma-long-tail-fib-200ms-x6p0,puma-long-tail-hey,puma/benchmarks/local/long_tail_hey + test/rackup/sleep_fibonacci,https://github.com/puma/puma/blob/main/benchmarks/local/long_tail_hey.rb,puma-4w-3t,12,puma,4,3,1440,1440,57.206,5.0,1000,1000,39.643,2.0,72,true,1440,0,25.172,2600.403,2986.924,3016.251,3045.845,3063.713,475.703,475.703,149.265,20,20,668,multiprocess_sample_only,,
yjit-off/puma-long-tail-fib-200ms-x4p0/puma-4w-3t/repeat-1,yjit-off,false,puma-long-tail-fib-200ms-x4p0,puma-long-tail-hey,puma/benchmarks/local/long_tail_hey + test/rackup/sleep_fibonacci,https://github.com/puma/puma/blob/main/benchmarks/local/long_tail_hey.rb,puma-4w-3t,12,puma,4,3,960,960,39.016,5.0,960,960,39.886,2.0,48,true,960,0,24.605,1312.923,3032.865,6827.9,8633.069,9417.707,512.395,512.395,194.545,20,20,449,multiprocess_sample_only,,
yjit-off/puma-long-tail-fib-200ms-x3p0/puma-4w-3t/repeat-1,yjit-off,false,puma-long-tail-fib-200ms-x3p0,puma-long-tail-hey,puma/benchmarks/local/long_tail_hey + test/rackup/sleep_fibonacci,https://github.com/puma/puma/blob/main/benchmarks/local/long_tail_hey.rb,puma-4w-3t,12,puma,4,3,720,720,39.91,5.0,720,720,34.226,2.0,36,true,720,0,18.04,1413.274,2117.486,2148.293,2159.292,2159.897,519.918,519.918,213.165,20,20,499,multiprocess_sample_only,,
yjit-off/puma-long-tail-fib-200ms-x2p0/puma-4w-3t/repeat-1,yjit-off,false,puma-long-tail-fib-200ms-x2p0,puma-long-tail-hey,puma/benchmarks/local/long_tail_hey + test/rackup/sleep_fibonacci,https://github.com/puma/puma/blob/main/benchmarks/local/long_tail_hey.rb,puma-4w-3t,12,puma,4,3,480,480,20.049,5.0,480,480,22.792,2.0,24,true,480,0,23.941,861.02,1112.607,1221.163,1271.167,1278.255,514.805,514.805,219.0,20,20,237,multiprocess_sample_only,,
yjit-off/puma-long-tail-fib-200ms-x1p5/puma-4w-3t/repeat-1,yjit-off,false,puma-long-tail-fib-200ms-x1p5,puma-long-tail-hey,puma/benchmarks/local/long_tail_hey + test/rackup/sleep_fibonacci,https://github.com/puma/puma/blob/main/benchmarks/local/long_tail_hey.rb,puma-4w-3t,12,puma,4,3,360,360,19.969,5.0,360,360,19.952,2.0,18,true,360,0,18.028,755.494,1202.966,1246.484,1265.464,1267.766,514.934,514.934,223.125,20,20,252,multiprocess_sample_only,,
yjit-off/puma-long-tail-fib-200ms-x1p0/puma-4w-3t/repeat-1,yjit-off,false,puma-long-tail-fib-200ms-x1p0,puma-long-tail-hey,puma/benchmarks/local/long_tail_hey + test/rackup/sleep_fibonacci,https://github.com/puma/puma/blob/main/benchmarks/local/long_tail_hey.rb,puma-4w-3t,12,puma,4,3,245,240,17.088,5.0,240,240,14.259,2.0,12,true,245,0,14.337,455.698,878.152,907.808,928.826,932.687,510.371,500.813,223.23,20,20,226,multiprocess_sample_only,,
yjit-off/puma-long-tail-fib-200ms-x0p5/puma-4w-3t/repeat-1,yjit-off,false,puma-long-tail-fib-200ms-x0p5,puma-long-tail-hey,puma/benchmarks/local/long_tail_hey + test/rackup/sleep_fibonacci,https://github.com/puma/puma/blob/main/benchmarks/local/long_tail_hey.rb,puma-4w-3t,12,puma,4,3,120,120,5.739,5.0,120,120,5.702,2.0,6,true,120,0,20.91,286.545,303.239,307.669,330.585,333.677,502.379,502.379,223.095,20,20,76,multiprocess_sample_only,,
yjit-off/puma-sleep-fibonacci-1ms/puma-4w-3t/repeat-1,yjit-off,false,puma-sleep-fibonacci-1ms,puma-sleep-fibonacci-test,puma/benchmarks/local/sleep_fibonacci_test + test/rackup/sleep_fibonacci,https://github.com/puma/puma/blob/main/benchmarks/local/sleep_fibonacci_test.rb,puma-4w-3t,12,puma,4,3,3615,10,5.001,5.0,10,1440,2.0,2.0,1,true,3615,0,722.911,1.351,1.476,1.834,2.494,2.781,571.105,571.105,222.295,20,20,69,multiprocess_sample_only,,
yjit-off/puma-sleep-fibonacci-5ms/puma-4w-3t/repeat-1,yjit-off,false,puma-sleep-fibonacci-5ms,puma-sleep-fibonacci-test,puma/benchmarks/local/sleep_fibonacci_test + test/rackup/sleep_fibonacci,https://github.com/puma/puma/blob/main/benchmarks/local/sleep_fibonacci_test.rb,puma-4w-3t,12,puma,4,3,938,10,5.001,5.0,10,374,2.002,2.0,1,true,938,0,187.549,5.294,5.416,5.706,6.595,6.741,582.078,576.703,220.53,20,20,70,multiprocess_sample_only,,
yjit-off/puma-sleep-fibonacci-10ms/puma-4w-3t/repeat-1,yjit-off,false,puma-sleep-fibonacci-10ms,puma-sleep-fibonacci-test,puma/benchmarks/local/sleep_fibonacci_test + test/rackup/sleep_fibonacci,https://github.com/puma/puma/blob/main/benchmarks/local/sleep_fibonacci_test.rb,puma-4w-3t,12,puma,4,3,483,10,5.01,5.0,10,193,2.001,2.0,1,true,483,0,96.413,10.323,10.517,10.871,11.395,11.613,577.906,577.906,218.795,20,20,70,multiprocess_sample_only,,
yjit-off/puma-sleep-fibonacci-50ms/puma-4w-3t/repeat-1,yjit-off,false,puma-sleep-fibonacci-50ms,puma-sleep-fibonacci-test,puma/benchmarks/local/sleep_fibonacci_test + test/rackup/sleep_fibonacci,https://github.com/puma/puma/blob/main/benchmarks/local/sleep_fibonacci_test.rb,puma-4w-3t,12,puma,4,3,99,10,5.011,5.0,10,40,2.023,2.0,1,true,99,0,19.757,50.532,50.65,50.788,51.406,51.474,578.031,578.031,217.105,20,20,70,multiprocess_sample_only,,
yjit-off/puma-sleep-fibonacci-100ms/puma-4w-3t/repeat-1,yjit-off,false,puma-sleep-fibonacci-100ms,puma-sleep-fibonacci-test,puma/benchmarks/local/sleep_fibonacci_test + test/rackup/sleep_fibonacci,https://github.com/puma/puma/blob/main/benchmarks/local/sleep_fibonacci_test.rb,puma-4w-3t,12,puma,4,3,50,10,5.035,5.0,10,20,2.014,2.0,1,true,50,0,9.93,100.604,101.039,101.16,101.182,101.184,578.031,578.031,215.46,20,20,71,multiprocess_sample_only,,
yjit-off/puma-sleep-fibonacci-200ms/puma-4w-3t/repeat-1,yjit-off,false,puma-sleep-fibonacci-200ms,puma-sleep-fibonacci-test,puma/benchmarks/local/sleep_fibonacci_test + test/rackup/sleep_fibonacci,https://github.com/puma/puma/blob/main/benchmarks/local/sleep_fibonacci_test.rb,puma-4w-3t,12,puma,4,3,25,10,5.022,5.0,10,10,2.008,2.0,1,true,25,0,4.978,200.683,201.475,201.52,201.529,201.529,578.031,578.031,213.815,20,20,70,multiprocess_sample_only,,
yjit-off/puma-response-array-1kb/puma-4w-3t/repeat-2,yjit-off,false,puma-response-array-1kb,puma-response-time-wrk,puma/benchmarks/local/response_time_wrk,https://github.com/puma/puma/blob/main/benchmarks/local/response_time_wrk.rb,puma-4w-3t,12,puma,4,3,15194,1000,5.006,5.0,1000,6189,2.005,2.0,19,true,15194,0,3035.041,6.063,7.345,8.185,10.152,11.379,236.676,236.676,109.535,20,20,58,multiprocess_sample_only,,
yjit-off/puma-response-chunk-1kb/puma-4w-3t/repeat-2,yjit-off,false,puma-response-chunk-1kb,puma-response-time-wrk,puma/benchmarks/local/response_time_wrk,https://github.com/puma/puma/blob/main/benchmarks/local/response_time_wrk.rb,puma-4w-3t,12,puma,4,3,14986,1000,5.005,5.0,1000,6168,2.005,2.0,19,true,14986,0,2994.43,6.173,7.401,8.115,8.788,9.566,260.551,260.551,102.355,20,20,57,multiprocess_sample_only,,
yjit-off/puma-response-string-1kb/puma-4w-3t/repeat-2,yjit-off,false,puma-response-string-1kb,puma-response-time-wrk,puma/benchmarks/local/response_time_wrk,https://github.com/puma/puma/blob/main/benchmarks/local/response_time_wrk.rb,puma-4w-3t,12,puma,4,3,15199,1000,5.005,5.0,1000,6257,2.005,2.0,19,true,15199,0,3037.018,6.065,7.274,8.231,11.74,12.946,273.328,273.328,100.865,20,20,57,multiprocess_sample_only,,
yjit-off/puma-response-io-1kb/puma-4w-3t/repeat-2,yjit-off,false,puma-response-io-1kb,puma-response-time-wrk,puma/benchmarks/local/response_time_wrk,https://github.com/puma/puma/blob/main/benchmarks/local/response_time_wrk.rb,puma-4w-3t,12,puma,4,3,14922,1000,5.005,5.0,1000,6152,2.005,2.0,19,true,14922,0,2981.181,6.228,7.324,7.874,8.467,9.339,278.406,277.434,101.21,20,20,58,multiprocess_sample_only,,
yjit-off/puma-response-array-10kb/puma-4w-3t/repeat-2,yjit-off,false,puma-response-array-10kb,puma-response-time-wrk,puma/benchmarks/local/response_time_wrk,https://github.com/puma/puma/blob/main/benchmarks/local/response_time_wrk.rb,puma-4w-3t,12,puma,4,3,14963,1000,5.006,5.0,1000,6166,2.005,2.0,19,true,14963,0,2988.887,6.179,7.37,8.071,8.763,9.973,307.914,303.258,101.045,20,20,57,multiprocess_sample_only,,
yjit-off/puma-response-chunk-10kb/puma-4w-3t/repeat-2,yjit-off,false,puma-response-chunk-10kb,puma-response-time-wrk,puma/benchmarks/local/response_time_wrk,https://github.com/puma/puma/blob/main/benchmarks/local/response_time_wrk.rb,puma-4w-3t,12,puma,4,3,12929,1000,5.006,5.0,1000,5315,2.006,2.0,19,true,12929,0,2582.656,7.19,8.573,9.422,10.417,11.085,304.34,304.34,100.145,20,20,56,multiprocess_sample_only,,
yjit-off/puma-response-string-10kb/puma-4w-3t/repeat-2,yjit-off,false,puma-response-string-10kb,puma-response-time-wrk,puma/benchmarks/local/response_time_wrk,https://github.com/puma/puma/blob/main/benchmarks/local/response_time_wrk.rb,puma-4w-3t,12,puma,4,3,15011,1000,5.006,5.0,1000,6159,2.005,2.0,19,true,15011,0,2998.449,6.18,7.331,7.947,8.588,9.918,315.867,310.199,99.55,20,20,58,multiprocess_sample_only,,
yjit-off/puma-response-io-10kb/puma-4w-3t/repeat-2,yjit-off,false,puma-response-io-10kb,puma-response-time-wrk,puma/benchmarks/local/response_time_wrk,https://github.com/puma/puma/blob/main/benchmarks/local/response_time_wrk.rb,puma-4w-3t,12,puma,4,3,14708,1000,5.005,5.0,1000,6051,2.006,2.0,19,true,14708,0,2938.46,6.31,7.456,8.103,9.753,10.928,328.223,327.426,99.75,20,20,57,multiprocess_sample_only,,
yjit-off/puma-response-array-100kb/puma-4w-3t/repeat-2,yjit-off,false,puma-response-array-100kb,puma-response-time-wrk,puma/benchmarks/local/response_time_wrk,https://github.com/puma/puma/blob/main/benchmarks/local/response_time_wrk.rb,puma-4w-3t,12,puma,4,3,11208,1000,5.007,5.0,1000,4630,2.006,2.0,19,true,11208,0,2238.264,8.344,9.739,10.528,11.286,11.918,443.535,383.316,100.065,20,20,55,multiprocess_sample_only,,
yjit-off/puma-response-chunk-100kb/puma-4w-3t/repeat-2,yjit-off,false,puma-response-chunk-100kb,puma-response-time-wrk,puma/benchmarks/local/response_time_wrk,https://github.com/puma/puma/blob/main/benchmarks/local/response_time_wrk.rb,puma-4w-3t,12,puma,4,3,5861,1000,5.015,5.0,1000,2388,2.013,2.0,19,true,5861,0,1168.761,16.018,18.391,20.724,24.142,24.496,394.043,389.367,99.255,20,20,47,multiprocess_sample_only,,
yjit-off/puma-response-string-100kb/puma-4w-3t/repeat-2,yjit-off,false,puma-response-string-100kb,puma-response-time-wrk,puma/benchmarks/local/response_time_wrk,https://github.com/puma/puma/blob/main/benchmarks/local/response_time_wrk.rb,puma-4w-3t,12,puma,4,3,11760,1000,5.008,5.0,1000,4848,2.007,2.0,19,true,11760,0,2348.145,7.945,9.178,9.952,10.999,11.812,411.832,389.977,98.16,20,20,55,multiprocess_sample_only,,
yjit-off/puma-response-io-100kb/puma-4w-3t/repeat-2,yjit-off,false,puma-response-io-100kb,puma-response-time-wrk,puma/benchmarks/local/response_time_wrk,https://github.com/puma/puma/blob/main/benchmarks/local/response_time_wrk.rb,puma-4w-3t,12,puma,4,3,11784,1000,5.008,5.0,1000,4727,2.007,2.0,19,true,11784,0,2353.012,7.937,9.154,9.779,10.426,11.23,334.57,328.121,97.24,20,20,55,multiprocess_sample_only,,
yjit-off/puma-response-array-256kb/puma-4w-3t/repeat-2,yjit-off,false,puma-response-array-256kb,puma-response-time-wrk,puma/benchmarks/local/response_time_wrk,https://github.com/puma/puma/blob/main/benchmarks/local/response_time_wrk.rb,puma-4w-3t,12,puma,4,3,8534,1000,5.008,5.0,1000,3450,2.009,2.0,19,true,8534,0,1703.993,10.457,14.054,28.853,30.802,31.343,437.762,422.996,97.35,20,20,51,multiprocess_sample_only,,
yjit-off/puma-response-chunk-256kb/puma-4w-3t/repeat-2,yjit-off,false,puma-response-chunk-256kb,puma-response-time-wrk,puma/benchmarks/local/response_time_wrk,https://github.com/puma/puma/blob/main/benchmarks/local/response_time_wrk.rb,puma-4w-3t,12,puma,4,3,3128,1000,5.028,5.0,1000,1284,2.026,2.0,19,true,3128,0,622.074,30.32,33.236,34.738,39.081,40.693,436.586,426.383,96.83,20,20,37,multiprocess_sample_only,,
yjit-off/puma-response-string-256kb/puma-4w-3t/repeat-2,yjit-off,false,puma-response-string-256kb,puma-response-time-wrk,puma/benchmarks/local/response_time_wrk,https://github.com/puma/puma/blob/main/benchmarks/local/response_time_wrk.rb,puma-4w-3t,12,puma,4,3,8814,1000,5.009,5.0,1000,3676,2.008,2.0,19,true,8814,0,1759.648,10.077,13.635,28.136,30.457,33.636,405.77,361.199,95.6,20,20,51,multiprocess_sample_only,,
yjit-off/puma-response-io-256kb/puma-4w-3t/repeat-2,yjit-off,false,puma-response-io-256kb,puma-response-time-wrk,puma/benchmarks/local/response_time_wrk,https://github.com/puma/puma/blob/main/benchmarks/local/response_time_wrk.rb,puma-4w-3t,12,puma,4,3,8801,1000,5.009,5.0,1000,3608,2.008,2.0,19,true,8801,0,1757.077,10.076,13.742,28.39,31.231,53.465,368.512,365.949,94.295,20,20,52,multiprocess_sample_only,,
yjit-off/puma-response-array-512kb/puma-4w-3t/repeat-2,yjit-off,false,puma-response-array-512kb,puma-response-time-wrk,puma/benchmarks/local/response_time_wrk,https://github.com/puma/puma/blob/main/benchmarks/local/response_time_wrk.rb,puma-4w-3t,12,puma,4,3,6404,1000,5.032,5.0,1000,2540,2.013,2.0,19,true,6404,0,1272.594,13.865,18.59,34.288,36.516,46.529,504.219,498.105,94.535,20,20,48,multiprocess_sample_only,,
yjit-off/puma-response-chunk-512kb/puma-4w-3t/repeat-2,yjit-off,false,puma-response-chunk-512kb,puma-response-time-wrk,puma/benchmarks/local/response_time_wrk,https://github.com/puma/puma/blob/main/benchmarks/local/response_time_wrk.rb,puma-4w-3t,12,puma,4,3,1833,1000,5.055,5.0,1000,1000,2.799,2.0,19,true,1833,0,362.631,51.875,56.493,57.846,61.761,62.213,506.84,487.52,94.135,20,20,28,multiprocess_sample_only,,
yjit-off/puma-response-string-512kb/puma-4w-3t/repeat-2,yjit-off,false,puma-response-string-512kb,puma-response-time-wrk,puma/benchmarks/local/response_time_wrk,https://github.com/puma/puma/blob/main/benchmarks/local/response_time_wrk.rb,puma-4w-3t,12,puma,4,3,6609,1000,5.015,5.0,1000,2669,2.011,2.0,19,true,6609,0,1317.797,13.251,18.216,35.167,37.915,39.121,454.449,397.508,92.985,20,20,47,multiprocess_sample_only,,
yjit-off/puma-response-io-512kb/puma-4w-3t/repeat-2,yjit-off,false,puma-response-io-512kb,puma-response-time-wrk,puma/benchmarks/local/response_time_wrk,https://github.com/puma/puma/blob/main/benchmarks/local/response_time_wrk.rb,puma-4w-3t,12,puma,4,3,6783,1000,5.011,5.0,1000,2705,2.011,2.0,19,true,6783,0,1353.61,12.929,17.949,34.593,37.789,230.642,395.648,381.031,91.57,20,20,47,multiprocess_sample_only,,
yjit-off/puma-response-array-1024kb/puma-4w-3t/repeat-2,yjit-off,false,puma-response-array-1024kb,puma-response-time-wrk,puma/benchmarks/local/response_time_wrk,https://github.com/puma/puma/blob/main/benchmarks/local/response_time_wrk.rb,puma-4w-3t,12,puma,4,3,3936,1000,5.045,5.0,1000,1613,2.02,2.0,19,true,3936,0,780.252,22.868,42.119,46.145,47.827,49.015,493.281,485.637,90.94,20,20,41,multiprocess_sample_only,,
yjit-off/puma-response-chunk-1024kb/puma-4w-3t/repeat-2,yjit-off,false,puma-response-chunk-1024kb,puma-response-time-wrk,puma/benchmarks/local/response_time_wrk,https://github.com/puma/puma/blob/main/benchmarks/local/response_time_wrk.rb,puma-4w-3t,12,puma,4,3,1000,1000,5.243,5.0,1000,1000,5.129,2.0,19,true,1000,0,190.72,99.675,106.165,109.706,113.5,115.575,494.273,481.328,90.537,20,19,19,multiprocess_sample_only,,
yjit-off/puma-response-string-1024kb/puma-4w-3t/repeat-2,yjit-off,false,puma-response-string-1024kb,puma-response-time-wrk,puma/benchmarks/local/response_time_wrk,https://github.com/puma/puma/blob/main/benchmarks/local/response_time_wrk.rb,puma-4w-3t,12,puma,4,3,4029,1000,5.018,5.0,1000,1644,2.033,2.0,19,true,4029,0,802.958,22.15,42.02,45.482,47.195,50.575,498.059,438.27,89.34,20,20,41,multiprocess_sample_only,,
yjit-off/puma-response-io-1024kb/puma-4w-3t/repeat-2,yjit-off,false,puma-response-io-1024kb,puma-response-time-wrk,puma/benchmarks/local/response_time_wrk,https://github.com/puma/puma/blob/main/benchmarks/local/response_time_wrk.rb,puma-4w-3t,12,puma,4,3,4052,1000,5.02,5.0,1000,1672,2.019,2.0,19,true,4052,0,807.121,21.975,42.951,46.189,48.031,48.988,440.906,430.063,87.595,20,20,41,multiprocess_sample_only,,
yjit-off/puma-response-array-2048kb/puma-4w-3t/repeat-2,yjit-off,false,puma-response-array-2048kb,puma-response-time-wrk,puma/benchmarks/local/response_time_wrk,https://github.com/puma/puma/blob/main/benchmarks/local/response_time_wrk.rb,puma-4w-3t,12,puma,4,3,2362,1000,5.038,5.0,1000,1000,2.07,2.0,19,true,2362,0,468.805,40.274,44.072,45.93,49.117,53.895,509.316,504.969,87.075,20,20,32,multiprocess_sample_only,,
yjit-off/puma-response-chunk-2048kb/puma-4w-3t/repeat-2,yjit-off,false,puma-response-chunk-2048kb,puma-response-time-wrk,puma/benchmarks/local/response_time_wrk,https://github.com/puma/puma/blob/main/benchmarks/local/response_time_wrk.rb,puma-4w-3t,12,puma,4,3,1000,1000,10.075,5.0,1000,1000,9.748,2.0,19,true,1000,0,99.256,190.762,202.241,210.198,223.895,228.57,525.285,518.242,86.71,20,20,21,multiprocess_sample_only,,
yjit-off/puma-response-string-2048kb/puma-4w-3t/repeat-2,yjit-off,false,puma-response-string-2048kb,puma-response-time-wrk,puma/benchmarks/local/response_time_wrk,https://github.com/puma/puma/blob/main/benchmarks/local/response_time_wrk.rb,puma-4w-3t,12,puma,4,3,2560,1000,5.037,5.0,1000,1029,2.035,2.0,19,true,2560,0,508.266,37.02,40.396,43.97,49.209,50.412,518.348,472.285,85.6,20,20,34,multiprocess_sample_only,,
yjit-off/puma-response-io-2048kb/puma-4w-3t/repeat-2,yjit-off,false,puma-response-io-2048kb,puma-response-time-wrk,puma/benchmarks/local/response_time_wrk,https://github.com/puma/puma/blob/main/benchmarks/local/response_time_wrk.rb,puma-4w-3t,12,puma,4,3,2563,1000,5.035,5.0,1000,1064,2.034,2.0,19,true,2563,0,509.016,36.904,40.716,46.768,66.892,67.799,467.57,457.457,83.955,20,20,34,multiprocess_sample_only,,
yjit-off/puma-long-tail-fib-200ms-x6p0/puma-4w-3t/repeat-2,yjit-off,false,puma-long-tail-fib-200ms-x6p0,puma-long-tail-hey,puma/benchmarks/local/long_tail_hey + test/rackup/sleep_fibonacci,https://github.com/puma/puma/blob/main/benchmarks/local/long_tail_hey.rb,puma-4w-3t,12,puma,4,3,1440,1440,71.413,5.0,1000,1000,38.04,2.0,72,true,1440,0,20.164,2633.459,3713.215,3794.131,3832.812,3856.282,469.57,469.57,152.315,20,20,872,multiprocess_sample_only,,
yjit-off/puma-long-tail-fib-200ms-x4p0/puma-4w-3t/repeat-2,yjit-off,false,puma-long-tail-fib-200ms-x4p0,puma-long-tail-hey,puma/benchmarks/local/long_tail_hey + test/rackup/sleep_fibonacci,https://github.com/puma/puma/blob/main/benchmarks/local/long_tail_hey.rb,puma-4w-3t,12,puma,4,3,960,960,54.333,5.0,960,960,42.767,2.0,48,true,960,0,17.669,1829.203,2884.985,2907.342,2935.209,2942.082,515.219,515.219,186.125,20,20,694,multiprocess_sample_only,,
yjit-off/puma-long-tail-fib-200ms-x3p0/puma-4w-3t/repeat-2,yjit-off,false,puma-long-tail-fib-200ms-x3p0,puma-long-tail-hey,puma/benchmarks/local/long_tail_hey + test/rackup/sleep_fibonacci,https://github.com/puma/puma/blob/main/benchmarks/local/long_tail_hey.rb,puma-4w-3t,12,puma,4,3,720,720,34.282,5.0,720,720,28.604,2.0,36,true,720,0,21.002,1547.01,1745.375,1778.871,1790.865,1793.211,523.926,523.926,202.25,20,20,422,multiprocess_sample_only,,
yjit-off/puma-long-tail-fib-200ms-x2p0/puma-4w-3t/repeat-2,yjit-off,false,puma-long-tail-fib-200ms-x2p0,puma-long-tail-hey,puma/benchmarks/local/long_tail_hey + test/rackup/sleep_fibonacci,https://github.com/puma/puma/blob/main/benchmarks/local/long_tail_hey.rb,puma-4w-3t,12,puma,4,3,480,480,25.72,5.0,480,480,31.353,2.0,24,true,480,0,18.663,873.177,1320.541,1337.568,1367.666,1379.499,529.551,529.551,207.155,20,20,323,multiprocess_sample_only,,
yjit-off/puma-long-tail-fib-200ms-x1p5/puma-4w-3t/repeat-2,yjit-off,false,puma-long-tail-fib-200ms-x1p5,puma-long-tail-hey,puma/benchmarks/local/long_tail_hey + test/rackup/sleep_fibonacci,https://github.com/puma/puma/blob/main/benchmarks/local/long_tail_hey.rb,puma-4w-3t,12,puma,4,3,365,360,25.672,5.0,360,360,19.947,2.0,18,true,365,0,14.218,834.349,1315.279,1347.861,1364.553,1368.077,534.977,534.977,209.48,20,20,338,multiprocess_sample_only,,
yjit-off/puma-long-tail-fib-200ms-x1p0/puma-4w-3t/repeat-2,yjit-off,false,puma-long-tail-fib-200ms-x1p0,puma-long-tail-hey,puma/benchmarks/local/long_tail_hey + test/rackup/sleep_fibonacci,https://github.com/puma/puma/blob/main/benchmarks/local/long_tail_hey.rb,puma-4w-3t,12,puma,4,3,240,240,17.126,5.0,240,240,17.095,2.0,12,true,240,0,14.014,481.459,879.821,894.339,912.843,913.858,536.727,536.727,208.265,20,20,227,multiprocess_sample_only,,
yjit-off/puma-long-tail-fib-200ms-x0p5/puma-4w-3t/repeat-2,yjit-off,false,puma-long-tail-fib-200ms-x0p5,puma-long-tail-hey,puma/benchmarks/local/long_tail_hey + test/rackup/sleep_fibonacci,https://github.com/puma/puma/blob/main/benchmarks/local/long_tail_hey.rb,puma-4w-3t,12,puma,4,3,135,120,8.63,5.0,120,120,8.563,2.0,6,true,135,0,15.644,202.739,445.696,496.148,505.065,505.5,536.727,531.348,207.72,20,20,112,multiprocess_sample_only,,
yjit-off/puma-sleep-fibonacci-1ms/puma-4w-3t/repeat-2,yjit-off,false,puma-sleep-fibonacci-1ms,puma-sleep-fibonacci-test,puma/benchmarks/local/sleep_fibonacci_test + test/rackup/sleep_fibonacci,https://github.com/puma/puma/blob/main/benchmarks/local/sleep_fibonacci_test.rb,puma-4w-3t,12,puma,4,3,3610,10,5.001,5.0,10,1454,2.0,2.0,1,true,3610,0,721.803,1.349,1.475,1.857,2.559,3.007,549.141,549.141,206.47,20,20,69,multiprocess_sample_only,,
yjit-off/puma-sleep-fibonacci-5ms/puma-4w-3t/repeat-2,yjit-off,false,puma-sleep-fibonacci-5ms,puma-sleep-fibonacci-test,puma/benchmarks/local/sleep_fibonacci_test + test/rackup/sleep_fibonacci,https://github.com/puma/puma/blob/main/benchmarks/local/sleep_fibonacci_test.rb,puma-4w-3t,12,puma,4,3,920,10,5.002,5.0,10,365,2.004,2.0,1,true,920,0,183.937,5.385,5.55,5.908,6.588,7.253,564.133,562.012,205.005,20,20,69,multiprocess_sample_only,,
yjit-off/puma-sleep-fibonacci-10ms/puma-4w-3t/repeat-2,yjit-off,false,puma-sleep-fibonacci-10ms,puma-sleep-fibonacci-test,puma/benchmarks/local/sleep_fibonacci_test + test/rackup/sleep_fibonacci,https://github.com/puma/puma/blob/main/benchmarks/local/sleep_fibonacci_test.rb,puma-4w-3t,12,puma,4,3,475,10,5.003,5.0,10,191,2.009,2.0,1,true,475,0,94.934,10.478,10.607,10.77,11.802,12.244,562.074,554.305,203.565,20,20,70,multiprocess_sample_only,,
yjit-off/puma-sleep-fibonacci-50ms/puma-4w-3t/repeat-2,yjit-off,false,puma-sleep-fibonacci-50ms,puma-sleep-fibonacci-test,puma/benchmarks/local/sleep_fibonacci_test + test/rackup/sleep_fibonacci,https://github.com/puma/puma/blob/main/benchmarks/local/sleep_fibonacci_test.rb,puma-4w-3t,12,puma,4,3,99,10,5.031,5.0,10,40,2.032,2.0,1,true,99,0,19.679,50.734,50.899,51.376,51.867,51.921,560.57,560.57,202.15,20,20,70,multiprocess_sample_only,,
yjit-off/puma-sleep-fibonacci-100ms/puma-4w-3t/repeat-2,yjit-off,false,puma-sleep-fibonacci-100ms,puma-sleep-fibonacci-test,puma/benchmarks/local/sleep_fibonacci_test + test/rackup/sleep_fibonacci,https://github.com/puma/puma/blob/main/benchmarks/local/sleep_fibonacci_test.rb,puma-4w-3t,12,puma,4,3,50,10,5.04,5.0,10,20,2.018,2.0,1,true,50,0,9.921,100.713,100.784,101.026,101.231,101.254,562.09,562.09,200.77,20,20,70,multiprocess_sample_only,,
yjit-off/puma-sleep-fibonacci-200ms/puma-4w-3t/repeat-2,yjit-off,false,puma-sleep-fibonacci-200ms,puma-sleep-fibonacci-test,puma/benchmarks/local/sleep_fibonacci_test + test/rackup/sleep_fibonacci,https://github.com/puma/puma/blob/main/benchmarks/local/sleep_fibonacci_test.rb,puma-4w-3t,12,puma,4,3,25,10,5.02,5.0,10,10,2.009,2.0,1,true,25,0,4.98,200.746,200.786,200.797,200.8,200.8,562.152,562.152,199.405,20,20,70,multiprocess_sample_only,,
yjit-off/puma-response-array-1kb/puma-4w-3t/repeat-3,yjit-off,false,puma-response-array-1kb,puma-response-time-wrk,puma/benchmarks/local/response_time_wrk,https://github.com/puma/puma/blob/main/benchmarks/local/response_time_wrk.rb,puma-4w-3t,12,puma,4,3,14547,1000,5.006,5.0,1000,5816,2.006,2.0,19,true,14547,0,2906.182,6.344,7.772,8.805,10.337,12.855,237.348,237.348,116.885,20,20,57,multiprocess_sample_only,,
yjit-off/puma-response-chunk-1kb/puma-4w-3t/repeat-3,yjit-off,false,puma-response-chunk-1kb,puma-response-time-wrk,puma/benchmarks/local/response_time_wrk,https://github.com/puma/puma/blob/main/benchmarks/local/response_time_wrk.rb,puma-4w-3t,12,puma,4,3,14198,1000,5.005,5.0,1000,5871,2.005,2.0,19,true,14198,0,2836.658,6.512,7.936,8.858,10.176,12.195,255.371,254.434,108.625,20,20,57,multiprocess_sample_only,,
yjit-off/puma-response-string-1kb/puma-4w-3t/repeat-3,yjit-off,false,puma-response-string-1kb,puma-response-time-wrk,puma/benchmarks/local/response_time_wrk,https://github.com/puma/puma/blob/main/benchmarks/local/response_time_wrk.rb,puma-4w-3t,12,puma,4,3,14482,1000,5.005,5.0,1000,5939,2.005,2.0,19,true,14482,0,2893.652,6.382,7.689,8.738,12.375,13.74,273.754,273.754,106.685,20,20,57,multiprocess_sample_only,,
yjit-off/puma-response-io-1kb/puma-4w-3t/repeat-3,yjit-off,false,puma-response-io-1kb,puma-response-time-wrk,puma/benchmarks/local/response_time_wrk,https://github.com/puma/puma/blob/main/benchmarks/local/response_time_wrk.rb,puma-4w-3t,12,puma,4,3,14634,1000,5.005,5.0,1000,5931,2.005,2.0,19,true,14634,0,2923.729,6.337,7.646,8.546,9.928,11.325,276.328,273.148,106.385,20,20,57,multiprocess_sample_only,,
yjit-off/puma-response-array-10kb/puma-4w-3t/repeat-3,yjit-off,false,puma-response-array-10kb,puma-response-time-wrk,puma/benchmarks/local/response_time_wrk,https://github.com/puma/puma/blob/main/benchmarks/local/response_time_wrk.rb,puma-4w-3t,12,puma,4,3,14769,1000,5.005,5.0,1000,6161,2.005,2.0,19,true,14769,0,2950.583,6.284,7.483,8.197,9.624,11.066,299.75,299.75,105.705,20,20,57,multiprocess_sample_only,,
yjit-off/puma-response-chunk-10kb/puma-4w-3t/repeat-3,yjit-off,false,puma-response-chunk-10kb,puma-response-time-wrk,puma/benchmarks/local/response_time_wrk,https://github.com/puma/puma/blob/main/benchmarks/local/response_time_wrk.rb,puma-4w-3t,12,puma,4,3,12262,1000,5.007,5.0,1000,5125,2.006,2.0,19,true,12262,0,2448.906,7.573,9.101,9.898,11.033,12.786,302.996,301.926,104.84,20,20,56,multiprocess_sample_only,,
yjit-off/puma-response-string-10kb/puma-4w-3t/repeat-3,yjit-off,false,puma-response-string-10kb,puma-response-time-wrk,puma/benchmarks/local/response_time_wrk,https://github.com/puma/puma/blob/main/benchmarks/local/response_time_wrk.rb,puma-4w-3t,12,puma,4,3,14836,1000,5.005,5.0,1000,5883,2.005,2.0,19,true,14836,0,2964.126,6.244,7.493,8.162,8.958,9.583,316.563,313.887,104.14,20,20,57,multiprocess_sample_only,,
yjit-off/puma-response-io-10kb/puma-4w-3t/repeat-3,yjit-off,false,puma-response-io-10kb,puma-response-time-wrk,puma/benchmarks/local/response_time_wrk,https://github.com/puma/puma/blob/main/benchmarks/local/response_time_wrk.rb,puma-4w-3t,12,puma,4,3,14547,1000,5.006,5.0,1000,5988,2.006,2.0,19,true,14547,0,2906.201,6.393,7.649,8.422,9.313,10.257,327.648,327.008,104.03,20,20,57,multiprocess_sample_only,,
yjit-off/puma-response-array-100kb/puma-4w-3t/repeat-3,yjit-off,false,puma-response-array-100kb,puma-response-time-wrk,puma/benchmarks/local/response_time_wrk,https://github.com/puma/puma/blob/main/benchmarks/local/response_time_wrk.rb,puma-4w-3t,12,puma,4,3,11295,1000,5.008,5.0,1000,4606,2.007,2.0,19,true,11295,0,2255.283,8.275,9.694,10.442,11.186,12.23,415.117,378.648,104.01,20,20,55,multiprocess_sample_only,,
yjit-off/puma-response-chunk-100kb/puma-4w-3t/repeat-3,yjit-off,false,puma-response-chunk-100kb,puma-response-time-wrk,puma/benchmarks/local/response_time_wrk,https://github.com/puma/puma/blob/main/benchmarks/local/response_time_wrk.rb,puma-4w-3t,12,puma,4,3,5669,1000,5.013,5.0,1000,2319,2.015,2.0,19,true,5669,0,1130.821,16.686,18.707,19.706,20.507,21.709,396.098,393.594,103.115,20,20,46,multiprocess_sample_only,,
yjit-off/puma-response-string-100kb/puma-4w-3t/repeat-3,yjit-off,false,puma-response-string-100kb,puma-response-time-wrk,puma/benchmarks/local/response_time_wrk,https://github.com/puma/puma/blob/main/benchmarks/local/response_time_wrk.rb,puma-4w-3t,12,puma,4,3,11212,1000,5.009,5.0,1000,4628,2.008,2.0,19,true,11212,0,2238.474,8.349,9.702,10.393,11.231,11.623,419.938,400.617,102.31,20,20,55,multiprocess_sample_only,,
yjit-off/puma-response-io-100kb/puma-4w-3t/repeat-3,yjit-off,false,puma-response-io-100kb,puma-response-time-wrk,puma/benchmarks/local/response_time_wrk,https://github.com/puma/puma/blob/main/benchmarks/local/response_time_wrk.rb,puma-4w-3t,12,puma,4,3,11259,1000,5.007,5.0,1000,4630,2.007,2.0,19,true,11259,0,2248.835,8.259,9.694,10.753,16.321,17.971,333.32,332.848,101.685,20,20,54,multiprocess_sample_only,,
yjit-off/puma-response-array-256kb/puma-4w-3t/repeat-3,yjit-off,false,puma-response-array-256kb,puma-response-time-wrk,puma/benchmarks/local/response_time_wrk,https://github.com/puma/puma/blob/main/benchmarks/local/response_time_wrk.rb,puma-4w-3t,12,puma,4,3,8047,1000,5.01,5.0,1000,3287,2.008,2.0,19,true,8047,0,1606.245,10.963,15.111,31.627,34.874,36.307,449.586,442.23,102.055,20,20,51,multiprocess_sample_only,,
yjit-off/puma-response-chunk-256kb/puma-4w-3t/repeat-3,yjit-off,false,puma-response-chunk-256kb,puma-response-time-wrk,puma/benchmarks/local/response_time_wrk,https://github.com/puma/puma/blob/main/benchmarks/local/response_time_wrk.rb,puma-4w-3t,12,puma,4,3,3082,1000,5.027,5.0,1000,1253,2.027,2.0,19,true,3082,0,613.104,30.82,33.747,35.053,36.305,36.844,445.754,438.094,101.285,20,20,36,multiprocess_sample_only,,
yjit-off/puma-response-string-256kb/puma-4w-3t/repeat-3,yjit-off,false,puma-response-string-256kb,puma-response-time-wrk,puma/benchmarks/local/response_time_wrk,https://github.com/puma/puma/blob/main/benchmarks/local/response_time_wrk.rb,puma-4w-3t,12,puma,4,3,8422,1000,5.01,5.0,1000,3431,2.009,2.0,19,true,8422,0,1681.119,10.444,14.444,31.435,33.355,34.493,404.84,360.039,100.075,20,20,51,multiprocess_sample_only,,
yjit-off/puma-response-io-256kb/puma-4w-3t/repeat-3,yjit-off,false,puma-response-io-256kb,puma-response-time-wrk,puma/benchmarks/local/response_time_wrk,https://github.com/puma/puma/blob/main/benchmarks/local/response_time_wrk.rb,puma-4w-3t,12,puma,4,3,8533,1000,5.009,5.0,1000,3535,2.009,2.0,19,true,8533,0,1703.555,10.326,14.253,31.296,34.402,68.775,369.727,368.207,98.79,20,20,51,multiprocess_sample_only,,
yjit-off/puma-response-array-512kb/puma-4w-3t/repeat-3,yjit-off,false,puma-response-array-512kb,puma-response-time-wrk,puma/benchmarks/local/response_time_wrk,https://github.com/puma/puma/blob/main/benchmarks/local/response_time_wrk.rb,puma-4w-3t,12,puma,4,3,6085,1000,5.012,5.0,1000,2380,2.014,2.0,19,true,6085,0,1213.966,14.406,20.628,38.194,41.011,41.643,526.105,488.801,98.675,20,20,47,multiprocess_sample_only,,
yjit-off/puma-response-chunk-512kb/puma-4w-3t/repeat-3,yjit-off,false,puma-response-chunk-512kb,puma-response-time-wrk,puma/benchmarks/local/response_time_wrk,https://github.com/puma/puma/blob/main/benchmarks/local/response_time_wrk.rb,puma-4w-3t,12,puma,4,3,1737,1000,5.05,5.0,1000,1000,2.867,2.0,19,true,1737,0,343.955,54.868,59.473,62.265,65.484,67.487,454.43,448.93,98.15,20,20,27,multiprocess_sample_only,,
yjit-off/puma-response-string-512kb/puma-4w-3t/repeat-3,yjit-off,false,puma-response-string-512kb,puma-response-time-wrk,puma/benchmarks/local/response_time_wrk,https://github.com/puma/puma/blob/main/benchmarks/local/response_time_wrk.rb,puma-4w-3t,12,puma,4,3,6442,1000,5.012,5.0,1000,2559,2.011,2.0,19,true,6442,0,1285.252,13.51,18.084,37.961,41.24,43.288,421.508,389.676,96.86,20,20,46,multiprocess_sample_only,,
yjit-off/puma-response-io-512kb/puma-4w-3t/repeat-3,yjit-off,false,puma-response-io-512kb,puma-response-time-wrk,puma/benchmarks/local/response_time_wrk,https://github.com/puma/puma/blob/main/benchmarks/local/response_time_wrk.rb,puma-4w-3t,12,puma,4,3,6378,1000,5.036,5.0,1000,2591,2.011,2.0,19,true,6378,0,1266.455,13.599,19.779,40.054,42.353,43.287,393.426,391.988,95.245,20,20,46,multiprocess_sample_only,,
yjit-off/puma-response-array-1024kb/puma-4w-3t/repeat-3,yjit-off,false,puma-response-array-1024kb,puma-response-time-wrk,puma/benchmarks/local/response_time_wrk,https://github.com/puma/puma/blob/main/benchmarks/local/response_time_wrk.rb,puma-4w-3t,12,puma,4,3,3915,1000,5.021,5.0,1000,1568,2.035,2.0,19,true,3915,0,779.784,22.819,45.161,50.264,52.771,53.964,528.578,519.652,94.49,20,20,40,multiprocess_sample_only,,
yjit-off/puma-response-chunk-1024kb/puma-4w-3t/repeat-3,yjit-off,false,puma-response-chunk-1024kb,puma-response-time-wrk,puma/benchmarks/local/response_time_wrk,https://github.com/puma/puma/blob/main/benchmarks/local/response_time_wrk.rb,puma-4w-3t,12,puma,4,3,1000,1000,5.303,5.0,1000,1000,5.283,2.0,19,true,1000,0,188.586,100.098,107.231,111.244,119.89,121.93,503.355,502.539,93.853,20,19,19,multiprocess_sample_only,,
yjit-off/puma-response-string-1024kb/puma-4w-3t/repeat-3,yjit-off,false,puma-response-string-1024kb,puma-response-time-wrk,puma/benchmarks/local/response_time_wrk,https://github.com/puma/puma/blob/main/benchmarks/local/response_time_wrk.rb,puma-4w-3t,12,puma,4,3,4073,1000,5.021,5.0,1000,1705,2.019,2.0,19,true,4073,0,811.266,21.757,45.183,48.874,51.219,51.491,478.781,439.719,92.48,20,20,40,multiprocess_sample_only,,
yjit-off/puma-response-io-1024kb/puma-4w-3t/repeat-3,yjit-off,false,puma-response-io-1024kb,puma-response-time-wrk,puma/benchmarks/local/response_time_wrk,https://github.com/puma/puma/blob/main/benchmarks/local/response_time_wrk.rb,puma-4w-3t,12,puma,4,3,4147,1000,5.024,5.0,1000,1683,2.028,2.0,19,true,4147,0,825.489,21.432,43.977,46.966,48.902,259.93,421.152,421.152,90.525,20,20,41,multiprocess_sample_only,,
yjit-off/puma-response-array-2048kb/puma-4w-3t/repeat-3,yjit-off,false,puma-response-array-2048kb,puma-response-time-wrk,puma/benchmarks/local/response_time_wrk,https://github.com/puma/puma/blob/main/benchmarks/local/response_time_wrk.rb,puma-4w-3t,12,puma,4,3,2312,1000,5.039,5.0,1000,1000,2.14,2.0,19,true,2312,0,458.848,40.808,45.683,49.908,61.869,64.576,529.094,467.32,89.89,20,20,31,multiprocess_sample_only,,
yjit-off/puma-response-chunk-2048kb/puma-4w-3t/repeat-3,yjit-off,false,puma-response-chunk-2048kb,puma-response-time-wrk,puma/benchmarks/local/response_time_wrk,https://github.com/puma/puma/blob/main/benchmarks/local/response_time_wrk.rb,puma-4w-3t,12,puma,4,3,1000,1000,9.841,5.0,1000,1000,10.039,2.0,19,true,1000,0,101.616,186.04,199.333,207.136,213.864,216.622,543.035,533.563,89.455,20,20,21,multiprocess_sample_only,,
yjit-off/puma-response-string-2048kb/puma-4w-3t/repeat-3,yjit-off,false,puma-response-string-2048kb,puma-response-time-wrk,puma/benchmarks/local/response_time_wrk,https://github.com/puma/puma/blob/main/benchmarks/local/response_time_wrk.rb,puma-4w-3t,12,puma,4,3,2650,1000,5.033,5.0,1000,1059,2.036,2.0,19,true,2650,0,526.479,35.675,39.294,42.177,48.826,54.369,528.168,475.945,88.13,20,20,34,multiprocess_sample_only,,
yjit-off/puma-response-io-2048kb/puma-4w-3t/repeat-3,yjit-off,false,puma-response-io-2048kb,puma-response-time-wrk,puma/benchmarks/local/response_time_wrk,https://github.com/puma/puma/blob/main/benchmarks/local/response_time_wrk.rb,puma-4w-3t,12,puma,4,3,2750,1000,5.033,5.0,1000,1103,2.033,2.0,19,true,2750,0,546.397,34.258,37.813,41.695,59.736,61.882,465.082,440.051,86.345,20,20,35,multiprocess_sample_only,,
yjit-off/puma-long-tail-fib-200ms-x6p0/puma-4w-3t/repeat-3,yjit-off,false,puma-long-tail-fib-200ms-x6p0,puma-long-tail-hey,puma/benchmarks/local/long_tail_hey + test/rackup/sleep_fibonacci,https://github.com/puma/puma/blob/main/benchmarks/local/long_tail_hey.rb,puma-4w-3t,12,puma,4,3,1440,1440,59.989,5.0,1000,1000,49.602,2.0,72,true,1440,0,24.005,2653.34,3047.855,3092.521,3140.703,3152.996,451.887,451.887,147.31,20,20,712,multiprocess_sample_only,,
yjit-off/puma-long-tail-fib-200ms-x4p0/puma-4w-3t/repeat-3,yjit-off,false,puma-long-tail-fib-200ms-x4p0,puma-long-tail-hey,puma/benchmarks/local/long_tail_hey + test/rackup/sleep_fibonacci,https://github.com/puma/puma/blob/main/benchmarks/local/long_tail_hey.rb,puma-4w-3t,12,puma,4,3,960,960,59.765,5.0,960,960,37.099,2.0,48,true,960,0,16.063,2770.286,3025.792,3069.06,3091.274,3093.769,480.98,480.98,187.495,20,20,776,multiprocess_sample_only,,
yjit-off/puma-long-tail-fib-200ms-x3p0/puma-4w-3t/repeat-3,yjit-off,false,puma-long-tail-fib-200ms-x3p0,puma-long-tail-hey,puma/benchmarks/local/long_tail_hey + test/rackup/sleep_fibonacci,https://github.com/puma/puma/blob/main/benchmarks/local/long_tail_hey.rb,puma-4w-3t,12,puma,4,3,720,720,45.664,5.0,720,720,42.715,2.0,36,true,720,0,15.767,1307.286,2404.13,2504.395,2541.986,2555.813,503.723,503.723,196.245,20,20,591,multiprocess_sample_only,,
yjit-off/puma-long-tail-fib-200ms-x2p0/puma-4w-3t/repeat-3,yjit-off,false,puma-long-tail-fib-200ms-x2p0,puma-long-tail-hey,puma/benchmarks/local/long_tail_hey + test/rackup/sleep_fibonacci,https://github.com/puma/puma/blob/main/benchmarks/local/long_tail_hey.rb,puma-4w-3t,12,puma,4,3,485,480,28.58,5.0,480,480,22.845,2.0,24,true,485,0,16.97,1300.694,1548.349,1603.792,1666.961,1689.341,527.289,522.473,200.93,20,20,374,multiprocess_sample_only,,
yjit-off/puma-long-tail-fib-200ms-x1p5/puma-4w-3t/repeat-3,yjit-off,false,puma-long-tail-fib-200ms-x1p5,puma-long-tail-hey,puma/benchmarks/local/long_tail_hey + test/rackup/sleep_fibonacci,https://github.com/puma/puma/blob/main/benchmarks/local/long_tail_hey.rb,puma-4w-3t,12,puma,4,3,360,360,19.941,5.0,360,360,34.149,2.0,18,true,360,0,18.053,628.13,1139.698,1223.415,1274.985,1282.175,526.227,519.289,199.795,20,20,249,multiprocess_sample_only,,
yjit-off/puma-long-tail-fib-200ms-x1p0/puma-4w-3t/repeat-3,yjit-off,false,puma-long-tail-fib-200ms-x1p0,puma-long-tail-hey,puma/benchmarks/local/long_tail_hey + test/rackup/sleep_fibonacci,https://github.com/puma/puma/blob/main/benchmarks/local/long_tail_hey.rb,puma-4w-3t,12,puma,4,3,240,240,17.074,5.0,240,240,14.257,2.0,12,true,240,0,14.057,757.961,879.583,899.377,929.845,936.589,527.422,527.422,200.845,20,20,230,multiprocess_sample_only,,
yjit-off/puma-long-tail-fib-200ms-x0p5/puma-4w-3t/repeat-3,yjit-off,false,puma-long-tail-fib-200ms-x0p5,puma-long-tail-hey,puma/benchmarks/local/long_tail_hey + test/rackup/sleep_fibonacci,https://github.com/puma/puma/blob/main/benchmarks/local/long_tail_hey.rb,puma-4w-3t,12,puma,4,3,125,120,8.538,5.0,120,120,8.533,2.0,6,true,125,0,14.64,298.446,437.733,469.548,472.944,473.027,533.488,533.488,200.525,20,20,115,multiprocess_sample_only,,
yjit-off/puma-sleep-fibonacci-1ms/puma-4w-3t/repeat-3,yjit-off,false,puma-sleep-fibonacci-1ms,puma-sleep-fibonacci-test,puma/benchmarks/local/sleep_fibonacci_test + test/rackup/sleep_fibonacci,https://github.com/puma/puma/blob/main/benchmarks/local/sleep_fibonacci_test.rb,puma-4w-3t,12,puma,4,3,3627,10,5.0,5.0,10,1444,2.001,2.0,1,true,3627,0,725.344,1.347,1.462,1.801,2.463,2.824,564.352,564.352,199.43,20,20,69,multiprocess_sample_only,,
yjit-off/puma-sleep-fibonacci-5ms/puma-4w-3t/repeat-3,yjit-off,false,puma-sleep-fibonacci-5ms,puma-sleep-fibonacci-test,puma/benchmarks/local/sleep_fibonacci_test + test/rackup/sleep_fibonacci,https://github.com/puma/puma/blob/main/benchmarks/local/sleep_fibonacci_test.rb,puma-4w-3t,12,puma,4,3,938,10,5.002,5.0,10,375,2.004,2.0,1,true,938,0,187.513,5.292,5.387,5.697,6.059,6.976,580.453,580.453,198.11,20,20,69,multiprocess_sample_only,,
yjit-off/puma-sleep-fibonacci-10ms/puma-4w-3t/repeat-3,yjit-off,false,puma-sleep-fibonacci-10ms,puma-sleep-fibonacci-test,puma/benchmarks/local/sleep_fibonacci_test + test/rackup/sleep_fibonacci,https://github.com/puma/puma/blob/main/benchmarks/local/sleep_fibonacci_test.rb,puma-4w-3t,12,puma,4,3,482,10,5.008,5.0,10,194,2.005,2.0,1,true,482,0,96.24,10.334,10.566,10.902,11.3,11.396,576.383,576.383,196.815,20,20,70,multiprocess_sample_only,,
yjit-off/puma-sleep-fibonacci-50ms/puma-4w-3t/repeat-3,yjit-off,false,puma-sleep-fibonacci-50ms,puma-sleep-fibonacci-test,puma/benchmarks/local/sleep_fibonacci_test + test/rackup/sleep_fibonacci,https://github.com/puma/puma/blob/main/benchmarks/local/sleep_fibonacci_test.rb,puma-4w-3t,12,puma,4,3,99,10,5.016,5.0,10,40,2.027,2.0,1,true,99,0,19.737,50.605,50.687,50.94,51.002,51.009,576.383,576.383,195.52,20,20,70,multiprocess_sample_only,,
yjit-off/puma-sleep-fibonacci-100ms/puma-4w-3t/repeat-3,yjit-off,false,puma-sleep-fibonacci-100ms,puma-sleep-fibonacci-test,puma/benchmarks/local/sleep_fibonacci_test + test/rackup/sleep_fibonacci,https://github.com/puma/puma/blob/main/benchmarks/local/sleep_fibonacci_test.rb,puma-4w-3t,12,puma,4,3,50,10,5.039,5.0,10,20,2.016,2.0,1,true,50,0,9.923,100.667,100.927,101.359,101.534,101.554,576.387,576.387,194.26,20,20,70,multiprocess_sample_only,,
yjit-off/puma-sleep-fibonacci-200ms/puma-4w-3t/repeat-3,yjit-off,false,puma-sleep-fibonacci-200ms,puma-sleep-fibonacci-test,puma/benchmarks/local/sleep_fibonacci_test + test/rackup/sleep_fibonacci,https://github.com/puma/puma/blob/main/benchmarks/local/sleep_fibonacci_test.rb,puma-4w-3t,12,puma,4,3,25,10,5.02,5.0,10,10,2.009,2.0,1,true,25,0,4.98,200.71,200.768,200.866,200.893,200.896,576.387,576.387,193.015,20,20,70,multiprocess_sample_only,,
yjit-on/puma-response-array-1kb/raptor-12r/repeat-1,yjit-on,true,puma-response-array-1kb,puma-response-time-wrk,puma/benchmarks/local/response_time_wrk,https://github.com/puma/puma/blob/main/benchmarks/local/response_time_wrk.rb,raptor-12r,12,raptor,12,,1691,1000,6.173,5.0,1000,1000,4.382,2.0,19,true,1691,0,273.954,40.994,42.438,44.205,4059.957,4066.18,36.684,36.684,16.44,20,20,86,same_worker,24,1214248
yjit-on/puma-response-chunk-1kb/raptor-12r/repeat-1,yjit-on,true,puma-response-chunk-1kb,puma-response-time-wrk,puma/benchmarks/local/response_time_wrk,https://github.com/puma/puma/blob/main/benchmarks/local/response_time_wrk.rb,raptor-12r,12,raptor,12,,1691,1000,6.174,5.0,1000,1000,4.348,2.0,19,true,1691,0,273.906,41.099,42.527,44.128,4065.027,4070.756,37.828,37.828,12.775,20,20,86,same_worker,20,1206746
yjit-on/puma-response-string-1kb/raptor-12r/repeat-1,yjit-on,true,puma-response-string-1kb,puma-response-time-wrk,puma/benchmarks/local/response_time_wrk,https://github.com/puma/puma/blob/main/benchmarks/local/response_time_wrk.rb,raptor-12r,12,raptor,12,,1691,1000,6.172,5.0,1000,1000,4.301,2.0,19,true,1691,0,273.991,40.994,42.379,44.114,4052.11,4058.626,38.488,38.488,11.775,20,20,86,same_worker,18,1212332
yjit-on/puma-response-io-1kb/raptor-12r/repeat-1,yjit-on,true,puma-response-io-1kb,puma-response-time-wrk,puma/benchmarks/local/response_time_wrk,https://github.com/puma/puma/blob/main/benchmarks/local/response_time_wrk.rb,raptor-12r,12,raptor,12,,1691,1000,6.179,5.0,1000,1000,4.349,2.0,19,true,1691,0,273.671,41.055,42.479,44.043,4056.931,4059.169,39.094,39.094,11.385,20,20,86,same_worker,19,1229640
yjit-on/puma-response-array-10kb/raptor-12r/repeat-1,yjit-on,true,puma-response-array-10kb,puma-response-time-wrk,puma/benchmarks/local/response_time_wrk,https://github.com/puma/puma/blob/main/benchmarks/local/response_time_wrk.rb,raptor-12r,12,raptor,12,,1691,1000,6.191,5.0,1000,1000,4.294,2.0,19,true,1691,0,273.144,40.993,42.173,44.321,4079.837,4083.802,39.43,39.43,11.185,20,20,86,same_worker,17,1212995
yjit-on/puma-response-chunk-10kb/raptor-12r/repeat-1,yjit-on,true,puma-response-chunk-10kb,puma-response-time-wrk,puma/benchmarks/local/response_time_wrk,https://github.com/puma/puma/blob/main/benchmarks/local/response_time_wrk.rb,raptor-12r,12,raptor,12,,1686,1000,6.2,5.0,1000,1000,4.263,2.0,19,true,1686,0,271.948,41.182,42.856,44.71,4090.04,4090.644,39.523,39.523,10.965,20,20,86,same_worker,17,1211957
yjit-on/puma-response-string-10kb/raptor-12r/repeat-1,yjit-on,true,puma-response-string-10kb,puma-response-time-wrk,puma/benchmarks/local/response_time_wrk,https://github.com/puma/puma/blob/main/benchmarks/local/response_time_wrk.rb,raptor-12r,12,raptor,12,,1691,1000,6.157,5.0,1000,1000,4.282,2.0,19,true,1691,0,274.664,40.988,42.266,45.001,4037.686,4052.747,39.617,39.617,10.76,20,20,86,same_worker,17,1212287
yjit-on/puma-response-io-10kb/raptor-12r/repeat-1,yjit-on,true,puma-response-io-10kb,puma-response-time-wrk,puma/benchmarks/local/response_time_wrk,https://github.com/puma/puma/blob/main/benchmarks/local/response_time_wrk.rb,raptor-12r,12,raptor,12,,1689,1000,6.177,5.0,1000,1000,4.323,2.0,19,true,1689,0,273.456,41.014,42.682,44.932,4066.616,4073.606,40.602,40.602,10.69,20,20,86,same_worker,19,1257952
yjit-on/puma-response-array-100kb/raptor-12r/repeat-1,yjit-on,true,puma-response-array-100kb,puma-response-time-wrk,puma/benchmarks/local/response_time_wrk,https://github.com/puma/puma/blob/main/benchmarks/local/response_time_wrk.rb,raptor-12r,12,raptor,12,,5973,1000,5.049,5.0,1000,3225,2.071,2.0,19,true,5973,0,1182.974,5.515,41.07,49.839,1574.145,2008.499,40.637,40.637,15.045,20,20,65,same_worker,67,4299690
yjit-on/puma-response-chunk-100kb/raptor-12r/repeat-1,yjit-on,true,puma-response-chunk-100kb,puma-response-time-wrk,puma/benchmarks/local/response_time_wrk,https://github.com/puma/puma/blob/main/benchmarks/local/response_time_wrk.rb,raptor-12r,12,raptor,12,,2556,1000,5.052,5.0,1000,2318,2.046,2.0,19,true,2556,0,505.934,40.91,41.981,277.999,3466.776,3536.302,40.637,40.637,18.355,20,20,69,same_worker,29,1833115
yjit-on/puma-response-string-100kb/raptor-12r/repeat-1,yjit-on,true,puma-response-string-100kb,puma-response-time-wrk,puma/benchmarks/local/response_time_wrk,https://github.com/puma/puma/blob/main/benchmarks/local/response_time_wrk.rb,raptor-12r,12,raptor,12,,11578,1000,5.009,5.0,1000,4888,2.007,2.0,19,true,11578,0,2311.349,5.06,6.718,11.622,510.154,517.097,42.504,42.504,21.77,20,20,60,same_worker,129,8332468
yjit-on/puma-response-io-100kb/raptor-12r/repeat-1,yjit-on,true,puma-response-io-100kb,puma-response-time-wrk,puma/benchmarks/local/response_time_wrk,https://github.com/puma/puma/blob/main/benchmarks/local/response_time_wrk.rb,raptor-12r,12,raptor,12,,3395,1000,5.05,5.0,1000,1168,4.11,2.0,19,true,3395,0,672.33,6.062,42.074,49.956,2243.252,2348.792,55.824,55.824,24.43,20,20,68,same_worker,45,3135429
yjit-on/puma-response-array-256kb/raptor-12r/repeat-1,yjit-on,true,puma-response-array-256kb,puma-response-time-wrk,puma/benchmarks/local/response_time_wrk,https://github.com/puma/puma/blob/main/benchmarks/local/response_time_wrk.rb,raptor-12r,12,raptor,12,,5734,1000,5.029,5.0,1000,2288,2.025,2.0,19,true,5734,0,1140.195,7.799,41.978,59.701,1056.339,1282.442,55.824,55.824,28.635,20,20,59,same_worker,67,4128573
yjit-on/puma-response-chunk-256kb/raptor-12r/repeat-1,yjit-on,true,puma-response-chunk-256kb,puma-response-time-wrk,puma/benchmarks/local/response_time_wrk,https://github.com/puma/puma/blob/main/benchmarks/local/response_time_wrk.rb,raptor-12r,12,raptor,12,,4191,1000,5.043,5.0,1000,1446,3.986,2.0,19,true,4191,0,831.007,8.417,42.476,131.892,1983.367,2073.633,55.824,55.824,32.15,20,20,62,same_worker,50,2995932
yjit-on/puma-response-string-256kb/raptor-12r/repeat-1,yjit-on,true,puma-response-string-256kb,puma-response-time-wrk,puma/benchmarks/local/response_time_wrk,https://github.com/puma/puma/blob/main/benchmarks/local/response_time_wrk.rb,raptor-12r,12,raptor,12,,8326,1000,5.009,5.0,1000,3449,2.009,2.0,19,true,8326,0,1662.061,6.493,11.389,30.288,724.444,735.752,56.324,56.324,34.97,20,20,56,same_worker,96,5991727
yjit-on/puma-response-io-256kb/raptor-12r/repeat-1,yjit-on,true,puma-response-io-256kb,puma-response-time-wrk,puma/benchmarks/local/response_time_wrk,https://github.com/puma/puma/blob/main/benchmarks/local/response_time_wrk.rb,raptor-12r,12,raptor,12,,1958,1000,5.042,5.0,1000,1112,4.213,2.0,19,true,1958,0,388.303,41.959,44.054,64.253,3289.011,3356.091,73.414,72.902,36.03,20,20,69,same_worker,38,2413984
yjit-on/puma-response-array-512kb/raptor-12r/repeat-1,yjit-on,true,puma-response-array-512kb,puma-response-time-wrk,puma/benchmarks/local/response_time_wrk,https://github.com/puma/puma/blob/main/benchmarks/local/response_time_wrk.rb,raptor-12r,12,raptor,12,,4511,1000,5.02,5.0,1000,1874,2.142,2.0,19,true,4511,0,898.569,12.233,19.627,59.229,1296.742,1320.217,72.902,72.902,40.415,20,20,50,same_worker,54,3242075
yjit-on/puma-response-chunk-512kb/raptor-12r/repeat-1,yjit-on,true,puma-response-chunk-512kb,puma-response-time-wrk,puma/benchmarks/local/response_time_wrk,https://github.com/puma/puma/blob/main/benchmarks/local/response_time_wrk.rb,raptor-12r,12,raptor,12,,4421,1000,5.015,5.0,1000,1811,2.144,2.0,19,true,4421,0,881.469,12.47,19.81,58.865,1354.731,1367.626,72.902,72.902,46.335,20,20,49,same_worker,53,3164050
yjit-on/puma-response-string-512kb/raptor-12r/repeat-1,yjit-on,true,puma-response-string-512kb,puma-response-time-wrk,puma/benchmarks/local/response_time_wrk,https://github.com/puma/puma/blob/main/benchmarks/local/response_time_wrk.rb,raptor-12r,12,raptor,12,,5676,1000,5.014,5.0,1000,2304,2.013,2.0,19,true,5676,0,1131.987,9.405,16.632,38.814,1061.427,1065.063,74.133,74.133,48.68,20,20,51,same_worker,67,4080889
yjit-on/puma-response-io-512kb/raptor-12r/repeat-1,yjit-on,true,puma-response-io-512kb,puma-response-time-wrk,puma/benchmarks/local/response_time_wrk,https://github.com/puma/puma/blob/main/benchmarks/local/response_time_wrk.rb,raptor-12r,12,raptor,12,,3554,1000,5.053,5.0,1000,1569,3.603,2.0,19,true,3554,0,703.401,12.469,53.735,77.877,1585.554,1636.763,93.738,92.469,52.4,20,20,57,same_worker,113,6211606
yjit-on/puma-response-array-1024kb/raptor-12r/repeat-1,yjit-on,true,puma-response-array-1024kb,puma-response-time-wrk,puma/benchmarks/local/response_time_wrk,https://github.com/puma/puma/blob/main/benchmarks/local/response_time_wrk.rb,raptor-12r,12,raptor,12,,2853,1000,5.055,5.0,1000,1504,3.415,2.0,19,true,2853,0,564.428,19.599,43.737,72.651,2125.92,2134.645,92.469,92.469,58.08,20,20,43,same_worker,36,2044839
yjit-on/puma-response-chunk-1024kb/raptor-12r/repeat-1,yjit-on,true,puma-response-chunk-1024kb,puma-response-time-wrk,puma/benchmarks/local/response_time_wrk,https://github.com/puma/puma/blob/main/benchmarks/local/response_time_wrk.rb,raptor-12r,12,raptor,12,,2811,1000,5.028,5.0,1000,1504,3.404,2.0,19,true,2811,0,559.073,19.855,46.078,84.49,2107.831,2113.331,92.473,92.473,63.55,20,20,43,same_worker,36,2007430
yjit-on/puma-response-string-1024kb/raptor-12r/repeat-1,yjit-on,true,puma-response-string-1024kb,puma-response-time-wrk,puma/benchmarks/local/response_time_wrk,https://github.com/puma/puma/blob/main/benchmarks/local/response_time_wrk.rb,raptor-12r,12,raptor,12,,3815,1000,5.022,5.0,1000,1711,2.261,2.0,19,true,3815,0,759.727,14.413,29.979,46.24,1624.628,1633.216,100.648,100.648,64.865,20,20,46,same_worker,48,2743107
yjit-on/puma-response-io-1024kb/raptor-12r/repeat-1,yjit-on,true,puma-response-io-1024kb,puma-response-time-wrk,puma/benchmarks/local/response_time_wrk,https://github.com/puma/puma/blob/main/benchmarks/local/response_time_wrk.rb,raptor-12r,12,raptor,12,,2306,1000,5.065,5.0,1000,1283,3.699,2.0,19,true,2306,0,455.325,22.42,62.853,97.054,2558.802,2708.075,127.516,120.586,68.565,20,20,52,same_worker,94,6396372
yjit-on/puma-response-array-2048kb/raptor-12r/repeat-1,yjit-on,true,puma-response-array-2048kb,puma-response-time-wrk,puma/benchmarks/local/response_time_wrk,https://github.com/puma/puma/blob/main/benchmarks/local/response_time_wrk.rb,raptor-12r,12,raptor,12,,1754,1000,5.446,5.0,1000,1049,3.285,2.0,19,true,1754,0,322.074,35.527,49.918,94.248,3659.938,3664.221,118.484,118.484,74.45,20,20,40,same_worker,19,1262579
yjit-on/puma-response-chunk-2048kb/raptor-12r/repeat-1,yjit-on,true,puma-response-chunk-2048kb,puma-response-time-wrk,puma/benchmarks/local/response_time_wrk,https://github.com/puma/puma/blob/main/benchmarks/local/response_time_wrk.rb,raptor-12r,12,raptor,12,,1752,1000,5.408,5.0,1000,1034,3.157,2.0,19,true,1752,0,323.951,35.568,50.558,67.802,3718.774,3722.318,118.484,118.484,79.765,20,20,39,same_worker,19,1253865
yjit-on/puma-response-string-2048kb/raptor-12r/repeat-1,yjit-on,true,puma-response-string-2048kb,puma-response-time-wrk,puma/benchmarks/local/response_time_wrk,https://github.com/puma/puma/blob/main/benchmarks/local/response_time_wrk.rb,raptor-12r,12,raptor,12,,2399,1000,5.037,5.0,1000,1325,2.837,2.0,19,true,2399,0,476.296,24.55,32.464,49.788,2503.305,2514.934,143.898,143.898,80.435,20,20,40,same_worker,24,1720401
yjit-on/puma-response-io-2048kb/raptor-12r/repeat-1,yjit-on,true,puma-response-io-2048kb,puma-response-time-wrk,puma/benchmarks/local/response_time_wrk,https://github.com/puma/puma/blob/main/benchmarks/local/response_time_wrk.rb,raptor-12r,12,raptor,12,,1600,1000,6.756,5.0,1000,1000,4.536,2.0,19,true,1600,0,236.836,43.299,85.976,237.744,4615.784,4693.742,193.508,193.508,84.81,20,20,74,same_worker,135,7714910
yjit-on/puma-long-tail-fib-200ms-x6p0/raptor-12r/repeat-1,yjit-on,true,puma-long-tail-fib-200ms-x6p0,puma-long-tail-hey,puma/benchmarks/local/long_tail_hey + test/rackup/sleep_fibonacci,https://github.com/puma/puma/blob/main/benchmarks/local/long_tail_hey.rb,raptor-12r,12,raptor,12,,1440,1440,200.255,5.0,1000,1000,140.216,2.0,72,true,0,1440,0.0,,,,,,190.137,190.137,40.33,20,20,2759,unavailable,,
yjit-on/puma-long-tail-fib-200ms-x4p0/raptor-12r/repeat-1,yjit-on,true,puma-long-tail-fib-200ms-x4p0,puma-long-tail-hey,puma/benchmarks/local/long_tail_hey + test/rackup/sleep_fibonacci,https://github.com/puma/puma/blob/main/benchmarks/local/long_tail_hey.rb,raptor-12r,12,raptor,12,,960,960,5.018,5.0,960,960,5.022,2.0,48,true,0,960,0.0,,,,,,190.137,190.137,29.05,20,20,71,unavailable,,
yjit-on/puma-long-tail-fib-200ms-x3p0/raptor-12r/repeat-1,yjit-on,true,puma-long-tail-fib-200ms-x3p0,puma-long-tail-hey,puma/benchmarks/local/long_tail_hey + test/rackup/sleep_fibonacci,https://github.com/puma/puma/blob/main/benchmarks/local/long_tail_hey.rb,raptor-12r,12,raptor,12,,720,720,5.018,5.0,720,720,5.013,2.0,36,true,0,720,0.0,,,,,,190.137,190.137,25.14,20,20,71,unavailable,,
yjit-on/puma-long-tail-fib-200ms-x2p0/raptor-12r/repeat-1,yjit-on,true,puma-long-tail-fib-200ms-x2p0,puma-long-tail-hey,puma/benchmarks/local/long_tail_hey + test/rackup/sleep_fibonacci,https://github.com/puma/puma/blob/main/benchmarks/local/long_tail_hey.rb,raptor-12r,12,raptor,12,,480,480,5.015,5.0,480,480,5.012,2.0,24,true,0,480,0.0,,,,,,190.137,190.137,22.15,20,20,71,unavailable,,
yjit-on/puma-long-tail-fib-200ms-x1p5/raptor-12r/repeat-1,yjit-on,true,puma-long-tail-fib-200ms-x1p5,puma-long-tail-hey,puma/benchmarks/local/long_tail_hey + test/rackup/sleep_fibonacci,https://github.com/puma/puma/blob/main/benchmarks/local/long_tail_hey.rb,raptor-12r,12,raptor,12,,360,360,5.011,5.0,360,360,5.009,2.0,18,true,0,360,0.0,,,,,,190.137,190.137,19.8,20,20,71,unavailable,,
yjit-on/puma-long-tail-fib-200ms-x1p0/raptor-12r/repeat-1,yjit-on,true,puma-long-tail-fib-200ms-x1p0,puma-long-tail-hey,puma/benchmarks/local/long_tail_hey + test/rackup/sleep_fibonacci,https://github.com/puma/puma/blob/main/benchmarks/local/long_tail_hey.rb,raptor-12r,12,raptor,12,,240,240,5.009,5.0,240,240,5.008,2.0,12,true,0,240,0.0,,,,,,190.137,190.137,17.9,20,20,71,unavailable,,
yjit-on/puma-long-tail-fib-200ms-x0p5/raptor-12r/repeat-1,yjit-on,true,puma-long-tail-fib-200ms-x0p5,puma-long-tail-hey,puma/benchmarks/local/long_tail_hey + test/rackup/sleep_fibonacci,https://github.com/puma/puma/blob/main/benchmarks/local/long_tail_hey.rb,raptor-12r,12,raptor,12,,120,120,5.007,5.0,120,120,5.007,2.0,6,true,0,120,0.0,,,,,,190.137,190.137,16.325,20,20,71,unavailable,,
yjit-on/puma-sleep-fibonacci-1ms/raptor-12r/repeat-1,yjit-on,true,puma-sleep-fibonacci-1ms,puma-sleep-fibonacci-test,puma/benchmarks/local/sleep_fibonacci_test + test/rackup/sleep_fibonacci,https://github.com/puma/puma/blob/main/benchmarks/local/sleep_fibonacci_test.rb,raptor-12r,12,raptor,12,,10,10,5.006,5.0,10,10,5.006,2.0,1,true,0,10,0.0,,,,,,190.137,190.137,15.0,20,20,71,unavailable,,
yjit-on/puma-sleep-fibonacci-5ms/raptor-12r/repeat-1,yjit-on,true,puma-sleep-fibonacci-5ms,puma-sleep-fibonacci-test,puma/benchmarks/local/sleep_fibonacci_test + test/rackup/sleep_fibonacci,https://github.com/puma/puma/blob/main/benchmarks/local/sleep_fibonacci_test.rb,raptor-12r,12,raptor,12,,10,10,5.006,5.0,10,10,5.004,2.0,1,true,0,10,0.0,,,,,,190.137,190.137,13.9,20,20,70,unavailable,,
yjit-on/puma-sleep-fibonacci-10ms/raptor-12r/repeat-1,yjit-on,true,puma-sleep-fibonacci-10ms,puma-sleep-fibonacci-test,puma/benchmarks/local/sleep_fibonacci_test + test/rackup/sleep_fibonacci,https://github.com/puma/puma/blob/main/benchmarks/local/sleep_fibonacci_test.rb,raptor-12r,12,raptor,12,,10,10,5.006,5.0,10,10,5.006,2.0,1,true,0,10,0.0,,,,,,190.137,190.137,12.92,20,20,70,unavailable,,
yjit-on/puma-sleep-fibonacci-50ms/raptor-12r/repeat-1,yjit-on,true,puma-sleep-fibonacci-50ms,puma-sleep-fibonacci-test,puma/benchmarks/local/sleep_fibonacci_test + test/rackup/sleep_fibonacci,https://github.com/puma/puma/blob/main/benchmarks/local/sleep_fibonacci_test.rb,raptor-12r,12,raptor,12,,10,10,5.006,5.0,10,10,5.006,2.0,1,true,0,10,0.0,,,,,,190.137,190.137,12.1,20,20,71,unavailable,,
yjit-on/puma-sleep-fibonacci-100ms/raptor-12r/repeat-1,yjit-on,true,puma-sleep-fibonacci-100ms,puma-sleep-fibonacci-test,puma/benchmarks/local/sleep_fibonacci_test + test/rackup/sleep_fibonacci,https://github.com/puma/puma/blob/main/benchmarks/local/sleep_fibonacci_test.rb,raptor-12r,12,raptor,12,,10,10,5.006,5.0,10,10,5.006,2.0,1,true,0,10,0.0,,,,,,190.137,190.137,11.395,20,20,71,unavailable,,
yjit-on/puma-sleep-fibonacci-200ms/raptor-12r/repeat-1,yjit-on,true,puma-sleep-fibonacci-200ms,puma-sleep-fibonacci-test,puma/benchmarks/local/sleep_fibonacci_test + test/rackup/sleep_fibonacci,https://github.com/puma/puma/blob/main/benchmarks/local/sleep_fibonacci_test.rb,raptor-12r,12,raptor,12,,10,10,5.006,5.0,10,10,5.006,2.0,1,true,0,10,0.0,,,,,,190.137,190.137,10.7,20,20,70,unavailable,,
yjit-on/puma-response-array-1kb/raptor-12r/repeat-2,yjit-on,true,puma-response-array-1kb,puma-response-time-wrk,puma/benchmarks/local/response_time_wrk,https://github.com/puma/puma/blob/main/benchmarks/local/response_time_wrk.rb,raptor-12r,12,raptor,12,,1691,1000,6.168,5.0,1000,1000,4.443,2.0,19,true,1691,0,274.138,41.001,42.397,44.874,4057.786,4061.341,36.469,36.469,17.775,20,20,86,same_worker,27,1216760
yjit-on/puma-response-chunk-1kb/raptor-12r/repeat-2,yjit-on,true,puma-response-chunk-1kb,puma-response-time-wrk,puma/benchmarks/local/response_time_wrk,https://github.com/puma/puma/blob/main/benchmarks/local/response_time_wrk.rb,raptor-12r,12,raptor,12,,1687,1000,6.178,5.0,1000,1000,4.403,2.0,19,true,1687,0,273.087,41.036,42.602,44.482,4061.81,4072.156,38.07,38.07,13.645,20,20,86,same_worker,19,1210589
yjit-on/puma-response-string-1kb/raptor-12r/repeat-2,yjit-on,true,puma-response-string-1kb,puma-response-time-wrk,puma/benchmarks/local/response_time_wrk,https://github.com/puma/puma/blob/main/benchmarks/local/response_time_wrk.rb,raptor-12r,12,raptor,12,,1686,1000,6.169,5.0,1000,1000,4.327,2.0,19,true,1686,0,273.283,41.029,42.561,44.485,4048.953,4053.695,39.094,39.094,12.365,20,20,86,same_worker,17,1211526
yjit-on/puma-response-io-1kb/raptor-12r/repeat-2,yjit-on,true,puma-response-io-1kb,puma-response-time-wrk,puma/benchmarks/local/response_time_wrk,https://github.com/puma/puma/blob/main/benchmarks/local/response_time_wrk.rb,raptor-12r,12,raptor,12,,1691,1000,6.176,5.0,1000,1000,4.338,2.0,19,true,1691,0,273.808,41.023,42.509,44.769,4065.018,4066.865,39.492,39.492,11.875,20,20,86,same_worker,17,1233135
yjit-on/puma-response-array-10kb/raptor-12r/repeat-2,yjit-on,true,puma-response-array-10kb,puma-response-time-wrk,puma/benchmarks/local/response_time_wrk,https://github.com/puma/puma/blob/main/benchmarks/local/response_time_wrk.rb,raptor-12r,12,raptor,12,,1690,1000,6.19,5.0,1000,1000,4.298,2.0,19,true,1690,0,273.033,40.993,42.312,44.71,4045.588,4072.424,39.801,39.801,11.44,20,20,87,same_worker,17,1220889
yjit-on/puma-response-chunk-10kb/raptor-12r/repeat-2,yjit-on,true,puma-response-chunk-10kb,puma-response-time-wrk,puma/benchmarks/local/response_time_wrk,https://github.com/puma/puma/blob/main/benchmarks/local/response_time_wrk.rb,raptor-12r,12,raptor,12,,1689,1000,6.194,5.0,1000,1000,4.282,2.0,19,true,1689,0,272.7,41.0,42.429,45.432,4060.279,4085.553,39.918,39.918,11.095,20,20,87,same_worker,17,1207474
yjit-on/puma-response-string-10kb/raptor-12r/repeat-2,yjit-on,true,puma-response-string-10kb,puma-response-time-wrk,puma/benchmarks/local/response_time_wrk,https://github.com/puma/puma/blob/main/benchmarks/local/response_time_wrk.rb,raptor-12r,12,raptor,12,,1686,1000,6.202,5.0,1000,1000,4.26,2.0,19,true,1686,0,271.862,41.253,42.807,44.64,4087.351,4095.087,39.973,39.973,10.88,20,20,87,same_worker,16,1207884
yjit-on/puma-response-io-10kb/raptor-12r/repeat-2,yjit-on,true,puma-response-io-10kb,puma-response-time-wrk,puma/benchmarks/local/response_time_wrk,https://github.com/puma/puma/blob/main/benchmarks/local/response_time_wrk.rb,raptor-12r,12,raptor,12,,1691,1000,6.175,5.0,1000,1000,4.271,2.0,19,true,1691,0,273.842,40.999,42.387,45.233,4065.663,4067.194,41.059,41.059,10.76,20,20,86,same_worker,17,1255269
yjit-on/puma-response-array-100kb/raptor-12r/repeat-2,yjit-on,true,puma-response-array-100kb,puma-response-time-wrk,puma/benchmarks/local/response_time_wrk,https://github.com/puma/puma/blob/main/benchmarks/local/response_time_wrk.rb,raptor-12r,12,raptor,12,,2668,1000,5.07,5.0,1000,4251,2.008,2.0,19,true,2668,0,526.282,8.654,41.981,228.598,3393.011,3458.783,41.063,41.063,14.51,20,20,70,same_worker,27,1924463
yjit-on/puma-response-chunk-100kb/raptor-12r/repeat-2,yjit-on,true,puma-response-chunk-100kb,puma-response-time-wrk,puma/benchmarks/local/response_time_wrk,https://github.com/puma/puma/blob/main/benchmarks/local/response_time_wrk.rb,raptor-12r,12,raptor,12,,3871,1000,5.046,5.0,1000,2156,2.052,2.0,19,true,3871,0,767.193,5.587,41.928,61.363,2685.712,3097.603,41.07,41.07,17.275,20,20,68,same_worker,39,2783429
yjit-on/puma-response-string-100kb/raptor-12r/repeat-2,yjit-on,true,puma-response-string-100kb,puma-response-time-wrk,puma/benchmarks/local/response_time_wrk,https://github.com/puma/puma/blob/main/benchmarks/local/response_time_wrk.rb,raptor-12r,12,raptor,12,,12048,1000,5.006,5.0,1000,4887,2.007,2.0,19,true,12048,0,2406.476,4.868,6.275,10.348,492.533,495.698,43.039,43.039,20.825,20,20,60,same_worker,119,8655325
yjit-on/puma-response-io-100kb/raptor-12r/repeat-2,yjit-on,true,puma-response-io-100kb,puma-response-time-wrk,puma/benchmarks/local/response_time_wrk,https://github.com/puma/puma/blob/main/benchmarks/local/response_time_wrk.rb,raptor-12r,12,raptor,12,,3543,1000,5.048,5.0,1000,1776,2.47,2.0,19,true,3543,0,701.817,6.06,41.982,49.622,3324.665,3431.349,54.875,54.875,23.56,20,20,69,same_worker,50,3284866
yjit-on/puma-response-array-256kb/raptor-12r/repeat-2,yjit-on,true,puma-response-array-256kb,puma-response-time-wrk,puma/benchmarks/local/response_time_wrk,https://github.com/puma/puma/blob/main/benchmarks/local/response_time_wrk.rb,raptor-12r,12,raptor,12,,6491,1000,5.012,5.0,1000,2359,2.035,2.0,19,true,6491,0,1295.111,7.803,27.31,68.901,910.991,1030.315,54.879,54.879,29.23,20,20,56,same_worker,67,4668916
yjit-on/puma-response-chunk-256kb/raptor-12r/repeat-2,yjit-on,true,puma-response-chunk-256kb,puma-response-time-wrk,puma/benchmarks/local/response_time_wrk,https://github.com/puma/puma/blob/main/benchmarks/local/response_time_wrk.rb,raptor-12r,12,raptor,12,,5810,1000,5.042,5.0,1000,2774,2.012,2.0,19,true,5810,0,1152.332,7.894,41.947,55.283,1241.858,1480.94,54.879,54.879,36.15,20,20,58,same_worker,61,4160684
yjit-on/puma-response-string-256kb/raptor-12r/repeat-2,yjit-on,true,puma-response-string-256kb,puma-response-time-wrk,puma/benchmarks/local/response_time_wrk,https://github.com/puma/puma/blob/main/benchmarks/local/response_time_wrk.rb,raptor-12r,12,raptor,12,,8517,1000,5.008,5.0,1000,3543,2.009,2.0,19,true,8517,0,1700.68,6.34,10.904,42.331,688.175,738.78,56.066,56.066,38.91,20,20,56,same_worker,89,6119324
yjit-on/puma-response-io-256kb/raptor-12r/repeat-2,yjit-on,true,puma-response-io-256kb,puma-response-time-wrk,puma/benchmarks/local/response_time_wrk,https://github.com/puma/puma/blob/main/benchmarks/local/response_time_wrk.rb,raptor-12r,12,raptor,12,,1971,1000,5.054,5.0,1000,1300,3.862,2.0,19,true,1971,0,389.985,41.954,43.134,67.325,3214.626,3247.644,73.938,73.938,39.935,20,20,69,same_worker,41,2439526
yjit-on/puma-response-array-512kb/raptor-12r/repeat-2,yjit-on,true,puma-response-array-512kb,puma-response-time-wrk,puma/benchmarks/local/response_time_wrk,https://github.com/puma/puma/blob/main/benchmarks/local/response_time_wrk.rb,raptor-12r,12,raptor,12,,4530,1000,5.045,5.0,1000,1894,2.057,2.0,19,true,4530,0,897.931,12.025,20.673,63.296,1328.125,1350.374,73.938,73.938,44.29,20,20,49,same_worker,49,3262532
yjit-on/puma-response-chunk-512kb/raptor-12r/repeat-2,yjit-on,true,puma-response-chunk-512kb,puma-response-time-wrk,puma/benchmarks/local/response_time_wrk,https://github.com/puma/puma/blob/main/benchmarks/local/response_time_wrk.rb,raptor-12r,12,raptor,12,,4542,1000,5.016,5.0,1000,1862,2.028,2.0,19,true,4542,0,905.437,12.194,19.099,55.434,1330.718,1361.23,73.938,73.938,50.3,20,20,50,same_worker,49,3256156
yjit-on/puma-response-string-512kb/raptor-12r/repeat-2,yjit-on,true,puma-response-string-512kb,puma-response-time-wrk,puma/benchmarks/local/response_time_wrk,https://github.com/puma/puma/blob/main/benchmarks/local/response_time_wrk.rb,raptor-12r,12,raptor,12,,5626,1000,5.014,5.0,1000,2404,2.012,2.0,19,true,5626,0,1122.028,9.313,17.993,39.004,1106.367,1128.387,74.996,74.996,52.64,20,20,51,same_worker,61,4040158
yjit-on/puma-response-io-512kb/raptor-12r/repeat-2,yjit-on,true,puma-response-io-512kb,puma-response-time-wrk,puma/benchmarks/local/response_time_wrk,https://github.com/puma/puma/blob/main/benchmarks/local/response_time_wrk.rb,raptor-12r,12,raptor,12,,3335,1000,5.042,5.0,1000,1507,3.997,2.0,19,true,3335,0,661.426,12.272,53.096,83.966,1896.362,1944.8,92.031,92.031,55.405,20,20,58,same_worker,115,5837722
yjit-on/puma-response-array-1024kb/raptor-12r/repeat-2,yjit-on,true,puma-response-array-1024kb,puma-response-time-wrk,puma/benchmarks/local/response_time_wrk,https://github.com/puma/puma/blob/main/benchmarks/local/response_time_wrk.rb,raptor-12r,12,raptor,12,,2943,1000,5.03,5.0,1000,1527,3.577,2.0,19,true,2943,0,585.101,18.871,44.217,95.997,2027.087,2072.878,92.055,92.055,61.22,20,20,44,same_worker,33,2109998
yjit-on/puma-response-chunk-1024kb/raptor-12r/repeat-2,yjit-on,true,puma-response-chunk-1024kb,puma-response-time-wrk,puma/benchmarks/local/response_time_wrk,https://github.com/puma/puma/blob/main/benchmarks/local/response_time_wrk.rb,raptor-12r,12,raptor,12,,2831,1000,5.039,5.0,1000,1520,3.306,2.0,19,true,2831,0,561.788,19.729,46.293,133.971,2084.932,2173.748,92.055,92.055,66.75,20,20,43,same_worker,32,2020654
yjit-on/puma-response-string-1024kb/raptor-12r/repeat-2,yjit-on,true,puma-response-string-1024kb,puma-response-time-wrk,puma/benchmarks/local/response_time_wrk,https://github.com/puma/puma/blob/main/benchmarks/local/response_time_wrk.rb,raptor-12r,12,raptor,12,,3858,1000,5.024,5.0,1000,1729,2.182,2.0,19,true,3858,0,767.893,14.029,29.221,60.33,1608.314,1621.471,98.922,98.922,67.92,20,20,47,same_worker,38,2775294
yjit-on/puma-response-io-1024kb/raptor-12r/repeat-2,yjit-on,true,puma-response-io-1024kb,puma-response-time-wrk,puma/benchmarks/local/response_time_wrk,https://github.com/puma/puma/blob/main/benchmarks/local/response_time_wrk.rb,raptor-12r,12,raptor,12,,2303,1000,5.061,5.0,1000,1311,3.591,2.0,19,true,2303,0,455.068,22.176,64.576,92.511,2623.677,2727.831,132.477,122.984,71.61,20,20,51,same_worker,89,6383845
yjit-on/puma-response-array-2048kb/raptor-12r/repeat-2,yjit-on,true,puma-response-array-2048kb,puma-response-time-wrk,puma/benchmarks/local/response_time_wrk,https://github.com/puma/puma/blob/main/benchmarks/local/response_time_wrk.rb,raptor-12r,12,raptor,12,,1719,1000,5.565,5.0,1000,1038,3.53,2.0,19,true,1719,0,308.885,37.404,52.586,84.775,3756.214,3772.957,122.984,122.984,77.36,20,20,40,same_worker,16,1235962
yjit-on/puma-response-chunk-2048kb/raptor-12r/repeat-2,yjit-on,true,puma-response-chunk-2048kb,puma-response-time-wrk,puma/benchmarks/local/response_time_wrk,https://github.com/puma/puma/blob/main/benchmarks/local/response_time_wrk.rb,raptor-12r,12,raptor,12,,1746,1000,5.534,5.0,1000,1001,3.328,2.0,19,true,1746,0,315.495,36.164,50.111,86.051,3695.753,3706.529,122.984,122.984,82.515,20,20,40,same_worker,17,1247843
yjit-on/puma-response-string-2048kb/raptor-12r/repeat-2,yjit-on,true,puma-response-string-2048kb,puma-response-time-wrk,puma/benchmarks/local/response_time_wrk,https://github.com/puma/puma/blob/main/benchmarks/local/response_time_wrk.rb,raptor-12r,12,raptor,12,,2102,1000,5.045,5.0,1000,1296,2.796,2.0,19,true,2102,0,416.676,28.844,34.624,58.762,2741.441,2752.864,150.66,150.66,82.875,20,20,37,same_worker,17,1499990
yjit-on/puma-response-io-2048kb/raptor-12r/repeat-2,yjit-on,true,puma-response-io-2048kb,puma-response-time-wrk,puma/benchmarks/local/response_time_wrk,https://github.com/puma/puma/blob/main/benchmarks/local/response_time_wrk.rb,raptor-12r,12,raptor,12,,1590,1000,6.644,5.0,1000,1000,4.317,2.0,19,true,1590,0,239.306,44.652,84.402,230.819,4602.647,4703.068,202.527,202.527,87.28,20,20,70,same_worker,113,7664195
yjit-on/puma-long-tail-fib-200ms-x6p0/raptor-12r/repeat-2,yjit-on,true,puma-long-tail-fib-200ms-x6p0,puma-long-tail-hey,puma/benchmarks/local/long_tail_hey + test/rackup/sleep_fibonacci,https://github.com/puma/puma/blob/main/benchmarks/local/long_tail_hey.rb,raptor-12r,12,raptor,12,,1440,1440,200.255,5.0,1000,1000,140.205,2.0,72,true,0,1440,0.0,,,,,,191.156,191.156,41.195,20,20,2760,unavailable,,
yjit-on/puma-long-tail-fib-200ms-x4p0/raptor-12r/repeat-2,yjit-on,true,puma-long-tail-fib-200ms-x4p0,puma-long-tail-hey,puma/benchmarks/local/long_tail_hey + test/rackup/sleep_fibonacci,https://github.com/puma/puma/blob/main/benchmarks/local/long_tail_hey.rb,raptor-12r,12,raptor,12,,960,960,5.022,5.0,960,960,5.022,2.0,48,true,0,960,0.0,,,,,,191.156,191.156,29.62,20,20,70,unavailable,,
yjit-on/puma-long-tail-fib-200ms-x3p0/raptor-12r/repeat-2,yjit-on,true,puma-long-tail-fib-200ms-x3p0,puma-long-tail-hey,puma/benchmarks/local/long_tail_hey + test/rackup/sleep_fibonacci,https://github.com/puma/puma/blob/main/benchmarks/local/long_tail_hey.rb,raptor-12r,12,raptor,12,,720,720,5.015,5.0,720,720,5.024,2.0,36,true,0,720,0.0,,,,,,191.156,191.156,25.625,20,20,71,unavailable,,
yjit-on/puma-long-tail-fib-200ms-x2p0/raptor-12r/repeat-2,yjit-on,true,puma-long-tail-fib-200ms-x2p0,puma-long-tail-hey,puma/benchmarks/local/long_tail_hey + test/rackup/sleep_fibonacci,https://github.com/puma/puma/blob/main/benchmarks/local/long_tail_hey.rb,raptor-12r,12,raptor,12,,480,480,5.015,5.0,480,480,5.012,2.0,24,true,0,480,0.0,,,,,,191.156,191.156,22.565,20,20,70,unavailable,,
yjit-on/puma-long-tail-fib-200ms-x1p5/raptor-12r/repeat-2,yjit-on,true,puma-long-tail-fib-200ms-x1p5,puma-long-tail-hey,puma/benchmarks/local/long_tail_hey + test/rackup/sleep_fibonacci,https://github.com/puma/puma/blob/main/benchmarks/local/long_tail_hey.rb,raptor-12r,12,raptor,12,,360,360,5.011,5.0,360,360,5.009,2.0,18,true,0,360,0.0,,,,,,191.156,191.156,20.165,20,20,71,unavailable,,
yjit-on/puma-long-tail-fib-200ms-x1p0/raptor-12r/repeat-2,yjit-on,true,puma-long-tail-fib-200ms-x1p0,puma-long-tail-hey,puma/benchmarks/local/long_tail_hey + test/rackup/sleep_fibonacci,https://github.com/puma/puma/blob/main/benchmarks/local/long_tail_hey.rb,raptor-12r,12,raptor,12,,240,240,5.009,5.0,240,240,5.008,2.0,12,true,0,240,0.0,,,,,,191.156,191.156,18.215,20,20,71,unavailable,,
yjit-on/puma-long-tail-fib-200ms-x0p5/raptor-12r/repeat-2,yjit-on,true,puma-long-tail-fib-200ms-x0p5,puma-long-tail-hey,puma/benchmarks/local/long_tail_hey + test/rackup/sleep_fibonacci,https://github.com/puma/puma/blob/main/benchmarks/local/long_tail_hey.rb,raptor-12r,12,raptor,12,,120,120,5.007,5.0,120,120,5.007,2.0,6,true,0,120,0.0,,,,,,191.156,191.156,16.61,20,20,71,unavailable,,
yjit-on/puma-sleep-fibonacci-1ms/raptor-12r/repeat-2,yjit-on,true,puma-sleep-fibonacci-1ms,puma-sleep-fibonacci-test,puma/benchmarks/local/sleep_fibonacci_test + test/rackup/sleep_fibonacci,https://github.com/puma/puma/blob/main/benchmarks/local/sleep_fibonacci_test.rb,raptor-12r,12,raptor,12,,10,10,5.006,5.0,10,10,5.006,2.0,1,true,0,10,0.0,,,,,,191.156,191.156,15.3,20,20,70,unavailable,,
yjit-on/puma-sleep-fibonacci-5ms/raptor-12r/repeat-2,yjit-on,true,puma-sleep-fibonacci-5ms,puma-sleep-fibonacci-test,puma/benchmarks/local/sleep_fibonacci_test + test/rackup/sleep_fibonacci,https://github.com/puma/puma/blob/main/benchmarks/local/sleep_fibonacci_test.rb,raptor-12r,12,raptor,12,,10,10,5.006,5.0,10,10,5.006,2.0,1,true,0,10,0.0,,,,,,191.156,191.156,14.135,20,20,71,unavailable,,
yjit-on/puma-sleep-fibonacci-10ms/raptor-12r/repeat-2,yjit-on,true,puma-sleep-fibonacci-10ms,puma-sleep-fibonacci-test,puma/benchmarks/local/sleep_fibonacci_test + test/rackup/sleep_fibonacci,https://github.com/puma/puma/blob/main/benchmarks/local/sleep_fibonacci_test.rb,raptor-12r,12,raptor,12,,10,10,5.006,5.0,10,10,5.006,2.0,1,true,0,10,0.0,,,,,,191.156,191.156,13.18,20,20,71,unavailable,,
yjit-on/puma-sleep-fibonacci-50ms/raptor-12r/repeat-2,yjit-on,true,puma-sleep-fibonacci-50ms,puma-sleep-fibonacci-test,puma/benchmarks/local/sleep_fibonacci_test + test/rackup/sleep_fibonacci,https://github.com/puma/puma/blob/main/benchmarks/local/sleep_fibonacci_test.rb,raptor-12r,12,raptor,12,,10,10,5.006,5.0,10,10,5.006,2.0,1,true,0,10,0.0,,,,,,191.156,191.156,12.3,20,20,71,unavailable,,
yjit-on/puma-sleep-fibonacci-100ms/raptor-12r/repeat-2,yjit-on,true,puma-sleep-fibonacci-100ms,puma-sleep-fibonacci-test,puma/benchmarks/local/sleep_fibonacci_test + test/rackup/sleep_fibonacci,https://github.com/puma/puma/blob/main/benchmarks/local/sleep_fibonacci_test.rb,raptor-12r,12,raptor,12,,10,10,5.006,5.0,10,10,5.006,2.0,1,true,0,10,0.0,,,,,,191.156,191.156,11.57,20,20,70,unavailable,,
yjit-on/puma-sleep-fibonacci-200ms/raptor-12r/repeat-2,yjit-on,true,puma-sleep-fibonacci-200ms,puma-sleep-fibonacci-test,puma/benchmarks/local/sleep_fibonacci_test + test/rackup/sleep_fibonacci,https://github.com/puma/puma/blob/main/benchmarks/local/sleep_fibonacci_test.rb,raptor-12r,12,raptor,12,,10,10,5.006,5.0,10,10,5.006,2.0,1,true,0,10,0.0,,,,,,191.156,191.156,10.9,20,20,71,unavailable,,
yjit-on/puma-response-array-1kb/raptor-12r/repeat-3,yjit-on,true,puma-response-array-1kb,puma-response-time-wrk,puma/benchmarks/local/response_time_wrk,https://github.com/puma/puma/blob/main/benchmarks/local/response_time_wrk.rb,raptor-12r,12,raptor,12,,1691,1000,6.166,5.0,1000,1000,4.412,2.0,19,true,1691,0,274.258,41.009,42.407,43.748,4061.372,4063.013,36.746,36.746,17.005,20,20,86,same_worker,25,1218506
yjit-on/puma-response-chunk-1kb/raptor-12r/repeat-3,yjit-on,true,puma-response-chunk-1kb,puma-response-time-wrk,puma/benchmarks/local/response_time_wrk,https://github.com/puma/puma/blob/main/benchmarks/local/response_time_wrk.rb,raptor-12r,12,raptor,12,,1691,1000,6.167,5.0,1000,1000,4.314,2.0,19,true,1691,0,274.212,40.998,42.423,44.951,4056.755,4060.298,37.988,37.988,12.775,20,20,86,same_worker,20,1214113
yjit-on/puma-response-string-1kb/raptor-12r/repeat-3,yjit-on,true,puma-response-string-1kb,puma-response-time-wrk,puma/benchmarks/local/response_time_wrk,https://github.com/puma/puma/blob/main/benchmarks/local/response_time_wrk.rb,raptor-12r,12,raptor,12,,1688,1000,6.183,5.0,1000,1000,4.295,2.0,19,true,1688,0,273.012,41.083,42.677,44.237,4076.343,4079.654,38.609,38.609,11.64,20,20,86,same_worker,19,1212041
yjit-on/puma-response-io-1kb/raptor-12r/repeat-3,yjit-on,true,puma-response-io-1kb,puma-response-time-wrk,puma/benchmarks/local/response_time_wrk,https://github.com/puma/puma/blob/main/benchmarks/local/response_time_wrk.rb,raptor-12r,12,raptor,12,,1691,1000,6.182,5.0,1000,1000,4.341,2.0,19,true,1691,0,273.534,41.009,42.634,44.135,4061.197,4072.768,39.121,39.121,11.27,20,20,87,same_worker,17,1230718
yjit-on/puma-response-array-10kb/raptor-12r/repeat-3,yjit-on,true,puma-response-array-10kb,puma-response-time-wrk,puma/benchmarks/local/response_time_wrk,https://github.com/puma/puma/blob/main/benchmarks/local/response_time_wrk.rb,raptor-12r,12,raptor,12,,1690,1000,6.168,5.0,1000,1000,4.288,2.0,19,true,1690,0,273.997,41.003,42.479,44.221,4058.635,4061.901,39.414,39.414,10.935,20,20,87,same_worker,17,1213098
yjit-on/puma-response-chunk-10kb/raptor-12r/repeat-3,yjit-on,true,puma-response-chunk-10kb,puma-response-time-wrk,puma/benchmarks/local/response_time_wrk,https://github.com/puma/puma/blob/main/benchmarks/local/response_time_wrk.rb,raptor-12r,12,raptor,12,,1691,1000,6.157,5.0,1000,1000,4.298,2.0,19,true,1691,0,274.649,40.991,42.205,43.273,4044.74,4050.288,39.461,39.461,10.685,20,20,86,same_worker,18,1211864
yjit-on/puma-response-string-10kb/raptor-12r/repeat-3,yjit-on,true,puma-response-string-10kb,puma-response-time-wrk,puma/benchmarks/local/response_time_wrk,https://github.com/puma/puma/blob/main/benchmarks/local/response_time_wrk.rb,raptor-12r,12,raptor,12,,1691,1000,6.193,5.0,1000,1000,4.299,2.0,19,true,1691,0,273.056,41.106,42.707,44.253,4063.493,4065.718,39.543,39.543,10.49,20,20,87,same_worker,17,1214160
yjit-on/puma-response-io-10kb/raptor-12r/repeat-3,yjit-on,true,puma-response-io-10kb,puma-response-time-wrk,puma/benchmarks/local/response_time_wrk,https://github.com/puma/puma/blob/main/benchmarks/local/response_time_wrk.rb,raptor-12r,12,raptor,12,,1690,1000,6.19,5.0,1000,1000,4.323,2.0,19,true,1690,0,273.036,40.996,42.447,45.447,4063.805,4081.429,40.547,40.547,10.465,20,20,86,same_worker,18,1253949
yjit-on/puma-response-array-100kb/raptor-12r/repeat-3,yjit-on,true,puma-response-array-100kb,puma-response-time-wrk,puma/benchmarks/local/response_time_wrk,https://github.com/puma/puma/blob/main/benchmarks/local/response_time_wrk.rb,raptor-12r,12,raptor,12,,2003,1000,5.057,5.0,1000,1212,4.156,2.0,19,true,2003,0,396.11,40.969,41.982,47.943,2560.982,2629.178,40.586,40.586,11.295,20,20,71,same_worker,21,1427261
yjit-on/puma-response-chunk-100kb/raptor-12r/repeat-3,yjit-on,true,puma-response-chunk-100kb,puma-response-time-wrk,puma/benchmarks/local/response_time_wrk,https://github.com/puma/puma/blob/main/benchmarks/local/response_time_wrk.rb,raptor-12r,12,raptor,12,,2630,1000,5.049,5.0,1000,3158,2.01,2.0,19,true,2630,0,520.884,40.723,41.98,267.238,3466.282,3546.943,40.598,40.598,14.25,20,20,69,same_worker,29,1887894
yjit-on/puma-response-string-100kb/raptor-12r/repeat-3,yjit-on,true,puma-response-string-100kb,puma-response-time-wrk,puma/benchmarks/local/response_time_wrk,https://github.com/puma/puma/blob/main/benchmarks/local/response_time_wrk.rb,raptor-12r,12,raptor,12,,11868,1000,5.007,5.0,1000,4930,2.007,2.0,19,true,11868,0,2370.162,4.936,6.389,10.585,496.305,503.653,42.434,42.434,17.825,20,20,60,same_worker,132,8537719
yjit-on/puma-response-io-100kb/raptor-12r/repeat-3,yjit-on,true,puma-response-io-100kb,puma-response-time-wrk,puma/benchmarks/local/response_time_wrk,https://github.com/puma/puma/blob/main/benchmarks/local/response_time_wrk.rb,raptor-12r,12,raptor,12,,3817,1000,5.062,5.0,1000,1405,4.073,2.0,19,true,3817,0,754.006,5.996,41.975,63.396,2800.229,3003.589,53.992,53.992,21.205,20,20,68,same_worker,59,3526847
yjit-on/puma-response-array-256kb/raptor-12r/repeat-3,yjit-on,true,puma-response-array-256kb,puma-response-time-wrk,puma/benchmarks/local/response_time_wrk,https://github.com/puma/puma/blob/main/benchmarks/local/response_time_wrk.rb,raptor-12r,12,raptor,12,,6795,1000,5.013,5.0,1000,1205,4.022,2.0,19,true,6795,0,1355.367,7.74,13.281,55.451,812.091,950.957,53.992,53.992,24.49,20,20,55,same_worker,78,4879964
yjit-on/puma-response-chunk-256kb/raptor-12r/repeat-3,yjit-on,true,puma-response-chunk-256kb,puma-response-time-wrk,puma/benchmarks/local/response_time_wrk,https://github.com/puma/puma/blob/main/benchmarks/local/response_time_wrk.rb,raptor-12r,12,raptor,12,,4314,1000,5.017,5.0,1000,1991,2.023,2.0,19,true,4314,0,859.958,8.075,42.471,60.467,2104.252,2186.263,53.992,53.992,29.385,20,20,63,same_worker,51,3093514
yjit-on/puma-response-string-256kb/raptor-12r/repeat-3,yjit-on,true,puma-response-string-256kb,puma-response-time-wrk,puma/benchmarks/local/response_time_wrk,https://github.com/puma/puma/blob/main/benchmarks/local/response_time_wrk.rb,raptor-12r,12,raptor,12,,8535,1000,5.013,5.0,1000,3317,2.01,2.0,19,true,8535,0,1702.536,6.342,10.774,34.854,686.026,713.285,54.129,54.129,32.515,20,20,57,same_worker,101,6128621
yjit-on/puma-response-io-256kb/raptor-12r/repeat-3,yjit-on,true,puma-response-io-256kb,puma-response-time-wrk,puma/benchmarks/local/response_time_wrk,https://github.com/puma/puma/blob/main/benchmarks/local/response_time_wrk.rb,raptor-12r,12,raptor,12,,2137,1000,5.051,5.0,1000,1255,4.156,2.0,19,true,2137,0,423.045,41.921,43.224,63.771,2788.306,2818.511,69.766,69.766,33.96,20,20,69,same_worker,50,2637220
yjit-on/puma-response-array-512kb/raptor-12r/repeat-3,yjit-on,true,puma-response-array-512kb,puma-response-time-wrk,puma/benchmarks/local/response_time_wrk,https://github.com/puma/puma/blob/main/benchmarks/local/response_time_wrk.rb,raptor-12r,12,raptor,12,,4572,1000,5.041,5.0,1000,1893,2.021,2.0,19,true,4572,0,907.045,11.88,19.835,60.437,1252.553,1296.594,69.766,69.766,38.53,20,20,50,same_worker,57,3291896
yjit-on/puma-response-chunk-512kb/raptor-12r/repeat-3,yjit-on,true,puma-response-chunk-512kb,puma-response-time-wrk,puma/benchmarks/local/response_time_wrk,https://github.com/puma/puma/blob/main/benchmarks/local/response_time_wrk.rb,raptor-12r,12,raptor,12,,4457,1000,5.019,5.0,1000,1845,2.028,2.0,19,true,4457,0,887.964,12.294,20.038,65.034,1324.374,1360.471,69.766,69.766,44.63,20,20,49,same_worker,55,3186898
yjit-on/puma-response-string-512kb/raptor-12r/repeat-3,yjit-on,true,puma-response-string-512kb,puma-response-time-wrk,puma/benchmarks/local/response_time_wrk,https://github.com/puma/puma/blob/main/benchmarks/local/response_time_wrk.rb,raptor-12r,12,raptor,12,,5937,1000,5.013,5.0,1000,2341,2.016,2.0,19,true,5937,0,1184.31,8.914,15.227,38.485,1026.406,1034.585,71.336,71.336,47.025,20,20,52,same_worker,77,4267105
yjit-on/puma-response-io-512kb/raptor-12r/repeat-3,yjit-on,true,puma-response-io-512kb,puma-response-time-wrk,puma/benchmarks/local/response_time_wrk,https://github.com/puma/puma/blob/main/benchmarks/local/response_time_wrk.rb,raptor-12r,12,raptor,12,,3061,1000,5.054,5.0,1000,1554,3.858,2.0,19,true,3061,0,605.676,12.64,52.384,142.97,1743.758,1912.846,91.766,88.922,50.33,20,20,60,same_worker,118,5353467
yjit-on/puma-response-array-1024kb/raptor-12r/repeat-3,yjit-on,true,puma-response-array-1024kb,puma-response-time-wrk,puma/benchmarks/local/response_time_wrk,https://github.com/puma/puma/blob/main/benchmarks/local/response_time_wrk.rb,raptor-12r,12,raptor,12,,2875,1000,5.058,5.0,1000,1537,3.105,2.0,19,true,2875,0,568.386,18.997,47.294,90.055,2079.574,2133.244,88.926,88.926,55.8,20,20,44,same_worker,37,2057335
yjit-on/puma-response-chunk-1024kb/raptor-12r/repeat-3,yjit-on,true,puma-response-chunk-1024kb,puma-response-time-wrk,puma/benchmarks/local/response_time_wrk,https://github.com/puma/puma/blob/main/benchmarks/local/response_time_wrk.rb,raptor-12r,12,raptor,12,,2837,1000,5.045,5.0,1000,1522,3.589,2.0,19,true,2837,0,562.375,19.522,46.724,84.497,2082.799,2129.235,88.926,88.926,61.385,20,20,44,same_worker,37,2028866
yjit-on/puma-response-string-1024kb/raptor-12r/repeat-3,yjit-on,true,puma-response-string-1024kb,puma-response-time-wrk,puma/benchmarks/local/response_time_wrk,https://github.com/puma/puma/blob/main/benchmarks/local/response_time_wrk.rb,raptor-12r,12,raptor,12,,3850,1000,5.025,5.0,1000,1721,2.23,2.0,19,true,3850,0,766.11,14.26,28.851,50.071,1582.764,1591.804,99.297,99.297,62.765,20,20,47,same_worker,51,2763760
yjit-on/puma-response-io-1024kb/raptor-12r/repeat-3,yjit-on,true,puma-response-io-1024kb,puma-response-time-wrk,puma/benchmarks/local/response_time_wrk,https://github.com/puma/puma/blob/main/benchmarks/local/response_time_wrk.rb,raptor-12r,12,raptor,12,,2332,1000,5.029,5.0,1000,1277,4.106,2.0,19,true,2332,0,463.749,22.389,64.523,89.039,2532.889,2575.197,120.672,118.988,66.365,20,20,51,same_worker,98,6467898
yjit-on/puma-response-array-2048kb/raptor-12r/repeat-3,yjit-on,true,puma-response-array-2048kb,puma-response-time-wrk,puma/benchmarks/local/response_time_wrk,https://github.com/puma/puma/blob/main/benchmarks/local/response_time_wrk.rb,raptor-12r,12,raptor,12,,1732,1000,5.573,5.0,1000,1006,3.511,2.0,19,true,1732,0,310.781,36.947,52.884,85.143,3785.781,3845.953,118.988,118.988,72.25,20,20,40,same_worker,15,1244414
yjit-on/puma-response-chunk-2048kb/raptor-12r/repeat-3,yjit-on,true,puma-response-chunk-2048kb,puma-response-time-wrk,puma/benchmarks/local/response_time_wrk,https://github.com/puma/puma/blob/main/benchmarks/local/response_time_wrk.rb,raptor-12r,12,raptor,12,,1730,1000,5.624,5.0,1000,1022,3.337,2.0,19,true,1730,0,307.612,36.913,53.369,115.469,3755.442,3765.945,119.0,119.0,77.555,20,20,40,same_worker,16,1239276
yjit-on/puma-response-string-2048kb/raptor-12r/repeat-3,yjit-on,true,puma-response-string-2048kb,puma-response-time-wrk,puma/benchmarks/local/response_time_wrk,https://github.com/puma/puma/blob/main/benchmarks/local/response_time_wrk.rb,raptor-12r,12,raptor,12,,2481,1000,5.044,5.0,1000,1204,2.774,2.0,19,true,2481,0,491.843,22.704,36.67,59.208,2612.842,2623.104,148.34,148.34,78.075,20,20,40,same_worker,22,1783874
yjit-on/puma-response-io-2048kb/raptor-12r/repeat-3,yjit-on,true,puma-response-io-2048kb,puma-response-time-wrk,puma/benchmarks/local/response_time_wrk,https://github.com/puma/puma/blob/main/benchmarks/local/response_time_wrk.rb,raptor-12r,12,raptor,12,,1592,1000,6.453,5.0,1000,1000,4.523,2.0,19,true,1592,0,246.719,43.117,82.159,256.56,4594.502,4629.209,186.109,182.168,82.55,20,20,67,same_worker,114,7675363
yjit-on/puma-long-tail-fib-200ms-x6p0/raptor-12r/repeat-3,yjit-on,true,puma-long-tail-fib-200ms-x6p0,puma-long-tail-hey,puma/benchmarks/local/long_tail_hey + test/rackup/sleep_fibonacci,https://github.com/puma/puma/blob/main/benchmarks/local/long_tail_hey.rb,raptor-12r,12,raptor,12,,1440,1440,200.254,5.0,1000,1000,140.204,2.0,72,true,0,1440,0.0,,,,,,182.844,182.844,39.7,20,20,2770,unavailable,,
yjit-on/puma-long-tail-fib-200ms-x4p0/raptor-12r/repeat-3,yjit-on,true,puma-long-tail-fib-200ms-x4p0,puma-long-tail-hey,puma/benchmarks/local/long_tail_hey + test/rackup/sleep_fibonacci,https://github.com/puma/puma/blob/main/benchmarks/local/long_tail_hey.rb,raptor-12r,12,raptor,12,,960,960,5.019,5.0,960,960,5.023,2.0,48,true,0,960,0.0,,,,,,182.844,182.844,28.635,20,20,70,unavailable,,
yjit-on/puma-long-tail-fib-200ms-x3p0/raptor-12r/repeat-3,yjit-on,true,puma-long-tail-fib-200ms-x3p0,puma-long-tail-hey,puma/benchmarks/local/long_tail_hey + test/rackup/sleep_fibonacci,https://github.com/puma/puma/blob/main/benchmarks/local/long_tail_hey.rb,raptor-12r,12,raptor,12,,720,720,5.015,5.0,720,720,5.019,2.0,36,true,0,720,0.0,,,,,,182.844,182.844,24.77,20,20,71,unavailable,,
yjit-on/puma-long-tail-fib-200ms-x2p0/raptor-12r/repeat-3,yjit-on,true,puma-long-tail-fib-200ms-x2p0,puma-long-tail-hey,puma/benchmarks/local/long_tail_hey + test/rackup/sleep_fibonacci,https://github.com/puma/puma/blob/main/benchmarks/local/long_tail_hey.rb,raptor-12r,12,raptor,12,,480,480,5.012,5.0,480,480,5.011,2.0,24,true,0,480,0.0,,,,,,182.844,182.844,21.845,20,20,70,unavailable,,
yjit-on/puma-long-tail-fib-200ms-x1p5/raptor-12r/repeat-3,yjit-on,true,puma-long-tail-fib-200ms-x1p5,puma-long-tail-hey,puma/benchmarks/local/long_tail_hey + test/rackup/sleep_fibonacci,https://github.com/puma/puma/blob/main/benchmarks/local/long_tail_hey.rb,raptor-12r,12,raptor,12,,360,360,5.012,5.0,360,360,5.009,2.0,18,true,0,360,0.0,,,,,,182.844,182.844,19.53,20,20,71,unavailable,,
yjit-on/puma-long-tail-fib-200ms-x1p0/raptor-12r/repeat-3,yjit-on,true,puma-long-tail-fib-200ms-x1p0,puma-long-tail-hey,puma/benchmarks/local/long_tail_hey + test/rackup/sleep_fibonacci,https://github.com/puma/puma/blob/main/benchmarks/local/long_tail_hey.rb,raptor-12r,12,raptor,12,,240,240,5.008,5.0,240,240,5.008,2.0,12,true,0,240,0.0,,,,,,182.844,182.844,17.67,20,20,70,unavailable,,
yjit-on/puma-long-tail-fib-200ms-x0p5/raptor-12r/repeat-3,yjit-on,true,puma-long-tail-fib-200ms-x0p5,puma-long-tail-hey,puma/benchmarks/local/long_tail_hey + test/rackup/sleep_fibonacci,https://github.com/puma/puma/blob/main/benchmarks/local/long_tail_hey.rb,raptor-12r,12,raptor,12,,120,120,5.008,5.0,120,120,5.007,2.0,6,true,0,120,0.0,,,,,,182.844,182.844,16.1,20,20,70,unavailable,,
yjit-on/puma-sleep-fibonacci-1ms/raptor-12r/repeat-3,yjit-on,true,puma-sleep-fibonacci-1ms,puma-sleep-fibonacci-test,puma/benchmarks/local/sleep_fibonacci_test + test/rackup/sleep_fibonacci,https://github.com/puma/puma/blob/main/benchmarks/local/sleep_fibonacci_test.rb,raptor-12r,12,raptor,12,,10,10,5.006,5.0,10,10,5.006,2.0,1,true,0,10,0.0,,,,,,182.844,182.844,14.805,20,20,70,unavailable,,
yjit-on/puma-sleep-fibonacci-5ms/raptor-12r/repeat-3,yjit-on,true,puma-sleep-fibonacci-5ms,puma-sleep-fibonacci-test,puma/benchmarks/local/sleep_fibonacci_test + test/rackup/sleep_fibonacci,https://github.com/puma/puma/blob/main/benchmarks/local/sleep_fibonacci_test.rb,raptor-12r,12,raptor,12,,10,10,5.006,5.0,10,10,5.006,2.0,1,true,0,10,0.0,,,,,,182.844,182.844,13.7,20,20,70,unavailable,,
yjit-on/puma-sleep-fibonacci-10ms/raptor-12r/repeat-3,yjit-on,true,puma-sleep-fibonacci-10ms,puma-sleep-fibonacci-test,puma/benchmarks/local/sleep_fibonacci_test + test/rackup/sleep_fibonacci,https://github.com/puma/puma/blob/main/benchmarks/local/sleep_fibonacci_test.rb,raptor-12r,12,raptor,12,,10,10,5.004,5.0,10,10,5.006,2.0,1,true,0,10,0.0,,,,,,182.844,182.844,12.8,20,20,70,unavailable,,
yjit-on/puma-sleep-fibonacci-50ms/raptor-12r/repeat-3,yjit-on,true,puma-sleep-fibonacci-50ms,puma-sleep-fibonacci-test,puma/benchmarks/local/sleep_fibonacci_test + test/rackup/sleep_fibonacci,https://github.com/puma/puma/blob/main/benchmarks/local/sleep_fibonacci_test.rb,raptor-12r,12,raptor,12,,10,10,5.006,5.0,10,10,5.006,2.0,1,true,0,10,0.0,,,,,,182.844,182.844,11.945,20,20,70,unavailable,,
yjit-on/puma-sleep-fibonacci-100ms/raptor-12r/repeat-3,yjit-on,true,puma-sleep-fibonacci-100ms,puma-sleep-fibonacci-test,puma/benchmarks/local/sleep_fibonacci_test + test/rackup/sleep_fibonacci,https://github.com/puma/puma/blob/main/benchmarks/local/sleep_fibonacci_test.rb,raptor-12r,12,raptor,12,,10,10,5.006,5.0,10,10,5.003,2.0,1,true,0,10,0.0,,,,,,182.844,182.844,11.2,20,20,70,unavailable,,
yjit-on/puma-sleep-fibonacci-200ms/raptor-12r/repeat-3,yjit-on,true,puma-sleep-fibonacci-200ms,puma-sleep-fibonacci-test,puma/benchmarks/local/sleep_fibonacci_test + test/rackup/sleep_fibonacci,https://github.com/puma/puma/blob/main/benchmarks/local/sleep_fibonacci_test.rb,raptor-12r,12,raptor,12,,10,10,5.006,5.0,10,10,5.006,2.0,1,true,0,10,0.0,,,,,,182.844,182.844,10.6,20,20,71,unavailable,,
yjit-on/puma-response-array-1kb/puma-4w-3t/repeat-1,yjit-on,true,puma-response-array-1kb,puma-response-time-wrk,puma/benchmarks/local/response_time_wrk,https://github.com/puma/puma/blob/main/benchmarks/local/response_time_wrk.rb,puma-4w-3t,12,puma,4,3,15633,1000,5.005,5.0,1000,6116,2.005,2.0,19,true,15633,0,3123.56,5.876,7.192,8.128,12.221,13.537,248.191,248.191,101.6,20,20,58,multiprocess_sample_only,,
yjit-on/puma-response-chunk-1kb/puma-4w-3t/repeat-1,yjit-on,true,puma-response-chunk-1kb,puma-response-time-wrk,puma/benchmarks/local/response_time_wrk,https://github.com/puma/puma/blob/main/benchmarks/local/response_time_wrk.rb,puma-4w-3t,12,puma,4,3,15145,1000,5.006,5.0,1000,6177,2.006,2.0,19,true,15145,0,3025.361,6.101,7.395,8.227,10.168,11.909,266.164,265.699,90.81,20,20,58,multiprocess_sample_only,,
yjit-on/puma-response-string-1kb/puma-4w-3t/repeat-1,yjit-on,true,puma-response-string-1kb,puma-response-time-wrk,puma/benchmarks/local/response_time_wrk,https://github.com/puma/puma/blob/main/benchmarks/local/response_time_wrk.rb,puma-4w-3t,12,puma,4,3,15525,1000,5.006,5.0,1000,6417,2.005,2.0,19,true,15525,0,3101.267,5.967,7.195,8.082,9.359,11.007,279.633,279.293,87.58,20,20,58,multiprocess_sample_only,,
yjit-on/puma-response-io-1kb/puma-4w-3t/repeat-1,yjit-on,true,puma-response-io-1kb,puma-response-time-wrk,puma/benchmarks/local/response_time_wrk,https://github.com/puma/puma/blob/main/benchmarks/local/response_time_wrk.rb,puma-4w-3t,12,puma,4,3,14901,1000,5.005,5.0,1000,5990,2.006,2.0,19,true,14901,0,2977.268,6.225,7.467,8.299,9.944,12.422,287.332,287.332,88.125,20,20,57,multiprocess_sample_only,,
yjit-on/puma-response-array-10kb/puma-4w-3t/repeat-1,yjit-on,true,puma-response-array-10kb,puma-response-time-wrk,puma/benchmarks/local/response_time_wrk,https://github.com/puma/puma/blob/main/benchmarks/local/response_time_wrk.rb,puma-4w-3t,12,puma,4,3,15210,1000,5.006,5.0,1000,6095,2.005,2.0,19,true,15210,0,3038.395,6.079,7.407,8.149,8.823,9.961,317.262,316.891,88.33,20,20,58,multiprocess_sample_only,,
yjit-on/puma-response-chunk-10kb/puma-4w-3t/repeat-1,yjit-on,true,puma-response-chunk-10kb,puma-response-time-wrk,puma/benchmarks/local/response_time_wrk,https://github.com/puma/puma/blob/main/benchmarks/local/response_time_wrk.rb,puma-4w-3t,12,puma,4,3,12634,1000,5.008,5.0,1000,5277,2.006,2.0,19,true,12634,0,2522.635,7.381,8.838,9.627,11.408,11.885,319.383,316.371,87.465,20,20,56,multiprocess_sample_only,,
yjit-on/puma-response-string-10kb/puma-4w-3t/repeat-1,yjit-on,true,puma-response-string-10kb,puma-response-time-wrk,puma/benchmarks/local/response_time_wrk,https://github.com/puma/puma/blob/main/benchmarks/local/response_time_wrk.rb,puma-4w-3t,12,puma,4,3,14822,1000,5.006,5.0,1000,6131,2.006,2.0,19,true,14822,0,2960.632,6.212,7.627,9.729,12.233,13.072,328.512,324.953,86.87,20,20,57,multiprocess_sample_only,,
yjit-on/puma-response-io-10kb/puma-4w-3t/repeat-1,yjit-on,true,puma-response-io-10kb,puma-response-time-wrk,puma/benchmarks/local/response_time_wrk,https://github.com/puma/puma/blob/main/benchmarks/local/response_time_wrk.rb,puma-4w-3t,12,puma,4,3,15006,1000,5.005,5.0,1000,6012,2.005,2.0,19,true,15006,0,2998.036,6.181,7.362,8.219,9.387,11.409,342.73,341.969,87.34,20,20,57,multiprocess_sample_only,,
yjit-on/puma-response-array-100kb/puma-4w-3t/repeat-1,yjit-on,true,puma-response-array-100kb,puma-response-time-wrk,puma/benchmarks/local/response_time_wrk,https://github.com/puma/puma/blob/main/benchmarks/local/response_time_wrk.rb,puma-4w-3t,12,puma,4,3,11492,1000,5.007,5.0,1000,4738,2.007,2.0,19,true,11492,0,2295.103,8.016,9.919,11.531,13.645,15.019,433.527,382.898,87.025,20,20,55,multiprocess_sample_only,,
yjit-on/puma-response-chunk-100kb/puma-4w-3t/repeat-1,yjit-on,true,puma-response-chunk-100kb,puma-response-time-wrk,puma/benchmarks/local/response_time_wrk,https://github.com/puma/puma/blob/main/benchmarks/local/response_time_wrk.rb,puma-4w-3t,12,puma,4,3,5830,1000,5.015,5.0,1000,2410,2.013,2.0,19,true,5830,0,1162.507,16.144,18.467,20.645,24.744,25.096,399.211,398.613,85.955,20,20,47,multiprocess_sample_only,,
yjit-on/puma-response-string-100kb/puma-4w-3t/repeat-1,yjit-on,true,puma-response-string-100kb,puma-response-time-wrk,puma/benchmarks/local/response_time_wrk,https://github.com/puma/puma/blob/main/benchmarks/local/response_time_wrk.rb,puma-4w-3t,12,puma,4,3,11821,1000,5.006,5.0,1000,4704,2.007,2.0,19,true,11821,0,2361.288,7.892,9.114,10.203,12.709,13.755,418.57,408.625,84.855,20,20,55,multiprocess_sample_only,,
yjit-on/puma-response-io-100kb/puma-4w-3t/repeat-1,yjit-on,true,puma-response-io-100kb,puma-response-time-wrk,puma/benchmarks/local/response_time_wrk,https://github.com/puma/puma/blob/main/benchmarks/local/response_time_wrk.rb,puma-4w-3t,12,puma,4,3,11704,1000,5.007,5.0,1000,4830,2.025,2.0,19,true,11704,0,2337.578,7.918,9.237,11.941,19.585,49.774,348.273,347.496,84.01,20,20,55,multiprocess_sample_only,,
yjit-on/puma-response-array-256kb/puma-4w-3t/repeat-1,yjit-on,true,puma-response-array-256kb,puma-response-time-wrk,puma/benchmarks/local/response_time_wrk,https://github.com/puma/puma/blob/main/benchmarks/local/response_time_wrk.rb,puma-4w-3t,12,puma,4,3,8291,1000,5.009,5.0,1000,3362,2.01,2.0,19,true,8291,0,1655.294,10.522,14.084,38.388,39.946,40.629,477.891,443.672,83.955,20,20,50,multiprocess_sample_only,,
yjit-on/puma-response-chunk-256kb/puma-4w-3t/repeat-1,yjit-on,true,puma-response-chunk-256kb,puma-response-time-wrk,puma/benchmarks/local/response_time_wrk,https://github.com/puma/puma/blob/main/benchmarks/local/response_time_wrk.rb,puma-4w-3t,12,puma,4,3,3138,1000,5.029,5.0,1000,1246,2.026,2.0,19,true,3138,0,623.925,30.25,33.286,35.408,39.414,43.857,445.414,439.207,83.375,20,20,36,multiprocess_sample_only,,
yjit-on/puma-response-string-256kb/puma-4w-3t/repeat-1,yjit-on,true,puma-response-string-256kb,puma-response-time-wrk,puma/benchmarks/local/response_time_wrk,https://github.com/puma/puma/blob/main/benchmarks/local/response_time_wrk.rb,puma-4w-3t,12,puma,4,3,8474,1000,5.01,5.0,1000,3473,2.008,2.0,19,true,8474,0,1691.502,10.155,14.252,38.878,41.654,42.9,394.707,372.602,82.27,20,20,50,multiprocess_sample_only,,
yjit-on/puma-response-io-256kb/puma-4w-3t/repeat-1,yjit-on,true,puma-response-io-256kb,puma-response-time-wrk,puma/benchmarks/local/response_time_wrk,https://github.com/puma/puma/blob/main/benchmarks/local/response_time_wrk.rb,puma-4w-3t,12,puma,4,3,8719,1000,5.009,5.0,1000,3602,2.008,2.0,19,true,8719,0,1740.699,9.893,13.71,37.02,38.871,55.29,377.742,377.742,80.945,20,20,50,multiprocess_sample_only,,
yjit-on/puma-response-array-512kb/puma-4w-3t/repeat-1,yjit-on,true,puma-response-array-512kb,puma-response-time-wrk,puma/benchmarks/local/response_time_wrk,https://github.com/puma/puma/blob/main/benchmarks/local/response_time_wrk.rb,puma-4w-3t,12,puma,4,3,6202,1000,5.014,5.0,1000,2527,2.04,2.0,19,true,6202,0,1237.016,13.849,20.578,42.936,46.23,49.087,543.426,528.457,80.745,20,20,46,multiprocess_sample_only,,
yjit-on/puma-response-chunk-512kb/puma-4w-3t/repeat-1,yjit-on,true,puma-response-chunk-512kb,puma-response-time-wrk,puma/benchmarks/local/response_time_wrk,https://github.com/puma/puma/blob/main/benchmarks/local/response_time_wrk.rb,puma-4w-3t,12,puma,4,3,1805,1000,5.051,5.0,1000,1000,2.787,2.0,19,true,1805,0,357.345,52.825,57.414,59.533,61.202,62.626,493.656,488.266,80.35,20,20,27,multiprocess_sample_only,,
yjit-on/puma-response-string-512kb/puma-4w-3t/repeat-1,yjit-on,true,puma-response-string-512kb,puma-response-time-wrk,puma/benchmarks/local/response_time_wrk,https://github.com/puma/puma/blob/main/benchmarks/local/response_time_wrk.rb,puma-4w-3t,12,puma,4,3,6304,1000,5.012,5.0,1000,2512,2.012,2.0,19,true,6304,0,1257.853,13.59,19.091,44.192,50.973,52.594,428.438,402.852,79.365,20,20,46,multiprocess_sample_only,,
yjit-on/puma-response-io-512kb/puma-4w-3t/repeat-1,yjit-on,true,puma-response-io-512kb,puma-response-time-wrk,puma/benchmarks/local/response_time_wrk,https://github.com/puma/puma/blob/main/benchmarks/local/response_time_wrk.rb,puma-4w-3t,12,puma,4,3,6352,1000,5.011,5.0,1000,2514,2.013,2.0,19,true,6352,0,1267.54,13.339,19.776,45.51,48.375,227.477,403.98,402.043,78.09,20,20,45,multiprocess_sample_only,,
yjit-on/puma-response-array-1024kb/puma-4w-3t/repeat-1,yjit-on,true,puma-response-array-1024kb,puma-response-time-wrk,puma/benchmarks/local/response_time_wrk,https://github.com/puma/puma/blob/main/benchmarks/local/response_time_wrk.rb,puma-4w-3t,12,puma,4,3,3840,1000,5.022,5.0,1000,1582,2.02,2.0,19,true,3840,0,764.703,22.876,51.816,55.326,57.189,59.119,533.953,526.918,77.36,20,20,39,multiprocess_sample_only,,
yjit-on/puma-response-chunk-1024kb/puma-4w-3t/repeat-1,yjit-on,true,puma-response-chunk-1024kb,puma-response-time-wrk,puma/benchmarks/local/response_time_wrk,https://github.com/puma/puma/blob/main/benchmarks/local/response_time_wrk.rb,puma-4w-3t,12,puma,4,3,1005,1000,5.101,5.0,1000,1000,5.074,2.0,19,true,1005,0,197.036,95.907,103.263,106.001,113.73,115.042,523.0,514.461,76.879,20,19,19,multiprocess_sample_only,,
yjit-on/puma-response-string-1024kb/puma-4w-3t/repeat-1,yjit-on,true,puma-response-string-1024kb,puma-response-time-wrk,puma/benchmarks/local/response_time_wrk,https://github.com/puma/puma/blob/main/benchmarks/local/response_time_wrk.rb,puma-4w-3t,12,puma,4,3,4020,1000,5.022,5.0,1000,1679,2.017,2.0,19,true,4020,0,800.534,21.782,49.371,53.868,55.182,56.242,491.27,445.883,75.8,20,20,39,multiprocess_sample_only,,
yjit-on/puma-response-io-1024kb/puma-4w-3t/repeat-1,yjit-on,true,puma-response-io-1024kb,puma-response-time-wrk,puma/benchmarks/local/response_time_wrk,https://github.com/puma/puma/blob/main/benchmarks/local/response_time_wrk.rb,puma-4w-3t,12,puma,4,3,4034,1000,5.023,5.0,1000,1636,2.019,2.0,19,true,4034,0,803.101,21.764,48.585,52.717,54.695,55.162,443.773,427.371,74.22,20,20,40,multiprocess_sample_only,,
yjit-on/puma-response-array-2048kb/puma-4w-3t/repeat-1,yjit-on,true,puma-response-array-2048kb,puma-response-time-wrk,puma/benchmarks/local/response_time_wrk,https://github.com/puma/puma/blob/main/benchmarks/local/response_time_wrk.rb,puma-4w-3t,12,puma,4,3,2326,1000,5.036,5.0,1000,1000,2.128,2.0,19,true,2326,0,461.867,40.555,44.948,50.944,75.402,77.501,537.055,483.703,73.69,20,20,31,multiprocess_sample_only,,
yjit-on/puma-response-chunk-2048kb/puma-4w-3t/repeat-1,yjit-on,true,puma-response-chunk-2048kb,puma-response-time-wrk,puma/benchmarks/local/response_time_wrk,https://github.com/puma/puma/blob/main/benchmarks/local/response_time_wrk.rb,puma-4w-3t,12,puma,4,3,1000,1000,9.915,5.0,1000,1000,9.764,2.0,19,true,1000,0,100.86,186.886,206.459,222.384,244.037,264.645,574.723,563.434,73.565,20,20,21,multiprocess_sample_only,,
yjit-on/puma-response-string-2048kb/puma-4w-3t/repeat-1,yjit-on,true,puma-response-string-2048kb,puma-response-time-wrk,puma/benchmarks/local/response_time_wrk,https://github.com/puma/puma/blob/main/benchmarks/local/response_time_wrk.rb,puma-4w-3t,12,puma,4,3,2579,1000,5.035,5.0,1000,1008,2.037,2.0,19,true,2579,0,512.17,36.834,40.608,43.273,45.857,46.969,536.414,458.926,72.715,20,20,35,multiprocess_sample_only,,
yjit-on/puma-response-io-2048kb/puma-4w-3t/repeat-1,yjit-on,true,puma-response-io-2048kb,puma-response-time-wrk,puma/benchmarks/local/response_time_wrk,https://github.com/puma/puma/blob/main/benchmarks/local/response_time_wrk.rb,puma-4w-3t,12,puma,4,3,2546,1000,5.035,5.0,1000,1040,2.052,2.0,19,true,2546,0,505.661,37.01,40.896,45.237,68.083,71.35,458.926,454.508,71.3,20,20,34,multiprocess_sample_only,,
yjit-on/puma-long-tail-fib-200ms-x6p0/puma-4w-3t/repeat-1,yjit-on,true,puma-long-tail-fib-200ms-x6p0,puma-long-tail-hey,puma/benchmarks/local/long_tail_hey + test/rackup/sleep_fibonacci,https://github.com/puma/puma/blob/main/benchmarks/local/long_tail_hey.rb,puma-4w-3t,12,puma,4,3,1440,1440,65.842,5.0,1000,1000,37.522,2.0,72,true,1440,0,21.871,2464.088,3411.495,3454.259,3483.226,3516.132,479.215,479.215,143.655,20,20,742,multiprocess_sample_only,,
yjit-on/puma-long-tail-fib-200ms-x4p0/puma-4w-3t/repeat-1,yjit-on,true,puma-long-tail-fib-200ms-x4p0,puma-long-tail-hey,puma/benchmarks/local/long_tail_hey + test/rackup/sleep_fibonacci,https://github.com/puma/puma/blob/main/benchmarks/local/long_tail_hey.rb,puma-4w-3t,12,puma,4,3,960,960,48.759,5.0,960,960,42.818,2.0,48,true,960,0,19.689,1766.836,2586.182,2611.664,2631.029,2633.519,499.211,493.898,183.285,20,20,594,multiprocess_sample_only,,
yjit-on/puma-long-tail-fib-200ms-x3p0/puma-4w-3t/repeat-1,yjit-on,true,puma-long-tail-fib-200ms-x3p0,puma-long-tail-hey,puma/benchmarks/local/long_tail_hey + test/rackup/sleep_fibonacci,https://github.com/puma/puma/blob/main/benchmarks/local/long_tail_hey.rb,puma-4w-3t,12,puma,4,3,720,720,40.148,5.0,720,720,45.565,2.0,36,true,720,0,17.934,1247.37,2113.948,2158.659,2194.174,2194.678,504.0,504.0,194.045,20,20,480,multiprocess_sample_only,,
yjit-on/puma-long-tail-fib-200ms-x2p0/puma-4w-3t/repeat-1,yjit-on,true,puma-long-tail-fib-200ms-x2p0,puma-long-tail-hey,puma/benchmarks/local/long_tail_hey + test/rackup/sleep_fibonacci,https://github.com/puma/puma/blob/main/benchmarks/local/long_tail_hey.rb,puma-4w-3t,12,puma,4,3,480,480,17.318,5.0,480,480,20.037,2.0,24,true,480,0,27.717,861.067,893.923,911.46,920.925,923.022,509.418,509.418,201.945,20,20,183,multiprocess_sample_only,,
yjit-on/puma-long-tail-fib-200ms-x1p5/puma-4w-3t/repeat-1,yjit-on,true,puma-long-tail-fib-200ms-x1p5,puma-long-tail-hey,puma/benchmarks/local/long_tail_hey + test/rackup/sleep_fibonacci,https://github.com/puma/puma/blob/main/benchmarks/local/long_tail_hey.rb,puma-4w-3t,12,puma,4,3,360,360,20.116,5.0,360,360,28.607,2.0,18,true,360,0,17.896,827.132,1204.777,1259.411,1294.528,1296.879,510.234,510.234,205.135,20,20,251,multiprocess_sample_only,,
yjit-on/puma-long-tail-fib-200ms-x1p0/puma-4w-3t/repeat-1,yjit-on,true,puma-long-tail-fib-200ms-x1p0,puma-long-tail-hey,puma/benchmarks/local/long_tail_hey + test/rackup/sleep_fibonacci,https://github.com/puma/puma/blob/main/benchmarks/local/long_tail_hey.rb,puma-4w-3t,12,puma,4,3,240,240,11.544,5.0,240,240,17.144,2.0,12,true,240,0,20.79,434.319,749.759,813.599,832.238,832.955,515.117,515.117,205.955,20,20,139,multiprocess_sample_only,,
yjit-on/puma-long-tail-fib-200ms-x0p5/puma-4w-3t/repeat-1,yjit-on,true,puma-long-tail-fib-200ms-x0p5,puma-long-tail-hey,puma/benchmarks/local/long_tail_hey + test/rackup/sleep_fibonacci,https://github.com/puma/puma/blob/main/benchmarks/local/long_tail_hey.rb,puma-4w-3t,12,puma,4,3,125,120,8.606,5.0,120,120,11.374,2.0,6,true,125,0,14.524,298.945,444.333,450.964,455.933,456.528,520.105,520.105,205.34,20,20,116,multiprocess_sample_only,,
yjit-on/puma-sleep-fibonacci-1ms/puma-4w-3t/repeat-1,yjit-on,true,puma-sleep-fibonacci-1ms,puma-sleep-fibonacci-test,puma/benchmarks/local/sleep_fibonacci_test + test/rackup/sleep_fibonacci,https://github.com/puma/puma/blob/main/benchmarks/local/sleep_fibonacci_test.rb,puma-4w-3t,12,puma,4,3,1641,10,5.002,5.0,10,639,2.001,2.0,1,true,1641,0,328.084,3.057,3.194,3.512,4.603,5.337,543.102,543.102,203.86,20,20,69,multiprocess_sample_only,,
yjit-on/puma-sleep-fibonacci-5ms/puma-4w-3t/repeat-1,yjit-on,true,puma-sleep-fibonacci-5ms,puma-sleep-fibonacci-test,puma/benchmarks/local/sleep_fibonacci_test + test/rackup/sleep_fibonacci,https://github.com/puma/puma/blob/main/benchmarks/local/sleep_fibonacci_test.rb,puma-4w-3t,12,puma,4,3,483,10,5.004,5.0,10,196,2.005,2.0,1,true,483,0,96.532,10.444,10.56,10.812,11.226,11.395,543.102,543.102,202.04,20,20,70,multiprocess_sample_only,,
yjit-on/puma-sleep-fibonacci-10ms/puma-4w-3t/repeat-1,yjit-on,true,puma-sleep-fibonacci-10ms,puma-sleep-fibonacci-test,puma/benchmarks/local/sleep_fibonacci_test + test/rackup/sleep_fibonacci,https://github.com/puma/puma/blob/main/benchmarks/local/sleep_fibonacci_test.rb,puma-4w-3t,12,puma,4,3,358,10,5.001,5.0,10,146,2.001,2.0,1,true,358,0,71.59,13.944,14.214,14.478,14.702,14.791,547.684,547.684,200.335,20,20,70,multiprocess_sample_only,,
yjit-on/puma-sleep-fibonacci-50ms/puma-4w-3t/repeat-1,yjit-on,true,puma-sleep-fibonacci-50ms,puma-sleep-fibonacci-test,puma/benchmarks/local/sleep_fibonacci_test + test/rackup/sleep_fibonacci,https://github.com/puma/puma/blob/main/benchmarks/local/sleep_fibonacci_test.rb,puma-4w-3t,12,puma,4,3,99,10,5.007,5.0,10,40,2.027,2.0,1,true,99,0,19.773,50.487,50.651,51.029,51.45,51.497,547.746,547.746,198.92,20,20,70,multiprocess_sample_only,,
yjit-on/puma-sleep-fibonacci-100ms/puma-4w-3t/repeat-1,yjit-on,true,puma-sleep-fibonacci-100ms,puma-sleep-fibonacci-test,puma/benchmarks/local/sleep_fibonacci_test + test/rackup/sleep_fibonacci,https://github.com/puma/puma/blob/main/benchmarks/local/sleep_fibonacci_test.rb,puma-4w-3t,12,puma,4,3,50,10,5.031,5.0,10,20,2.015,2.0,1,true,50,0,9.939,100.551,100.661,100.772,100.805,100.809,549.27,549.27,197.555,20,20,71,multiprocess_sample_only,,
yjit-on/puma-sleep-fibonacci-200ms/puma-4w-3t/repeat-1,yjit-on,true,puma-sleep-fibonacci-200ms,puma-sleep-fibonacci-test,puma/benchmarks/local/sleep_fibonacci_test + test/rackup/sleep_fibonacci,https://github.com/puma/puma/blob/main/benchmarks/local/sleep_fibonacci_test.rb,puma-4w-3t,12,puma,4,3,25,10,5.017,5.0,10,10,2.007,2.0,1,true,25,0,4.983,200.631,200.671,200.75,200.771,200.774,550.922,550.922,196.21,20,20,70,multiprocess_sample_only,,
yjit-on/puma-response-array-1kb/puma-4w-3t/repeat-2,yjit-on,true,puma-response-array-1kb,puma-response-time-wrk,puma/benchmarks/local/response_time_wrk,https://github.com/puma/puma/blob/main/benchmarks/local/response_time_wrk.rb,puma-4w-3t,12,puma,4,3,15878,1000,5.005,5.0,1000,6150,2.005,2.0,19,true,15878,0,3172.388,5.798,7.023,7.921,8.83,10.802,244.617,241.133,100.125,20,20,58,multiprocess_sample_only,,
yjit-on/puma-response-chunk-1kb/puma-4w-3t/repeat-2,yjit-on,true,puma-response-chunk-1kb,puma-response-time-wrk,puma/benchmarks/local/response_time_wrk,https://github.com/puma/puma/blob/main/benchmarks/local/response_time_wrk.rb,puma-4w-3t,12,puma,4,3,15465,1000,5.007,5.0,1000,6315,2.005,2.0,19,true,15465,0,3088.96,5.985,7.136,7.876,8.652,9.902,262.734,262.734,89.86,20,20,58,multiprocess_sample_only,,
yjit-on/puma-response-string-1kb/puma-4w-3t/repeat-2,yjit-on,true,puma-response-string-1kb,puma-response-time-wrk,puma/benchmarks/local/response_time_wrk,https://github.com/puma/puma/blob/main/benchmarks/local/response_time_wrk.rb,puma-4w-3t,12,puma,4,3,16116,1000,5.007,5.0,1000,6227,2.005,2.0,19,true,16116,0,3218.659,5.746,6.839,7.469,8.115,9.052,273.203,272.516,86.72,20,20,58,multiprocess_sample_only,,
yjit-on/puma-response-io-1kb/puma-4w-3t/repeat-2,yjit-on,true,puma-response-io-1kb,puma-response-time-wrk,puma/benchmarks/local/response_time_wrk,https://github.com/puma/puma/blob/main/benchmarks/local/response_time_wrk.rb,puma-4w-3t,12,puma,4,3,15911,1000,5.004,5.0,1000,6363,2.005,2.0,19,true,15911,0,3179.372,5.842,6.837,7.357,8.19,10.689,279.41,278.793,86.61,20,20,58,multiprocess_sample_only,,
yjit-on/puma-response-array-10kb/puma-4w-3t/repeat-2,yjit-on,true,puma-response-array-10kb,puma-response-time-wrk,puma/benchmarks/local/response_time_wrk,https://github.com/puma/puma/blob/main/benchmarks/local/response_time_wrk.rb,puma-4w-3t,12,puma,4,3,15990,1000,5.005,5.0,1000,6539,2.005,2.0,19,true,15990,0,3194.79,5.793,6.817,7.392,8.278,8.812,306.0,302.875,86.18,20,20,58,multiprocess_sample_only,,
yjit-on/puma-response-chunk-10kb/puma-4w-3t/repeat-2,yjit-on,true,puma-response-chunk-10kb,puma-response-time-wrk,puma/benchmarks/local/response_time_wrk,https://github.com/puma/puma/blob/main/benchmarks/local/response_time_wrk.rb,puma-4w-3t,12,puma,4,3,13626,1000,5.008,5.0,1000,5600,2.006,2.0,19,true,13626,0,2721.072,6.813,8.042,8.815,9.818,10.874,302.102,301.996,85.06,20,20,57,multiprocess_sample_only,,
yjit-on/puma-response-string-10kb/puma-4w-3t/repeat-2,yjit-on,true,puma-response-string-10kb,puma-response-time-wrk,puma/benchmarks/local/response_time_wrk,https://github.com/puma/puma/blob/main/benchmarks/local/response_time_wrk.rb,puma-4w-3t,12,puma,4,3,15833,1000,5.005,5.0,1000,6511,2.006,2.0,19,true,15833,0,3163.695,5.834,6.878,8.233,11.174,13.822,311.047,310.316,84.2,20,20,58,multiprocess_sample_only,,
yjit-on/puma-response-io-10kb/puma-4w-3t/repeat-2,yjit-on,true,puma-response-io-10kb,puma-response-time-wrk,puma/benchmarks/local/response_time_wrk,https://github.com/puma/puma/blob/main/benchmarks/local/response_time_wrk.rb,puma-4w-3t,12,puma,4,3,15417,1000,5.006,5.0,1000,6375,2.005,2.0,19,true,15417,0,3079.804,6.03,7.085,7.626,8.66,9.287,323.359,322.473,84.44,20,20,58,multiprocess_sample_only,,
yjit-on/puma-response-array-100kb/puma-4w-3t/repeat-2,yjit-on,true,puma-response-array-100kb,puma-response-time-wrk,puma/benchmarks/local/response_time_wrk,https://github.com/puma/puma/blob/main/benchmarks/local/response_time_wrk.rb,puma-4w-3t,12,puma,4,3,12150,1000,5.007,5.0,1000,4870,2.006,2.0,19,true,12150,0,2426.754,7.703,8.798,9.588,11.741,12.042,400.77,394.047,84.355,20,20,55,multiprocess_sample_only,,
yjit-on/puma-response-chunk-100kb/puma-4w-3t/repeat-2,yjit-on,true,puma-response-chunk-100kb,puma-response-time-wrk,puma/benchmarks/local/response_time_wrk,https://github.com/puma/puma/blob/main/benchmarks/local/response_time_wrk.rb,puma-4w-3t,12,puma,4,3,6033,1000,5.014,5.0,1000,2472,2.013,2.0,19,true,6033,0,1203.243,15.685,17.578,18.977,20.917,23.072,384.746,382.227,83.485,20,20,47,multiprocess_sample_only,,
yjit-on/puma-response-string-100kb/puma-4w-3t/repeat-2,yjit-on,true,puma-response-string-100kb,puma-response-time-wrk,puma/benchmarks/local/response_time_wrk,https://github.com/puma/puma/blob/main/benchmarks/local/response_time_wrk.rb,puma-4w-3t,12,puma,4,3,12313,1000,5.007,5.0,1000,4930,2.007,2.0,19,true,12313,0,2459.098,7.622,8.664,9.191,10.172,10.733,413.508,413.508,82.495,20,20,56,multiprocess_sample_only,,
yjit-on/puma-response-io-100kb/puma-4w-3t/repeat-2,yjit-on,true,puma-response-io-100kb,puma-response-time-wrk,puma/benchmarks/local/response_time_wrk,https://github.com/puma/puma/blob/main/benchmarks/local/response_time_wrk.rb,puma-4w-3t,12,puma,4,3,11921,1000,5.007,5.0,1000,4976,2.006,2.0,19,true,11921,0,2380.869,7.849,9.053,9.971,12.228,14.912,332.813,332.559,81.84,20,20,55,multiprocess_sample_only,,
yjit-on/puma-response-array-256kb/puma-4w-3t/repeat-2,yjit-on,true,puma-response-array-256kb,puma-response-time-wrk,puma/benchmarks/local/response_time_wrk,https://github.com/puma/puma/blob/main/benchmarks/local/response_time_wrk.rb,puma-4w-3t,12,puma,4,3,8700,1000,5.008,5.0,1000,3458,2.008,2.0,19,true,8700,0,1737.269,10.013,13.53,36.94,39.042,39.883,468.422,446.238,82.055,20,20,51,multiprocess_sample_only,,
yjit-on/puma-response-chunk-256kb/puma-4w-3t/repeat-2,yjit-on,true,puma-response-chunk-256kb,puma-response-time-wrk,puma/benchmarks/local/response_time_wrk,https://github.com/puma/puma/blob/main/benchmarks/local/response_time_wrk.rb,puma-4w-3t,12,puma,4,3,3269,1000,5.026,5.0,1000,1337,2.025,2.0,19,true,3269,0,650.398,29.123,31.965,33.268,35.195,39.702,451.316,423.074,81.475,20,20,37,multiprocess_sample_only,,
yjit-on/puma-response-string-256kb/puma-4w-3t/repeat-2,yjit-on,true,puma-response-string-256kb,puma-response-time-wrk,puma/benchmarks/local/response_time_wrk,https://github.com/puma/puma/blob/main/benchmarks/local/response_time_wrk.rb,puma-4w-3t,12,puma,4,3,9221,1000,5.009,5.0,1000,3751,2.008,2.0,19,true,9221,0,1840.837,9.377,12.642,35.601,38.171,39.307,385.305,369.648,80.245,20,20,51,multiprocess_sample_only,,
yjit-on/puma-response-io-256kb/puma-4w-3t/repeat-2,yjit-on,true,puma-response-io-256kb,puma-response-time-wrk,puma/benchmarks/local/response_time_wrk,https://github.com/puma/puma/blob/main/benchmarks/local/response_time_wrk.rb,puma-4w-3t,12,puma,4,3,8851,1000,5.024,5.0,1000,3808,2.007,2.0,19,true,8851,0,1761.696,9.735,13.636,37.113,39.96,77.379,377.652,372.895,79.05,20,20,51,multiprocess_sample_only,,
yjit-on/puma-response-array-512kb/puma-4w-3t/repeat-2,yjit-on,true,puma-response-array-512kb,puma-response-time-wrk,puma/benchmarks/local/response_time_wrk,https://github.com/puma/puma/blob/main/benchmarks/local/response_time_wrk.rb,puma-4w-3t,12,puma,4,3,6368,1000,5.01,5.0,1000,2581,2.013,2.0,19,true,6368,0,1270.97,13.415,19.624,43.678,45.983,46.866,541.563,505.258,78.87,20,20,46,multiprocess_sample_only,,
yjit-on/puma-response-chunk-512kb/puma-4w-3t/repeat-2,yjit-on,true,puma-response-chunk-512kb,puma-response-time-wrk,puma/benchmarks/local/response_time_wrk,https://github.com/puma/puma/blob/main/benchmarks/local/response_time_wrk.rb,puma-4w-3t,12,puma,4,3,1862,1000,5.048,5.0,1000,1000,2.707,2.0,19,true,1862,0,368.88,51.083,55.847,58.361,62.68,63.067,449.438,438.121,78.675,20,20,28,multiprocess_sample_only,,
yjit-on/puma-response-string-512kb/puma-4w-3t/repeat-2,yjit-on,true,puma-response-string-512kb,puma-response-time-wrk,puma/benchmarks/local/response_time_wrk,https://github.com/puma/puma/blob/main/benchmarks/local/response_time_wrk.rb,puma-4w-3t,12,puma,4,3,6757,1000,5.011,5.0,1000,2703,2.011,2.0,19,true,6757,0,1348.398,12.606,17.152,43.065,46.448,47.197,425.031,410.078,77.55,20,20,46,multiprocess_sample_only,,
yjit-on/puma-response-io-512kb/puma-4w-3t/repeat-2,yjit-on,true,puma-response-io-512kb,puma-response-time-wrk,puma/benchmarks/local/response_time_wrk,https://github.com/puma/puma/blob/main/benchmarks/local/response_time_wrk.rb,puma-4w-3t,12,puma,4,3,6577,1000,5.043,5.0,1000,2638,2.011,2.0,19,true,6577,0,1304.245,12.71,17.819,45.733,123.48,262.512,413.828,405.07,76.265,20,20,47,multiprocess_sample_only,,
yjit-on/puma-response-array-1024kb/puma-4w-3t/repeat-2,yjit-on,true,puma-response-array-1024kb,puma-response-time-wrk,puma/benchmarks/local/response_time_wrk,https://github.com/puma/puma/blob/main/benchmarks/local/response_time_wrk.rb,puma-4w-3t,12,puma,4,3,4028,1000,5.019,5.0,1000,1643,2.018,2.0,19,true,4028,0,802.629,21.735,49.184,51.903,54.297,55.046,498.313,498.313,75.44,20,20,41,multiprocess_sample_only,,
yjit-on/puma-response-chunk-1024kb/puma-4w-3t/repeat-2,yjit-on,true,puma-response-chunk-1024kb,puma-response-time-wrk,puma/benchmarks/local/response_time_wrk,https://github.com/puma/puma/blob/main/benchmarks/local/response_time_wrk.rb,puma-4w-3t,12,puma,4,3,1018,1000,5.086,5.0,1000,1000,4.849,2.0,19,true,1018,0,200.16,94.322,102.079,106.594,113.893,116.653,491.391,470.77,75.0,20,20,20,multiprocess_sample_only,,
yjit-on/puma-response-string-1024kb/puma-4w-3t/repeat-2,yjit-on,true,puma-response-string-1024kb,puma-response-time-wrk,puma/benchmarks/local/response_time_wrk,https://github.com/puma/puma/blob/main/benchmarks/local/response_time_wrk.rb,puma-4w-3t,12,puma,4,3,4143,1000,5.02,5.0,1000,1694,2.018,2.0,19,true,4143,0,825.238,21.294,47.818,52.004,54.906,58.266,456.992,452.879,74.0,20,20,41,multiprocess_sample_only,,
yjit-on/puma-response-io-1024kb/puma-4w-3t/repeat-2,yjit-on,true,puma-response-io-1024kb,puma-response-time-wrk,puma/benchmarks/local/response_time_wrk,https://github.com/puma/puma/blob/main/benchmarks/local/response_time_wrk.rb,puma-4w-3t,12,puma,4,3,4172,1000,5.018,5.0,1000,1651,2.017,2.0,19,true,4172,0,831.453,20.918,48.299,55.163,57.943,239.213,449.652,448.813,72.47,20,20,40,multiprocess_sample_only,,
yjit-on/puma-response-array-2048kb/puma-4w-3t/repeat-2,yjit-on,true,puma-response-array-2048kb,puma-response-time-wrk,puma/benchmarks/local/response_time_wrk,https://github.com/puma/puma/blob/main/benchmarks/local/response_time_wrk.rb,puma-4w-3t,12,puma,4,3,2406,1000,5.034,5.0,1000,1028,2.034,2.0,19,true,2406,0,477.929,38.227,44.822,73.79,94.71,101.095,500.488,473.723,71.85,20,20,32,multiprocess_sample_only,,
yjit-on/puma-response-chunk-2048kb/puma-4w-3t/repeat-2,yjit-on,true,puma-response-chunk-2048kb,puma-response-time-wrk,puma/benchmarks/local/response_time_wrk,https://github.com/puma/puma/blob/main/benchmarks/local/response_time_wrk.rb,puma-4w-3t,12,puma,4,3,1000,1000,9.602,5.0,1000,1000,9.459,2.0,19,true,1000,0,104.143,182.214,193.558,202.964,209.99,213.391,518.938,500.98,71.88,20,20,21,multiprocess_sample_only,,
yjit-on/puma-response-string-2048kb/puma-4w-3t/repeat-2,yjit-on,true,puma-response-string-2048kb,puma-response-time-wrk,puma/benchmarks/local/response_time_wrk,https://github.com/puma/puma/blob/main/benchmarks/local/response_time_wrk.rb,puma-4w-3t,12,puma,4,3,2602,1000,5.037,5.0,1000,1035,2.035,2.0,19,true,2602,0,516.57,36.271,39.801,45.866,78.32,84.007,494.422,469.668,71.05,20,20,34,multiprocess_sample_only,,
yjit-on/puma-response-io-2048kb/puma-4w-3t/repeat-2,yjit-on,true,puma-response-io-2048kb,puma-response-time-wrk,puma/benchmarks/local/response_time_wrk,https://github.com/puma/puma/blob/main/benchmarks/local/response_time_wrk.rb,puma-4w-3t,12,puma,4,3,2635,1000,5.035,5.0,1000,1091,2.032,2.0,19,true,2635,0,523.299,35.781,39.846,48.226,63.512,66.996,476.168,464.117,69.68,20,20,34,multiprocess_sample_only,,
yjit-on/puma-long-tail-fib-200ms-x6p0/puma-4w-3t/repeat-2,yjit-on,true,puma-long-tail-fib-200ms-x6p0,puma-long-tail-hey,puma/benchmarks/local/long_tail_hey + test/rackup/sleep_fibonacci,https://github.com/puma/puma/blob/main/benchmarks/local/long_tail_hey.rb,puma-4w-3t,12,puma,4,3,1440,1440,60.211,5.0,1000,1000,39.842,2.0,72,true,1440,0,23.916,2698.889,3046.797,3066.784,3094.001,3110.399,481.582,481.582,140.635,20,20,683,multiprocess_sample_only,,
yjit-on/puma-long-tail-fib-200ms-x4p0/puma-4w-3t/repeat-2,yjit-on,true,puma-long-tail-fib-200ms-x4p0,puma-long-tail-hey,puma/benchmarks/local/long_tail_hey + test/rackup/sleep_fibonacci,https://github.com/puma/puma/blob/main/benchmarks/local/long_tail_hey.rb,puma-4w-3t,12,puma,4,3,960,960,60.058,5.0,960,960,42.579,2.0,48,true,960,0,15.984,1671.899,3058.007,3091.937,3127.46,3129.733,512.32,512.32,183.195,20,20,750,multiprocess_sample_only,,
yjit-on/puma-long-tail-fib-200ms-x3p0/puma-4w-3t/repeat-2,yjit-on,true,puma-long-tail-fib-200ms-x3p0,puma-long-tail-hey,puma/benchmarks/local/long_tail_hey + test/rackup/sleep_fibonacci,https://github.com/puma/puma/blob/main/benchmarks/local/long_tail_hey.rb,puma-4w-3t,12,puma,4,3,720,720,31.668,5.0,720,720,37.294,2.0,36,true,720,0,22.736,1356.83,1693.618,1733.811,1742.738,1742.912,523.359,523.359,194.405,20,20,373,multiprocess_sample_only,,
yjit-on/puma-long-tail-fib-200ms-x2p0/puma-4w-3t/repeat-2,yjit-on,true,puma-long-tail-fib-200ms-x2p0,puma-long-tail-hey,puma/benchmarks/local/long_tail_hey + test/rackup/sleep_fibonacci,https://github.com/puma/puma/blob/main/benchmarks/local/long_tail_hey.rb,puma-4w-3t,12,puma,4,3,480,480,28.767,5.0,480,480,22.806,2.0,24,true,480,0,16.686,882.268,1672.295,1703.408,1712.751,1716.526,530.375,530.375,203.545,20,20,368,multiprocess_sample_only,,
yjit-on/puma-long-tail-fib-200ms-x1p5/puma-4w-3t/repeat-2,yjit-on,true,puma-long-tail-fib-200ms-x1p5,puma-long-tail-hey,puma/benchmarks/local/long_tail_hey + test/rackup/sleep_fibonacci,https://github.com/puma/puma/blob/main/benchmarks/local/long_tail_hey.rb,puma-4w-3t,12,puma,4,3,360,360,17.299,5.0,360,360,22.779,2.0,18,true,360,0,20.81,831.273,882.448,906.564,926.439,932.064,532.246,532.246,205.715,20,20,208,multiprocess_sample_only,,
yjit-on/puma-long-tail-fib-200ms-x1p0/puma-4w-3t/repeat-2,yjit-on,true,puma-long-tail-fib-200ms-x1p0,puma-long-tail-hey,puma/benchmarks/local/long_tail_hey + test/rackup/sleep_fibonacci,https://github.com/puma/puma/blob/main/benchmarks/local/long_tail_hey.rb,puma-4w-3t,12,puma,4,3,245,240,14.304,5.0,240,240,17.246,2.0,12,true,245,0,17.128,543.323,841.413,856.987,867.039,867.65,534.879,534.879,206.655,20,20,187,multiprocess_sample_only,,
yjit-on/puma-long-tail-fib-200ms-x0p5/puma-4w-3t/repeat-2,yjit-on,true,puma-long-tail-fib-200ms-x0p5,puma-long-tail-hey,puma/benchmarks/local/long_tail_hey + test/rackup/sleep_fibonacci,https://github.com/puma/puma/blob/main/benchmarks/local/long_tail_hey.rb,puma-4w-3t,12,puma,4,3,130,120,11.423,5.0,120,120,8.555,2.0,6,true,130,0,11.38,438.198,786.817,828.51,835.106,835.906,535.012,535.012,206.19,20,20,155,multiprocess_sample_only,,
yjit-on/puma-sleep-fibonacci-1ms/puma-4w-3t/repeat-2,yjit-on,true,puma-sleep-fibonacci-1ms,puma-sleep-fibonacci-test,puma/benchmarks/local/sleep_fibonacci_test + test/rackup/sleep_fibonacci,https://github.com/puma/puma/blob/main/benchmarks/local/sleep_fibonacci_test.rb,puma-4w-3t,12,puma,4,3,1626,10,5.003,5.0,10,643,2.0,2.0,1,true,1626,0,325.027,3.065,3.255,3.581,4.353,4.508,550.016,547.832,204.26,20,20,70,multiprocess_sample_only,,
yjit-on/puma-sleep-fibonacci-5ms/puma-4w-3t/repeat-2,yjit-on,true,puma-sleep-fibonacci-5ms,puma-sleep-fibonacci-test,puma/benchmarks/local/sleep_fibonacci_test + test/rackup/sleep_fibonacci,https://github.com/puma/puma/blob/main/benchmarks/local/sleep_fibonacci_test.rb,puma-4w-3t,12,puma,4,3,482,10,5.005,5.0,10,194,2.005,2.0,1,true,482,0,96.312,10.436,10.586,10.68,11.581,11.612,563.398,563.398,202.405,20,20,70,multiprocess_sample_only,,
yjit-on/puma-sleep-fibonacci-10ms/puma-4w-3t/repeat-2,yjit-on,true,puma-sleep-fibonacci-10ms,puma-sleep-fibonacci-test,puma/benchmarks/local/sleep_fibonacci_test + test/rackup/sleep_fibonacci,https://github.com/puma/puma/blob/main/benchmarks/local/sleep_fibonacci_test.rb,puma-4w-3t,12,puma,4,3,364,10,5.005,5.0,10,144,2.01,2.0,1,true,364,0,72.73,13.83,14.086,14.214,15.09,15.418,573.242,573.242,200.79,20,20,70,multiprocess_sample_only,,
yjit-on/puma-sleep-fibonacci-50ms/puma-4w-3t/repeat-2,yjit-on,true,puma-sleep-fibonacci-50ms,puma-sleep-fibonacci-test,puma/benchmarks/local/sleep_fibonacci_test + test/rackup/sleep_fibonacci,https://github.com/puma/puma/blob/main/benchmarks/local/sleep_fibonacci_test.rb,puma-4w-3t,12,puma,4,3,99,10,5.008,5.0,10,40,2.024,2.0,1,true,99,0,19.769,50.522,50.633,50.769,51.121,51.16,573.242,573.242,199.27,20,20,70,multiprocess_sample_only,,
yjit-on/puma-sleep-fibonacci-100ms/puma-4w-3t/repeat-2,yjit-on,true,puma-sleep-fibonacci-100ms,puma-sleep-fibonacci-test,puma/benchmarks/local/sleep_fibonacci_test + test/rackup/sleep_fibonacci,https://github.com/puma/puma/blob/main/benchmarks/local/sleep_fibonacci_test.rb,puma-4w-3t,12,puma,4,3,50,10,5.031,5.0,10,20,2.014,2.0,1,true,50,0,9.939,100.546,100.617,100.913,101.15,101.177,573.305,573.305,197.9,20,20,71,multiprocess_sample_only,,
yjit-on/puma-sleep-fibonacci-200ms/puma-4w-3t/repeat-2,yjit-on,true,puma-sleep-fibonacci-200ms,puma-sleep-fibonacci-test,puma/benchmarks/local/sleep_fibonacci_test + test/rackup/sleep_fibonacci,https://github.com/puma/puma/blob/main/benchmarks/local/sleep_fibonacci_test.rb,puma-4w-3t,12,puma,4,3,25,10,5.018,5.0,10,10,2.008,2.0,1,true,25,0,4.982,200.61,200.857,201.074,201.126,201.131,573.309,573.309,196.545,20,20,70,multiprocess_sample_only,,
yjit-on/puma-response-array-1kb/puma-4w-3t/repeat-3,yjit-on,true,puma-response-array-1kb,puma-response-time-wrk,puma/benchmarks/local/response_time_wrk,https://github.com/puma/puma/blob/main/benchmarks/local/response_time_wrk.rb,puma-4w-3t,12,puma,4,3,15057,1000,5.005,5.0,1000,5977,2.005,2.0,19,true,15057,0,3008.422,6.14,7.49,8.395,9.863,12.234,235.574,231.031,105.025,20,20,57,multiprocess_sample_only,,
yjit-on/puma-response-chunk-1kb/puma-4w-3t/repeat-3,yjit-on,true,puma-response-chunk-1kb,puma-response-time-wrk,puma/benchmarks/local/response_time_wrk,https://github.com/puma/puma/blob/main/benchmarks/local/response_time_wrk.rb,puma-4w-3t,12,puma,4,3,15574,1000,5.006,5.0,1000,6239,2.005,2.0,19,true,15574,0,3111.329,5.932,7.092,7.808,8.59,9.547,246.09,243.422,91.89,20,20,58,multiprocess_sample_only,,
yjit-on/puma-response-string-1kb/puma-4w-3t/repeat-3,yjit-on,true,puma-response-string-1kb,puma-response-time-wrk,puma/benchmarks/local/response_time_wrk,https://github.com/puma/puma/blob/main/benchmarks/local/response_time_wrk.rb,puma-4w-3t,12,puma,4,3,16039,1000,5.005,5.0,1000,6604,2.006,2.0,19,true,16039,0,3204.72,5.745,6.888,8.036,11.966,13.231,256.43,256.43,87.345,20,20,58,multiprocess_sample_only,,
yjit-on/puma-response-io-1kb/puma-4w-3t/repeat-3,yjit-on,true,puma-response-io-1kb,puma-response-time-wrk,puma/benchmarks/local/response_time_wrk,https://github.com/puma/puma/blob/main/benchmarks/local/response_time_wrk.rb,puma-4w-3t,12,puma,4,3,15804,1000,5.005,5.0,1000,6443,2.006,2.0,19,true,15804,0,3157.504,5.868,6.927,7.495,8.592,10.903,260.176,259.051,86.955,20,20,58,multiprocess_sample_only,,
yjit-on/puma-response-array-10kb/puma-4w-3t/repeat-3,yjit-on,true,puma-response-array-10kb,puma-response-time-wrk,puma/benchmarks/local/response_time_wrk,https://github.com/puma/puma/blob/main/benchmarks/local/response_time_wrk.rb,puma-4w-3t,12,puma,4,3,15923,1000,5.005,5.0,1000,6525,2.005,2.0,19,true,15923,0,3181.493,5.818,6.931,7.613,8.376,9.042,281.895,276.211,86.5,20,20,58,multiprocess_sample_only,,
yjit-on/puma-response-chunk-10kb/puma-4w-3t/repeat-3,yjit-on,true,puma-response-chunk-10kb,puma-response-time-wrk,puma/benchmarks/local/response_time_wrk,https://github.com/puma/puma/blob/main/benchmarks/local/response_time_wrk.rb,puma-4w-3t,12,puma,4,3,13643,1000,5.005,5.0,1000,5614,2.006,2.0,19,true,13643,0,2725.787,6.822,8.001,8.639,9.433,10.984,277.242,274.023,85.16,20,20,57,multiprocess_sample_only,,
yjit-on/puma-response-string-10kb/puma-4w-3t/repeat-3,yjit-on,true,puma-response-string-10kb,puma-response-time-wrk,puma/benchmarks/local/response_time_wrk,https://github.com/puma/puma/blob/main/benchmarks/local/response_time_wrk.rb,puma-4w-3t,12,puma,4,3,16066,1000,5.005,5.0,1000,6423,2.005,2.0,19,true,16066,0,3210.007,5.772,6.794,7.4,7.987,8.99,284.262,276.813,84.2,20,20,58,multiprocess_sample_only,,
yjit-on/puma-response-io-10kb/puma-4w-3t/repeat-3,yjit-on,true,puma-response-io-10kb,puma-response-time-wrk,puma/benchmarks/local/response_time_wrk,https://github.com/puma/puma/blob/main/benchmarks/local/response_time_wrk.rb,puma-4w-3t,12,puma,4,3,15715,1000,5.005,5.0,1000,6437,2.005,2.0,19,true,15715,0,3140.068,5.907,6.975,7.608,8.269,9.688,294.172,293.074,84.415,20,20,58,multiprocess_sample_only,,
yjit-on/puma-response-array-100kb/puma-4w-3t/repeat-3,yjit-on,true,puma-response-array-100kb,puma-response-time-wrk,puma/benchmarks/local/response_time_wrk,https://github.com/puma/puma/blob/main/benchmarks/local/response_time_wrk.rb,puma-4w-3t,12,puma,4,3,12436,1000,5.006,5.0,1000,4968,2.006,2.0,19,true,12436,0,2484.09,7.528,8.538,9.014,11.72,13.121,387.945,361.527,84.265,20,20,56,multiprocess_sample_only,,
yjit-on/puma-response-chunk-100kb/puma-4w-3t/repeat-3,yjit-on,true,puma-response-chunk-100kb,puma-response-time-wrk,puma/benchmarks/local/response_time_wrk,https://github.com/puma/puma/blob/main/benchmarks/local/response_time_wrk.rb,puma-4w-3t,12,puma,4,3,6027,1000,5.014,5.0,1000,2530,2.013,2.0,19,true,6027,0,1202.044,15.507,18.641,21.302,23.757,25.362,347.215,347.215,83.26,20,20,47,multiprocess_sample_only,,
yjit-on/puma-response-string-100kb/puma-4w-3t/repeat-3,yjit-on,true,puma-response-string-100kb,puma-response-time-wrk,puma/benchmarks/local/response_time_wrk,https://github.com/puma/puma/blob/main/benchmarks/local/response_time_wrk.rb,puma-4w-3t,12,puma,4,3,12233,1000,5.007,5.0,1000,5012,2.006,2.0,19,true,12233,0,2443.04,7.599,8.917,9.667,10.945,11.872,385.426,363.613,82.285,20,20,56,multiprocess_sample_only,,
yjit-on/puma-response-io-100kb/puma-4w-3t/repeat-3,yjit-on,true,puma-response-io-100kb,puma-response-time-wrk,puma/benchmarks/local/response_time_wrk,https://github.com/puma/puma/blob/main/benchmarks/local/response_time_wrk.rb,puma-4w-3t,12,puma,4,3,12382,1000,5.007,5.0,1000,5004,2.007,2.0,19,true,12382,0,2472.76,7.555,8.604,9.083,9.873,10.538,304.559,302.5,81.47,20,20,56,multiprocess_sample_only,,
yjit-on/puma-response-array-256kb/puma-4w-3t/repeat-3,yjit-on,true,puma-response-array-256kb,puma-response-time-wrk,puma/benchmarks/local/response_time_wrk,https://github.com/puma/puma/blob/main/benchmarks/local/response_time_wrk.rb,puma-4w-3t,12,puma,4,3,8728,1000,5.01,5.0,1000,3503,2.01,2.0,19,true,8728,0,1742.231,9.856,13.492,39.533,40.973,41.43,435.023,423.379,81.34,20,20,51,multiprocess_sample_only,,
yjit-on/puma-response-chunk-256kb/puma-4w-3t/repeat-3,yjit-on,true,puma-response-chunk-256kb,puma-response-time-wrk,puma/benchmarks/local/response_time_wrk,https://github.com/puma/puma/blob/main/benchmarks/local/response_time_wrk.rb,puma-4w-3t,12,puma,4,3,3260,1000,5.026,5.0,1000,1335,2.029,2.0,19,true,3260,0,648.675,29.167,32.069,33.392,36.258,37.647,398.566,392.883,80.76,20,20,37,multiprocess_sample_only,,
yjit-on/puma-response-string-256kb/puma-4w-3t/repeat-3,yjit-on,true,puma-response-string-256kb,puma-response-time-wrk,puma/benchmarks/local/response_time_wrk,https://github.com/puma/puma/blob/main/benchmarks/local/response_time_wrk.rb,puma-4w-3t,12,puma,4,3,9041,1000,5.008,5.0,1000,3697,2.012,2.0,19,true,9041,0,1805.186,9.527,13.109,37.476,39.951,40.662,372.73,340.84,79.605,20,20,51,multiprocess_sample_only,,
yjit-on/puma-response-io-256kb/puma-4w-3t/repeat-3,yjit-on,true,puma-response-io-256kb,puma-response-time-wrk,puma/benchmarks/local/response_time_wrk,https://github.com/puma/puma/blob/main/benchmarks/local/response_time_wrk.rb,puma-4w-3t,12,puma,4,3,8950,1000,5.008,5.0,1000,3762,2.037,2.0,19,true,8950,0,1787.23,9.613,13.026,39.018,41.891,54.593,337.188,335.82,78.38,20,20,51,multiprocess_sample_only,,
yjit-on/puma-response-array-512kb/puma-4w-3t/repeat-3,yjit-on,true,puma-response-array-512kb,puma-response-time-wrk,puma/benchmarks/local/response_time_wrk,https://github.com/puma/puma/blob/main/benchmarks/local/response_time_wrk.rb,puma-4w-3t,12,puma,4,3,6307,1000,5.013,5.0,1000,2558,2.012,2.0,19,true,6307,0,1258.118,13.424,19.89,45.655,50.864,58.705,512.188,512.188,78.25,20,20,47,multiprocess_sample_only,,
yjit-on/puma-response-chunk-512kb/puma-4w-3t/repeat-3,yjit-on,true,puma-response-chunk-512kb,puma-response-time-wrk,puma/benchmarks/local/response_time_wrk,https://github.com/puma/puma/blob/main/benchmarks/local/response_time_wrk.rb,puma-4w-3t,12,puma,4,3,1850,1000,5.051,5.0,1000,1000,2.894,2.0,19,true,1850,0,366.279,51.405,56.514,58.811,63.628,65.802,426.613,420.578,77.955,20,20,28,multiprocess_sample_only,,
yjit-on/puma-response-string-512kb/puma-4w-3t/repeat-3,yjit-on,true,puma-response-string-512kb,puma-response-time-wrk,puma/benchmarks/local/response_time_wrk,https://github.com/puma/puma/blob/main/benchmarks/local/response_time_wrk.rb,puma-4w-3t,12,puma,4,3,6566,1000,5.011,5.0,1000,2697,2.011,2.0,19,true,6566,0,1310.409,12.836,18.167,47.081,49.167,49.881,368.176,352.75,76.93,20,20,45,multiprocess_sample_only,,
yjit-on/puma-response-io-512kb/puma-4w-3t/repeat-3,yjit-on,true,puma-response-io-512kb,puma-response-time-wrk,puma/benchmarks/local/response_time_wrk,https://github.com/puma/puma/blob/main/benchmarks/local/response_time_wrk.rb,puma-4w-3t,12,puma,4,3,6549,1000,5.012,5.0,1000,2638,2.049,2.0,19,true,6549,0,1306.583,12.799,19.348,47.532,51.328,224.93,358.434,356.184,75.56,20,20,45,multiprocess_sample_only,,
yjit-on/puma-response-array-1024kb/puma-4w-3t/repeat-3,yjit-on,true,puma-response-array-1024kb,puma-response-time-wrk,puma/benchmarks/local/response_time_wrk,https://github.com/puma/puma/blob/main/benchmarks/local/response_time_wrk.rb,puma-4w-3t,12,puma,4,3,3977,1000,5.021,5.0,1000,1610,2.018,2.0,19,true,3977,0,792.011,22.097,49.997,54.654,56.528,57.518,481.02,471.469,74.9,20,20,40,multiprocess_sample_only,,
yjit-on/puma-response-chunk-1024kb/puma-4w-3t/repeat-3,yjit-on,true,puma-response-chunk-1024kb,puma-response-time-wrk,puma/benchmarks/local/response_time_wrk,https://github.com/puma/puma/blob/main/benchmarks/local/response_time_wrk.rb,puma-4w-3t,12,puma,4,3,1012,1000,5.082,5.0,1000,1000,4.973,2.0,19,true,1012,0,199.128,95.175,102.883,108.286,112.752,115.195,440.43,437.5,74.616,20,19,19,multiprocess_sample_only,,
yjit-on/puma-response-string-1024kb/puma-4w-3t/repeat-3,yjit-on,true,puma-response-string-1024kb,puma-response-time-wrk,puma/benchmarks/local/response_time_wrk,https://github.com/puma/puma/blob/main/benchmarks/local/response_time_wrk.rb,puma-4w-3t,12,puma,4,3,4168,1000,5.018,5.0,1000,1685,2.02,2.0,19,true,4168,0,830.598,20.986,50.184,54.352,58.138,59.42,420.574,386.703,73.57,20,20,41,multiprocess_sample_only,,
yjit-on/puma-response-io-1024kb/puma-4w-3t/repeat-3,yjit-on,true,puma-response-io-1024kb,puma-response-time-wrk,puma/benchmarks/local/response_time_wrk,https://github.com/puma/puma/blob/main/benchmarks/local/response_time_wrk.rb,puma-4w-3t,12,puma,4,3,4162,1000,5.02,5.0,1000,1655,2.019,2.0,19,true,4162,0,829.091,21.011,50.431,54.13,56.561,56.677,393.766,393.766,72.065,20,20,41,multiprocess_sample_only,,
yjit-on/puma-response-array-2048kb/puma-4w-3t/repeat-3,yjit-on,true,puma-response-array-2048kb,puma-response-time-wrk,puma/benchmarks/local/response_time_wrk,https://github.com/puma/puma/blob/main/benchmarks/local/response_time_wrk.rb,puma-4w-3t,12,puma,4,3,2497,1000,5.037,5.0,1000,1008,2.037,2.0,19,true,2497,0,495.767,37.765,41.604,47.581,76.372,78.13,450.664,421.031,71.515,20,20,33,multiprocess_sample_only,,
yjit-on/puma-response-chunk-2048kb/puma-4w-3t/repeat-3,yjit-on,true,puma-response-chunk-2048kb,puma-response-time-wrk,puma/benchmarks/local/response_time_wrk,https://github.com/puma/puma/blob/main/benchmarks/local/response_time_wrk.rb,puma-4w-3t,12,puma,4,3,1000,1000,9.534,5.0,1000,1000,9.512,2.0,19,true,1000,0,104.89,180.014,193.259,199.5,207.605,224.356,462.078,447.684,71.6,20,20,21,multiprocess_sample_only,,
yjit-on/puma-response-string-2048kb/puma-4w-3t/repeat-3,yjit-on,true,puma-response-string-2048kb,puma-response-time-wrk,puma/benchmarks/local/response_time_wrk,https://github.com/puma/puma/blob/main/benchmarks/local/response_time_wrk.rb,puma-4w-3t,12,puma,4,3,2564,1000,5.034,5.0,1000,1055,2.036,2.0,19,true,2564,0,509.298,36.612,41.387,52.541,66.77,68.292,423.422,409.656,70.69,20,20,33,multiprocess_sample_only,,
yjit-on/puma-response-io-2048kb/puma-4w-3t/repeat-3,yjit-on,true,puma-response-io-2048kb,puma-response-time-wrk,puma/benchmarks/local/response_time_wrk,https://github.com/puma/puma/blob/main/benchmarks/local/response_time_wrk.rb,puma-4w-3t,12,puma,4,3,2582,1000,5.038,5.0,1000,1072,2.033,2.0,19,true,2582,0,512.468,36.537,40.823,45.916,66.357,68.967,413.52,404.625,69.315,20,20,34,multiprocess_sample_only,,
yjit-on/puma-long-tail-fib-200ms-x6p0/puma-4w-3t/repeat-3,yjit-on,true,puma-long-tail-fib-200ms-x6p0,puma-long-tail-hey,puma/benchmarks/local/long_tail_hey + test/rackup/sleep_fibonacci,https://github.com/puma/puma/blob/main/benchmarks/local/long_tail_hey.rb,puma-4w-3t,12,puma,4,3,1440,1440,57.574,5.0,1000,1000,43.551,2.0,72,true,1440,0,25.011,2631.673,3001.475,3024.839,3043.797,3047.249,443.949,443.949,137.98,20,20,649,multiprocess_sample_only,,
yjit-on/puma-long-tail-fib-200ms-x4p0/puma-4w-3t/repeat-3,yjit-on,true,puma-long-tail-fib-200ms-x4p0,puma-long-tail-hey,puma/benchmarks/local/long_tail_hey + test/rackup/sleep_fibonacci,https://github.com/puma/puma/blob/main/benchmarks/local/long_tail_hey.rb,puma-4w-3t,12,puma,4,3,960,960,40.121,5.0,960,960,42.641,2.0,48,true,960,0,23.928,1731.003,2141.424,2164.245,2173.443,2175.307,451.434,451.434,184.025,20,20,456,multiprocess_sample_only,,
yjit-on/puma-long-tail-fib-200ms-x3p0/puma-4w-3t/repeat-3,yjit-on,true,puma-long-tail-fib-200ms-x3p0,puma-long-tail-hey,puma/benchmarks/local/long_tail_hey + test/rackup/sleep_fibonacci,https://github.com/puma/puma/blob/main/benchmarks/local/long_tail_hey.rb,puma-4w-3t,12,puma,4,3,720,720,40.078,5.0,720,720,31.281,2.0,36,true,720,0,17.965,1256.894,2111.603,2166.985,2205.472,2205.726,462.129,462.129,204.255,20,20,489,multiprocess_sample_only,,
yjit-on/puma-long-tail-fib-200ms-x2p0/puma-4w-3t/repeat-3,yjit-on,true,puma-long-tail-fib-200ms-x2p0,puma-long-tail-hey,puma/benchmarks/local/long_tail_hey + test/rackup/sleep_fibonacci,https://github.com/puma/puma/blob/main/benchmarks/local/long_tail_hey.rb,puma-4w-3t,12,puma,4,3,480,480,25.873,5.0,480,480,25.832,2.0,24,true,480,0,18.552,878.027,1321.198,1335.864,1355.406,1362.714,479.555,479.555,209.03,20,20,321,multiprocess_sample_only,,
yjit-on/puma-long-tail-fib-200ms-x1p5/puma-4w-3t/repeat-3,yjit-on,true,puma-long-tail-fib-200ms-x1p5,puma-long-tail-hey,puma/benchmarks/local/long_tail_hey + test/rackup/sleep_fibonacci,https://github.com/puma/puma/blob/main/benchmarks/local/long_tail_hey.rb,puma-4w-3t,12,puma,4,3,360,360,17.404,5.0,360,360,20.211,2.0,18,true,360,0,20.685,823.837,891.468,897.18,904.855,907.926,484.539,484.539,212.04,20,20,217,multiprocess_sample_only,,
yjit-on/puma-long-tail-fib-200ms-x1p0/puma-4w-3t/repeat-3,yjit-on,true,puma-long-tail-fib-200ms-x1p0,puma-long-tail-hey,puma/benchmarks/local/long_tail_hey + test/rackup/sleep_fibonacci,https://github.com/puma/puma/blob/main/benchmarks/local/long_tail_hey.rb,puma-4w-3t,12,puma,4,3,245,240,17.182,5.0,240,240,14.415,2.0,12,true,245,0,14.259,449.891,879.604,908.996,937.335,938.744,478.785,478.785,213.47,20,20,228,multiprocess_sample_only,,
yjit-on/puma-long-tail-fib-200ms-x0p5/puma-4w-3t/repeat-3,yjit-on,true,puma-long-tail-fib-200ms-x0p5,puma-long-tail-hey,puma/benchmarks/local/long_tail_hey + test/rackup/sleep_fibonacci,https://github.com/puma/puma/blob/main/benchmarks/local/long_tail_hey.rb,puma-4w-3t,12,puma,4,3,120,120,11.444,5.0,120,120,8.518,2.0,6,true,120,0,10.486,443.021,803.372,832.574,835.733,835.879,482.141,482.141,211.915,20,20,156,multiprocess_sample_only,,
yjit-on/puma-sleep-fibonacci-1ms/puma-4w-3t/repeat-3,yjit-on,true,puma-sleep-fibonacci-1ms,puma-sleep-fibonacci-test,puma/benchmarks/local/sleep_fibonacci_test + test/rackup/sleep_fibonacci,https://github.com/puma/puma/blob/main/benchmarks/local/sleep_fibonacci_test.rb,puma-4w-3t,12,puma,4,3,1635,10,5.003,5.0,10,640,2.001,2.0,1,true,1635,0,326.823,3.061,3.151,3.447,4.351,4.385,505.984,502.73,209.77,20,20,70,multiprocess_sample_only,,
yjit-on/puma-sleep-fibonacci-5ms/puma-4w-3t/repeat-3,yjit-on,true,puma-sleep-fibonacci-5ms,puma-sleep-fibonacci-test,puma/benchmarks/local/sleep_fibonacci_test + test/rackup/sleep_fibonacci,https://github.com/puma/puma/blob/main/benchmarks/local/sleep_fibonacci_test.rb,puma-4w-3t,12,puma,4,3,481,10,5.01,5.0,10,192,2.008,2.0,1,true,481,0,96.015,10.468,10.571,10.784,11.52,11.912,517.836,517.836,207.805,20,20,70,multiprocess_sample_only,,
yjit-on/puma-sleep-fibonacci-10ms/puma-4w-3t/repeat-3,yjit-on,true,puma-sleep-fibonacci-10ms,puma-sleep-fibonacci-test,puma/benchmarks/local/sleep_fibonacci_test + test/rackup/sleep_fibonacci,https://github.com/puma/puma/blob/main/benchmarks/local/sleep_fibonacci_test.rb,puma-4w-3t,12,puma,4,3,361,10,5.006,5.0,10,145,2.012,2.0,1,true,361,0,72.118,13.859,14.026,14.215,14.434,14.495,532.59,532.59,206.075,20,20,70,multiprocess_sample_only,,
yjit-on/puma-sleep-fibonacci-50ms/puma-4w-3t/repeat-3,yjit-on,true,puma-sleep-fibonacci-50ms,puma-sleep-fibonacci-test,puma/benchmarks/local/sleep_fibonacci_test + test/rackup/sleep_fibonacci,https://github.com/puma/puma/blob/main/benchmarks/local/sleep_fibonacci_test.rb,puma-4w-3t,12,puma,4,3,99,10,5.004,5.0,10,40,2.018,2.0,1,true,99,0,19.784,50.454,50.818,51.313,51.67,51.71,533.988,533.988,204.49,20,20,70,multiprocess_sample_only,,
yjit-on/puma-sleep-fibonacci-100ms/puma-4w-3t/repeat-3,yjit-on,true,puma-sleep-fibonacci-100ms,puma-sleep-fibonacci-test,puma/benchmarks/local/sleep_fibonacci_test + test/rackup/sleep_fibonacci,https://github.com/puma/puma/blob/main/benchmarks/local/sleep_fibonacci_test.rb,puma-4w-3t,12,puma,4,3,50,10,5.03,5.0,10,20,2.013,2.0,1,true,50,0,9.941,100.517,100.645,100.948,101.158,101.181,533.988,533.988,203.015,20,20,71,multiprocess_sample_only,,
yjit-on/puma-sleep-fibonacci-200ms/puma-4w-3t/repeat-3,yjit-on,true,puma-sleep-fibonacci-200ms,puma-sleep-fibonacci-test,puma/benchmarks/local/sleep_fibonacci_test + test/rackup/sleep_fibonacci,https://github.com/puma/puma/blob/main/benchmarks/local/sleep_fibonacci_test.rb,puma-4w-3t,12,puma,4,3,25,10,5.016,5.0,10,10,2.007,2.0,1,true,25,0,4.984,200.568,200.639,200.688,200.7,200.701,533.992,533.992,201.565,20,20,70,multiprocess_sample_only,,
