run_id,runtime,yjit,scenario,scenario_family,benchmark_source,benchmark_source_url,server,server_capacity,adapter,workers,threads,requests,target_requests,duration_s,min_duration_s,target_warmup_requests,warmup_requests,warmup_duration_s,warmup_min_duration_s,concurrency,keep_alive,completed,errors,achieved_rps,p50_ms,p95_ms,p99_ms,p999_ms,max_ms,rss_mb_peak,rss_mb_end,cpu_pct_avg,target_sample_count,sample_count,raw_sample_count,gc_delta_scope,gc_count_delta,total_allocated_objects_delta
yjit-off/puma-response-array-1kb/raptor-3r/repeat-1,yjit-off,false,puma-response-array-1kb,puma-response-time-wrk,puma/benchmarks/local/response_time_wrk,https://github.com/puma/puma/blob/main/benchmarks/local/response_time_wrk.rb,raptor-3r,3,raptor,3,,1000,1000,16.127,5.0,1000,1000,16.158,2.0,5,true,1000,0,62.007,40.983,41.952,42.555,4037.567,4039.104,29.297,29.297,3.095,20,20,237,same_worker,15,721191
yjit-off/puma-response-chunk-1kb/raptor-3r/repeat-1,yjit-off,false,puma-response-chunk-1kb,puma-response-time-wrk,puma/benchmarks/local/response_time_wrk,https://github.com/puma/puma/blob/main/benchmarks/local/response_time_wrk.rb,raptor-3r,3,raptor,3,,1000,1000,16.115,5.0,1000,1000,16.134,2.0,5,true,1000,0,62.053,40.981,41.947,42.288,4028.648,4029.47,29.488,29.488,2.58,20,20,237,same_worker,15,716313
yjit-off/puma-response-string-1kb/raptor-3r/repeat-1,yjit-off,false,puma-response-string-1kb,puma-response-time-wrk,puma/benchmarks/local/response_time_wrk,https://github.com/puma/puma/blob/main/benchmarks/local/response_time_wrk.rb,raptor-3r,3,raptor,3,,1000,1000,16.116,5.0,1000,1000,16.138,2.0,5,true,1000,0,62.051,40.977,41.961,42.398,4026.449,4031.375,29.492,29.492,2.405,20,20,237,same_worker,14,718061
yjit-off/puma-response-io-1kb/raptor-3r/repeat-1,yjit-off,false,puma-response-io-1kb,puma-response-time-wrk,puma/benchmarks/local/response_time_wrk,https://github.com/puma/puma/blob/main/benchmarks/local/response_time_wrk.rb,raptor-3r,3,raptor,3,,1000,1000,16.12,5.0,1000,1000,16.145,2.0,5,true,1000,0,62.035,40.978,41.973,42.257,4027.734,4028.904,29.492,29.492,2.4,20,20,237,same_worker,15,727297
yjit-off/puma-response-array-10kb/raptor-3r/repeat-1,yjit-off,false,puma-response-array-10kb,puma-response-time-wrk,puma/benchmarks/local/response_time_wrk,https://github.com/puma/puma/blob/main/benchmarks/local/response_time_wrk.rb,raptor-3r,3,raptor,3,,1000,1000,16.111,5.0,1000,1000,16.145,2.0,5,true,1000,0,62.07,40.976,41.973,42.409,4031.412,4031.594,29.539,29.539,2.4,20,20,237,same_worker,15,719293
yjit-off/puma-response-chunk-10kb/raptor-3r/repeat-1,yjit-off,false,puma-response-chunk-10kb,puma-response-time-wrk,puma/benchmarks/local/response_time_wrk,https://github.com/puma/puma/blob/main/benchmarks/local/response_time_wrk.rb,raptor-3r,3,raptor,3,,1000,1000,16.115,5.0,1000,1000,16.149,2.0,5,true,1000,0,62.054,40.978,41.961,42.291,4031.876,4032.762,29.594,29.594,2.4,20,20,237,same_worker,15,717863
yjit-off/puma-response-string-10kb/raptor-3r/repeat-1,yjit-off,false,puma-response-string-10kb,puma-response-time-wrk,puma/benchmarks/local/response_time_wrk,https://github.com/puma/puma/blob/main/benchmarks/local/response_time_wrk.rb,raptor-3r,3,raptor,3,,1000,1000,16.098,5.0,1000,1000,16.161,2.0,5,true,1000,0,62.121,40.973,41.763,42.238,4024.378,4030.165,29.609,29.609,2.395,20,20,237,same_worker,14,718622
yjit-off/puma-response-io-10kb/raptor-3r/repeat-1,yjit-off,false,puma-response-io-10kb,puma-response-time-wrk,puma/benchmarks/local/response_time_wrk,https://github.com/puma/puma/blob/main/benchmarks/local/response_time_wrk.rb,raptor-3r,3,raptor,3,,1000,1000,16.121,5.0,1000,1000,16.172,2.0,5,true,1000,0,62.029,40.977,41.97,42.316,4032.248,4033.13,30.273,30.273,2.4,20,20,237,same_worker,15,745305
yjit-off/puma-response-array-100kb/raptor-3r/repeat-1,yjit-off,false,puma-response-array-100kb,puma-response-time-wrk,puma/benchmarks/local/response_time_wrk,https://github.com/puma/puma/blob/main/benchmarks/local/response_time_wrk.rb,raptor-3r,3,raptor,3,,1000,1000,14.407,5.0,1000,1000,13.689,2.0,5,true,1000,0,69.411,40.955,41.945,42.929,3435.525,3624.747,30.352,30.352,2.49,20,20,212,same_worker,14,719297
yjit-off/puma-response-chunk-100kb/raptor-3r/repeat-1,yjit-off,false,puma-response-chunk-100kb,puma-response-time-wrk,puma/benchmarks/local/response_time_wrk,https://github.com/puma/puma/blob/main/benchmarks/local/response_time_wrk.rb,raptor-3r,3,raptor,3,,1000,1000,15.038,5.0,1000,1000,13.308,2.0,5,true,1000,0,66.499,40.961,41.956,42.264,3746.501,3908.253,30.352,30.352,2.6,20,20,221,same_worker,15,718051
yjit-off/puma-response-string-100kb/raptor-3r/repeat-1,yjit-off,false,puma-response-string-100kb,puma-response-time-wrk,puma/benchmarks/local/response_time_wrk,https://github.com/puma/puma/blob/main/benchmarks/local/response_time_wrk.rb,raptor-3r,3,raptor,3,,13491,1000,5.001,5.0,1000,5384,2.002,2.0,5,true,13491,0,2697.458,1.001,1.906,7.782,105.875,120.621,30.531,30.531,3.785,20,20,72,same_worker,200,9698132
yjit-off/puma-response-io-100kb/raptor-3r/repeat-1,yjit-off,false,puma-response-io-100kb,puma-response-time-wrk,puma/benchmarks/local/response_time_wrk,https://github.com/puma/puma/blob/main/benchmarks/local/response_time_wrk.rb,raptor-3r,3,raptor,3,,1000,1000,14.142,5.0,1000,1000,14.044,2.0,5,true,1000,0,70.712,40.967,41.999,42.659,3396.887,3443.294,41.32,41.32,4.42,20,20,208,same_worker,19,924123
yjit-off/puma-response-array-256kb/raptor-3r/repeat-1,yjit-off,false,puma-response-array-256kb,puma-response-time-wrk,puma/benchmarks/local/response_time_wrk,https://github.com/puma/puma/blob/main/benchmarks/local/response_time_wrk.rb,raptor-3r,3,raptor,3,,1000,1000,8.909,5.0,1000,1000,8.65,2.0,5,true,1000,0,112.244,40.966,42.289,43.18,2451.488,2617.525,41.32,41.32,4.57,20,20,131,same_worker,16,718263
yjit-off/puma-response-chunk-256kb/raptor-3r/repeat-1,yjit-off,false,puma-response-chunk-256kb,puma-response-time-wrk,puma/benchmarks/local/response_time_wrk,https://github.com/puma/puma/blob/main/benchmarks/local/response_time_wrk.rb,raptor-3r,3,raptor,3,,1000,1000,11.037,5.0,1000,1000,10.769,2.0,5,true,1000,0,90.602,41.033,42.253,43.119,3074.884,3146.002,41.32,41.32,4.7,20,20,162,same_worker,16,716307
yjit-off/puma-response-string-256kb/raptor-3r/repeat-1,yjit-off,false,puma-response-string-256kb,puma-response-time-wrk,puma/benchmarks/local/response_time_wrk,https://github.com/puma/puma/blob/main/benchmarks/local/response_time_wrk.rb,raptor-3r,3,raptor,3,,10273,1000,5.002,5.0,1000,4148,2.003,2.0,5,true,10273,0,2053.853,1.279,2.539,7.023,142.96,202.878,41.32,41.32,5.525,20,20,72,same_worker,166,7386580
yjit-off/puma-response-io-256kb/raptor-3r/repeat-1,yjit-off,false,puma-response-io-256kb,puma-response-time-wrk,puma/benchmarks/local/response_time_wrk,https://github.com/puma/puma/blob/main/benchmarks/local/response_time_wrk.rb,raptor-3r,3,raptor,3,,1000,1000,10.247,5.0,1000,1000,10.859,2.0,5,true,1000,0,97.592,41.749,42.726,43.692,2633.511,3337.221,51.363,51.363,6.1,20,20,151,same_worker,28,1238197
yjit-off/puma-response-array-512kb/raptor-3r/repeat-1,yjit-off,false,puma-response-array-512kb,puma-response-time-wrk,puma/benchmarks/local/response_time_wrk,https://github.com/puma/puma/blob/main/benchmarks/local/response_time_wrk.rb,raptor-3r,3,raptor,3,,1000,1000,13.789,5.0,1000,1000,13.468,2.0,5,true,1000,0,72.524,41.936,42.939,43.404,3484.652,3560.277,51.363,51.363,6.225,20,20,203,same_worker,16,719313
yjit-off/puma-response-chunk-512kb/raptor-3r/repeat-1,yjit-off,false,puma-response-chunk-512kb,puma-response-time-wrk,puma/benchmarks/local/response_time_wrk,https://github.com/puma/puma/blob/main/benchmarks/local/response_time_wrk.rb,raptor-3r,3,raptor,3,,1000,1000,12.038,5.0,1000,1000,13.243,2.0,5,true,1000,0,83.071,41.913,42.906,43.734,2712.35,3683.315,51.363,51.363,6.36,20,20,177,same_worker,16,715512
yjit-off/puma-response-string-512kb/raptor-3r/repeat-1,yjit-off,false,puma-response-string-512kb,puma-response-time-wrk,puma/benchmarks/local/response_time_wrk,https://github.com/puma/puma/blob/main/benchmarks/local/response_time_wrk.rb,raptor-3r,3,raptor,3,,7279,1000,5.002,5.0,1000,2913,2.003,2.0,5,true,7279,0,1455.081,1.746,3.574,13.101,205.477,218.289,51.363,51.363,6.895,20,20,71,same_worker,118,5233712
yjit-off/puma-response-io-512kb/raptor-3r/repeat-1,yjit-off,false,puma-response-io-512kb,puma-response-time-wrk,puma/benchmarks/local/response_time_wrk,https://github.com/puma/puma/blob/main/benchmarks/local/response_time_wrk.rb,raptor-3r,3,raptor,3,,1000,1000,12.206,5.0,1000,1000,14.366,2.0,5,true,1000,0,81.926,41.968,43.427,44.747,3428.511,3541.198,65.363,65.363,7.365,20,20,179,same_worker,41,1749412
yjit-off/puma-response-array-1024kb/raptor-3r/repeat-1,yjit-off,false,puma-response-array-1024kb,puma-response-time-wrk,puma/benchmarks/local/response_time_wrk,https://github.com/puma/puma/blob/main/benchmarks/local/response_time_wrk.rb,raptor-3r,3,raptor,3,,1000,1000,14.603,5.0,1000,1000,14.652,2.0,5,true,1000,0,68.479,42.022,43.883,45.512,3704.376,3790.633,65.363,65.363,7.65,20,20,214,same_worker,17,719305
yjit-off/puma-response-chunk-1024kb/raptor-3r/repeat-1,yjit-off,false,puma-response-chunk-1024kb,puma-response-time-wrk,puma/benchmarks/local/response_time_wrk,https://github.com/puma/puma/blob/main/benchmarks/local/response_time_wrk.rb,raptor-3r,3,raptor,3,,1000,1000,14.667,5.0,1000,1000,15.376,2.0,5,true,1000,0,68.181,42.63,44.002,45.902,3624.245,3834.358,65.363,65.363,7.915,20,20,215,same_worker,17,714427
yjit-off/puma-response-string-1024kb/raptor-3r/repeat-1,yjit-off,false,puma-response-string-1024kb,puma-response-time-wrk,puma/benchmarks/local/response_time_wrk,https://github.com/puma/puma/blob/main/benchmarks/local/response_time_wrk.rb,raptor-3r,3,raptor,3,,5396,1000,5.004,5.0,1000,2183,2.003,2.0,5,true,5396,0,1078.351,2.406,4.778,15.06,273.787,281.772,65.363,65.363,8.325,20,20,70,same_worker,89,3880200
yjit-off/puma-response-io-1024kb/raptor-3r/repeat-1,yjit-off,false,puma-response-io-1024kb,puma-response-time-wrk,puma/benchmarks/local/response_time_wrk,https://github.com/puma/puma/blob/main/benchmarks/local/response_time_wrk.rb,raptor-3r,3,raptor,3,,1000,1000,14.971,5.0,1000,1000,16.223,2.0,5,true,1000,0,66.795,42.979,44.98,48.921,3799.864,3914.276,74.746,74.746,8.915,20,20,220,same_worker,68,2772572
yjit-off/puma-response-array-2048kb/raptor-3r/repeat-1,yjit-off,false,puma-response-array-2048kb,puma-response-time-wrk,puma/benchmarks/local/response_time_wrk,https://github.com/puma/puma/blob/main/benchmarks/local/response_time_wrk.rb,raptor-3r,3,raptor,3,,1000,1000,15.311,5.0,1000,1000,15.901,2.0,5,true,1000,0,65.312,43.958,47.479,49.171,3813.305,3827.073,74.746,74.746,9.525,20,20,224,same_worker,17,718525
yjit-off/puma-response-chunk-2048kb/raptor-3r/repeat-1,yjit-off,false,puma-response-chunk-2048kb,puma-response-time-wrk,puma/benchmarks/local/response_time_wrk,https://github.com/puma/puma/blob/main/benchmarks/local/response_time_wrk.rb,raptor-3r,3,raptor,3,,1000,1000,15.739,5.0,1000,1000,15.873,2.0,5,true,1000,0,63.536,43.992,46.594,49.364,3807.497,4089.578,74.746,74.746,10.11,20,20,231,same_worker,17,715938
yjit-off/puma-response-string-2048kb/raptor-3r/repeat-1,yjit-off,false,puma-response-string-2048kb,puma-response-time-wrk,puma/benchmarks/local/response_time_wrk,https://github.com/puma/puma/blob/main/benchmarks/local/response_time_wrk.rb,raptor-3r,3,raptor,3,,3378,1000,5.008,5.0,1000,1332,2.007,2.0,5,true,3378,0,674.567,4.107,7.732,39.653,429.705,461.19,76.254,76.254,10.485,20,20,68,same_worker,56,2431429
yjit-off/puma-response-io-2048kb/raptor-3r/repeat-1,yjit-off,false,puma-response-io-2048kb,puma-response-time-wrk,puma/benchmarks/local/response_time_wrk,https://github.com/puma/puma/blob/main/benchmarks/local/response_time_wrk.rb,raptor-3r,3,raptor,3,,1000,1000,16.795,5.0,1000,1000,17.349,2.0,5,true,1000,0,59.54,45.06,49.209,51.606,4108.811,4144.309,88.043,87.945,11.355,20,20,246,same_worker,128,4821763
yjit-off/puma-long-tail-fib-200ms-x6p0/raptor-3r/repeat-1,yjit-off,false,puma-long-tail-fib-200ms-x6p0,puma-long-tail-hey,puma/benchmarks/local/long_tail_hey + test/rackup/sleep_fibonacci,https://github.com/puma/puma/blob/main/benchmarks/local/long_tail_hey.rb,raptor-3r,3,raptor,3,,363,360,29.019,5.0,360,360,28.78,2.0,18,true,363,0,12.509,241.929,243.014,19609.829,24403.46,24406.651,88.227,88.227,21.05,20,20,424,same_worker,2,64573
yjit-off/puma-long-tail-fib-200ms-x4p0/raptor-3r/repeat-1,yjit-off,false,puma-long-tail-fib-200ms-x4p0,puma-long-tail-hey,puma/benchmarks/local/long_tail_hey + test/rackup/sleep_fibonacci,https://github.com/puma/puma/blob/main/benchmarks/local/long_tail_hey.rb,raptor-3r,3,raptor,3,,243,240,19.415,5.0,240,240,19.189,2.0,12,true,243,0,12.516,241.776,242.951,12805.934,14819.544,14819.908,88.242,88.242,29.545,20,20,284,same_worker,1,42098
yjit-off/puma-long-tail-fib-200ms-x3p0/raptor-3r/repeat-1,yjit-off,false,puma-long-tail-fib-200ms-x3p0,puma-long-tail-hey,puma/benchmarks/local/long_tail_hey + test/rackup/sleep_fibonacci,https://github.com/puma/puma/blob/main/benchmarks/local/long_tail_hey.rb,raptor-3r,3,raptor,3,,183,180,14.626,5.0,180,180,14.392,2.0,9,true,183,0,12.512,241.764,243.007,10021.416,10022.265,10022.323,88.25,88.25,35.15,20,20,214,same_worker,1,33498
yjit-off/puma-long-tail-fib-200ms-x2p0/raptor-3r/repeat-1,yjit-off,false,puma-long-tail-fib-200ms-x2p0,puma-long-tail-hey,puma/benchmarks/local/long_tail_hey + test/rackup/sleep_fibonacci,https://github.com/puma/puma/blob/main/benchmarks/local/long_tail_hey.rb,raptor-3r,3,raptor,3,,123,120,9.831,5.0,120,120,9.597,2.0,6,true,123,0,12.512,241.827,242.945,5229.85,5231.679,5231.86,88.262,88.262,38.805,20,20,145,same_worker,0,20660
yjit-off/puma-long-tail-fib-200ms-x1p5/raptor-3r/repeat-1,yjit-off,false,puma-long-tail-fib-200ms-x1p5,puma-long-tail-hey,puma/benchmarks/local/long_tail_hey + test/rackup/sleep_fibonacci,https://github.com/puma/puma/blob/main/benchmarks/local/long_tail_hey.rb,raptor-3r,3,raptor,3,,103,100,9.834,5.0,100,100,9.584,2.0,5,true,103,0,10.474,241.913,242.508,5135.191,5235.29,5235.32,88.266,88.266,41.475,20,20,145,same_worker,0,17775
yjit-off/puma-long-tail-fib-200ms-x1p0/raptor-3r/repeat-1,yjit-off,false,puma-long-tail-fib-200ms-x1p0,puma-long-tail-hey,puma/benchmarks/local/long_tail_hey + test/rackup/sleep_fibonacci,https://github.com/puma/puma/blob/main/benchmarks/local/long_tail_hey.rb,raptor-3r,3,raptor,3,,63,60,5.04,5.0,60,60,4.798,2.0,3,true,63,0,12.499,241.796,243.264,243.791,243.898,243.91,88.277,88.277,43.11,20,20,75,same_worker,1,12858
yjit-off/puma-long-tail-fib-200ms-x0p5/raptor-3r/repeat-1,yjit-off,false,puma-long-tail-fib-200ms-x0p5,puma-long-tail-hey,puma/benchmarks/local/long_tail_hey + test/rackup/sleep_fibonacci,https://github.com/puma/puma/blob/main/benchmarks/local/long_tail_hey.rb,raptor-3r,3,raptor,3,,42,40,5.034,5.0,40,40,4.8,2.0,2,true,42,0,8.344,241.713,242.219,242.266,242.27,242.271,88.277,88.277,44.1,20,20,75,same_worker,0,6960
yjit-off/puma-sleep-fibonacci-1ms/raptor-3r/repeat-1,yjit-off,false,puma-sleep-fibonacci-1ms,puma-sleep-fibonacci-test,puma/benchmarks/local/sleep_fibonacci_test + test/rackup/sleep_fibonacci,https://github.com/puma/puma/blob/main/benchmarks/local/sleep_fibonacci_test.rb,raptor-3r,3,raptor,3,,122,10,5.009,5.0,10,49,2.019,2.0,1,true,122,0,24.358,41.954,42.564,42.968,43.128,43.15,88.277,88.277,44.08,20,20,74,same_worker,1,22110
yjit-off/puma-sleep-fibonacci-5ms/raptor-3r/repeat-1,yjit-off,false,puma-sleep-fibonacci-5ms,puma-sleep-fibonacci-test,puma/benchmarks/local/sleep_fibonacci_test + test/rackup/sleep_fibonacci,https://github.com/puma/puma/blob/main/benchmarks/local/sleep_fibonacci_test.rb,raptor-3r,3,raptor,3,,110,10,5.041,5.0,10,44,2.022,2.0,1,true,110,0,21.822,46.957,47.94,48.088,48.099,48.099,88.344,88.344,43.785,20,20,75,same_worker,1,20656
yjit-off/puma-sleep-fibonacci-10ms/raptor-3r/repeat-1,yjit-off,false,puma-sleep-fibonacci-10ms,puma-sleep-fibonacci-test,puma/benchmarks/local/sleep_fibonacci_test + test/rackup/sleep_fibonacci,https://github.com/puma/puma/blob/main/benchmarks/local/sleep_fibonacci_test.rb,raptor-3r,3,raptor,3,,98,10,5.026,5.0,10,40,2.033,2.0,1,true,98,0,19.499,51.903,52.271,52.993,53.011,53.013,88.344,88.344,43.545,20,20,75,same_worker,0,15465
yjit-off/puma-sleep-fibonacci-50ms/raptor-3r/repeat-1,yjit-off,false,puma-sleep-fibonacci-50ms,puma-sleep-fibonacci-test,puma/benchmarks/local/sleep_fibonacci_test + test/rackup/sleep_fibonacci,https://github.com/puma/puma/blob/main/benchmarks/local/sleep_fibonacci_test.rb,raptor-3r,3,raptor,3,,55,10,5.016,5.0,10,23,2.075,2.0,1,true,55,0,10.965,91.954,92.134,92.984,92.994,92.995,88.352,88.352,43.425,20,20,75,same_worker,1,9044
yjit-off/puma-sleep-fibonacci-100ms/raptor-3r/repeat-1,yjit-off,false,puma-sleep-fibonacci-100ms,puma-sleep-fibonacci-test,puma/benchmarks/local/sleep_fibonacci_test + test/rackup/sleep_fibonacci,https://github.com/puma/puma/blob/main/benchmarks/local/sleep_fibonacci_test.rb,raptor-3r,3,raptor,3,,36,10,5.072,5.0,10,15,2.088,2.0,1,true,36,0,7.098,141.966,142.137,142.396,142.485,142.495,88.352,88.352,43.49,20,20,76,same_worker,0,6528
yjit-off/puma-sleep-fibonacci-200ms/raptor-3r/repeat-1,yjit-off,false,puma-sleep-fibonacci-200ms,puma-sleep-fibonacci-test,puma/benchmarks/local/sleep_fibonacci_test + test/rackup/sleep_fibonacci,https://github.com/puma/puma/blob/main/benchmarks/local/sleep_fibonacci_test.rb,raptor-3r,3,raptor,3,,21,10,5.039,5.0,10,10,2.383,2.0,1,true,21,0,4.168,241.952,242.072,242.08,242.081,242.081,88.352,88.352,43.565,20,20,75,same_worker,0,3888
yjit-off/puma-response-array-1kb/raptor-3r/repeat-2,yjit-off,false,puma-response-array-1kb,puma-response-time-wrk,puma/benchmarks/local/response_time_wrk,https://github.com/puma/puma/blob/main/benchmarks/local/response_time_wrk.rb,raptor-3r,3,raptor,3,,1000,1000,16.107,5.0,1000,1000,16.143,2.0,5,true,1000,0,62.083,40.973,41.965,42.251,4026.523,4030.808,27.285,27.285,3.23,20,20,236,same_worker,32,719382
yjit-off/puma-response-chunk-1kb/raptor-3r/repeat-2,yjit-off,false,puma-response-chunk-1kb,puma-response-time-wrk,puma/benchmarks/local/response_time_wrk,https://github.com/puma/puma/blob/main/benchmarks/local/response_time_wrk.rb,raptor-3r,3,raptor,3,,1000,1000,16.115,5.0,1000,1000,16.143,2.0,5,true,1000,0,62.054,40.974,41.944,42.245,4032.529,4037.377,27.297,27.297,2.69,20,20,236,same_worker,33,716382
yjit-off/puma-response-string-1kb/raptor-3r/repeat-2,yjit-off,false,puma-response-string-1kb,puma-response-time-wrk,puma/benchmarks/local/response_time_wrk,https://github.com/puma/puma/blob/main/benchmarks/local/response_time_wrk.rb,raptor-3r,3,raptor,3,,1000,1000,16.12,5.0,1000,1000,16.143,2.0,5,true,1000,0,62.033,40.978,41.942,42.436,4031.001,4031.232,27.457,27.457,2.585,20,20,236,same_worker,33,718021
yjit-off/puma-response-io-1kb/raptor-3r/repeat-2,yjit-off,false,puma-response-io-1kb,puma-response-time-wrk,puma/benchmarks/local/response_time_wrk,https://github.com/puma/puma/blob/main/benchmarks/local/response_time_wrk.rb,raptor-3r,3,raptor,3,,1000,1000,16.125,5.0,1000,1000,16.165,2.0,5,true,1000,0,62.015,40.979,41.944,42.341,4027.699,4032.187,27.457,27.457,2.52,20,20,237,same_worker,33,727377
yjit-off/puma-response-array-10kb/raptor-3r/repeat-2,yjit-off,false,puma-response-array-10kb,puma-response-time-wrk,puma/benchmarks/local/response_time_wrk,https://github.com/puma/puma/blob/main/benchmarks/local/response_time_wrk.rb,raptor-3r,3,raptor,3,,1000,1000,16.107,5.0,1000,1000,16.134,2.0,5,true,1000,0,62.086,40.976,41.918,42.345,4026.916,4027.157,27.457,27.457,2.5,20,20,236,same_worker,33,719381
yjit-off/puma-response-chunk-10kb/raptor-3r/repeat-2,yjit-off,false,puma-response-chunk-10kb,puma-response-time-wrk,puma/benchmarks/local/response_time_wrk,https://github.com/puma/puma/blob/main/benchmarks/local/response_time_wrk.rb,raptor-3r,3,raptor,3,,1000,1000,16.108,5.0,1000,1000,16.146,2.0,5,true,1000,0,62.079,40.975,41.943,42.155,4028.515,4070.106,27.477,27.477,2.5,20,20,236,same_worker,33,716381
yjit-off/puma-response-string-10kb/raptor-3r/repeat-2,yjit-off,false,puma-response-string-10kb,puma-response-time-wrk,puma/benchmarks/local/response_time_wrk,https://github.com/puma/puma/blob/main/benchmarks/local/response_time_wrk.rb,raptor-3r,3,raptor,3,,1000,1000,16.107,5.0,1000,1000,16.137,2.0,5,true,1000,0,62.085,40.976,41.801,42.368,4024.858,4025.807,27.504,27.504,2.49,20,20,236,same_worker,33,718680
yjit-off/puma-response-io-10kb/raptor-3r/repeat-2,yjit-off,false,puma-response-io-10kb,puma-response-time-wrk,puma/benchmarks/local/response_time_wrk,https://github.com/puma/puma/blob/main/benchmarks/local/response_time_wrk.rb,raptor-3r,3,raptor,3,,1000,1000,16.113,5.0,1000,1000,16.174,2.0,5,true,1000,0,62.063,40.975,41.937,42.555,4030.798,4030.965,28.113,28.113,2.5,20,20,236,same_worker,35,744127
yjit-off/puma-response-array-100kb/raptor-3r/repeat-2,yjit-off,false,puma-response-array-100kb,puma-response-time-wrk,puma/benchmarks/local/response_time_wrk,https://github.com/puma/puma/blob/main/benchmarks/local/response_time_wrk.rb,raptor-3r,3,raptor,3,,1000,1000,15.452,5.0,1000,1000,13.149,2.0,5,true,1000,0,64.718,40.965,41.96,42.125,3826.407,3946.085,28.113,28.113,2.575,20,20,227,same_worker,33,720583
yjit-off/puma-response-chunk-100kb/raptor-3r/repeat-2,yjit-off,false,puma-response-chunk-100kb,puma-response-time-wrk,puma/benchmarks/local/response_time_wrk,https://github.com/puma/puma/blob/main/benchmarks/local/response_time_wrk.rb,raptor-3r,3,raptor,3,,1000,1000,15.016,5.0,1000,1000,14.629,2.0,5,true,1000,0,66.596,40.96,41.963,42.144,3793.874,3997.321,28.113,28.113,2.65,20,20,220,same_worker,33,715003
yjit-off/puma-response-string-100kb/raptor-3r/repeat-2,yjit-off,false,puma-response-string-100kb,puma-response-time-wrk,puma/benchmarks/local/response_time_wrk,https://github.com/puma/puma/blob/main/benchmarks/local/response_time_wrk.rb,raptor-3r,3,raptor,3,,12858,1000,5.001,5.0,1000,5395,2.002,2.0,5,true,12858,0,2570.84,1.027,2.073,6.781,107.331,121.954,28.508,28.508,3.865,20,20,72,same_worker,438,9246568
yjit-off/puma-response-io-100kb/raptor-3r/repeat-2,yjit-off,false,puma-response-io-100kb,puma-response-time-wrk,puma/benchmarks/local/response_time_wrk,https://github.com/puma/puma/blob/main/benchmarks/local/response_time_wrk.rb,raptor-3r,3,raptor,3,,1000,1000,12.62,5.0,1000,1000,13.768,2.0,5,true,1000,0,79.24,40.969,41.977,42.616,3601.191,3640.229,31.691,31.691,4.525,20,20,186,same_worker,46,925423
yjit-off/puma-response-array-256kb/raptor-3r/repeat-2,yjit-off,false,puma-response-array-256kb,puma-response-time-wrk,puma/benchmarks/local/response_time_wrk,https://github.com/puma/puma/blob/main/benchmarks/local/response_time_wrk.rb,raptor-3r,3,raptor,3,,1000,1000,12.452,5.0,1000,1000,9.09,2.0,5,true,1000,0,80.306,41.032,42.335,43.089,3424.738,3426.004,31.691,31.691,4.67,20,20,183,same_worker,34,719019
yjit-off/puma-response-chunk-256kb/raptor-3r/repeat-2,yjit-off,false,puma-response-chunk-256kb,puma-response-time-wrk,puma/benchmarks/local/response_time_wrk,https://github.com/puma/puma/blob/main/benchmarks/local/response_time_wrk.rb,raptor-3r,3,raptor,3,,1000,1000,11.261,5.0,1000,1000,9.455,2.0,5,true,1000,0,88.8,41.067,42.355,43.31,3063.312,3309.945,31.691,31.691,4.795,20,20,166,same_worker,35,716385
yjit-off/puma-response-string-256kb/raptor-3r/repeat-2,yjit-off,false,puma-response-string-256kb,puma-response-time-wrk,puma/benchmarks/local/response_time_wrk,https://github.com/puma/puma/blob/main/benchmarks/local/response_time_wrk.rb,raptor-3r,3,raptor,3,,10087,1000,5.002,5.0,1000,4156,2.002,2.0,5,true,10087,0,2016.497,1.283,2.595,33.609,136.77,210.157,32.141,32.141,5.63,20,20,72,same_worker,354,7254366
yjit-off/puma-response-io-256kb/raptor-3r/repeat-2,yjit-off,false,puma-response-io-256kb,puma-response-time-wrk,puma/benchmarks/local/response_time_wrk,https://github.com/puma/puma/blob/main/benchmarks/local/response_time_wrk.rb,raptor-3r,3,raptor,3,,1000,1000,11.365,5.0,1000,1000,12.725,2.0,5,true,1000,0,87.987,41.905,42.818,43.651,3382.1,3634.072,38.387,37.43,6.195,20,20,167,same_worker,68,1237854
yjit-off/puma-response-array-512kb/raptor-3r/repeat-2,yjit-off,false,puma-response-array-512kb,puma-response-time-wrk,puma/benchmarks/local/response_time_wrk,https://github.com/puma/puma/blob/main/benchmarks/local/response_time_wrk.rb,raptor-3r,3,raptor,3,,1000,1000,13.14,5.0,1000,1000,13.698,2.0,5,true,1000,0,76.106,41.932,42.916,43.674,3447.742,3513.917,37.43,37.43,6.3,20,20,193,same_worker,36,719101
yjit-off/puma-response-chunk-512kb/raptor-3r/repeat-2,yjit-off,false,puma-response-chunk-512kb,puma-response-time-wrk,puma/benchmarks/local/response_time_wrk,https://github.com/puma/puma/blob/main/benchmarks/local/response_time_wrk.rb,raptor-3r,3,raptor,3,,1000,1000,13.627,5.0,1000,1000,13.303,2.0,5,true,1000,0,73.383,41.93,42.929,43.629,3368.828,3484.571,37.43,37.43,6.44,20,20,200,same_worker,35,716249
yjit-off/puma-response-string-512kb/raptor-3r/repeat-2,yjit-off,false,puma-response-string-512kb,puma-response-time-wrk,puma/benchmarks/local/response_time_wrk,https://github.com/puma/puma/blob/main/benchmarks/local/response_time_wrk.rb,raptor-3r,3,raptor,3,,7447,1000,5.002,5.0,1000,2899,2.003,2.0,5,true,7447,0,1488.716,1.657,3.326,87.607,193.019,206.438,37.93,37.93,6.955,20,20,71,same_worker,267,5353270
yjit-off/puma-response-io-512kb/raptor-3r/repeat-2,yjit-off,false,puma-response-io-512kb,puma-response-time-wrk,puma/benchmarks/local/response_time_wrk,https://github.com/puma/puma/blob/main/benchmarks/local/response_time_wrk.rb,raptor-3r,3,raptor,3,,1000,1000,14.808,5.0,1000,1000,14.388,2.0,5,true,1000,0,67.533,41.962,43.119,44.028,3655.11,3709.547,42.422,42.422,7.445,20,20,217,same_worker,104,1749237
yjit-off/puma-response-array-1024kb/raptor-3r/repeat-2,yjit-off,false,puma-response-array-1024kb,puma-response-time-wrk,puma/benchmarks/local/response_time_wrk,https://github.com/puma/puma/blob/main/benchmarks/local/response_time_wrk.rb,raptor-3r,3,raptor,3,,1000,1000,14.478,5.0,1000,1000,14.776,2.0,5,true,1000,0,69.071,42.005,43.977,45.482,3706.995,3707.733,42.422,42.422,7.69,20,20,213,same_worker,36,720275
yjit-off/puma-response-chunk-1024kb/raptor-3r/repeat-2,yjit-off,false,puma-response-chunk-1024kb,puma-response-time-wrk,puma/benchmarks/local/response_time_wrk,https://github.com/puma/puma/blob/main/benchmarks/local/response_time_wrk.rb,raptor-3r,3,raptor,3,,1000,1000,14.672,5.0,1000,1000,14.732,2.0,5,true,1000,0,68.155,42.079,44.031,45.724,3660.555,3743.495,42.422,42.422,7.965,20,20,216,same_worker,36,715177
yjit-off/puma-response-string-1024kb/raptor-3r/repeat-2,yjit-off,false,puma-response-string-1024kb,puma-response-time-wrk,puma/benchmarks/local/response_time_wrk,https://github.com/puma/puma/blob/main/benchmarks/local/response_time_wrk.rb,raptor-3r,3,raptor,3,,5378,1000,5.004,5.0,1000,2174,2.003,2.0,5,true,5378,0,1074.767,2.415,4.989,16.191,271.268,295.379,45.609,45.609,8.375,20,20,70,same_worker,198,3865267
yjit-off/puma-response-io-1024kb/raptor-3r/repeat-2,yjit-off,false,puma-response-io-1024kb,puma-response-time-wrk,puma/benchmarks/local/response_time_wrk,https://github.com/puma/puma/blob/main/benchmarks/local/response_time_wrk.rb,raptor-3r,3,raptor,3,,1000,1000,15.304,5.0,1000,1000,16.635,2.0,5,true,1000,0,65.342,43.007,45.576,46.728,3993.165,4168.921,51.863,51.863,8.965,20,20,225,same_worker,159,2773869
yjit-off/puma-response-array-2048kb/raptor-3r/repeat-2,yjit-off,false,puma-response-array-2048kb,puma-response-time-wrk,puma/benchmarks/local/response_time_wrk,https://github.com/puma/puma/blob/main/benchmarks/local/response_time_wrk.rb,raptor-3r,3,raptor,3,,1000,1000,15.423,5.0,1000,1000,15.866,2.0,5,true,1000,0,64.84,43.967,46.716,48.953,3715.801,3763.519,51.863,51.863,9.585,20,20,226,same_worker,32,719373
yjit-off/puma-response-chunk-2048kb/raptor-3r/repeat-2,yjit-off,false,puma-response-chunk-2048kb,puma-response-time-wrk,puma/benchmarks/local/response_time_wrk,https://github.com/puma/puma/blob/main/benchmarks/local/response_time_wrk.rb,raptor-3r,3,raptor,3,,1000,1000,15.452,5.0,1000,1000,16.341,2.0,5,true,1000,0,64.718,43.98,46.962,50.339,3790.133,3864.76,51.863,51.863,10.2,20,20,227,same_worker,32,715356
yjit-off/puma-response-string-2048kb/raptor-3r/repeat-2,yjit-off,false,puma-response-string-2048kb,puma-response-time-wrk,puma/benchmarks/local/response_time_wrk,https://github.com/puma/puma/blob/main/benchmarks/local/response_time_wrk.rb,raptor-3r,3,raptor,3,,3516,1000,5.005,5.0,1000,1424,2.007,2.0,5,true,3516,0,702.429,3.966,7.291,13.051,422.772,478.499,57.875,57.875,10.56,20,20,67,same_worker,116,2527885
yjit-off/puma-response-io-2048kb/raptor-3r/repeat-2,yjit-off,false,puma-response-io-2048kb,puma-response-time-wrk,puma/benchmarks/local/response_time_wrk,https://github.com/puma/puma/blob/main/benchmarks/local/response_time_wrk.rb,raptor-3r,3,raptor,3,,1000,1000,16.74,5.0,1000,1000,17.29,2.0,5,true,1000,0,59.736,45.35,49.979,51.384,4228.737,4300.036,78.84,78.785,11.525,20,20,245,same_worker,118,4821714
yjit-off/puma-long-tail-fib-200ms-x6p0/raptor-3r/repeat-2,yjit-off,false,puma-long-tail-fib-200ms-x6p0,puma-long-tail-hey,puma/benchmarks/local/long_tail_hey + test/rackup/sleep_fibonacci,https://github.com/puma/puma/blob/main/benchmarks/local/long_tail_hey.rb,raptor-3r,3,raptor,3,,363,360,29.003,5.0,360,360,28.749,2.0,18,true,363,0,12.516,241.734,243.341,19603.578,24396.106,24396.565,79.063,79.063,21.09,20,20,423,same_worker,2,62983
yjit-off/puma-long-tail-fib-200ms-x4p0/raptor-3r/repeat-2,yjit-off,false,puma-long-tail-fib-200ms-x4p0,puma-long-tail-hey,puma/benchmarks/local/long_tail_hey + test/rackup/sleep_fibonacci,https://github.com/puma/puma/blob/main/benchmarks/local/long_tail_hey.rb,raptor-3r,3,raptor,3,,243,240,19.423,5.0,240,240,19.163,2.0,12,true,243,0,12.511,241.928,243.029,12798.686,14811.122,14811.961,79.105,79.105,29.51,20,20,284,same_worker,0,41099
yjit-off/puma-long-tail-fib-200ms-x3p0/raptor-3r/repeat-2,yjit-off,false,puma-long-tail-fib-200ms-x3p0,puma-long-tail-hey,puma/benchmarks/local/long_tail_hey + test/rackup/sleep_fibonacci,https://github.com/puma/puma/blob/main/benchmarks/local/long_tail_hey.rb,raptor-3r,3,raptor,3,,183,180,14.634,5.0,180,180,14.378,2.0,9,true,183,0,12.505,241.936,242.955,10026.207,10027.343,10027.497,79.125,79.125,35.045,20,20,215,same_worker,1,32719
yjit-off/puma-long-tail-fib-200ms-x2p0/raptor-3r/repeat-2,yjit-off,false,puma-long-tail-fib-200ms-x2p0,puma-long-tail-hey,puma/benchmarks/local/long_tail_hey + test/rackup/sleep_fibonacci,https://github.com/puma/puma/blob/main/benchmarks/local/long_tail_hey.rb,raptor-3r,3,raptor,3,,123,120,9.833,5.0,120,120,9.583,2.0,6,true,123,0,12.509,241.809,242.959,5234.991,5237.493,5237.831,79.125,79.125,38.635,20,20,144,same_worker,1,22291
yjit-off/puma-long-tail-fib-200ms-x1p5/raptor-3r/repeat-2,yjit-off,false,puma-long-tail-fib-200ms-x1p5,puma-long-tail-hey,puma/benchmarks/local/long_tail_hey + test/rackup/sleep_fibonacci,https://github.com/puma/puma/blob/main/benchmarks/local/long_tail_hey.rb,raptor-3r,3,raptor,3,,103,100,9.825,5.0,100,100,9.583,2.0,5,true,103,0,10.484,241.535,242.64,5130.062,5229.822,5229.824,79.137,79.137,41.3,20,20,144,same_worker,0,17039
yjit-off/puma-long-tail-fib-200ms-x1p0/raptor-3r/repeat-2,yjit-off,false,puma-long-tail-fib-200ms-x1p0,puma-long-tail-hey,puma/benchmarks/local/long_tail_hey + test/rackup/sleep_fibonacci,https://github.com/puma/puma/blob/main/benchmarks/local/long_tail_hey.rb,raptor-3r,3,raptor,3,,63,60,5.037,5.0,60,60,4.794,2.0,3,true,63,0,12.508,241.725,242.717,243.788,244.01,244.035,79.137,79.137,42.935,20,20,75,same_worker,0,10987
yjit-off/puma-long-tail-fib-200ms-x0p5/raptor-3r/repeat-2,yjit-off,false,puma-long-tail-fib-200ms-x0p5,puma-long-tail-hey,puma/benchmarks/local/long_tail_hey + test/rackup/sleep_fibonacci,https://github.com/puma/puma/blob/main/benchmarks/local/long_tail_hey.rb,raptor-3r,3,raptor,3,,42,40,5.035,5.0,40,40,4.797,2.0,2,true,42,0,8.342,241.673,242.536,242.998,243.186,243.207,79.137,79.137,43.91,20,20,75,same_worker,0,6637
yjit-off/puma-sleep-fibonacci-1ms/raptor-3r/repeat-2,yjit-off,false,puma-sleep-fibonacci-1ms,puma-sleep-fibonacci-test,puma/benchmarks/local/sleep_fibonacci_test + test/rackup/sleep_fibonacci,https://github.com/puma/puma/blob/main/benchmarks/local/sleep_fibonacci_test.rb,raptor-3r,3,raptor,3,,122,10,5.01,5.0,10,49,2.019,2.0,1,true,122,0,24.349,41.963,42.782,43.015,43.036,43.038,79.148,79.148,43.9,20,20,75,same_worker,1,22238
yjit-off/puma-sleep-fibonacci-5ms/raptor-3r/repeat-2,yjit-off,false,puma-sleep-fibonacci-5ms,puma-sleep-fibonacci-test,puma/benchmarks/local/sleep_fibonacci_test + test/rackup/sleep_fibonacci,https://github.com/puma/puma/blob/main/benchmarks/local/sleep_fibonacci_test.rb,raptor-3r,3,raptor,3,,110,10,5.03,5.0,10,45,2.044,2.0,1,true,110,0,21.869,46.957,47.238,47.961,47.977,47.979,79.148,79.148,43.605,20,20,75,same_worker,1,21863
yjit-off/puma-sleep-fibonacci-10ms/raptor-3r/repeat-2,yjit-off,false,puma-sleep-fibonacci-10ms,puma-sleep-fibonacci-test,puma/benchmarks/local/sleep_fibonacci_test + test/rackup/sleep_fibonacci,https://github.com/puma/puma/blob/main/benchmarks/local/sleep_fibonacci_test.rb,raptor-3r,3,raptor,3,,99,10,5.037,5.0,10,40,2.024,2.0,1,true,99,0,19.655,50.979,51.997,52.034,52.034,52.034,79.289,79.289,43.36,20,20,75,same_worker,0,17616
yjit-off/puma-sleep-fibonacci-50ms/raptor-3r/repeat-2,yjit-off,false,puma-sleep-fibonacci-50ms,puma-sleep-fibonacci-test,puma/benchmarks/local/sleep_fibonacci_test + test/rackup/sleep_fibonacci,https://github.com/puma/puma/blob/main/benchmarks/local/sleep_fibonacci_test.rb,raptor-3r,3,raptor,3,,56,10,5.09,5.0,10,23,2.068,2.0,1,true,56,0,11.002,91.901,92.009,92.505,92.917,92.963,79.289,79.289,43.3,20,20,76,same_worker,0,10048
yjit-off/puma-sleep-fibonacci-100ms/raptor-3r/repeat-2,yjit-off,false,puma-sleep-fibonacci-100ms,puma-sleep-fibonacci-test,puma/benchmarks/local/sleep_fibonacci_test + test/rackup/sleep_fibonacci,https://github.com/puma/puma/blob/main/benchmarks/local/sleep_fibonacci_test.rb,raptor-3r,3,raptor,3,,36,10,5.067,5.0,10,15,2.086,2.0,1,true,36,0,7.104,141.953,142.175,142.682,142.809,142.823,79.289,79.289,43.3,20,20,75,same_worker,0,6450
yjit-off/puma-sleep-fibonacci-200ms/raptor-3r/repeat-2,yjit-off,false,puma-sleep-fibonacci-200ms,puma-sleep-fibonacci-test,puma/benchmarks/local/sleep_fibonacci_test + test/rackup/sleep_fibonacci,https://github.com/puma/puma/blob/main/benchmarks/local/sleep_fibonacci_test.rb,raptor-3r,3,raptor,3,,21,10,5.036,5.0,10,10,2.38,2.0,1,true,21,0,4.17,241.94,242.088,242.135,242.146,242.147,79.289,79.289,43.4,20,20,75,same_worker,0,3888
yjit-off/puma-response-array-1kb/raptor-3r/repeat-3,yjit-off,false,puma-response-array-1kb,puma-response-time-wrk,puma/benchmarks/local/response_time_wrk,https://github.com/puma/puma/blob/main/benchmarks/local/response_time_wrk.rb,raptor-3r,3,raptor,3,,1000,1000,16.113,5.0,1000,1000,16.146,2.0,5,true,1000,0,62.062,40.978,41.983,42.383,4031.263,4036.458,27.445,27.445,3.195,20,20,236,same_worker,29,718403
yjit-off/puma-response-chunk-1kb/raptor-3r/repeat-3,yjit-off,false,puma-response-chunk-1kb,puma-response-time-wrk,puma/benchmarks/local/response_time_wrk,https://github.com/puma/puma/blob/main/benchmarks/local/response_time_wrk.rb,raptor-3r,3,raptor,3,,1000,1000,16.113,5.0,1000,1000,16.151,2.0,5,true,1000,0,62.063,40.972,41.969,42.43,4028.182,4030.722,27.66,27.66,2.685,20,20,236,same_worker,28,715437
yjit-off/puma-response-string-1kb/raptor-3r/repeat-3,yjit-off,false,puma-response-string-1kb,puma-response-time-wrk,puma/benchmarks/local/response_time_wrk,https://github.com/puma/puma/blob/main/benchmarks/local/response_time_wrk.rb,raptor-3r,3,raptor,3,,1000,1000,16.106,5.0,1000,1000,16.138,2.0,5,true,1000,0,62.089,40.974,41.942,42.206,4027.243,4029.905,27.664,27.664,2.555,20,20,236,same_worker,28,719352
yjit-off/puma-response-io-1kb/raptor-3r/repeat-3,yjit-off,false,puma-response-io-1kb,puma-response-time-wrk,puma/benchmarks/local/response_time_wrk,https://github.com/puma/puma/blob/main/benchmarks/local/response_time_wrk.rb,raptor-3r,3,raptor,3,,1000,1000,16.112,5.0,1000,1000,16.159,2.0,5,true,1000,0,62.065,40.976,41.939,42.579,4028.102,4029.373,27.777,27.777,2.5,20,20,236,same_worker,29,727361
yjit-off/puma-response-array-10kb/raptor-3r/repeat-3,yjit-off,false,puma-response-array-10kb,puma-response-time-wrk,puma/benchmarks/local/response_time_wrk,https://github.com/puma/puma/blob/main/benchmarks/local/response_time_wrk.rb,raptor-3r,3,raptor,3,,1000,1000,16.113,5.0,1000,1000,16.141,2.0,5,true,1000,0,62.063,40.976,41.964,42.38,4027.762,4030.069,27.777,27.777,2.5,20,20,236,same_worker,28,718633
yjit-off/puma-response-chunk-10kb/raptor-3r/repeat-3,yjit-off,false,puma-response-chunk-10kb,puma-response-time-wrk,puma/benchmarks/local/response_time_wrk,https://github.com/puma/puma/blob/main/benchmarks/local/response_time_wrk.rb,raptor-3r,3,raptor,3,,1000,1000,16.11,5.0,1000,1000,16.134,2.0,5,true,1000,0,62.073,40.978,41.933,42.477,4028.222,4030.832,27.777,27.777,2.5,20,20,237,same_worker,28,715713
yjit-off/puma-response-string-10kb/raptor-3r/repeat-3,yjit-off,false,puma-response-string-10kb,puma-response-time-wrk,puma/benchmarks/local/response_time_wrk,https://github.com/puma/puma/blob/main/benchmarks/local/response_time_wrk.rb,raptor-3r,3,raptor,3,,1000,1000,16.102,5.0,1000,1000,16.14,2.0,5,true,1000,0,62.105,40.974,41.919,42.287,4026.25,4028.996,27.785,27.785,2.45,20,20,236,same_worker,29,718319
yjit-off/puma-response-io-10kb/raptor-3r/repeat-3,yjit-off,false,puma-response-io-10kb,puma-response-time-wrk,puma/benchmarks/local/response_time_wrk,https://github.com/puma/puma/blob/main/benchmarks/local/response_time_wrk.rb,raptor-3r,3,raptor,3,,1000,1000,16.106,5.0,1000,1000,16.157,2.0,5,true,1000,0,62.089,40.975,41.85,42.288,4026.693,4030.751,28.379,28.379,2.485,20,20,237,same_worker,29,744147
yjit-off/puma-response-array-100kb/raptor-3r/repeat-3,yjit-off,false,puma-response-array-100kb,puma-response-time-wrk,puma/benchmarks/local/response_time_wrk,https://github.com/puma/puma/blob/main/benchmarks/local/response_time_wrk.rb,raptor-3r,3,raptor,3,,1000,1000,14.601,5.0,1000,1000,14.067,2.0,5,true,1000,0,68.486,40.964,41.954,42.553,3589.783,3591.415,28.379,28.379,2.545,20,20,214,same_worker,28,719354
yjit-off/puma-response-chunk-100kb/raptor-3r/repeat-3,yjit-off,false,puma-response-chunk-100kb,puma-response-time-wrk,puma/benchmarks/local/response_time_wrk,https://github.com/puma/puma/blob/main/benchmarks/local/response_time_wrk.rb,raptor-3r,3,raptor,3,,1000,1000,15.203,5.0,1000,1000,14.345,2.0,5,true,1000,0,65.778,40.961,41.954,42.13,3786.043,3903.708,28.379,28.379,2.6,20,20,223,same_worker,29,714820
yjit-off/puma-response-string-100kb/raptor-3r/repeat-3,yjit-off,false,puma-response-string-100kb,puma-response-time-wrk,puma/benchmarks/local/response_time_wrk,https://github.com/puma/puma/blob/main/benchmarks/local/response_time_wrk.rb,raptor-3r,3,raptor,3,,13680,1000,5.001,5.0,1000,5551,2.002,2.0,5,true,13680,0,2735.319,0.996,1.782,7.089,104.703,112.844,28.82,28.82,3.82,20,20,72,same_worker,395,9838290
yjit-off/puma-response-io-100kb/raptor-3r/repeat-3,yjit-off,false,puma-response-io-100kb,puma-response-time-wrk,puma/benchmarks/local/response_time_wrk,https://github.com/puma/puma/blob/main/benchmarks/local/response_time_wrk.rb,raptor-3r,3,raptor,3,,1000,1000,14.212,5.0,1000,1000,14.371,2.0,5,true,1000,0,70.364,40.969,41.992,42.974,3678.252,3680.247,33.27,32.285,4.5,20,20,209,same_worker,39,925401
yjit-off/puma-response-array-256kb/raptor-3r/repeat-3,yjit-off,false,puma-response-array-256kb,puma-response-time-wrk,puma/benchmarks/local/response_time_wrk,https://github.com/puma/puma/blob/main/benchmarks/local/response_time_wrk.rb,raptor-3r,3,raptor,3,,1000,1000,10.601,5.0,1000,1000,8.534,2.0,5,true,1000,0,94.333,40.992,42.222,43.13,2984.729,3066.559,32.285,32.285,4.6,20,20,156,same_worker,29,720601
yjit-off/puma-response-chunk-256kb/raptor-3r/repeat-3,yjit-off,false,puma-response-chunk-256kb,puma-response-time-wrk,puma/benchmarks/local/response_time_wrk,https://github.com/puma/puma/blob/main/benchmarks/local/response_time_wrk.rb,raptor-3r,3,raptor,3,,1001,1000,10.112,5.0,1000,1000,8.477,2.0,5,true,1001,0,98.99,40.979,42.288,43.418,2823.767,3032.338,32.285,32.285,4.76,20,20,149,same_worker,30,717729
yjit-off/puma-response-string-256kb/raptor-3r/repeat-3,yjit-off,false,puma-response-string-256kb,puma-response-time-wrk,puma/benchmarks/local/response_time_wrk,https://github.com/puma/puma/blob/main/benchmarks/local/response_time_wrk.rb,raptor-3r,3,raptor,3,,9953,1000,5.002,5.0,1000,3836,2.002,2.0,5,true,9953,0,1989.725,1.315,2.685,35.005,144.462,163.332,32.754,32.754,5.575,20,20,72,same_worker,296,7157811
yjit-off/puma-response-io-256kb/raptor-3r/repeat-3,yjit-off,false,puma-response-io-256kb,puma-response-time-wrk,puma/benchmarks/local/response_time_wrk,https://github.com/puma/puma/blob/main/benchmarks/local/response_time_wrk.rb,raptor-3r,3,raptor,3,,1000,1000,10.265,5.0,1000,1000,12.075,2.0,5,true,1000,0,97.419,41.763,42.717,43.581,3182.181,3226.275,40.438,40.438,6.125,20,20,151,same_worker,57,1236318
yjit-off/puma-response-array-512kb/raptor-3r/repeat-3,yjit-off,false,puma-response-array-512kb,puma-response-time-wrk,puma/benchmarks/local/response_time_wrk,https://github.com/puma/puma/blob/main/benchmarks/local/response_time_wrk.rb,raptor-3r,3,raptor,3,,1000,1000,13.848,5.0,1000,1000,12.816,2.0,5,true,1000,0,72.213,41.931,42.907,43.553,3330.372,3446.933,40.438,40.438,6.29,20,20,203,same_worker,30,719369
yjit-off/puma-response-chunk-512kb/raptor-3r/repeat-3,yjit-off,false,puma-response-chunk-512kb,puma-response-time-wrk,puma/benchmarks/local/response_time_wrk,https://github.com/puma/puma/blob/main/benchmarks/local/response_time_wrk.rb,raptor-3r,3,raptor,3,,1000,1000,11.81,5.0,1000,1000,12.864,2.0,5,true,1000,0,84.677,41.933,42.956,44.544,3024.849,3058.625,40.438,40.438,6.4,20,20,174,same_worker,30,714925
yjit-off/puma-response-string-512kb/raptor-3r/repeat-3,yjit-off,false,puma-response-string-512kb,puma-response-time-wrk,puma/benchmarks/local/response_time_wrk,https://github.com/puma/puma/blob/main/benchmarks/local/response_time_wrk.rb,raptor-3r,3,raptor,3,,7421,1000,5.085,5.0,1000,2934,2.003,2.0,5,true,7421,0,1459.318,1.723,3.486,27.34,193.536,222.704,40.438,40.438,6.965,20,20,72,same_worker,225,5337171
yjit-off/puma-response-io-512kb/raptor-3r/repeat-3,yjit-off,false,puma-response-io-512kb,puma-response-time-wrk,puma/benchmarks/local/response_time_wrk,https://github.com/puma/puma/blob/main/benchmarks/local/response_time_wrk.rb,raptor-3r,3,raptor,3,,1000,1000,14.733,5.0,1000,1000,13.962,2.0,5,true,1000,0,67.875,41.966,43.205,43.976,3662.409,3866.859,48.039,48.039,7.445,20,20,216,same_worker,87,1749599
yjit-off/puma-response-array-1024kb/raptor-3r/repeat-3,yjit-off,false,puma-response-array-1024kb,puma-response-time-wrk,puma/benchmarks/local/response_time_wrk,https://github.com/puma/puma/blob/main/benchmarks/local/response_time_wrk.rb,raptor-3r,3,raptor,3,,1000,1000,14.68,5.0,1000,1000,15.209,2.0,5,true,1000,0,68.121,41.99,44.191,50.029,3532.913,3653.561,48.039,48.039,7.67,20,20,215,same_worker,30,719359
yjit-off/puma-response-chunk-1024kb/raptor-3r/repeat-3,yjit-off,false,puma-response-chunk-1024kb,puma-response-time-wrk,puma/benchmarks/local/response_time_wrk,https://github.com/puma/puma/blob/main/benchmarks/local/response_time_wrk.rb,raptor-3r,3,raptor,3,,1000,1000,14.532,5.0,1000,1000,15.169,2.0,5,true,1000,0,68.816,42.009,44.094,45.028,3574.901,3600.976,48.039,48.039,7.945,20,20,213,same_worker,30,715251
yjit-off/puma-response-string-1024kb/raptor-3r/repeat-3,yjit-off,false,puma-response-string-1024kb,puma-response-time-wrk,puma/benchmarks/local/response_time_wrk,https://github.com/puma/puma/blob/main/benchmarks/local/response_time_wrk.rb,raptor-3r,3,raptor,3,,5342,1000,5.004,5.0,1000,2134,2.003,2.0,5,true,5342,0,1067.44,2.389,4.966,30.013,273.317,294.591,49.012,49.012,8.32,20,20,69,same_worker,165,3842855
yjit-off/puma-response-io-1024kb/raptor-3r/repeat-3,yjit-off,false,puma-response-io-1024kb,puma-response-time-wrk,puma/benchmarks/local/response_time_wrk,https://github.com/puma/puma/blob/main/benchmarks/local/response_time_wrk.rb,raptor-3r,3,raptor,3,,1000,1000,15.402,5.0,1000,1000,16.031,2.0,5,true,1000,0,64.927,43.039,45.63,46.894,3889.709,3895.644,52.852,52.852,8.94,20,20,226,same_worker,150,2772742
yjit-off/puma-response-array-2048kb/raptor-3r/repeat-3,yjit-off,false,puma-response-array-2048kb,puma-response-time-wrk,puma/benchmarks/local/response_time_wrk,https://github.com/puma/puma/blob/main/benchmarks/local/response_time_wrk.rb,raptor-3r,3,raptor,3,,1000,1000,15.5,5.0,1000,1000,16.058,2.0,5,true,1000,0,64.515,43.953,47.48,50.6,3896.82,3914.501,52.852,52.852,9.535,20,20,227,same_worker,31,718560
yjit-off/puma-response-chunk-2048kb/raptor-3r/repeat-3,yjit-off,false,puma-response-chunk-2048kb,puma-response-time-wrk,puma/benchmarks/local/response_time_wrk,https://github.com/puma/puma/blob/main/benchmarks/local/response_time_wrk.rb,raptor-3r,3,raptor,3,,1000,1000,14.731,5.0,1000,1000,16.438,2.0,5,true,1000,0,67.884,43.962,47.157,49.333,3872.464,3912.526,52.852,52.852,10.18,20,20,216,same_worker,31,714468
yjit-off/puma-response-string-2048kb/raptor-3r/repeat-3,yjit-off,false,puma-response-string-2048kb,puma-response-time-wrk,puma/benchmarks/local/response_time_wrk,https://github.com/puma/puma/blob/main/benchmarks/local/response_time_wrk.rb,raptor-3r,3,raptor,3,,3537,1000,5.007,5.0,1000,1438,2.008,2.0,5,true,3537,0,706.471,3.971,7.237,11.758,416.465,433.079,58.863,58.863,10.545,20,20,67,same_worker,111,2545000
yjit-off/puma-response-io-2048kb/raptor-3r/repeat-3,yjit-off,false,puma-response-io-2048kb,puma-response-time-wrk,puma/benchmarks/local/response_time_wrk,https://github.com/puma/puma/blob/main/benchmarks/local/response_time_wrk.rb,raptor-3r,3,raptor,3,,1000,1000,16.599,5.0,1000,1000,17.277,2.0,5,true,1000,0,60.244,45.084,48.988,51.259,4186.844,4187.253,66.133,66.133,11.52,20,20,244,same_worker,265,4821332
yjit-off/puma-long-tail-fib-200ms-x6p0/raptor-3r/repeat-3,yjit-off,false,puma-long-tail-fib-200ms-x6p0,puma-long-tail-hey,puma/benchmarks/local/long_tail_hey + test/rackup/sleep_fibonacci,https://github.com/puma/puma/blob/main/benchmarks/local/long_tail_hey.rb,raptor-3r,3,raptor,3,,363,360,29.006,5.0,360,360,28.75,2.0,18,true,363,0,12.515,241.889,243.222,19609.494,24400.944,24401.045,66.348,66.348,21.145,20,20,424,same_worker,3,64195
yjit-off/puma-long-tail-fib-200ms-x4p0/raptor-3r/repeat-3,yjit-off,false,puma-long-tail-fib-200ms-x4p0,puma-long-tail-hey,puma/benchmarks/local/long_tail_hey + test/rackup/sleep_fibonacci,https://github.com/puma/puma/blob/main/benchmarks/local/long_tail_hey.rb,raptor-3r,3,raptor,3,,243,240,19.417,5.0,240,240,19.181,2.0,12,true,243,0,12.515,241.786,242.943,12800.295,14814.163,14814.719,66.367,66.367,29.61,20,20,284,same_worker,2,42587
yjit-off/puma-long-tail-fib-200ms-x3p0/raptor-3r/repeat-3,yjit-off,false,puma-long-tail-fib-200ms-x3p0,puma-long-tail-hey,puma/benchmarks/local/long_tail_hey + test/rackup/sleep_fibonacci,https://github.com/puma/puma/blob/main/benchmarks/local/long_tail_hey.rb,raptor-3r,3,raptor,3,,183,180,14.618,5.0,180,180,14.383,2.0,9,true,183,0,12.519,241.66,242.749,10022.141,10023.427,10023.587,66.371,66.371,35.18,20,20,215,same_worker,1,35138
yjit-off/puma-long-tail-fib-200ms-x2p0/raptor-3r/repeat-3,yjit-off,false,puma-long-tail-fib-200ms-x2p0,puma-long-tail-hey,puma/benchmarks/local/long_tail_hey + test/rackup/sleep_fibonacci,https://github.com/puma/puma/blob/main/benchmarks/local/long_tail_hey.rb,raptor-3r,3,raptor,3,,123,120,9.832,5.0,120,120,9.587,2.0,6,true,123,0,12.511,241.798,242.889,5235.399,5236.919,5237.127,66.375,66.375,38.8,20,20,145,same_worker,1,23531
yjit-off/puma-long-tail-fib-200ms-x1p5/raptor-3r/repeat-3,yjit-off,false,puma-long-tail-fib-200ms-x1p5,puma-long-tail-hey,puma/benchmarks/local/long_tail_hey + test/rackup/sleep_fibonacci,https://github.com/puma/puma/blob/main/benchmarks/local/long_tail_hey.rb,raptor-3r,3,raptor,3,,103,100,9.829,5.0,100,100,9.591,2.0,5,true,103,0,10.479,241.719,242.742,5133.057,5232.94,5232.951,66.375,66.375,41.47,20,20,145,same_worker,0,16104
yjit-off/puma-long-tail-fib-200ms-x1p0/raptor-3r/repeat-3,yjit-off,false,puma-long-tail-fib-200ms-x1p0,puma-long-tail-hey,puma/benchmarks/local/long_tail_hey + test/rackup/sleep_fibonacci,https://github.com/puma/puma/blob/main/benchmarks/local/long_tail_hey.rb,raptor-3r,3,raptor,3,,63,60,5.035,5.0,60,60,4.794,2.0,3,true,63,0,12.513,241.724,242.371,242.715,242.908,242.93,66.398,66.398,43.105,20,20,75,same_worker,0,9654
yjit-off/puma-long-tail-fib-200ms-x0p5/raptor-3r/repeat-3,yjit-off,false,puma-long-tail-fib-200ms-x0p5,puma-long-tail-hey,puma/benchmarks/local/long_tail_hey + test/rackup/sleep_fibonacci,https://github.com/puma/puma/blob/main/benchmarks/local/long_tail_hey.rb,raptor-3r,3,raptor,3,,42,40,5.036,5.0,40,40,4.798,2.0,2,true,42,0,8.34,241.724,242.224,242.239,242.241,242.241,66.398,66.398,44.08,20,20,75,same_worker,1,9909
yjit-off/puma-sleep-fibonacci-1ms/raptor-3r/repeat-3,yjit-off,false,puma-sleep-fibonacci-1ms,puma-sleep-fibonacci-test,puma/benchmarks/local/sleep_fibonacci_test + test/rackup/sleep_fibonacci,https://github.com/puma/puma/blob/main/benchmarks/local/sleep_fibonacci_test.rb,raptor-3r,3,raptor,3,,122,10,5.009,5.0,10,49,2.017,2.0,1,true,122,0,24.358,41.961,42.789,43.045,43.085,43.088,66.41,66.41,44.065,20,20,75,same_worker,1,21059
yjit-off/puma-sleep-fibonacci-5ms/raptor-3r/repeat-3,yjit-off,false,puma-sleep-fibonacci-5ms,puma-sleep-fibonacci-test,puma/benchmarks/local/sleep_fibonacci_test + test/rackup/sleep_fibonacci,https://github.com/puma/puma/blob/main/benchmarks/local/sleep_fibonacci_test.rb,raptor-3r,3,raptor,3,,109,10,5.004,5.0,10,44,2.015,2.0,1,true,109,0,21.783,46.964,47.547,47.969,47.978,47.979,66.41,66.41,43.77,20,20,75,same_worker,1,18499
yjit-off/puma-sleep-fibonacci-10ms/raptor-3r/repeat-3,yjit-off,false,puma-sleep-fibonacci-10ms,puma-sleep-fibonacci-test,puma/benchmarks/local/sleep_fibonacci_test + test/rackup/sleep_fibonacci,https://github.com/puma/puma/blob/main/benchmarks/local/sleep_fibonacci_test.rb,raptor-3r,3,raptor,3,,99,10,5.028,5.0,10,40,2.023,2.0,1,true,99,0,19.69,50.975,51.951,52.021,52.878,52.973,66.488,66.488,43.535,20,20,75,same_worker,1,19581
yjit-off/puma-sleep-fibonacci-50ms/raptor-3r/repeat-3,yjit-off,false,puma-sleep-fibonacci-50ms,puma-sleep-fibonacci-test,puma/benchmarks/local/sleep_fibonacci_test + test/rackup/sleep_fibonacci,https://github.com/puma/puma/blob/main/benchmarks/local/sleep_fibonacci_test.rb,raptor-3r,3,raptor,3,,55,10,5.021,5.0,10,23,2.075,2.0,1,true,55,0,10.954,91.967,92.123,92.963,92.969,92.969,66.488,66.488,43.4,20,20,75,same_worker,1,9980
yjit-off/puma-sleep-fibonacci-100ms/raptor-3r/repeat-3,yjit-off,false,puma-sleep-fibonacci-100ms,puma-sleep-fibonacci-test,puma/benchmarks/local/sleep_fibonacci_test + test/rackup/sleep_fibonacci,https://github.com/puma/puma/blob/main/benchmarks/local/sleep_fibonacci_test.rb,raptor-3r,3,raptor,3,,36,10,5.064,5.0,10,15,2.091,2.0,1,true,36,0,7.109,141.948,142.086,142.663,142.937,142.968,66.488,66.488,43.46,20,20,75,same_worker,0,6462
yjit-off/puma-sleep-fibonacci-200ms/raptor-3r/repeat-3,yjit-off,false,puma-sleep-fibonacci-200ms,puma-sleep-fibonacci-test,puma/benchmarks/local/sleep_fibonacci_test + test/rackup/sleep_fibonacci,https://github.com/puma/puma/blob/main/benchmarks/local/sleep_fibonacci_test.rb,raptor-3r,3,raptor,3,,21,10,5.038,5.0,10,10,2.383,2.0,1,true,21,0,4.168,241.85,242.084,243.507,243.827,243.862,66.488,66.488,43.555,20,20,75,same_worker,0,3834
yjit-off/puma-response-array-1kb/puma-1w-3t/repeat-1,yjit-off,false,puma-response-array-1kb,puma-response-time-wrk,puma/benchmarks/local/response_time_wrk,https://github.com/puma/puma/blob/main/benchmarks/local/response_time_wrk.rb,puma-1w-3t,3,puma,1,3,18740,1000,5.001,5.0,1000,7648,2.001,2.0,5,true,18740,0,3747.255,1.257,1.837,2.226,2.979,3.663,63.684,63.684,99.375,20,20,72,multiprocess_sample_only,,
yjit-off/puma-response-chunk-1kb/puma-1w-3t/repeat-1,yjit-off,false,puma-response-chunk-1kb,puma-response-time-wrk,puma/benchmarks/local/response_time_wrk,https://github.com/puma/puma/blob/main/benchmarks/local/response_time_wrk.rb,puma-1w-3t,3,puma,1,3,18275,1000,5.001,5.0,1000,7544,2.001,2.0,5,true,18275,0,3654.31,1.293,1.889,2.253,2.75,3.625,64.27,63.563,96.335,20,20,72,multiprocess_sample_only,,
yjit-off/puma-response-string-1kb/puma-1w-3t/repeat-1,yjit-off,false,puma-response-string-1kb,puma-response-time-wrk,puma/benchmarks/local/response_time_wrk,https://github.com/puma/puma/blob/main/benchmarks/local/response_time_wrk.rb,puma-1w-3t,3,puma,1,3,18510,1000,5.001,5.0,1000,7559,2.001,2.0,5,true,18510,0,3701.167,1.275,1.861,2.237,2.814,3.305,63.965,63.629,95.81,20,20,72,multiprocess_sample_only,,
yjit-off/puma-response-io-1kb/puma-1w-3t/repeat-1,yjit-off,false,puma-response-io-1kb,puma-response-time-wrk,puma/benchmarks/local/response_time_wrk,https://github.com/puma/puma/blob/main/benchmarks/local/response_time_wrk.rb,puma-1w-3t,3,puma,1,3,18159,1000,5.001,5.0,1000,7391,2.001,2.0,5,true,18159,0,3631.076,1.295,2.08,2.499,3.169,3.926,63.813,63.195,97.005,20,20,73,multiprocess_sample_only,,
yjit-off/puma-response-array-10kb/puma-1w-3t/repeat-1,yjit-off,false,puma-response-array-10kb,puma-response-time-wrk,puma/benchmarks/local/response_time_wrk,https://github.com/puma/puma/blob/main/benchmarks/local/response_time_wrk.rb,puma-1w-3t,3,puma,1,3,18257,1000,5.002,5.0,1000,7497,2.001,2.0,5,true,18257,0,3650.273,1.282,1.953,2.397,3.108,4.528,65.781,65.555,97.41,20,20,72,multiprocess_sample_only,,
yjit-off/puma-response-chunk-10kb/puma-1w-3t/repeat-1,yjit-off,false,puma-response-chunk-10kb,puma-response-time-wrk,puma/benchmarks/local/response_time_wrk,https://github.com/puma/puma/blob/main/benchmarks/local/response_time_wrk.rb,puma-1w-3t,3,puma,1,3,16314,1000,5.001,5.0,1000,6708,2.001,2.0,5,true,16314,0,3262.047,1.45,2.052,2.653,3.3,4.14,65.328,64.68,96.8,20,20,72,multiprocess_sample_only,,
yjit-off/puma-response-string-10kb/puma-1w-3t/repeat-1,yjit-off,false,puma-response-string-10kb,puma-response-time-wrk,puma/benchmarks/local/response_time_wrk,https://github.com/puma/puma/blob/main/benchmarks/local/response_time_wrk.rb,puma-1w-3t,3,puma,1,3,18343,1000,5.001,5.0,1000,7578,2.001,2.0,5,true,18343,0,3667.684,1.282,1.861,2.273,2.844,3.494,65.563,65.563,96.49,20,20,73,multiprocess_sample_only,,
yjit-off/puma-response-io-10kb/puma-1w-3t/repeat-1,yjit-off,false,puma-response-io-10kb,puma-response-time-wrk,puma/benchmarks/local/response_time_wrk,https://github.com/puma/puma/blob/main/benchmarks/local/response_time_wrk.rb,puma-1w-3t,3,puma,1,3,17560,1000,5.001,5.0,1000,7188,2.001,2.0,5,true,17560,0,3511.047,1.341,2.099,2.584,3.218,4.324,68.301,67.332,96.99,20,20,74,multiprocess_sample_only,,
yjit-off/puma-response-array-100kb/puma-1w-3t/repeat-1,yjit-off,false,puma-response-array-100kb,puma-response-time-wrk,puma/benchmarks/local/response_time_wrk,https://github.com/puma/puma/blob/main/benchmarks/local/response_time_wrk.rb,puma-1w-3t,3,puma,1,3,14093,1000,5.001,5.0,1000,5832,2.001,2.0,5,true,14093,0,2817.989,1.677,2.416,3.01,3.609,4.681,77.281,74.711,97.02,20,20,72,multiprocess_sample_only,,
yjit-off/puma-response-chunk-100kb/puma-1w-3t/repeat-1,yjit-off,false,puma-response-chunk-100kb,puma-response-time-wrk,puma/benchmarks/local/response_time_wrk,https://github.com/puma/puma/blob/main/benchmarks/local/response_time_wrk.rb,puma-1w-3t,3,puma,1,3,7725,1000,5.003,5.0,1000,3132,2.003,2.0,5,true,7725,0,1544.058,3.138,4.221,5.822,6.376,7.647,70.168,69.613,95.55,20,20,68,multiprocess_sample_only,,
yjit-off/puma-response-string-100kb/puma-1w-3t/repeat-1,yjit-off,false,puma-response-string-100kb,puma-response-time-wrk,puma/benchmarks/local/response_time_wrk,https://github.com/puma/puma/blob/main/benchmarks/local/response_time_wrk.rb,puma-1w-3t,3,puma,1,3,14243,1000,5.002,5.0,1000,5991,2.002,2.0,5,true,14243,0,2847.494,1.654,2.404,3.116,3.678,4.613,76.723,75.902,94.44,20,20,72,multiprocess_sample_only,,
yjit-off/puma-response-io-100kb/puma-1w-3t/repeat-1,yjit-off,false,puma-response-io-100kb,puma-response-time-wrk,puma/benchmarks/local/response_time_wrk,https://github.com/puma/puma/blob/main/benchmarks/local/response_time_wrk.rb,puma-1w-3t,3,puma,1,3,14533,1000,5.027,5.0,1000,5910,2.002,2.0,5,true,14533,0,2890.904,1.409,2.176,3.105,42.389,43.909,66.484,66.359,94.195,20,20,73,multiprocess_sample_only,,
yjit-off/puma-response-array-256kb/puma-1w-3t/repeat-1,yjit-off,false,puma-response-array-256kb,puma-response-time-wrk,puma/benchmarks/local/response_time_wrk,https://github.com/puma/puma/blob/main/benchmarks/local/response_time_wrk.rb,puma-1w-3t,3,puma,1,3,10603,1000,5.002,5.0,1000,4316,2.002,2.0,5,true,10603,0,2119.773,2.105,3.529,5.802,13.626,15.443,98.875,94.078,93.845,20,20,71,multiprocess_sample_only,,
yjit-off/puma-response-chunk-256kb/puma-1w-3t/repeat-1,yjit-off,false,puma-response-chunk-256kb,puma-response-time-wrk,puma/benchmarks/local/response_time_wrk,https://github.com/puma/puma/blob/main/benchmarks/local/response_time_wrk.rb,puma-1w-3t,3,puma,1,3,4332,1000,5.005,5.0,1000,1757,2.005,2.0,5,true,4332,0,865.57,5.694,9.021,10.839,11.305,11.767,74.777,73.586,92.605,20,20,63,multiprocess_sample_only,,
yjit-off/puma-response-string-256kb/puma-1w-3t/repeat-1,yjit-off,false,puma-response-string-256kb,puma-response-time-wrk,puma/benchmarks/local/response_time_wrk,https://github.com/puma/puma/blob/main/benchmarks/local/response_time_wrk.rb,puma-1w-3t,3,puma,1,3,10792,1000,5.002,5.0,1000,4441,2.002,2.0,5,true,10792,0,2157.497,2.022,3.706,5.822,12.881,15.805,70.461,70.023,91.13,20,20,70,multiprocess_sample_only,,
yjit-off/puma-response-io-256kb/puma-1w-3t/repeat-1,yjit-off,false,puma-response-io-256kb,puma-response-time-wrk,puma/benchmarks/local/response_time_wrk,https://github.com/puma/puma/blob/main/benchmarks/local/response_time_wrk.rb,puma-1w-3t,3,puma,1,3,10507,1000,5.002,5.0,1000,4239,2.002,2.0,5,true,10507,0,2100.746,2.091,3.802,5.594,14.45,43.857,70.273,69.586,89.905,20,20,70,multiprocess_sample_only,,
yjit-off/puma-response-array-512kb/puma-1w-3t/repeat-1,yjit-off,false,puma-response-array-512kb,puma-response-time-wrk,puma/benchmarks/local/response_time_wrk,https://github.com/puma/puma/blob/main/benchmarks/local/response_time_wrk.rb,puma-1w-3t,3,puma,1,3,8116,1000,5.003,5.0,1000,3223,2.004,2.0,5,true,8116,0,1622.347,2.739,4.631,8.237,17.496,20.819,120.691,116.785,89.635,20,20,71,multiprocess_sample_only,,
yjit-off/puma-response-chunk-512kb/puma-1w-3t/repeat-1,yjit-off,false,puma-response-chunk-512kb,puma-response-time-wrk,puma/benchmarks/local/response_time_wrk,https://github.com/puma/puma/blob/main/benchmarks/local/response_time_wrk.rb,puma-1w-3t,3,puma,1,3,2362,1000,5.009,5.0,1000,1000,2.079,2.0,5,true,2362,0,471.56,10.499,16.523,19.574,20.326,20.562,78.121,76.461,88.71,20,20,55,multiprocess_sample_only,,
yjit-off/puma-response-string-512kb/puma-1w-3t/repeat-1,yjit-off,false,puma-response-string-512kb,puma-response-time-wrk,puma/benchmarks/local/response_time_wrk,https://github.com/puma/puma/blob/main/benchmarks/local/response_time_wrk.rb,puma-1w-3t,3,puma,1,3,8163,1000,5.013,5.0,1000,3291,2.002,2.0,5,true,8163,0,1628.304,2.642,4.954,8.784,17.822,19.462,73.512,73.512,87.385,20,20,68,multiprocess_sample_only,,
yjit-off/puma-response-io-512kb/puma-1w-3t/repeat-1,yjit-off,false,puma-response-io-512kb,puma-response-time-wrk,puma/benchmarks/local/response_time_wrk,https://github.com/puma/puma/blob/main/benchmarks/local/response_time_wrk.rb,puma-1w-3t,3,puma,1,3,8119,1000,5.002,5.0,1000,3201,2.002,2.0,5,true,8119,0,1623.122,2.538,4.82,8.408,19.028,214.236,73.512,73.512,86.0,20,20,69,multiprocess_sample_only,,
yjit-off/puma-response-array-1024kb/puma-1w-3t/repeat-1,yjit-off,false,puma-response-array-1024kb,puma-response-time-wrk,puma/benchmarks/local/response_time_wrk,https://github.com/puma/puma/blob/main/benchmarks/local/response_time_wrk.rb,puma-1w-3t,3,puma,1,3,5285,1000,5.005,5.0,1000,2141,2.004,2.0,5,true,5285,0,1055.94,4.432,7.242,16.921,20.321,21.849,140.41,139.285,85.83,20,20,71,multiprocess_sample_only,,
yjit-off/puma-response-chunk-1024kb/puma-1w-3t/repeat-1,yjit-off,false,puma-response-chunk-1024kb,puma-response-time-wrk,puma/benchmarks/local/response_time_wrk,https://github.com/puma/puma/blob/main/benchmarks/local/response_time_wrk.rb,puma-1w-3t,3,puma,1,3,1296,1000,5.015,5.0,1000,1000,3.853,2.0,5,true,1296,0,258.432,19.083,30.645,34.788,35.384,35.89,78.832,75.813,84.895,20,20,45,multiprocess_sample_only,,
yjit-off/puma-response-string-1024kb/puma-1w-3t/repeat-1,yjit-off,false,puma-response-string-1024kb,puma-response-time-wrk,puma/benchmarks/local/response_time_wrk,https://github.com/puma/puma/blob/main/benchmarks/local/response_time_wrk.rb,puma-1w-3t,3,puma,1,3,5523,1000,5.017,5.0,1000,2055,2.005,2.0,5,true,5523,0,1100.954,3.885,7.553,17.116,21.978,23.955,78.332,78.332,83.605,20,20,65,multiprocess_sample_only,,
yjit-off/puma-response-io-1024kb/puma-1w-3t/repeat-1,yjit-off,false,puma-response-io-1024kb,puma-response-time-wrk,puma/benchmarks/local/response_time_wrk,https://github.com/puma/puma/blob/main/benchmarks/local/response_time_wrk.rb,puma-1w-3t,3,puma,1,3,5279,1000,5.003,5.0,1000,2207,2.005,2.0,5,true,5279,0,1055.075,4.103,7.673,17.441,23.47,213.393,78.402,78.402,81.98,20,20,65,multiprocess_sample_only,,
yjit-off/puma-response-array-2048kb/puma-1w-3t/repeat-1,yjit-off,false,puma-response-array-2048kb,puma-response-time-wrk,puma/benchmarks/local/response_time_wrk,https://github.com/puma/puma/blob/main/benchmarks/local/response_time_wrk.rb,puma-1w-3t,3,puma,1,3,2975,1000,5.009,5.0,1000,1218,2.009,2.0,5,true,2975,0,593.976,8.234,13.42,15.243,16.97,18.297,120.887,82.277,81.775,20,20,73,multiprocess_sample_only,,
yjit-off/puma-response-chunk-2048kb/puma-1w-3t/repeat-1,yjit-off,false,puma-response-chunk-2048kb,puma-response-time-wrk,puma/benchmarks/local/response_time_wrk,https://github.com/puma/puma/blob/main/benchmarks/local/response_time_wrk.rb,puma-1w-3t,3,puma,1,3,1000,1000,7.387,5.0,1000,1000,7.336,2.0,5,true,1000,0,135.372,36.781,37.823,66.309,66.639,67.482,80.434,80.242,80.63,20,20,49,multiprocess_sample_only,,
yjit-off/puma-response-string-2048kb/puma-1w-3t/repeat-1,yjit-off,false,puma-response-string-2048kb,puma-response-time-wrk,puma/benchmarks/local/response_time_wrk,https://github.com/puma/puma/blob/main/benchmarks/local/response_time_wrk.rb,puma-1w-3t,3,puma,1,3,3407,1000,5.008,5.0,1000,1338,2.007,2.0,5,true,3407,0,680.283,6.951,12.295,13.697,14.922,15.935,80.063,80.063,79.375,20,20,61,multiprocess_sample_only,,
yjit-off/puma-response-io-2048kb/puma-1w-3t/repeat-1,yjit-off,false,puma-response-io-2048kb,puma-response-time-wrk,puma/benchmarks/local/response_time_wrk,https://github.com/puma/puma/blob/main/benchmarks/local/response_time_wrk.rb,puma-1w-3t,3,puma,1,3,3596,1000,5.005,5.0,1000,1433,2.006,2.0,5,true,3596,0,718.442,6.623,11.533,13.016,14.031,14.444,80.063,80.063,77.855,20,20,61,multiprocess_sample_only,,
yjit-off/puma-long-tail-fib-200ms-x6p0/puma-1w-3t/repeat-1,yjit-off,false,puma-long-tail-fib-200ms-x6p0,puma-long-tail-hey,puma/benchmarks/local/long_tail_hey + test/rackup/sleep_fibonacci,https://github.com/puma/puma/blob/main/benchmarks/local/long_tail_hey.rb,puma-1w-3t,3,puma,1,3,360,360,50.986,5.0,360,360,51.108,2.0,18,true,360,0,7.061,2549.819,2561.808,2569.238,2570.707,2570.851,98.039,98.039,83.315,20,20,745,multiprocess_sample_only,,
yjit-off/puma-long-tail-fib-200ms-x4p0/puma-1w-3t/repeat-1,yjit-off,false,puma-long-tail-fib-200ms-x4p0,puma-long-tail-hey,puma/benchmarks/local/long_tail_hey + test/rackup/sleep_fibonacci,https://github.com/puma/puma/blob/main/benchmarks/local/long_tail_hey.rb,puma-1w-3t,3,puma,1,3,240,240,33.985,5.0,240,240,34.046,2.0,12,true,240,0,7.062,1699.262,1713.273,1723.829,1724.97,1725.111,98.172,98.172,86.87,20,20,497,multiprocess_sample_only,,
yjit-off/puma-long-tail-fib-200ms-x3p0/puma-1w-3t/repeat-1,yjit-off,false,puma-long-tail-fib-200ms-x3p0,puma-long-tail-hey,puma/benchmarks/local/long_tail_hey + test/rackup/sleep_fibonacci,https://github.com/puma/puma/blob/main/benchmarks/local/long_tail_hey.rb,puma-1w-3t,3,puma,1,3,180,180,25.48,5.0,180,180,25.547,2.0,9,true,180,0,7.064,1273.871,1282.579,1291.784,1292.165,1292.2,98.238,98.238,88.6,20,20,373,multiprocess_sample_only,,
yjit-off/puma-long-tail-fib-200ms-x2p0/puma-1w-3t/repeat-1,yjit-off,false,puma-long-tail-fib-200ms-x2p0,puma-long-tail-hey,puma/benchmarks/local/long_tail_hey + test/rackup/sleep_fibonacci,https://github.com/puma/puma/blob/main/benchmarks/local/long_tail_hey.rb,puma-1w-3t,3,puma,1,3,120,120,16.983,5.0,120,120,17.03,2.0,6,true,120,0,7.066,849.016,859.073,859.32,864.485,865.18,104.746,100.867,89.55,20,20,249,multiprocess_sample_only,,
yjit-off/puma-long-tail-fib-200ms-x1p5/puma-1w-3t/repeat-1,yjit-off,false,puma-long-tail-fib-200ms-x1p5,puma-long-tail-hey,puma/benchmarks/local/long_tail_hey + test/rackup/sleep_fibonacci,https://github.com/puma/puma/blob/main/benchmarks/local/long_tail_hey.rb,puma-1w-3t,3,puma,1,3,100,100,14.165,5.0,100,100,14.244,2.0,5,true,100,0,7.06,817.137,850.292,850.797,853.395,853.683,100.871,100.871,90.175,20,20,208,multiprocess_sample_only,,
yjit-off/puma-long-tail-fib-200ms-x1p0/puma-1w-3t/repeat-1,yjit-off,false,puma-long-tail-fib-200ms-x1p0,puma-long-tail-hey,puma/benchmarks/local/long_tail_hey + test/rackup/sleep_fibonacci,https://github.com/puma/puma/blob/main/benchmarks/local/long_tail_hey.rb,puma-1w-3t,3,puma,1,3,60,60,8.495,5.0,60,60,8.509,2.0,3,true,60,0,7.063,424.613,428.089,428.346,428.49,428.506,103.184,103.184,90.555,20,20,125,multiprocess_sample_only,,
yjit-off/puma-long-tail-fib-200ms-x0p5/puma-1w-3t/repeat-1,yjit-off,false,puma-long-tail-fib-200ms-x0p5,puma-long-tail-hey,puma/benchmarks/local/long_tail_hey + test/rackup/sleep_fibonacci,https://github.com/puma/puma/blob/main/benchmarks/local/long_tail_hey.rb,puma-1w-3t,3,puma,1,3,40,40,5.666,5.0,40,40,5.668,2.0,2,true,40,0,7.06,283.158,283.482,283.628,283.68,283.686,104.688,104.688,90.785,20,20,84,multiprocess_sample_only,,
yjit-off/puma-sleep-fibonacci-1ms/puma-1w-3t/repeat-1,yjit-off,false,puma-sleep-fibonacci-1ms,puma-sleep-fibonacci-test,puma/benchmarks/local/sleep_fibonacci_test + test/rackup/sleep_fibonacci,https://github.com/puma/puma/blob/main/benchmarks/local/sleep_fibonacci_test.rb,puma-1w-3t,3,puma,1,3,3637,10,5.001,5.0,10,1489,2.001,2.0,1,true,3637,0,727.204,1.334,1.454,1.644,2.221,2.281,106.813,106.813,90.66,20,20,74,multiprocess_sample_only,,
yjit-off/puma-sleep-fibonacci-5ms/puma-1w-3t/repeat-1,yjit-off,false,puma-sleep-fibonacci-5ms,puma-sleep-fibonacci-test,puma/benchmarks/local/sleep_fibonacci_test + test/rackup/sleep_fibonacci,https://github.com/puma/puma/blob/main/benchmarks/local/sleep_fibonacci_test.rb,puma-1w-3t,3,puma,1,3,945,10,5.003,5.0,10,381,2.003,2.0,1,true,945,0,188.889,5.246,5.417,5.748,6.142,6.199,106.992,106.992,90.415,20,20,74,multiprocess_sample_only,,
yjit-off/puma-sleep-fibonacci-10ms/puma-1w-3t/repeat-1,yjit-off,false,puma-sleep-fibonacci-10ms,puma-sleep-fibonacci-test,puma/benchmarks/local/sleep_fibonacci_test + test/rackup/sleep_fibonacci,https://github.com/puma/puma/blob/main/benchmarks/local/sleep_fibonacci_test.rb,puma-1w-3t,3,puma,1,3,484,10,5.008,5.0,10,193,2.005,2.0,1,true,484,0,96.644,10.3,10.428,10.592,11.147,11.154,109.246,109.246,90.165,20,20,75,multiprocess_sample_only,,
yjit-off/puma-sleep-fibonacci-50ms/puma-1w-3t/repeat-1,yjit-off,false,puma-sleep-fibonacci-50ms,puma-sleep-fibonacci-test,puma/benchmarks/local/sleep_fibonacci_test + test/rackup/sleep_fibonacci,https://github.com/puma/puma/blob/main/benchmarks/local/sleep_fibonacci_test.rb,puma-1w-3t,3,puma,1,3,99,10,5.004,5.0,10,40,2.023,2.0,1,true,99,0,19.785,50.482,50.6,50.798,51.273,51.325,109.684,109.684,89.915,20,20,74,multiprocess_sample_only,,
yjit-off/puma-sleep-fibonacci-100ms/puma-1w-3t/repeat-1,yjit-off,false,puma-sleep-fibonacci-100ms,puma-sleep-fibonacci-test,puma/benchmarks/local/sleep_fibonacci_test + test/rackup/sleep_fibonacci,https://github.com/puma/puma/blob/main/benchmarks/local/sleep_fibonacci_test.rb,puma-1w-3t,3,puma,1,3,50,10,5.031,5.0,10,20,2.015,2.0,1,true,50,0,9.938,100.538,100.684,100.718,100.741,100.744,109.684,109.684,89.665,20,20,75,multiprocess_sample_only,,
yjit-off/puma-sleep-fibonacci-200ms/puma-1w-3t/repeat-1,yjit-off,false,puma-sleep-fibonacci-200ms,puma-sleep-fibonacci-test,puma/benchmarks/local/sleep_fibonacci_test + test/rackup/sleep_fibonacci,https://github.com/puma/puma/blob/main/benchmarks/local/sleep_fibonacci_test.rb,puma-1w-3t,3,puma,1,3,25,10,5.015,5.0,10,10,2.008,2.0,1,true,25,0,4.985,200.519,200.708,200.765,200.775,200.776,109.684,109.684,89.435,20,20,74,multiprocess_sample_only,,
yjit-off/puma-response-array-1kb/puma-1w-3t/repeat-2,yjit-off,false,puma-response-array-1kb,puma-response-time-wrk,puma/benchmarks/local/response_time_wrk,https://github.com/puma/puma/blob/main/benchmarks/local/response_time_wrk.rb,puma-1w-3t,3,puma,1,3,18977,1000,5.001,5.0,1000,7702,2.001,2.0,5,true,18977,0,3794.63,1.248,1.794,2.144,2.873,3.703,63.566,63.5,100.575,20,20,72,multiprocess_sample_only,,
yjit-off/puma-response-chunk-1kb/puma-1w-3t/repeat-2,yjit-off,false,puma-response-chunk-1kb,puma-response-time-wrk,puma/benchmarks/local/response_time_wrk,https://github.com/puma/puma/blob/main/benchmarks/local/response_time_wrk.rb,puma-1w-3t,3,puma,1,3,18405,1000,5.001,5.0,1000,7547,2.001,2.0,5,true,18405,0,3680.321,1.283,1.83,2.249,2.95,3.772,64.031,63.629,97.615,20,20,72,multiprocess_sample_only,,
yjit-off/puma-response-string-1kb/puma-1w-3t/repeat-2,yjit-off,false,puma-response-string-1kb,puma-response-time-wrk,puma/benchmarks/local/response_time_wrk,https://github.com/puma/puma/blob/main/benchmarks/local/response_time_wrk.rb,puma-1w-3t,3,puma,1,3,18703,1000,5.001,5.0,1000,7611,2.001,2.0,5,true,18703,0,3739.758,1.263,1.811,2.194,2.856,4.431,63.754,63.754,96.96,20,20,72,multiprocess_sample_only,,
yjit-off/puma-response-io-1kb/puma-1w-3t/repeat-2,yjit-off,false,puma-response-io-1kb,puma-response-time-wrk,puma/benchmarks/local/response_time_wrk,https://github.com/puma/puma/blob/main/benchmarks/local/response_time_wrk.rb,puma-1w-3t,3,puma,1,3,18099,1000,5.001,5.0,1000,7379,2.001,2.0,5,true,18099,0,3618.806,1.312,2.017,2.494,3.089,4.247,63.996,63.996,98.085,20,20,74,multiprocess_sample_only,,
yjit-off/puma-response-array-10kb/puma-1w-3t/repeat-2,yjit-off,false,puma-response-array-10kb,puma-response-time-wrk,puma/benchmarks/local/response_time_wrk,https://github.com/puma/puma/blob/main/benchmarks/local/response_time_wrk.rb,puma-1w-3t,3,puma,1,3,18433,1000,5.001,5.0,1000,7589,2.001,2.0,5,true,18433,0,3685.615,1.277,1.85,2.266,2.891,3.526,65.625,65.406,98.265,20,20,72,multiprocess_sample_only,,
yjit-off/puma-response-chunk-10kb/puma-1w-3t/repeat-2,yjit-off,false,puma-response-chunk-10kb,puma-response-time-wrk,puma/benchmarks/local/response_time_wrk,https://github.com/puma/puma/blob/main/benchmarks/local/response_time_wrk.rb,puma-1w-3t,3,puma,1,3,16165,1000,5.001,5.0,1000,6654,2.001,2.0,5,true,16165,0,3232.29,1.468,2.143,2.663,3.233,3.857,65.844,65.688,97.705,20,20,72,multiprocess_sample_only,,
yjit-off/puma-response-string-10kb/puma-1w-3t/repeat-2,yjit-off,false,puma-response-string-10kb,puma-response-time-wrk,puma/benchmarks/local/response_time_wrk,https://github.com/puma/puma/blob/main/benchmarks/local/response_time_wrk.rb,puma-1w-3t,3,puma,1,3,18413,1000,5.001,5.0,1000,7447,2.001,2.0,5,true,18413,0,3681.783,1.279,1.863,2.3,3.028,3.904,65.852,65.684,97.345,20,20,72,multiprocess_sample_only,,
yjit-off/puma-response-io-10kb/puma-1w-3t/repeat-2,yjit-off,false,puma-response-io-10kb,puma-response-time-wrk,puma/benchmarks/local/response_time_wrk,https://github.com/puma/puma/blob/main/benchmarks/local/response_time_wrk.rb,puma-1w-3t,3,puma,1,3,17407,1000,5.001,5.0,1000,7117,2.001,2.0,5,true,17407,0,3480.633,1.364,2.134,2.59,3.211,4.103,68.316,67.23,97.875,20,20,74,multiprocess_sample_only,,
yjit-off/puma-response-array-100kb/puma-1w-3t/repeat-2,yjit-off,false,puma-response-array-100kb,puma-response-time-wrk,puma/benchmarks/local/response_time_wrk,https://github.com/puma/puma/blob/main/benchmarks/local/response_time_wrk.rb,puma-1w-3t,3,puma,1,3,14064,1000,5.001,5.0,1000,5558,2.002,2.0,5,true,14064,0,2812.08,1.684,2.424,3.034,3.638,4.071,76.813,75.168,97.88,20,20,72,multiprocess_sample_only,,
yjit-off/puma-response-chunk-100kb/puma-1w-3t/repeat-2,yjit-off,false,puma-response-chunk-100kb,puma-response-time-wrk,puma/benchmarks/local/response_time_wrk,https://github.com/puma/puma/blob/main/benchmarks/local/response_time_wrk.rb,puma-1w-3t,3,puma,1,3,7770,1000,5.003,5.0,1000,3155,2.003,2.0,5,true,7770,0,1553.206,3.117,4.115,5.872,6.467,7.023,71.121,70.578,96.455,20,20,68,multiprocess_sample_only,,
yjit-off/puma-response-string-100kb/puma-1w-3t/repeat-2,yjit-off,false,puma-response-string-100kb,puma-response-time-wrk,puma/benchmarks/local/response_time_wrk,https://github.com/puma/puma/blob/main/benchmarks/local/response_time_wrk.rb,puma-1w-3t,3,puma,1,3,14188,1000,5.001,5.0,1000,5802,2.001,2.0,5,true,14188,0,2836.844,1.644,2.511,3.181,3.885,4.572,76.688,75.117,95.425,20,20,72,multiprocess_sample_only,,
yjit-off/puma-response-io-100kb/puma-1w-3t/repeat-2,yjit-off,false,puma-response-io-100kb,puma-response-time-wrk,puma/benchmarks/local/response_time_wrk,https://github.com/puma/puma/blob/main/benchmarks/local/response_time_wrk.rb,puma-1w-3t,3,puma,1,3,14295,1000,5.036,5.0,1000,5932,2.001,2.0,5,true,14295,0,2838.341,1.579,2.366,3.076,42.076,43.143,66.879,66.629,95.195,20,20,73,multiprocess_sample_only,,
yjit-off/puma-response-array-256kb/puma-1w-3t/repeat-2,yjit-off,false,puma-response-array-256kb,puma-response-time-wrk,puma/benchmarks/local/response_time_wrk,https://github.com/puma/puma/blob/main/benchmarks/local/response_time_wrk.rb,puma-1w-3t,3,puma,1,3,10706,1000,5.002,5.0,1000,4276,2.002,2.0,5,true,10706,0,2140.361,2.09,3.432,5.087,14.84,18.264,95.934,92.438,94.85,20,20,71,multiprocess_sample_only,,
yjit-off/puma-response-chunk-256kb/puma-1w-3t/repeat-2,yjit-off,false,puma-response-chunk-256kb,puma-response-time-wrk,puma/benchmarks/local/response_time_wrk,https://github.com/puma/puma/blob/main/benchmarks/local/response_time_wrk.rb,puma-1w-3t,3,puma,1,3,4316,1000,5.006,5.0,1000,1740,2.006,2.0,5,true,4316,0,862.234,5.619,9.365,10.825,11.53,11.872,75.578,75.578,93.635,20,20,64,multiprocess_sample_only,,
yjit-off/puma-response-string-256kb/puma-1w-3t/repeat-2,yjit-off,false,puma-response-string-256kb,puma-response-time-wrk,puma/benchmarks/local/response_time_wrk,https://github.com/puma/puma/blob/main/benchmarks/local/response_time_wrk.rb,puma-1w-3t,3,puma,1,3,10668,1000,5.002,5.0,1000,4400,2.001,2.0,5,true,10668,0,2132.894,2.052,3.746,5.719,14.513,16.935,72.984,72.609,92.115,20,20,70,multiprocess_sample_only,,
yjit-off/puma-response-io-256kb/puma-1w-3t/repeat-2,yjit-off,false,puma-response-io-256kb,puma-response-time-wrk,puma/benchmarks/local/response_time_wrk,https://github.com/puma/puma/blob/main/benchmarks/local/response_time_wrk.rb,puma-1w-3t,3,puma,1,3,10700,1000,5.002,5.0,1000,4329,2.002,2.0,5,true,10700,0,2139.118,2.051,3.697,5.563,15.16,46.13,72.859,72.484,90.805,20,20,70,multiprocess_sample_only,,
yjit-off/puma-response-array-512kb/puma-1w-3t/repeat-2,yjit-off,false,puma-response-array-512kb,puma-response-time-wrk,puma/benchmarks/local/response_time_wrk,https://github.com/puma/puma/blob/main/benchmarks/local/response_time_wrk.rb,puma-1w-3t,3,puma,1,3,8217,1000,5.003,5.0,1000,3226,2.003,2.0,5,true,8217,0,1642.421,2.719,4.501,14.707,18.393,20.396,126.035,110.566,90.535,20,20,71,multiprocess_sample_only,,
yjit-off/puma-response-chunk-512kb/puma-1w-3t/repeat-2,yjit-off,false,puma-response-chunk-512kb,puma-response-time-wrk,puma/benchmarks/local/response_time_wrk,https://github.com/puma/puma/blob/main/benchmarks/local/response_time_wrk.rb,puma-1w-3t,3,puma,1,3,2488,1000,5.008,5.0,1000,1013,2.035,2.0,5,true,2488,0,496.757,9.96,14.617,18.29,19.255,19.557,80.852,79.168,89.66,20,20,56,multiprocess_sample_only,,
yjit-off/puma-response-string-512kb/puma-1w-3t/repeat-2,yjit-off,false,puma-response-string-512kb,puma-response-time-wrk,puma/benchmarks/local/response_time_wrk,https://github.com/puma/puma/blob/main/benchmarks/local/response_time_wrk.rb,puma-1w-3t,3,puma,1,3,8386,1000,5.002,5.0,1000,3401,2.002,2.0,5,true,8386,0,1676.411,2.542,4.785,14.844,18.324,19.839,77.145,77.145,88.35,20,20,68,multiprocess_sample_only,,
yjit-off/puma-response-io-512kb/puma-1w-3t/repeat-2,yjit-off,false,puma-response-io-512kb,puma-response-time-wrk,puma/benchmarks/local/response_time_wrk,https://github.com/puma/puma/blob/main/benchmarks/local/response_time_wrk.rb,puma-1w-3t,3,puma,1,3,8177,1000,5.003,5.0,1000,3434,2.002,2.0,5,true,8177,0,1634.486,2.621,4.973,14.65,17.916,18.886,77.395,77.395,86.97,20,20,68,multiprocess_sample_only,,
yjit-off/puma-response-array-1024kb/puma-1w-3t/repeat-2,yjit-off,false,puma-response-array-1024kb,puma-response-time-wrk,puma/benchmarks/local/response_time_wrk,https://github.com/puma/puma/blob/main/benchmarks/local/response_time_wrk.rb,puma-1w-3t,3,puma,1,3,5164,1000,5.003,5.0,1000,2113,2.004,2.0,5,true,5164,0,1032.122,4.529,7.465,17.367,21.16,22.866,116.414,112.641,86.765,20,20,71,multiprocess_sample_only,,
yjit-off/puma-response-chunk-1024kb/puma-1w-3t/repeat-2,yjit-off,false,puma-response-chunk-1024kb,puma-response-time-wrk,puma/benchmarks/local/response_time_wrk,https://github.com/puma/puma/blob/main/benchmarks/local/response_time_wrk.rb,puma-1w-3t,3,puma,1,3,1306,1000,5.016,5.0,1000,1000,3.791,2.0,5,true,1306,0,260.361,18.996,20.894,34.595,35.366,35.481,80.574,80.574,85.875,20,20,45,multiprocess_sample_only,,
yjit-off/puma-response-string-1024kb/puma-1w-3t/repeat-2,yjit-off,false,puma-response-string-1024kb,puma-response-time-wrk,puma/benchmarks/local/response_time_wrk,https://github.com/puma/puma/blob/main/benchmarks/local/response_time_wrk.rb,puma-1w-3t,3,puma,1,3,5497,1000,5.003,5.0,1000,2274,2.003,2.0,5,true,5497,0,1098.644,3.995,7.455,17.68,22.361,24.812,83.695,83.695,84.555,20,20,65,multiprocess_sample_only,,
yjit-off/puma-response-io-1024kb/puma-1w-3t/repeat-2,yjit-off,false,puma-response-io-1024kb,puma-response-time-wrk,puma/benchmarks/local/response_time_wrk,https://github.com/puma/puma/blob/main/benchmarks/local/response_time_wrk.rb,puma-1w-3t,3,puma,1,3,5397,1000,5.004,5.0,1000,2224,2.003,2.0,5,true,5397,0,1078.617,4.066,7.66,17.739,23.62,25.828,83.766,83.766,82.95,20,20,65,multiprocess_sample_only,,
yjit-off/puma-response-array-2048kb/puma-1w-3t/repeat-2,yjit-off,false,puma-response-array-2048kb,puma-response-time-wrk,puma/benchmarks/local/response_time_wrk,https://github.com/puma/puma/blob/main/benchmarks/local/response_time_wrk.rb,puma-1w-3t,3,puma,1,3,3007,1000,5.009,5.0,1000,1213,2.007,2.0,5,true,3007,0,600.339,8.216,13.103,14.738,21.334,22.013,106.938,86.957,82.795,20,20,73,multiprocess_sample_only,,
yjit-off/puma-response-chunk-2048kb/puma-1w-3t/repeat-2,yjit-off,false,puma-response-chunk-2048kb,puma-response-time-wrk,puma/benchmarks/local/response_time_wrk,https://github.com/puma/puma/blob/main/benchmarks/local/response_time_wrk.rb,puma-1w-3t,3,puma,1,3,1000,1000,7.233,5.0,1000,1000,7.18,2.0,5,true,1000,0,138.254,35.935,37.04,65.708,68.402,68.417,84.008,84.008,81.53,20,20,49,multiprocess_sample_only,,
yjit-off/puma-response-string-2048kb/puma-1w-3t/repeat-2,yjit-off,false,puma-response-string-2048kb,puma-response-time-wrk,puma/benchmarks/local/response_time_wrk,https://github.com/puma/puma/blob/main/benchmarks/local/response_time_wrk.rb,puma-1w-3t,3,puma,1,3,3504,1000,5.008,5.0,1000,1436,2.006,2.0,5,true,3504,0,699.689,6.712,11.981,13.467,14.799,16.001,86.449,86.449,80.27,20,20,61,multiprocess_sample_only,,
yjit-off/puma-response-io-2048kb/puma-1w-3t/repeat-2,yjit-off,false,puma-response-io-2048kb,puma-response-time-wrk,puma/benchmarks/local/response_time_wrk,https://github.com/puma/puma/blob/main/benchmarks/local/response_time_wrk.rb,puma-1w-3t,3,puma,1,3,3536,1000,5.007,5.0,1000,1428,2.006,2.0,5,true,3536,0,706.183,6.676,11.829,13.518,21.599,29.985,86.449,86.449,78.685,20,20,61,multiprocess_sample_only,,
yjit-off/puma-long-tail-fib-200ms-x6p0/puma-1w-3t/repeat-2,yjit-off,false,puma-long-tail-fib-200ms-x6p0,puma-long-tail-hey,puma/benchmarks/local/long_tail_hey + test/rackup/sleep_fibonacci,https://github.com/puma/puma/blob/main/benchmarks/local/long_tail_hey.rb,puma-1w-3t,3,puma,1,3,360,360,51.039,5.0,360,360,51.169,2.0,18,true,360,0,7.053,2552.745,2569.945,2581.183,2584.084,2584.398,106.813,106.813,83.94,20,20,747,multiprocess_sample_only,,
yjit-off/puma-long-tail-fib-200ms-x4p0/puma-1w-3t/repeat-2,yjit-off,false,puma-long-tail-fib-200ms-x4p0,puma-long-tail-hey,puma/benchmarks/local/long_tail_hey + test/rackup/sleep_fibonacci,https://github.com/puma/puma/blob/main/benchmarks/local/long_tail_hey.rb,puma-1w-3t,3,puma,1,3,240,240,34.029,5.0,240,240,34.094,2.0,12,true,240,0,7.053,1701.531,1718.987,1724.733,1726.2,1726.284,107.516,107.516,87.355,20,20,498,multiprocess_sample_only,,
yjit-off/puma-long-tail-fib-200ms-x3p0/puma-1w-3t/repeat-2,yjit-off,false,puma-long-tail-fib-200ms-x3p0,puma-long-tail-hey,puma/benchmarks/local/long_tail_hey + test/rackup/sleep_fibonacci,https://github.com/puma/puma/blob/main/benchmarks/local/long_tail_hey.rb,puma-1w-3t,3,puma,1,3,180,180,25.524,5.0,180,180,25.6,2.0,9,true,180,0,7.052,1275.966,1290.439,1291.414,1295.845,1296.804,107.582,107.582,89.035,20,20,374,multiprocess_sample_only,,
yjit-off/puma-long-tail-fib-200ms-x2p0/puma-1w-3t/repeat-2,yjit-off,false,puma-long-tail-fib-200ms-x2p0,puma-long-tail-hey,puma/benchmarks/local/long_tail_hey + test/rackup/sleep_fibonacci,https://github.com/puma/puma/blob/main/benchmarks/local/long_tail_hey.rb,puma-1w-3t,3,puma,1,3,120,120,17.011,5.0,120,120,17.054,2.0,6,true,120,0,7.054,850.823,860.77,861.009,861.034,861.034,107.586,107.586,89.95,20,20,250,multiprocess_sample_only,,
yjit-off/puma-long-tail-fib-200ms-x1p5/puma-1w-3t/repeat-2,yjit-off,false,puma-long-tail-fib-200ms-x1p5,puma-long-tail-hey,puma/benchmarks/local/long_tail_hey + test/rackup/sleep_fibonacci,https://github.com/puma/puma/blob/main/benchmarks/local/long_tail_hey.rb,puma-1w-3t,3,puma,1,3,100,100,14.182,5.0,100,100,14.19,2.0,5,true,100,0,7.051,818.693,851.77,852.412,853.599,853.73,107.777,107.777,90.565,20,20,209,multiprocess_sample_only,,
yjit-off/puma-long-tail-fib-200ms-x1p0/puma-1w-3t/repeat-2,yjit-off,false,puma-long-tail-fib-200ms-x1p0,puma-long-tail-hey,puma/benchmarks/local/long_tail_hey + test/rackup/sleep_fibonacci,https://github.com/puma/puma/blob/main/benchmarks/local/long_tail_hey.rb,puma-1w-3t,3,puma,1,3,60,60,8.505,5.0,60,60,8.532,2.0,3,true,60,0,7.054,425.381,428.664,429.125,429.312,429.333,107.781,107.781,90.925,20,20,126,multiprocess_sample_only,,
yjit-off/puma-long-tail-fib-200ms-x0p5/puma-1w-3t/repeat-2,yjit-off,false,puma-long-tail-fib-200ms-x0p5,puma-long-tail-hey,puma/benchmarks/local/long_tail_hey + test/rackup/sleep_fibonacci,https://github.com/puma/puma/blob/main/benchmarks/local/long_tail_hey.rb,puma-1w-3t,3,puma,1,3,40,40,5.665,5.0,40,40,5.664,2.0,2,true,40,0,7.061,283.467,284.16,284.169,284.171,284.171,107.781,107.781,91.14,20,20,84,multiprocess_sample_only,,
yjit-off/puma-sleep-fibonacci-1ms/puma-1w-3t/repeat-2,yjit-off,false,puma-sleep-fibonacci-1ms,puma-sleep-fibonacci-test,puma/benchmarks/local/sleep_fibonacci_test + test/rackup/sleep_fibonacci,https://github.com/puma/puma/blob/main/benchmarks/local/sleep_fibonacci_test.rb,puma-1w-3t,3,puma,1,3,3638,10,5.001,5.0,10,1477,2.001,2.0,1,true,3638,0,727.39,1.338,1.442,1.604,2.17,2.271,109.84,109.84,91.01,20,20,75,multiprocess_sample_only,,
yjit-off/puma-sleep-fibonacci-5ms/puma-1w-3t/repeat-2,yjit-off,false,puma-sleep-fibonacci-5ms,puma-sleep-fibonacci-test,puma/benchmarks/local/sleep_fibonacci_test + test/rackup/sleep_fibonacci,https://github.com/puma/puma/blob/main/benchmarks/local/sleep_fibonacci_test.rb,puma-1w-3t,3,puma,1,3,946,10,5.003,5.0,10,381,2.001,2.0,1,true,946,0,189.103,5.243,5.406,5.736,6.19,6.21,111.09,111.09,90.74,20,20,75,multiprocess_sample_only,,
yjit-off/puma-sleep-fibonacci-10ms/puma-1w-3t/repeat-2,yjit-off,false,puma-sleep-fibonacci-10ms,puma-sleep-fibonacci-test,puma/benchmarks/local/sleep_fibonacci_test + test/rackup/sleep_fibonacci,https://github.com/puma/puma/blob/main/benchmarks/local/sleep_fibonacci_test.rb,puma-1w-3t,3,puma,1,3,483,10,5.001,5.0,10,193,2.001,2.0,1,true,483,0,96.583,10.308,10.442,10.687,11.205,11.289,114.848,114.848,90.485,20,20,74,multiprocess_sample_only,,
yjit-off/puma-sleep-fibonacci-50ms/puma-1w-3t/repeat-2,yjit-off,false,puma-sleep-fibonacci-50ms,puma-sleep-fibonacci-test,puma/benchmarks/local/sleep_fibonacci_test + test/rackup/sleep_fibonacci,https://github.com/puma/puma/blob/main/benchmarks/local/sleep_fibonacci_test.rb,puma-1w-3t,3,puma,1,3,99,10,5.003,5.0,10,40,2.025,2.0,1,true,99,0,19.787,50.46,50.667,50.908,51.929,52.042,114.852,114.852,90.24,20,20,75,multiprocess_sample_only,,
yjit-off/puma-sleep-fibonacci-100ms/puma-1w-3t/repeat-2,yjit-off,false,puma-sleep-fibonacci-100ms,puma-sleep-fibonacci-test,puma/benchmarks/local/sleep_fibonacci_test + test/rackup/sleep_fibonacci,https://github.com/puma/puma/blob/main/benchmarks/local/sleep_fibonacci_test.rb,puma-1w-3t,3,puma,1,3,50,10,5.031,5.0,10,20,2.015,2.0,1,true,50,0,9.938,100.517,100.663,101.185,101.561,101.602,114.852,114.852,89.985,20,20,75,multiprocess_sample_only,,
yjit-off/puma-sleep-fibonacci-200ms/puma-1w-3t/repeat-2,yjit-off,false,puma-sleep-fibonacci-200ms,puma-sleep-fibonacci-test,puma/benchmarks/local/sleep_fibonacci_test + test/rackup/sleep_fibonacci,https://github.com/puma/puma/blob/main/benchmarks/local/sleep_fibonacci_test.rb,puma-1w-3t,3,puma,1,3,25,10,5.016,5.0,10,10,2.008,2.0,1,true,25,0,4.984,200.552,200.674,200.684,200.687,200.687,114.852,114.852,89.74,20,20,75,multiprocess_sample_only,,
yjit-off/puma-response-array-1kb/puma-1w-3t/repeat-3,yjit-off,false,puma-response-array-1kb,puma-response-time-wrk,puma/benchmarks/local/response_time_wrk,https://github.com/puma/puma/blob/main/benchmarks/local/response_time_wrk.rb,puma-1w-3t,3,puma,1,3,18916,1000,5.001,5.0,1000,7720,2.001,2.0,5,true,18916,0,3782.352,1.251,1.781,2.151,2.769,3.389,63.695,63.609,99.6,20,20,72,multiprocess_sample_only,,
yjit-off/puma-response-chunk-1kb/puma-1w-3t/repeat-3,yjit-off,false,puma-response-chunk-1kb,puma-response-time-wrk,puma/benchmarks/local/response_time_wrk,https://github.com/puma/puma/blob/main/benchmarks/local/response_time_wrk.rb,puma-1w-3t,3,puma,1,3,18473,1000,5.001,5.0,1000,7639,2.001,2.0,5,true,18473,0,3694.054,1.282,1.814,2.236,2.841,4.369,64.023,63.969,96.855,20,20,72,multiprocess_sample_only,,
yjit-off/puma-response-string-1kb/puma-1w-3t/repeat-3,yjit-off,false,puma-response-string-1kb,puma-response-time-wrk,puma/benchmarks/local/response_time_wrk,https://github.com/puma/puma/blob/main/benchmarks/local/response_time_wrk.rb,puma-1w-3t,3,puma,1,3,19076,1000,5.001,5.0,1000,7803,2.001,2.0,5,true,19076,0,3814.251,1.243,1.745,2.126,2.656,3.491,63.91,63.91,96.31,20,20,73,multiprocess_sample_only,,
yjit-off/puma-response-io-1kb/puma-1w-3t/repeat-3,yjit-off,false,puma-response-io-1kb,puma-response-time-wrk,puma/benchmarks/local/response_time_wrk,https://github.com/puma/puma/blob/main/benchmarks/local/response_time_wrk.rb,puma-1w-3t,3,puma,1,3,18311,1000,5.001,5.0,1000,7456,2.002,2.0,5,true,18311,0,3661.397,1.297,1.997,2.429,2.968,3.87,64.113,64.113,97.29,20,20,73,multiprocess_sample_only,,
yjit-off/puma-response-array-10kb/puma-1w-3t/repeat-3,yjit-off,false,puma-response-array-10kb,puma-response-time-wrk,puma/benchmarks/local/response_time_wrk,https://github.com/puma/puma/blob/main/benchmarks/local/response_time_wrk.rb,puma-1w-3t,3,puma,1,3,18394,1000,5.001,5.0,1000,7625,2.001,2.0,5,true,18394,0,3678.145,1.286,1.869,2.31,2.913,3.582,65.297,65.297,97.625,20,20,73,multiprocess_sample_only,,
yjit-off/puma-response-chunk-10kb/puma-1w-3t/repeat-3,yjit-off,false,puma-response-chunk-10kb,puma-response-time-wrk,puma/benchmarks/local/response_time_wrk,https://github.com/puma/puma/blob/main/benchmarks/local/response_time_wrk.rb,puma-1w-3t,3,puma,1,3,16210,1000,5.001,5.0,1000,6625,2.002,2.0,5,true,16210,0,3241.332,1.468,2.137,2.627,3.389,4.167,66.707,66.707,96.93,20,20,72,multiprocess_sample_only,,
yjit-off/puma-response-string-10kb/puma-1w-3t/repeat-3,yjit-off,false,puma-response-string-10kb,puma-response-time-wrk,puma/benchmarks/local/response_time_wrk,https://github.com/puma/puma/blob/main/benchmarks/local/response_time_wrk.rb,puma-1w-3t,3,puma,1,3,18355,1000,5.001,5.0,1000,7625,2.001,2.0,5,true,18355,0,3670.222,1.278,1.874,2.336,2.993,3.565,67.375,66.828,96.48,20,20,72,multiprocess_sample_only,,
yjit-off/puma-response-io-10kb/puma-1w-3t/repeat-3,yjit-off,false,puma-response-io-10kb,puma-response-time-wrk,puma/benchmarks/local/response_time_wrk,https://github.com/puma/puma/blob/main/benchmarks/local/response_time_wrk.rb,puma-1w-3t,3,puma,1,3,17725,1000,5.001,5.0,1000,7226,2.001,2.0,5,true,17725,0,3544.307,1.323,2.214,2.704,3.298,4.503,68.133,67.527,97.09,20,20,73,multiprocess_sample_only,,
yjit-off/puma-response-array-100kb/puma-1w-3t/repeat-3,yjit-off,false,puma-response-array-100kb,puma-response-time-wrk,puma/benchmarks/local/response_time_wrk,https://github.com/puma/puma/blob/main/benchmarks/local/response_time_wrk.rb,puma-1w-3t,3,puma,1,3,14339,1000,5.001,5.0,1000,5818,2.001,2.0,5,true,14339,0,2867.087,1.643,2.381,2.995,3.629,4.299,76.293,74.941,97.295,20,20,72,multiprocess_sample_only,,
yjit-off/puma-response-chunk-100kb/puma-1w-3t/repeat-3,yjit-off,false,puma-response-chunk-100kb,puma-response-time-wrk,puma/benchmarks/local/response_time_wrk,https://github.com/puma/puma/blob/main/benchmarks/local/response_time_wrk.rb,puma-1w-3t,3,puma,1,3,7846,1000,5.003,5.0,1000,3202,2.003,2.0,5,true,7846,0,1568.4,3.092,3.994,5.77,6.458,6.909,71.359,70.871,96.025,20,20,68,multiprocess_sample_only,,
yjit-off/puma-response-string-100kb/puma-1w-3t/repeat-3,yjit-off,false,puma-response-string-100kb,puma-response-time-wrk,puma/benchmarks/local/response_time_wrk,https://github.com/puma/puma/blob/main/benchmarks/local/response_time_wrk.rb,puma-1w-3t,3,puma,1,3,14580,1000,5.001,5.0,1000,5869,2.001,2.0,5,true,14580,0,2915.219,1.609,2.401,3.055,3.61,4.312,76.293,75.785,95.06,20,20,72,multiprocess_sample_only,,
yjit-off/puma-response-io-100kb/puma-1w-3t/repeat-3,yjit-off,false,puma-response-io-100kb,puma-response-time-wrk,puma/benchmarks/local/response_time_wrk,https://github.com/puma/puma/blob/main/benchmarks/local/response_time_wrk.rb,puma-1w-3t,3,puma,1,3,14418,1000,5.026,5.0,1000,5907,2.001,2.0,5,true,14418,0,2868.968,1.57,2.395,3.081,42.003,42.988,68.555,68.508,94.88,20,20,72,multiprocess_sample_only,,
yjit-off/puma-response-array-256kb/puma-1w-3t/repeat-3,yjit-off,false,puma-response-array-256kb,puma-response-time-wrk,puma/benchmarks/local/response_time_wrk,https://github.com/puma/puma/blob/main/benchmarks/local/response_time_wrk.rb,puma-1w-3t,3,puma,1,3,10872,1000,5.002,5.0,1000,4452,2.001,2.0,5,true,10872,0,2173.663,2.062,3.315,5.036,16.045,18.109,110.129,106.691,94.665,20,20,72,multiprocess_sample_only,,
yjit-off/puma-response-chunk-256kb/puma-1w-3t/repeat-3,yjit-off,false,puma-response-chunk-256kb,puma-response-time-wrk,puma/benchmarks/local/response_time_wrk,https://github.com/puma/puma/blob/main/benchmarks/local/response_time_wrk.rb,puma-1w-3t,3,puma,1,3,4338,1000,5.004,5.0,1000,1745,2.005,2.0,5,true,4338,0,866.84,5.651,9.11,10.684,11.44,12.062,78.945,77.824,93.42,20,20,63,multiprocess_sample_only,,
yjit-off/puma-response-string-256kb/puma-1w-3t/repeat-3,yjit-off,false,puma-response-string-256kb,puma-response-time-wrk,puma/benchmarks/local/response_time_wrk,https://github.com/puma/puma/blob/main/benchmarks/local/response_time_wrk.rb,puma-1w-3t,3,puma,1,3,10957,1000,5.002,5.0,1000,4308,2.002,2.0,5,true,10957,0,2190.577,2.017,3.574,5.077,15.147,18.47,75.512,75.449,91.9,20,20,70,multiprocess_sample_only,,
yjit-off/puma-response-io-256kb/puma-1w-3t/repeat-3,yjit-off,false,puma-response-io-256kb,puma-response-time-wrk,puma/benchmarks/local/response_time_wrk,https://github.com/puma/puma/blob/main/benchmarks/local/response_time_wrk.rb,puma-1w-3t,3,puma,1,3,10933,1000,5.002,5.0,1000,4407,2.001,2.0,5,true,10933,0,2185.774,2.015,3.639,5.081,15.733,44.107,75.699,75.324,90.615,20,20,70,multiprocess_sample_only,,
yjit-off/puma-response-array-512kb/puma-1w-3t/repeat-3,yjit-off,false,puma-response-array-512kb,puma-response-time-wrk,puma/benchmarks/local/response_time_wrk,https://github.com/puma/puma/blob/main/benchmarks/local/response_time_wrk.rb,puma-1w-3t,3,puma,1,3,8276,1000,5.003,5.0,1000,3254,2.014,2.0,5,true,8276,0,1654.367,2.698,4.41,15.125,18.681,19.457,130.871,118.465,90.36,20,20,72,multiprocess_sample_only,,
yjit-off/puma-response-chunk-512kb/puma-1w-3t/repeat-3,yjit-off,false,puma-response-chunk-512kb,puma-response-time-wrk,puma/benchmarks/local/response_time_wrk,https://github.com/puma/puma/blob/main/benchmarks/local/response_time_wrk.rb,puma-1w-3t,3,puma,1,3,2400,1000,5.008,5.0,1000,1000,2.087,2.0,5,true,2400,0,479.197,10.314,15.856,19.092,19.957,21.797,82.441,80.664,89.38,20,20,56,multiprocess_sample_only,,
yjit-off/puma-response-string-512kb/puma-1w-3t/repeat-3,yjit-off,false,puma-response-string-512kb,puma-response-time-wrk,puma/benchmarks/local/response_time_wrk,https://github.com/puma/puma/blob/main/benchmarks/local/response_time_wrk.rb,puma-1w-3t,3,puma,1,3,8326,1000,5.002,5.0,1000,3555,2.002,2.0,5,true,8326,0,1664.461,2.587,4.787,15.619,18.916,20.554,81.723,81.723,88.015,20,20,68,multiprocess_sample_only,,
yjit-off/puma-response-io-512kb/puma-1w-3t/repeat-3,yjit-off,false,puma-response-io-512kb,puma-response-time-wrk,puma/benchmarks/local/response_time_wrk,https://github.com/puma/puma/blob/main/benchmarks/local/response_time_wrk.rb,puma-1w-3t,3,puma,1,3,8396,1000,5.002,5.0,1000,3393,2.002,2.0,5,true,8396,0,1678.597,2.536,4.727,15.432,18.969,213.255,81.723,81.723,86.6,20,20,68,multiprocess_sample_only,,
yjit-off/puma-response-array-1024kb/puma-1w-3t/repeat-3,yjit-off,false,puma-response-array-1024kb,puma-response-time-wrk,puma/benchmarks/local/response_time_wrk,https://github.com/puma/puma/blob/main/benchmarks/local/response_time_wrk.rb,puma-1w-3t,3,puma,1,3,5248,1000,5.003,5.0,1000,2110,2.004,2.0,5,true,5248,0,1048.917,4.415,7.338,18.887,22.247,23.467,144.547,137.473,86.39,20,20,72,multiprocess_sample_only,,
yjit-off/puma-response-chunk-1024kb/puma-1w-3t/repeat-3,yjit-off,false,puma-response-chunk-1024kb,puma-response-time-wrk,puma/benchmarks/local/response_time_wrk,https://github.com/puma/puma/blob/main/benchmarks/local/response_time_wrk.rb,puma-1w-3t,3,puma,1,3,1324,1000,5.016,5.0,1000,1000,3.767,2.0,5,true,1324,0,263.949,18.689,20.562,34.438,34.775,34.818,85.016,84.914,85.46,20,20,46,multiprocess_sample_only,,
yjit-off/puma-response-string-1024kb/puma-1w-3t/repeat-3,yjit-off,false,puma-response-string-1024kb,puma-response-time-wrk,puma/benchmarks/local/response_time_wrk,https://github.com/puma/puma/blob/main/benchmarks/local/response_time_wrk.rb,puma-1w-3t,3,puma,1,3,5490,1000,5.005,5.0,1000,2210,2.003,2.0,5,true,5490,0,1097.005,3.894,7.509,18.846,23.444,25.421,82.766,82.766,84.1,20,20,64,multiprocess_sample_only,,
yjit-off/puma-response-io-1024kb/puma-1w-3t/repeat-3,yjit-off,false,puma-response-io-1024kb,puma-response-time-wrk,puma/benchmarks/local/response_time_wrk,https://github.com/puma/puma/blob/main/benchmarks/local/response_time_wrk.rb,puma-1w-3t,3,puma,1,3,5321,1000,5.004,5.0,1000,2190,2.003,2.0,5,true,5321,0,1063.364,4.079,7.703,18.888,23.599,24.637,82.828,82.828,82.43,20,20,65,multiprocess_sample_only,,
yjit-off/puma-response-array-2048kb/puma-1w-3t/repeat-3,yjit-off,false,puma-response-array-2048kb,puma-response-time-wrk,puma/benchmarks/local/response_time_wrk,https://github.com/puma/puma/blob/main/benchmarks/local/response_time_wrk.rb,puma-1w-3t,3,puma,1,3,2930,1000,5.009,5.0,1000,1192,2.008,2.0,5,true,2930,0,584.941,8.45,13.374,16.101,25.199,27.466,119.586,118.375,82.18,20,20,73,multiprocess_sample_only,,
yjit-off/puma-response-chunk-2048kb/puma-1w-3t/repeat-3,yjit-off,false,puma-response-chunk-2048kb,puma-response-time-wrk,puma/benchmarks/local/response_time_wrk,https://github.com/puma/puma/blob/main/benchmarks/local/response_time_wrk.rb,puma-1w-3t,3,puma,1,3,1000,1000,7.22,5.0,1000,1000,7.124,2.0,5,true,1000,0,138.506,35.951,36.98,65.27,65.865,66.159,86.746,84.328,81.09,20,20,49,multiprocess_sample_only,,
yjit-off/puma-response-string-2048kb/puma-1w-3t/repeat-3,yjit-off,false,puma-response-string-2048kb,puma-response-time-wrk,puma/benchmarks/local/response_time_wrk,https://github.com/puma/puma/blob/main/benchmarks/local/response_time_wrk.rb,puma-1w-3t,3,puma,1,3,3683,1000,5.007,5.0,1000,1406,2.005,2.0,5,true,3683,0,735.617,6.298,11.441,12.976,29.063,30.47,88.266,88.266,79.865,20,20,62,multiprocess_sample_only,,
yjit-off/puma-response-io-2048kb/puma-1w-3t/repeat-3,yjit-off,false,puma-response-io-2048kb,puma-response-time-wrk,puma/benchmarks/local/response_time_wrk,https://github.com/puma/puma/blob/main/benchmarks/local/response_time_wrk.rb,puma-1w-3t,3,puma,1,3,3545,1000,5.007,5.0,1000,1429,2.006,2.0,5,true,3545,0,707.97,6.531,11.633,14.227,24.241,29.311,88.27,88.27,78.315,20,20,61,multiprocess_sample_only,,
yjit-off/puma-long-tail-fib-200ms-x6p0/puma-1w-3t/repeat-3,yjit-off,false,puma-long-tail-fib-200ms-x6p0,puma-long-tail-hey,puma/benchmarks/local/long_tail_hey + test/rackup/sleep_fibonacci,https://github.com/puma/puma/blob/main/benchmarks/local/long_tail_hey.rb,puma-1w-3t,3,puma,1,3,360,360,50.745,5.0,360,360,50.848,2.0,18,true,360,0,7.094,2536.714,2553.095,2563.034,2569.367,2569.731,111.168,111.168,83.65,20,20,743,multiprocess_sample_only,,
yjit-off/puma-long-tail-fib-200ms-x4p0/puma-1w-3t/repeat-3,yjit-off,false,puma-long-tail-fib-200ms-x4p0,puma-long-tail-hey,puma/benchmarks/local/long_tail_hey + test/rackup/sleep_fibonacci,https://github.com/puma/puma/blob/main/benchmarks/local/long_tail_hey.rb,puma-1w-3t,3,puma,1,3,240,240,33.831,5.0,240,240,33.881,2.0,12,true,240,0,7.094,1691.62,1707.07,1717.538,1720.867,1721.7,112.383,112.383,87.125,20,20,496,multiprocess_sample_only,,
yjit-off/puma-long-tail-fib-200ms-x3p0/puma-1w-3t/repeat-3,yjit-off,false,puma-long-tail-fib-200ms-x3p0,puma-long-tail-hey,puma/benchmarks/local/long_tail_hey + test/rackup/sleep_fibonacci,https://github.com/puma/puma/blob/main/benchmarks/local/long_tail_hey.rb,puma-1w-3t,3,puma,1,3,180,180,25.38,5.0,180,180,25.437,2.0,9,true,180,0,7.092,1267.864,1286.678,1293.802,1297.048,1297.556,113.328,113.328,88.815,20,20,372,multiprocess_sample_only,,
yjit-off/puma-long-tail-fib-200ms-x2p0/puma-1w-3t/repeat-3,yjit-off,false,puma-long-tail-fib-200ms-x2p0,puma-long-tail-hey,puma/benchmarks/local/long_tail_hey + test/rackup/sleep_fibonacci,https://github.com/puma/puma/blob/main/benchmarks/local/long_tail_hey.rb,puma-1w-3t,3,puma,1,3,120,120,16.922,5.0,120,120,16.945,2.0,6,true,120,0,7.091,845.685,864.479,872.377,875.07,875.394,113.328,113.328,89.75,20,20,248,multiprocess_sample_only,,
yjit-off/puma-long-tail-fib-200ms-x1p5/puma-1w-3t/repeat-3,yjit-off,false,puma-long-tail-fib-200ms-x1p5,puma-long-tail-hey,puma/benchmarks/local/long_tail_hey + test/rackup/sleep_fibonacci,https://github.com/puma/puma/blob/main/benchmarks/local/long_tail_hey.rb,puma-1w-3t,3,puma,1,3,100,100,14.093,5.0,100,100,14.135,2.0,5,true,100,0,7.096,813.962,845.689,846.677,846.89,846.914,113.332,113.332,90.375,20,20,207,multiprocess_sample_only,,
yjit-off/puma-long-tail-fib-200ms-x1p0/puma-1w-3t/repeat-3,yjit-off,false,puma-long-tail-fib-200ms-x1p0,puma-long-tail-hey,puma/benchmarks/local/long_tail_hey + test/rackup/sleep_fibonacci,https://github.com/puma/puma/blob/main/benchmarks/local/long_tail_hey.rb,puma-1w-3t,3,puma,1,3,60,60,8.459,5.0,60,60,8.474,2.0,3,true,60,0,7.093,422.877,431.452,432.938,433.047,433.059,113.332,113.332,90.75,20,20,125,multiprocess_sample_only,,
yjit-off/puma-long-tail-fib-200ms-x0p5/puma-1w-3t/repeat-3,yjit-off,false,puma-long-tail-fib-200ms-x0p5,puma-long-tail-hey,puma/benchmarks/local/long_tail_hey + test/rackup/sleep_fibonacci,https://github.com/puma/puma/blob/main/benchmarks/local/long_tail_hey.rb,puma-1w-3t,3,puma,1,3,40,40,5.638,5.0,40,40,5.639,2.0,2,true,40,0,7.095,281.816,282.24,282.326,282.335,282.336,115.078,115.078,90.97,20,20,84,multiprocess_sample_only,,
yjit-off/puma-sleep-fibonacci-1ms/puma-1w-3t/repeat-3,yjit-off,false,puma-sleep-fibonacci-1ms,puma-sleep-fibonacci-test,puma/benchmarks/local/sleep_fibonacci_test + test/rackup/sleep_fibonacci,https://github.com/puma/puma/blob/main/benchmarks/local/sleep_fibonacci_test.rb,puma-1w-3t,3,puma,1,3,3654,10,5.001,5.0,10,1469,2.0,2.0,1,true,3654,0,730.638,1.33,1.452,1.709,2.229,2.392,124.855,124.855,90.84,20,20,75,multiprocess_sample_only,,
yjit-off/puma-sleep-fibonacci-5ms/puma-1w-3t/repeat-3,yjit-off,false,puma-sleep-fibonacci-5ms,puma-sleep-fibonacci-test,puma/benchmarks/local/sleep_fibonacci_test + test/rackup/sleep_fibonacci,https://github.com/puma/puma/blob/main/benchmarks/local/sleep_fibonacci_test.rb,puma-1w-3t,3,puma,1,3,943,10,5.001,5.0,10,381,2.001,2.0,1,true,943,0,188.577,5.26,5.391,5.532,6.224,6.24,125.426,125.426,90.575,20,20,74,multiprocess_sample_only,,
yjit-off/puma-sleep-fibonacci-10ms/puma-1w-3t/repeat-3,yjit-off,false,puma-sleep-fibonacci-10ms,puma-sleep-fibonacci-test,puma/benchmarks/local/sleep_fibonacci_test + test/rackup/sleep_fibonacci,https://github.com/puma/puma/blob/main/benchmarks/local/sleep_fibonacci_test.rb,puma-1w-3t,3,puma,1,3,482,10,5.004,5.0,10,193,2.008,2.0,1,true,482,0,96.328,10.326,10.495,10.755,11.386,11.41,127.141,127.141,90.335,20,20,74,multiprocess_sample_only,,
yjit-off/puma-sleep-fibonacci-50ms/puma-1w-3t/repeat-3,yjit-off,false,puma-sleep-fibonacci-50ms,puma-sleep-fibonacci-test,puma/benchmarks/local/sleep_fibonacci_test + test/rackup/sleep_fibonacci,https://github.com/puma/puma/blob/main/benchmarks/local/sleep_fibonacci_test.rb,puma-1w-3t,3,puma,1,3,99,10,5.013,5.0,10,40,2.03,2.0,1,true,99,0,19.748,50.533,50.893,51.344,53.127,53.325,127.141,127.141,90.075,20,20,75,multiprocess_sample_only,,
yjit-off/puma-sleep-fibonacci-100ms/puma-1w-3t/repeat-3,yjit-off,false,puma-sleep-fibonacci-100ms,puma-sleep-fibonacci-test,puma/benchmarks/local/sleep_fibonacci_test + test/rackup/sleep_fibonacci,https://github.com/puma/puma/blob/main/benchmarks/local/sleep_fibonacci_test.rb,puma-1w-3t,3,puma,1,3,50,10,5.028,5.0,10,20,2.016,2.0,1,true,50,0,9.944,100.483,100.654,100.802,100.89,100.9,127.141,127.141,89.82,20,20,75,multiprocess_sample_only,,
yjit-off/puma-sleep-fibonacci-200ms/puma-1w-3t/repeat-3,yjit-off,false,puma-sleep-fibonacci-200ms,puma-sleep-fibonacci-test,puma/benchmarks/local/sleep_fibonacci_test + test/rackup/sleep_fibonacci,https://github.com/puma/puma/blob/main/benchmarks/local/sleep_fibonacci_test.rb,puma-1w-3t,3,puma,1,3,25,10,5.017,5.0,10,10,2.007,2.0,1,true,25,0,4.983,200.57,200.779,201.115,201.203,201.212,127.141,127.141,89.565,20,20,75,multiprocess_sample_only,,
yjit-on/puma-response-array-1kb/raptor-3r/repeat-1,yjit-on,true,puma-response-array-1kb,puma-response-time-wrk,puma/benchmarks/local/response_time_wrk,https://github.com/puma/puma/blob/main/benchmarks/local/response_time_wrk.rb,raptor-3r,3,raptor,3,,1000,1000,16.112,5.0,1000,1000,16.19,2.0,5,true,1000,0,62.067,40.981,41.92,42.47,4031.146,4031.483,28.859,28.859,3.08,20,20,237,same_worker,30,719275
yjit-on/puma-response-chunk-1kb/raptor-3r/repeat-1,yjit-on,true,puma-response-chunk-1kb,puma-response-time-wrk,puma/benchmarks/local/response_time_wrk,https://github.com/puma/puma/blob/main/benchmarks/local/response_time_wrk.rb,raptor-3r,3,raptor,3,,1000,1000,16.104,5.0,1000,1000,16.167,2.0,5,true,1000,0,62.096,40.977,41.967,42.415,4027.431,4028.173,29.289,29.289,2.48,20,20,237,same_worker,30,716251
yjit-on/puma-response-string-1kb/raptor-3r/repeat-1,yjit-on,true,puma-response-string-1kb,puma-response-time-wrk,puma/benchmarks/local/response_time_wrk,https://github.com/puma/puma/blob/main/benchmarks/local/response_time_wrk.rb,raptor-3r,3,raptor,3,,1000,1000,16.108,5.0,1000,1000,16.149,2.0,5,true,1000,0,62.08,40.977,41.968,42.475,4029.067,4029.428,29.383,29.383,2.3,20,20,237,same_worker,31,719243
yjit-on/puma-response-io-1kb/raptor-3r/repeat-1,yjit-on,true,puma-response-io-1kb,puma-response-time-wrk,puma/benchmarks/local/response_time_wrk,https://github.com/puma/puma/blob/main/benchmarks/local/response_time_wrk.rb,raptor-3r,3,raptor,3,,1000,1000,16.105,5.0,1000,1000,16.141,2.0,5,true,1000,0,62.092,40.978,41.932,42.129,4026.756,4027.415,29.434,29.434,2.3,20,20,237,same_worker,31,727243
yjit-on/puma-response-array-10kb/raptor-3r/repeat-1,yjit-on,true,puma-response-array-10kb,puma-response-time-wrk,puma/benchmarks/local/response_time_wrk,https://github.com/puma/puma/blob/main/benchmarks/local/response_time_wrk.rb,raptor-3r,3,raptor,3,,1000,1000,16.109,5.0,1000,1000,16.156,2.0,5,true,1000,0,62.076,40.974,41.957,42.132,4025.401,4062.558,29.465,29.465,2.265,20,20,237,same_worker,32,719249
yjit-on/puma-response-chunk-10kb/raptor-3r/repeat-1,yjit-on,true,puma-response-chunk-10kb,puma-response-time-wrk,puma/benchmarks/local/response_time_wrk,https://github.com/puma/puma/blob/main/benchmarks/local/response_time_wrk.rb,raptor-3r,3,raptor,3,,1000,1000,16.104,5.0,1000,1000,16.127,2.0,5,true,1000,0,62.098,40.978,41.951,42.199,4025.048,4028.387,29.5,29.5,2.22,20,20,237,same_worker,32,716243
yjit-on/puma-response-string-10kb/raptor-3r/repeat-1,yjit-on,true,puma-response-string-10kb,puma-response-time-wrk,puma/benchmarks/local/response_time_wrk,https://github.com/puma/puma/blob/main/benchmarks/local/response_time_wrk.rb,raptor-3r,3,raptor,3,,1000,1000,16.112,5.0,1000,1000,16.127,2.0,5,true,1000,0,62.067,40.981,41.939,42.315,4030.481,4031.122,29.516,29.516,2.2,20,20,237,same_worker,32,719249
yjit-on/puma-response-io-10kb/raptor-3r/repeat-1,yjit-on,true,puma-response-io-10kb,puma-response-time-wrk,puma/benchmarks/local/response_time_wrk,https://github.com/puma/puma/blob/main/benchmarks/local/response_time_wrk.rb,raptor-3r,3,raptor,3,,1000,1000,16.118,5.0,1000,1000,16.147,2.0,5,true,1000,0,62.041,40.978,41.963,42.123,4029.239,4029.902,30.168,30.168,2.22,20,20,237,same_worker,34,744077
yjit-on/puma-response-array-100kb/raptor-3r/repeat-1,yjit-on,true,puma-response-array-100kb,puma-response-time-wrk,puma/benchmarks/local/response_time_wrk,https://github.com/puma/puma/blob/main/benchmarks/local/response_time_wrk.rb,raptor-3r,3,raptor,3,,1000,1000,14.381,5.0,1000,1000,14.112,2.0,5,true,1000,0,69.537,40.961,41.961,42.284,3705.164,3787.119,30.199,30.199,2.3,20,20,211,same_worker,33,719243
yjit-on/puma-response-chunk-100kb/raptor-3r/repeat-1,yjit-on,true,puma-response-chunk-100kb,puma-response-time-wrk,puma/benchmarks/local/response_time_wrk,https://github.com/puma/puma/blob/main/benchmarks/local/response_time_wrk.rb,raptor-3r,3,raptor,3,,1000,1000,14.646,5.0,1000,1000,13.348,2.0,5,true,1000,0,68.28,40.965,41.962,42.146,3868.169,3874.882,30.199,30.199,2.4,20,20,215,same_worker,33,716243
yjit-on/puma-response-string-100kb/raptor-3r/repeat-1,yjit-on,true,puma-response-string-100kb,puma-response-time-wrk,puma/benchmarks/local/response_time_wrk,https://github.com/puma/puma/blob/main/benchmarks/local/response_time_wrk.rb,raptor-3r,3,raptor,3,,12972,1000,5.001,5.0,1000,5494,2.002,2.0,5,true,12972,0,2593.664,1.041,1.951,6.427,113.047,118.528,30.613,30.613,3.55,20,20,72,same_worker,478,9328542
yjit-on/puma-response-io-100kb/raptor-3r/repeat-1,yjit-on,true,puma-response-io-100kb,puma-response-time-wrk,puma/benchmarks/local/response_time_wrk,https://github.com/puma/puma/blob/main/benchmarks/local/response_time_wrk.rb,raptor-3r,3,raptor,3,,1000,1000,14.221,5.0,1000,1000,14.522,2.0,5,true,1000,0,70.317,40.964,41.974,42.937,3519.578,3557.751,34.73,34.73,4.2,20,20,209,same_worker,53,925231
yjit-on/puma-response-array-256kb/raptor-3r/repeat-1,yjit-on,true,puma-response-array-256kb,puma-response-time-wrk,puma/benchmarks/local/response_time_wrk,https://github.com/puma/puma/blob/main/benchmarks/local/response_time_wrk.rb,raptor-3r,3,raptor,3,,1000,1000,8.357,5.0,1000,1000,9.361,2.0,5,true,1000,0,119.662,40.927,42.195,43.282,1938.585,2151.599,34.73,34.73,4.295,20,20,123,same_worker,41,719243
yjit-on/puma-response-chunk-256kb/raptor-3r/repeat-1,yjit-on,true,puma-response-chunk-256kb,puma-response-time-wrk,puma/benchmarks/local/response_time_wrk,https://github.com/puma/puma/blob/main/benchmarks/local/response_time_wrk.rb,raptor-3r,3,raptor,3,,1024,1000,6.41,5.0,1000,1000,6.289,2.0,5,true,1024,0,159.757,1.295,42.254,43.575,1614.202,1934.045,34.73,34.73,4.485,20,20,95,same_worker,42,733451
yjit-on/puma-response-string-256kb/raptor-3r/repeat-1,yjit-on,true,puma-response-string-256kb,puma-response-time-wrk,puma/benchmarks/local/response_time_wrk,https://github.com/puma/puma/blob/main/benchmarks/local/response_time_wrk.rb,raptor-3r,3,raptor,3,,9684,1000,5.002,5.0,1000,3892,2.024,2.0,5,true,9684,0,1935.977,1.311,2.781,37.862,153.169,172.686,34.746,34.746,5.23,20,20,71,same_worker,341,6963121
yjit-on/puma-response-io-256kb/raptor-3r/repeat-1,yjit-on,true,puma-response-io-256kb,puma-response-time-wrk,puma/benchmarks/local/response_time_wrk,https://github.com/puma/puma/blob/main/benchmarks/local/response_time_wrk.rb,raptor-3r,3,raptor,3,,1000,1000,10.501,5.0,1000,1000,9.585,2.0,5,true,1000,0,95.229,41.397,42.775,43.664,2496.295,2566.028,41.207,38.457,5.775,20,20,155,same_worker,60,1236195
yjit-on/puma-response-array-512kb/raptor-3r/repeat-1,yjit-on,true,puma-response-array-512kb,puma-response-time-wrk,puma/benchmarks/local/response_time_wrk,https://github.com/puma/puma/blob/main/benchmarks/local/response_time_wrk.rb,raptor-3r,3,raptor,3,,1000,1000,11.656,5.0,1000,1000,13.002,2.0,5,true,1000,0,85.793,41.864,42.749,43.433,2970.966,3036.522,38.477,38.477,5.9,20,20,172,same_worker,32,719249
yjit-on/puma-response-chunk-512kb/raptor-3r/repeat-1,yjit-on,true,puma-response-chunk-512kb,puma-response-time-wrk,puma/benchmarks/local/response_time_wrk,https://github.com/puma/puma/blob/main/benchmarks/local/response_time_wrk.rb,raptor-3r,3,raptor,3,,1000,1000,12.315,5.0,1000,1000,12.205,2.0,5,true,1000,0,81.201,41.936,42.87,44.144,3358.57,3476.421,38.477,38.477,6.03,20,20,182,same_worker,33,716249
yjit-on/puma-response-string-512kb/raptor-3r/repeat-1,yjit-on,true,puma-response-string-512kb,puma-response-time-wrk,puma/benchmarks/local/response_time_wrk,https://github.com/puma/puma/blob/main/benchmarks/local/response_time_wrk.rb,raptor-3r,3,raptor,3,,7634,1000,5.179,5.0,1000,3062,2.004,2.0,5,true,7634,0,1474.062,1.581,3.165,18.96,205.963,267.435,38.957,38.957,6.535,20,20,74,same_worker,260,5490371
yjit-on/puma-response-io-512kb/raptor-3r/repeat-1,yjit-on,true,puma-response-io-512kb,puma-response-time-wrk,puma/benchmarks/local/response_time_wrk,https://github.com/puma/puma/blob/main/benchmarks/local/response_time_wrk.rb,raptor-3r,3,raptor,3,,1000,1000,14.451,5.0,1000,1000,14.077,2.0,5,true,1000,0,69.197,41.973,43.293,44.472,3544.668,3785.964,43.805,43.805,6.965,20,20,213,same_worker,103,1749249
yjit-on/puma-response-array-1024kb/raptor-3r/repeat-1,yjit-on,true,puma-response-array-1024kb,puma-response-time-wrk,puma/benchmarks/local/response_time_wrk,https://github.com/puma/puma/blob/main/benchmarks/local/response_time_wrk.rb,raptor-3r,3,raptor,3,,1000,1000,14.016,5.0,1000,1000,14.787,2.0,5,true,1000,0,71.345,41.968,43.577,45.264,3474.086,3652.105,41.355,41.355,7.17,20,20,206,same_worker,36,718321
yjit-on/puma-response-chunk-1024kb/raptor-3r/repeat-1,yjit-on,true,puma-response-chunk-1024kb,puma-response-time-wrk,puma/benchmarks/local/response_time_wrk,https://github.com/puma/puma/blob/main/benchmarks/local/response_time_wrk.rb,raptor-3r,3,raptor,3,,1000,1000,14.325,5.0,1000,1000,15.008,2.0,5,true,1000,0,69.809,41.974,43.48,45.039,3577.37,3770.069,41.355,41.355,7.385,20,20,210,same_worker,36,716249
yjit-on/puma-response-string-1024kb/raptor-3r/repeat-1,yjit-on,true,puma-response-string-1024kb,puma-response-time-wrk,puma/benchmarks/local/response_time_wrk,https://github.com/puma/puma/blob/main/benchmarks/local/response_time_wrk.rb,raptor-3r,3,raptor,3,,5127,1000,5.004,5.0,1000,2136,2.004,2.0,5,true,5127,0,1024.678,2.422,5.253,34.711,280.639,287.004,46.039,46.039,7.765,20,20,68,same_worker,198,3687250
yjit-on/puma-response-io-1024kb/raptor-3r/repeat-1,yjit-on,true,puma-response-io-1024kb,puma-response-time-wrk,puma/benchmarks/local/response_time_wrk,https://github.com/puma/puma/blob/main/benchmarks/local/response_time_wrk.rb,raptor-3r,3,raptor,3,,1000,1000,15.275,5.0,1000,1000,16.041,2.0,5,true,1000,0,65.465,42.975,44.948,46.4,3753.501,3916.505,57.047,57.047,8.345,20,20,224,same_worker,144,2772641
yjit-on/puma-response-array-2048kb/raptor-3r/repeat-1,yjit-on,true,puma-response-array-2048kb,puma-response-time-wrk,puma/benchmarks/local/response_time_wrk,https://github.com/puma/puma/blob/main/benchmarks/local/response_time_wrk.rb,raptor-3r,3,raptor,3,,1000,1000,15.016,5.0,1000,1000,15.44,2.0,5,true,1000,0,66.597,43.022,46.298,48.91,3748.393,3863.795,57.047,57.047,8.91,20,20,220,same_worker,30,719237
yjit-on/puma-response-chunk-2048kb/raptor-3r/repeat-1,yjit-on,true,puma-response-chunk-2048kb,puma-response-time-wrk,puma/benchmarks/local/response_time_wrk,https://github.com/puma/puma/blob/main/benchmarks/local/response_time_wrk.rb,raptor-3r,3,raptor,3,,1000,1000,15.095,5.0,1000,1000,15.128,2.0,5,true,1000,0,66.246,43.943,46.99,60.467,3607.675,3764.92,57.047,57.047,9.49,20,20,221,same_worker,30,716580
yjit-on/puma-response-string-2048kb/raptor-3r/repeat-1,yjit-on,true,puma-response-string-2048kb,puma-response-time-wrk,puma/benchmarks/local/response_time_wrk,https://github.com/puma/puma/blob/main/benchmarks/local/response_time_wrk.rb,raptor-3r,3,raptor,3,,3389,1000,5.005,5.0,1000,1344,2.008,2.0,5,true,3389,0,677.128,4.062,7.679,34.527,427.959,463.148,63.059,63.059,9.83,20,20,67,same_worker,108,2437685
yjit-on/puma-response-io-2048kb/raptor-3r/repeat-1,yjit-on,true,puma-response-io-2048kb,puma-response-time-wrk,puma/benchmarks/local/response_time_wrk,https://github.com/puma/puma/blob/main/benchmarks/local/response_time_wrk.rb,raptor-3r,3,raptor,3,,1000,1000,16.67,5.0,1000,1000,17.044,2.0,5,true,1000,0,59.99,45.355,50.562,53.326,4147.491,4293.735,68.426,65.844,10.825,20,20,245,same_worker,288,4820130
yjit-on/puma-long-tail-fib-200ms-x6p0/raptor-3r/repeat-1,yjit-on,true,puma-long-tail-fib-200ms-x6p0,puma-long-tail-hey,puma/benchmarks/local/long_tail_hey + test/rackup/sleep_fibonacci,https://github.com/puma/puma/blob/main/benchmarks/local/long_tail_hey.rb,raptor-3r,3,raptor,3,,363,360,28.997,5.0,360,360,28.775,2.0,18,true,363,0,12.519,241.73,242.801,19606.01,24399.255,24401.374,66.277,66.277,20.75,20,20,424,same_worker,2,61610
yjit-on/puma-long-tail-fib-200ms-x4p0/raptor-3r/repeat-1,yjit-on,true,puma-long-tail-fib-200ms-x4p0,puma-long-tail-hey,puma/benchmarks/local/long_tail_hey + test/rackup/sleep_fibonacci,https://github.com/puma/puma/blob/main/benchmarks/local/long_tail_hey.rb,raptor-3r,3,raptor,3,,243,240,19.407,5.0,240,240,19.167,2.0,12,true,243,0,12.521,241.682,242.65,12798.907,14810.937,14811.001,66.285,66.285,29.42,20,20,284,same_worker,2,44488
yjit-on/puma-long-tail-fib-200ms-x3p0/raptor-3r/repeat-1,yjit-on,true,puma-long-tail-fib-200ms-x3p0,puma-long-tail-hey,puma/benchmarks/local/long_tail_hey + test/rackup/sleep_fibonacci,https://github.com/puma/puma/blob/main/benchmarks/local/long_tail_hey.rb,raptor-3r,3,raptor,3,,183,180,14.616,5.0,180,180,14.376,2.0,9,true,183,0,12.52,241.595,242.465,10016.454,10018.407,10018.767,66.285,66.285,35.105,20,20,214,same_worker,1,31955
yjit-on/puma-long-tail-fib-200ms-x2p0/raptor-3r/repeat-1,yjit-on,true,puma-long-tail-fib-200ms-x2p0,puma-long-tail-hey,puma/benchmarks/local/long_tail_hey + test/rackup/sleep_fibonacci,https://github.com/puma/puma/blob/main/benchmarks/local/long_tail_hey.rb,raptor-3r,3,raptor,3,,123,120,9.821,5.0,120,120,9.588,2.0,6,true,123,0,12.524,241.396,242.441,5229.977,5230.414,5230.47,66.289,66.289,38.81,20,20,145,same_worker,1,22204
yjit-on/puma-long-tail-fib-200ms-x1p5/raptor-3r/repeat-1,yjit-on,true,puma-long-tail-fib-200ms-x1p5,puma-long-tail-hey,puma/benchmarks/local/long_tail_hey + test/rackup/sleep_fibonacci,https://github.com/puma/puma/blob/main/benchmarks/local/long_tail_hey.rb,raptor-3r,3,raptor,3,,103,100,9.829,5.0,100,100,9.587,2.0,5,true,103,0,10.479,241.714,242.659,5134.672,5234.78,5234.812,66.305,66.305,41.52,20,20,145,same_worker,1,18944
yjit-on/puma-long-tail-fib-200ms-x1p0/raptor-3r/repeat-1,yjit-on,true,puma-long-tail-fib-200ms-x1p0,puma-long-tail-hey,puma/benchmarks/local/long_tail_hey + test/rackup/sleep_fibonacci,https://github.com/puma/puma/blob/main/benchmarks/local/long_tail_hey.rb,raptor-3r,3,raptor,3,,63,60,5.034,5.0,60,60,4.794,2.0,3,true,63,0,12.516,241.569,242.533,242.965,242.969,242.969,66.305,66.305,43.2,20,20,75,same_worker,0,9868
yjit-on/puma-long-tail-fib-200ms-x0p5/raptor-3r/repeat-1,yjit-on,true,puma-long-tail-fib-200ms-x0p5,puma-long-tail-hey,puma/benchmarks/local/long_tail_hey + test/rackup/sleep_fibonacci,https://github.com/puma/puma/blob/main/benchmarks/local/long_tail_hey.rb,raptor-3r,3,raptor,3,,42,40,5.038,5.0,40,40,4.801,2.0,2,true,42,0,8.337,241.947,242.29,242.712,242.924,242.947,66.305,66.305,44.2,20,20,75,same_worker,1,9126
yjit-on/puma-sleep-fibonacci-1ms/raptor-3r/repeat-1,yjit-on,true,puma-sleep-fibonacci-1ms,puma-sleep-fibonacci-test,puma/benchmarks/local/sleep_fibonacci_test + test/rackup/sleep_fibonacci,https://github.com/puma/puma/blob/main/benchmarks/local/sleep_fibonacci_test.rb,raptor-3r,3,raptor,3,,122,10,5.009,5.0,10,49,2.018,2.0,1,true,122,0,24.357,41.967,42.145,43.032,43.292,43.327,66.355,66.355,44.18,20,20,75,same_worker,1,22969
yjit-on/puma-sleep-fibonacci-5ms/raptor-3r/repeat-1,yjit-on,true,puma-sleep-fibonacci-5ms,puma-sleep-fibonacci-test,puma/benchmarks/local/sleep_fibonacci_test + test/rackup/sleep_fibonacci,https://github.com/puma/puma/blob/main/benchmarks/local/sleep_fibonacci_test.rb,raptor-3r,3,raptor,3,,114,10,5.013,5.0,10,46,2.03,2.0,1,true,114,0,22.741,44.967,45.109,45.969,45.987,45.989,66.367,66.367,43.88,20,20,75,same_worker,1,20301
yjit-on/puma-sleep-fibonacci-10ms/raptor-3r/repeat-1,yjit-on,true,puma-sleep-fibonacci-10ms,puma-sleep-fibonacci-test,puma/benchmarks/local/sleep_fibonacci_test + test/rackup/sleep_fibonacci,https://github.com/puma/puma/blob/main/benchmarks/local/sleep_fibonacci_test.rb,raptor-3r,3,raptor,3,,97,10,5.007,5.0,10,40,2.039,2.0,1,true,97,0,19.373,51.964,52.049,52.965,52.977,52.978,66.387,66.387,43.645,20,20,75,same_worker,1,17366
yjit-on/puma-sleep-fibonacci-50ms/raptor-3r/repeat-1,yjit-on,true,puma-sleep-fibonacci-50ms,puma-sleep-fibonacci-test,puma/benchmarks/local/sleep_fibonacci_test + test/rackup/sleep_fibonacci,https://github.com/puma/puma/blob/main/benchmarks/local/sleep_fibonacci_test.rb,raptor-3r,3,raptor,3,,56,10,5.07,5.0,10,23,2.059,2.0,1,true,56,0,11.046,90.975,91.972,92.557,92.935,92.977,66.402,66.402,43.505,20,20,76,same_worker,1,10072
yjit-on/puma-sleep-fibonacci-100ms/raptor-3r/repeat-1,yjit-on,true,puma-sleep-fibonacci-100ms,puma-sleep-fibonacci-test,puma/benchmarks/local/sleep_fibonacci_test + test/rackup/sleep_fibonacci,https://github.com/puma/puma/blob/main/benchmarks/local/sleep_fibonacci_test.rb,raptor-3r,3,raptor,3,,36,10,5.047,5.0,10,15,2.085,2.0,1,true,36,0,7.133,140.978,142.003,142.113,142.133,142.135,66.402,66.402,43.585,20,20,76,same_worker,0,6528
yjit-on/puma-sleep-fibonacci-200ms/raptor-3r/repeat-1,yjit-on,true,puma-sleep-fibonacci-200ms,puma-sleep-fibonacci-test,puma/benchmarks/local/sleep_fibonacci_test + test/rackup/sleep_fibonacci,https://github.com/puma/puma/blob/main/benchmarks/local/sleep_fibonacci_test.rb,raptor-3r,3,raptor,3,,21,10,5.042,5.0,10,10,2.38,2.0,1,true,21,0,4.165,241.969,242.044,242.822,242.997,243.017,66.402,66.402,43.67,20,20,75,same_worker,0,2237
yjit-on/puma-response-array-1kb/raptor-3r/repeat-2,yjit-on,true,puma-response-array-1kb,puma-response-time-wrk,puma/benchmarks/local/response_time_wrk,https://github.com/puma/puma/blob/main/benchmarks/local/response_time_wrk.rb,raptor-3r,3,raptor,3,,1000,1000,16.113,5.0,1000,1000,16.156,2.0,5,true,1000,0,62.061,40.98,41.934,42.26,4030.91,4031.044,28.867,28.867,3.055,20,20,237,same_worker,31,719290
yjit-on/puma-response-chunk-1kb/raptor-3r/repeat-2,yjit-on,true,puma-response-chunk-1kb,puma-response-time-wrk,puma/benchmarks/local/response_time_wrk,https://github.com/puma/puma/blob/main/benchmarks/local/response_time_wrk.rb,raptor-3r,3,raptor,3,,1000,1000,16.11,5.0,1000,1000,16.137,2.0,5,true,1000,0,62.073,40.983,41.961,42.346,4030.569,4031.083,29.164,29.164,2.445,20,20,238,same_worker,30,716244
yjit-on/puma-response-string-1kb/raptor-3r/repeat-2,yjit-on,true,puma-response-string-1kb,puma-response-time-wrk,puma/benchmarks/local/response_time_wrk,https://github.com/puma/puma/blob/main/benchmarks/local/response_time_wrk.rb,raptor-3r,3,raptor,3,,1000,1000,16.107,5.0,1000,1000,16.118,2.0,5,true,1000,0,62.085,40.98,41.973,42.264,4025.854,4027.051,29.344,29.344,2.2,20,20,238,same_worker,30,719249
yjit-on/puma-response-io-1kb/raptor-3r/repeat-2,yjit-on,true,puma-response-io-1kb,puma-response-time-wrk,puma/benchmarks/local/response_time_wrk,https://github.com/puma/puma/blob/main/benchmarks/local/response_time_wrk.rb,raptor-3r,3,raptor,3,,1000,1000,16.099,5.0,1000,1000,16.133,2.0,5,true,1000,0,62.116,40.981,41.944,42.303,4026.27,4027.349,29.434,29.434,2.19,20,20,238,same_worker,32,727243
yjit-on/puma-response-array-10kb/raptor-3r/repeat-2,yjit-on,true,puma-response-array-10kb,puma-response-time-wrk,puma/benchmarks/local/response_time_wrk,https://github.com/puma/puma/blob/main/benchmarks/local/response_time_wrk.rb,raptor-3r,3,raptor,3,,1000,1000,16.099,5.0,1000,1000,16.117,2.0,5,true,1000,0,62.115,40.982,41.929,42.27,4024.859,4034.008,29.531,29.531,2.1,20,20,239,same_worker,31,719237
yjit-on/puma-response-chunk-10kb/raptor-3r/repeat-2,yjit-on,true,puma-response-chunk-10kb,puma-response-time-wrk,puma/benchmarks/local/response_time_wrk,https://github.com/puma/puma/blob/main/benchmarks/local/response_time_wrk.rb,raptor-3r,3,raptor,3,,1000,1000,16.097,5.0,1000,1000,16.134,2.0,5,true,1000,0,62.124,40.979,41.881,42.172,4025.724,4030.024,29.531,29.531,2.1,20,20,238,same_worker,31,716249
yjit-on/puma-response-string-10kb/raptor-3r/repeat-2,yjit-on,true,puma-response-string-10kb,puma-response-time-wrk,puma/benchmarks/local/response_time_wrk,https://github.com/puma/puma/blob/main/benchmarks/local/response_time_wrk.rb,raptor-3r,3,raptor,3,,1000,1000,16.116,5.0,1000,1000,16.12,2.0,5,true,1000,0,62.049,40.978,41.984,42.492,4027.646,4028.831,29.543,29.543,2.09,20,20,238,same_worker,32,719243
yjit-on/puma-response-io-10kb/raptor-3r/repeat-2,yjit-on,true,puma-response-io-10kb,puma-response-time-wrk,puma/benchmarks/local/response_time_wrk,https://github.com/puma/puma/blob/main/benchmarks/local/response_time_wrk.rb,raptor-3r,3,raptor,3,,1000,1000,16.106,5.0,1000,1000,16.133,2.0,5,true,1000,0,62.088,40.978,41.964,42.416,4027.487,4030.213,30.098,30.098,2.1,20,20,237,same_worker,34,745243
yjit-on/puma-response-array-100kb/raptor-3r/repeat-2,yjit-on,true,puma-response-array-100kb,puma-response-time-wrk,puma/benchmarks/local/response_time_wrk,https://github.com/puma/puma/blob/main/benchmarks/local/response_time_wrk.rb,raptor-3r,3,raptor,3,,1000,1000,14.676,5.0,1000,1000,14.179,2.0,5,true,1000,0,68.138,40.964,41.959,42.138,3706.127,3708.886,30.113,30.113,2.175,20,20,216,same_worker,33,719243
yjit-on/puma-response-chunk-100kb/raptor-3r/repeat-2,yjit-on,true,puma-response-chunk-100kb,puma-response-time-wrk,puma/benchmarks/local/response_time_wrk,https://github.com/puma/puma/blob/main/benchmarks/local/response_time_wrk.rb,raptor-3r,3,raptor,3,,1000,1000,14.866,5.0,1000,1000,13.056,2.0,5,true,1000,0,67.266,40.965,41.953,42.167,3620.264,3712.996,30.121,30.121,2.27,20,20,219,same_worker,33,715227
yjit-on/puma-response-string-100kb/raptor-3r/repeat-2,yjit-on,true,puma-response-string-100kb,puma-response-time-wrk,puma/benchmarks/local/response_time_wrk,https://github.com/puma/puma/blob/main/benchmarks/local/response_time_wrk.rb,raptor-3r,3,raptor,3,,13747,1000,5.002,5.0,1000,5668,2.001,2.0,5,true,13747,0,2748.535,1.005,1.768,6.703,105.355,111.631,30.477,30.477,3.375,20,20,73,same_worker,508,9884393
yjit-on/puma-response-io-100kb/raptor-3r/repeat-2,yjit-on,true,puma-response-io-100kb,puma-response-time-wrk,puma/benchmarks/local/response_time_wrk,https://github.com/puma/puma/blob/main/benchmarks/local/response_time_wrk.rb,raptor-3r,3,raptor,3,,1000,1000,15.244,5.0,1000,1000,14.354,2.0,5,true,1000,0,65.6,40.971,41.969,42.346,3753.998,3954.402,33.398,33.398,4.0,20,20,225,same_worker,54,924382
yjit-on/puma-response-array-256kb/raptor-3r/repeat-2,yjit-on,true,puma-response-array-256kb,puma-response-time-wrk,puma/benchmarks/local/response_time_wrk,https://github.com/puma/puma/blob/main/benchmarks/local/response_time_wrk.rb,raptor-3r,3,raptor,3,,1001,1000,7.484,5.0,1000,1000,8.535,2.0,5,true,1001,0,133.746,40.839,42.092,43.591,2082.352,2415.312,33.398,33.398,4.095,20,20,111,same_worker,42,719977
yjit-on/puma-response-chunk-256kb/raptor-3r/repeat-2,yjit-on,true,puma-response-chunk-256kb,puma-response-time-wrk,puma/benchmarks/local/response_time_wrk,https://github.com/puma/puma/blob/main/benchmarks/local/response_time_wrk.rb,raptor-3r,3,raptor,3,,1000,1000,8.724,5.0,1000,1000,8.463,2.0,5,true,1000,0,114.627,40.928,42.265,43.341,2675.781,2939.941,33.398,33.398,4.255,20,20,128,same_worker,42,716243
yjit-on/puma-response-string-256kb/raptor-3r/repeat-2,yjit-on,true,puma-response-string-256kb,puma-response-time-wrk,puma/benchmarks/local/response_time_wrk,https://github.com/puma/puma/blob/main/benchmarks/local/response_time_wrk.rb,raptor-3r,3,raptor,3,,9588,1000,5.002,5.0,1000,3795,2.002,2.0,5,true,9588,0,1916.863,1.323,2.742,21.615,152.529,208.277,33.852,33.852,4.99,20,20,72,same_worker,319,6892121
yjit-on/puma-response-io-256kb/raptor-3r/repeat-2,yjit-on,true,puma-response-io-256kb,puma-response-time-wrk,puma/benchmarks/local/response_time_wrk,https://github.com/puma/puma/blob/main/benchmarks/local/response_time_wrk.rb,raptor-3r,3,raptor,3,,1000,1000,9.345,5.0,1000,1000,11.088,2.0,5,true,1000,0,107.008,41.49,42.893,43.73,3200.826,3453.766,40.945,40.945,5.495,20,20,138,same_worker,60,1235626
yjit-on/puma-response-array-512kb/raptor-3r/repeat-2,yjit-on,true,puma-response-array-512kb,puma-response-time-wrk,puma/benchmarks/local/response_time_wrk,https://github.com/puma/puma/blob/main/benchmarks/local/response_time_wrk.rb,raptor-3r,3,raptor,3,,1000,1000,10.399,5.0,1000,1000,12.039,2.0,5,true,1000,0,96.162,41.833,42.963,45.161,2786.632,2917.609,40.945,40.945,5.675,20,20,153,same_worker,33,719249
yjit-on/puma-response-chunk-512kb/raptor-3r/repeat-2,yjit-on,true,puma-response-chunk-512kb,puma-response-time-wrk,puma/benchmarks/local/response_time_wrk,https://github.com/puma/puma/blob/main/benchmarks/local/response_time_wrk.rb,raptor-3r,3,raptor,3,,1000,1000,11.084,5.0,1000,1000,13.128,2.0,5,true,1000,0,90.22,41.914,42.924,46.3,2745.774,3018.102,40.945,40.945,5.85,20,20,163,same_worker,33,716243
yjit-on/puma-response-string-512kb/raptor-3r/repeat-2,yjit-on,true,puma-response-string-512kb,puma-response-time-wrk,puma/benchmarks/local/response_time_wrk,https://github.com/puma/puma/blob/main/benchmarks/local/response_time_wrk.rb,raptor-3r,3,raptor,3,,7360,1000,5.003,5.0,1000,2856,2.003,2.0,5,true,7360,0,1471.242,1.612,3.295,44.741,205.003,255.464,40.945,40.945,6.345,20,20,71,same_worker,252,5291887
yjit-on/puma-response-io-512kb/raptor-3r/repeat-2,yjit-on,true,puma-response-io-512kb,puma-response-time-wrk,puma/benchmarks/local/response_time_wrk,https://github.com/puma/puma/blob/main/benchmarks/local/response_time_wrk.rb,raptor-3r,3,raptor,3,,1000,1000,14.052,5.0,1000,1000,14.381,2.0,5,true,1000,0,71.164,41.974,43.588,44.657,3658.066,3668.183,45.074,45.074,6.77,20,20,207,same_worker,103,1747986
yjit-on/puma-response-array-1024kb/raptor-3r/repeat-2,yjit-on,true,puma-response-array-1024kb,puma-response-time-wrk,puma/benchmarks/local/response_time_wrk,https://github.com/puma/puma/blob/main/benchmarks/local/response_time_wrk.rb,raptor-3r,3,raptor,3,,1000,1000,13.767,5.0,1000,1000,14.907,2.0,5,true,1000,0,72.638,41.975,43.933,45.952,3413.766,3530.61,45.074,45.074,7.025,20,20,202,same_worker,37,719249
yjit-on/puma-response-chunk-1024kb/raptor-3r/repeat-2,yjit-on,true,puma-response-chunk-1024kb,puma-response-time-wrk,puma/benchmarks/local/response_time_wrk,https://github.com/puma/puma/blob/main/benchmarks/local/response_time_wrk.rb,raptor-3r,3,raptor,3,,1000,1000,14.166,5.0,1000,1000,15.077,2.0,5,true,1000,0,70.591,41.97,43.958,47.055,3484.745,3687.516,45.074,45.074,7.275,20,20,208,same_worker,37,716231
yjit-on/puma-response-string-1024kb/raptor-3r/repeat-2,yjit-on,true,puma-response-string-1024kb,puma-response-time-wrk,puma/benchmarks/local/response_time_wrk,https://github.com/puma/puma/blob/main/benchmarks/local/response_time_wrk.rb,raptor-3r,3,raptor,3,,5458,1000,5.004,5.0,1000,2182,2.004,2.0,5,true,5458,0,1090.667,2.283,4.877,43.951,248.606,292.674,48.254,48.254,7.645,20,20,69,same_worker,212,3925227
yjit-on/puma-response-io-1024kb/raptor-3r/repeat-2,yjit-on,true,puma-response-io-1024kb,puma-response-time-wrk,puma/benchmarks/local/response_time_wrk,https://github.com/puma/puma/blob/main/benchmarks/local/response_time_wrk.rb,raptor-3r,3,raptor,3,,1000,1000,15.162,5.0,1000,1000,15.804,2.0,5,true,1000,0,65.956,42.976,45.064,47.703,3939.997,3983.898,52.098,52.098,8.215,20,20,223,same_worker,145,2773239
yjit-on/puma-response-array-2048kb/raptor-3r/repeat-2,yjit-on,true,puma-response-array-2048kb,puma-response-time-wrk,puma/benchmarks/local/response_time_wrk,https://github.com/puma/puma/blob/main/benchmarks/local/response_time_wrk.rb,raptor-3r,3,raptor,3,,1000,1000,15.324,5.0,1000,1000,15.256,2.0,5,true,1000,0,65.257,42.981,45.951,49.667,3776.225,3798.43,52.098,52.098,8.775,20,20,225,same_worker,31,719243
yjit-on/puma-response-chunk-2048kb/raptor-3r/repeat-2,yjit-on,true,puma-response-chunk-2048kb,puma-response-time-wrk,puma/benchmarks/local/response_time_wrk,https://github.com/puma/puma/blob/main/benchmarks/local/response_time_wrk.rb,raptor-3r,3,raptor,3,,1000,1000,14.401,5.0,1000,1000,15.002,2.0,5,true,1000,0,69.441,43.604,46.36,50.295,3685.495,3867.813,52.098,52.098,9.31,20,20,212,same_worker,31,716243
yjit-on/puma-response-string-2048kb/raptor-3r/repeat-2,yjit-on,true,puma-response-string-2048kb,puma-response-time-wrk,puma/benchmarks/local/response_time_wrk,https://github.com/puma/puma/blob/main/benchmarks/local/response_time_wrk.rb,raptor-3r,3,raptor,3,,3569,1000,5.005,5.0,1000,1436,2.006,2.0,5,true,3569,0,713.034,3.845,7.351,13.381,419.914,460.866,58.109,58.109,9.66,20,20,68,same_worker,113,2565990
yjit-on/puma-response-io-2048kb/raptor-3r/repeat-2,yjit-on,true,puma-response-io-2048kb,puma-response-time-wrk,puma/benchmarks/local/response_time_wrk,https://github.com/puma/puma/blob/main/benchmarks/local/response_time_wrk.rb,raptor-3r,3,raptor,3,,1000,1000,16.406,5.0,1000,1000,17.181,2.0,5,true,1000,0,60.952,45.001,50.322,58.445,4102.923,4149.81,65.781,65.781,10.635,20,20,241,same_worker,282,4821589
yjit-on/puma-long-tail-fib-200ms-x6p0/raptor-3r/repeat-2,yjit-on,true,puma-long-tail-fib-200ms-x6p0,puma-long-tail-hey,puma/benchmarks/local/long_tail_hey + test/rackup/sleep_fibonacci,https://github.com/puma/puma/blob/main/benchmarks/local/long_tail_hey.rb,raptor-3r,3,raptor,3,,363,360,28.998,5.0,360,360,28.77,2.0,18,true,363,0,12.518,241.686,243.012,19604.183,24397.503,24397.511,66.254,66.254,20.545,20,20,423,same_worker,3,64245
yjit-on/puma-long-tail-fib-200ms-x4p0/raptor-3r/repeat-2,yjit-on,true,puma-long-tail-fib-200ms-x4p0,puma-long-tail-hey,puma/benchmarks/local/long_tail_hey + test/rackup/sleep_fibonacci,https://github.com/puma/puma/blob/main/benchmarks/local/long_tail_hey.rb,raptor-3r,3,raptor,3,,243,240,19.413,5.0,240,240,19.169,2.0,12,true,243,0,12.518,241.724,242.95,12803.995,14815.168,14815.23,66.258,66.258,29.245,20,20,284,same_worker,1,43574
yjit-on/puma-long-tail-fib-200ms-x3p0/raptor-3r/repeat-2,yjit-on,true,puma-long-tail-fib-200ms-x3p0,puma-long-tail-hey,puma/benchmarks/local/long_tail_hey + test/rackup/sleep_fibonacci,https://github.com/puma/puma/blob/main/benchmarks/local/long_tail_hey.rb,raptor-3r,3,raptor,3,,183,180,14.619,5.0,180,180,14.374,2.0,9,true,183,0,12.518,241.699,242.696,10019.956,10020.773,10020.834,66.262,66.262,34.93,20,20,214,same_worker,1,31863
yjit-on/puma-long-tail-fib-200ms-x2p0/raptor-3r/repeat-2,yjit-on,true,puma-long-tail-fib-200ms-x2p0,puma-long-tail-hey,puma/benchmarks/local/long_tail_hey + test/rackup/sleep_fibonacci,https://github.com/puma/puma/blob/main/benchmarks/local/long_tail_hey.rb,raptor-3r,3,raptor,3,,123,120,9.832,5.0,120,120,9.586,2.0,6,true,123,0,12.511,241.805,243.068,5233.435,5234.011,5234.081,66.262,66.262,38.63,20,20,144,same_worker,1,21989
yjit-on/puma-long-tail-fib-200ms-x1p5/raptor-3r/repeat-2,yjit-on,true,puma-long-tail-fib-200ms-x1p5,puma-long-tail-hey,puma/benchmarks/local/long_tail_hey + test/rackup/sleep_fibonacci,https://github.com/puma/puma/blob/main/benchmarks/local/long_tail_hey.rb,raptor-3r,3,raptor,3,,103,100,9.83,5.0,100,100,9.589,2.0,5,true,103,0,10.478,241.711,242.967,5134.033,5234.708,5234.806,66.273,66.273,41.355,20,20,145,same_worker,1,17991
yjit-on/puma-long-tail-fib-200ms-x1p0/raptor-3r/repeat-2,yjit-on,true,puma-long-tail-fib-200ms-x1p0,puma-long-tail-hey,puma/benchmarks/local/long_tail_hey + test/rackup/sleep_fibonacci,https://github.com/puma/puma/blob/main/benchmarks/local/long_tail_hey.rb,raptor-3r,3,raptor,3,,63,60,5.035,5.0,60,60,4.794,2.0,3,true,63,0,12.513,241.527,242.343,242.671,242.85,242.869,66.277,66.277,43.025,20,20,75,same_worker,1,12525
yjit-on/puma-long-tail-fib-200ms-x0p5/raptor-3r/repeat-2,yjit-on,true,puma-long-tail-fib-200ms-x0p5,puma-long-tail-hey,puma/benchmarks/local/long_tail_hey + test/rackup/sleep_fibonacci,https://github.com/puma/puma/blob/main/benchmarks/local/long_tail_hey.rb,raptor-3r,3,raptor,3,,42,40,5.035,5.0,40,40,4.8,2.0,2,true,42,0,8.342,241.732,242.215,242.498,242.655,242.673,66.277,66.277,44.03,20,20,75,same_worker,1,10316
yjit-on/puma-sleep-fibonacci-1ms/raptor-3r/repeat-2,yjit-on,true,puma-sleep-fibonacci-1ms,puma-sleep-fibonacci-test,puma/benchmarks/local/sleep_fibonacci_test + test/rackup/sleep_fibonacci,https://github.com/puma/puma/blob/main/benchmarks/local/sleep_fibonacci_test.rb,raptor-3r,3,raptor,3,,122,10,5.011,5.0,10,49,2.018,2.0,1,true,122,0,24.348,41.965,42.962,43.078,43.107,43.108,66.297,66.297,44.01,20,20,75,same_worker,1,21691
yjit-on/puma-sleep-fibonacci-5ms/raptor-3r/repeat-2,yjit-on,true,puma-sleep-fibonacci-5ms,puma-sleep-fibonacci-test,puma/benchmarks/local/sleep_fibonacci_test + test/rackup/sleep_fibonacci,https://github.com/puma/puma/blob/main/benchmarks/local/sleep_fibonacci_test.rb,raptor-3r,3,raptor,3,,114,10,5.013,5.0,10,46,2.029,2.0,1,true,114,0,22.741,44.962,45.132,46.023,46.038,46.039,66.363,66.363,43.72,20,20,75,same_worker,1,20295
yjit-on/puma-sleep-fibonacci-10ms/raptor-3r/repeat-2,yjit-on,true,puma-sleep-fibonacci-10ms,puma-sleep-fibonacci-test,puma/benchmarks/local/sleep_fibonacci_test + test/rackup/sleep_fibonacci,https://github.com/puma/puma/blob/main/benchmarks/local/sleep_fibonacci_test.rb,raptor-3r,3,raptor,3,,97,10,5.005,5.0,10,40,2.037,2.0,1,true,97,0,19.38,51.963,52.228,52.998,53.09,53.101,66.363,66.363,43.47,20,20,75,same_worker,1,17360
yjit-on/puma-sleep-fibonacci-50ms/raptor-3r/repeat-2,yjit-on,true,puma-sleep-fibonacci-50ms,puma-sleep-fibonacci-test,puma/benchmarks/local/sleep_fibonacci_test + test/rackup/sleep_fibonacci,https://github.com/puma/puma/blob/main/benchmarks/local/sleep_fibonacci_test.rb,raptor-3r,3,raptor,3,,56,10,5.06,5.0,10,23,2.054,2.0,1,true,56,0,11.068,90.964,91.405,91.948,91.954,91.954,66.367,66.367,43.4,20,20,75,same_worker,1,10078
yjit-on/puma-sleep-fibonacci-100ms/raptor-3r/repeat-2,yjit-on,true,puma-sleep-fibonacci-100ms,puma-sleep-fibonacci-test,puma/benchmarks/local/sleep_fibonacci_test + test/rackup/sleep_fibonacci,https://github.com/puma/puma/blob/main/benchmarks/local/sleep_fibonacci_test.rb,raptor-3r,3,raptor,3,,36,10,5.047,5.0,10,15,2.086,2.0,1,true,36,0,7.133,140.98,141.987,142.259,142.383,142.396,66.367,66.367,43.4,20,20,75,same_worker,0,4207
yjit-on/puma-sleep-fibonacci-200ms/raptor-3r/repeat-2,yjit-on,true,puma-sleep-fibonacci-200ms,puma-sleep-fibonacci-test,puma/benchmarks/local/sleep_fibonacci_test + test/rackup/sleep_fibonacci,https://github.com/puma/puma/blob/main/benchmarks/local/sleep_fibonacci_test.rb,raptor-3r,3,raptor,3,,21,10,5.043,5.0,10,10,2.377,2.0,1,true,21,0,4.164,241.959,242.875,242.972,242.994,242.997,66.367,66.367,43.5,20,20,75,same_worker,0,3888
yjit-on/puma-response-array-1kb/raptor-3r/repeat-3,yjit-on,true,puma-response-array-1kb,puma-response-time-wrk,puma/benchmarks/local/response_time_wrk,https://github.com/puma/puma/blob/main/benchmarks/local/response_time_wrk.rb,raptor-3r,3,raptor,3,,1000,1000,16.107,5.0,1000,1000,16.138,2.0,5,true,1000,0,62.085,40.978,41.973,42.149,4026.035,4028.663,28.836,28.836,3.195,20,20,237,same_worker,30,719276
yjit-on/puma-response-chunk-1kb/raptor-3r/repeat-3,yjit-on,true,puma-response-chunk-1kb,puma-response-time-wrk,puma/benchmarks/local/response_time_wrk,https://github.com/puma/puma/blob/main/benchmarks/local/response_time_wrk.rb,raptor-3r,3,raptor,3,,1000,1000,16.106,5.0,1000,1000,16.132,2.0,5,true,1000,0,62.089,40.977,41.777,42.29,4030.287,4032.816,29.191,29.191,2.565,20,20,237,same_worker,30,715116
yjit-on/puma-response-string-1kb/raptor-3r/repeat-3,yjit-on,true,puma-response-string-1kb,puma-response-time-wrk,puma/benchmarks/local/response_time_wrk,https://github.com/puma/puma/blob/main/benchmarks/local/response_time_wrk.rb,raptor-3r,3,raptor,3,,1000,1000,16.099,5.0,1000,1000,16.145,2.0,5,true,1000,0,62.115,40.974,41.927,42.166,4023.145,4029.953,29.297,29.297,2.39,20,20,237,same_worker,31,719243
yjit-on/puma-response-io-1kb/raptor-3r/repeat-3,yjit-on,true,puma-response-io-1kb,puma-response-time-wrk,puma/benchmarks/local/response_time_wrk,https://github.com/puma/puma/blob/main/benchmarks/local/response_time_wrk.rb,raptor-3r,3,raptor,3,,1000,1000,16.11,5.0,1000,1000,16.148,2.0,5,true,1000,0,62.073,40.979,41.962,42.345,4031.025,4032.15,29.465,29.465,2.32,20,20,237,same_worker,32,727243
yjit-on/puma-response-array-10kb/raptor-3r/repeat-3,yjit-on,true,puma-response-array-10kb,puma-response-time-wrk,puma/benchmarks/local/response_time_wrk,https://github.com/puma/puma/blob/main/benchmarks/local/response_time_wrk.rb,raptor-3r,3,raptor,3,,1000,1000,16.112,5.0,1000,1000,16.133,2.0,5,true,1000,0,62.066,40.975,41.967,42.254,4030.052,4033.955,29.516,29.516,2.3,20,20,237,same_worker,31,717506
yjit-on/puma-response-chunk-10kb/raptor-3r/repeat-3,yjit-on,true,puma-response-chunk-10kb,puma-response-time-wrk,puma/benchmarks/local/response_time_wrk,https://github.com/puma/puma/blob/main/benchmarks/local/response_time_wrk.rb,raptor-3r,3,raptor,3,,1000,1000,16.121,5.0,1000,1000,16.123,2.0,5,true,1000,0,62.031,40.978,41.98,42.52,4031.355,4033.633,29.52,29.52,2.3,20,20,236,same_worker,32,717455
yjit-on/puma-response-string-10kb/raptor-3r/repeat-3,yjit-on,true,puma-response-string-10kb,puma-response-time-wrk,puma/benchmarks/local/response_time_wrk,https://github.com/puma/puma/blob/main/benchmarks/local/response_time_wrk.rb,raptor-3r,3,raptor,3,,1000,1000,16.117,5.0,1000,1000,16.137,2.0,5,true,1000,0,62.046,40.976,41.963,42.228,4030.05,4031.327,29.543,29.543,2.3,20,20,237,same_worker,32,719243
yjit-on/puma-response-io-10kb/raptor-3r/repeat-3,yjit-on,true,puma-response-io-10kb,puma-response-time-wrk,puma/benchmarks/local/response_time_wrk,https://github.com/puma/puma/blob/main/benchmarks/local/response_time_wrk.rb,raptor-3r,3,raptor,3,,1000,1000,16.119,5.0,1000,1000,16.146,2.0,5,true,1000,0,62.04,40.98,41.901,42.571,4027.833,4027.849,29.82,29.82,2.3,20,20,237,same_worker,34,744147
yjit-on/puma-response-array-100kb/raptor-3r/repeat-3,yjit-on,true,puma-response-array-100kb,puma-response-time-wrk,puma/benchmarks/local/response_time_wrk,https://github.com/puma/puma/blob/main/benchmarks/local/response_time_wrk.rb,raptor-3r,3,raptor,3,,1000,1000,14.8,5.0,1000,1000,14.318,2.0,5,true,1000,0,67.567,40.96,41.959,42.185,3791.815,3828.756,29.898,29.898,2.38,20,20,217,same_worker,33,719243
yjit-on/puma-response-chunk-100kb/raptor-3r/repeat-3,yjit-on,true,puma-response-chunk-100kb,puma-response-time-wrk,puma/benchmarks/local/response_time_wrk,https://github.com/puma/puma/blob/main/benchmarks/local/response_time_wrk.rb,raptor-3r,3,raptor,3,,1000,1000,15.042,5.0,1000,1000,13.651,2.0,5,true,1000,0,66.481,40.966,41.963,42.981,3791.259,3835.078,29.941,29.941,2.47,20,20,221,same_worker,33,716245
yjit-on/puma-response-string-100kb/raptor-3r/repeat-3,yjit-on,true,puma-response-string-100kb,puma-response-time-wrk,puma/benchmarks/local/response_time_wrk,https://github.com/puma/puma/blob/main/benchmarks/local/response_time_wrk.rb,raptor-3r,3,raptor,3,,13697,1000,5.001,5.0,1000,5602,2.001,2.0,5,true,13697,0,2738.686,0.994,1.796,6.771,105.01,113.341,30.48,30.48,3.58,20,20,72,same_worker,507,9848012
yjit-on/puma-response-io-100kb/raptor-3r/repeat-3,yjit-on,true,puma-response-io-100kb,puma-response-time-wrk,puma/benchmarks/local/response_time_wrk,https://github.com/puma/puma/blob/main/benchmarks/local/response_time_wrk.rb,raptor-3r,3,raptor,3,,1000,1000,15.079,5.0,1000,1000,14.412,2.0,5,true,1000,0,66.316,40.969,41.985,42.964,3680.199,3680.55,34.656,34.656,4.2,20,20,222,same_worker,54,925243
yjit-on/puma-response-array-256kb/raptor-3r/repeat-3,yjit-on,true,puma-response-array-256kb,puma-response-time-wrk,puma/benchmarks/local/response_time_wrk,https://github.com/puma/puma/blob/main/benchmarks/local/response_time_wrk.rb,raptor-3r,3,raptor,3,,1000,1000,8.804,5.0,1000,1000,7.846,2.0,5,true,1000,0,113.584,40.918,42.244,43.224,2230.593,2603.936,34.656,34.656,4.305,20,20,130,same_worker,42,719243
yjit-on/puma-response-chunk-256kb/raptor-3r/repeat-3,yjit-on,true,puma-response-chunk-256kb,puma-response-time-wrk,puma/benchmarks/local/response_time_wrk,https://github.com/puma/puma/blob/main/benchmarks/local/response_time_wrk.rb,raptor-3r,3,raptor,3,,1018,1000,7.525,5.0,1000,1000,9.028,2.0,5,true,1018,0,135.276,1.748,42.391,44.463,2117.876,2243.339,34.66,34.66,4.485,20,20,111,same_worker,43,730431
yjit-on/puma-response-string-256kb/raptor-3r/repeat-3,yjit-on,true,puma-response-string-256kb,puma-response-time-wrk,puma/benchmarks/local/response_time_wrk,https://github.com/puma/puma/blob/main/benchmarks/local/response_time_wrk.rb,raptor-3r,3,raptor,3,,9081,1000,5.003,5.0,1000,3812,2.002,2.0,5,true,9081,0,1815.205,1.341,2.916,42.691,158.043,208.066,34.973,34.973,5.22,20,20,72,same_worker,306,6530663
yjit-on/puma-response-io-256kb/raptor-3r/repeat-3,yjit-on,true,puma-response-io-256kb,puma-response-time-wrk,puma/benchmarks/local/response_time_wrk,https://github.com/puma/puma/blob/main/benchmarks/local/response_time_wrk.rb,raptor-3r,3,raptor,3,,1000,1000,11.868,5.0,1000,1000,9.598,2.0,5,true,1000,0,84.26,41.823,42.955,44.001,2859.831,3032.347,40.137,40.137,5.76,20,20,174,same_worker,60,1238529
yjit-on/puma-response-array-512kb/raptor-3r/repeat-3,yjit-on,true,puma-response-array-512kb,puma-response-time-wrk,puma/benchmarks/local/response_time_wrk,https://github.com/puma/puma/blob/main/benchmarks/local/response_time_wrk.rb,raptor-3r,3,raptor,3,,1000,1000,10.172,5.0,1000,1000,12.195,2.0,5,true,1000,0,98.308,41.888,42.907,43.875,3073.953,3273.849,40.137,40.137,5.895,20,20,150,same_worker,32,719246
yjit-on/puma-response-chunk-512kb/raptor-3r/repeat-3,yjit-on,true,puma-response-chunk-512kb,puma-response-time-wrk,puma/benchmarks/local/response_time_wrk,https://github.com/puma/puma/blob/main/benchmarks/local/response_time_wrk.rb,raptor-3r,3,raptor,3,,1000,1000,11.757,5.0,1000,1000,12.138,2.0,5,true,1000,0,85.059,41.914,42.633,43.524,2978.771,2994.684,40.137,40.137,6.095,20,20,173,same_worker,33,716249
yjit-on/puma-response-string-512kb/raptor-3r/repeat-3,yjit-on,true,puma-response-string-512kb,puma-response-time-wrk,puma/benchmarks/local/response_time_wrk,https://github.com/puma/puma/blob/main/benchmarks/local/response_time_wrk.rb,raptor-3r,3,raptor,3,,7159,1000,5.002,5.0,1000,2916,2.003,2.0,5,true,7159,0,1431.174,1.648,3.451,90.093,204.447,210.648,40.141,40.141,6.57,20,20,70,same_worker,245,5147583
yjit-on/puma-response-io-512kb/raptor-3r/repeat-3,yjit-on,true,puma-response-io-512kb,puma-response-time-wrk,puma/benchmarks/local/response_time_wrk,https://github.com/puma/puma/blob/main/benchmarks/local/response_time_wrk.rb,raptor-3r,3,raptor,3,,1000,1000,14.184,5.0,1000,1000,14.14,2.0,5,true,1000,0,70.501,41.96,43.517,46.229,3554.483,3681.255,47.488,47.488,7.02,20,20,208,same_worker,103,1749249
yjit-on/puma-response-array-1024kb/raptor-3r/repeat-3,yjit-on,true,puma-response-array-1024kb,puma-response-time-wrk,puma/benchmarks/local/response_time_wrk,https://github.com/puma/puma/blob/main/benchmarks/local/response_time_wrk.rb,raptor-3r,3,raptor,3,,1000,1000,14.49,5.0,1000,1000,15.0,2.0,5,true,1000,0,69.013,41.982,44.191,46.044,3550.045,3690.066,47.488,47.488,7.265,20,20,213,same_worker,36,719243
yjit-on/puma-response-chunk-1024kb/raptor-3r/repeat-3,yjit-on,true,puma-response-chunk-1024kb,puma-response-time-wrk,puma/benchmarks/local/response_time_wrk,https://github.com/puma/puma/blob/main/benchmarks/local/response_time_wrk.rb,raptor-3r,3,raptor,3,,1000,1000,14.235,5.0,1000,1000,14.633,2.0,5,true,1000,0,70.25,41.969,43.677,45.356,3435.402,3744.482,47.492,47.492,7.495,20,20,209,same_worker,36,715443
yjit-on/puma-response-string-1024kb/raptor-3r/repeat-3,yjit-on,true,puma-response-string-1024kb,puma-response-time-wrk,puma/benchmarks/local/response_time_wrk,https://github.com/puma/puma/blob/main/benchmarks/local/response_time_wrk.rb,raptor-3r,3,raptor,3,,5212,1000,5.175,5.0,1000,2051,2.004,2.0,5,true,5212,0,1007.112,2.441,5.138,24.146,283.545,297.759,48.551,48.551,7.88,20,20,71,same_worker,200,3750469
yjit-on/puma-response-io-1024kb/raptor-3r/repeat-3,yjit-on,true,puma-response-io-1024kb,puma-response-time-wrk,puma/benchmarks/local/response_time_wrk,https://github.com/puma/puma/blob/main/benchmarks/local/response_time_wrk.rb,raptor-3r,3,raptor,3,,1000,1000,15.36,5.0,1000,1000,16.099,2.0,5,true,1000,0,65.104,42.976,45.108,46.291,3747.403,3778.45,52.551,52.332,8.435,20,20,225,same_worker,145,2773243
yjit-on/puma-response-array-2048kb/raptor-3r/repeat-3,yjit-on,true,puma-response-array-2048kb,puma-response-time-wrk,puma/benchmarks/local/response_time_wrk,https://github.com/puma/puma/blob/main/benchmarks/local/response_time_wrk.rb,raptor-3r,3,raptor,3,,1000,1000,14.341,5.0,1000,1000,14.83,2.0,5,true,1000,0,69.732,43.705,46.27,48.521,3643.886,3776.004,52.332,52.332,9.0,20,20,210,same_worker,30,719249
yjit-on/puma-response-chunk-2048kb/raptor-3r/repeat-3,yjit-on,true,puma-response-chunk-2048kb,puma-response-time-wrk,puma/benchmarks/local/response_time_wrk,https://github.com/puma/puma/blob/main/benchmarks/local/response_time_wrk.rb,raptor-3r,3,raptor,3,,1000,1000,14.897,5.0,1000,1000,14.904,2.0,5,true,1000,0,67.129,43.954,46.944,48.286,3616.392,3790.257,52.332,52.332,9.635,20,20,219,same_worker,31,714417
yjit-on/puma-response-string-2048kb/raptor-3r/repeat-3,yjit-on,true,puma-response-string-2048kb,puma-response-time-wrk,puma/benchmarks/local/response_time_wrk,https://github.com/puma/puma/blob/main/benchmarks/local/response_time_wrk.rb,raptor-3r,3,raptor,3,,3528,1000,5.006,5.0,1000,1386,2.007,2.0,5,true,3528,0,704.751,3.942,7.433,11.443,421.535,435.199,58.344,58.344,9.985,20,20,67,same_worker,112,2536416
yjit-on/puma-response-io-2048kb/raptor-3r/repeat-3,yjit-on,true,puma-response-io-2048kb,puma-response-time-wrk,puma/benchmarks/local/response_time_wrk,https://github.com/puma/puma/blob/main/benchmarks/local/response_time_wrk.rb,raptor-3r,3,raptor,3,,1000,1000,16.496,5.0,1000,1000,16.776,2.0,5,true,1000,0,60.62,44.991,49.952,56.948,4184.833,4211.288,65.711,63.699,10.995,20,20,242,same_worker,276,4820403
yjit-on/puma-long-tail-fib-200ms-x6p0/raptor-3r/repeat-3,yjit-on,true,puma-long-tail-fib-200ms-x6p0,puma-long-tail-hey,puma/benchmarks/local/long_tail_hey + test/rackup/sleep_fibonacci,https://github.com/puma/puma/blob/main/benchmarks/local/long_tail_hey.rb,raptor-3r,3,raptor,3,,363,360,29.005,5.0,360,360,28.77,2.0,18,true,363,0,12.515,241.808,242.795,19615.897,24410.117,24411.642,64.129,64.129,20.855,20,20,423,same_worker,2,65681
yjit-on/puma-long-tail-fib-200ms-x4p0/raptor-3r/repeat-3,yjit-on,true,puma-long-tail-fib-200ms-x4p0,puma-long-tail-hey,puma/benchmarks/local/long_tail_hey + test/rackup/sleep_fibonacci,https://github.com/puma/puma/blob/main/benchmarks/local/long_tail_hey.rb,raptor-3r,3,raptor,3,,243,240,19.413,5.0,240,240,19.169,2.0,12,true,243,0,12.517,241.719,242.712,12802.358,14813.637,14813.722,64.148,64.148,29.515,20,20,284,same_worker,2,44473
yjit-on/puma-long-tail-fib-200ms-x3p0/raptor-3r/repeat-3,yjit-on,true,puma-long-tail-fib-200ms-x3p0,puma-long-tail-hey,puma/benchmarks/local/long_tail_hey + test/rackup/sleep_fibonacci,https://github.com/puma/puma/blob/main/benchmarks/local/long_tail_hey.rb,raptor-3r,3,raptor,3,,183,180,14.626,5.0,180,180,14.385,2.0,9,true,183,0,12.512,241.812,242.597,10022.968,10026.919,10027.593,64.156,64.156,35.195,20,20,214,same_worker,1,29952
yjit-on/puma-long-tail-fib-200ms-x2p0/raptor-3r/repeat-3,yjit-on,true,puma-long-tail-fib-200ms-x2p0,puma-long-tail-hey,puma/benchmarks/local/long_tail_hey + test/rackup/sleep_fibonacci,https://github.com/puma/puma/blob/main/benchmarks/local/long_tail_hey.rb,raptor-3r,3,raptor,3,,123,120,9.826,5.0,120,120,9.591,2.0,6,true,123,0,12.518,241.566,242.959,5230.823,5231.379,5231.402,64.164,64.164,38.905,20,20,145,same_worker,1,23230
yjit-on/puma-long-tail-fib-200ms-x1p5/raptor-3r/repeat-3,yjit-on,true,puma-long-tail-fib-200ms-x1p5,puma-long-tail-hey,puma/benchmarks/local/long_tail_hey + test/rackup/sleep_fibonacci,https://github.com/puma/puma/blob/main/benchmarks/local/long_tail_hey.rb,raptor-3r,3,raptor,3,,103,100,9.827,5.0,100,100,9.6,2.0,5,true,103,0,10.482,241.734,242.215,5128.992,5230.537,5230.744,64.172,64.172,41.62,20,20,145,same_worker,0,16567
yjit-on/puma-long-tail-fib-200ms-x1p0/raptor-3r/repeat-3,yjit-on,true,puma-long-tail-fib-200ms-x1p0,puma-long-tail-hey,puma/benchmarks/local/long_tail_hey + test/rackup/sleep_fibonacci,https://github.com/puma/puma/blob/main/benchmarks/local/long_tail_hey.rb,raptor-3r,3,raptor,3,,63,60,5.037,5.0,60,60,4.796,2.0,3,true,63,0,12.508,241.784,242.489,243.082,243.414,243.451,64.18,64.18,43.285,20,20,75,same_worker,0,10032
yjit-on/puma-long-tail-fib-200ms-x0p5/raptor-3r/repeat-3,yjit-on,true,puma-long-tail-fib-200ms-x0p5,puma-long-tail-hey,puma/benchmarks/local/long_tail_hey + test/rackup/sleep_fibonacci,https://github.com/puma/puma/blob/main/benchmarks/local/long_tail_hey.rb,raptor-3r,3,raptor,3,,42,40,5.032,5.0,40,40,4.796,2.0,2,true,42,0,8.347,241.277,242.207,242.327,242.398,242.406,64.18,64.18,44.285,20,20,75,same_worker,1,9542
yjit-on/puma-sleep-fibonacci-1ms/raptor-3r/repeat-3,yjit-on,true,puma-sleep-fibonacci-1ms,puma-sleep-fibonacci-test,puma/benchmarks/local/sleep_fibonacci_test + test/rackup/sleep_fibonacci,https://github.com/puma/puma/blob/main/benchmarks/local/sleep_fibonacci_test.rb,raptor-3r,3,raptor,3,,122,10,5.008,5.0,10,49,2.019,2.0,1,true,122,0,24.361,41.975,42.145,42.957,42.991,42.995,64.211,64.211,44.28,20,20,75,same_worker,1,23177
yjit-on/puma-sleep-fibonacci-5ms/raptor-3r/repeat-3,yjit-on,true,puma-sleep-fibonacci-5ms,puma-sleep-fibonacci-test,puma/benchmarks/local/sleep_fibonacci_test + test/rackup/sleep_fibonacci,https://github.com/puma/puma/blob/main/benchmarks/local/sleep_fibonacci_test.rb,raptor-3r,3,raptor,3,,114,10,5.016,5.0,10,46,2.03,2.0,1,true,114,0,22.728,44.975,45.945,45.981,46.011,46.015,64.242,64.242,43.975,20,20,75,same_worker,0,19555
yjit-on/puma-sleep-fibonacci-10ms/raptor-3r/repeat-3,yjit-on,true,puma-sleep-fibonacci-10ms,puma-sleep-fibonacci-test,puma/benchmarks/local/sleep_fibonacci_test + test/rackup/sleep_fibonacci,https://github.com/puma/puma/blob/main/benchmarks/local/sleep_fibonacci_test.rb,raptor-3r,3,raptor,3,,98,10,5.03,5.0,10,40,2.039,2.0,1,true,98,0,19.483,51.951,52.037,52.905,52.951,52.956,64.262,64.262,43.735,20,20,75,same_worker,0,17368
yjit-on/puma-sleep-fibonacci-50ms/raptor-3r/repeat-3,yjit-on,true,puma-sleep-fibonacci-50ms,puma-sleep-fibonacci-test,puma/benchmarks/local/sleep_fibonacci_test + test/rackup/sleep_fibonacci,https://github.com/puma/puma/blob/main/benchmarks/local/sleep_fibonacci_test.rb,raptor-3r,3,raptor,3,,56,10,5.064,5.0,10,23,2.053,2.0,1,true,56,0,11.059,90.966,92.001,92.033,92.035,92.035,64.289,64.289,43.6,20,20,76,same_worker,0,10048
yjit-on/puma-sleep-fibonacci-100ms/raptor-3r/repeat-3,yjit-on,true,puma-sleep-fibonacci-100ms,puma-sleep-fibonacci-test,puma/benchmarks/local/sleep_fibonacci_test + test/rackup/sleep_fibonacci,https://github.com/puma/puma/blob/main/benchmarks/local/sleep_fibonacci_test.rb,raptor-3r,3,raptor,3,,36,10,5.053,5.0,10,15,2.079,2.0,1,true,36,0,7.124,141.093,142.031,142.074,142.091,142.093,64.289,64.289,43.67,20,20,76,same_worker,0,4231
yjit-on/puma-sleep-fibonacci-200ms/raptor-3r/repeat-3,yjit-on,true,puma-sleep-fibonacci-200ms,puma-sleep-fibonacci-test,puma/benchmarks/local/sleep_fibonacci_test + test/rackup/sleep_fibonacci,https://github.com/puma/puma/blob/main/benchmarks/local/sleep_fibonacci_test.rb,raptor-3r,3,raptor,3,,21,10,5.04,5.0,10,10,2.377,2.0,1,true,21,0,4.166,241.957,242.375,242.84,242.944,242.956,64.289,64.289,43.755,20,20,75,same_worker,0,3888
yjit-on/puma-response-array-1kb/puma-1w-3t/repeat-1,yjit-on,true,puma-response-array-1kb,puma-response-time-wrk,puma/benchmarks/local/response_time_wrk,https://github.com/puma/puma/blob/main/benchmarks/local/response_time_wrk.rb,puma-1w-3t,3,puma,1,3,20076,1000,5.001,5.0,1000,7949,2.001,2.0,5,true,20076,0,4014.397,1.176,1.669,2.138,2.78,4.504,67.805,67.805,83.805,20,20,72,multiprocess_sample_only,,
yjit-on/puma-response-chunk-1kb/puma-1w-3t/repeat-1,yjit-on,true,puma-response-chunk-1kb,puma-response-time-wrk,puma/benchmarks/local/response_time_wrk,https://github.com/puma/puma/blob/main/benchmarks/local/response_time_wrk.rb,puma-1w-3t,3,puma,1,3,19424,1000,5.001,5.0,1000,7836,2.001,2.0,5,true,19424,0,3883.952,1.214,1.745,2.237,2.72,3.761,67.992,67.512,81.605,20,20,72,multiprocess_sample_only,,
yjit-on/puma-response-string-1kb/puma-1w-3t/repeat-1,yjit-on,true,puma-response-string-1kb,puma-response-time-wrk,puma/benchmarks/local/response_time_wrk,https://github.com/puma/puma/blob/main/benchmarks/local/response_time_wrk.rb,puma-1w-3t,3,puma,1,3,20104,1000,5.001,5.0,1000,8195,2.001,2.0,5,true,20104,0,4020.041,1.176,1.672,2.116,2.615,3.154,67.793,67.246,81.02,20,20,72,multiprocess_sample_only,,
yjit-on/puma-response-io-1kb/puma-1w-3t/repeat-1,yjit-on,true,puma-response-io-1kb,puma-response-time-wrk,puma/benchmarks/local/response_time_wrk,https://github.com/puma/puma/blob/main/benchmarks/local/response_time_wrk.rb,puma-1w-3t,3,puma,1,3,19830,1000,5.001,5.0,1000,8139,2.001,2.0,5,true,19830,0,3965.259,1.191,1.753,2.154,2.681,3.173,68.488,68.336,82.515,20,20,73,multiprocess_sample_only,,
yjit-on/puma-response-array-10kb/puma-1w-3t/repeat-1,yjit-on,true,puma-response-array-10kb,puma-response-time-wrk,puma/benchmarks/local/response_time_wrk,https://github.com/puma/puma/blob/main/benchmarks/local/response_time_wrk.rb,puma-1w-3t,3,puma,1,3,19404,1000,5.001,5.0,1000,7872,2.001,2.0,5,true,19404,0,3880.18,1.218,1.767,2.237,2.703,3.443,70.121,69.473,82.81,20,20,72,multiprocess_sample_only,,
yjit-on/puma-response-chunk-10kb/puma-1w-3t/repeat-1,yjit-on,true,puma-response-chunk-10kb,puma-response-time-wrk,puma/benchmarks/local/response_time_wrk,https://github.com/puma/puma/blob/main/benchmarks/local/response_time_wrk.rb,puma-1w-3t,3,puma,1,3,17005,1000,5.001,5.0,1000,7012,2.001,2.0,5,true,17005,0,3400.163,1.402,1.967,2.579,3.134,3.685,69.797,69.797,82.18,20,20,72,multiprocess_sample_only,,
yjit-on/puma-response-string-10kb/puma-1w-3t/repeat-1,yjit-on,true,puma-response-string-10kb,puma-response-time-wrk,puma/benchmarks/local/response_time_wrk,https://github.com/puma/puma/blob/main/benchmarks/local/response_time_wrk.rb,puma-1w-3t,3,puma,1,3,19806,1000,5.001,5.0,1000,8051,2.001,2.0,5,true,19806,0,3960.477,1.19,1.694,2.177,2.71,3.316,69.867,69.867,81.64,20,20,72,multiprocess_sample_only,,
yjit-on/puma-response-io-10kb/puma-1w-3t/repeat-1,yjit-on,true,puma-response-io-10kb,puma-response-time-wrk,puma/benchmarks/local/response_time_wrk,https://github.com/puma/puma/blob/main/benchmarks/local/response_time_wrk.rb,puma-1w-3t,3,puma,1,3,19359,1000,5.001,5.0,1000,7907,2.001,2.0,5,true,19359,0,3871.148,1.218,1.802,2.199,2.681,3.583,72.652,72.422,82.34,20,20,73,multiprocess_sample_only,,
yjit-on/puma-response-array-100kb/puma-1w-3t/repeat-1,yjit-on,true,puma-response-array-100kb,puma-response-time-wrk,puma/benchmarks/local/response_time_wrk,https://github.com/puma/puma/blob/main/benchmarks/local/response_time_wrk.rb,puma-1w-3t,3,puma,1,3,14855,1000,5.001,5.0,1000,6052,2.001,2.0,5,true,14855,0,2970.395,1.6,2.177,2.933,3.487,4.465,81.402,80.309,82.34,20,20,71,multiprocess_sample_only,,
yjit-on/puma-response-chunk-100kb/puma-1w-3t/repeat-1,yjit-on,true,puma-response-chunk-100kb,puma-response-time-wrk,puma/benchmarks/local/response_time_wrk,https://github.com/puma/puma/blob/main/benchmarks/local/response_time_wrk.rb,puma-1w-3t,3,puma,1,3,7977,1000,5.002,5.0,1000,3214,2.003,2.0,5,true,7977,0,1594.642,3.054,3.803,5.624,6.287,8.525,76.09,76.09,80.86,20,20,68,multiprocess_sample_only,,
yjit-on/puma-response-string-100kb/puma-1w-3t/repeat-1,yjit-on,true,puma-response-string-100kb,puma-response-time-wrk,puma/benchmarks/local/response_time_wrk,https://github.com/puma/puma/blob/main/benchmarks/local/response_time_wrk.rb,puma-1w-3t,3,puma,1,3,14854,1000,5.001,5.0,1000,6105,2.001,2.0,5,true,14854,0,2970.051,1.603,2.149,2.951,3.495,4.341,81.695,80.633,79.76,20,20,71,multiprocess_sample_only,,
yjit-on/puma-response-io-100kb/puma-1w-3t/repeat-1,yjit-on,true,puma-response-io-100kb,puma-response-time-wrk,puma/benchmarks/local/response_time_wrk,https://github.com/puma/puma/blob/main/benchmarks/local/response_time_wrk.rb,puma-1w-3t,3,puma,1,3,14945,1000,5.017,5.0,1000,6180,2.022,2.0,5,true,14945,0,2979.014,1.268,1.92,3.114,42.177,43.572,71.609,71.426,79.26,20,20,73,multiprocess_sample_only,,
yjit-on/puma-response-array-256kb/puma-1w-3t/repeat-1,yjit-on,true,puma-response-array-256kb,puma-response-time-wrk,puma/benchmarks/local/response_time_wrk,https://github.com/puma/puma/blob/main/benchmarks/local/response_time_wrk.rb,puma-1w-3t,3,puma,1,3,10620,1000,5.002,5.0,1000,4538,2.002,2.0,5,true,10620,0,2123.273,2.028,3.645,5.804,19.429,21.665,102.988,101.625,78.855,20,20,69,multiprocess_sample_only,,
yjit-on/puma-response-chunk-256kb/puma-1w-3t/repeat-1,yjit-on,true,puma-response-chunk-256kb,puma-response-time-wrk,puma/benchmarks/local/response_time_wrk,https://github.com/puma/puma/blob/main/benchmarks/local/response_time_wrk.rb,puma-1w-3t,3,puma,1,3,4330,1000,5.005,5.0,1000,1727,2.005,2.0,5,true,4330,0,865.189,5.658,9.133,10.745,11.344,11.69,79.449,78.77,77.68,20,20,63,multiprocess_sample_only,,
yjit-on/puma-response-string-256kb/puma-1w-3t/repeat-1,yjit-on,true,puma-response-string-256kb,puma-response-time-wrk,puma/benchmarks/local/response_time_wrk,https://github.com/puma/puma/blob/main/benchmarks/local/response_time_wrk.rb,puma-1w-3t,3,puma,1,3,10422,1000,5.002,5.0,1000,4152,2.002,2.0,5,true,10422,0,2083.595,2.074,3.739,6.114,19.643,21.92,72.832,72.832,76.37,20,20,68,multiprocess_sample_only,,
yjit-on/puma-response-io-256kb/puma-1w-3t/repeat-1,yjit-on,true,puma-response-io-256kb,puma-response-time-wrk,puma/benchmarks/local/response_time_wrk,https://github.com/puma/puma/blob/main/benchmarks/local/response_time_wrk.rb,puma-1w-3t,3,puma,1,3,10394,1000,5.003,5.0,1000,4302,2.002,2.0,5,true,10394,0,2077.705,2.082,3.787,5.785,19.751,43.799,73.02,72.707,75.295,20,20,69,multiprocess_sample_only,,
yjit-on/puma-response-array-512kb/puma-1w-3t/repeat-1,yjit-on,true,puma-response-array-512kb,puma-response-time-wrk,puma/benchmarks/local/response_time_wrk,https://github.com/puma/puma/blob/main/benchmarks/local/response_time_wrk.rb,puma-1w-3t,3,puma,1,3,8077,1000,5.002,5.0,1000,3299,2.003,2.0,5,true,8077,0,1614.682,2.598,4.86,19.933,23.618,24.929,113.848,112.52,75.0,20,20,68,multiprocess_sample_only,,
yjit-on/puma-response-chunk-512kb/puma-1w-3t/repeat-1,yjit-on,true,puma-response-chunk-512kb,puma-response-time-wrk,puma/benchmarks/local/response_time_wrk,https://github.com/puma/puma/blob/main/benchmarks/local/response_time_wrk.rb,puma-1w-3t,3,puma,1,3,2425,1000,5.01,5.0,1000,1000,2.063,2.0,5,true,2425,0,484.019,10.224,15.455,19.01,20.253,20.893,86.781,85.773,74.21,20,20,56,multiprocess_sample_only,,
yjit-on/puma-response-string-512kb/puma-1w-3t/repeat-1,yjit-on,true,puma-response-string-512kb,puma-response-time-wrk,puma/benchmarks/local/response_time_wrk,https://github.com/puma/puma/blob/main/benchmarks/local/response_time_wrk.rb,puma-1w-3t,3,puma,1,3,7829,1000,5.002,5.0,1000,3287,2.002,2.0,5,true,7829,0,1565.202,2.712,5.087,20.057,23.466,24.142,83.871,83.871,73.045,20,20,67,multiprocess_sample_only,,
yjit-on/puma-response-io-512kb/puma-1w-3t/repeat-1,yjit-on,true,puma-response-io-512kb,puma-response-time-wrk,puma/benchmarks/local/response_time_wrk,https://github.com/puma/puma/blob/main/benchmarks/local/response_time_wrk.rb,puma-1w-3t,3,puma,1,3,8057,1000,5.002,5.0,1000,3304,2.004,2.0,5,true,8057,0,1610.74,2.588,4.903,19.683,22.833,210.981,84.023,84.023,71.885,20,20,67,multiprocess_sample_only,,
yjit-on/puma-response-array-1024kb/puma-1w-3t/repeat-1,yjit-on,true,puma-response-array-1024kb,puma-response-time-wrk,puma/benchmarks/local/response_time_wrk,https://github.com/puma/puma/blob/main/benchmarks/local/response_time_wrk.rb,puma-1w-3t,3,puma,1,3,5488,1000,5.004,5.0,1000,2177,2.003,2.0,5,true,5488,0,1096.773,3.862,7.354,22.211,26.605,27.496,150.5,120.676,71.59,20,20,67,multiprocess_sample_only,,
yjit-on/puma-response-chunk-1024kb/puma-1w-3t/repeat-1,yjit-on,true,puma-response-chunk-1024kb,puma-response-time-wrk,puma/benchmarks/local/response_time_wrk,https://github.com/puma/puma/blob/main/benchmarks/local/response_time_wrk.rb,puma-1w-3t,3,puma,1,3,1315,1000,5.017,5.0,1000,1000,3.764,2.0,5,true,1315,0,262.098,18.769,30.132,34.954,35.79,35.884,84.668,81.906,70.755,20,20,46,multiprocess_sample_only,,
yjit-on/puma-response-string-1024kb/puma-1w-3t/repeat-1,yjit-on,true,puma-response-string-1024kb,puma-response-time-wrk,puma/benchmarks/local/response_time_wrk,https://github.com/puma/puma/blob/main/benchmarks/local/response_time_wrk.rb,puma-1w-3t,3,puma,1,3,5378,1000,5.008,5.0,1000,2194,2.003,2.0,5,true,5378,0,1073.892,3.955,7.607,23.186,28.087,31.601,81.375,81.375,69.65,20,20,65,multiprocess_sample_only,,
yjit-on/puma-response-io-1024kb/puma-1w-3t/repeat-1,yjit-on,true,puma-response-io-1024kb,puma-response-time-wrk,puma/benchmarks/local/response_time_wrk,https://github.com/puma/puma/blob/main/benchmarks/local/response_time_wrk.rb,puma-1w-3t,3,puma,1,3,5288,1000,5.004,5.0,1000,2179,2.005,2.0,5,true,5288,0,1056.658,4.075,7.576,22.663,27.37,207.899,81.438,81.438,68.295,20,20,65,multiprocess_sample_only,,
yjit-on/puma-response-array-2048kb/puma-1w-3t/repeat-1,yjit-on,true,puma-response-array-2048kb,puma-response-time-wrk,puma/benchmarks/local/response_time_wrk,https://github.com/puma/puma/blob/main/benchmarks/local/response_time_wrk.rb,puma-1w-3t,3,puma,1,3,3437,1000,5.005,5.0,1000,1379,2.007,2.0,5,true,3437,0,686.735,6.978,11.252,12.937,14.551,15.826,91.852,86.848,68.37,20,20,65,multiprocess_sample_only,,
yjit-on/puma-response-chunk-2048kb/puma-1w-3t/repeat-1,yjit-on,true,puma-response-chunk-2048kb,puma-response-time-wrk,puma/benchmarks/local/response_time_wrk,https://github.com/puma/puma/blob/main/benchmarks/local/response_time_wrk.rb,puma-1w-3t,3,puma,1,3,1000,1000,7.33,5.0,1000,1000,7.265,2.0,5,true,1000,0,136.431,36.49,37.793,65.554,67.484,68.402,85.945,84.063,67.575,20,20,49,multiprocess_sample_only,,
yjit-on/puma-response-string-2048kb/puma-1w-3t/repeat-1,yjit-on,true,puma-response-string-2048kb,puma-response-time-wrk,puma/benchmarks/local/response_time_wrk,https://github.com/puma/puma/blob/main/benchmarks/local/response_time_wrk.rb,puma-1w-3t,3,puma,1,3,3545,1000,5.006,5.0,1000,1442,2.006,2.0,5,true,3545,0,708.112,6.613,11.798,13.2,19.144,22.067,86.625,86.625,66.61,20,20,61,multiprocess_sample_only,,
yjit-on/puma-response-io-2048kb/puma-1w-3t/repeat-1,yjit-on,true,puma-response-io-2048kb,puma-response-time-wrk,puma/benchmarks/local/response_time_wrk,https://github.com/puma/puma/blob/main/benchmarks/local/response_time_wrk.rb,puma-1w-3t,3,puma,1,3,3465,1000,5.006,5.0,1000,1419,2.006,2.0,5,true,3465,0,692.12,6.861,11.653,13.466,14.663,18.322,86.625,86.625,65.27,20,20,61,multiprocess_sample_only,,
yjit-on/puma-long-tail-fib-200ms-x6p0/puma-1w-3t/repeat-1,yjit-on,true,puma-long-tail-fib-200ms-x6p0,puma-long-tail-hey,puma/benchmarks/local/long_tail_hey + test/rackup/sleep_fibonacci,https://github.com/puma/puma/blob/main/benchmarks/local/long_tail_hey.rb,puma-1w-3t,3,puma,1,3,360,360,50.843,5.0,360,360,50.856,2.0,18,true,360,0,7.081,2541.722,2546.198,2547.488,2548.115,2548.299,105.254,105.254,74.19,20,20,745,multiprocess_sample_only,,
yjit-on/puma-long-tail-fib-200ms-x4p0/puma-1w-3t/repeat-1,yjit-on,true,puma-long-tail-fib-200ms-x4p0,puma-long-tail-hey,puma/benchmarks/local/long_tail_hey + test/rackup/sleep_fibonacci,https://github.com/puma/puma/blob/main/benchmarks/local/long_tail_hey.rb,puma-1w-3t,3,puma,1,3,240,240,33.898,5.0,240,240,33.901,2.0,12,true,240,0,7.08,1694.529,1698.987,1699.59,1699.773,1699.802,105.258,105.258,79.72,20,20,498,multiprocess_sample_only,,
yjit-on/puma-long-tail-fib-200ms-x3p0/puma-1w-3t/repeat-1,yjit-on,true,puma-long-tail-fib-200ms-x3p0,puma-long-tail-hey,puma/benchmarks/local/long_tail_hey + test/rackup/sleep_fibonacci,https://github.com/puma/puma/blob/main/benchmarks/local/long_tail_hey.rb,puma-1w-3t,3,puma,1,3,180,180,25.421,5.0,180,180,25.424,2.0,9,true,180,0,7.081,1270.855,1275.261,1275.643,1275.769,1275.784,105.449,105.449,82.41,20,20,374,multiprocess_sample_only,,
yjit-on/puma-long-tail-fib-200ms-x2p0/puma-1w-3t/repeat-1,yjit-on,true,puma-long-tail-fib-200ms-x2p0,puma-long-tail-hey,puma/benchmarks/local/long_tail_hey + test/rackup/sleep_fibonacci,https://github.com/puma/puma/blob/main/benchmarks/local/long_tail_hey.rb,puma-1w-3t,3,puma,1,3,120,120,16.952,5.0,120,120,16.948,2.0,6,true,120,0,7.079,847.44,849.742,850.4,850.84,850.89,105.453,105.453,83.89,20,20,249,multiprocess_sample_only,,
yjit-on/puma-long-tail-fib-200ms-x1p5/puma-1w-3t/repeat-1,yjit-on,true,puma-long-tail-fib-200ms-x1p5,puma-long-tail-hey,puma/benchmarks/local/long_tail_hey + test/rackup/sleep_fibonacci,https://github.com/puma/puma/blob/main/benchmarks/local/long_tail_hey.rb,puma-1w-3t,3,puma,1,3,100,100,14.13,5.0,100,100,14.128,2.0,5,true,100,0,7.077,839.774,848.057,848.269,848.358,848.368,105.457,105.457,84.885,20,20,208,multiprocess_sample_only,,
yjit-on/puma-long-tail-fib-200ms-x1p0/puma-1w-3t/repeat-1,yjit-on,true,puma-long-tail-fib-200ms-x1p0,puma-long-tail-hey,puma/benchmarks/local/long_tail_hey + test/rackup/sleep_fibonacci,https://github.com/puma/puma/blob/main/benchmarks/local/long_tail_hey.rb,puma-1w-3t,3,puma,1,3,60,60,8.476,5.0,60,60,8.477,2.0,3,true,60,0,7.079,423.713,425.646,425.81,425.828,425.83,105.457,105.457,85.47,20,20,125,multiprocess_sample_only,,
yjit-on/puma-long-tail-fib-200ms-x0p5/puma-1w-3t/repeat-1,yjit-on,true,puma-long-tail-fib-200ms-x0p5,puma-long-tail-hey,puma/benchmarks/local/long_tail_hey + test/rackup/sleep_fibonacci,https://github.com/puma/puma/blob/main/benchmarks/local/long_tail_hey.rb,puma-1w-3t,3,puma,1,3,40,40,5.651,5.0,40,40,5.65,2.0,2,true,40,0,7.078,282.428,282.777,282.961,283.022,283.029,105.457,105.457,85.83,20,20,84,multiprocess_sample_only,,
yjit-on/puma-sleep-fibonacci-1ms/puma-1w-3t/repeat-1,yjit-on,true,puma-sleep-fibonacci-1ms,puma-sleep-fibonacci-test,puma/benchmarks/local/sleep_fibonacci_test + test/rackup/sleep_fibonacci,https://github.com/puma/puma/blob/main/benchmarks/local/sleep_fibonacci_test.rb,puma-1w-3t,3,puma,1,3,1969,10,5.002,5.0,10,795,2.001,2.0,1,true,1969,0,393.66,2.493,2.641,2.993,3.539,3.883,115.648,115.648,85.45,20,20,75,multiprocess_sample_only,,
yjit-on/puma-sleep-fibonacci-5ms/puma-1w-3t/repeat-1,yjit-on,true,puma-sleep-fibonacci-5ms,puma-sleep-fibonacci-test,puma/benchmarks/local/sleep_fibonacci_test + test/rackup/sleep_fibonacci,https://github.com/puma/puma/blob/main/benchmarks/local/sleep_fibonacci_test.rb,puma-1w-3t,3,puma,1,3,576,10,5.008,5.0,10,231,2.008,2.0,1,true,576,0,115.018,8.634,8.843,8.973,9.665,9.728,115.648,115.648,84.85,20,20,75,multiprocess_sample_only,,
yjit-on/puma-sleep-fibonacci-10ms/puma-1w-3t/repeat-1,yjit-on,true,puma-sleep-fibonacci-10ms,puma-sleep-fibonacci-test,puma/benchmarks/local/sleep_fibonacci_test + test/rackup/sleep_fibonacci,https://github.com/puma/puma/blob/main/benchmarks/local/sleep_fibonacci_test.rb,puma-1w-3t,3,puma,1,3,411,10,5.0,5.0,10,164,2.011,2.0,1,true,411,0,82.195,12.123,12.276,12.392,12.914,13.224,115.711,115.711,84.44,20,20,74,multiprocess_sample_only,,
yjit-on/puma-sleep-fibonacci-50ms/puma-1w-3t/repeat-1,yjit-on,true,puma-sleep-fibonacci-50ms,puma-sleep-fibonacci-test,puma/benchmarks/local/sleep_fibonacci_test + test/rackup/sleep_fibonacci,https://github.com/puma/puma/blob/main/benchmarks/local/sleep_fibonacci_test.rb,puma-1w-3t,3,puma,1,3,100,10,5.045,5.0,10,40,2.019,2.0,1,true,100,0,19.82,50.402,50.497,50.589,50.717,50.731,115.711,115.711,84.22,20,20,75,multiprocess_sample_only,,
yjit-on/puma-sleep-fibonacci-100ms/puma-1w-3t/repeat-1,yjit-on,true,puma-sleep-fibonacci-100ms,puma-sleep-fibonacci-test,puma/benchmarks/local/sleep_fibonacci_test + test/rackup/sleep_fibonacci,https://github.com/puma/puma/blob/main/benchmarks/local/sleep_fibonacci_test.rb,puma-1w-3t,3,puma,1,3,50,10,5.027,5.0,10,20,2.013,2.0,1,true,50,0,9.947,100.453,100.572,100.988,101.333,101.372,116.594,116.594,84.035,20,20,75,multiprocess_sample_only,,
yjit-on/puma-sleep-fibonacci-200ms/puma-1w-3t/repeat-1,yjit-on,true,puma-sleep-fibonacci-200ms,puma-sleep-fibonacci-test,puma/benchmarks/local/sleep_fibonacci_test + test/rackup/sleep_fibonacci,https://github.com/puma/puma/blob/main/benchmarks/local/sleep_fibonacci_test.rb,puma-1w-3t,3,puma,1,3,25,10,5.014,5.0,10,10,2.008,2.0,1,true,25,0,4.987,200.461,200.551,200.562,200.564,200.564,116.594,116.594,83.85,20,20,75,multiprocess_sample_only,,
yjit-on/puma-response-array-1kb/puma-1w-3t/repeat-2,yjit-on,true,puma-response-array-1kb,puma-response-time-wrk,puma/benchmarks/local/response_time_wrk,https://github.com/puma/puma/blob/main/benchmarks/local/response_time_wrk.rb,puma-1w-3t,3,puma,1,3,19264,1000,5.001,5.0,1000,7530,2.001,2.0,5,true,19264,0,3852.094,1.219,1.759,2.254,2.794,4.739,67.668,67.168,86.595,20,20,72,multiprocess_sample_only,,
yjit-on/puma-response-chunk-1kb/puma-1w-3t/repeat-2,yjit-on,true,puma-response-chunk-1kb,puma-response-time-wrk,puma/benchmarks/local/response_time_wrk,https://github.com/puma/puma/blob/main/benchmarks/local/response_time_wrk.rb,puma-1w-3t,3,puma,1,3,18887,1000,5.001,5.0,1000,7749,2.001,2.0,5,true,18887,0,3776.712,1.249,1.816,2.273,2.742,3.301,67.938,67.875,84.17,20,20,72,multiprocess_sample_only,,
yjit-on/puma-response-string-1kb/puma-1w-3t/repeat-2,yjit-on,true,puma-response-string-1kb,puma-response-time-wrk,puma/benchmarks/local/response_time_wrk,https://github.com/puma/puma/blob/main/benchmarks/local/response_time_wrk.rb,puma-1w-3t,3,puma,1,3,19227,1000,5.001,5.0,1000,7935,2.001,2.0,5,true,19227,0,3844.68,1.228,1.767,2.208,2.815,3.694,68.188,68.188,83.385,20,20,72,multiprocess_sample_only,,
yjit-on/puma-response-io-1kb/puma-1w-3t/repeat-2,yjit-on,true,puma-response-io-1kb,puma-response-time-wrk,puma/benchmarks/local/response_time_wrk,https://github.com/puma/puma/blob/main/benchmarks/local/response_time_wrk.rb,puma-1w-3t,3,puma,1,3,18967,1000,5.001,5.0,1000,7789,2.001,2.0,5,true,18967,0,3792.398,1.244,1.831,2.262,2.78,3.452,68.602,68.602,84.98,20,20,73,multiprocess_sample_only,,
yjit-on/puma-response-array-10kb/puma-1w-3t/repeat-2,yjit-on,true,puma-response-array-10kb,puma-response-time-wrk,puma/benchmarks/local/response_time_wrk,https://github.com/puma/puma/blob/main/benchmarks/local/response_time_wrk.rb,puma-1w-3t,3,puma,1,3,18913,1000,5.001,5.0,1000,7703,2.001,2.0,5,true,18913,0,3781.82,1.243,1.858,2.315,2.796,3.372,70.176,70.027,85.25,20,20,72,multiprocess_sample_only,,
yjit-on/puma-response-chunk-10kb/puma-1w-3t/repeat-2,yjit-on,true,puma-response-chunk-10kb,puma-response-time-wrk,puma/benchmarks/local/response_time_wrk,https://github.com/puma/puma/blob/main/benchmarks/local/response_time_wrk.rb,puma-1w-3t,3,puma,1,3,16471,1000,5.001,5.0,1000,6771,2.001,2.0,5,true,16471,0,3293.52,1.434,2.159,2.672,3.242,4.002,70.422,70.422,84.615,20,20,72,multiprocess_sample_only,,
yjit-on/puma-response-string-10kb/puma-1w-3t/repeat-2,yjit-on,true,puma-response-string-10kb,puma-response-time-wrk,puma/benchmarks/local/response_time_wrk,https://github.com/puma/puma/blob/main/benchmarks/local/response_time_wrk.rb,puma-1w-3t,3,puma,1,3,19129,1000,5.001,5.0,1000,7785,2.001,2.0,5,true,19129,0,3825.023,1.232,1.787,2.271,2.813,3.839,70.508,70.508,84.075,20,20,72,multiprocess_sample_only,,
yjit-on/puma-response-io-10kb/puma-1w-3t/repeat-2,yjit-on,true,puma-response-io-10kb,puma-response-time-wrk,puma/benchmarks/local/response_time_wrk,https://github.com/puma/puma/blob/main/benchmarks/local/response_time_wrk.rb,puma-1w-3t,3,puma,1,3,18247,1000,5.001,5.0,1000,7595,2.001,2.0,5,true,18247,0,3648.425,1.277,1.971,2.512,3.328,4.953,72.754,72.164,84.9,20,20,73,multiprocess_sample_only,,
yjit-on/puma-response-array-100kb/puma-1w-3t/repeat-2,yjit-on,true,puma-response-array-100kb,puma-response-time-wrk,puma/benchmarks/local/response_time_wrk,https://github.com/puma/puma/blob/main/benchmarks/local/response_time_wrk.rb,puma-1w-3t,3,puma,1,3,14628,1000,5.001,5.0,1000,5923,2.002,2.0,5,true,14628,0,2924.963,1.62,2.204,3.015,3.543,3.957,81.781,80.887,84.895,20,20,71,multiprocess_sample_only,,
yjit-on/puma-response-chunk-100kb/puma-1w-3t/repeat-2,yjit-on,true,puma-response-chunk-100kb,puma-response-time-wrk,puma/benchmarks/local/response_time_wrk,https://github.com/puma/puma/blob/main/benchmarks/local/response_time_wrk.rb,puma-1w-3t,3,puma,1,3,7730,1000,5.003,5.0,1000,3201,2.002,2.0,5,true,7730,0,1545.162,3.147,4.008,5.955,6.773,7.157,76.398,76.059,83.415,20,20,68,multiprocess_sample_only,,
yjit-on/puma-response-string-100kb/puma-1w-3t/repeat-2,yjit-on,true,puma-response-string-100kb,puma-response-time-wrk,puma/benchmarks/local/response_time_wrk,https://github.com/puma/puma/blob/main/benchmarks/local/response_time_wrk.rb,puma-1w-3t,3,puma,1,3,14459,1000,5.001,5.0,1000,5935,2.001,2.0,5,true,14459,0,2891.179,1.638,2.232,3.065,3.728,4.085,81.988,81.098,82.225,20,20,71,multiprocess_sample_only,,
yjit-on/puma-response-io-100kb/puma-1w-3t/repeat-2,yjit-on,true,puma-response-io-100kb,puma-response-time-wrk,puma/benchmarks/local/response_time_wrk,https://github.com/puma/puma/blob/main/benchmarks/local/response_time_wrk.rb,puma-1w-3t,3,puma,1,3,14384,1000,5.027,5.0,1000,6003,2.001,2.0,5,true,14384,0,2861.115,1.135,1.946,41.074,42.328,43.167,70.863,70.734,81.73,20,20,73,multiprocess_sample_only,,
yjit-on/puma-response-array-256kb/puma-1w-3t/repeat-2,yjit-on,true,puma-response-array-256kb,puma-response-time-wrk,puma/benchmarks/local/response_time_wrk,https://github.com/puma/puma/blob/main/benchmarks/local/response_time_wrk.rb,puma-1w-3t,3,puma,1,3,10699,1000,5.002,5.0,1000,4361,2.002,2.0,5,true,10699,0,2139.101,2.008,3.659,5.873,19.716,22.299,102.125,98.668,81.265,20,20,69,multiprocess_sample_only,,
yjit-on/puma-response-chunk-256kb/puma-1w-3t/repeat-2,yjit-on,true,puma-response-chunk-256kb,puma-response-time-wrk,puma/benchmarks/local/response_time_wrk,https://github.com/puma/puma/blob/main/benchmarks/local/response_time_wrk.rb,puma-1w-3t,3,puma,1,3,4366,1000,5.005,5.0,1000,1713,2.005,2.0,5,true,4366,0,872.246,5.59,9.062,10.695,11.483,12.135,81.031,79.383,80.145,20,20,63,multiprocess_sample_only,,
yjit-on/puma-response-string-256kb/puma-1w-3t/repeat-2,yjit-on,true,puma-response-string-256kb,puma-response-time-wrk,puma/benchmarks/local/response_time_wrk,https://github.com/puma/puma/blob/main/benchmarks/local/response_time_wrk.rb,puma-1w-3t,3,puma,1,3,10671,1000,5.013,5.0,1000,4444,2.001,2.0,5,true,10671,0,2128.628,2.012,3.685,5.98,20.728,23.851,72.625,72.625,78.64,20,20,70,multiprocess_sample_only,,
yjit-on/puma-response-io-256kb/puma-1w-3t/repeat-2,yjit-on,true,puma-response-io-256kb,puma-response-time-wrk,puma/benchmarks/local/response_time_wrk,https://github.com/puma/puma/blob/main/benchmarks/local/response_time_wrk.rb,puma-1w-3t,3,puma,1,3,10792,1000,5.001,5.0,1000,4412,2.002,2.0,5,true,10792,0,2157.873,1.995,3.629,5.819,20.752,22.051,72.813,72.438,77.46,20,20,69,multiprocess_sample_only,,
yjit-on/puma-response-array-512kb/puma-1w-3t/repeat-2,yjit-on,true,puma-response-array-512kb,puma-response-time-wrk,puma/benchmarks/local/response_time_wrk,https://github.com/puma/puma/blob/main/benchmarks/local/response_time_wrk.rb,puma-1w-3t,3,puma,1,3,8350,1000,5.002,5.0,1000,3306,2.002,2.0,5,true,8350,0,1669.292,2.511,4.619,20.133,23.645,25.155,116.07,113.566,77.065,20,20,68,multiprocess_sample_only,,
yjit-on/puma-response-chunk-512kb/puma-1w-3t/repeat-2,yjit-on,true,puma-response-chunk-512kb,puma-response-time-wrk,puma/benchmarks/local/response_time_wrk,https://github.com/puma/puma/blob/main/benchmarks/local/response_time_wrk.rb,puma-1w-3t,3,puma,1,3,2472,1000,5.008,5.0,1000,1018,2.011,2.0,5,true,2472,0,493.625,10.018,14.2,18.784,19.621,19.779,83.199,81.668,76.19,20,20,55,multiprocess_sample_only,,
yjit-on/puma-response-string-512kb/puma-1w-3t/repeat-2,yjit-on,true,puma-response-string-512kb,puma-response-time-wrk,puma/benchmarks/local/response_time_wrk,https://github.com/puma/puma/blob/main/benchmarks/local/response_time_wrk.rb,puma-1w-3t,3,puma,1,3,8205,1000,5.003,5.0,1000,3401,2.002,2.0,5,true,8205,0,1639.98,2.508,4.85,20.406,27.365,34.034,79.145,79.145,75.02,20,20,67,multiprocess_sample_only,,
yjit-on/puma-response-io-512kb/puma-1w-3t/repeat-2,yjit-on,true,puma-response-io-512kb,puma-response-time-wrk,puma/benchmarks/local/response_time_wrk,https://github.com/puma/puma/blob/main/benchmarks/local/response_time_wrk.rb,puma-1w-3t,3,puma,1,3,8220,1000,5.002,5.0,1000,3438,2.002,2.0,5,true,8220,0,1643.358,2.54,4.806,20.421,24.306,25.422,79.211,79.211,73.775,20,20,67,multiprocess_sample_only,,
yjit-on/puma-response-array-1024kb/puma-1w-3t/repeat-2,yjit-on,true,puma-response-array-1024kb,puma-response-time-wrk,puma/benchmarks/local/response_time_wrk,https://github.com/puma/puma/blob/main/benchmarks/local/response_time_wrk.rb,puma-1w-3t,3,puma,1,3,5612,1000,5.003,5.0,1000,2311,2.003,2.0,5,true,5612,0,1121.697,3.732,7.078,23.229,29.251,37.137,155.738,134.184,73.51,20,20,66,multiprocess_sample_only,,
yjit-on/puma-response-chunk-1024kb/puma-1w-3t/repeat-2,yjit-on,true,puma-response-chunk-1024kb,puma-response-time-wrk,puma/benchmarks/local/response_time_wrk,https://github.com/puma/puma/blob/main/benchmarks/local/response_time_wrk.rb,puma-1w-3t,3,puma,1,3,1351,1000,5.017,5.0,1000,1000,3.658,2.0,5,true,1351,0,269.275,18.255,28.595,33.858,35.182,35.723,86.617,84.207,72.65,20,20,46,multiprocess_sample_only,,
yjit-on/puma-response-string-1024kb/puma-1w-3t/repeat-2,yjit-on,true,puma-response-string-1024kb,puma-response-time-wrk,puma/benchmarks/local/response_time_wrk,https://github.com/puma/puma/blob/main/benchmarks/local/response_time_wrk.rb,puma-1w-3t,3,puma,1,3,5597,1000,5.003,5.0,1000,2314,2.003,2.0,5,true,5597,0,1118.638,3.81,7.04,23.574,27.908,28.766,79.633,79.633,71.495,20,20,64,multiprocess_sample_only,,
yjit-on/puma-response-io-1024kb/puma-1w-3t/repeat-2,yjit-on,true,puma-response-io-1024kb,puma-response-time-wrk,puma/benchmarks/local/response_time_wrk,https://github.com/puma/puma/blob/main/benchmarks/local/response_time_wrk.rb,puma-1w-3t,3,puma,1,3,5489,1000,5.004,5.0,1000,2147,2.003,2.0,5,true,5489,0,1096.973,3.879,7.286,23.318,27.132,28.751,79.695,79.695,70.075,20,20,65,multiprocess_sample_only,,
yjit-on/puma-response-array-2048kb/puma-1w-3t/repeat-2,yjit-on,true,puma-response-array-2048kb,puma-response-time-wrk,puma/benchmarks/local/response_time_wrk,https://github.com/puma/puma/blob/main/benchmarks/local/response_time_wrk.rb,puma-1w-3t,3,puma,1,3,3705,1000,5.006,5.0,1000,1493,2.007,2.0,5,true,3705,0,740.157,6.457,10.41,11.791,13.353,14.676,139.953,109.902,70.25,20,20,68,multiprocess_sample_only,,
yjit-on/puma-response-chunk-2048kb/puma-1w-3t/repeat-2,yjit-on,true,puma-response-chunk-2048kb,puma-response-time-wrk,puma/benchmarks/local/response_time_wrk,https://github.com/puma/puma/blob/main/benchmarks/local/response_time_wrk.rb,puma-1w-3t,3,puma,1,3,1000,1000,6.984,5.0,1000,1000,6.909,2.0,5,true,1000,0,143.186,34.622,48.57,62.97,64.059,64.731,87.336,84.035,69.43,20,20,49,multiprocess_sample_only,,
yjit-on/puma-response-string-2048kb/puma-1w-3t/repeat-2,yjit-on,true,puma-response-string-2048kb,puma-response-time-wrk,puma/benchmarks/local/response_time_wrk,https://github.com/puma/puma/blob/main/benchmarks/local/response_time_wrk.rb,puma-1w-3t,3,puma,1,3,3811,1000,5.005,5.0,1000,1565,2.005,2.0,5,true,3811,0,761.409,6.226,11.053,12.189,13.079,13.703,86.563,86.563,68.38,20,20,62,multiprocess_sample_only,,
yjit-on/puma-response-io-2048kb/puma-1w-3t/repeat-2,yjit-on,true,puma-response-io-2048kb,puma-response-time-wrk,puma/benchmarks/local/response_time_wrk,https://github.com/puma/puma/blob/main/benchmarks/local/response_time_wrk.rb,puma-1w-3t,3,puma,1,3,3845,1000,5.005,5.0,1000,1557,2.006,2.0,5,true,3845,0,768.215,6.189,10.708,12.025,13.132,13.906,86.563,86.563,66.98,20,20,62,multiprocess_sample_only,,
yjit-on/puma-long-tail-fib-200ms-x6p0/puma-1w-3t/repeat-2,yjit-on,true,puma-long-tail-fib-200ms-x6p0,puma-long-tail-hey,puma/benchmarks/local/long_tail_hey + test/rackup/sleep_fibonacci,https://github.com/puma/puma/blob/main/benchmarks/local/long_tail_hey.rb,puma-1w-3t,3,puma,1,3,360,360,50.849,5.0,360,360,50.853,2.0,18,true,360,0,7.08,2542.062,2546.021,2546.953,2547.508,2547.518,105.051,105.051,75.465,20,20,744,multiprocess_sample_only,,
yjit-on/puma-long-tail-fib-200ms-x4p0/puma-1w-3t/repeat-2,yjit-on,true,puma-long-tail-fib-200ms-x4p0,puma-long-tail-hey,puma/benchmarks/local/long_tail_hey + test/rackup/sleep_fibonacci,https://github.com/puma/puma/blob/main/benchmarks/local/long_tail_hey.rb,puma-1w-3t,3,puma,1,3,240,240,33.916,5.0,240,240,33.897,2.0,12,true,240,0,7.076,1695.203,1699.914,1700.637,1701.127,1701.258,105.328,105.328,80.73,20,20,497,multiprocess_sample_only,,
yjit-on/puma-long-tail-fib-200ms-x3p0/puma-1w-3t/repeat-2,yjit-on,true,puma-long-tail-fib-200ms-x3p0,puma-long-tail-hey,puma/benchmarks/local/long_tail_hey + test/rackup/sleep_fibonacci,https://github.com/puma/puma/blob/main/benchmarks/local/long_tail_hey.rb,puma-1w-3t,3,puma,1,3,180,180,25.424,5.0,180,180,25.42,2.0,9,true,180,0,7.08,1271.007,1274.883,1275.04,1275.463,1275.529,110.457,110.457,83.285,20,20,374,multiprocess_sample_only,,
yjit-on/puma-long-tail-fib-200ms-x2p0/puma-1w-3t/repeat-2,yjit-on,true,puma-long-tail-fib-200ms-x2p0,puma-long-tail-hey,puma/benchmarks/local/long_tail_hey + test/rackup/sleep_fibonacci,https://github.com/puma/puma/blob/main/benchmarks/local/long_tail_hey.rb,puma-1w-3t,3,puma,1,3,120,120,16.947,5.0,120,120,16.948,2.0,6,true,120,0,7.081,847.19,850.905,851.066,851.198,851.215,110.461,110.461,84.695,20,20,249,multiprocess_sample_only,,
yjit-on/puma-long-tail-fib-200ms-x1p5/puma-1w-3t/repeat-2,yjit-on,true,puma-long-tail-fib-200ms-x1p5,puma-long-tail-hey,puma/benchmarks/local/long_tail_hey + test/rackup/sleep_fibonacci,https://github.com/puma/puma/blob/main/benchmarks/local/long_tail_hey.rb,puma-1w-3t,3,puma,1,3,100,100,14.127,5.0,100,100,14.124,2.0,5,true,100,0,7.079,839.735,847.757,848.383,848.416,848.419,110.777,110.777,85.63,20,20,208,multiprocess_sample_only,,
yjit-on/puma-long-tail-fib-200ms-x1p0/puma-1w-3t/repeat-2,yjit-on,true,puma-long-tail-fib-200ms-x1p0,puma-long-tail-hey,puma/benchmarks/local/long_tail_hey + test/rackup/sleep_fibonacci,https://github.com/puma/puma/blob/main/benchmarks/local/long_tail_hey.rb,puma-1w-3t,3,puma,1,3,60,60,8.475,5.0,60,60,8.476,2.0,3,true,60,0,7.079,423.702,425.37,425.48,425.546,425.553,110.777,110.777,86.2,20,20,125,multiprocess_sample_only,,
yjit-on/puma-long-tail-fib-200ms-x0p5/puma-1w-3t/repeat-2,yjit-on,true,puma-long-tail-fib-200ms-x0p5,puma-long-tail-hey,puma/benchmarks/local/long_tail_hey + test/rackup/sleep_fibonacci,https://github.com/puma/puma/blob/main/benchmarks/local/long_tail_hey.rb,puma-1w-3t,3,puma,1,3,40,40,5.648,5.0,40,40,5.649,2.0,2,true,40,0,7.082,282.338,282.783,283.329,283.62,283.653,110.777,110.777,86.54,20,20,84,multiprocess_sample_only,,
yjit-on/puma-sleep-fibonacci-1ms/puma-1w-3t/repeat-2,yjit-on,true,puma-sleep-fibonacci-1ms,puma-sleep-fibonacci-test,puma/benchmarks/local/sleep_fibonacci_test + test/rackup/sleep_fibonacci,https://github.com/puma/puma/blob/main/benchmarks/local/sleep_fibonacci_test.rb,puma-1w-3t,3,puma,1,3,1973,10,5.0,5.0,10,793,2.001,2.0,1,true,1973,0,394.594,2.494,2.621,2.883,3.483,3.609,115.184,115.184,86.16,20,20,75,multiprocess_sample_only,,
yjit-on/puma-sleep-fibonacci-5ms/puma-1w-3t/repeat-2,yjit-on,true,puma-sleep-fibonacci-5ms,puma-sleep-fibonacci-test,puma/benchmarks/local/sleep_fibonacci_test + test/rackup/sleep_fibonacci,https://github.com/puma/puma/blob/main/benchmarks/local/sleep_fibonacci_test.rb,puma-1w-3t,3,puma,1,3,579,10,5.007,5.0,10,232,2.0,2.0,1,true,579,0,115.629,8.593,8.831,9.122,9.564,9.578,115.816,115.816,85.56,20,20,75,multiprocess_sample_only,,
yjit-on/puma-sleep-fibonacci-10ms/puma-1w-3t/repeat-2,yjit-on,true,puma-sleep-fibonacci-10ms,puma-sleep-fibonacci-test,puma/benchmarks/local/sleep_fibonacci_test + test/rackup/sleep_fibonacci,https://github.com/puma/puma/blob/main/benchmarks/local/sleep_fibonacci_test.rb,puma-1w-3t,3,puma,1,3,411,10,5.003,5.0,10,165,2.01,2.0,1,true,411,0,82.152,12.126,12.263,12.559,13.464,13.645,116.004,116.004,85.135,20,20,75,multiprocess_sample_only,,
yjit-on/puma-sleep-fibonacci-50ms/puma-1w-3t/repeat-2,yjit-on,true,puma-sleep-fibonacci-50ms,puma-sleep-fibonacci-test,puma/benchmarks/local/sleep_fibonacci_test + test/rackup/sleep_fibonacci,https://github.com/puma/puma/blob/main/benchmarks/local/sleep_fibonacci_test.rb,puma-1w-3t,3,puma,1,3,100,10,5.047,5.0,10,40,2.023,2.0,1,true,100,0,19.813,50.405,50.538,50.683,51.233,51.295,116.004,116.004,84.89,20,20,75,multiprocess_sample_only,,
yjit-on/puma-sleep-fibonacci-100ms/puma-1w-3t/repeat-2,yjit-on,true,puma-sleep-fibonacci-100ms,puma-sleep-fibonacci-test,puma/benchmarks/local/sleep_fibonacci_test + test/rackup/sleep_fibonacci,https://github.com/puma/puma/blob/main/benchmarks/local/sleep_fibonacci_test.rb,puma-1w-3t,3,puma,1,3,50,10,5.026,5.0,10,20,2.014,2.0,1,true,50,0,9.948,100.466,100.582,100.796,100.958,100.976,116.004,116.004,84.7,20,20,75,multiprocess_sample_only,,
yjit-on/puma-sleep-fibonacci-200ms/puma-1w-3t/repeat-2,yjit-on,true,puma-sleep-fibonacci-200ms,puma-sleep-fibonacci-test,puma/benchmarks/local/sleep_fibonacci_test + test/rackup/sleep_fibonacci,https://github.com/puma/puma/blob/main/benchmarks/local/sleep_fibonacci_test.rb,puma-1w-3t,3,puma,1,3,25,10,5.014,5.0,10,10,2.007,2.0,1,true,25,0,4.986,200.463,200.623,200.688,200.704,200.706,116.004,116.004,84.52,20,20,75,multiprocess_sample_only,,
yjit-on/puma-response-array-1kb/puma-1w-3t/repeat-3,yjit-on,true,puma-response-array-1kb,puma-response-time-wrk,puma/benchmarks/local/response_time_wrk,https://github.com/puma/puma/blob/main/benchmarks/local/response_time_wrk.rb,puma-1w-3t,3,puma,1,3,19261,1000,5.001,5.0,1000,7640,2.001,2.0,5,true,19261,0,3851.348,1.22,1.757,2.246,2.886,4.869,67.602,67.234,86.905,20,20,72,multiprocess_sample_only,,
yjit-on/puma-response-chunk-1kb/puma-1w-3t/repeat-3,yjit-on,true,puma-response-chunk-1kb,puma-response-time-wrk,puma/benchmarks/local/response_time_wrk,https://github.com/puma/puma/blob/main/benchmarks/local/response_time_wrk.rb,puma-1w-3t,3,puma,1,3,19441,1000,5.001,5.0,1000,7703,2.001,2.0,5,true,19441,0,3887.477,1.217,1.744,2.235,2.712,3.244,68.156,67.297,84.38,20,20,72,multiprocess_sample_only,,
yjit-on/puma-response-string-1kb/puma-1w-3t/repeat-3,yjit-on,true,puma-response-string-1kb,puma-response-time-wrk,puma/benchmarks/local/response_time_wrk,https://github.com/puma/puma/blob/main/benchmarks/local/response_time_wrk.rb,puma-1w-3t,3,puma,1,3,19718,1000,5.001,5.0,1000,8102,2.001,2.0,5,true,19718,0,3942.834,1.197,1.705,2.159,2.671,4.176,67.863,67.559,83.575,20,20,72,multiprocess_sample_only,,
yjit-on/puma-response-io-1kb/puma-1w-3t/repeat-3,yjit-on,true,puma-response-io-1kb,puma-response-time-wrk,puma/benchmarks/local/response_time_wrk,https://github.com/puma/puma/blob/main/benchmarks/local/response_time_wrk.rb,puma-1w-3t,3,puma,1,3,19239,1000,5.002,5.0,1000,8007,2.001,2.0,5,true,19239,0,3846.595,1.222,1.827,2.263,2.946,3.8,68.48,68.102,85.21,20,20,73,multiprocess_sample_only,,
yjit-on/puma-response-array-10kb/puma-1w-3t/repeat-3,yjit-on,true,puma-response-array-10kb,puma-response-time-wrk,puma/benchmarks/local/response_time_wrk,https://github.com/puma/puma/blob/main/benchmarks/local/response_time_wrk.rb,puma-1w-3t,3,puma,1,3,19388,1000,5.001,5.0,1000,7808,2.001,2.0,5,true,19388,0,3876.859,1.215,1.783,2.241,2.735,3.8,70.156,69.758,85.505,20,20,72,multiprocess_sample_only,,
yjit-on/puma-response-chunk-10kb/puma-1w-3t/repeat-3,yjit-on,true,puma-response-chunk-10kb,puma-response-time-wrk,puma/benchmarks/local/response_time_wrk,https://github.com/puma/puma/blob/main/benchmarks/local/response_time_wrk.rb,puma-1w-3t,3,puma,1,3,16756,1000,5.001,5.0,1000,6871,2.001,2.0,5,true,16756,0,3350.377,1.416,2.018,2.605,3.243,4.302,69.281,69.113,84.87,20,20,72,multiprocess_sample_only,,
yjit-on/puma-response-string-10kb/puma-1w-3t/repeat-3,yjit-on,true,puma-response-string-10kb,puma-response-time-wrk,puma/benchmarks/local/response_time_wrk,https://github.com/puma/puma/blob/main/benchmarks/local/response_time_wrk.rb,puma-1w-3t,3,puma,1,3,19311,1000,5.002,5.0,1000,7900,2.001,2.0,5,true,19311,0,3860.79,1.219,1.78,2.256,2.806,3.307,69.746,69.602,84.325,20,20,72,multiprocess_sample_only,,
yjit-on/puma-response-io-10kb/puma-1w-3t/repeat-3,yjit-on,true,puma-response-io-10kb,puma-response-time-wrk,puma/benchmarks/local/response_time_wrk,https://github.com/puma/puma/blob/main/benchmarks/local/response_time_wrk.rb,puma-1w-3t,3,puma,1,3,19059,1000,5.001,5.0,1000,7741,2.001,2.0,5,true,19059,0,3810.979,1.234,1.83,2.26,2.88,4.204,72.762,72.215,85.09,20,20,73,multiprocess_sample_only,,
yjit-on/puma-response-array-100kb/puma-1w-3t/repeat-3,yjit-on,true,puma-response-array-100kb,puma-response-time-wrk,puma/benchmarks/local/response_time_wrk,https://github.com/puma/puma/blob/main/benchmarks/local/response_time_wrk.rb,puma-1w-3t,3,puma,1,3,14670,1000,5.001,5.0,1000,5960,2.001,2.0,5,true,14670,0,2933.238,1.609,2.263,3.025,3.528,4.734,82.32,80.512,85.13,20,20,71,multiprocess_sample_only,,
yjit-on/puma-response-chunk-100kb/puma-1w-3t/repeat-3,yjit-on,true,puma-response-chunk-100kb,puma-response-time-wrk,puma/benchmarks/local/response_time_wrk,https://github.com/puma/puma/blob/main/benchmarks/local/response_time_wrk.rb,puma-1w-3t,3,puma,1,3,7799,1000,5.003,5.0,1000,3215,2.003,2.0,5,true,7799,0,1558.876,3.116,4.059,5.914,6.655,6.86,75.117,74.953,83.635,20,20,68,multiprocess_sample_only,,
yjit-on/puma-response-string-100kb/puma-1w-3t/repeat-3,yjit-on,true,puma-response-string-100kb,puma-response-time-wrk,puma/benchmarks/local/response_time_wrk,https://github.com/puma/puma/blob/main/benchmarks/local/response_time_wrk.rb,puma-1w-3t,3,puma,1,3,14620,1000,5.002,5.0,1000,5984,2.001,2.0,5,true,14620,0,2923.047,1.615,2.285,3.07,3.577,4.249,81.348,80.57,82.48,20,20,71,multiprocess_sample_only,,
yjit-on/puma-response-io-100kb/puma-1w-3t/repeat-3,yjit-on,true,puma-response-io-100kb,puma-response-time-wrk,puma/benchmarks/local/response_time_wrk,https://github.com/puma/puma/blob/main/benchmarks/local/response_time_wrk.rb,puma-1w-3t,3,puma,1,3,14551,1000,5.033,5.0,1000,5876,2.008,2.0,5,true,14551,0,2891.311,1.215,2.004,40.839,42.278,43.366,72.258,72.258,81.95,20,20,73,multiprocess_sample_only,,
yjit-on/puma-response-array-256kb/puma-1w-3t/repeat-3,yjit-on,true,puma-response-array-256kb,puma-response-time-wrk,puma/benchmarks/local/response_time_wrk,https://github.com/puma/puma/blob/main/benchmarks/local/response_time_wrk.rb,puma-1w-3t,3,puma,1,3,10428,1000,5.002,5.0,1000,4389,2.002,2.0,5,true,10428,0,2084.879,2.041,3.73,6.034,21.757,25.037,100.855,98.191,81.445,20,20,69,multiprocess_sample_only,,
yjit-on/puma-response-chunk-256kb/puma-1w-3t/repeat-3,yjit-on,true,puma-response-chunk-256kb,puma-response-time-wrk,puma/benchmarks/local/response_time_wrk,https://github.com/puma/puma/blob/main/benchmarks/local/response_time_wrk.rb,puma-1w-3t,3,puma,1,3,4361,1000,5.006,5.0,1000,1749,2.004,2.0,5,true,4361,0,871.19,5.583,9.005,10.687,11.737,12.545,78.324,77.953,80.255,20,20,63,multiprocess_sample_only,,
yjit-on/puma-response-string-256kb/puma-1w-3t/repeat-3,yjit-on,true,puma-response-string-256kb,puma-response-time-wrk,puma/benchmarks/local/response_time_wrk,https://github.com/puma/puma/blob/main/benchmarks/local/response_time_wrk.rb,puma-1w-3t,3,puma,1,3,10563,1000,5.002,5.0,1000,4458,2.001,2.0,5,true,10563,0,2111.962,2.024,3.715,5.811,22.315,24.754,76.32,76.313,78.8,20,20,68,multiprocess_sample_only,,
yjit-on/puma-response-io-256kb/puma-1w-3t/repeat-3,yjit-on,true,puma-response-io-256kb,puma-response-time-wrk,puma/benchmarks/local/response_time_wrk,https://github.com/puma/puma/blob/main/benchmarks/local/response_time_wrk.rb,puma-1w-3t,3,puma,1,3,10334,1000,5.002,5.0,1000,4266,2.001,2.0,5,true,10334,0,2066.052,2.054,3.803,6.367,21.717,44.165,76.25,76.25,77.63,20,20,69,multiprocess_sample_only,,
yjit-on/puma-response-array-512kb/puma-1w-3t/repeat-3,yjit-on,true,puma-response-array-512kb,puma-response-time-wrk,puma/benchmarks/local/response_time_wrk,https://github.com/puma/puma/blob/main/benchmarks/local/response_time_wrk.rb,puma-1w-3t,3,puma,1,3,8019,1000,5.002,5.0,1000,3275,2.013,2.0,5,true,8019,0,1603.004,2.578,4.907,22.027,25.751,26.866,122.898,117.422,77.22,20,20,69,multiprocess_sample_only,,
yjit-on/puma-response-chunk-512kb/puma-1w-3t/repeat-3,yjit-on,true,puma-response-chunk-512kb,puma-response-time-wrk,puma/benchmarks/local/response_time_wrk,https://github.com/puma/puma/blob/main/benchmarks/local/response_time_wrk.rb,puma-1w-3t,3,puma,1,3,2419,1000,5.009,5.0,1000,1000,2.048,2.0,5,true,2419,0,482.92,10.179,16.464,19.244,20.231,20.587,83.695,81.688,76.31,20,20,56,multiprocess_sample_only,,
yjit-on/puma-response-string-512kb/puma-1w-3t/repeat-3,yjit-on,true,puma-response-string-512kb,puma-response-time-wrk,puma/benchmarks/local/response_time_wrk,https://github.com/puma/puma/blob/main/benchmarks/local/response_time_wrk.rb,puma-1w-3t,3,puma,1,3,7971,1000,5.002,5.0,1000,3260,2.002,2.0,5,true,7971,0,1593.515,2.604,4.933,21.94,25.635,26.569,81.551,81.551,75.08,20,20,67,multiprocess_sample_only,,
yjit-on/puma-response-io-512kb/puma-1w-3t/repeat-3,yjit-on,true,puma-response-io-512kb,puma-response-time-wrk,puma/benchmarks/local/response_time_wrk,https://github.com/puma/puma/blob/main/benchmarks/local/response_time_wrk.rb,puma-1w-3t,3,puma,1,3,8010,1000,5.002,5.0,1000,3197,2.002,2.0,5,true,8010,0,1601.353,2.604,4.911,21.816,25.539,210.5,81.641,81.641,73.815,20,20,67,multiprocess_sample_only,,
yjit-on/puma-response-array-1024kb/puma-1w-3t/repeat-3,yjit-on,true,puma-response-array-1024kb,puma-response-time-wrk,puma/benchmarks/local/response_time_wrk,https://github.com/puma/puma/blob/main/benchmarks/local/response_time_wrk.rb,puma-1w-3t,3,puma,1,3,4943,1000,5.003,5.0,1000,2151,2.004,2.0,5,true,4943,0,987.997,4.137,8.358,25.911,36.659,42.421,154.207,119.207,73.33,20,20,65,multiprocess_sample_only,,
yjit-on/puma-response-chunk-1024kb/puma-1w-3t/repeat-3,yjit-on,true,puma-response-chunk-1024kb,puma-response-time-wrk,puma/benchmarks/local/response_time_wrk,https://github.com/puma/puma/blob/main/benchmarks/local/response_time_wrk.rb,puma-1w-3t,3,puma,1,3,1307,1000,5.017,5.0,1000,1000,3.834,2.0,5,true,1307,0,260.49,18.98,23.007,34.857,39.845,43.576,85.211,83.922,72.38,20,20,45,multiprocess_sample_only,,
yjit-on/puma-response-string-1024kb/puma-1w-3t/repeat-3,yjit-on,true,puma-response-string-1024kb,puma-response-time-wrk,puma/benchmarks/local/response_time_wrk,https://github.com/puma/puma/blob/main/benchmarks/local/response_time_wrk.rb,puma-1w-3t,3,puma,1,3,5444,1000,5.003,5.0,1000,2170,2.003,2.0,5,true,5444,0,1088.117,3.92,7.293,25.137,29.454,30.708,83.355,83.355,71.275,20,20,65,multiprocess_sample_only,,
yjit-on/puma-response-io-1024kb/puma-1w-3t/repeat-3,yjit-on,true,puma-response-io-1024kb,puma-response-time-wrk,puma/benchmarks/local/response_time_wrk,https://github.com/puma/puma/blob/main/benchmarks/local/response_time_wrk.rb,puma-1w-3t,3,puma,1,3,5292,1000,5.021,5.0,1000,2127,2.005,2.0,5,true,5292,0,1053.892,4.013,7.437,25.359,29.963,216.075,83.418,83.418,69.915,20,20,64,multiprocess_sample_only,,
yjit-on/puma-response-array-2048kb/puma-1w-3t/repeat-3,yjit-on,true,puma-response-array-2048kb,puma-response-time-wrk,puma/benchmarks/local/response_time_wrk,https://github.com/puma/puma/blob/main/benchmarks/local/response_time_wrk.rb,puma-1w-3t,3,puma,1,3,3686,1000,5.006,5.0,1000,1454,2.005,2.0,5,true,3686,0,736.338,6.538,10.498,12.012,28.962,30.69,118.867,116.719,70.03,20,20,68,multiprocess_sample_only,,
yjit-on/puma-response-chunk-2048kb/puma-1w-3t/repeat-3,yjit-on,true,puma-response-chunk-2048kb,puma-response-time-wrk,puma/benchmarks/local/response_time_wrk,https://github.com/puma/puma/blob/main/benchmarks/local/response_time_wrk.rb,puma-1w-3t,3,puma,1,3,1000,1000,7.274,5.0,1000,1000,7.198,2.0,5,true,1000,0,137.483,36.148,38.07,65.521,67.504,67.839,85.863,84.035,69.26,20,20,49,multiprocess_sample_only,,
yjit-on/puma-response-string-2048kb/puma-1w-3t/repeat-3,yjit-on,true,puma-response-string-2048kb,puma-response-time-wrk,puma/benchmarks/local/response_time_wrk,https://github.com/puma/puma/blob/main/benchmarks/local/response_time_wrk.rb,puma-1w-3t,3,puma,1,3,3629,1000,5.006,5.0,1000,1503,2.006,2.0,5,true,3629,0,724.869,6.456,11.484,12.853,29.78,31.225,87.164,87.164,68.265,20,20,62,multiprocess_sample_only,,
yjit-on/puma-response-io-2048kb/puma-1w-3t/repeat-3,yjit-on,true,puma-response-io-2048kb,puma-response-time-wrk,puma/benchmarks/local/response_time_wrk,https://github.com/puma/puma/blob/main/benchmarks/local/response_time_wrk.rb,puma-1w-3t,3,puma,1,3,3601,1000,5.007,5.0,1000,1489,2.005,2.0,5,true,3601,0,719.25,6.597,11.285,12.995,27.297,35.979,87.227,87.227,66.88,20,20,61,multiprocess_sample_only,,
yjit-on/puma-long-tail-fib-200ms-x6p0/puma-1w-3t/repeat-3,yjit-on,true,puma-long-tail-fib-200ms-x6p0,puma-long-tail-hey,puma/benchmarks/local/long_tail_hey + test/rackup/sleep_fibonacci,https://github.com/puma/puma/blob/main/benchmarks/local/long_tail_hey.rb,puma-1w-3t,3,puma,1,3,360,360,50.865,5.0,360,360,50.867,2.0,18,true,360,0,7.078,2542.797,2546.235,2549.366,2550.437,2550.588,104.633,104.633,75.38,20,20,743,multiprocess_sample_only,,
yjit-on/puma-long-tail-fib-200ms-x4p0/puma-1w-3t/repeat-3,yjit-on,true,puma-long-tail-fib-200ms-x4p0,puma-long-tail-hey,puma/benchmarks/local/long_tail_hey + test/rackup/sleep_fibonacci,https://github.com/puma/puma/blob/main/benchmarks/local/long_tail_hey.rb,puma-1w-3t,3,puma,1,3,240,240,33.899,5.0,240,240,33.896,2.0,12,true,240,0,7.08,1694.684,1698.884,1701.222,1702.025,1702.044,105.199,105.199,80.64,20,20,496,multiprocess_sample_only,,
yjit-on/puma-long-tail-fib-200ms-x3p0/puma-1w-3t/repeat-3,yjit-on,true,puma-long-tail-fib-200ms-x3p0,puma-long-tail-hey,puma/benchmarks/local/long_tail_hey + test/rackup/sleep_fibonacci,https://github.com/puma/puma/blob/main/benchmarks/local/long_tail_hey.rb,puma-1w-3t,3,puma,1,3,180,180,25.424,5.0,180,180,25.422,2.0,9,true,180,0,7.08,1270.976,1275.084,1275.291,1275.298,1275.3,105.266,105.266,83.23,20,20,372,multiprocess_sample_only,,
yjit-on/puma-long-tail-fib-200ms-x2p0/puma-1w-3t/repeat-3,yjit-on,true,puma-long-tail-fib-200ms-x2p0,puma-long-tail-hey,puma/benchmarks/local/long_tail_hey + test/rackup/sleep_fibonacci,https://github.com/puma/puma/blob/main/benchmarks/local/long_tail_hey.rb,puma-1w-3t,3,puma,1,3,120,120,16.949,5.0,120,120,16.95,2.0,6,true,120,0,7.08,847.231,851.339,852.456,852.938,852.985,105.453,105.453,84.64,20,20,249,multiprocess_sample_only,,
yjit-on/puma-long-tail-fib-200ms-x1p5/puma-1w-3t/repeat-3,yjit-on,true,puma-long-tail-fib-200ms-x1p5,puma-long-tail-hey,puma/benchmarks/local/long_tail_hey + test/rackup/sleep_fibonacci,https://github.com/puma/puma/blob/main/benchmarks/local/long_tail_hey.rb,puma-1w-3t,3,puma,1,3,100,100,14.128,5.0,100,100,14.127,2.0,5,true,100,0,7.078,839.705,847.915,848.106,848.172,848.179,105.453,105.453,85.58,20,20,207,multiprocess_sample_only,,
yjit-on/puma-long-tail-fib-200ms-x1p0/puma-1w-3t/repeat-3,yjit-on,true,puma-long-tail-fib-200ms-x1p0,puma-long-tail-hey,puma/benchmarks/local/long_tail_hey + test/rackup/sleep_fibonacci,https://github.com/puma/puma/blob/main/benchmarks/local/long_tail_hey.rb,puma-1w-3t,3,puma,1,3,60,60,8.476,5.0,60,60,8.478,2.0,3,true,60,0,7.079,423.677,425.516,425.686,425.777,425.787,105.453,105.453,86.15,20,20,125,multiprocess_sample_only,,
yjit-on/puma-long-tail-fib-200ms-x0p5/puma-1w-3t/repeat-3,yjit-on,true,puma-long-tail-fib-200ms-x0p5,puma-long-tail-hey,puma/benchmarks/local/long_tail_hey + test/rackup/sleep_fibonacci,https://github.com/puma/puma/blob/main/benchmarks/local/long_tail_hey.rb,puma-1w-3t,3,puma,1,3,40,40,5.65,5.0,40,40,5.65,2.0,2,true,40,0,7.08,282.382,282.66,283.125,283.309,283.33,105.453,105.453,86.48,20,20,84,multiprocess_sample_only,,
yjit-on/puma-sleep-fibonacci-1ms/puma-1w-3t/repeat-3,yjit-on,true,puma-sleep-fibonacci-1ms,puma-sleep-fibonacci-test,puma/benchmarks/local/sleep_fibonacci_test + test/rackup/sleep_fibonacci,https://github.com/puma/puma/blob/main/benchmarks/local/sleep_fibonacci_test.rb,puma-1w-3t,3,puma,1,3,1951,10,5.002,5.0,10,792,2.002,2.0,1,true,1951,0,390.038,2.52,2.638,2.854,3.653,4.102,105.453,105.453,86.12,20,20,74,multiprocess_sample_only,,
yjit-on/puma-sleep-fibonacci-5ms/puma-1w-3t/repeat-3,yjit-on,true,puma-sleep-fibonacci-5ms,puma-sleep-fibonacci-test,puma/benchmarks/local/sleep_fibonacci_test + test/rackup/sleep_fibonacci,https://github.com/puma/puma/blob/main/benchmarks/local/sleep_fibonacci_test.rb,puma-1w-3t,3,puma,1,3,576,10,5.003,5.0,10,230,2.005,2.0,1,true,576,0,115.125,8.635,8.802,8.926,9.443,9.841,105.453,105.453,85.51,20,20,74,multiprocess_sample_only,,
yjit-on/puma-sleep-fibonacci-10ms/puma-1w-3t/repeat-3,yjit-on,true,puma-sleep-fibonacci-10ms,puma-sleep-fibonacci-test,puma/benchmarks/local/sleep_fibonacci_test + test/rackup/sleep_fibonacci,https://github.com/puma/puma/blob/main/benchmarks/local/sleep_fibonacci_test.rb,puma-1w-3t,3,puma,1,3,409,10,5.002,5.0,10,163,2.002,2.0,1,true,409,0,81.764,12.177,12.308,12.554,13.506,13.671,105.453,105.453,85.1,20,20,74,multiprocess_sample_only,,
yjit-on/puma-sleep-fibonacci-50ms/puma-1w-3t/repeat-3,yjit-on,true,puma-sleep-fibonacci-50ms,puma-sleep-fibonacci-test,puma/benchmarks/local/sleep_fibonacci_test + test/rackup/sleep_fibonacci,https://github.com/puma/puma/blob/main/benchmarks/local/sleep_fibonacci_test.rb,puma-1w-3t,3,puma,1,3,100,10,5.048,5.0,10,40,2.024,2.0,1,true,100,0,19.811,50.424,50.572,50.742,50.755,50.757,105.457,105.457,84.855,20,20,75,multiprocess_sample_only,,
yjit-on/puma-sleep-fibonacci-100ms/puma-1w-3t/repeat-3,yjit-on,true,puma-sleep-fibonacci-100ms,puma-sleep-fibonacci-test,puma/benchmarks/local/sleep_fibonacci_test + test/rackup/sleep_fibonacci,https://github.com/puma/puma/blob/main/benchmarks/local/sleep_fibonacci_test.rb,puma-1w-3t,3,puma,1,3,50,10,5.026,5.0,10,20,2.012,2.0,1,true,50,0,9.948,100.436,100.616,101.181,101.474,101.506,105.457,105.457,84.665,20,20,75,multiprocess_sample_only,,
yjit-on/puma-sleep-fibonacci-200ms/puma-1w-3t/repeat-3,yjit-on,true,puma-sleep-fibonacci-200ms,puma-sleep-fibonacci-test,puma/benchmarks/local/sleep_fibonacci_test + test/rackup/sleep_fibonacci,https://github.com/puma/puma/blob/main/benchmarks/local/sleep_fibonacci_test.rb,puma-1w-3t,3,puma,1,3,25,10,5.015,5.0,10,10,2.007,2.0,1,true,25,0,4.985,200.499,200.632,200.657,200.664,200.665,105.457,105.457,84.475,20,20,75,multiprocess_sample_only,,
