run_id,runtime,yjit,scenario,scenario_family,benchmark_source,benchmark_source_url,server,server_capacity,adapter,workers,threads,requests,target_requests,duration_s,min_duration_s,target_warmup_requests,warmup_requests,warmup_duration_s,warmup_min_duration_s,concurrency,keep_alive,completed,errors,achieved_rps,p50_ms,p95_ms,p99_ms,p999_ms,max_ms,rss_mb_peak,rss_mb_end,cpu_pct_avg,target_sample_count,sample_count,raw_sample_count,gc_delta_scope,gc_count_delta,total_allocated_objects_delta
yjit-off/puma-response-array-1kb/raptor-3r/repeat-1,yjit-off,false,puma-response-array-1kb,puma-response-time-wrk,puma/benchmarks/local/response_time_wrk,https://github.com/puma/puma/blob/main/benchmarks/local/response_time_wrk.rb,raptor-3r,3,raptor,3,,1000,1000,16.137,5.0,1000,1000,16.138,2.0,5,true,1000,0,61.971,40.982,41.981,42.789,4033.753,4035.938,28.105,28.105,2.965,20,20,236,same_worker,25,719360
yjit-off/puma-response-chunk-1kb/raptor-3r/repeat-1,yjit-off,false,puma-response-chunk-1kb,puma-response-time-wrk,puma/benchmarks/local/response_time_wrk,https://github.com/puma/puma/blob/main/benchmarks/local/response_time_wrk.rb,raptor-3r,3,raptor,3,,1000,1000,16.105,5.0,1000,1000,16.122,2.0,5,true,1000,0,62.091,40.979,41.939,42.444,4025.009,4028.921,28.141,28.141,2.485,20,20,238,same_worker,25,716364
yjit-off/puma-response-string-1kb/raptor-3r/repeat-1,yjit-off,false,puma-response-string-1kb,puma-response-time-wrk,puma/benchmarks/local/response_time_wrk,https://github.com/puma/puma/blob/main/benchmarks/local/response_time_wrk.rb,raptor-3r,3,raptor,3,,1000,1000,16.1,5.0,1000,1000,16.118,2.0,5,true,1000,0,62.112,40.978,41.944,42.448,4026.244,4030.997,28.145,28.145,2.3,20,20,237,same_worker,26,718571
yjit-off/puma-response-io-1kb/raptor-3r/repeat-1,yjit-off,false,puma-response-io-1kb,puma-response-time-wrk,puma/benchmarks/local/response_time_wrk,https://github.com/puma/puma/blob/main/benchmarks/local/response_time_wrk.rb,raptor-3r,3,raptor,3,,1000,1000,16.107,5.0,1000,1000,16.118,2.0,5,true,1000,0,62.085,40.98,41.949,42.411,4029.065,4029.2,28.148,28.148,2.3,20,20,237,same_worker,25,727297
yjit-off/puma-response-array-10kb/raptor-3r/repeat-1,yjit-off,false,puma-response-array-10kb,puma-response-time-wrk,puma/benchmarks/local/response_time_wrk,https://github.com/puma/puma/blob/main/benchmarks/local/response_time_wrk.rb,raptor-3r,3,raptor,3,,1000,1000,16.11,5.0,1000,1000,16.135,2.0,5,true,1000,0,62.074,40.982,41.949,42.249,4029.021,4029.163,28.148,28.148,2.3,20,20,238,same_worker,25,719295
yjit-off/puma-response-chunk-10kb/raptor-3r/repeat-1,yjit-off,false,puma-response-chunk-10kb,puma-response-time-wrk,puma/benchmarks/local/response_time_wrk,https://github.com/puma/puma/blob/main/benchmarks/local/response_time_wrk.rb,raptor-3r,3,raptor,3,,1000,1000,16.103,5.0,1000,1000,16.107,2.0,5,true,1000,0,62.1,40.98,41.881,42.145,4023.682,4065.764,28.184,28.184,2.205,20,20,238,same_worker,24,717436
yjit-off/puma-response-string-10kb/raptor-3r/repeat-1,yjit-off,false,puma-response-string-10kb,puma-response-time-wrk,puma/benchmarks/local/response_time_wrk,https://github.com/puma/puma/blob/main/benchmarks/local/response_time_wrk.rb,raptor-3r,3,raptor,3,,1000,1000,16.105,5.0,1000,1000,16.119,2.0,5,true,1000,0,62.093,40.981,41.939,42.1,4026.457,4027.115,28.203,28.203,2.2,20,20,238,same_worker,25,719293
yjit-off/puma-response-io-10kb/raptor-3r/repeat-1,yjit-off,false,puma-response-io-10kb,puma-response-time-wrk,puma/benchmarks/local/response_time_wrk,https://github.com/puma/puma/blob/main/benchmarks/local/response_time_wrk.rb,raptor-3r,3,raptor,3,,1000,1000,16.11,5.0,1000,1000,16.119,2.0,5,true,1000,0,62.074,40.979,41.93,42.287,4025.85,4027.742,28.594,28.594,2.2,20,20,238,same_worker,26,745300
yjit-off/puma-response-array-100kb/raptor-3r/repeat-1,yjit-off,false,puma-response-array-100kb,puma-response-time-wrk,puma/benchmarks/local/response_time_wrk,https://github.com/puma/puma/blob/main/benchmarks/local/response_time_wrk.rb,raptor-3r,3,raptor,3,,1000,1000,15.433,5.0,1000,1000,14.523,2.0,5,true,1000,0,64.796,40.969,41.969,42.228,3829.8,3950.868,28.602,28.602,2.3,20,20,228,same_worker,25,719299
yjit-off/puma-response-chunk-100kb/raptor-3r/repeat-1,yjit-off,false,puma-response-chunk-100kb,puma-response-time-wrk,puma/benchmarks/local/response_time_wrk,https://github.com/puma/puma/blob/main/benchmarks/local/response_time_wrk.rb,raptor-3r,3,raptor,3,,1000,1000,15.156,5.0,1000,1000,15.314,2.0,5,true,1000,0,65.979,40.971,41.966,42.246,3786.934,3788.62,28.609,28.609,2.395,20,20,224,same_worker,24,716297
yjit-off/puma-response-string-100kb/raptor-3r/repeat-1,yjit-off,false,puma-response-string-100kb,puma-response-time-wrk,puma/benchmarks/local/response_time_wrk,https://github.com/puma/puma/blob/main/benchmarks/local/response_time_wrk.rb,raptor-3r,3,raptor,3,,14491,1000,5.001,5.0,1000,5979,2.002,2.0,5,true,14491,0,2897.352,0.948,1.639,5.406,101.71,117.682,28.934,28.934,3.575,20,20,73,same_worker,360,10419659
yjit-off/puma-response-io-100kb/raptor-3r/repeat-1,yjit-off,false,puma-response-io-100kb,puma-response-time-wrk,puma/benchmarks/local/response_time_wrk,https://github.com/puma/puma/blob/main/benchmarks/local/response_time_wrk.rb,raptor-3r,3,raptor,3,,1000,1000,15.287,5.0,1000,1000,14.782,2.0,5,true,1000,0,65.415,40.971,41.972,42.819,3827.538,3868.612,33.305,33.305,4.2,20,20,226,same_worker,34,925309
yjit-off/puma-response-array-256kb/raptor-3r/repeat-1,yjit-off,false,puma-response-array-256kb,puma-response-time-wrk,puma/benchmarks/local/response_time_wrk,https://github.com/puma/puma/blob/main/benchmarks/local/response_time_wrk.rb,raptor-3r,3,raptor,3,,1000,1000,12.722,5.0,1000,1000,9.715,2.0,5,true,1000,0,78.605,40.977,42.041,42.949,3361.171,3441.231,33.305,33.305,4.295,20,20,188,same_worker,25,717693
yjit-off/puma-response-chunk-256kb/raptor-3r/repeat-1,yjit-off,false,puma-response-chunk-256kb,puma-response-time-wrk,puma/benchmarks/local/response_time_wrk,https://github.com/puma/puma/blob/main/benchmarks/local/response_time_wrk.rb,raptor-3r,3,raptor,3,,1000,1000,12.107,5.0,1000,1000,10.954,2.0,5,true,1000,0,82.594,40.976,42.037,42.965,3177.105,3251.326,33.305,33.305,4.385,20,20,179,same_worker,26,716301
yjit-off/puma-response-string-256kb/raptor-3r/repeat-1,yjit-off,false,puma-response-string-256kb,puma-response-time-wrk,puma/benchmarks/local/response_time_wrk,https://github.com/puma/puma/blob/main/benchmarks/local/response_time_wrk.rb,raptor-3r,3,raptor,3,,10612,1000,5.002,5.0,1000,4465,2.002,2.0,5,true,10612,0,2121.659,1.202,2.313,47.486,137.807,209.736,33.59,33.59,5.14,20,20,73,same_worker,269,7629671
yjit-off/puma-response-io-256kb/raptor-3r/repeat-1,yjit-off,false,puma-response-io-256kb,puma-response-time-wrk,puma/benchmarks/local/response_time_wrk,https://github.com/puma/puma/blob/main/benchmarks/local/response_time_wrk.rb,raptor-3r,3,raptor,3,,1000,1000,13.056,5.0,1000,1000,13.148,2.0,5,true,1000,0,76.595,41.775,42.779,43.269,3284.902,3375.59,40.801,38.984,5.655,20,20,193,same_worker,48,1237345
yjit-off/puma-response-array-512kb/raptor-3r/repeat-1,yjit-off,false,puma-response-array-512kb,puma-response-time-wrk,puma/benchmarks/local/response_time_wrk,https://github.com/puma/puma/blob/main/benchmarks/local/response_time_wrk.rb,raptor-3r,3,raptor,3,,1000,1000,13.244,5.0,1000,1000,13.532,2.0,5,true,1000,0,75.507,41.945,42.892,44.115,3119.98,3244.438,38.984,38.984,5.79,20,20,195,same_worker,26,719301
yjit-off/puma-response-chunk-512kb/raptor-3r/repeat-1,yjit-off,false,puma-response-chunk-512kb,puma-response-time-wrk,puma/benchmarks/local/response_time_wrk,https://github.com/puma/puma/blob/main/benchmarks/local/response_time_wrk.rb,raptor-3r,3,raptor,3,,1000,1000,14.858,5.0,1000,1000,14.534,2.0,5,true,1000,0,67.303,41.955,42.91,43.021,3661.926,3791.692,38.984,38.984,5.9,20,20,219,same_worker,26,715487
yjit-off/puma-response-string-512kb/raptor-3r/repeat-1,yjit-off,false,puma-response-string-512kb,puma-response-time-wrk,puma/benchmarks/local/response_time_wrk,https://github.com/puma/puma/blob/main/benchmarks/local/response_time_wrk.rb,raptor-3r,3,raptor,3,,8150,1000,5.004,5.0,1000,3285,2.004,2.0,5,true,8150,0,1628.821,1.551,3.032,44.909,184.877,229.198,39.375,39.375,6.41,20,20,72,same_worker,211,5860784
yjit-off/puma-response-io-512kb/raptor-3r/repeat-1,yjit-off,false,puma-response-io-512kb,puma-response-time-wrk,puma/benchmarks/local/response_time_wrk,https://github.com/puma/puma/blob/main/benchmarks/local/response_time_wrk.rb,raptor-3r,3,raptor,3,,1000,1000,14.206,5.0,1000,1000,15.577,2.0,5,true,1000,0,70.392,41.968,43.01,43.987,3735.539,3765.471,46.613,44.691,6.83,20,20,209,same_worker,73,1747843
yjit-off/puma-response-array-1024kb/raptor-3r/repeat-1,yjit-off,false,puma-response-array-1024kb,puma-response-time-wrk,puma/benchmarks/local/response_time_wrk,https://github.com/puma/puma/blob/main/benchmarks/local/response_time_wrk.rb,raptor-3r,3,raptor,3,,1000,1000,15.146,5.0,1000,1000,15.516,2.0,5,true,1000,0,66.023,41.977,43.213,45.285,3831.222,3968.671,44.691,44.691,7.07,20,20,223,same_worker,26,719301
yjit-off/puma-response-chunk-1024kb/raptor-3r/repeat-1,yjit-off,false,puma-response-chunk-1024kb,puma-response-time-wrk,puma/benchmarks/local/response_time_wrk,https://github.com/puma/puma/blob/main/benchmarks/local/response_time_wrk.rb,raptor-3r,3,raptor,3,,1000,1000,14.773,5.0,1000,1000,15.34,2.0,5,true,1000,0,67.693,41.999,43.991,45.298,3547.081,3668.342,44.691,44.691,7.335,20,20,217,same_worker,27,716246
yjit-off/puma-response-string-1024kb/raptor-3r/repeat-1,yjit-off,false,puma-response-string-1024kb,puma-response-time-wrk,puma/benchmarks/local/response_time_wrk,https://github.com/puma/puma/blob/main/benchmarks/local/response_time_wrk.rb,raptor-3r,3,raptor,3,,5887,1000,5.003,5.0,1000,2428,2.003,2.0,5,true,5887,0,1176.616,2.278,4.437,12.976,249.865,260.93,47.215,47.215,7.715,20,20,70,same_worker,155,4230924
yjit-off/puma-response-io-1024kb/raptor-3r/repeat-1,yjit-off,false,puma-response-io-1024kb,puma-response-time-wrk,puma/benchmarks/local/response_time_wrk,https://github.com/puma/puma/blob/main/benchmarks/local/response_time_wrk.rb,raptor-3r,3,raptor,3,,1000,1000,15.596,5.0,1000,1000,16.136,2.0,5,true,1000,0,64.117,42.989,44.959,47.282,3974.757,3996.542,52.754,52.754,8.275,20,20,229,same_worker,126,2773491
yjit-off/puma-response-array-2048kb/raptor-3r/repeat-1,yjit-off,false,puma-response-array-2048kb,puma-response-time-wrk,puma/benchmarks/local/response_time_wrk,https://github.com/puma/puma/blob/main/benchmarks/local/response_time_wrk.rb,raptor-3r,3,raptor,3,,1000,1000,15.306,5.0,1000,1000,16.304,2.0,5,true,1000,0,65.336,43.982,47.452,50.622,3846.861,3907.633,52.754,52.754,8.935,20,20,225,same_worker,26,719295
yjit-off/puma-response-chunk-2048kb/raptor-3r/repeat-1,yjit-off,false,puma-response-chunk-2048kb,puma-response-time-wrk,puma/benchmarks/local/response_time_wrk,https://github.com/puma/puma/blob/main/benchmarks/local/response_time_wrk.rb,raptor-3r,3,raptor,3,,1000,1000,15.862,5.0,1000,1000,16.498,2.0,5,true,1000,0,63.044,43.98,47.26,49.273,3932.083,3972.549,52.754,52.754,9.49,20,20,233,same_worker,27,716282
yjit-off/puma-response-string-2048kb/raptor-3r/repeat-1,yjit-off,false,puma-response-string-2048kb,puma-response-time-wrk,puma/benchmarks/local/response_time_wrk,https://github.com/puma/puma/blob/main/benchmarks/local/response_time_wrk.rb,raptor-3r,3,raptor,3,,3947,1000,5.006,5.0,1000,1532,2.006,2.0,5,true,3947,0,788.502,3.603,6.459,15.547,368.358,390.976,59.176,59.176,9.85,20,20,68,same_worker,105,2839374
yjit-off/puma-response-io-2048kb/raptor-3r/repeat-1,yjit-off,false,puma-response-io-2048kb,puma-response-time-wrk,puma/benchmarks/local/response_time_wrk,https://github.com/puma/puma/blob/main/benchmarks/local/response_time_wrk.rb,raptor-3r,3,raptor,3,,1000,1000,17.043,5.0,1000,1000,17.352,2.0,5,true,1000,0,58.674,44.996,48.266,51.122,4185.238,4384.749,86.125,86.125,10.745,20,20,251,same_worker,100,4821642
yjit-off/puma-long-tail-fib-200ms-x6p0/raptor-3r/repeat-1,yjit-off,false,puma-long-tail-fib-200ms-x6p0,puma-long-tail-hey,puma/benchmarks/local/long_tail_hey + test/rackup/sleep_fibonacci,https://github.com/puma/puma/blob/main/benchmarks/local/long_tail_hey.rb,raptor-3r,3,raptor,3,,363,360,29.016,5.0,360,360,28.759,2.0,18,true,363,0,12.511,241.887,243.402,19613.628,24406.579,24408.951,86.441,86.441,20.115,20,20,424,same_worker,1,64314
yjit-off/puma-long-tail-fib-200ms-x4p0/raptor-3r/repeat-1,yjit-off,false,puma-long-tail-fib-200ms-x4p0,puma-long-tail-hey,puma/benchmarks/local/long_tail_hey + test/rackup/sleep_fibonacci,https://github.com/puma/puma/blob/main/benchmarks/local/long_tail_hey.rb,raptor-3r,3,raptor,3,,243,240,19.416,5.0,240,240,19.175,2.0,12,true,243,0,12.516,241.759,243.13,12802.833,14816.29,14816.515,86.465,86.465,28.4,20,20,285,same_worker,1,41645
yjit-off/puma-long-tail-fib-200ms-x3p0/raptor-3r/repeat-1,yjit-off,false,puma-long-tail-fib-200ms-x3p0,puma-long-tail-hey,puma/benchmarks/local/long_tail_hey + test/rackup/sleep_fibonacci,https://github.com/puma/puma/blob/main/benchmarks/local/long_tail_hey.rb,raptor-3r,3,raptor,3,,183,180,14.622,5.0,180,180,14.375,2.0,9,true,183,0,12.515,241.72,242.739,10022.563,10023.379,10023.533,86.473,86.473,33.875,20,20,215,same_worker,1,32022
yjit-off/puma-long-tail-fib-200ms-x2p0/raptor-3r/repeat-1,yjit-off,false,puma-long-tail-fib-200ms-x2p0,puma-long-tail-hey,puma/benchmarks/local/long_tail_hey + test/rackup/sleep_fibonacci,https://github.com/puma/puma/blob/main/benchmarks/local/long_tail_hey.rb,raptor-3r,3,raptor,3,,123,120,9.828,5.0,120,120,9.59,2.0,6,true,123,0,12.515,241.749,242.478,5231.774,5232.154,5232.203,86.617,86.617,37.425,20,20,145,same_worker,1,24022
yjit-off/puma-long-tail-fib-200ms-x1p5/raptor-3r/repeat-1,yjit-off,false,puma-long-tail-fib-200ms-x1p5,puma-long-tail-hey,puma/benchmarks/local/long_tail_hey + test/rackup/sleep_fibonacci,https://github.com/puma/puma/blob/main/benchmarks/local/long_tail_hey.rb,raptor-3r,3,raptor,3,,103,100,9.822,5.0,100,100,9.588,2.0,5,true,103,0,10.487,241.323,242.484,5130.239,5230.07,5230.081,86.621,86.621,40.06,20,20,145,same_worker,1,20566
yjit-off/puma-long-tail-fib-200ms-x1p0/raptor-3r/repeat-1,yjit-off,false,puma-long-tail-fib-200ms-x1p0,puma-long-tail-hey,puma/benchmarks/local/long_tail_hey + test/rackup/sleep_fibonacci,https://github.com/puma/puma/blob/main/benchmarks/local/long_tail_hey.rb,raptor-3r,3,raptor,3,,63,60,5.041,5.0,60,60,4.794,2.0,3,true,63,0,12.496,241.795,242.967,243.244,243.61,243.65,86.625,86.625,41.67,20,20,75,same_worker,0,11531
yjit-off/puma-long-tail-fib-200ms-x0p5/raptor-3r/repeat-1,yjit-off,false,puma-long-tail-fib-200ms-x0p5,puma-long-tail-hey,puma/benchmarks/local/long_tail_hey + test/rackup/sleep_fibonacci,https://github.com/puma/puma/blob/main/benchmarks/local/long_tail_hey.rb,raptor-3r,3,raptor,3,,42,40,5.031,5.0,40,40,4.79,2.0,2,true,42,0,8.348,241.169,242.237,242.489,242.635,242.651,86.625,86.625,42.645,20,20,75,same_worker,0,7062
yjit-off/puma-sleep-fibonacci-1ms/raptor-3r/repeat-1,yjit-off,false,puma-sleep-fibonacci-1ms,puma-sleep-fibonacci-test,puma/benchmarks/local/sleep_fibonacci_test + test/rackup/sleep_fibonacci,https://github.com/puma/puma/blob/main/benchmarks/local/sleep_fibonacci_test.rb,raptor-3r,3,raptor,3,,122,10,5.009,5.0,10,49,2.017,2.0,1,true,122,0,24.357,41.97,42.382,42.965,42.973,42.974,86.645,86.645,42.645,20,20,75,same_worker,1,24616
yjit-off/puma-sleep-fibonacci-5ms/raptor-3r/repeat-1,yjit-off,false,puma-sleep-fibonacci-5ms,puma-sleep-fibonacci-test,puma/benchmarks/local/sleep_fibonacci_test + test/rackup/sleep_fibonacci,https://github.com/puma/puma/blob/main/benchmarks/local/sleep_fibonacci_test.rb,raptor-3r,3,raptor,3,,110,10,5.036,5.0,10,44,2.023,2.0,1,true,110,0,21.844,46.96,47.52,47.961,47.995,47.999,86.73,86.73,42.37,20,20,75,same_worker,0,19561
yjit-off/puma-sleep-fibonacci-10ms/raptor-3r/repeat-1,yjit-off,false,puma-sleep-fibonacci-10ms,puma-sleep-fibonacci-test,puma/benchmarks/local/sleep_fibonacci_test + test/rackup/sleep_fibonacci,https://github.com/puma/puma/blob/main/benchmarks/local/sleep_fibonacci_test.rb,raptor-3r,3,raptor,3,,99,10,5.021,5.0,10,40,2.027,2.0,1,true,99,0,19.718,50.973,51.938,51.972,51.986,51.988,86.75,86.75,42.15,20,20,75,same_worker,1,17698
yjit-off/puma-sleep-fibonacci-50ms/raptor-3r/repeat-1,yjit-off,false,puma-sleep-fibonacci-50ms,puma-sleep-fibonacci-test,puma/benchmarks/local/sleep_fibonacci_test + test/rackup/sleep_fibonacci,https://github.com/puma/puma/blob/main/benchmarks/local/sleep_fibonacci_test.rb,raptor-3r,3,raptor,3,,56,10,5.089,5.0,10,23,2.068,2.0,1,true,56,0,11.005,91.868,92.04,92.492,92.911,92.958,86.766,86.766,42.1,20,20,76,same_worker,0,10048
yjit-off/puma-sleep-fibonacci-100ms/raptor-3r/repeat-1,yjit-off,false,puma-sleep-fibonacci-100ms,puma-sleep-fibonacci-test,puma/benchmarks/local/sleep_fibonacci_test + test/rackup/sleep_fibonacci,https://github.com/puma/puma/blob/main/benchmarks/local/sleep_fibonacci_test.rb,raptor-3r,3,raptor,3,,36,10,5.07,5.0,10,15,2.085,2.0,1,true,36,0,7.101,141.959,142.085,142.348,142.469,142.483,86.785,86.785,42.1,20,20,76,same_worker,0,4231
yjit-off/puma-sleep-fibonacci-200ms/raptor-3r/repeat-1,yjit-off,false,puma-sleep-fibonacci-200ms,puma-sleep-fibonacci-test,puma/benchmarks/local/sleep_fibonacci_test + test/rackup/sleep_fibonacci,https://github.com/puma/puma/blob/main/benchmarks/local/sleep_fibonacci_test.rb,raptor-3r,3,raptor,3,,21,10,5.033,5.0,10,10,2.384,2.0,1,true,21,0,4.172,241.283,242.075,242.749,242.9,242.917,86.797,86.797,42.2,20,20,75,same_worker,0,4297
yjit-off/puma-response-array-1kb/raptor-3r/repeat-2,yjit-off,false,puma-response-array-1kb,puma-response-time-wrk,puma/benchmarks/local/response_time_wrk,https://github.com/puma/puma/blob/main/benchmarks/local/response_time_wrk.rb,raptor-3r,3,raptor,3,,1000,1000,16.118,5.0,1000,1000,16.134,2.0,5,true,1000,0,62.042,40.978,41.964,42.312,4029.985,4032.409,27.629,27.629,3.145,20,20,237,same_worker,29,718306
yjit-off/puma-response-chunk-1kb/raptor-3r/repeat-2,yjit-off,false,puma-response-chunk-1kb,puma-response-time-wrk,puma/benchmarks/local/response_time_wrk,https://github.com/puma/puma/blob/main/benchmarks/local/response_time_wrk.rb,raptor-3r,3,raptor,3,,1000,1000,16.116,5.0,1000,1000,16.136,2.0,5,true,1000,0,62.05,40.979,41.973,42.413,4031.502,4031.97,27.637,27.637,2.645,20,20,237,same_worker,28,716355
yjit-off/puma-response-string-1kb/raptor-3r/repeat-2,yjit-off,false,puma-response-string-1kb,puma-response-time-wrk,puma/benchmarks/local/response_time_wrk,https://github.com/puma/puma/blob/main/benchmarks/local/response_time_wrk.rb,raptor-3r,3,raptor,3,,1000,1000,16.116,5.0,1000,1000,16.128,2.0,5,true,1000,0,62.05,40.975,41.973,42.279,4028.458,4031.69,27.637,27.637,2.495,20,20,237,same_worker,27,718064
yjit-off/puma-response-io-1kb/raptor-3r/repeat-2,yjit-off,false,puma-response-io-1kb,puma-response-time-wrk,puma/benchmarks/local/response_time_wrk,https://github.com/puma/puma/blob/main/benchmarks/local/response_time_wrk.rb,raptor-3r,3,raptor,3,,1000,1000,16.104,5.0,1000,1000,16.129,2.0,5,true,1000,0,62.097,40.977,41.907,42.162,4023.531,4026.361,27.742,27.742,2.485,20,20,237,same_worker,29,727353
yjit-off/puma-response-array-10kb/raptor-3r/repeat-2,yjit-off,false,puma-response-array-10kb,puma-response-time-wrk,puma/benchmarks/local/response_time_wrk,https://github.com/puma/puma/blob/main/benchmarks/local/response_time_wrk.rb,raptor-3r,3,raptor,3,,1000,1000,16.113,5.0,1000,1000,16.114,2.0,5,true,1000,0,62.061,40.979,41.94,42.295,4030.142,4031.562,27.742,27.742,2.4,20,20,237,same_worker,28,719352
yjit-off/puma-response-chunk-10kb/raptor-3r/repeat-2,yjit-off,false,puma-response-chunk-10kb,puma-response-time-wrk,puma/benchmarks/local/response_time_wrk,https://github.com/puma/puma/blob/main/benchmarks/local/response_time_wrk.rb,raptor-3r,3,raptor,3,,1000,1000,16.104,5.0,1000,1000,16.12,2.0,5,true,1000,0,62.098,40.98,41.887,42.456,4026.977,4066.171,27.742,27.742,2.4,20,20,237,same_worker,28,716361
yjit-off/puma-response-string-10kb/raptor-3r/repeat-2,yjit-off,false,puma-response-string-10kb,puma-response-time-wrk,puma/benchmarks/local/response_time_wrk,https://github.com/puma/puma/blob/main/benchmarks/local/response_time_wrk.rb,raptor-3r,3,raptor,3,,1000,1000,16.102,5.0,1000,1000,16.116,2.0,5,true,1000,0,62.104,40.978,41.956,42.27,4027.971,4028.584,27.754,27.754,2.385,20,20,237,same_worker,29,719365
yjit-off/puma-response-io-10kb/raptor-3r/repeat-2,yjit-off,false,puma-response-io-10kb,puma-response-time-wrk,puma/benchmarks/local/response_time_wrk,https://github.com/puma/puma/blob/main/benchmarks/local/response_time_wrk.rb,raptor-3r,3,raptor,3,,1000,1000,16.106,5.0,1000,1000,16.122,2.0,5,true,1000,0,62.087,40.981,41.882,42.16,4027.473,4028.108,28.379,28.379,2.39,20,20,237,same_worker,30,745365
yjit-off/puma-response-array-100kb/raptor-3r/repeat-2,yjit-off,false,puma-response-array-100kb,puma-response-time-wrk,puma/benchmarks/local/response_time_wrk,https://github.com/puma/puma/blob/main/benchmarks/local/response_time_wrk.rb,raptor-3r,3,raptor,3,,1000,1000,14.518,5.0,1000,1000,14.807,2.0,5,true,1000,0,68.882,40.967,41.962,42.931,3705.416,3827.335,28.379,28.379,2.425,20,20,214,same_worker,28,719680
yjit-off/puma-response-chunk-100kb/raptor-3r/repeat-2,yjit-off,false,puma-response-chunk-100kb,puma-response-time-wrk,puma/benchmarks/local/response_time_wrk,https://github.com/puma/puma/blob/main/benchmarks/local/response_time_wrk.rb,raptor-3r,3,raptor,3,,1000,1000,15.086,5.0,1000,1000,14.013,2.0,5,true,1000,0,66.288,40.965,41.971,42.382,3787.555,3912.02,28.484,28.484,2.5,20,20,222,same_worker,28,716361
yjit-off/puma-response-string-100kb/raptor-3r/repeat-2,yjit-off,false,puma-response-string-100kb,puma-response-time-wrk,puma/benchmarks/local/response_time_wrk,https://github.com/puma/puma/blob/main/benchmarks/local/response_time_wrk.rb,raptor-3r,3,raptor,3,,13334,1000,5.002,5.0,1000,5646,2.001,2.0,5,true,13334,0,2665.971,1.03,1.823,5.873,107.754,115.144,28.859,28.859,3.74,20,20,72,same_worker,384,9587541
yjit-off/puma-response-io-100kb/raptor-3r/repeat-2,yjit-off,false,puma-response-io-100kb,puma-response-time-wrk,puma/benchmarks/local/response_time_wrk,https://github.com/puma/puma/blob/main/benchmarks/local/response_time_wrk.rb,raptor-3r,3,raptor,3,,1000,1000,14.217,5.0,1000,1000,13.81,2.0,5,true,1000,0,70.336,40.971,41.992,42.906,3475.761,3479.583,34.383,34.383,4.4,20,20,209,same_worker,39,925405
yjit-off/puma-response-array-256kb/raptor-3r/repeat-2,yjit-off,false,puma-response-array-256kb,puma-response-time-wrk,puma/benchmarks/local/response_time_wrk,https://github.com/puma/puma/blob/main/benchmarks/local/response_time_wrk.rb,raptor-3r,3,raptor,3,,1000,1000,11.96,5.0,1000,1000,8.802,2.0,5,true,1000,0,83.611,40.999,42.33,43.23,2969.08,3290.736,34.383,34.383,4.5,20,20,176,same_worker,29,719018
yjit-off/puma-response-chunk-256kb/raptor-3r/repeat-2,yjit-off,false,puma-response-chunk-256kb,puma-response-time-wrk,puma/benchmarks/local/response_time_wrk,https://github.com/puma/puma/blob/main/benchmarks/local/response_time_wrk.rb,raptor-3r,3,raptor,3,,1000,1000,9.359,5.0,1000,1000,9.686,2.0,5,true,1000,0,106.848,40.998,42.241,43.186,2956.307,3074.415,34.383,34.383,4.635,20,20,138,same_worker,29,714061
yjit-off/puma-response-string-256kb/raptor-3r/repeat-2,yjit-off,false,puma-response-string-256kb,puma-response-time-wrk,puma/benchmarks/local/response_time_wrk,https://github.com/puma/puma/blob/main/benchmarks/local/response_time_wrk.rb,raptor-3r,3,raptor,3,,10348,1000,5.002,5.0,1000,4225,2.002,2.0,5,true,10348,0,2068.767,1.254,2.434,41.512,138.77,207.928,34.566,34.566,5.5,20,20,72,same_worker,307,7440742
yjit-off/puma-response-io-256kb/raptor-3r/repeat-2,yjit-off,false,puma-response-io-256kb,puma-response-time-wrk,puma/benchmarks/local/response_time_wrk,https://github.com/puma/puma/blob/main/benchmarks/local/response_time_wrk.rb,raptor-3r,3,raptor,3,,1000,1000,13.098,5.0,1000,1000,12.596,2.0,5,true,1000,0,76.348,41.897,42.903,43.635,3266.93,3348.766,38.188,38.188,6.065,20,20,193,same_worker,56,1237468
yjit-off/puma-response-array-512kb/raptor-3r/repeat-2,yjit-off,false,puma-response-array-512kb,puma-response-time-wrk,puma/benchmarks/local/response_time_wrk,https://github.com/puma/puma/blob/main/benchmarks/local/response_time_wrk.rb,raptor-3r,3,raptor,3,,1000,1000,12.439,5.0,1000,1000,14.16,2.0,5,true,1000,0,80.392,41.929,42.899,43.415,3218.842,3407.903,38.188,38.188,6.175,20,20,183,same_worker,30,718386
yjit-off/puma-response-chunk-512kb/raptor-3r/repeat-2,yjit-off,false,puma-response-chunk-512kb,puma-response-time-wrk,puma/benchmarks/local/response_time_wrk,https://github.com/puma/puma/blob/main/benchmarks/local/response_time_wrk.rb,raptor-3r,3,raptor,3,,1000,1000,13.964,5.0,1000,1000,13.777,2.0,5,true,1000,0,71.613,41.938,42.921,43.103,3438.705,3517.386,38.188,38.188,6.3,20,20,205,same_worker,29,714869
yjit-off/puma-response-string-512kb/raptor-3r/repeat-2,yjit-off,false,puma-response-string-512kb,puma-response-time-wrk,puma/benchmarks/local/response_time_wrk,https://github.com/puma/puma/blob/main/benchmarks/local/response_time_wrk.rb,raptor-3r,3,raptor,3,,7412,1000,5.003,5.0,1000,2987,2.002,2.0,5,true,7412,0,1481.464,1.727,3.458,19.495,202.473,215.896,38.758,38.758,6.83,20,20,71,same_worker,223,5329655
yjit-off/puma-response-io-512kb/raptor-3r/repeat-2,yjit-off,false,puma-response-io-512kb,puma-response-time-wrk,puma/benchmarks/local/response_time_wrk,https://github.com/puma/puma/blob/main/benchmarks/local/response_time_wrk.rb,raptor-3r,3,raptor,3,,1000,1000,14.814,5.0,1000,1000,14.706,2.0,5,true,1000,0,67.505,41.951,43.01,44.336,3755.038,3874.258,45.055,45.055,7.285,20,20,218,same_worker,85,1749341
yjit-off/puma-response-array-1024kb/raptor-3r/repeat-2,yjit-off,false,puma-response-array-1024kb,puma-response-time-wrk,puma/benchmarks/local/response_time_wrk,https://github.com/puma/puma/blob/main/benchmarks/local/response_time_wrk.rb,raptor-3r,3,raptor,3,,1000,1000,14.409,5.0,1000,1000,15.364,2.0,5,true,1000,0,69.4,42.025,43.992,46.093,3474.225,3624.699,45.055,45.055,7.55,20,20,211,same_worker,30,719369
yjit-off/puma-response-chunk-1024kb/raptor-3r/repeat-2,yjit-off,false,puma-response-chunk-1024kb,puma-response-time-wrk,puma/benchmarks/local/response_time_wrk,https://github.com/puma/puma/blob/main/benchmarks/local/response_time_wrk.rb,raptor-3r,3,raptor,3,,1000,1000,14.421,5.0,1000,1000,15.414,2.0,5,true,1000,0,69.344,42.416,43.965,45.295,3471.067,3619.561,45.055,45.055,7.79,20,20,212,same_worker,30,715794
yjit-off/puma-response-string-1024kb/raptor-3r/repeat-2,yjit-off,false,puma-response-string-1024kb,puma-response-time-wrk,puma/benchmarks/local/response_time_wrk,https://github.com/puma/puma/blob/main/benchmarks/local/response_time_wrk.rb,raptor-3r,3,raptor,3,,5404,1000,5.003,5.0,1000,2201,2.005,2.0,5,true,5404,0,1080.082,2.431,4.767,15.55,270.019,282.878,46.48,46.48,8.21,20,20,70,same_worker,166,3885336
yjit-off/puma-response-io-1024kb/raptor-3r/repeat-2,yjit-off,false,puma-response-io-1024kb,puma-response-time-wrk,puma/benchmarks/local/response_time_wrk,https://github.com/puma/puma/blob/main/benchmarks/local/response_time_wrk.rb,raptor-3r,3,raptor,3,,1000,1000,15.538,5.0,1000,1000,16.043,2.0,5,true,1000,0,64.358,43.836,45.991,52.893,3857.159,3945.815,52.23,52.23,8.835,20,20,228,same_worker,149,2773807
yjit-off/puma-response-array-2048kb/raptor-3r/repeat-2,yjit-off,false,puma-response-array-2048kb,puma-response-time-wrk,puma/benchmarks/local/response_time_wrk,https://github.com/puma/puma/blob/main/benchmarks/local/response_time_wrk.rb,raptor-3r,3,raptor,3,,1000,1000,15.459,5.0,1000,1000,15.948,2.0,5,true,1000,0,64.688,43.962,46.231,48.446,3877.641,3878.63,52.23,52.23,9.455,20,20,227,same_worker,31,717828
yjit-off/puma-response-chunk-2048kb/raptor-3r/repeat-2,yjit-off,false,puma-response-chunk-2048kb,puma-response-time-wrk,puma/benchmarks/local/response_time_wrk,https://github.com/puma/puma/blob/main/benchmarks/local/response_time_wrk.rb,raptor-3r,3,raptor,3,,1000,1000,15.588,5.0,1000,1000,16.266,2.0,5,true,1000,0,64.153,44.001,47.36,50.632,3951.921,4026.267,52.23,52.23,10.005,20,20,229,same_worker,31,715781
yjit-off/puma-response-string-2048kb/raptor-3r/repeat-2,yjit-off,false,puma-response-string-2048kb,puma-response-time-wrk,puma/benchmarks/local/response_time_wrk,https://github.com/puma/puma/blob/main/benchmarks/local/response_time_wrk.rb,raptor-3r,3,raptor,3,,3664,1000,5.006,5.0,1000,1471,2.005,2.0,5,true,3664,0,731.887,3.856,7.012,43.001,390.18,423.715,58.242,58.242,10.395,20,20,68,same_worker,114,2633493
yjit-off/puma-response-io-2048kb/raptor-3r/repeat-2,yjit-off,false,puma-response-io-2048kb,puma-response-time-wrk,puma/benchmarks/local/response_time_wrk,https://github.com/puma/puma/blob/main/benchmarks/local/response_time_wrk.rb,raptor-3r,3,raptor,3,,1000,1000,16.752,5.0,1000,1000,17.269,2.0,5,true,1000,0,59.694,45.916,49.899,51.65,4201.639,4243.638,80.77,79.707,11.35,20,20,246,same_worker,105,4819876
yjit-off/puma-long-tail-fib-200ms-x6p0/raptor-3r/repeat-2,yjit-off,false,puma-long-tail-fib-200ms-x6p0,puma-long-tail-hey,puma/benchmarks/local/long_tail_hey + test/rackup/sleep_fibonacci,https://github.com/puma/puma/blob/main/benchmarks/local/long_tail_hey.rb,raptor-3r,3,raptor,3,,363,360,29.004,5.0,360,360,28.759,2.0,18,true,363,0,12.515,241.755,243.579,19596.357,24392.82,24392.929,80.008,80.008,20.895,20,20,423,same_worker,1,62322
yjit-off/puma-long-tail-fib-200ms-x4p0/raptor-3r/repeat-2,yjit-off,false,puma-long-tail-fib-200ms-x4p0,puma-long-tail-hey,puma/benchmarks/local/long_tail_hey + test/rackup/sleep_fibonacci,https://github.com/puma/puma/blob/main/benchmarks/local/long_tail_hey.rb,raptor-3r,3,raptor,3,,243,240,19.416,5.0,240,240,19.169,2.0,12,true,243,0,12.516,241.721,242.983,12799.636,14813.039,14813.373,80.035,80.035,29.295,20,20,284,same_worker,1,43786
yjit-off/puma-long-tail-fib-200ms-x3p0/raptor-3r/repeat-2,yjit-off,false,puma-long-tail-fib-200ms-x3p0,puma-long-tail-hey,puma/benchmarks/local/long_tail_hey + test/rackup/sleep_fibonacci,https://github.com/puma/puma/blob/main/benchmarks/local/long_tail_hey.rb,raptor-3r,3,raptor,3,,183,180,14.616,5.0,180,180,14.371,2.0,9,true,183,0,12.521,241.644,242.898,10017.4,10017.984,10018.057,80.051,80.051,34.835,20,20,214,same_worker,0,31426
yjit-off/puma-long-tail-fib-200ms-x2p0/raptor-3r/repeat-2,yjit-off,false,puma-long-tail-fib-200ms-x2p0,puma-long-tail-hey,puma/benchmarks/local/long_tail_hey + test/rackup/sleep_fibonacci,https://github.com/puma/puma/blob/main/benchmarks/local/long_tail_hey.rb,raptor-3r,3,raptor,3,,123,120,9.832,5.0,120,120,9.586,2.0,6,true,123,0,12.51,241.837,242.77,5234.507,5234.911,5234.957,80.059,80.059,38.435,20,20,145,same_worker,0,20718
yjit-off/puma-long-tail-fib-200ms-x1p5/raptor-3r/repeat-2,yjit-off,false,puma-long-tail-fib-200ms-x1p5,puma-long-tail-hey,puma/benchmarks/local/long_tail_hey + test/rackup/sleep_fibonacci,https://github.com/puma/puma/blob/main/benchmarks/local/long_tail_hey.rb,raptor-3r,3,raptor,3,,103,100,9.824,5.0,100,100,9.588,2.0,5,true,103,0,10.485,241.404,242.607,5127.839,5228.601,5228.723,80.07,80.07,41.09,20,20,145,same_worker,0,15984
yjit-off/puma-long-tail-fib-200ms-x1p0/raptor-3r/repeat-2,yjit-off,false,puma-long-tail-fib-200ms-x1p0,puma-long-tail-hey,puma/benchmarks/local/long_tail_hey + test/rackup/sleep_fibonacci,https://github.com/puma/puma/blob/main/benchmarks/local/long_tail_hey.rb,raptor-3r,3,raptor,3,,63,60,5.038,5.0,60,60,4.797,2.0,3,true,63,0,12.505,241.808,242.35,242.863,242.895,242.898,80.074,80.074,42.715,20,20,75,same_worker,0,11609
yjit-off/puma-long-tail-fib-200ms-x0p5/raptor-3r/repeat-2,yjit-off,false,puma-long-tail-fib-200ms-x0p5,puma-long-tail-hey,puma/benchmarks/local/long_tail_hey + test/rackup/sleep_fibonacci,https://github.com/puma/puma/blob/main/benchmarks/local/long_tail_hey.rb,raptor-3r,3,raptor,3,,42,40,5.04,5.0,40,40,4.795,2.0,2,true,42,0,8.333,241.97,242.261,242.486,242.625,242.641,80.082,80.082,43.7,20,20,75,same_worker,1,9233
yjit-off/puma-sleep-fibonacci-1ms/raptor-3r/repeat-2,yjit-off,false,puma-sleep-fibonacci-1ms,puma-sleep-fibonacci-test,puma/benchmarks/local/sleep_fibonacci_test + test/rackup/sleep_fibonacci,https://github.com/puma/puma/blob/main/benchmarks/local/sleep_fibonacci_test.rb,raptor-3r,3,raptor,3,,122,10,5.008,5.0,10,49,2.018,2.0,1,true,122,0,24.362,41.967,42.45,42.996,43.086,43.098,80.09,80.09,43.69,20,20,75,same_worker,0,22784
yjit-off/puma-sleep-fibonacci-5ms/raptor-3r/repeat-2,yjit-off,false,puma-sleep-fibonacci-5ms,puma-sleep-fibonacci-test,puma/benchmarks/local/sleep_fibonacci_test + test/rackup/sleep_fibonacci,https://github.com/puma/puma/blob/main/benchmarks/local/sleep_fibonacci_test.rb,raptor-3r,3,raptor,3,,109,10,5.002,5.0,10,44,2.008,2.0,1,true,109,0,21.792,46.96,47.596,47.978,48.01,48.013,80.148,80.148,43.4,20,20,74,same_worker,1,19595
yjit-off/puma-sleep-fibonacci-10ms/raptor-3r/repeat-2,yjit-off,false,puma-sleep-fibonacci-10ms,puma-sleep-fibonacci-test,puma/benchmarks/local/sleep_fibonacci_test + test/rackup/sleep_fibonacci,https://github.com/puma/puma/blob/main/benchmarks/local/sleep_fibonacci_test.rb,raptor-3r,3,raptor,3,,98,10,5.018,5.0,10,40,2.03,2.0,1,true,98,0,19.53,51.922,52.02,52.105,52.231,52.245,80.316,80.316,43.16,20,20,75,same_worker,0,17440
yjit-off/puma-sleep-fibonacci-50ms/raptor-3r/repeat-2,yjit-off,false,puma-sleep-fibonacci-50ms,puma-sleep-fibonacci-test,puma/benchmarks/local/sleep_fibonacci_test + test/rackup/sleep_fibonacci,https://github.com/puma/puma/blob/main/benchmarks/local/sleep_fibonacci_test.rb,raptor-3r,3,raptor,3,,55,10,5.018,5.0,10,23,2.069,2.0,1,true,55,0,10.961,91.962,92.853,92.958,92.966,92.967,80.332,80.332,43.1,20,20,75,same_worker,1,8773
yjit-off/puma-sleep-fibonacci-100ms/raptor-3r/repeat-2,yjit-off,false,puma-sleep-fibonacci-100ms,puma-sleep-fibonacci-test,puma/benchmarks/local/sleep_fibonacci_test + test/rackup/sleep_fibonacci,https://github.com/puma/puma/blob/main/benchmarks/local/sleep_fibonacci_test.rb,raptor-3r,3,raptor,3,,36,10,5.072,5.0,10,15,2.088,2.0,1,true,36,0,7.098,141.954,142.484,142.968,142.986,142.988,80.336,80.336,43.1,20,20,76,same_worker,0,4285
yjit-off/puma-sleep-fibonacci-200ms/raptor-3r/repeat-2,yjit-off,false,puma-sleep-fibonacci-200ms,puma-sleep-fibonacci-test,puma/benchmarks/local/sleep_fibonacci_test + test/rackup/sleep_fibonacci,https://github.com/puma/puma/blob/main/benchmarks/local/sleep_fibonacci_test.rb,raptor-3r,3,raptor,3,,21,10,5.041,5.0,10,10,2.38,2.0,1,true,21,0,4.166,241.925,242.655,242.88,242.931,242.936,80.336,80.336,43.2,20,20,75,same_worker,0,3888
yjit-off/puma-response-array-1kb/raptor-3r/repeat-3,yjit-off,false,puma-response-array-1kb,puma-response-time-wrk,puma/benchmarks/local/response_time_wrk,https://github.com/puma/puma/blob/main/benchmarks/local/response_time_wrk.rb,raptor-3r,3,raptor,3,,1000,1000,16.114,5.0,1000,1000,16.135,2.0,5,true,1000,0,62.059,40.98,41.967,42.257,4031.197,4032.569,27.418,27.418,3.115,20,20,237,same_worker,29,719368
yjit-off/puma-response-chunk-1kb/raptor-3r/repeat-3,yjit-off,false,puma-response-chunk-1kb,puma-response-time-wrk,puma/benchmarks/local/response_time_wrk,https://github.com/puma/puma/blob/main/benchmarks/local/response_time_wrk.rb,raptor-3r,3,raptor,3,,1000,1000,16.108,5.0,1000,1000,16.123,2.0,5,true,1000,0,62.08,40.978,41.949,42.232,4029.246,4029.817,27.641,27.641,2.59,20,20,237,same_worker,28,716370
yjit-off/puma-response-string-1kb/raptor-3r/repeat-3,yjit-off,false,puma-response-string-1kb,puma-response-time-wrk,puma/benchmarks/local/response_time_wrk,https://github.com/puma/puma/blob/main/benchmarks/local/response_time_wrk.rb,raptor-3r,3,raptor,3,,1000,1000,16.105,5.0,1000,1000,16.122,2.0,5,true,1000,0,62.091,40.976,41.793,42.173,4023.842,4026.728,27.641,27.641,2.48,20,20,237,same_worker,28,718149
yjit-off/puma-response-io-1kb/raptor-3r/repeat-3,yjit-off,false,puma-response-io-1kb,puma-response-time-wrk,puma/benchmarks/local/response_time_wrk,https://github.com/puma/puma/blob/main/benchmarks/local/response_time_wrk.rb,raptor-3r,3,raptor,3,,1000,1000,16.109,5.0,1000,1000,16.11,2.0,5,true,1000,0,62.078,40.981,41.863,42.371,4026.042,4026.795,27.684,27.684,2.4,20,20,237,same_worker,29,726463
yjit-off/puma-response-array-10kb/raptor-3r/repeat-3,yjit-off,false,puma-response-array-10kb,puma-response-time-wrk,puma/benchmarks/local/response_time_wrk,https://github.com/puma/puma/blob/main/benchmarks/local/response_time_wrk.rb,raptor-3r,3,raptor,3,,1000,1000,16.108,5.0,1000,1000,16.11,2.0,5,true,1000,0,62.081,40.98,41.969,42.556,4060.11,4068.676,27.719,27.719,2.4,20,20,237,same_worker,27,720197
yjit-off/puma-response-chunk-10kb/raptor-3r/repeat-3,yjit-off,false,puma-response-chunk-10kb,puma-response-time-wrk,puma/benchmarks/local/response_time_wrk,https://github.com/puma/puma/blob/main/benchmarks/local/response_time_wrk.rb,raptor-3r,3,raptor,3,,1000,1000,16.099,5.0,1000,1000,16.106,2.0,5,true,1000,0,62.114,40.979,41.825,42.159,4026.081,4026.316,27.723,27.723,2.34,20,20,238,same_worker,27,716357
yjit-off/puma-response-string-10kb/raptor-3r/repeat-3,yjit-off,false,puma-response-string-10kb,puma-response-time-wrk,puma/benchmarks/local/response_time_wrk,https://github.com/puma/puma/blob/main/benchmarks/local/response_time_wrk.rb,raptor-3r,3,raptor,3,,1000,1000,16.095,5.0,1000,1000,16.106,2.0,5,true,1000,0,62.133,40.978,41.839,42.07,4023.034,4025.35,27.734,27.734,2.3,20,20,238,same_worker,29,719359
yjit-off/puma-response-io-10kb/raptor-3r/repeat-3,yjit-off,false,puma-response-io-10kb,puma-response-time-wrk,puma/benchmarks/local/response_time_wrk,https://github.com/puma/puma/blob/main/benchmarks/local/response_time_wrk.rb,raptor-3r,3,raptor,3,,1000,1000,16.096,5.0,1000,1000,16.113,2.0,5,true,1000,0,62.127,40.98,41.963,42.096,4022.528,4024.072,28.375,28.375,2.3,20,20,239,same_worker,30,745368
yjit-off/puma-response-array-100kb/raptor-3r/repeat-3,yjit-off,false,puma-response-array-100kb,puma-response-time-wrk,puma/benchmarks/local/response_time_wrk,https://github.com/puma/puma/blob/main/benchmarks/local/response_time_wrk.rb,raptor-3r,3,raptor,3,,1000,1000,15.389,5.0,1000,1000,14.546,2.0,5,true,1000,0,64.983,40.97,41.968,42.192,3751.453,3863.371,28.375,28.375,2.37,20,20,228,same_worker,28,719359
yjit-off/puma-response-chunk-100kb/raptor-3r/repeat-3,yjit-off,false,puma-response-chunk-100kb,puma-response-time-wrk,puma/benchmarks/local/response_time_wrk,https://github.com/puma/puma/blob/main/benchmarks/local/response_time_wrk.rb,raptor-3r,3,raptor,3,,1000,1000,14.03,5.0,1000,1000,15.02,2.0,5,true,1000,0,71.276,40.972,41.962,42.152,3825.946,3862.822,28.48,28.48,2.4,20,20,208,same_worker,28,716359
yjit-off/puma-response-string-100kb/raptor-3r/repeat-3,yjit-off,false,puma-response-string-100kb,puma-response-time-wrk,puma/benchmarks/local/response_time_wrk,https://github.com/puma/puma/blob/main/benchmarks/local/response_time_wrk.rb,raptor-3r,3,raptor,3,,14698,1000,5.001,5.0,1000,6032,2.001,2.0,5,true,14698,0,2938.864,0.934,1.662,6.242,98.283,107.561,28.82,28.82,3.65,20,20,73,same_worker,424,10570682
yjit-off/puma-response-io-100kb/raptor-3r/repeat-3,yjit-off,false,puma-response-io-100kb,puma-response-time-wrk,puma/benchmarks/local/response_time_wrk,https://github.com/puma/puma/blob/main/benchmarks/local/response_time_wrk.rb,raptor-3r,3,raptor,3,,1000,1000,15.331,5.0,1000,1000,15.648,2.0,5,true,1000,0,65.228,40.973,41.968,42.362,3832.509,3952.741,34.395,34.395,4.295,20,20,227,same_worker,39,925391
yjit-off/puma-response-array-256kb/raptor-3r/repeat-3,yjit-off,false,puma-response-array-256kb,puma-response-time-wrk,puma/benchmarks/local/response_time_wrk,https://github.com/puma/puma/blob/main/benchmarks/local/response_time_wrk.rb,raptor-3r,3,raptor,3,,1000,1000,12.969,5.0,1000,1000,11.068,2.0,5,true,1000,0,77.105,40.972,41.983,42.785,3175.624,3202.484,34.395,34.395,4.3,20,20,192,same_worker,29,721431
yjit-off/puma-response-chunk-256kb/raptor-3r/repeat-3,yjit-off,false,puma-response-chunk-256kb,puma-response-time-wrk,puma/benchmarks/local/response_time_wrk,https://github.com/puma/puma/blob/main/benchmarks/local/response_time_wrk.rb,raptor-3r,3,raptor,3,,1001,1000,9.856,5.0,1000,1000,12.638,2.0,5,true,1001,0,101.562,40.965,41.977,42.898,2748.249,3318.197,34.395,34.395,4.385,20,20,147,same_worker,29,714450
yjit-off/puma-response-string-256kb/raptor-3r/repeat-3,yjit-off,false,puma-response-string-256kb,puma-response-time-wrk,puma/benchmarks/local/response_time_wrk,https://github.com/puma/puma/blob/main/benchmarks/local/response_time_wrk.rb,raptor-3r,3,raptor,3,,11027,1000,5.002,5.0,1000,4433,2.003,2.0,5,true,11027,0,2204.528,1.176,2.382,16.758,128.741,147.675,34.414,34.414,5.17,20,20,72,same_worker,326,7931543
yjit-off/puma-response-io-256kb/raptor-3r/repeat-3,yjit-off,false,puma-response-io-256kb,puma-response-time-wrk,puma/benchmarks/local/response_time_wrk,https://github.com/puma/puma/blob/main/benchmarks/local/response_time_wrk.rb,raptor-3r,3,raptor,3,,1000,1000,12.474,5.0,1000,1000,13.074,2.0,5,true,1000,0,80.17,41.129,42.179,42.973,3197.135,3390.977,39.34,39.34,5.66,20,20,185,same_worker,57,1237476
yjit-off/puma-response-array-512kb/raptor-3r/repeat-3,yjit-off,false,puma-response-array-512kb,puma-response-time-wrk,puma/benchmarks/local/response_time_wrk,https://github.com/puma/puma/blob/main/benchmarks/local/response_time_wrk.rb,raptor-3r,3,raptor,3,,1000,1000,13.402,5.0,1000,1000,14.078,2.0,5,true,1000,0,74.616,41.944,42.921,43.507,3352.422,3435.476,39.34,39.34,5.775,20,20,198,same_worker,30,719357
yjit-off/puma-response-chunk-512kb/raptor-3r/repeat-3,yjit-off,false,puma-response-chunk-512kb,puma-response-time-wrk,puma/benchmarks/local/response_time_wrk,https://github.com/puma/puma/blob/main/benchmarks/local/response_time_wrk.rb,raptor-3r,3,raptor,3,,1000,1000,14.061,5.0,1000,1000,13.699,2.0,5,true,1000,0,71.118,41.934,42.87,43.925,3415.04,3416.281,39.34,39.34,5.9,20,20,207,same_worker,30,716361
yjit-off/puma-response-string-512kb/raptor-3r/repeat-3,yjit-off,false,puma-response-string-512kb,puma-response-time-wrk,puma/benchmarks/local/response_time_wrk,https://github.com/puma/puma/blob/main/benchmarks/local/response_time_wrk.rb,raptor-3r,3,raptor,3,,7363,1000,5.003,5.0,1000,3004,2.003,2.0,5,true,7363,0,1471.634,1.736,3.535,16.613,196.304,215.151,39.34,39.34,6.445,20,20,71,same_worker,222,5293319
yjit-off/puma-response-io-512kb/raptor-3r/repeat-3,yjit-off,false,puma-response-io-512kb,puma-response-time-wrk,puma/benchmarks/local/response_time_wrk,https://github.com/puma/puma/blob/main/benchmarks/local/response_time_wrk.rb,raptor-3r,3,raptor,3,,1000,1000,14.735,5.0,1000,1000,15.257,2.0,5,true,1000,0,67.865,41.965,43.299,44.627,3626.087,3782.924,43.613,43.613,6.93,20,20,216,same_worker,86,1749593
yjit-off/puma-response-array-1024kb/raptor-3r/repeat-3,yjit-off,false,puma-response-array-1024kb,puma-response-time-wrk,puma/benchmarks/local/response_time_wrk,https://github.com/puma/puma/blob/main/benchmarks/local/response_time_wrk.rb,raptor-3r,3,raptor,3,,1000,1000,14.943,5.0,1000,1000,15.315,2.0,5,true,1000,0,66.921,41.986,43.958,47.085,3735.271,3773.667,43.613,43.613,7.165,20,20,220,same_worker,31,718367
yjit-off/puma-response-chunk-1024kb/raptor-3r/repeat-3,yjit-off,false,puma-response-chunk-1024kb,puma-response-time-wrk,puma/benchmarks/local/response_time_wrk,https://github.com/puma/puma/blob/main/benchmarks/local/response_time_wrk.rb,raptor-3r,3,raptor,3,,1000,1000,14.849,5.0,1000,1000,15.79,2.0,5,true,1000,0,67.344,41.986,43.782,45.278,3747.298,3780.012,43.613,43.613,7.38,20,20,219,same_worker,30,716361
yjit-off/puma-response-string-1024kb/raptor-3r/repeat-3,yjit-off,false,puma-response-string-1024kb,puma-response-time-wrk,puma/benchmarks/local/response_time_wrk,https://github.com/puma/puma/blob/main/benchmarks/local/response_time_wrk.rb,raptor-3r,3,raptor,3,,5864,1000,5.004,5.0,1000,2330,2.002,2.0,5,true,5864,0,1171.782,2.234,4.436,15.309,250.08,270.666,45.742,45.742,7.79,20,20,70,same_worker,181,4218461
yjit-off/puma-response-io-1024kb/raptor-3r/repeat-3,yjit-off,false,puma-response-io-1024kb,puma-response-time-wrk,puma/benchmarks/local/response_time_wrk,https://github.com/puma/puma/blob/main/benchmarks/local/response_time_wrk.rb,raptor-3r,3,raptor,3,,1000,1000,15.702,5.0,1000,1000,16.148,2.0,5,true,1000,0,63.685,43.049,45.742,47.458,3937.091,3972.338,49.82,49.82,8.385,20,20,231,same_worker,149,2773831
yjit-off/puma-response-array-2048kb/raptor-3r/repeat-3,yjit-off,false,puma-response-array-2048kb,puma-response-time-wrk,puma/benchmarks/local/response_time_wrk,https://github.com/puma/puma/blob/main/benchmarks/local/response_time_wrk.rb,raptor-3r,3,raptor,3,,1000,1000,15.508,5.0,1000,1000,16.07,2.0,5,true,1000,0,64.483,43.957,46.673,48.47,3892.345,3897.733,49.82,49.82,8.98,20,20,228,same_worker,31,719359
yjit-off/puma-response-chunk-2048kb/raptor-3r/repeat-3,yjit-off,false,puma-response-chunk-2048kb,puma-response-time-wrk,puma/benchmarks/local/response_time_wrk,https://github.com/puma/puma/blob/main/benchmarks/local/response_time_wrk.rb,raptor-3r,3,raptor,3,,1000,1000,15.561,5.0,1000,1000,15.686,2.0,5,true,1000,0,64.264,43.972,46.147,48.057,3833.516,3875.318,49.82,49.82,9.595,20,20,229,same_worker,31,717815
yjit-off/puma-response-string-2048kb/raptor-3r/repeat-3,yjit-off,false,puma-response-string-2048kb,puma-response-time-wrk,puma/benchmarks/local/response_time_wrk,https://github.com/puma/puma/blob/main/benchmarks/local/response_time_wrk.rb,raptor-3r,3,raptor,3,,3806,1000,5.006,5.0,1000,1507,2.005,2.0,5,true,3806,0,760.234,3.717,6.742,16.149,388.513,407.391,55.832,55.832,9.945,20,20,68,same_worker,119,2737801
yjit-off/puma-response-io-2048kb/raptor-3r/repeat-3,yjit-off,false,puma-response-io-2048kb,puma-response-time-wrk,puma/benchmarks/local/response_time_wrk,https://github.com/puma/puma/blob/main/benchmarks/local/response_time_wrk.rb,raptor-3r,3,raptor,3,,1000,1000,16.847,5.0,1000,1000,16.942,2.0,5,true,1000,0,59.358,45.02,49.617,51.698,4149.671,4200.263,64.238,62.68,10.83,20,20,248,same_worker,263,4822779
yjit-off/puma-long-tail-fib-200ms-x6p0/raptor-3r/repeat-3,yjit-off,false,puma-long-tail-fib-200ms-x6p0,puma-long-tail-hey,puma/benchmarks/local/long_tail_hey + test/rackup/sleep_fibonacci,https://github.com/puma/puma/blob/main/benchmarks/local/long_tail_hey.rb,raptor-3r,3,raptor,3,,363,360,29.003,5.0,360,360,28.752,2.0,18,true,363,0,12.516,241.82,243.228,19613.571,24410.679,24411.239,62.898,62.898,20.22,20,20,425,same_worker,3,64272
yjit-off/puma-long-tail-fib-200ms-x4p0/raptor-3r/repeat-3,yjit-off,false,puma-long-tail-fib-200ms-x4p0,puma-long-tail-hey,puma/benchmarks/local/long_tail_hey + test/rackup/sleep_fibonacci,https://github.com/puma/puma/blob/main/benchmarks/local/long_tail_hey.rb,raptor-3r,3,raptor,3,,243,240,19.42,5.0,240,240,19.165,2.0,12,true,243,0,12.513,241.808,243.019,12805.892,14818.899,14818.977,62.902,62.902,28.53,20,20,285,same_worker,2,42618
yjit-off/puma-long-tail-fib-200ms-x3p0/raptor-3r/repeat-3,yjit-off,false,puma-long-tail-fib-200ms-x3p0,puma-long-tail-hey,puma/benchmarks/local/long_tail_hey + test/rackup/sleep_fibonacci,https://github.com/puma/puma/blob/main/benchmarks/local/long_tail_hey.rb,raptor-3r,3,raptor,3,,183,180,14.624,5.0,180,180,14.383,2.0,9,true,183,0,12.514,241.81,242.705,10026.277,10027.353,10027.414,62.922,62.922,34.0,20,20,215,same_worker,1,31242
yjit-off/puma-long-tail-fib-200ms-x2p0/raptor-3r/repeat-3,yjit-off,false,puma-long-tail-fib-200ms-x2p0,puma-long-tail-hey,puma/benchmarks/local/long_tail_hey + test/rackup/sleep_fibonacci,https://github.com/puma/puma/blob/main/benchmarks/local/long_tail_hey.rb,raptor-3r,3,raptor,3,,123,120,9.819,5.0,120,120,9.582,2.0,6,true,123,0,12.527,241.194,242.502,5229.341,5230.226,5230.258,62.93,62.93,37.575,20,20,145,same_worker,1,22664
yjit-off/puma-long-tail-fib-200ms-x1p5/raptor-3r/repeat-3,yjit-off,false,puma-long-tail-fib-200ms-x1p5,puma-long-tail-hey,puma/benchmarks/local/long_tail_hey + test/rackup/sleep_fibonacci,https://github.com/puma/puma/blob/main/benchmarks/local/long_tail_hey.rb,raptor-3r,3,raptor,3,,103,100,9.822,5.0,100,100,9.578,2.0,5,true,103,0,10.487,241.7,242.255,5133.26,5234.714,5234.902,62.934,62.934,40.19,20,20,145,same_worker,1,18853
yjit-off/puma-long-tail-fib-200ms-x1p0/raptor-3r/repeat-3,yjit-off,false,puma-long-tail-fib-200ms-x1p0,puma-long-tail-hey,puma/benchmarks/local/long_tail_hey + test/rackup/sleep_fibonacci,https://github.com/puma/puma/blob/main/benchmarks/local/long_tail_hey.rb,raptor-3r,3,raptor,3,,63,60,5.034,5.0,60,60,4.79,2.0,3,true,63,0,12.515,241.578,242.4,242.781,242.852,242.86,62.934,62.934,41.81,20,20,75,same_worker,0,9482
yjit-off/puma-long-tail-fib-200ms-x0p5/raptor-3r/repeat-3,yjit-off,false,puma-long-tail-fib-200ms-x0p5,puma-long-tail-hey,puma/benchmarks/local/long_tail_hey + test/rackup/sleep_fibonacci,https://github.com/puma/puma/blob/main/benchmarks/local/long_tail_hey.rb,raptor-3r,3,raptor,3,,42,40,5.032,5.0,40,40,4.796,2.0,2,true,42,0,8.347,240.997,242.985,244.007,244.174,244.193,62.938,62.938,42.78,20,20,75,same_worker,1,7986
yjit-off/puma-sleep-fibonacci-1ms/raptor-3r/repeat-3,yjit-off,false,puma-sleep-fibonacci-1ms,puma-sleep-fibonacci-test,puma/benchmarks/local/sleep_fibonacci_test + test/rackup/sleep_fibonacci,https://github.com/puma/puma/blob/main/benchmarks/local/sleep_fibonacci_test.rb,raptor-3r,3,raptor,3,,122,10,5.012,5.0,10,49,2.018,2.0,1,true,122,0,24.343,41.973,42.957,42.977,42.981,42.982,62.941,62.941,42.78,20,20,75,same_worker,1,22145
yjit-off/puma-sleep-fibonacci-5ms/raptor-3r/repeat-3,yjit-off,false,puma-sleep-fibonacci-5ms,puma-sleep-fibonacci-test,puma/benchmarks/local/sleep_fibonacci_test + test/rackup/sleep_fibonacci,https://github.com/puma/puma/blob/main/benchmarks/local/sleep_fibonacci_test.rb,raptor-3r,3,raptor,3,,109,10,5.009,5.0,10,44,2.007,2.0,1,true,109,0,21.762,46.968,47.921,47.985,47.988,47.988,62.957,62.957,42.5,20,20,75,same_worker,1,19431
yjit-off/puma-sleep-fibonacci-10ms/raptor-3r/repeat-3,yjit-off,false,puma-sleep-fibonacci-10ms,puma-sleep-fibonacci-test,puma/benchmarks/local/sleep_fibonacci_test + test/rackup/sleep_fibonacci,https://github.com/puma/puma/blob/main/benchmarks/local/sleep_fibonacci_test.rb,raptor-3r,3,raptor,3,,99,10,5.024,5.0,10,40,2.005,2.0,1,true,99,0,19.706,50.978,51.934,51.981,52.003,52.006,62.969,62.969,42.27,20,20,75,same_worker,1,17656
yjit-off/puma-sleep-fibonacci-50ms/raptor-3r/repeat-3,yjit-off,false,puma-sleep-fibonacci-50ms,puma-sleep-fibonacci-test,puma/benchmarks/local/sleep_fibonacci_test + test/rackup/sleep_fibonacci,https://github.com/puma/puma/blob/main/benchmarks/local/sleep_fibonacci_test.rb,raptor-3r,3,raptor,3,,55,10,5.019,5.0,10,23,2.074,2.0,1,true,55,0,10.959,91.965,92.416,92.97,92.986,92.988,62.988,62.988,42.2,20,20,75,same_worker,1,9912
yjit-off/puma-sleep-fibonacci-100ms/raptor-3r/repeat-3,yjit-off,false,puma-sleep-fibonacci-100ms,puma-sleep-fibonacci-test,puma/benchmarks/local/sleep_fibonacci_test + test/rackup/sleep_fibonacci,https://github.com/puma/puma/blob/main/benchmarks/local/sleep_fibonacci_test.rb,raptor-3r,3,raptor,3,,36,10,5.069,5.0,10,15,2.091,2.0,1,true,36,0,7.102,141.956,141.999,142.022,142.032,142.033,62.992,62.992,42.2,20,20,76,same_worker,0,4213
yjit-off/puma-sleep-fibonacci-200ms/raptor-3r/repeat-3,yjit-off,false,puma-sleep-fibonacci-200ms,puma-sleep-fibonacci-test,puma/benchmarks/local/sleep_fibonacci_test + test/rackup/sleep_fibonacci,https://github.com/puma/puma/blob/main/benchmarks/local/sleep_fibonacci_test.rb,raptor-3r,3,raptor,3,,21,10,5.039,5.0,10,10,2.38,2.0,1,true,21,0,4.168,241.947,242.119,242.801,242.954,242.971,62.992,62.992,42.335,20,20,75,same_worker,0,3888
yjit-off/puma-response-array-1kb/puma-1w-3t/repeat-1,yjit-off,false,puma-response-array-1kb,puma-response-time-wrk,puma/benchmarks/local/response_time_wrk,https://github.com/puma/puma/blob/main/benchmarks/local/response_time_wrk.rb,puma-1w-3t,3,puma,1,3,19045,1000,5.001,5.0,1000,8030,2.001,2.0,5,true,19045,0,3808.249,1.234,1.802,2.301,2.945,3.545,63.777,63.777,99.52,20,20,73,multiprocess_sample_only,,
yjit-off/puma-response-chunk-1kb/puma-1w-3t/repeat-1,yjit-off,false,puma-response-chunk-1kb,puma-response-time-wrk,puma/benchmarks/local/response_time_wrk,https://github.com/puma/puma/blob/main/benchmarks/local/response_time_wrk.rb,puma-1w-3t,3,puma,1,3,19604,1000,5.001,5.0,1000,8007,2.001,2.0,5,true,19604,0,3920.197,1.209,1.73,2.096,2.678,3.461,63.945,63.945,96.685,20,20,73,multiprocess_sample_only,,
yjit-off/puma-response-string-1kb/puma-1w-3t/repeat-1,yjit-off,false,puma-response-string-1kb,puma-response-time-wrk,puma/benchmarks/local/response_time_wrk,https://github.com/puma/puma/blob/main/benchmarks/local/response_time_wrk.rb,puma-1w-3t,3,puma,1,3,20042,1000,5.001,5.0,1000,8143,2.001,2.0,5,true,20042,0,4007.41,1.182,1.693,2.031,2.564,3.279,64.109,64.109,96.08,20,20,73,multiprocess_sample_only,,
yjit-off/puma-response-io-1kb/puma-1w-3t/repeat-1,yjit-off,false,puma-response-io-1kb,puma-response-time-wrk,puma/benchmarks/local/response_time_wrk,https://github.com/puma/puma/blob/main/benchmarks/local/response_time_wrk.rb,puma-1w-3t,3,puma,1,3,19300,1000,5.001,5.0,1000,7932,2.001,2.0,5,true,19300,0,3859.323,1.233,1.9,2.313,2.857,3.905,64.539,64.539,97.14,20,20,74,multiprocess_sample_only,,
yjit-off/puma-response-array-10kb/puma-1w-3t/repeat-1,yjit-off,false,puma-response-array-10kb,puma-response-time-wrk,puma/benchmarks/local/response_time_wrk,https://github.com/puma/puma/blob/main/benchmarks/local/response_time_wrk.rb,puma-1w-3t,3,puma,1,3,19768,1000,5.001,5.0,1000,8082,2.001,2.0,5,true,19768,0,3952.957,1.198,1.7,2.06,2.712,4.422,65.855,65.809,97.425,20,20,73,multiprocess_sample_only,,
yjit-off/puma-response-chunk-10kb/puma-1w-3t/repeat-1,yjit-off,false,puma-response-chunk-10kb,puma-response-time-wrk,puma/benchmarks/local/response_time_wrk,https://github.com/puma/puma/blob/main/benchmarks/local/response_time_wrk.rb,puma-1w-3t,3,puma,1,3,17413,1000,5.001,5.0,1000,7136,2.001,2.0,5,true,17413,0,3481.818,1.372,1.885,2.394,3.071,4.337,66.594,66.594,96.96,20,20,73,multiprocess_sample_only,,
yjit-off/puma-response-string-10kb/puma-1w-3t/repeat-1,yjit-off,false,puma-response-string-10kb,puma-response-time-wrk,puma/benchmarks/local/response_time_wrk,https://github.com/puma/puma/blob/main/benchmarks/local/response_time_wrk.rb,puma-1w-3t,3,puma,1,3,19865,1000,5.001,5.0,1000,8181,2.001,2.0,5,true,19865,0,3972.358,1.193,1.682,1.993,2.495,2.982,67.594,66.563,96.595,20,20,73,multiprocess_sample_only,,
yjit-off/puma-response-io-10kb/puma-1w-3t/repeat-1,yjit-off,false,puma-response-io-10kb,puma-response-time-wrk,puma/benchmarks/local/response_time_wrk,https://github.com/puma/puma/blob/main/benchmarks/local/response_time_wrk.rb,puma-1w-3t,3,puma,1,3,19248,1000,5.001,5.0,1000,7772,2.001,2.0,5,true,19248,0,3848.668,1.232,1.895,2.309,2.82,3.878,67.504,66.664,97.14,20,20,74,multiprocess_sample_only,,
yjit-off/puma-response-array-100kb/puma-1w-3t/repeat-1,yjit-off,false,puma-response-array-100kb,puma-response-time-wrk,puma/benchmarks/local/response_time_wrk,https://github.com/puma/puma/blob/main/benchmarks/local/response_time_wrk.rb,puma-1w-3t,3,puma,1,3,15419,1000,5.001,5.0,1000,6278,2.001,2.0,5,true,15419,0,3082.952,1.545,2.177,2.664,3.199,3.754,75.672,74.0,97.435,20,20,73,multiprocess_sample_only,,
yjit-off/puma-response-chunk-100kb/puma-1w-3t/repeat-1,yjit-off,false,puma-response-chunk-100kb,puma-response-time-wrk,puma/benchmarks/local/response_time_wrk,https://github.com/puma/puma/blob/main/benchmarks/local/response_time_wrk.rb,puma-1w-3t,3,puma,1,3,8209,1000,5.002,5.0,1000,3377,2.003,2.0,5,true,8209,0,1641.013,2.968,3.704,5.397,6.18,6.413,70.93,70.613,96.08,20,20,68,multiprocess_sample_only,,
yjit-off/puma-response-string-100kb/puma-1w-3t/repeat-1,yjit-off,false,puma-response-string-100kb,puma-response-time-wrk,puma/benchmarks/local/response_time_wrk,https://github.com/puma/puma/blob/main/benchmarks/local/response_time_wrk.rb,puma-1w-3t,3,puma,1,3,15495,1000,5.001,5.0,1000,6384,2.001,2.0,5,true,15495,0,3098.242,1.524,2.195,2.793,3.373,3.563,76.305,74.473,95.2,20,20,72,multiprocess_sample_only,,
yjit-off/puma-response-io-100kb/puma-1w-3t/repeat-1,yjit-off,false,puma-response-io-100kb,puma-response-time-wrk,puma/benchmarks/local/response_time_wrk,https://github.com/puma/puma/blob/main/benchmarks/local/response_time_wrk.rb,puma-1w-3t,3,puma,1,3,15400,1000,5.001,5.0,1000,6282,2.001,2.0,5,true,15400,0,3079.18,1.229,1.963,2.897,42.477,43.849,66.16,66.16,95.145,20,20,73,multiprocess_sample_only,,
yjit-off/puma-response-array-256kb/puma-1w-3t/repeat-1,yjit-off,false,puma-response-array-256kb,puma-response-time-wrk,puma/benchmarks/local/response_time_wrk,https://github.com/puma/puma/blob/main/benchmarks/local/response_time_wrk.rb,puma-1w-3t,3,puma,1,3,11245,1000,5.002,5.0,1000,4636,2.002,2.0,5,true,11245,0,2248.163,1.994,3.226,5.305,12.627,15.051,105.059,95.895,94.955,20,20,71,multiprocess_sample_only,,
yjit-off/puma-response-chunk-256kb/puma-1w-3t/repeat-1,yjit-off,false,puma-response-chunk-256kb,puma-response-time-wrk,puma/benchmarks/local/response_time_wrk,https://github.com/puma/puma/blob/main/benchmarks/local/response_time_wrk.rb,puma-1w-3t,3,puma,1,3,4565,1000,5.005,5.0,1000,1860,2.004,2.0,5,true,4565,0,912.032,5.398,6.455,10.08,10.676,11.181,75.828,74.84,93.71,20,20,64,multiprocess_sample_only,,
yjit-off/puma-response-string-256kb/puma-1w-3t/repeat-1,yjit-off,false,puma-response-string-256kb,puma-response-time-wrk,puma/benchmarks/local/response_time_wrk,https://github.com/puma/puma/blob/main/benchmarks/local/response_time_wrk.rb,puma-1w-3t,3,puma,1,3,11627,1000,5.002,5.0,1000,4625,2.002,2.0,5,true,11627,0,2324.564,1.93,3.352,4.831,12.299,14.461,68.82,68.758,92.215,20,20,70,multiprocess_sample_only,,
yjit-off/puma-response-io-256kb/puma-1w-3t/repeat-1,yjit-off,false,puma-response-io-256kb,puma-response-time-wrk,puma/benchmarks/local/response_time_wrk,https://github.com/puma/puma/blob/main/benchmarks/local/response_time_wrk.rb,puma-1w-3t,3,puma,1,3,11413,1000,5.001,5.0,1000,4684,2.001,2.0,5,true,11413,0,2281.929,1.972,3.343,4.554,12.347,14.788,69.008,68.57,90.975,20,20,70,multiprocess_sample_only,,
yjit-off/puma-response-array-512kb/puma-1w-3t/repeat-1,yjit-off,false,puma-response-array-512kb,puma-response-time-wrk,puma/benchmarks/local/response_time_wrk,https://github.com/puma/puma/blob/main/benchmarks/local/response_time_wrk.rb,puma-1w-3t,3,puma,1,3,8602,1000,5.002,5.0,1000,3402,2.002,2.0,5,true,8602,0,1719.638,2.625,4.212,13.118,16.235,19.631,125.762,111.652,90.71,20,20,72,multiprocess_sample_only,,
yjit-off/puma-response-chunk-512kb/puma-1w-3t/repeat-1,yjit-off,false,puma-response-chunk-512kb,puma-response-time-wrk,puma/benchmarks/local/response_time_wrk,https://github.com/puma/puma/blob/main/benchmarks/local/response_time_wrk.rb,puma-1w-3t,3,puma,1,3,2542,1000,5.01,5.0,1000,1027,2.009,2.0,5,true,2542,0,507.42,9.69,15.599,18.2,18.903,19.261,77.902,76.531,89.765,20,20,57,multiprocess_sample_only,,
yjit-off/puma-response-string-512kb/puma-1w-3t/repeat-1,yjit-off,false,puma-response-string-512kb,puma-response-time-wrk,puma/benchmarks/local/response_time_wrk,https://github.com/puma/puma/blob/main/benchmarks/local/response_time_wrk.rb,puma-1w-3t,3,puma,1,3,8667,1000,5.002,5.0,1000,3652,2.002,2.0,5,true,8667,0,1732.675,2.498,4.625,13.135,14.811,18.055,70.133,70.133,88.455,20,20,68,multiprocess_sample_only,,
yjit-off/puma-response-io-512kb/puma-1w-3t/repeat-1,yjit-off,false,puma-response-io-512kb,puma-response-time-wrk,puma/benchmarks/local/response_time_wrk,https://github.com/puma/puma/blob/main/benchmarks/local/response_time_wrk.rb,puma-1w-3t,3,puma,1,3,8601,1000,5.012,5.0,1000,3498,2.002,2.0,5,true,8601,0,1716.163,2.487,4.409,12.863,17.081,216.363,70.133,70.133,87.08,20,20,69,multiprocess_sample_only,,
yjit-off/puma-response-array-1024kb/puma-1w-3t/repeat-1,yjit-off,false,puma-response-array-1024kb,puma-response-time-wrk,puma/benchmarks/local/response_time_wrk,https://github.com/puma/puma/blob/main/benchmarks/local/response_time_wrk.rb,puma-1w-3t,3,puma,1,3,5325,1000,5.004,5.0,1000,2148,2.005,2.0,5,true,5325,0,1064.206,4.435,7.25,15.761,18.824,20.569,139.25,120.742,86.86,20,20,72,multiprocess_sample_only,,
yjit-off/puma-response-chunk-1024kb/puma-1w-3t/repeat-1,yjit-off,false,puma-response-chunk-1024kb,puma-response-time-wrk,puma/benchmarks/local/response_time_wrk,https://github.com/puma/puma/blob/main/benchmarks/local/response_time_wrk.rb,puma-1w-3t,3,puma,1,3,1371,1000,5.017,5.0,1000,1000,3.637,2.0,5,true,1371,0,273.285,18.027,29.272,33.184,33.739,34.04,78.762,78.543,85.97,20,20,47,multiprocess_sample_only,,
yjit-off/puma-response-string-1024kb/puma-1w-3t/repeat-1,yjit-off,false,puma-response-string-1024kb,puma-response-time-wrk,puma/benchmarks/local/response_time_wrk,https://github.com/puma/puma/blob/main/benchmarks/local/response_time_wrk.rb,puma-1w-3t,3,puma,1,3,5994,1000,5.004,5.0,1000,2375,2.003,2.0,5,true,5994,0,1197.92,3.664,6.744,15.769,20.006,21.924,75.199,75.199,84.65,20,20,65,multiprocess_sample_only,,
yjit-off/puma-response-io-1024kb/puma-1w-3t/repeat-1,yjit-off,false,puma-response-io-1024kb,puma-response-time-wrk,puma/benchmarks/local/response_time_wrk,https://github.com/puma/puma/blob/main/benchmarks/local/response_time_wrk.rb,puma-1w-3t,3,puma,1,3,5642,1000,5.003,5.0,1000,2305,2.003,2.0,5,true,5642,0,1127.743,3.89,7.117,16.054,20.776,216.537,75.262,75.262,83.015,20,20,65,multiprocess_sample_only,,
yjit-off/puma-response-array-2048kb/puma-1w-3t/repeat-1,yjit-off,false,puma-response-array-2048kb,puma-response-time-wrk,puma/benchmarks/local/response_time_wrk,https://github.com/puma/puma/blob/main/benchmarks/local/response_time_wrk.rb,puma-1w-3t,3,puma,1,3,3136,1000,5.008,5.0,1000,1244,2.007,2.0,5,true,3136,0,626.153,7.931,12.271,14.072,15.465,16.723,122.852,90.094,82.79,20,20,74,multiprocess_sample_only,,
yjit-off/puma-response-chunk-2048kb/puma-1w-3t/repeat-1,yjit-off,false,puma-response-chunk-2048kb,puma-response-time-wrk,puma/benchmarks/local/response_time_wrk,https://github.com/puma/puma/blob/main/benchmarks/local/response_time_wrk.rb,puma-1w-3t,3,puma,1,3,1000,1000,7.006,5.0,1000,1000,6.935,2.0,5,true,1000,0,142.735,34.81,54.778,63.226,64.213,64.342,86.328,85.66,81.715,20,20,49,multiprocess_sample_only,,
yjit-off/puma-response-string-2048kb/puma-1w-3t/repeat-1,yjit-off,false,puma-response-string-2048kb,puma-response-time-wrk,puma/benchmarks/local/response_time_wrk,https://github.com/puma/puma/blob/main/benchmarks/local/response_time_wrk.rb,puma-1w-3t,3,puma,1,3,3800,1000,5.005,5.0,1000,1557,2.005,2.0,5,true,3800,0,759.177,6.267,10.747,12.405,13.243,13.899,87.664,87.664,80.475,20,20,62,multiprocess_sample_only,,
yjit-off/puma-response-io-2048kb/puma-1w-3t/repeat-1,yjit-off,false,puma-response-io-2048kb,puma-response-time-wrk,puma/benchmarks/local/response_time_wrk,https://github.com/puma/puma/blob/main/benchmarks/local/response_time_wrk.rb,puma-1w-3t,3,puma,1,3,3784,1000,5.005,5.0,1000,1552,2.005,2.0,5,true,3784,0,756.044,6.378,10.71,12.311,13.521,13.869,87.668,87.668,78.92,20,20,62,multiprocess_sample_only,,
yjit-off/puma-long-tail-fib-200ms-x6p0/puma-1w-3t/repeat-1,yjit-off,false,puma-long-tail-fib-200ms-x6p0,puma-long-tail-hey,puma/benchmarks/local/long_tail_hey + test/rackup/sleep_fibonacci,https://github.com/puma/puma/blob/main/benchmarks/local/long_tail_hey.rb,puma-1w-3t,3,puma,1,3,360,360,50.826,5.0,360,360,50.916,2.0,18,true,360,0,7.083,2541.385,2561.063,2563.939,2571.358,2571.378,100.789,97.195,84.105,20,20,745,multiprocess_sample_only,,
yjit-off/puma-long-tail-fib-200ms-x4p0/puma-1w-3t/repeat-1,yjit-off,false,puma-long-tail-fib-200ms-x4p0,puma-long-tail-hey,puma/benchmarks/local/long_tail_hey + test/rackup/sleep_fibonacci,https://github.com/puma/puma/blob/main/benchmarks/local/long_tail_hey.rb,puma-1w-3t,3,puma,1,3,240,240,33.887,5.0,240,240,33.95,2.0,12,true,240,0,7.082,1694.222,1716.6,1732.497,1738.164,1738.952,104.512,100.637,87.485,20,20,497,multiprocess_sample_only,,
yjit-off/puma-long-tail-fib-200ms-x3p0/puma-1w-3t/repeat-1,yjit-off,false,puma-long-tail-fib-200ms-x3p0,puma-long-tail-hey,puma/benchmarks/local/long_tail_hey + test/rackup/sleep_fibonacci,https://github.com/puma/puma/blob/main/benchmarks/local/long_tail_hey.rb,puma-1w-3t,3,puma,1,3,180,180,25.413,5.0,180,180,25.439,2.0,9,true,180,0,7.083,1270.141,1283.798,1295.84,1303.593,1303.605,106.895,106.895,89.14,20,20,373,multiprocess_sample_only,,
yjit-off/puma-long-tail-fib-200ms-x2p0/puma-1w-3t/repeat-1,yjit-off,false,puma-long-tail-fib-200ms-x2p0,puma-long-tail-hey,puma/benchmarks/local/long_tail_hey + test/rackup/sleep_fibonacci,https://github.com/puma/puma/blob/main/benchmarks/local/long_tail_hey.rb,puma-1w-3t,3,puma,1,3,120,120,16.943,5.0,120,120,16.951,2.0,6,true,120,0,7.083,846.942,859.398,862.188,863.793,863.957,106.957,106.957,90.05,20,20,249,multiprocess_sample_only,,
yjit-off/puma-long-tail-fib-200ms-x1p5/puma-1w-3t/repeat-1,yjit-off,false,puma-long-tail-fib-200ms-x1p5,puma-long-tail-hey,puma/benchmarks/local/long_tail_hey + test/rackup/sleep_fibonacci,https://github.com/puma/puma/blob/main/benchmarks/local/long_tail_hey.rb,puma-1w-3t,3,puma,1,3,100,100,14.118,5.0,100,100,14.119,2.0,5,true,100,0,7.083,793.826,847.798,849.07,855.467,856.178,110.09,110.09,90.65,20,20,208,multiprocess_sample_only,,
yjit-off/puma-long-tail-fib-200ms-x1p0/puma-1w-3t/repeat-1,yjit-off,false,puma-long-tail-fib-200ms-x1p0,puma-long-tail-hey,puma/benchmarks/local/long_tail_hey + test/rackup/sleep_fibonacci,https://github.com/puma/puma/blob/main/benchmarks/local/long_tail_hey.rb,puma-1w-3t,3,puma,1,3,60,60,8.466,5.0,60,60,8.481,2.0,3,true,60,0,7.087,423.033,425.342,428.399,431.448,431.787,110.09,110.09,91.015,20,20,125,multiprocess_sample_only,,
yjit-off/puma-long-tail-fib-200ms-x0p5/puma-1w-3t/repeat-1,yjit-off,false,puma-long-tail-fib-200ms-x0p5,puma-long-tail-hey,puma/benchmarks/local/long_tail_hey + test/rackup/sleep_fibonacci,https://github.com/puma/puma/blob/main/benchmarks/local/long_tail_hey.rb,puma-1w-3t,3,puma,1,3,40,40,5.645,5.0,40,40,5.645,2.0,2,true,40,0,7.086,282.079,283.858,284.058,284.068,284.069,110.09,110.09,91.235,20,20,84,multiprocess_sample_only,,
yjit-off/puma-sleep-fibonacci-1ms/puma-1w-3t/repeat-1,yjit-off,false,puma-sleep-fibonacci-1ms,puma-sleep-fibonacci-test,puma/benchmarks/local/sleep_fibonacci_test + test/rackup/sleep_fibonacci,https://github.com/puma/puma/blob/main/benchmarks/local/sleep_fibonacci_test.rb,puma-1w-3t,3,puma,1,3,3628,10,5.001,5.0,10,1453,2.001,2.0,1,true,3628,0,725.408,1.342,1.458,1.725,2.187,2.231,116.859,116.859,91.1,20,20,75,multiprocess_sample_only,,
yjit-off/puma-sleep-fibonacci-5ms/puma-1w-3t/repeat-1,yjit-off,false,puma-sleep-fibonacci-5ms,puma-sleep-fibonacci-test,puma/benchmarks/local/sleep_fibonacci_test + test/rackup/sleep_fibonacci,https://github.com/puma/puma/blob/main/benchmarks/local/sleep_fibonacci_test.rb,puma-1w-3t,3,puma,1,3,942,10,5.001,5.0,10,377,2.001,2.0,1,true,942,0,188.378,5.263,5.417,5.745,6.203,6.34,119.328,119.328,90.84,20,20,75,multiprocess_sample_only,,
yjit-off/puma-sleep-fibonacci-10ms/puma-1w-3t/repeat-1,yjit-off,false,puma-sleep-fibonacci-10ms,puma-sleep-fibonacci-test,puma/benchmarks/local/sleep_fibonacci_test + test/rackup/sleep_fibonacci,https://github.com/puma/puma/blob/main/benchmarks/local/sleep_fibonacci_test.rb,puma-1w-3t,3,puma,1,3,485,10,5.002,5.0,10,195,2.009,2.0,1,true,485,0,96.952,10.274,10.393,10.568,10.75,10.793,119.457,119.457,90.585,20,20,75,multiprocess_sample_only,,
yjit-off/puma-sleep-fibonacci-50ms/puma-1w-3t/repeat-1,yjit-off,false,puma-sleep-fibonacci-50ms,puma-sleep-fibonacci-test,puma/benchmarks/local/sleep_fibonacci_test + test/rackup/sleep_fibonacci,https://github.com/puma/puma/blob/main/benchmarks/local/sleep_fibonacci_test.rb,puma-1w-3t,3,puma,1,3,99,10,5.005,5.0,10,40,2.025,2.0,1,true,99,0,19.781,50.488,50.681,51.187,51.338,51.354,119.457,119.457,90.33,20,20,75,multiprocess_sample_only,,
yjit-off/puma-sleep-fibonacci-100ms/puma-1w-3t/repeat-1,yjit-off,false,puma-sleep-fibonacci-100ms,puma-sleep-fibonacci-test,puma/benchmarks/local/sleep_fibonacci_test + test/rackup/sleep_fibonacci,https://github.com/puma/puma/blob/main/benchmarks/local/sleep_fibonacci_test.rb,puma-1w-3t,3,puma,1,3,50,10,5.032,5.0,10,20,2.016,2.0,1,true,50,0,9.936,100.568,100.721,101.118,101.451,101.488,121.863,121.863,90.06,20,20,75,multiprocess_sample_only,,
yjit-off/puma-sleep-fibonacci-200ms/puma-1w-3t/repeat-1,yjit-off,false,puma-sleep-fibonacci-200ms,puma-sleep-fibonacci-test,puma/benchmarks/local/sleep_fibonacci_test + test/rackup/sleep_fibonacci,https://github.com/puma/puma/blob/main/benchmarks/local/sleep_fibonacci_test.rb,puma-1w-3t,3,puma,1,3,25,10,5.015,5.0,10,10,2.008,2.0,1,true,25,0,4.985,200.541,200.601,200.602,200.602,200.602,121.863,121.863,89.815,20,20,75,multiprocess_sample_only,,
yjit-off/puma-response-array-1kb/puma-1w-3t/repeat-2,yjit-off,false,puma-response-array-1kb,puma-response-time-wrk,puma/benchmarks/local/response_time_wrk,https://github.com/puma/puma/blob/main/benchmarks/local/response_time_wrk.rb,puma-1w-3t,3,puma,1,3,19165,1000,5.001,5.0,1000,7822,2.001,2.0,5,true,19165,0,3832.214,1.236,1.751,2.137,2.788,3.42,63.797,63.797,98.405,20,20,73,multiprocess_sample_only,,
yjit-off/puma-response-chunk-1kb/puma-1w-3t/repeat-2,yjit-off,false,puma-response-chunk-1kb,puma-response-time-wrk,puma/benchmarks/local/response_time_wrk,https://github.com/puma/puma/blob/main/benchmarks/local/response_time_wrk.rb,puma-1w-3t,3,puma,1,3,18874,1000,5.002,5.0,1000,7741,2.001,2.0,5,true,18874,0,3773.296,1.255,1.79,2.182,2.802,4.07,63.945,63.945,95.2,20,20,73,multiprocess_sample_only,,
yjit-off/puma-response-string-1kb/puma-1w-3t/repeat-2,yjit-off,false,puma-response-string-1kb,puma-response-time-wrk,puma/benchmarks/local/response_time_wrk,https://github.com/puma/puma/blob/main/benchmarks/local/response_time_wrk.rb,puma-1w-3t,3,puma,1,3,19223,1000,5.001,5.0,1000,7934,2.001,2.0,5,true,19223,0,3843.784,1.231,1.797,2.156,2.729,3.461,64.035,64.035,94.615,20,20,73,multiprocess_sample_only,,
yjit-off/puma-response-io-1kb/puma-1w-3t/repeat-2,yjit-off,false,puma-response-io-1kb,puma-response-time-wrk,puma/benchmarks/local/response_time_wrk,https://github.com/puma/puma/blob/main/benchmarks/local/response_time_wrk.rb,puma-1w-3t,3,puma,1,3,18802,1000,5.001,5.0,1000,7802,2.001,2.0,5,true,18802,0,3759.558,1.256,1.963,2.359,2.93,3.609,64.328,64.328,95.785,20,20,73,multiprocess_sample_only,,
yjit-off/puma-response-array-10kb/puma-1w-3t/repeat-2,yjit-off,false,puma-response-array-10kb,puma-response-time-wrk,puma/benchmarks/local/response_time_wrk,https://github.com/puma/puma/blob/main/benchmarks/local/response_time_wrk.rb,puma-1w-3t,3,puma,1,3,18993,1000,5.001,5.0,1000,7719,2.001,2.0,5,true,18993,0,3797.876,1.243,1.807,2.22,2.777,4.104,65.746,65.66,96.25,20,20,73,multiprocess_sample_only,,
yjit-off/puma-response-chunk-10kb/puma-1w-3t/repeat-2,yjit-off,false,puma-response-chunk-10kb,puma-response-time-wrk,puma/benchmarks/local/response_time_wrk,https://github.com/puma/puma/blob/main/benchmarks/local/response_time_wrk.rb,puma-1w-3t,3,puma,1,3,16805,1000,5.001,5.0,1000,6948,2.001,2.0,5,true,16805,0,3360.229,1.407,2.083,2.568,3.244,4.034,69.555,69.438,95.645,20,20,72,multiprocess_sample_only,,
yjit-off/puma-response-string-10kb/puma-1w-3t/repeat-2,yjit-off,false,puma-response-string-10kb,puma-response-time-wrk,puma/benchmarks/local/response_time_wrk,https://github.com/puma/puma/blob/main/benchmarks/local/response_time_wrk.rb,puma-1w-3t,3,puma,1,3,19357,1000,5.001,5.0,1000,7903,2.001,2.0,5,true,19357,0,3870.749,1.213,1.742,2.185,2.767,4.309,70.344,70.246,95.295,20,20,73,multiprocess_sample_only,,
yjit-off/puma-response-io-10kb/puma-1w-3t/repeat-2,yjit-off,false,puma-response-io-10kb,puma-response-time-wrk,puma/benchmarks/local/response_time_wrk,https://github.com/puma/puma/blob/main/benchmarks/local/response_time_wrk.rb,puma-1w-3t,3,puma,1,3,18850,1000,5.002,5.0,1000,7752,2.001,2.0,5,true,18850,0,3768.865,1.252,1.922,2.447,3.039,4.084,71.98,71.434,95.835,20,20,74,multiprocess_sample_only,,
yjit-off/puma-response-array-100kb/puma-1w-3t/repeat-2,yjit-off,false,puma-response-array-100kb,puma-response-time-wrk,puma/benchmarks/local/response_time_wrk,https://github.com/puma/puma/blob/main/benchmarks/local/response_time_wrk.rb,puma-1w-3t,3,puma,1,3,15026,1000,5.001,5.0,1000,6169,2.001,2.0,5,true,15026,0,3004.444,1.572,2.262,2.836,3.352,4.058,85.434,83.719,96.1,20,20,72,multiprocess_sample_only,,
yjit-off/puma-response-chunk-100kb/puma-1w-3t/repeat-2,yjit-off,false,puma-response-chunk-100kb,puma-response-time-wrk,puma/benchmarks/local/response_time_wrk,https://github.com/puma/puma/blob/main/benchmarks/local/response_time_wrk.rb,puma-1w-3t,3,puma,1,3,8030,1000,5.003,5.0,1000,3290,2.003,2.0,5,true,8030,0,1605.01,3.019,3.907,5.606,6.315,7.104,78.621,77.793,94.8,20,20,69,multiprocess_sample_only,,
yjit-off/puma-response-string-100kb/puma-1w-3t/repeat-2,yjit-off,false,puma-response-string-100kb,puma-response-time-wrk,puma/benchmarks/local/response_time_wrk,https://github.com/puma/puma/blob/main/benchmarks/local/response_time_wrk.rb,puma-1w-3t,3,puma,1,3,14929,1000,5.001,5.0,1000,6063,2.001,2.0,5,true,14929,0,2985.123,1.572,2.362,2.976,3.52,4.276,85.609,85.418,93.74,20,20,72,multiprocess_sample_only,,
yjit-off/puma-response-io-100kb/puma-1w-3t/repeat-2,yjit-off,false,puma-response-io-100kb,puma-response-time-wrk,puma/benchmarks/local/response_time_wrk,https://github.com/puma/puma/blob/main/benchmarks/local/response_time_wrk.rb,puma-1w-3t,3,puma,1,3,14689,1000,5.001,5.0,1000,6090,2.001,2.0,5,true,14689,0,2937.014,1.275,2.137,3.41,42.324,43.707,72.691,72.461,93.38,20,20,73,multiprocess_sample_only,,
yjit-off/puma-response-array-256kb/puma-1w-3t/repeat-2,yjit-off,false,puma-response-array-256kb,puma-response-time-wrk,puma/benchmarks/local/response_time_wrk,https://github.com/puma/puma/blob/main/benchmarks/local/response_time_wrk.rb,puma-1w-3t,3,puma,1,3,10684,1000,5.002,5.0,1000,4301,2.004,2.0,5,true,10684,0,2136.149,2.076,3.522,5.668,13.555,16.51,115.414,100.0,93.115,20,20,71,multiprocess_sample_only,,
yjit-off/puma-response-chunk-256kb/puma-1w-3t/repeat-2,yjit-off,false,puma-response-chunk-256kb,puma-response-time-wrk,puma/benchmarks/local/response_time_wrk,https://github.com/puma/puma/blob/main/benchmarks/local/response_time_wrk.rb,puma-1w-3t,3,puma,1,3,4365,1000,5.006,5.0,1000,1796,2.005,2.0,5,true,4365,0,871.912,5.609,9.193,10.617,11.435,12.122,86.137,84.668,91.86,20,20,64,multiprocess_sample_only,,
yjit-off/puma-response-string-256kb/puma-1w-3t/repeat-2,yjit-off,false,puma-response-string-256kb,puma-response-time-wrk,puma/benchmarks/local/response_time_wrk,https://github.com/puma/puma/blob/main/benchmarks/local/response_time_wrk.rb,puma-1w-3t,3,puma,1,3,10780,1000,5.002,5.0,1000,4522,2.002,2.0,5,true,10780,0,2155.146,2.023,3.672,5.891,15.483,18.03,74.211,73.77,90.32,20,20,70,multiprocess_sample_only,,
yjit-off/puma-response-io-256kb/puma-1w-3t/repeat-2,yjit-off,false,puma-response-io-256kb,puma-response-time-wrk,puma/benchmarks/local/response_time_wrk,https://github.com/puma/puma/blob/main/benchmarks/local/response_time_wrk.rb,puma-1w-3t,3,puma,1,3,10489,1000,5.002,5.0,1000,4427,2.002,2.0,5,true,10489,0,2097.082,2.078,3.772,6.21,14.227,17.301,74.023,73.582,88.935,20,20,70,multiprocess_sample_only,,
yjit-off/puma-response-array-512kb/puma-1w-3t/repeat-2,yjit-off,false,puma-response-array-512kb,puma-response-time-wrk,puma/benchmarks/local/response_time_wrk,https://github.com/puma/puma/blob/main/benchmarks/local/response_time_wrk.rb,puma-1w-3t,3,puma,1,3,8383,1000,5.003,5.0,1000,3246,2.002,2.0,5,true,8383,0,1675.711,2.626,4.46,14.37,17.593,19.361,129.914,116.254,88.595,20,20,71,multiprocess_sample_only,,
yjit-off/puma-response-chunk-512kb/puma-1w-3t/repeat-2,yjit-off,false,puma-response-chunk-512kb,puma-response-time-wrk,puma/benchmarks/local/response_time_wrk,https://github.com/puma/puma/blob/main/benchmarks/local/response_time_wrk.rb,puma-1w-3t,3,puma,1,3,2508,1000,5.01,5.0,1000,1012,2.031,2.0,5,true,2508,0,500.634,9.814,16.312,18.313,19.301,20.002,92.754,88.906,87.7,20,20,56,multiprocess_sample_only,,
yjit-off/puma-response-string-512kb/puma-1w-3t/repeat-2,yjit-off,false,puma-response-string-512kb,puma-response-time-wrk,puma/benchmarks/local/response_time_wrk,https://github.com/puma/puma/blob/main/benchmarks/local/response_time_wrk.rb,puma-1w-3t,3,puma,1,3,8336,1000,5.002,5.0,1000,3424,2.002,2.0,5,true,8336,0,1666.469,2.555,4.841,14.494,18.239,19.618,82.758,82.758,86.415,20,20,68,multiprocess_sample_only,,
yjit-off/puma-response-io-512kb/puma-1w-3t/repeat-2,yjit-off,false,puma-response-io-512kb,puma-response-time-wrk,puma/benchmarks/local/response_time_wrk,https://github.com/puma/puma/blob/main/benchmarks/local/response_time_wrk.rb,puma-1w-3t,3,puma,1,3,8326,1000,5.011,5.0,1000,3373,2.002,2.0,5,true,8326,0,1661.628,2.578,4.848,14.696,17.787,19.543,83.758,83.758,85.0,20,20,68,multiprocess_sample_only,,
yjit-off/puma-response-array-1024kb/puma-1w-3t/repeat-2,yjit-off,false,puma-response-array-1024kb,puma-response-time-wrk,puma/benchmarks/local/response_time_wrk,https://github.com/puma/puma/blob/main/benchmarks/local/response_time_wrk.rb,puma-1w-3t,3,puma,1,3,5327,1000,5.004,5.0,1000,2114,2.003,2.0,5,true,5327,0,1064.591,4.3,7.318,17.803,22.241,25.24,153.133,124.656,84.835,20,20,72,multiprocess_sample_only,,
yjit-off/puma-response-chunk-1024kb/puma-1w-3t/repeat-2,yjit-off,false,puma-response-chunk-1024kb,puma-response-time-wrk,puma/benchmarks/local/response_time_wrk,https://github.com/puma/puma/blob/main/benchmarks/local/response_time_wrk.rb,puma-1w-3t,3,puma,1,3,1358,1000,5.018,5.0,1000,1000,3.68,2.0,5,true,1358,0,270.651,18.17,29.203,33.418,33.998,34.053,93.969,92.352,83.985,20,20,47,multiprocess_sample_only,,
yjit-off/puma-response-string-1024kb/puma-1w-3t/repeat-2,yjit-off,false,puma-response-string-1024kb,puma-response-time-wrk,puma/benchmarks/local/response_time_wrk,https://github.com/puma/puma/blob/main/benchmarks/local/response_time_wrk.rb,puma-1w-3t,3,puma,1,3,5571,1000,5.003,5.0,1000,2264,2.003,2.0,5,true,5571,0,1113.464,3.86,7.402,18.166,23.365,24.706,85.566,85.566,82.66,20,20,65,multiprocess_sample_only,,
yjit-off/puma-response-io-1024kb/puma-1w-3t/repeat-2,yjit-off,false,puma-response-io-1024kb,puma-response-time-wrk,puma/benchmarks/local/response_time_wrk,https://github.com/puma/puma/blob/main/benchmarks/local/response_time_wrk.rb,puma-1w-3t,3,puma,1,3,5523,1000,5.005,5.0,1000,2206,2.003,2.0,5,true,5523,0,1103.51,3.914,7.325,17.93,21.975,215.614,85.629,85.629,80.98,20,20,65,multiprocess_sample_only,,
yjit-off/puma-response-array-2048kb/puma-1w-3t/repeat-2,yjit-off,false,puma-response-array-2048kb,puma-response-time-wrk,puma/benchmarks/local/response_time_wrk,https://github.com/puma/puma/blob/main/benchmarks/local/response_time_wrk.rb,puma-1w-3t,3,puma,1,3,3050,1000,5.009,5.0,1000,1236,2.008,2.0,5,true,3050,0,608.906,8.13,12.893,14.578,19.482,21.79,132.492,84.398,80.815,20,20,74,multiprocess_sample_only,,
yjit-off/puma-response-chunk-2048kb/puma-1w-3t/repeat-2,yjit-off,false,puma-response-chunk-2048kb,puma-response-time-wrk,puma/benchmarks/local/response_time_wrk,https://github.com/puma/puma/blob/main/benchmarks/local/response_time_wrk.rb,puma-1w-3t,3,puma,1,3,1000,1000,7.131,5.0,1000,1000,7.074,2.0,5,true,1000,0,140.228,35.435,49.905,64.555,66.013,66.498,98.438,98.438,79.845,20,20,49,multiprocess_sample_only,,
yjit-off/puma-response-string-2048kb/puma-1w-3t/repeat-2,yjit-off,false,puma-response-string-2048kb,puma-response-time-wrk,puma/benchmarks/local/response_time_wrk,https://github.com/puma/puma/blob/main/benchmarks/local/response_time_wrk.rb,puma-1w-3t,3,puma,1,3,3555,1000,5.006,5.0,1000,1444,2.005,2.0,5,true,3555,0,710.102,6.618,11.854,13.304,14.916,15.736,90.891,90.891,78.66,20,20,61,multiprocess_sample_only,,
yjit-off/puma-response-io-2048kb/puma-1w-3t/repeat-2,yjit-off,false,puma-response-io-2048kb,puma-response-time-wrk,puma/benchmarks/local/response_time_wrk,https://github.com/puma/puma/blob/main/benchmarks/local/response_time_wrk.rb,puma-1w-3t,3,puma,1,3,3550,1000,5.006,5.0,1000,1422,2.007,2.0,5,true,3550,0,709.12,6.647,11.811,13.341,20.102,21.748,90.891,90.891,77.12,20,20,61,multiprocess_sample_only,,
yjit-off/puma-long-tail-fib-200ms-x6p0/puma-1w-3t/repeat-2,yjit-off,false,puma-long-tail-fib-200ms-x6p0,puma-long-tail-hey,puma/benchmarks/local/long_tail_hey + test/rackup/sleep_fibonacci,https://github.com/puma/puma/blob/main/benchmarks/local/long_tail_hey.rb,puma-1w-3t,3,puma,1,3,360,360,50.93,5.0,360,360,51.064,2.0,18,true,360,0,7.069,2546.544,2564.121,2569.843,2571.748,2572.321,105.992,105.992,82.775,20,20,746,multiprocess_sample_only,,
yjit-off/puma-long-tail-fib-200ms-x4p0/puma-1w-3t/repeat-2,yjit-off,false,puma-long-tail-fib-200ms-x4p0,puma-long-tail-hey,puma/benchmarks/local/long_tail_hey + test/rackup/sleep_fibonacci,https://github.com/puma/puma/blob/main/benchmarks/local/long_tail_hey.rb,puma-1w-3t,3,puma,1,3,240,240,33.971,5.0,240,240,34.039,2.0,12,true,240,0,7.065,1698.373,1719.404,1737.212,1740.262,1740.38,110.723,110.723,86.46,20,20,498,multiprocess_sample_only,,
yjit-off/puma-long-tail-fib-200ms-x3p0/puma-1w-3t/repeat-2,yjit-off,false,puma-long-tail-fib-200ms-x3p0,puma-long-tail-hey,puma/benchmarks/local/long_tail_hey + test/rackup/sleep_fibonacci,https://github.com/puma/puma/blob/main/benchmarks/local/long_tail_hey.rb,puma-1w-3t,3,puma,1,3,180,180,25.474,5.0,180,180,25.538,2.0,9,true,180,0,7.066,1273.523,1284.358,1291.635,1293.177,1293.231,112.539,112.539,88.25,20,20,373,multiprocess_sample_only,,
yjit-off/puma-long-tail-fib-200ms-x2p0/puma-1w-3t/repeat-2,yjit-off,false,puma-long-tail-fib-200ms-x2p0,puma-long-tail-hey,puma/benchmarks/local/long_tail_hey + test/rackup/sleep_fibonacci,https://github.com/puma/puma/blob/main/benchmarks/local/long_tail_hey.rb,puma-1w-3t,3,puma,1,3,120,120,16.976,5.0,120,120,17.012,2.0,6,true,120,0,7.069,848.334,863.892,872.441,874.859,875.04,114.105,114.105,89.225,20,20,250,multiprocess_sample_only,,
yjit-off/puma-long-tail-fib-200ms-x1p5/puma-1w-3t/repeat-2,yjit-off,false,puma-long-tail-fib-200ms-x1p5,puma-long-tail-hey,puma/benchmarks/local/long_tail_hey + test/rackup/sleep_fibonacci,https://github.com/puma/puma/blob/main/benchmarks/local/long_tail_hey.rb,puma-1w-3t,3,puma,1,3,100,100,14.158,5.0,100,100,14.222,2.0,5,true,100,0,7.063,789.598,827.482,838.543,852.849,854.439,119.621,119.621,89.87,20,20,209,multiprocess_sample_only,,
yjit-off/puma-long-tail-fib-200ms-x1p0/puma-1w-3t/repeat-2,yjit-off,false,puma-long-tail-fib-200ms-x1p0,puma-long-tail-hey,puma/benchmarks/local/long_tail_hey + test/rackup/sleep_fibonacci,https://github.com/puma/puma/blob/main/benchmarks/local/long_tail_hey.rb,puma-1w-3t,3,puma,1,3,60,60,8.493,5.0,60,60,8.509,2.0,3,true,60,0,7.065,424.369,429.161,431.222,433.532,433.789,122.902,122.902,90.25,20,20,126,multiprocess_sample_only,,
yjit-off/puma-long-tail-fib-200ms-x0p5/puma-1w-3t/repeat-2,yjit-off,false,puma-long-tail-fib-200ms-x0p5,puma-long-tail-hey,puma/benchmarks/local/long_tail_hey + test/rackup/sleep_fibonacci,https://github.com/puma/puma/blob/main/benchmarks/local/long_tail_hey.rb,puma-1w-3t,3,puma,1,3,40,40,5.657,5.0,40,40,5.657,2.0,2,true,40,0,7.07,282.562,284.058,284.321,284.395,284.403,123.281,123.281,90.48,20,20,84,multiprocess_sample_only,,
yjit-off/puma-sleep-fibonacci-1ms/puma-1w-3t/repeat-2,yjit-off,false,puma-sleep-fibonacci-1ms,puma-sleep-fibonacci-test,puma/benchmarks/local/sleep_fibonacci_test + test/rackup/sleep_fibonacci,https://github.com/puma/puma/blob/main/benchmarks/local/sleep_fibonacci_test.rb,puma-1w-3t,3,puma,1,3,3650,10,5.001,5.0,10,1495,2.001,2.0,1,true,3650,0,729.793,1.333,1.446,1.668,2.169,2.298,126.168,126.168,90.36,20,20,75,multiprocess_sample_only,,
yjit-off/puma-sleep-fibonacci-5ms/puma-1w-3t/repeat-2,yjit-off,false,puma-sleep-fibonacci-5ms,puma-sleep-fibonacci-test,puma/benchmarks/local/sleep_fibonacci_test + test/rackup/sleep_fibonacci,https://github.com/puma/puma/blob/main/benchmarks/local/sleep_fibonacci_test.rb,puma-1w-3t,3,puma,1,3,948,10,5.0,5.0,10,379,2.0,2.0,1,true,948,0,189.584,5.243,5.344,5.477,6.072,6.14,126.168,126.168,90.105,20,20,75,multiprocess_sample_only,,
yjit-off/puma-sleep-fibonacci-10ms/puma-1w-3t/repeat-2,yjit-off,false,puma-sleep-fibonacci-10ms,puma-sleep-fibonacci-test,puma/benchmarks/local/sleep_fibonacci_test + test/rackup/sleep_fibonacci,https://github.com/puma/puma/blob/main/benchmarks/local/sleep_fibonacci_test.rb,puma-1w-3t,3,puma,1,3,485,10,5.006,5.0,10,195,2.0,2.0,1,true,485,0,96.881,10.279,10.428,10.63,10.995,11.195,126.168,126.168,89.855,20,20,75,multiprocess_sample_only,,
yjit-off/puma-sleep-fibonacci-50ms/puma-1w-3t/repeat-2,yjit-off,false,puma-sleep-fibonacci-50ms,puma-sleep-fibonacci-test,puma/benchmarks/local/sleep_fibonacci_test + test/rackup/sleep_fibonacci,https://github.com/puma/puma/blob/main/benchmarks/local/sleep_fibonacci_test.rb,puma-1w-3t,3,puma,1,3,99,10,5.012,5.0,10,40,2.025,2.0,1,true,99,0,19.751,50.491,50.846,52.274,55.55,55.914,126.168,126.168,89.605,20,20,75,multiprocess_sample_only,,
yjit-off/puma-sleep-fibonacci-100ms/puma-1w-3t/repeat-2,yjit-off,false,puma-sleep-fibonacci-100ms,puma-sleep-fibonacci-test,puma/benchmarks/local/sleep_fibonacci_test + test/rackup/sleep_fibonacci,https://github.com/puma/puma/blob/main/benchmarks/local/sleep_fibonacci_test.rb,puma-1w-3t,3,puma,1,3,50,10,5.028,5.0,10,20,2.013,2.0,1,true,50,0,9.944,100.478,100.654,100.777,100.796,100.799,126.168,126.168,89.355,20,20,75,multiprocess_sample_only,,
yjit-off/puma-sleep-fibonacci-200ms/puma-1w-3t/repeat-2,yjit-off,false,puma-sleep-fibonacci-200ms,puma-sleep-fibonacci-test,puma/benchmarks/local/sleep_fibonacci_test + test/rackup/sleep_fibonacci,https://github.com/puma/puma/blob/main/benchmarks/local/sleep_fibonacci_test.rb,puma-1w-3t,3,puma,1,3,25,10,5.015,5.0,10,10,2.008,2.0,1,true,25,0,4.985,200.508,200.615,200.655,200.665,200.666,126.168,126.168,89.115,20,20,75,multiprocess_sample_only,,
yjit-off/puma-response-array-1kb/puma-1w-3t/repeat-3,yjit-off,false,puma-response-array-1kb,puma-response-time-wrk,puma/benchmarks/local/response_time_wrk,https://github.com/puma/puma/blob/main/benchmarks/local/response_time_wrk.rb,puma-1w-3t,3,puma,1,3,18413,1000,5.001,5.0,1000,7469,2.001,2.0,5,true,18413,0,3681.953,1.287,1.831,2.187,2.777,3.788,63.895,63.895,100.995,20,20,73,multiprocess_sample_only,,
yjit-off/puma-response-chunk-1kb/puma-1w-3t/repeat-3,yjit-off,false,puma-response-chunk-1kb,puma-response-time-wrk,puma/benchmarks/local/response_time_wrk,https://github.com/puma/puma/blob/main/benchmarks/local/response_time_wrk.rb,puma-1w-3t,3,puma,1,3,18141,1000,5.001,5.0,1000,7503,2.001,2.0,5,true,18141,0,3627.426,1.303,1.894,2.284,3.075,4.943,64.359,64.359,97.18,20,20,72,multiprocess_sample_only,,
yjit-off/puma-response-string-1kb/puma-1w-3t/repeat-3,yjit-off,false,puma-response-string-1kb,puma-response-time-wrk,puma/benchmarks/local/response_time_wrk,https://github.com/puma/puma/blob/main/benchmarks/local/response_time_wrk.rb,puma-1w-3t,3,puma,1,3,18593,1000,5.001,5.0,1000,7633,2.001,2.0,5,true,18593,0,3717.523,1.273,1.829,2.244,2.843,3.362,64.469,64.469,96.685,20,20,73,multiprocess_sample_only,,
yjit-off/puma-response-io-1kb/puma-1w-3t/repeat-3,yjit-off,false,puma-response-io-1kb,puma-response-time-wrk,puma/benchmarks/local/response_time_wrk,https://github.com/puma/puma/blob/main/benchmarks/local/response_time_wrk.rb,puma-1w-3t,3,puma,1,3,17628,1000,5.002,5.0,1000,7322,2.001,2.0,5,true,17628,0,3524.472,1.344,2.145,2.589,3.155,3.652,64.945,64.945,97.59,20,20,73,multiprocess_sample_only,,
yjit-off/puma-response-array-10kb/puma-1w-3t/repeat-3,yjit-off,false,puma-response-array-10kb,puma-response-time-wrk,puma/benchmarks/local/response_time_wrk,https://github.com/puma/puma/blob/main/benchmarks/local/response_time_wrk.rb,puma-1w-3t,3,puma,1,3,18040,1000,5.001,5.0,1000,7324,2.001,2.0,5,true,18040,0,3607.316,1.307,1.899,2.389,2.955,3.878,66.227,66.059,98.01,20,20,73,multiprocess_sample_only,,
yjit-off/puma-response-chunk-10kb/puma-1w-3t/repeat-3,yjit-off,false,puma-response-chunk-10kb,puma-response-time-wrk,puma/benchmarks/local/response_time_wrk,https://github.com/puma/puma/blob/main/benchmarks/local/response_time_wrk.rb,puma-1w-3t,3,puma,1,3,16116,1000,5.001,5.0,1000,6593,2.001,2.0,5,true,16116,0,3222.351,1.479,2.162,2.613,3.202,4.35,66.512,66.512,97.385,20,20,72,multiprocess_sample_only,,
yjit-off/puma-response-string-10kb/puma-1w-3t/repeat-3,yjit-off,false,puma-response-string-10kb,puma-response-time-wrk,puma/benchmarks/local/response_time_wrk,https://github.com/puma/puma/blob/main/benchmarks/local/response_time_wrk.rb,puma-1w-3t,3,puma,1,3,18412,1000,5.001,5.0,1000,7563,2.001,2.0,5,true,18412,0,3681.652,1.276,1.85,2.333,2.974,5.398,66.594,66.594,97.015,20,20,73,multiprocess_sample_only,,
yjit-off/puma-response-io-10kb/puma-1w-3t/repeat-3,yjit-off,false,puma-response-io-10kb,puma-response-time-wrk,puma/benchmarks/local/response_time_wrk,https://github.com/puma/puma/blob/main/benchmarks/local/response_time_wrk.rb,puma-1w-3t,3,puma,1,3,17928,1000,5.001,5.0,1000,7232,2.001,2.0,5,true,17928,0,3584.961,1.323,2.051,2.509,3.083,3.82,68.172,67.551,97.53,20,20,74,multiprocess_sample_only,,
yjit-off/puma-response-array-100kb/puma-1w-3t/repeat-3,yjit-off,false,puma-response-array-100kb,puma-response-time-wrk,puma/benchmarks/local/response_time_wrk,https://github.com/puma/puma/blob/main/benchmarks/local/response_time_wrk.rb,puma-1w-3t,3,puma,1,3,14877,1000,5.001,5.0,1000,6101,2.001,2.0,5,true,14877,0,2974.581,1.597,2.26,2.768,3.347,4.042,77.395,74.617,97.73,20,20,72,multiprocess_sample_only,,
yjit-off/puma-response-chunk-100kb/puma-1w-3t/repeat-3,yjit-off,false,puma-response-chunk-100kb,puma-response-time-wrk,puma/benchmarks/local/response_time_wrk,https://github.com/puma/puma/blob/main/benchmarks/local/response_time_wrk.rb,puma-1w-3t,3,puma,1,3,7915,1000,5.002,5.0,1000,3261,2.002,2.0,5,true,7915,0,1582.32,3.071,3.931,5.658,6.355,7.026,72.23,71.445,96.38,20,20,68,multiprocess_sample_only,,
yjit-off/puma-response-string-100kb/puma-1w-3t/repeat-3,yjit-off,false,puma-response-string-100kb,puma-response-time-wrk,puma/benchmarks/local/response_time_wrk,https://github.com/puma/puma/blob/main/benchmarks/local/response_time_wrk.rb,puma-1w-3t,3,puma,1,3,15010,1000,5.001,5.0,1000,6179,2.001,2.0,5,true,15010,0,3001.205,1.569,2.275,2.954,3.586,4.348,76.559,75.473,95.47,20,20,72,multiprocess_sample_only,,
yjit-off/puma-response-io-100kb/puma-1w-3t/repeat-3,yjit-off,false,puma-response-io-100kb,puma-response-time-wrk,puma/benchmarks/local/response_time_wrk,https://github.com/puma/puma/blob/main/benchmarks/local/response_time_wrk.rb,puma-1w-3t,3,puma,1,3,14935,1000,5.001,5.0,1000,6105,2.001,2.0,5,true,14935,0,2986.248,1.48,2.15,2.887,41.984,43.317,67.387,67.324,95.385,20,20,72,multiprocess_sample_only,,
yjit-off/puma-response-array-256kb/puma-1w-3t/repeat-3,yjit-off,false,puma-response-array-256kb,puma-response-time-wrk,puma/benchmarks/local/response_time_wrk,https://github.com/puma/puma/blob/main/benchmarks/local/response_time_wrk.rb,puma-1w-3t,3,puma,1,3,11019,1000,5.002,5.0,1000,4415,2.001,2.0,5,true,11019,0,2203.102,2.023,3.291,5.144,15.236,17.67,97.199,95.168,95.165,20,20,71,multiprocess_sample_only,,
yjit-off/puma-response-chunk-256kb/puma-1w-3t/repeat-3,yjit-off,false,puma-response-chunk-256kb,puma-response-time-wrk,puma/benchmarks/local/response_time_wrk,https://github.com/puma/puma/blob/main/benchmarks/local/response_time_wrk.rb,puma-1w-3t,3,puma,1,3,4491,1000,5.005,5.0,1000,1819,2.005,2.0,5,true,4491,0,897.302,5.477,7.293,10.3,11.043,11.341,75.84,74.961,93.785,20,20,64,multiprocess_sample_only,,
yjit-off/puma-response-string-256kb/puma-1w-3t/repeat-3,yjit-off,false,puma-response-string-256kb,puma-response-time-wrk,puma/benchmarks/local/response_time_wrk,https://github.com/puma/puma/blob/main/benchmarks/local/response_time_wrk.rb,puma-1w-3t,3,puma,1,3,11050,1000,5.002,5.0,1000,4607,2.003,2.0,5,true,11050,0,2209.262,1.98,3.53,5.581,15.533,18.011,71.746,71.371,92.23,20,20,70,multiprocess_sample_only,,
yjit-off/puma-response-io-256kb/puma-1w-3t/repeat-3,yjit-off,false,puma-response-io-256kb,puma-response-time-wrk,puma/benchmarks/local/response_time_wrk,https://github.com/puma/puma/blob/main/benchmarks/local/response_time_wrk.rb,puma-1w-3t,3,puma,1,3,11037,1000,5.003,5.0,1000,4524,2.002,2.0,5,true,11037,0,2206.094,1.996,3.472,5.603,14.764,43.322,71.621,71.621,90.895,20,20,70,multiprocess_sample_only,,
yjit-off/puma-response-array-512kb/puma-1w-3t/repeat-3,yjit-off,false,puma-response-array-512kb,puma-response-time-wrk,puma/benchmarks/local/response_time_wrk,https://github.com/puma/puma/blob/main/benchmarks/local/response_time_wrk.rb,puma-1w-3t,3,puma,1,3,8433,1000,5.003,5.0,1000,3295,2.002,2.0,5,true,8433,0,1685.633,2.62,4.343,15.221,18.945,20.126,140.41,118.422,90.55,20,20,71,multiprocess_sample_only,,
yjit-off/puma-response-chunk-512kb/puma-1w-3t/repeat-3,yjit-off,false,puma-response-chunk-512kb,puma-response-time-wrk,puma/benchmarks/local/response_time_wrk,https://github.com/puma/puma/blob/main/benchmarks/local/response_time_wrk.rb,puma-1w-3t,3,puma,1,3,2451,1000,5.011,5.0,1000,1024,2.008,2.0,5,true,2451,0,489.134,9.992,12.97,18.647,21.079,22.519,78.129,77.023,89.61,20,20,55,multiprocess_sample_only,,
yjit-off/puma-response-string-512kb/puma-1w-3t/repeat-3,yjit-off,false,puma-response-string-512kb,puma-response-time-wrk,puma/benchmarks/local/response_time_wrk,https://github.com/puma/puma/blob/main/benchmarks/local/response_time_wrk.rb,puma-1w-3t,3,puma,1,3,8515,1000,5.002,5.0,1000,3387,2.002,2.0,5,true,8515,0,1702.426,2.554,4.632,15.262,18.612,19.697,74.895,74.895,88.205,20,20,68,multiprocess_sample_only,,
yjit-off/puma-response-io-512kb/puma-1w-3t/repeat-3,yjit-off,false,puma-response-io-512kb,puma-response-time-wrk,puma/benchmarks/local/response_time_wrk,https://github.com/puma/puma/blob/main/benchmarks/local/response_time_wrk.rb,puma-1w-3t,3,puma,1,3,8857,1000,5.002,5.0,1000,3490,2.002,2.0,5,true,8857,0,1770.661,2.451,4.367,14.877,17.37,207.785,74.957,74.957,86.78,20,20,68,multiprocess_sample_only,,
yjit-off/puma-response-array-1024kb/puma-1w-3t/repeat-3,yjit-off,false,puma-response-array-1024kb,puma-response-time-wrk,puma/benchmarks/local/response_time_wrk,https://github.com/puma/puma/blob/main/benchmarks/local/response_time_wrk.rb,puma-1w-3t,3,puma,1,3,5422,1000,5.003,5.0,1000,2134,2.004,2.0,5,true,5422,0,1083.772,4.291,7.152,18.135,21.466,22.431,130.574,113.758,86.56,20,20,72,multiprocess_sample_only,,
yjit-off/puma-response-chunk-1024kb/puma-1w-3t/repeat-3,yjit-off,false,puma-response-chunk-1024kb,puma-response-time-wrk,puma/benchmarks/local/response_time_wrk,https://github.com/puma/puma/blob/main/benchmarks/local/response_time_wrk.rb,puma-1w-3t,3,puma,1,3,1400,1000,5.016,5.0,1000,1000,3.558,2.0,5,true,1400,0,279.117,17.722,19.694,32.337,33.292,34.1,78.191,78.191,85.695,20,20,46,multiprocess_sample_only,,
yjit-off/puma-response-string-1024kb/puma-1w-3t/repeat-3,yjit-off,false,puma-response-string-1024kb,puma-response-time-wrk,puma/benchmarks/local/response_time_wrk,https://github.com/puma/puma/blob/main/benchmarks/local/response_time_wrk.rb,puma-1w-3t,3,puma,1,3,5812,1000,5.009,5.0,1000,2366,2.003,2.0,5,true,5812,0,1160.3,3.71,6.826,18.503,22.299,24.388,76.273,76.273,84.36,20,20,63,multiprocess_sample_only,,
yjit-off/puma-response-io-1024kb/puma-1w-3t/repeat-3,yjit-off,false,puma-response-io-1024kb,puma-response-time-wrk,puma/benchmarks/local/response_time_wrk,https://github.com/puma/puma/blob/main/benchmarks/local/response_time_wrk.rb,puma-1w-3t,3,puma,1,3,5725,1000,5.007,5.0,1000,2365,2.003,2.0,5,true,5725,0,1143.287,3.8,6.799,18.221,22.954,228.136,76.344,76.344,82.7,20,20,64,multiprocess_sample_only,,
yjit-off/puma-response-array-2048kb/puma-1w-3t/repeat-3,yjit-off,false,puma-response-array-2048kb,puma-response-time-wrk,puma/benchmarks/local/response_time_wrk,https://github.com/puma/puma/blob/main/benchmarks/local/response_time_wrk.rb,puma-1w-3t,3,puma,1,3,3176,1000,5.009,5.0,1000,1280,2.007,2.0,5,true,3176,0,634.043,7.796,12.859,14.195,18.393,21.177,102.949,84.621,82.55,20,20,73,multiprocess_sample_only,,
yjit-off/puma-response-chunk-2048kb/puma-1w-3t/repeat-3,yjit-off,false,puma-response-chunk-2048kb,puma-response-time-wrk,puma/benchmarks/local/response_time_wrk,https://github.com/puma/puma/blob/main/benchmarks/local/response_time_wrk.rb,puma-1w-3t,3,puma,1,3,1000,1000,6.794,5.0,1000,1000,6.716,2.0,5,true,1000,0,147.192,33.778,35.148,61.444,63.254,63.45,85.758,81.484,81.45,20,20,48,multiprocess_sample_only,,
yjit-off/puma-response-string-2048kb/puma-1w-3t/repeat-3,yjit-off,false,puma-response-string-2048kb,puma-response-time-wrk,puma/benchmarks/local/response_time_wrk,https://github.com/puma/puma/blob/main/benchmarks/local/response_time_wrk.rb,puma-1w-3t,3,puma,1,3,3861,1000,5.006,5.0,1000,1588,2.006,2.0,5,true,3861,0,771.226,6.168,10.737,12.173,13.05,14.09,83.566,83.566,80.16,20,20,62,multiprocess_sample_only,,
yjit-off/puma-response-io-2048kb/puma-1w-3t/repeat-3,yjit-off,false,puma-response-io-2048kb,puma-response-time-wrk,puma/benchmarks/local/response_time_wrk,https://github.com/puma/puma/blob/main/benchmarks/local/response_time_wrk.rb,puma-1w-3t,3,puma,1,3,4040,1000,5.005,5.0,1000,1602,2.005,2.0,5,true,4040,0,807.161,6.025,9.356,11.436,12.17,12.978,83.629,83.629,78.6,20,20,62,multiprocess_sample_only,,
yjit-off/puma-long-tail-fib-200ms-x6p0/puma-1w-3t/repeat-3,yjit-off,false,puma-long-tail-fib-200ms-x6p0,puma-long-tail-hey,puma/benchmarks/local/long_tail_hey + test/rackup/sleep_fibonacci,https://github.com/puma/puma/blob/main/benchmarks/local/long_tail_hey.rb,puma-1w-3t,3,puma,1,3,360,360,50.725,5.0,360,360,50.885,2.0,18,true,360,0,7.097,2535.808,2550.019,2552.893,2559.46,2559.55,102.824,102.824,83.895,20,20,744,multiprocess_sample_only,,
yjit-off/puma-long-tail-fib-200ms-x4p0/puma-1w-3t/repeat-3,yjit-off,false,puma-long-tail-fib-200ms-x4p0,puma-long-tail-hey,puma/benchmarks/local/long_tail_hey + test/rackup/sleep_fibonacci,https://github.com/puma/puma/blob/main/benchmarks/local/long_tail_hey.rb,puma-1w-3t,3,puma,1,3,240,240,33.844,5.0,240,240,33.887,2.0,12,true,240,0,7.091,1691.888,1706.094,1714.681,1715.816,1715.969,103.523,103.523,87.34,20,20,496,multiprocess_sample_only,,
yjit-off/puma-long-tail-fib-200ms-x3p0/puma-1w-3t/repeat-3,yjit-off,false,puma-long-tail-fib-200ms-x3p0,puma-long-tail-hey,puma/benchmarks/local/long_tail_hey + test/rackup/sleep_fibonacci,https://github.com/puma/puma/blob/main/benchmarks/local/long_tail_hey.rb,puma-1w-3t,3,puma,1,3,180,180,25.372,5.0,180,180,25.434,2.0,9,true,180,0,7.094,1268.084,1281.811,1291.19,1293.632,1293.694,106.152,106.152,89.01,20,20,373,multiprocess_sample_only,,
yjit-off/puma-long-tail-fib-200ms-x2p0/puma-1w-3t/repeat-3,yjit-off,false,puma-long-tail-fib-200ms-x2p0,puma-long-tail-hey,puma/benchmarks/local/long_tail_hey + test/rackup/sleep_fibonacci,https://github.com/puma/puma/blob/main/benchmarks/local/long_tail_hey.rb,puma-1w-3t,3,puma,1,3,120,120,16.915,5.0,120,120,16.957,2.0,6,true,120,0,7.094,845.458,859.12,861.546,863.669,863.909,106.219,106.219,89.93,20,20,249,multiprocess_sample_only,,
yjit-off/puma-long-tail-fib-200ms-x1p5/puma-1w-3t/repeat-3,yjit-off,false,puma-long-tail-fib-200ms-x1p5,puma-long-tail-hey,puma/benchmarks/local/long_tail_hey + test/rackup/sleep_fibonacci,https://github.com/puma/puma/blob/main/benchmarks/local/long_tail_hey.rb,puma-1w-3t,3,puma,1,3,100,100,14.099,5.0,100,100,14.18,2.0,5,true,100,0,7.093,810.563,847.091,848.986,853.981,854.536,106.223,106.223,90.53,20,20,208,multiprocess_sample_only,,
yjit-off/puma-long-tail-fib-200ms-x1p0/puma-1w-3t/repeat-3,yjit-off,false,puma-long-tail-fib-200ms-x1p0,puma-long-tail-hey,puma/benchmarks/local/long_tail_hey + test/rackup/sleep_fibonacci,https://github.com/puma/puma/blob/main/benchmarks/local/long_tail_hey.rb,puma-1w-3t,3,puma,1,3,60,60,8.456,5.0,60,60,8.47,2.0,3,true,60,0,7.096,422.381,425.294,430.003,434.962,435.513,102.258,102.258,90.885,20,20,125,multiprocess_sample_only,,
yjit-off/puma-long-tail-fib-200ms-x0p5/puma-1w-3t/repeat-3,yjit-off,false,puma-long-tail-fib-200ms-x0p5,puma-long-tail-hey,puma/benchmarks/local/long_tail_hey + test/rackup/sleep_fibonacci,https://github.com/puma/puma/blob/main/benchmarks/local/long_tail_hey.rb,puma-1w-3t,3,puma,1,3,40,40,5.635,5.0,40,40,5.636,2.0,2,true,40,0,7.099,281.589,282.697,282.95,283.07,283.083,102.258,102.258,91.115,20,20,84,multiprocess_sample_only,,
yjit-off/puma-sleep-fibonacci-1ms/puma-1w-3t/repeat-3,yjit-off,false,puma-sleep-fibonacci-1ms,puma-sleep-fibonacci-test,puma/benchmarks/local/sleep_fibonacci_test + test/rackup/sleep_fibonacci,https://github.com/puma/puma/blob/main/benchmarks/local/sleep_fibonacci_test.rb,puma-1w-3t,3,puma,1,3,3664,10,5.0,5.0,10,1457,2.001,2.0,1,true,3664,0,732.748,1.333,1.447,1.678,2.226,2.604,110.43,110.43,90.98,20,20,75,multiprocess_sample_only,,
yjit-off/puma-sleep-fibonacci-5ms/puma-1w-3t/repeat-3,yjit-off,false,puma-sleep-fibonacci-5ms,puma-sleep-fibonacci-test,puma/benchmarks/local/sleep_fibonacci_test + test/rackup/sleep_fibonacci,https://github.com/puma/puma/blob/main/benchmarks/local/sleep_fibonacci_test.rb,puma-1w-3t,3,puma,1,3,947,10,5.004,5.0,10,379,2.003,2.0,1,true,947,0,189.23,5.25,5.353,5.467,6.116,6.135,111.184,111.184,90.725,20,20,75,multiprocess_sample_only,,
yjit-off/puma-sleep-fibonacci-10ms/puma-1w-3t/repeat-3,yjit-off,false,puma-sleep-fibonacci-10ms,puma-sleep-fibonacci-test,puma/benchmarks/local/sleep_fibonacci_test + test/rackup/sleep_fibonacci,https://github.com/puma/puma/blob/main/benchmarks/local/sleep_fibonacci_test.rb,puma-1w-3t,3,puma,1,3,485,10,5.003,5.0,10,195,2.005,2.0,1,true,485,0,96.945,10.277,10.382,10.639,10.957,11.103,115.602,115.602,90.465,20,20,75,multiprocess_sample_only,,
yjit-off/puma-sleep-fibonacci-50ms/puma-1w-3t/repeat-3,yjit-off,false,puma-sleep-fibonacci-50ms,puma-sleep-fibonacci-test,puma/benchmarks/local/sleep_fibonacci_test + test/rackup/sleep_fibonacci,https://github.com/puma/puma/blob/main/benchmarks/local/sleep_fibonacci_test.rb,puma-1w-3t,3,puma,1,3,99,10,5.004,5.0,10,40,2.019,2.0,1,true,99,0,19.786,50.482,50.631,50.867,50.979,50.991,115.602,115.602,90.21,20,20,75,multiprocess_sample_only,,
yjit-off/puma-sleep-fibonacci-100ms/puma-1w-3t/repeat-3,yjit-off,false,puma-sleep-fibonacci-100ms,puma-sleep-fibonacci-test,puma/benchmarks/local/sleep_fibonacci_test + test/rackup/sleep_fibonacci,https://github.com/puma/puma/blob/main/benchmarks/local/sleep_fibonacci_test.rb,puma-1w-3t,3,puma,1,3,50,10,5.031,5.0,10,20,2.014,2.0,1,true,50,0,9.938,100.561,100.721,100.792,100.824,100.828,116.359,116.359,89.95,20,20,75,multiprocess_sample_only,,
yjit-off/puma-sleep-fibonacci-200ms/puma-1w-3t/repeat-3,yjit-off,false,puma-sleep-fibonacci-200ms,puma-sleep-fibonacci-test,puma/benchmarks/local/sleep_fibonacci_test + test/rackup/sleep_fibonacci,https://github.com/puma/puma/blob/main/benchmarks/local/sleep_fibonacci_test.rb,puma-1w-3t,3,puma,1,3,25,10,5.017,5.0,10,10,2.008,2.0,1,true,25,0,4.983,200.591,200.74,201.508,201.722,201.746,117.754,117.754,89.695,20,20,75,multiprocess_sample_only,,
yjit-on/puma-response-array-1kb/raptor-3r/repeat-1,yjit-on,true,puma-response-array-1kb,puma-response-time-wrk,puma/benchmarks/local/response_time_wrk,https://github.com/puma/puma/blob/main/benchmarks/local/response_time_wrk.rb,raptor-3r,3,raptor,3,,1000,1000,16.117,5.0,1000,1000,16.159,2.0,5,true,1000,0,62.047,40.978,41.961,42.292,4028.146,4035.678,28.992,28.992,3.1,20,20,237,same_worker,31,719300
yjit-on/puma-response-chunk-1kb/raptor-3r/repeat-1,yjit-on,true,puma-response-chunk-1kb,puma-response-time-wrk,puma/benchmarks/local/response_time_wrk,https://github.com/puma/puma/blob/main/benchmarks/local/response_time_wrk.rb,raptor-3r,3,raptor,3,,1000,1000,16.099,5.0,1000,1000,16.119,2.0,5,true,1000,0,62.116,40.977,41.858,42.225,4023.76,4027.573,29.258,29.258,2.48,20,20,237,same_worker,30,714209
yjit-on/puma-response-string-1kb/raptor-3r/repeat-1,yjit-on,true,puma-response-string-1kb,puma-response-time-wrk,puma/benchmarks/local/response_time_wrk,https://github.com/puma/puma/blob/main/benchmarks/local/response_time_wrk.rb,raptor-3r,3,raptor,3,,1000,1000,16.106,5.0,1000,1000,16.124,2.0,5,true,1000,0,62.089,40.979,41.951,42.177,4025.421,4026.442,29.352,29.352,2.3,20,20,237,same_worker,30,719237
yjit-on/puma-response-io-1kb/raptor-3r/repeat-1,yjit-on,true,puma-response-io-1kb,puma-response-time-wrk,puma/benchmarks/local/response_time_wrk,https://github.com/puma/puma/blob/main/benchmarks/local/response_time_wrk.rb,raptor-3r,3,raptor,3,,1000,1000,16.104,5.0,1000,1000,16.117,2.0,5,true,1000,0,62.097,40.98,41.965,42.27,4027.506,4030.179,29.512,29.512,2.285,20,20,237,same_worker,31,727243
yjit-on/puma-response-array-10kb/raptor-3r/repeat-1,yjit-on,true,puma-response-array-10kb,puma-response-time-wrk,puma/benchmarks/local/response_time_wrk,https://github.com/puma/puma/blob/main/benchmarks/local/response_time_wrk.rb,raptor-3r,3,raptor,3,,1000,1000,16.098,5.0,1000,1000,16.108,2.0,5,true,1000,0,62.12,40.979,41.761,42.183,4024.967,4027.598,29.566,29.566,2.2,20,20,238,same_worker,32,719249
yjit-on/puma-response-chunk-10kb/raptor-3r/repeat-1,yjit-on,true,puma-response-chunk-10kb,puma-response-time-wrk,puma/benchmarks/local/response_time_wrk,https://github.com/puma/puma/blob/main/benchmarks/local/response_time_wrk.rb,raptor-3r,3,raptor,3,,1000,1000,16.099,5.0,1000,1000,16.164,2.0,5,true,1000,0,62.114,40.973,41.897,42.137,4023.408,4029.215,29.57,29.57,2.2,20,20,237,same_worker,32,714773
yjit-on/puma-response-string-10kb/raptor-3r/repeat-1,yjit-on,true,puma-response-string-10kb,puma-response-time-wrk,puma/benchmarks/local/response_time_wrk,https://github.com/puma/puma/blob/main/benchmarks/local/response_time_wrk.rb,raptor-3r,3,raptor,3,,1000,1000,16.104,5.0,1000,1000,16.132,2.0,5,true,1000,0,62.095,40.978,41.922,42.303,4023.558,4028.033,29.578,29.578,2.2,20,20,237,same_worker,32,719243
yjit-on/puma-response-io-10kb/raptor-3r/repeat-1,yjit-on,true,puma-response-io-10kb,puma-response-time-wrk,puma/benchmarks/local/response_time_wrk,https://github.com/puma/puma/blob/main/benchmarks/local/response_time_wrk.rb,raptor-3r,3,raptor,3,,1000,1000,16.107,5.0,1000,1000,16.11,2.0,5,true,1000,0,62.085,40.979,41.954,42.147,4026.416,4030.307,29.852,29.852,2.2,20,20,237,same_worker,33,745237
yjit-on/puma-response-array-100kb/raptor-3r/repeat-1,yjit-on,true,puma-response-array-100kb,puma-response-time-wrk,puma/benchmarks/local/response_time_wrk,https://github.com/puma/puma/blob/main/benchmarks/local/response_time_wrk.rb,raptor-3r,3,raptor,3,,1000,1000,15.158,5.0,1000,1000,13.888,2.0,5,true,1000,0,65.971,40.963,41.956,42.023,3866.073,3939.236,29.871,29.871,2.28,20,20,223,same_worker,33,719798
yjit-on/puma-response-chunk-100kb/raptor-3r/repeat-1,yjit-on,true,puma-response-chunk-100kb,puma-response-time-wrk,puma/benchmarks/local/response_time_wrk,https://github.com/puma/puma/blob/main/benchmarks/local/response_time_wrk.rb,raptor-3r,3,raptor,3,,1000,1000,15.126,5.0,1000,1000,14.723,2.0,5,true,1000,0,66.112,40.966,41.969,42.764,3863.163,3908.82,29.938,29.938,2.36,20,20,222,same_worker,33,716249
yjit-on/puma-response-string-100kb/raptor-3r/repeat-1,yjit-on,true,puma-response-string-100kb,puma-response-time-wrk,puma/benchmarks/local/response_time_wrk,https://github.com/puma/puma/blob/main/benchmarks/local/response_time_wrk.rb,raptor-3r,3,raptor,3,,13736,1000,5.001,5.0,1000,5724,2.001,2.0,5,true,13736,0,2746.564,0.995,1.772,6.523,106.988,115.662,30.5,30.5,3.49,20,20,72,same_worker,509,9875603
yjit-on/puma-response-io-100kb/raptor-3r/repeat-1,yjit-on,true,puma-response-io-100kb,puma-response-time-wrk,puma/benchmarks/local/response_time_wrk,https://github.com/puma/puma/blob/main/benchmarks/local/response_time_wrk.rb,raptor-3r,3,raptor,3,,1000,1000,15.381,5.0,1000,1000,14.304,2.0,5,true,1000,0,65.015,40.966,41.982,42.575,3823.692,3836.695,33.461,33.461,4.1,20,20,226,same_worker,55,924126
yjit-on/puma-response-array-256kb/raptor-3r/repeat-1,yjit-on,true,puma-response-array-256kb,puma-response-time-wrk,puma/benchmarks/local/response_time_wrk,https://github.com/puma/puma/blob/main/benchmarks/local/response_time_wrk.rb,raptor-3r,3,raptor,3,,1000,1000,8.947,5.0,1000,1000,8.015,2.0,5,true,1000,0,111.768,40.949,42.231,43.386,2440.839,3010.742,33.461,33.461,4.235,20,20,132,same_worker,41,718178
yjit-on/puma-response-chunk-256kb/raptor-3r/repeat-1,yjit-on,true,puma-response-chunk-256kb,puma-response-time-wrk,puma/benchmarks/local/response_time_wrk,https://github.com/puma/puma/blob/main/benchmarks/local/response_time_wrk.rb,raptor-3r,3,raptor,3,,1000,1000,9.786,5.0,1000,1000,9.169,2.0,5,true,1000,0,102.184,40.953,42.227,43.427,2380.088,2672.248,33.461,33.461,4.4,20,20,144,same_worker,41,716243
yjit-on/puma-response-string-256kb/raptor-3r/repeat-1,yjit-on,true,puma-response-string-256kb,puma-response-time-wrk,puma/benchmarks/local/response_time_wrk,https://github.com/puma/puma/blob/main/benchmarks/local/response_time_wrk.rb,raptor-3r,3,raptor,3,,10013,1000,5.002,5.0,1000,3978,2.002,2.0,5,true,10013,0,2001.809,1.276,2.515,26.061,140.451,209.907,33.816,33.816,5.13,20,20,72,same_worker,326,7201292
yjit-on/puma-response-io-256kb/raptor-3r/repeat-1,yjit-on,true,puma-response-io-256kb,puma-response-time-wrk,puma/benchmarks/local/response_time_wrk,https://github.com/puma/puma/blob/main/benchmarks/local/response_time_wrk.rb,raptor-3r,3,raptor,3,,1000,1000,12.407,5.0,1000,1000,10.193,2.0,5,true,1000,0,80.599,41.819,42.974,44.515,3502.224,3503.894,40.5,40.5,5.64,20,20,183,same_worker,61,1237867
yjit-on/puma-response-array-512kb/raptor-3r/repeat-1,yjit-on,true,puma-response-array-512kb,puma-response-time-wrk,puma/benchmarks/local/response_time_wrk,https://github.com/puma/puma/blob/main/benchmarks/local/response_time_wrk.rb,raptor-3r,3,raptor,3,,1000,1000,11.644,5.0,1000,1000,13.663,2.0,5,true,1000,0,85.88,41.882,42.974,44.676,2875.295,2916.783,40.508,40.508,5.76,20,20,171,same_worker,32,719237
yjit-on/puma-response-chunk-512kb/raptor-3r/repeat-1,yjit-on,true,puma-response-chunk-512kb,puma-response-time-wrk,puma/benchmarks/local/response_time_wrk,https://github.com/puma/puma/blob/main/benchmarks/local/response_time_wrk.rb,raptor-3r,3,raptor,3,,1000,1000,12.095,5.0,1000,1000,13.329,2.0,5,true,1000,0,82.677,41.932,42.938,43.809,2980.982,3326.522,40.508,40.508,5.9,20,20,179,same_worker,33,716249
yjit-on/puma-response-string-512kb/raptor-3r/repeat-1,yjit-on,true,puma-response-string-512kb,puma-response-time-wrk,puma/benchmarks/local/response_time_wrk,https://github.com/puma/puma/blob/main/benchmarks/local/response_time_wrk.rb,raptor-3r,3,raptor,3,,7376,1000,5.002,5.0,1000,3086,2.003,2.0,5,true,7376,0,1474.507,1.605,3.267,87.063,204.161,274.386,40.516,40.516,6.385,20,20,71,same_worker,255,5302287
yjit-on/puma-response-io-512kb/raptor-3r/repeat-1,yjit-on,true,puma-response-io-512kb,puma-response-time-wrk,puma/benchmarks/local/response_time_wrk,https://github.com/puma/puma/blob/main/benchmarks/local/response_time_wrk.rb,raptor-3r,3,raptor,3,,1000,1000,14.414,5.0,1000,1000,14.613,2.0,5,true,1000,0,69.377,41.975,43.36,44.549,3530.166,3549.938,43.465,43.465,6.83,20,20,212,same_worker,104,1749243
yjit-on/puma-response-array-1024kb/raptor-3r/repeat-1,yjit-on,true,puma-response-array-1024kb,puma-response-time-wrk,puma/benchmarks/local/response_time_wrk,https://github.com/puma/puma/blob/main/benchmarks/local/response_time_wrk.rb,raptor-3r,3,raptor,3,,1000,1000,14.801,5.0,1000,1000,14.582,2.0,5,true,1000,0,67.564,41.975,43.8,45.699,3673.348,3782.198,43.465,43.465,7.06,20,20,218,same_worker,37,719243
yjit-on/puma-response-chunk-1024kb/raptor-3r/repeat-1,yjit-on,true,puma-response-chunk-1024kb,puma-response-time-wrk,puma/benchmarks/local/response_time_wrk,https://github.com/puma/puma/blob/main/benchmarks/local/response_time_wrk.rb,raptor-3r,3,raptor,3,,1000,1000,14.609,5.0,1000,1000,14.891,2.0,5,true,1000,0,68.452,41.972,44.221,49.087,3514.35,3533.933,43.465,43.465,7.275,20,20,215,same_worker,38,716791
yjit-on/puma-response-string-1024kb/raptor-3r/repeat-1,yjit-on,true,puma-response-string-1024kb,puma-response-time-wrk,puma/benchmarks/local/response_time_wrk,https://github.com/puma/puma/blob/main/benchmarks/local/response_time_wrk.rb,raptor-3r,3,raptor,3,,5513,1000,5.005,5.0,1000,2256,2.003,2.0,5,true,5513,0,1101.535,2.317,4.756,21.38,264.272,281.783,45.977,45.977,7.65,20,20,69,same_worker,219,3967531
yjit-on/puma-response-io-1024kb/raptor-3r/repeat-1,yjit-on,true,puma-response-io-1024kb,puma-response-time-wrk,puma/benchmarks/local/response_time_wrk,https://github.com/puma/puma/blob/main/benchmarks/local/response_time_wrk.rb,raptor-3r,3,raptor,3,,1000,1000,15.903,5.0,1000,1000,15.925,2.0,5,true,1000,0,62.88,42.98,45.179,48.727,3931.868,3981.086,51.672,51.664,8.215,20,20,234,same_worker,146,2773249
yjit-on/puma-response-array-2048kb/raptor-3r/repeat-1,yjit-on,true,puma-response-array-2048kb,puma-response-time-wrk,puma/benchmarks/local/response_time_wrk,https://github.com/puma/puma/blob/main/benchmarks/local/response_time_wrk.rb,raptor-3r,3,raptor,3,,1000,1000,15.146,5.0,1000,1000,15.172,2.0,5,true,1000,0,66.026,43.082,46.359,49.111,3716.531,3794.172,51.664,51.664,8.78,20,20,223,same_worker,30,717846
yjit-on/puma-response-chunk-2048kb/raptor-3r/repeat-1,yjit-on,true,puma-response-chunk-2048kb,puma-response-time-wrk,puma/benchmarks/local/response_time_wrk,https://github.com/puma/puma/blob/main/benchmarks/local/response_time_wrk.rb,raptor-3r,3,raptor,3,,1000,1000,14.956,5.0,1000,1000,15.603,2.0,5,true,1000,0,66.865,43.051,47.028,49.46,3691.206,3843.023,51.664,51.664,9.315,20,20,220,same_worker,30,716237
yjit-on/puma-response-string-2048kb/raptor-3r/repeat-1,yjit-on,true,puma-response-string-2048kb,puma-response-time-wrk,puma/benchmarks/local/response_time_wrk,https://github.com/puma/puma/blob/main/benchmarks/local/response_time_wrk.rb,raptor-3r,3,raptor,3,,3695,1000,5.006,5.0,1000,1448,2.005,2.0,5,true,3695,0,738.049,3.855,6.853,24.177,391.377,416.201,57.676,57.676,9.64,20,20,67,same_worker,117,2657082
yjit-on/puma-response-io-2048kb/raptor-3r/repeat-1,yjit-on,true,puma-response-io-2048kb,puma-response-time-wrk,puma/benchmarks/local/response_time_wrk,https://github.com/puma/puma/blob/main/benchmarks/local/response_time_wrk.rb,raptor-3r,3,raptor,3,,1000,1000,16.749,5.0,1000,1000,17.3,2.0,5,true,1000,0,59.704,44.992,50.114,57.772,4293.557,4342.42,68.223,68.223,10.615,20,20,246,same_worker,282,4821425
yjit-on/puma-long-tail-fib-200ms-x6p0/raptor-3r/repeat-1,yjit-on,true,puma-long-tail-fib-200ms-x6p0,puma-long-tail-hey,puma/benchmarks/local/long_tail_hey + test/rackup/sleep_fibonacci,https://github.com/puma/puma/blob/main/benchmarks/local/long_tail_hey.rb,raptor-3r,3,raptor,3,,363,360,28.987,5.0,360,360,28.76,2.0,18,true,363,0,12.523,241.598,242.496,19599.433,24389.547,24389.647,68.664,68.664,20.33,20,20,424,same_worker,2,61537
yjit-on/puma-long-tail-fib-200ms-x4p0/raptor-3r/repeat-1,yjit-on,true,puma-long-tail-fib-200ms-x4p0,puma-long-tail-hey,puma/benchmarks/local/long_tail_hey + test/rackup/sleep_fibonacci,https://github.com/puma/puma/blob/main/benchmarks/local/long_tail_hey.rb,raptor-3r,3,raptor,3,,243,240,19.405,5.0,240,240,19.164,2.0,12,true,243,0,12.523,241.571,242.831,12800.326,14811.852,14811.891,68.684,68.684,28.86,20,20,285,same_worker,2,44110
yjit-on/puma-long-tail-fib-200ms-x3p0/raptor-3r/repeat-1,yjit-on,true,puma-long-tail-fib-200ms-x3p0,puma-long-tail-hey,puma/benchmarks/local/long_tail_hey + test/rackup/sleep_fibonacci,https://github.com/puma/puma/blob/main/benchmarks/local/long_tail_hey.rb,raptor-3r,3,raptor,3,,183,180,14.619,5.0,180,180,14.379,2.0,9,true,183,0,12.518,241.67,242.619,10021.906,10022.539,10022.602,68.699,68.699,34.485,20,20,216,same_worker,1,29887
yjit-on/puma-long-tail-fib-200ms-x2p0/raptor-3r/repeat-1,yjit-on,true,puma-long-tail-fib-200ms-x2p0,puma-long-tail-hey,puma/benchmarks/local/long_tail_hey + test/rackup/sleep_fibonacci,https://github.com/puma/puma/blob/main/benchmarks/local/long_tail_hey.rb,raptor-3r,3,raptor,3,,123,120,9.827,5.0,120,120,9.588,2.0,6,true,123,0,12.517,241.627,242.41,5231.649,5232.332,5232.363,68.699,68.699,38.125,20,20,145,same_worker,1,22257
yjit-on/puma-long-tail-fib-200ms-x1p5/raptor-3r/repeat-1,yjit-on,true,puma-long-tail-fib-200ms-x1p5,puma-long-tail-hey,puma/benchmarks/local/long_tail_hey + test/rackup/sleep_fibonacci,https://github.com/puma/puma/blob/main/benchmarks/local/long_tail_hey.rb,raptor-3r,3,raptor,3,,103,100,9.831,5.0,100,100,9.591,2.0,5,true,103,0,10.477,241.755,242.727,5137.573,5238.898,5239.062,68.699,68.699,40.82,20,20,146,same_worker,0,16561
yjit-on/puma-long-tail-fib-200ms-x1p0/raptor-3r/repeat-1,yjit-on,true,puma-long-tail-fib-200ms-x1p0,puma-long-tail-hey,puma/benchmarks/local/long_tail_hey + test/rackup/sleep_fibonacci,https://github.com/puma/puma/blob/main/benchmarks/local/long_tail_hey.rb,raptor-3r,3,raptor,3,,63,60,5.038,5.0,60,60,4.793,2.0,3,true,63,0,12.505,241.8,242.439,242.625,242.829,242.852,68.703,68.703,42.47,20,20,75,same_worker,0,9502
yjit-on/puma-long-tail-fib-200ms-x0p5/raptor-3r/repeat-1,yjit-on,true,puma-long-tail-fib-200ms-x0p5,puma-long-tail-hey,puma/benchmarks/local/long_tail_hey + test/rackup/sleep_fibonacci,https://github.com/puma/puma/blob/main/benchmarks/local/long_tail_hey.rb,raptor-3r,3,raptor,3,,42,40,5.035,5.0,40,40,4.793,2.0,2,true,42,0,8.341,241.693,242.229,243.045,243.208,243.226,68.703,68.703,43.475,20,20,76,same_worker,1,9188
yjit-on/puma-sleep-fibonacci-1ms/raptor-3r/repeat-1,yjit-on,true,puma-sleep-fibonacci-1ms,puma-sleep-fibonacci-test,puma/benchmarks/local/sleep_fibonacci_test + test/rackup/sleep_fibonacci,https://github.com/puma/puma/blob/main/benchmarks/local/sleep_fibonacci_test.rb,raptor-3r,3,raptor,3,,122,10,5.012,5.0,10,49,2.018,2.0,1,true,122,0,24.342,41.975,42.972,43.013,43.092,43.102,68.727,68.727,43.465,20,20,75,same_worker,1,22910
yjit-on/puma-sleep-fibonacci-5ms/raptor-3r/repeat-1,yjit-on,true,puma-sleep-fibonacci-5ms,puma-sleep-fibonacci-test,puma/benchmarks/local/sleep_fibonacci_test + test/rackup/sleep_fibonacci,https://github.com/puma/puma/blob/main/benchmarks/local/sleep_fibonacci_test.rb,raptor-3r,3,raptor,3,,114,10,5.015,5.0,10,46,2.03,2.0,1,true,114,0,22.731,44.969,45.434,46.034,46.335,46.373,68.801,68.801,43.175,20,20,75,same_worker,1,20289
yjit-on/puma-sleep-fibonacci-10ms/raptor-3r/repeat-1,yjit-on,true,puma-sleep-fibonacci-10ms,puma-sleep-fibonacci-test,puma/benchmarks/local/sleep_fibonacci_test + test/rackup/sleep_fibonacci,https://github.com/puma/puma/blob/main/benchmarks/local/sleep_fibonacci_test.rb,raptor-3r,3,raptor,3,,97,10,5.007,5.0,10,40,2.039,2.0,1,true,97,0,19.373,51.971,52.957,52.984,53.011,53.014,68.824,68.824,42.945,20,20,75,same_worker,0,15459
yjit-on/puma-sleep-fibonacci-50ms/raptor-3r/repeat-1,yjit-on,true,puma-sleep-fibonacci-50ms,puma-sleep-fibonacci-test,puma/benchmarks/local/sleep_fibonacci_test + test/rackup/sleep_fibonacci,https://github.com/puma/puma/blob/main/benchmarks/local/sleep_fibonacci_test.rb,raptor-3r,3,raptor,3,,56,10,5.063,5.0,10,23,2.057,2.0,1,true,56,0,11.061,90.966,91.969,92.636,92.826,92.847,68.836,68.836,42.855,20,20,76,same_worker,1,10181
yjit-on/puma-sleep-fibonacci-100ms/raptor-3r/repeat-1,yjit-on,true,puma-sleep-fibonacci-100ms,puma-sleep-fibonacci-test,puma/benchmarks/local/sleep_fibonacci_test + test/rackup/sleep_fibonacci,https://github.com/puma/puma/blob/main/benchmarks/local/sleep_fibonacci_test.rb,raptor-3r,3,raptor,3,,36,10,5.046,5.0,10,15,2.083,2.0,1,true,36,0,7.135,140.969,141.982,142.64,142.943,142.977,68.84,68.84,42.9,20,20,75,same_worker,0,4213
yjit-on/puma-sleep-fibonacci-200ms/raptor-3r/repeat-1,yjit-on,true,puma-sleep-fibonacci-200ms,puma-sleep-fibonacci-test,puma/benchmarks/local/sleep_fibonacci_test + test/rackup/sleep_fibonacci,https://github.com/puma/puma/blob/main/benchmarks/local/sleep_fibonacci_test.rb,raptor-3r,3,raptor,3,,21,10,5.043,5.0,10,10,2.377,2.0,1,true,21,0,4.164,241.962,242.092,242.791,242.948,242.966,68.84,68.84,42.995,20,20,75,same_worker,1,6000
yjit-on/puma-response-array-1kb/raptor-3r/repeat-2,yjit-on,true,puma-response-array-1kb,puma-response-time-wrk,puma/benchmarks/local/response_time_wrk,https://github.com/puma/puma/blob/main/benchmarks/local/response_time_wrk.rb,raptor-3r,3,raptor,3,,1000,1000,16.105,5.0,1000,1000,16.147,2.0,5,true,1000,0,62.094,40.981,41.953,42.296,4028.228,4029.542,29.008,29.008,3.005,20,20,238,same_worker,30,717709
yjit-on/puma-response-chunk-1kb/raptor-3r/repeat-2,yjit-on,true,puma-response-chunk-1kb,puma-response-time-wrk,puma/benchmarks/local/response_time_wrk,https://github.com/puma/puma/blob/main/benchmarks/local/response_time_wrk.rb,raptor-3r,3,raptor,3,,1000,1000,16.1,5.0,1000,1000,16.116,2.0,5,true,1000,0,62.11,40.978,41.94,42.329,4025.608,4029.257,29.246,29.246,2.395,20,20,237,same_worker,30,716247
yjit-on/puma-response-string-1kb/raptor-3r/repeat-2,yjit-on,true,puma-response-string-1kb,puma-response-time-wrk,puma/benchmarks/local/response_time_wrk,https://github.com/puma/puma/blob/main/benchmarks/local/response_time_wrk.rb,raptor-3r,3,raptor,3,,1000,1000,16.094,5.0,1000,1000,16.108,2.0,5,true,1000,0,62.134,40.98,41.948,42.137,4022.806,4024.911,29.313,29.313,2.275,20,20,238,same_worker,31,719249
yjit-on/puma-response-io-1kb/raptor-3r/repeat-2,yjit-on,true,puma-response-io-1kb,puma-response-time-wrk,puma/benchmarks/local/response_time_wrk,https://github.com/puma/puma/blob/main/benchmarks/local/response_time_wrk.rb,raptor-3r,3,raptor,3,,1000,1000,16.109,5.0,1000,1000,16.108,2.0,5,true,1000,0,62.078,40.98,41.957,42.27,4025.822,4025.899,29.414,29.414,2.2,20,20,237,same_worker,31,727243
yjit-on/puma-response-array-10kb/raptor-3r/repeat-2,yjit-on,true,puma-response-array-10kb,puma-response-time-wrk,puma/benchmarks/local/response_time_wrk,https://github.com/puma/puma/blob/main/benchmarks/local/response_time_wrk.rb,raptor-3r,3,raptor,3,,1000,1000,16.107,5.0,1000,1000,16.122,2.0,5,true,1000,0,62.085,40.979,41.974,42.308,4027.72,4028.996,29.594,29.594,2.19,20,20,238,same_worker,32,719243
yjit-on/puma-response-chunk-10kb/raptor-3r/repeat-2,yjit-on,true,puma-response-chunk-10kb,puma-response-time-wrk,puma/benchmarks/local/response_time_wrk,https://github.com/puma/puma/blob/main/benchmarks/local/response_time_wrk.rb,raptor-3r,3,raptor,3,,1000,1000,16.102,5.0,1000,1000,16.123,2.0,5,true,1000,0,62.105,40.979,41.776,42.389,4027.203,4028.173,29.602,29.602,2.105,20,20,237,same_worker,32,716243
yjit-on/puma-response-string-10kb/raptor-3r/repeat-2,yjit-on,true,puma-response-string-10kb,puma-response-time-wrk,puma/benchmarks/local/response_time_wrk,https://github.com/puma/puma/blob/main/benchmarks/local/response_time_wrk.rb,raptor-3r,3,raptor,3,,1000,1000,16.098,5.0,1000,1000,16.118,2.0,5,true,1000,0,62.118,40.977,41.944,42.22,4023.411,4026.028,29.605,29.605,2.1,20,20,238,same_worker,32,719243
yjit-on/puma-response-io-10kb/raptor-3r/repeat-2,yjit-on,true,puma-response-io-10kb,puma-response-time-wrk,puma/benchmarks/local/response_time_wrk,https://github.com/puma/puma/blob/main/benchmarks/local/response_time_wrk.rb,raptor-3r,3,raptor,3,,1000,1000,16.106,5.0,1000,1000,16.108,2.0,5,true,1000,0,62.088,40.979,41.942,42.278,4025.22,4026.317,30.156,30.156,2.1,20,20,238,same_worker,34,745950
yjit-on/puma-response-array-100kb/raptor-3r/repeat-2,yjit-on,true,puma-response-array-100kb,puma-response-time-wrk,puma/benchmarks/local/response_time_wrk,https://github.com/puma/puma/blob/main/benchmarks/local/response_time_wrk.rb,raptor-3r,3,raptor,3,,1000,1000,15.151,5.0,1000,1000,14.63,2.0,5,true,1000,0,66.001,40.97,41.978,42.56,3738.49,3753.099,30.156,30.156,2.2,20,20,224,same_worker,34,719261
yjit-on/puma-response-chunk-100kb/raptor-3r/repeat-2,yjit-on,true,puma-response-chunk-100kb,puma-response-time-wrk,puma/benchmarks/local/response_time_wrk,https://github.com/puma/puma/blob/main/benchmarks/local/response_time_wrk.rb,raptor-3r,3,raptor,3,,1000,1000,15.227,5.0,1000,1000,15.11,2.0,5,true,1000,0,65.673,40.97,41.972,42.371,3782.262,3786.684,30.281,30.281,2.275,20,20,225,same_worker,33,717074
yjit-on/puma-response-string-100kb/raptor-3r/repeat-2,yjit-on,true,puma-response-string-100kb,puma-response-time-wrk,puma/benchmarks/local/response_time_wrk,https://github.com/puma/puma/blob/main/benchmarks/local/response_time_wrk.rb,raptor-3r,3,raptor,3,,14457,1000,5.001,5.0,1000,5848,2.001,2.0,5,true,14457,0,2890.651,0.95,1.61,6.466,100.445,122.465,30.602,30.602,3.385,20,20,73,same_worker,540,10397624
yjit-on/puma-response-io-100kb/raptor-3r/repeat-2,yjit-on,true,puma-response-io-100kb,puma-response-time-wrk,puma/benchmarks/local/response_time_wrk,https://github.com/puma/puma/blob/main/benchmarks/local/response_time_wrk.rb,raptor-3r,3,raptor,3,,1000,1000,14.858,5.0,1000,1000,14.89,2.0,5,true,1000,0,67.305,40.971,41.978,42.25,3800.361,3836.133,34.859,34.859,4.0,20,20,219,same_worker,55,925243
yjit-on/puma-response-array-256kb/raptor-3r/repeat-2,yjit-on,true,puma-response-array-256kb,puma-response-time-wrk,puma/benchmarks/local/response_time_wrk,https://github.com/puma/puma/blob/main/benchmarks/local/response_time_wrk.rb,raptor-3r,3,raptor,3,,1000,1000,11.564,5.0,1000,1000,9.589,2.0,5,true,1000,0,86.473,40.969,41.995,42.882,3150.504,3352.282,34.859,34.859,4.075,20,20,171,same_worker,41,719643
yjit-on/puma-response-chunk-256kb/raptor-3r/repeat-2,yjit-on,true,puma-response-chunk-256kb,puma-response-time-wrk,puma/benchmarks/local/response_time_wrk,https://github.com/puma/puma/blob/main/benchmarks/local/response_time_wrk.rb,raptor-3r,3,raptor,3,,1001,1000,8.352,5.0,1000,1000,11.58,2.0,5,true,1001,0,119.85,40.931,42.179,43.126,2445.954,2693.828,34.859,34.859,4.165,20,20,123,same_worker,43,715810
yjit-on/puma-response-string-256kb/raptor-3r/repeat-2,yjit-on,true,puma-response-string-256kb,puma-response-time-wrk,puma/benchmarks/local/response_time_wrk,https://github.com/puma/puma/blob/main/benchmarks/local/response_time_wrk.rb,raptor-3r,3,raptor,3,,9819,1000,5.002,5.0,1000,3288,2.005,2.0,5,true,9819,0,1962.85,1.274,2.747,18.144,158.309,191.783,34.922,34.922,4.92,20,20,72,same_worker,317,7061873
yjit-on/puma-response-io-256kb/raptor-3r/repeat-2,yjit-on,true,puma-response-io-256kb,puma-response-time-wrk,puma/benchmarks/local/response_time_wrk,https://github.com/puma/puma/blob/main/benchmarks/local/response_time_wrk.rb,raptor-3r,3,raptor,3,,1000,1000,12.166,5.0,1000,1000,12.22,2.0,5,true,1000,0,82.195,41.042,42.23,43.053,3130.346,3196.828,42.082,42.082,5.38,20,20,180,same_worker,61,1236328
yjit-on/puma-response-array-512kb/raptor-3r/repeat-2,yjit-on,true,puma-response-array-512kb,puma-response-time-wrk,puma/benchmarks/local/response_time_wrk,https://github.com/puma/puma/blob/main/benchmarks/local/response_time_wrk.rb,raptor-3r,3,raptor,3,,1000,1000,12.229,5.0,1000,1000,12.398,2.0,5,true,1000,0,81.77,41.884,42.969,44.301,2852.888,3019.671,42.082,42.082,5.5,20,20,181,same_worker,32,719243
yjit-on/puma-response-chunk-512kb/raptor-3r/repeat-2,yjit-on,true,puma-response-chunk-512kb,puma-response-time-wrk,puma/benchmarks/local/response_time_wrk,https://github.com/puma/puma/blob/main/benchmarks/local/response_time_wrk.rb,raptor-3r,3,raptor,3,,1000,1000,11.683,5.0,1000,1000,12.866,2.0,5,true,1000,0,85.592,41.927,42.739,43.754,3096.244,3269.223,42.082,42.082,5.64,20,20,173,same_worker,32,716249
yjit-on/puma-response-string-512kb/raptor-3r/repeat-2,yjit-on,true,puma-response-string-512kb,puma-response-time-wrk,puma/benchmarks/local/response_time_wrk,https://github.com/puma/puma/blob/main/benchmarks/local/response_time_wrk.rb,raptor-3r,3,raptor,3,,7488,1000,5.003,5.0,1000,3088,2.126,2.0,5,true,7488,0,1496.767,1.585,3.278,54.362,208.082,286.859,42.09,42.09,6.11,20,20,71,same_worker,260,5383157
yjit-on/puma-response-io-512kb/raptor-3r/repeat-2,yjit-on,true,puma-response-io-512kb,puma-response-time-wrk,puma/benchmarks/local/response_time_wrk,https://github.com/puma/puma/blob/main/benchmarks/local/response_time_wrk.rb,raptor-3r,3,raptor,3,,1000,1000,14.38,5.0,1000,1000,14.013,2.0,5,true,1000,0,69.539,41.964,43.01,44.187,3526.215,3581.375,44.488,44.125,6.505,20,20,212,same_worker,104,1749243
yjit-on/puma-response-array-1024kb/raptor-3r/repeat-2,yjit-on,true,puma-response-array-1024kb,puma-response-time-wrk,puma/benchmarks/local/response_time_wrk,https://github.com/puma/puma/blob/main/benchmarks/local/response_time_wrk.rb,raptor-3r,3,raptor,3,,1000,1000,13.787,5.0,1000,1000,15.082,2.0,5,true,1000,0,72.531,41.971,43.218,47.592,3600.666,3617.541,44.125,44.125,6.705,20,20,203,same_worker,38,719243
yjit-on/puma-response-chunk-1024kb/raptor-3r/repeat-2,yjit-on,true,puma-response-chunk-1024kb,puma-response-time-wrk,puma/benchmarks/local/response_time_wrk,https://github.com/puma/puma/blob/main/benchmarks/local/response_time_wrk.rb,raptor-3r,3,raptor,3,,1000,1000,14.119,5.0,1000,1000,15.295,2.0,5,true,1000,0,70.827,41.988,43.964,46.183,3623.079,3664.28,44.125,44.125,6.95,20,20,208,same_worker,37,716243
yjit-on/puma-response-string-1024kb/raptor-3r/repeat-2,yjit-on,true,puma-response-string-1024kb,puma-response-time-wrk,puma/benchmarks/local/response_time_wrk,https://github.com/puma/puma/blob/main/benchmarks/local/response_time_wrk.rb,raptor-3r,3,raptor,3,,5520,1000,5.004,5.0,1000,2193,2.003,2.0,5,true,5520,0,1103.208,2.285,4.785,22.567,261.43,278.148,45.352,45.352,7.315,20,20,69,same_worker,219,3969934
yjit-on/puma-response-io-1024kb/raptor-3r/repeat-2,yjit-on,true,puma-response-io-1024kb,puma-response-time-wrk,puma/benchmarks/local/response_time_wrk,https://github.com/puma/puma/blob/main/benchmarks/local/response_time_wrk.rb,raptor-3r,3,raptor,3,,1000,1000,15.816,5.0,1000,1000,15.516,2.0,5,true,1000,0,63.229,42.981,44.995,48.453,3931.641,4001.702,53.035,52.566,7.835,20,20,234,same_worker,146,2773243
yjit-on/puma-response-array-2048kb/raptor-3r/repeat-2,yjit-on,true,puma-response-array-2048kb,puma-response-time-wrk,puma/benchmarks/local/response_time_wrk,https://github.com/puma/puma/blob/main/benchmarks/local/response_time_wrk.rb,raptor-3r,3,raptor,3,,1000,1000,15.012,5.0,1000,1000,15.05,2.0,5,true,1000,0,66.616,43.002,46.184,48.942,3618.732,3628.434,52.566,52.566,8.34,20,20,221,same_worker,30,719999
yjit-on/puma-response-chunk-2048kb/raptor-3r/repeat-2,yjit-on,true,puma-response-chunk-2048kb,puma-response-time-wrk,puma/benchmarks/local/response_time_wrk,https://github.com/puma/puma/blob/main/benchmarks/local/response_time_wrk.rb,raptor-3r,3,raptor,3,,1000,1000,15.323,5.0,1000,1000,15.016,2.0,5,true,1000,0,65.263,43.403,45.999,49.015,3863.262,3880.843,52.566,52.566,8.885,20,20,226,same_worker,30,716249
yjit-on/puma-response-string-2048kb/raptor-3r/repeat-2,yjit-on,true,puma-response-string-2048kb,puma-response-time-wrk,puma/benchmarks/local/response_time_wrk,https://github.com/puma/puma/blob/main/benchmarks/local/response_time_wrk.rb,raptor-3r,3,raptor,3,,3509,1000,5.005,5.0,1000,1413,2.006,2.0,5,true,3509,0,701.14,3.99,7.31,28.877,418.211,433.763,56.574,56.574,9.215,20,20,67,same_worker,111,2524312
yjit-on/puma-response-io-2048kb/raptor-3r/repeat-2,yjit-on,true,puma-response-io-2048kb,puma-response-time-wrk,puma/benchmarks/local/response_time_wrk,https://github.com/puma/puma/blob/main/benchmarks/local/response_time_wrk.rb,raptor-3r,3,raptor,3,,1000,1000,16.349,5.0,1000,1000,16.687,2.0,5,true,1000,0,61.167,44.976,48.514,50.946,4046.506,4123.28,97.391,97.391,10.12,20,20,240,same_worker,112,4822985
yjit-on/puma-long-tail-fib-200ms-x6p0/raptor-3r/repeat-2,yjit-on,true,puma-long-tail-fib-200ms-x6p0,puma-long-tail-hey,puma/benchmarks/local/long_tail_hey + test/rackup/sleep_fibonacci,https://github.com/puma/puma/blob/main/benchmarks/local/long_tail_hey.rb,raptor-3r,3,raptor,3,,363,360,28.997,5.0,360,360,28.761,2.0,18,true,363,0,12.519,241.727,242.907,19601.778,24399.867,24403.386,97.848,97.848,19.79,20,20,424,same_worker,2,63766
yjit-on/puma-long-tail-fib-200ms-x4p0/raptor-3r/repeat-2,yjit-on,true,puma-long-tail-fib-200ms-x4p0,puma-long-tail-hey,puma/benchmarks/local/long_tail_hey + test/rackup/sleep_fibonacci,https://github.com/puma/puma/blob/main/benchmarks/local/long_tail_hey.rb,raptor-3r,3,raptor,3,,243,240,19.413,5.0,240,240,19.167,2.0,12,true,243,0,12.518,241.735,242.958,12801.029,14812.548,14812.549,97.867,97.867,28.31,20,20,284,same_worker,1,43335
yjit-on/puma-long-tail-fib-200ms-x3p0/raptor-3r/repeat-2,yjit-on,true,puma-long-tail-fib-200ms-x3p0,puma-long-tail-hey,puma/benchmarks/local/long_tail_hey + test/rackup/sleep_fibonacci,https://github.com/puma/puma/blob/main/benchmarks/local/long_tail_hey.rb,raptor-3r,3,raptor,3,,183,180,14.622,5.0,180,180,14.375,2.0,9,true,183,0,12.516,241.746,242.929,10025.514,10026.759,10026.916,97.887,97.887,33.925,20,20,215,same_worker,0,29503
yjit-on/puma-long-tail-fib-200ms-x2p0/raptor-3r/repeat-2,yjit-on,true,puma-long-tail-fib-200ms-x2p0,puma-long-tail-hey,puma/benchmarks/local/long_tail_hey + test/rackup/sleep_fibonacci,https://github.com/puma/puma/blob/main/benchmarks/local/long_tail_hey.rb,raptor-3r,3,raptor,3,,123,120,9.83,5.0,120,120,9.585,2.0,6,true,123,0,12.513,241.759,242.839,5235.398,5235.674,5235.712,97.902,97.902,37.58,20,20,145,same_worker,0,21753
yjit-on/puma-long-tail-fib-200ms-x1p5/raptor-3r/repeat-2,yjit-on,true,puma-long-tail-fib-200ms-x1p5,puma-long-tail-hey,puma/benchmarks/local/long_tail_hey + test/rackup/sleep_fibonacci,https://github.com/puma/puma/blob/main/benchmarks/local/long_tail_hey.rb,raptor-3r,3,raptor,3,,103,100,9.826,5.0,100,100,9.587,2.0,5,true,103,0,10.482,241.654,242.865,5132.561,5233.88,5234.055,97.914,97.914,40.26,20,20,145,same_worker,1,18788
yjit-on/puma-long-tail-fib-200ms-x1p0/raptor-3r/repeat-2,yjit-on,true,puma-long-tail-fib-200ms-x1p0,puma-long-tail-hey,puma/benchmarks/local/long_tail_hey + test/rackup/sleep_fibonacci,https://github.com/puma/puma/blob/main/benchmarks/local/long_tail_hey.rb,raptor-3r,3,raptor,3,,63,60,5.037,5.0,60,60,4.793,2.0,3,true,63,0,12.507,241.754,242.376,242.931,242.94,242.941,97.922,97.922,41.91,20,20,75,same_worker,0,11531
yjit-on/puma-long-tail-fib-200ms-x0p5/raptor-3r/repeat-2,yjit-on,true,puma-long-tail-fib-200ms-x0p5,puma-long-tail-hey,puma/benchmarks/local/long_tail_hey + test/rackup/sleep_fibonacci,https://github.com/puma/puma/blob/main/benchmarks/local/long_tail_hey.rb,raptor-3r,3,raptor,3,,42,40,5.037,5.0,40,40,4.793,2.0,2,true,42,0,8.338,241.929,242.238,242.358,242.429,242.437,97.926,97.926,42.905,20,20,75,same_worker,1,10328
yjit-on/puma-sleep-fibonacci-1ms/raptor-3r/repeat-2,yjit-on,true,puma-sleep-fibonacci-1ms,puma-sleep-fibonacci-test,puma/benchmarks/local/sleep_fibonacci_test + test/rackup/sleep_fibonacci,https://github.com/puma/puma/blob/main/benchmarks/local/sleep_fibonacci_test.rb,raptor-3r,3,raptor,3,,122,10,5.007,5.0,10,49,2.019,2.0,1,true,122,0,24.367,41.973,42.243,43.0,43.057,43.064,97.957,97.957,42.9,20,20,75,same_worker,0,21673
yjit-on/puma-sleep-fibonacci-5ms/raptor-3r/repeat-2,yjit-on,true,puma-sleep-fibonacci-5ms,puma-sleep-fibonacci-test,puma/benchmarks/local/sleep_fibonacci_test + test/rackup/sleep_fibonacci,https://github.com/puma/puma/blob/main/benchmarks/local/sleep_fibonacci_test.rb,raptor-3r,3,raptor,3,,114,10,5.018,5.0,10,46,2.03,2.0,1,true,114,0,22.718,44.971,45.962,45.979,45.999,46.002,98.012,98.012,42.62,20,20,75,same_worker,1,20938
yjit-on/puma-sleep-fibonacci-10ms/raptor-3r/repeat-2,yjit-on,true,puma-sleep-fibonacci-10ms,puma-sleep-fibonacci-test,puma/benchmarks/local/sleep_fibonacci_test + test/rackup/sleep_fibonacci,https://github.com/puma/puma/blob/main/benchmarks/local/sleep_fibonacci_test.rb,raptor-3r,3,raptor,3,,97,10,5.002,5.0,10,40,2.036,2.0,1,true,97,0,19.393,51.966,52.93,52.979,53.096,53.109,98.039,98.039,42.39,20,20,75,same_worker,0,17264
yjit-on/puma-sleep-fibonacci-50ms/raptor-3r/repeat-2,yjit-on,true,puma-sleep-fibonacci-50ms,puma-sleep-fibonacci-test,puma/benchmarks/local/sleep_fibonacci_test + test/rackup/sleep_fibonacci,https://github.com/puma/puma/blob/main/benchmarks/local/sleep_fibonacci_test.rb,raptor-3r,3,raptor,3,,56,10,5.065,5.0,10,23,2.058,2.0,1,true,56,0,11.057,90.967,91.964,92.434,92.91,92.962,98.051,98.051,42.3,20,20,76,same_worker,1,8169
yjit-on/puma-sleep-fibonacci-100ms/raptor-3r/repeat-2,yjit-on,true,puma-sleep-fibonacci-100ms,puma-sleep-fibonacci-test,puma/benchmarks/local/sleep_fibonacci_test + test/rackup/sleep_fibonacci,https://github.com/puma/puma/blob/main/benchmarks/local/sleep_fibonacci_test.rb,raptor-3r,3,raptor,3,,36,10,5.042,5.0,10,15,2.083,2.0,1,true,36,0,7.14,140.976,141.967,141.981,141.984,141.985,98.051,98.051,42.33,20,20,75,same_worker,0,6528
yjit-on/puma-sleep-fibonacci-200ms/raptor-3r/repeat-2,yjit-on,true,puma-sleep-fibonacci-200ms,puma-sleep-fibonacci-test,puma/benchmarks/local/sleep_fibonacci_test + test/rackup/sleep_fibonacci,https://github.com/puma/puma/blob/main/benchmarks/local/sleep_fibonacci_test.rb,raptor-3r,3,raptor,3,,21,10,5.039,5.0,10,10,2.374,2.0,1,true,21,0,4.168,241.952,242.088,242.79,242.948,242.966,98.051,98.051,42.45,20,20,75,same_worker,0,2153
yjit-on/puma-response-array-1kb/raptor-3r/repeat-3,yjit-on,true,puma-response-array-1kb,puma-response-time-wrk,puma/benchmarks/local/response_time_wrk,https://github.com/puma/puma/blob/main/benchmarks/local/response_time_wrk.rb,raptor-3r,3,raptor,3,,1000,1000,16.107,5.0,1000,1000,16.138,2.0,5,true,1000,0,62.085,40.98,41.865,42.24,4029.177,4029.981,29.031,29.031,3.02,20,20,238,same_worker,27,720835
yjit-on/puma-response-chunk-1kb/raptor-3r/repeat-3,yjit-on,true,puma-response-chunk-1kb,puma-response-time-wrk,puma/benchmarks/local/response_time_wrk,https://github.com/puma/puma/blob/main/benchmarks/local/response_time_wrk.rb,raptor-3r,3,raptor,3,,1000,1000,16.109,5.0,1000,1000,16.109,2.0,5,true,1000,0,62.079,40.978,41.969,42.44,4030.917,4034.172,29.453,29.453,2.39,20,20,237,same_worker,27,714750
yjit-on/puma-response-string-1kb/raptor-3r/repeat-3,yjit-on,true,puma-response-string-1kb,puma-response-time-wrk,puma/benchmarks/local/response_time_wrk,https://github.com/puma/puma/blob/main/benchmarks/local/response_time_wrk.rb,raptor-3r,3,raptor,3,,1000,1000,16.1,5.0,1000,1000,16.107,2.0,5,true,1000,0,62.111,40.979,41.723,42.122,4024.324,4025.236,29.563,29.563,2.28,20,20,237,same_worker,29,718319
yjit-on/puma-response-io-1kb/raptor-3r/repeat-3,yjit-on,true,puma-response-io-1kb,puma-response-time-wrk,puma/benchmarks/local/response_time_wrk,https://github.com/puma/puma/blob/main/benchmarks/local/response_time_wrk.rb,raptor-3r,3,raptor,3,,1000,1000,16.103,5.0,1000,1000,16.1,2.0,5,true,1000,0,62.1,40.979,41.933,42.247,4026.783,4027.597,29.656,29.656,2.2,20,20,237,same_worker,29,727241
yjit-on/puma-response-array-10kb/raptor-3r/repeat-3,yjit-on,true,puma-response-array-10kb,puma-response-time-wrk,puma/benchmarks/local/response_time_wrk,https://github.com/puma/puma/blob/main/benchmarks/local/response_time_wrk.rb,raptor-3r,3,raptor,3,,1000,1000,16.103,5.0,1000,1000,16.103,2.0,5,true,1000,0,62.101,40.978,41.925,42.256,4026.729,4029.96,29.695,29.695,2.2,20,20,237,same_worker,29,719243
yjit-on/puma-response-chunk-10kb/raptor-3r/repeat-3,yjit-on,true,puma-response-chunk-10kb,puma-response-time-wrk,puma/benchmarks/local/response_time_wrk,https://github.com/puma/puma/blob/main/benchmarks/local/response_time_wrk.rb,raptor-3r,3,raptor,3,,1000,1000,16.116,5.0,1000,1000,16.146,2.0,5,true,1000,0,62.05,40.982,41.945,42.44,4027.614,4030.848,29.699,29.699,2.195,20,20,237,same_worker,29,716243
yjit-on/puma-response-string-10kb/raptor-3r/repeat-3,yjit-on,true,puma-response-string-10kb,puma-response-time-wrk,puma/benchmarks/local/response_time_wrk,https://github.com/puma/puma/blob/main/benchmarks/local/response_time_wrk.rb,raptor-3r,3,raptor,3,,1000,1000,16.103,5.0,1000,1000,16.111,2.0,5,true,1000,0,62.102,40.979,41.953,42.263,4024.808,4026.494,29.703,29.703,2.105,20,20,237,same_worker,30,719243
yjit-on/puma-response-io-10kb/raptor-3r/repeat-3,yjit-on,true,puma-response-io-10kb,puma-response-time-wrk,puma/benchmarks/local/response_time_wrk,https://github.com/puma/puma/blob/main/benchmarks/local/response_time_wrk.rb,raptor-3r,3,raptor,3,,1000,1000,16.106,5.0,1000,1000,16.123,2.0,5,true,1000,0,62.088,40.979,41.946,42.24,4030.291,4066.898,30.027,30.027,2.165,20,20,237,same_worker,31,745243
yjit-on/puma-response-array-100kb/raptor-3r/repeat-3,yjit-on,true,puma-response-array-100kb,puma-response-time-wrk,puma/benchmarks/local/response_time_wrk,https://github.com/puma/puma/blob/main/benchmarks/local/response_time_wrk.rb,raptor-3r,3,raptor,3,,1000,1000,14.668,5.0,1000,1000,14.439,2.0,5,true,1000,0,68.175,40.969,41.955,42.172,3780.354,3986.817,30.18,30.18,2.2,20,20,216,same_worker,30,719243
yjit-on/puma-response-chunk-100kb/raptor-3r/repeat-3,yjit-on,true,puma-response-chunk-100kb,puma-response-time-wrk,puma/benchmarks/local/response_time_wrk,https://github.com/puma/puma/blob/main/benchmarks/local/response_time_wrk.rb,raptor-3r,3,raptor,3,,1000,1000,14.786,5.0,1000,1000,14.909,2.0,5,true,1000,0,67.631,40.97,41.963,42.346,3788.33,3789.973,30.215,30.215,2.3,20,20,218,same_worker,31,716824
yjit-on/puma-response-string-100kb/raptor-3r/repeat-3,yjit-on,true,puma-response-string-100kb,puma-response-time-wrk,puma/benchmarks/local/response_time_wrk,https://github.com/puma/puma/blob/main/benchmarks/local/response_time_wrk.rb,raptor-3r,3,raptor,3,,14314,1000,5.002,5.0,1000,5789,2.001,2.0,5,true,14314,0,2861.886,0.963,1.658,6.367,101.768,107.862,30.719,30.719,3.435,20,20,73,same_worker,483,10292343
yjit-on/puma-response-io-100kb/raptor-3r/repeat-3,yjit-on,true,puma-response-io-100kb,puma-response-time-wrk,puma/benchmarks/local/response_time_wrk,https://github.com/puma/puma/blob/main/benchmarks/local/response_time_wrk.rb,raptor-3r,3,raptor,3,,1000,1000,15.284,5.0,1000,1000,14.424,2.0,5,true,1000,0,65.428,40.972,41.978,42.971,3793.346,3872.14,35.754,35.754,4.0,20,20,226,same_worker,49,925243
yjit-on/puma-response-array-256kb/raptor-3r/repeat-3,yjit-on,true,puma-response-array-256kb,puma-response-time-wrk,puma/benchmarks/local/response_time_wrk,https://github.com/puma/puma/blob/main/benchmarks/local/response_time_wrk.rb,raptor-3r,3,raptor,3,,1000,1000,11.591,5.0,1000,1000,9.914,2.0,5,true,1000,0,86.273,40.966,42.001,43.501,2709.328,3368.006,35.754,35.754,4.1,20,20,172,same_worker,37,719249
yjit-on/puma-response-chunk-256kb/raptor-3r/repeat-3,yjit-on,true,puma-response-chunk-256kb,puma-response-time-wrk,puma/benchmarks/local/response_time_wrk,https://github.com/puma/puma/blob/main/benchmarks/local/response_time_wrk.rb,raptor-3r,3,raptor,3,,1000,1000,11.127,5.0,1000,1000,8.17,2.0,5,true,1000,0,89.871,40.961,41.98,42.708,3012.423,3088.546,35.754,35.754,4.2,20,20,164,same_worker,38,716249
yjit-on/puma-response-string-256kb/raptor-3r/repeat-3,yjit-on,true,puma-response-string-256kb,puma-response-time-wrk,puma/benchmarks/local/response_time_wrk,https://github.com/puma/puma/blob/main/benchmarks/local/response_time_wrk.rb,raptor-3r,3,raptor,3,,10251,1000,5.002,5.0,1000,4195,2.003,2.0,5,true,10251,0,2049.584,1.207,2.434,40.708,146.385,216.537,36.059,36.059,4.92,20,20,72,same_worker,410,7370456
yjit-on/puma-response-io-256kb/raptor-3r/repeat-3,yjit-on,true,puma-response-io-256kb,puma-response-time-wrk,puma/benchmarks/local/response_time_wrk,https://github.com/puma/puma/blob/main/benchmarks/local/response_time_wrk.rb,raptor-3r,3,raptor,3,,1000,1000,12.9,5.0,1000,1000,13.135,2.0,5,true,1000,0,77.518,40.996,42.215,43.032,3106.342,3149.262,44.074,44.074,5.385,20,20,191,same_worker,53,1237249
yjit-on/puma-response-array-512kb/raptor-3r/repeat-3,yjit-on,true,puma-response-array-512kb,puma-response-time-wrk,puma/benchmarks/local/response_time_wrk,https://github.com/puma/puma/blob/main/benchmarks/local/response_time_wrk.rb,raptor-3r,3,raptor,3,,1000,1000,13.369,5.0,1000,1000,12.267,2.0,5,true,1000,0,74.8,41.913,42.919,43.759,3197.291,3273.166,44.074,44.074,5.5,20,20,198,same_worker,29,718366
yjit-on/puma-response-chunk-512kb/raptor-3r/repeat-3,yjit-on,true,puma-response-chunk-512kb,puma-response-time-wrk,puma/benchmarks/local/response_time_wrk,https://github.com/puma/puma/blob/main/benchmarks/local/response_time_wrk.rb,raptor-3r,3,raptor,3,,1000,1000,13.413,5.0,1000,1000,12.854,2.0,5,true,1000,0,74.553,41.934,42.844,44.074,3268.017,3472.54,44.074,44.074,5.655,20,20,198,same_worker,29,716243
yjit-on/puma-response-string-512kb/raptor-3r/repeat-3,yjit-on,true,puma-response-string-512kb,puma-response-time-wrk,puma/benchmarks/local/response_time_wrk,https://github.com/puma/puma/blob/main/benchmarks/local/response_time_wrk.rb,raptor-3r,3,raptor,3,,7693,1000,5.064,5.0,1000,2981,2.003,2.0,5,true,7693,0,1519.296,1.558,2.993,37.293,203.787,234.174,44.074,44.074,6.095,20,20,71,same_worker,233,5532587
yjit-on/puma-response-io-512kb/raptor-3r/repeat-3,yjit-on,true,puma-response-io-512kb,puma-response-time-wrk,puma/benchmarks/local/response_time_wrk,https://github.com/puma/puma/blob/main/benchmarks/local/response_time_wrk.rb,raptor-3r,3,raptor,3,,1000,1000,15.151,5.0,1000,1000,15.14,2.0,5,true,1000,0,66.002,41.969,43.001,44.081,3697.38,3895.982,45.332,45.332,6.49,20,20,224,same_worker,88,1749239
yjit-on/puma-response-array-1024kb/raptor-3r/repeat-3,yjit-on,true,puma-response-array-1024kb,puma-response-time-wrk,puma/benchmarks/local/response_time_wrk,https://github.com/puma/puma/blob/main/benchmarks/local/response_time_wrk.rb,raptor-3r,3,raptor,3,,1000,1000,14.166,5.0,1000,1000,14.755,2.0,5,true,1000,0,70.593,41.978,43.976,45.694,3412.638,3483.67,45.332,45.332,6.745,20,20,209,same_worker,32,719243
yjit-on/puma-response-chunk-1024kb/raptor-3r/repeat-3,yjit-on,true,puma-response-chunk-1024kb,puma-response-time-wrk,puma/benchmarks/local/response_time_wrk,https://github.com/puma/puma/blob/main/benchmarks/local/response_time_wrk.rb,raptor-3r,3,raptor,3,,1000,1000,14.642,5.0,1000,1000,15.048,2.0,5,true,1000,0,68.297,41.974,43.933,46.239,3716.809,3955.087,45.332,45.332,6.955,20,20,216,same_worker,32,715257
yjit-on/puma-response-string-1024kb/raptor-3r/repeat-3,yjit-on,true,puma-response-string-1024kb,puma-response-time-wrk,puma/benchmarks/local/response_time_wrk,https://github.com/puma/puma/blob/main/benchmarks/local/response_time_wrk.rb,raptor-3r,3,raptor,3,,5596,1000,5.021,5.0,1000,2216,2.006,2.0,5,true,5596,0,1114.468,2.253,4.667,21.929,267.232,277.206,46.887,46.887,7.305,20,20,70,same_worker,187,4024465
yjit-on/puma-response-io-1024kb/raptor-3r/repeat-3,yjit-on,true,puma-response-io-1024kb,puma-response-time-wrk,puma/benchmarks/local/response_time_wrk,https://github.com/puma/puma/blob/main/benchmarks/local/response_time_wrk.rb,raptor-3r,3,raptor,3,,1000,1000,15.485,5.0,1000,1000,15.944,2.0,5,true,1000,0,64.58,42.982,45.303,50.371,3926.578,3929.27,54.879,54.051,7.85,20,20,229,same_worker,132,2773243
yjit-on/puma-response-array-2048kb/raptor-3r/repeat-3,yjit-on,true,puma-response-array-2048kb,puma-response-time-wrk,puma/benchmarks/local/response_time_wrk,https://github.com/puma/puma/blob/main/benchmarks/local/response_time_wrk.rb,raptor-3r,3,raptor,3,,1000,1000,15.258,5.0,1000,1000,15.236,2.0,5,true,1000,0,65.539,42.988,45.78,47.548,3792.029,3880.93,54.051,54.051,8.35,20,20,225,same_worker,28,719237
yjit-on/puma-response-chunk-2048kb/raptor-3r/repeat-3,yjit-on,true,puma-response-chunk-2048kb,puma-response-time-wrk,puma/benchmarks/local/response_time_wrk,https://github.com/puma/puma/blob/main/benchmarks/local/response_time_wrk.rb,raptor-3r,3,raptor,3,,1000,1000,14.74,5.0,1000,1000,15.262,2.0,5,true,1000,0,67.843,43.016,46.266,49.025,3776.066,3814.318,54.051,54.051,8.845,20,20,217,same_worker,28,716243
yjit-on/puma-response-string-2048kb/raptor-3r/repeat-3,yjit-on,true,puma-response-string-2048kb,puma-response-time-wrk,puma/benchmarks/local/response_time_wrk,https://github.com/puma/puma/blob/main/benchmarks/local/response_time_wrk.rb,raptor-3r,3,raptor,3,,3722,1000,5.005,5.0,1000,1469,2.007,2.0,5,true,3722,0,743.604,3.778,6.94,24.487,391.971,404.776,60.063,60.063,9.185,20,20,68,same_worker,110,2677625
yjit-on/puma-response-io-2048kb/raptor-3r/repeat-3,yjit-on,true,puma-response-io-2048kb,puma-response-time-wrk,puma/benchmarks/local/response_time_wrk,https://github.com/puma/puma/blob/main/benchmarks/local/response_time_wrk.rb,raptor-3r,3,raptor,3,,1000,1000,16.807,5.0,1000,1000,17.18,2.0,5,true,1000,0,59.5,44.989,49.969,58.868,4134.598,4204.762,67.391,64.305,10.06,20,20,248,same_worker,266,4821553
yjit-on/puma-long-tail-fib-200ms-x6p0/raptor-3r/repeat-3,yjit-on,true,puma-long-tail-fib-200ms-x6p0,puma-long-tail-hey,puma/benchmarks/local/long_tail_hey + test/rackup/sleep_fibonacci,https://github.com/puma/puma/blob/main/benchmarks/local/long_tail_hey.rb,raptor-3r,3,raptor,3,,363,360,29.0,5.0,360,360,28.761,2.0,18,true,363,0,12.517,241.748,242.73,19607.208,24399.579,24399.759,64.758,64.758,19.705,20,20,425,same_worker,3,68438
yjit-on/puma-long-tail-fib-200ms-x4p0/raptor-3r/repeat-3,yjit-on,true,puma-long-tail-fib-200ms-x4p0,puma-long-tail-hey,puma/benchmarks/local/long_tail_hey + test/rackup/sleep_fibonacci,https://github.com/puma/puma/blob/main/benchmarks/local/long_tail_hey.rb,raptor-3r,3,raptor,3,,243,240,19.412,5.0,240,240,19.164,2.0,12,true,243,0,12.518,241.739,242.865,12804.228,14816.828,14816.907,64.773,64.773,28.19,20,20,285,same_worker,2,42970
yjit-on/puma-long-tail-fib-200ms-x3p0/raptor-3r/repeat-3,yjit-on,true,puma-long-tail-fib-200ms-x3p0,puma-long-tail-hey,puma/benchmarks/local/long_tail_hey + test/rackup/sleep_fibonacci,https://github.com/puma/puma/blob/main/benchmarks/local/long_tail_hey.rb,raptor-3r,3,raptor,3,,183,180,14.623,5.0,180,180,14.379,2.0,9,true,183,0,12.514,241.733,242.995,10030.119,10030.654,10030.713,64.777,64.777,33.78,20,20,215,same_worker,1,31203
yjit-on/puma-long-tail-fib-200ms-x2p0/raptor-3r/repeat-3,yjit-on,true,puma-long-tail-fib-200ms-x2p0,puma-long-tail-hey,puma/benchmarks/local/long_tail_hey + test/rackup/sleep_fibonacci,https://github.com/puma/puma/blob/main/benchmarks/local/long_tail_hey.rb,raptor-3r,3,raptor,3,,123,120,9.822,5.0,120,120,9.59,2.0,6,true,123,0,12.523,241.46,242.478,5229.88,5230.148,5230.183,64.777,64.777,37.4,20,20,145,same_worker,1,23736
yjit-on/puma-long-tail-fib-200ms-x1p5/raptor-3r/repeat-3,yjit-on,true,puma-long-tail-fib-200ms-x1p5,puma-long-tail-hey,puma/benchmarks/local/long_tail_hey + test/rackup/sleep_fibonacci,https://github.com/puma/puma/blob/main/benchmarks/local/long_tail_hey.rb,raptor-3r,3,raptor,3,,103,100,9.823,5.0,100,100,9.584,2.0,5,true,103,0,10.486,241.507,242.355,5132.825,5232.943,5232.979,64.801,64.801,40.08,20,20,145,same_worker,1,18716
yjit-on/puma-long-tail-fib-200ms-x1p0/raptor-3r/repeat-3,yjit-on,true,puma-long-tail-fib-200ms-x1p0,puma-long-tail-hey,puma/benchmarks/local/long_tail_hey + test/rackup/sleep_fibonacci,https://github.com/puma/puma/blob/main/benchmarks/local/long_tail_hey.rb,raptor-3r,3,raptor,3,,63,60,5.032,5.0,60,60,4.792,2.0,3,true,63,0,12.52,241.403,242.219,242.41,242.411,242.411,64.813,64.813,41.72,20,20,75,same_worker,1,12724
yjit-on/puma-long-tail-fib-200ms-x0p5/raptor-3r/repeat-3,yjit-on,true,puma-long-tail-fib-200ms-x0p5,puma-long-tail-hey,puma/benchmarks/local/long_tail_hey + test/rackup/sleep_fibonacci,https://github.com/puma/puma/blob/main/benchmarks/local/long_tail_hey.rb,raptor-3r,3,raptor,3,,42,40,5.032,5.0,40,40,4.792,2.0,2,true,42,0,8.347,241.194,242.198,242.969,242.973,242.973,64.813,64.813,42.72,20,20,75,same_worker,0,6444
yjit-on/puma-sleep-fibonacci-1ms/raptor-3r/repeat-3,yjit-on,true,puma-sleep-fibonacci-1ms,puma-sleep-fibonacci-test,puma/benchmarks/local/sleep_fibonacci_test + test/rackup/sleep_fibonacci,https://github.com/puma/puma/blob/main/benchmarks/local/sleep_fibonacci_test.rb,raptor-3r,3,raptor,3,,122,10,5.012,5.0,10,49,2.019,2.0,1,true,122,0,24.342,41.972,42.968,43.015,43.13,43.145,64.816,64.816,42.715,20,20,75,same_worker,0,21673
yjit-on/puma-sleep-fibonacci-5ms/raptor-3r/repeat-3,yjit-on,true,puma-sleep-fibonacci-5ms,puma-sleep-fibonacci-test,puma/benchmarks/local/sleep_fibonacci_test + test/rackup/sleep_fibonacci,https://github.com/puma/puma/blob/main/benchmarks/local/sleep_fibonacci_test.rb,raptor-3r,3,raptor,3,,114,10,5.015,5.0,10,46,2.031,2.0,1,true,114,0,22.733,44.97,45.504,46.002,46.013,46.015,64.82,64.82,42.44,20,20,75,same_worker,1,20289
yjit-on/puma-sleep-fibonacci-10ms/raptor-3r/repeat-3,yjit-on,true,puma-sleep-fibonacci-10ms,puma-sleep-fibonacci-test,puma/benchmarks/local/sleep_fibonacci_test + test/rackup/sleep_fibonacci,https://github.com/puma/puma/blob/main/benchmarks/local/sleep_fibonacci_test.rb,raptor-3r,3,raptor,3,,97,10,5.001,5.0,10,40,2.038,2.0,1,true,97,0,19.396,51.97,52.029,53.02,53.112,53.122,64.953,64.953,42.215,20,20,75,same_worker,0,15471
yjit-on/puma-sleep-fibonacci-50ms/raptor-3r/repeat-3,yjit-on,true,puma-sleep-fibonacci-50ms,puma-sleep-fibonacci-test,puma/benchmarks/local/sleep_fibonacci_test + test/rackup/sleep_fibonacci,https://github.com/puma/puma/blob/main/benchmarks/local/sleep_fibonacci_test.rb,raptor-3r,3,raptor,3,,56,10,5.06,5.0,10,23,2.06,2.0,1,true,56,0,11.067,90.968,91.483,92.008,92.011,92.011,65.004,65.004,42.1,20,20,76,same_worker,0,8375
yjit-on/puma-sleep-fibonacci-100ms/raptor-3r/repeat-3,yjit-on,true,puma-sleep-fibonacci-100ms,puma-sleep-fibonacci-test,puma/benchmarks/local/sleep_fibonacci_test + test/rackup/sleep_fibonacci,https://github.com/puma/puma/blob/main/benchmarks/local/sleep_fibonacci_test.rb,raptor-3r,3,raptor,3,,36,10,5.051,5.0,10,15,2.082,2.0,1,true,36,0,7.127,140.977,142.05,142.666,142.953,142.984,65.004,65.004,42.175,20,20,76,same_worker,0,4213
yjit-on/puma-sleep-fibonacci-200ms/raptor-3r/repeat-3,yjit-on,true,puma-sleep-fibonacci-200ms,puma-sleep-fibonacci-test,puma/benchmarks/local/sleep_fibonacci_test + test/rackup/sleep_fibonacci,https://github.com/puma/puma/blob/main/benchmarks/local/sleep_fibonacci_test.rb,raptor-3r,3,raptor,3,,21,10,5.041,5.0,10,10,2.379,2.0,1,true,21,0,4.166,241.931,242.963,243.024,243.037,243.039,65.004,65.004,42.275,20,20,75,same_worker,1,6311
yjit-on/puma-response-array-1kb/puma-1w-3t/repeat-1,yjit-on,true,puma-response-array-1kb,puma-response-time-wrk,puma/benchmarks/local/response_time_wrk,https://github.com/puma/puma/blob/main/benchmarks/local/response_time_wrk.rb,puma-1w-3t,3,puma,1,3,20036,1000,5.001,5.0,1000,7910,2.001,2.0,5,true,20036,0,4006.404,1.177,1.703,2.112,2.663,4.038,67.848,67.848,85.36,20,20,72,multiprocess_sample_only,,
yjit-on/puma-response-chunk-1kb/puma-1w-3t/repeat-1,yjit-on,true,puma-response-chunk-1kb,puma-response-time-wrk,puma/benchmarks/local/response_time_wrk,https://github.com/puma/puma/blob/main/benchmarks/local/response_time_wrk.rb,puma-1w-3t,3,puma,1,3,19475,1000,5.001,5.0,1000,8003,2.001,2.0,5,true,19475,0,3893.972,1.212,1.758,2.237,2.763,3.908,68.102,67.895,83.32,20,20,72,multiprocess_sample_only,,
yjit-on/puma-response-string-1kb/puma-1w-3t/repeat-1,yjit-on,true,puma-response-string-1kb,puma-response-time-wrk,puma/benchmarks/local/response_time_wrk,https://github.com/puma/puma/blob/main/benchmarks/local/response_time_wrk.rb,puma-1w-3t,3,puma,1,3,20044,1000,5.001,5.0,1000,8121,2.001,2.0,5,true,20044,0,4007.991,1.177,1.7,2.11,2.63,3.176,68.188,68.188,82.67,20,20,72,multiprocess_sample_only,,
yjit-on/puma-response-io-1kb/puma-1w-3t/repeat-1,yjit-on,true,puma-response-io-1kb,puma-response-time-wrk,puma/benchmarks/local/response_time_wrk,https://github.com/puma/puma/blob/main/benchmarks/local/response_time_wrk.rb,puma-1w-3t,3,puma,1,3,19976,1000,5.001,5.0,1000,8163,2.001,2.0,5,true,19976,0,3994.469,1.185,1.705,2.105,2.623,3.371,68.746,68.746,84.235,20,20,73,multiprocess_sample_only,,
yjit-on/puma-response-array-10kb/puma-1w-3t/repeat-1,yjit-on,true,puma-response-array-10kb,puma-response-time-wrk,puma/benchmarks/local/response_time_wrk,https://github.com/puma/puma/blob/main/benchmarks/local/response_time_wrk.rb,puma-1w-3t,3,puma,1,3,20348,1000,5.001,5.0,1000,8102,2.001,2.0,5,true,20348,0,4068.737,1.16,1.685,2.101,2.527,2.887,70.254,70.254,84.465,20,20,73,multiprocess_sample_only,,
yjit-on/puma-response-chunk-10kb/puma-1w-3t/repeat-1,yjit-on,true,puma-response-chunk-10kb,puma-response-time-wrk,puma/benchmarks/local/response_time_wrk,https://github.com/puma/puma/blob/main/benchmarks/local/response_time_wrk.rb,puma-1w-3t,3,puma,1,3,18394,1000,5.001,5.0,1000,7413,2.001,2.0,5,true,18394,0,3678.035,1.302,1.743,2.207,2.788,3.196,70.578,70.578,83.645,20,20,73,multiprocess_sample_only,,
yjit-on/puma-response-string-10kb/puma-1w-3t/repeat-1,yjit-on,true,puma-response-string-10kb,puma-response-time-wrk,puma/benchmarks/local/response_time_wrk,https://github.com/puma/puma/blob/main/benchmarks/local/response_time_wrk.rb,puma-1w-3t,3,puma,1,3,20521,1000,5.001,5.0,1000,8461,2.001,2.0,5,true,20521,0,4103.384,1.15,1.651,2.13,2.675,3.259,71.004,71.004,83.11,20,20,73,multiprocess_sample_only,,
yjit-on/puma-response-io-10kb/puma-1w-3t/repeat-1,yjit-on,true,puma-response-io-10kb,puma-response-time-wrk,puma/benchmarks/local/response_time_wrk,https://github.com/puma/puma/blob/main/benchmarks/local/response_time_wrk.rb,puma-1w-3t,3,puma,1,3,20293,1000,5.001,5.0,1000,8296,2.001,2.0,5,true,20293,0,4057.815,1.165,1.663,2.005,2.577,3.43,72.742,71.988,83.79,20,20,73,multiprocess_sample_only,,
yjit-on/puma-response-array-100kb/puma-1w-3t/repeat-1,yjit-on,true,puma-response-array-100kb,puma-response-time-wrk,puma/benchmarks/local/response_time_wrk,https://github.com/puma/puma/blob/main/benchmarks/local/response_time_wrk.rb,puma-1w-3t,3,puma,1,3,15293,1000,5.001,5.0,1000,6360,2.001,2.0,5,true,15293,0,3057.77,1.555,2.072,2.86,3.418,3.94,80.898,80.758,83.83,20,20,71,multiprocess_sample_only,,
yjit-on/puma-response-chunk-100kb/puma-1w-3t/repeat-1,yjit-on,true,puma-response-chunk-100kb,puma-response-time-wrk,puma/benchmarks/local/response_time_wrk,https://github.com/puma/puma/blob/main/benchmarks/local/response_time_wrk.rb,puma-1w-3t,3,puma,1,3,8282,1000,5.002,5.0,1000,3276,2.003,2.0,5,true,8282,0,1655.627,2.966,3.559,4.974,6.03,6.347,76.684,76.242,82.37,20,20,68,multiprocess_sample_only,,
yjit-on/puma-response-string-100kb/puma-1w-3t/repeat-1,yjit-on,true,puma-response-string-100kb,puma-response-time-wrk,puma/benchmarks/local/response_time_wrk,https://github.com/puma/puma/blob/main/benchmarks/local/response_time_wrk.rb,puma-1w-3t,3,puma,1,3,15813,1000,5.002,5.0,1000,6443,2.001,2.0,5,true,15813,0,3161.579,1.512,1.947,2.531,3.116,3.573,80.379,79.625,81.27,20,20,72,multiprocess_sample_only,,
yjit-on/puma-response-io-100kb/puma-1w-3t/repeat-1,yjit-on,true,puma-response-io-100kb,puma-response-time-wrk,puma/benchmarks/local/response_time_wrk,https://github.com/puma/puma/blob/main/benchmarks/local/response_time_wrk.rb,puma-1w-3t,3,puma,1,3,15608,1000,5.001,5.0,1000,6428,2.03,2.0,5,true,15608,0,3120.856,1.311,1.834,3.03,42.212,43.1,70.879,70.879,80.745,20,20,73,multiprocess_sample_only,,
yjit-on/puma-response-array-256kb/puma-1w-3t/repeat-1,yjit-on,true,puma-response-array-256kb,puma-response-time-wrk,puma/benchmarks/local/response_time_wrk,https://github.com/puma/puma/blob/main/benchmarks/local/response_time_wrk.rb,puma-1w-3t,3,puma,1,3,11460,1000,5.002,5.0,1000,4649,2.002,2.0,5,true,11460,0,2291.219,1.915,3.322,4.703,18.027,21.204,98.004,95.926,80.28,20,20,70,multiprocess_sample_only,,
yjit-on/puma-response-chunk-256kb/puma-1w-3t/repeat-1,yjit-on,true,puma-response-chunk-256kb,puma-response-time-wrk,puma/benchmarks/local/response_time_wrk,https://github.com/puma/puma/blob/main/benchmarks/local/response_time_wrk.rb,puma-1w-3t,3,puma,1,3,4612,1000,5.005,5.0,1000,1811,2.005,2.0,5,true,4612,0,921.412,5.358,6.26,9.926,10.911,11.347,80.906,80.0,79.065,20,20,64,multiprocess_sample_only,,
yjit-on/puma-response-string-256kb/puma-1w-3t/repeat-1,yjit-on,true,puma-response-string-256kb,puma-response-time-wrk,puma/benchmarks/local/response_time_wrk,https://github.com/puma/puma/blob/main/benchmarks/local/response_time_wrk.rb,puma-1w-3t,3,puma,1,3,11421,1000,5.002,5.0,1000,4807,2.002,2.0,5,true,11421,0,2283.358,1.915,3.332,5.096,17.82,20.731,74.809,74.758,77.715,20,20,69,multiprocess_sample_only,,
yjit-on/puma-response-io-256kb/puma-1w-3t/repeat-1,yjit-on,true,puma-response-io-256kb,puma-response-time-wrk,puma/benchmarks/local/response_time_wrk,https://github.com/puma/puma/blob/main/benchmarks/local/response_time_wrk.rb,puma-1w-3t,3,puma,1,3,11356,1000,5.002,5.0,1000,4623,2.001,2.0,5,true,11356,0,2270.514,1.948,3.289,4.701,18.306,20.6,75.008,74.633,76.615,20,20,69,multiprocess_sample_only,,
yjit-on/puma-response-array-512kb/puma-1w-3t/repeat-1,yjit-on,true,puma-response-array-512kb,puma-response-time-wrk,puma/benchmarks/local/response_time_wrk,https://github.com/puma/puma/blob/main/benchmarks/local/response_time_wrk.rb,puma-1w-3t,3,puma,1,3,8580,1000,5.013,5.0,1000,3432,2.002,2.0,5,true,8580,0,1711.396,2.499,4.471,19.245,22.23,22.988,116.617,110.797,76.3,20,20,69,multiprocess_sample_only,,
yjit-on/puma-response-chunk-512kb/puma-1w-3t/repeat-1,yjit-on,true,puma-response-chunk-512kb,puma-response-time-wrk,puma/benchmarks/local/response_time_wrk,https://github.com/puma/puma/blob/main/benchmarks/local/response_time_wrk.rb,puma-1w-3t,3,puma,1,3,2554,1000,5.009,5.0,1000,1026,2.008,2.0,5,true,2554,0,509.837,9.747,10.898,17.933,18.834,19.229,95.887,94.879,75.48,20,20,56,multiprocess_sample_only,,
yjit-on/puma-response-string-512kb/puma-1w-3t/repeat-1,yjit-on,true,puma-response-string-512kb,puma-response-time-wrk,puma/benchmarks/local/response_time_wrk,https://github.com/puma/puma/blob/main/benchmarks/local/response_time_wrk.rb,puma-1w-3t,3,puma,1,3,8448,1000,5.004,5.0,1000,3545,2.004,2.0,5,true,8448,0,1688.232,2.535,4.558,18.923,22.338,23.211,93.984,93.984,74.27,20,20,68,multiprocess_sample_only,,
yjit-on/puma-response-io-512kb/puma-1w-3t/repeat-1,yjit-on,true,puma-response-io-512kb,puma-response-time-wrk,puma/benchmarks/local/response_time_wrk,https://github.com/puma/puma/blob/main/benchmarks/local/response_time_wrk.rb,puma-1w-3t,3,puma,1,3,8650,1000,5.002,5.0,1000,3446,2.002,2.0,5,true,8650,0,1729.303,2.466,4.354,18.982,21.797,208.882,94.066,94.066,73.095,20,20,67,multiprocess_sample_only,,
yjit-on/puma-response-array-1024kb/puma-1w-3t/repeat-1,yjit-on,true,puma-response-array-1024kb,puma-response-time-wrk,puma/benchmarks/local/response_time_wrk,https://github.com/puma/puma/blob/main/benchmarks/local/response_time_wrk.rb,puma-1w-3t,3,puma,1,3,5677,1000,5.003,5.0,1000,2311,2.003,2.0,5,true,5677,0,1134.695,3.729,6.985,22.342,26.831,28.705,139.715,134.539,72.7,20,20,66,multiprocess_sample_only,,
yjit-on/puma-response-chunk-1024kb/puma-1w-3t/repeat-1,yjit-on,true,puma-response-chunk-1024kb,puma-response-time-wrk,puma/benchmarks/local/response_time_wrk,https://github.com/puma/puma/blob/main/benchmarks/local/response_time_wrk.rb,puma-1w-3t,3,puma,1,3,1393,1000,5.017,5.0,1000,1000,3.599,2.0,5,true,1393,0,277.681,17.668,29.4,32.983,33.829,34.102,85.066,84.906,71.835,20,20,47,multiprocess_sample_only,,
yjit-on/puma-response-string-1024kb/puma-1w-3t/repeat-1,yjit-on,true,puma-response-string-1024kb,puma-response-time-wrk,puma/benchmarks/local/response_time_wrk,https://github.com/puma/puma/blob/main/benchmarks/local/response_time_wrk.rb,puma-1w-3t,3,puma,1,3,5843,1000,5.003,5.0,1000,2362,2.005,2.0,5,true,5843,0,1167.974,3.683,6.685,21.719,25.431,29.013,83.582,83.582,70.69,20,20,65,multiprocess_sample_only,,
yjit-on/puma-response-io-1024kb/puma-1w-3t/repeat-1,yjit-on,true,puma-response-io-1024kb,puma-response-time-wrk,puma/benchmarks/local/response_time_wrk,https://github.com/puma/puma/blob/main/benchmarks/local/response_time_wrk.rb,puma-1w-3t,3,puma,1,3,5694,1000,5.004,5.0,1000,2435,2.003,2.0,5,true,5694,0,1137.891,3.861,6.793,21.828,25.656,27.304,83.582,83.582,69.36,20,20,66,multiprocess_sample_only,,
yjit-on/puma-response-array-2048kb/puma-1w-3t/repeat-1,yjit-on,true,puma-response-array-2048kb,puma-response-time-wrk,puma/benchmarks/local/response_time_wrk,https://github.com/puma/puma/blob/main/benchmarks/local/response_time_wrk.rb,puma-1w-3t,3,puma,1,3,3746,1000,5.008,5.0,1000,1496,2.006,2.0,5,true,3746,0,747.938,6.437,10.482,12.267,13.527,15.154,115.699,112.953,69.47,20,20,69,multiprocess_sample_only,,
yjit-on/puma-response-chunk-2048kb/puma-1w-3t/repeat-1,yjit-on,true,puma-response-chunk-2048kb,puma-response-time-wrk,puma/benchmarks/local/response_time_wrk,https://github.com/puma/puma/blob/main/benchmarks/local/response_time_wrk.rb,puma-1w-3t,3,puma,1,3,1000,1000,6.793,5.0,1000,1000,6.978,2.0,5,true,1000,0,147.213,33.66,36.41,61.457,63.729,63.95,87.25,85.195,68.74,20,20,48,multiprocess_sample_only,,
yjit-on/puma-response-string-2048kb/puma-1w-3t/repeat-1,yjit-on,true,puma-response-string-2048kb,puma-response-time-wrk,puma/benchmarks/local/response_time_wrk,https://github.com/puma/puma/blob/main/benchmarks/local/response_time_wrk.rb,puma-1w-3t,3,puma,1,3,3957,1000,5.005,5.0,1000,1612,2.006,2.0,5,true,3957,0,790.598,6.06,10.43,11.797,12.642,13.293,87.199,87.199,67.74,20,20,62,multiprocess_sample_only,,
yjit-on/puma-response-io-2048kb/puma-1w-3t/repeat-1,yjit-on,true,puma-response-io-2048kb,puma-response-time-wrk,puma/benchmarks/local/response_time_wrk,https://github.com/puma/puma/blob/main/benchmarks/local/response_time_wrk.rb,puma-1w-3t,3,puma,1,3,3837,1000,5.005,5.0,1000,1593,2.006,2.0,5,true,3837,0,766.633,6.204,9.931,12.089,15.312,16.081,87.199,87.199,66.37,20,20,62,multiprocess_sample_only,,
yjit-on/puma-long-tail-fib-200ms-x6p0/puma-1w-3t/repeat-1,yjit-on,true,puma-long-tail-fib-200ms-x6p0,puma-long-tail-hey,puma/benchmarks/local/long_tail_hey + test/rackup/sleep_fibonacci,https://github.com/puma/puma/blob/main/benchmarks/local/long_tail_hey.rb,puma-1w-3t,3,puma,1,3,360,360,50.836,5.0,360,360,50.848,2.0,18,true,360,0,7.082,2541.257,2545.756,2548.527,2550.2,2550.543,103.441,103.441,75.025,20,20,756,multiprocess_sample_only,,
yjit-on/puma-long-tail-fib-200ms-x4p0/puma-1w-3t/repeat-1,yjit-on,true,puma-long-tail-fib-200ms-x4p0,puma-long-tail-hey,puma/benchmarks/local/long_tail_hey + test/rackup/sleep_fibonacci,https://github.com/puma/puma/blob/main/benchmarks/local/long_tail_hey.rb,puma-1w-3t,3,puma,1,3,240,240,33.89,5.0,240,240,33.886,2.0,12,true,240,0,7.082,1694.141,1698.493,1700.201,1700.502,1700.561,103.691,103.691,80.35,20,20,504,multiprocess_sample_only,,
yjit-on/puma-long-tail-fib-200ms-x3p0/puma-1w-3t/repeat-1,yjit-on,true,puma-long-tail-fib-200ms-x3p0,puma-long-tail-hey,puma/benchmarks/local/long_tail_hey + test/rackup/sleep_fibonacci,https://github.com/puma/puma/blob/main/benchmarks/local/long_tail_hey.rb,puma-1w-3t,3,puma,1,3,180,180,25.415,5.0,180,180,25.418,2.0,9,true,180,0,7.083,1270.462,1274.925,1275.269,1275.616,1275.679,103.754,103.754,82.995,20,20,378,multiprocess_sample_only,,
yjit-on/puma-long-tail-fib-200ms-x2p0/puma-1w-3t/repeat-1,yjit-on,true,puma-long-tail-fib-200ms-x2p0,puma-long-tail-hey,puma/benchmarks/local/long_tail_hey + test/rackup/sleep_fibonacci,https://github.com/puma/puma/blob/main/benchmarks/local/long_tail_hey.rb,puma-1w-3t,3,puma,1,3,120,120,16.944,5.0,120,120,16.943,2.0,6,true,120,0,7.082,846.971,851.392,851.943,852.05,852.061,104.129,104.129,84.435,20,20,253,multiprocess_sample_only,,
yjit-on/puma-long-tail-fib-200ms-x1p5/puma-1w-3t/repeat-1,yjit-on,true,puma-long-tail-fib-200ms-x1p5,puma-long-tail-hey,puma/benchmarks/local/long_tail_hey + test/rackup/sleep_fibonacci,https://github.com/puma/puma/blob/main/benchmarks/local/long_tail_hey.rb,puma-1w-3t,3,puma,1,3,100,100,14.181,5.0,100,100,14.123,2.0,5,true,100,0,7.052,839.225,847.557,847.896,848.003,848.015,104.129,104.129,85.39,20,20,211,multiprocess_sample_only,,
yjit-on/puma-long-tail-fib-200ms-x1p0/puma-1w-3t/repeat-1,yjit-on,true,puma-long-tail-fib-200ms-x1p0,puma-long-tail-hey,puma/benchmarks/local/long_tail_hey + test/rackup/sleep_fibonacci,https://github.com/puma/puma/blob/main/benchmarks/local/long_tail_hey.rb,puma-1w-3t,3,puma,1,3,60,60,8.474,5.0,60,60,8.474,2.0,3,true,60,0,7.081,423.526,425.459,425.76,425.808,425.814,104.129,104.129,85.95,20,20,127,multiprocess_sample_only,,
yjit-on/puma-long-tail-fib-200ms-x0p5/puma-1w-3t/repeat-1,yjit-on,true,puma-long-tail-fib-200ms-x0p5,puma-long-tail-hey,puma/benchmarks/local/long_tail_hey + test/rackup/sleep_fibonacci,https://github.com/puma/puma/blob/main/benchmarks/local/long_tail_hey.rb,puma-1w-3t,3,puma,1,3,40,40,5.648,5.0,40,40,5.647,2.0,2,true,40,0,7.082,282.198,282.781,284.603,285.511,285.612,104.129,104.129,86.295,20,20,85,multiprocess_sample_only,,
yjit-on/puma-sleep-fibonacci-1ms/puma-1w-3t/repeat-1,yjit-on,true,puma-sleep-fibonacci-1ms,puma-sleep-fibonacci-test,puma/benchmarks/local/sleep_fibonacci_test + test/rackup/sleep_fibonacci,https://github.com/puma/puma/blob/main/benchmarks/local/sleep_fibonacci_test.rb,puma-1w-3t,3,puma,1,3,1999,10,5.002,5.0,10,800,2.002,2.0,1,true,1999,0,399.628,2.47,2.562,2.764,3.533,3.713,104.129,104.129,85.925,20,20,76,multiprocess_sample_only,,
yjit-on/puma-sleep-fibonacci-5ms/puma-1w-3t/repeat-1,yjit-on,true,puma-sleep-fibonacci-5ms,puma-sleep-fibonacci-test,puma/benchmarks/local/sleep_fibonacci_test + test/rackup/sleep_fibonacci,https://github.com/puma/puma/blob/main/benchmarks/local/sleep_fibonacci_test.rb,puma-1w-3t,3,puma,1,3,582,10,5.006,5.0,10,234,2.007,2.0,1,true,582,0,116.271,8.558,8.723,8.819,9.564,9.592,104.129,104.129,85.315,20,20,76,multiprocess_sample_only,,
yjit-on/puma-sleep-fibonacci-10ms/puma-1w-3t/repeat-1,yjit-on,true,puma-sleep-fibonacci-10ms,puma-sleep-fibonacci-test,puma/benchmarks/local/sleep_fibonacci_test + test/rackup/sleep_fibonacci,https://github.com/puma/puma/blob/main/benchmarks/local/sleep_fibonacci_test.rb,puma-1w-3t,3,puma,1,3,413,10,5.003,5.0,10,166,2.008,2.0,1,true,413,0,82.552,12.074,12.197,12.353,13.283,13.453,104.129,104.129,84.9,20,20,76,multiprocess_sample_only,,
yjit-on/puma-sleep-fibonacci-50ms/puma-1w-3t/repeat-1,yjit-on,true,puma-sleep-fibonacci-50ms,puma-sleep-fibonacci-test,puma/benchmarks/local/sleep_fibonacci_test + test/rackup/sleep_fibonacci,https://github.com/puma/puma/blob/main/benchmarks/local/sleep_fibonacci_test.rb,puma-1w-3t,3,puma,1,3,100,10,5.033,5.0,10,40,2.018,2.0,1,true,100,0,19.87,50.284,50.393,50.502,50.835,50.872,104.129,104.129,84.655,20,20,76,multiprocess_sample_only,,
yjit-on/puma-sleep-fibonacci-100ms/puma-1w-3t/repeat-1,yjit-on,true,puma-sleep-fibonacci-100ms,puma-sleep-fibonacci-test,puma/benchmarks/local/sleep_fibonacci_test + test/rackup/sleep_fibonacci,https://github.com/puma/puma/blob/main/benchmarks/local/sleep_fibonacci_test.rb,puma-1w-3t,3,puma,1,3,50,10,5.018,5.0,10,20,2.009,2.0,1,true,50,0,9.964,100.311,100.391,100.427,100.455,100.458,104.129,104.129,84.465,20,20,76,multiprocess_sample_only,,
yjit-on/puma-sleep-fibonacci-200ms/puma-1w-3t/repeat-1,yjit-on,true,puma-sleep-fibonacci-200ms,puma-sleep-fibonacci-test,puma/benchmarks/local/sleep_fibonacci_test + test/rackup/sleep_fibonacci,https://github.com/puma/puma/blob/main/benchmarks/local/sleep_fibonacci_test.rb,puma-1w-3t,3,puma,1,3,25,10,5.01,5.0,10,10,2.005,2.0,1,true,25,0,4.99,200.347,200.409,200.413,200.414,200.414,104.129,104.129,84.275,20,20,76,multiprocess_sample_only,,
yjit-on/puma-response-array-1kb/puma-1w-3t/repeat-2,yjit-on,true,puma-response-array-1kb,puma-response-time-wrk,puma/benchmarks/local/response_time_wrk,https://github.com/puma/puma/blob/main/benchmarks/local/response_time_wrk.rb,puma-1w-3t,3,puma,1,3,21688,1000,5.001,5.0,1000,8527,2.001,2.0,5,true,21688,0,4336.646,1.095,1.455,1.882,2.407,5.42,67.668,67.219,83.68,20,20,73,multiprocess_sample_only,,
yjit-on/puma-response-chunk-1kb/puma-1w-3t/repeat-2,yjit-on,true,puma-response-chunk-1kb,puma-response-time-wrk,puma/benchmarks/local/response_time_wrk,https://github.com/puma/puma/blob/main/benchmarks/local/response_time_wrk.rb,puma-1w-3t,3,puma,1,3,21214,1000,5.001,5.0,1000,8602,2.001,2.0,5,true,21214,0,4242.108,1.119,1.503,1.905,2.336,2.799,68.031,67.797,81.435,20,20,73,multiprocess_sample_only,,
yjit-on/puma-response-string-1kb/puma-1w-3t/repeat-2,yjit-on,true,puma-response-string-1kb,puma-response-time-wrk,puma/benchmarks/local/response_time_wrk,https://github.com/puma/puma/blob/main/benchmarks/local/response_time_wrk.rb,puma-1w-3t,3,puma,1,3,21723,1000,5.001,5.0,1000,8767,2.001,2.0,5,true,21723,0,4343.816,1.093,1.474,1.87,2.309,3.248,68.398,68.297,80.92,20,20,73,multiprocess_sample_only,,
yjit-on/puma-response-io-1kb/puma-1w-3t/repeat-2,yjit-on,true,puma-response-io-1kb,puma-response-time-wrk,puma/benchmarks/local/response_time_wrk,https://github.com/puma/puma/blob/main/benchmarks/local/response_time_wrk.rb,puma-1w-3t,3,puma,1,3,21412,1000,5.001,5.0,1000,8681,2.001,2.0,5,true,21412,0,4281.683,1.107,1.543,1.956,2.482,3.166,68.387,67.871,82.48,20,20,74,multiprocess_sample_only,,
yjit-on/puma-response-array-10kb/puma-1w-3t/repeat-2,yjit-on,true,puma-response-array-10kb,puma-response-time-wrk,puma/benchmarks/local/response_time_wrk,https://github.com/puma/puma/blob/main/benchmarks/local/response_time_wrk.rb,puma-1w-3t,3,puma,1,3,21148,1000,5.001,5.0,1000,8642,2.001,2.0,5,true,21148,0,4228.936,1.122,1.55,1.96,2.447,3.17,69.82,69.664,82.8,20,20,73,multiprocess_sample_only,,
yjit-on/puma-response-chunk-10kb/puma-1w-3t/repeat-2,yjit-on,true,puma-response-chunk-10kb,puma-response-time-wrk,puma/benchmarks/local/response_time_wrk,https://github.com/puma/puma/blob/main/benchmarks/local/response_time_wrk.rb,puma-1w-3t,3,puma,1,3,18510,1000,5.001,5.0,1000,7462,2.001,2.0,5,true,18510,0,3701.366,1.298,1.706,2.199,2.81,3.666,69.055,68.961,82.19,20,20,73,multiprocess_sample_only,,
yjit-on/puma-response-string-10kb/puma-1w-3t/repeat-2,yjit-on,true,puma-response-string-10kb,puma-response-time-wrk,puma/benchmarks/local/response_time_wrk,https://github.com/puma/puma/blob/main/benchmarks/local/response_time_wrk.rb,puma-1w-3t,3,puma,1,3,21298,1000,5.001,5.0,1000,8684,2.001,2.0,5,true,21298,0,4258.954,1.112,1.535,1.933,2.62,3.744,71.578,71.469,81.66,20,20,73,multiprocess_sample_only,,
yjit-on/puma-response-io-10kb/puma-1w-3t/repeat-2,yjit-on,true,puma-response-io-10kb,puma-response-time-wrk,puma/benchmarks/local/response_time_wrk,https://github.com/puma/puma/blob/main/benchmarks/local/response_time_wrk.rb,puma-1w-3t,3,puma,1,3,21140,1000,5.001,5.0,1000,8551,2.001,2.0,5,true,21140,0,4227.31,1.12,1.575,1.975,2.538,3.422,72.324,71.992,82.38,20,20,73,multiprocess_sample_only,,
yjit-on/puma-response-array-100kb/puma-1w-3t/repeat-2,yjit-on,true,puma-response-array-100kb,puma-response-time-wrk,puma/benchmarks/local/response_time_wrk,https://github.com/puma/puma/blob/main/benchmarks/local/response_time_wrk.rb,puma-1w-3t,3,puma,1,3,16183,1000,5.001,5.0,1000,6443,2.001,2.0,5,true,16183,0,3235.935,1.475,1.931,2.489,3.047,3.985,81.227,79.75,82.34,20,20,72,multiprocess_sample_only,,
yjit-on/puma-response-chunk-100kb/puma-1w-3t/repeat-2,yjit-on,true,puma-response-chunk-100kb,puma-response-time-wrk,puma/benchmarks/local/response_time_wrk,https://github.com/puma/puma/blob/main/benchmarks/local/response_time_wrk.rb,puma-1w-3t,3,puma,1,3,8469,1000,5.003,5.0,1000,3424,2.003,2.0,5,true,8469,0,1692.914,2.906,3.423,3.753,5.67,6.444,73.828,73.66,80.815,20,20,69,multiprocess_sample_only,,
yjit-on/puma-response-string-100kb/puma-1w-3t/repeat-2,yjit-on,true,puma-response-string-100kb,puma-response-time-wrk,puma/benchmarks/local/response_time_wrk,https://github.com/puma/puma/blob/main/benchmarks/local/response_time_wrk.rb,puma-1w-3t,3,puma,1,3,16099,1000,5.001,5.0,1000,6569,2.001,2.0,5,true,16099,0,3219.119,1.486,1.905,2.385,3.066,3.875,81.016,79.133,79.745,20,20,72,multiprocess_sample_only,,
yjit-on/puma-response-io-100kb/puma-1w-3t/repeat-2,yjit-on,true,puma-response-io-100kb,puma-response-time-wrk,puma/benchmarks/local/response_time_wrk,https://github.com/puma/puma/blob/main/benchmarks/local/response_time_wrk.rb,puma-1w-3t,3,puma,1,3,15844,1000,5.029,5.0,1000,6472,2.015,2.0,5,true,15844,0,3150.275,0.997,1.644,41.023,42.283,43.103,71.313,71.125,79.315,20,20,74,multiprocess_sample_only,,
yjit-on/puma-response-array-256kb/puma-1w-3t/repeat-2,yjit-on,true,puma-response-array-256kb,puma-response-time-wrk,puma/benchmarks/local/response_time_wrk,https://github.com/puma/puma/blob/main/benchmarks/local/response_time_wrk.rb,puma-1w-3t,3,puma,1,3,11292,1000,5.002,5.0,1000,4569,2.002,2.0,5,true,11292,0,2257.563,1.946,3.276,5.004,18.843,21.824,106.359,106.359,78.835,20,20,70,multiprocess_sample_only,,
yjit-on/puma-response-chunk-256kb/puma-1w-3t/repeat-2,yjit-on,true,puma-response-chunk-256kb,puma-response-time-wrk,puma/benchmarks/local/response_time_wrk,https://github.com/puma/puma/blob/main/benchmarks/local/response_time_wrk.rb,puma-1w-3t,3,puma,1,3,4450,1000,5.006,5.0,1000,1808,2.005,2.0,5,true,4450,0,888.966,5.52,6.616,10.367,11.295,11.84,77.711,77.59,77.595,20,20,63,multiprocess_sample_only,,
yjit-on/puma-response-string-256kb/puma-1w-3t/repeat-2,yjit-on,true,puma-response-string-256kb,puma-response-time-wrk,puma/benchmarks/local/response_time_wrk,https://github.com/puma/puma/blob/main/benchmarks/local/response_time_wrk.rb,puma-1w-3t,3,puma,1,3,10410,1000,5.002,5.0,1000,4356,2.001,2.0,5,true,10410,0,2081.358,2.1,3.563,5.75,20.938,22.889,75.102,74.664,76.335,20,20,67,multiprocess_sample_only,,
yjit-on/puma-response-io-256kb/puma-1w-3t/repeat-2,yjit-on,true,puma-response-io-256kb,puma-response-time-wrk,puma/benchmarks/local/response_time_wrk,https://github.com/puma/puma/blob/main/benchmarks/local/response_time_wrk.rb,puma-1w-3t,3,puma,1,3,10530,1000,5.003,5.0,1000,4351,2.001,2.0,5,true,10530,0,2104.784,2.09,3.504,5.345,20.455,45.505,74.852,74.539,75.27,20,20,69,multiprocess_sample_only,,
yjit-on/puma-response-array-512kb/puma-1w-3t/repeat-2,yjit-on,true,puma-response-array-512kb,puma-response-time-wrk,puma/benchmarks/local/response_time_wrk,https://github.com/puma/puma/blob/main/benchmarks/local/response_time_wrk.rb,puma-1w-3t,3,puma,1,3,8003,1000,5.004,5.0,1000,3296,2.002,2.0,5,true,8003,0,1599.34,2.669,4.746,21.237,24.126,25.715,117.457,115.695,74.875,20,20,68,multiprocess_sample_only,,
yjit-on/puma-response-chunk-512kb/puma-1w-3t/repeat-2,yjit-on,true,puma-response-chunk-512kb,puma-response-time-wrk,puma/benchmarks/local/response_time_wrk,https://github.com/puma/puma/blob/main/benchmarks/local/response_time_wrk.rb,puma-1w-3t,3,puma,1,3,2432,1000,5.009,5.0,1000,1000,2.031,2.0,5,true,2432,0,485.545,10.182,11.829,19.068,20.203,20.814,82.762,81.051,74.03,20,20,55,multiprocess_sample_only,,
yjit-on/puma-response-string-512kb/puma-1w-3t/repeat-2,yjit-on,true,puma-response-string-512kb,puma-response-time-wrk,puma/benchmarks/local/response_time_wrk,https://github.com/puma/puma/blob/main/benchmarks/local/response_time_wrk.rb,puma-1w-3t,3,puma,1,3,8034,1000,5.002,5.0,1000,3298,2.002,2.0,5,true,8034,0,1606.166,2.636,4.814,21.314,24.188,25.656,80.563,80.563,72.875,20,20,67,multiprocess_sample_only,,
yjit-on/puma-response-io-512kb/puma-1w-3t/repeat-2,yjit-on,true,puma-response-io-512kb,puma-response-time-wrk,puma/benchmarks/local/response_time_wrk,https://github.com/puma/puma/blob/main/benchmarks/local/response_time_wrk.rb,puma-1w-3t,3,puma,1,3,8075,1000,5.002,5.0,1000,3296,2.002,2.0,5,true,8075,0,1614.262,2.608,4.66,21.397,22.858,214.68,80.637,80.637,71.67,20,20,67,multiprocess_sample_only,,
yjit-on/puma-response-array-1024kb/puma-1w-3t/repeat-2,yjit-on,true,puma-response-array-1024kb,puma-response-time-wrk,puma/benchmarks/local/response_time_wrk,https://github.com/puma/puma/blob/main/benchmarks/local/response_time_wrk.rb,puma-1w-3t,3,puma,1,3,5515,1000,5.003,5.0,1000,2240,2.003,2.0,5,true,5515,0,1102.23,3.877,7.086,23.981,28.618,30.198,119.047,116.035,71.195,20,20,65,multiprocess_sample_only,,
yjit-on/puma-response-chunk-1024kb/puma-1w-3t/repeat-2,yjit-on,true,puma-response-chunk-1024kb,puma-response-time-wrk,puma/benchmarks/local/response_time_wrk,https://github.com/puma/puma/blob/main/benchmarks/local/response_time_wrk.rb,puma-1w-3t,3,puma,1,3,1336,1000,5.015,5.0,1000,1000,3.707,2.0,5,true,1336,0,266.381,18.546,21.095,34.282,35.771,36.169,81.445,80.293,70.35,20,20,46,multiprocess_sample_only,,
yjit-on/puma-response-string-1024kb/puma-1w-3t/repeat-2,yjit-on,true,puma-response-string-1024kb,puma-response-time-wrk,puma/benchmarks/local/response_time_wrk,https://github.com/puma/puma/blob/main/benchmarks/local/response_time_wrk.rb,puma-1w-3t,3,puma,1,3,5687,1000,5.003,5.0,1000,2290,2.003,2.0,5,true,5687,0,1136.628,3.781,6.629,23.377,27.101,30.695,84.063,84.063,69.26,20,20,65,multiprocess_sample_only,,
yjit-on/puma-response-io-1024kb/puma-1w-3t/repeat-2,yjit-on,true,puma-response-io-1024kb,puma-response-time-wrk,puma/benchmarks/local/response_time_wrk,https://github.com/puma/puma/blob/main/benchmarks/local/response_time_wrk.rb,puma-1w-3t,3,puma,1,3,5713,1000,5.003,5.0,1000,2302,2.003,2.0,5,true,5713,0,1141.811,3.79,6.433,23.37,25.921,29.747,84.063,84.063,67.905,20,20,64,multiprocess_sample_only,,
yjit-on/puma-response-array-2048kb/puma-1w-3t/repeat-2,yjit-on,true,puma-response-array-2048kb,puma-response-time-wrk,puma/benchmarks/local/response_time_wrk,https://github.com/puma/puma/blob/main/benchmarks/local/response_time_wrk.rb,puma-1w-3t,3,puma,1,3,3776,1000,5.006,5.0,1000,1551,2.006,2.0,5,true,3776,0,754.309,6.344,10.527,12.018,13.018,13.906,100.934,91.723,67.935,20,20,63,multiprocess_sample_only,,
yjit-on/puma-response-chunk-2048kb/puma-1w-3t/repeat-2,yjit-on,true,puma-response-chunk-2048kb,puma-response-time-wrk,puma/benchmarks/local/response_time_wrk,https://github.com/puma/puma/blob/main/benchmarks/local/response_time_wrk.rb,puma-1w-3t,3,puma,1,3,1000,1000,6.881,5.0,1000,1000,6.815,2.0,5,true,1000,0,145.321,34.243,35.999,61.553,63.202,63.431,84.297,84.297,67.12,20,20,47,multiprocess_sample_only,,
yjit-on/puma-response-string-2048kb/puma-1w-3t/repeat-2,yjit-on,true,puma-response-string-2048kb,puma-response-time-wrk,puma/benchmarks/local/response_time_wrk,https://github.com/puma/puma/blob/main/benchmarks/local/response_time_wrk.rb,puma-1w-3t,3,puma,1,3,3850,1000,5.006,5.0,1000,1604,2.005,2.0,5,true,3850,0,769.145,6.261,9.491,12.0,13.064,13.486,87.047,87.047,66.115,20,20,61,multiprocess_sample_only,,
yjit-on/puma-response-io-2048kb/puma-1w-3t/repeat-2,yjit-on,true,puma-response-io-2048kb,puma-response-time-wrk,puma/benchmarks/local/response_time_wrk,https://github.com/puma/puma/blob/main/benchmarks/local/response_time_wrk.rb,puma-1w-3t,3,puma,1,3,3906,1000,5.006,5.0,1000,1619,2.006,2.0,5,true,3906,0,780.306,6.217,7.532,11.671,24.458,27.563,87.047,87.047,64.9,20,20,62,multiprocess_sample_only,,
yjit-on/puma-long-tail-fib-200ms-x6p0/puma-1w-3t/repeat-2,yjit-on,true,puma-long-tail-fib-200ms-x6p0,puma-long-tail-hey,puma/benchmarks/local/long_tail_hey + test/rackup/sleep_fibonacci,https://github.com/puma/puma/blob/main/benchmarks/local/long_tail_hey.rb,puma-1w-3t,3,puma,1,3,360,360,50.833,5.0,360,360,50.841,2.0,18,true,360,0,7.082,2541.211,2545.132,2546.392,2546.797,2546.805,104.941,104.941,73.97,20,20,752,multiprocess_sample_only,,
yjit-on/puma-long-tail-fib-200ms-x4p0/puma-1w-3t/repeat-2,yjit-on,true,puma-long-tail-fib-200ms-x4p0,puma-long-tail-hey,puma/benchmarks/local/long_tail_hey + test/rackup/sleep_fibonacci,https://github.com/puma/puma/blob/main/benchmarks/local/long_tail_hey.rb,puma-1w-3t,3,puma,1,3,240,240,33.892,5.0,240,240,33.885,2.0,12,true,240,0,7.081,1694.322,1697.936,1698.477,1698.719,1698.77,105.012,105.012,79.545,20,20,502,multiprocess_sample_only,,
yjit-on/puma-long-tail-fib-200ms-x3p0/puma-1w-3t/repeat-2,yjit-on,true,puma-long-tail-fib-200ms-x3p0,puma-long-tail-hey,puma/benchmarks/local/long_tail_hey + test/rackup/sleep_fibonacci,https://github.com/puma/puma/blob/main/benchmarks/local/long_tail_hey.rb,puma-1w-3t,3,puma,1,3,180,180,25.416,5.0,180,180,25.418,2.0,9,true,180,0,7.082,1270.54,1274.36,1274.522,1274.6,1274.605,105.074,105.074,82.27,20,20,377,multiprocess_sample_only,,
yjit-on/puma-long-tail-fib-200ms-x2p0/puma-1w-3t/repeat-2,yjit-on,true,puma-long-tail-fib-200ms-x2p0,puma-long-tail-hey,puma/benchmarks/local/long_tail_hey + test/rackup/sleep_fibonacci,https://github.com/puma/puma/blob/main/benchmarks/local/long_tail_hey.rb,puma-1w-3t,3,puma,1,3,120,120,16.946,5.0,120,120,16.942,2.0,6,true,120,0,7.081,847.1,850.778,851.189,851.27,851.275,105.324,105.324,83.77,20,20,251,multiprocess_sample_only,,
yjit-on/puma-long-tail-fib-200ms-x1p5/puma-1w-3t/repeat-2,yjit-on,true,puma-long-tail-fib-200ms-x1p5,puma-long-tail-hey,puma/benchmarks/local/long_tail_hey + test/rackup/sleep_fibonacci,https://github.com/puma/puma/blob/main/benchmarks/local/long_tail_hey.rb,puma-1w-3t,3,puma,1,3,100,100,14.122,5.0,100,100,14.179,2.0,5,true,100,0,7.081,839.601,847.448,847.726,847.996,848.026,105.324,105.324,84.76,20,20,209,multiprocess_sample_only,,
yjit-on/puma-long-tail-fib-200ms-x1p0/puma-1w-3t/repeat-2,yjit-on,true,puma-long-tail-fib-200ms-x1p0,puma-long-tail-hey,puma/benchmarks/local/long_tail_hey + test/rackup/sleep_fibonacci,https://github.com/puma/puma/blob/main/benchmarks/local/long_tail_hey.rb,puma-1w-3t,3,puma,1,3,60,60,8.475,5.0,60,60,8.474,2.0,3,true,60,0,7.08,423.701,425.307,426.042,426.494,426.544,105.324,105.324,85.355,20,20,126,multiprocess_sample_only,,
yjit-on/puma-long-tail-fib-200ms-x0p5/puma-1w-3t/repeat-2,yjit-on,true,puma-long-tail-fib-200ms-x0p5,puma-long-tail-hey,puma/benchmarks/local/long_tail_hey + test/rackup/sleep_fibonacci,https://github.com/puma/puma/blob/main/benchmarks/local/long_tail_hey.rb,puma-1w-3t,3,puma,1,3,40,40,5.649,5.0,40,40,5.648,2.0,2,true,40,0,7.081,282.317,282.729,282.801,282.812,282.813,105.324,105.324,85.71,20,20,85,multiprocess_sample_only,,
yjit-on/puma-sleep-fibonacci-1ms/puma-1w-3t/repeat-2,yjit-on,true,puma-sleep-fibonacci-1ms,puma-sleep-fibonacci-test,puma/benchmarks/local/sleep_fibonacci_test + test/rackup/sleep_fibonacci,https://github.com/puma/puma/blob/main/benchmarks/local/sleep_fibonacci_test.rb,puma-1w-3t,3,puma,1,3,1984,10,5.0,5.0,10,795,2.002,2.0,1,true,1984,0,396.779,2.484,2.615,2.857,3.538,3.652,105.324,105.324,85.345,20,20,75,multiprocess_sample_only,,
yjit-on/puma-sleep-fibonacci-5ms/puma-1w-3t/repeat-2,yjit-on,true,puma-sleep-fibonacci-5ms,puma-sleep-fibonacci-test,puma/benchmarks/local/sleep_fibonacci_test + test/rackup/sleep_fibonacci,https://github.com/puma/puma/blob/main/benchmarks/local/sleep_fibonacci_test.rb,puma-1w-3t,3,puma,1,3,580,10,5.001,5.0,10,232,2.0,2.0,1,true,580,0,115.981,8.581,8.734,9.008,9.641,9.642,105.324,105.324,84.74,20,20,75,multiprocess_sample_only,,
yjit-on/puma-sleep-fibonacci-10ms/puma-1w-3t/repeat-2,yjit-on,true,puma-sleep-fibonacci-10ms,puma-sleep-fibonacci-test,puma/benchmarks/local/sleep_fibonacci_test + test/rackup/sleep_fibonacci,https://github.com/puma/puma/blob/main/benchmarks/local/sleep_fibonacci_test.rb,puma-1w-3t,3,puma,1,3,412,10,5.002,5.0,10,165,2.001,2.0,1,true,412,0,82.372,12.104,12.226,12.369,13.201,13.209,105.324,105.324,84.34,20,20,75,multiprocess_sample_only,,
yjit-on/puma-sleep-fibonacci-50ms/puma-1w-3t/repeat-2,yjit-on,true,puma-sleep-fibonacci-50ms,puma-sleep-fibonacci-test,puma/benchmarks/local/sleep_fibonacci_test + test/rackup/sleep_fibonacci,https://github.com/puma/puma/blob/main/benchmarks/local/sleep_fibonacci_test.rb,puma-1w-3t,3,puma,1,3,100,10,5.039,5.0,10,40,2.014,2.0,1,true,100,0,19.844,50.346,50.452,50.491,50.627,50.642,105.324,105.324,84.115,20,20,76,multiprocess_sample_only,,
yjit-on/puma-sleep-fibonacci-100ms/puma-1w-3t/repeat-2,yjit-on,true,puma-sleep-fibonacci-100ms,puma-sleep-fibonacci-test,puma/benchmarks/local/sleep_fibonacci_test + test/rackup/sleep_fibonacci,https://github.com/puma/puma/blob/main/benchmarks/local/sleep_fibonacci_test.rb,puma-1w-3t,3,puma,1,3,50,10,5.024,5.0,10,20,2.01,2.0,1,true,50,0,9.953,100.413,100.513,100.581,100.624,100.629,105.324,105.324,83.935,20,20,75,multiprocess_sample_only,,
yjit-on/puma-sleep-fibonacci-200ms/puma-1w-3t/repeat-2,yjit-on,true,puma-sleep-fibonacci-200ms,puma-sleep-fibonacci-test,puma/benchmarks/local/sleep_fibonacci_test + test/rackup/sleep_fibonacci,https://github.com/puma/puma/blob/main/benchmarks/local/sleep_fibonacci_test.rb,puma-1w-3t,3,puma,1,3,25,10,5.014,5.0,10,10,2.007,2.0,1,true,25,0,4.986,200.473,200.572,200.601,200.609,200.609,105.324,105.324,83.76,20,20,75,multiprocess_sample_only,,
yjit-on/puma-response-array-1kb/puma-1w-3t/repeat-3,yjit-on,true,puma-response-array-1kb,puma-response-time-wrk,puma/benchmarks/local/response_time_wrk,https://github.com/puma/puma/blob/main/benchmarks/local/response_time_wrk.rb,puma-1w-3t,3,puma,1,3,20600,1000,5.001,5.0,1000,8177,2.001,2.0,5,true,20600,0,4119.309,1.148,1.616,2.076,2.7,4.53,67.906,67.906,85.005,20,20,73,multiprocess_sample_only,,
yjit-on/puma-response-chunk-1kb/puma-1w-3t/repeat-3,yjit-on,true,puma-response-chunk-1kb,puma-response-time-wrk,puma/benchmarks/local/response_time_wrk,https://github.com/puma/puma/blob/main/benchmarks/local/response_time_wrk.rb,puma-1w-3t,3,puma,1,3,20151,1000,5.001,5.0,1000,8215,2.001,2.0,5,true,20151,0,4029.363,1.173,1.636,2.119,2.548,3.029,68.332,68.332,82.385,20,20,73,multiprocess_sample_only,,
yjit-on/puma-response-string-1kb/puma-1w-3t/repeat-3,yjit-on,true,puma-response-string-1kb,puma-response-time-wrk,puma/benchmarks/local/response_time_wrk,https://github.com/puma/puma/blob/main/benchmarks/local/response_time_wrk.rb,puma-1w-3t,3,puma,1,3,20769,1000,5.001,5.0,1000,8422,2.002,2.0,5,true,20769,0,4153.085,1.141,1.584,2.046,2.563,3.01,68.555,68.555,81.59,20,20,73,multiprocess_sample_only,,
yjit-on/puma-response-io-1kb/puma-1w-3t/repeat-3,yjit-on,true,puma-response-io-1kb,puma-response-time-wrk,puma/benchmarks/local/response_time_wrk,https://github.com/puma/puma/blob/main/benchmarks/local/response_time_wrk.rb,puma-1w-3t,3,puma,1,3,20619,1000,5.001,5.0,1000,8340,2.001,2.0,5,true,20619,0,4122.955,1.149,1.635,2.053,2.514,3.444,68.879,68.879,83.105,20,20,73,multiprocess_sample_only,,
yjit-on/puma-response-array-10kb/puma-1w-3t/repeat-3,yjit-on,true,puma-response-array-10kb,puma-response-time-wrk,puma/benchmarks/local/response_time_wrk,https://github.com/puma/puma/blob/main/benchmarks/local/response_time_wrk.rb,puma-1w-3t,3,puma,1,3,20315,1000,5.002,5.0,1000,8315,2.001,2.0,5,true,20315,0,4061.765,1.163,1.678,2.102,2.608,3.082,70.328,70.328,83.58,20,20,73,multiprocess_sample_only,,
yjit-on/puma-response-chunk-10kb/puma-1w-3t/repeat-3,yjit-on,true,puma-response-chunk-10kb,puma-response-time-wrk,puma/benchmarks/local/response_time_wrk,https://github.com/puma/puma/blob/main/benchmarks/local/response_time_wrk.rb,puma-1w-3t,3,puma,1,3,17616,1000,5.001,5.0,1000,7296,2.001,2.0,5,true,17616,0,3522.369,1.356,1.836,2.409,2.95,3.748,70.605,70.605,82.955,20,20,72,multiprocess_sample_only,,
yjit-on/puma-response-string-10kb/puma-1w-3t/repeat-3,yjit-on,true,puma-response-string-10kb,puma-response-time-wrk,puma/benchmarks/local/response_time_wrk,https://github.com/puma/puma/blob/main/benchmarks/local/response_time_wrk.rb,puma-1w-3t,3,puma,1,3,20527,1000,5.001,5.0,1000,8341,2.001,2.0,5,true,20527,0,4104.826,1.153,1.615,2.072,2.55,3.952,71.43,70.867,82.595,20,20,73,multiprocess_sample_only,,
yjit-on/puma-response-io-10kb/puma-1w-3t/repeat-3,yjit-on,true,puma-response-io-10kb,puma-response-time-wrk,puma/benchmarks/local/response_time_wrk,https://github.com/puma/puma/blob/main/benchmarks/local/response_time_wrk.rb,puma-1w-3t,3,puma,1,3,20275,1000,5.001,5.0,1000,8284,2.001,2.0,5,true,20275,0,4053.788,1.165,1.67,2.083,2.577,3.024,72.301,71.441,83.345,20,20,73,multiprocess_sample_only,,
yjit-on/puma-response-array-100kb/puma-1w-3t/repeat-3,yjit-on,true,puma-response-array-100kb,puma-response-time-wrk,puma/benchmarks/local/response_time_wrk,https://github.com/puma/puma/blob/main/benchmarks/local/response_time_wrk.rb,puma-1w-3t,3,puma,1,3,15594,1000,5.001,5.0,1000,6305,2.001,2.0,5,true,15594,0,3117.987,1.528,2.033,2.7,3.318,3.813,81.246,79.949,83.43,20,20,72,multiprocess_sample_only,,
yjit-on/puma-response-chunk-100kb/puma-1w-3t/repeat-3,yjit-on,true,puma-response-chunk-100kb,puma-response-time-wrk,puma/benchmarks/local/response_time_wrk,https://github.com/puma/puma/blob/main/benchmarks/local/response_time_wrk.rb,puma-1w-3t,3,puma,1,3,8246,1000,5.003,5.0,1000,3333,2.002,2.0,5,true,8246,0,1648.306,2.981,3.567,4.226,5.716,6.424,75.957,75.957,81.895,20,20,68,multiprocess_sample_only,,
yjit-on/puma-response-string-100kb/puma-1w-3t/repeat-3,yjit-on,true,puma-response-string-100kb,puma-response-time-wrk,puma/benchmarks/local/response_time_wrk,https://github.com/puma/puma/blob/main/benchmarks/local/response_time_wrk.rb,puma-1w-3t,3,puma,1,3,15383,1000,5.001,5.0,1000,6380,2.001,2.0,5,true,15383,0,3075.873,1.554,2.032,2.71,3.298,3.941,80.59,79.309,80.805,20,20,71,multiprocess_sample_only,,
yjit-on/puma-response-io-100kb/puma-1w-3t/repeat-3,yjit-on,true,puma-response-io-100kb,puma-response-time-wrk,puma/benchmarks/local/response_time_wrk,https://github.com/puma/puma/blob/main/benchmarks/local/response_time_wrk.rb,puma-1w-3t,3,puma,1,3,15098,1000,5.034,5.0,1000,6195,2.001,2.0,5,true,15098,0,2999.319,1.298,1.901,40.676,42.136,43.282,71.363,71.363,80.32,20,20,73,multiprocess_sample_only,,
yjit-on/puma-response-array-256kb/puma-1w-3t/repeat-3,yjit-on,true,puma-response-array-256kb,puma-response-time-wrk,puma/benchmarks/local/response_time_wrk,https://github.com/puma/puma/blob/main/benchmarks/local/response_time_wrk.rb,puma-1w-3t,3,puma,1,3,10935,1000,5.017,5.0,1000,4554,2.002,2.0,5,true,10935,0,2179.435,1.98,3.504,5.655,20.455,23.694,101.207,97.887,79.81,20,20,70,multiprocess_sample_only,,
yjit-on/puma-response-chunk-256kb/puma-1w-3t/repeat-3,yjit-on,true,puma-response-chunk-256kb,puma-response-time-wrk,puma/benchmarks/local/response_time_wrk,https://github.com/puma/puma/blob/main/benchmarks/local/response_time_wrk.rb,puma-1w-3t,3,puma,1,3,4452,1000,5.005,5.0,1000,1837,2.005,2.0,5,true,4452,0,889.484,5.502,6.694,10.102,11.698,12.807,80.637,80.23,78.53,20,20,63,multiprocess_sample_only,,
yjit-on/puma-response-string-256kb/puma-1w-3t/repeat-3,yjit-on,true,puma-response-string-256kb,puma-response-time-wrk,puma/benchmarks/local/response_time_wrk,https://github.com/puma/puma/blob/main/benchmarks/local/response_time_wrk.rb,puma-1w-3t,3,puma,1,3,11121,1000,5.003,5.0,1000,4621,2.002,2.0,5,true,11121,0,2222.834,1.961,3.428,5.263,20.349,22.526,72.215,72.215,77.16,20,20,70,multiprocess_sample_only,,
yjit-on/puma-response-io-256kb/puma-1w-3t/repeat-3,yjit-on,true,puma-response-io-256kb,puma-response-time-wrk,puma/benchmarks/local/response_time_wrk,https://github.com/puma/puma/blob/main/benchmarks/local/response_time_wrk.rb,puma-1w-3t,3,puma,1,3,11024,1000,5.002,5.0,1000,4487,2.002,2.0,5,true,11024,0,2203.958,1.989,3.41,4.952,20.218,60.58,72.215,71.652,76.005,20,20,70,multiprocess_sample_only,,
yjit-on/puma-response-array-512kb/puma-1w-3t/repeat-3,yjit-on,true,puma-response-array-512kb,puma-response-time-wrk,puma/benchmarks/local/response_time_wrk,https://github.com/puma/puma/blob/main/benchmarks/local/response_time_wrk.rb,puma-1w-3t,3,puma,1,3,8393,1000,5.016,5.0,1000,3367,2.002,2.0,5,true,8393,0,1673.221,2.525,4.562,21.552,24.109,25.607,114.754,112.918,75.62,20,20,68,multiprocess_sample_only,,
yjit-on/puma-response-chunk-512kb/puma-1w-3t/repeat-3,yjit-on,true,puma-response-chunk-512kb,puma-response-time-wrk,puma/benchmarks/local/response_time_wrk,https://github.com/puma/puma/blob/main/benchmarks/local/response_time_wrk.rb,puma-1w-3t,3,puma,1,3,2587,1000,5.009,5.0,1000,1036,2.009,2.0,5,true,2587,0,516.463,9.588,10.84,17.639,19.018,19.149,83.793,81.227,74.75,20,20,56,multiprocess_sample_only,,
yjit-on/puma-response-string-512kb/puma-1w-3t/repeat-3,yjit-on,true,puma-response-string-512kb,puma-response-time-wrk,puma/benchmarks/local/response_time_wrk,https://github.com/puma/puma/blob/main/benchmarks/local/response_time_wrk.rb,puma-1w-3t,3,puma,1,3,8373,1000,5.002,5.0,1000,3485,2.002,2.0,5,true,8373,0,1673.869,2.5,4.634,21.173,24.201,26.125,77.012,77.012,73.595,20,20,67,multiprocess_sample_only,,
yjit-on/puma-response-io-512kb/puma-1w-3t/repeat-3,yjit-on,true,puma-response-io-512kb,puma-response-time-wrk,puma/benchmarks/local/response_time_wrk,https://github.com/puma/puma/blob/main/benchmarks/local/response_time_wrk.rb,puma-1w-3t,3,puma,1,3,8517,1000,5.002,5.0,1000,3406,2.002,2.0,5,true,8517,0,1702.647,2.486,4.199,20.775,24.287,210.739,77.102,77.102,72.365,20,20,68,multiprocess_sample_only,,
yjit-on/puma-response-array-1024kb/puma-1w-3t/repeat-3,yjit-on,true,puma-response-array-1024kb,puma-response-time-wrk,puma/benchmarks/local/response_time_wrk,https://github.com/puma/puma/blob/main/benchmarks/local/response_time_wrk.rb,puma-1w-3t,3,puma,1,3,5711,1000,5.003,5.0,1000,2357,2.003,2.0,5,true,5711,0,1141.523,3.732,6.784,23.845,28.315,29.522,123.461,120.938,71.925,20,20,65,multiprocess_sample_only,,
yjit-on/puma-response-chunk-1024kb/puma-1w-3t/repeat-3,yjit-on,true,puma-response-chunk-1024kb,puma-response-time-wrk,puma/benchmarks/local/response_time_wrk,https://github.com/puma/puma/blob/main/benchmarks/local/response_time_wrk.rb,puma-1w-3t,3,puma,1,3,1391,1000,5.014,5.0,1000,1000,3.537,2.0,5,true,1391,0,277.435,17.778,27.768,32.875,34.051,34.206,83.406,82.891,71.125,20,20,47,multiprocess_sample_only,,
yjit-on/puma-response-string-1024kb/puma-1w-3t/repeat-3,yjit-on,true,puma-response-string-1024kb,puma-response-time-wrk,puma/benchmarks/local/response_time_wrk,https://github.com/puma/puma/blob/main/benchmarks/local/response_time_wrk.rb,puma-1w-3t,3,puma,1,3,5755,1000,5.003,5.0,1000,2392,2.003,2.0,5,true,5755,0,1150.327,3.721,6.637,23.865,27.844,30.608,81.117,81.117,70.025,20,20,65,multiprocess_sample_only,,
yjit-on/puma-response-io-1024kb/puma-1w-3t/repeat-3,yjit-on,true,puma-response-io-1024kb,puma-response-time-wrk,puma/benchmarks/local/response_time_wrk,https://github.com/puma/puma/blob/main/benchmarks/local/response_time_wrk.rb,puma-1w-3t,3,puma,1,3,5681,1000,5.004,5.0,1000,2305,2.003,2.0,5,true,5681,0,1135.332,3.776,6.72,23.965,27.367,30.443,81.18,81.18,68.65,20,20,65,multiprocess_sample_only,,
yjit-on/puma-response-array-2048kb/puma-1w-3t/repeat-3,yjit-on,true,puma-response-array-2048kb,puma-response-time-wrk,puma/benchmarks/local/response_time_wrk,https://github.com/puma/puma/blob/main/benchmarks/local/response_time_wrk.rb,puma-1w-3t,3,puma,1,3,3679,1000,5.006,5.0,1000,1522,2.005,2.0,5,true,3679,0,734.982,6.355,10.591,12.32,29.466,30.034,94.523,86.469,68.715,20,20,64,multiprocess_sample_only,,
yjit-on/puma-response-chunk-2048kb/puma-1w-3t/repeat-3,yjit-on,true,puma-response-chunk-2048kb,puma-response-time-wrk,puma/benchmarks/local/response_time_wrk,https://github.com/puma/puma/blob/main/benchmarks/local/response_time_wrk.rb,puma-1w-3t,3,puma,1,3,1000,1000,6.894,5.0,1000,1000,6.798,2.0,5,true,1000,0,145.059,34.001,55.286,62.77,64.594,69.096,92.469,92.469,67.96,20,20,49,multiprocess_sample_only,,
yjit-on/puma-response-string-2048kb/puma-1w-3t/repeat-3,yjit-on,true,puma-response-string-2048kb,puma-response-time-wrk,puma/benchmarks/local/response_time_wrk,https://github.com/puma/puma/blob/main/benchmarks/local/response_time_wrk.rb,puma-1w-3t,3,puma,1,3,3733,1000,5.006,5.0,1000,1558,2.006,2.0,5,true,3733,0,745.714,6.248,11.09,12.792,29.662,30.641,94.473,94.473,66.965,20,20,61,multiprocess_sample_only,,
yjit-on/puma-response-io-2048kb/puma-1w-3t/repeat-3,yjit-on,true,puma-response-io-2048kb,puma-response-time-wrk,puma/benchmarks/local/response_time_wrk,https://github.com/puma/puma/blob/main/benchmarks/local/response_time_wrk.rb,puma-1w-3t,3,puma,1,3,3775,1000,5.005,5.0,1000,1546,2.006,2.0,5,true,3775,0,754.174,6.238,10.541,12.881,27.665,29.824,94.473,94.473,65.605,20,20,61,multiprocess_sample_only,,
yjit-on/puma-long-tail-fib-200ms-x6p0/puma-1w-3t/repeat-3,yjit-on,true,puma-long-tail-fib-200ms-x6p0,puma-long-tail-hey,puma/benchmarks/local/long_tail_hey + test/rackup/sleep_fibonacci,https://github.com/puma/puma/blob/main/benchmarks/local/long_tail_hey.rb,puma-1w-3t,3,puma,1,3,360,360,50.846,5.0,360,360,50.866,2.0,18,true,360,0,7.08,2541.946,2546.163,2546.807,2547.111,2547.199,109.27,109.27,74.475,20,20,751,multiprocess_sample_only,,
yjit-on/puma-long-tail-fib-200ms-x4p0/puma-1w-3t/repeat-3,yjit-on,true,puma-long-tail-fib-200ms-x4p0,puma-long-tail-hey,puma/benchmarks/local/long_tail_hey + test/rackup/sleep_fibonacci,https://github.com/puma/puma/blob/main/benchmarks/local/long_tail_hey.rb,puma-1w-3t,3,puma,1,3,240,240,33.903,5.0,240,240,33.9,2.0,12,true,240,0,7.079,1694.906,1698.875,1700.384,1701.363,1701.392,109.273,109.273,79.95,20,20,500,multiprocess_sample_only,,
yjit-on/puma-long-tail-fib-200ms-x3p0/puma-1w-3t/repeat-3,yjit-on,true,puma-long-tail-fib-200ms-x3p0,puma-long-tail-hey,puma/benchmarks/local/long_tail_hey + test/rackup/sleep_fibonacci,https://github.com/puma/puma/blob/main/benchmarks/local/long_tail_hey.rb,puma-1w-3t,3,puma,1,3,180,180,25.426,5.0,180,180,25.422,2.0,9,true,180,0,7.079,1271.037,1275.21,1275.428,1276.311,1276.456,109.527,109.527,82.62,20,20,377,multiprocess_sample_only,,
yjit-on/puma-long-tail-fib-200ms-x2p0/puma-1w-3t/repeat-3,yjit-on,true,puma-long-tail-fib-200ms-x2p0,puma-long-tail-hey,puma/benchmarks/local/long_tail_hey + test/rackup/sleep_fibonacci,https://github.com/puma/puma/blob/main/benchmarks/local/long_tail_hey.rb,puma-1w-3t,3,puma,1,3,120,120,16.948,5.0,120,120,16.949,2.0,6,true,120,0,7.08,847.223,851.377,851.512,851.731,851.761,109.531,109.531,84.095,20,20,250,multiprocess_sample_only,,
yjit-on/puma-long-tail-fib-200ms-x1p5/puma-1w-3t/repeat-3,yjit-on,true,puma-long-tail-fib-200ms-x1p5,puma-long-tail-hey,puma/benchmarks/local/long_tail_hey + test/rackup/sleep_fibonacci,https://github.com/puma/puma/blob/main/benchmarks/local/long_tail_hey.rb,puma-1w-3t,3,puma,1,3,100,100,14.127,5.0,100,100,14.128,2.0,5,true,100,0,7.079,839.711,847.729,847.967,848.015,848.02,109.656,109.656,85.075,20,20,210,multiprocess_sample_only,,
yjit-on/puma-long-tail-fib-200ms-x1p0/puma-1w-3t/repeat-3,yjit-on,true,puma-long-tail-fib-200ms-x1p0,puma-long-tail-hey,puma/benchmarks/local/long_tail_hey + test/rackup/sleep_fibonacci,https://github.com/puma/puma/blob/main/benchmarks/local/long_tail_hey.rb,puma-1w-3t,3,puma,1,3,60,60,8.476,5.0,60,60,8.473,2.0,3,true,60,0,7.079,423.783,425.476,425.617,425.63,425.632,109.656,109.656,85.66,20,20,127,multiprocess_sample_only,,
yjit-on/puma-long-tail-fib-200ms-x0p5/puma-1w-3t/repeat-3,yjit-on,true,puma-long-tail-fib-200ms-x0p5,puma-long-tail-hey,puma/benchmarks/local/long_tail_hey + test/rackup/sleep_fibonacci,https://github.com/puma/puma/blob/main/benchmarks/local/long_tail_hey.rb,puma-1w-3t,3,puma,1,3,40,40,5.649,5.0,40,40,5.649,2.0,2,true,40,0,7.081,282.337,282.576,282.742,282.814,282.822,109.656,109.656,86.005,20,20,85,multiprocess_sample_only,,
yjit-on/puma-sleep-fibonacci-1ms/puma-1w-3t/repeat-3,yjit-on,true,puma-sleep-fibonacci-1ms,puma-sleep-fibonacci-test,puma/benchmarks/local/sleep_fibonacci_test + test/rackup/sleep_fibonacci,https://github.com/puma/puma/blob/main/benchmarks/local/sleep_fibonacci_test.rb,puma-1w-3t,3,puma,1,3,1980,10,5.002,5.0,10,791,2.002,2.0,1,true,1980,0,395.84,2.483,2.652,2.748,3.57,3.613,111.934,111.934,85.635,20,20,75,multiprocess_sample_only,,
yjit-on/puma-sleep-fibonacci-5ms/puma-1w-3t/repeat-3,yjit-on,true,puma-sleep-fibonacci-5ms,puma-sleep-fibonacci-test,puma/benchmarks/local/sleep_fibonacci_test + test/rackup/sleep_fibonacci,https://github.com/puma/puma/blob/main/benchmarks/local/sleep_fibonacci_test.rb,puma-1w-3t,3,puma,1,3,569,10,5.002,5.0,10,229,2.008,2.0,1,true,569,0,113.756,8.755,8.865,9.083,9.893,9.916,111.934,111.934,85.03,20,20,75,multiprocess_sample_only,,
yjit-on/puma-sleep-fibonacci-10ms/puma-1w-3t/repeat-3,yjit-on,true,puma-sleep-fibonacci-10ms,puma-sleep-fibonacci-test,puma/benchmarks/local/sleep_fibonacci_test + test/rackup/sleep_fibonacci,https://github.com/puma/puma/blob/main/benchmarks/local/sleep_fibonacci_test.rb,puma-1w-3t,3,puma,1,3,411,10,5.006,5.0,10,165,2.011,2.0,1,true,411,0,82.108,12.12,12.303,12.427,12.991,13.194,111.941,111.941,84.62,20,20,75,multiprocess_sample_only,,
yjit-on/puma-sleep-fibonacci-50ms/puma-1w-3t/repeat-3,yjit-on,true,puma-sleep-fibonacci-50ms,puma-sleep-fibonacci-test,puma/benchmarks/local/sleep_fibonacci_test + test/rackup/sleep_fibonacci,https://github.com/puma/puma/blob/main/benchmarks/local/sleep_fibonacci_test.rb,puma-1w-3t,3,puma,1,3,100,10,5.038,5.0,10,40,2.02,2.0,1,true,100,0,19.849,50.325,50.488,50.586,50.642,50.648,111.941,111.941,84.375,20,20,76,multiprocess_sample_only,,
yjit-on/puma-sleep-fibonacci-100ms/puma-1w-3t/repeat-3,yjit-on,true,puma-sleep-fibonacci-100ms,puma-sleep-fibonacci-test,puma/benchmarks/local/sleep_fibonacci_test + test/rackup/sleep_fibonacci,https://github.com/puma/puma/blob/main/benchmarks/local/sleep_fibonacci_test.rb,puma-1w-3t,3,puma,1,3,50,10,5.025,5.0,10,20,2.009,2.0,1,true,50,0,9.951,100.397,100.551,101.036,101.421,101.464,111.941,111.941,84.2,20,20,76,multiprocess_sample_only,,
yjit-on/puma-sleep-fibonacci-200ms/puma-1w-3t/repeat-3,yjit-on,true,puma-sleep-fibonacci-200ms,puma-sleep-fibonacci-test,puma/benchmarks/local/sleep_fibonacci_test + test/rackup/sleep_fibonacci,https://github.com/puma/puma/blob/main/benchmarks/local/sleep_fibonacci_test.rb,puma-1w-3t,3,puma,1,3,25,10,5.015,5.0,10,10,2.007,2.0,1,true,25,0,4.985,200.473,200.678,201.331,201.514,201.534,111.941,111.941,84.015,20,20,75,multiprocess_sample_only,,
