run_id,runtime,yjit,scenario,scenario_family,benchmark_source,benchmark_source_url,server,server_capacity,adapter,workers,threads,requests,target_requests,duration_s,min_duration_s,target_warmup_requests,warmup_requests,warmup_duration_s,warmup_min_duration_s,concurrency,keep_alive,completed,errors,achieved_rps,p50_ms,p95_ms,p99_ms,p999_ms,max_ms,rss_mb_peak,rss_mb_end,cpu_pct_avg,target_sample_count,sample_count,raw_sample_count,gc_delta_scope,gc_count_delta,total_allocated_objects_delta
yjit-off/puma-response-array-1kb/raptor-3r/repeat-1,yjit-off,false,puma-response-array-1kb,puma-response-time-wrk,puma/benchmarks/local/response_time_wrk,https://github.com/puma/puma/blob/main/benchmarks/local/response_time_wrk.rb,raptor-3r,3,raptor,3,,1000,1000,16.195,5.0,1000,1000,16.224,2.0,5,true,1000,0,61.748,41.027,42.238,43.143,4057.603,4061.613,30.313,30.313,3.685,20,20,224,same_worker,18,717949
yjit-off/puma-response-chunk-1kb/raptor-3r/repeat-1,yjit-off,false,puma-response-chunk-1kb,puma-response-time-wrk,puma/benchmarks/local/response_time_wrk,https://github.com/puma/puma/blob/main/benchmarks/local/response_time_wrk.rb,raptor-3r,3,raptor,3,,1000,1000,16.13,5.0,1000,1000,16.178,2.0,5,true,1000,0,61.995,40.986,42.024,42.414,4040.803,4051.174,30.656,30.656,2.985,20,20,224,same_worker,18,718112
yjit-off/puma-response-string-1kb/raptor-3r/repeat-1,yjit-off,false,puma-response-string-1kb,puma-response-time-wrk,puma/benchmarks/local/response_time_wrk,https://github.com/puma/puma/blob/main/benchmarks/local/response_time_wrk.rb,raptor-3r,3,raptor,3,,1000,1000,16.144,5.0,1000,1000,16.161,2.0,5,true,1000,0,61.941,40.99,42.067,42.527,4035.759,4045.899,30.684,30.684,2.79,20,20,224,same_worker,18,718399
yjit-off/puma-response-io-1kb/raptor-3r/repeat-1,yjit-off,false,puma-response-io-1kb,puma-response-time-wrk,puma/benchmarks/local/response_time_wrk,https://github.com/puma/puma/blob/main/benchmarks/local/response_time_wrk.rb,raptor-3r,3,raptor,3,,1000,1000,16.152,5.0,1000,1000,16.115,2.0,5,true,1000,0,61.914,40.999,42.138,42.773,4052.335,4054.535,30.766,30.766,2.7,20,20,224,same_worker,18,726989
yjit-off/puma-response-array-10kb/raptor-3r/repeat-1,yjit-off,false,puma-response-array-10kb,puma-response-time-wrk,puma/benchmarks/local/response_time_wrk,https://github.com/puma/puma/blob/main/benchmarks/local/response_time_wrk.rb,raptor-3r,3,raptor,3,,1000,1000,16.169,5.0,1000,1000,16.117,2.0,5,true,1000,0,61.848,41.004,42.19,42.637,4082.354,4084.085,30.766,30.766,2.7,20,20,224,same_worker,18,718550
yjit-off/puma-response-chunk-10kb/raptor-3r/repeat-1,yjit-off,false,puma-response-chunk-10kb,puma-response-time-wrk,puma/benchmarks/local/response_time_wrk,https://github.com/puma/puma/blob/main/benchmarks/local/response_time_wrk.rb,raptor-3r,3,raptor,3,,1000,1000,16.227,5.0,1000,1000,16.159,2.0,5,true,1000,0,61.626,41.042,42.42,42.959,4088.042,4088.428,30.766,30.766,2.7,20,20,224,same_worker,18,715464
yjit-off/puma-response-string-10kb/raptor-3r/repeat-1,yjit-off,false,puma-response-string-10kb,puma-response-time-wrk,puma/benchmarks/local/response_time_wrk,https://github.com/puma/puma/blob/main/benchmarks/local/response_time_wrk.rb,raptor-3r,3,raptor,3,,1000,1000,16.147,5.0,1000,1000,16.102,2.0,5,true,1000,0,61.932,40.988,42.079,42.657,4050.695,4052.787,30.766,30.766,2.7,20,20,224,same_worker,17,717067
yjit-off/puma-response-io-10kb/raptor-3r/repeat-1,yjit-off,false,puma-response-io-10kb,puma-response-time-wrk,puma/benchmarks/local/response_time_wrk,https://github.com/puma/puma/blob/main/benchmarks/local/response_time_wrk.rb,raptor-3r,3,raptor,3,,1000,1000,16.169,5.0,1000,1000,16.104,2.0,5,true,1000,0,61.846,41.004,42.211,42.92,4080.608,4085.34,31.875,31.875,2.7,20,20,225,same_worker,18,746132
yjit-off/puma-response-array-100kb/raptor-3r/repeat-1,yjit-off,false,puma-response-array-100kb,puma-response-time-wrk,puma/benchmarks/local/response_time_wrk,https://github.com/puma/puma/blob/main/benchmarks/local/response_time_wrk.rb,raptor-3r,3,raptor,3,,1000,1000,15.63,5.0,1000,1000,14.496,2.0,5,true,1000,0,63.98,40.978,41.972,42.285,3918.489,3993.089,31.875,31.875,2.835,20,20,218,same_worker,18,718787
yjit-off/puma-response-chunk-100kb/raptor-3r/repeat-1,yjit-off,false,puma-response-chunk-100kb,puma-response-time-wrk,puma/benchmarks/local/response_time_wrk,https://github.com/puma/puma/blob/main/benchmarks/local/response_time_wrk.rb,raptor-3r,3,raptor,3,,1000,1000,15.107,5.0,1000,1000,15.692,2.0,5,true,1000,0,66.196,40.976,41.972,42.808,3869.013,3882.852,31.875,31.875,2.97,20,20,210,same_worker,17,714313
yjit-off/puma-response-string-100kb/raptor-3r/repeat-1,yjit-off,false,puma-response-string-100kb,puma-response-time-wrk,puma/benchmarks/local/response_time_wrk,https://github.com/puma/puma/blob/main/benchmarks/local/response_time_wrk.rb,raptor-3r,3,raptor,3,,10709,1000,5.001,5.0,1000,4452,2.002,2.0,5,true,10709,0,2141.163,1.348,1.962,3.393,139.066,149.435,32.055,32.055,4.195,20,20,67,same_worker,189,7700702
yjit-off/puma-response-io-100kb/raptor-3r/repeat-1,yjit-off,false,puma-response-io-100kb,puma-response-time-wrk,puma/benchmarks/local/response_time_wrk,https://github.com/puma/puma/blob/main/benchmarks/local/response_time_wrk.rb,raptor-3r,3,raptor,3,,1000,1000,15.014,5.0,1000,1000,15.052,2.0,5,true,1000,0,66.605,40.985,42.01,42.955,3808.474,3847.281,40.727,40.727,4.9,20,20,209,same_worker,23,924683
yjit-off/puma-response-array-256kb/raptor-3r/repeat-1,yjit-off,false,puma-response-array-256kb,puma-response-time-wrk,puma/benchmarks/local/response_time_wrk,https://github.com/puma/puma/blob/main/benchmarks/local/response_time_wrk.rb,raptor-3r,3,raptor,3,,1000,1000,15.385,5.0,1000,1000,15.482,2.0,5,true,1000,0,64.996,41.955,42.926,43.167,3753.861,3869.688,40.727,40.727,5.045,20,20,214,same_worker,18,718250
yjit-off/puma-response-chunk-256kb/raptor-3r/repeat-1,yjit-off,false,puma-response-chunk-256kb,puma-response-time-wrk,puma/benchmarks/local/response_time_wrk,https://github.com/puma/puma/blob/main/benchmarks/local/response_time_wrk.rb,raptor-3r,3,raptor,3,,1000,1000,15.037,5.0,1000,1000,14.642,2.0,5,true,1000,0,66.501,41.965,42.988,44.302,3767.887,3964.535,40.727,40.727,5.225,20,20,208,same_worker,18,714366
yjit-off/puma-response-string-256kb/raptor-3r/repeat-1,yjit-off,false,puma-response-string-256kb,puma-response-time-wrk,puma/benchmarks/local/response_time_wrk,https://github.com/puma/puma/blob/main/benchmarks/local/response_time_wrk.rb,raptor-3r,3,raptor,3,,8088,1000,5.003,5.0,1000,3240,2.003,2.0,5,true,8088,0,1616.683,1.647,2.598,42.256,183.044,215.321,40.727,40.727,5.985,20,20,67,same_worker,144,5815355
yjit-off/puma-response-io-256kb/raptor-3r/repeat-1,yjit-off,false,puma-response-io-256kb,puma-response-time-wrk,puma/benchmarks/local/response_time_wrk,https://github.com/puma/puma/blob/main/benchmarks/local/response_time_wrk.rb,raptor-3r,3,raptor,3,,1000,1000,15.537,5.0,1000,1000,15.951,2.0,5,true,1000,0,64.361,41.971,42.912,43.118,3886.199,3922.573,51.074,51.074,6.5,20,20,216,same_worker,33,1237381
yjit-off/puma-response-array-512kb/raptor-3r/repeat-1,yjit-off,false,puma-response-array-512kb,puma-response-time-wrk,puma/benchmarks/local/response_time_wrk,https://github.com/puma/puma/blob/main/benchmarks/local/response_time_wrk.rb,raptor-3r,3,raptor,3,,1000,1000,15.632,5.0,1000,1000,16.012,2.0,5,true,1000,0,63.971,42.291,43.37,44.188,4088.662,4098.468,51.074,51.074,6.81,20,20,217,same_worker,18,717831
yjit-off/puma-response-chunk-512kb/raptor-3r/repeat-1,yjit-off,false,puma-response-chunk-512kb,puma-response-time-wrk,puma/benchmarks/local/response_time_wrk,https://github.com/puma/puma/blob/main/benchmarks/local/response_time_wrk.rb,raptor-3r,3,raptor,3,,1000,1000,15.736,5.0,1000,1000,16.126,2.0,5,true,1000,0,63.55,42.605,43.526,44.47,3979.09,3991.524,51.074,51.074,7.095,20,20,218,same_worker,18,715517
yjit-off/puma-response-string-512kb/raptor-3r/repeat-1,yjit-off,false,puma-response-string-512kb,puma-response-time-wrk,puma/benchmarks/local/response_time_wrk,https://github.com/puma/puma/blob/main/benchmarks/local/response_time_wrk.rb,raptor-3r,3,raptor,3,,6548,1000,5.004,5.0,1000,2508,2.003,2.0,5,true,6548,0,1308.454,2.101,3.395,10.933,235.229,263.962,51.074,51.074,7.64,20,20,66,same_worker,117,4708330
yjit-off/puma-response-io-512kb/raptor-3r/repeat-1,yjit-off,false,puma-response-io-512kb,puma-response-time-wrk,puma/benchmarks/local/response_time_wrk,https://github.com/puma/puma/blob/main/benchmarks/local/response_time_wrk.rb,raptor-3r,3,raptor,3,,1000,1000,16.045,5.0,1000,1000,16.278,2.0,5,true,1000,0,62.323,42.972,44.023,45.426,3962.824,4038.771,56.977,56.977,8.24,20,20,223,same_worker,50,1749449
yjit-off/puma-response-array-1024kb/raptor-3r/repeat-1,yjit-off,false,puma-response-array-1024kb,puma-response-time-wrk,puma/benchmarks/local/response_time_wrk,https://github.com/puma/puma/blob/main/benchmarks/local/response_time_wrk.rb,raptor-3r,3,raptor,3,,1000,1000,16.308,5.0,1000,1000,16.863,2.0,5,true,1000,0,61.318,43.973,45.245,49.311,4003.655,4008.814,56.977,56.977,8.845,20,20,226,same_worker,18,719317
yjit-off/puma-response-chunk-1024kb/raptor-3r/repeat-1,yjit-off,false,puma-response-chunk-1024kb,puma-response-time-wrk,puma/benchmarks/local/response_time_wrk,https://github.com/puma/puma/blob/main/benchmarks/local/response_time_wrk.rb,raptor-3r,3,raptor,3,,1000,1000,16.54,5.0,1000,1000,16.855,2.0,5,true,1000,0,60.461,43.977,45.029,49.137,3994.541,4079.597,56.977,56.977,9.44,20,20,230,same_worker,18,716303
yjit-off/puma-response-string-1024kb/raptor-3r/repeat-1,yjit-off,false,puma-response-string-1024kb,puma-response-time-wrk,puma/benchmarks/local/response_time_wrk,https://github.com/puma/puma/blob/main/benchmarks/local/response_time_wrk.rb,raptor-3r,3,raptor,3,,4564,1000,5.005,5.0,1000,1888,2.005,2.0,5,true,4564,0,911.838,3.021,5.067,14.144,338.551,356.391,56.977,56.977,9.84,20,20,65,same_worker,83,3284249
yjit-off/puma-response-io-1024kb/raptor-3r/repeat-1,yjit-off,false,puma-response-io-1024kb,puma-response-time-wrk,puma/benchmarks/local/response_time_wrk,https://github.com/puma/puma/blob/main/benchmarks/local/response_time_wrk.rb,raptor-3r,3,raptor,3,,1000,1000,16.865,5.0,1000,1000,17.345,2.0,5,true,1000,0,59.295,44.953,46.111,47.928,4201.379,4342.851,68.504,68.504,10.63,20,20,234,same_worker,84,2773585
yjit-off/puma-response-array-2048kb/raptor-3r/repeat-1,yjit-off,false,puma-response-array-2048kb,puma-response-time-wrk,puma/benchmarks/local/response_time_wrk,https://github.com/puma/puma/blob/main/benchmarks/local/response_time_wrk.rb,raptor-3r,3,raptor,3,,1000,1000,17.405,5.0,1000,1000,17.728,2.0,5,true,1000,0,57.456,46.962,48.967,51.104,4320.681,4334.427,68.504,68.504,11.795,20,20,240,same_worker,18,720789
yjit-off/puma-response-chunk-2048kb/raptor-3r/repeat-1,yjit-off,false,puma-response-chunk-2048kb,puma-response-time-wrk,puma/benchmarks/local/response_time_wrk,https://github.com/puma/puma/blob/main/benchmarks/local/response_time_wrk.rb,raptor-3r,3,raptor,3,,1000,1000,17.6,5.0,1000,1000,17.876,2.0,5,true,1000,0,56.818,46.971,49.217,53.507,4358.704,4369.687,68.504,68.504,12.995,20,20,243,same_worker,18,716312
yjit-off/puma-response-string-2048kb/raptor-3r/repeat-1,yjit-off,false,puma-response-string-2048kb,puma-response-time-wrk,puma/benchmarks/local/response_time_wrk,https://github.com/puma/puma/blob/main/benchmarks/local/response_time_wrk.rb,raptor-3r,3,raptor,3,,3100,1000,5.007,5.0,1000,1240,2.009,2.0,5,true,3100,0,619.126,4.716,6.3,12.502,483.891,512.048,71.426,71.426,13.395,20,20,62,same_worker,56,2230165
yjit-off/puma-response-io-2048kb/raptor-3r/repeat-1,yjit-off,false,puma-response-io-2048kb,puma-response-time-wrk,puma/benchmarks/local/response_time_wrk,https://github.com/puma/puma/blob/main/benchmarks/local/response_time_wrk.rb,raptor-3r,3,raptor,3,,1000,1000,18.566,5.0,1000,1000,18.731,2.0,5,true,1000,0,53.863,48.917,51.353,53.303,4640.166,4653.252,77.715,77.328,14.62,20,20,257,same_worker,151,4820977
yjit-off/puma-long-tail-fib-200ms-x6p0/raptor-3r/repeat-1,yjit-off,false,puma-long-tail-fib-200ms-x6p0,puma-long-tail-hey,puma/benchmarks/local/long_tail_hey + test/rackup/sleep_fibonacci,https://github.com/puma/puma/blob/main/benchmarks/local/long_tail_hey.rb,raptor-3r,3,raptor,3,,363,360,29.041,5.0,360,360,28.805,2.0,18,true,363,0,12.5,241.98,242.994,19625.06,24421.98,24423.102,77.578,77.578,23.31,20,20,394,same_worker,2,65624
yjit-off/puma-long-tail-fib-200ms-x4p0/raptor-3r/repeat-1,yjit-off,false,puma-long-tail-fib-200ms-x4p0,puma-long-tail-hey,puma/benchmarks/local/long_tail_hey + test/rackup/sleep_fibonacci,https://github.com/puma/puma/blob/main/benchmarks/local/long_tail_hey.rb,raptor-3r,3,raptor,3,,243,240,19.434,5.0,240,240,19.206,2.0,12,true,243,0,12.504,241.944,243.61,12818.999,14835.729,14836.225,77.59,77.59,30.935,20,20,264,same_worker,1,42730
yjit-off/puma-long-tail-fib-200ms-x3p0/raptor-3r/repeat-1,yjit-off,false,puma-long-tail-fib-200ms-x3p0,puma-long-tail-hey,puma/benchmarks/local/long_tail_hey + test/rackup/sleep_fibonacci,https://github.com/puma/puma/blob/main/benchmarks/local/long_tail_hey.rb,raptor-3r,3,raptor,3,,183,180,14.644,5.0,180,180,14.403,2.0,9,true,183,0,12.497,241.989,243.042,10036.822,10038.652,10038.733,77.594,77.594,35.98,20,20,199,same_worker,1,34110
yjit-off/puma-long-tail-fib-200ms-x2p0/raptor-3r/repeat-1,yjit-off,false,puma-long-tail-fib-200ms-x2p0,puma-long-tail-hey,puma/benchmarks/local/long_tail_hey + test/rackup/sleep_fibonacci,https://github.com/puma/puma/blob/main/benchmarks/local/long_tail_hey.rb,raptor-3r,3,raptor,3,,123,120,9.844,5.0,120,120,9.605,2.0,6,true,123,0,12.495,241.968,242.813,5240.348,5242.305,5242.575,77.605,77.605,39.29,20,20,134,same_worker,0,21759
yjit-off/puma-long-tail-fib-200ms-x1p5/raptor-3r/repeat-1,yjit-off,false,puma-long-tail-fib-200ms-x1p5,puma-long-tail-hey,puma/benchmarks/local/long_tail_hey + test/rackup/sleep_fibonacci,https://github.com/puma/puma/blob/main/benchmarks/local/long_tail_hey.rb,raptor-3r,3,raptor,3,,103,100,9.841,5.0,100,100,9.602,2.0,5,true,103,0,10.467,241.951,242.701,5136.798,5236.963,5236.996,77.605,77.605,41.74,20,20,135,same_worker,0,16639
yjit-off/puma-long-tail-fib-200ms-x1p0/raptor-3r/repeat-1,yjit-off,false,puma-long-tail-fib-200ms-x1p0,puma-long-tail-hey,puma/benchmarks/local/long_tail_hey + test/rackup/sleep_fibonacci,https://github.com/puma/puma/blob/main/benchmarks/local/long_tail_hey.rb,raptor-3r,3,raptor,3,,63,60,5.042,5.0,60,60,4.803,2.0,3,true,63,0,12.494,241.962,242.705,243.254,243.526,243.557,77.625,77.625,43.235,20,20,70,same_worker,1,12325
yjit-off/puma-long-tail-fib-200ms-x0p5/raptor-3r/repeat-1,yjit-off,false,puma-long-tail-fib-200ms-x0p5,puma-long-tail-hey,puma/benchmarks/local/long_tail_hey + test/rackup/sleep_fibonacci,https://github.com/puma/puma/blob/main/benchmarks/local/long_tail_hey.rb,raptor-3r,3,raptor,3,,42,40,5.043,5.0,40,40,4.799,2.0,2,true,42,0,8.329,241.977,242.875,243.028,243.033,243.033,77.625,77.625,44.145,20,20,70,same_worker,0,7186
yjit-off/puma-sleep-fibonacci-1ms/raptor-3r/repeat-1,yjit-off,false,puma-sleep-fibonacci-1ms,puma-sleep-fibonacci-test,puma/benchmarks/local/sleep_fibonacci_test + test/rackup/sleep_fibonacci,https://github.com/puma/puma/blob/main/benchmarks/local/sleep_fibonacci_test.rb,raptor-3r,3,raptor,3,,122,10,5.005,5.0,10,49,2.018,2.0,1,true,122,0,24.377,41.967,42.077,42.792,42.988,42.994,77.625,77.625,44.135,20,20,71,same_worker,1,23223
yjit-off/puma-sleep-fibonacci-5ms/raptor-3r/repeat-1,yjit-off,false,puma-sleep-fibonacci-5ms,puma-sleep-fibonacci-test,puma/benchmarks/local/sleep_fibonacci_test + test/rackup/sleep_fibonacci,https://github.com/puma/puma/blob/main/benchmarks/local/sleep_fibonacci_test.rb,raptor-3r,3,raptor,3,,109,10,5.003,5.0,10,44,2.025,2.0,1,true,109,0,21.788,46.96,47.063,47.881,48.018,48.032,77.648,77.648,43.86,20,20,71,same_worker,1,21251
yjit-off/puma-sleep-fibonacci-10ms/raptor-3r/repeat-1,yjit-off,false,puma-sleep-fibonacci-10ms,puma-sleep-fibonacci-test,puma/benchmarks/local/sleep_fibonacci_test + test/rackup/sleep_fibonacci,https://github.com/puma/puma/blob/main/benchmarks/local/sleep_fibonacci_test.rb,raptor-3r,3,raptor,3,,99,10,5.051,5.0,10,40,2.026,2.0,1,true,99,0,19.6,51.034,52.007,52.123,52.894,52.98,77.676,77.676,43.645,20,20,71,same_worker,0,17616
yjit-off/puma-sleep-fibonacci-50ms/raptor-3r/repeat-1,yjit-off,false,puma-sleep-fibonacci-50ms,puma-sleep-fibonacci-test,puma/benchmarks/local/sleep_fibonacci_test + test/rackup/sleep_fibonacci,https://github.com/puma/puma/blob/main/benchmarks/local/sleep_fibonacci_test.rb,raptor-3r,3,raptor,3,,55,10,5.003,5.0,10,23,2.067,2.0,1,true,55,0,10.994,91.887,92.762,92.904,92.912,92.913,77.699,77.699,43.555,20,20,71,same_worker,1,9956
yjit-off/puma-sleep-fibonacci-100ms/raptor-3r/repeat-1,yjit-off,false,puma-sleep-fibonacci-100ms,puma-sleep-fibonacci-test,puma/benchmarks/local/sleep_fibonacci_test + test/rackup/sleep_fibonacci,https://github.com/puma/puma/blob/main/benchmarks/local/sleep_fibonacci_test.rb,raptor-3r,3,raptor,3,,36,10,5.062,5.0,10,15,2.086,2.0,1,true,36,0,7.112,141.927,142.088,142.726,142.947,142.972,77.699,77.699,43.6,20,20,72,same_worker,0,4213
yjit-off/puma-sleep-fibonacci-200ms/raptor-3r/repeat-1,yjit-off,false,puma-sleep-fibonacci-200ms,puma-sleep-fibonacci-test,puma/benchmarks/local/sleep_fibonacci_test + test/rackup/sleep_fibonacci,https://github.com/puma/puma/blob/main/benchmarks/local/sleep_fibonacci_test.rb,raptor-3r,3,raptor,3,,21,10,5.04,5.0,10,10,2.379,2.0,1,true,21,0,4.167,241.948,242.805,242.872,242.887,242.889,77.699,77.699,43.68,20,20,71,same_worker,0,3888
yjit-off/puma-response-array-1kb/raptor-3r/repeat-2,yjit-off,false,puma-response-array-1kb,puma-response-time-wrk,puma/benchmarks/local/response_time_wrk,https://github.com/puma/puma/blob/main/benchmarks/local/response_time_wrk.rb,raptor-3r,3,raptor,3,,1000,1000,16.136,5.0,1000,1000,16.091,2.0,5,true,1000,0,61.974,40.985,41.981,42.635,4037.843,4040.831,29.652,29.652,3.43,20,20,225,same_worker,20,719326
yjit-off/puma-response-chunk-1kb/raptor-3r/repeat-2,yjit-off,false,puma-response-chunk-1kb,puma-response-time-wrk,puma/benchmarks/local/response_time_wrk,https://github.com/puma/puma/blob/main/benchmarks/local/response_time_wrk.rb,raptor-3r,3,raptor,3,,1000,1000,16.178,5.0,1000,1000,16.143,2.0,5,true,1000,0,61.814,41.009,42.193,42.564,4079.213,4079.852,29.84,29.84,2.88,20,20,226,same_worker,20,716818
yjit-off/puma-response-string-1kb/raptor-3r/repeat-2,yjit-off,false,puma-response-string-1kb,puma-response-time-wrk,puma/benchmarks/local/response_time_wrk,https://github.com/puma/puma/blob/main/benchmarks/local/response_time_wrk.rb,raptor-3r,3,raptor,3,,1000,1000,16.178,5.0,1000,1000,16.094,2.0,5,true,1000,0,61.813,41.004,42.212,42.7,4069.002,4070.393,29.848,29.848,2.695,20,20,226,same_worker,20,717978
yjit-off/puma-response-io-1kb/raptor-3r/repeat-2,yjit-off,false,puma-response-io-1kb,puma-response-time-wrk,puma/benchmarks/local/response_time_wrk,https://github.com/puma/puma/blob/main/benchmarks/local/response_time_wrk.rb,raptor-3r,3,raptor,3,,1000,1000,16.169,5.0,1000,1000,16.104,2.0,5,true,1000,0,61.847,40.998,42.195,42.779,4052.923,4055.084,29.93,29.93,2.67,20,20,226,same_worker,19,726152
yjit-off/puma-response-array-10kb/raptor-3r/repeat-2,yjit-off,false,puma-response-array-10kb,puma-response-time-wrk,puma/benchmarks/local/response_time_wrk,https://github.com/puma/puma/blob/main/benchmarks/local/response_time_wrk.rb,raptor-3r,3,raptor,3,,1000,1000,16.17,5.0,1000,1000,16.135,2.0,5,true,1000,0,61.842,40.986,41.966,42.163,4063.183,4066.638,29.93,29.93,2.6,20,20,226,same_worker,19,718225
yjit-off/puma-response-chunk-10kb/raptor-3r/repeat-2,yjit-off,false,puma-response-chunk-10kb,puma-response-time-wrk,puma/benchmarks/local/response_time_wrk,https://github.com/puma/puma/blob/main/benchmarks/local/response_time_wrk.rb,raptor-3r,3,raptor,3,,1000,1000,16.149,5.0,1000,1000,16.136,2.0,5,true,1000,0,61.925,40.993,42.079,42.839,4063.714,4067.807,30.004,30.004,2.6,20,20,225,same_worker,19,716320
yjit-off/puma-response-string-10kb/raptor-3r/repeat-2,yjit-off,false,puma-response-string-10kb,puma-response-time-wrk,puma/benchmarks/local/response_time_wrk,https://github.com/puma/puma/blob/main/benchmarks/local/response_time_wrk.rb,raptor-3r,3,raptor,3,,1000,1000,16.136,5.0,1000,1000,16.085,2.0,5,true,1000,0,61.973,40.987,41.982,42.564,4041.403,4042.218,30.039,30.039,2.6,20,20,225,same_worker,19,719325
yjit-off/puma-response-io-10kb/raptor-3r/repeat-2,yjit-off,false,puma-response-io-10kb,puma-response-time-wrk,puma/benchmarks/local/response_time_wrk,https://github.com/puma/puma/blob/main/benchmarks/local/response_time_wrk.rb,raptor-3r,3,raptor,3,,1000,1000,16.165,5.0,1000,1000,16.113,2.0,5,true,1000,0,61.863,40.994,42.154,42.67,4054.794,4059.06,31.039,31.039,2.6,20,20,226,same_worker,20,745022
yjit-off/puma-response-array-100kb/raptor-3r/repeat-2,yjit-off,false,puma-response-array-100kb,puma-response-time-wrk,puma/benchmarks/local/response_time_wrk,https://github.com/puma/puma/blob/main/benchmarks/local/response_time_wrk.rb,raptor-3r,3,raptor,3,,1000,1000,15.592,5.0,1000,1000,15.652,2.0,5,true,1000,0,64.137,40.98,41.976,42.402,3915.247,3917.425,31.109,31.109,2.755,20,20,217,same_worker,19,720295
yjit-off/puma-response-chunk-100kb/raptor-3r/repeat-2,yjit-off,false,puma-response-chunk-100kb,puma-response-time-wrk,puma/benchmarks/local/response_time_wrk,https://github.com/puma/puma/blob/main/benchmarks/local/response_time_wrk.rb,raptor-3r,3,raptor,3,,1000,1000,15.006,5.0,1000,1000,15.346,2.0,5,true,1000,0,66.642,40.979,41.998,42.942,3642.59,3844.781,31.133,31.133,2.9,20,20,209,same_worker,19,715861
yjit-off/puma-response-string-100kb/raptor-3r/repeat-2,yjit-off,false,puma-response-string-100kb,puma-response-time-wrk,puma/benchmarks/local/response_time_wrk,https://github.com/puma/puma/blob/main/benchmarks/local/response_time_wrk.rb,raptor-3r,3,raptor,3,,10932,1000,5.002,5.0,1000,4476,2.002,2.0,5,true,10932,0,2185.543,1.322,1.91,3.009,137.398,144.731,31.375,31.375,4.155,20,20,67,same_worker,210,7861818
yjit-off/puma-response-io-100kb/raptor-3r/repeat-2,yjit-off,false,puma-response-io-100kb,puma-response-time-wrk,puma/benchmarks/local/response_time_wrk,https://github.com/puma/puma/blob/main/benchmarks/local/response_time_wrk.rb,raptor-3r,3,raptor,3,,1000,1000,14.056,5.0,1000,1000,13.919,2.0,5,true,1000,0,71.144,41.205,42.55,43.222,3419.115,3830.922,36.922,36.922,4.9,20,20,195,same_worker,26,923922
yjit-off/puma-response-array-256kb/raptor-3r/repeat-2,yjit-off,false,puma-response-array-256kb,puma-response-time-wrk,puma/benchmarks/local/response_time_wrk,https://github.com/puma/puma/blob/main/benchmarks/local/response_time_wrk.rb,raptor-3r,3,raptor,3,,1000,1000,15.113,5.0,1000,1000,15.442,2.0,5,true,1000,0,66.169,41.959,42.951,44.786,3841.723,3884.079,36.922,36.922,5.075,20,20,209,same_worker,19,719325
yjit-off/puma-response-chunk-256kb/raptor-3r/repeat-2,yjit-off,false,puma-response-chunk-256kb,puma-response-time-wrk,puma/benchmarks/local/response_time_wrk,https://github.com/puma/puma/blob/main/benchmarks/local/response_time_wrk.rb,raptor-3r,3,raptor,3,,1000,1000,14.52,5.0,1000,1000,15.455,2.0,5,true,1000,0,68.871,41.952,43.014,44.17,3650.219,3777.596,36.922,36.922,5.305,20,20,200,same_worker,19,715408
yjit-off/puma-response-string-256kb/raptor-3r/repeat-2,yjit-off,false,puma-response-string-256kb,puma-response-time-wrk,puma/benchmarks/local/response_time_wrk,https://github.com/puma/puma/blob/main/benchmarks/local/response_time_wrk.rb,raptor-3r,3,raptor,3,,7196,1000,5.002,5.0,1000,3057,2.002,2.0,5,true,7196,0,1438.499,1.772,3.696,42.718,209.805,234.252,36.922,36.922,6.09,20,20,66,same_worker,141,5175291
yjit-off/puma-response-io-256kb/raptor-3r/repeat-2,yjit-off,false,puma-response-io-256kb,puma-response-time-wrk,puma/benchmarks/local/response_time_wrk,https://github.com/puma/puma/blob/main/benchmarks/local/response_time_wrk.rb,raptor-3r,3,raptor,3,,1000,1000,15.097,5.0,1000,1000,15.403,2.0,5,true,1000,0,66.237,41.971,43.369,45.547,3779.844,3787.084,48.266,48.266,6.675,20,20,208,same_worker,37,1236905
yjit-off/puma-response-array-512kb/raptor-3r/repeat-2,yjit-off,false,puma-response-array-512kb,puma-response-time-wrk,puma/benchmarks/local/response_time_wrk,https://github.com/puma/puma/blob/main/benchmarks/local/response_time_wrk.rb,raptor-3r,3,raptor,3,,1000,1000,15.162,5.0,1000,1000,16.115,2.0,5,true,1000,0,65.954,42.907,43.936,45.987,3898.667,3909.093,48.266,48.266,7.035,20,20,209,same_worker,20,718249
yjit-off/puma-response-chunk-512kb/raptor-3r/repeat-2,yjit-off,false,puma-response-chunk-512kb,puma-response-time-wrk,puma/benchmarks/local/response_time_wrk,https://github.com/puma/puma/blob/main/benchmarks/local/response_time_wrk.rb,raptor-3r,3,raptor,3,,1000,1000,14.166,5.0,1000,1000,15.866,2.0,5,true,1000,0,70.59,42.924,44.353,46.025,3619.507,3660.242,48.266,48.266,7.435,20,20,194,same_worker,20,716501
yjit-off/puma-response-string-512kb/raptor-3r/repeat-2,yjit-off,false,puma-response-string-512kb,puma-response-time-wrk,puma/benchmarks/local/response_time_wrk,https://github.com/puma/puma/blob/main/benchmarks/local/response_time_wrk.rb,raptor-3r,3,raptor,3,,5041,1000,5.005,5.0,1000,2132,2.004,2.0,5,true,5041,0,1007.173,2.619,5.244,17.295,298.661,311.991,48.266,48.266,8.005,20,20,65,same_worker,100,3626402
yjit-off/puma-response-io-512kb/raptor-3r/repeat-2,yjit-off,false,puma-response-io-512kb,puma-response-time-wrk,puma/benchmarks/local/response_time_wrk,https://github.com/puma/puma/blob/main/benchmarks/local/response_time_wrk.rb,raptor-3r,3,raptor,3,,1000,1000,15.528,5.0,1000,1000,16.191,2.0,5,true,1000,0,64.399,43.001,44.935,47.335,3915.612,3992.396,52.297,52.297,8.64,20,20,213,same_worker,55,1748729
yjit-off/puma-response-array-1024kb/raptor-3r/repeat-2,yjit-off,false,puma-response-array-1024kb,puma-response-time-wrk,puma/benchmarks/local/response_time_wrk,https://github.com/puma/puma/blob/main/benchmarks/local/response_time_wrk.rb,raptor-3r,3,raptor,3,,1000,1000,16.029,5.0,1000,1000,15.912,2.0,5,true,1000,0,62.387,44.13,46.213,49.03,3838.228,4082.24,52.297,52.297,9.375,20,20,219,same_worker,20,719931
yjit-off/puma-response-chunk-1024kb/raptor-3r/repeat-2,yjit-off,false,puma-response-chunk-1024kb,puma-response-time-wrk,puma/benchmarks/local/response_time_wrk,https://github.com/puma/puma/blob/main/benchmarks/local/response_time_wrk.rb,raptor-3r,3,raptor,3,,1000,1000,16.316,5.0,1000,1000,16.127,2.0,5,true,1000,0,61.291,43.985,45.891,48.306,4106.585,4111.171,52.297,52.297,10.095,20,20,224,same_worker,19,715122
yjit-off/puma-response-string-1024kb/raptor-3r/repeat-2,yjit-off,false,puma-response-string-1024kb,puma-response-time-wrk,puma/benchmarks/local/response_time_wrk,https://github.com/puma/puma/blob/main/benchmarks/local/response_time_wrk.rb,raptor-3r,3,raptor,3,,3458,1000,5.005,5.0,1000,1791,2.004,2.0,5,true,3458,0,690.935,3.866,7.409,24.764,426.253,446.365,52.578,52.578,10.515,20,20,63,same_worker,69,2487267
yjit-off/puma-response-io-1024kb/raptor-3r/repeat-2,yjit-off,false,puma-response-io-1024kb,puma-response-time-wrk,puma/benchmarks/local/response_time_wrk,https://github.com/puma/puma/blob/main/benchmarks/local/response_time_wrk.rb,raptor-3r,3,raptor,3,,1000,1000,16.678,5.0,1000,1000,16.801,2.0,5,true,1000,0,59.96,45.343,47.949,50.994,4161.968,4215.134,66.531,66.531,11.425,20,20,227,same_worker,93,2773639
yjit-off/puma-response-array-2048kb/raptor-3r/repeat-2,yjit-off,false,puma-response-array-2048kb,puma-response-time-wrk,puma/benchmarks/local/response_time_wrk,https://github.com/puma/puma/blob/main/benchmarks/local/response_time_wrk.rb,raptor-3r,3,raptor,3,,1000,1000,16.915,5.0,1000,1000,17.299,2.0,5,true,1000,0,59.118,47.826,50.24,52.094,4285.092,4359.308,66.531,66.531,12.75,20,20,230,same_worker,20,719313
yjit-off/puma-response-chunk-2048kb/raptor-3r/repeat-2,yjit-off,false,puma-response-chunk-2048kb,puma-response-time-wrk,puma/benchmarks/local/response_time_wrk,https://github.com/puma/puma/blob/main/benchmarks/local/response_time_wrk.rb,raptor-3r,3,raptor,3,,1000,1000,17.4,5.0,1000,1000,17.259,2.0,5,true,1000,0,57.471,47.912,50.566,52.915,4386.749,4443.707,66.531,66.531,14.1,20,20,236,same_worker,20,716669
yjit-off/puma-response-string-2048kb/raptor-3r/repeat-2,yjit-off,false,puma-response-string-2048kb,puma-response-time-wrk,puma/benchmarks/local/response_time_wrk,https://github.com/puma/puma/blob/main/benchmarks/local/response_time_wrk.rb,raptor-3r,3,raptor,3,,2370,1000,5.009,5.0,1000,1034,2.195,2.0,5,true,2370,0,473.152,6.078,9.766,16.689,644.569,654.214,72.543,72.543,14.545,20,20,60,same_worker,48,1702661
yjit-off/puma-response-io-2048kb/raptor-3r/repeat-2,yjit-off,false,puma-response-io-2048kb,puma-response-time-wrk,puma/benchmarks/local/response_time_wrk,https://github.com/puma/puma/blob/main/benchmarks/local/response_time_wrk.rb,raptor-3r,3,raptor,3,,1000,1000,18.033,5.0,1000,1000,18.721,2.0,5,true,1000,0,55.455,49.878,52.989,56.098,4486.555,4688.876,76.035,76.035,16.0,20,20,243,same_worker,176,4821319
yjit-off/puma-long-tail-fib-200ms-x6p0/raptor-3r/repeat-2,yjit-off,false,puma-long-tail-fib-200ms-x6p0,puma-long-tail-hey,puma/benchmarks/local/long_tail_hey + test/rackup/sleep_fibonacci,https://github.com/puma/puma/blob/main/benchmarks/local/long_tail_hey.rb,raptor-3r,3,raptor,3,,363,360,29.07,5.0,360,360,28.834,2.0,18,true,363,0,12.487,242.085,244.497,19652.265,24452.336,24452.397,76.281,76.281,24.775,20,20,389,same_worker,1,60876
yjit-off/puma-long-tail-fib-200ms-x4p0/raptor-3r/repeat-2,yjit-off,false,puma-long-tail-fib-200ms-x4p0,puma-long-tail-hey,puma/benchmarks/local/long_tail_hey + test/rackup/sleep_fibonacci,https://github.com/puma/puma/blob/main/benchmarks/local/long_tail_hey.rb,raptor-3r,3,raptor,3,,243,240,19.441,5.0,240,240,19.225,2.0,12,true,243,0,12.5,241.972,243.381,12815.494,14831.154,14831.857,76.301,76.301,32.42,20,20,264,same_worker,1,41520
yjit-off/puma-long-tail-fib-200ms-x3p0/raptor-3r/repeat-2,yjit-off,false,puma-long-tail-fib-200ms-x3p0,puma-long-tail-hey,puma/benchmarks/local/long_tail_hey + test/rackup/sleep_fibonacci,https://github.com/puma/puma/blob/main/benchmarks/local/long_tail_hey.rb,raptor-3r,3,raptor,3,,183,180,14.646,5.0,180,180,14.407,2.0,9,true,183,0,12.495,242.018,243.053,10038.472,10038.81,10038.877,76.32,76.32,37.48,20,20,199,same_worker,1,31984
yjit-off/puma-long-tail-fib-200ms-x2p0/raptor-3r/repeat-2,yjit-off,false,puma-long-tail-fib-200ms-x2p0,puma-long-tail-hey,puma/benchmarks/local/long_tail_hey + test/rackup/sleep_fibonacci,https://github.com/puma/puma/blob/main/benchmarks/local/long_tail_hey.rb,raptor-3r,3,raptor,3,,123,120,9.841,5.0,120,120,9.604,2.0,6,true,123,0,12.499,241.957,242.927,5234.625,5235.322,5235.412,76.324,76.324,40.795,20,20,134,same_worker,0,21967
yjit-off/puma-long-tail-fib-200ms-x1p5/raptor-3r/repeat-2,yjit-off,false,puma-long-tail-fib-200ms-x1p5,puma-long-tail-hey,puma/benchmarks/local/long_tail_hey + test/rackup/sleep_fibonacci,https://github.com/puma/puma/blob/main/benchmarks/local/long_tail_hey.rb,raptor-3r,3,raptor,3,,103,100,9.841,5.0,100,100,9.602,2.0,5,true,103,0,10.467,241.935,242.958,5139.231,5239.243,5239.254,76.332,76.332,43.235,20,20,135,same_worker,0,17305
yjit-off/puma-long-tail-fib-200ms-x1p0/raptor-3r/repeat-2,yjit-off,false,puma-long-tail-fib-200ms-x1p0,puma-long-tail-hey,puma/benchmarks/local/long_tail_hey + test/rackup/sleep_fibonacci,https://github.com/puma/puma/blob/main/benchmarks/local/long_tail_hey.rb,raptor-3r,3,raptor,3,,63,60,5.04,5.0,60,60,4.803,2.0,3,true,63,0,12.499,241.896,242.658,242.858,242.874,242.876,76.34,76.34,44.735,20,20,70,same_worker,0,10189
yjit-off/puma-long-tail-fib-200ms-x0p5/raptor-3r/repeat-2,yjit-off,false,puma-long-tail-fib-200ms-x0p5,puma-long-tail-hey,puma/benchmarks/local/long_tail_hey + test/rackup/sleep_fibonacci,https://github.com/puma/puma/blob/main/benchmarks/local/long_tail_hey.rb,raptor-3r,3,raptor,3,,42,40,5.039,5.0,40,40,4.799,2.0,2,true,42,0,8.335,241.921,242.217,242.558,242.757,242.779,76.34,76.34,45.64,20,20,70,same_worker,0,5942
yjit-off/puma-sleep-fibonacci-1ms/raptor-3r/repeat-2,yjit-off,false,puma-sleep-fibonacci-1ms,puma-sleep-fibonacci-test,puma/benchmarks/local/sleep_fibonacci_test + test/rackup/sleep_fibonacci,https://github.com/puma/puma/blob/main/benchmarks/local/sleep_fibonacci_test.rb,raptor-3r,3,raptor,3,,122,10,5.017,5.0,10,49,2.017,2.0,1,true,122,0,24.318,41.973,42.967,42.991,42.999,43.0,76.34,76.34,45.615,20,20,71,same_worker,0,20669
yjit-off/puma-sleep-fibonacci-5ms/raptor-3r/repeat-2,yjit-off,false,puma-sleep-fibonacci-5ms,puma-sleep-fibonacci-test,puma/benchmarks/local/sleep_fibonacci_test + test/rackup/sleep_fibonacci,https://github.com/puma/puma/blob/main/benchmarks/local/sleep_fibonacci_test.rb,raptor-3r,3,raptor,3,,109,10,5.009,5.0,10,44,2.021,2.0,1,true,109,0,21.762,46.96,47.919,48.111,48.163,48.168,76.367,76.367,45.33,20,20,71,same_worker,1,18478
yjit-off/puma-sleep-fibonacci-10ms/raptor-3r/repeat-2,yjit-off,false,puma-sleep-fibonacci-10ms,puma-sleep-fibonacci-test,puma/benchmarks/local/sleep_fibonacci_test + test/rackup/sleep_fibonacci,https://github.com/puma/puma/blob/main/benchmarks/local/sleep_fibonacci_test.rb,raptor-3r,3,raptor,3,,98,10,5.014,5.0,10,40,2.034,2.0,1,true,98,0,19.546,51.888,52.061,52.975,52.996,52.998,76.367,76.367,45.09,20,20,71,same_worker,1,18323
yjit-off/puma-sleep-fibonacci-50ms/raptor-3r/repeat-2,yjit-off,false,puma-sleep-fibonacci-50ms,puma-sleep-fibonacci-test,puma/benchmarks/local/sleep_fibonacci_test + test/rackup/sleep_fibonacci,https://github.com/puma/puma/blob/main/benchmarks/local/sleep_fibonacci_test.rb,raptor-3r,3,raptor,3,,55,10,5.001,5.0,10,23,2.064,2.0,1,true,55,0,10.998,91.879,92.057,92.913,93.79,93.888,76.371,76.371,45.0,20,20,71,same_worker,0,9872
yjit-off/puma-sleep-fibonacci-100ms/raptor-3r/repeat-2,yjit-off,false,puma-sleep-fibonacci-100ms,puma-sleep-fibonacci-test,puma/benchmarks/local/sleep_fibonacci_test + test/rackup/sleep_fibonacci,https://github.com/puma/puma/blob/main/benchmarks/local/sleep_fibonacci_test.rb,raptor-3r,3,raptor,3,,36,10,5.065,5.0,10,15,2.086,2.0,1,true,36,0,7.108,141.939,142.01,142.62,142.904,142.936,76.383,76.383,45.0,20,20,72,same_worker,0,6528
yjit-off/puma-sleep-fibonacci-200ms/raptor-3r/repeat-2,yjit-off,false,puma-sleep-fibonacci-200ms,puma-sleep-fibonacci-test,puma/benchmarks/local/sleep_fibonacci_test + test/rackup/sleep_fibonacci,https://github.com/puma/puma/blob/main/benchmarks/local/sleep_fibonacci_test.rb,raptor-3r,3,raptor,3,,21,10,5.037,5.0,10,10,2.376,2.0,1,true,21,0,4.169,241.951,242.066,242.708,242.852,242.868,76.383,76.383,45.1,20,20,71,same_worker,1,4350
yjit-off/puma-response-array-1kb/raptor-3r/repeat-3,yjit-off,false,puma-response-array-1kb,puma-response-time-wrk,puma/benchmarks/local/response_time_wrk,https://github.com/puma/puma/blob/main/benchmarks/local/response_time_wrk.rb,raptor-3r,3,raptor,3,,1000,1000,16.216,5.0,1000,1000,16.09,2.0,5,true,1000,0,61.668,41.063,42.367,42.99,4065.293,4068.352,29.703,29.703,3.505,20,20,226,same_worker,20,717910
yjit-off/puma-response-chunk-1kb/raptor-3r/repeat-3,yjit-off,false,puma-response-chunk-1kb,puma-response-time-wrk,puma/benchmarks/local/response_time_wrk,https://github.com/puma/puma/blob/main/benchmarks/local/response_time_wrk.rb,raptor-3r,3,raptor,3,,1000,1000,16.146,5.0,1000,1000,16.131,2.0,5,true,1000,0,61.935,40.997,42.136,42.732,4052.263,4057.607,29.719,29.719,2.92,20,20,225,same_worker,19,716295
yjit-off/puma-response-string-1kb/raptor-3r/repeat-3,yjit-off,false,puma-response-string-1kb,puma-response-time-wrk,puma/benchmarks/local/response_time_wrk,https://github.com/puma/puma/blob/main/benchmarks/local/response_time_wrk.rb,raptor-3r,3,raptor,3,,1000,1000,16.159,5.0,1000,1000,16.102,2.0,5,true,1000,0,61.884,41.016,42.203,42.836,4041.703,4042.012,29.719,29.719,2.795,20,20,225,same_worker,20,719283
yjit-off/puma-response-io-1kb/raptor-3r/repeat-3,yjit-off,false,puma-response-io-1kb,puma-response-time-wrk,puma/benchmarks/local/response_time_wrk,https://github.com/puma/puma/blob/main/benchmarks/local/response_time_wrk.rb,raptor-3r,3,raptor,3,,1000,1000,16.352,5.0,1000,1000,16.392,2.0,5,true,1000,0,61.154,41.842,42.677,43.163,4113.537,4114.714,30.016,30.016,2.9,20,20,227,same_worker,19,725810
yjit-off/puma-response-array-10kb/raptor-3r/repeat-3,yjit-off,false,puma-response-array-10kb,puma-response-time-wrk,puma/benchmarks/local/response_time_wrk,https://github.com/puma/puma/blob/main/benchmarks/local/response_time_wrk.rb,raptor-3r,3,raptor,3,,1000,1000,16.351,5.0,1000,1000,16.299,2.0,5,true,1000,0,61.158,41.469,42.916,44.886,4128.489,4130.462,30.016,30.016,2.935,20,20,224,same_worker,19,718133
yjit-off/puma-response-chunk-10kb/raptor-3r/repeat-3,yjit-off,false,puma-response-chunk-10kb,puma-response-time-wrk,puma/benchmarks/local/response_time_wrk,https://github.com/puma/puma/blob/main/benchmarks/local/response_time_wrk.rb,raptor-3r,3,raptor,3,,1000,1000,16.317,5.0,1000,1000,16.392,2.0,5,true,1000,0,61.286,41.644,42.805,43.841,4093.21,4101.482,30.027,30.027,3.0,20,20,226,same_worker,19,716301
yjit-off/puma-response-string-10kb/raptor-3r/repeat-3,yjit-off,false,puma-response-string-10kb,puma-response-time-wrk,puma/benchmarks/local/response_time_wrk,https://github.com/puma/puma/blob/main/benchmarks/local/response_time_wrk.rb,raptor-3r,3,raptor,3,,1000,1000,16.139,5.0,1000,1000,16.317,2.0,5,true,1000,0,61.962,40.986,42.05,42.955,4039.562,4040.413,30.063,30.063,3.0,20,20,224,same_worker,19,718037
yjit-off/puma-response-io-10kb/raptor-3r/repeat-3,yjit-off,false,puma-response-io-10kb,puma-response-time-wrk,puma/benchmarks/local/response_time_wrk,https://github.com/puma/puma/blob/main/benchmarks/local/response_time_wrk.rb,raptor-3r,3,raptor,3,,1000,1000,16.264,5.0,1000,1000,16.287,2.0,5,true,1000,0,61.484,41.394,42.435,43.013,4105.138,4106.204,30.543,30.543,3.0,20,20,225,same_worker,20,745291
yjit-off/puma-response-array-100kb/raptor-3r/repeat-3,yjit-off,false,puma-response-array-100kb,puma-response-time-wrk,puma/benchmarks/local/response_time_wrk,https://github.com/puma/puma/blob/main/benchmarks/local/response_time_wrk.rb,raptor-3r,3,raptor,3,,1000,1000,14.72,5.0,1000,1000,14.324,2.0,5,true,1000,0,67.934,40.979,41.988,43.053,3630.65,3633.629,30.625,30.625,3.175,20,20,205,same_worker,19,718174
yjit-off/puma-response-chunk-100kb/raptor-3r/repeat-3,yjit-off,false,puma-response-chunk-100kb,puma-response-time-wrk,puma/benchmarks/local/response_time_wrk,https://github.com/puma/puma/blob/main/benchmarks/local/response_time_wrk.rb,raptor-3r,3,raptor,3,,1000,1000,14.787,5.0,1000,1000,15.179,2.0,5,true,1000,0,67.628,40.982,41.998,42.946,3718.083,3844.456,30.668,30.668,3.29,20,20,206,same_worker,19,714666
yjit-off/puma-response-string-100kb/raptor-3r/repeat-3,yjit-off,false,puma-response-string-100kb,puma-response-time-wrk,puma/benchmarks/local/response_time_wrk,https://github.com/puma/puma/blob/main/benchmarks/local/response_time_wrk.rb,raptor-3r,3,raptor,3,,10465,1000,5.002,5.0,1000,4263,2.003,2.0,5,true,10465,0,2092.092,1.372,2.053,3.398,145.13,156.88,31.219,31.219,4.52,20,20,67,same_worker,201,7526203
yjit-off/puma-response-io-100kb/raptor-3r/repeat-3,yjit-off,false,puma-response-io-100kb,puma-response-time-wrk,puma/benchmarks/local/response_time_wrk,https://github.com/puma/puma/blob/main/benchmarks/local/response_time_wrk.rb,raptor-3r,3,raptor,3,,1000,1000,13.87,5.0,1000,1000,14.289,2.0,5,true,1000,0,72.099,40.99,42.002,43.005,3857.054,3893.594,39.629,39.629,5.2,20,20,193,same_worker,24,923853
yjit-off/puma-response-array-256kb/raptor-3r/repeat-3,yjit-off,false,puma-response-array-256kb,puma-response-time-wrk,puma/benchmarks/local/response_time_wrk,https://github.com/puma/puma/blob/main/benchmarks/local/response_time_wrk.rb,raptor-3r,3,raptor,3,,1000,1000,15.085,5.0,1000,1000,15.52,2.0,5,true,1000,0,66.29,41.961,42.954,43.573,3888.219,3958.836,39.629,39.629,5.36,20,20,210,same_worker,20,719289
yjit-off/puma-response-chunk-256kb/raptor-3r/repeat-3,yjit-off,false,puma-response-chunk-256kb,puma-response-time-wrk,puma/benchmarks/local/response_time_wrk,https://github.com/puma/puma/blob/main/benchmarks/local/response_time_wrk.rb,raptor-3r,3,raptor,3,,1000,1000,14.868,5.0,1000,1000,15.836,2.0,5,true,1000,0,67.257,41.961,42.698,43.319,3882.527,3917.875,39.629,39.629,5.5,20,20,207,same_worker,20,714714
yjit-off/puma-response-string-256kb/raptor-3r/repeat-3,yjit-off,false,puma-response-string-256kb,puma-response-time-wrk,puma/benchmarks/local/response_time_wrk,https://github.com/puma/puma/blob/main/benchmarks/local/response_time_wrk.rb,raptor-3r,3,raptor,3,,7993,1000,5.011,5.0,1000,3333,2.001,2.0,5,true,7993,0,1594.986,1.65,2.636,41.88,195.3,233.846,39.629,39.629,6.27,20,20,67,same_worker,164,5746495
yjit-off/puma-response-io-256kb/raptor-3r/repeat-3,yjit-off,false,puma-response-io-256kb,puma-response-time-wrk,puma/benchmarks/local/response_time_wrk,https://github.com/puma/puma/blob/main/benchmarks/local/response_time_wrk.rb,raptor-3r,3,raptor,3,,1000,1000,16.048,5.0,1000,1000,16.083,2.0,5,true,1000,0,62.312,41.971,42.941,43.412,4052.747,4075.872,50.094,50.094,6.795,20,20,223,same_worker,35,1237621
yjit-off/puma-response-array-512kb/raptor-3r/repeat-3,yjit-off,false,puma-response-array-512kb,puma-response-time-wrk,puma/benchmarks/local/response_time_wrk,https://github.com/puma/puma/blob/main/benchmarks/local/response_time_wrk.rb,raptor-3r,3,raptor,3,,1000,1000,15.612,5.0,1000,1000,15.784,2.0,5,true,1000,0,64.055,42.011,43.255,44.838,3892.97,3950.131,50.094,50.094,7.07,20,20,218,same_worker,21,718825
yjit-off/puma-response-chunk-512kb/raptor-3r/repeat-3,yjit-off,false,puma-response-chunk-512kb,puma-response-time-wrk,puma/benchmarks/local/response_time_wrk,https://github.com/puma/puma/blob/main/benchmarks/local/response_time_wrk.rb,raptor-3r,3,raptor,3,,1000,1000,15.415,5.0,1000,1000,15.971,2.0,5,true,1000,0,64.872,42.868,43.897,44.623,3770.375,3887.672,50.094,50.094,7.37,20,20,214,same_worker,21,716257
yjit-off/puma-response-string-512kb/raptor-3r/repeat-3,yjit-off,false,puma-response-string-512kb,puma-response-time-wrk,puma/benchmarks/local/response_time_wrk,https://github.com/puma/puma/blob/main/benchmarks/local/response_time_wrk.rb,raptor-3r,3,raptor,3,,6573,1000,5.014,5.0,1000,2471,2.003,2.0,5,true,6573,0,1310.98,2.086,3.197,14.445,231.846,239.847,50.094,50.094,7.92,20,20,66,same_worker,135,4726958
yjit-off/puma-response-io-512kb/raptor-3r/repeat-3,yjit-off,false,puma-response-io-512kb,puma-response-time-wrk,puma/benchmarks/local/response_time_wrk,https://github.com/puma/puma/blob/main/benchmarks/local/response_time_wrk.rb,raptor-3r,3,raptor,3,,1000,1000,15.844,5.0,1000,1000,16.563,2.0,5,true,1000,0,63.116,42.97,43.989,44.951,3958.814,4081.661,57.703,57.703,8.465,20,20,221,same_worker,53,1748623
yjit-off/puma-response-array-1024kb/raptor-3r/repeat-3,yjit-off,false,puma-response-array-1024kb,puma-response-time-wrk,puma/benchmarks/local/response_time_wrk,https://github.com/puma/puma/blob/main/benchmarks/local/response_time_wrk.rb,raptor-3r,3,raptor,3,,1000,1000,16.491,5.0,1000,1000,16.688,2.0,5,true,1000,0,60.64,43.971,44.989,47.084,4078.774,4124.502,57.703,52.582,9.075,20,20,229,same_worker,21,718325
yjit-off/puma-response-chunk-1024kb/raptor-3r/repeat-3,yjit-off,false,puma-response-chunk-1024kb,puma-response-time-wrk,puma/benchmarks/local/response_time_wrk,https://github.com/puma/puma/blob/main/benchmarks/local/response_time_wrk.rb,raptor-3r,3,raptor,3,,1000,1000,16.103,5.0,1000,1000,16.555,2.0,5,true,1000,0,62.099,43.977,45.12,49.18,4043.888,4073.466,52.582,52.582,9.68,20,20,224,same_worker,20,715558
yjit-off/puma-response-string-1024kb/raptor-3r/repeat-3,yjit-off,false,puma-response-string-1024kb,puma-response-time-wrk,puma/benchmarks/local/response_time_wrk,https://github.com/puma/puma/blob/main/benchmarks/local/response_time_wrk.rb,raptor-3r,3,raptor,3,,4424,1000,5.004,5.0,1000,1985,2.004,2.0,5,true,4424,0,884.035,3.031,5.418,16.118,345.356,359.374,54.453,54.453,10.075,20,20,65,same_worker,93,3182221
yjit-off/puma-response-io-1024kb/raptor-3r/repeat-3,yjit-off,false,puma-response-io-1024kb,puma-response-time-wrk,puma/benchmarks/local/response_time_wrk,https://github.com/puma/puma/blob/main/benchmarks/local/response_time_wrk.rb,raptor-3r,3,raptor,3,,1000,1000,16.615,5.0,1000,1000,17.216,2.0,5,true,1000,0,60.188,44.95,46.274,48.689,4151.806,4226.704,63.621,63.574,10.795,20,20,231,same_worker,89,2773249
yjit-off/puma-response-array-2048kb/raptor-3r/repeat-3,yjit-off,false,puma-response-array-2048kb,puma-response-time-wrk,puma/benchmarks/local/response_time_wrk,https://github.com/puma/puma/blob/main/benchmarks/local/response_time_wrk.rb,raptor-3r,3,raptor,3,,1000,1000,17.655,5.0,1000,1000,17.876,2.0,5,true,1000,0,56.643,46.963,48.955,51.856,4291.83,4464.083,63.574,63.574,11.955,20,20,244,same_worker,21,718101
yjit-off/puma-response-chunk-2048kb/raptor-3r/repeat-3,yjit-off,false,puma-response-chunk-2048kb,puma-response-time-wrk,puma/benchmarks/local/response_time_wrk,https://github.com/puma/puma/blob/main/benchmarks/local/response_time_wrk.rb,raptor-3r,3,raptor,3,,1000,1000,17.161,5.0,1000,1000,17.787,2.0,5,true,1000,0,58.271,46.975,49.193,52.176,4255.272,4366.311,63.574,63.574,13.16,20,20,237,same_worker,20,716249
yjit-off/puma-response-string-2048kb/raptor-3r/repeat-3,yjit-off,false,puma-response-string-2048kb,puma-response-time-wrk,puma/benchmarks/local/response_time_wrk,https://github.com/puma/puma/blob/main/benchmarks/local/response_time_wrk.rb,raptor-3r,3,raptor,3,,3093,1000,5.007,5.0,1000,1264,2.008,2.0,5,true,3093,0,617.681,4.754,6.479,12.862,489.984,513.669,69.586,69.586,13.575,20,20,62,same_worker,64,2224541
yjit-off/puma-response-io-2048kb/raptor-3r/repeat-3,yjit-off,false,puma-response-io-2048kb,puma-response-time-wrk,puma/benchmarks/local/response_time_wrk,https://github.com/puma/puma/blob/main/benchmarks/local/response_time_wrk.rb,raptor-3r,3,raptor,3,,1000,1000,18.796,5.0,1000,1000,18.571,2.0,5,true,1000,0,53.203,48.945,52.016,61.941,4739.948,4745.266,72.973,72.973,14.82,20,20,258,same_worker,169,4821640
yjit-off/puma-long-tail-fib-200ms-x6p0/raptor-3r/repeat-3,yjit-off,false,puma-long-tail-fib-200ms-x6p0,puma-long-tail-hey,puma/benchmarks/local/long_tail_hey + test/rackup/sleep_fibonacci,https://github.com/puma/puma/blob/main/benchmarks/local/long_tail_hey.rb,raptor-3r,3,raptor,3,,363,360,29.039,5.0,360,360,28.803,2.0,18,true,363,0,12.5,241.974,243.381,19633.614,24432.036,24432.548,73.215,73.215,23.555,20,20,392,same_worker,2,64890
yjit-off/puma-long-tail-fib-200ms-x4p0/raptor-3r/repeat-3,yjit-off,false,puma-long-tail-fib-200ms-x4p0,puma-long-tail-hey,puma/benchmarks/local/long_tail_hey + test/rackup/sleep_fibonacci,https://github.com/puma/puma/blob/main/benchmarks/local/long_tail_hey.rb,raptor-3r,3,raptor,3,,243,240,19.444,5.0,240,240,19.206,2.0,12,true,243,0,12.498,241.976,242.979,12817.216,14836.327,14838.015,73.25,73.25,31.185,20,20,263,same_worker,2,43717
yjit-off/puma-long-tail-fib-200ms-x3p0/raptor-3r/repeat-3,yjit-off,false,puma-long-tail-fib-200ms-x3p0,puma-long-tail-hey,puma/benchmarks/local/long_tail_hey + test/rackup/sleep_fibonacci,https://github.com/puma/puma/blob/main/benchmarks/local/long_tail_hey.rb,raptor-3r,3,raptor,3,,183,180,14.643,5.0,180,180,14.398,2.0,9,true,183,0,12.497,241.995,242.964,10038.837,10038.991,10038.997,73.266,73.266,36.255,20,20,199,same_worker,1,32606
yjit-off/puma-long-tail-fib-200ms-x2p0/raptor-3r/repeat-3,yjit-off,false,puma-long-tail-fib-200ms-x2p0,puma-long-tail-hey,puma/benchmarks/local/long_tail_hey + test/rackup/sleep_fibonacci,https://github.com/puma/puma/blob/main/benchmarks/local/long_tail_hey.rb,raptor-3r,3,raptor,3,,123,120,9.844,5.0,120,120,9.603,2.0,6,true,123,0,12.495,241.966,242.839,5240.21,5240.984,5241.008,73.266,73.266,39.565,20,20,134,same_worker,1,20758
yjit-off/puma-long-tail-fib-200ms-x1p5/raptor-3r/repeat-3,yjit-off,false,puma-long-tail-fib-200ms-x1p5,puma-long-tail-hey,puma/benchmarks/local/long_tail_hey + test/rackup/sleep_fibonacci,https://github.com/puma/puma/blob/main/benchmarks/local/long_tail_hey.rb,raptor-3r,3,raptor,3,,103,100,9.841,5.0,100,100,9.601,2.0,5,true,103,0,10.467,241.956,242.663,5139.469,5239.657,5239.687,73.273,73.273,42.015,20,20,134,same_worker,1,19795
yjit-off/puma-long-tail-fib-200ms-x1p0/raptor-3r/repeat-3,yjit-off,false,puma-long-tail-fib-200ms-x1p0,puma-long-tail-hey,puma/benchmarks/local/long_tail_hey + test/rackup/sleep_fibonacci,https://github.com/puma/puma/blob/main/benchmarks/local/long_tail_hey.rb,raptor-3r,3,raptor,3,,63,60,5.043,5.0,60,60,4.797,2.0,3,true,63,0,12.493,241.964,242.582,242.829,242.858,242.862,73.273,73.273,43.525,20,20,69,same_worker,1,11664
yjit-off/puma-long-tail-fib-200ms-x0p5/raptor-3r/repeat-3,yjit-off,false,puma-long-tail-fib-200ms-x0p5,puma-long-tail-hey,puma/benchmarks/local/long_tail_hey + test/rackup/sleep_fibonacci,https://github.com/puma/puma/blob/main/benchmarks/local/long_tail_hey.rb,raptor-3r,3,raptor,3,,42,40,5.039,5.0,40,40,4.798,2.0,2,true,42,0,8.335,241.896,242.168,242.435,242.464,242.467,73.277,73.277,44.43,20,20,70,same_worker,0,6960
yjit-off/puma-sleep-fibonacci-1ms/raptor-3r/repeat-3,yjit-off,false,puma-sleep-fibonacci-1ms,puma-sleep-fibonacci-test,puma/benchmarks/local/sleep_fibonacci_test + test/rackup/sleep_fibonacci,https://github.com/puma/puma/blob/main/benchmarks/local/sleep_fibonacci_test.rb,raptor-3r,3,raptor,3,,122,10,5.011,5.0,10,49,2.017,2.0,1,true,122,0,24.347,41.969,42.877,42.968,42.977,42.978,73.277,73.277,44.415,20,20,71,same_worker,1,24719
yjit-off/puma-sleep-fibonacci-5ms/raptor-3r/repeat-3,yjit-off,false,puma-sleep-fibonacci-5ms,puma-sleep-fibonacci-test,puma/benchmarks/local/sleep_fibonacci_test + test/rackup/sleep_fibonacci,https://github.com/puma/puma/blob/main/benchmarks/local/sleep_fibonacci_test.rb,raptor-3r,3,raptor,3,,109,10,5.003,5.0,10,44,2.027,2.0,1,true,109,0,21.788,46.966,47.53,47.999,48.022,48.025,73.313,73.313,44.145,20,20,70,same_worker,1,19439
yjit-off/puma-sleep-fibonacci-10ms/raptor-3r/repeat-3,yjit-off,false,puma-sleep-fibonacci-10ms,puma-sleep-fibonacci-test,puma/benchmarks/local/sleep_fibonacci_test + test/rackup/sleep_fibonacci,https://github.com/puma/puma/blob/main/benchmarks/local/sleep_fibonacci_test.rb,raptor-3r,3,raptor,3,,98,10,5.022,5.0,10,40,2.014,2.0,1,true,98,0,19.515,51.932,52.014,52.38,52.912,52.971,73.32,73.32,43.925,20,20,71,same_worker,1,15689
yjit-off/puma-sleep-fibonacci-50ms/raptor-3r/repeat-3,yjit-off,false,puma-sleep-fibonacci-50ms,puma-sleep-fibonacci-test,puma/benchmarks/local/sleep_fibonacci_test + test/rackup/sleep_fibonacci,https://github.com/puma/puma/blob/main/benchmarks/local/sleep_fibonacci_test.rb,raptor-3r,3,raptor,3,,55,10,5.003,5.0,10,23,2.071,2.0,1,true,55,0,10.994,91.942,91.99,92.186,92.369,92.39,73.32,73.32,43.8,20,20,70,same_worker,0,9872
yjit-off/puma-sleep-fibonacci-100ms/raptor-3r/repeat-3,yjit-off,false,puma-sleep-fibonacci-100ms,puma-sleep-fibonacci-test,puma/benchmarks/local/sleep_fibonacci_test + test/rackup/sleep_fibonacci,https://github.com/puma/puma/blob/main/benchmarks/local/sleep_fibonacci_test.rb,raptor-3r,3,raptor,3,,36,10,5.065,5.0,10,15,2.089,2.0,1,true,36,0,7.108,141.953,141.985,142.605,142.902,142.935,73.324,73.324,43.85,20,20,71,same_worker,0,6528
yjit-off/puma-sleep-fibonacci-200ms/raptor-3r/repeat-3,yjit-off,false,puma-sleep-fibonacci-200ms,puma-sleep-fibonacci-test,puma/benchmarks/local/sleep_fibonacci_test + test/rackup/sleep_fibonacci,https://github.com/puma/puma/blob/main/benchmarks/local/sleep_fibonacci_test.rb,raptor-3r,3,raptor,3,,21,10,5.033,5.0,10,10,2.376,2.0,1,true,21,0,4.173,241.477,241.986,241.992,241.994,241.994,73.324,73.324,43.945,20,20,71,same_worker,1,5813
yjit-off/puma-response-array-1kb/puma-1w-3t/repeat-1,yjit-off,false,puma-response-array-1kb,puma-response-time-wrk,puma/benchmarks/local/response_time_wrk,https://github.com/puma/puma/blob/main/benchmarks/local/response_time_wrk.rb,puma-1w-3t,3,puma,1,3,15152,1000,5.001,5.0,1000,6133,2.001,2.0,5,true,15152,0,3029.638,1.564,2.171,2.766,3.553,4.781,91.98,91.98,95.665,20,20,66,multiprocess_sample_only,,
yjit-off/puma-response-chunk-1kb/puma-1w-3t/repeat-1,yjit-off,false,puma-response-chunk-1kb,puma-response-time-wrk,puma/benchmarks/local/response_time_wrk,https://github.com/puma/puma/blob/main/benchmarks/local/response_time_wrk.rb,puma-1w-3t,3,puma,1,3,14866,1000,5.001,5.0,1000,6127,2.001,2.0,5,true,14866,0,2972.464,1.6,2.176,2.707,3.634,4.683,95.59,95.223,90.965,20,20,66,multiprocess_sample_only,,
yjit-off/puma-response-string-1kb/puma-1w-3t/repeat-1,yjit-off,false,puma-response-string-1kb,puma-response-time-wrk,puma/benchmarks/local/response_time_wrk,https://github.com/puma/puma/blob/main/benchmarks/local/response_time_wrk.rb,puma-1w-3t,3,puma,1,3,15310,1000,5.001,5.0,1000,6276,2.001,2.0,5,true,15310,0,3061.09,1.564,2.1,2.547,3.108,3.756,94.852,93.547,89.87,20,20,66,multiprocess_sample_only,,
yjit-off/puma-response-io-1kb/puma-1w-3t/repeat-1,yjit-off,false,puma-response-io-1kb,puma-response-time-wrk,puma/benchmarks/local/response_time_wrk,https://github.com/puma/puma/blob/main/benchmarks/local/response_time_wrk.rb,puma-1w-3t,3,puma,1,3,14694,1000,5.001,5.0,1000,6129,2.001,2.0,5,true,14694,0,2937.974,1.623,2.223,2.686,3.238,3.751,93.07,92.945,91.135,20,20,67,multiprocess_sample_only,,
yjit-off/puma-response-array-10kb/puma-1w-3t/repeat-1,yjit-off,false,puma-response-array-10kb,puma-response-time-wrk,puma/benchmarks/local/response_time_wrk,https://github.com/puma/puma/blob/main/benchmarks/local/response_time_wrk.rb,puma-1w-3t,3,puma,1,3,15176,1000,5.002,5.0,1000,6252,2.001,2.0,5,true,15176,0,3034.258,1.578,2.13,2.481,3.053,4.007,102.266,101.637,91.6,20,20,66,multiprocess_sample_only,,
yjit-off/puma-response-chunk-10kb/puma-1w-3t/repeat-1,yjit-off,false,puma-response-chunk-10kb,puma-response-time-wrk,puma/benchmarks/local/response_time_wrk,https://github.com/puma/puma/blob/main/benchmarks/local/response_time_wrk.rb,puma-1w-3t,3,puma,1,3,13283,1000,5.001,5.0,1000,5464,2.001,2.0,5,true,13283,0,2655.809,1.816,2.373,2.696,3.451,4.323,99.953,99.953,90.95,20,20,66,multiprocess_sample_only,,
yjit-off/puma-response-string-10kb/puma-1w-3t/repeat-1,yjit-off,false,puma-response-string-10kb,puma-response-time-wrk,puma/benchmarks/local/response_time_wrk,https://github.com/puma/puma/blob/main/benchmarks/local/response_time_wrk.rb,puma-1w-3t,3,puma,1,3,15198,1000,5.001,5.0,1000,6271,2.002,2.0,5,true,15198,0,3038.84,1.576,2.134,2.49,3.221,4.5,102.262,102.082,90.565,20,20,66,multiprocess_sample_only,,
yjit-off/puma-response-io-10kb/puma-1w-3t/repeat-1,yjit-off,false,puma-response-io-10kb,puma-response-time-wrk,puma/benchmarks/local/response_time_wrk,https://github.com/puma/puma/blob/main/benchmarks/local/response_time_wrk.rb,puma-1w-3t,3,puma,1,3,14471,1000,5.002,5.0,1000,5980,2.001,2.0,5,true,14471,0,2893.188,1.645,2.251,2.796,3.383,4.693,108.34,108.113,91.14,20,20,67,multiprocess_sample_only,,
yjit-off/puma-response-array-100kb/puma-1w-3t/repeat-1,yjit-off,false,puma-response-array-100kb,puma-response-time-wrk,puma/benchmarks/local/response_time_wrk,https://github.com/puma/puma/blob/main/benchmarks/local/response_time_wrk.rb,puma-1w-3t,3,puma,1,3,12175,1000,5.002,5.0,1000,4959,2.002,2.0,5,true,12175,0,2434.257,1.983,2.565,2.989,3.609,4.06,131.566,123.262,91.065,20,20,66,multiprocess_sample_only,,
yjit-off/puma-response-chunk-100kb/puma-1w-3t/repeat-1,yjit-off,false,puma-response-chunk-100kb,puma-response-time-wrk,puma/benchmarks/local/response_time_wrk,https://github.com/puma/puma/blob/main/benchmarks/local/response_time_wrk.rb,puma-1w-3t,3,puma,1,3,6080,1000,5.004,5.0,1000,2538,2.004,2.0,5,true,6080,0,1215.099,4.007,5.024,6.415,9.381,10.452,125.867,124.324,90.09,20,20,62,multiprocess_sample_only,,
yjit-off/puma-response-string-100kb/puma-1w-3t/repeat-1,yjit-off,false,puma-response-string-100kb,puma-response-time-wrk,puma/benchmarks/local/response_time_wrk,https://github.com/puma/puma/blob/main/benchmarks/local/response_time_wrk.rb,puma-1w-3t,3,puma,1,3,12230,1000,5.002,5.0,1000,4874,2.002,2.0,5,true,12230,0,2445.235,1.979,2.537,2.975,4.119,6.427,123.113,122.441,89.13,20,20,65,multiprocess_sample_only,,
yjit-off/puma-response-io-100kb/puma-1w-3t/repeat-1,yjit-off,false,puma-response-io-100kb,puma-response-time-wrk,puma/benchmarks/local/response_time_wrk,https://github.com/puma/puma/blob/main/benchmarks/local/response_time_wrk.rb,puma-1w-3t,3,puma,1,3,12192,1000,5.001,5.0,1000,5027,2.002,2.0,5,true,12192,0,2437.803,1.978,2.526,2.824,3.555,43.696,104.293,101.656,88.52,20,20,65,multiprocess_sample_only,,
yjit-off/puma-response-array-256kb/puma-1w-3t/repeat-1,yjit-off,false,puma-response-array-256kb,puma-response-time-wrk,puma/benchmarks/local/response_time_wrk,https://github.com/puma/puma/blob/main/benchmarks/local/response_time_wrk.rb,puma-1w-3t,3,puma,1,3,9073,1000,5.002,5.0,1000,3532,2.002,2.0,5,true,9073,0,1813.956,2.508,3.941,5.202,15.197,17.684,129.258,125.078,88.03,20,20,64,multiprocess_sample_only,,
yjit-off/puma-response-chunk-256kb/puma-1w-3t/repeat-1,yjit-off,false,puma-response-chunk-256kb,puma-response-time-wrk,puma/benchmarks/local/response_time_wrk,https://github.com/puma/puma/blob/main/benchmarks/local/response_time_wrk.rb,puma-1w-3t,3,puma,1,3,3312,1000,5.007,5.0,1000,1358,2.005,2.0,5,true,3312,0,661.483,7.481,8.971,9.806,10.928,12.511,132.305,129.832,87.535,20,20,58,multiprocess_sample_only,,
yjit-off/puma-response-string-256kb/puma-1w-3t/repeat-1,yjit-off,false,puma-response-string-256kb,puma-response-time-wrk,puma/benchmarks/local/response_time_wrk,https://github.com/puma/puma/blob/main/benchmarks/local/response_time_wrk.rb,puma-1w-3t,3,puma,1,3,9490,1000,5.002,5.0,1000,3877,2.002,2.0,5,true,9490,0,1897.29,2.391,3.839,4.67,15.034,15.939,108.738,108.738,86.355,20,20,64,multiprocess_sample_only,,
yjit-off/puma-response-io-256kb/puma-1w-3t/repeat-1,yjit-off,false,puma-response-io-256kb,puma-response-time-wrk,puma/benchmarks/local/response_time_wrk,https://github.com/puma/puma/blob/main/benchmarks/local/response_time_wrk.rb,puma-1w-3t,3,puma,1,3,9364,1000,5.002,5.0,1000,3886,2.002,2.0,5,true,9364,0,1872.09,2.431,3.685,5.461,15.015,45.015,107.227,107.227,85.115,20,20,63,multiprocess_sample_only,,
yjit-off/puma-response-array-512kb/puma-1w-3t/repeat-1,yjit-off,false,puma-response-array-512kb,puma-response-time-wrk,puma/benchmarks/local/response_time_wrk,https://github.com/puma/puma/blob/main/benchmarks/local/response_time_wrk.rb,puma-1w-3t,3,puma,1,3,6864,1000,5.003,5.0,1000,2644,2.003,2.0,5,true,6864,0,1371.92,3.275,5.304,15.364,18.397,20.946,162.539,148.934,84.835,20,20,64,multiprocess_sample_only,,
yjit-off/puma-response-chunk-512kb/puma-1w-3t/repeat-1,yjit-off,false,puma-response-chunk-512kb,puma-response-time-wrk,puma/benchmarks/local/response_time_wrk,https://github.com/puma/puma/blob/main/benchmarks/local/response_time_wrk.rb,puma-1w-3t,3,puma,1,3,1811,1000,5.011,5.0,1000,1000,2.552,2.0,5,true,1811,0,361.387,13.634,16.084,19.669,30.039,33.342,139.547,136.016,84.595,20,20,50,multiprocess_sample_only,,
yjit-off/puma-response-string-512kb/puma-1w-3t/repeat-1,yjit-off,false,puma-response-string-512kb,puma-response-time-wrk,puma/benchmarks/local/response_time_wrk,https://github.com/puma/puma/blob/main/benchmarks/local/response_time_wrk.rb,puma-1w-3t,3,puma,1,3,7438,1000,5.003,5.0,1000,2966,2.002,2.0,5,true,7438,0,1486.8,3.012,4.869,14.836,17.157,17.877,135.156,116.152,83.595,20,20,63,multiprocess_sample_only,,
yjit-off/puma-response-io-512kb/puma-1w-3t/repeat-1,yjit-off,false,puma-response-io-512kb,puma-response-time-wrk,puma/benchmarks/local/response_time_wrk,https://github.com/puma/puma/blob/main/benchmarks/local/response_time_wrk.rb,puma-1w-3t,3,puma,1,3,7061,1000,5.003,5.0,1000,2966,2.002,2.0,5,true,7061,0,1411.386,3.097,5.442,15.371,18.818,208.259,116.277,116.277,82.26,20,20,63,multiprocess_sample_only,,
yjit-off/puma-response-array-1024kb/puma-1w-3t/repeat-1,yjit-off,false,puma-response-array-1024kb,puma-response-time-wrk,puma/benchmarks/local/response_time_wrk,https://github.com/puma/puma/blob/main/benchmarks/local/response_time_wrk.rb,puma-1w-3t,3,puma,1,3,4448,1000,5.004,5.0,1000,1803,2.005,2.0,5,true,4448,0,888.892,5.309,7.785,19.525,21.941,23.506,164.855,155.785,82.045,20,20,64,multiprocess_sample_only,,
yjit-off/puma-response-chunk-1024kb/puma-1w-3t/repeat-1,yjit-off,false,puma-response-chunk-1024kb,puma-response-time-wrk,puma/benchmarks/local/response_time_wrk,https://github.com/puma/puma/blob/main/benchmarks/local/response_time_wrk.rb,puma-1w-3t,3,puma,1,3,1017,1000,5.02,5.0,1000,1000,4.63,2.0,5,true,1017,0,202.578,24.606,28.014,29.527,30.814,30.889,167.813,165.547,81.855,20,20,42,multiprocess_sample_only,,
yjit-off/puma-response-string-1024kb/puma-1w-3t/repeat-1,yjit-off,false,puma-response-string-1024kb,puma-response-time-wrk,puma/benchmarks/local/response_time_wrk,https://github.com/puma/puma/blob/main/benchmarks/local/response_time_wrk.rb,puma-1w-3t,3,puma,1,3,4923,1000,5.004,5.0,1000,1959,2.003,2.0,5,true,4923,0,983.736,4.64,6.394,18.727,20.942,21.57,155.125,149.258,80.725,20,20,61,multiprocess_sample_only,,
yjit-off/puma-response-io-1024kb/puma-1w-3t/repeat-1,yjit-off,false,puma-response-io-1024kb,puma-response-time-wrk,puma/benchmarks/local/response_time_wrk,https://github.com/puma/puma/blob/main/benchmarks/local/response_time_wrk.rb,puma-1w-3t,3,puma,1,3,4414,1000,5.005,5.0,1000,1880,2.004,2.0,5,true,4414,0,881.988,5.109,7.555,20.5,29.21,39.186,149.32,149.32,79.13,20,20,60,multiprocess_sample_only,,
yjit-off/puma-response-array-2048kb/puma-1w-3t/repeat-1,yjit-off,false,puma-response-array-2048kb,puma-response-time-wrk,puma/benchmarks/local/response_time_wrk,https://github.com/puma/puma/blob/main/benchmarks/local/response_time_wrk.rb,puma-1w-3t,3,puma,1,3,2675,1000,5.009,5.0,1000,1037,2.009,2.0,5,true,2675,0,534.074,9.153,11.082,14.022,27.051,34.363,160.156,153.891,78.5,20,20,56,multiprocess_sample_only,,
yjit-off/puma-response-chunk-2048kb/puma-1w-3t/repeat-1,yjit-off,false,puma-response-chunk-2048kb,puma-response-time-wrk,puma/benchmarks/local/response_time_wrk,https://github.com/puma/puma/blob/main/benchmarks/local/response_time_wrk.rb,puma-1w-3t,3,puma,1,3,1000,1000,9.38,5.0,1000,1000,8.668,2.0,5,true,1000,0,106.613,46.401,52.379,54.885,57.791,57.867,178.941,174.48,78.205,20,20,56,multiprocess_sample_only,,
yjit-off/puma-response-string-2048kb/puma-1w-3t/repeat-1,yjit-off,false,puma-response-string-2048kb,puma-response-time-wrk,puma/benchmarks/local/response_time_wrk,https://github.com/puma/puma/blob/main/benchmarks/local/response_time_wrk.rb,puma-1w-3t,3,puma,1,3,2911,1000,5.006,5.0,1000,1208,2.008,2.0,5,true,2911,0,581.494,8.4,9.512,10.571,29.501,33.07,161.895,161.895,77.175,20,20,56,multiprocess_sample_only,,
yjit-off/puma-response-io-2048kb/puma-1w-3t/repeat-1,yjit-off,false,puma-response-io-2048kb,puma-response-time-wrk,puma/benchmarks/local/response_time_wrk,https://github.com/puma/puma/blob/main/benchmarks/local/response_time_wrk.rb,puma-1w-3t,3,puma,1,3,2900,1000,5.006,5.0,1000,1192,2.007,2.0,5,true,2900,0,579.324,8.425,10.063,10.958,12.481,13.075,161.895,161.895,75.66,20,20,57,multiprocess_sample_only,,
yjit-off/puma-long-tail-fib-200ms-x6p0/puma-1w-3t/repeat-1,yjit-off,false,puma-long-tail-fib-200ms-x6p0,puma-long-tail-hey,puma/benchmarks/local/long_tail_hey + test/rackup/sleep_fibonacci,https://github.com/puma/puma/blob/main/benchmarks/local/long_tail_hey.rb,puma-1w-3t,3,puma,1,3,360,360,51.105,5.0,360,360,51.069,2.0,18,true,360,0,7.044,2554.827,2570.856,2580.701,2583.686,2584.31,182.773,182.773,81.615,20,20,700,multiprocess_sample_only,,
yjit-off/puma-long-tail-fib-200ms-x4p0/puma-1w-3t/repeat-1,yjit-off,false,puma-long-tail-fib-200ms-x4p0,puma-long-tail-hey,puma/benchmarks/local/long_tail_hey + test/rackup/sleep_fibonacci,https://github.com/puma/puma/blob/main/benchmarks/local/long_tail_hey.rb,puma-1w-3t,3,puma,1,3,240,240,34.014,5.0,240,240,34.043,2.0,12,true,240,0,7.056,1700.519,1706.198,1709.618,1713.739,1713.906,190.41,190.41,85.51,20,20,466,multiprocess_sample_only,,
yjit-off/puma-long-tail-fib-200ms-x3p0/puma-1w-3t/repeat-1,yjit-off,false,puma-long-tail-fib-200ms-x3p0,puma-long-tail-hey,puma/benchmarks/local/long_tail_hey + test/rackup/sleep_fibonacci,https://github.com/puma/puma/blob/main/benchmarks/local/long_tail_hey.rb,puma-1w-3t,3,puma,1,3,180,180,25.514,5.0,180,180,25.515,2.0,9,true,180,0,7.055,1275.567,1280.113,1288.646,1289.615,1289.756,190.414,190.414,87.43,20,20,350,multiprocess_sample_only,,
yjit-off/puma-long-tail-fib-200ms-x2p0/puma-1w-3t/repeat-1,yjit-off,false,puma-long-tail-fib-200ms-x2p0,puma-long-tail-hey,puma/benchmarks/local/long_tail_hey + test/rackup/sleep_fibonacci,https://github.com/puma/puma/blob/main/benchmarks/local/long_tail_hey.rb,puma-1w-3t,3,puma,1,3,120,120,17.037,5.0,120,120,16.999,2.0,6,true,120,0,7.044,851.632,865.197,868.378,868.583,868.607,190.414,190.414,88.49,20,20,234,multiprocess_sample_only,,
yjit-off/puma-long-tail-fib-200ms-x1p5/puma-1w-3t/repeat-1,yjit-off,false,puma-long-tail-fib-200ms-x1p5,puma-long-tail-hey,puma/benchmarks/local/long_tail_hey + test/rackup/sleep_fibonacci,https://github.com/puma/puma/blob/main/benchmarks/local/long_tail_hey.rb,puma-1w-3t,3,puma,1,3,100,100,14.212,5.0,100,100,14.225,2.0,5,true,100,0,7.036,766.633,838.63,848.457,849.092,849.162,198.977,198.977,89.18,20,20,196,multiprocess_sample_only,,
yjit-off/puma-long-tail-fib-200ms-x1p0/puma-1w-3t/repeat-1,yjit-off,false,puma-long-tail-fib-200ms-x1p0,puma-long-tail-hey,puma/benchmarks/local/long_tail_hey + test/rackup/sleep_fibonacci,https://github.com/puma/puma/blob/main/benchmarks/local/long_tail_hey.rb,puma-1w-3t,3,puma,1,3,60,60,8.508,5.0,60,60,8.51,2.0,3,true,60,0,7.053,425.18,430.423,441.427,445.637,446.105,207.234,207.234,89.585,20,20,118,multiprocess_sample_only,,
yjit-off/puma-long-tail-fib-200ms-x0p5/puma-1w-3t/repeat-1,yjit-off,false,puma-long-tail-fib-200ms-x0p5,puma-long-tail-hey,puma/benchmarks/local/long_tail_hey + test/rackup/sleep_fibonacci,https://github.com/puma/puma/blob/main/benchmarks/local/long_tail_hey.rb,puma-1w-3t,3,puma,1,3,40,40,5.668,5.0,40,40,5.672,2.0,2,true,40,0,7.057,283.345,286.715,288.342,288.474,288.489,208.109,208.109,89.84,20,20,79,multiprocess_sample_only,,
yjit-off/puma-sleep-fibonacci-1ms/puma-1w-3t/repeat-1,yjit-off,false,puma-sleep-fibonacci-1ms,puma-sleep-fibonacci-test,puma/benchmarks/local/sleep_fibonacci_test + test/rackup/sleep_fibonacci,https://github.com/puma/puma/blob/main/benchmarks/local/sleep_fibonacci_test.rb,puma-1w-3t,3,puma,1,3,3566,10,5.0,5.0,10,1417,2.001,2.0,1,true,3566,0,713.143,1.376,1.466,1.672,2.621,2.852,210.109,210.109,89.735,20,20,70,multiprocess_sample_only,,
yjit-off/puma-sleep-fibonacci-5ms/puma-1w-3t/repeat-1,yjit-off,false,puma-sleep-fibonacci-5ms,puma-sleep-fibonacci-test,puma/benchmarks/local/sleep_fibonacci_test + test/rackup/sleep_fibonacci,https://github.com/puma/puma/blob/main/benchmarks/local/sleep_fibonacci_test.rb,puma-1w-3t,3,puma,1,3,939,10,5.003,5.0,10,378,2.005,2.0,1,true,939,0,187.706,5.286,5.398,5.812,6.381,6.919,210.109,210.109,89.505,20,20,70,multiprocess_sample_only,,
yjit-off/puma-sleep-fibonacci-10ms/puma-1w-3t/repeat-1,yjit-off,false,puma-sleep-fibonacci-10ms,puma-sleep-fibonacci-test,puma/benchmarks/local/sleep_fibonacci_test + test/rackup/sleep_fibonacci,https://github.com/puma/puma/blob/main/benchmarks/local/sleep_fibonacci_test.rb,puma-1w-3t,3,puma,1,3,483,10,5.006,5.0,10,194,2.008,2.0,1,true,483,0,96.482,10.318,10.483,10.703,11.539,11.739,210.109,210.109,89.28,20,20,70,multiprocess_sample_only,,
yjit-off/puma-sleep-fibonacci-50ms/puma-1w-3t/repeat-1,yjit-off,false,puma-sleep-fibonacci-50ms,puma-sleep-fibonacci-test,puma/benchmarks/local/sleep_fibonacci_test + test/rackup/sleep_fibonacci,https://github.com/puma/puma/blob/main/benchmarks/local/sleep_fibonacci_test.rb,puma-1w-3t,3,puma,1,3,99,10,5.007,5.0,10,40,2.024,2.0,1,true,99,0,19.772,50.507,50.783,51.071,51.385,51.42,210.109,210.109,89.05,20,20,70,multiprocess_sample_only,,
yjit-off/puma-sleep-fibonacci-100ms/puma-1w-3t/repeat-1,yjit-off,false,puma-sleep-fibonacci-100ms,puma-sleep-fibonacci-test,puma/benchmarks/local/sleep_fibonacci_test + test/rackup/sleep_fibonacci,https://github.com/puma/puma/blob/main/benchmarks/local/sleep_fibonacci_test.rb,puma-1w-3t,3,puma,1,3,50,10,5.034,5.0,10,20,2.014,2.0,1,true,50,0,9.933,100.614,100.685,100.744,100.786,100.79,210.109,210.109,88.825,20,20,71,multiprocess_sample_only,,
yjit-off/puma-sleep-fibonacci-200ms/puma-1w-3t/repeat-1,yjit-off,false,puma-sleep-fibonacci-200ms,puma-sleep-fibonacci-test,puma/benchmarks/local/sleep_fibonacci_test + test/rackup/sleep_fibonacci,https://github.com/puma/puma/blob/main/benchmarks/local/sleep_fibonacci_test.rb,puma-1w-3t,3,puma,1,3,25,10,5.018,5.0,10,10,2.007,2.0,1,true,25,0,4.982,200.652,200.726,200.878,200.92,200.925,210.109,210.109,88.59,20,20,70,multiprocess_sample_only,,
yjit-off/puma-response-array-1kb/puma-1w-3t/repeat-2,yjit-off,false,puma-response-array-1kb,puma-response-time-wrk,puma/benchmarks/local/response_time_wrk,https://github.com/puma/puma/blob/main/benchmarks/local/response_time_wrk.rb,puma-1w-3t,3,puma,1,3,15508,1000,5.001,5.0,1000,6274,2.001,2.0,5,true,15508,0,3100.783,1.553,2.047,2.332,2.781,3.44,75.051,74.457,95.19,20,20,66,multiprocess_sample_only,,
yjit-off/puma-response-chunk-1kb/puma-1w-3t/repeat-2,yjit-off,false,puma-response-chunk-1kb,puma-response-time-wrk,puma/benchmarks/local/response_time_wrk,https://github.com/puma/puma/blob/main/benchmarks/local/response_time_wrk.rb,puma-1w-3t,3,puma,1,3,15084,1000,5.001,5.0,1000,6179,2.001,2.0,5,true,15084,0,3016.048,1.595,2.102,2.431,3.105,3.991,74.641,74.086,91.065,20,20,66,multiprocess_sample_only,,
yjit-off/puma-response-string-1kb/puma-1w-3t/repeat-2,yjit-off,false,puma-response-string-1kb,puma-response-time-wrk,puma/benchmarks/local/response_time_wrk,https://github.com/puma/puma/blob/main/benchmarks/local/response_time_wrk.rb,puma-1w-3t,3,puma,1,3,15438,1000,5.001,5.0,1000,6343,2.001,2.0,5,true,15438,0,3086.743,1.557,2.052,2.365,2.795,3.391,74.266,74.086,90.285,20,20,66,multiprocess_sample_only,,
yjit-off/puma-response-io-1kb/puma-1w-3t/repeat-2,yjit-off,false,puma-response-io-1kb,puma-response-time-wrk,puma/benchmarks/local/response_time_wrk,https://github.com/puma/puma/blob/main/benchmarks/local/response_time_wrk.rb,puma-1w-3t,3,puma,1,3,14706,1000,5.002,5.0,1000,6112,2.001,2.0,5,true,14706,0,2940.297,1.628,2.21,2.589,3.133,3.916,74.461,74.461,91.52,20,20,67,multiprocess_sample_only,,
yjit-off/puma-response-array-10kb/puma-1w-3t/repeat-2,yjit-off,false,puma-response-array-10kb,puma-response-time-wrk,puma/benchmarks/local/response_time_wrk,https://github.com/puma/puma/blob/main/benchmarks/local/response_time_wrk.rb,puma-1w-3t,3,puma,1,3,15204,1000,5.001,5.0,1000,6259,2.001,2.0,5,true,15204,0,3040.042,1.579,2.109,2.488,2.994,3.585,77.613,77.355,91.745,20,20,66,multiprocess_sample_only,,
yjit-off/puma-response-chunk-10kb/puma-1w-3t/repeat-2,yjit-off,false,puma-response-chunk-10kb,puma-response-time-wrk,puma/benchmarks/local/response_time_wrk,https://github.com/puma/puma/blob/main/benchmarks/local/response_time_wrk.rb,puma-1w-3t,3,puma,1,3,13258,1000,5.002,5.0,1000,5438,2.002,2.0,5,true,13258,0,2650.557,1.818,2.376,2.765,3.42,4.159,77.688,77.594,91.015,20,20,66,multiprocess_sample_only,,
yjit-off/puma-response-string-10kb/puma-1w-3t/repeat-2,yjit-off,false,puma-response-string-10kb,puma-response-time-wrk,puma/benchmarks/local/response_time_wrk,https://github.com/puma/puma/blob/main/benchmarks/local/response_time_wrk.rb,puma-1w-3t,3,puma,1,3,15228,1000,5.001,5.0,1000,6254,2.001,2.0,5,true,15228,0,3044.821,1.577,2.117,2.476,3.035,3.711,78.172,78.172,90.52,20,20,66,multiprocess_sample_only,,
yjit-off/puma-response-io-10kb/puma-1w-3t/repeat-2,yjit-off,false,puma-response-io-10kb,puma-response-time-wrk,puma/benchmarks/local/response_time_wrk,https://github.com/puma/puma/blob/main/benchmarks/local/response_time_wrk.rb,puma-1w-3t,3,puma,1,3,14514,1000,5.001,5.0,1000,5999,2.001,2.0,5,true,14514,0,2902.031,1.641,2.288,2.747,3.399,4.023,79.777,79.777,91.07,20,20,67,multiprocess_sample_only,,
yjit-off/puma-response-array-100kb/puma-1w-3t/repeat-2,yjit-off,false,puma-response-array-100kb,puma-response-time-wrk,puma/benchmarks/local/response_time_wrk,https://github.com/puma/puma/blob/main/benchmarks/local/response_time_wrk.rb,puma-1w-3t,3,puma,1,3,12099,1000,5.002,5.0,1000,4888,2.002,2.0,5,true,12099,0,2418.898,1.984,2.62,3.104,4.258,6.188,103.16,102.203,91.065,20,20,65,multiprocess_sample_only,,
yjit-off/puma-response-chunk-100kb/puma-1w-3t/repeat-2,yjit-off,false,puma-response-chunk-100kb,puma-response-time-wrk,puma/benchmarks/local/response_time_wrk,https://github.com/puma/puma/blob/main/benchmarks/local/response_time_wrk.rb,puma-1w-3t,3,puma,1,3,6037,1000,5.003,5.0,1000,2499,2.003,2.0,5,true,6037,0,1206.686,4.067,4.978,5.542,6.423,7.6,91.176,89.953,90.24,20,20,62,multiprocess_sample_only,,
yjit-off/puma-response-string-100kb/puma-1w-3t/repeat-2,yjit-off,false,puma-response-string-100kb,puma-response-time-wrk,puma/benchmarks/local/response_time_wrk,https://github.com/puma/puma/blob/main/benchmarks/local/response_time_wrk.rb,puma-1w-3t,3,puma,1,3,12311,1000,5.002,5.0,1000,5087,2.002,2.0,5,true,12311,0,2461.075,1.97,2.507,2.822,3.4,4.028,104.023,102.285,89.265,20,20,65,multiprocess_sample_only,,
yjit-off/puma-response-io-100kb/puma-1w-3t/repeat-2,yjit-off,false,puma-response-io-100kb,puma-response-time-wrk,puma/benchmarks/local/response_time_wrk,https://github.com/puma/puma/blob/main/benchmarks/local/response_time_wrk.rb,puma-1w-3t,3,puma,1,3,12234,1000,5.002,5.0,1000,5053,2.001,2.0,5,true,12234,0,2446.051,1.974,2.538,2.921,3.582,42.067,78.879,78.691,88.575,20,20,65,multiprocess_sample_only,,
yjit-off/puma-response-array-256kb/puma-1w-3t/repeat-2,yjit-off,false,puma-response-array-256kb,puma-response-time-wrk,puma/benchmarks/local/response_time_wrk,https://github.com/puma/puma/blob/main/benchmarks/local/response_time_wrk.rb,puma-1w-3t,3,puma,1,3,9053,1000,5.002,5.0,1000,3697,2.002,2.0,5,true,9053,0,1809.859,2.511,3.977,5.316,16.696,18.151,109.887,107.926,88.235,20,20,64,multiprocess_sample_only,,
yjit-off/puma-response-chunk-256kb/puma-1w-3t/repeat-2,yjit-off,false,puma-response-chunk-256kb,puma-response-time-wrk,puma/benchmarks/local/response_time_wrk,https://github.com/puma/puma/blob/main/benchmarks/local/response_time_wrk.rb,puma-1w-3t,3,puma,1,3,3266,1000,5.007,5.0,1000,1375,2.007,2.0,5,true,3266,0,652.271,7.614,9.061,10.056,11.187,11.776,98.07,95.973,87.735,20,20,58,multiprocess_sample_only,,
yjit-off/puma-response-string-256kb/puma-1w-3t/repeat-2,yjit-off,false,puma-response-string-256kb,puma-response-time-wrk,puma/benchmarks/local/response_time_wrk,https://github.com/puma/puma/blob/main/benchmarks/local/response_time_wrk.rb,puma-1w-3t,3,puma,1,3,9553,1000,5.002,5.0,1000,3902,2.002,2.0,5,true,9553,0,1909.8,2.412,3.374,4.283,17.45,21.367,84.465,84.402,86.635,20,20,63,multiprocess_sample_only,,
yjit-off/puma-response-io-256kb/puma-1w-3t/repeat-2,yjit-off,false,puma-response-io-256kb,puma-response-time-wrk,puma/benchmarks/local/response_time_wrk,https://github.com/puma/puma/blob/main/benchmarks/local/response_time_wrk.rb,puma-1w-3t,3,puma,1,3,9137,1000,5.003,5.0,1000,3797,2.002,2.0,5,true,9137,0,1826.426,2.502,3.723,5.231,17.56,19.634,84.402,84.34,85.36,20,20,64,multiprocess_sample_only,,
yjit-off/puma-response-array-512kb/puma-1w-3t/repeat-2,yjit-off,false,puma-response-array-512kb,puma-response-time-wrk,puma/benchmarks/local/response_time_wrk,https://github.com/puma/puma/blob/main/benchmarks/local/response_time_wrk.rb,puma-1w-3t,3,puma,1,3,6671,1000,5.019,5.0,1000,2614,2.002,2.0,5,true,6671,0,1329.256,3.356,5.573,17.165,20.275,211.754,144.352,137.172,84.9,20,20,64,multiprocess_sample_only,,
yjit-off/puma-response-chunk-512kb/puma-1w-3t/repeat-2,yjit-off,false,puma-response-chunk-512kb,puma-response-time-wrk,puma/benchmarks/local/response_time_wrk,https://github.com/puma/puma/blob/main/benchmarks/local/response_time_wrk.rb,puma-1w-3t,3,puma,1,3,1828,1000,5.011,5.0,1000,1000,2.666,2.0,5,true,1828,0,364.768,13.758,15.494,16.492,17.738,17.928,102.965,102.211,84.55,20,20,51,multiprocess_sample_only,,
yjit-off/puma-response-string-512kb/puma-1w-3t/repeat-2,yjit-off,false,puma-response-string-512kb,puma-response-time-wrk,puma/benchmarks/local/response_time_wrk,https://github.com/puma/puma/blob/main/benchmarks/local/response_time_wrk.rb,puma-1w-3t,3,puma,1,3,7104,1000,5.006,5.0,1000,2933,2.002,2.0,5,true,7104,0,1419.22,3.078,5.442,17.257,20.669,31.15,86.059,85.184,83.455,20,20,62,multiprocess_sample_only,,
yjit-off/puma-response-io-512kb/puma-1w-3t/repeat-2,yjit-off,false,puma-response-io-512kb,puma-response-time-wrk,puma/benchmarks/local/response_time_wrk,https://github.com/puma/puma/blob/main/benchmarks/local/response_time_wrk.rb,puma-1w-3t,3,puma,1,3,6968,1000,5.003,5.0,1000,2874,2.002,2.0,5,true,6968,0,1392.651,3.142,5.495,17.156,22.954,24.562,85.684,85.684,82.1,20,20,62,multiprocess_sample_only,,
yjit-off/puma-response-array-1024kb/puma-1w-3t/repeat-2,yjit-off,false,puma-response-array-1024kb,puma-response-time-wrk,puma/benchmarks/local/response_time_wrk,https://github.com/puma/puma/blob/main/benchmarks/local/response_time_wrk.rb,puma-1w-3t,3,puma,1,3,4282,1000,5.006,5.0,1000,1807,2.005,2.0,5,true,4282,0,855.447,5.396,8.069,21.931,24.769,26.024,138.91,121.219,81.67,20,20,61,multiprocess_sample_only,,
yjit-off/puma-response-chunk-1024kb/puma-1w-3t/repeat-2,yjit-off,false,puma-response-chunk-1024kb,puma-response-time-wrk,puma/benchmarks/local/response_time_wrk,https://github.com/puma/puma/blob/main/benchmarks/local/response_time_wrk.rb,puma-1w-3t,3,puma,1,3,1006,1000,5.023,5.0,1000,1000,4.649,2.0,5,true,1006,0,200.26,24.938,28.388,29.893,32.199,33.953,105.051,103.707,81.44,20,20,42,multiprocess_sample_only,,
yjit-off/puma-response-string-1024kb/puma-1w-3t/repeat-2,yjit-off,false,puma-response-string-1024kb,puma-response-time-wrk,puma/benchmarks/local/response_time_wrk,https://github.com/puma/puma/blob/main/benchmarks/local/response_time_wrk.rb,puma-1w-3t,3,puma,1,3,4752,1000,5.004,5.0,1000,1845,2.022,2.0,5,true,4752,0,949.681,4.733,7.121,21.365,23.76,25.981,95.5,95.5,80.32,20,20,59,multiprocess_sample_only,,
yjit-off/puma-response-io-1024kb/puma-1w-3t/repeat-2,yjit-off,false,puma-response-io-1024kb,puma-response-time-wrk,puma/benchmarks/local/response_time_wrk,https://github.com/puma/puma/blob/main/benchmarks/local/response_time_wrk.rb,puma-1w-3t,3,puma,1,3,4369,1000,5.005,5.0,1000,1859,2.004,2.0,5,true,4369,0,872.903,5.127,7.757,22.241,24.977,26.049,95.5,95.5,78.74,20,20,60,multiprocess_sample_only,,
yjit-off/puma-response-array-2048kb/puma-1w-3t/repeat-2,yjit-off,false,puma-response-array-2048kb,puma-response-time-wrk,puma/benchmarks/local/response_time_wrk,https://github.com/puma/puma/blob/main/benchmarks/local/response_time_wrk.rb,puma-1w-3t,3,puma,1,3,2305,1000,5.01,5.0,1000,1000,2.085,2.0,5,true,2305,0,460.038,11.004,14.257,15.819,17.968,18.798,107.219,101.844,78.705,20,20,67,multiprocess_sample_only,,
yjit-off/puma-response-chunk-2048kb/puma-1w-3t/repeat-2,yjit-off,false,puma-response-chunk-2048kb,puma-response-time-wrk,puma/benchmarks/local/response_time_wrk,https://github.com/puma/puma/blob/main/benchmarks/local/response_time_wrk.rb,puma-1w-3t,3,puma,1,3,1000,1000,9.369,5.0,1000,1000,8.716,2.0,5,true,1000,0,106.736,46.485,52.469,54.785,58.448,59.727,107.969,106.793,78.68,20,20,56,multiprocess_sample_only,,
yjit-off/puma-response-string-2048kb/puma-1w-3t/repeat-2,yjit-off,false,puma-response-string-2048kb,puma-response-time-wrk,puma/benchmarks/local/response_time_wrk,https://github.com/puma/puma/blob/main/benchmarks/local/response_time_wrk.rb,puma-1w-3t,3,puma,1,3,2788,1000,5.011,5.0,1000,1164,2.008,2.0,5,true,2788,0,556.401,8.764,10.806,11.929,13.637,14.325,100.598,100.598,77.59,20,20,57,multiprocess_sample_only,,
yjit-off/puma-response-io-2048kb/puma-1w-3t/repeat-2,yjit-off,false,puma-response-io-2048kb,puma-response-time-wrk,puma/benchmarks/local/response_time_wrk,https://github.com/puma/puma/blob/main/benchmarks/local/response_time_wrk.rb,puma-1w-3t,3,puma,1,3,2834,1000,5.006,5.0,1000,1195,2.006,2.0,5,true,2834,0,566.088,8.614,10.816,12.101,14.05,15.941,100.66,100.66,76.015,20,20,57,multiprocess_sample_only,,
yjit-off/puma-long-tail-fib-200ms-x6p0/puma-1w-3t/repeat-2,yjit-off,false,puma-long-tail-fib-200ms-x6p0,puma-long-tail-hey,puma/benchmarks/local/long_tail_hey + test/rackup/sleep_fibonacci,https://github.com/puma/puma/blob/main/benchmarks/local/long_tail_hey.rb,puma-1w-3t,3,puma,1,3,360,360,51.06,5.0,360,360,51.022,2.0,18,true,360,0,7.05,2552.587,2563.946,2568.994,2570.779,2570.903,115.027,112.504,81.88,20,20,699,multiprocess_sample_only,,
yjit-off/puma-long-tail-fib-200ms-x4p0/puma-1w-3t/repeat-2,yjit-off,false,puma-long-tail-fib-200ms-x4p0,puma-long-tail-hey,puma/benchmarks/local/long_tail_hey + test/rackup/sleep_fibonacci,https://github.com/puma/puma/blob/main/benchmarks/local/long_tail_hey.rb,puma-1w-3t,3,puma,1,3,240,240,34.047,5.0,240,240,33.995,2.0,12,true,240,0,7.049,1701.906,1715.411,1722.071,1729.758,1729.97,113.254,113.254,85.71,20,20,466,multiprocess_sample_only,,
yjit-off/puma-long-tail-fib-200ms-x3p0/puma-1w-3t/repeat-2,yjit-off,false,puma-long-tail-fib-200ms-x3p0,puma-long-tail-hey,puma/benchmarks/local/long_tail_hey + test/rackup/sleep_fibonacci,https://github.com/puma/puma/blob/main/benchmarks/local/long_tail_hey.rb,puma-1w-3t,3,puma,1,3,180,180,25.538,5.0,180,180,25.508,2.0,9,true,180,0,7.048,1276.269,1281.225,1283.091,1285.922,1286.459,114.195,114.195,87.605,20,20,350,multiprocess_sample_only,,
yjit-off/puma-long-tail-fib-200ms-x2p0/puma-1w-3t/repeat-2,yjit-off,false,puma-long-tail-fib-200ms-x2p0,puma-long-tail-hey,puma/benchmarks/local/long_tail_hey + test/rackup/sleep_fibonacci,https://github.com/puma/puma/blob/main/benchmarks/local/long_tail_hey.rb,puma-1w-3t,3,puma,1,3,120,120,17.013,5.0,120,120,16.99,2.0,6,true,120,0,7.054,850.222,854.04,861.858,865.326,865.563,120.324,120.324,88.645,20,20,234,multiprocess_sample_only,,
yjit-off/puma-long-tail-fib-200ms-x1p5/puma-1w-3t/repeat-2,yjit-off,false,puma-long-tail-fib-200ms-x1p5,puma-long-tail-hey,puma/benchmarks/local/long_tail_hey + test/rackup/sleep_fibonacci,https://github.com/puma/puma/blob/main/benchmarks/local/long_tail_hey.rb,puma-1w-3t,3,puma,1,3,100,100,14.21,5.0,100,100,14.218,2.0,5,true,100,0,7.037,815.412,846.939,849.41,850.931,851.1,121.074,121.074,89.335,20,20,195,multiprocess_sample_only,,
yjit-off/puma-long-tail-fib-200ms-x1p0/puma-1w-3t/repeat-2,yjit-off,false,puma-long-tail-fib-200ms-x1p0,puma-long-tail-hey,puma/benchmarks/local/long_tail_hey + test/rackup/sleep_fibonacci,https://github.com/puma/puma/blob/main/benchmarks/local/long_tail_hey.rb,puma-1w-3t,3,puma,1,3,60,60,8.507,5.0,60,60,8.518,2.0,3,true,60,0,7.053,424.891,428.231,429.774,430.41,430.481,121.074,121.074,89.745,20,20,118,multiprocess_sample_only,,
yjit-off/puma-long-tail-fib-200ms-x0p5/puma-1w-3t/repeat-2,yjit-off,false,puma-long-tail-fib-200ms-x0p5,puma-long-tail-hey,puma/benchmarks/local/long_tail_hey + test/rackup/sleep_fibonacci,https://github.com/puma/puma/blob/main/benchmarks/local/long_tail_hey.rb,puma-1w-3t,3,puma,1,3,40,40,5.674,5.0,40,40,5.672,2.0,2,true,40,0,7.049,283.616,286.632,294.337,298.613,299.088,121.074,121.074,89.975,20,20,79,multiprocess_sample_only,,
yjit-off/puma-sleep-fibonacci-1ms/puma-1w-3t/repeat-2,yjit-off,false,puma-sleep-fibonacci-1ms,puma-sleep-fibonacci-test,puma/benchmarks/local/sleep_fibonacci_test + test/rackup/sleep_fibonacci,https://github.com/puma/puma/blob/main/benchmarks/local/sleep_fibonacci_test.rb,puma-1w-3t,3,puma,1,3,3563,10,5.001,5.0,10,1428,2.0,2.0,1,true,3563,0,712.454,1.376,1.473,1.677,2.421,2.901,134.18,134.18,89.88,20,20,69,multiprocess_sample_only,,
yjit-off/puma-sleep-fibonacci-5ms/puma-1w-3t/repeat-2,yjit-off,false,puma-sleep-fibonacci-5ms,puma-sleep-fibonacci-test,puma/benchmarks/local/sleep_fibonacci_test + test/rackup/sleep_fibonacci,https://github.com/puma/puma/blob/main/benchmarks/local/sleep_fibonacci_test.rb,puma-1w-3t,3,puma,1,3,940,10,5.003,5.0,10,378,2.0,2.0,1,true,940,0,187.899,5.286,5.381,5.74,6.313,6.8,134.18,134.18,89.66,20,20,70,multiprocess_sample_only,,
yjit-off/puma-sleep-fibonacci-10ms/puma-1w-3t/repeat-2,yjit-off,false,puma-sleep-fibonacci-10ms,puma-sleep-fibonacci-test,puma/benchmarks/local/sleep_fibonacci_test + test/rackup/sleep_fibonacci,https://github.com/puma/puma/blob/main/benchmarks/local/sleep_fibonacci_test.rb,puma-1w-3t,3,puma,1,3,482,10,5.01,5.0,10,194,2.008,2.0,1,true,482,0,96.201,10.319,10.578,11.319,13.842,15.739,134.18,134.18,89.435,20,20,70,multiprocess_sample_only,,
yjit-off/puma-sleep-fibonacci-50ms/puma-1w-3t/repeat-2,yjit-off,false,puma-sleep-fibonacci-50ms,puma-sleep-fibonacci-test,puma/benchmarks/local/sleep_fibonacci_test + test/rackup/sleep_fibonacci,https://github.com/puma/puma/blob/main/benchmarks/local/sleep_fibonacci_test.rb,puma-1w-3t,3,puma,1,3,99,10,5.009,5.0,10,40,2.023,2.0,1,true,99,0,19.765,50.514,50.738,51.555,51.762,51.785,134.18,134.18,89.195,20,20,70,multiprocess_sample_only,,
yjit-off/puma-sleep-fibonacci-100ms/puma-1w-3t/repeat-2,yjit-off,false,puma-sleep-fibonacci-100ms,puma-sleep-fibonacci-test,puma/benchmarks/local/sleep_fibonacci_test + test/rackup/sleep_fibonacci,https://github.com/puma/puma/blob/main/benchmarks/local/sleep_fibonacci_test.rb,puma-1w-3t,3,puma,1,3,50,10,5.035,5.0,10,20,2.014,2.0,1,true,50,0,9.931,100.627,100.735,100.933,101.008,101.016,134.18,134.18,88.96,20,20,71,multiprocess_sample_only,,
yjit-off/puma-sleep-fibonacci-200ms/puma-1w-3t/repeat-2,yjit-off,false,puma-sleep-fibonacci-200ms,puma-sleep-fibonacci-test,puma/benchmarks/local/sleep_fibonacci_test + test/rackup/sleep_fibonacci,https://github.com/puma/puma/blob/main/benchmarks/local/sleep_fibonacci_test.rb,puma-1w-3t,3,puma,1,3,25,10,5.018,5.0,10,10,2.008,2.0,1,true,25,0,4.982,200.652,200.702,200.74,200.749,200.75,134.18,134.18,88.735,20,20,70,multiprocess_sample_only,,
yjit-off/puma-response-array-1kb/puma-1w-3t/repeat-3,yjit-off,false,puma-response-array-1kb,puma-response-time-wrk,puma/benchmarks/local/response_time_wrk,https://github.com/puma/puma/blob/main/benchmarks/local/response_time_wrk.rb,puma-1w-3t,3,puma,1,3,15130,1000,5.001,5.0,1000,6118,2.001,2.0,5,true,15130,0,3025.102,1.57,2.162,2.717,3.525,4.254,94.887,89.711,95.42,20,20,66,multiprocess_sample_only,,
yjit-off/puma-response-chunk-1kb/puma-1w-3t/repeat-3,yjit-off,false,puma-response-chunk-1kb,puma-response-time-wrk,puma/benchmarks/local/response_time_wrk,https://github.com/puma/puma/blob/main/benchmarks/local/response_time_wrk.rb,puma-1w-3t,3,puma,1,3,14994,1000,5.001,5.0,1000,6065,2.001,2.0,5,true,14994,0,2998.009,1.599,2.119,2.567,3.353,4.088,98.191,98.191,91.13,20,20,66,multiprocess_sample_only,,
yjit-off/puma-response-string-1kb/puma-1w-3t/repeat-3,yjit-off,false,puma-response-string-1kb,puma-response-time-wrk,puma/benchmarks/local/response_time_wrk,https://github.com/puma/puma/blob/main/benchmarks/local/response_time_wrk.rb,puma-1w-3t,3,puma,1,3,15429,1000,5.001,5.0,1000,6334,2.001,2.0,5,true,15429,0,3085.017,1.555,2.061,2.395,3.038,3.502,98.211,96.766,90.205,20,20,66,multiprocess_sample_only,,
yjit-off/puma-response-io-1kb/puma-1w-3t/repeat-3,yjit-off,false,puma-response-io-1kb,puma-response-time-wrk,puma/benchmarks/local/response_time_wrk,https://github.com/puma/puma/blob/main/benchmarks/local/response_time_wrk.rb,puma-1w-3t,3,puma,1,3,14741,1000,5.001,5.0,1000,6063,2.001,2.0,5,true,14741,0,2947.527,1.626,2.195,2.682,3.38,4.221,97.348,97.102,91.415,20,20,67,multiprocess_sample_only,,
yjit-off/puma-response-array-10kb/puma-1w-3t/repeat-3,yjit-off,false,puma-response-array-10kb,puma-response-time-wrk,puma/benchmarks/local/response_time_wrk,https://github.com/puma/puma/blob/main/benchmarks/local/response_time_wrk.rb,puma-1w-3t,3,puma,1,3,15148,1000,5.001,5.0,1000,6231,2.001,2.0,5,true,15148,0,3028.849,1.584,2.116,2.451,3.289,4.97,104.039,103.664,91.73,20,20,66,multiprocess_sample_only,,
yjit-off/puma-response-chunk-10kb/puma-1w-3t/repeat-3,yjit-off,false,puma-response-chunk-10kb,puma-response-time-wrk,puma/benchmarks/local/response_time_wrk,https://github.com/puma/puma/blob/main/benchmarks/local/response_time_wrk.rb,puma-1w-3t,3,puma,1,3,13214,1000,5.002,5.0,1000,5468,2.001,2.0,5,true,13214,0,2641.818,1.823,2.387,2.757,3.63,4.874,104.164,103.434,91.02,20,20,66,multiprocess_sample_only,,
yjit-off/puma-response-string-10kb/puma-1w-3t/repeat-3,yjit-off,false,puma-response-string-10kb,puma-response-time-wrk,puma/benchmarks/local/response_time_wrk,https://github.com/puma/puma/blob/main/benchmarks/local/response_time_wrk.rb,puma-1w-3t,3,puma,1,3,15146,1000,5.002,5.0,1000,6229,2.001,2.0,5,true,15146,0,3027.832,1.584,2.112,2.492,3.288,3.978,104.504,104.129,90.53,20,20,66,multiprocess_sample_only,,
yjit-off/puma-response-io-10kb/puma-1w-3t/repeat-3,yjit-off,false,puma-response-io-10kb,puma-response-time-wrk,puma/benchmarks/local/response_time_wrk,https://github.com/puma/puma/blob/main/benchmarks/local/response_time_wrk.rb,puma-1w-3t,3,puma,1,3,14474,1000,5.002,5.0,1000,6005,2.001,2.0,5,true,14474,0,2893.907,1.649,2.247,2.757,3.459,3.871,110.676,110.449,91.065,20,20,67,multiprocess_sample_only,,
yjit-off/puma-response-array-100kb/puma-1w-3t/repeat-3,yjit-off,false,puma-response-array-100kb,puma-response-time-wrk,puma/benchmarks/local/response_time_wrk,https://github.com/puma/puma/blob/main/benchmarks/local/response_time_wrk.rb,puma-1w-3t,3,puma,1,3,12193,1000,5.003,5.0,1000,4955,2.002,2.0,5,true,12193,0,2437.203,1.979,2.581,3.036,3.733,4.136,132.18,132.18,91.08,20,20,66,multiprocess_sample_only,,
yjit-off/puma-response-chunk-100kb/puma-1w-3t/repeat-3,yjit-off,false,puma-response-chunk-100kb,puma-response-time-wrk,puma/benchmarks/local/response_time_wrk,https://github.com/puma/puma/blob/main/benchmarks/local/response_time_wrk.rb,puma-1w-3t,3,puma,1,3,6081,1000,5.003,5.0,1000,2564,2.003,2.0,5,true,6081,0,1215.454,4.037,4.978,5.676,6.434,6.979,132.957,132.793,90.21,20,20,62,multiprocess_sample_only,,
yjit-off/puma-response-string-100kb/puma-1w-3t/repeat-3,yjit-off,false,puma-response-string-100kb,puma-response-time-wrk,puma/benchmarks/local/response_time_wrk,https://github.com/puma/puma/blob/main/benchmarks/local/response_time_wrk.rb,puma-1w-3t,3,puma,1,3,12442,1000,5.001,5.0,1000,5029,2.001,2.0,5,true,12442,0,2487.772,1.94,2.517,2.967,3.736,4.368,128.574,127.215,89.34,20,20,65,multiprocess_sample_only,,
yjit-off/puma-response-io-100kb/puma-1w-3t/repeat-3,yjit-off,false,puma-response-io-100kb,puma-response-time-wrk,puma/benchmarks/local/response_time_wrk,https://github.com/puma/puma/blob/main/benchmarks/local/response_time_wrk.rb,puma-1w-3t,3,puma,1,3,12224,1000,5.001,5.0,1000,5021,2.002,2.0,5,true,12224,0,2444.083,1.974,2.533,2.867,3.822,43.774,104.254,104.066,88.78,20,20,65,multiprocess_sample_only,,
yjit-off/puma-response-array-256kb/puma-1w-3t/repeat-3,yjit-off,false,puma-response-array-256kb,puma-response-time-wrk,puma/benchmarks/local/response_time_wrk,https://github.com/puma/puma/blob/main/benchmarks/local/response_time_wrk.rb,puma-1w-3t,3,puma,1,3,8700,1000,5.003,5.0,1000,3466,2.003,2.0,5,true,8700,0,1738.887,2.564,4.336,6.065,19.638,24.404,136.281,131.875,88.24,20,20,64,multiprocess_sample_only,,
yjit-off/puma-response-chunk-256kb/puma-1w-3t/repeat-3,yjit-off,false,puma-response-chunk-256kb,puma-response-time-wrk,puma/benchmarks/local/response_time_wrk,https://github.com/puma/puma/blob/main/benchmarks/local/response_time_wrk.rb,puma-1w-3t,3,puma,1,3,3315,1000,5.008,5.0,1000,1387,2.007,2.0,5,true,3315,0,661.932,7.509,8.967,9.923,10.668,12.559,135.816,134.824,87.59,20,20,58,multiprocess_sample_only,,
yjit-off/puma-response-string-256kb/puma-1w-3t/repeat-3,yjit-off,false,puma-response-string-256kb,puma-response-time-wrk,puma/benchmarks/local/response_time_wrk,https://github.com/puma/puma/blob/main/benchmarks/local/response_time_wrk.rb,puma-1w-3t,3,puma,1,3,9074,1000,5.002,5.0,1000,3777,2.002,2.0,5,true,9074,0,1814.16,2.427,4.322,5.621,18.879,19.859,112.797,112.297,86.375,20,20,63,multiprocess_sample_only,,
yjit-off/puma-response-io-256kb/puma-1w-3t/repeat-3,yjit-off,false,puma-response-io-256kb,puma-response-time-wrk,puma/benchmarks/local/response_time_wrk,https://github.com/puma/puma/blob/main/benchmarks/local/response_time_wrk.rb,puma-1w-3t,3,puma,1,3,8923,1000,5.002,5.0,1000,3734,2.003,2.0,5,true,8923,0,1783.812,2.471,4.269,5.673,19.731,20.424,112.039,110.727,84.93,20,20,63,multiprocess_sample_only,,
yjit-off/puma-response-array-512kb/puma-1w-3t/repeat-3,yjit-off,false,puma-response-array-512kb,puma-response-time-wrk,puma/benchmarks/local/response_time_wrk,https://github.com/puma/puma/blob/main/benchmarks/local/response_time_wrk.rb,puma-1w-3t,3,puma,1,3,6545,1000,5.003,5.0,1000,2534,2.003,2.0,5,true,6545,0,1308.319,3.396,6.055,18.366,21.848,22.711,176.402,162.922,84.415,20,20,63,multiprocess_sample_only,,
yjit-off/puma-response-chunk-512kb/puma-1w-3t/repeat-3,yjit-off,false,puma-response-chunk-512kb,puma-response-time-wrk,puma/benchmarks/local/response_time_wrk,https://github.com/puma/puma/blob/main/benchmarks/local/response_time_wrk.rb,puma-1w-3t,3,puma,1,3,1806,1000,5.013,5.0,1000,1000,2.632,2.0,5,true,1806,0,360.259,13.791,16.015,17.302,18.406,19.347,146.113,140.453,84.115,20,20,50,multiprocess_sample_only,,
yjit-off/puma-response-string-512kb/puma-1w-3t/repeat-3,yjit-off,false,puma-response-string-512kb,puma-response-time-wrk,puma/benchmarks/local/response_time_wrk,https://github.com/puma/puma/blob/main/benchmarks/local/response_time_wrk.rb,puma-1w-3t,3,puma,1,3,6654,1000,5.003,5.0,1000,2867,2.005,2.0,5,true,6654,0,1330.096,3.146,6.639,18.697,22.091,22.71,140.195,140.008,82.97,20,20,61,multiprocess_sample_only,,
yjit-off/puma-response-io-512kb/puma-1w-3t/repeat-3,yjit-off,false,puma-response-io-512kb,puma-response-time-wrk,puma/benchmarks/local/response_time_wrk,https://github.com/puma/puma/blob/main/benchmarks/local/response_time_wrk.rb,puma-1w-3t,3,puma,1,3,6646,1000,5.002,5.0,1000,2799,2.003,2.0,5,true,6646,0,1328.604,3.186,6.626,18.641,22.815,26.026,140.07,140.07,81.49,20,20,61,multiprocess_sample_only,,
yjit-off/puma-response-array-1024kb/puma-1w-3t/repeat-3,yjit-off,false,puma-response-array-1024kb,puma-response-time-wrk,puma/benchmarks/local/response_time_wrk,https://github.com/puma/puma/blob/main/benchmarks/local/response_time_wrk.rb,puma-1w-3t,3,puma,1,3,4256,1000,5.005,5.0,1000,1706,2.006,2.0,5,true,4256,0,850.309,5.393,8.516,24.04,26.66,28.251,175.047,160.938,81.24,20,20,63,multiprocess_sample_only,,
yjit-off/puma-response-chunk-1024kb/puma-1w-3t/repeat-3,yjit-off,false,puma-response-chunk-1024kb,puma-response-time-wrk,puma/benchmarks/local/response_time_wrk,https://github.com/puma/puma/blob/main/benchmarks/local/response_time_wrk.rb,puma-1w-3t,3,puma,1,3,1000,1000,5.05,5.0,1000,1000,4.628,2.0,5,true,1000,0,198.009,25.162,28.537,30.037,31.613,32.003,155.93,154.57,81.095,20,20,42,multiprocess_sample_only,,
yjit-off/puma-response-string-1024kb/puma-1w-3t/repeat-3,yjit-off,false,puma-response-string-1024kb,puma-response-time-wrk,puma/benchmarks/local/response_time_wrk,https://github.com/puma/puma/blob/main/benchmarks/local/response_time_wrk.rb,puma-1w-3t,3,puma,1,3,4482,1000,5.004,5.0,1000,1754,2.009,2.0,5,true,4482,0,895.762,4.973,7.921,23.682,27.403,30.265,149.715,137.063,79.885,20,20,60,multiprocess_sample_only,,
yjit-off/puma-response-io-1024kb/puma-1w-3t/repeat-3,yjit-off,false,puma-response-io-1024kb,puma-response-time-wrk,puma/benchmarks/local/response_time_wrk,https://github.com/puma/puma/blob/main/benchmarks/local/response_time_wrk.rb,puma-1w-3t,3,puma,1,3,4380,1000,5.004,5.0,1000,1759,2.004,2.0,5,true,4380,0,875.328,5.071,8.219,23.263,25.702,26.864,137.125,137.125,78.23,20,20,61,multiprocess_sample_only,,
yjit-off/puma-response-array-2048kb/puma-1w-3t/repeat-3,yjit-off,false,puma-response-array-2048kb,puma-response-time-wrk,puma/benchmarks/local/response_time_wrk,https://github.com/puma/puma/blob/main/benchmarks/local/response_time_wrk.rb,puma-1w-3t,3,puma,1,3,2416,1000,5.007,5.0,1000,1035,2.011,2.0,5,true,2416,0,482.518,10.356,14.206,16.229,28.364,30.799,149.742,133.598,78.16,20,20,65,multiprocess_sample_only,,
yjit-off/puma-response-chunk-2048kb/puma-1w-3t/repeat-3,yjit-off,false,puma-response-chunk-2048kb,puma-response-time-wrk,puma/benchmarks/local/response_time_wrk,https://github.com/puma/puma/blob/main/benchmarks/local/response_time_wrk.rb,puma-1w-3t,3,puma,1,3,1000,1000,9.663,5.0,1000,1000,9.0,2.0,5,true,1000,0,103.489,47.951,54.187,56.859,59.387,59.545,168.023,166.195,78.11,20,20,58,multiprocess_sample_only,,
yjit-off/puma-response-string-2048kb/puma-1w-3t/repeat-3,yjit-off,false,puma-response-string-2048kb,puma-response-time-wrk,puma/benchmarks/local/response_time_wrk,https://github.com/puma/puma/blob/main/benchmarks/local/response_time_wrk.rb,puma-1w-3t,3,puma,1,3,2751,1000,5.009,5.0,1000,1068,2.007,2.0,5,true,2751,0,549.214,8.785,11.143,13.469,28.633,31.172,155.93,133.16,77.0,20,20,57,multiprocess_sample_only,,
yjit-off/puma-response-io-2048kb/puma-1w-3t/repeat-3,yjit-off,false,puma-response-io-2048kb,puma-response-time-wrk,puma/benchmarks/local/response_time_wrk,https://github.com/puma/puma/blob/main/benchmarks/local/response_time_wrk.rb,puma-1w-3t,3,puma,1,3,2828,1000,5.007,5.0,1000,1187,2.008,2.0,5,true,2828,0,564.822,8.716,10.582,11.728,12.933,13.443,134.602,134.602,75.45,20,20,57,multiprocess_sample_only,,
yjit-off/puma-long-tail-fib-200ms-x6p0/puma-1w-3t/repeat-3,yjit-off,false,puma-long-tail-fib-200ms-x6p0,puma-long-tail-hey,puma/benchmarks/local/long_tail_hey + test/rackup/sleep_fibonacci,https://github.com/puma/puma/blob/main/benchmarks/local/long_tail_hey.rb,puma-1w-3t,3,puma,1,3,360,360,51.13,5.0,360,360,51.073,2.0,18,true,360,0,7.041,2582.938,2634.758,2638.656,2641.065,2642.301,157.664,157.664,81.46,20,20,701,multiprocess_sample_only,,
yjit-off/puma-long-tail-fib-200ms-x4p0/puma-1w-3t/repeat-3,yjit-off,false,puma-long-tail-fib-200ms-x4p0,puma-long-tail-hey,puma/benchmarks/local/long_tail_hey + test/rackup/sleep_fibonacci,https://github.com/puma/puma/blob/main/benchmarks/local/long_tail_hey.rb,puma-1w-3t,3,puma,1,3,240,240,34.061,5.0,240,240,34.067,2.0,12,true,240,0,7.046,1717.3,1761.843,1763.237,1765.042,1765.559,181.559,181.559,85.375,20,20,467,multiprocess_sample_only,,
yjit-off/puma-long-tail-fib-200ms-x3p0/puma-1w-3t/repeat-3,yjit-off,false,puma-long-tail-fib-200ms-x3p0,puma-long-tail-hey,puma/benchmarks/local/long_tail_hey + test/rackup/sleep_fibonacci,https://github.com/puma/puma/blob/main/benchmarks/local/long_tail_hey.rb,puma-1w-3t,3,puma,1,3,180,180,25.537,5.0,180,180,25.532,2.0,9,true,180,0,7.049,1291.334,1318.882,1321.688,1322.46,1322.519,181.559,181.559,87.295,20,20,351,multiprocess_sample_only,,
yjit-off/puma-long-tail-fib-200ms-x2p0/puma-1w-3t/repeat-3,yjit-off,false,puma-long-tail-fib-200ms-x2p0,puma-long-tail-hey,puma/benchmarks/local/long_tail_hey + test/rackup/sleep_fibonacci,https://github.com/puma/puma/blob/main/benchmarks/local/long_tail_hey.rb,puma-1w-3t,3,puma,1,3,120,120,17.019,5.0,120,120,17.023,2.0,6,true,120,0,7.051,864.062,880.509,881.041,881.802,881.903,181.625,181.625,88.36,20,20,234,multiprocess_sample_only,,
yjit-off/puma-long-tail-fib-200ms-x1p5/puma-1w-3t/repeat-3,yjit-off,false,puma-long-tail-fib-200ms-x1p5,puma-long-tail-hey,puma/benchmarks/local/long_tail_hey + test/rackup/sleep_fibonacci,https://github.com/puma/puma/blob/main/benchmarks/local/long_tail_hey.rb,puma-1w-3t,3,puma,1,3,100,100,14.19,5.0,100,100,14.181,2.0,5,true,100,0,7.047,716.991,857.727,860.851,868.739,869.616,181.625,181.625,89.065,20,20,195,multiprocess_sample_only,,
yjit-off/puma-long-tail-fib-200ms-x1p0/puma-1w-3t/repeat-3,yjit-off,false,puma-long-tail-fib-200ms-x1p0,puma-long-tail-hey,puma/benchmarks/local/long_tail_hey + test/rackup/sleep_fibonacci,https://github.com/puma/puma/blob/main/benchmarks/local/long_tail_hey.rb,puma-1w-3t,3,puma,1,3,60,60,8.501,5.0,60,60,8.517,2.0,3,true,60,0,7.058,425.08,439.537,441.699,442.686,442.795,181.625,181.625,89.485,20,20,118,multiprocess_sample_only,,
yjit-off/puma-long-tail-fib-200ms-x0p5/puma-1w-3t/repeat-3,yjit-off,false,puma-long-tail-fib-200ms-x0p5,puma-long-tail-hey,puma/benchmarks/local/long_tail_hey + test/rackup/sleep_fibonacci,https://github.com/puma/puma/blob/main/benchmarks/local/long_tail_hey.rb,puma-1w-3t,3,puma,1,3,40,40,5.679,5.0,40,40,5.676,2.0,2,true,40,0,7.043,283.928,291.036,302.734,303.045,303.079,181.625,177.75,89.74,20,20,79,multiprocess_sample_only,,
yjit-off/puma-sleep-fibonacci-1ms/puma-1w-3t/repeat-3,yjit-off,false,puma-sleep-fibonacci-1ms,puma-sleep-fibonacci-test,puma/benchmarks/local/sleep_fibonacci_test + test/rackup/sleep_fibonacci,https://github.com/puma/puma/blob/main/benchmarks/local/sleep_fibonacci_test.rb,puma-1w-3t,3,puma,1,3,3559,10,5.0,5.0,10,1391,2.001,2.0,1,true,3559,0,711.735,1.378,1.491,1.723,2.128,2.948,199.086,199.086,89.635,20,20,69,multiprocess_sample_only,,
yjit-off/puma-sleep-fibonacci-5ms/puma-1w-3t/repeat-3,yjit-off,false,puma-sleep-fibonacci-5ms,puma-sleep-fibonacci-test,puma/benchmarks/local/sleep_fibonacci_test + test/rackup/sleep_fibonacci,https://github.com/puma/puma/blob/main/benchmarks/local/sleep_fibonacci_test.rb,puma-1w-3t,3,puma,1,3,941,10,5.002,5.0,10,377,2.001,2.0,1,true,941,0,188.129,5.278,5.391,5.707,6.235,6.716,199.148,199.148,89.42,20,20,70,multiprocess_sample_only,,
yjit-off/puma-sleep-fibonacci-10ms/puma-1w-3t/repeat-3,yjit-off,false,puma-sleep-fibonacci-10ms,puma-sleep-fibonacci-test,puma/benchmarks/local/sleep_fibonacci_test + test/rackup/sleep_fibonacci,https://github.com/puma/puma/blob/main/benchmarks/local/sleep_fibonacci_test.rb,puma-1w-3t,3,puma,1,3,484,10,5.01,5.0,10,193,2.0,2.0,1,true,484,0,96.616,10.313,10.425,10.614,11.131,11.371,199.148,199.148,89.19,20,20,70,multiprocess_sample_only,,
yjit-off/puma-sleep-fibonacci-50ms/puma-1w-3t/repeat-3,yjit-off,false,puma-sleep-fibonacci-50ms,puma-sleep-fibonacci-test,puma/benchmarks/local/sleep_fibonacci_test + test/rackup/sleep_fibonacci,https://github.com/puma/puma/blob/main/benchmarks/local/sleep_fibonacci_test.rb,puma-1w-3t,3,puma,1,3,99,10,5.003,5.0,10,40,2.021,2.0,1,true,99,0,19.787,50.489,50.567,50.714,50.717,50.718,199.148,199.148,88.96,20,20,70,multiprocess_sample_only,,
yjit-off/puma-sleep-fibonacci-100ms/puma-1w-3t/repeat-3,yjit-off,false,puma-sleep-fibonacci-100ms,puma-sleep-fibonacci-test,puma/benchmarks/local/sleep_fibonacci_test + test/rackup/sleep_fibonacci,https://github.com/puma/puma/blob/main/benchmarks/local/sleep_fibonacci_test.rb,puma-1w-3t,3,puma,1,3,50,10,5.034,5.0,10,20,2.014,2.0,1,true,50,0,9.933,100.606,100.786,100.845,100.882,100.886,199.148,199.148,88.745,20,20,71,multiprocess_sample_only,,
yjit-off/puma-sleep-fibonacci-200ms/puma-1w-3t/repeat-3,yjit-off,false,puma-sleep-fibonacci-200ms,puma-sleep-fibonacci-test,puma/benchmarks/local/sleep_fibonacci_test + test/rackup/sleep_fibonacci,https://github.com/puma/puma/blob/main/benchmarks/local/sleep_fibonacci_test.rb,puma-1w-3t,3,puma,1,3,25,10,5.019,5.0,10,10,2.008,2.0,1,true,25,0,4.981,200.676,200.72,200.74,200.745,200.746,199.148,199.148,88.51,20,20,71,multiprocess_sample_only,,
yjit-on/puma-response-array-1kb/raptor-3r/repeat-1,yjit-on,true,puma-response-array-1kb,puma-response-time-wrk,puma/benchmarks/local/response_time_wrk,https://github.com/puma/puma/blob/main/benchmarks/local/response_time_wrk.rb,raptor-3r,3,raptor,3,,1000,1000,16.133,5.0,1000,1000,16.129,2.0,5,true,1000,0,61.986,40.985,42.003,42.47,4047.921,4048.441,31.074,31.074,3.555,20,20,224,same_worker,21,720300
yjit-on/puma-response-chunk-1kb/raptor-3r/repeat-1,yjit-on,true,puma-response-chunk-1kb,puma-response-time-wrk,puma/benchmarks/local/response_time_wrk,https://github.com/puma/puma/blob/main/benchmarks/local/response_time_wrk.rb,raptor-3r,3,raptor,3,,1000,1000,16.16,5.0,1000,1000,16.1,2.0,5,true,1000,0,61.882,40.992,42.175,42.839,4066.905,4069.646,31.359,31.359,2.785,20,20,224,same_worker,21,716259
yjit-on/puma-response-string-1kb/raptor-3r/repeat-1,yjit-on,true,puma-response-string-1kb,puma-response-time-wrk,puma/benchmarks/local/response_time_wrk,https://github.com/puma/puma/blob/main/benchmarks/local/response_time_wrk.rb,raptor-3r,3,raptor,3,,1000,1000,16.144,5.0,1000,1000,16.091,2.0,5,true,1000,0,61.943,40.985,42.005,42.367,4032.82,4039.222,31.5,31.5,2.58,20,20,225,same_worker,21,719255
yjit-on/puma-response-io-1kb/raptor-3r/repeat-1,yjit-on,true,puma-response-io-1kb,puma-response-time-wrk,puma/benchmarks/local/response_time_wrk,https://github.com/puma/puma/blob/main/benchmarks/local/response_time_wrk.rb,raptor-3r,3,raptor,3,,1000,1000,16.154,5.0,1000,1000,16.095,2.0,5,true,1000,0,61.904,40.988,42.078,42.968,4042.742,4042.823,31.629,31.629,2.5,20,20,224,same_worker,22,727257
yjit-on/puma-response-array-10kb/raptor-3r/repeat-1,yjit-on,true,puma-response-array-10kb,puma-response-time-wrk,puma/benchmarks/local/response_time_wrk,https://github.com/puma/puma/blob/main/benchmarks/local/response_time_wrk.rb,raptor-3r,3,raptor,3,,1000,1000,16.154,5.0,1000,1000,16.086,2.0,5,true,1000,0,61.904,40.99,42.003,42.804,4043.115,4046.92,31.668,31.668,2.465,20,20,225,same_worker,22,718362
yjit-on/puma-response-chunk-10kb/raptor-3r/repeat-1,yjit-on,true,puma-response-chunk-10kb,puma-response-time-wrk,puma/benchmarks/local/response_time_wrk,https://github.com/puma/puma/blob/main/benchmarks/local/response_time_wrk.rb,raptor-3r,3,raptor,3,,1000,1000,16.159,5.0,1000,1000,16.08,2.0,5,true,1000,0,61.885,40.987,42.119,42.757,4052.785,4057.601,31.738,31.738,2.405,20,20,225,same_worker,22,716255
yjit-on/puma-response-string-10kb/raptor-3r/repeat-1,yjit-on,true,puma-response-string-10kb,puma-response-time-wrk,puma/benchmarks/local/response_time_wrk,https://github.com/puma/puma/blob/main/benchmarks/local/response_time_wrk.rb,raptor-3r,3,raptor,3,,1000,1000,16.141,5.0,1000,1000,16.095,2.0,5,true,1000,0,61.954,40.987,42.05,42.515,4037.522,4049.004,31.746,31.746,2.4,20,20,225,same_worker,22,717867
yjit-on/puma-response-io-10kb/raptor-3r/repeat-1,yjit-on,true,puma-response-io-10kb,puma-response-time-wrk,puma/benchmarks/local/response_time_wrk,https://github.com/puma/puma/blob/main/benchmarks/local/response_time_wrk.rb,raptor-3r,3,raptor,3,,1000,1000,16.174,5.0,1000,1000,16.098,2.0,5,true,1000,0,61.828,40.997,42.208,42.817,4076.48,4076.695,32.168,32.168,2.4,20,20,225,same_worker,23,744112
yjit-on/puma-response-array-100kb/raptor-3r/repeat-1,yjit-on,true,puma-response-array-100kb,puma-response-time-wrk,puma/benchmarks/local/response_time_wrk,https://github.com/puma/puma/blob/main/benchmarks/local/response_time_wrk.rb,raptor-3r,3,raptor,3,,1000,1000,15.34,5.0,1000,1000,15.656,2.0,5,true,1000,0,65.189,40.974,41.983,42.291,3755.017,3760.193,32.227,32.227,2.54,20,20,214,same_worker,23,717812
yjit-on/puma-response-chunk-100kb/raptor-3r/repeat-1,yjit-on,true,puma-response-chunk-100kb,puma-response-time-wrk,puma/benchmarks/local/response_time_wrk,https://github.com/puma/puma/blob/main/benchmarks/local/response_time_wrk.rb,raptor-3r,3,raptor,3,,1000,1000,15.1,5.0,1000,1000,15.781,2.0,5,true,1000,0,66.225,40.974,41.976,42.401,3640.693,3802.477,32.27,32.27,2.66,20,20,210,same_worker,22,716237
yjit-on/puma-response-string-100kb/raptor-3r/repeat-1,yjit-on,true,puma-response-string-100kb,puma-response-time-wrk,puma/benchmarks/local/response_time_wrk,https://github.com/puma/puma/blob/main/benchmarks/local/response_time_wrk.rb,raptor-3r,3,raptor,3,,10369,1000,5.002,5.0,1000,4470,2.002,2.0,5,true,10369,0,2073.024,1.377,2.062,4.782,146.026,156.524,32.738,32.738,3.81,20,20,67,same_worker,247,7454628
yjit-on/puma-response-io-100kb/raptor-3r/repeat-1,yjit-on,true,puma-response-io-100kb,puma-response-time-wrk,puma/benchmarks/local/response_time_wrk,https://github.com/puma/puma/blob/main/benchmarks/local/response_time_wrk.rb,raptor-3r,3,raptor,3,,1000,1000,15.219,5.0,1000,1000,15.383,2.0,5,true,1000,0,65.708,40.978,41.987,42.878,3838.773,3884.881,37.211,37.211,4.41,20,20,212,same_worker,34,925237
yjit-on/puma-response-array-256kb/raptor-3r/repeat-1,yjit-on,true,puma-response-array-256kb,puma-response-time-wrk,puma/benchmarks/local/response_time_wrk,https://github.com/puma/puma/blob/main/benchmarks/local/response_time_wrk.rb,raptor-3r,3,raptor,3,,1000,1000,14.761,5.0,1000,1000,15.033,2.0,5,true,1000,0,67.747,41.95,42.94,43.431,3666.783,3678.426,37.211,37.211,4.585,20,20,205,same_worker,26,719249
yjit-on/puma-response-chunk-256kb/raptor-3r/repeat-1,yjit-on,true,puma-response-chunk-256kb,puma-response-time-wrk,puma/benchmarks/local/response_time_wrk,https://github.com/puma/puma/blob/main/benchmarks/local/response_time_wrk.rb,raptor-3r,3,raptor,3,,1000,1000,14.748,5.0,1000,1000,15.27,2.0,5,true,1000,0,67.806,41.948,42.937,44.128,3740.842,3806.346,37.211,37.211,4.765,20,20,205,same_worker,25,716243
yjit-on/puma-response-string-256kb/raptor-3r/repeat-1,yjit-on,true,puma-response-string-256kb,puma-response-time-wrk,puma/benchmarks/local/response_time_wrk,https://github.com/puma/puma/blob/main/benchmarks/local/response_time_wrk.rb,raptor-3r,3,raptor,3,,7984,1000,5.003,5.0,1000,3256,2.039,2.0,5,true,7984,0,1595.762,1.614,2.73,41.885,191.014,214.235,37.383,37.383,5.495,20,20,66,same_worker,213,5742032
yjit-on/puma-response-io-256kb/raptor-3r/repeat-1,yjit-on,true,puma-response-io-256kb,puma-response-time-wrk,puma/benchmarks/local/response_time_wrk,https://github.com/puma/puma/blob/main/benchmarks/local/response_time_wrk.rb,raptor-3r,3,raptor,3,,1000,1000,15.44,5.0,1000,1000,15.627,2.0,5,true,1000,0,64.768,41.969,42.976,43.96,3937.367,4009.648,42.059,41.922,6.0,20,20,214,same_worker,52,1237243
yjit-on/puma-response-array-512kb/raptor-3r/repeat-1,yjit-on,true,puma-response-array-512kb,puma-response-time-wrk,puma/benchmarks/local/response_time_wrk,https://github.com/puma/puma/blob/main/benchmarks/local/response_time_wrk.rb,raptor-3r,3,raptor,3,,1000,1000,15.487,5.0,1000,1000,15.756,2.0,5,true,1000,0,64.568,41.993,43.164,45.437,3929.146,3945.3,41.922,41.922,6.285,20,20,215,same_worker,28,719249
yjit-on/puma-response-chunk-512kb/raptor-3r/repeat-1,yjit-on,true,puma-response-chunk-512kb,puma-response-time-wrk,puma/benchmarks/local/response_time_wrk,https://github.com/puma/puma/blob/main/benchmarks/local/response_time_wrk.rb,raptor-3r,3,raptor,3,,1000,1000,15.472,5.0,1000,1000,15.985,2.0,5,true,1000,0,64.633,41.979,43.071,45.915,3868.855,3883.0,41.922,41.922,6.565,20,20,215,same_worker,28,714697
yjit-on/puma-response-string-512kb/raptor-3r/repeat-1,yjit-on,true,puma-response-string-512kb,puma-response-time-wrk,puma/benchmarks/local/response_time_wrk,https://github.com/puma/puma/blob/main/benchmarks/local/response_time_wrk.rb,raptor-3r,3,raptor,3,,5900,1000,5.005,5.0,1000,2480,2.003,2.0,5,true,5900,0,1178.93,2.232,3.925,20.39,271.291,286.711,42.848,42.848,7.07,20,20,65,same_worker,174,4242760
yjit-on/puma-response-io-512kb/raptor-3r/repeat-1,yjit-on,true,puma-response-io-512kb,puma-response-time-wrk,puma/benchmarks/local/response_time_wrk,https://github.com/puma/puma/blob/main/benchmarks/local/response_time_wrk.rb,raptor-3r,3,raptor,3,,1000,1000,15.65,5.0,1000,1000,16.532,2.0,5,true,1000,0,63.899,42.958,44.163,46.029,3908.143,3972.937,50.473,50.473,7.625,20,20,217,same_worker,85,1749249
yjit-on/puma-response-array-1024kb/raptor-3r/repeat-1,yjit-on,true,puma-response-array-1024kb,puma-response-time-wrk,puma/benchmarks/local/response_time_wrk,https://github.com/puma/puma/blob/main/benchmarks/local/response_time_wrk.rb,raptor-3r,3,raptor,3,,1000,1000,15.7,5.0,1000,1000,16.437,2.0,5,true,1000,0,63.696,43.931,45.423,48.504,3997.136,4019.913,50.473,50.473,8.205,20,20,216,same_worker,31,718265
yjit-on/puma-response-chunk-1024kb/raptor-3r/repeat-1,yjit-on,true,puma-response-chunk-1024kb,puma-response-time-wrk,puma/benchmarks/local/response_time_wrk,https://github.com/puma/puma/blob/main/benchmarks/local/response_time_wrk.rb,raptor-3r,3,raptor,3,,1000,1000,15.309,5.0,1000,1000,16.196,2.0,5,true,1000,0,65.321,43.944,45.195,47.811,3775.254,3873.255,50.473,50.473,8.79,20,20,211,same_worker,31,714763
yjit-on/puma-response-string-1024kb/raptor-3r/repeat-1,yjit-on,true,puma-response-string-1024kb,puma-response-time-wrk,puma/benchmarks/local/response_time_wrk,https://github.com/puma/puma/blob/main/benchmarks/local/response_time_wrk.rb,raptor-3r,3,raptor,3,,4007,1000,5.005,5.0,1000,1706,2.004,2.0,5,true,4007,0,800.657,3.277,6.103,22.729,378.982,386.975,51.684,51.684,9.175,20,20,64,same_worker,129,2880596
yjit-on/puma-response-io-1024kb/raptor-3r/repeat-1,yjit-on,true,puma-response-io-1024kb,puma-response-time-wrk,puma/benchmarks/local/response_time_wrk,https://github.com/puma/puma/blob/main/benchmarks/local/response_time_wrk.rb,raptor-3r,3,raptor,3,,1000,1000,16.528,5.0,1000,1000,16.961,2.0,5,true,1000,0,60.502,44.015,45.987,47.875,4166.309,4184.749,60.043,59.344,9.885,20,20,228,same_worker,99,2773249
yjit-on/puma-response-array-2048kb/raptor-3r/repeat-1,yjit-on,true,puma-response-array-2048kb,puma-response-time-wrk,puma/benchmarks/local/response_time_wrk,https://github.com/puma/puma/blob/main/benchmarks/local/response_time_wrk.rb,raptor-3r,3,raptor,3,,1000,1000,16.63,5.0,1000,1000,17.219,2.0,5,true,1000,0,60.132,46.026,48.781,52.677,4017.488,4053.35,59.344,59.344,10.965,20,20,229,same_worker,21,719249
yjit-on/puma-response-chunk-2048kb/raptor-3r/repeat-1,yjit-on,true,puma-response-chunk-2048kb,puma-response-time-wrk,puma/benchmarks/local/response_time_wrk,https://github.com/puma/puma/blob/main/benchmarks/local/response_time_wrk.rb,raptor-3r,3,raptor,3,,1000,1000,17.254,5.0,1000,1000,17.398,2.0,5,true,1000,0,57.959,46.064,48.171,49.981,4326.561,4354.876,59.344,59.344,12.005,20,20,238,same_worker,22,715168
yjit-on/puma-response-string-2048kb/raptor-3r/repeat-1,yjit-on,true,puma-response-string-2048kb,puma-response-time-wrk,puma/benchmarks/local/response_time_wrk,https://github.com/puma/puma/blob/main/benchmarks/local/response_time_wrk.rb,raptor-3r,3,raptor,3,,2873,1000,5.007,5.0,1000,1198,2.008,2.0,5,true,2873,0,573.834,5.121,6.936,11.02,520.309,538.855,65.355,65.355,12.38,20,20,61,same_worker,62,2066143
yjit-on/puma-response-io-2048kb/raptor-3r/repeat-1,yjit-on,true,puma-response-io-2048kb,puma-response-time-wrk,puma/benchmarks/local/response_time_wrk,https://github.com/puma/puma/blob/main/benchmarks/local/response_time_wrk.rb,raptor-3r,3,raptor,3,,1000,1000,18.051,5.0,1000,1000,18.305,2.0,5,true,1000,0,55.397,47.967,50.944,54.172,4474.324,4553.815,74.914,74.914,13.545,20,20,248,same_worker,203,4820690
yjit-on/puma-long-tail-fib-200ms-x6p0/raptor-3r/repeat-1,yjit-on,true,puma-long-tail-fib-200ms-x6p0,puma-long-tail-hey,puma/benchmarks/local/long_tail_hey + test/rackup/sleep_fibonacci,https://github.com/puma/puma/blob/main/benchmarks/local/long_tail_hey.rb,raptor-3r,3,raptor,3,,363,360,29.039,5.0,360,360,28.801,2.0,18,true,363,0,12.501,241.976,243.076,19631.861,24429.464,24429.493,75.301,75.301,22.29,20,20,393,same_worker,2,63480
yjit-on/puma-long-tail-fib-200ms-x4p0/raptor-3r/repeat-1,yjit-on,true,puma-long-tail-fib-200ms-x4p0,puma-long-tail-hey,puma/benchmarks/local/long_tail_hey + test/rackup/sleep_fibonacci,https://github.com/puma/puma/blob/main/benchmarks/local/long_tail_hey.rb,raptor-3r,3,raptor,3,,243,240,19.434,5.0,240,240,19.202,2.0,12,true,243,0,12.504,241.944,242.881,12816.731,14832.033,14832.102,75.355,75.355,29.95,20,20,264,same_worker,1,44604
yjit-on/puma-long-tail-fib-200ms-x3p0/raptor-3r/repeat-1,yjit-on,true,puma-long-tail-fib-200ms-x3p0,puma-long-tail-hey,puma/benchmarks/local/long_tail_hey + test/rackup/sleep_fibonacci,https://github.com/puma/puma/blob/main/benchmarks/local/long_tail_hey.rb,raptor-3r,3,raptor,3,,183,180,14.635,5.0,180,180,14.398,2.0,9,true,183,0,12.504,241.944,243.064,10033.208,10033.454,10033.506,75.359,75.359,35.015,20,20,199,same_worker,1,29775
yjit-on/puma-long-tail-fib-200ms-x2p0/raptor-3r/repeat-1,yjit-on,true,puma-long-tail-fib-200ms-x2p0,puma-long-tail-hey,puma/benchmarks/local/long_tail_hey + test/rackup/sleep_fibonacci,https://github.com/puma/puma/blob/main/benchmarks/local/long_tail_hey.rb,raptor-3r,3,raptor,3,,123,120,9.839,5.0,120,120,9.599,2.0,6,true,123,0,12.501,241.956,242.819,5237.933,5238.298,5238.34,75.363,75.363,38.35,20,20,134,same_worker,0,20290
yjit-on/puma-long-tail-fib-200ms-x1p5/raptor-3r/repeat-1,yjit-on,true,puma-long-tail-fib-200ms-x1p5,puma-long-tail-hey,puma/benchmarks/local/long_tail_hey + test/rackup/sleep_fibonacci,https://github.com/puma/puma/blob/main/benchmarks/local/long_tail_hey.rb,raptor-3r,3,raptor,3,,103,100,9.836,5.0,100,100,9.601,2.0,5,true,103,0,10.472,241.949,242.782,5139.242,5240.708,5240.884,75.379,75.379,40.825,20,20,135,same_worker,0,18687
yjit-on/puma-long-tail-fib-200ms-x1p0/raptor-3r/repeat-1,yjit-on,true,puma-long-tail-fib-200ms-x1p0,puma-long-tail-hey,puma/benchmarks/local/long_tail_hey + test/rackup/sleep_fibonacci,https://github.com/puma/puma/blob/main/benchmarks/local/long_tail_hey.rb,raptor-3r,3,raptor,3,,63,60,5.044,5.0,60,60,4.802,2.0,3,true,63,0,12.49,241.981,242.762,242.796,242.822,242.825,75.383,75.383,42.33,20,20,69,same_worker,0,9573
yjit-on/puma-long-tail-fib-200ms-x0p5/raptor-3r/repeat-1,yjit-on,true,puma-long-tail-fib-200ms-x0p5,puma-long-tail-hey,puma/benchmarks/local/long_tail_hey + test/rackup/sleep_fibonacci,https://github.com/puma/puma/blob/main/benchmarks/local/long_tail_hey.rb,raptor-3r,3,raptor,3,,42,40,5.038,5.0,40,40,4.795,2.0,2,true,42,0,8.337,241.897,242.132,242.58,242.853,242.884,75.383,75.383,43.245,20,20,70,same_worker,0,6960
yjit-on/puma-sleep-fibonacci-1ms/raptor-3r/repeat-1,yjit-on,true,puma-sleep-fibonacci-1ms,puma-sleep-fibonacci-test,puma/benchmarks/local/sleep_fibonacci_test + test/rackup/sleep_fibonacci,https://github.com/puma/puma/blob/main/benchmarks/local/sleep_fibonacci_test.rb,raptor-3r,3,raptor,3,,122,10,5.008,5.0,10,49,2.019,2.0,1,true,122,0,24.36,41.971,42.181,42.965,42.978,42.979,75.418,75.418,43.25,20,20,71,same_worker,0,20597
yjit-on/puma-sleep-fibonacci-5ms/raptor-3r/repeat-1,yjit-on,true,puma-sleep-fibonacci-5ms,puma-sleep-fibonacci-test,puma/benchmarks/local/sleep_fibonacci_test + test/rackup/sleep_fibonacci,https://github.com/puma/puma/blob/main/benchmarks/local/sleep_fibonacci_test.rb,raptor-3r,3,raptor,3,,112,10,5.009,5.0,10,45,2.025,2.0,1,true,112,0,22.36,45.955,46.019,46.941,46.957,46.959,75.449,75.449,42.985,20,20,71,same_worker,0,18543
yjit-on/puma-sleep-fibonacci-10ms/raptor-3r/repeat-1,yjit-on,true,puma-sleep-fibonacci-10ms,puma-sleep-fibonacci-test,puma/benchmarks/local/sleep_fibonacci_test + test/rackup/sleep_fibonacci,https://github.com/puma/puma/blob/main/benchmarks/local/sleep_fibonacci_test.rb,raptor-3r,3,raptor,3,,99,10,5.015,5.0,10,40,2.0,2.0,1,true,99,0,19.741,50.971,51.122,51.982,51.984,51.984,75.457,75.457,42.77,20,20,71,same_worker,1,17538
yjit-on/puma-sleep-fibonacci-50ms/raptor-3r/repeat-1,yjit-on,true,puma-sleep-fibonacci-50ms,puma-sleep-fibonacci-test,puma/benchmarks/local/sleep_fibonacci_test + test/rackup/sleep_fibonacci,https://github.com/puma/puma/blob/main/benchmarks/local/sleep_fibonacci_test.rb,raptor-3r,3,raptor,3,,56,10,5.08,5.0,10,23,2.058,2.0,1,true,56,0,11.024,90.99,91.993,92.622,92.902,92.933,75.465,75.465,42.7,20,20,71,same_worker,0,9835
yjit-on/puma-sleep-fibonacci-100ms/raptor-3r/repeat-1,yjit-on,true,puma-sleep-fibonacci-100ms,puma-sleep-fibonacci-test,puma/benchmarks/local/sleep_fibonacci_test + test/rackup/sleep_fibonacci,https://github.com/puma/puma/blob/main/benchmarks/local/sleep_fibonacci_test.rb,raptor-3r,3,raptor,3,,36,10,5.073,5.0,10,15,2.089,2.0,1,true,36,0,7.097,141.955,141.994,142.843,143.255,143.3,75.469,75.469,42.725,20,20,71,same_worker,0,4201
yjit-on/puma-sleep-fibonacci-200ms/raptor-3r/repeat-1,yjit-on,true,puma-sleep-fibonacci-200ms,puma-sleep-fibonacci-test,puma/benchmarks/local/sleep_fibonacci_test + test/rackup/sleep_fibonacci,https://github.com/puma/puma/blob/main/benchmarks/local/sleep_fibonacci_test.rb,raptor-3r,3,raptor,3,,21,10,5.026,5.0,10,10,2.378,2.0,1,true,21,0,4.178,240.964,241.979,241.981,241.981,241.981,75.469,75.469,42.845,20,20,71,same_worker,0,4492
yjit-on/puma-response-array-1kb/raptor-3r/repeat-2,yjit-on,true,puma-response-array-1kb,puma-response-time-wrk,puma/benchmarks/local/response_time_wrk,https://github.com/puma/puma/blob/main/benchmarks/local/response_time_wrk.rb,raptor-3r,3,raptor,3,,1000,1000,16.128,5.0,1000,1000,16.126,2.0,5,true,1000,0,62.005,40.982,41.983,42.308,4033.905,4033.933,31.004,31.004,3.425,20,20,224,same_worker,20,720977
yjit-on/puma-response-chunk-1kb/raptor-3r/repeat-2,yjit-on,true,puma-response-chunk-1kb,puma-response-time-wrk,puma/benchmarks/local/response_time_wrk,https://github.com/puma/puma/blob/main/benchmarks/local/response_time_wrk.rb,raptor-3r,3,raptor,3,,1000,1000,16.215,5.0,1000,1000,16.112,2.0,5,true,1000,0,61.673,41.089,42.332,42.717,4074.267,4074.609,31.445,31.445,2.745,20,20,225,same_worker,20,716250
yjit-on/puma-response-string-1kb/raptor-3r/repeat-2,yjit-on,true,puma-response-string-1kb,puma-response-time-wrk,puma/benchmarks/local/response_time_wrk,https://github.com/puma/puma/blob/main/benchmarks/local/response_time_wrk.rb,raptor-3r,3,raptor,3,,1000,1000,16.169,5.0,1000,1000,16.125,2.0,5,true,1000,0,61.847,40.991,42.162,42.679,4047.168,4049.357,31.613,31.613,2.58,20,20,224,same_worker,20,719922
yjit-on/puma-response-io-1kb/raptor-3r/repeat-2,yjit-on,true,puma-response-io-1kb,puma-response-time-wrk,puma/benchmarks/local/response_time_wrk,https://github.com/puma/puma/blob/main/benchmarks/local/response_time_wrk.rb,raptor-3r,3,raptor,3,,1000,1000,16.127,5.0,1000,1000,16.098,2.0,5,true,1000,0,62.008,40.982,41.984,42.428,4031.643,4035.871,31.758,31.758,2.495,20,20,224,same_worker,19,727255
yjit-on/puma-response-array-10kb/raptor-3r/repeat-2,yjit-on,true,puma-response-array-10kb,puma-response-time-wrk,puma/benchmarks/local/response_time_wrk,https://github.com/puma/puma/blob/main/benchmarks/local/response_time_wrk.rb,raptor-3r,3,raptor,3,,1000,1000,16.203,5.0,1000,1000,16.129,2.0,5,true,1000,0,61.718,41.016,42.266,42.623,4073.868,4074.299,32.063,32.063,2.405,20,20,225,same_worker,19,719255
yjit-on/puma-response-chunk-10kb/raptor-3r/repeat-2,yjit-on,true,puma-response-chunk-10kb,puma-response-time-wrk,puma/benchmarks/local/response_time_wrk,https://github.com/puma/puma/blob/main/benchmarks/local/response_time_wrk.rb,raptor-3r,3,raptor,3,,1000,1000,16.228,5.0,1000,1000,16.091,2.0,5,true,1000,0,61.622,41.002,42.247,42.877,4062.839,4088.163,32.063,32.063,2.4,20,20,225,same_worker,19,716249
yjit-on/puma-response-string-10kb/raptor-3r/repeat-2,yjit-on,true,puma-response-string-10kb,puma-response-time-wrk,puma/benchmarks/local/response_time_wrk,https://github.com/puma/puma/blob/main/benchmarks/local/response_time_wrk.rb,raptor-3r,3,raptor,3,,1000,1000,16.142,5.0,1000,1000,16.085,2.0,5,true,1000,0,61.95,40.986,42.017,42.417,4039.686,4039.857,32.09,32.09,2.4,20,20,224,same_worker,19,720430
yjit-on/puma-response-io-10kb/raptor-3r/repeat-2,yjit-on,true,puma-response-io-10kb,puma-response-time-wrk,puma/benchmarks/local/response_time_wrk,https://github.com/puma/puma/blob/main/benchmarks/local/response_time_wrk.rb,raptor-3r,3,raptor,3,,1000,1000,16.191,5.0,1000,1000,16.081,2.0,5,true,1000,0,61.762,41.001,42.257,42.879,4058.663,4060.075,32.957,32.957,2.4,20,20,224,same_worker,21,745249
yjit-on/puma-response-array-100kb/raptor-3r/repeat-2,yjit-on,true,puma-response-array-100kb,puma-response-time-wrk,puma/benchmarks/local/response_time_wrk,https://github.com/puma/puma/blob/main/benchmarks/local/response_time_wrk.rb,raptor-3r,3,raptor,3,,1000,1000,14.651,5.0,1000,1000,15.657,2.0,5,true,1000,0,68.254,40.974,41.972,42.12,3839.108,3913.01,33.055,33.055,2.525,20,20,204,same_worker,19,719237
yjit-on/puma-response-chunk-100kb/raptor-3r/repeat-2,yjit-on,true,puma-response-chunk-100kb,puma-response-time-wrk,puma/benchmarks/local/response_time_wrk,https://github.com/puma/puma/blob/main/benchmarks/local/response_time_wrk.rb,raptor-3r,3,raptor,3,,1000,1000,15.023,5.0,1000,1000,15.937,2.0,5,true,1000,0,66.564,40.976,41.971,42.569,3634.466,3670.581,33.055,33.055,2.655,20,20,209,same_worker,20,716243
yjit-on/puma-response-string-100kb/raptor-3r/repeat-2,yjit-on,true,puma-response-string-100kb,puma-response-time-wrk,puma/benchmarks/local/response_time_wrk,https://github.com/puma/puma/blob/main/benchmarks/local/response_time_wrk.rb,raptor-3r,3,raptor,3,,10833,1000,5.003,5.0,1000,4478,2.003,2.0,5,true,10833,0,2165.496,1.321,1.963,7.482,136.268,142.449,33.41,33.41,3.815,20,20,67,same_worker,228,7789193
yjit-on/puma-response-io-100kb/raptor-3r/repeat-2,yjit-on,true,puma-response-io-100kb,puma-response-time-wrk,puma/benchmarks/local/response_time_wrk,https://github.com/puma/puma/blob/main/benchmarks/local/response_time_wrk.rb,raptor-3r,3,raptor,3,,1000,1000,15.182,5.0,1000,1000,15.492,2.0,5,true,1000,0,65.867,40.979,41.985,42.982,3691.678,3758.801,40.574,40.574,4.475,20,20,211,same_worker,29,925243
yjit-on/puma-response-array-256kb/raptor-3r/repeat-2,yjit-on,true,puma-response-array-256kb,puma-response-time-wrk,puma/benchmarks/local/response_time_wrk,https://github.com/puma/puma/blob/main/benchmarks/local/response_time_wrk.rb,raptor-3r,3,raptor,3,,1000,1000,14.902,5.0,1000,1000,14.962,2.0,5,true,1000,0,67.105,41.948,42.922,43.684,3700.117,3705.135,40.574,40.574,4.595,20,20,207,same_worker,22,719243
yjit-on/puma-response-chunk-256kb/raptor-3r/repeat-2,yjit-on,true,puma-response-chunk-256kb,puma-response-time-wrk,puma/benchmarks/local/response_time_wrk,https://github.com/puma/puma/blob/main/benchmarks/local/response_time_wrk.rb,raptor-3r,3,raptor,3,,1000,1000,14.766,5.0,1000,1000,15.396,2.0,5,true,1000,0,67.723,41.957,42.849,43.682,3874.249,3941.893,40.574,40.574,4.765,20,20,205,same_worker,22,716243
yjit-on/puma-response-string-256kb/raptor-3r/repeat-2,yjit-on,true,puma-response-string-256kb,puma-response-time-wrk,puma/benchmarks/local/response_time_wrk,https://github.com/puma/puma/blob/main/benchmarks/local/response_time_wrk.rb,raptor-3r,3,raptor,3,,8193,1000,5.01,5.0,1000,3301,2.002,2.0,5,true,8193,0,1635.247,1.546,2.518,42.574,190.583,233.793,40.973,40.973,5.5,20,20,67,same_worker,191,5891227
yjit-on/puma-response-io-256kb/raptor-3r/repeat-2,yjit-on,true,puma-response-io-256kb,puma-response-time-wrk,puma/benchmarks/local/response_time_wrk,https://github.com/puma/puma/blob/main/benchmarks/local/response_time_wrk.rb,raptor-3r,3,raptor,3,,1000,1000,15.69,5.0,1000,1000,15.902,2.0,5,true,1000,0,63.733,41.97,42.978,44.025,3964.653,4049.538,45.574,45.574,5.995,20,20,218,same_worker,46,1237243
yjit-on/puma-response-array-512kb/raptor-3r/repeat-2,yjit-on,true,puma-response-array-512kb,puma-response-time-wrk,puma/benchmarks/local/response_time_wrk,https://github.com/puma/puma/blob/main/benchmarks/local/response_time_wrk.rb,raptor-3r,3,raptor,3,,1000,1000,15.689,5.0,1000,1000,16.024,2.0,5,true,1000,0,63.739,41.981,43.068,44.279,3957.127,4024.066,45.574,45.574,6.24,20,20,218,same_worker,24,719243
yjit-on/puma-response-chunk-512kb/raptor-3r/repeat-2,yjit-on,true,puma-response-chunk-512kb,puma-response-time-wrk,puma/benchmarks/local/response_time_wrk,https://github.com/puma/puma/blob/main/benchmarks/local/response_time_wrk.rb,raptor-3r,3,raptor,3,,1000,1000,15.667,5.0,1000,1000,15.946,2.0,5,true,1000,0,63.83,41.985,43.067,45.369,3983.281,4024.681,45.574,45.574,6.5,20,20,217,same_worker,25,716243
yjit-on/puma-response-string-512kb/raptor-3r/repeat-2,yjit-on,true,puma-response-string-512kb,puma-response-time-wrk,puma/benchmarks/local/response_time_wrk,https://github.com/puma/puma/blob/main/benchmarks/local/response_time_wrk.rb,raptor-3r,3,raptor,3,,5743,1000,5.003,5.0,1000,2467,2.003,2.0,5,true,5743,0,1147.875,2.279,3.993,21.335,273.129,293.46,45.816,45.816,6.995,20,20,65,same_worker,145,4130355
yjit-on/puma-response-io-512kb/raptor-3r/repeat-2,yjit-on,true,puma-response-io-512kb,puma-response-time-wrk,puma/benchmarks/local/response_time_wrk,https://github.com/puma/puma/blob/main/benchmarks/local/response_time_wrk.rb,raptor-3r,3,raptor,3,,1000,1000,16.068,5.0,1000,1000,16.275,2.0,5,true,1000,0,62.234,42.95,43.982,48.089,4009.978,4079.956,49.48,49.48,7.51,20,20,223,same_worker,73,1749249
yjit-on/puma-response-array-1024kb/raptor-3r/repeat-2,yjit-on,true,puma-response-array-1024kb,puma-response-time-wrk,puma/benchmarks/local/response_time_wrk,https://github.com/puma/puma/blob/main/benchmarks/local/response_time_wrk.rb,raptor-3r,3,raptor,3,,1000,1000,16.073,5.0,1000,1000,16.38,2.0,5,true,1000,0,62.218,43.927,44.971,50.367,4002.709,4066.906,49.48,49.48,8.06,20,20,222,same_worker,26,717810
yjit-on/puma-response-chunk-1024kb/raptor-3r/repeat-2,yjit-on,true,puma-response-chunk-1024kb,puma-response-time-wrk,puma/benchmarks/local/response_time_wrk,https://github.com/puma/puma/blob/main/benchmarks/local/response_time_wrk.rb,raptor-3r,3,raptor,3,,1000,1000,15.634,5.0,1000,1000,15.878,2.0,5,true,1000,0,63.963,43.932,45.2,46.94,3959.103,3960.87,49.48,49.48,8.64,20,20,216,same_worker,27,715281
yjit-on/puma-response-string-1024kb/raptor-3r/repeat-2,yjit-on,true,puma-response-string-1024kb,puma-response-time-wrk,puma/benchmarks/local/response_time_wrk,https://github.com/puma/puma/blob/main/benchmarks/local/response_time_wrk.rb,raptor-3r,3,raptor,3,,4250,1000,5.007,5.0,1000,1721,2.005,2.0,5,true,4250,0,848.744,3.178,5.265,22.407,358.384,379.015,53.004,53.004,9.035,20,20,64,same_worker,116,3057197
yjit-on/puma-response-io-1024kb/raptor-3r/repeat-2,yjit-on,true,puma-response-io-1024kb,puma-response-time-wrk,puma/benchmarks/local/response_time_wrk,https://github.com/puma/puma/blob/main/benchmarks/local/response_time_wrk.rb,raptor-3r,3,raptor,3,,1000,1000,16.376,5.0,1000,1000,16.745,2.0,5,true,1000,0,61.065,44.002,46.475,55.114,4091.609,4101.805,63.758,63.758,9.785,20,20,226,same_worker,88,2774692
yjit-on/puma-response-array-2048kb/raptor-3r/repeat-2,yjit-on,true,puma-response-array-2048kb,puma-response-time-wrk,puma/benchmarks/local/response_time_wrk,https://github.com/puma/puma/blob/main/benchmarks/local/response_time_wrk.rb,raptor-3r,3,raptor,3,,1000,1000,16.716,5.0,1000,1000,17.573,2.0,5,true,1000,0,59.822,46.148,48.775,50.852,4205.937,4290.972,59.41,59.41,10.86,20,20,230,same_worker,19,718017
yjit-on/puma-response-chunk-2048kb/raptor-3r/repeat-2,yjit-on,true,puma-response-chunk-2048kb,puma-response-time-wrk,puma/benchmarks/local/response_time_wrk,https://github.com/puma/puma/blob/main/benchmarks/local/response_time_wrk.rb,raptor-3r,3,raptor,3,,1000,1000,17.041,5.0,1000,1000,16.623,2.0,5,true,1000,0,58.683,46.07,48.868,51.452,4210.504,4334.539,59.41,59.41,11.965,20,20,234,same_worker,19,716237
yjit-on/puma-response-string-2048kb/raptor-3r/repeat-2,yjit-on,true,puma-response-string-2048kb,puma-response-time-wrk,puma/benchmarks/local/response_time_wrk,https://github.com/puma/puma/blob/main/benchmarks/local/response_time_wrk.rb,raptor-3r,3,raptor,3,,2850,1000,5.007,5.0,1000,1169,2.042,2.0,5,true,2850,0,569.216,5.149,7.373,11.012,545.916,579.303,65.422,65.422,12.33,20,20,61,same_worker,55,2048968
yjit-on/puma-response-io-2048kb/raptor-3r/repeat-2,yjit-on,true,puma-response-io-2048kb,puma-response-time-wrk,puma/benchmarks/local/response_time_wrk,https://github.com/puma/puma/blob/main/benchmarks/local/response_time_wrk.rb,raptor-3r,3,raptor,3,,1000,1000,18.239,5.0,1000,1000,18.301,2.0,5,true,1000,0,54.829,47.972,50.971,63.042,4490.817,4578.748,74.797,74.797,13.48,20,20,251,same_worker,169,4821243
yjit-on/puma-long-tail-fib-200ms-x6p0/raptor-3r/repeat-2,yjit-on,true,puma-long-tail-fib-200ms-x6p0,puma-long-tail-hey,puma/benchmarks/local/long_tail_hey + test/rackup/sleep_fibonacci,https://github.com/puma/puma/blob/main/benchmarks/local/long_tail_hey.rb,raptor-3r,3,raptor,3,,363,360,29.035,5.0,360,360,28.8,2.0,18,true,363,0,12.502,241.972,242.983,19626.212,24424.545,24424.572,75.219,75.219,22.225,20,20,393,same_worker,2,65233
yjit-on/puma-long-tail-fib-200ms-x4p0/raptor-3r/repeat-2,yjit-on,true,puma-long-tail-fib-200ms-x4p0,puma-long-tail-hey,puma/benchmarks/local/long_tail_hey + test/rackup/sleep_fibonacci,https://github.com/puma/puma/blob/main/benchmarks/local/long_tail_hey.rb,raptor-3r,3,raptor,3,,243,240,19.438,5.0,240,240,19.195,2.0,12,true,243,0,12.502,241.962,242.957,12819.262,14834.281,14834.438,75.234,75.234,29.875,20,20,264,same_worker,1,43609
yjit-on/puma-long-tail-fib-200ms-x3p0/raptor-3r/repeat-2,yjit-on,true,puma-long-tail-fib-200ms-x3p0,puma-long-tail-hey,puma/benchmarks/local/long_tail_hey + test/rackup/sleep_fibonacci,https://github.com/puma/puma/blob/main/benchmarks/local/long_tail_hey.rb,raptor-3r,3,raptor,3,,183,180,14.64,5.0,180,180,14.4,2.0,9,true,183,0,12.5,241.975,242.786,10033.778,10035.1,10035.257,75.238,75.238,34.955,20,20,198,same_worker,1,32821
yjit-on/puma-long-tail-fib-200ms-x2p0/raptor-3r/repeat-2,yjit-on,true,puma-long-tail-fib-200ms-x2p0,puma-long-tail-hey,puma/benchmarks/local/long_tail_hey + test/rackup/sleep_fibonacci,https://github.com/puma/puma/blob/main/benchmarks/local/long_tail_hey.rb,raptor-3r,3,raptor,3,,123,120,9.841,5.0,120,120,9.599,2.0,6,true,123,0,12.498,241.95,242.962,5241.01,5241.691,5241.72,75.246,75.246,38.27,20,20,134,same_worker,1,21538
yjit-on/puma-long-tail-fib-200ms-x1p5/raptor-3r/repeat-2,yjit-on,true,puma-long-tail-fib-200ms-x1p5,puma-long-tail-hey,puma/benchmarks/local/long_tail_hey + test/rackup/sleep_fibonacci,https://github.com/puma/puma/blob/main/benchmarks/local/long_tail_hey.rb,raptor-3r,3,raptor,3,,103,100,9.841,5.0,100,100,9.593,2.0,5,true,103,0,10.467,241.969,242.243,5141.278,5241.254,5241.255,75.25,75.25,40.735,20,20,135,same_worker,1,20510
yjit-on/puma-long-tail-fib-200ms-x1p0/raptor-3r/repeat-2,yjit-on,true,puma-long-tail-fib-200ms-x1p0,puma-long-tail-hey,puma/benchmarks/local/long_tail_hey + test/rackup/sleep_fibonacci,https://github.com/puma/puma/blob/main/benchmarks/local/long_tail_hey.rb,raptor-3r,3,raptor,3,,63,60,5.04,5.0,60,60,4.797,2.0,3,true,63,0,12.5,241.922,242.727,242.905,242.984,242.993,75.258,75.258,42.235,20,20,69,same_worker,1,12905
yjit-on/puma-long-tail-fib-200ms-x0p5/raptor-3r/repeat-2,yjit-on,true,puma-long-tail-fib-200ms-x0p5,puma-long-tail-hey,puma/benchmarks/local/long_tail_hey + test/rackup/sleep_fibonacci,https://github.com/puma/puma/blob/main/benchmarks/local/long_tail_hey.rb,raptor-3r,3,raptor,3,,42,40,5.038,5.0,40,40,4.798,2.0,2,true,42,0,8.337,241.944,242.133,242.559,242.75,242.771,75.258,75.258,43.17,20,20,70,same_worker,0,7435
yjit-on/puma-sleep-fibonacci-1ms/raptor-3r/repeat-2,yjit-on,true,puma-sleep-fibonacci-1ms,puma-sleep-fibonacci-test,puma/benchmarks/local/sleep_fibonacci_test + test/rackup/sleep_fibonacci,https://github.com/puma/puma/blob/main/benchmarks/local/sleep_fibonacci_test.rb,raptor-3r,3,raptor,3,,122,10,5.01,5.0,10,49,2.018,2.0,1,true,122,0,24.352,41.973,42.843,42.973,42.978,42.978,75.293,75.293,43.17,20,20,71,same_worker,1,21700
yjit-on/puma-sleep-fibonacci-5ms/raptor-3r/repeat-2,yjit-on,true,puma-sleep-fibonacci-5ms,puma-sleep-fibonacci-test,puma/benchmarks/local/sleep_fibonacci_test + test/rackup/sleep_fibonacci,https://github.com/puma/puma/blob/main/benchmarks/local/sleep_fibonacci_test.rb,raptor-3r,3,raptor,3,,113,10,5.011,5.0,10,45,2.008,2.0,1,true,113,0,22.551,44.992,45.999,46.142,46.837,46.924,75.316,75.316,42.91,20,20,71,same_worker,1,20215
yjit-on/puma-sleep-fibonacci-10ms/raptor-3r/repeat-2,yjit-on,true,puma-sleep-fibonacci-10ms,puma-sleep-fibonacci-test,puma/benchmarks/local/sleep_fibonacci_test + test/rackup/sleep_fibonacci,https://github.com/puma/puma/blob/main/benchmarks/local/sleep_fibonacci_test.rb,raptor-3r,3,raptor,3,,99,10,5.018,5.0,10,40,2.007,2.0,1,true,99,0,19.727,50.969,51.958,51.98,51.988,51.989,75.32,75.32,42.7,20,20,71,same_worker,0,15477
yjit-on/puma-sleep-fibonacci-50ms/raptor-3r/repeat-2,yjit-on,true,puma-sleep-fibonacci-50ms,puma-sleep-fibonacci-test,puma/benchmarks/local/sleep_fibonacci_test + test/rackup/sleep_fibonacci,https://github.com/puma/puma/blob/main/benchmarks/local/sleep_fibonacci_test.rb,raptor-3r,3,raptor,3,,56,10,5.079,5.0,10,23,2.064,2.0,1,true,56,0,11.026,90.98,91.992,92.06,92.084,92.087,75.32,75.32,42.6,20,20,71,same_worker,1,12343
yjit-on/puma-sleep-fibonacci-100ms/raptor-3r/repeat-2,yjit-on,true,puma-sleep-fibonacci-100ms,puma-sleep-fibonacci-test,puma/benchmarks/local/sleep_fibonacci_test + test/rackup/sleep_fibonacci,https://github.com/puma/puma/blob/main/benchmarks/local/sleep_fibonacci_test.rb,raptor-3r,3,raptor,3,,36,10,5.073,5.0,10,15,2.088,2.0,1,true,36,0,7.096,141.955,141.996,142.629,142.935,142.969,75.32,75.32,42.685,20,20,71,same_worker,0,6528
yjit-on/puma-sleep-fibonacci-200ms/raptor-3r/repeat-2,yjit-on,true,puma-sleep-fibonacci-200ms,puma-sleep-fibonacci-test,puma/benchmarks/local/sleep_fibonacci_test + test/rackup/sleep_fibonacci,https://github.com/puma/puma/blob/main/benchmarks/local/sleep_fibonacci_test.rb,raptor-3r,3,raptor,3,,21,10,5.031,5.0,10,10,2.374,2.0,1,true,21,0,4.174,240.977,242.006,242.178,242.216,242.221,75.32,75.32,42.775,20,20,71,same_worker,0,2195
yjit-on/puma-response-array-1kb/raptor-3r/repeat-3,yjit-on,true,puma-response-array-1kb,puma-response-time-wrk,puma/benchmarks/local/response_time_wrk,https://github.com/puma/puma/blob/main/benchmarks/local/response_time_wrk.rb,raptor-3r,3,raptor,3,,1000,1000,16.137,5.0,1000,1000,16.129,2.0,5,true,1000,0,61.968,40.985,42.013,42.494,4046.409,4046.66,31.082,31.082,3.495,20,20,225,same_worker,21,719431
yjit-on/puma-response-chunk-1kb/raptor-3r/repeat-3,yjit-on,true,puma-response-chunk-1kb,puma-response-time-wrk,puma/benchmarks/local/response_time_wrk,https://github.com/puma/puma/blob/main/benchmarks/local/response_time_wrk.rb,raptor-3r,3,raptor,3,,1000,1000,16.151,5.0,1000,1000,16.097,2.0,5,true,1000,0,61.916,40.989,42.117,42.625,4051.546,4053.078,31.277,31.277,2.77,20,20,225,same_worker,21,716259
yjit-on/puma-response-string-1kb/raptor-3r/repeat-3,yjit-on,true,puma-response-string-1kb,puma-response-time-wrk,puma/benchmarks/local/response_time_wrk,https://github.com/puma/puma/blob/main/benchmarks/local/response_time_wrk.rb,raptor-3r,3,raptor,3,,1000,1000,16.151,5.0,1000,1000,16.128,2.0,5,true,1000,0,61.916,40.988,42.087,42.543,4051.954,4053.726,31.605,31.605,2.59,20,20,225,same_worker,23,719255
yjit-on/puma-response-io-1kb/raptor-3r/repeat-3,yjit-on,true,puma-response-io-1kb,puma-response-time-wrk,puma/benchmarks/local/response_time_wrk,https://github.com/puma/puma/blob/main/benchmarks/local/response_time_wrk.rb,raptor-3r,3,raptor,3,,1000,1000,16.15,5.0,1000,1000,16.092,2.0,5,true,1000,0,61.919,40.987,42.067,42.666,4039.271,4048.173,31.758,31.758,2.505,20,20,225,same_worker,22,727251
yjit-on/puma-response-array-10kb/raptor-3r/repeat-3,yjit-on,true,puma-response-array-10kb,puma-response-time-wrk,puma/benchmarks/local/response_time_wrk,https://github.com/puma/puma/blob/main/benchmarks/local/response_time_wrk.rb,raptor-3r,3,raptor,3,,1000,1000,16.12,5.0,1000,1000,16.096,2.0,5,true,1000,0,62.033,40.981,41.975,42.539,4030.771,4031.77,31.801,31.801,2.5,20,20,224,same_worker,22,719243
yjit-on/puma-response-chunk-10kb/raptor-3r/repeat-3,yjit-on,true,puma-response-chunk-10kb,puma-response-time-wrk,puma/benchmarks/local/response_time_wrk,https://github.com/puma/puma/blob/main/benchmarks/local/response_time_wrk.rb,raptor-3r,3,raptor,3,,1000,1000,16.16,5.0,1000,1000,16.089,2.0,5,true,1000,0,61.881,40.99,42.146,42.646,4066.416,4067.071,31.801,31.801,2.47,20,20,224,same_worker,22,716249
yjit-on/puma-response-string-10kb/raptor-3r/repeat-3,yjit-on,true,puma-response-string-10kb,puma-response-time-wrk,puma/benchmarks/local/response_time_wrk,https://github.com/puma/puma/blob/main/benchmarks/local/response_time_wrk.rb,raptor-3r,3,raptor,3,,1000,1000,16.228,5.0,1000,1000,16.091,2.0,5,true,1000,0,61.623,41.132,42.308,42.924,4083.571,4083.62,31.813,31.813,2.4,20,20,226,same_worker,22,719255
yjit-on/puma-response-io-10kb/raptor-3r/repeat-3,yjit-on,true,puma-response-io-10kb,puma-response-time-wrk,puma/benchmarks/local/response_time_wrk,https://github.com/puma/puma/blob/main/benchmarks/local/response_time_wrk.rb,raptor-3r,3,raptor,3,,1000,1000,16.163,5.0,1000,1000,16.092,2.0,5,true,1000,0,61.871,40.993,42.113,42.863,4043.83,4047.126,32.621,32.621,2.42,20,20,225,same_worker,23,745243
yjit-on/puma-response-array-100kb/raptor-3r/repeat-3,yjit-on,true,puma-response-array-100kb,puma-response-time-wrk,puma/benchmarks/local/response_time_wrk,https://github.com/puma/puma/blob/main/benchmarks/local/response_time_wrk.rb,raptor-3r,3,raptor,3,,1000,1000,15.181,5.0,1000,1000,15.856,2.0,5,true,1000,0,65.871,40.974,41.976,42.112,3794.49,3797.589,32.633,32.633,2.555,20,20,211,same_worker,22,719249
yjit-on/puma-response-chunk-100kb/raptor-3r/repeat-3,yjit-on,true,puma-response-chunk-100kb,puma-response-time-wrk,puma/benchmarks/local/response_time_wrk,https://github.com/puma/puma/blob/main/benchmarks/local/response_time_wrk.rb,raptor-3r,3,raptor,3,,1000,1000,15.46,5.0,1000,1000,15.746,2.0,5,true,1000,0,64.681,40.975,41.978,42.462,3878.735,3916.829,32.633,32.633,2.67,20,20,215,same_worker,22,714511
yjit-on/puma-response-string-100kb/raptor-3r/repeat-3,yjit-on,true,puma-response-string-100kb,puma-response-time-wrk,puma/benchmarks/local/response_time_wrk,https://github.com/puma/puma/blob/main/benchmarks/local/response_time_wrk.rb,raptor-3r,3,raptor,3,,10766,1000,5.002,5.0,1000,4450,2.002,2.0,5,true,10766,0,2152.181,1.334,1.965,3.47,138.751,142.672,32.926,32.926,3.835,20,20,67,same_worker,255,7741724
yjit-on/puma-response-io-100kb/raptor-3r/repeat-3,yjit-on,true,puma-response-io-100kb,puma-response-time-wrk,puma/benchmarks/local/response_time_wrk,https://github.com/puma/puma/blob/main/benchmarks/local/response_time_wrk.rb,raptor-3r,3,raptor,3,,1000,1000,15.343,5.0,1000,1000,15.337,2.0,5,true,1000,0,65.177,40.98,41.983,42.949,3808.916,3839.988,39.547,39.547,4.5,20,20,213,same_worker,33,925243
yjit-on/puma-response-array-256kb/raptor-3r/repeat-3,yjit-on,true,puma-response-array-256kb,puma-response-time-wrk,puma/benchmarks/local/response_time_wrk,https://github.com/puma/puma/blob/main/benchmarks/local/response_time_wrk.rb,raptor-3r,3,raptor,3,,1000,1000,14.456,5.0,1000,1000,15.162,2.0,5,true,1000,0,69.175,41.954,42.91,43.956,3615.091,3742.736,39.547,39.547,4.64,20,20,201,same_worker,25,718280
yjit-on/puma-response-chunk-256kb/raptor-3r/repeat-3,yjit-on,true,puma-response-chunk-256kb,puma-response-time-wrk,puma/benchmarks/local/response_time_wrk,https://github.com/puma/puma/blob/main/benchmarks/local/response_time_wrk.rb,raptor-3r,3,raptor,3,,1000,1000,14.484,5.0,1000,1000,15.246,2.0,5,true,1000,0,69.041,41.954,42.958,43.919,3630.065,3717.399,39.547,39.547,4.795,20,20,201,same_worker,25,716243
yjit-on/puma-response-string-256kb/raptor-3r/repeat-3,yjit-on,true,puma-response-string-256kb,puma-response-time-wrk,puma/benchmarks/local/response_time_wrk,https://github.com/puma/puma/blob/main/benchmarks/local/response_time_wrk.rb,raptor-3r,3,raptor,3,,8074,1000,5.002,5.0,1000,3155,2.04,2.0,5,true,8074,0,1614.196,1.577,2.695,42.224,192.224,231.815,39.547,39.547,5.53,20,20,66,same_worker,212,5805036
yjit-on/puma-response-io-256kb/raptor-3r/repeat-3,yjit-on,true,puma-response-io-256kb,puma-response-time-wrk,puma/benchmarks/local/response_time_wrk,https://github.com/puma/puma/blob/main/benchmarks/local/response_time_wrk.rb,raptor-3r,3,raptor,3,,1000,1000,15.078,5.0,1000,1000,15.757,2.0,5,true,1000,0,66.324,41.97,42.979,43.965,3819.947,4012.891,43.367,43.367,6.05,20,20,209,same_worker,52,1237243
yjit-on/puma-response-array-512kb/raptor-3r/repeat-3,yjit-on,true,puma-response-array-512kb,puma-response-time-wrk,puma/benchmarks/local/response_time_wrk,https://github.com/puma/puma/blob/main/benchmarks/local/response_time_wrk.rb,raptor-3r,3,raptor,3,,1000,1000,15.304,5.0,1000,1000,15.37,2.0,5,true,1000,0,65.34,41.984,43.224,53.661,3800.897,3873.422,43.367,43.367,6.33,20,20,212,same_worker,28,719249
yjit-on/puma-response-chunk-512kb/raptor-3r/repeat-3,yjit-on,true,puma-response-chunk-512kb,puma-response-time-wrk,puma/benchmarks/local/response_time_wrk,https://github.com/puma/puma/blob/main/benchmarks/local/response_time_wrk.rb,raptor-3r,3,raptor,3,,1000,1000,15.467,5.0,1000,1000,16.024,2.0,5,true,1000,0,64.655,41.984,43.214,45.073,3669.111,3879.556,43.367,43.367,6.6,20,20,214,same_worker,27,716249
yjit-on/puma-response-string-512kb/raptor-3r/repeat-3,yjit-on,true,puma-response-string-512kb,puma-response-time-wrk,puma/benchmarks/local/response_time_wrk,https://github.com/puma/puma/blob/main/benchmarks/local/response_time_wrk.rb,raptor-3r,3,raptor,3,,6135,1000,5.003,5.0,1000,2418,2.079,2.0,5,true,6135,0,1226.357,2.158,3.641,20.693,252.243,265.494,43.57,43.57,7.105,20,20,65,same_worker,178,4410456
yjit-on/puma-response-io-512kb/raptor-3r/repeat-3,yjit-on,true,puma-response-io-512kb,puma-response-time-wrk,puma/benchmarks/local/response_time_wrk,https://github.com/puma/puma/blob/main/benchmarks/local/response_time_wrk.rb,raptor-3r,3,raptor,3,,1000,1000,16.207,5.0,1000,1000,16.392,2.0,5,true,1000,0,61.704,42.965,43.996,44.764,4073.047,4090.61,46.637,46.637,7.645,20,20,225,same_worker,86,1749249
yjit-on/puma-response-array-1024kb/raptor-3r/repeat-3,yjit-on,true,puma-response-array-1024kb,puma-response-time-wrk,puma/benchmarks/local/response_time_wrk,https://github.com/puma/puma/blob/main/benchmarks/local/response_time_wrk.rb,raptor-3r,3,raptor,3,,1000,1000,15.866,5.0,1000,1000,16.318,2.0,5,true,1000,0,63.027,43.943,45.158,48.007,3879.111,4012.97,46.637,46.637,8.195,20,20,219,same_worker,30,719249
yjit-on/puma-response-chunk-1024kb/raptor-3r/repeat-3,yjit-on,true,puma-response-chunk-1024kb,puma-response-time-wrk,puma/benchmarks/local/response_time_wrk,https://github.com/puma/puma/blob/main/benchmarks/local/response_time_wrk.rb,raptor-3r,3,raptor,3,,1000,1000,16.12,5.0,1000,1000,16.315,2.0,5,true,1000,0,62.033,43.936,45.094,47.732,4178.258,4228.003,46.637,46.637,8.79,20,20,223,same_worker,31,715179
yjit-on/puma-response-string-1024kb/raptor-3r/repeat-3,yjit-on,true,puma-response-string-1024kb,puma-response-time-wrk,puma/benchmarks/local/response_time_wrk,https://github.com/puma/puma/blob/main/benchmarks/local/response_time_wrk.rb,raptor-3r,3,raptor,3,,4218,1000,5.005,5.0,1000,1761,2.006,2.0,5,true,4218,0,842.774,3.163,5.289,26.059,354.089,374.471,50.656,50.656,9.18,20,20,64,same_worker,135,3035751
yjit-on/puma-response-io-1024kb/raptor-3r/repeat-3,yjit-on,true,puma-response-io-1024kb,puma-response-time-wrk,puma/benchmarks/local/response_time_wrk,https://github.com/puma/puma/blob/main/benchmarks/local/response_time_wrk.rb,raptor-3r,3,raptor,3,,1000,1000,16.478,5.0,1000,1000,16.876,2.0,5,true,1000,0,60.686,44.032,46.018,49.023,4086.169,4104.652,60.676,59.652,9.89,20,20,228,same_worker,98,2771324
yjit-on/puma-response-array-2048kb/raptor-3r/repeat-3,yjit-on,true,puma-response-array-2048kb,puma-response-time-wrk,puma/benchmarks/local/response_time_wrk,https://github.com/puma/puma/blob/main/benchmarks/local/response_time_wrk.rb,raptor-3r,3,raptor,3,,1000,1000,16.858,5.0,1000,1000,17.839,2.0,5,true,1000,0,59.319,46.011,48.478,52.55,4104.76,4225.09,57.414,57.414,10.91,20,20,232,same_worker,21,719249
yjit-on/puma-response-chunk-2048kb/raptor-3r/repeat-3,yjit-on,true,puma-response-chunk-2048kb,puma-response-time-wrk,puma/benchmarks/local/response_time_wrk,https://github.com/puma/puma/blob/main/benchmarks/local/response_time_wrk.rb,raptor-3r,3,raptor,3,,1000,1000,16.952,5.0,1000,1000,17.659,2.0,5,true,1000,0,58.989,46.737,48.945,51.798,4328.964,4403.307,57.414,57.414,12.005,20,20,233,same_worker,21,716243
yjit-on/puma-response-string-2048kb/raptor-3r/repeat-3,yjit-on,true,puma-response-string-2048kb,puma-response-time-wrk,puma/benchmarks/local/response_time_wrk,https://github.com/puma/puma/blob/main/benchmarks/local/response_time_wrk.rb,raptor-3r,3,raptor,3,,2822,1000,5.008,5.0,1000,1171,2.039,2.0,5,true,2822,0,563.507,5.144,7.618,14.175,539.783,560.042,63.426,63.426,12.385,20,20,62,same_worker,61,2028059
yjit-on/puma-response-io-2048kb/raptor-3r/repeat-3,yjit-on,true,puma-response-io-2048kb,puma-response-time-wrk,puma/benchmarks/local/response_time_wrk,https://github.com/puma/puma/blob/main/benchmarks/local/response_time_wrk.rb,raptor-3r,3,raptor,3,,1000,1000,17.553,5.0,1000,1000,18.312,2.0,5,true,1000,0,56.972,47.98,51.218,63.206,4513.044,4577.779,73.551,73.551,13.56,20,20,241,same_worker,205,4820377
yjit-on/puma-long-tail-fib-200ms-x6p0/raptor-3r/repeat-3,yjit-on,true,puma-long-tail-fib-200ms-x6p0,puma-long-tail-hey,puma/benchmarks/local/long_tail_hey + test/rackup/sleep_fibonacci,https://github.com/puma/puma/blob/main/benchmarks/local/long_tail_hey.rb,raptor-3r,3,raptor,3,,363,360,29.038,5.0,360,360,28.789,2.0,18,true,363,0,12.501,241.972,242.98,19628.942,24425.923,24425.945,73.98,73.98,22.305,20,20,392,same_worker,2,65495
yjit-on/puma-long-tail-fib-200ms-x4p0/raptor-3r/repeat-3,yjit-on,true,puma-long-tail-fib-200ms-x4p0,puma-long-tail-hey,puma/benchmarks/local/long_tail_hey + test/rackup/sleep_fibonacci,https://github.com/puma/puma/blob/main/benchmarks/local/long_tail_hey.rb,raptor-3r,3,raptor,3,,243,240,19.437,5.0,240,240,19.197,2.0,12,true,243,0,12.502,241.967,243.023,12817.853,14834.092,14834.522,73.996,73.996,29.955,20,20,264,same_worker,1,41528
yjit-on/puma-long-tail-fib-200ms-x3p0/raptor-3r/repeat-3,yjit-on,true,puma-long-tail-fib-200ms-x3p0,puma-long-tail-hey,puma/benchmarks/local/long_tail_hey + test/rackup/sleep_fibonacci,https://github.com/puma/puma/blob/main/benchmarks/local/long_tail_hey.rb,raptor-3r,3,raptor,3,,183,180,14.634,5.0,180,180,14.399,2.0,9,true,183,0,12.505,241.945,242.866,10032.375,10032.953,10033.006,74.0,74.0,35.045,20,20,199,same_worker,1,33936
yjit-on/puma-long-tail-fib-200ms-x2p0/raptor-3r/repeat-3,yjit-on,true,puma-long-tail-fib-200ms-x2p0,puma-long-tail-hey,puma/benchmarks/local/long_tail_hey + test/rackup/sleep_fibonacci,https://github.com/puma/puma/blob/main/benchmarks/local/long_tail_hey.rb,raptor-3r,3,raptor,3,,123,120,9.84,5.0,120,120,9.601,2.0,6,true,123,0,12.5,241.966,242.812,5239.908,5240.695,5240.79,74.008,74.008,38.355,20,20,134,same_worker,1,24079
yjit-on/puma-long-tail-fib-200ms-x1p5/raptor-3r/repeat-3,yjit-on,true,puma-long-tail-fib-200ms-x1p5,puma-long-tail-hey,puma/benchmarks/local/long_tail_hey + test/rackup/sleep_fibonacci,https://github.com/puma/puma/blob/main/benchmarks/local/long_tail_hey.rb,raptor-3r,3,raptor,3,,103,100,9.838,5.0,100,100,9.595,2.0,5,true,103,0,10.47,241.969,242.632,5139.72,5239.734,5239.744,74.012,74.012,40.825,20,20,135,same_worker,0,16561
yjit-on/puma-long-tail-fib-200ms-x1p0/raptor-3r/repeat-3,yjit-on,true,puma-long-tail-fib-200ms-x1p0,puma-long-tail-hey,puma/benchmarks/local/long_tail_hey + test/rackup/sleep_fibonacci,https://github.com/puma/puma/blob/main/benchmarks/local/long_tail_hey.rb,raptor-3r,3,raptor,3,,63,60,5.042,5.0,60,60,4.8,2.0,3,true,63,0,12.495,241.942,242.367,242.675,242.797,242.811,74.016,74.016,42.33,20,20,69,same_worker,1,11378
yjit-on/puma-long-tail-fib-200ms-x0p5/raptor-3r/repeat-3,yjit-on,true,puma-long-tail-fib-200ms-x0p5,puma-long-tail-hey,puma/benchmarks/local/long_tail_hey + test/rackup/sleep_fibonacci,https://github.com/puma/puma/blob/main/benchmarks/local/long_tail_hey.rb,raptor-3r,3,raptor,3,,42,40,5.04,5.0,40,40,4.797,2.0,2,true,42,0,8.333,241.942,242.149,242.783,242.84,242.847,74.016,74.016,43.25,20,20,70,same_worker,0,8880
yjit-on/puma-sleep-fibonacci-1ms/raptor-3r/repeat-3,yjit-on,true,puma-sleep-fibonacci-1ms,puma-sleep-fibonacci-test,puma/benchmarks/local/sleep_fibonacci_test + test/rackup/sleep_fibonacci,https://github.com/puma/puma/blob/main/benchmarks/local/sleep_fibonacci_test.rb,raptor-3r,3,raptor,3,,122,10,5.011,5.0,10,49,2.019,2.0,1,true,122,0,24.347,41.969,42.479,42.977,42.982,42.982,74.051,74.051,43.25,20,20,71,same_worker,0,21601
yjit-on/puma-sleep-fibonacci-5ms/raptor-3r/repeat-3,yjit-on,true,puma-sleep-fibonacci-5ms,puma-sleep-fibonacci-test,puma/benchmarks/local/sleep_fibonacci_test + test/rackup/sleep_fibonacci,https://github.com/puma/puma/blob/main/benchmarks/local/sleep_fibonacci_test.rb,raptor-3r,3,raptor,3,,112,10,5.01,5.0,10,45,2.029,2.0,1,true,112,0,22.355,45.95,46.02,46.931,46.948,46.949,74.074,74.074,42.995,20,20,71,same_worker,1,18906
yjit-on/puma-sleep-fibonacci-10ms/raptor-3r/repeat-3,yjit-on,true,puma-sleep-fibonacci-10ms,puma-sleep-fibonacci-test,puma/benchmarks/local/sleep_fibonacci_test + test/rackup/sleep_fibonacci,https://github.com/puma/puma/blob/main/benchmarks/local/sleep_fibonacci_test.rb,raptor-3r,3,raptor,3,,99,10,5.022,5.0,10,41,2.051,2.0,1,true,99,0,19.714,50.97,51.981,51.995,52.003,52.004,74.098,74.098,42.775,20,20,71,same_worker,1,16298
yjit-on/puma-sleep-fibonacci-50ms/raptor-3r/repeat-3,yjit-on,true,puma-sleep-fibonacci-50ms,puma-sleep-fibonacci-test,puma/benchmarks/local/sleep_fibonacci_test + test/rackup/sleep_fibonacci,https://github.com/puma/puma/blob/main/benchmarks/local/sleep_fibonacci_test.rb,raptor-3r,3,raptor,3,,56,10,5.075,5.0,10,23,2.064,2.0,1,true,56,0,11.035,90.98,91.987,92.424,92.899,92.952,74.105,74.105,42.7,20,20,71,same_worker,0,10048
yjit-on/puma-sleep-fibonacci-100ms/raptor-3r/repeat-3,yjit-on,true,puma-sleep-fibonacci-100ms,puma-sleep-fibonacci-test,puma/benchmarks/local/sleep_fibonacci_test + test/rackup/sleep_fibonacci,https://github.com/puma/puma/blob/main/benchmarks/local/sleep_fibonacci_test.rb,raptor-3r,3,raptor,3,,36,10,5.072,5.0,10,15,2.088,2.0,1,true,36,0,7.098,141.952,142.01,142.036,142.041,142.042,74.109,74.109,42.73,20,20,71,same_worker,1,8092
yjit-on/puma-sleep-fibonacci-200ms/raptor-3r/repeat-3,yjit-on,true,puma-sleep-fibonacci-200ms,puma-sleep-fibonacci-test,puma/benchmarks/local/sleep_fibonacci_test + test/rackup/sleep_fibonacci,https://github.com/puma/puma/blob/main/benchmarks/local/sleep_fibonacci_test.rb,raptor-3r,3,raptor,3,,21,10,5.032,5.0,10,10,2.379,2.0,1,true,21,0,4.174,241.217,242.014,242.154,242.186,242.189,74.109,74.109,42.85,20,20,71,same_worker,0,2171
yjit-on/puma-response-array-1kb/puma-1w-3t/repeat-1,yjit-on,true,puma-response-array-1kb,puma-response-time-wrk,puma/benchmarks/local/response_time_wrk,https://github.com/puma/puma/blob/main/benchmarks/local/response_time_wrk.rb,puma-1w-3t,3,puma,1,3,15662,1000,5.001,5.0,1000,6110,2.001,2.0,5,true,15662,0,3131.618,1.519,2.083,2.624,3.551,7.357,99.262,99.262,79.49,20,20,66,multiprocess_sample_only,,
yjit-on/puma-response-chunk-1kb/puma-1w-3t/repeat-1,yjit-on,true,puma-response-chunk-1kb,puma-response-time-wrk,puma/benchmarks/local/response_time_wrk,https://github.com/puma/puma/blob/main/benchmarks/local/response_time_wrk.rb,puma-1w-3t,3,puma,1,3,15512,1000,5.001,5.0,1000,6303,2.001,2.0,5,true,15512,0,3101.556,1.55,2.086,2.392,3.083,4.275,102.043,100.578,74.09,20,20,66,multiprocess_sample_only,,
yjit-on/puma-response-string-1kb/puma-1w-3t/repeat-1,yjit-on,true,puma-response-string-1kb,puma-response-time-wrk,puma/benchmarks/local/response_time_wrk,https://github.com/puma/puma/blob/main/benchmarks/local/response_time_wrk.rb,puma-1w-3t,3,puma,1,3,15851,1000,5.001,5.0,1000,6508,2.001,2.0,5,true,15851,0,3169.335,1.515,2.021,2.319,2.943,3.918,100.434,100.27,72.56,20,20,66,multiprocess_sample_only,,
yjit-on/puma-response-io-1kb/puma-1w-3t/repeat-1,yjit-on,true,puma-response-io-1kb,puma-response-time-wrk,puma/benchmarks/local/response_time_wrk,https://github.com/puma/puma/blob/main/benchmarks/local/response_time_wrk.rb,puma-1w-3t,3,puma,1,3,15344,1000,5.001,5.0,1000,6329,2.001,2.0,5,true,15344,0,3067.957,1.556,2.08,2.526,3.259,3.777,102.441,102.188,74.05,20,20,66,multiprocess_sample_only,,
yjit-on/puma-response-array-10kb/puma-1w-3t/repeat-1,yjit-on,true,puma-response-array-10kb,puma-response-time-wrk,puma/benchmarks/local/response_time_wrk,https://github.com/puma/puma/blob/main/benchmarks/local/response_time_wrk.rb,puma-1w-3t,3,puma,1,3,15631,1000,5.001,5.0,1000,6397,2.001,2.0,5,true,15631,0,3125.344,1.539,2.034,2.305,3.032,4.127,109.676,109.574,74.44,20,20,66,multiprocess_sample_only,,
yjit-on/puma-response-chunk-10kb/puma-1w-3t/repeat-1,yjit-on,true,puma-response-chunk-10kb,puma-response-time-wrk,puma/benchmarks/local/response_time_wrk,https://github.com/puma/puma/blob/main/benchmarks/local/response_time_wrk.rb,puma-1w-3t,3,puma,1,3,13523,1000,5.002,5.0,1000,5541,2.001,2.0,5,true,13523,0,2703.622,1.784,2.332,2.634,3.384,4.178,109.027,109.027,73.855,20,20,66,multiprocess_sample_only,,
yjit-on/puma-response-string-10kb/puma-1w-3t/repeat-1,yjit-on,true,puma-response-string-10kb,puma-response-time-wrk,puma/benchmarks/local/response_time_wrk,https://github.com/puma/puma/blob/main/benchmarks/local/response_time_wrk.rb,puma-1w-3t,3,puma,1,3,15621,1000,5.001,5.0,1000,6382,2.002,2.0,5,true,15621,0,3123.364,1.542,2.03,2.335,2.983,3.516,110.188,110.145,73.35,20,20,66,multiprocess_sample_only,,
yjit-on/puma-response-io-10kb/puma-1w-3t/repeat-1,yjit-on,true,puma-response-io-10kb,puma-response-time-wrk,puma/benchmarks/local/response_time_wrk,https://github.com/puma/puma/blob/main/benchmarks/local/response_time_wrk.rb,puma-1w-3t,3,puma,1,3,15158,1000,5.002,5.0,1000,6240,2.001,2.0,5,true,15158,0,3030.554,1.577,2.104,2.501,3.338,4.312,115.273,115.09,74.095,20,20,66,multiprocess_sample_only,,
yjit-on/puma-response-array-100kb/puma-1w-3t/repeat-1,yjit-on,true,puma-response-array-100kb,puma-response-time-wrk,puma/benchmarks/local/response_time_wrk,https://github.com/puma/puma/blob/main/benchmarks/local/response_time_wrk.rb,puma-1w-3t,3,puma,1,3,12699,1000,5.001,5.0,1000,5127,2.003,2.0,5,true,12699,0,2539.105,1.904,2.442,2.731,3.463,4.308,143.277,143.113,74.23,20,20,65,multiprocess_sample_only,,
yjit-on/puma-response-chunk-100kb/puma-1w-3t/repeat-1,yjit-on,true,puma-response-chunk-100kb,puma-response-time-wrk,puma/benchmarks/local/response_time_wrk,https://github.com/puma/puma/blob/main/benchmarks/local/response_time_wrk.rb,puma-1w-3t,3,puma,1,3,6196,1000,5.004,5.0,1000,2520,2.003,2.0,5,true,6196,0,1238.32,3.972,4.676,5.148,6.128,7.508,137.227,136.035,73.635,20,20,63,multiprocess_sample_only,,
yjit-on/puma-response-string-100kb/puma-1w-3t/repeat-1,yjit-on,true,puma-response-string-100kb,puma-response-time-wrk,puma/benchmarks/local/response_time_wrk,https://github.com/puma/puma/blob/main/benchmarks/local/response_time_wrk.rb,puma-1w-3t,3,puma,1,3,12715,1000,5.002,5.0,1000,5129,2.002,2.0,5,true,12715,0,2542.093,1.902,2.443,2.799,3.548,4.009,140.535,140.496,73.055,20,20,65,multiprocess_sample_only,,
yjit-on/puma-response-io-100kb/puma-1w-3t/repeat-1,yjit-on,true,puma-response-io-100kb,puma-response-time-wrk,puma/benchmarks/local/response_time_wrk,https://github.com/puma/puma/blob/main/benchmarks/local/response_time_wrk.rb,puma-1w-3t,3,puma,1,3,12481,1000,5.002,5.0,1000,5176,2.002,2.0,5,true,12481,0,2495.352,1.93,2.438,2.714,23.533,43.72,118.383,116.195,72.87,20,20,65,multiprocess_sample_only,,
yjit-on/puma-response-array-256kb/puma-1w-3t/repeat-1,yjit-on,true,puma-response-array-256kb,puma-response-time-wrk,puma/benchmarks/local/response_time_wrk,https://github.com/puma/puma/blob/main/benchmarks/local/response_time_wrk.rb,puma-1w-3t,3,puma,1,3,9239,1000,5.002,5.0,1000,3677,2.002,2.0,5,true,9239,0,1847.079,2.435,3.738,5.055,20.99,23.459,153.566,152.914,72.63,20,20,63,multiprocess_sample_only,,
yjit-on/puma-response-chunk-256kb/puma-1w-3t/repeat-1,yjit-on,true,puma-response-chunk-256kb,puma-response-time-wrk,puma/benchmarks/local/response_time_wrk,https://github.com/puma/puma/blob/main/benchmarks/local/response_time_wrk.rb,puma-1w-3t,3,puma,1,3,3352,1000,5.006,5.0,1000,1378,2.006,2.0,5,true,3352,0,669.554,7.398,8.769,9.423,10.507,10.825,144.602,144.102,72.14,20,20,57,multiprocess_sample_only,,
yjit-on/puma-response-string-256kb/puma-1w-3t/repeat-1,yjit-on,true,puma-response-string-256kb,puma-response-time-wrk,puma/benchmarks/local/response_time_wrk,https://github.com/puma/puma/blob/main/benchmarks/local/response_time_wrk.rb,puma-1w-3t,3,puma,1,3,9222,1000,5.003,5.0,1000,4006,2.003,2.0,5,true,9222,0,1843.135,2.426,3.697,5.098,22.174,22.901,123.734,123.285,71.295,20,20,64,multiprocess_sample_only,,
yjit-on/puma-response-io-256kb/puma-1w-3t/repeat-1,yjit-on,true,puma-response-io-256kb,puma-response-time-wrk,puma/benchmarks/local/response_time_wrk,https://github.com/puma/puma/blob/main/benchmarks/local/response_time_wrk.rb,puma-1w-3t,3,puma,1,3,9203,1000,5.002,5.0,1000,3823,2.023,2.0,5,true,9203,0,1839.737,2.446,3.709,5.157,21.995,44.856,122.898,121.523,70.215,20,20,64,multiprocess_sample_only,,
yjit-on/puma-response-array-512kb/puma-1w-3t/repeat-1,yjit-on,true,puma-response-array-512kb,puma-response-time-wrk,puma/benchmarks/local/response_time_wrk,https://github.com/puma/puma/blob/main/benchmarks/local/response_time_wrk.rb,puma-1w-3t,3,puma,1,3,6710,1000,5.003,5.0,1000,2810,2.002,2.0,5,true,6710,0,1341.313,3.183,5.285,22.581,25.835,27.558,178.668,178.668,70.025,20,20,62,multiprocess_sample_only,,
yjit-on/puma-response-chunk-512kb/puma-1w-3t/repeat-1,yjit-on,true,puma-response-chunk-512kb,puma-response-time-wrk,puma/benchmarks/local/response_time_wrk,https://github.com/puma/puma/blob/main/benchmarks/local/response_time_wrk.rb,puma-1w-3t,3,puma,1,3,1818,1000,5.011,5.0,1000,1000,2.625,2.0,5,true,1818,0,362.788,13.705,15.681,17.034,18.335,18.507,161.668,158.477,69.88,20,20,51,multiprocess_sample_only,,
yjit-on/puma-response-string-512kb/puma-1w-3t/repeat-1,yjit-on,true,puma-response-string-512kb,puma-response-time-wrk,puma/benchmarks/local/response_time_wrk,https://github.com/puma/puma/blob/main/benchmarks/local/response_time_wrk.rb,puma-1w-3t,3,puma,1,3,7166,1000,5.002,5.0,1000,2961,2.002,2.0,5,true,7166,0,1432.486,3.034,4.932,22.897,26.919,29.755,125.27,125.27,69.055,20,20,62,multiprocess_sample_only,,
yjit-on/puma-response-io-512kb/puma-1w-3t/repeat-1,yjit-on,true,puma-response-io-512kb,puma-response-time-wrk,puma/benchmarks/local/response_time_wrk,https://github.com/puma/puma/blob/main/benchmarks/local/response_time_wrk.rb,puma-1w-3t,3,puma,1,3,7107,1000,5.004,5.0,1000,2830,2.003,2.0,5,true,7107,0,1420.345,3.08,4.562,22.324,24.194,24.624,124.891,124.891,68.05,20,20,63,multiprocess_sample_only,,
yjit-on/puma-response-array-1024kb/puma-1w-3t/repeat-1,yjit-on,true,puma-response-array-1024kb,puma-response-time-wrk,puma/benchmarks/local/response_time_wrk,https://github.com/puma/puma/blob/main/benchmarks/local/response_time_wrk.rb,puma-1w-3t,3,puma,1,3,4283,1000,5.004,5.0,1000,1875,2.004,2.0,5,true,4283,0,855.889,5.222,7.612,28.166,37.373,39.346,160.949,155.027,67.73,20,20,59,multiprocess_sample_only,,
yjit-on/puma-response-chunk-1024kb/puma-1w-3t/repeat-1,yjit-on,true,puma-response-chunk-1024kb,puma-response-time-wrk,puma/benchmarks/local/response_time_wrk,https://github.com/puma/puma/blob/main/benchmarks/local/response_time_wrk.rb,puma-1w-3t,3,puma,1,3,1004,1000,5.025,5.0,1000,1000,4.856,2.0,5,true,1004,0,199.805,25.017,28.233,29.416,30.691,31.11,162.66,161.012,67.66,20,20,42,multiprocess_sample_only,,
yjit-on/puma-response-string-1024kb/puma-1w-3t/repeat-1,yjit-on,true,puma-response-string-1024kb,puma-response-time-wrk,puma/benchmarks/local/response_time_wrk,https://github.com/puma/puma/blob/main/benchmarks/local/response_time_wrk.rb,puma-1w-3t,3,puma,1,3,4442,1000,5.027,5.0,1000,1781,2.004,2.0,5,true,4442,0,883.68,4.954,7.298,28.162,30.698,32.66,138.617,138.242,66.74,20,20,59,multiprocess_sample_only,,
yjit-on/puma-response-io-1024kb/puma-1w-3t/repeat-1,yjit-on,true,puma-response-io-1024kb,puma-response-time-wrk,puma/benchmarks/local/response_time_wrk,https://github.com/puma/puma/blob/main/benchmarks/local/response_time_wrk.rb,puma-1w-3t,3,puma,1,3,4408,1000,5.005,5.0,1000,1798,2.005,2.0,5,true,4408,0,880.735,5.049,6.928,26.963,29.411,210.479,138.863,138.863,65.4,20,20,60,multiprocess_sample_only,,
yjit-on/puma-response-array-2048kb/puma-1w-3t/repeat-1,yjit-on,true,puma-response-array-2048kb,puma-response-time-wrk,puma/benchmarks/local/response_time_wrk,https://github.com/puma/puma/blob/main/benchmarks/local/response_time_wrk.rb,puma-1w-3t,3,puma,1,3,2591,1000,5.006,5.0,1000,1116,2.008,2.0,5,true,2591,0,517.555,9.473,13.574,15.563,21.955,24.94,184.637,179.625,65.17,20,20,61,multiprocess_sample_only,,
yjit-on/puma-response-chunk-2048kb/puma-1w-3t/repeat-1,yjit-on,true,puma-response-chunk-2048kb,puma-response-time-wrk,puma/benchmarks/local/response_time_wrk,https://github.com/puma/puma/blob/main/benchmarks/local/response_time_wrk.rb,puma-1w-3t,3,puma,1,3,1000,1000,9.536,5.0,1000,1000,8.771,2.0,5,true,1000,0,104.861,47.658,52.791,56.242,61.411,62.709,189.852,183.988,65.445,20,20,57,multiprocess_sample_only,,
yjit-on/puma-response-string-2048kb/puma-1w-3t/repeat-1,yjit-on,true,puma-response-string-2048kb,puma-response-time-wrk,puma/benchmarks/local/response_time_wrk,https://github.com/puma/puma/blob/main/benchmarks/local/response_time_wrk.rb,puma-1w-3t,3,puma,1,3,2723,1000,5.008,5.0,1000,1155,2.007,2.0,5,true,2723,0,543.716,9.059,10.743,11.602,12.748,17.136,152.902,152.902,64.605,20,20,56,multiprocess_sample_only,,
yjit-on/puma-response-io-2048kb/puma-1w-3t/repeat-1,yjit-on,true,puma-response-io-2048kb,puma-response-time-wrk,puma/benchmarks/local/response_time_wrk,https://github.com/puma/puma/blob/main/benchmarks/local/response_time_wrk.rb,puma-1w-3t,3,puma,1,3,2832,1000,5.008,5.0,1000,1131,2.007,2.0,5,true,2832,0,565.443,8.704,10.315,11.261,12.266,12.854,144.246,144.246,63.315,20,20,56,multiprocess_sample_only,,
yjit-on/puma-long-tail-fib-200ms-x6p0/puma-1w-3t/repeat-1,yjit-on,true,puma-long-tail-fib-200ms-x6p0,puma-long-tail-hey,puma/benchmarks/local/long_tail_hey + test/rackup/sleep_fibonacci,https://github.com/puma/puma/blob/main/benchmarks/local/long_tail_hey.rb,puma-1w-3t,3,puma,1,3,360,360,51.213,5.0,360,360,51.212,2.0,18,true,360,0,7.029,2559.544,2584.099,2587.552,2591.407,2592.087,160.738,160.738,72.765,20,20,697,multiprocess_sample_only,,
yjit-on/puma-long-tail-fib-200ms-x4p0/puma-1w-3t/repeat-1,yjit-on,true,puma-long-tail-fib-200ms-x4p0,puma-long-tail-hey,puma/benchmarks/local/long_tail_hey + test/rackup/sleep_fibonacci,https://github.com/puma/puma/blob/main/benchmarks/local/long_tail_hey.rb,puma-1w-3t,3,puma,1,3,240,240,34.161,5.0,240,240,34.123,2.0,12,true,240,0,7.026,1707.787,1732.202,1737.715,1739.996,1740.608,169.496,169.496,78.53,20,20,467,multiprocess_sample_only,,
yjit-on/puma-long-tail-fib-200ms-x3p0/puma-1w-3t/repeat-1,yjit-on,true,puma-long-tail-fib-200ms-x3p0,puma-long-tail-hey,puma/benchmarks/local/long_tail_hey + test/rackup/sleep_fibonacci,https://github.com/puma/puma/blob/main/benchmarks/local/long_tail_hey.rb,puma-1w-3t,3,puma,1,3,180,180,25.577,5.0,180,180,25.644,2.0,9,true,180,0,7.037,1277.336,1299.949,1307.618,1312.419,1313.348,169.5,169.5,81.42,20,20,351,multiprocess_sample_only,,
yjit-on/puma-long-tail-fib-200ms-x2p0/puma-1w-3t/repeat-1,yjit-on,true,puma-long-tail-fib-200ms-x2p0,puma-long-tail-hey,puma/benchmarks/local/long_tail_hey + test/rackup/sleep_fibonacci,https://github.com/puma/puma/blob/main/benchmarks/local/long_tail_hey.rb,puma-1w-3t,3,puma,1,3,120,120,17.053,5.0,120,120,17.049,2.0,6,true,120,0,7.037,851.985,864.745,870.302,871.766,871.941,169.563,169.563,83.01,20,20,235,multiprocess_sample_only,,
yjit-on/puma-long-tail-fib-200ms-x1p5/puma-1w-3t/repeat-1,yjit-on,true,puma-long-tail-fib-200ms-x1p5,puma-long-tail-hey,puma/benchmarks/local/long_tail_hey + test/rackup/sleep_fibonacci,https://github.com/puma/puma/blob/main/benchmarks/local/long_tail_hey.rb,puma-1w-3t,3,puma,1,3,100,100,14.217,5.0,100,100,14.235,2.0,5,true,100,0,7.034,807.615,852.439,859.997,865.421,866.024,176.125,176.125,84.05,20,20,196,multiprocess_sample_only,,
yjit-on/puma-long-tail-fib-200ms-x1p0/puma-1w-3t/repeat-1,yjit-on,true,puma-long-tail-fib-200ms-x1p0,puma-long-tail-hey,puma/benchmarks/local/long_tail_hey + test/rackup/sleep_fibonacci,https://github.com/puma/puma/blob/main/benchmarks/local/long_tail_hey.rb,puma-1w-3t,3,puma,1,3,60,60,8.526,5.0,60,60,8.528,2.0,3,true,60,0,7.037,425.881,433.327,437.267,438.855,439.032,182.438,182.438,84.68,20,20,118,multiprocess_sample_only,,
yjit-on/puma-long-tail-fib-200ms-x0p5/puma-1w-3t/repeat-1,yjit-on,true,puma-long-tail-fib-200ms-x0p5,puma-long-tail-hey,puma/benchmarks/local/long_tail_hey + test/rackup/sleep_fibonacci,https://github.com/puma/puma/blob/main/benchmarks/local/long_tail_hey.rb,puma-1w-3t,3,puma,1,3,40,40,5.681,5.0,40,40,5.681,2.0,2,true,40,0,7.041,284.07,289.88,292.156,292.571,292.617,186.449,186.449,85.06,20,20,79,multiprocess_sample_only,,
yjit-on/puma-sleep-fibonacci-1ms/puma-1w-3t/repeat-1,yjit-on,true,puma-sleep-fibonacci-1ms,puma-sleep-fibonacci-test,puma/benchmarks/local/sleep_fibonacci_test + test/rackup/sleep_fibonacci,https://github.com/puma/puma/blob/main/benchmarks/local/sleep_fibonacci_test.rb,puma-1w-3t,3,puma,1,3,1638,10,5.001,5.0,10,636,2.003,2.0,1,true,1638,0,327.545,3.054,3.172,3.413,3.947,4.24,202.492,202.492,84.7,20,20,70,multiprocess_sample_only,,
yjit-on/puma-sleep-fibonacci-5ms/puma-1w-3t/repeat-1,yjit-on,true,puma-sleep-fibonacci-5ms,puma-sleep-fibonacci-test,puma/benchmarks/local/sleep_fibonacci_test + test/rackup/sleep_fibonacci,https://github.com/puma/puma/blob/main/benchmarks/local/sleep_fibonacci_test.rb,puma-1w-3t,3,puma,1,3,485,10,5.008,5.0,10,192,2.011,2.0,1,true,485,0,96.843,10.436,10.649,10.909,11.202,11.252,202.492,202.492,84.085,20,20,70,multiprocess_sample_only,,
yjit-on/puma-sleep-fibonacci-10ms/puma-1w-3t/repeat-1,yjit-on,true,puma-sleep-fibonacci-10ms,puma-sleep-fibonacci-test,puma/benchmarks/local/sleep_fibonacci_test + test/rackup/sleep_fibonacci,https://github.com/puma/puma/blob/main/benchmarks/local/sleep_fibonacci_test.rb,puma-1w-3t,3,puma,1,3,363,10,5.009,5.0,10,144,2.003,2.0,1,true,363,0,72.472,13.814,13.946,14.053,14.265,14.276,202.492,202.492,83.64,20,20,71,multiprocess_sample_only,,
yjit-on/puma-sleep-fibonacci-50ms/puma-1w-3t/repeat-1,yjit-on,true,puma-sleep-fibonacci-50ms,puma-sleep-fibonacci-test,puma/benchmarks/local/sleep_fibonacci_test + test/rackup/sleep_fibonacci,https://github.com/puma/puma/blob/main/benchmarks/local/sleep_fibonacci_test.rb,puma-1w-3t,3,puma,1,3,100,10,5.048,5.0,10,40,2.019,2.0,1,true,100,0,19.809,50.412,50.558,51.336,51.531,51.552,202.492,202.492,83.41,20,20,71,multiprocess_sample_only,,
yjit-on/puma-sleep-fibonacci-100ms/puma-1w-3t/repeat-1,yjit-on,true,puma-sleep-fibonacci-100ms,puma-sleep-fibonacci-test,puma/benchmarks/local/sleep_fibonacci_test + test/rackup/sleep_fibonacci,https://github.com/puma/puma/blob/main/benchmarks/local/sleep_fibonacci_test.rb,puma-1w-3t,3,puma,1,3,50,10,5.03,5.0,10,20,2.013,2.0,1,true,50,0,9.939,100.524,100.647,101.304,101.816,101.873,202.492,202.492,83.25,20,20,71,multiprocess_sample_only,,
yjit-on/puma-sleep-fibonacci-200ms/puma-1w-3t/repeat-1,yjit-on,true,puma-sleep-fibonacci-200ms,puma-sleep-fibonacci-test,puma/benchmarks/local/sleep_fibonacci_test + test/rackup/sleep_fibonacci,https://github.com/puma/puma/blob/main/benchmarks/local/sleep_fibonacci_test.rb,puma-1w-3t,3,puma,1,3,25,10,5.016,5.0,10,10,2.007,2.0,1,true,25,0,4.984,200.564,200.64,200.643,200.643,200.643,202.492,202.492,83.08,20,20,71,multiprocess_sample_only,,
yjit-on/puma-response-array-1kb/puma-1w-3t/repeat-2,yjit-on,true,puma-response-array-1kb,puma-response-time-wrk,puma/benchmarks/local/response_time_wrk,https://github.com/puma/puma/blob/main/benchmarks/local/response_time_wrk.rb,puma-1w-3t,3,puma,1,3,16225,1000,5.001,5.0,1000,6348,2.002,2.0,5,true,16225,0,3244.223,1.468,2.011,2.584,3.748,6.537,99.32,99.078,77.95,20,20,66,multiprocess_sample_only,,
yjit-on/puma-response-chunk-1kb/puma-1w-3t/repeat-2,yjit-on,true,puma-response-chunk-1kb,puma-response-time-wrk,puma/benchmarks/local/response_time_wrk,https://github.com/puma/puma/blob/main/benchmarks/local/response_time_wrk.rb,puma-1w-3t,3,puma,1,3,16081,1000,5.001,5.0,1000,6642,2.001,2.0,5,true,16081,0,3215.39,1.499,1.979,2.252,2.915,3.69,102.406,102.406,73.41,20,20,66,multiprocess_sample_only,,
yjit-on/puma-response-string-1kb/puma-1w-3t/repeat-2,yjit-on,true,puma-response-string-1kb,puma-response-time-wrk,puma/benchmarks/local/response_time_wrk,https://github.com/puma/puma/blob/main/benchmarks/local/response_time_wrk.rb,puma-1w-3t,3,puma,1,3,16403,1000,5.001,5.0,1000,6858,2.002,2.0,5,true,16403,0,3279.747,1.467,1.943,2.234,2.807,3.347,102.504,102.504,72.2,20,20,66,multiprocess_sample_only,,
yjit-on/puma-response-io-1kb/puma-1w-3t/repeat-2,yjit-on,true,puma-response-io-1kb,puma-response-time-wrk,puma/benchmarks/local/response_time_wrk,https://github.com/puma/puma/blob/main/benchmarks/local/response_time_wrk.rb,puma-1w-3t,3,puma,1,3,15918,1000,5.001,5.0,1000,6544,2.001,2.0,5,true,15918,0,3182.907,1.502,2.003,2.399,3.234,3.764,103.27,103.27,73.735,20,20,66,multiprocess_sample_only,,
yjit-on/puma-response-array-10kb/puma-1w-3t/repeat-2,yjit-on,true,puma-response-array-10kb,puma-response-time-wrk,puma/benchmarks/local/response_time_wrk,https://github.com/puma/puma/blob/main/benchmarks/local/response_time_wrk.rb,puma-1w-3t,3,puma,1,3,16158,1000,5.001,5.0,1000,6606,2.001,2.0,5,true,16158,0,3230.914,1.492,1.965,2.257,2.906,4.214,110.211,110.211,74.12,20,20,66,multiprocess_sample_only,,
yjit-on/puma-response-chunk-10kb/puma-1w-3t/repeat-2,yjit-on,true,puma-response-chunk-10kb,puma-response-time-wrk,puma/benchmarks/local/response_time_wrk,https://github.com/puma/puma/blob/main/benchmarks/local/response_time_wrk.rb,puma-1w-3t,3,puma,1,3,13937,1000,5.002,5.0,1000,5724,2.002,2.0,5,true,13937,0,2786.49,1.73,2.271,2.582,3.199,3.908,110.836,110.836,73.495,20,20,66,multiprocess_sample_only,,
yjit-on/puma-response-string-10kb/puma-1w-3t/repeat-2,yjit-on,true,puma-response-string-10kb,puma-response-time-wrk,puma/benchmarks/local/response_time_wrk,https://github.com/puma/puma/blob/main/benchmarks/local/response_time_wrk.rb,puma-1w-3t,3,puma,1,3,16160,1000,5.001,5.0,1000,6636,2.001,2.0,5,true,16160,0,3231.274,1.483,2.003,2.471,3.163,4.227,111.074,110.523,73.03,20,20,66,multiprocess_sample_only,,
yjit-on/puma-response-io-10kb/puma-1w-3t/repeat-2,yjit-on,true,puma-response-io-10kb,puma-response-time-wrk,puma/benchmarks/local/response_time_wrk,https://github.com/puma/puma/blob/main/benchmarks/local/response_time_wrk.rb,puma-1w-3t,3,puma,1,3,15721,1000,5.001,5.0,1000,6436,2.001,2.0,5,true,15721,0,3143.398,1.524,2.016,2.372,3.021,4.174,115.926,115.926,73.685,20,20,66,multiprocess_sample_only,,
yjit-on/puma-response-array-100kb/puma-1w-3t/repeat-2,yjit-on,true,puma-response-array-100kb,puma-response-time-wrk,puma/benchmarks/local/response_time_wrk,https://github.com/puma/puma/blob/main/benchmarks/local/response_time_wrk.rb,puma-1w-3t,3,puma,1,3,13088,1000,5.002,5.0,1000,5191,2.001,2.0,5,true,13088,0,2616.772,1.849,2.37,2.711,3.259,3.663,139.719,134.02,73.915,20,20,65,multiprocess_sample_only,,
yjit-on/puma-response-chunk-100kb/puma-1w-3t/repeat-2,yjit-on,true,puma-response-chunk-100kb,puma-response-time-wrk,puma/benchmarks/local/response_time_wrk,https://github.com/puma/puma/blob/main/benchmarks/local/response_time_wrk.rb,puma-1w-3t,3,puma,1,3,6424,1000,5.004,5.0,1000,2661,2.004,2.0,5,true,6424,0,1283.795,3.806,4.644,5.051,7.759,9.719,142.004,138.996,73.37,20,20,63,multiprocess_sample_only,,
yjit-on/puma-response-string-100kb/puma-1w-3t/repeat-2,yjit-on,true,puma-response-string-100kb,puma-response-time-wrk,puma/benchmarks/local/response_time_wrk,https://github.com/puma/puma/blob/main/benchmarks/local/response_time_wrk.rb,puma-1w-3t,3,puma,1,3,13328,1000,5.002,5.0,1000,5365,2.001,2.0,5,true,13328,0,2664.548,1.814,2.338,2.659,3.207,3.662,141.902,138.043,72.84,20,20,66,multiprocess_sample_only,,
yjit-on/puma-response-io-100kb/puma-1w-3t/repeat-2,yjit-on,true,puma-response-io-100kb,puma-response-time-wrk,puma/benchmarks/local/response_time_wrk,https://github.com/puma/puma/blob/main/benchmarks/local/response_time_wrk.rb,puma-1w-3t,3,puma,1,3,12864,1000,5.001,5.0,1000,5371,2.002,2.0,5,true,12864,0,2572.115,1.884,2.375,2.67,3.397,43.681,112.242,112.242,72.505,20,20,65,multiprocess_sample_only,,
yjit-on/puma-response-array-256kb/puma-1w-3t/repeat-2,yjit-on,true,puma-response-array-256kb,puma-response-time-wrk,puma/benchmarks/local/response_time_wrk,https://github.com/puma/puma/blob/main/benchmarks/local/response_time_wrk.rb,puma-1w-3t,3,puma,1,3,9172,1000,5.002,5.0,1000,3870,2.004,2.0,5,true,9172,0,1833.602,2.381,4.181,5.507,23.168,25.213,145.457,142.82,71.94,20,20,63,multiprocess_sample_only,,
yjit-on/puma-response-chunk-256kb/puma-1w-3t/repeat-2,yjit-on,true,puma-response-chunk-256kb,puma-response-time-wrk,puma/benchmarks/local/response_time_wrk,https://github.com/puma/puma/blob/main/benchmarks/local/response_time_wrk.rb,puma-1w-3t,3,puma,1,3,3450,1000,5.005,5.0,1000,1403,2.006,2.0,5,true,3450,0,689.253,7.182,8.474,9.211,10.214,13.435,146.477,144.777,71.445,20,20,58,multiprocess_sample_only,,
yjit-on/puma-response-string-256kb/puma-1w-3t/repeat-2,yjit-on,true,puma-response-string-256kb,puma-response-time-wrk,puma/benchmarks/local/response_time_wrk,https://github.com/puma/puma/blob/main/benchmarks/local/response_time_wrk.rb,puma-1w-3t,3,puma,1,3,9346,1000,5.002,5.0,1000,4049,2.002,2.0,5,true,9346,0,1868.267,2.319,4.118,5.518,22.974,23.9,125.332,124.773,70.525,20,20,64,multiprocess_sample_only,,
yjit-on/puma-response-io-256kb/puma-1w-3t/repeat-2,yjit-on,true,puma-response-io-256kb,puma-response-time-wrk,puma/benchmarks/local/response_time_wrk,https://github.com/puma/puma/blob/main/benchmarks/local/response_time_wrk.rb,puma-1w-3t,3,puma,1,3,9145,1000,5.002,5.0,1000,3925,2.002,2.0,5,true,9145,0,1828.237,2.381,4.023,6.439,23.234,44.659,125.094,123.895,69.425,20,20,64,multiprocess_sample_only,,
yjit-on/puma-response-array-512kb/puma-1w-3t/repeat-2,yjit-on,true,puma-response-array-512kb,puma-response-time-wrk,puma/benchmarks/local/response_time_wrk,https://github.com/puma/puma/blob/main/benchmarks/local/response_time_wrk.rb,puma-1w-3t,3,puma,1,3,6924,1000,5.003,5.0,1000,2643,2.006,2.0,5,true,6924,0,1383.986,3.12,5.334,22.863,25.942,26.879,180.902,174.855,69.05,20,20,64,multiprocess_sample_only,,
yjit-on/puma-response-chunk-512kb/puma-1w-3t/repeat-2,yjit-on,true,puma-response-chunk-512kb,puma-response-time-wrk,puma/benchmarks/local/response_time_wrk,https://github.com/puma/puma/blob/main/benchmarks/local/response_time_wrk.rb,puma-1w-3t,3,puma,1,3,1922,1000,5.01,5.0,1000,1000,2.538,2.0,5,true,1922,0,383.599,12.983,14.82,15.678,16.574,17.188,161.254,160.676,68.83,20,20,51,multiprocess_sample_only,,
yjit-on/puma-response-string-512kb/puma-1w-3t/repeat-2,yjit-on,true,puma-response-string-512kb,puma-response-time-wrk,puma/benchmarks/local/response_time_wrk,https://github.com/puma/puma/blob/main/benchmarks/local/response_time_wrk.rb,puma-1w-3t,3,puma,1,3,7069,1000,5.002,5.0,1000,2791,2.002,2.0,5,true,7069,0,1413.14,2.978,5.309,22.896,26.175,205.345,130.055,127.492,67.875,20,20,63,multiprocess_sample_only,,
yjit-on/puma-response-io-512kb/puma-1w-3t/repeat-2,yjit-on,true,puma-response-io-512kb,puma-response-time-wrk,puma/benchmarks/local/response_time_wrk,https://github.com/puma/puma/blob/main/benchmarks/local/response_time_wrk.rb,puma-1w-3t,3,puma,1,3,7072,1000,5.002,5.0,1000,2858,2.002,2.0,5,true,7072,0,1413.788,2.994,5.406,23.332,25.842,27.283,129.32,129.32,66.8,20,20,62,multiprocess_sample_only,,
yjit-on/puma-response-array-1024kb/puma-1w-3t/repeat-2,yjit-on,true,puma-response-array-1024kb,puma-response-time-wrk,puma/benchmarks/local/response_time_wrk,https://github.com/puma/puma/blob/main/benchmarks/local/response_time_wrk.rb,puma-1w-3t,3,puma,1,3,4386,1000,5.004,5.0,1000,1961,2.004,2.0,5,true,4386,0,876.578,5.098,7.668,28.291,31.085,32.007,165.734,159.688,66.525,20,20,59,multiprocess_sample_only,,
yjit-on/puma-response-chunk-1024kb/puma-1w-3t/repeat-2,yjit-on,true,puma-response-chunk-1024kb,puma-response-time-wrk,puma/benchmarks/local/response_time_wrk,https://github.com/puma/puma/blob/main/benchmarks/local/response_time_wrk.rb,puma-1w-3t,3,puma,1,3,1016,1000,5.021,5.0,1000,1000,4.866,2.0,5,true,1016,0,202.338,24.422,27.466,38.826,53.736,54.825,167.988,167.215,66.35,20,20,42,multiprocess_sample_only,,
yjit-on/puma-response-string-1024kb/puma-1w-3t/repeat-2,yjit-on,true,puma-response-string-1024kb,puma-response-time-wrk,puma/benchmarks/local/response_time_wrk,https://github.com/puma/puma/blob/main/benchmarks/local/response_time_wrk.rb,puma-1w-3t,3,puma,1,3,4543,1000,5.009,5.0,1000,1913,2.004,2.0,5,true,4543,0,906.938,4.798,7.638,27.473,30.29,31.028,149.02,149.02,65.445,20,20,59,multiprocess_sample_only,,
yjit-on/puma-response-io-1024kb/puma-1w-3t/repeat-2,yjit-on,true,puma-response-io-1024kb,puma-response-time-wrk,puma/benchmarks/local/response_time_wrk,https://github.com/puma/puma/blob/main/benchmarks/local/response_time_wrk.rb,puma-1w-3t,3,puma,1,3,4436,1000,5.007,5.0,1000,1770,2.005,2.0,5,true,4436,0,886.035,4.886,8.047,28.566,30.952,32.611,149.379,149.379,64.11,20,20,59,multiprocess_sample_only,,
yjit-on/puma-response-array-2048kb/puma-1w-3t/repeat-2,yjit-on,true,puma-response-array-2048kb,puma-response-time-wrk,puma/benchmarks/local/response_time_wrk,https://github.com/puma/puma/blob/main/benchmarks/local/response_time_wrk.rb,puma-1w-3t,3,puma,1,3,2633,1000,5.008,5.0,1000,1064,2.006,2.0,5,true,2633,0,525.779,9.342,11.865,13.219,14.656,15.472,150.516,142.434,63.835,20,20,56,multiprocess_sample_only,,
yjit-on/puma-response-chunk-2048kb/puma-1w-3t/repeat-2,yjit-on,true,puma-response-chunk-2048kb,puma-response-time-wrk,puma/benchmarks/local/response_time_wrk,https://github.com/puma/puma/blob/main/benchmarks/local/response_time_wrk.rb,puma-1w-3t,3,puma,1,3,1000,1000,9.304,5.0,1000,1000,8.762,2.0,5,true,1000,0,107.477,46.191,51.693,59.557,66.73,68.187,170.094,168.27,63.87,20,20,56,multiprocess_sample_only,,
yjit-on/puma-response-string-2048kb/puma-1w-3t/repeat-2,yjit-on,true,puma-response-string-2048kb,puma-response-time-wrk,puma/benchmarks/local/response_time_wrk,https://github.com/puma/puma/blob/main/benchmarks/local/response_time_wrk.rb,puma-1w-3t,3,puma,1,3,2772,1000,5.006,5.0,1000,1067,2.008,2.0,5,true,2772,0,553.735,8.839,10.963,12.269,13.67,14.223,151.496,151.496,63.08,20,20,56,multiprocess_sample_only,,
yjit-on/puma-response-io-2048kb/puma-1w-3t/repeat-2,yjit-on,true,puma-response-io-2048kb,puma-response-time-wrk,puma/benchmarks/local/response_time_wrk,https://github.com/puma/puma/blob/main/benchmarks/local/response_time_wrk.rb,puma-1w-3t,3,puma,1,3,2759,1000,5.008,5.0,1000,1200,2.008,2.0,5,true,2759,0,550.918,8.895,10.926,12.418,52.358,56.229,153.371,153.371,61.87,20,20,57,multiprocess_sample_only,,
yjit-on/puma-long-tail-fib-200ms-x6p0/puma-1w-3t/repeat-2,yjit-on,true,puma-long-tail-fib-200ms-x6p0,puma-long-tail-hey,puma/benchmarks/local/long_tail_hey + test/rackup/sleep_fibonacci,https://github.com/puma/puma/blob/main/benchmarks/local/long_tail_hey.rb,puma-1w-3t,3,puma,1,3,360,360,51.173,5.0,360,360,51.151,2.0,18,true,360,0,7.035,2557.081,2592.101,2603.64,2614.02,2616.082,182.734,182.734,71.665,20,20,696,multiprocess_sample_only,,
yjit-on/puma-long-tail-fib-200ms-x4p0/puma-1w-3t/repeat-2,yjit-on,true,puma-long-tail-fib-200ms-x4p0,puma-long-tail-hey,puma/benchmarks/local/long_tail_hey + test/rackup/sleep_fibonacci,https://github.com/puma/puma/blob/main/benchmarks/local/long_tail_hey.rb,puma-1w-3t,3,puma,1,3,240,240,34.109,5.0,240,240,34.089,2.0,12,true,240,0,7.036,1703.565,1728.769,1737.761,1741.634,1742.146,183.047,183.047,77.76,20,20,464,multiprocess_sample_only,,
yjit-on/puma-long-tail-fib-200ms-x3p0/puma-1w-3t/repeat-2,yjit-on,true,puma-long-tail-fib-200ms-x3p0,puma-long-tail-hey,puma/benchmarks/local/long_tail_hey + test/rackup/sleep_fibonacci,https://github.com/puma/puma/blob/main/benchmarks/local/long_tail_hey.rb,puma-1w-3t,3,puma,1,3,180,180,25.58,5.0,180,180,25.577,2.0,9,true,180,0,7.037,1277.762,1298.978,1303.535,1307.228,1307.96,183.047,183.047,80.75,20,20,348,multiprocess_sample_only,,
yjit-on/puma-long-tail-fib-200ms-x2p0/puma-1w-3t/repeat-2,yjit-on,true,puma-long-tail-fib-200ms-x2p0,puma-long-tail-hey,puma/benchmarks/local/long_tail_hey + test/rackup/sleep_fibonacci,https://github.com/puma/puma/blob/main/benchmarks/local/long_tail_hey.rb,puma-1w-3t,3,puma,1,3,120,120,17.054,5.0,120,120,17.045,2.0,6,true,120,0,7.036,851.922,870.188,873.943,874.139,874.146,183.109,183.109,82.405,20,20,233,multiprocess_sample_only,,
yjit-on/puma-long-tail-fib-200ms-x1p5/puma-1w-3t/repeat-2,yjit-on,true,puma-long-tail-fib-200ms-x1p5,puma-long-tail-hey,puma/benchmarks/local/long_tail_hey + test/rackup/sleep_fibonacci,https://github.com/puma/puma/blob/main/benchmarks/local/long_tail_hey.rb,puma-1w-3t,3,puma,1,3,100,100,14.256,5.0,100,100,14.223,2.0,5,true,100,0,7.015,805.982,850.156,855.067,856.741,856.927,183.113,183.113,83.5,20,20,195,multiprocess_sample_only,,
yjit-on/puma-long-tail-fib-200ms-x1p0/puma-1w-3t/repeat-2,yjit-on,true,puma-long-tail-fib-200ms-x1p0,puma-long-tail-hey,puma/benchmarks/local/long_tail_hey + test/rackup/sleep_fibonacci,https://github.com/puma/puma/blob/main/benchmarks/local/long_tail_hey.rb,puma-1w-3t,3,puma,1,3,60,60,8.529,5.0,60,60,8.521,2.0,3,true,60,0,7.034,426.191,436.328,437.986,438.826,438.92,183.113,183.113,84.15,20,20,117,multiprocess_sample_only,,
yjit-on/puma-long-tail-fib-200ms-x0p5/puma-1w-3t/repeat-2,yjit-on,true,puma-long-tail-fib-200ms-x0p5,puma-long-tail-hey,puma/benchmarks/local/long_tail_hey + test/rackup/sleep_fibonacci,https://github.com/puma/puma/blob/main/benchmarks/local/long_tail_hey.rb,puma-1w-3t,3,puma,1,3,40,40,5.687,5.0,40,40,5.68,2.0,2,true,40,0,7.033,283.898,289.58,291.192,291.312,291.325,183.113,183.113,84.545,20,20,79,multiprocess_sample_only,,
yjit-on/puma-sleep-fibonacci-1ms/puma-1w-3t/repeat-2,yjit-on,true,puma-sleep-fibonacci-1ms,puma-sleep-fibonacci-test,puma/benchmarks/local/sleep_fibonacci_test + test/rackup/sleep_fibonacci,https://github.com/puma/puma/blob/main/benchmarks/local/sleep_fibonacci_test.rb,puma-1w-3t,3,puma,1,3,1634,10,5.002,5.0,10,646,2.001,2.0,1,true,1634,0,326.688,3.058,3.154,3.423,4.257,4.786,183.113,183.113,84.18,20,20,70,multiprocess_sample_only,,
yjit-on/puma-sleep-fibonacci-5ms/puma-1w-3t/repeat-2,yjit-on,true,puma-sleep-fibonacci-5ms,puma-sleep-fibonacci-test,puma/benchmarks/local/sleep_fibonacci_test + test/rackup/sleep_fibonacci,https://github.com/puma/puma/blob/main/benchmarks/local/sleep_fibonacci_test.rb,puma-1w-3t,3,puma,1,3,482,10,5.0,5.0,10,191,2.007,2.0,1,true,482,0,96.395,10.447,10.571,10.701,10.869,10.878,183.113,183.113,83.57,20,20,70,multiprocess_sample_only,,
yjit-on/puma-sleep-fibonacci-10ms/puma-1w-3t/repeat-2,yjit-on,true,puma-sleep-fibonacci-10ms,puma-sleep-fibonacci-test,puma/benchmarks/local/sleep_fibonacci_test + test/rackup/sleep_fibonacci,https://github.com/puma/puma/blob/main/benchmarks/local/sleep_fibonacci_test.rb,puma-1w-3t,3,puma,1,3,361,10,5.006,5.0,10,144,2.011,2.0,1,true,361,0,72.116,13.862,14.094,14.373,14.908,14.915,183.113,183.113,83.125,20,20,70,multiprocess_sample_only,,
yjit-on/puma-sleep-fibonacci-50ms/puma-1w-3t/repeat-2,yjit-on,true,puma-sleep-fibonacci-50ms,puma-sleep-fibonacci-test,puma/benchmarks/local/sleep_fibonacci_test + test/rackup/sleep_fibonacci,https://github.com/puma/puma/blob/main/benchmarks/local/sleep_fibonacci_test.rb,puma-1w-3t,3,puma,1,3,99,10,5.011,5.0,10,40,2.025,2.0,1,true,99,0,19.756,50.532,50.737,51.305,51.487,51.507,183.113,183.113,82.905,20,20,70,multiprocess_sample_only,,
yjit-on/puma-sleep-fibonacci-100ms/puma-1w-3t/repeat-2,yjit-on,true,puma-sleep-fibonacci-100ms,puma-sleep-fibonacci-test,puma/benchmarks/local/sleep_fibonacci_test + test/rackup/sleep_fibonacci,https://github.com/puma/puma/blob/main/benchmarks/local/sleep_fibonacci_test.rb,puma-1w-3t,3,puma,1,3,50,10,5.033,5.0,10,20,2.014,2.0,1,true,50,0,9.934,100.572,100.693,101.169,101.386,101.41,183.113,183.113,82.75,20,20,71,multiprocess_sample_only,,
yjit-on/puma-sleep-fibonacci-200ms/puma-1w-3t/repeat-2,yjit-on,true,puma-sleep-fibonacci-200ms,puma-sleep-fibonacci-test,puma/benchmarks/local/sleep_fibonacci_test + test/rackup/sleep_fibonacci,https://github.com/puma/puma/blob/main/benchmarks/local/sleep_fibonacci_test.rb,puma-1w-3t,3,puma,1,3,25,10,5.018,5.0,10,10,2.007,2.0,1,true,25,0,4.982,200.61,200.902,200.919,200.923,200.923,183.113,183.113,82.58,20,20,70,multiprocess_sample_only,,
yjit-on/puma-response-array-1kb/puma-1w-3t/repeat-3,yjit-on,true,puma-response-array-1kb,puma-response-time-wrk,puma/benchmarks/local/response_time_wrk,https://github.com/puma/puma/blob/main/benchmarks/local/response_time_wrk.rb,puma-1w-3t,3,puma,1,3,16029,1000,5.001,5.0,1000,6281,2.001,2.0,5,true,16029,0,3204.847,1.478,2.074,2.778,4.043,6.666,99.551,99.551,80.56,20,20,66,multiprocess_sample_only,,
yjit-on/puma-response-chunk-1kb/puma-1w-3t/repeat-3,yjit-on,true,puma-response-chunk-1kb,puma-response-time-wrk,puma/benchmarks/local/response_time_wrk,https://github.com/puma/puma/blob/main/benchmarks/local/response_time_wrk.rb,puma-1w-3t,3,puma,1,3,15801,1000,5.001,5.0,1000,6513,2.001,2.0,5,true,15801,0,3159.298,1.517,2.046,2.49,3.304,4.742,101.363,99.645,74.29,20,20,66,multiprocess_sample_only,,
yjit-on/puma-response-string-1kb/puma-1w-3t/repeat-3,yjit-on,true,puma-response-string-1kb,puma-response-time-wrk,puma/benchmarks/local/response_time_wrk,https://github.com/puma/puma/blob/main/benchmarks/local/response_time_wrk.rb,puma-1w-3t,3,puma,1,3,16314,1000,5.001,5.0,1000,6719,2.001,2.0,5,true,16314,0,3262.023,1.473,1.994,2.323,2.97,3.623,100.727,100.453,72.68,20,20,66,multiprocess_sample_only,,
yjit-on/puma-response-io-1kb/puma-1w-3t/repeat-3,yjit-on,true,puma-response-io-1kb,puma-response-time-wrk,puma/benchmarks/local/response_time_wrk,https://github.com/puma/puma/blob/main/benchmarks/local/response_time_wrk.rb,puma-1w-3t,3,puma,1,3,15812,1000,5.001,5.0,1000,6498,2.001,2.0,5,true,15812,0,3161.515,1.51,2.032,2.404,3.151,3.741,100.293,100.293,74.215,20,20,66,multiprocess_sample_only,,
yjit-on/puma-response-array-10kb/puma-1w-3t/repeat-3,yjit-on,true,puma-response-array-10kb,puma-response-time-wrk,puma/benchmarks/local/response_time_wrk,https://github.com/puma/puma/blob/main/benchmarks/local/response_time_wrk.rb,puma-1w-3t,3,puma,1,3,15967,1000,5.001,5.0,1000,6569,2.001,2.0,5,true,15967,0,3192.447,1.497,2.037,2.459,3.624,6.633,107.594,107.359,74.575,20,20,66,multiprocess_sample_only,,
yjit-on/puma-response-chunk-10kb/puma-1w-3t/repeat-3,yjit-on,true,puma-response-chunk-10kb,puma-response-time-wrk,puma/benchmarks/local/response_time_wrk,https://github.com/puma/puma/blob/main/benchmarks/local/response_time_wrk.rb,puma-1w-3t,3,puma,1,3,13819,1000,5.002,5.0,1000,5724,2.001,2.0,5,true,13819,0,2762.531,1.74,2.287,2.79,3.927,5.829,107.598,107.598,73.835,20,20,66,multiprocess_sample_only,,
yjit-on/puma-response-string-10kb/puma-1w-3t/repeat-3,yjit-on,true,puma-response-string-10kb,puma-response-time-wrk,puma/benchmarks/local/response_time_wrk,https://github.com/puma/puma/blob/main/benchmarks/local/response_time_wrk.rb,puma-1w-3t,3,puma,1,3,16124,1000,5.001,5.0,1000,6645,2.001,2.0,5,true,16124,0,3223.853,1.488,2.009,2.382,3.055,3.845,112.57,112.57,73.285,20,20,66,multiprocess_sample_only,,
yjit-on/puma-response-io-10kb/puma-1w-3t/repeat-3,yjit-on,true,puma-response-io-10kb,puma-response-time-wrk,puma/benchmarks/local/response_time_wrk,https://github.com/puma/puma/blob/main/benchmarks/local/response_time_wrk.rb,puma-1w-3t,3,puma,1,3,15552,1000,5.001,5.0,1000,6411,2.002,2.0,5,true,15552,0,3109.528,1.537,2.058,2.486,3.184,4.341,118.961,118.777,74.055,20,20,66,multiprocess_sample_only,,
yjit-on/puma-response-array-100kb/puma-1w-3t/repeat-3,yjit-on,true,puma-response-array-100kb,puma-response-time-wrk,puma/benchmarks/local/response_time_wrk,https://github.com/puma/puma/blob/main/benchmarks/local/response_time_wrk.rb,puma-1w-3t,3,puma,1,3,13010,1000,5.001,5.0,1000,5101,2.002,2.0,5,true,13010,0,2601.328,1.858,2.398,2.747,3.537,5.239,165.535,141.102,74.06,20,20,65,multiprocess_sample_only,,
yjit-on/puma-response-chunk-100kb/puma-1w-3t/repeat-3,yjit-on,true,puma-response-chunk-100kb,puma-response-time-wrk,puma/benchmarks/local/response_time_wrk,https://github.com/puma/puma/blob/main/benchmarks/local/response_time_wrk.rb,puma-1w-3t,3,puma,1,3,6310,1000,5.004,5.0,1000,2571,2.003,2.0,5,true,6310,0,1261.098,3.876,4.76,5.288,6.366,7.68,137.695,134.219,73.555,20,20,63,multiprocess_sample_only,,
yjit-on/puma-response-string-100kb/puma-1w-3t/repeat-3,yjit-on,true,puma-response-string-100kb,puma-response-time-wrk,puma/benchmarks/local/response_time_wrk,https://github.com/puma/puma/blob/main/benchmarks/local/response_time_wrk.rb,puma-1w-3t,3,puma,1,3,13074,1000,5.002,5.0,1000,5358,2.002,2.0,5,true,13074,0,2613.809,1.848,2.396,2.706,3.256,3.747,141.707,141.707,72.96,20,20,65,multiprocess_sample_only,,
yjit-on/puma-response-io-100kb/puma-1w-3t/repeat-3,yjit-on,true,puma-response-io-100kb,puma-response-time-wrk,puma/benchmarks/local/response_time_wrk,https://github.com/puma/puma/blob/main/benchmarks/local/response_time_wrk.rb,puma-1w-3t,3,puma,1,3,12871,1000,5.002,5.0,1000,5133,2.002,2.0,5,true,12871,0,2573.394,1.861,2.386,2.644,3.826,42.726,118.648,118.148,72.745,20,20,65,multiprocess_sample_only,,
yjit-on/puma-response-array-256kb/puma-1w-3t/repeat-3,yjit-on,true,puma-response-array-256kb,puma-response-time-wrk,puma/benchmarks/local/response_time_wrk,https://github.com/puma/puma/blob/main/benchmarks/local/response_time_wrk.rb,puma-1w-3t,3,puma,1,3,9457,1000,5.002,5.0,1000,3888,2.002,2.0,5,true,9457,0,1890.703,2.348,3.665,4.774,25.106,26.226,150.48,149.352,72.35,20,20,63,multiprocess_sample_only,,
yjit-on/puma-response-chunk-256kb/puma-1w-3t/repeat-3,yjit-on,true,puma-response-chunk-256kb,puma-response-time-wrk,puma/benchmarks/local/response_time_wrk,https://github.com/puma/puma/blob/main/benchmarks/local/response_time_wrk.rb,puma-1w-3t,3,puma,1,3,3425,1000,5.006,5.0,1000,1419,2.006,2.0,5,true,3425,0,684.112,7.192,8.594,9.394,10.286,12.091,142.84,142.84,71.945,20,20,58,multiprocess_sample_only,,
yjit-on/puma-response-string-256kb/puma-1w-3t/repeat-3,yjit-on,true,puma-response-string-256kb,puma-response-time-wrk,puma/benchmarks/local/response_time_wrk,https://github.com/puma/puma/blob/main/benchmarks/local/response_time_wrk.rb,puma-1w-3t,3,puma,1,3,9399,1000,5.002,5.0,1000,3947,2.002,2.0,5,true,9399,0,1879.141,2.358,3.688,4.855,26.271,28.458,142.078,138.016,71.745,20,20,62,multiprocess_sample_only,,
yjit-on/puma-response-io-256kb/puma-1w-3t/repeat-3,yjit-on,true,puma-response-io-256kb,puma-response-time-wrk,puma/benchmarks/local/response_time_wrk,https://github.com/puma/puma/blob/main/benchmarks/local/response_time_wrk.rb,puma-1w-3t,3,puma,1,3,9354,1000,5.004,5.0,1000,3824,2.002,2.0,5,true,9354,0,1869.438,2.362,3.666,5.07,25.142,43.045,140.91,140.91,70.99,20,20,63,multiprocess_sample_only,,
yjit-on/puma-response-array-512kb/puma-1w-3t/repeat-3,yjit-on,true,puma-response-array-512kb,puma-response-time-wrk,puma/benchmarks/local/response_time_wrk,https://github.com/puma/puma/blob/main/benchmarks/local/response_time_wrk.rb,puma-1w-3t,3,puma,1,3,6688,1000,5.004,5.0,1000,2847,2.002,2.0,5,true,6688,0,1336.46,3.197,5.017,25.082,30.393,31.292,190.531,161.809,70.6,20,20,62,multiprocess_sample_only,,
yjit-on/puma-response-chunk-512kb/puma-1w-3t/repeat-3,yjit-on,true,puma-response-chunk-512kb,puma-response-time-wrk,puma/benchmarks/local/response_time_wrk,https://github.com/puma/puma/blob/main/benchmarks/local/response_time_wrk.rb,puma-1w-3t,3,puma,1,3,1884,1000,5.011,5.0,1000,1000,2.551,2.0,5,true,1884,0,375.98,13.23,15.188,16.262,17.539,17.697,151.898,150.496,70.395,20,20,51,multiprocess_sample_only,,
yjit-on/puma-response-string-512kb/puma-1w-3t/repeat-3,yjit-on,true,puma-response-string-512kb,puma-response-time-wrk,puma/benchmarks/local/response_time_wrk,https://github.com/puma/puma/blob/main/benchmarks/local/response_time_wrk.rb,puma-1w-3t,3,puma,1,3,7074,1000,5.003,5.0,1000,2955,2.002,2.0,5,true,7074,0,1414.004,3.029,4.976,24.971,28.613,29.208,146.219,140.832,69.475,20,20,63,multiprocess_sample_only,,
yjit-on/puma-response-io-512kb/puma-1w-3t/repeat-3,yjit-on,true,puma-response-io-512kb,puma-response-time-wrk,puma/benchmarks/local/response_time_wrk,https://github.com/puma/puma/blob/main/benchmarks/local/response_time_wrk.rb,puma-1w-3t,3,puma,1,3,6970,1000,5.003,5.0,1000,2851,2.003,2.0,5,true,6970,0,1393.138,2.982,4.874,25.102,36.864,240.053,141.098,141.098,68.345,20,20,63,multiprocess_sample_only,,
yjit-on/puma-response-array-1024kb/puma-1w-3t/repeat-3,yjit-on,true,puma-response-array-1024kb,puma-response-time-wrk,puma/benchmarks/local/response_time_wrk,https://github.com/puma/puma/blob/main/benchmarks/local/response_time_wrk.rb,puma-1w-3t,3,puma,1,3,4265,1000,5.005,5.0,1000,1772,2.004,2.0,5,true,4265,0,852.09,5.187,7.567,30.125,32.582,33.577,181.77,172.309,67.815,20,20,59,multiprocess_sample_only,,
yjit-on/puma-response-chunk-1024kb/puma-1w-3t/repeat-3,yjit-on,true,puma-response-chunk-1024kb,puma-response-time-wrk,puma/benchmarks/local/response_time_wrk,https://github.com/puma/puma/blob/main/benchmarks/local/response_time_wrk.rb,puma-1w-3t,3,puma,1,3,1024,1000,5.021,5.0,1000,1000,4.759,2.0,5,true,1024,0,203.958,24.405,27.659,28.638,29.249,29.808,175.984,175.984,67.5,20,20,42,multiprocess_sample_only,,
yjit-on/puma-response-string-1024kb/puma-1w-3t/repeat-3,yjit-on,true,puma-response-string-1024kb,puma-response-time-wrk,puma/benchmarks/local/response_time_wrk,https://github.com/puma/puma/blob/main/benchmarks/local/response_time_wrk.rb,puma-1w-3t,3,puma,1,3,4334,1000,5.004,5.0,1000,1773,2.004,2.0,5,true,4334,0,866.139,5.044,7.328,29.927,32.219,34.098,147.02,146.832,66.53,20,20,58,multiprocess_sample_only,,
yjit-on/puma-response-io-1024kb/puma-1w-3t/repeat-3,yjit-on,true,puma-response-io-1024kb,puma-response-time-wrk,puma/benchmarks/local/response_time_wrk,https://github.com/puma/puma/blob/main/benchmarks/local/response_time_wrk.rb,puma-1w-3t,3,puma,1,3,4282,1000,5.004,5.0,1000,1795,2.013,2.0,5,true,4282,0,855.69,5.105,7.7,30.339,33.547,34.495,147.207,147.207,65.195,20,20,59,multiprocess_sample_only,,
yjit-on/puma-response-array-2048kb/puma-1w-3t/repeat-3,yjit-on,true,puma-response-array-2048kb,puma-response-time-wrk,puma/benchmarks/local/response_time_wrk,https://github.com/puma/puma/blob/main/benchmarks/local/response_time_wrk.rb,puma-1w-3t,3,puma,1,3,2457,1000,5.009,5.0,1000,1032,2.009,2.0,5,true,2457,0,490.544,9.898,12.453,14.12,34.778,37.114,153.109,148.953,64.77,20,20,55,multiprocess_sample_only,,
yjit-on/puma-response-chunk-2048kb/puma-1w-3t/repeat-3,yjit-on,true,puma-response-chunk-2048kb,puma-response-time-wrk,puma/benchmarks/local/response_time_wrk,https://github.com/puma/puma/blob/main/benchmarks/local/response_time_wrk.rb,puma-1w-3t,3,puma,1,3,1000,1000,9.369,5.0,1000,1000,8.849,2.0,5,true,1000,0,106.731,46.797,51.515,55.079,57.079,59.561,182.301,182.285,64.7,20,20,56,multiprocess_sample_only,,
yjit-on/puma-response-string-2048kb/puma-1w-3t/repeat-3,yjit-on,true,puma-response-string-2048kb,puma-response-time-wrk,puma/benchmarks/local/response_time_wrk,https://github.com/puma/puma/blob/main/benchmarks/local/response_time_wrk.rb,puma-1w-3t,3,puma,1,3,2847,1000,5.008,5.0,1000,1166,2.007,2.0,5,true,2847,0,568.51,8.596,10.547,11.374,12.726,14.453,158.602,158.602,63.935,20,20,56,multiprocess_sample_only,,
yjit-on/puma-response-io-2048kb/puma-1w-3t/repeat-3,yjit-on,true,puma-response-io-2048kb,puma-response-time-wrk,puma/benchmarks/local/response_time_wrk,https://github.com/puma/puma/blob/main/benchmarks/local/response_time_wrk.rb,puma-1w-3t,3,puma,1,3,2843,1000,5.008,5.0,1000,1166,2.008,2.0,5,true,2843,0,567.659,8.554,10.628,11.972,19.335,21.69,158.676,158.676,62.725,20,20,57,multiprocess_sample_only,,
yjit-on/puma-long-tail-fib-200ms-x6p0/puma-1w-3t/repeat-3,yjit-on,true,puma-long-tail-fib-200ms-x6p0,puma-long-tail-hey,puma/benchmarks/local/long_tail_hey + test/rackup/sleep_fibonacci,https://github.com/puma/puma/blob/main/benchmarks/local/long_tail_hey.rb,puma-1w-3t,3,puma,1,3,360,360,51.17,5.0,360,360,51.153,2.0,18,true,360,0,7.035,2556.647,2582.783,2591.659,2595.4,2595.717,180.941,180.941,72.365,20,20,694,multiprocess_sample_only,,
yjit-on/puma-long-tail-fib-200ms-x4p0/puma-1w-3t/repeat-3,yjit-on,true,puma-long-tail-fib-200ms-x4p0,puma-long-tail-hey,puma/benchmarks/local/long_tail_hey + test/rackup/sleep_fibonacci,https://github.com/puma/puma/blob/main/benchmarks/local/long_tail_hey.rb,puma-1w-3t,3,puma,1,3,240,240,34.114,5.0,240,240,34.089,2.0,12,true,240,0,7.035,1705.489,1727.399,1732.164,1733.757,1733.81,182.168,182.168,78.285,20,20,463,multiprocess_sample_only,,
yjit-on/puma-long-tail-fib-200ms-x3p0/puma-1w-3t/repeat-3,yjit-on,true,puma-long-tail-fib-200ms-x3p0,puma-long-tail-hey,puma/benchmarks/local/long_tail_hey + test/rackup/sleep_fibonacci,https://github.com/puma/puma/blob/main/benchmarks/local/long_tail_hey.rb,puma-1w-3t,3,puma,1,3,180,180,25.58,5.0,180,180,25.574,2.0,9,true,180,0,7.037,1278.146,1299.119,1307.864,1309.077,1309.164,182.18,181.051,81.18,20,20,349,multiprocess_sample_only,,
yjit-on/puma-long-tail-fib-200ms-x2p0/puma-1w-3t/repeat-3,yjit-on,true,puma-long-tail-fib-200ms-x2p0,puma-long-tail-hey,puma/benchmarks/local/long_tail_hey + test/rackup/sleep_fibonacci,https://github.com/puma/puma/blob/main/benchmarks/local/long_tail_hey.rb,puma-1w-3t,3,puma,1,3,120,120,17.055,5.0,120,120,17.048,2.0,6,true,120,0,7.036,852.461,867.843,873.301,874.183,874.247,186.43,186.43,82.795,20,20,233,multiprocess_sample_only,,
yjit-on/puma-long-tail-fib-200ms-x1p5/puma-1w-3t/repeat-3,yjit-on,true,puma-long-tail-fib-200ms-x1p5,puma-long-tail-hey,puma/benchmarks/local/long_tail_hey + test/rackup/sleep_fibonacci,https://github.com/puma/puma/blob/main/benchmarks/local/long_tail_hey.rb,puma-1w-3t,3,puma,1,3,100,100,14.24,5.0,100,100,14.238,2.0,5,true,100,0,7.023,783.117,855.031,858.706,859.375,859.45,199.875,199.875,83.87,20,20,195,multiprocess_sample_only,,
yjit-on/puma-long-tail-fib-200ms-x1p0/puma-1w-3t/repeat-3,yjit-on,true,puma-long-tail-fib-200ms-x1p0,puma-long-tail-hey,puma/benchmarks/local/long_tail_hey + test/rackup/sleep_fibonacci,https://github.com/puma/puma/blob/main/benchmarks/local/long_tail_hey.rb,puma-1w-3t,3,puma,1,3,60,60,8.526,5.0,60,60,8.525,2.0,3,true,60,0,7.038,426.582,438.379,440.916,441.868,441.974,200.941,200.941,84.495,20,20,118,multiprocess_sample_only,,
yjit-on/puma-long-tail-fib-200ms-x0p5/puma-1w-3t/repeat-3,yjit-on,true,puma-long-tail-fib-200ms-x0p5,puma-long-tail-hey,puma/benchmarks/local/long_tail_hey + test/rackup/sleep_fibonacci,https://github.com/puma/puma/blob/main/benchmarks/local/long_tail_hey.rb,puma-1w-3t,3,puma,1,3,40,40,5.683,5.0,40,40,5.679,2.0,2,true,40,0,7.038,284.008,289.55,292.696,293.509,293.599,200.941,200.941,84.875,20,20,79,multiprocess_sample_only,,
yjit-on/puma-sleep-fibonacci-1ms/puma-1w-3t/repeat-3,yjit-on,true,puma-sleep-fibonacci-1ms,puma-sleep-fibonacci-test,puma/benchmarks/local/sleep_fibonacci_test + test/rackup/sleep_fibonacci,https://github.com/puma/puma/blob/main/benchmarks/local/sleep_fibonacci_test.rb,puma-1w-3t,3,puma,1,3,1638,10,5.0,5.0,10,640,2.001,2.0,1,true,1638,0,327.588,3.058,3.174,3.57,3.936,4.437,206.441,206.441,84.515,20,20,70,multiprocess_sample_only,,
yjit-on/puma-sleep-fibonacci-5ms/puma-1w-3t/repeat-3,yjit-on,true,puma-sleep-fibonacci-5ms,puma-sleep-fibonacci-test,puma/benchmarks/local/sleep_fibonacci_test + test/rackup/sleep_fibonacci,https://github.com/puma/puma/blob/main/benchmarks/local/sleep_fibonacci_test.rb,puma-1w-3t,3,puma,1,3,482,10,5.003,5.0,10,191,2.008,2.0,1,true,482,0,96.34,10.443,10.562,10.847,10.992,11.056,206.504,206.504,83.895,20,20,70,multiprocess_sample_only,,
yjit-on/puma-sleep-fibonacci-10ms/puma-1w-3t/repeat-3,yjit-on,true,puma-sleep-fibonacci-10ms,puma-sleep-fibonacci-test,puma/benchmarks/local/sleep_fibonacci_test + test/rackup/sleep_fibonacci,https://github.com/puma/puma/blob/main/benchmarks/local/sleep_fibonacci_test.rb,puma-1w-3t,3,puma,1,3,362,10,5.012,5.0,10,144,2.009,2.0,1,true,362,0,72.229,13.845,14.042,14.215,14.84,15.096,206.504,206.504,83.45,20,20,70,multiprocess_sample_only,,
yjit-on/puma-sleep-fibonacci-50ms/puma-1w-3t/repeat-3,yjit-on,true,puma-sleep-fibonacci-50ms,puma-sleep-fibonacci-test,puma/benchmarks/local/sleep_fibonacci_test + test/rackup/sleep_fibonacci,https://github.com/puma/puma/blob/main/benchmarks/local/sleep_fibonacci_test.rb,puma-1w-3t,3,puma,1,3,99,10,5.012,5.0,10,40,2.026,2.0,1,true,99,0,19.752,50.542,50.959,51.129,51.522,51.566,206.504,206.504,83.225,20,20,70,multiprocess_sample_only,,
yjit-on/puma-sleep-fibonacci-100ms/puma-1w-3t/repeat-3,yjit-on,true,puma-sleep-fibonacci-100ms,puma-sleep-fibonacci-test,puma/benchmarks/local/sleep_fibonacci_test + test/rackup/sleep_fibonacci,https://github.com/puma/puma/blob/main/benchmarks/local/sleep_fibonacci_test.rb,puma-1w-3t,3,puma,1,3,50,10,5.034,5.0,10,20,2.014,2.0,1,true,50,0,9.933,100.586,100.733,101.315,101.413,101.424,206.504,206.504,83.065,20,20,71,multiprocess_sample_only,,
yjit-on/puma-sleep-fibonacci-200ms/puma-1w-3t/repeat-3,yjit-on,true,puma-sleep-fibonacci-200ms,puma-sleep-fibonacci-test,puma/benchmarks/local/sleep_fibonacci_test + test/rackup/sleep_fibonacci,https://github.com/puma/puma/blob/main/benchmarks/local/sleep_fibonacci_test.rb,puma-1w-3t,3,puma,1,3,25,10,5.017,5.0,10,10,2.007,2.0,1,true,25,0,4.983,200.594,200.688,200.791,200.817,200.82,206.504,206.504,82.9,20,20,70,multiprocess_sample_only,,
