run_id,runtime,yjit,scenario,scenario_family,benchmark_source,benchmark_source_url,server,server_capacity,adapter,workers,threads,requests,target_requests,duration_s,min_duration_s,target_warmup_requests,warmup_requests,warmup_duration_s,warmup_min_duration_s,concurrency,keep_alive,completed,errors,achieved_rps,p50_ms,p95_ms,p99_ms,p999_ms,max_ms,rss_mb_peak,rss_mb_end,cpu_pct_avg,target_sample_count,sample_count,raw_sample_count,gc_delta_scope,gc_count_delta,total_allocated_objects_delta
yjit-off/puma-response-array-1kb/raptor-3r/repeat-1,yjit-off,false,puma-response-array-1kb,puma-response-time-wrk,puma/benchmarks/local/response_time_wrk,https://github.com/puma/puma/blob/main/benchmarks/local/response_time_wrk.rb,raptor-3r,3,raptor,3,,1000,1000,16.128,5.0,1000,1000,16.113,2.0,5,true,1000,0,62.004,40.993,41.977,42.466,4035.859,4036.289,28.723,28.723,3.315,20,20,227,same_worker,29,719369
yjit-off/puma-response-chunk-1kb/raptor-3r/repeat-1,yjit-off,false,puma-response-chunk-1kb,puma-response-time-wrk,puma/benchmarks/local/response_time_wrk,https://github.com/puma/puma/blob/main/benchmarks/local/response_time_wrk.rb,raptor-3r,3,raptor,3,,1000,1000,16.137,5.0,1000,1000,16.099,2.0,5,true,1000,0,61.97,40.999,41.98,42.545,4036.573,4038.725,28.738,28.738,2.77,20,20,225,same_worker,27,715335
yjit-off/puma-response-string-1kb/raptor-3r/repeat-1,yjit-off,false,puma-response-string-1kb,puma-response-time-wrk,puma/benchmarks/local/response_time_wrk,https://github.com/puma/puma/blob/main/benchmarks/local/response_time_wrk.rb,raptor-3r,3,raptor,3,,1000,1000,16.128,5.0,1000,1000,16.102,2.0,5,true,1000,0,62.003,40.995,41.995,42.553,4033.771,4035.004,28.75,28.75,2.65,20,20,224,same_worker,27,720116
yjit-off/puma-response-io-1kb/raptor-3r/repeat-1,yjit-off,false,puma-response-io-1kb,puma-response-time-wrk,puma/benchmarks/local/response_time_wrk,https://github.com/puma/puma/blob/main/benchmarks/local/response_time_wrk.rb,raptor-3r,3,raptor,3,,1000,1000,16.128,5.0,1000,1000,16.107,2.0,5,true,1000,0,62.003,40.996,41.981,42.476,4034.639,4035.681,28.789,28.789,2.655,20,20,224,same_worker,27,727352
yjit-off/puma-response-array-10kb/raptor-3r/repeat-1,yjit-off,false,puma-response-array-10kb,puma-response-time-wrk,puma/benchmarks/local/response_time_wrk,https://github.com/puma/puma/blob/main/benchmarks/local/response_time_wrk.rb,raptor-3r,3,raptor,3,,1000,1000,16.159,5.0,1000,1000,16.143,2.0,5,true,1000,0,61.887,41.007,41.987,42.66,4040.206,4041.515,28.789,28.789,2.7,20,20,224,same_worker,28,718614
yjit-off/puma-response-chunk-10kb/raptor-3r/repeat-1,yjit-off,false,puma-response-chunk-10kb,puma-response-time-wrk,puma/benchmarks/local/response_time_wrk,https://github.com/puma/puma/blob/main/benchmarks/local/response_time_wrk.rb,raptor-3r,3,raptor,3,,1000,1000,16.181,5.0,1000,1000,16.202,2.0,5,true,1000,0,61.801,41.036,42.212,42.882,4049.122,4049.984,28.789,28.789,2.745,20,20,223,same_worker,27,715052
yjit-off/puma-response-string-10kb/raptor-3r/repeat-1,yjit-off,false,puma-response-string-10kb,puma-response-time-wrk,puma/benchmarks/local/response_time_wrk,https://github.com/puma/puma/blob/main/benchmarks/local/response_time_wrk.rb,raptor-3r,3,raptor,3,,1000,1000,16.139,5.0,1000,1000,16.129,2.0,5,true,1000,0,61.961,40.995,41.974,42.408,4034.253,4034.94,28.801,28.801,2.785,20,20,223,same_worker,27,719543
yjit-off/puma-response-io-10kb/raptor-3r/repeat-1,yjit-off,false,puma-response-io-10kb,puma-response-time-wrk,puma/benchmarks/local/response_time_wrk,https://github.com/puma/puma/blob/main/benchmarks/local/response_time_wrk.rb,raptor-3r,3,raptor,3,,1000,1000,16.132,5.0,1000,1000,16.116,2.0,5,true,1000,0,61.989,40.997,41.989,42.521,4040.902,4042.187,28.801,28.801,2.8,20,20,225,same_worker,29,746702
yjit-off/puma-response-array-100kb/raptor-3r/repeat-1,yjit-off,false,puma-response-array-100kb,puma-response-time-wrk,puma/benchmarks/local/response_time_wrk,https://github.com/puma/puma/blob/main/benchmarks/local/response_time_wrk.rb,raptor-3r,3,raptor,3,,1000,1000,15.045,5.0,1000,1000,14.904,2.0,5,true,1000,0,66.466,40.983,41.991,42.948,3646.463,3758.74,28.801,28.801,2.9,20,20,209,same_worker,28,719349
yjit-off/puma-response-chunk-100kb/raptor-3r/repeat-1,yjit-off,false,puma-response-chunk-100kb,puma-response-time-wrk,puma/benchmarks/local/response_time_wrk,https://github.com/puma/puma/blob/main/benchmarks/local/response_time_wrk.rb,raptor-3r,3,raptor,3,,1000,1000,15.282,5.0,1000,1000,15.134,2.0,5,true,1000,0,65.438,40.984,41.982,42.943,3884.439,3916.38,28.816,28.816,3.025,20,20,214,same_worker,28,715032
yjit-off/puma-response-string-100kb/raptor-3r/repeat-1,yjit-off,false,puma-response-string-100kb,puma-response-time-wrk,puma/benchmarks/local/response_time_wrk,https://github.com/puma/puma/blob/main/benchmarks/local/response_time_wrk.rb,raptor-3r,3,raptor,3,,12046,1000,5.002,5.0,1000,4995,2.002,2.0,5,true,12046,0,2408.343,1.153,1.959,5.935,123.856,137.712,29.191,29.191,4.275,20,20,67,same_worker,337,8664534
yjit-off/puma-response-io-100kb/raptor-3r/repeat-1,yjit-off,false,puma-response-io-100kb,puma-response-time-wrk,puma/benchmarks/local/response_time_wrk,https://github.com/puma/puma/blob/main/benchmarks/local/response_time_wrk.rb,raptor-3r,3,raptor,3,,1000,1000,14.625,5.0,1000,1000,14.696,2.0,5,true,1000,0,68.378,41.004,42.064,42.991,3584.429,3606.668,35.047,35.047,5.0,20,20,204,same_worker,38,924001
yjit-off/puma-response-array-256kb/raptor-3r/repeat-1,yjit-off,false,puma-response-array-256kb,puma-response-time-wrk,puma/benchmarks/local/response_time_wrk,https://github.com/puma/puma/blob/main/benchmarks/local/response_time_wrk.rb,raptor-3r,3,raptor,3,,1000,1000,14.495,5.0,1000,1000,11.581,2.0,5,true,1000,0,68.991,41.935,42.699,43.164,3634.171,3738.38,35.047,35.047,5.165,20,20,203,same_worker,29,719079
yjit-off/puma-response-chunk-256kb/raptor-3r/repeat-1,yjit-off,false,puma-response-chunk-256kb,puma-response-time-wrk,puma/benchmarks/local/response_time_wrk,https://github.com/puma/puma/blob/main/benchmarks/local/response_time_wrk.rb,raptor-3r,3,raptor,3,,1000,1000,14.273,5.0,1000,1000,13.02,2.0,5,true,1000,0,70.061,41.936,42.283,43.064,3743.43,3776.456,35.047,35.047,5.33,20,20,200,same_worker,28,714913
yjit-off/puma-response-string-256kb/raptor-3r/repeat-1,yjit-off,false,puma-response-string-256kb,puma-response-time-wrk,puma/benchmarks/local/response_time_wrk,https://github.com/puma/puma/blob/main/benchmarks/local/response_time_wrk.rb,raptor-3r,3,raptor,3,,9595,1000,5.002,5.0,1000,3948,2.002,2.0,5,true,9595,0,1918.094,1.476,2.325,36.548,145.219,167.985,35.047,35.047,6.17,20,20,67,same_worker,275,6900836
yjit-off/puma-response-io-256kb/raptor-3r/repeat-1,yjit-off,false,puma-response-io-256kb,puma-response-time-wrk,puma/benchmarks/local/response_time_wrk,https://github.com/puma/puma/blob/main/benchmarks/local/response_time_wrk.rb,raptor-3r,3,raptor,3,,1000,1000,14.677,5.0,1000,1000,13.487,2.0,5,true,1000,0,68.136,41.97,42.626,43.24,3722.971,3758.949,41.977,41.977,6.77,20,20,205,same_worker,54,1237465
yjit-off/puma-response-array-512kb/raptor-3r/repeat-1,yjit-off,false,puma-response-array-512kb,puma-response-time-wrk,puma/benchmarks/local/response_time_wrk,https://github.com/puma/puma/blob/main/benchmarks/local/response_time_wrk.rb,raptor-3r,3,raptor,3,,1000,1000,14.051,5.0,1000,1000,15.272,2.0,5,true,1000,0,71.171,42.014,43.256,44.258,3064.505,3968.337,41.977,41.977,7.04,20,20,195,same_worker,30,717801
yjit-off/puma-response-chunk-512kb/raptor-3r/repeat-1,yjit-off,false,puma-response-chunk-512kb,puma-response-time-wrk,puma/benchmarks/local/response_time_wrk,https://github.com/puma/puma/blob/main/benchmarks/local/response_time_wrk.rb,raptor-3r,3,raptor,3,,1000,1000,14.571,5.0,1000,1000,14.438,2.0,5,true,1000,0,68.627,42.183,43.401,44.545,3494.962,3557.108,41.977,41.977,7.345,20,20,202,same_worker,29,717714
yjit-off/puma-response-string-512kb/raptor-3r/repeat-1,yjit-off,false,puma-response-string-512kb,puma-response-time-wrk,puma/benchmarks/local/response_time_wrk,https://github.com/puma/puma/blob/main/benchmarks/local/response_time_wrk.rb,raptor-3r,3,raptor,3,,6784,1000,5.005,5.0,1000,2844,2.003,2.0,5,true,6784,0,1355.506,2.039,3.35,13.396,214.981,226.453,42.375,42.375,7.87,20,20,65,same_worker,199,4879171
yjit-off/puma-response-io-512kb/raptor-3r/repeat-1,yjit-off,false,puma-response-io-512kb,puma-response-time-wrk,puma/benchmarks/local/response_time_wrk,https://github.com/puma/puma/blob/main/benchmarks/local/response_time_wrk.rb,raptor-3r,3,raptor,3,,1000,1000,15.388,5.0,1000,1000,15.583,2.0,5,true,1000,0,64.985,42.958,43.988,44.459,3754.388,3973.242,46.594,45.363,8.43,20,20,214,same_worker,84,1749585
yjit-off/puma-response-array-1024kb/raptor-3r/repeat-1,yjit-off,false,puma-response-array-1024kb,puma-response-time-wrk,puma/benchmarks/local/response_time_wrk,https://github.com/puma/puma/blob/main/benchmarks/local/response_time_wrk.rb,raptor-3r,3,raptor,3,,1000,1000,15.598,5.0,1000,1000,15.614,2.0,5,true,1000,0,64.112,43.85,44.998,47.951,3898.891,3949.783,45.363,45.363,8.99,20,20,218,same_worker,29,720744
yjit-off/puma-response-chunk-1024kb/raptor-3r/repeat-1,yjit-off,false,puma-response-chunk-1024kb,puma-response-time-wrk,puma/benchmarks/local/response_time_wrk,https://github.com/puma/puma/blob/main/benchmarks/local/response_time_wrk.rb,raptor-3r,3,raptor,3,,1000,1000,14.305,5.0,1000,1000,16.045,2.0,5,true,1000,0,69.905,43.905,44.97,47.131,3484.105,3921.611,45.363,45.363,9.58,20,20,199,same_worker,29,718102
yjit-off/puma-response-string-1024kb/raptor-3r/repeat-1,yjit-off,false,puma-response-string-1024kb,puma-response-time-wrk,puma/benchmarks/local/response_time_wrk,https://github.com/puma/puma/blob/main/benchmarks/local/response_time_wrk.rb,raptor-3r,3,raptor,3,,4608,1000,5.004,5.0,1000,1875,2.004,2.0,5,true,4608,0,920.81,2.991,5.328,13.497,327.46,362.213,46.473,46.473,9.965,20,20,63,same_worker,137,3314570
yjit-off/puma-response-io-1024kb/raptor-3r/repeat-1,yjit-off,false,puma-response-io-1024kb,puma-response-time-wrk,puma/benchmarks/local/response_time_wrk,https://github.com/puma/puma/blob/main/benchmarks/local/response_time_wrk.rb,raptor-3r,3,raptor,3,,1000,1000,15.861,5.0,1000,1000,16.813,2.0,5,true,1000,0,63.046,44.121,45.993,48.811,3856.339,3999.676,56.016,56.016,10.685,20,20,221,same_worker,148,2773836
yjit-off/puma-response-array-2048kb/raptor-3r/repeat-1,yjit-off,false,puma-response-array-2048kb,puma-response-time-wrk,puma/benchmarks/local/response_time_wrk,https://github.com/puma/puma/blob/main/benchmarks/local/response_time_wrk.rb,raptor-3r,3,raptor,3,,1000,1000,16.317,5.0,1000,1000,16.808,2.0,5,true,1000,0,61.284,46.133,48.061,49.585,3976.033,4134.99,56.016,56.016,11.74,20,20,226,same_worker,30,718101
yjit-off/puma-response-chunk-2048kb/raptor-3r/repeat-1,yjit-off,false,puma-response-chunk-2048kb,puma-response-time-wrk,puma/benchmarks/local/response_time_wrk,https://github.com/puma/puma/blob/main/benchmarks/local/response_time_wrk.rb,raptor-3r,3,raptor,3,,1000,1000,15.781,5.0,1000,1000,15.938,2.0,5,true,1000,0,63.365,46.482,48.496,50.453,3899.365,4017.276,56.016,56.016,12.89,20,20,218,same_worker,30,714561
yjit-off/puma-response-string-2048kb/raptor-3r/repeat-1,yjit-off,false,puma-response-string-2048kb,puma-response-time-wrk,puma/benchmarks/local/response_time_wrk,https://github.com/puma/puma/blob/main/benchmarks/local/response_time_wrk.rb,raptor-3r,3,raptor,3,,2876,1000,5.008,5.0,1000,1180,2.036,2.0,5,true,2876,0,574.327,5.051,6.868,14.683,525.988,538.757,60.191,60.191,13.285,20,20,60,same_worker,87,2065832
yjit-off/puma-response-io-2048kb/raptor-3r/repeat-1,yjit-off,false,puma-response-io-2048kb,puma-response-time-wrk,puma/benchmarks/local/response_time_wrk,https://github.com/puma/puma/blob/main/benchmarks/local/response_time_wrk.rb,raptor-3r,3,raptor,3,,1000,1000,17.616,5.0,1000,1000,17.712,2.0,5,true,1000,0,56.766,47.969,50.925,54.904,4280.386,4456.102,64.785,64.785,14.515,20,20,243,same_worker,262,4822295
yjit-off/puma-long-tail-fib-200ms-x6p0/raptor-3r/repeat-1,yjit-off,false,puma-long-tail-fib-200ms-x6p0,puma-long-tail-hey,puma/benchmarks/local/long_tail_hey + test/rackup/sleep_fibonacci,https://github.com/puma/puma/blob/main/benchmarks/local/long_tail_hey.rb,raptor-3r,3,raptor,3,,363,360,28.998,5.0,360,360,28.742,2.0,18,true,363,0,12.518,241.679,242.99,19601.676,24388.222,24388.813,64.969,64.969,23.52,20,20,398,same_worker,3,65511
yjit-off/puma-long-tail-fib-200ms-x4p0/raptor-3r/repeat-1,yjit-off,false,puma-long-tail-fib-200ms-x4p0,puma-long-tail-hey,puma/benchmarks/local/long_tail_hey + test/rackup/sleep_fibonacci,https://github.com/puma/puma/blob/main/benchmarks/local/long_tail_hey.rb,raptor-3r,3,raptor,3,,243,240,19.428,5.0,240,240,19.164,2.0,12,true,243,0,12.508,241.902,243.234,12811.312,14827.106,14827.725,65.0,65.0,31.42,20,20,263,same_worker,2,43491
yjit-off/puma-long-tail-fib-200ms-x3p0/raptor-3r/repeat-1,yjit-off,false,puma-long-tail-fib-200ms-x3p0,puma-long-tail-hey,puma/benchmarks/local/long_tail_hey + test/rackup/sleep_fibonacci,https://github.com/puma/puma/blob/main/benchmarks/local/long_tail_hey.rb,raptor-3r,3,raptor,3,,183,180,14.625,5.0,180,180,14.384,2.0,9,true,183,0,12.513,241.746,243.522,10028.08,10028.482,10028.55,65.004,65.004,36.65,20,20,200,same_worker,2,33783
yjit-off/puma-long-tail-fib-200ms-x2p0/raptor-3r/repeat-1,yjit-off,false,puma-long-tail-fib-200ms-x2p0,puma-long-tail-hey,puma/benchmarks/local/long_tail_hey + test/rackup/sleep_fibonacci,https://github.com/puma/puma/blob/main/benchmarks/local/long_tail_hey.rb,raptor-3r,3,raptor,3,,123,120,9.834,5.0,120,120,9.584,2.0,6,true,123,0,12.507,241.784,242.715,5232.012,5232.397,5232.409,65.012,65.012,40.06,20,20,135,same_worker,0,21221
yjit-off/puma-long-tail-fib-200ms-x1p5/raptor-3r/repeat-1,yjit-off,false,puma-long-tail-fib-200ms-x1p5,puma-long-tail-hey,puma/benchmarks/local/long_tail_hey + test/rackup/sleep_fibonacci,https://github.com/puma/puma/blob/main/benchmarks/local/long_tail_hey.rb,raptor-3r,3,raptor,3,,103,100,9.829,5.0,100,100,9.588,2.0,5,true,103,0,10.48,241.699,242.686,5132.25,5233.272,5233.414,65.012,65.012,42.57,20,20,135,same_worker,1,18360
yjit-off/puma-long-tail-fib-200ms-x1p0/raptor-3r/repeat-1,yjit-off,false,puma-long-tail-fib-200ms-x1p0,puma-long-tail-hey,puma/benchmarks/local/long_tail_hey + test/rackup/sleep_fibonacci,https://github.com/puma/puma/blob/main/benchmarks/local/long_tail_hey.rb,raptor-3r,3,raptor,3,,63,60,5.038,5.0,60,60,4.795,2.0,3,true,63,0,12.506,241.712,242.611,242.889,242.91,242.913,65.02,65.02,44.12,20,20,69,same_worker,1,13464
yjit-off/puma-long-tail-fib-200ms-x0p5/raptor-3r/repeat-1,yjit-off,false,puma-long-tail-fib-200ms-x0p5,puma-long-tail-hey,puma/benchmarks/local/long_tail_hey + test/rackup/sleep_fibonacci,https://github.com/puma/puma/blob/main/benchmarks/local/long_tail_hey.rb,raptor-3r,3,raptor,3,,42,40,5.037,5.0,40,40,4.797,2.0,2,true,42,0,8.338,241.865,242.278,242.652,242.872,242.896,65.02,65.02,45.045,20,20,70,same_worker,0,7135
yjit-off/puma-sleep-fibonacci-1ms/raptor-3r/repeat-1,yjit-off,false,puma-sleep-fibonacci-1ms,puma-sleep-fibonacci-test,puma/benchmarks/local/sleep_fibonacci_test + test/rackup/sleep_fibonacci,https://github.com/puma/puma/blob/main/benchmarks/local/sleep_fibonacci_test.rb,raptor-3r,3,raptor,3,,122,10,5.01,5.0,10,49,2.02,2.0,1,true,122,0,24.354,41.954,42.849,42.943,42.948,42.948,65.02,65.02,45.02,20,20,70,same_worker,0,21673
yjit-off/puma-sleep-fibonacci-5ms/raptor-3r/repeat-1,yjit-off,false,puma-sleep-fibonacci-5ms,puma-sleep-fibonacci-test,puma/benchmarks/local/sleep_fibonacci_test + test/rackup/sleep_fibonacci,https://github.com/puma/puma/blob/main/benchmarks/local/sleep_fibonacci_test.rb,raptor-3r,3,raptor,3,,110,10,5.038,5.0,10,45,2.045,2.0,1,true,110,0,21.834,46.969,47.049,47.153,47.192,47.196,65.035,65.035,44.74,20,20,72,same_worker,0,18531
yjit-off/puma-sleep-fibonacci-10ms/raptor-3r/repeat-1,yjit-off,false,puma-sleep-fibonacci-10ms,puma-sleep-fibonacci-test,puma/benchmarks/local/sleep_fibonacci_test + test/rackup/sleep_fibonacci,https://github.com/puma/puma/blob/main/benchmarks/local/sleep_fibonacci_test.rb,raptor-3r,3,raptor,3,,99,10,5.02,5.0,10,40,2.015,2.0,1,true,99,0,19.719,50.988,51.927,52.119,52.243,52.257,65.051,65.051,44.5,20,20,72,same_worker,0,17616
yjit-off/puma-sleep-fibonacci-50ms/raptor-3r/repeat-1,yjit-off,false,puma-sleep-fibonacci-50ms,puma-sleep-fibonacci-test,puma/benchmarks/local/sleep_fibonacci_test + test/rackup/sleep_fibonacci,https://github.com/puma/puma/blob/main/benchmarks/local/sleep_fibonacci_test.rb,raptor-3r,3,raptor,3,,56,10,5.085,5.0,10,23,2.061,2.0,1,true,56,0,11.014,91.477,92.011,92.052,92.066,92.067,65.055,65.055,44.4,20,20,72,same_worker,0,10048
yjit-off/puma-sleep-fibonacci-100ms/raptor-3r/repeat-1,yjit-off,false,puma-sleep-fibonacci-100ms,puma-sleep-fibonacci-test,puma/benchmarks/local/sleep_fibonacci_test + test/rackup/sleep_fibonacci,https://github.com/puma/puma/blob/main/benchmarks/local/sleep_fibonacci_test.rb,raptor-3r,3,raptor,3,,36,10,5.06,5.0,10,15,2.086,2.0,1,true,36,0,7.115,141.921,142.02,142.613,142.891,142.922,65.063,65.063,44.4,20,20,72,same_worker,0,4207
yjit-off/puma-sleep-fibonacci-200ms/raptor-3r/repeat-1,yjit-off,false,puma-sleep-fibonacci-200ms,puma-sleep-fibonacci-test,puma/benchmarks/local/sleep_fibonacci_test + test/rackup/sleep_fibonacci,https://github.com/puma/puma/blob/main/benchmarks/local/sleep_fibonacci_test.rb,raptor-3r,3,raptor,3,,21,10,5.037,5.0,10,10,2.378,2.0,1,true,21,0,4.169,241.95,242.014,242.022,242.024,242.024,65.063,65.063,44.5,20,20,72,same_worker,1,6335
yjit-off/puma-response-array-1kb/raptor-3r/repeat-2,yjit-off,false,puma-response-array-1kb,puma-response-time-wrk,puma/benchmarks/local/response_time_wrk,https://github.com/puma/puma/blob/main/benchmarks/local/response_time_wrk.rb,raptor-3r,3,raptor,3,,1000,1000,16.115,5.0,1000,1000,16.091,2.0,5,true,1000,0,62.053,40.992,41.96,42.248,4029.971,4031.749,29.574,29.574,3.28,20,20,228,same_worker,15,719318
yjit-off/puma-response-chunk-1kb/raptor-3r/repeat-2,yjit-off,false,puma-response-chunk-1kb,puma-response-time-wrk,puma/benchmarks/local/response_time_wrk,https://github.com/puma/puma/blob/main/benchmarks/local/response_time_wrk.rb,raptor-3r,3,raptor,3,,1000,1000,16.113,5.0,1000,1000,16.085,2.0,5,true,1000,0,62.06,40.996,41.949,42.334,4028.951,4034.889,29.762,29.762,2.69,20,20,228,same_worker,15,717002
yjit-off/puma-response-string-1kb/raptor-3r/repeat-2,yjit-off,false,puma-response-string-1kb,puma-response-time-wrk,puma/benchmarks/local/response_time_wrk,https://github.com/puma/puma/blob/main/benchmarks/local/response_time_wrk.rb,raptor-3r,3,raptor,3,,1000,1000,16.122,5.0,1000,1000,16.085,2.0,5,true,1000,0,62.027,40.994,41.967,42.315,4031.568,4033.805,29.934,29.934,2.59,20,20,228,same_worker,15,720486
yjit-off/puma-response-io-1kb/raptor-3r/repeat-2,yjit-off,false,puma-response-io-1kb,puma-response-time-wrk,puma/benchmarks/local/response_time_wrk,https://github.com/puma/puma/blob/main/benchmarks/local/response_time_wrk.rb,raptor-3r,3,raptor,3,,1000,1000,16.122,5.0,1000,1000,16.086,2.0,5,true,1000,0,62.026,40.996,41.97,42.378,4032.295,4032.8,30.125,30.125,2.525,20,20,228,same_worker,15,726625
yjit-off/puma-response-array-10kb/raptor-3r/repeat-2,yjit-off,false,puma-response-array-10kb,puma-response-time-wrk,puma/benchmarks/local/response_time_wrk,https://github.com/puma/puma/blob/main/benchmarks/local/response_time_wrk.rb,raptor-3r,3,raptor,3,,1000,1000,16.134,5.0,1000,1000,16.097,2.0,5,true,1000,0,61.982,40.997,41.973,42.371,4032.741,4033.172,30.148,30.148,2.5,20,20,227,same_worker,15,719542
yjit-off/puma-response-chunk-10kb/raptor-3r/repeat-2,yjit-off,false,puma-response-chunk-10kb,puma-response-time-wrk,puma/benchmarks/local/response_time_wrk,https://github.com/puma/puma/blob/main/benchmarks/local/response_time_wrk.rb,raptor-3r,3,raptor,3,,1000,1000,16.13,5.0,1000,1000,16.09,2.0,5,true,1000,0,61.997,40.993,41.971,42.369,4030.6,4033.516,30.156,30.156,2.5,20,20,227,same_worker,15,717035
yjit-off/puma-response-string-10kb/raptor-3r/repeat-2,yjit-off,false,puma-response-string-10kb,puma-response-time-wrk,puma/benchmarks/local/response_time_wrk,https://github.com/puma/puma/blob/main/benchmarks/local/response_time_wrk.rb,raptor-3r,3,raptor,3,,1000,1000,16.13,5.0,1000,1000,16.1,2.0,5,true,1000,0,61.995,40.991,41.959,42.349,4035.364,4037.792,30.176,30.176,2.5,20,20,226,same_worker,15,719303
yjit-off/puma-response-io-10kb/raptor-3r/repeat-2,yjit-off,false,puma-response-io-10kb,puma-response-time-wrk,puma/benchmarks/local/response_time_wrk,https://github.com/puma/puma/blob/main/benchmarks/local/response_time_wrk.rb,raptor-3r,3,raptor,3,,1000,1000,16.124,5.0,1000,1000,16.108,2.0,5,true,1000,0,62.021,40.991,41.983,42.258,4036.322,4062.565,30.746,30.746,2.5,20,20,228,same_worker,15,746511
yjit-off/puma-response-array-100kb/raptor-3r/repeat-2,yjit-off,false,puma-response-array-100kb,puma-response-time-wrk,puma/benchmarks/local/response_time_wrk,https://github.com/puma/puma/blob/main/benchmarks/local/response_time_wrk.rb,raptor-3r,3,raptor,3,,1000,1000,14.197,5.0,1000,1000,15.234,2.0,5,true,1000,0,70.438,40.979,41.966,42.11,3798.805,3874.981,30.797,30.797,2.655,20,20,201,same_worker,15,718475
yjit-off/puma-response-chunk-100kb/raptor-3r/repeat-2,yjit-off,false,puma-response-chunk-100kb,puma-response-time-wrk,puma/benchmarks/local/response_time_wrk,https://github.com/puma/puma/blob/main/benchmarks/local/response_time_wrk.rb,raptor-3r,3,raptor,3,,1000,1000,15.256,5.0,1000,1000,15.122,2.0,5,true,1000,0,65.546,40.985,41.971,42.432,3787.76,3868.436,30.797,30.797,2.8,20,20,215,same_worker,15,716721
yjit-off/puma-response-string-100kb/raptor-3r/repeat-2,yjit-off,false,puma-response-string-100kb,puma-response-time-wrk,puma/benchmarks/local/response_time_wrk,https://github.com/puma/puma/blob/main/benchmarks/local/response_time_wrk.rb,raptor-3r,3,raptor,3,,12443,1000,5.002,5.0,1000,5111,2.002,2.0,5,true,12443,0,2487.566,1.112,1.879,5.54,119.934,136.47,31.051,31.051,4.055,20,20,67,same_worker,189,8949879
yjit-off/puma-response-io-100kb/raptor-3r/repeat-2,yjit-off,false,puma-response-io-100kb,puma-response-time-wrk,puma/benchmarks/local/response_time_wrk,https://github.com/puma/puma/blob/main/benchmarks/local/response_time_wrk.rb,raptor-3r,3,raptor,3,,1000,1000,15.37,5.0,1000,1000,14.749,2.0,5,true,1000,0,65.063,40.99,41.985,42.915,3798.368,3842.126,42.48,42.48,4.7,20,20,217,same_worker,20,925323
yjit-off/puma-response-array-256kb/raptor-3r/repeat-2,yjit-off,false,puma-response-array-256kb,puma-response-time-wrk,puma/benchmarks/local/response_time_wrk,https://github.com/puma/puma/blob/main/benchmarks/local/response_time_wrk.rb,raptor-3r,3,raptor,3,,1000,1000,14.269,5.0,1000,1000,13.878,2.0,5,true,1000,0,70.081,41.933,42.178,43.053,3536.165,3819.348,42.48,42.48,4.875,20,20,201,same_worker,15,720505
yjit-off/puma-response-chunk-256kb/raptor-3r/repeat-2,yjit-off,false,puma-response-chunk-256kb,puma-response-time-wrk,puma/benchmarks/local/response_time_wrk,https://github.com/puma/puma/blob/main/benchmarks/local/response_time_wrk.rb,raptor-3r,3,raptor,3,,1000,1000,14.693,5.0,1000,1000,12.542,2.0,5,true,1000,0,68.057,41.95,42.563,43.07,3770.737,3869.178,42.48,42.48,5.06,20,20,206,same_worker,15,716334
yjit-off/puma-response-string-256kb/raptor-3r/repeat-2,yjit-off,false,puma-response-string-256kb,puma-response-time-wrk,puma/benchmarks/local/response_time_wrk,https://github.com/puma/puma/blob/main/benchmarks/local/response_time_wrk.rb,raptor-3r,3,raptor,3,,9257,1000,5.002,5.0,1000,3655,2.003,2.0,5,true,9257,0,1850.557,1.538,2.422,41.684,145.089,174.677,42.48,42.48,5.855,20,20,66,same_worker,143,6655831
yjit-off/puma-response-io-256kb/raptor-3r/repeat-2,yjit-off,false,puma-response-io-256kb,puma-response-time-wrk,puma/benchmarks/local/response_time_wrk,https://github.com/puma/puma/blob/main/benchmarks/local/response_time_wrk.rb,raptor-3r,3,raptor,3,,1000,1000,14.681,5.0,1000,1000,13.125,2.0,5,true,1000,0,68.115,41.973,42.926,43.317,3726.092,3763.294,46.285,46.238,6.435,20,20,207,same_worker,29,1237801
yjit-off/puma-response-array-512kb/raptor-3r/repeat-2,yjit-off,false,puma-response-array-512kb,puma-response-time-wrk,puma/benchmarks/local/response_time_wrk,https://github.com/puma/puma/blob/main/benchmarks/local/response_time_wrk.rb,raptor-3r,3,raptor,3,,1000,1000,15.332,5.0,1000,1000,15.827,2.0,5,true,1000,0,65.224,41.993,43.04,44.074,3985.53,4037.058,46.238,46.238,6.68,20,20,216,same_worker,16,719140
yjit-off/puma-response-chunk-512kb/raptor-3r/repeat-2,yjit-off,false,puma-response-chunk-512kb,puma-response-time-wrk,puma/benchmarks/local/response_time_wrk,https://github.com/puma/puma/blob/main/benchmarks/local/response_time_wrk.rb,raptor-3r,3,raptor,3,,1000,1000,15.528,5.0,1000,1000,15.701,2.0,5,true,1000,0,64.401,41.992,43.056,43.985,3931.117,4033.066,46.238,46.238,6.95,20,20,220,same_worker,16,716313
yjit-off/puma-response-string-512kb/raptor-3r/repeat-2,yjit-off,false,puma-response-string-512kb,puma-response-time-wrk,puma/benchmarks/local/response_time_wrk,https://github.com/puma/puma/blob/main/benchmarks/local/response_time_wrk.rb,raptor-3r,3,raptor,3,,6934,1000,5.003,5.0,1000,2851,2.004,2.0,5,true,6934,0,1385.899,2.036,3.17,15.959,215.329,234.516,46.238,46.238,7.53,20,20,65,same_worker,108,4986399
yjit-off/puma-response-io-512kb/raptor-3r/repeat-2,yjit-off,false,puma-response-io-512kb,puma-response-time-wrk,puma/benchmarks/local/response_time_wrk,https://github.com/puma/puma/blob/main/benchmarks/local/response_time_wrk.rb,raptor-3r,3,raptor,3,,1000,1000,14.723,5.0,1000,1000,15.842,2.0,5,true,1000,0,67.921,42.936,43.985,44.959,3650.904,3755.16,64.453,62.789,8.115,20,20,205,same_worker,43,1749416
yjit-off/puma-response-array-1024kb/raptor-3r/repeat-2,yjit-off,false,puma-response-array-1024kb,puma-response-time-wrk,puma/benchmarks/local/response_time_wrk,https://github.com/puma/puma/blob/main/benchmarks/local/response_time_wrk.rb,raptor-3r,3,raptor,3,,1000,1000,15.204,5.0,1000,1000,15.428,2.0,5,true,1000,0,65.771,43.902,44.983,47.98,3824.279,3890.113,62.789,62.789,8.73,20,20,211,same_worker,15,719309
yjit-off/puma-response-chunk-1024kb/raptor-3r/repeat-2,yjit-off,false,puma-response-chunk-1024kb,puma-response-time-wrk,puma/benchmarks/local/response_time_wrk,https://github.com/puma/puma/blob/main/benchmarks/local/response_time_wrk.rb,raptor-3r,3,raptor,3,,1000,1000,15.033,5.0,1000,1000,15.975,2.0,5,true,1000,0,66.52,43.878,45.028,47.313,3613.066,3617.632,62.789,62.789,9.305,20,20,210,same_worker,16,716340
yjit-off/puma-response-string-1024kb/raptor-3r/repeat-2,yjit-off,false,puma-response-string-1024kb,puma-response-time-wrk,puma/benchmarks/local/response_time_wrk,https://github.com/puma/puma/blob/main/benchmarks/local/response_time_wrk.rb,raptor-3r,3,raptor,3,,4649,1000,5.006,5.0,1000,1964,2.004,2.0,5,true,4649,0,928.725,2.949,4.962,14.501,319.518,337.424,62.789,62.789,9.67,20,20,63,same_worker,73,3344399
yjit-off/puma-response-io-1024kb/raptor-3r/repeat-2,yjit-off,false,puma-response-io-1024kb,puma-response-time-wrk,puma/benchmarks/local/response_time_wrk,https://github.com/puma/puma/blob/main/benchmarks/local/response_time_wrk.rb,raptor-3r,3,raptor,3,,1000,1000,16.141,5.0,1000,1000,16.698,2.0,5,true,1000,0,61.956,44.002,45.876,47.237,4029.876,4196.668,66.836,66.836,10.375,20,20,226,same_worker,73,2773541
yjit-off/puma-response-array-2048kb/raptor-3r/repeat-2,yjit-off,false,puma-response-array-2048kb,puma-response-time-wrk,puma/benchmarks/local/response_time_wrk,https://github.com/puma/puma/blob/main/benchmarks/local/response_time_wrk.rb,raptor-3r,3,raptor,3,,1000,1000,15.371,5.0,1000,1000,17.023,2.0,5,true,1000,0,65.059,46.089,48.195,50.007,3620.838,3794.007,66.836,66.836,11.455,20,20,213,same_worker,16,719301
yjit-off/puma-response-chunk-2048kb/raptor-3r/repeat-2,yjit-off,false,puma-response-chunk-2048kb,puma-response-time-wrk,puma/benchmarks/local/response_time_wrk,https://github.com/puma/puma/blob/main/benchmarks/local/response_time_wrk.rb,raptor-3r,3,raptor,3,,1000,1000,15.185,5.0,1000,1000,15.995,2.0,5,true,1000,0,65.856,46.655,48.442,49.903,3663.933,3942.25,66.836,66.836,12.625,20,20,210,same_worker,16,716307
yjit-off/puma-response-string-2048kb/raptor-3r/repeat-2,yjit-off,false,puma-response-string-2048kb,puma-response-time-wrk,puma/benchmarks/local/response_time_wrk,https://github.com/puma/puma/blob/main/benchmarks/local/response_time_wrk.rb,raptor-3r,3,raptor,3,,2899,1000,5.008,5.0,1000,1184,2.024,2.0,5,true,2899,0,578.927,5.033,6.806,16.862,512.244,529.98,70.844,70.844,13.0,20,20,60,same_worker,46,2085295
yjit-off/puma-response-io-2048kb/raptor-3r/repeat-2,yjit-off,false,puma-response-io-2048kb,puma-response-time-wrk,puma/benchmarks/local/response_time_wrk,https://github.com/puma/puma/blob/main/benchmarks/local/response_time_wrk.rb,raptor-3r,3,raptor,3,,1000,1000,17.217,5.0,1000,1000,17.709,2.0,5,true,1000,0,58.081,47.91,50.903,52.976,4182.507,4358.017,79.984,79.984,14.165,20,20,239,same_worker,140,4821804
yjit-off/puma-long-tail-fib-200ms-x6p0/raptor-3r/repeat-2,yjit-off,false,puma-long-tail-fib-200ms-x6p0,puma-long-tail-hey,puma/benchmarks/local/long_tail_hey + test/rackup/sleep_fibonacci,https://github.com/puma/puma/blob/main/benchmarks/local/long_tail_hey.rb,raptor-3r,3,raptor,3,,363,360,28.982,5.0,360,360,28.744,2.0,18,true,363,0,12.525,241.455,243.006,19595.963,24381.422,24382.464,80.297,80.297,23.145,20,20,399,same_worker,1,64719
yjit-off/puma-long-tail-fib-200ms-x4p0/raptor-3r/repeat-2,yjit-off,false,puma-long-tail-fib-200ms-x4p0,puma-long-tail-hey,puma/benchmarks/local/long_tail_hey + test/rackup/sleep_fibonacci,https://github.com/puma/puma/blob/main/benchmarks/local/long_tail_hey.rb,raptor-3r,3,raptor,3,,243,240,19.402,5.0,240,240,19.164,2.0,12,true,243,0,12.524,241.094,242.963,12791.938,14804.914,14806.798,80.316,80.316,31.02,20,20,268,same_worker,1,43349
yjit-off/puma-long-tail-fib-200ms-x3p0/raptor-3r/repeat-2,yjit-off,false,puma-long-tail-fib-200ms-x3p0,puma-long-tail-hey,puma/benchmarks/local/long_tail_hey + test/rackup/sleep_fibonacci,https://github.com/puma/puma/blob/main/benchmarks/local/long_tail_hey.rb,raptor-3r,3,raptor,3,,183,180,14.618,5.0,180,180,14.371,2.0,9,true,183,0,12.519,241.623,242.538,10012.907,10014.974,10015.049,80.324,80.324,36.24,20,20,201,same_worker,0,29384
yjit-off/puma-long-tail-fib-200ms-x2p0/raptor-3r/repeat-2,yjit-off,false,puma-long-tail-fib-200ms-x2p0,puma-long-tail-hey,puma/benchmarks/local/long_tail_hey + test/rackup/sleep_fibonacci,https://github.com/puma/puma/blob/main/benchmarks/local/long_tail_hey.rb,raptor-3r,3,raptor,3,,123,120,9.83,5.0,120,120,9.579,2.0,6,true,123,0,12.513,241.717,242.778,5230.768,5230.895,5230.904,80.336,80.336,39.645,20,20,135,same_worker,0,20971
yjit-off/puma-long-tail-fib-200ms-x1p5/raptor-3r/repeat-2,yjit-off,false,puma-long-tail-fib-200ms-x1p5,puma-long-tail-hey,puma/benchmarks/local/long_tail_hey + test/rackup/sleep_fibonacci,https://github.com/puma/puma/blob/main/benchmarks/local/long_tail_hey.rb,raptor-3r,3,raptor,3,,103,100,9.818,5.0,100,100,9.584,2.0,5,true,103,0,10.491,241.156,242.619,5126.59,5226.395,5226.411,80.336,80.336,42.15,20,20,137,same_worker,0,16625
yjit-off/puma-long-tail-fib-200ms-x1p0/raptor-3r/repeat-2,yjit-off,false,puma-long-tail-fib-200ms-x1p0,puma-long-tail-hey,puma/benchmarks/local/long_tail_hey + test/rackup/sleep_fibonacci,https://github.com/puma/puma/blob/main/benchmarks/local/long_tail_hey.rb,raptor-3r,3,raptor,3,,63,60,5.032,5.0,60,60,4.792,2.0,3,true,63,0,12.52,241.319,242.339,242.566,242.682,242.695,80.344,80.344,43.695,20,20,71,same_worker,0,11056
yjit-off/puma-long-tail-fib-200ms-x0p5/raptor-3r/repeat-2,yjit-off,false,puma-long-tail-fib-200ms-x0p5,puma-long-tail-hey,puma/benchmarks/local/long_tail_hey + test/rackup/sleep_fibonacci,https://github.com/puma/puma/blob/main/benchmarks/local/long_tail_hey.rb,raptor-3r,3,raptor,3,,42,40,5.03,5.0,40,40,4.789,2.0,2,true,42,0,8.35,241.19,242.029,242.124,242.165,242.169,80.344,80.344,44.63,20,20,71,same_worker,0,7351
yjit-off/puma-sleep-fibonacci-1ms/raptor-3r/repeat-2,yjit-off,false,puma-sleep-fibonacci-1ms,puma-sleep-fibonacci-test,puma/benchmarks/local/sleep_fibonacci_test + test/rackup/sleep_fibonacci,https://github.com/puma/puma/blob/main/benchmarks/local/sleep_fibonacci_test.rb,raptor-3r,3,raptor,3,,122,10,5.013,5.0,10,49,2.017,2.0,1,true,122,0,24.337,41.985,42.965,43.009,44.026,44.166,80.387,80.387,44.61,20,20,72,same_worker,1,23538
yjit-off/puma-sleep-fibonacci-5ms/raptor-3r/repeat-2,yjit-off,false,puma-sleep-fibonacci-5ms,puma-sleep-fibonacci-test,puma/benchmarks/local/sleep_fibonacci_test + test/rackup/sleep_fibonacci,https://github.com/puma/puma/blob/main/benchmarks/local/sleep_fibonacci_test.rb,raptor-3r,3,raptor,3,,110,10,5.045,5.0,10,45,2.045,2.0,1,true,110,0,21.805,46.975,47.108,47.945,47.954,47.954,80.391,80.391,44.32,20,20,72,same_worker,0,19561
yjit-off/puma-sleep-fibonacci-10ms/raptor-3r/repeat-2,yjit-off,false,puma-sleep-fibonacci-10ms,puma-sleep-fibonacci-test,puma/benchmarks/local/sleep_fibonacci_test + test/rackup/sleep_fibonacci,https://github.com/puma/puma/blob/main/benchmarks/local/sleep_fibonacci_test.rb,raptor-3r,3,raptor,3,,99,10,5.015,5.0,10,40,2.006,2.0,1,true,99,0,19.742,50.98,51.325,51.951,51.955,51.955,80.391,80.391,44.09,20,20,72,same_worker,1,16960
yjit-off/puma-sleep-fibonacci-50ms/raptor-3r/repeat-2,yjit-off,false,puma-sleep-fibonacci-50ms,puma-sleep-fibonacci-test,puma/benchmarks/local/sleep_fibonacci_test + test/rackup/sleep_fibonacci,https://github.com/puma/puma/blob/main/benchmarks/local/sleep_fibonacci_test.rb,raptor-3r,3,raptor,3,,56,10,5.085,5.0,10,23,2.063,2.0,1,true,56,0,11.013,91.432,92.027,92.051,92.056,92.057,80.398,80.398,44.0,20,20,73,same_worker,0,10048
yjit-off/puma-sleep-fibonacci-100ms/raptor-3r/repeat-2,yjit-off,false,puma-sleep-fibonacci-100ms,puma-sleep-fibonacci-test,puma/benchmarks/local/sleep_fibonacci_test + test/rackup/sleep_fibonacci,https://github.com/puma/puma/blob/main/benchmarks/local/sleep_fibonacci_test.rb,raptor-3r,3,raptor,3,,36,10,5.051,5.0,10,15,2.079,2.0,1,true,36,0,7.127,141.003,141.992,142.02,142.024,142.025,80.41,80.41,44.0,20,20,73,same_worker,0,6528
yjit-off/puma-sleep-fibonacci-200ms/raptor-3r/repeat-2,yjit-off,false,puma-sleep-fibonacci-200ms,puma-sleep-fibonacci-test,puma/benchmarks/local/sleep_fibonacci_test + test/rackup/sleep_fibonacci,https://github.com/puma/puma/blob/main/benchmarks/local/sleep_fibonacci_test.rb,raptor-3r,3,raptor,3,,21,10,5.037,5.0,10,10,2.376,2.0,1,true,21,0,4.169,241.953,242.034,242.771,242.937,242.956,80.426,80.426,44.1,20,20,72,same_worker,1,4834
yjit-off/puma-response-array-1kb/raptor-3r/repeat-3,yjit-off,false,puma-response-array-1kb,puma-response-time-wrk,puma/benchmarks/local/response_time_wrk,https://github.com/puma/puma/blob/main/benchmarks/local/response_time_wrk.rb,raptor-3r,3,raptor,3,,1000,1000,16.118,5.0,1000,1000,16.089,2.0,5,true,1000,0,62.042,40.993,41.979,42.271,4034.99,4036.284,29.629,29.629,3.255,20,20,228,same_worker,16,719312
yjit-off/puma-response-chunk-1kb/raptor-3r/repeat-3,yjit-off,false,puma-response-chunk-1kb,puma-response-time-wrk,puma/benchmarks/local/response_time_wrk,https://github.com/puma/puma/blob/main/benchmarks/local/response_time_wrk.rb,raptor-3r,3,raptor,3,,1000,1000,16.114,5.0,1000,1000,16.089,2.0,5,true,1000,0,62.057,40.986,41.949,42.324,4027.825,4030.314,29.648,29.648,2.735,20,20,228,same_worker,15,716314
yjit-off/puma-response-string-1kb/raptor-3r/repeat-3,yjit-off,false,puma-response-string-1kb,puma-response-time-wrk,puma/benchmarks/local/response_time_wrk,https://github.com/puma/puma/blob/main/benchmarks/local/response_time_wrk.rb,raptor-3r,3,raptor,3,,1000,1000,16.12,5.0,1000,1000,16.089,2.0,5,true,1000,0,62.035,40.99,41.964,42.324,4031.695,4032.054,29.859,29.859,2.595,20,20,227,same_worker,15,719987
yjit-off/puma-response-io-1kb/raptor-3r/repeat-3,yjit-off,false,puma-response-io-1kb,puma-response-time-wrk,puma/benchmarks/local/response_time_wrk,https://github.com/puma/puma/blob/main/benchmarks/local/response_time_wrk.rb,raptor-3r,3,raptor,3,,1000,1000,16.104,5.0,1000,1000,16.085,2.0,5,true,1000,0,62.098,40.991,41.947,42.246,4028.968,4032.011,29.934,29.934,2.505,20,20,228,same_worker,16,728966
yjit-off/puma-response-array-10kb/raptor-3r/repeat-3,yjit-off,false,puma-response-array-10kb,puma-response-time-wrk,puma/benchmarks/local/response_time_wrk,https://github.com/puma/puma/blob/main/benchmarks/local/response_time_wrk.rb,raptor-3r,3,raptor,3,,1000,1000,16.131,5.0,1000,1000,16.086,2.0,5,true,1000,0,61.991,40.994,41.974,42.323,4034.915,4065.045,30.039,30.039,2.5,20,20,228,same_worker,15,719291
yjit-off/puma-response-chunk-10kb/raptor-3r/repeat-3,yjit-off,false,puma-response-chunk-10kb,puma-response-time-wrk,puma/benchmarks/local/response_time_wrk,https://github.com/puma/puma/blob/main/benchmarks/local/response_time_wrk.rb,raptor-3r,3,raptor,3,,1000,1000,16.131,5.0,1000,1000,16.086,2.0,5,true,1000,0,61.991,40.988,41.957,42.166,4037.972,4065.173,30.066,30.066,2.5,20,20,228,same_worker,15,716309
yjit-off/puma-response-string-10kb/raptor-3r/repeat-3,yjit-off,false,puma-response-string-10kb,puma-response-time-wrk,puma/benchmarks/local/response_time_wrk,https://github.com/puma/puma/blob/main/benchmarks/local/response_time_wrk.rb,raptor-3r,3,raptor,3,,1000,1000,16.126,5.0,1000,1000,16.086,2.0,5,true,1000,0,62.012,40.993,41.98,42.499,4034.181,4034.444,30.07,30.07,2.49,20,20,228,same_worker,15,720829
yjit-off/puma-response-io-10kb/raptor-3r/repeat-3,yjit-off,false,puma-response-io-10kb,puma-response-time-wrk,puma/benchmarks/local/response_time_wrk,https://github.com/puma/puma/blob/main/benchmarks/local/response_time_wrk.rb,raptor-3r,3,raptor,3,,1000,1000,16.128,5.0,1000,1000,16.085,2.0,5,true,1000,0,62.006,40.997,41.975,42.468,4036.512,4038.019,30.676,30.676,2.5,20,20,228,same_worker,16,746635
yjit-off/puma-response-array-100kb/raptor-3r/repeat-3,yjit-off,false,puma-response-array-100kb,puma-response-time-wrk,puma/benchmarks/local/response_time_wrk,https://github.com/puma/puma/blob/main/benchmarks/local/response_time_wrk.rb,raptor-3r,3,raptor,3,,1000,1000,15.698,5.0,1000,1000,14.01,2.0,5,true,1000,0,63.703,40.982,41.967,42.923,3922.458,3939.096,30.848,30.848,2.61,20,20,222,same_worker,15,717853
yjit-off/puma-response-chunk-100kb/raptor-3r/repeat-3,yjit-off,false,puma-response-chunk-100kb,puma-response-time-wrk,puma/benchmarks/local/response_time_wrk,https://github.com/puma/puma/blob/main/benchmarks/local/response_time_wrk.rb,raptor-3r,3,raptor,3,,1000,1000,15.445,5.0,1000,1000,13.01,2.0,5,true,1000,0,64.745,40.981,41.966,42.173,3876.51,3911.589,30.887,30.887,2.8,20,20,218,same_worker,15,716300
yjit-off/puma-response-string-100kb/raptor-3r/repeat-3,yjit-off,false,puma-response-string-100kb,puma-response-time-wrk,puma/benchmarks/local/response_time_wrk,https://github.com/puma/puma/blob/main/benchmarks/local/response_time_wrk.rb,raptor-3r,3,raptor,3,,12191,1000,5.002,5.0,1000,4888,2.002,2.0,5,true,12191,0,2437.419,1.122,1.968,9.056,119.395,151.142,31.238,31.238,4.01,20,20,67,same_worker,185,8767190
yjit-off/puma-response-io-100kb/raptor-3r/repeat-3,yjit-off,false,puma-response-io-100kb,puma-response-time-wrk,puma/benchmarks/local/response_time_wrk,https://github.com/puma/puma/blob/main/benchmarks/local/response_time_wrk.rb,raptor-3r,3,raptor,3,,1000,1000,15.194,5.0,1000,1000,13.576,2.0,5,true,1000,0,65.816,40.987,41.985,42.938,3714.972,3878.065,41.711,41.711,4.7,20,20,215,same_worker,20,925085
yjit-off/puma-response-array-256kb/raptor-3r/repeat-3,yjit-off,false,puma-response-array-256kb,puma-response-time-wrk,puma/benchmarks/local/response_time_wrk,https://github.com/puma/puma/blob/main/benchmarks/local/response_time_wrk.rb,raptor-3r,3,raptor,3,,1000,1000,14.752,5.0,1000,1000,13.77,2.0,5,true,1000,0,67.785,41.942,42.185,43.061,3707.278,3780.845,41.711,41.711,4.845,20,20,209,same_worker,16,720273
yjit-off/puma-response-chunk-256kb/raptor-3r/repeat-3,yjit-off,false,puma-response-chunk-256kb,puma-response-time-wrk,puma/benchmarks/local/response_time_wrk,https://github.com/puma/puma/blob/main/benchmarks/local/response_time_wrk.rb,raptor-3r,3,raptor,3,,1000,1000,14.305,5.0,1000,1000,12.428,2.0,5,true,1000,0,69.905,41.937,42.223,43.124,3825.613,3892.476,41.711,41.711,5.05,20,20,202,same_worker,17,716317
yjit-off/puma-response-string-256kb/raptor-3r/repeat-3,yjit-off,false,puma-response-string-256kb,puma-response-time-wrk,puma/benchmarks/local/response_time_wrk,https://github.com/puma/puma/blob/main/benchmarks/local/response_time_wrk.rb,raptor-3r,3,raptor,3,,9461,1000,5.002,5.0,1000,4004,2.024,2.0,5,true,9461,0,1891.508,1.493,2.401,17.245,155.165,165.722,41.711,41.711,5.87,20,20,66,same_worker,153,6804132
yjit-off/puma-response-io-256kb/raptor-3r/repeat-3,yjit-off,false,puma-response-io-256kb,puma-response-time-wrk,puma/benchmarks/local/response_time_wrk,https://github.com/puma/puma/blob/main/benchmarks/local/response_time_wrk.rb,raptor-3r,3,raptor,3,,1000,1000,14.263,5.0,1000,1000,12.129,2.0,5,true,1000,0,70.11,41.972,42.823,43.722,3529.783,3686.796,49.617,49.617,6.475,20,20,201,same_worker,27,1237355
yjit-off/puma-response-array-512kb/raptor-3r/repeat-3,yjit-off,false,puma-response-array-512kb,puma-response-time-wrk,puma/benchmarks/local/response_time_wrk,https://github.com/puma/puma/blob/main/benchmarks/local/response_time_wrk.rb,raptor-3r,3,raptor,3,,1000,1000,15.207,5.0,1000,1000,15.709,2.0,5,true,1000,0,65.761,41.993,43.121,45.692,3716.124,3966.299,49.617,49.617,6.73,20,20,214,same_worker,16,717874
yjit-off/puma-response-chunk-512kb/raptor-3r/repeat-3,yjit-off,false,puma-response-chunk-512kb,puma-response-time-wrk,puma/benchmarks/local/response_time_wrk,https://github.com/puma/puma/blob/main/benchmarks/local/response_time_wrk.rb,raptor-3r,3,raptor,3,,1000,1000,15.336,5.0,1000,1000,14.928,2.0,5,true,1000,0,65.206,41.998,43.093,44.015,3734.599,3929.502,49.617,49.617,6.965,20,20,217,same_worker,16,715532
yjit-off/puma-response-string-512kb/raptor-3r/repeat-3,yjit-off,false,puma-response-string-512kb,puma-response-time-wrk,puma/benchmarks/local/response_time_wrk,https://github.com/puma/puma/blob/main/benchmarks/local/response_time_wrk.rb,raptor-3r,3,raptor,3,,6738,1000,5.003,5.0,1000,2678,2.005,2.0,5,true,6738,0,1346.714,2.049,3.379,13.931,230.245,251.599,49.617,49.617,7.475,20,20,65,same_worker,109,4845653
yjit-off/puma-response-io-512kb/raptor-3r/repeat-3,yjit-off,false,puma-response-io-512kb,puma-response-time-wrk,puma/benchmarks/local/response_time_wrk,https://github.com/puma/puma/blob/main/benchmarks/local/response_time_wrk.rb,raptor-3r,3,raptor,3,,1000,1000,15.312,5.0,1000,1000,15.229,2.0,5,true,1000,0,65.307,42.947,43.934,45.25,3899.858,3957.22,63.43,63.43,8.02,20,20,215,same_worker,41,1750109
yjit-off/puma-response-array-1024kb/raptor-3r/repeat-3,yjit-off,false,puma-response-array-1024kb,puma-response-time-wrk,puma/benchmarks/local/response_time_wrk,https://github.com/puma/puma/blob/main/benchmarks/local/response_time_wrk.rb,raptor-3r,3,raptor,3,,1000,1000,14.651,5.0,1000,1000,15.813,2.0,5,true,1000,0,68.254,43.08,44.935,46.338,3817.91,4059.125,59.273,59.273,8.63,20,20,203,same_worker,16,719313
yjit-off/puma-response-chunk-1024kb/raptor-3r/repeat-3,yjit-off,false,puma-response-chunk-1024kb,puma-response-time-wrk,puma/benchmarks/local/response_time_wrk,https://github.com/puma/puma/blob/main/benchmarks/local/response_time_wrk.rb,raptor-3r,3,raptor,3,,1000,1000,15.312,5.0,1000,1000,15.148,2.0,5,true,1000,0,65.31,43.399,44.846,46.218,3794.473,3925.709,59.273,59.273,9.195,20,20,215,same_worker,16,716309
yjit-off/puma-response-string-1024kb/raptor-3r/repeat-3,yjit-off,false,puma-response-string-1024kb,puma-response-time-wrk,puma/benchmarks/local/response_time_wrk,https://github.com/puma/puma/blob/main/benchmarks/local/response_time_wrk.rb,raptor-3r,3,raptor,3,,4510,1000,5.004,5.0,1000,1811,2.005,2.0,5,true,4510,0,901.327,2.987,5.727,16.139,331.155,341.85,59.273,59.273,9.545,20,20,63,same_worker,74,3243850
yjit-off/puma-response-io-1024kb/raptor-3r/repeat-3,yjit-off,false,puma-response-io-1024kb,puma-response-time-wrk,puma/benchmarks/local/response_time_wrk,https://github.com/puma/puma/blob/main/benchmarks/local/response_time_wrk.rb,raptor-3r,3,raptor,3,,1000,1000,15.531,5.0,1000,1000,16.453,2.0,5,true,1000,0,64.386,44.42,46.217,48.173,3753.009,3863.625,69.461,68.547,10.285,20,20,216,same_worker,70,2773513
yjit-off/puma-response-array-2048kb/raptor-3r/repeat-3,yjit-off,false,puma-response-array-2048kb,puma-response-time-wrk,puma/benchmarks/local/response_time_wrk,https://github.com/puma/puma/blob/main/benchmarks/local/response_time_wrk.rb,raptor-3r,3,raptor,3,,1000,1000,15.214,5.0,1000,1000,16.615,2.0,5,true,1000,0,65.727,46.017,48.095,49.886,3644.672,3725.17,68.547,68.547,11.385,20,20,211,same_worker,17,719311
yjit-off/puma-response-chunk-2048kb/raptor-3r/repeat-3,yjit-off,false,puma-response-chunk-2048kb,puma-response-time-wrk,puma/benchmarks/local/response_time_wrk,https://github.com/puma/puma/blob/main/benchmarks/local/response_time_wrk.rb,raptor-3r,3,raptor,3,,1000,1000,15.792,5.0,1000,1000,16.278,2.0,5,true,1000,0,63.325,46.802,48.128,49.959,3776.921,4286.962,68.547,68.547,12.53,20,20,219,same_worker,17,715140
yjit-off/puma-response-string-2048kb/raptor-3r/repeat-3,yjit-off,false,puma-response-string-2048kb,puma-response-time-wrk,puma/benchmarks/local/response_time_wrk,https://github.com/puma/puma/blob/main/benchmarks/local/response_time_wrk.rb,raptor-3r,3,raptor,3,,2861,1000,5.008,5.0,1000,1127,2.089,2.0,5,true,2861,0,571.289,5.115,6.981,13.156,535.336,562.997,72.555,72.555,12.915,20,20,61,same_worker,47,2054465
yjit-off/puma-response-io-2048kb/raptor-3r/repeat-3,yjit-off,false,puma-response-io-2048kb,puma-response-time-wrk,puma/benchmarks/local/response_time_wrk,https://github.com/puma/puma/blob/main/benchmarks/local/response_time_wrk.rb,raptor-3r,3,raptor,3,,1000,1000,17.435,5.0,1000,1000,17.692,2.0,5,true,1000,0,57.355,47.993,51.011,53.762,4277.459,4492.745,81.422,81.422,14.12,20,20,241,same_worker,133,4822942
yjit-off/puma-long-tail-fib-200ms-x6p0/raptor-3r/repeat-3,yjit-off,false,puma-long-tail-fib-200ms-x6p0,puma-long-tail-hey,puma/benchmarks/local/long_tail_hey + test/rackup/sleep_fibonacci,https://github.com/puma/puma/blob/main/benchmarks/local/long_tail_hey.rb,raptor-3r,3,raptor,3,,363,360,29.018,5.0,360,360,28.769,2.0,18,true,363,0,12.509,241.905,243.028,19611.027,24406.768,24406.872,81.727,81.727,23.195,20,20,395,same_worker,1,65733
yjit-off/puma-long-tail-fib-200ms-x4p0/raptor-3r/repeat-3,yjit-off,false,puma-long-tail-fib-200ms-x4p0,puma-long-tail-hey,puma/benchmarks/local/long_tail_hey + test/rackup/sleep_fibonacci,https://github.com/puma/puma/blob/main/benchmarks/local/long_tail_hey.rb,raptor-3r,3,raptor,3,,243,240,19.418,5.0,240,240,19.18,2.0,12,true,243,0,12.514,241.761,242.843,12806.965,14820.745,14821.143,79.785,79.785,31.13,20,20,267,same_worker,1,42276
yjit-off/puma-long-tail-fib-200ms-x3p0/raptor-3r/repeat-3,yjit-off,false,puma-long-tail-fib-200ms-x3p0,puma-long-tail-hey,puma/benchmarks/local/long_tail_hey + test/rackup/sleep_fibonacci,https://github.com/puma/puma/blob/main/benchmarks/local/long_tail_hey.rb,raptor-3r,3,raptor,3,,183,180,14.629,5.0,180,180,14.378,2.0,9,true,183,0,12.51,241.82,242.994,10018.589,10023.239,10024.209,79.793,79.793,36.39,20,20,202,same_worker,1,33811
yjit-off/puma-long-tail-fib-200ms-x2p0/raptor-3r/repeat-3,yjit-off,false,puma-long-tail-fib-200ms-x2p0,puma-long-tail-hey,puma/benchmarks/local/long_tail_hey + test/rackup/sleep_fibonacci,https://github.com/puma/puma/blob/main/benchmarks/local/long_tail_hey.rb,raptor-3r,3,raptor,3,,123,120,9.835,5.0,120,120,9.581,2.0,6,true,123,0,12.506,241.871,242.979,5230.342,5235.294,5235.974,79.809,79.809,39.82,20,20,136,same_worker,0,19711
yjit-off/puma-long-tail-fib-200ms-x1p5/raptor-3r/repeat-3,yjit-off,false,puma-long-tail-fib-200ms-x1p5,puma-long-tail-hey,puma/benchmarks/local/long_tail_hey + test/rackup/sleep_fibonacci,https://github.com/puma/puma/blob/main/benchmarks/local/long_tail_hey.rb,raptor-3r,3,raptor,3,,103,100,9.833,5.0,100,100,9.579,2.0,5,true,103,0,10.475,241.895,242.555,5137.539,5237.703,5237.737,79.813,79.813,42.35,20,20,136,same_worker,0,15828
yjit-off/puma-long-tail-fib-200ms-x1p0/raptor-3r/repeat-3,yjit-off,false,puma-long-tail-fib-200ms-x1p0,puma-long-tail-hey,puma/benchmarks/local/long_tail_hey + test/rackup/sleep_fibonacci,https://github.com/puma/puma/blob/main/benchmarks/local/long_tail_hey.rb,raptor-3r,3,raptor,3,,63,60,5.036,5.0,60,60,4.793,2.0,3,true,63,0,12.51,241.674,242.443,242.666,242.673,242.674,79.813,79.813,43.895,20,20,70,same_worker,1,13430
yjit-off/puma-long-tail-fib-200ms-x0p5/raptor-3r/repeat-3,yjit-off,false,puma-long-tail-fib-200ms-x0p5,puma-long-tail-hey,puma/benchmarks/local/long_tail_hey + test/rackup/sleep_fibonacci,https://github.com/puma/puma/blob/main/benchmarks/local/long_tail_hey.rb,raptor-3r,3,raptor,3,,42,40,5.035,5.0,40,40,4.794,2.0,2,true,42,0,8.342,241.692,242.235,242.623,242.859,242.885,79.813,79.813,44.84,20,20,71,same_worker,0,6448
yjit-off/puma-sleep-fibonacci-1ms/raptor-3r/repeat-3,yjit-off,false,puma-sleep-fibonacci-1ms,puma-sleep-fibonacci-test,puma/benchmarks/local/sleep_fibonacci_test + test/rackup/sleep_fibonacci,https://github.com/puma/puma/blob/main/benchmarks/local/sleep_fibonacci_test.rb,raptor-3r,3,raptor,3,,122,10,5.008,5.0,10,49,2.017,2.0,1,true,122,0,24.362,41.982,42.392,42.991,43.01,43.012,79.813,79.813,44.815,20,20,72,same_worker,1,23520
yjit-off/puma-sleep-fibonacci-5ms/raptor-3r/repeat-3,yjit-off,false,puma-sleep-fibonacci-5ms,puma-sleep-fibonacci-test,puma/benchmarks/local/sleep_fibonacci_test + test/rackup/sleep_fibonacci,https://github.com/puma/puma/blob/main/benchmarks/local/sleep_fibonacci_test.rb,raptor-3r,3,raptor,3,,110,10,5.037,5.0,10,45,2.043,2.0,1,true,110,0,21.84,46.973,47.162,47.977,47.986,47.987,79.832,79.832,44.53,20,20,72,same_worker,0,19561
yjit-off/puma-sleep-fibonacci-10ms/raptor-3r/repeat-3,yjit-off,false,puma-sleep-fibonacci-10ms,puma-sleep-fibonacci-test,puma/benchmarks/local/sleep_fibonacci_test + test/rackup/sleep_fibonacci,https://github.com/puma/puma/blob/main/benchmarks/local/sleep_fibonacci_test.rb,raptor-3r,3,raptor,3,,98,10,5.018,5.0,10,40,2.017,2.0,1,true,98,0,19.53,51.904,52.05,52.181,52.577,52.621,79.891,79.891,44.295,20,20,71,same_worker,0,17440
yjit-off/puma-sleep-fibonacci-50ms/raptor-3r/repeat-3,yjit-off,false,puma-sleep-fibonacci-50ms,puma-sleep-fibonacci-test,puma/benchmarks/local/sleep_fibonacci_test + test/rackup/sleep_fibonacci,https://github.com/puma/puma/blob/main/benchmarks/local/sleep_fibonacci_test.rb,raptor-3r,3,raptor,3,,55,10,5.008,5.0,10,23,2.066,2.0,1,true,55,0,10.983,91.928,92.908,93.026,93.05,93.053,79.891,79.891,44.2,20,20,71,same_worker,0,8321
yjit-off/puma-sleep-fibonacci-100ms/raptor-3r/repeat-3,yjit-off,false,puma-sleep-fibonacci-100ms,puma-sleep-fibonacci-test,puma/benchmarks/local/sleep_fibonacci_test + test/rackup/sleep_fibonacci,https://github.com/puma/puma/blob/main/benchmarks/local/sleep_fibonacci_test.rb,raptor-3r,3,raptor,3,,36,10,5.058,5.0,10,15,2.086,2.0,1,true,36,0,7.118,141.904,142.063,142.142,142.173,142.176,79.891,79.891,44.2,20,20,72,same_worker,1,7878
yjit-off/puma-sleep-fibonacci-200ms/raptor-3r/repeat-3,yjit-off,false,puma-sleep-fibonacci-200ms,puma-sleep-fibonacci-test,puma/benchmarks/local/sleep_fibonacci_test + test/rackup/sleep_fibonacci,https://github.com/puma/puma/blob/main/benchmarks/local/sleep_fibonacci_test.rb,raptor-3r,3,raptor,3,,21,10,5.034,5.0,10,10,2.376,2.0,1,true,21,0,4.172,241.88,242.014,242.047,242.055,242.056,79.891,79.891,44.3,20,20,72,same_worker,0,3888
yjit-off/puma-response-array-1kb/puma-1w-3t/repeat-1,yjit-off,false,puma-response-array-1kb,puma-response-time-wrk,puma/benchmarks/local/response_time_wrk,https://github.com/puma/puma/blob/main/benchmarks/local/response_time_wrk.rb,puma-1w-3t,3,puma,1,3,16209,1000,5.001,5.0,1000,6600,2.001,2.0,5,true,16209,0,3241.065,1.479,1.985,2.392,3.125,3.97,66.234,66.113,96.52,20,20,66,multiprocess_sample_only,,
yjit-off/puma-response-chunk-1kb/puma-1w-3t/repeat-1,yjit-off,false,puma-response-chunk-1kb,puma-response-time-wrk,puma/benchmarks/local/response_time_wrk,https://github.com/puma/puma/blob/main/benchmarks/local/response_time_wrk.rb,puma-1w-3t,3,puma,1,3,15690,1000,5.001,5.0,1000,6473,2.001,2.0,5,true,15690,0,3137.302,1.522,2.076,2.529,3.193,3.664,66.41,66.242,91.99,20,20,66,multiprocess_sample_only,,
yjit-off/puma-response-string-1kb/puma-1w-3t/repeat-1,yjit-off,false,puma-response-string-1kb,puma-response-time-wrk,puma/benchmarks/local/response_time_wrk,https://github.com/puma/puma/blob/main/benchmarks/local/response_time_wrk.rb,puma-1w-3t,3,puma,1,3,16224,1000,5.001,5.0,1000,6636,2.001,2.0,5,true,16224,0,3244.095,1.476,1.986,2.426,3.15,4.009,66.457,66.332,90.975,20,20,66,multiprocess_sample_only,,
yjit-off/puma-response-io-1kb/puma-1w-3t/repeat-1,yjit-off,false,puma-response-io-1kb,puma-response-time-wrk,puma/benchmarks/local/response_time_wrk,https://github.com/puma/puma/blob/main/benchmarks/local/response_time_wrk.rb,puma-1w-3t,3,puma,1,3,15769,1000,5.001,5.0,1000,6578,2.001,2.0,5,true,15769,0,3153.245,1.515,2.082,2.532,3.346,4.38,66.703,66.703,91.82,20,20,66,multiprocess_sample_only,,
yjit-off/puma-response-array-10kb/puma-1w-3t/repeat-1,yjit-off,false,puma-response-array-10kb,puma-response-time-wrk,puma/benchmarks/local/response_time_wrk,https://github.com/puma/puma/blob/main/benchmarks/local/response_time_wrk.rb,puma-1w-3t,3,puma,1,3,15915,1000,5.001,5.0,1000,6580,2.001,2.0,5,true,15915,0,3182.312,1.502,2.053,2.545,3.116,3.729,68.27,68.27,91.945,20,20,66,multiprocess_sample_only,,
yjit-off/puma-response-chunk-10kb/puma-1w-3t/repeat-1,yjit-off,false,puma-response-chunk-10kb,puma-response-time-wrk,puma/benchmarks/local/response_time_wrk,https://github.com/puma/puma/blob/main/benchmarks/local/response_time_wrk.rb,puma-1w-3t,3,puma,1,3,13887,1000,5.002,5.0,1000,5705,2.001,2.0,5,true,13887,0,2776.242,1.732,2.308,2.791,3.573,4.691,68.617,68.617,91.33,20,20,66,multiprocess_sample_only,,
yjit-off/puma-response-string-10kb/puma-1w-3t/repeat-1,yjit-off,false,puma-response-string-10kb,puma-response-time-wrk,puma/benchmarks/local/response_time_wrk,https://github.com/puma/puma/blob/main/benchmarks/local/response_time_wrk.rb,puma-1w-3t,3,puma,1,3,15548,1000,5.001,5.0,1000,6430,2.001,2.0,5,true,15548,0,3108.946,1.532,2.149,2.622,3.528,4.225,68.703,68.703,90.915,20,20,66,multiprocess_sample_only,,
yjit-off/puma-response-io-10kb/puma-1w-3t/repeat-1,yjit-off,false,puma-response-io-10kb,puma-response-time-wrk,puma/benchmarks/local/response_time_wrk,https://github.com/puma/puma/blob/main/benchmarks/local/response_time_wrk.rb,puma-1w-3t,3,puma,1,3,15434,1000,5.001,5.0,1000,6316,2.001,2.0,5,true,15434,0,3086.152,1.546,2.181,2.655,3.36,5.293,69.379,69.23,91.395,20,20,66,multiprocess_sample_only,,
yjit-off/puma-response-array-100kb/puma-1w-3t/repeat-1,yjit-off,false,puma-response-array-100kb,puma-response-time-wrk,puma/benchmarks/local/response_time_wrk,https://github.com/puma/puma/blob/main/benchmarks/local/response_time_wrk.rb,puma-1w-3t,3,puma,1,3,12610,1000,5.001,5.0,1000,5086,2.002,2.0,5,true,12610,0,2521.301,1.929,2.479,2.963,3.964,4.562,77.078,76.754,91.51,20,20,65,multiprocess_sample_only,,
yjit-off/puma-response-chunk-100kb/puma-1w-3t/repeat-1,yjit-off,false,puma-response-chunk-100kb,puma-response-time-wrk,puma/benchmarks/local/response_time_wrk,https://github.com/puma/puma/blob/main/benchmarks/local/response_time_wrk.rb,puma-1w-3t,3,puma,1,3,6468,1000,5.003,5.0,1000,2639,2.003,2.0,5,true,6468,0,1292.909,3.815,4.723,5.2,6.82,7.989,73.43,73.43,90.895,20,20,62,multiprocess_sample_only,,
yjit-off/puma-response-string-100kb/puma-1w-3t/repeat-1,yjit-off,false,puma-response-string-100kb,puma-response-time-wrk,puma/benchmarks/local/response_time_wrk,https://github.com/puma/puma/blob/main/benchmarks/local/response_time_wrk.rb,puma-1w-3t,3,puma,1,3,12552,1000,5.001,5.0,1000,5243,2.001,2.0,5,true,12552,0,2509.735,1.933,2.486,2.928,3.843,5.103,77.426,76.387,90.325,20,20,65,multiprocess_sample_only,,
yjit-off/puma-response-io-100kb/puma-1w-3t/repeat-1,yjit-off,false,puma-response-io-100kb,puma-response-time-wrk,puma/benchmarks/local/response_time_wrk,https://github.com/puma/puma/blob/main/benchmarks/local/response_time_wrk.rb,puma-1w-3t,3,puma,1,3,12606,1000,5.002,5.0,1000,5128,2.004,2.0,5,true,12606,0,2520.221,1.528,2.269,40.98,42.64,44.862,70.0,69.75,90.005,20,20,66,multiprocess_sample_only,,
yjit-off/puma-response-array-256kb/puma-1w-3t/repeat-1,yjit-off,false,puma-response-array-256kb,puma-response-time-wrk,puma/benchmarks/local/response_time_wrk,https://github.com/puma/puma/blob/main/benchmarks/local/response_time_wrk.rb,puma-1w-3t,3,puma,1,3,9451,1000,5.002,5.0,1000,3783,2.003,2.0,5,true,9451,0,1889.32,2.413,3.965,6.287,12.966,13.354,109.957,104.922,89.65,20,20,64,multiprocess_sample_only,,
yjit-off/puma-response-chunk-256kb/puma-1w-3t/repeat-1,yjit-off,false,puma-response-chunk-256kb,puma-response-time-wrk,puma/benchmarks/local/response_time_wrk,https://github.com/puma/puma/blob/main/benchmarks/local/response_time_wrk.rb,puma-1w-3t,3,puma,1,3,3500,1000,5.006,5.0,1000,1464,2.006,2.0,5,true,3500,0,699.167,7.108,8.548,9.291,13.277,13.918,81.594,80.793,89.09,20,20,57,multiprocess_sample_only,,
yjit-off/puma-response-string-256kb/puma-1w-3t/repeat-1,yjit-off,false,puma-response-string-256kb,puma-response-time-wrk,puma/benchmarks/local/response_time_wrk,https://github.com/puma/puma/blob/main/benchmarks/local/response_time_wrk.rb,puma-1w-3t,3,puma,1,3,9564,1000,5.002,5.0,1000,3861,2.001,2.0,5,true,9564,0,1911.934,2.405,3.66,6.392,13.157,16.194,75.113,75.051,87.9,20,20,63,multiprocess_sample_only,,
yjit-off/puma-response-io-256kb/puma-1w-3t/repeat-1,yjit-off,false,puma-response-io-256kb,puma-response-time-wrk,puma/benchmarks/local/response_time_wrk,https://github.com/puma/puma/blob/main/benchmarks/local/response_time_wrk.rb,puma-1w-3t,3,puma,1,3,9216,1000,5.002,5.0,1000,3822,2.003,2.0,5,true,9216,0,1842.564,2.484,3.911,6.86,13.208,14.261,74.988,74.988,86.57,20,20,63,multiprocess_sample_only,,
yjit-off/puma-response-array-512kb/puma-1w-3t/repeat-1,yjit-off,false,puma-response-array-512kb,puma-response-time-wrk,puma/benchmarks/local/response_time_wrk,https://github.com/puma/puma/blob/main/benchmarks/local/response_time_wrk.rb,puma-1w-3t,3,puma,1,3,6623,1000,5.005,5.0,1000,2737,2.003,2.0,5,true,6623,0,1323.284,3.392,5.77,14.048,16.279,16.668,117.176,114.164,86.015,20,20,61,multiprocess_sample_only,,
yjit-off/puma-response-chunk-512kb/puma-1w-3t/repeat-1,yjit-off,false,puma-response-chunk-512kb,puma-response-time-wrk,puma/benchmarks/local/response_time_wrk,https://github.com/puma/puma/blob/main/benchmarks/local/response_time_wrk.rb,puma-1w-3t,3,puma,1,3,2026,1000,5.01,5.0,1000,1000,2.474,2.0,5,true,2026,0,404.357,12.344,14.909,15.832,21.483,22.427,89.758,88.094,85.565,20,20,50,multiprocess_sample_only,,
yjit-off/puma-response-string-512kb/puma-1w-3t/repeat-1,yjit-off,false,puma-response-string-512kb,puma-response-time-wrk,puma/benchmarks/local/response_time_wrk,https://github.com/puma/puma/blob/main/benchmarks/local/response_time_wrk.rb,puma-1w-3t,3,puma,1,3,7013,1000,5.002,5.0,1000,2860,2.002,2.0,5,true,7013,0,1401.906,3.236,5.073,14.409,16.079,16.524,81.984,81.984,84.375,20,20,62,multiprocess_sample_only,,
yjit-off/puma-response-io-512kb/puma-1w-3t/repeat-1,yjit-off,false,puma-response-io-512kb,puma-response-time-wrk,puma/benchmarks/local/response_time_wrk,https://github.com/puma/puma/blob/main/benchmarks/local/response_time_wrk.rb,puma-1w-3t,3,puma,1,3,6557,1000,5.003,5.0,1000,2762,2.007,2.0,5,true,6557,0,1310.534,3.347,5.905,14.517,17.985,219.664,81.988,81.988,82.705,20,20,61,multiprocess_sample_only,,
yjit-off/puma-response-array-1024kb/puma-1w-3t/repeat-1,yjit-off,false,puma-response-array-1024kb,puma-response-time-wrk,puma/benchmarks/local/response_time_wrk,https://github.com/puma/puma/blob/main/benchmarks/local/response_time_wrk.rb,puma-1w-3t,3,puma,1,3,4239,1000,5.005,5.0,1000,1716,2.003,2.0,5,true,4239,0,846.936,5.446,8.414,18.368,21.068,21.338,137.094,118.32,81.815,20,20,59,multiprocess_sample_only,,
yjit-off/puma-response-chunk-1024kb/puma-1w-3t/repeat-1,yjit-off,false,puma-response-chunk-1024kb,puma-response-time-wrk,puma/benchmarks/local/response_time_wrk,https://github.com/puma/puma/blob/main/benchmarks/local/response_time_wrk.rb,puma-1w-3t,3,puma,1,3,1088,1000,5.022,5.0,1000,1000,4.116,2.0,5,true,1088,0,216.644,23.036,27.662,29.299,30.733,30.808,105.598,104.141,81.395,20,20,40,multiprocess_sample_only,,
yjit-off/puma-response-string-1024kb/puma-1w-3t/repeat-1,yjit-off,false,puma-response-string-1024kb,puma-response-time-wrk,puma/benchmarks/local/response_time_wrk,https://github.com/puma/puma/blob/main/benchmarks/local/response_time_wrk.rb,puma-1w-3t,3,puma,1,3,4480,1000,5.004,5.0,1000,1834,2.021,2.0,5,true,4480,0,895.27,5.072,8.06,18.39,20.753,22.469,108.902,108.902,80.105,20,20,59,multiprocess_sample_only,,
yjit-off/puma-response-io-1024kb/puma-1w-3t/repeat-1,yjit-off,false,puma-response-io-1024kb,puma-response-time-wrk,puma/benchmarks/local/response_time_wrk,https://github.com/puma/puma/blob/main/benchmarks/local/response_time_wrk.rb,puma-1w-3t,3,puma,1,3,4572,1000,5.003,5.0,1000,1799,2.007,2.0,5,true,4572,0,913.792,4.955,7.222,18.271,20.732,214.573,108.902,108.902,78.335,20,20,59,multiprocess_sample_only,,
yjit-off/puma-response-array-2048kb/puma-1w-3t/repeat-1,yjit-off,false,puma-response-array-2048kb,puma-response-time-wrk,puma/benchmarks/local/response_time_wrk,https://github.com/puma/puma/blob/main/benchmarks/local/response_time_wrk.rb,puma-1w-3t,3,puma,1,3,2419,1000,5.009,5.0,1000,1045,2.007,2.0,5,true,2419,0,482.948,10.286,11.696,12.306,18.218,21.747,122.043,109.02,77.74,20,20,53,multiprocess_sample_only,,
yjit-off/puma-response-chunk-2048kb/puma-1w-3t/repeat-1,yjit-off,false,puma-response-chunk-2048kb,puma-response-time-wrk,puma/benchmarks/local/response_time_wrk,https://github.com/puma/puma/blob/main/benchmarks/local/response_time_wrk.rb,puma-1w-3t,3,puma,1,3,1000,1000,9.217,5.0,1000,1000,8.616,2.0,5,true,1000,0,108.497,46.052,54.263,56.459,68.107,76.069,113.281,111.02,77.485,20,20,51,multiprocess_sample_only,,
yjit-off/puma-response-string-2048kb/puma-1w-3t/repeat-1,yjit-off,false,puma-response-string-2048kb,puma-response-time-wrk,puma/benchmarks/local/response_time_wrk,https://github.com/puma/puma/blob/main/benchmarks/local/response_time_wrk.rb,puma-1w-3t,3,puma,1,3,2702,1000,5.009,5.0,1000,1107,2.009,2.0,5,true,2702,0,539.39,9.156,10.426,11.133,13.342,18.757,114.961,114.961,76.395,20,20,54,multiprocess_sample_only,,
yjit-off/puma-response-io-2048kb/puma-1w-3t/repeat-1,yjit-off,false,puma-response-io-2048kb,puma-response-time-wrk,puma/benchmarks/local/response_time_wrk,https://github.com/puma/puma/blob/main/benchmarks/local/response_time_wrk.rb,puma-1w-3t,3,puma,1,3,2817,1000,5.007,5.0,1000,1154,2.007,2.0,5,true,2817,0,562.644,8.711,10.226,11.031,15.075,16.569,114.965,114.965,74.775,20,20,54,multiprocess_sample_only,,
yjit-off/puma-long-tail-fib-200ms-x6p0/puma-1w-3t/repeat-1,yjit-off,false,puma-long-tail-fib-200ms-x6p0,puma-long-tail-hey,puma/benchmarks/local/long_tail_hey + test/rackup/sleep_fibonacci,https://github.com/puma/puma/blob/main/benchmarks/local/long_tail_hey.rb,puma-1w-3t,3,puma,1,3,360,360,50.984,5.0,360,360,50.944,2.0,18,true,360,0,7.061,2542.509,2618.026,2649.572,2658.532,2660.393,134.891,134.891,81.055,20,20,705,multiprocess_sample_only,,
yjit-off/puma-long-tail-fib-200ms-x4p0/puma-1w-3t/repeat-1,yjit-off,false,puma-long-tail-fib-200ms-x4p0,puma-long-tail-hey,puma/benchmarks/local/long_tail_hey + test/rackup/sleep_fibonacci,https://github.com/puma/puma/blob/main/benchmarks/local/long_tail_hey.rb,puma-1w-3t,3,puma,1,3,240,240,33.973,5.0,240,240,33.981,2.0,12,true,240,0,7.064,1694.476,1749.558,1768.893,1790.313,1793.227,140.184,140.184,85.09,20,20,472,multiprocess_sample_only,,
yjit-off/puma-long-tail-fib-200ms-x3p0/puma-1w-3t/repeat-1,yjit-off,false,puma-long-tail-fib-200ms-x3p0,puma-long-tail-hey,puma/benchmarks/local/long_tail_hey + test/rackup/sleep_fibonacci,https://github.com/puma/puma/blob/main/benchmarks/local/long_tail_hey.rb,puma-1w-3t,3,puma,1,3,180,180,25.508,5.0,180,180,25.481,2.0,9,true,180,0,7.057,1269.532,1323.598,1341.075,1347.752,1348.74,140.25,140.25,87.075,20,20,353,multiprocess_sample_only,,
yjit-off/puma-long-tail-fib-200ms-x2p0/puma-1w-3t/repeat-1,yjit-off,false,puma-long-tail-fib-200ms-x2p0,puma-long-tail-hey,puma/benchmarks/local/long_tail_hey + test/rackup/sleep_fibonacci,https://github.com/puma/puma/blob/main/benchmarks/local/long_tail_hey.rb,puma-1w-3t,3,puma,1,3,120,120,16.987,5.0,120,120,16.994,2.0,6,true,120,0,7.064,847.556,893.245,911.488,920.253,921.115,140.316,140.316,88.165,20,20,238,multiprocess_sample_only,,
yjit-off/puma-long-tail-fib-200ms-x1p5/puma-1w-3t/repeat-1,yjit-off,false,puma-long-tail-fib-200ms-x1p5,puma-long-tail-hey,puma/benchmarks/local/long_tail_hey + test/rackup/sleep_fibonacci,https://github.com/puma/puma/blob/main/benchmarks/local/long_tail_hey.rb,puma-1w-3t,3,puma,1,3,100,100,14.176,5.0,100,100,14.155,2.0,5,true,100,0,7.054,787.067,860.447,874.538,876.458,876.672,114.102,114.102,88.88,20,20,199,multiprocess_sample_only,,
yjit-off/puma-long-tail-fib-200ms-x1p0/puma-1w-3t/repeat-1,yjit-off,false,puma-long-tail-fib-200ms-x1p0,puma-long-tail-hey,puma/benchmarks/local/long_tail_hey + test/rackup/sleep_fibonacci,https://github.com/puma/puma/blob/main/benchmarks/local/long_tail_hey.rb,puma-1w-3t,3,puma,1,3,60,60,8.491,5.0,60,60,8.5,2.0,3,true,60,0,7.066,423.526,438.907,446.034,450.752,451.276,114.102,114.102,89.31,20,20,120,multiprocess_sample_only,,
yjit-off/puma-long-tail-fib-200ms-x0p5/puma-1w-3t/repeat-1,yjit-off,false,puma-long-tail-fib-200ms-x0p5,puma-long-tail-hey,puma/benchmarks/local/long_tail_hey + test/rackup/sleep_fibonacci,https://github.com/puma/puma/blob/main/benchmarks/local/long_tail_hey.rb,puma-1w-3t,3,puma,1,3,40,40,5.665,5.0,40,40,5.658,2.0,2,true,40,0,7.062,282.758,291.216,292.807,293.542,293.624,114.105,114.105,89.56,20,20,81,multiprocess_sample_only,,
yjit-off/puma-sleep-fibonacci-1ms/puma-1w-3t/repeat-1,yjit-off,false,puma-sleep-fibonacci-1ms,puma-sleep-fibonacci-test,puma/benchmarks/local/sleep_fibonacci_test + test/rackup/sleep_fibonacci,https://github.com/puma/puma/blob/main/benchmarks/local/sleep_fibonacci_test.rb,puma-1w-3t,3,puma,1,3,3606,10,5.0,5.0,10,1432,2.002,2.0,1,true,3606,0,721.157,1.353,1.476,1.806,2.16,2.28,127.219,127.219,89.455,20,20,71,multiprocess_sample_only,,
yjit-off/puma-sleep-fibonacci-5ms/puma-1w-3t/repeat-1,yjit-off,false,puma-sleep-fibonacci-5ms,puma-sleep-fibonacci-test,puma/benchmarks/local/sleep_fibonacci_test + test/rackup/sleep_fibonacci,https://github.com/puma/puma/blob/main/benchmarks/local/sleep_fibonacci_test.rb,puma-1w-3t,3,puma,1,3,944,10,5.004,5.0,10,375,2.001,2.0,1,true,944,0,188.658,5.27,5.342,5.515,6.01,6.203,127.344,127.344,89.245,20,20,71,multiprocess_sample_only,,
yjit-off/puma-sleep-fibonacci-10ms/puma-1w-3t/repeat-1,yjit-off,false,puma-sleep-fibonacci-10ms,puma-sleep-fibonacci-test,puma/benchmarks/local/sleep_fibonacci_test + test/rackup/sleep_fibonacci,https://github.com/puma/puma/blob/main/benchmarks/local/sleep_fibonacci_test.rb,puma-1w-3t,3,puma,1,3,483,10,5.007,5.0,10,192,2.007,2.0,1,true,483,0,96.466,10.316,10.501,10.846,11.293,11.447,127.406,127.406,89.025,20,20,71,multiprocess_sample_only,,
yjit-off/puma-sleep-fibonacci-50ms/puma-1w-3t/repeat-1,yjit-off,false,puma-sleep-fibonacci-50ms,puma-sleep-fibonacci-test,puma/benchmarks/local/sleep_fibonacci_test + test/rackup/sleep_fibonacci,https://github.com/puma/puma/blob/main/benchmarks/local/sleep_fibonacci_test.rb,puma-1w-3t,3,puma,1,3,99,10,5.007,5.0,10,40,2.027,2.0,1,true,99,0,19.774,50.53,50.674,50.717,50.806,50.816,127.406,127.406,88.785,20,20,71,multiprocess_sample_only,,
yjit-off/puma-sleep-fibonacci-100ms/puma-1w-3t/repeat-1,yjit-off,false,puma-sleep-fibonacci-100ms,puma-sleep-fibonacci-test,puma/benchmarks/local/sleep_fibonacci_test + test/rackup/sleep_fibonacci,https://github.com/puma/puma/blob/main/benchmarks/local/sleep_fibonacci_test.rb,puma-1w-3t,3,puma,1,3,50,10,5.028,5.0,10,20,2.015,2.0,1,true,50,0,9.944,100.539,100.652,100.713,100.756,100.761,127.406,127.406,88.55,20,20,72,multiprocess_sample_only,,
yjit-off/puma-sleep-fibonacci-200ms/puma-1w-3t/repeat-1,yjit-off,false,puma-sleep-fibonacci-200ms,puma-sleep-fibonacci-test,puma/benchmarks/local/sleep_fibonacci_test + test/rackup/sleep_fibonacci,https://github.com/puma/puma/blob/main/benchmarks/local/sleep_fibonacci_test.rb,puma-1w-3t,3,puma,1,3,25,10,5.014,5.0,10,10,2.005,2.0,1,true,25,0,4.986,200.476,200.565,200.655,200.68,200.683,127.41,127.41,88.33,20,20,72,multiprocess_sample_only,,
yjit-off/puma-response-array-1kb/puma-1w-3t/repeat-2,yjit-off,false,puma-response-array-1kb,puma-response-time-wrk,puma/benchmarks/local/response_time_wrk,https://github.com/puma/puma/blob/main/benchmarks/local/response_time_wrk.rb,puma-1w-3t,3,puma,1,3,16196,1000,5.001,5.0,1000,6564,2.001,2.0,5,true,16196,0,3238.406,1.479,1.978,2.446,3.325,3.772,65.543,65.543,95.665,20,20,66,multiprocess_sample_only,,
yjit-off/puma-response-chunk-1kb/puma-1w-3t/repeat-2,yjit-off,false,puma-response-chunk-1kb,puma-response-time-wrk,puma/benchmarks/local/response_time_wrk,https://github.com/puma/puma/blob/main/benchmarks/local/response_time_wrk.rb,puma-1w-3t,3,puma,1,3,15725,1000,5.001,5.0,1000,6507,2.001,2.0,5,true,15725,0,3144.294,1.524,2.032,2.514,3.287,4.529,71.051,71.051,91.855,20,20,66,multiprocess_sample_only,,
yjit-off/puma-response-string-1kb/puma-1w-3t/repeat-2,yjit-off,false,puma-response-string-1kb,puma-response-time-wrk,puma/benchmarks/local/response_time_wrk,https://github.com/puma/puma/blob/main/benchmarks/local/response_time_wrk.rb,puma-1w-3t,3,puma,1,3,16135,1000,5.001,5.0,1000,6623,2.001,2.0,5,true,16135,0,3226.383,1.487,2.015,2.423,3.1,3.822,70.977,70.977,91.055,20,20,66,multiprocess_sample_only,,
yjit-off/puma-response-io-1kb/puma-1w-3t/repeat-2,yjit-off,false,puma-response-io-1kb,puma-response-time-wrk,puma/benchmarks/local/response_time_wrk,https://github.com/puma/puma/blob/main/benchmarks/local/response_time_wrk.rb,puma-1w-3t,3,puma,1,3,15842,1000,5.001,5.0,1000,6540,2.001,2.0,5,true,15842,0,3167.7,1.512,2.064,2.535,3.308,5.106,71.512,71.18,92.01,20,20,66,multiprocess_sample_only,,
yjit-off/puma-response-array-10kb/puma-1w-3t/repeat-2,yjit-off,false,puma-response-array-10kb,puma-response-time-wrk,puma/benchmarks/local/response_time_wrk,https://github.com/puma/puma/blob/main/benchmarks/local/response_time_wrk.rb,puma-1w-3t,3,puma,1,3,15713,1000,5.001,5.0,1000,6470,2.001,2.0,5,true,15713,0,3141.948,1.527,2.073,2.465,3.39,5.009,73.52,73.27,92.34,20,20,66,multiprocess_sample_only,,
yjit-off/puma-response-chunk-10kb/puma-1w-3t/repeat-2,yjit-off,false,puma-response-chunk-10kb,puma-response-time-wrk,puma/benchmarks/local/response_time_wrk,https://github.com/puma/puma/blob/main/benchmarks/local/response_time_wrk.rb,puma-1w-3t,3,puma,1,3,13595,1000,5.002,5.0,1000,5583,2.002,2.0,5,true,13595,0,2718.116,1.772,2.378,2.827,3.504,4.475,73.625,73.516,91.66,20,20,65,multiprocess_sample_only,,
yjit-off/puma-response-string-10kb/puma-1w-3t/repeat-2,yjit-off,false,puma-response-string-10kb,puma-response-time-wrk,puma/benchmarks/local/response_time_wrk,https://github.com/puma/puma/blob/main/benchmarks/local/response_time_wrk.rb,puma-1w-3t,3,puma,1,3,15482,1000,5.002,5.0,1000,6410,2.001,2.0,5,true,15482,0,3095.192,1.538,2.144,2.628,3.467,4.213,73.723,73.691,91.315,20,20,66,multiprocess_sample_only,,
yjit-off/puma-response-io-10kb/puma-1w-3t/repeat-2,yjit-off,false,puma-response-io-10kb,puma-response-time-wrk,puma/benchmarks/local/response_time_wrk,https://github.com/puma/puma/blob/main/benchmarks/local/response_time_wrk.rb,puma-1w-3t,3,puma,1,3,15314,1000,5.001,5.0,1000,6183,2.001,2.0,5,true,15314,0,3062.122,1.55,2.224,2.732,3.621,4.017,75.148,74.82,91.79,20,20,66,multiprocess_sample_only,,
yjit-off/puma-response-array-100kb/puma-1w-3t/repeat-2,yjit-off,false,puma-response-array-100kb,puma-response-time-wrk,puma/benchmarks/local/response_time_wrk,https://github.com/puma/puma/blob/main/benchmarks/local/response_time_wrk.rb,puma-1w-3t,3,puma,1,3,12339,1000,5.001,5.0,1000,5039,2.002,2.0,5,true,12339,0,2467.091,1.969,2.521,2.919,4.094,4.966,94.699,92.051,91.8,20,20,65,multiprocess_sample_only,,
yjit-off/puma-response-chunk-100kb/puma-1w-3t/repeat-2,yjit-off,false,puma-response-chunk-100kb,puma-response-time-wrk,puma/benchmarks/local/response_time_wrk,https://github.com/puma/puma/blob/main/benchmarks/local/response_time_wrk.rb,puma-1w-3t,3,puma,1,3,6507,1000,5.002,5.0,1000,2665,2.002,2.0,5,true,6507,0,1300.783,3.784,4.686,5.24,6.996,7.908,84.285,83.723,90.95,20,20,62,multiprocess_sample_only,,
yjit-off/puma-response-string-100kb/puma-1w-3t/repeat-2,yjit-off,false,puma-response-string-100kb,puma-response-time-wrk,puma/benchmarks/local/response_time_wrk,https://github.com/puma/puma/blob/main/benchmarks/local/response_time_wrk.rb,puma-1w-3t,3,puma,1,3,12599,1000,5.001,5.0,1000,5168,2.001,2.0,5,true,12599,0,2519.2,1.933,2.446,2.792,3.954,4.304,91.977,90.895,90.2,20,20,65,multiprocess_sample_only,,
yjit-off/puma-response-io-100kb/puma-1w-3t/repeat-2,yjit-off,false,puma-response-io-100kb,puma-response-time-wrk,puma/benchmarks/local/response_time_wrk,https://github.com/puma/puma/blob/main/benchmarks/local/response_time_wrk.rb,puma-1w-3t,3,puma,1,3,12431,1000,5.019,5.0,1000,5133,2.026,2.0,5,true,12431,0,2476.702,1.698,2.34,3.658,42.545,43.595,77.891,77.766,89.665,20,20,66,multiprocess_sample_only,,
yjit-off/puma-response-array-256kb/puma-1w-3t/repeat-2,yjit-off,false,puma-response-array-256kb,puma-response-time-wrk,puma/benchmarks/local/response_time_wrk,https://github.com/puma/puma/blob/main/benchmarks/local/response_time_wrk.rb,puma-1w-3t,3,puma,1,3,9576,1000,5.002,5.0,1000,3713,2.002,2.0,5,true,9576,0,1914.604,2.394,3.617,5.165,14.865,16.003,114.594,109.777,89.38,20,20,64,multiprocess_sample_only,,
yjit-off/puma-response-chunk-256kb/puma-1w-3t/repeat-2,yjit-off,false,puma-response-chunk-256kb,puma-response-time-wrk,puma/benchmarks/local/response_time_wrk,https://github.com/puma/puma/blob/main/benchmarks/local/response_time_wrk.rb,puma-1w-3t,3,puma,1,3,3505,1000,5.005,5.0,1000,1438,2.006,2.0,5,true,3505,0,700.3,7.072,8.671,9.549,13.571,15.523,111.215,110.168,88.9,20,20,57,multiprocess_sample_only,,
yjit-off/puma-response-string-256kb/puma-1w-3t/repeat-2,yjit-off,false,puma-response-string-256kb,puma-response-time-wrk,puma/benchmarks/local/response_time_wrk,https://github.com/puma/puma/blob/main/benchmarks/local/response_time_wrk.rb,puma-1w-3t,3,puma,1,3,9889,1000,5.002,5.0,1000,3979,2.001,2.0,5,true,9889,0,1977.02,2.355,3.291,4.289,14.792,16.338,103.984,103.922,87.735,20,20,64,multiprocess_sample_only,,
yjit-off/puma-response-io-256kb/puma-1w-3t/repeat-2,yjit-off,false,puma-response-io-256kb,puma-response-time-wrk,puma/benchmarks/local/response_time_wrk,https://github.com/puma/puma/blob/main/benchmarks/local/response_time_wrk.rb,puma-1w-3t,3,puma,1,3,9457,1000,5.002,5.0,1000,3862,2.002,2.0,5,true,9457,0,1890.599,2.414,3.693,5.711,15.081,15.474,104.172,104.172,86.5,20,20,64,multiprocess_sample_only,,
yjit-off/puma-response-array-512kb/puma-1w-3t/repeat-2,yjit-off,false,puma-response-array-512kb,puma-response-time-wrk,puma/benchmarks/local/response_time_wrk,https://github.com/puma/puma/blob/main/benchmarks/local/response_time_wrk.rb,puma-1w-3t,3,puma,1,3,6792,1000,5.002,5.0,1000,2794,2.002,2.0,5,true,6792,0,1357.818,3.384,4.987,15.758,17.663,18.157,149.586,149.555,85.955,20,20,62,multiprocess_sample_only,,
yjit-off/puma-response-chunk-512kb/puma-1w-3t/repeat-2,yjit-off,false,puma-response-chunk-512kb,puma-response-time-wrk,puma/benchmarks/local/response_time_wrk,https://github.com/puma/puma/blob/main/benchmarks/local/response_time_wrk.rb,puma-1w-3t,3,puma,1,3,1977,1000,5.01,5.0,1000,1000,2.383,2.0,5,true,1977,0,394.641,12.628,15.182,16.199,17.068,17.253,111.855,110.352,85.495,20,20,49,multiprocess_sample_only,,
yjit-off/puma-response-string-512kb/puma-1w-3t/repeat-2,yjit-off,false,puma-response-string-512kb,puma-response-time-wrk,puma/benchmarks/local/response_time_wrk,https://github.com/puma/puma/blob/main/benchmarks/local/response_time_wrk.rb,puma-1w-3t,3,puma,1,3,7257,1000,5.002,5.0,1000,2869,2.003,2.0,5,true,7257,0,1450.676,3.141,4.633,15.38,17.039,17.379,109.367,109.367,84.34,20,20,62,multiprocess_sample_only,,
yjit-off/puma-response-io-512kb/puma-1w-3t/repeat-2,yjit-off,false,puma-response-io-512kb,puma-response-time-wrk,puma/benchmarks/local/response_time_wrk,https://github.com/puma/puma/blob/main/benchmarks/local/response_time_wrk.rb,puma-1w-3t,3,puma,1,3,6836,1000,5.003,5.0,1000,2777,2.003,2.0,5,true,6836,0,1366.304,3.237,5.119,15.618,19.048,211.273,110.863,110.863,82.78,20,20,62,multiprocess_sample_only,,
yjit-off/puma-response-array-1024kb/puma-1w-3t/repeat-2,yjit-off,false,puma-response-array-1024kb,puma-response-time-wrk,puma/benchmarks/local/response_time_wrk,https://github.com/puma/puma/blob/main/benchmarks/local/response_time_wrk.rb,puma-1w-3t,3,puma,1,3,4231,1000,5.004,5.0,1000,1755,2.004,2.0,5,true,4231,0,845.467,5.571,7.49,19.218,21.226,23.212,134.742,134.742,81.87,20,20,58,multiprocess_sample_only,,
yjit-off/puma-response-chunk-1024kb/puma-1w-3t/repeat-2,yjit-off,false,puma-response-chunk-1024kb,puma-response-time-wrk,puma/benchmarks/local/response_time_wrk,https://github.com/puma/puma/blob/main/benchmarks/local/response_time_wrk.rb,puma-1w-3t,3,puma,1,3,1081,1000,5.02,5.0,1000,1000,4.575,2.0,5,true,1081,0,215.355,23.136,28.0,29.763,41.757,45.292,117.324,117.316,81.355,20,20,40,multiprocess_sample_only,,
yjit-off/puma-response-string-1024kb/puma-1w-3t/repeat-2,yjit-off,false,puma-response-string-1024kb,puma-response-time-wrk,puma/benchmarks/local/response_time_wrk,https://github.com/puma/puma/blob/main/benchmarks/local/response_time_wrk.rb,puma-1w-3t,3,puma,1,3,4354,1000,5.003,5.0,1000,1913,2.003,2.0,5,true,4354,0,870.194,5.289,7.614,20.334,24.016,25.898,121.566,121.566,80.12,20,20,57,multiprocess_sample_only,,
yjit-off/puma-response-io-1024kb/puma-1w-3t/repeat-2,yjit-off,false,puma-response-io-1024kb,puma-response-time-wrk,puma/benchmarks/local/response_time_wrk,https://github.com/puma/puma/blob/main/benchmarks/local/response_time_wrk.rb,puma-1w-3t,3,puma,1,3,4470,1000,5.005,5.0,1000,1814,2.005,2.0,5,true,4470,0,893.151,5.114,7.784,20.188,22.742,28.234,121.566,121.566,78.37,20,20,59,multiprocess_sample_only,,
yjit-off/puma-response-array-2048kb/puma-1w-3t/repeat-2,yjit-off,false,puma-response-array-2048kb,puma-response-time-wrk,puma/benchmarks/local/response_time_wrk,https://github.com/puma/puma/blob/main/benchmarks/local/response_time_wrk.rb,puma-1w-3t,3,puma,1,3,2526,1000,5.01,5.0,1000,1037,2.007,2.0,5,true,2526,0,504.223,9.844,11.417,12.228,17.339,19.075,128.898,121.762,77.695,20,20,53,multiprocess_sample_only,,
yjit-off/puma-response-chunk-2048kb/puma-1w-3t/repeat-2,yjit-off,false,puma-response-chunk-2048kb,puma-response-time-wrk,puma/benchmarks/local/response_time_wrk,https://github.com/puma/puma/blob/main/benchmarks/local/response_time_wrk.rb,puma-1w-3t,3,puma,1,3,1000,1000,9.229,5.0,1000,1000,8.436,2.0,5,true,1000,0,108.357,45.765,55.226,60.602,77.415,81.439,120.527,118.887,77.355,20,20,51,multiprocess_sample_only,,
yjit-off/puma-response-string-2048kb/puma-1w-3t/repeat-2,yjit-off,false,puma-response-string-2048kb,puma-response-time-wrk,puma/benchmarks/local/response_time_wrk,https://github.com/puma/puma/blob/main/benchmarks/local/response_time_wrk.rb,puma-1w-3t,3,puma,1,3,2698,1000,5.007,5.0,1000,1024,2.007,2.0,5,true,2698,0,538.877,9.167,10.754,12.094,15.343,16.476,123.641,123.641,76.145,20,20,53,multiprocess_sample_only,,
yjit-off/puma-response-io-2048kb/puma-1w-3t/repeat-2,yjit-off,false,puma-response-io-2048kb,puma-response-time-wrk,puma/benchmarks/local/response_time_wrk,https://github.com/puma/puma/blob/main/benchmarks/local/response_time_wrk.rb,puma-1w-3t,3,puma,1,3,2508,1000,5.009,5.0,1000,1131,2.006,2.0,5,true,2508,0,500.739,9.389,14.379,16.83,19.17,22.696,123.648,123.648,74.515,20,20,52,multiprocess_sample_only,,
yjit-off/puma-long-tail-fib-200ms-x6p0/puma-1w-3t/repeat-2,yjit-off,false,puma-long-tail-fib-200ms-x6p0,puma-long-tail-hey,puma/benchmarks/local/long_tail_hey + test/rackup/sleep_fibonacci,https://github.com/puma/puma/blob/main/benchmarks/local/long_tail_hey.rb,puma-1w-3t,3,puma,1,3,360,360,51.017,5.0,360,360,50.998,2.0,18,true,360,0,7.057,2542.806,2613.094,2661.567,2685.838,2695.41,143.789,143.789,80.835,20,20,708,multiprocess_sample_only,,
yjit-off/puma-long-tail-fib-200ms-x4p0/puma-1w-3t/repeat-2,yjit-off,false,puma-long-tail-fib-200ms-x4p0,puma-long-tail-hey,puma/benchmarks/local/long_tail_hey + test/rackup/sleep_fibonacci,https://github.com/puma/puma/blob/main/benchmarks/local/long_tail_hey.rb,puma-1w-3t,3,puma,1,3,240,240,34.008,5.0,240,240,33.98,2.0,12,true,240,0,7.057,1691.856,1762.515,1784.161,1790.803,1791.871,145.859,145.859,84.925,20,20,470,multiprocess_sample_only,,
yjit-off/puma-long-tail-fib-200ms-x3p0/puma-1w-3t/repeat-2,yjit-off,false,puma-long-tail-fib-200ms-x3p0,puma-long-tail-hey,puma/benchmarks/local/long_tail_hey + test/rackup/sleep_fibonacci,https://github.com/puma/puma/blob/main/benchmarks/local/long_tail_hey.rb,puma-1w-3t,3,puma,1,3,180,180,25.512,5.0,180,180,25.569,2.0,9,true,180,0,7.056,1268.889,1323.601,1347.366,1360.226,1360.277,153.867,153.867,86.93,20,20,353,multiprocess_sample_only,,
yjit-off/puma-long-tail-fib-200ms-x2p0/puma-1w-3t/repeat-2,yjit-off,false,puma-long-tail-fib-200ms-x2p0,puma-long-tail-hey,puma/benchmarks/local/long_tail_hey + test/rackup/sleep_fibonacci,https://github.com/puma/puma/blob/main/benchmarks/local/long_tail_hey.rb,puma-1w-3t,3,puma,1,3,120,120,16.989,5.0,120,120,17.006,2.0,6,true,120,0,7.063,839.203,896.445,908.324,910.041,910.072,153.934,153.934,88.02,20,20,236,multiprocess_sample_only,,
yjit-off/puma-long-tail-fib-200ms-x1p5/puma-1w-3t/repeat-2,yjit-off,false,puma-long-tail-fib-200ms-x1p5,puma-long-tail-hey,puma/benchmarks/local/long_tail_hey + test/rackup/sleep_fibonacci,https://github.com/puma/puma/blob/main/benchmarks/local/long_tail_hey.rb,puma-1w-3t,3,puma,1,3,100,100,14.17,5.0,100,100,14.172,2.0,5,true,100,0,7.057,712.555,848.025,863.156,863.771,863.839,154.754,154.754,88.76,20,20,197,multiprocess_sample_only,,
yjit-off/puma-long-tail-fib-200ms-x1p0/puma-1w-3t/repeat-2,yjit-off,false,puma-long-tail-fib-200ms-x1p0,puma-long-tail-hey,puma/benchmarks/local/long_tail_hey + test/rackup/sleep_fibonacci,https://github.com/puma/puma/blob/main/benchmarks/local/long_tail_hey.rb,puma-1w-3t,3,puma,1,3,60,60,8.5,5.0,60,60,8.508,2.0,3,true,60,0,7.059,422.32,450.59,456.233,459.412,459.765,159.324,159.324,89.2,20,20,119,multiprocess_sample_only,,
yjit-off/puma-long-tail-fib-200ms-x0p5/puma-1w-3t/repeat-2,yjit-off,false,puma-long-tail-fib-200ms-x0p5,puma-long-tail-hey,puma/benchmarks/local/long_tail_hey + test/rackup/sleep_fibonacci,https://github.com/puma/puma/blob/main/benchmarks/local/long_tail_hey.rb,puma-1w-3t,3,puma,1,3,40,40,5.671,5.0,40,40,5.674,2.0,2,true,40,0,7.054,283.604,293.707,295.911,296.361,296.411,159.324,159.324,89.46,20,20,80,multiprocess_sample_only,,
yjit-off/puma-sleep-fibonacci-1ms/puma-1w-3t/repeat-2,yjit-off,false,puma-sleep-fibonacci-1ms,puma-sleep-fibonacci-test,puma/benchmarks/local/sleep_fibonacci_test + test/rackup/sleep_fibonacci,https://github.com/puma/puma/blob/main/benchmarks/local/sleep_fibonacci_test.rb,puma-1w-3t,3,puma,1,3,3601,10,5.001,5.0,10,1430,2.001,2.0,1,true,3601,0,720.032,1.358,1.478,1.708,2.266,2.379,159.324,159.324,89.355,20,20,70,multiprocess_sample_only,,
yjit-off/puma-sleep-fibonacci-5ms/puma-1w-3t/repeat-2,yjit-off,false,puma-sleep-fibonacci-5ms,puma-sleep-fibonacci-test,puma/benchmarks/local/sleep_fibonacci_test + test/rackup/sleep_fibonacci,https://github.com/puma/puma/blob/main/benchmarks/local/sleep_fibonacci_test.rb,puma-1w-3t,3,puma,1,3,926,10,5.003,5.0,10,372,2.001,2.0,1,true,926,0,185.107,5.307,5.68,5.843,6.599,6.642,159.324,159.324,89.15,20,20,70,multiprocess_sample_only,,
yjit-off/puma-sleep-fibonacci-10ms/puma-1w-3t/repeat-2,yjit-off,false,puma-sleep-fibonacci-10ms,puma-sleep-fibonacci-test,puma/benchmarks/local/sleep_fibonacci_test + test/rackup/sleep_fibonacci,https://github.com/puma/puma/blob/main/benchmarks/local/sleep_fibonacci_test.rb,puma-1w-3t,3,puma,1,3,481,10,5.001,5.0,10,193,2.008,2.0,1,true,481,0,96.19,10.333,10.595,10.782,11.261,11.296,159.324,159.324,88.93,20,20,70,multiprocess_sample_only,,
yjit-off/puma-sleep-fibonacci-50ms/puma-1w-3t/repeat-2,yjit-off,false,puma-sleep-fibonacci-50ms,puma-sleep-fibonacci-test,puma/benchmarks/local/sleep_fibonacci_test + test/rackup/sleep_fibonacci,https://github.com/puma/puma/blob/main/benchmarks/local/sleep_fibonacci_test.rb,puma-1w-3t,3,puma,1,3,100,10,5.044,5.0,10,40,2.027,2.0,1,true,100,0,19.826,50.368,50.55,50.622,50.7,50.709,159.324,159.324,88.7,20,20,72,multiprocess_sample_only,,
yjit-off/puma-sleep-fibonacci-100ms/puma-1w-3t/repeat-2,yjit-off,false,puma-sleep-fibonacci-100ms,puma-sleep-fibonacci-test,puma/benchmarks/local/sleep_fibonacci_test + test/rackup/sleep_fibonacci,https://github.com/puma/puma/blob/main/benchmarks/local/sleep_fibonacci_test.rb,puma-1w-3t,3,puma,1,3,50,10,5.035,5.0,10,20,2.011,2.0,1,true,50,0,9.93,100.636,100.797,100.834,100.858,100.861,159.328,159.328,88.46,20,20,71,multiprocess_sample_only,,
yjit-off/puma-sleep-fibonacci-200ms/puma-1w-3t/repeat-2,yjit-off,false,puma-sleep-fibonacci-200ms,puma-sleep-fibonacci-test,puma/benchmarks/local/sleep_fibonacci_test + test/rackup/sleep_fibonacci,https://github.com/puma/puma/blob/main/benchmarks/local/sleep_fibonacci_test.rb,puma-1w-3t,3,puma,1,3,25,10,5.018,5.0,10,10,2.008,2.0,1,true,25,0,4.982,200.637,200.698,201.201,201.343,201.359,159.328,159.328,88.245,20,20,71,multiprocess_sample_only,,
yjit-off/puma-response-array-1kb/puma-1w-3t/repeat-3,yjit-off,false,puma-response-array-1kb,puma-response-time-wrk,puma/benchmarks/local/response_time_wrk,https://github.com/puma/puma/blob/main/benchmarks/local/response_time_wrk.rb,puma-1w-3t,3,puma,1,3,15718,1000,5.001,5.0,1000,6383,2.001,2.0,5,true,15718,0,3142.801,1.522,2.071,2.513,3.335,4.273,66.297,65.813,96.305,20,20,66,multiprocess_sample_only,,
yjit-off/puma-response-chunk-1kb/puma-1w-3t/repeat-3,yjit-off,false,puma-response-chunk-1kb,puma-response-time-wrk,puma/benchmarks/local/response_time_wrk,https://github.com/puma/puma/blob/main/benchmarks/local/response_time_wrk.rb,puma-1w-3t,3,puma,1,3,15547,1000,5.001,5.0,1000,6264,2.001,2.0,5,true,15547,0,3108.565,1.542,2.069,2.506,3.437,4.627,66.5,66.008,91.81,20,20,66,multiprocess_sample_only,,
yjit-off/puma-response-string-1kb/puma-1w-3t/repeat-3,yjit-off,false,puma-response-string-1kb,puma-response-time-wrk,puma/benchmarks/local/response_time_wrk,https://github.com/puma/puma/blob/main/benchmarks/local/response_time_wrk.rb,puma-1w-3t,3,puma,1,3,15424,1000,5.001,5.0,1000,6413,2.001,2.0,5,true,15424,0,3084.123,1.546,2.137,2.62,3.436,5.247,66.246,66.156,90.905,20,20,65,multiprocess_sample_only,,
yjit-off/puma-response-io-1kb/puma-1w-3t/repeat-3,yjit-off,false,puma-response-io-1kb,puma-response-time-wrk,puma/benchmarks/local/response_time_wrk,https://github.com/puma/puma/blob/main/benchmarks/local/response_time_wrk.rb,puma-1w-3t,3,puma,1,3,15647,1000,5.001,5.0,1000,6430,2.001,2.0,5,true,15647,0,3128.561,1.528,2.1,2.539,3.394,4.845,66.352,66.223,92.215,20,20,66,multiprocess_sample_only,,
yjit-off/puma-response-array-10kb/puma-1w-3t/repeat-3,yjit-off,false,puma-response-array-10kb,puma-response-time-wrk,puma/benchmarks/local/response_time_wrk,https://github.com/puma/puma/blob/main/benchmarks/local/response_time_wrk.rb,puma-1w-3t,3,puma,1,3,15468,1000,5.001,5.0,1000,6265,2.001,2.0,5,true,15468,0,3092.989,1.536,2.134,2.72,3.482,4.314,68.113,67.609,92.535,20,20,66,multiprocess_sample_only,,
yjit-off/puma-response-chunk-10kb/puma-1w-3t/repeat-3,yjit-off,false,puma-response-chunk-10kb,puma-response-time-wrk,puma/benchmarks/local/response_time_wrk,https://github.com/puma/puma/blob/main/benchmarks/local/response_time_wrk.rb,puma-1w-3t,3,puma,1,3,13839,1000,5.001,5.0,1000,5579,2.001,2.0,5,true,13839,0,2767.108,1.739,2.33,2.808,3.788,4.892,67.453,67.25,91.905,20,20,65,multiprocess_sample_only,,
yjit-off/puma-response-string-10kb/puma-1w-3t/repeat-3,yjit-off,false,puma-response-string-10kb,puma-response-time-wrk,puma/benchmarks/local/response_time_wrk,https://github.com/puma/puma/blob/main/benchmarks/local/response_time_wrk.rb,puma-1w-3t,3,puma,1,3,15744,1000,5.001,5.0,1000,6509,2.001,2.0,5,true,15744,0,3148.116,1.518,2.072,2.54,3.258,4.308,67.969,67.375,91.655,20,20,66,multiprocess_sample_only,,
yjit-off/puma-response-io-10kb/puma-1w-3t/repeat-3,yjit-off,false,puma-response-io-10kb,puma-response-time-wrk,puma/benchmarks/local/response_time_wrk,https://github.com/puma/puma/blob/main/benchmarks/local/response_time_wrk.rb,puma-1w-3t,3,puma,1,3,15283,1000,5.001,5.0,1000,6160,2.001,2.0,5,true,15283,0,3055.845,1.561,2.194,2.746,3.643,4.438,68.25,67.777,92.2,20,20,66,multiprocess_sample_only,,
yjit-off/puma-response-array-100kb/puma-1w-3t/repeat-3,yjit-off,false,puma-response-array-100kb,puma-response-time-wrk,puma/benchmarks/local/response_time_wrk,https://github.com/puma/puma/blob/main/benchmarks/local/response_time_wrk.rb,puma-1w-3t,3,puma,1,3,12734,1000,5.002,5.0,1000,5101,2.001,2.0,5,true,12734,0,2546.005,1.914,2.474,2.953,3.764,4.67,76.391,74.563,92.39,20,20,66,multiprocess_sample_only,,
yjit-off/puma-response-chunk-100kb/puma-1w-3t/repeat-3,yjit-off,false,puma-response-chunk-100kb,puma-response-time-wrk,puma/benchmarks/local/response_time_wrk,https://github.com/puma/puma/blob/main/benchmarks/local/response_time_wrk.rb,puma-1w-3t,3,puma,1,3,6432,1000,5.003,5.0,1000,2634,2.004,2.0,5,true,6432,0,1285.718,3.845,4.691,5.181,6.997,8.264,72.07,71.5,91.605,20,20,62,multiprocess_sample_only,,
yjit-off/puma-response-string-100kb/puma-1w-3t/repeat-3,yjit-off,false,puma-response-string-100kb,puma-response-time-wrk,puma/benchmarks/local/response_time_wrk,https://github.com/puma/puma/blob/main/benchmarks/local/response_time_wrk.rb,puma-1w-3t,3,puma,1,3,12549,1000,5.001,5.0,1000,5181,2.001,2.0,5,true,12549,0,2509.148,1.93,2.503,3.018,3.899,4.762,75.633,75.242,90.92,20,20,65,multiprocess_sample_only,,
yjit-off/puma-response-io-100kb/puma-1w-3t/repeat-3,yjit-off,false,puma-response-io-100kb,puma-response-time-wrk,puma/benchmarks/local/response_time_wrk,https://github.com/puma/puma/blob/main/benchmarks/local/response_time_wrk.rb,puma-1w-3t,3,puma,1,3,12536,1000,5.029,5.0,1000,5061,2.002,2.0,5,true,12536,0,2492.523,1.698,2.322,3.635,42.611,44.221,70.395,69.895,90.42,20,20,66,multiprocess_sample_only,,
yjit-off/puma-response-array-256kb/puma-1w-3t/repeat-3,yjit-off,false,puma-response-array-256kb,puma-response-time-wrk,puma/benchmarks/local/response_time_wrk,https://github.com/puma/puma/blob/main/benchmarks/local/response_time_wrk.rb,puma-1w-3t,3,puma,1,3,9335,1000,5.002,5.0,1000,3734,2.002,2.0,5,true,9335,0,1866.298,2.431,3.8,6.132,17.535,19.787,106.16,101.938,89.91,20,20,63,multiprocess_sample_only,,
yjit-off/puma-response-chunk-256kb/puma-1w-3t/repeat-3,yjit-off,false,puma-response-chunk-256kb,puma-response-time-wrk,puma/benchmarks/local/response_time_wrk,https://github.com/puma/puma/blob/main/benchmarks/local/response_time_wrk.rb,puma-1w-3t,3,puma,1,3,3482,1000,5.005,5.0,1000,1421,2.006,2.0,5,true,3482,0,695.765,7.181,8.723,9.527,12.622,14.924,78.813,78.004,89.28,20,20,56,multiprocess_sample_only,,
yjit-off/puma-response-string-256kb/puma-1w-3t/repeat-3,yjit-off,false,puma-response-string-256kb,puma-response-time-wrk,puma/benchmarks/local/response_time_wrk,https://github.com/puma/puma/blob/main/benchmarks/local/response_time_wrk.rb,puma-1w-3t,3,puma,1,3,9341,1000,5.002,5.0,1000,3739,2.001,2.0,5,true,9341,0,1867.538,2.434,3.876,6.209,17.12,18.733,72.969,72.969,87.97,20,20,63,multiprocess_sample_only,,
yjit-off/puma-response-io-256kb/puma-1w-3t/repeat-3,yjit-off,false,puma-response-io-256kb,puma-response-time-wrk,puma/benchmarks/local/response_time_wrk,https://github.com/puma/puma/blob/main/benchmarks/local/response_time_wrk.rb,puma-1w-3t,3,puma,1,3,9218,1000,5.002,5.0,1000,3576,2.002,2.0,5,true,9218,0,1842.789,2.458,3.922,5.829,17.03,20.37,73.219,72.781,86.555,20,20,63,multiprocess_sample_only,,
yjit-off/puma-response-array-512kb/puma-1w-3t/repeat-3,yjit-off,false,puma-response-array-512kb,puma-response-time-wrk,puma/benchmarks/local/response_time_wrk,https://github.com/puma/puma/blob/main/benchmarks/local/response_time_wrk.rb,puma-1w-3t,3,puma,1,3,6622,1000,5.003,5.0,1000,2603,2.015,2.0,5,true,6622,0,1323.681,3.397,5.435,17.446,19.896,22.48,130.383,122.418,85.99,20,20,62,multiprocess_sample_only,,
yjit-off/puma-response-chunk-512kb/puma-1w-3t/repeat-3,yjit-off,false,puma-response-chunk-512kb,puma-response-time-wrk,puma/benchmarks/local/response_time_wrk,https://github.com/puma/puma/blob/main/benchmarks/local/response_time_wrk.rb,puma-1w-3t,3,puma,1,3,1920,1000,5.01,5.0,1000,1000,2.413,2.0,5,true,1920,0,383.201,13.055,15.751,17.296,24.035,26.527,84.219,83.219,85.46,20,20,49,multiprocess_sample_only,,
yjit-off/puma-response-string-512kb/puma-1w-3t/repeat-3,yjit-off,false,puma-response-string-512kb,puma-response-time-wrk,puma/benchmarks/local/response_time_wrk,https://github.com/puma/puma/blob/main/benchmarks/local/response_time_wrk.rb,puma-1w-3t,3,puma,1,3,6820,1000,5.004,5.0,1000,2647,2.003,2.0,5,true,6820,0,1362.85,3.229,5.55,17.53,21.43,26.093,75.723,75.723,84.155,20,20,60,multiprocess_sample_only,,
yjit-off/puma-response-io-512kb/puma-1w-3t/repeat-3,yjit-off,false,puma-response-io-512kb,puma-response-time-wrk,puma/benchmarks/local/response_time_wrk,https://github.com/puma/puma/blob/main/benchmarks/local/response_time_wrk.rb,puma-1w-3t,3,puma,1,3,6516,1000,5.002,5.0,1000,2692,2.005,2.0,5,true,6516,0,1302.64,3.307,5.858,18.439,21.549,215.327,75.723,75.723,82.575,20,20,60,multiprocess_sample_only,,
yjit-off/puma-response-array-1024kb/puma-1w-3t/repeat-3,yjit-off,false,puma-response-array-1024kb,puma-response-time-wrk,puma/benchmarks/local/response_time_wrk,https://github.com/puma/puma/blob/main/benchmarks/local/response_time_wrk.rb,puma-1w-3t,3,puma,1,3,4063,1000,5.005,5.0,1000,1637,2.004,2.0,5,true,4063,0,811.714,5.661,8.479,21.858,25.412,26.21,115.008,114.0,81.655,20,20,57,multiprocess_sample_only,,
yjit-off/puma-response-chunk-1024kb/puma-1w-3t/repeat-3,yjit-off,false,puma-response-chunk-1024kb,puma-response-time-wrk,puma/benchmarks/local/response_time_wrk,https://github.com/puma/puma/blob/main/benchmarks/local/response_time_wrk.rb,puma-1w-3t,3,puma,1,3,1040,1000,5.019,5.0,1000,1000,4.589,2.0,5,true,1040,0,207.229,24.243,28.764,30.665,43.954,47.511,84.82,82.668,81.19,20,20,40,multiprocess_sample_only,,
yjit-off/puma-response-string-1024kb/puma-1w-3t/repeat-3,yjit-off,false,puma-response-string-1024kb,puma-response-time-wrk,puma/benchmarks/local/response_time_wrk,https://github.com/puma/puma/blob/main/benchmarks/local/response_time_wrk.rb,puma-1w-3t,3,puma,1,3,4219,1000,5.011,5.0,1000,1819,2.007,2.0,5,true,4219,0,842.011,5.365,8.358,21.715,24.403,24.939,85.406,85.406,79.94,20,20,56,multiprocess_sample_only,,
yjit-off/puma-response-io-1024kb/puma-1w-3t/repeat-3,yjit-off,false,puma-response-io-1024kb,puma-response-time-wrk,puma/benchmarks/local/response_time_wrk,https://github.com/puma/puma/blob/main/benchmarks/local/response_time_wrk.rb,puma-1w-3t,3,puma,1,3,4428,1000,5.004,5.0,1000,1723,2.004,2.0,5,true,4428,0,884.879,5.049,8.411,20.916,23.328,24.169,85.406,85.406,78.155,20,20,58,multiprocess_sample_only,,
yjit-off/puma-response-array-2048kb/puma-1w-3t/repeat-3,yjit-off,false,puma-response-array-2048kb,puma-response-time-wrk,puma/benchmarks/local/response_time_wrk,https://github.com/puma/puma/blob/main/benchmarks/local/response_time_wrk.rb,puma-1w-3t,3,puma,1,3,2426,1000,5.009,5.0,1000,1012,2.009,2.0,5,true,2426,0,484.333,10.155,12.232,13.599,30.212,33.62,114.477,110.754,77.77,20,20,53,multiprocess_sample_only,,
yjit-off/puma-response-chunk-2048kb/puma-1w-3t/repeat-3,yjit-off,false,puma-response-chunk-2048kb,puma-response-time-wrk,puma/benchmarks/local/response_time_wrk,https://github.com/puma/puma/blob/main/benchmarks/local/response_time_wrk.rb,puma-1w-3t,3,puma,1,3,1000,1000,9.126,5.0,1000,1000,8.263,2.0,5,true,1000,0,109.576,45.977,52.875,57.286,60.315,60.347,89.395,89.043,77.695,20,20,51,multiprocess_sample_only,,
yjit-off/puma-response-string-2048kb/puma-1w-3t/repeat-3,yjit-off,false,puma-response-string-2048kb,puma-response-time-wrk,puma/benchmarks/local/response_time_wrk,https://github.com/puma/puma/blob/main/benchmarks/local/response_time_wrk.rb,puma-1w-3t,3,puma,1,3,2648,1000,5.008,5.0,1000,1070,2.007,2.0,5,true,2648,0,528.771,9.22,11.216,12.595,15.778,216.657,84.992,84.992,76.565,20,20,53,multiprocess_sample_only,,
yjit-off/puma-response-io-2048kb/puma-1w-3t/repeat-3,yjit-off,false,puma-response-io-2048kb,puma-response-time-wrk,puma/benchmarks/local/response_time_wrk,https://github.com/puma/puma/blob/main/benchmarks/local/response_time_wrk.rb,puma-1w-3t,3,puma,1,3,2744,1000,5.008,5.0,1000,1057,2.01,2.0,5,true,2744,0,547.925,8.931,10.915,12.168,17.531,18.997,85.309,85.309,74.915,20,20,54,multiprocess_sample_only,,
yjit-off/puma-long-tail-fib-200ms-x6p0/puma-1w-3t/repeat-3,yjit-off,false,puma-long-tail-fib-200ms-x6p0,puma-long-tail-hey,puma/benchmarks/local/long_tail_hey + test/rackup/sleep_fibonacci,https://github.com/puma/puma/blob/main/benchmarks/local/long_tail_hey.rb,puma-1w-3t,3,puma,1,3,360,360,51.015,5.0,360,360,50.986,2.0,18,true,360,0,7.057,2547.039,2613.741,2632.374,2635.097,2635.763,106.891,106.891,81.145,20,20,706,multiprocess_sample_only,,
yjit-off/puma-long-tail-fib-200ms-x4p0/puma-1w-3t/repeat-3,yjit-off,false,puma-long-tail-fib-200ms-x4p0,puma-long-tail-hey,puma/benchmarks/local/long_tail_hey + test/rackup/sleep_fibonacci,https://github.com/puma/puma/blob/main/benchmarks/local/long_tail_hey.rb,puma-1w-3t,3,puma,1,3,240,240,34.023,5.0,240,240,33.984,2.0,12,true,240,0,7.054,1692.508,1758.369,1777.06,1795.443,1800.738,110.848,110.848,85.16,20,20,469,multiprocess_sample_only,,
yjit-off/puma-long-tail-fib-200ms-x3p0/puma-1w-3t/repeat-3,yjit-off,false,puma-long-tail-fib-200ms-x3p0,puma-long-tail-hey,puma/benchmarks/local/long_tail_hey + test/rackup/sleep_fibonacci,https://github.com/puma/puma/blob/main/benchmarks/local/long_tail_hey.rb,puma-1w-3t,3,puma,1,3,180,180,25.508,5.0,180,180,25.498,2.0,9,true,180,0,7.057,1267.109,1334.612,1347.291,1349.169,1349.246,110.98,110.98,87.135,20,20,355,multiprocess_sample_only,,
yjit-off/puma-long-tail-fib-200ms-x2p0/puma-1w-3t/repeat-3,yjit-off,false,puma-long-tail-fib-200ms-x2p0,puma-long-tail-hey,puma/benchmarks/local/long_tail_hey + test/rackup/sleep_fibonacci,https://github.com/puma/puma/blob/main/benchmarks/local/long_tail_hey.rb,puma-1w-3t,3,puma,1,3,120,120,16.984,5.0,120,120,16.998,2.0,6,true,120,0,7.065,846.798,893.838,903.472,910.037,910.826,111.047,111.047,88.215,20,20,238,multiprocess_sample_only,,
yjit-off/puma-long-tail-fib-200ms-x1p5/puma-1w-3t/repeat-3,yjit-off,false,puma-long-tail-fib-200ms-x1p5,puma-long-tail-hey,puma/benchmarks/local/long_tail_hey + test/rackup/sleep_fibonacci,https://github.com/puma/puma/blob/main/benchmarks/local/long_tail_hey.rb,puma-1w-3t,3,puma,1,3,100,100,14.176,5.0,100,100,14.223,2.0,5,true,100,0,7.054,762.174,841.499,848.358,852.346,852.789,111.363,111.363,88.93,20,20,196,multiprocess_sample_only,,
yjit-off/puma-long-tail-fib-200ms-x1p0/puma-1w-3t/repeat-3,yjit-off,false,puma-long-tail-fib-200ms-x1p0,puma-long-tail-hey,puma/benchmarks/local/long_tail_hey + test/rackup/sleep_fibonacci,https://github.com/puma/puma/blob/main/benchmarks/local/long_tail_hey.rb,puma-1w-3t,3,puma,1,3,60,60,8.503,5.0,60,60,8.492,2.0,3,true,60,0,7.056,423.962,444.357,449.889,450.332,450.381,111.363,111.363,89.355,20,20,118,multiprocess_sample_only,,
yjit-off/puma-long-tail-fib-200ms-x0p5/puma-1w-3t/repeat-3,yjit-off,false,puma-long-tail-fib-200ms-x0p5,puma-long-tail-hey,puma/benchmarks/local/long_tail_hey + test/rackup/sleep_fibonacci,https://github.com/puma/puma/blob/main/benchmarks/local/long_tail_hey.rb,puma-1w-3t,3,puma,1,3,40,40,5.667,5.0,40,40,5.669,2.0,2,true,40,0,7.058,283.315,294.715,302.663,306.879,307.347,111.367,111.367,89.625,20,20,80,multiprocess_sample_only,,
yjit-off/puma-sleep-fibonacci-1ms/puma-1w-3t/repeat-3,yjit-off,false,puma-sleep-fibonacci-1ms,puma-sleep-fibonacci-test,puma/benchmarks/local/sleep_fibonacci_test + test/rackup/sleep_fibonacci,https://github.com/puma/puma/blob/main/benchmarks/local/sleep_fibonacci_test.rb,puma-1w-3t,3,puma,1,3,3627,10,5.001,5.0,10,1438,2.0,2.0,1,true,3627,0,725.293,1.346,1.468,1.73,2.344,2.634,117.285,117.285,89.525,20,20,71,multiprocess_sample_only,,
yjit-off/puma-sleep-fibonacci-5ms/puma-1w-3t/repeat-3,yjit-off,false,puma-sleep-fibonacci-5ms,puma-sleep-fibonacci-test,puma/benchmarks/local/sleep_fibonacci_test + test/rackup/sleep_fibonacci,https://github.com/puma/puma/blob/main/benchmarks/local/sleep_fibonacci_test.rb,puma-1w-3t,3,puma,1,3,939,10,5.005,5.0,10,376,2.003,2.0,1,true,939,0,187.596,5.288,5.438,5.632,6.083,6.385,117.348,117.348,89.28,20,20,71,multiprocess_sample_only,,
yjit-off/puma-sleep-fibonacci-10ms/puma-1w-3t/repeat-3,yjit-off,false,puma-sleep-fibonacci-10ms,puma-sleep-fibonacci-test,puma/benchmarks/local/sleep_fibonacci_test + test/rackup/sleep_fibonacci,https://github.com/puma/puma/blob/main/benchmarks/local/sleep_fibonacci_test.rb,puma-1w-3t,3,puma,1,3,482,10,5.008,5.0,10,193,2.009,2.0,1,true,482,0,96.254,10.334,10.541,10.878,11.269,11.421,117.348,117.348,89.055,20,20,71,multiprocess_sample_only,,
yjit-off/puma-sleep-fibonacci-50ms/puma-1w-3t/repeat-3,yjit-off,false,puma-sleep-fibonacci-50ms,puma-sleep-fibonacci-test,puma/benchmarks/local/sleep_fibonacci_test + test/rackup/sleep_fibonacci,https://github.com/puma/puma/blob/main/benchmarks/local/sleep_fibonacci_test.rb,puma-1w-3t,3,puma,1,3,99,10,5.012,5.0,10,40,2.023,2.0,1,true,99,0,19.752,50.583,50.739,50.901,51.626,51.706,117.348,117.348,88.83,20,20,71,multiprocess_sample_only,,
yjit-off/puma-sleep-fibonacci-100ms/puma-1w-3t/repeat-3,yjit-off,false,puma-sleep-fibonacci-100ms,puma-sleep-fibonacci-test,puma/benchmarks/local/sleep_fibonacci_test + test/rackup/sleep_fibonacci,https://github.com/puma/puma/blob/main/benchmarks/local/sleep_fibonacci_test.rb,puma-1w-3t,3,puma,1,3,50,10,5.035,5.0,10,20,2.015,2.0,1,true,50,0,9.931,100.603,101.055,101.424,101.693,101.723,117.348,117.348,88.58,20,20,71,multiprocess_sample_only,,
yjit-off/puma-sleep-fibonacci-200ms/puma-1w-3t/repeat-3,yjit-off,false,puma-sleep-fibonacci-200ms,puma-sleep-fibonacci-test,puma/benchmarks/local/sleep_fibonacci_test + test/rackup/sleep_fibonacci,https://github.com/puma/puma/blob/main/benchmarks/local/sleep_fibonacci_test.rb,puma-1w-3t,3,puma,1,3,25,10,5.02,5.0,10,10,2.009,2.0,1,true,25,0,4.98,200.699,201.063,201.149,201.156,201.157,117.348,117.348,88.355,20,20,71,multiprocess_sample_only,,
yjit-on/puma-response-array-1kb/raptor-3r/repeat-1,yjit-on,true,puma-response-array-1kb,puma-response-time-wrk,puma/benchmarks/local/response_time_wrk,https://github.com/puma/puma/blob/main/benchmarks/local/response_time_wrk.rb,raptor-3r,3,raptor,3,,1000,1000,16.14,5.0,1000,1000,16.165,2.0,5,true,1000,0,61.958,40.997,41.983,42.394,4033.57,4036.283,29.574,29.574,3.815,20,20,225,same_worker,28,718333
yjit-on/puma-response-chunk-1kb/raptor-3r/repeat-1,yjit-on,true,puma-response-chunk-1kb,puma-response-time-wrk,puma/benchmarks/local/response_time_wrk,https://github.com/puma/puma/blob/main/benchmarks/local/response_time_wrk.rb,raptor-3r,3,raptor,3,,1000,1000,16.125,5.0,1000,1000,16.119,2.0,5,true,1000,0,62.017,40.991,41.975,42.258,4033.483,4036.035,29.77,29.77,3.005,20,20,226,same_worker,27,716239
yjit-on/puma-response-string-1kb/raptor-3r/repeat-1,yjit-on,true,puma-response-string-1kb,puma-response-time-wrk,puma/benchmarks/local/response_time_wrk,https://github.com/puma/puma/blob/main/benchmarks/local/response_time_wrk.rb,raptor-3r,3,raptor,3,,1000,1000,16.122,5.0,1000,1000,16.101,2.0,5,true,1000,0,62.028,40.985,41.978,42.208,4029.754,4033.236,29.941,29.941,2.78,20,20,226,same_worker,28,719035
yjit-on/puma-response-io-1kb/raptor-3r/repeat-1,yjit-on,true,puma-response-io-1kb,puma-response-time-wrk,puma/benchmarks/local/response_time_wrk,https://github.com/puma/puma/blob/main/benchmarks/local/response_time_wrk.rb,raptor-3r,3,raptor,3,,1000,1000,16.133,5.0,1000,1000,16.132,2.0,5,true,1000,0,61.984,41.001,41.982,42.415,4040.569,4042.295,30.234,30.234,2.69,20,20,227,same_worker,28,727249
yjit-on/puma-response-array-10kb/raptor-3r/repeat-1,yjit-on,true,puma-response-array-10kb,puma-response-time-wrk,puma/benchmarks/local/response_time_wrk,https://github.com/puma/puma/blob/main/benchmarks/local/response_time_wrk.rb,raptor-3r,3,raptor,3,,1000,1000,16.136,5.0,1000,1000,16.093,2.0,5,true,1000,0,61.971,40.992,41.996,42.416,4035.715,4036.681,30.27,30.27,2.6,20,20,224,same_worker,29,720923
yjit-on/puma-response-chunk-10kb/raptor-3r/repeat-1,yjit-on,true,puma-response-chunk-10kb,puma-response-time-wrk,puma/benchmarks/local/response_time_wrk,https://github.com/puma/puma/blob/main/benchmarks/local/response_time_wrk.rb,raptor-3r,3,raptor,3,,1000,1000,16.166,5.0,1000,1000,16.12,2.0,5,true,1000,0,61.857,40.991,41.948,42.39,4072.89,4109.929,30.273,30.273,2.6,20,20,226,same_worker,28,715586
yjit-on/puma-response-string-10kb/raptor-3r/repeat-1,yjit-on,true,puma-response-string-10kb,puma-response-time-wrk,puma/benchmarks/local/response_time_wrk,https://github.com/puma/puma/blob/main/benchmarks/local/response_time_wrk.rb,raptor-3r,3,raptor,3,,1000,1000,16.126,5.0,1000,1000,16.118,2.0,5,true,1000,0,62.012,40.993,41.961,42.388,4034.251,4037.156,30.293,30.293,2.6,20,20,225,same_worker,29,719249
yjit-on/puma-response-io-10kb/raptor-3r/repeat-1,yjit-on,true,puma-response-io-10kb,puma-response-time-wrk,puma/benchmarks/local/response_time_wrk,https://github.com/puma/puma/blob/main/benchmarks/local/response_time_wrk.rb,raptor-3r,3,raptor,3,,1000,1000,16.158,5.0,1000,1000,16.148,2.0,5,true,1000,0,61.89,41.009,42.098,42.85,4041.092,4042.926,30.902,30.902,2.615,20,20,225,same_worker,31,744354
yjit-on/puma-response-array-100kb/raptor-3r/repeat-1,yjit-on,true,puma-response-array-100kb,puma-response-time-wrk,puma/benchmarks/local/response_time_wrk,https://github.com/puma/puma/blob/main/benchmarks/local/response_time_wrk.rb,raptor-3r,3,raptor,3,,1000,1000,12.784,5.0,1000,1000,11.924,2.0,5,true,1000,0,78.225,40.983,41.984,42.844,2892.047,2972.755,30.941,30.941,2.855,20,20,177,same_worker,30,720338
yjit-on/puma-response-chunk-100kb/raptor-3r/repeat-1,yjit-on,true,puma-response-chunk-100kb,puma-response-time-wrk,puma/benchmarks/local/response_time_wrk,https://github.com/puma/puma/blob/main/benchmarks/local/response_time_wrk.rb,raptor-3r,3,raptor,3,,1000,1000,13.189,5.0,1000,1000,11.933,2.0,5,true,1000,0,75.821,40.983,42.036,42.909,3248.295,3251.933,30.965,30.965,3.05,20,20,183,same_worker,30,715319
yjit-on/puma-response-string-100kb/raptor-3r/repeat-1,yjit-on,true,puma-response-string-100kb,puma-response-time-wrk,puma/benchmarks/local/response_time_wrk,https://github.com/puma/puma/blob/main/benchmarks/local/response_time_wrk.rb,raptor-3r,3,raptor,3,,11580,1000,5.002,5.0,1000,4846,2.001,2.0,5,true,11580,0,2315.153,1.228,2.07,9.555,123.465,134.256,31.34,31.34,4.315,20,20,67,same_worker,381,8326067
yjit-on/puma-response-io-100kb/raptor-3r/repeat-1,yjit-on,true,puma-response-io-100kb,puma-response-time-wrk,puma/benchmarks/local/response_time_wrk,https://github.com/puma/puma/blob/main/benchmarks/local/response_time_wrk.rb,raptor-3r,3,raptor,3,,1000,1000,14.159,5.0,1000,1000,12.105,2.0,5,true,1000,0,70.625,41.004,42.132,43.006,3424.636,3558.631,36.031,36.031,5.08,20,20,198,same_worker,47,926827
yjit-on/puma-response-array-256kb/raptor-3r/repeat-1,yjit-on,true,puma-response-array-256kb,puma-response-time-wrk,puma/benchmarks/local/response_time_wrk,https://github.com/puma/puma/blob/main/benchmarks/local/response_time_wrk.rb,raptor-3r,3,raptor,3,,1000,1000,13.367,5.0,1000,1000,12.884,2.0,5,true,1000,0,74.809,41.773,42.375,43.026,3736.24,3815.057,36.031,36.031,5.175,20,20,188,same_worker,36,719243
yjit-on/puma-response-chunk-256kb/raptor-3r/repeat-1,yjit-on,true,puma-response-chunk-256kb,puma-response-time-wrk,puma/benchmarks/local/response_time_wrk,https://github.com/puma/puma/blob/main/benchmarks/local/response_time_wrk.rb,raptor-3r,3,raptor,3,,1000,1000,13.062,5.0,1000,1000,12.176,2.0,5,true,1000,0,76.558,41.916,42.882,43.959,3048.038,3259.528,36.031,36.031,5.36,20,20,183,same_worker,36,716237
yjit-on/puma-response-string-256kb/raptor-3r/repeat-1,yjit-on,true,puma-response-string-256kb,puma-response-time-wrk,puma/benchmarks/local/response_time_wrk,https://github.com/puma/puma/blob/main/benchmarks/local/response_time_wrk.rb,raptor-3r,3,raptor,3,,9020,1000,5.003,5.0,1000,3782,2.002,2.0,5,true,9020,0,1802.972,1.495,2.525,41.672,160.531,186.883,36.031,36.031,6.14,20,20,66,same_worker,357,6488120
yjit-on/puma-response-io-256kb/raptor-3r/repeat-1,yjit-on,true,puma-response-io-256kb,puma-response-time-wrk,puma/benchmarks/local/response_time_wrk,https://github.com/puma/puma/blob/main/benchmarks/local/response_time_wrk.rb,raptor-3r,3,raptor,3,,1000,1000,13.751,5.0,1000,1000,12.595,2.0,5,true,1000,0,72.723,41.95,42.938,43.496,3377.122,3563.098,44.602,44.602,6.7,20,20,191,same_worker,52,1237245
yjit-on/puma-response-array-512kb/raptor-3r/repeat-1,yjit-on,true,puma-response-array-512kb,puma-response-time-wrk,puma/benchmarks/local/response_time_wrk,https://github.com/puma/puma/blob/main/benchmarks/local/response_time_wrk.rb,raptor-3r,3,raptor,3,,1000,1000,13.859,5.0,1000,1000,14.098,2.0,5,true,1000,0,72.157,41.978,43.062,44.465,3385.07,3402.546,41.133,41.133,6.95,20,20,193,same_worker,28,718744
yjit-on/puma-response-chunk-512kb/raptor-3r/repeat-1,yjit-on,true,puma-response-chunk-512kb,puma-response-time-wrk,puma/benchmarks/local/response_time_wrk,https://github.com/puma/puma/blob/main/benchmarks/local/response_time_wrk.rb,raptor-3r,3,raptor,3,,1000,1000,14.151,5.0,1000,1000,13.868,2.0,5,true,1000,0,70.665,42.013,43.256,44.443,3562.152,3696.123,41.133,41.133,7.22,20,20,196,same_worker,27,716243
yjit-on/puma-response-string-512kb/raptor-3r/repeat-1,yjit-on,true,puma-response-string-512kb,puma-response-time-wrk,puma/benchmarks/local/response_time_wrk,https://github.com/puma/puma/blob/main/benchmarks/local/response_time_wrk.rb,raptor-3r,3,raptor,3,,6137,1000,5.004,5.0,1000,2623,2.003,2.0,5,true,6137,0,1226.494,2.122,3.741,29.161,242.713,314.778,42.008,42.008,7.73,20,20,65,same_worker,181,4413753
yjit-on/puma-response-io-512kb/raptor-3r/repeat-1,yjit-on,true,puma-response-io-512kb,puma-response-time-wrk,puma/benchmarks/local/response_time_wrk,https://github.com/puma/puma/blob/main/benchmarks/local/response_time_wrk.rb,raptor-3r,3,raptor,3,,1000,1000,14.363,5.0,1000,1000,13.778,2.0,5,true,1000,0,69.624,42.936,44.101,48.702,3642.593,3645.118,47.758,47.758,8.335,20,20,199,same_worker,85,1749231
yjit-on/puma-response-array-1024kb/raptor-3r/repeat-1,yjit-on,true,puma-response-array-1024kb,puma-response-time-wrk,puma/benchmarks/local/response_time_wrk,https://github.com/puma/puma/blob/main/benchmarks/local/response_time_wrk.rb,raptor-3r,3,raptor,3,,1000,1000,14.787,5.0,1000,1000,14.734,2.0,5,true,1000,0,67.627,43.35,44.87,46.228,3867.164,3918.939,47.758,47.758,8.865,20,20,205,same_worker,30,719243
yjit-on/puma-response-chunk-1024kb/raptor-3r/repeat-1,yjit-on,true,puma-response-chunk-1024kb,puma-response-time-wrk,puma/benchmarks/local/response_time_wrk,https://github.com/puma/puma/blob/main/benchmarks/local/response_time_wrk.rb,raptor-3r,3,raptor,3,,1000,1000,13.524,5.0,1000,1000,15.127,2.0,5,true,1000,0,73.943,43.246,45.112,47.31,3245.751,3279.788,47.758,47.758,9.42,20,20,187,same_worker,31,715480
yjit-on/puma-response-string-1024kb/raptor-3r/repeat-1,yjit-on,true,puma-response-string-1024kb,puma-response-time-wrk,puma/benchmarks/local/response_time_wrk,https://github.com/puma/puma/blob/main/benchmarks/local/response_time_wrk.rb,raptor-3r,3,raptor,3,,4285,1000,5.006,5.0,1000,1791,2.006,2.0,5,true,4285,0,856.05,3.113,5.461,22.628,345.949,369.907,48.664,48.664,9.82,20,20,63,same_worker,138,3083634
yjit-on/puma-response-io-1024kb/raptor-3r/repeat-1,yjit-on,true,puma-response-io-1024kb,puma-response-time-wrk,puma/benchmarks/local/response_time_wrk,https://github.com/puma/puma/blob/main/benchmarks/local/response_time_wrk.rb,raptor-3r,3,raptor,3,,1000,1000,14.101,5.0,1000,1000,15.482,2.0,5,true,1000,0,70.916,44.041,46.086,50.013,3081.59,3753.941,54.582,54.582,10.635,20,20,194,same_worker,132,2773249
yjit-on/puma-response-array-2048kb/raptor-3r/repeat-1,yjit-on,true,puma-response-array-2048kb,puma-response-time-wrk,puma/benchmarks/local/response_time_wrk,https://github.com/puma/puma/blob/main/benchmarks/local/response_time_wrk.rb,raptor-3r,3,raptor,3,,1000,1000,15.06,5.0,1000,1000,16.16,2.0,5,true,1000,0,66.403,45.915,47.534,49.191,3662.366,3797.927,54.582,54.582,11.665,20,20,208,same_worker,28,719185
yjit-on/puma-response-chunk-2048kb/raptor-3r/repeat-1,yjit-on,true,puma-response-chunk-2048kb,puma-response-time-wrk,puma/benchmarks/local/response_time_wrk,https://github.com/puma/puma/blob/main/benchmarks/local/response_time_wrk.rb,raptor-3r,3,raptor,3,,1000,1000,15.2,5.0,1000,1000,15.179,2.0,5,true,1000,0,65.788,45.982,48.236,49.998,3863.167,3996.872,54.582,54.582,12.785,20,20,210,same_worker,28,715133
yjit-on/puma-response-string-2048kb/raptor-3r/repeat-1,yjit-on,true,puma-response-string-2048kb,puma-response-time-wrk,puma/benchmarks/local/response_time_wrk,https://github.com/puma/puma/blob/main/benchmarks/local/response_time_wrk.rb,raptor-3r,3,raptor,3,,2747,1000,5.009,5.0,1000,1139,2.07,2.0,5,true,2747,0,548.414,5.353,7.291,13.965,546.698,563.298,60.594,60.594,13.16,20,20,60,same_worker,79,1973394
yjit-on/puma-response-io-2048kb/raptor-3r/repeat-1,yjit-on,true,puma-response-io-2048kb,puma-response-time-wrk,puma/benchmarks/local/response_time_wrk,https://github.com/puma/puma/blob/main/benchmarks/local/response_time_wrk.rb,raptor-3r,3,raptor,3,,1000,1000,16.693,5.0,1000,1000,17.527,2.0,5,true,1000,0,59.906,47.252,50.121,52.485,4246.001,4288.558,67.867,67.867,14.27,20,20,231,same_worker,261,4821776
yjit-on/puma-long-tail-fib-200ms-x6p0/raptor-3r/repeat-1,yjit-on,true,puma-long-tail-fib-200ms-x6p0,puma-long-tail-hey,puma/benchmarks/local/long_tail_hey + test/rackup/sleep_fibonacci,https://github.com/puma/puma/blob/main/benchmarks/local/long_tail_hey.rb,raptor-3r,3,raptor,3,,363,360,29.014,5.0,360,360,28.778,2.0,18,true,363,0,12.511,241.842,243.712,19622.555,24415.544,24415.657,68.289,68.289,23.625,20,20,395,same_worker,2,64304
yjit-on/puma-long-tail-fib-200ms-x4p0/raptor-3r/repeat-1,yjit-on,true,puma-long-tail-fib-200ms-x4p0,puma-long-tail-hey,puma/benchmarks/local/long_tail_hey + test/rackup/sleep_fibonacci,https://github.com/puma/puma/blob/main/benchmarks/local/long_tail_hey.rb,raptor-3r,3,raptor,3,,243,240,19.413,5.0,240,240,19.178,2.0,12,true,243,0,12.518,241.742,242.618,12798.356,14810.244,14810.304,68.297,68.297,31.76,20,20,265,same_worker,1,40819
yjit-on/puma-long-tail-fib-200ms-x3p0/raptor-3r/repeat-1,yjit-on,true,puma-long-tail-fib-200ms-x3p0,puma-long-tail-hey,puma/benchmarks/local/long_tail_hey + test/rackup/sleep_fibonacci,https://github.com/puma/puma/blob/main/benchmarks/local/long_tail_hey.rb,raptor-3r,3,raptor,3,,183,180,14.622,5.0,180,180,14.381,2.0,9,true,183,0,12.516,241.729,242.688,10021.682,10023.139,10023.409,68.309,68.309,37.13,20,20,200,same_worker,1,31179
yjit-on/puma-long-tail-fib-200ms-x2p0/raptor-3r/repeat-1,yjit-on,true,puma-long-tail-fib-200ms-x2p0,puma-long-tail-hey,puma/benchmarks/local/long_tail_hey + test/rackup/sleep_fibonacci,https://github.com/puma/puma/blob/main/benchmarks/local/long_tail_hey.rb,raptor-3r,3,raptor,3,,123,120,9.831,5.0,120,120,9.588,2.0,6,true,123,0,12.512,241.659,242.678,5232.078,5232.164,5232.17,68.313,68.313,40.615,20,20,135,same_worker,1,19440
yjit-on/puma-long-tail-fib-200ms-x1p5/raptor-3r/repeat-1,yjit-on,true,puma-long-tail-fib-200ms-x1p5,puma-long-tail-hey,puma/benchmarks/local/long_tail_hey + test/rackup/sleep_fibonacci,https://github.com/puma/puma/blob/main/benchmarks/local/long_tail_hey.rb,raptor-3r,3,raptor,3,,103,100,9.826,5.0,100,100,9.586,2.0,5,true,103,0,10.482,241.643,242.602,5134.327,5234.306,5234.325,68.32,68.32,43.2,20,20,135,same_worker,0,15621
yjit-on/puma-long-tail-fib-200ms-x1p0/raptor-3r/repeat-1,yjit-on,true,puma-long-tail-fib-200ms-x1p0,puma-long-tail-hey,puma/benchmarks/local/long_tail_hey + test/rackup/sleep_fibonacci,https://github.com/puma/puma/blob/main/benchmarks/local/long_tail_hey.rb,raptor-3r,3,raptor,3,,63,60,5.041,5.0,60,60,4.795,2.0,3,true,63,0,12.498,241.844,242.818,243.124,243.129,243.129,68.324,68.324,44.78,20,20,70,same_worker,0,10054
yjit-on/puma-long-tail-fib-200ms-x0p5/raptor-3r/repeat-1,yjit-on,true,puma-long-tail-fib-200ms-x0p5,puma-long-tail-hey,puma/benchmarks/local/long_tail_hey + test/rackup/sleep_fibonacci,https://github.com/puma/puma/blob/main/benchmarks/local/long_tail_hey.rb,raptor-3r,3,raptor,3,,42,40,5.035,5.0,40,40,4.791,2.0,2,true,42,0,8.341,241.723,242.294,242.517,242.613,242.624,68.328,68.328,45.735,20,20,70,same_worker,1,9954
yjit-on/puma-sleep-fibonacci-1ms/raptor-3r/repeat-1,yjit-on,true,puma-sleep-fibonacci-1ms,puma-sleep-fibonacci-test,puma/benchmarks/local/sleep_fibonacci_test + test/rackup/sleep_fibonacci,https://github.com/puma/puma/blob/main/benchmarks/local/sleep_fibonacci_test.rb,raptor-3r,3,raptor,3,,122,10,5.003,5.0,10,49,2.019,2.0,1,true,122,0,24.387,41.956,42.072,42.348,42.428,42.432,68.34,68.34,45.71,20,20,71,same_worker,1,20031
yjit-on/puma-sleep-fibonacci-5ms/raptor-3r/repeat-1,yjit-on,true,puma-sleep-fibonacci-5ms,puma-sleep-fibonacci-test,puma/benchmarks/local/sleep_fibonacci_test + test/rackup/sleep_fibonacci,https://github.com/puma/puma/blob/main/benchmarks/local/sleep_fibonacci_test.rb,raptor-3r,3,raptor,3,,113,10,5.016,5.0,10,45,2.019,2.0,1,true,113,0,22.528,45.039,46.018,46.059,46.155,46.167,68.367,68.367,45.42,20,20,71,same_worker,1,20309
yjit-on/puma-sleep-fibonacci-10ms/raptor-3r/repeat-1,yjit-on,true,puma-sleep-fibonacci-10ms,puma-sleep-fibonacci-test,puma/benchmarks/local/sleep_fibonacci_test + test/rackup/sleep_fibonacci,https://github.com/puma/puma/blob/main/benchmarks/local/sleep_fibonacci_test.rb,raptor-3r,3,raptor,3,,99,10,5.043,5.0,10,40,2.0,2.0,1,true,99,0,19.631,50.987,52.014,52.041,52.055,52.057,68.387,68.387,45.175,20,20,71,same_worker,1,17718
yjit-on/puma-sleep-fibonacci-50ms/raptor-3r/repeat-1,yjit-on,true,puma-sleep-fibonacci-50ms,puma-sleep-fibonacci-test,puma/benchmarks/local/sleep_fibonacci_test + test/rackup/sleep_fibonacci,https://github.com/puma/puma/blob/main/benchmarks/local/sleep_fibonacci_test.rb,raptor-3r,3,raptor,3,,55,10,5.01,5.0,10,23,2.073,2.0,1,true,55,0,10.978,91.944,92.03,92.045,92.05,92.05,68.387,68.387,45.1,20,20,71,same_worker,1,8582
yjit-on/puma-sleep-fibonacci-100ms/raptor-3r/repeat-1,yjit-on,true,puma-sleep-fibonacci-100ms,puma-sleep-fibonacci-test,puma/benchmarks/local/sleep_fibonacci_test + test/rackup/sleep_fibonacci,https://github.com/puma/puma/blob/main/benchmarks/local/sleep_fibonacci_test.rb,raptor-3r,3,raptor,3,,36,10,5.068,5.0,10,15,2.083,2.0,1,true,36,0,7.103,141.958,142.093,142.483,142.55,142.557,68.387,68.387,45.1,20,20,72,same_worker,0,4279
yjit-on/puma-sleep-fibonacci-200ms/raptor-3r/repeat-1,yjit-on,true,puma-sleep-fibonacci-200ms,puma-sleep-fibonacci-test,puma/benchmarks/local/sleep_fibonacci_test + test/rackup/sleep_fibonacci,https://github.com/puma/puma/blob/main/benchmarks/local/sleep_fibonacci_test.rb,raptor-3r,3,raptor,3,,21,10,5.024,5.0,10,10,2.376,2.0,1,true,21,0,4.18,240.96,241.962,241.973,241.976,241.976,68.387,68.387,45.2,20,20,71,same_worker,0,5456
yjit-on/puma-response-array-1kb/raptor-3r/repeat-2,yjit-on,true,puma-response-array-1kb,puma-response-time-wrk,puma/benchmarks/local/response_time_wrk,https://github.com/puma/puma/blob/main/benchmarks/local/response_time_wrk.rb,raptor-3r,3,raptor,3,,1000,1000,16.122,5.0,1000,1000,16.15,2.0,5,true,1000,0,62.028,40.992,41.951,42.388,4032.253,4034.401,29.793,29.793,3.86,20,20,226,same_worker,27,719274
yjit-on/puma-response-chunk-1kb/raptor-3r/repeat-2,yjit-on,true,puma-response-chunk-1kb,puma-response-time-wrk,puma/benchmarks/local/response_time_wrk,https://github.com/puma/puma/blob/main/benchmarks/local/response_time_wrk.rb,raptor-3r,3,raptor,3,,1000,1000,16.119,5.0,1000,1000,16.122,2.0,5,true,1000,0,62.037,40.989,41.966,42.382,4029.668,4030.965,30.117,30.117,2.985,20,20,226,same_worker,28,714927
yjit-on/puma-response-string-1kb/raptor-3r/repeat-2,yjit-on,true,puma-response-string-1kb,puma-response-time-wrk,puma/benchmarks/local/response_time_wrk,https://github.com/puma/puma/blob/main/benchmarks/local/response_time_wrk.rb,raptor-3r,3,raptor,3,,1000,1000,16.117,5.0,1000,1000,16.108,2.0,5,true,1000,0,62.047,40.991,41.957,42.257,4029.15,4030.357,30.172,30.172,2.73,20,20,227,same_worker,28,718476
yjit-on/puma-response-io-1kb/raptor-3r/repeat-2,yjit-on,true,puma-response-io-1kb,puma-response-time-wrk,puma/benchmarks/local/response_time_wrk,https://github.com/puma/puma/blob/main/benchmarks/local/response_time_wrk.rb,raptor-3r,3,raptor,3,,1000,1000,16.129,5.0,1000,1000,16.097,2.0,5,true,1000,0,62.001,40.991,41.984,42.337,4032.271,4035.287,30.477,30.477,2.635,20,20,226,same_worker,29,727886
yjit-on/puma-response-array-10kb/raptor-3r/repeat-2,yjit-on,true,puma-response-array-10kb,puma-response-time-wrk,puma/benchmarks/local/response_time_wrk,https://github.com/puma/puma/blob/main/benchmarks/local/response_time_wrk.rb,raptor-3r,3,raptor,3,,1000,1000,16.135,5.0,1000,1000,16.105,2.0,5,true,1000,0,61.977,40.994,41.978,42.377,4032.008,4035.068,30.512,30.512,2.6,20,20,226,same_worker,29,718290
yjit-on/puma-response-chunk-10kb/raptor-3r/repeat-2,yjit-on,true,puma-response-chunk-10kb,puma-response-time-wrk,puma/benchmarks/local/response_time_wrk,https://github.com/puma/puma/blob/main/benchmarks/local/response_time_wrk.rb,raptor-3r,3,raptor,3,,1000,1000,16.127,5.0,1000,1000,16.121,2.0,5,true,1000,0,62.009,40.991,41.96,42.426,4032.313,4034.48,30.516,30.516,2.6,20,20,226,same_worker,29,717599
yjit-on/puma-response-string-10kb/raptor-3r/repeat-2,yjit-on,true,puma-response-string-10kb,puma-response-time-wrk,puma/benchmarks/local/response_time_wrk,https://github.com/puma/puma/blob/main/benchmarks/local/response_time_wrk.rb,raptor-3r,3,raptor,3,,1000,1000,16.125,5.0,1000,1000,16.093,2.0,5,true,1000,0,62.015,40.992,41.982,42.42,4036.436,4037.928,30.523,30.523,2.5,20,20,227,same_worker,29,718459
yjit-on/puma-response-io-10kb/raptor-3r/repeat-2,yjit-on,true,puma-response-io-10kb,puma-response-time-wrk,puma/benchmarks/local/response_time_wrk,https://github.com/puma/puma/blob/main/benchmarks/local/response_time_wrk.rb,raptor-3r,3,raptor,3,,1000,1000,16.139,5.0,1000,1000,16.097,2.0,5,true,1000,0,61.96,41.001,41.973,42.44,4038.545,4038.572,31.145,31.145,2.515,20,20,226,same_worker,31,745174
yjit-on/puma-response-array-100kb/raptor-3r/repeat-2,yjit-on,true,puma-response-array-100kb,puma-response-time-wrk,puma/benchmarks/local/response_time_wrk,https://github.com/puma/puma/blob/main/benchmarks/local/response_time_wrk.rb,raptor-3r,3,raptor,3,,1000,1000,14.21,5.0,1000,1000,14.561,2.0,5,true,1000,0,70.373,40.98,41.999,42.889,3872.257,3909.478,31.184,31.184,2.69,20,20,199,same_worker,30,719249
yjit-on/puma-response-chunk-100kb/raptor-3r/repeat-2,yjit-on,true,puma-response-chunk-100kb,puma-response-time-wrk,puma/benchmarks/local/response_time_wrk,https://github.com/puma/puma/blob/main/benchmarks/local/response_time_wrk.rb,raptor-3r,3,raptor,3,,1000,1000,14.81,5.0,1000,1000,12.901,2.0,5,true,1000,0,67.523,40.986,41.977,42.835,3681.025,3915.754,31.195,31.195,2.855,20,20,207,same_worker,30,716249
yjit-on/puma-response-string-100kb/raptor-3r/repeat-2,yjit-on,true,puma-response-string-100kb,puma-response-time-wrk,puma/benchmarks/local/response_time_wrk,https://github.com/puma/puma/blob/main/benchmarks/local/response_time_wrk.rb,raptor-3r,3,raptor,3,,11988,1000,5.002,5.0,1000,4893,2.002,2.0,5,true,11988,0,2396.834,1.188,1.961,4.577,125.594,132.894,31.488,31.488,4.025,20,20,67,same_worker,394,8617845
yjit-on/puma-response-io-100kb/raptor-3r/repeat-2,yjit-on,true,puma-response-io-100kb,puma-response-time-wrk,puma/benchmarks/local/response_time_wrk,https://github.com/puma/puma/blob/main/benchmarks/local/response_time_wrk.rb,raptor-3r,3,raptor,3,,1000,1000,15.082,5.0,1000,1000,14.273,2.0,5,true,1000,0,66.306,40.991,41.991,42.9,3684.116,3815.256,36.16,36.16,4.7,20,20,211,same_worker,48,926763
yjit-on/puma-response-array-256kb/raptor-3r/repeat-2,yjit-on,true,puma-response-array-256kb,puma-response-time-wrk,puma/benchmarks/local/response_time_wrk,https://github.com/puma/puma/blob/main/benchmarks/local/response_time_wrk.rb,raptor-3r,3,raptor,3,,1000,1000,9.828,5.0,1000,1000,11.308,2.0,5,true,1000,0,101.745,41.329,42.581,43.413,2884.601,3339.067,36.16,36.16,4.86,20,20,137,same_worker,36,720265
yjit-on/puma-response-chunk-256kb/raptor-3r/repeat-2,yjit-on,true,puma-response-chunk-256kb,puma-response-time-wrk,puma/benchmarks/local/response_time_wrk,https://github.com/puma/puma/blob/main/benchmarks/local/response_time_wrk.rb,raptor-3r,3,raptor,3,,1000,1000,11.155,5.0,1000,1000,11.81,2.0,5,true,1000,0,89.65,41.897,42.73,43.491,2241.344,3852.484,36.16,36.16,5.11,20,20,156,same_worker,36,717202
yjit-on/puma-response-string-256kb/raptor-3r/repeat-2,yjit-on,true,puma-response-string-256kb,puma-response-time-wrk,puma/benchmarks/local/response_time_wrk,https://github.com/puma/puma/blob/main/benchmarks/local/response_time_wrk.rb,raptor-3r,3,raptor,3,,8762,1000,5.201,5.0,1000,3674,2.002,2.0,5,true,8762,0,1684.816,1.493,2.645,41.659,181.274,210.555,36.387,36.387,5.925,20,20,69,same_worker,345,6298818
yjit-on/puma-response-io-256kb/raptor-3r/repeat-2,yjit-on,true,puma-response-io-256kb,puma-response-time-wrk,puma/benchmarks/local/response_time_wrk,https://github.com/puma/puma/blob/main/benchmarks/local/response_time_wrk.rb,raptor-3r,3,raptor,3,,1000,1000,13.54,5.0,1000,1000,11.971,2.0,5,true,1000,0,73.853,41.953,42.908,43.345,3382.166,3438.3,44.414,41.457,6.48,20,20,190,same_worker,52,1235954
yjit-on/puma-response-array-512kb/raptor-3r/repeat-2,yjit-on,true,puma-response-array-512kb,puma-response-time-wrk,puma/benchmarks/local/response_time_wrk,https://github.com/puma/puma/blob/main/benchmarks/local/response_time_wrk.rb,raptor-3r,3,raptor,3,,1000,1000,13.512,5.0,1000,1000,13.892,2.0,5,true,1000,0,74.008,41.976,43.015,46.734,3591.417,3673.376,41.457,41.457,6.75,20,20,189,same_worker,28,717804
yjit-on/puma-response-chunk-512kb/raptor-3r/repeat-2,yjit-on,true,puma-response-chunk-512kb,puma-response-time-wrk,puma/benchmarks/local/response_time_wrk,https://github.com/puma/puma/blob/main/benchmarks/local/response_time_wrk.rb,raptor-3r,3,raptor,3,,1000,1000,14.116,5.0,1000,1000,14.905,2.0,5,true,1000,0,70.844,41.985,43.028,44.496,3605.387,3911.157,41.457,41.457,6.96,20,20,197,same_worker,28,716249
yjit-on/puma-response-string-512kb/raptor-3r/repeat-2,yjit-on,true,puma-response-string-512kb,puma-response-time-wrk,puma/benchmarks/local/response_time_wrk,https://github.com/puma/puma/blob/main/benchmarks/local/response_time_wrk.rb,raptor-3r,3,raptor,3,,6505,1000,5.007,5.0,1000,2678,2.004,2.0,5,true,6505,0,1299.257,2.044,3.638,20.158,236.449,251.322,42.328,42.328,7.46,20,20,64,same_worker,193,4677698
yjit-on/puma-response-io-512kb/raptor-3r/repeat-2,yjit-on,true,puma-response-io-512kb,puma-response-time-wrk,puma/benchmarks/local/response_time_wrk,https://github.com/puma/puma/blob/main/benchmarks/local/response_time_wrk.rb,raptor-3r,3,raptor,3,,1000,1000,15.267,5.0,1000,1000,15.456,2.0,5,true,1000,0,65.499,42.937,44.017,48.061,3760.821,3770.955,46.211,46.211,8.0,20,20,212,same_worker,86,1749729
yjit-on/puma-response-array-1024kb/raptor-3r/repeat-2,yjit-on,true,puma-response-array-1024kb,puma-response-time-wrk,puma/benchmarks/local/response_time_wrk,https://github.com/puma/puma/blob/main/benchmarks/local/response_time_wrk.rb,raptor-3r,3,raptor,3,,1000,1000,14.525,5.0,1000,1000,14.776,2.0,5,true,1000,0,68.847,43.02,44.886,47.819,3515.971,4023.374,43.852,43.852,8.51,20,20,201,same_worker,32,719249
yjit-on/puma-response-chunk-1024kb/raptor-3r/repeat-2,yjit-on,true,puma-response-chunk-1024kb,puma-response-time-wrk,puma/benchmarks/local/response_time_wrk,https://github.com/puma/puma/blob/main/benchmarks/local/response_time_wrk.rb,raptor-3r,3,raptor,3,,1000,1000,14.623,5.0,1000,1000,14.376,2.0,5,true,1000,0,68.386,43.368,44.96,48.002,3727.31,3743.231,43.852,43.852,9.08,20,20,203,same_worker,32,715655
yjit-on/puma-response-string-1024kb/raptor-3r/repeat-2,yjit-on,true,puma-response-string-1024kb,puma-response-time-wrk,puma/benchmarks/local/response_time_wrk,https://github.com/puma/puma/blob/main/benchmarks/local/response_time_wrk.rb,raptor-3r,3,raptor,3,,4378,1000,5.004,5.0,1000,1803,2.004,2.0,5,true,4378,0,874.864,3.048,5.615,21.635,344.782,350.012,48.434,48.434,9.435,20,20,62,same_worker,141,3147894
yjit-on/puma-response-io-1024kb/raptor-3r/repeat-2,yjit-on,true,puma-response-io-1024kb,puma-response-time-wrk,puma/benchmarks/local/response_time_wrk,https://github.com/puma/puma/blob/main/benchmarks/local/response_time_wrk.rb,raptor-3r,3,raptor,3,,1000,1000,15.411,5.0,1000,1000,15.39,2.0,5,true,1000,0,64.889,44.598,46.332,60.36,3802.081,3927.78,56.578,56.578,10.18,20,20,213,same_worker,133,2773249
yjit-on/puma-response-array-2048kb/raptor-3r/repeat-2,yjit-on,true,puma-response-array-2048kb,puma-response-time-wrk,puma/benchmarks/local/response_time_wrk,https://github.com/puma/puma/blob/main/benchmarks/local/response_time_wrk.rb,raptor-3r,3,raptor,3,,1000,1000,12.299,5.0,1000,1000,15.234,2.0,5,true,1000,0,81.304,44.979,47.841,50.591,2529.822,3345.912,52.82,52.82,11.315,20,20,167,same_worker,28,717402
yjit-on/puma-response-chunk-2048kb/raptor-3r/repeat-2,yjit-on,true,puma-response-chunk-2048kb,puma-response-time-wrk,puma/benchmarks/local/response_time_wrk,https://github.com/puma/puma/blob/main/benchmarks/local/response_time_wrk.rb,raptor-3r,3,raptor,3,,1000,1000,12.969,5.0,1000,1000,15.797,2.0,5,true,1000,0,77.108,45.401,47.96,50.48,3290.168,3300.668,52.82,52.82,12.46,20,20,178,same_worker,28,715101
yjit-on/puma-response-string-2048kb/raptor-3r/repeat-2,yjit-on,true,puma-response-string-2048kb,puma-response-time-wrk,puma/benchmarks/local/response_time_wrk,https://github.com/puma/puma/blob/main/benchmarks/local/response_time_wrk.rb,raptor-3r,3,raptor,3,,2680,1000,5.009,5.0,1000,1132,2.019,2.0,5,true,2680,0,535.036,5.444,7.541,13.093,566.209,583.562,58.832,58.832,12.825,20,20,60,same_worker,77,1928019
yjit-on/puma-response-io-2048kb/raptor-3r/repeat-2,yjit-on,true,puma-response-io-2048kb,puma-response-time-wrk,puma/benchmarks/local/response_time_wrk,https://github.com/puma/puma/blob/main/benchmarks/local/response_time_wrk.rb,raptor-3r,3,raptor,3,,1000,1000,16.57,5.0,1000,1000,17.351,2.0,5,true,1000,0,60.352,47.806,50.943,53.345,4001.595,4048.791,65.027,65.027,14.04,20,20,229,same_worker,262,4820943
yjit-on/puma-long-tail-fib-200ms-x6p0/raptor-3r/repeat-2,yjit-on,true,puma-long-tail-fib-200ms-x6p0,puma-long-tail-hey,puma/benchmarks/local/long_tail_hey + test/rackup/sleep_fibonacci,https://github.com/puma/puma/blob/main/benchmarks/local/long_tail_hey.rb,raptor-3r,3,raptor,3,,363,360,29.001,5.0,360,360,28.784,2.0,18,true,363,0,12.517,241.719,243.148,19613.133,24403.429,24403.551,65.383,65.383,23.425,20,20,394,same_worker,3,64786
yjit-on/puma-long-tail-fib-200ms-x4p0/raptor-3r/repeat-2,yjit-on,true,puma-long-tail-fib-200ms-x4p0,puma-long-tail-hey,puma/benchmarks/local/long_tail_hey + test/rackup/sleep_fibonacci,https://github.com/puma/puma/blob/main/benchmarks/local/long_tail_hey.rb,raptor-3r,3,raptor,3,,243,240,19.415,5.0,240,240,19.173,2.0,12,true,243,0,12.516,241.664,242.933,12805.021,14817.637,14817.726,65.402,65.402,31.585,20,20,265,same_worker,2,44736
yjit-on/puma-long-tail-fib-200ms-x3p0/raptor-3r/repeat-2,yjit-on,true,puma-long-tail-fib-200ms-x3p0,puma-long-tail-hey,puma/benchmarks/local/long_tail_hey + test/rackup/sleep_fibonacci,https://github.com/puma/puma/blob/main/benchmarks/local/long_tail_hey.rb,raptor-3r,3,raptor,3,,183,180,14.626,5.0,180,180,14.379,2.0,9,true,183,0,12.512,241.804,242.896,10025.18,10025.452,10025.484,65.406,65.406,36.94,20,20,200,same_worker,1,31301
yjit-on/puma-long-tail-fib-200ms-x2p0/raptor-3r/repeat-2,yjit-on,true,puma-long-tail-fib-200ms-x2p0,puma-long-tail-hey,puma/benchmarks/local/long_tail_hey + test/rackup/sleep_fibonacci,https://github.com/puma/puma/blob/main/benchmarks/local/long_tail_hey.rb,raptor-3r,3,raptor,3,,123,120,9.829,5.0,120,120,9.6,2.0,6,true,123,0,12.513,241.692,242.89,5231.565,5231.85,5231.889,65.41,65.41,40.46,20,20,135,same_worker,1,21611
yjit-on/puma-long-tail-fib-200ms-x1p5/raptor-3r/repeat-2,yjit-on,true,puma-long-tail-fib-200ms-x1p5,puma-long-tail-hey,puma/benchmarks/local/long_tail_hey + test/rackup/sleep_fibonacci,https://github.com/puma/puma/blob/main/benchmarks/local/long_tail_hey.rb,raptor-3r,3,raptor,3,,103,100,9.832,5.0,100,100,9.594,2.0,5,true,103,0,10.476,241.782,242.696,5137.588,5237.806,5237.845,65.418,65.418,43.03,20,20,135,same_worker,1,19128
yjit-on/puma-long-tail-fib-200ms-x1p0/raptor-3r/repeat-2,yjit-on,true,puma-long-tail-fib-200ms-x1p0,puma-long-tail-hey,puma/benchmarks/local/long_tail_hey + test/rackup/sleep_fibonacci,https://github.com/puma/puma/blob/main/benchmarks/local/long_tail_hey.rb,raptor-3r,3,raptor,3,,63,60,5.039,5.0,60,60,4.791,2.0,3,true,63,0,12.501,241.71,242.445,242.931,242.962,242.965,65.418,65.418,44.615,20,20,70,same_worker,1,12285
yjit-on/puma-long-tail-fib-200ms-x0p5/raptor-3r/repeat-2,yjit-on,true,puma-long-tail-fib-200ms-x0p5,puma-long-tail-hey,puma/benchmarks/local/long_tail_hey + test/rackup/sleep_fibonacci,https://github.com/puma/puma/blob/main/benchmarks/local/long_tail_hey.rb,raptor-3r,3,raptor,3,,42,40,5.033,5.0,40,40,4.793,2.0,2,true,42,0,8.345,241.595,242.339,242.666,242.823,242.841,65.418,65.418,45.57,20,20,70,same_worker,0,7990
yjit-on/puma-sleep-fibonacci-1ms/raptor-3r/repeat-2,yjit-on,true,puma-sleep-fibonacci-1ms,puma-sleep-fibonacci-test,puma/benchmarks/local/sleep_fibonacci_test + test/rackup/sleep_fibonacci,https://github.com/puma/puma/blob/main/benchmarks/local/sleep_fibonacci_test.rb,raptor-3r,3,raptor,3,,122,10,5.008,5.0,10,49,2.019,2.0,1,true,122,0,24.359,41.97,42.879,42.991,43.015,43.018,65.426,65.426,45.55,20,20,71,same_worker,0,21673
yjit-on/puma-sleep-fibonacci-5ms/raptor-3r/repeat-2,yjit-on,true,puma-sleep-fibonacci-5ms,puma-sleep-fibonacci-test,puma/benchmarks/local/sleep_fibonacci_test + test/rackup/sleep_fibonacci,https://github.com/puma/puma/blob/main/benchmarks/local/sleep_fibonacci_test.rb,raptor-3r,3,raptor,3,,114,10,5.021,5.0,10,45,2.007,2.0,1,true,114,0,22.706,44.968,45.843,45.98,46.014,46.017,65.441,65.441,45.255,20,20,71,same_worker,1,20271
yjit-on/puma-sleep-fibonacci-10ms/raptor-3r/repeat-2,yjit-on,true,puma-sleep-fibonacci-10ms,puma-sleep-fibonacci-test,puma/benchmarks/local/sleep_fibonacci_test + test/rackup/sleep_fibonacci,https://github.com/puma/puma/blob/main/benchmarks/local/sleep_fibonacci_test.rb,raptor-3r,3,raptor,3,,98,10,5.041,5.0,10,40,2.008,2.0,1,true,98,0,19.442,51.943,52.089,52.939,52.988,52.994,65.445,65.445,45.015,20,20,71,same_worker,0,15477
yjit-on/puma-sleep-fibonacci-50ms/raptor-3r/repeat-2,yjit-on,true,puma-sleep-fibonacci-50ms,puma-sleep-fibonacci-test,puma/benchmarks/local/sleep_fibonacci_test + test/rackup/sleep_fibonacci,https://github.com/puma/puma/blob/main/benchmarks/local/sleep_fibonacci_test.rb,raptor-3r,3,raptor,3,,56,10,5.082,5.0,10,23,2.065,2.0,1,true,56,0,11.019,91.068,91.994,92.053,92.072,92.074,65.457,65.457,44.9,20,20,72,same_worker,0,8291
yjit-on/puma-sleep-fibonacci-100ms/raptor-3r/repeat-2,yjit-on,true,puma-sleep-fibonacci-100ms,puma-sleep-fibonacci-test,puma/benchmarks/local/sleep_fibonacci_test + test/rackup/sleep_fibonacci,https://github.com/puma/puma/blob/main/benchmarks/local/sleep_fibonacci_test.rb,raptor-3r,3,raptor,3,,36,10,5.074,5.0,10,15,2.088,2.0,1,true,36,0,7.095,141.944,142.165,142.732,142.98,143.007,65.457,65.457,44.9,20,20,72,same_worker,0,4291
yjit-on/puma-sleep-fibonacci-200ms/raptor-3r/repeat-2,yjit-on,true,puma-sleep-fibonacci-200ms,puma-sleep-fibonacci-test,puma/benchmarks/local/sleep_fibonacci_test + test/rackup/sleep_fibonacci,https://github.com/puma/puma/blob/main/benchmarks/local/sleep_fibonacci_test.rb,raptor-3r,3,raptor,3,,21,10,5.033,5.0,10,10,2.372,2.0,1,true,21,0,4.173,241.859,242.003,242.068,242.083,242.084,65.457,65.457,45.025,20,20,71,same_worker,1,8032
yjit-on/puma-response-array-1kb/raptor-3r/repeat-3,yjit-on,true,puma-response-array-1kb,puma-response-time-wrk,puma/benchmarks/local/response_time_wrk,https://github.com/puma/puma/blob/main/benchmarks/local/response_time_wrk.rb,raptor-3r,3,raptor,3,,1000,1000,16.131,5.0,1000,1000,16.127,2.0,5,true,1000,0,61.993,40.994,41.971,42.288,4034.784,4036.477,29.742,29.742,3.675,20,20,225,same_worker,27,719156
yjit-on/puma-response-chunk-1kb/raptor-3r/repeat-3,yjit-on,true,puma-response-chunk-1kb,puma-response-time-wrk,puma/benchmarks/local/response_time_wrk,https://github.com/puma/puma/blob/main/benchmarks/local/response_time_wrk.rb,raptor-3r,3,raptor,3,,1000,1000,16.16,5.0,1000,1000,16.123,2.0,5,true,1000,0,61.88,41.005,42.031,42.642,4043.875,4046.101,30.086,30.086,2.96,20,20,224,same_worker,27,715459
yjit-on/puma-response-string-1kb/raptor-3r/repeat-3,yjit-on,true,puma-response-string-1kb,puma-response-time-wrk,puma/benchmarks/local/response_time_wrk,https://github.com/puma/puma/blob/main/benchmarks/local/response_time_wrk.rb,raptor-3r,3,raptor,3,,1000,1000,16.122,5.0,1000,1000,16.126,2.0,5,true,1000,0,62.026,40.988,41.964,42.3,4031.945,4032.227,30.211,30.211,2.78,20,20,226,same_worker,28,719249
yjit-on/puma-response-io-1kb/raptor-3r/repeat-3,yjit-on,true,puma-response-io-1kb,puma-response-time-wrk,puma/benchmarks/local/response_time_wrk,https://github.com/puma/puma/blob/main/benchmarks/local/response_time_wrk.rb,raptor-3r,3,raptor,3,,1000,1000,16.139,5.0,1000,1000,16.106,2.0,5,true,1000,0,61.962,41.0,41.978,42.36,4033.591,4033.709,30.324,30.324,2.665,20,20,227,same_worker,29,727259
yjit-on/puma-response-array-10kb/raptor-3r/repeat-3,yjit-on,true,puma-response-array-10kb,puma-response-time-wrk,puma/benchmarks/local/response_time_wrk,https://github.com/puma/puma/blob/main/benchmarks/local/response_time_wrk.rb,raptor-3r,3,raptor,3,,1000,1000,16.136,5.0,1000,1000,16.112,2.0,5,true,1000,0,61.973,40.99,41.976,42.39,4034.471,4036.089,30.406,30.406,2.6,20,20,226,same_worker,29,720229
yjit-on/puma-response-chunk-10kb/raptor-3r/repeat-3,yjit-on,true,puma-response-chunk-10kb,puma-response-time-wrk,puma/benchmarks/local/response_time_wrk,https://github.com/puma/puma/blob/main/benchmarks/local/response_time_wrk.rb,raptor-3r,3,raptor,3,,1000,1000,16.128,5.0,1000,1000,16.112,2.0,5,true,1000,0,62.005,40.998,41.99,42.419,4038.085,4041.587,30.406,30.406,2.6,20,20,226,same_worker,29,718018
yjit-on/puma-response-string-10kb/raptor-3r/repeat-3,yjit-on,true,puma-response-string-10kb,puma-response-time-wrk,puma/benchmarks/local/response_time_wrk,https://github.com/puma/puma/blob/main/benchmarks/local/response_time_wrk.rb,raptor-3r,3,raptor,3,,1000,1000,16.127,5.0,1000,1000,16.089,2.0,5,true,1000,0,62.009,40.989,41.955,42.359,4036.88,4037.612,30.422,30.422,2.505,20,20,226,same_worker,30,719775
yjit-on/puma-response-io-10kb/raptor-3r/repeat-3,yjit-on,true,puma-response-io-10kb,puma-response-time-wrk,puma/benchmarks/local/response_time_wrk,https://github.com/puma/puma/blob/main/benchmarks/local/response_time_wrk.rb,raptor-3r,3,raptor,3,,1000,1000,16.123,5.0,1000,1000,16.108,2.0,5,true,1000,0,62.025,40.988,41.98,42.322,4031.669,4033.957,30.754,30.754,2.525,20,20,227,same_worker,31,743728
yjit-on/puma-response-array-100kb/raptor-3r/repeat-3,yjit-on,true,puma-response-array-100kb,puma-response-time-wrk,puma/benchmarks/local/response_time_wrk,https://github.com/puma/puma/blob/main/benchmarks/local/response_time_wrk.rb,raptor-3r,3,raptor,3,,1000,1000,14.945,5.0,1000,1000,13.269,2.0,5,true,1000,0,66.914,40.982,41.982,42.962,3748.274,3874.316,30.793,30.793,2.685,20,20,210,same_worker,30,718582
yjit-on/puma-response-chunk-100kb/raptor-3r/repeat-3,yjit-on,true,puma-response-chunk-100kb,puma-response-time-wrk,puma/benchmarks/local/response_time_wrk,https://github.com/puma/puma/blob/main/benchmarks/local/response_time_wrk.rb,raptor-3r,3,raptor,3,,1000,1000,14.449,5.0,1000,1000,13.199,2.0,5,true,1000,0,69.207,40.982,41.984,42.919,3789.971,3834.761,30.91,30.91,2.85,20,20,203,same_worker,30,716651
yjit-on/puma-response-string-100kb/raptor-3r/repeat-3,yjit-on,true,puma-response-string-100kb,puma-response-time-wrk,puma/benchmarks/local/response_time_wrk,https://github.com/puma/puma/blob/main/benchmarks/local/response_time_wrk.rb,raptor-3r,3,raptor,3,,12144,1000,5.002,5.0,1000,5103,2.002,2.0,5,true,12144,0,2428.028,1.178,1.932,5.346,121.148,131.559,31.457,31.457,4.03,20,20,67,same_worker,403,8731456
yjit-on/puma-response-io-100kb/raptor-3r/repeat-3,yjit-on,true,puma-response-io-100kb,puma-response-time-wrk,puma/benchmarks/local/response_time_wrk,https://github.com/puma/puma/blob/main/benchmarks/local/response_time_wrk.rb,raptor-3r,3,raptor,3,,1000,1000,15.069,5.0,1000,1000,14.175,2.0,5,true,1000,0,66.36,40.991,41.994,42.967,3724.918,3768.962,35.875,35.875,4.7,20,20,212,same_worker,48,924037
yjit-on/puma-response-array-256kb/raptor-3r/repeat-3,yjit-on,true,puma-response-array-256kb,puma-response-time-wrk,puma/benchmarks/local/response_time_wrk,https://github.com/puma/puma/blob/main/benchmarks/local/response_time_wrk.rb,raptor-3r,3,raptor,3,,1000,1000,12.377,5.0,1000,1000,12.817,2.0,5,true,1000,0,80.794,41.81,42.413,43.29,3122.899,3608.164,35.875,35.875,4.86,20,20,174,same_worker,37,719237
yjit-on/puma-response-chunk-256kb/raptor-3r/repeat-3,yjit-on,true,puma-response-chunk-256kb,puma-response-time-wrk,puma/benchmarks/local/response_time_wrk,https://github.com/puma/puma/blob/main/benchmarks/local/response_time_wrk.rb,raptor-3r,3,raptor,3,,1000,1000,11.718,5.0,1000,1000,12.25,2.0,5,true,1000,0,85.341,41.748,42.769,43.738,3110.82,3346.114,35.875,35.875,5.06,20,20,164,same_worker,37,714929
yjit-on/puma-response-string-256kb/raptor-3r/repeat-3,yjit-on,true,puma-response-string-256kb,puma-response-time-wrk,puma/benchmarks/local/response_time_wrk,https://github.com/puma/puma/blob/main/benchmarks/local/response_time_wrk.rb,raptor-3r,3,raptor,3,,8467,1000,5.002,5.0,1000,3598,2.002,2.0,5,true,8467,0,1692.712,1.564,2.689,42.072,170.752,221.588,36.543,36.543,5.835,20,20,65,same_worker,341,6087938
yjit-on/puma-response-io-256kb/raptor-3r/repeat-3,yjit-on,true,puma-response-io-256kb,puma-response-time-wrk,puma/benchmarks/local/response_time_wrk,https://github.com/puma/puma/blob/main/benchmarks/local/response_time_wrk.rb,raptor-3r,3,raptor,3,,1000,1000,13.522,5.0,1000,1000,13.296,2.0,5,true,1000,0,73.955,41.959,42.972,43.964,3541.726,3548.655,41.965,41.301,6.395,20,20,189,same_worker,52,1237779
yjit-on/puma-response-array-512kb/raptor-3r/repeat-3,yjit-on,true,puma-response-array-512kb,puma-response-time-wrk,puma/benchmarks/local/response_time_wrk,https://github.com/puma/puma/blob/main/benchmarks/local/response_time_wrk.rb,raptor-3r,3,raptor,3,,1000,1000,14.483,5.0,1000,1000,15.504,2.0,5,true,1000,0,69.047,41.98,43.023,44.018,3526.261,3579.272,41.301,41.301,6.625,20,20,203,same_worker,28,719243
yjit-on/puma-response-chunk-512kb/raptor-3r/repeat-3,yjit-on,true,puma-response-chunk-512kb,puma-response-time-wrk,puma/benchmarks/local/response_time_wrk,https://github.com/puma/puma/blob/main/benchmarks/local/response_time_wrk.rb,raptor-3r,3,raptor,3,,1000,1000,15.466,5.0,1000,1000,13.596,2.0,5,true,1000,0,64.656,41.98,42.996,44.213,3851.454,3922.468,41.301,41.301,6.86,20,20,217,same_worker,28,715864
yjit-on/puma-response-string-512kb/raptor-3r/repeat-3,yjit-on,true,puma-response-string-512kb,puma-response-time-wrk,puma/benchmarks/local/response_time_wrk,https://github.com/puma/puma/blob/main/benchmarks/local/response_time_wrk.rb,raptor-3r,3,raptor,3,,6387,1000,5.003,5.0,1000,2800,2.003,2.0,5,true,6387,0,1276.552,2.082,3.456,55.625,240.294,256.623,41.652,41.652,7.34,20,20,65,same_worker,189,4592858
yjit-on/puma-response-io-512kb/raptor-3r/repeat-3,yjit-on,true,puma-response-io-512kb,puma-response-time-wrk,puma/benchmarks/local/response_time_wrk,https://github.com/puma/puma/blob/main/benchmarks/local/response_time_wrk.rb,raptor-3r,3,raptor,3,,1000,1000,15.042,5.0,1000,1000,15.268,2.0,5,true,1000,0,66.48,42.9,43.925,44.824,3837.88,3873.368,45.738,45.738,7.855,20,20,210,same_worker,86,1749710
yjit-on/puma-response-array-1024kb/raptor-3r/repeat-3,yjit-on,true,puma-response-array-1024kb,puma-response-time-wrk,puma/benchmarks/local/response_time_wrk,https://github.com/puma/puma/blob/main/benchmarks/local/response_time_wrk.rb,raptor-3r,3,raptor,3,,1000,1000,13.266,5.0,1000,1000,14.798,2.0,5,true,1000,0,75.38,43.009,44.664,48.131,3080.405,3282.159,43.316,43.316,8.395,20,20,185,same_worker,31,719249
yjit-on/puma-response-chunk-1024kb/raptor-3r/repeat-3,yjit-on,true,puma-response-chunk-1024kb,puma-response-time-wrk,puma/benchmarks/local/response_time_wrk,https://github.com/puma/puma/blob/main/benchmarks/local/response_time_wrk.rb,raptor-3r,3,raptor,3,,1000,1000,14.422,5.0,1000,1000,13.827,2.0,5,true,1000,0,69.341,43.025,44.859,46.418,3479.234,3573.464,43.316,43.316,8.925,20,20,201,same_worker,31,716249
yjit-on/puma-response-string-1024kb/raptor-3r/repeat-3,yjit-on,true,puma-response-string-1024kb,puma-response-time-wrk,puma/benchmarks/local/response_time_wrk,https://github.com/puma/puma/blob/main/benchmarks/local/response_time_wrk.rb,raptor-3r,3,raptor,3,,4281,1000,5.004,5.0,1000,1850,2.005,2.0,5,true,4281,0,855.473,3.059,6.032,23.272,358.783,364.035,47.527,47.527,9.285,20,20,62,same_worker,139,3079263
yjit-on/puma-response-io-1024kb/raptor-3r/repeat-3,yjit-on,true,puma-response-io-1024kb,puma-response-time-wrk,puma/benchmarks/local/response_time_wrk,https://github.com/puma/puma/blob/main/benchmarks/local/response_time_wrk.rb,raptor-3r,3,raptor,3,,1000,1000,15.526,5.0,1000,1000,16.108,2.0,5,true,1000,0,64.409,43.991,45.957,54.681,3814.644,3853.201,56.934,56.934,9.995,20,20,216,same_worker,141,2773253
yjit-on/puma-response-array-2048kb/raptor-3r/repeat-3,yjit-on,true,puma-response-array-2048kb,puma-response-time-wrk,puma/benchmarks/local/response_time_wrk,https://github.com/puma/puma/blob/main/benchmarks/local/response_time_wrk.rb,raptor-3r,3,raptor,3,,1000,1000,14.891,5.0,1000,1000,15.508,2.0,5,true,1000,0,67.154,45.877,47.63,50.209,3483.777,3664.34,52.945,52.945,11.015,20,20,205,same_worker,28,719243
yjit-on/puma-response-chunk-2048kb/raptor-3r/repeat-3,yjit-on,true,puma-response-chunk-2048kb,puma-response-time-wrk,puma/benchmarks/local/response_time_wrk,https://github.com/puma/puma/blob/main/benchmarks/local/response_time_wrk.rb,raptor-3r,3,raptor,3,,1000,1000,15.612,5.0,1000,1000,15.557,2.0,5,true,1000,0,64.054,45.947,48.013,53.906,3633.925,4121.155,52.945,52.945,12.125,20,20,216,same_worker,28,715516
yjit-on/puma-response-string-2048kb/raptor-3r/repeat-3,yjit-on,true,puma-response-string-2048kb,puma-response-time-wrk,puma/benchmarks/local/response_time_wrk,https://github.com/puma/puma/blob/main/benchmarks/local/response_time_wrk.rb,raptor-3r,3,raptor,3,,2794,1000,5.008,5.0,1000,1134,2.097,2.0,5,true,2794,0,557.933,5.259,7.062,12.95,548.098,582.504,58.957,58.957,12.49,20,20,60,same_worker,80,2006234
yjit-on/puma-response-io-2048kb/raptor-3r/repeat-3,yjit-on,true,puma-response-io-2048kb,puma-response-time-wrk,puma/benchmarks/local/response_time_wrk,https://github.com/puma/puma/blob/main/benchmarks/local/response_time_wrk.rb,raptor-3r,3,raptor,3,,1000,1000,16.819,5.0,1000,1000,17.58,2.0,5,true,1000,0,59.458,47.782,50.161,52.431,4260.659,4381.446,65.348,65.348,13.66,20,20,233,same_worker,262,4821243
yjit-on/puma-long-tail-fib-200ms-x6p0/raptor-3r/repeat-3,yjit-on,true,puma-long-tail-fib-200ms-x6p0,puma-long-tail-hey,puma/benchmarks/local/long_tail_hey + test/rackup/sleep_fibonacci,https://github.com/puma/puma/blob/main/benchmarks/local/long_tail_hey.rb,raptor-3r,3,raptor,3,,363,360,29.006,5.0,360,360,28.776,2.0,18,true,363,0,12.515,241.807,242.94,19613.332,24406.457,24406.59,65.742,65.742,22.915,20,20,394,same_worker,2,64282
yjit-on/puma-long-tail-fib-200ms-x4p0/raptor-3r/repeat-3,yjit-on,true,puma-long-tail-fib-200ms-x4p0,puma-long-tail-hey,puma/benchmarks/local/long_tail_hey + test/rackup/sleep_fibonacci,https://github.com/puma/puma/blob/main/benchmarks/local/long_tail_hey.rb,raptor-3r,3,raptor,3,,243,240,19.409,5.0,240,240,19.174,2.0,12,true,243,0,12.52,241.625,242.773,12795.783,14808.432,14808.499,65.754,65.754,30.96,20,20,265,same_worker,1,40914
yjit-on/puma-long-tail-fib-200ms-x3p0/raptor-3r/repeat-3,yjit-on,true,puma-long-tail-fib-200ms-x3p0,puma-long-tail-hey,puma/benchmarks/local/long_tail_hey + test/rackup/sleep_fibonacci,https://github.com/puma/puma/blob/main/benchmarks/local/long_tail_hey.rb,raptor-3r,3,raptor,3,,183,180,14.621,5.0,180,180,14.38,2.0,9,true,183,0,12.516,241.676,242.849,10024.798,10025.659,10025.707,65.754,65.754,36.29,20,20,200,same_worker,1,31220
yjit-on/puma-long-tail-fib-200ms-x2p0/raptor-3r/repeat-3,yjit-on,true,puma-long-tail-fib-200ms-x2p0,puma-long-tail-hey,puma/benchmarks/local/long_tail_hey + test/rackup/sleep_fibonacci,https://github.com/puma/puma/blob/main/benchmarks/local/long_tail_hey.rb,raptor-3r,3,raptor,3,,123,120,9.839,5.0,120,120,9.59,2.0,6,true,123,0,12.501,241.757,243.117,5236.707,5239.39,5239.738,65.754,65.754,39.765,20,20,135,same_worker,1,19560
yjit-on/puma-long-tail-fib-200ms-x1p5/raptor-3r/repeat-3,yjit-on,true,puma-long-tail-fib-200ms-x1p5,puma-long-tail-hey,puma/benchmarks/local/long_tail_hey + test/rackup/sleep_fibonacci,https://github.com/puma/puma/blob/main/benchmarks/local/long_tail_hey.rb,raptor-3r,3,raptor,3,,103,100,9.83,5.0,100,100,9.584,2.0,5,true,103,0,10.478,241.633,242.79,5137.597,5237.761,5237.793,65.758,65.758,42.325,20,20,135,same_worker,0,16227
yjit-on/puma-long-tail-fib-200ms-x1p0/raptor-3r/repeat-3,yjit-on,true,puma-long-tail-fib-200ms-x1p0,puma-long-tail-hey,puma/benchmarks/local/long_tail_hey + test/rackup/sleep_fibonacci,https://github.com/puma/puma/blob/main/benchmarks/local/long_tail_hey.rb,raptor-3r,3,raptor,3,,63,60,5.038,5.0,60,60,4.795,2.0,3,true,63,0,12.504,241.677,242.584,243.111,243.507,243.551,65.762,65.762,43.895,20,20,70,same_worker,0,10390
yjit-on/puma-long-tail-fib-200ms-x0p5/raptor-3r/repeat-3,yjit-on,true,puma-long-tail-fib-200ms-x0p5,puma-long-tail-hey,puma/benchmarks/local/long_tail_hey + test/rackup/sleep_fibonacci,https://github.com/puma/puma/blob/main/benchmarks/local/long_tail_hey.rb,raptor-3r,3,raptor,3,,42,40,5.04,5.0,40,40,4.797,2.0,2,true,42,0,8.334,241.876,242.724,243.151,243.21,243.217,65.762,65.762,44.85,20,20,71,same_worker,1,9815
yjit-on/puma-sleep-fibonacci-1ms/raptor-3r/repeat-3,yjit-on,true,puma-sleep-fibonacci-1ms,puma-sleep-fibonacci-test,puma/benchmarks/local/sleep_fibonacci_test + test/rackup/sleep_fibonacci,https://github.com/puma/puma/blob/main/benchmarks/local/sleep_fibonacci_test.rb,raptor-3r,3,raptor,3,,122,10,5.014,5.0,10,49,2.02,2.0,1,true,122,0,24.333,41.967,42.949,42.989,43.189,43.217,65.813,65.813,44.835,20,20,71,same_worker,1,24285
yjit-on/puma-sleep-fibonacci-5ms/raptor-3r/repeat-3,yjit-on,true,puma-sleep-fibonacci-5ms,puma-sleep-fibonacci-test,puma/benchmarks/local/sleep_fibonacci_test + test/rackup/sleep_fibonacci,https://github.com/puma/puma/blob/main/benchmarks/local/sleep_fibonacci_test.rb,raptor-3r,3,raptor,3,,114,10,5.04,5.0,10,45,2.012,2.0,1,true,114,0,22.62,44.979,46.017,46.274,46.918,46.996,65.836,65.836,44.55,20,20,71,same_worker,1,20379
yjit-on/puma-sleep-fibonacci-10ms/raptor-3r/repeat-3,yjit-on,true,puma-sleep-fibonacci-10ms,puma-sleep-fibonacci-test,puma/benchmarks/local/sleep_fibonacci_test + test/rackup/sleep_fibonacci,https://github.com/puma/puma/blob/main/benchmarks/local/sleep_fibonacci_test.rb,raptor-3r,3,raptor,3,,98,10,5.003,5.0,10,40,2.003,2.0,1,true,98,0,19.589,51.034,52.097,52.913,52.974,52.981,65.836,65.836,44.325,20,20,71,same_worker,1,17476
yjit-on/puma-sleep-fibonacci-50ms/raptor-3r/repeat-3,yjit-on,true,puma-sleep-fibonacci-50ms,puma-sleep-fibonacci-test,puma/benchmarks/local/sleep_fibonacci_test + test/rackup/sleep_fibonacci,https://github.com/puma/puma/blob/main/benchmarks/local/sleep_fibonacci_test.rb,raptor-3r,3,raptor,3,,56,10,5.087,5.0,10,23,2.065,2.0,1,true,56,0,11.009,91.24,92.036,93.03,93.075,93.08,65.848,65.848,44.2,20,20,72,same_worker,1,8394
yjit-on/puma-sleep-fibonacci-100ms/raptor-3r/repeat-3,yjit-on,true,puma-sleep-fibonacci-100ms,puma-sleep-fibonacci-test,puma/benchmarks/local/sleep_fibonacci_test + test/rackup/sleep_fibonacci,https://github.com/puma/puma/blob/main/benchmarks/local/sleep_fibonacci_test.rb,raptor-3r,3,raptor,3,,36,10,5.07,5.0,10,15,2.09,2.0,1,true,36,0,7.101,141.965,142.025,142.634,142.929,142.961,65.848,65.848,44.265,20,20,72,same_worker,0,6528
yjit-on/puma-sleep-fibonacci-200ms/raptor-3r/repeat-3,yjit-on,true,puma-sleep-fibonacci-200ms,puma-sleep-fibonacci-test,puma/benchmarks/local/sleep_fibonacci_test + test/rackup/sleep_fibonacci,https://github.com/puma/puma/blob/main/benchmarks/local/sleep_fibonacci_test.rb,raptor-3r,3,raptor,3,,21,10,5.033,5.0,10,10,2.375,2.0,1,true,21,0,4.172,241.876,242.047,242.386,242.462,242.47,65.848,65.848,44.355,20,20,72,same_worker,0,3855
yjit-on/puma-response-array-1kb/puma-1w-3t/repeat-1,yjit-on,true,puma-response-array-1kb,puma-response-time-wrk,puma/benchmarks/local/response_time_wrk,https://github.com/puma/puma/blob/main/benchmarks/local/response_time_wrk.rb,puma-1w-3t,3,puma,1,3,16292,1000,5.001,5.0,1000,6364,2.001,2.0,5,true,16292,0,3257.521,1.477,1.923,2.291,3.158,8.662,69.266,69.266,82.825,20,20,66,multiprocess_sample_only,,
yjit-on/puma-response-chunk-1kb/puma-1w-3t/repeat-1,yjit-on,true,puma-response-chunk-1kb,puma-response-time-wrk,puma/benchmarks/local/response_time_wrk,https://github.com/puma/puma/blob/main/benchmarks/local/response_time_wrk.rb,puma-1w-3t,3,puma,1,3,15765,1000,5.001,5.0,1000,6397,2.001,2.0,5,true,15765,0,3152.074,1.535,1.974,2.34,3.041,3.44,74.219,74.219,78.425,20,20,66,multiprocess_sample_only,,
yjit-on/puma-response-string-1kb/puma-1w-3t/repeat-1,yjit-on,true,puma-response-string-1kb,puma-response-time-wrk,puma/benchmarks/local/response_time_wrk,https://github.com/puma/puma/blob/main/benchmarks/local/response_time_wrk.rb,puma-1w-3t,3,puma,1,3,16218,1000,5.001,5.0,1000,6643,2.001,2.0,5,true,16218,0,3243.013,1.485,1.944,2.402,3.002,3.393,74.398,74.398,77.3,20,20,66,multiprocess_sample_only,,
yjit-on/puma-response-io-1kb/puma-1w-3t/repeat-1,yjit-on,true,puma-response-io-1kb,puma-response-time-wrk,puma/benchmarks/local/response_time_wrk,https://github.com/puma/puma/blob/main/benchmarks/local/response_time_wrk.rb,puma-1w-3t,3,puma,1,3,15796,1000,5.001,5.0,1000,6473,2.001,2.0,5,true,15796,0,3158.517,1.524,2.016,2.504,3.396,4.223,74.695,74.695,77.92,20,20,65,multiprocess_sample_only,,
yjit-on/puma-response-array-10kb/puma-1w-3t/repeat-1,yjit-on,true,puma-response-array-10kb,puma-response-time-wrk,puma/benchmarks/local/response_time_wrk,https://github.com/puma/puma/blob/main/benchmarks/local/response_time_wrk.rb,puma-1w-3t,3,puma,1,3,15828,1000,5.001,5.0,1000,6453,2.001,2.0,5,true,15828,0,3164.826,1.511,2.051,2.738,3.815,5.39,77.07,77.07,77.99,20,20,66,multiprocess_sample_only,,
yjit-on/puma-response-chunk-10kb/puma-1w-3t/repeat-1,yjit-on,true,puma-response-chunk-10kb,puma-response-time-wrk,puma/benchmarks/local/response_time_wrk,https://github.com/puma/puma/blob/main/benchmarks/local/response_time_wrk.rb,puma-1w-3t,3,puma,1,3,13739,1000,5.001,5.0,1000,5646,2.001,2.0,5,true,13739,0,2747.007,1.763,2.266,2.668,3.451,4.063,77.34,77.34,77.42,20,20,65,multiprocess_sample_only,,
yjit-on/puma-response-string-10kb/puma-1w-3t/repeat-1,yjit-on,true,puma-response-string-10kb,puma-response-time-wrk,puma/benchmarks/local/response_time_wrk,https://github.com/puma/puma/blob/main/benchmarks/local/response_time_wrk.rb,puma-1w-3t,3,puma,1,3,15897,1000,5.002,5.0,1000,6540,2.001,2.0,5,true,15897,0,3178.385,1.51,2.008,2.454,3.077,4.058,77.719,77.719,77.15,20,20,66,multiprocess_sample_only,,
yjit-on/puma-response-io-10kb/puma-1w-3t/repeat-1,yjit-on,true,puma-response-io-10kb,puma-response-time-wrk,puma/benchmarks/local/response_time_wrk,https://github.com/puma/puma/blob/main/benchmarks/local/response_time_wrk.rb,puma-1w-3t,3,puma,1,3,15656,1000,5.001,5.0,1000,6441,2.001,2.0,5,true,15656,0,3130.578,1.538,2.048,2.531,3.245,3.944,79.313,78.984,77.54,20,20,65,multiprocess_sample_only,,
yjit-on/puma-response-array-100kb/puma-1w-3t/repeat-1,yjit-on,true,puma-response-array-100kb,puma-response-time-wrk,puma/benchmarks/local/response_time_wrk,https://github.com/puma/puma/blob/main/benchmarks/local/response_time_wrk.rb,puma-1w-3t,3,puma,1,3,12748,1000,5.002,5.0,1000,5268,2.002,2.0,5,true,12748,0,2548.787,1.912,2.364,2.699,3.685,4.471,100.25,98.902,77.375,20,20,65,multiprocess_sample_only,,
yjit-on/puma-response-chunk-100kb/puma-1w-3t/repeat-1,yjit-on,true,puma-response-chunk-100kb,puma-response-time-wrk,puma/benchmarks/local/response_time_wrk,https://github.com/puma/puma/blob/main/benchmarks/local/response_time_wrk.rb,puma-1w-3t,3,puma,1,3,6509,1000,5.003,5.0,1000,2674,2.002,2.0,5,true,6509,0,1301.023,3.807,4.589,5.029,6.653,7.611,89.258,88.309,76.695,20,20,62,multiprocess_sample_only,,
yjit-on/puma-response-string-100kb/puma-1w-3t/repeat-1,yjit-on,true,puma-response-string-100kb,puma-response-time-wrk,puma/benchmarks/local/response_time_wrk,https://github.com/puma/puma/blob/main/benchmarks/local/response_time_wrk.rb,puma-1w-3t,3,puma,1,3,12937,1000,5.001,5.0,1000,5286,2.001,2.0,5,true,12937,0,2586.699,1.883,2.337,2.643,3.422,4.993,101.129,101.129,76.07,20,20,65,multiprocess_sample_only,,
yjit-on/puma-response-io-100kb/puma-1w-3t/repeat-1,yjit-on,true,puma-response-io-100kb,puma-response-time-wrk,puma/benchmarks/local/response_time_wrk,https://github.com/puma/puma/blob/main/benchmarks/local/response_time_wrk.rb,puma-1w-3t,3,puma,1,3,12939,1000,5.031,5.0,1000,5190,2.038,2.0,5,true,12939,0,2571.68,1.364,2.081,41.271,42.702,43.646,82.492,81.813,75.53,20,20,67,multiprocess_sample_only,,
yjit-on/puma-response-array-256kb/puma-1w-3t/repeat-1,yjit-on,true,puma-response-array-256kb,puma-response-time-wrk,puma/benchmarks/local/response_time_wrk,https://github.com/puma/puma/blob/main/benchmarks/local/response_time_wrk.rb,puma-1w-3t,3,puma,1,3,9447,1000,5.002,5.0,1000,3863,2.002,2.0,5,true,9447,0,1888.81,2.375,3.901,5.627,20.663,22.461,117.414,115.941,75.115,20,20,63,multiprocess_sample_only,,
yjit-on/puma-response-chunk-256kb/puma-1w-3t/repeat-1,yjit-on,true,puma-response-chunk-256kb,puma-response-time-wrk,puma/benchmarks/local/response_time_wrk,https://github.com/puma/puma/blob/main/benchmarks/local/response_time_wrk.rb,puma-1w-3t,3,puma,1,3,3515,1000,5.007,5.0,1000,1398,2.005,2.0,5,true,3515,0,702.055,7.087,8.391,9.417,12.437,14.145,94.777,93.863,74.6,20,20,57,multiprocess_sample_only,,
yjit-on/puma-response-string-256kb/puma-1w-3t/repeat-1,yjit-on,true,puma-response-string-256kb,puma-response-time-wrk,puma/benchmarks/local/response_time_wrk,https://github.com/puma/puma/blob/main/benchmarks/local/response_time_wrk.rb,puma-1w-3t,3,puma,1,3,9662,1000,5.002,5.0,1000,3952,2.001,2.0,5,true,9662,0,1931.674,2.338,3.725,5.161,21.036,23.094,84.383,84.383,73.71,20,20,63,multiprocess_sample_only,,
yjit-on/puma-response-io-256kb/puma-1w-3t/repeat-1,yjit-on,true,puma-response-io-256kb,puma-response-time-wrk,puma/benchmarks/local/response_time_wrk,https://github.com/puma/puma/blob/main/benchmarks/local/response_time_wrk.rb,puma-1w-3t,3,puma,1,3,9389,1000,5.002,5.0,1000,3837,2.002,2.0,5,true,9389,0,1877.227,2.369,4.141,5.691,20.63,22.843,84.383,83.883,72.695,20,20,63,multiprocess_sample_only,,
yjit-on/puma-response-array-512kb/puma-1w-3t/repeat-1,yjit-on,true,puma-response-array-512kb,puma-response-time-wrk,puma/benchmarks/local/response_time_wrk,https://github.com/puma/puma/blob/main/benchmarks/local/response_time_wrk.rb,puma-1w-3t,3,puma,1,3,6645,1000,5.002,5.0,1000,2732,2.007,2.0,5,true,6645,0,1328.423,3.368,5.261,21.724,24.088,24.941,138.113,137.73,72.12,20,20,61,multiprocess_sample_only,,
yjit-on/puma-response-chunk-512kb/puma-1w-3t/repeat-1,yjit-on,true,puma-response-chunk-512kb,puma-response-time-wrk,puma/benchmarks/local/response_time_wrk,https://github.com/puma/puma/blob/main/benchmarks/local/response_time_wrk.rb,puma-1w-3t,3,puma,1,3,1995,1000,5.01,5.0,1000,1000,2.375,2.0,5,true,1995,0,398.215,12.533,14.907,16.249,21.91,23.266,110.84,110.84,71.595,20,20,50,multiprocess_sample_only,,
yjit-on/puma-response-string-512kb/puma-1w-3t/repeat-1,yjit-on,true,puma-response-string-512kb,puma-response-time-wrk,puma/benchmarks/local/response_time_wrk,https://github.com/puma/puma/blob/main/benchmarks/local/response_time_wrk.rb,puma-1w-3t,3,puma,1,3,6855,1000,5.002,5.0,1000,2799,2.008,2.0,5,true,6855,0,1370.347,3.17,5.608,22.496,26.155,27.142,101.031,101.031,70.595,20,20,62,multiprocess_sample_only,,
yjit-on/puma-response-io-512kb/puma-1w-3t/repeat-1,yjit-on,true,puma-response-io-512kb,puma-response-time-wrk,puma/benchmarks/local/response_time_wrk,https://github.com/puma/puma/blob/main/benchmarks/local/response_time_wrk.rb,puma-1w-3t,3,puma,1,3,6602,1000,5.006,5.0,1000,2789,2.002,2.0,5,true,6602,0,1318.942,3.328,5.434,21.828,25.123,209.34,101.152,101.152,69.29,20,20,61,multiprocess_sample_only,,
yjit-on/puma-response-array-1024kb/puma-1w-3t/repeat-1,yjit-on,true,puma-response-array-1024kb,puma-response-time-wrk,puma/benchmarks/local/response_time_wrk,https://github.com/puma/puma/blob/main/benchmarks/local/response_time_wrk.rb,puma-1w-3t,3,puma,1,3,3978,1000,5.005,5.0,1000,1660,2.005,2.0,5,true,3978,0,794.815,5.686,8.133,27.715,32.836,35.669,133.551,129.645,68.365,20,20,57,multiprocess_sample_only,,
yjit-on/puma-response-chunk-1024kb/puma-1w-3t/repeat-1,yjit-on,true,puma-response-chunk-1024kb,puma-response-time-wrk,puma/benchmarks/local/response_time_wrk,https://github.com/puma/puma/blob/main/benchmarks/local/response_time_wrk.rb,puma-1w-3t,3,puma,1,3,1077,1000,5.018,5.0,1000,1000,4.522,2.0,5,true,1077,0,214.644,23.111,27.614,29.027,45.548,45.972,111.422,111.219,67.995,20,20,40,multiprocess_sample_only,,
yjit-on/puma-response-string-1024kb/puma-1w-3t/repeat-1,yjit-on,true,puma-response-string-1024kb,puma-response-time-wrk,puma/benchmarks/local/response_time_wrk,https://github.com/puma/puma/blob/main/benchmarks/local/response_time_wrk.rb,puma-1w-3t,3,puma,1,3,4303,1000,5.004,5.0,1000,1841,2.003,2.0,5,true,4303,0,859.92,5.19,7.681,26.11,29.604,34.521,108.973,108.973,67.02,20,20,57,multiprocess_sample_only,,
yjit-on/puma-response-io-1024kb/puma-1w-3t/repeat-1,yjit-on,true,puma-response-io-1024kb,puma-response-time-wrk,puma/benchmarks/local/response_time_wrk,https://github.com/puma/puma/blob/main/benchmarks/local/response_time_wrk.rb,puma-1w-3t,3,puma,1,3,4228,1000,5.025,5.0,1000,1788,2.004,2.0,5,true,4228,0,841.423,5.304,7.499,27.709,30.975,31.934,108.973,108.973,65.61,20,20,57,multiprocess_sample_only,,
yjit-on/puma-response-array-2048kb/puma-1w-3t/repeat-1,yjit-on,true,puma-response-array-2048kb,puma-response-time-wrk,puma/benchmarks/local/response_time_wrk,https://github.com/puma/puma/blob/main/benchmarks/local/response_time_wrk.rb,puma-1w-3t,3,puma,1,3,2456,1000,5.009,5.0,1000,1000,2.059,2.0,5,true,2456,0,490.303,10.108,11.802,12.489,13.559,16.873,119.949,113.289,65.24,20,20,53,multiprocess_sample_only,,
yjit-on/puma-response-chunk-2048kb/puma-1w-3t/repeat-1,yjit-on,true,puma-response-chunk-2048kb,puma-response-time-wrk,puma/benchmarks/local/response_time_wrk,https://github.com/puma/puma/blob/main/benchmarks/local/response_time_wrk.rb,puma-1w-3t,3,puma,1,3,1000,1000,8.919,5.0,1000,1000,8.695,2.0,5,true,1000,0,112.116,44.311,51.468,54.38,82.93,83.476,118.465,117.199,65.3,20,20,51,multiprocess_sample_only,,
yjit-on/puma-response-string-2048kb/puma-1w-3t/repeat-1,yjit-on,true,puma-response-string-2048kb,puma-response-time-wrk,puma/benchmarks/local/response_time_wrk,https://github.com/puma/puma/blob/main/benchmarks/local/response_time_wrk.rb,puma-1w-3t,3,puma,1,3,2745,1000,5.008,5.0,1000,1105,2.008,2.0,5,true,2745,0,548.169,8.976,10.691,12.052,16.863,24.965,114.891,114.891,64.485,20,20,54,multiprocess_sample_only,,
yjit-on/puma-response-io-2048kb/puma-1w-3t/repeat-1,yjit-on,true,puma-response-io-2048kb,puma-response-time-wrk,puma/benchmarks/local/response_time_wrk,https://github.com/puma/puma/blob/main/benchmarks/local/response_time_wrk.rb,puma-1w-3t,3,puma,1,3,2705,1000,5.008,5.0,1000,1091,2.007,2.0,5,true,2705,0,540.148,9.137,10.483,11.441,16.249,17.795,114.891,114.891,63.15,20,20,54,multiprocess_sample_only,,
yjit-on/puma-long-tail-fib-200ms-x6p0/puma-1w-3t/repeat-1,yjit-on,true,puma-long-tail-fib-200ms-x6p0,puma-long-tail-hey,puma/benchmarks/local/long_tail_hey + test/rackup/sleep_fibonacci,https://github.com/puma/puma/blob/main/benchmarks/local/long_tail_hey.rb,puma-1w-3t,3,puma,1,3,360,360,51.117,5.0,360,360,51.132,2.0,18,true,360,0,7.043,2554.252,2619.705,2650.521,2672.383,2673.213,140.398,140.398,72.65,20,20,703,multiprocess_sample_only,,
yjit-on/puma-long-tail-fib-200ms-x4p0/puma-1w-3t/repeat-1,yjit-on,true,puma-long-tail-fib-200ms-x4p0,puma-long-tail-hey,puma/benchmarks/local/long_tail_hey + test/rackup/sleep_fibonacci,https://github.com/puma/puma/blob/main/benchmarks/local/long_tail_hey.rb,puma-1w-3t,3,puma,1,3,240,240,34.084,5.0,240,240,34.079,2.0,12,true,240,0,7.042,1702.391,1737.619,1748.112,1751.998,1752.149,140.398,140.398,78.595,20,20,469,multiprocess_sample_only,,
yjit-on/puma-long-tail-fib-200ms-x3p0/puma-1w-3t/repeat-1,yjit-on,true,puma-long-tail-fib-200ms-x3p0,puma-long-tail-hey,puma/benchmarks/local/long_tail_hey + test/rackup/sleep_fibonacci,https://github.com/puma/puma/blob/main/benchmarks/local/long_tail_hey.rb,puma-1w-3t,3,puma,1,3,180,180,25.554,5.0,180,180,25.554,2.0,9,true,180,0,7.044,1276.191,1334.754,1346.224,1357.767,1359.272,140.461,140.461,81.505,20,20,351,multiprocess_sample_only,,
yjit-on/puma-long-tail-fib-200ms-x2p0/puma-1w-3t/repeat-1,yjit-on,true,puma-long-tail-fib-200ms-x2p0,puma-long-tail-hey,puma/benchmarks/local/long_tail_hey + test/rackup/sleep_fibonacci,https://github.com/puma/puma/blob/main/benchmarks/local/long_tail_hey.rb,puma-1w-3t,3,puma,1,3,120,120,17.043,5.0,120,120,17.037,2.0,6,true,120,0,7.041,850.967,888.023,902.497,910.515,911.27,140.527,140.527,83.115,20,20,234,multiprocess_sample_only,,
yjit-on/puma-long-tail-fib-200ms-x1p5/puma-1w-3t/repeat-1,yjit-on,true,puma-long-tail-fib-200ms-x1p5,puma-long-tail-hey,puma/benchmarks/local/long_tail_hey + test/rackup/sleep_fibonacci,https://github.com/puma/puma/blob/main/benchmarks/local/long_tail_hey.rb,puma-1w-3t,3,puma,1,3,100,100,14.209,5.0,100,100,14.204,2.0,5,true,100,0,7.038,748.798,853.453,859.732,870.075,871.224,140.531,140.531,84.19,20,20,196,multiprocess_sample_only,,
yjit-on/puma-long-tail-fib-200ms-x1p0/puma-1w-3t/repeat-1,yjit-on,true,puma-long-tail-fib-200ms-x1p0,puma-long-tail-hey,puma/benchmarks/local/long_tail_hey + test/rackup/sleep_fibonacci,https://github.com/puma/puma/blob/main/benchmarks/local/long_tail_hey.rb,puma-1w-3t,3,puma,1,3,60,60,8.521,5.0,60,60,8.53,2.0,3,true,60,0,7.042,425.042,457.752,462.7,466.768,467.22,140.531,140.531,84.815,20,20,118,multiprocess_sample_only,,
yjit-on/puma-long-tail-fib-200ms-x0p5/puma-1w-3t/repeat-1,yjit-on,true,puma-long-tail-fib-200ms-x0p5,puma-long-tail-hey,puma/benchmarks/local/long_tail_hey + test/rackup/sleep_fibonacci,https://github.com/puma/puma/blob/main/benchmarks/local/long_tail_hey.rb,puma-1w-3t,3,puma,1,3,40,40,5.681,5.0,40,40,5.674,2.0,2,true,40,0,7.041,283.619,291.052,298.534,302.823,303.3,140.531,140.531,85.205,20,20,80,multiprocess_sample_only,,
yjit-on/puma-sleep-fibonacci-1ms/puma-1w-3t/repeat-1,yjit-on,true,puma-sleep-fibonacci-1ms,puma-sleep-fibonacci-test,puma/benchmarks/local/sleep_fibonacci_test + test/rackup/sleep_fibonacci,https://github.com/puma/puma/blob/main/benchmarks/local/sleep_fibonacci_test.rb,puma-1w-3t,3,puma,1,3,2117,10,5.002,5.0,10,823,2.001,2.0,1,true,2117,0,423.264,2.313,2.632,2.91,3.396,4.849,140.559,128.695,84.915,20,20,70,multiprocess_sample_only,,
yjit-on/puma-sleep-fibonacci-5ms/puma-1w-3t/repeat-1,yjit-on,true,puma-sleep-fibonacci-5ms,puma-sleep-fibonacci-test,puma/benchmarks/local/sleep_fibonacci_test + test/rackup/sleep_fibonacci,https://github.com/puma/puma/blob/main/benchmarks/local/sleep_fibonacci_test.rb,puma-1w-3t,3,puma,1,3,578,10,5.008,5.0,10,232,2.005,2.0,1,true,578,0,115.41,8.696,9.476,10.041,10.452,10.493,128.832,128.832,84.405,20,20,71,multiprocess_sample_only,,
yjit-on/puma-sleep-fibonacci-10ms/puma-1w-3t/repeat-1,yjit-on,true,puma-sleep-fibonacci-10ms,puma-sleep-fibonacci-test,puma/benchmarks/local/sleep_fibonacci_test + test/rackup/sleep_fibonacci,https://github.com/puma/puma/blob/main/benchmarks/local/sleep_fibonacci_test.rb,puma-1w-3t,3,puma,1,3,383,10,5.002,5.0,10,157,2.007,2.0,1,true,383,0,76.565,13.106,13.591,13.85,14.175,14.297,128.832,128.832,84.01,20,20,71,multiprocess_sample_only,,
yjit-on/puma-sleep-fibonacci-50ms/puma-1w-3t/repeat-1,yjit-on,true,puma-sleep-fibonacci-50ms,puma-sleep-fibonacci-test,puma/benchmarks/local/sleep_fibonacci_test + test/rackup/sleep_fibonacci,https://github.com/puma/puma/blob/main/benchmarks/local/sleep_fibonacci_test.rb,puma-1w-3t,3,puma,1,3,100,10,5.048,5.0,10,40,2.02,2.0,1,true,100,0,19.808,50.387,50.627,50.912,51.303,51.347,128.832,128.832,83.785,20,20,72,multiprocess_sample_only,,
yjit-on/puma-sleep-fibonacci-100ms/puma-1w-3t/repeat-1,yjit-on,true,puma-sleep-fibonacci-100ms,puma-sleep-fibonacci-test,puma/benchmarks/local/sleep_fibonacci_test + test/rackup/sleep_fibonacci,https://github.com/puma/puma/blob/main/benchmarks/local/sleep_fibonacci_test.rb,puma-1w-3t,3,puma,1,3,50,10,5.026,5.0,10,20,2.013,2.0,1,true,50,0,9.949,100.423,100.605,100.742,100.791,100.796,128.832,128.832,83.625,20,20,71,multiprocess_sample_only,,
yjit-on/puma-sleep-fibonacci-200ms/puma-1w-3t/repeat-1,yjit-on,true,puma-sleep-fibonacci-200ms,puma-sleep-fibonacci-test,puma/benchmarks/local/sleep_fibonacci_test + test/rackup/sleep_fibonacci,https://github.com/puma/puma/blob/main/benchmarks/local/sleep_fibonacci_test.rb,puma-1w-3t,3,puma,1,3,25,10,5.015,5.0,10,10,2.008,2.0,1,true,25,0,4.985,200.53,200.67,200.721,200.736,200.738,128.832,128.832,83.46,20,20,71,multiprocess_sample_only,,
yjit-on/puma-response-array-1kb/puma-1w-3t/repeat-2,yjit-on,true,puma-response-array-1kb,puma-response-time-wrk,puma/benchmarks/local/response_time_wrk,https://github.com/puma/puma/blob/main/benchmarks/local/response_time_wrk.rb,puma-1w-3t,3,puma,1,3,15951,1000,5.001,5.0,1000,6213,2.002,2.0,5,true,15951,0,3189.323,1.501,1.981,2.406,3.286,9.314,70.156,70.156,83.18,20,20,66,multiprocess_sample_only,,
yjit-on/puma-response-chunk-1kb/puma-1w-3t/repeat-2,yjit-on,true,puma-response-chunk-1kb,puma-response-time-wrk,puma/benchmarks/local/response_time_wrk,https://github.com/puma/puma/blob/main/benchmarks/local/response_time_wrk.rb,puma-1w-3t,3,puma,1,3,15527,1000,5.001,5.0,1000,6288,2.001,2.0,5,true,15527,0,3104.848,1.551,2.016,2.446,3.178,4.329,70.512,69.902,78.255,20,20,66,multiprocess_sample_only,,
yjit-on/puma-response-string-1kb/puma-1w-3t/repeat-2,yjit-on,true,puma-response-string-1kb,puma-response-time-wrk,puma/benchmarks/local/response_time_wrk,https://github.com/puma/puma/blob/main/benchmarks/local/response_time_wrk.rb,puma-1w-3t,3,puma,1,3,16087,1000,5.001,5.0,1000,6432,2.001,2.0,5,true,16087,0,3216.639,1.493,1.974,2.412,3.148,4.112,70.313,70.313,77.235,20,20,66,multiprocess_sample_only,,
yjit-on/puma-response-io-1kb/puma-1w-3t/repeat-2,yjit-on,true,puma-response-io-1kb,puma-response-time-wrk,puma/benchmarks/local/response_time_wrk,https://github.com/puma/puma/blob/main/benchmarks/local/response_time_wrk.rb,puma-1w-3t,3,puma,1,3,15789,1000,5.001,5.0,1000,6417,2.001,2.0,5,true,15789,0,3157.028,1.529,2.017,2.385,3.199,3.927,70.602,70.602,77.91,20,20,66,multiprocess_sample_only,,
yjit-on/puma-response-array-10kb/puma-1w-3t/repeat-2,yjit-on,true,puma-response-array-10kb,puma-response-time-wrk,puma/benchmarks/local/response_time_wrk,https://github.com/puma/puma/blob/main/benchmarks/local/response_time_wrk.rb,puma-1w-3t,3,puma,1,3,15720,1000,5.001,5.0,1000,6519,2.001,2.0,5,true,15720,0,3143.331,1.528,2.034,2.434,3.166,3.871,72.281,72.281,77.995,20,20,66,multiprocess_sample_only,,
yjit-on/puma-response-chunk-10kb/puma-1w-3t/repeat-2,yjit-on,true,puma-response-chunk-10kb,puma-response-time-wrk,puma/benchmarks/local/response_time_wrk,https://github.com/puma/puma/blob/main/benchmarks/local/response_time_wrk.rb,puma-1w-3t,3,puma,1,3,13700,1000,5.001,5.0,1000,5639,2.001,2.0,5,true,13700,0,2739.401,1.76,2.3,2.761,3.724,4.474,72.488,72.488,77.52,20,20,65,multiprocess_sample_only,,
yjit-on/puma-response-string-10kb/puma-1w-3t/repeat-2,yjit-on,true,puma-response-string-10kb,puma-response-time-wrk,puma/benchmarks/local/response_time_wrk,https://github.com/puma/puma/blob/main/benchmarks/local/response_time_wrk.rb,puma-1w-3t,3,puma,1,3,15825,1000,5.002,5.0,1000,6540,2.001,2.0,5,true,15825,0,3163.59,1.518,2.02,2.471,3.173,3.899,72.582,72.582,77.375,20,20,66,multiprocess_sample_only,,
yjit-on/puma-response-io-10kb/puma-1w-3t/repeat-2,yjit-on,true,puma-response-io-10kb,puma-response-time-wrk,puma/benchmarks/local/response_time_wrk,https://github.com/puma/puma/blob/main/benchmarks/local/response_time_wrk.rb,puma-1w-3t,3,puma,1,3,15433,1000,5.001,5.0,1000,6430,2.001,2.0,5,true,15433,0,3085.841,1.553,2.11,2.609,3.397,4.323,73.449,73.449,77.72,20,20,66,multiprocess_sample_only,,
yjit-on/puma-response-array-100kb/puma-1w-3t/repeat-2,yjit-on,true,puma-response-array-100kb,puma-response-time-wrk,puma/benchmarks/local/response_time_wrk,https://github.com/puma/puma/blob/main/benchmarks/local/response_time_wrk.rb,puma-1w-3t,3,puma,1,3,12541,1000,5.002,5.0,1000,5128,2.001,2.0,5,true,12541,0,2507.206,1.941,2.462,2.855,3.749,4.292,81.797,80.586,77.63,20,20,65,multiprocess_sample_only,,
yjit-on/puma-response-chunk-100kb/puma-1w-3t/repeat-2,yjit-on,true,puma-response-chunk-100kb,puma-response-time-wrk,puma/benchmarks/local/response_time_wrk,https://github.com/puma/puma/blob/main/benchmarks/local/response_time_wrk.rb,puma-1w-3t,3,puma,1,3,6372,1000,5.004,5.0,1000,2667,2.003,2.0,5,true,6372,0,1273.332,3.879,4.734,5.289,6.756,7.953,77.75,77.066,77.04,20,20,62,multiprocess_sample_only,,
yjit-on/puma-response-string-100kb/puma-1w-3t/repeat-2,yjit-on,true,puma-response-string-100kb,puma-response-time-wrk,puma/benchmarks/local/response_time_wrk,https://github.com/puma/puma/blob/main/benchmarks/local/response_time_wrk.rb,puma-1w-3t,3,puma,1,3,12639,1000,5.002,5.0,1000,5225,2.002,2.0,5,true,12639,0,2526.901,1.92,2.418,2.8,3.682,4.549,93.504,93.324,76.55,20,20,65,multiprocess_sample_only,,
yjit-on/puma-response-io-100kb/puma-1w-3t/repeat-2,yjit-on,true,puma-response-io-100kb,puma-response-time-wrk,puma/benchmarks/local/response_time_wrk,https://github.com/puma/puma/blob/main/benchmarks/local/response_time_wrk.rb,puma-1w-3t,3,puma,1,3,12545,1000,5.001,5.0,1000,5087,2.026,2.0,5,true,12545,0,2508.343,1.796,2.309,3.001,42.556,43.353,76.461,76.336,76.015,20,20,65,multiprocess_sample_only,,
yjit-on/puma-response-array-256kb/puma-1w-3t/repeat-2,yjit-on,true,puma-response-array-256kb,puma-response-time-wrk,puma/benchmarks/local/response_time_wrk,https://github.com/puma/puma/blob/main/benchmarks/local/response_time_wrk.rb,puma-1w-3t,3,puma,1,3,8845,1000,5.002,5.0,1000,3696,2.002,2.0,5,true,8845,0,1768.412,2.491,4.263,7.41,24.016,27.598,108.758,103.055,75.305,20,20,62,multiprocess_sample_only,,
yjit-on/puma-response-chunk-256kb/puma-1w-3t/repeat-2,yjit-on,true,puma-response-chunk-256kb,puma-response-time-wrk,puma/benchmarks/local/response_time_wrk,https://github.com/puma/puma/blob/main/benchmarks/local/response_time_wrk.rb,puma-1w-3t,3,puma,1,3,3449,1000,5.006,5.0,1000,1390,2.005,2.0,5,true,3449,0,689.002,7.184,8.757,9.588,13.136,14.446,88.246,87.797,74.72,20,20,56,multiprocess_sample_only,,
yjit-on/puma-response-string-256kb/puma-1w-3t/repeat-2,yjit-on,true,puma-response-string-256kb,puma-response-time-wrk,puma/benchmarks/local/response_time_wrk,https://github.com/puma/puma/blob/main/benchmarks/local/response_time_wrk.rb,puma-1w-3t,3,puma,1,3,9083,1000,5.002,5.0,1000,3650,2.002,2.0,5,true,9083,0,1815.927,2.435,4.064,6.135,23.393,24.553,80.609,80.234,73.715,20,20,62,multiprocess_sample_only,,
yjit-on/puma-response-io-256kb/puma-1w-3t/repeat-2,yjit-on,true,puma-response-io-256kb,puma-response-time-wrk,puma/benchmarks/local/response_time_wrk,https://github.com/puma/puma/blob/main/benchmarks/local/response_time_wrk.rb,puma-1w-3t,3,puma,1,3,8823,1000,5.002,5.0,1000,3482,2.001,2.0,5,true,8823,0,1763.838,2.511,4.033,7.132,24.765,25.342,80.234,80.234,72.545,20,20,63,multiprocess_sample_only,,
yjit-on/puma-response-array-512kb/puma-1w-3t/repeat-2,yjit-on,true,puma-response-array-512kb,puma-response-time-wrk,puma/benchmarks/local/response_time_wrk,https://github.com/puma/puma/blob/main/benchmarks/local/response_time_wrk.rb,puma-1w-3t,3,puma,1,3,6512,1000,5.002,5.0,1000,2576,2.003,2.0,5,true,6512,0,1301.786,3.328,5.909,23.509,27.463,28.413,119.176,117.66,71.88,20,20,59,multiprocess_sample_only,,
yjit-on/puma-response-chunk-512kb/puma-1w-3t/repeat-2,yjit-on,true,puma-response-chunk-512kb,puma-response-time-wrk,puma/benchmarks/local/response_time_wrk,https://github.com/puma/puma/blob/main/benchmarks/local/response_time_wrk.rb,puma-1w-3t,3,puma,1,3,1909,1000,5.01,5.0,1000,1000,2.387,2.0,5,true,1909,0,381.024,13.177,15.383,16.553,22.561,25.478,109.031,108.227,71.44,20,20,49,multiprocess_sample_only,,
yjit-on/puma-response-string-512kb/puma-1w-3t/repeat-2,yjit-on,true,puma-response-string-512kb,puma-response-time-wrk,puma/benchmarks/local/response_time_wrk,https://github.com/puma/puma/blob/main/benchmarks/local/response_time_wrk.rb,puma-1w-3t,3,puma,1,3,6540,1000,5.002,5.0,1000,2671,2.003,2.0,5,true,6540,0,1307.43,3.304,5.757,23.774,27.201,28.056,107.297,107.297,70.375,20,20,61,multiprocess_sample_only,,
yjit-on/puma-response-io-512kb/puma-1w-3t/repeat-2,yjit-on,true,puma-response-io-512kb,puma-response-time-wrk,puma/benchmarks/local/response_time_wrk,https://github.com/puma/puma/blob/main/benchmarks/local/response_time_wrk.rb,puma-1w-3t,3,puma,1,3,6472,1000,5.003,5.0,1000,2572,2.003,2.0,5,true,6472,0,1293.683,3.355,5.606,22.909,26.472,211.034,107.395,107.395,68.98,20,20,61,multiprocess_sample_only,,
yjit-on/puma-response-array-1024kb/puma-1w-3t/repeat-2,yjit-on,true,puma-response-array-1024kb,puma-response-time-wrk,puma/benchmarks/local/response_time_wrk,https://github.com/puma/puma/blob/main/benchmarks/local/response_time_wrk.rb,puma-1w-3t,3,puma,1,3,4010,1000,5.004,5.0,1000,1663,2.004,2.0,5,true,4010,0,801.339,5.597,8.588,27.845,31.157,32.181,133.086,132.578,68.035,20,20,57,multiprocess_sample_only,,
yjit-on/puma-response-chunk-1024kb/puma-1w-3t/repeat-2,yjit-on,true,puma-response-chunk-1024kb,puma-response-time-wrk,puma/benchmarks/local/response_time_wrk,https://github.com/puma/puma/blob/main/benchmarks/local/response_time_wrk.rb,puma-1w-3t,3,puma,1,3,1077,1000,5.017,5.0,1000,1000,4.546,2.0,5,true,1077,0,214.673,22.934,27.719,29.033,45.099,46.279,111.211,111.027,67.695,20,20,40,multiprocess_sample_only,,
yjit-on/puma-response-string-1024kb/puma-1w-3t/repeat-2,yjit-on,true,puma-response-string-1024kb,puma-response-time-wrk,puma/benchmarks/local/response_time_wrk,https://github.com/puma/puma/blob/main/benchmarks/local/response_time_wrk.rb,puma-1w-3t,3,puma,1,3,4188,1000,5.004,5.0,1000,1702,2.005,2.0,5,true,4188,0,836.873,5.278,8.488,27.636,32.867,35.166,113.871,113.684,66.705,20,20,57,multiprocess_sample_only,,
yjit-on/puma-response-io-1024kb/puma-1w-3t/repeat-2,yjit-on,true,puma-response-io-1024kb,puma-response-time-wrk,puma/benchmarks/local/response_time_wrk,https://github.com/puma/puma/blob/main/benchmarks/local/response_time_wrk.rb,puma-1w-3t,3,puma,1,3,4249,1000,5.005,5.0,1000,1714,2.004,2.0,5,true,4249,0,848.969,5.107,8.348,27.378,30.642,213.586,113.809,113.809,65.245,20,20,58,multiprocess_sample_only,,
yjit-on/puma-response-array-2048kb/puma-1w-3t/repeat-2,yjit-on,true,puma-response-array-2048kb,puma-response-time-wrk,puma/benchmarks/local/response_time_wrk,https://github.com/puma/puma/blob/main/benchmarks/local/response_time_wrk.rb,puma-1w-3t,3,puma,1,3,2341,1000,5.011,5.0,1000,1046,2.007,2.0,5,true,2341,0,467.145,10.481,13.007,14.107,17.109,20.953,126.391,123.504,64.68,20,20,52,multiprocess_sample_only,,
yjit-on/puma-response-chunk-2048kb/puma-1w-3t/repeat-2,yjit-on,true,puma-response-chunk-2048kb,puma-response-time-wrk,puma/benchmarks/local/response_time_wrk,https://github.com/puma/puma/blob/main/benchmarks/local/response_time_wrk.rb,puma-1w-3t,3,puma,1,3,1000,1000,8.984,5.0,1000,1000,8.84,2.0,5,true,1000,0,111.311,44.732,51.733,54.199,76.705,84.996,117.527,117.527,64.6,20,20,51,multiprocess_sample_only,,
yjit-on/puma-response-string-2048kb/puma-1w-3t/repeat-2,yjit-on,true,puma-response-string-2048kb,puma-response-time-wrk,puma/benchmarks/local/response_time_wrk,https://github.com/puma/puma/blob/main/benchmarks/local/response_time_wrk.rb,puma-1w-3t,3,puma,1,3,2427,1000,5.009,5.0,1000,1000,2.026,2.0,5,true,2427,0,484.538,10.182,12.152,13.226,18.365,19.86,117.066,117.066,63.815,20,20,52,multiprocess_sample_only,,
yjit-on/puma-response-io-2048kb/puma-1w-3t/repeat-2,yjit-on,true,puma-response-io-2048kb,puma-response-time-wrk,puma/benchmarks/local/response_time_wrk,https://github.com/puma/puma/blob/main/benchmarks/local/response_time_wrk.rb,puma-1w-3t,3,puma,1,3,2544,1000,5.01,5.0,1000,1034,2.008,2.0,5,true,2544,0,507.768,9.728,11.454,12.467,16.676,17.867,117.129,117.129,62.47,20,20,53,multiprocess_sample_only,,
yjit-on/puma-long-tail-fib-200ms-x6p0/puma-1w-3t/repeat-2,yjit-on,true,puma-long-tail-fib-200ms-x6p0,puma-long-tail-hey,puma/benchmarks/local/long_tail_hey + test/rackup/sleep_fibonacci,https://github.com/puma/puma/blob/main/benchmarks/local/long_tail_hey.rb,puma-1w-3t,3,puma,1,3,360,360,51.133,5.0,360,360,51.142,2.0,18,true,360,0,7.04,2553.861,2618.952,2642.582,2673.415,2681.12,138.441,138.441,72.155,20,20,699,multiprocess_sample_only,,
yjit-on/puma-long-tail-fib-200ms-x4p0/puma-1w-3t/repeat-2,yjit-on,true,puma-long-tail-fib-200ms-x4p0,puma-long-tail-hey,puma/benchmarks/local/long_tail_hey + test/rackup/sleep_fibonacci,https://github.com/puma/puma/blob/main/benchmarks/local/long_tail_hey.rb,puma-1w-3t,3,puma,1,3,240,240,34.082,5.0,240,240,34.072,2.0,12,true,240,0,7.042,1702.921,1749.801,1766.651,1795.732,1799.684,142.195,142.195,78.19,20,20,467,multiprocess_sample_only,,
yjit-on/puma-long-tail-fib-200ms-x3p0/puma-1w-3t/repeat-2,yjit-on,true,puma-long-tail-fib-200ms-x3p0,puma-long-tail-hey,puma/benchmarks/local/long_tail_hey + test/rackup/sleep_fibonacci,https://github.com/puma/puma/blob/main/benchmarks/local/long_tail_hey.rb,puma-1w-3t,3,puma,1,3,180,180,25.564,5.0,180,180,25.57,2.0,9,true,180,0,7.041,1276.416,1322.952,1347.425,1355.255,1356.207,142.32,142.32,81.17,20,20,350,multiprocess_sample_only,,
yjit-on/puma-long-tail-fib-200ms-x2p0/puma-1w-3t/repeat-2,yjit-on,true,puma-long-tail-fib-200ms-x2p0,puma-long-tail-hey,puma/benchmarks/local/long_tail_hey + test/rackup/sleep_fibonacci,https://github.com/puma/puma/blob/main/benchmarks/local/long_tail_hey.rb,puma-1w-3t,3,puma,1,3,120,120,17.043,5.0,120,120,17.036,2.0,6,true,120,0,7.041,850.595,895.455,911.461,912.057,912.111,142.383,142.383,82.805,20,20,234,multiprocess_sample_only,,
yjit-on/puma-long-tail-fib-200ms-x1p5/puma-1w-3t/repeat-2,yjit-on,true,puma-long-tail-fib-200ms-x1p5,puma-long-tail-hey,puma/benchmarks/local/long_tail_hey + test/rackup/sleep_fibonacci,https://github.com/puma/puma/blob/main/benchmarks/local/long_tail_hey.rb,puma-1w-3t,3,puma,1,3,100,100,14.226,5.0,100,100,14.198,2.0,5,true,100,0,7.029,785.983,865.087,866.482,872.773,873.471,142.508,142.508,83.895,20,20,197,multiprocess_sample_only,,
yjit-on/puma-long-tail-fib-200ms-x1p0/puma-1w-3t/repeat-2,yjit-on,true,puma-long-tail-fib-200ms-x1p0,puma-long-tail-hey,puma/benchmarks/local/long_tail_hey + test/rackup/sleep_fibonacci,https://github.com/puma/puma/blob/main/benchmarks/local/long_tail_hey.rb,puma-1w-3t,3,puma,1,3,60,60,8.521,5.0,60,60,8.527,2.0,3,true,60,0,7.042,428.934,444.283,452.119,453.196,453.315,142.945,142.945,84.535,20,20,119,multiprocess_sample_only,,
yjit-on/puma-long-tail-fib-200ms-x0p5/puma-1w-3t/repeat-2,yjit-on,true,puma-long-tail-fib-200ms-x0p5,puma-long-tail-hey,puma/benchmarks/local/long_tail_hey + test/rackup/sleep_fibonacci,https://github.com/puma/puma/blob/main/benchmarks/local/long_tail_hey.rb,puma-1w-3t,3,puma,1,3,40,40,5.684,5.0,40,40,5.68,2.0,2,true,40,0,7.038,283.818,289.819,293.167,294.749,294.925,123.613,123.613,84.93,20,20,81,multiprocess_sample_only,,
yjit-on/puma-sleep-fibonacci-1ms/puma-1w-3t/repeat-2,yjit-on,true,puma-sleep-fibonacci-1ms,puma-sleep-fibonacci-test,puma/benchmarks/local/sleep_fibonacci_test + test/rackup/sleep_fibonacci,https://github.com/puma/puma/blob/main/benchmarks/local/sleep_fibonacci_test.rb,puma-1w-3t,3,puma,1,3,2029,10,5.001,5.0,10,825,2.002,2.0,1,true,2029,0,405.703,2.442,2.775,3.109,3.627,3.996,130.98,127.516,84.625,20,20,71,multiprocess_sample_only,,
yjit-on/puma-sleep-fibonacci-5ms/puma-1w-3t/repeat-2,yjit-on,true,puma-sleep-fibonacci-5ms,puma-sleep-fibonacci-test,puma/benchmarks/local/sleep_fibonacci_test + test/rackup/sleep_fibonacci,https://github.com/puma/puma/blob/main/benchmarks/local/sleep_fibonacci_test.rb,puma-1w-3t,3,puma,1,3,575,10,5.008,5.0,10,216,2.001,2.0,1,true,575,0,114.818,8.782,9.455,10.039,10.594,10.648,127.516,127.516,84.1,20,20,71,multiprocess_sample_only,,
yjit-on/puma-sleep-fibonacci-10ms/puma-1w-3t/repeat-2,yjit-on,true,puma-sleep-fibonacci-10ms,puma-sleep-fibonacci-test,puma/benchmarks/local/sleep_fibonacci_test + test/rackup/sleep_fibonacci,https://github.com/puma/puma/blob/main/benchmarks/local/sleep_fibonacci_test.rb,puma-1w-3t,3,puma,1,3,391,10,5.005,5.0,10,151,2.001,2.0,1,true,391,0,78.125,12.868,13.574,13.767,14.12,14.224,127.516,127.516,83.715,20,20,70,multiprocess_sample_only,,
yjit-on/puma-sleep-fibonacci-50ms/puma-1w-3t/repeat-2,yjit-on,true,puma-sleep-fibonacci-50ms,puma-sleep-fibonacci-test,puma/benchmarks/local/sleep_fibonacci_test + test/rackup/sleep_fibonacci,https://github.com/puma/puma/blob/main/benchmarks/local/sleep_fibonacci_test.rb,puma-1w-3t,3,puma,1,3,99,10,5.005,5.0,10,40,2.019,2.0,1,true,99,0,19.782,50.54,50.666,51.03,51.161,51.176,127.516,127.516,83.515,20,20,71,multiprocess_sample_only,,
yjit-on/puma-sleep-fibonacci-100ms/puma-1w-3t/repeat-2,yjit-on,true,puma-sleep-fibonacci-100ms,puma-sleep-fibonacci-test,puma/benchmarks/local/sleep_fibonacci_test + test/rackup/sleep_fibonacci,https://github.com/puma/puma/blob/main/benchmarks/local/sleep_fibonacci_test.rb,puma-1w-3t,3,puma,1,3,50,10,5.032,5.0,10,20,2.011,2.0,1,true,50,0,9.937,100.556,100.818,100.976,100.987,100.989,127.516,127.516,83.345,20,20,71,multiprocess_sample_only,,
yjit-on/puma-sleep-fibonacci-200ms/puma-1w-3t/repeat-2,yjit-on,true,puma-sleep-fibonacci-200ms,puma-sleep-fibonacci-test,puma/benchmarks/local/sleep_fibonacci_test + test/rackup/sleep_fibonacci,https://github.com/puma/puma/blob/main/benchmarks/local/sleep_fibonacci_test.rb,puma-1w-3t,3,puma,1,3,25,10,5.018,5.0,10,10,2.007,2.0,1,true,25,0,4.982,200.581,200.945,201.182,201.24,201.246,127.516,127.516,83.18,20,20,71,multiprocess_sample_only,,
yjit-on/puma-response-array-1kb/puma-1w-3t/repeat-3,yjit-on,true,puma-response-array-1kb,puma-response-time-wrk,puma/benchmarks/local/response_time_wrk,https://github.com/puma/puma/blob/main/benchmarks/local/response_time_wrk.rb,puma-1w-3t,3,puma,1,3,15934,1000,5.001,5.0,1000,6266,2.001,2.0,5,true,15934,0,3186.188,1.505,1.986,2.427,3.237,7.202,68.949,68.949,82.41,20,20,65,multiprocess_sample_only,,
yjit-on/puma-response-chunk-1kb/puma-1w-3t/repeat-3,yjit-on,true,puma-response-chunk-1kb,puma-response-time-wrk,puma/benchmarks/local/response_time_wrk,https://github.com/puma/puma/blob/main/benchmarks/local/response_time_wrk.rb,puma-1w-3t,3,puma,1,3,15440,1000,5.002,5.0,1000,6301,2.001,2.0,5,true,15440,0,3086.894,1.553,2.073,2.556,3.303,4.683,70.121,69.668,78.47,20,20,65,multiprocess_sample_only,,
yjit-on/puma-response-string-1kb/puma-1w-3t/repeat-3,yjit-on,true,puma-response-string-1kb,puma-response-time-wrk,puma/benchmarks/local/response_time_wrk,https://github.com/puma/puma/blob/main/benchmarks/local/response_time_wrk.rb,puma-1w-3t,3,puma,1,3,15943,1000,5.001,5.0,1000,6556,2.001,2.0,5,true,15943,0,3187.965,1.504,2.002,2.421,3.257,4.214,69.715,69.715,77.62,20,20,65,multiprocess_sample_only,,
yjit-on/puma-response-io-1kb/puma-1w-3t/repeat-3,yjit-on,true,puma-response-io-1kb,puma-response-time-wrk,puma/benchmarks/local/response_time_wrk,https://github.com/puma/puma/blob/main/benchmarks/local/response_time_wrk.rb,puma-1w-3t,3,puma,1,3,15808,1000,5.002,5.0,1000,6395,2.001,2.0,5,true,15808,0,3160.566,1.525,2.011,2.404,3.25,4.002,69.707,69.707,78.38,20,20,66,multiprocess_sample_only,,
yjit-on/puma-response-array-10kb/puma-1w-3t/repeat-3,yjit-on,true,puma-response-array-10kb,puma-response-time-wrk,puma/benchmarks/local/response_time_wrk,https://github.com/puma/puma/blob/main/benchmarks/local/response_time_wrk.rb,puma-1w-3t,3,puma,1,3,16012,1000,5.001,5.0,1000,6495,2.001,2.0,5,true,16012,0,3201.515,1.503,1.973,2.396,3.186,4.016,71.316,71.316,78.36,20,20,66,multiprocess_sample_only,,
yjit-on/puma-response-chunk-10kb/puma-1w-3t/repeat-3,yjit-on,true,puma-response-chunk-10kb,puma-response-time-wrk,puma/benchmarks/local/response_time_wrk,https://github.com/puma/puma/blob/main/benchmarks/local/response_time_wrk.rb,puma-1w-3t,3,puma,1,3,13844,1000,5.001,5.0,1000,5612,2.001,2.0,5,true,13844,0,2768.077,1.749,2.245,2.656,3.372,4.309,71.496,71.496,77.8,20,20,65,multiprocess_sample_only,,
yjit-on/puma-response-string-10kb/puma-1w-3t/repeat-3,yjit-on,true,puma-response-string-10kb,puma-response-time-wrk,puma/benchmarks/local/response_time_wrk,https://github.com/puma/puma/blob/main/benchmarks/local/response_time_wrk.rb,puma-1w-3t,3,puma,1,3,15946,1000,5.001,5.0,1000,6510,2.002,2.0,5,true,15946,0,3188.379,1.501,2.006,2.49,3.384,4.454,71.551,71.551,77.545,20,20,66,multiprocess_sample_only,,
yjit-on/puma-response-io-10kb/puma-1w-3t/repeat-3,yjit-on,true,puma-response-io-10kb,puma-response-time-wrk,puma/benchmarks/local/response_time_wrk,https://github.com/puma/puma/blob/main/benchmarks/local/response_time_wrk.rb,puma-1w-3t,3,puma,1,3,15653,1000,5.001,5.0,1000,6349,2.001,2.0,5,true,15653,0,3129.893,1.537,2.047,2.485,3.254,3.741,72.551,72.551,77.95,20,20,66,multiprocess_sample_only,,
yjit-on/puma-response-array-100kb/puma-1w-3t/repeat-3,yjit-on,true,puma-response-array-100kb,puma-response-time-wrk,puma/benchmarks/local/response_time_wrk,https://github.com/puma/puma/blob/main/benchmarks/local/response_time_wrk.rb,puma-1w-3t,3,puma,1,3,12763,1000,5.002,5.0,1000,5149,2.001,2.0,5,true,12763,0,2551.807,1.904,2.38,2.706,3.779,4.441,87.145,85.293,77.785,20,20,65,multiprocess_sample_only,,
yjit-on/puma-response-chunk-100kb/puma-1w-3t/repeat-3,yjit-on,true,puma-response-chunk-100kb,puma-response-time-wrk,puma/benchmarks/local/response_time_wrk,https://github.com/puma/puma/blob/main/benchmarks/local/response_time_wrk.rb,puma-1w-3t,3,puma,1,3,6458,1000,5.003,5.0,1000,2678,2.003,2.0,5,true,6458,0,1290.739,3.822,4.663,5.183,7.162,10.251,79.266,79.258,77.125,20,20,62,multiprocess_sample_only,,
yjit-on/puma-response-string-100kb/puma-1w-3t/repeat-3,yjit-on,true,puma-response-string-100kb,puma-response-time-wrk,puma/benchmarks/local/response_time_wrk,https://github.com/puma/puma/blob/main/benchmarks/local/response_time_wrk.rb,puma-1w-3t,3,puma,1,3,12832,1000,5.002,5.0,1000,5298,2.001,2.0,5,true,12832,0,2565.544,1.898,2.36,2.683,3.479,4.812,86.949,85.41,76.485,20,20,65,multiprocess_sample_only,,
yjit-on/puma-response-io-100kb/puma-1w-3t/repeat-3,yjit-on,true,puma-response-io-100kb,puma-response-time-wrk,puma/benchmarks/local/response_time_wrk,https://github.com/puma/puma/blob/main/benchmarks/local/response_time_wrk.rb,puma-1w-3t,3,puma,1,3,12619,1000,5.026,5.0,1000,5258,2.025,2.0,5,true,12619,0,2510.907,1.728,2.352,3.378,42.548,43.362,77.703,77.266,75.965,20,20,66,multiprocess_sample_only,,
yjit-on/puma-response-array-256kb/puma-1w-3t/repeat-3,yjit-on,true,puma-response-array-256kb,puma-response-time-wrk,puma/benchmarks/local/response_time_wrk,https://github.com/puma/puma/blob/main/benchmarks/local/response_time_wrk.rb,puma-1w-3t,3,puma,1,3,9094,1000,5.006,5.0,1000,3775,2.002,2.0,5,true,9094,0,1816.455,2.446,3.92,5.942,24.936,26.393,109.395,106.23,75.485,20,20,62,multiprocess_sample_only,,
yjit-on/puma-response-chunk-256kb/puma-1w-3t/repeat-3,yjit-on,true,puma-response-chunk-256kb,puma-response-time-wrk,puma/benchmarks/local/response_time_wrk,https://github.com/puma/puma/blob/main/benchmarks/local/response_time_wrk.rb,puma-1w-3t,3,puma,1,3,3418,1000,5.005,5.0,1000,1391,2.005,2.0,5,true,3418,0,682.915,7.291,8.785,9.673,13.22,14.26,83.434,81.719,74.985,20,20,56,multiprocess_sample_only,,
yjit-on/puma-response-string-256kb/puma-1w-3t/repeat-3,yjit-on,true,puma-response-string-256kb,puma-response-time-wrk,puma/benchmarks/local/response_time_wrk,https://github.com/puma/puma/blob/main/benchmarks/local/response_time_wrk.rb,puma-1w-3t,3,puma,1,3,9352,1000,5.002,5.0,1000,3805,2.002,2.0,5,true,9352,0,1869.663,2.389,3.689,6.224,24.06,26.635,79.137,79.137,74.01,20,20,63,multiprocess_sample_only,,
yjit-on/puma-response-io-256kb/puma-1w-3t/repeat-3,yjit-on,true,puma-response-io-256kb,puma-response-time-wrk,puma/benchmarks/local/response_time_wrk,https://github.com/puma/puma/blob/main/benchmarks/local/response_time_wrk.rb,puma-1w-3t,3,puma,1,3,8998,1000,5.002,5.0,1000,3754,2.002,2.0,5,true,8998,0,1798.768,2.457,4.06,6.187,24.09,27.704,79.387,79.012,72.885,20,20,63,multiprocess_sample_only,,
yjit-on/puma-response-array-512kb/puma-1w-3t/repeat-3,yjit-on,true,puma-response-array-512kb,puma-response-time-wrk,puma/benchmarks/local/response_time_wrk,https://github.com/puma/puma/blob/main/benchmarks/local/response_time_wrk.rb,puma-1w-3t,3,puma,1,3,6516,1000,5.002,5.0,1000,2656,2.002,2.0,5,true,6516,0,1302.596,3.318,5.704,24.158,27.418,28.454,129.176,126.18,72.15,20,20,60,multiprocess_sample_only,,
yjit-on/puma-response-chunk-512kb/puma-1w-3t/repeat-3,yjit-on,true,puma-response-chunk-512kb,puma-response-time-wrk,puma/benchmarks/local/response_time_wrk,https://github.com/puma/puma/blob/main/benchmarks/local/response_time_wrk.rb,puma-1w-3t,3,puma,1,3,1953,1000,5.008,5.0,1000,1000,2.43,2.0,5,true,1953,0,390.002,12.859,15.515,16.651,21.326,24.252,86.652,85.719,71.68,20,20,49,multiprocess_sample_only,,
yjit-on/puma-response-string-512kb/puma-1w-3t/repeat-3,yjit-on,true,puma-response-string-512kb,puma-response-time-wrk,puma/benchmarks/local/response_time_wrk,https://github.com/puma/puma/blob/main/benchmarks/local/response_time_wrk.rb,puma-1w-3t,3,puma,1,3,6440,1000,5.002,5.0,1000,2683,2.003,2.0,5,true,6440,0,1287.365,3.335,5.699,24.473,32.668,41.888,83.809,83.809,70.655,20,20,60,multiprocess_sample_only,,
yjit-on/puma-response-io-512kb/puma-1w-3t/repeat-3,yjit-on,true,puma-response-io-512kb,puma-response-time-wrk,puma/benchmarks/local/response_time_wrk,https://github.com/puma/puma/blob/main/benchmarks/local/response_time_wrk.rb,puma-1w-3t,3,puma,1,3,6421,1000,5.003,5.0,1000,2706,2.004,2.0,5,true,6421,0,1283.529,3.388,5.279,24.256,27.014,217.79,83.887,83.887,69.285,20,20,60,multiprocess_sample_only,,
yjit-on/puma-response-array-1024kb/puma-1w-3t/repeat-3,yjit-on,true,puma-response-array-1024kb,puma-response-time-wrk,puma/benchmarks/local/response_time_wrk,https://github.com/puma/puma/blob/main/benchmarks/local/response_time_wrk.rb,puma-1w-3t,3,puma,1,3,4019,1000,5.004,5.0,1000,1724,2.004,2.0,5,true,4019,0,803.169,5.594,8.589,28.557,31.681,32.324,126.121,122.191,68.365,20,20,57,multiprocess_sample_only,,
yjit-on/puma-response-chunk-1024kb/puma-1w-3t/repeat-3,yjit-on,true,puma-response-chunk-1024kb,puma-response-time-wrk,puma/benchmarks/local/response_time_wrk,https://github.com/puma/puma/blob/main/benchmarks/local/response_time_wrk.rb,puma-1w-3t,3,puma,1,3,1054,1000,5.019,5.0,1000,1000,4.234,2.0,5,true,1054,0,210.022,23.803,28.149,30.171,31.682,35.06,87.707,87.707,67.99,20,20,40,multiprocess_sample_only,,
yjit-on/puma-response-string-1024kb/puma-1w-3t/repeat-3,yjit-on,true,puma-response-string-1024kb,puma-response-time-wrk,puma/benchmarks/local/response_time_wrk,https://github.com/puma/puma/blob/main/benchmarks/local/response_time_wrk.rb,puma-1w-3t,3,puma,1,3,4252,1000,5.004,5.0,1000,1790,2.004,2.0,5,true,4252,0,849.796,5.249,7.766,27.752,30.659,32.897,87.199,87.199,66.97,20,20,57,multiprocess_sample_only,,
yjit-on/puma-response-io-1024kb/puma-1w-3t/repeat-3,yjit-on,true,puma-response-io-1024kb,puma-response-time-wrk,puma/benchmarks/local/response_time_wrk,https://github.com/puma/puma/blob/main/benchmarks/local/response_time_wrk.rb,puma-1w-3t,3,puma,1,3,4331,1000,5.005,5.0,1000,1819,2.004,2.0,5,true,4331,0,865.372,5.154,7.6,27.813,31.135,32.984,87.199,87.199,65.56,20,20,57,multiprocess_sample_only,,
yjit-on/puma-response-array-2048kb/puma-1w-3t/repeat-3,yjit-on,true,puma-response-array-2048kb,puma-response-time-wrk,puma/benchmarks/local/response_time_wrk,https://github.com/puma/puma/blob/main/benchmarks/local/response_time_wrk.rb,puma-1w-3t,3,puma,1,3,2397,1000,5.007,5.0,1000,1000,2.108,2.0,5,true,2397,0,478.736,10.349,12.011,13.043,13.836,19.275,106.242,106.238,65.035,20,20,52,multiprocess_sample_only,,
yjit-on/puma-response-chunk-2048kb/puma-1w-3t/repeat-3,yjit-on,true,puma-response-chunk-2048kb,puma-response-time-wrk,puma/benchmarks/local/response_time_wrk,https://github.com/puma/puma/blob/main/benchmarks/local/response_time_wrk.rb,puma-1w-3t,3,puma,1,3,1000,1000,9.057,5.0,1000,1000,8.369,2.0,5,true,1000,0,110.407,45.075,52.425,56.785,83.338,85.108,90.637,88.496,65.0,20,20,52,multiprocess_sample_only,,
yjit-on/puma-response-string-2048kb/puma-1w-3t/repeat-3,yjit-on,true,puma-response-string-2048kb,puma-response-time-wrk,puma/benchmarks/local/response_time_wrk,https://github.com/puma/puma/blob/main/benchmarks/local/response_time_wrk.rb,puma-1w-3t,3,puma,1,3,2482,1000,5.011,5.0,1000,1031,2.007,2.0,5,true,2482,0,495.354,9.997,11.718,12.673,18.194,19.065,92.313,92.313,64.16,20,20,53,multiprocess_sample_only,,
yjit-on/puma-response-io-2048kb/puma-1w-3t/repeat-3,yjit-on,true,puma-response-io-2048kb,puma-response-time-wrk,puma/benchmarks/local/response_time_wrk,https://github.com/puma/puma/blob/main/benchmarks/local/response_time_wrk.rb,puma-1w-3t,3,puma,1,3,2506,1000,5.008,5.0,1000,1087,2.008,2.0,5,true,2506,0,500.426,9.941,11.548,12.442,18.025,20.289,92.313,92.313,62.82,20,20,53,multiprocess_sample_only,,
yjit-on/puma-long-tail-fib-200ms-x6p0/puma-1w-3t/repeat-3,yjit-on,true,puma-long-tail-fib-200ms-x6p0,puma-long-tail-hey,puma/benchmarks/local/long_tail_hey + test/rackup/sleep_fibonacci,https://github.com/puma/puma/blob/main/benchmarks/local/long_tail_hey.rb,puma-1w-3t,3,puma,1,3,360,360,51.136,5.0,360,360,51.114,2.0,18,true,360,0,7.04,2557.71,2600.84,2617.332,2630.095,2634.838,114.008,114.008,72.43,20,20,704,multiprocess_sample_only,,
yjit-on/puma-long-tail-fib-200ms-x4p0/puma-1w-3t/repeat-3,yjit-on,true,puma-long-tail-fib-200ms-x4p0,puma-long-tail-hey,puma/benchmarks/local/long_tail_hey + test/rackup/sleep_fibonacci,https://github.com/puma/puma/blob/main/benchmarks/local/long_tail_hey.rb,puma-1w-3t,3,puma,1,3,240,240,34.093,5.0,240,240,34.086,2.0,12,true,240,0,7.039,1701.378,1761.42,1788.566,1794.366,1794.613,114.195,114.195,78.41,20,20,467,multiprocess_sample_only,,
yjit-on/puma-long-tail-fib-200ms-x3p0/puma-1w-3t/repeat-3,yjit-on,true,puma-long-tail-fib-200ms-x3p0,puma-long-tail-hey,puma/benchmarks/local/long_tail_hey + test/rackup/sleep_fibonacci,https://github.com/puma/puma/blob/main/benchmarks/local/long_tail_hey.rb,puma-1w-3t,3,puma,1,3,180,180,25.57,5.0,180,180,25.56,2.0,9,true,180,0,7.04,1277.928,1313.83,1323.447,1333.195,1334.714,120.711,120.711,81.37,20,20,352,multiprocess_sample_only,,
yjit-on/puma-long-tail-fib-200ms-x2p0/puma-1w-3t/repeat-3,yjit-on,true,puma-long-tail-fib-200ms-x2p0,puma-long-tail-hey,puma/benchmarks/local/long_tail_hey + test/rackup/sleep_fibonacci,https://github.com/puma/puma/blob/main/benchmarks/local/long_tail_hey.rb,puma-1w-3t,3,puma,1,3,120,120,17.042,5.0,120,120,17.041,2.0,6,true,120,0,7.042,848.844,882.787,886.187,894.793,895.947,120.711,120.711,83.005,20,20,235,multiprocess_sample_only,,
yjit-on/puma-long-tail-fib-200ms-x1p5/puma-1w-3t/repeat-3,yjit-on,true,puma-long-tail-fib-200ms-x1p5,puma-long-tail-hey,puma/benchmarks/local/long_tail_hey + test/rackup/sleep_fibonacci,https://github.com/puma/puma/blob/main/benchmarks/local/long_tail_hey.rb,puma-1w-3t,3,puma,1,3,100,100,14.254,5.0,100,100,14.197,2.0,5,true,100,0,7.016,760.109,859.085,878.95,882.831,883.262,120.836,120.836,84.075,20,20,196,multiprocess_sample_only,,
yjit-on/puma-long-tail-fib-200ms-x1p0/puma-1w-3t/repeat-3,yjit-on,true,puma-long-tail-fib-200ms-x1p0,puma-long-tail-hey,puma/benchmarks/local/long_tail_hey + test/rackup/sleep_fibonacci,https://github.com/puma/puma/blob/main/benchmarks/local/long_tail_hey.rb,puma-1w-3t,3,puma,1,3,60,60,8.521,5.0,60,60,8.525,2.0,3,true,60,0,7.041,424.87,455.191,461.626,464.715,465.058,120.895,120.895,84.715,20,20,118,multiprocess_sample_only,,
yjit-on/puma-long-tail-fib-200ms-x0p5/puma-1w-3t/repeat-3,yjit-on,true,puma-long-tail-fib-200ms-x0p5,puma-long-tail-hey,puma/benchmarks/local/long_tail_hey + test/rackup/sleep_fibonacci,https://github.com/puma/puma/blob/main/benchmarks/local/long_tail_hey.rb,puma-1w-3t,3,puma,1,3,40,40,5.679,5.0,40,40,5.678,2.0,2,true,40,0,7.043,284.096,286.656,288.737,289.547,289.637,120.898,120.898,85.105,20,20,80,multiprocess_sample_only,,
yjit-on/puma-sleep-fibonacci-1ms/puma-1w-3t/repeat-3,yjit-on,true,puma-sleep-fibonacci-1ms,puma-sleep-fibonacci-test,puma/benchmarks/local/sleep_fibonacci_test + test/rackup/sleep_fibonacci,https://github.com/puma/puma/blob/main/benchmarks/local/sleep_fibonacci_test.rb,puma-1w-3t,3,puma,1,3,1993,10,5.002,5.0,10,812,2.002,2.0,1,true,1993,0,398.443,2.468,2.816,3.143,3.489,4.083,123.68,123.68,84.805,20,20,71,multiprocess_sample_only,,
yjit-on/puma-sleep-fibonacci-5ms/puma-1w-3t/repeat-3,yjit-on,true,puma-sleep-fibonacci-5ms,puma-sleep-fibonacci-test,puma/benchmarks/local/sleep_fibonacci_test + test/rackup/sleep_fibonacci,https://github.com/puma/puma/blob/main/benchmarks/local/sleep_fibonacci_test.rb,puma-1w-3t,3,puma,1,3,560,10,5.005,5.0,10,219,2.004,2.0,1,true,560,0,111.898,8.934,9.822,10.374,10.779,11.002,128.133,128.133,84.255,20,20,71,multiprocess_sample_only,,
yjit-on/puma-sleep-fibonacci-10ms/puma-1w-3t/repeat-3,yjit-on,true,puma-sleep-fibonacci-10ms,puma-sleep-fibonacci-test,puma/benchmarks/local/sleep_fibonacci_test + test/rackup/sleep_fibonacci,https://github.com/puma/puma/blob/main/benchmarks/local/sleep_fibonacci_test.rb,puma-1w-3t,3,puma,1,3,381,10,5.008,5.0,10,150,2.003,2.0,1,true,381,0,76.082,13.201,13.643,13.843,14.371,14.622,128.133,128.133,83.865,20,20,71,multiprocess_sample_only,,
yjit-on/puma-sleep-fibonacci-50ms/puma-1w-3t/repeat-3,yjit-on,true,puma-sleep-fibonacci-50ms,puma-sleep-fibonacci-test,puma/benchmarks/local/sleep_fibonacci_test + test/rackup/sleep_fibonacci,https://github.com/puma/puma/blob/main/benchmarks/local/sleep_fibonacci_test.rb,puma-1w-3t,3,puma,1,3,100,10,5.043,5.0,10,40,2.028,2.0,1,true,100,0,19.831,50.335,50.554,51.614,51.867,51.896,128.195,128.195,83.65,20,20,72,multiprocess_sample_only,,
yjit-on/puma-sleep-fibonacci-100ms/puma-1w-3t/repeat-3,yjit-on,true,puma-sleep-fibonacci-100ms,puma-sleep-fibonacci-test,puma/benchmarks/local/sleep_fibonacci_test + test/rackup/sleep_fibonacci,https://github.com/puma/puma/blob/main/benchmarks/local/sleep_fibonacci_test.rb,puma-1w-3t,3,puma,1,3,50,10,5.025,5.0,10,20,2.013,2.0,1,true,50,0,9.949,100.426,100.655,100.814,100.897,100.906,128.195,128.195,83.48,20,20,72,multiprocess_sample_only,,
yjit-on/puma-sleep-fibonacci-200ms/puma-1w-3t/repeat-3,yjit-on,true,puma-sleep-fibonacci-200ms,puma-sleep-fibonacci-test,puma/benchmarks/local/sleep_fibonacci_test + test/rackup/sleep_fibonacci,https://github.com/puma/puma/blob/main/benchmarks/local/sleep_fibonacci_test.rb,puma-1w-3t,3,puma,1,3,25,10,5.015,5.0,10,10,2.007,2.0,1,true,25,0,4.985,200.504,200.606,200.692,200.715,200.718,128.195,128.195,83.325,20,20,71,multiprocess_sample_only,,
