run_id,runtime,yjit,scenario,scenario_family,benchmark_source,benchmark_source_url,server,server_capacity,adapter,workers,threads,requests,target_requests,duration_s,min_duration_s,target_warmup_requests,warmup_requests,warmup_duration_s,warmup_min_duration_s,concurrency,keep_alive,completed,errors,achieved_rps,p50_ms,p95_ms,p99_ms,p999_ms,max_ms,rss_mb_peak,rss_mb_end,cpu_pct_avg,target_sample_count,sample_count,raw_sample_count,gc_delta_scope,gc_count_delta,total_allocated_objects_delta
yjit-off/puma-response-array-1kb/raptor-3r/repeat-1,yjit-off,false,puma-response-array-1kb,puma-response-time-wrk,puma/benchmarks/local/response_time_wrk,https://github.com/puma/puma/blob/main/benchmarks/local/response_time_wrk.rb,raptor-3r,3,raptor,3,,1000,1000,16.139,5.0,1000,1000,16.112,2.0,5,true,1000,0,61.961,40.997,41.977,42.46,4033.908,4038.622,30.246,30.246,3.38,20,20,225,same_worker,15,719320
yjit-off/puma-response-chunk-1kb/raptor-3r/repeat-1,yjit-off,false,puma-response-chunk-1kb,puma-response-time-wrk,puma/benchmarks/local/response_time_wrk,https://github.com/puma/puma/blob/main/benchmarks/local/response_time_wrk.rb,raptor-3r,3,raptor,3,,1000,1000,16.139,5.0,1000,1000,16.094,2.0,5,true,1000,0,61.963,40.999,42.01,42.583,4034.413,4038.981,30.371,30.371,2.785,20,20,225,same_worker,15,716304
yjit-off/puma-response-string-1kb/raptor-3r/repeat-1,yjit-off,false,puma-response-string-1kb,puma-response-time-wrk,puma/benchmarks/local/response_time_wrk,https://github.com/puma/puma/blob/main/benchmarks/local/response_time_wrk.rb,raptor-3r,3,raptor,3,,1000,1000,16.126,5.0,1000,1000,16.089,2.0,5,true,1000,0,62.01,40.995,41.978,42.28,4031.552,4032.066,30.441,30.441,2.6,20,20,226,same_worker,15,719299
yjit-off/puma-response-io-1kb/raptor-3r/repeat-1,yjit-off,false,puma-response-io-1kb,puma-response-time-wrk,puma/benchmarks/local/response_time_wrk,https://github.com/puma/puma/blob/main/benchmarks/local/response_time_wrk.rb,raptor-3r,3,raptor,3,,1000,1000,16.133,5.0,1000,1000,16.093,2.0,5,true,1000,0,61.985,40.993,41.986,42.464,4035.092,4035.689,30.582,30.582,2.6,20,20,225,same_worker,14,724850
yjit-off/puma-response-array-10kb/raptor-3r/repeat-1,yjit-off,false,puma-response-array-10kb,puma-response-time-wrk,puma/benchmarks/local/response_time_wrk,https://github.com/puma/puma/blob/main/benchmarks/local/response_time_wrk.rb,raptor-3r,3,raptor,3,,1000,1000,16.122,5.0,1000,1000,16.09,2.0,5,true,1000,0,62.028,40.991,41.966,42.374,4033.161,4065.322,30.582,30.582,2.59,20,20,226,same_worker,15,721597
yjit-off/puma-response-chunk-10kb/raptor-3r/repeat-1,yjit-off,false,puma-response-chunk-10kb,puma-response-time-wrk,puma/benchmarks/local/response_time_wrk,https://github.com/puma/puma/blob/main/benchmarks/local/response_time_wrk.rb,raptor-3r,3,raptor,3,,1000,1000,16.119,5.0,1000,1000,16.091,2.0,5,true,1000,0,62.038,40.994,41.963,42.366,4028.536,4073.872,30.582,30.582,2.515,20,20,226,same_worker,14,716301
yjit-off/puma-response-string-10kb/raptor-3r/repeat-1,yjit-off,false,puma-response-string-10kb,puma-response-time-wrk,puma/benchmarks/local/response_time_wrk,https://github.com/puma/puma/blob/main/benchmarks/local/response_time_wrk.rb,raptor-3r,3,raptor,3,,1000,1000,16.124,5.0,1000,1000,16.084,2.0,5,true,1000,0,62.019,40.995,41.975,42.297,4030.9,4031.001,30.582,30.582,2.5,20,20,226,same_worker,15,718571
yjit-off/puma-response-io-10kb/raptor-3r/repeat-1,yjit-off,false,puma-response-io-10kb,puma-response-time-wrk,puma/benchmarks/local/response_time_wrk,https://github.com/puma/puma/blob/main/benchmarks/local/response_time_wrk.rb,raptor-3r,3,raptor,3,,1000,1000,16.127,5.0,1000,1000,16.09,2.0,5,true,1000,0,62.007,40.992,41.976,42.34,4032.431,4070.96,31.348,31.348,2.5,20,20,226,same_worker,15,746529
yjit-off/puma-response-array-100kb/raptor-3r/repeat-1,yjit-off,false,puma-response-array-100kb,puma-response-time-wrk,puma/benchmarks/local/response_time_wrk,https://github.com/puma/puma/blob/main/benchmarks/local/response_time_wrk.rb,raptor-3r,3,raptor,3,,1000,1000,15.455,5.0,1000,1000,12.953,2.0,5,true,1000,0,64.704,40.984,41.982,42.36,3915.216,3952.793,31.348,31.348,2.67,20,20,217,same_worker,15,719291
yjit-off/puma-response-chunk-100kb/raptor-3r/repeat-1,yjit-off,false,puma-response-chunk-100kb,puma-response-time-wrk,puma/benchmarks/local/response_time_wrk,https://github.com/puma/puma/blob/main/benchmarks/local/response_time_wrk.rb,raptor-3r,3,raptor,3,,1000,1000,15.374,5.0,1000,1000,15.443,2.0,5,true,1000,0,65.045,40.981,41.974,42.675,3756.42,3912.594,31.348,31.348,2.8,20,20,216,same_worker,15,718188
yjit-off/puma-response-string-100kb/raptor-3r/repeat-1,yjit-off,false,puma-response-string-100kb,puma-response-time-wrk,puma/benchmarks/local/response_time_wrk,https://github.com/puma/puma/blob/main/benchmarks/local/response_time_wrk.rb,raptor-3r,3,raptor,3,,11896,1000,5.002,5.0,1000,4992,2.002,2.0,5,true,11896,0,2378.18,1.171,1.97,7.515,126.579,143.974,31.711,31.711,4.04,20,20,67,same_worker,176,8553350
yjit-off/puma-response-io-100kb/raptor-3r/repeat-1,yjit-off,false,puma-response-io-100kb,puma-response-time-wrk,puma/benchmarks/local/response_time_wrk,https://github.com/puma/puma/blob/main/benchmarks/local/response_time_wrk.rb,raptor-3r,3,raptor,3,,1000,1000,15.61,5.0,1000,1000,15.281,2.0,5,true,1000,0,64.06,40.987,41.984,42.169,3877.52,3916.52,38.801,38.801,4.7,20,20,220,same_worker,20,925312
yjit-off/puma-response-array-256kb/raptor-3r/repeat-1,yjit-off,false,puma-response-array-256kb,puma-response-time-wrk,puma/benchmarks/local/response_time_wrk,https://github.com/puma/puma/blob/main/benchmarks/local/response_time_wrk.rb,raptor-3r,3,raptor,3,,1000,1000,13.841,5.0,1000,1000,13.338,2.0,5,true,1000,0,72.248,41.924,42.279,43.403,3650.657,3824.104,38.801,38.801,4.875,20,20,195,same_worker,15,718048
yjit-off/puma-response-chunk-256kb/raptor-3r/repeat-1,yjit-off,false,puma-response-chunk-256kb,puma-response-time-wrk,puma/benchmarks/local/response_time_wrk,https://github.com/puma/puma/blob/main/benchmarks/local/response_time_wrk.rb,raptor-3r,3,raptor,3,,1000,1000,14.807,5.0,1000,1000,14.703,2.0,5,true,1000,0,67.533,41.946,42.421,43.088,3898.717,3934.694,38.801,38.801,5.03,20,20,208,same_worker,15,716309
yjit-off/puma-response-string-256kb/raptor-3r/repeat-1,yjit-off,false,puma-response-string-256kb,puma-response-time-wrk,puma/benchmarks/local/response_time_wrk,https://github.com/puma/puma/blob/main/benchmarks/local/response_time_wrk.rb,raptor-3r,3,raptor,3,,9402,1000,5.003,5.0,1000,4002,2.003,2.0,5,true,9402,0,1879.421,1.49,2.352,38.799,152.415,208.399,38.922,38.922,5.865,20,20,67,same_worker,140,6758305
yjit-off/puma-response-io-256kb/raptor-3r/repeat-1,yjit-off,false,puma-response-io-256kb,puma-response-time-wrk,puma/benchmarks/local/response_time_wrk,https://github.com/puma/puma/blob/main/benchmarks/local/response_time_wrk.rb,raptor-3r,3,raptor,3,,1000,1000,15.149,5.0,1000,1000,15.327,2.0,5,true,1000,0,66.009,41.974,42.451,43.252,3879.015,4041.088,54.789,54.789,6.405,20,20,213,same_worker,28,1237468
yjit-off/puma-response-array-512kb/raptor-3r/repeat-1,yjit-off,false,puma-response-array-512kb,puma-response-time-wrk,puma/benchmarks/local/response_time_wrk,https://github.com/puma/puma/blob/main/benchmarks/local/response_time_wrk.rb,raptor-3r,3,raptor,3,,1000,1000,15.131,5.0,1000,1000,15.552,2.0,5,true,1000,0,66.087,41.989,43.065,43.968,3859.99,3959.201,48.551,48.551,6.655,20,20,213,same_worker,15,719840
yjit-off/puma-response-chunk-512kb/raptor-3r/repeat-1,yjit-off,false,puma-response-chunk-512kb,puma-response-time-wrk,puma/benchmarks/local/response_time_wrk,https://github.com/puma/puma/blob/main/benchmarks/local/response_time_wrk.rb,raptor-3r,3,raptor,3,,1000,1000,15.448,5.0,1000,1000,15.535,2.0,5,true,1000,0,64.732,41.998,43.195,44.087,3757.971,3892.447,48.551,48.551,6.93,20,20,217,same_worker,15,716305
yjit-off/puma-response-string-512kb/raptor-3r/repeat-1,yjit-off,false,puma-response-string-512kb,puma-response-time-wrk,puma/benchmarks/local/response_time_wrk,https://github.com/puma/puma/blob/main/benchmarks/local/response_time_wrk.rb,raptor-3r,3,raptor,3,,6539,1000,5.004,5.0,1000,2905,2.003,2.0,5,true,6539,0,1306.876,2.083,3.55,12.074,230.215,242.981,48.926,48.926,7.44,20,20,65,same_worker,99,4702155
yjit-off/puma-response-io-512kb/raptor-3r/repeat-1,yjit-off,false,puma-response-io-512kb,puma-response-time-wrk,puma/benchmarks/local/response_time_wrk,https://github.com/puma/puma/blob/main/benchmarks/local/response_time_wrk.rb,raptor-3r,3,raptor,3,,1000,1000,15.681,5.0,1000,1000,16.16,2.0,5,true,1000,0,63.772,42.962,43.958,44.239,3960.637,4005.377,63.09,63.09,7.95,20,20,220,same_worker,42,1747586
yjit-off/puma-response-array-1024kb/raptor-3r/repeat-1,yjit-off,false,puma-response-array-1024kb,puma-response-time-wrk,puma/benchmarks/local/response_time_wrk,https://github.com/puma/puma/blob/main/benchmarks/local/response_time_wrk.rb,raptor-3r,3,raptor,3,,1000,1000,16.299,5.0,1000,1000,16.314,2.0,5,true,1000,0,61.352,43.868,44.941,47.118,4056.918,4077.187,63.09,63.09,8.485,20,20,228,same_worker,15,718287
yjit-off/puma-response-chunk-1024kb/raptor-3r/repeat-1,yjit-off,false,puma-response-chunk-1024kb,puma-response-time-wrk,puma/benchmarks/local/response_time_wrk,https://github.com/puma/puma/blob/main/benchmarks/local/response_time_wrk.rb,raptor-3r,3,raptor,3,,1000,1000,15.706,5.0,1000,1000,15.925,2.0,5,true,1000,0,63.67,43.744,44.954,46.889,3880.969,3985.892,63.09,63.09,9.04,20,20,219,same_worker,15,715433
yjit-off/puma-response-string-1024kb/raptor-3r/repeat-1,yjit-off,false,puma-response-string-1024kb,puma-response-time-wrk,puma/benchmarks/local/response_time_wrk,https://github.com/puma/puma/blob/main/benchmarks/local/response_time_wrk.rb,raptor-3r,3,raptor,3,,4677,1000,5.004,5.0,1000,1969,2.004,2.0,5,true,4677,0,934.59,2.961,5.121,12.657,319.683,332.117,64.164,64.164,9.435,20,20,63,same_worker,71,3363813
yjit-off/puma-response-io-1024kb/raptor-3r/repeat-1,yjit-off,false,puma-response-io-1024kb,puma-response-time-wrk,puma/benchmarks/local/response_time_wrk,https://github.com/puma/puma/blob/main/benchmarks/local/response_time_wrk.rb,raptor-3r,3,raptor,3,,1000,1000,16.585,5.0,1000,1000,16.469,2.0,5,true,1000,0,60.294,44.004,45.731,46.573,4031.804,4156.894,71.477,70.621,10.12,20,20,231,same_worker,71,2773524
yjit-off/puma-response-array-2048kb/raptor-3r/repeat-1,yjit-off,false,puma-response-array-2048kb,puma-response-time-wrk,puma/benchmarks/local/response_time_wrk,https://github.com/puma/puma/blob/main/benchmarks/local/response_time_wrk.rb,raptor-3r,3,raptor,3,,1000,1000,17.055,5.0,1000,1000,16.301,2.0,5,true,1000,0,58.634,46.743,48.014,49.67,4242.091,4411.753,70.621,70.621,11.21,20,20,237,same_worker,15,717315
yjit-off/puma-response-chunk-2048kb/raptor-3r/repeat-1,yjit-off,false,puma-response-chunk-2048kb,puma-response-time-wrk,puma/benchmarks/local/response_time_wrk,https://github.com/puma/puma/blob/main/benchmarks/local/response_time_wrk.rb,raptor-3r,3,raptor,3,,1000,1000,16.81,5.0,1000,1000,17.0,2.0,5,true,1000,0,59.487,46.92,48.327,52.553,4180.333,4187.477,70.621,70.621,12.33,20,20,234,same_worker,15,716299
yjit-off/puma-response-string-2048kb/raptor-3r/repeat-1,yjit-off,false,puma-response-string-2048kb,puma-response-time-wrk,puma/benchmarks/local/response_time_wrk,https://github.com/puma/puma/blob/main/benchmarks/local/response_time_wrk.rb,raptor-3r,3,raptor,3,,2930,1000,5.007,5.0,1000,1222,2.009,2.0,5,true,2930,0,585.166,4.97,6.687,14.951,514.074,540.146,71.641,71.641,12.725,20,20,60,same_worker,45,2105811
yjit-off/puma-response-io-2048kb/raptor-3r/repeat-1,yjit-off,false,puma-response-io-2048kb,puma-response-time-wrk,puma/benchmarks/local/response_time_wrk,https://github.com/puma/puma/blob/main/benchmarks/local/response_time_wrk.rb,raptor-3r,3,raptor,3,,1000,1000,17.972,5.0,1000,1000,18.202,2.0,5,true,1000,0,55.643,47.985,50.963,55.897,4537.5,4546.57,82.434,82.434,13.865,20,20,249,same_worker,132,4820365
yjit-off/puma-long-tail-fib-200ms-x6p0/raptor-3r/repeat-1,yjit-off,false,puma-long-tail-fib-200ms-x6p0,puma-long-tail-hey,puma/benchmarks/local/long_tail_hey + test/rackup/sleep_fibonacci,https://github.com/puma/puma/blob/main/benchmarks/local/long_tail_hey.rb,raptor-3r,3,raptor,3,,363,360,28.998,5.0,360,360,28.761,2.0,18,true,363,0,12.518,241.677,243.056,19604.297,24396.259,24398.161,82.688,82.688,22.755,20,20,399,same_worker,2,63354
yjit-off/puma-long-tail-fib-200ms-x4p0/raptor-3r/repeat-1,yjit-off,false,puma-long-tail-fib-200ms-x4p0,puma-long-tail-hey,puma/benchmarks/local/long_tail_hey + test/rackup/sleep_fibonacci,https://github.com/puma/puma/blob/main/benchmarks/local/long_tail_hey.rb,raptor-3r,3,raptor,3,,243,240,19.412,5.0,240,240,19.169,2.0,12,true,243,0,12.518,241.678,242.997,12793.417,14807.263,14808.968,82.703,82.703,30.535,20,20,267,same_worker,1,43227
yjit-off/puma-long-tail-fib-200ms-x3p0/raptor-3r/repeat-1,yjit-off,false,puma-long-tail-fib-200ms-x3p0,puma-long-tail-hey,puma/benchmarks/local/long_tail_hey + test/rackup/sleep_fibonacci,https://github.com/puma/puma/blob/main/benchmarks/local/long_tail_hey.rb,raptor-3r,3,raptor,3,,183,180,14.626,5.0,180,180,14.38,2.0,9,true,183,0,12.512,241.861,242.961,10023.128,10024.083,10024.155,82.766,82.766,35.685,20,20,202,same_worker,1,34663
yjit-off/puma-long-tail-fib-200ms-x2p0/raptor-3r/repeat-1,yjit-off,false,puma-long-tail-fib-200ms-x2p0,puma-long-tail-hey,puma/benchmarks/local/long_tail_hey + test/rackup/sleep_fibonacci,https://github.com/puma/puma/blob/main/benchmarks/local/long_tail_hey.rb,raptor-3r,3,raptor,3,,123,120,9.829,5.0,120,120,9.589,2.0,6,true,123,0,12.514,241.701,242.736,5236.236,5236.725,5236.764,82.773,82.773,39.055,20,20,136,same_worker,1,23449
yjit-off/puma-long-tail-fib-200ms-x1p5/raptor-3r/repeat-1,yjit-off,false,puma-long-tail-fib-200ms-x1p5,puma-long-tail-hey,puma/benchmarks/local/long_tail_hey + test/rackup/sleep_fibonacci,https://github.com/puma/puma/blob/main/benchmarks/local/long_tail_hey.rb,raptor-3r,3,raptor,3,,103,100,9.825,5.0,100,100,9.586,2.0,5,true,103,0,10.484,241.685,242.48,5135.686,5235.569,5235.573,82.773,82.773,41.545,20,20,137,same_worker,1,19472
yjit-off/puma-long-tail-fib-200ms-x1p0/raptor-3r/repeat-1,yjit-off,false,puma-long-tail-fib-200ms-x1p0,puma-long-tail-hey,puma/benchmarks/local/long_tail_hey + test/rackup/sleep_fibonacci,https://github.com/puma/puma/blob/main/benchmarks/local/long_tail_hey.rb,raptor-3r,3,raptor,3,,63,60,5.038,5.0,60,60,4.795,2.0,3,true,63,0,12.504,241.757,242.387,243.079,243.315,243.341,82.773,82.773,43.08,20,20,71,same_worker,0,12021
yjit-off/puma-long-tail-fib-200ms-x0p5/raptor-3r/repeat-1,yjit-off,false,puma-long-tail-fib-200ms-x0p5,puma-long-tail-hey,puma/benchmarks/local/long_tail_hey + test/rackup/sleep_fibonacci,https://github.com/puma/puma/blob/main/benchmarks/local/long_tail_hey.rb,raptor-3r,3,raptor,3,,42,40,5.031,5.0,40,40,4.789,2.0,2,true,42,0,8.348,241.222,242.207,242.266,242.27,242.27,82.777,82.777,44.0,20,20,71,same_worker,1,9656
yjit-off/puma-sleep-fibonacci-1ms/raptor-3r/repeat-1,yjit-off,false,puma-sleep-fibonacci-1ms,puma-sleep-fibonacci-test,puma/benchmarks/local/sleep_fibonacci_test + test/rackup/sleep_fibonacci,https://github.com/puma/puma/blob/main/benchmarks/local/sleep_fibonacci_test.rb,raptor-3r,3,raptor,3,,122,10,5.003,5.0,10,49,2.018,2.0,1,true,122,0,24.386,41.975,42.062,42.341,42.921,42.992,82.781,82.781,43.985,20,20,72,same_worker,0,21673
yjit-off/puma-sleep-fibonacci-5ms/raptor-3r/repeat-1,yjit-off,false,puma-sleep-fibonacci-5ms,puma-sleep-fibonacci-test,puma/benchmarks/local/sleep_fibonacci_test + test/rackup/sleep_fibonacci,https://github.com/puma/puma/blob/main/benchmarks/local/sleep_fibonacci_test.rb,raptor-3r,3,raptor,3,,110,10,5.045,5.0,10,44,2.004,2.0,1,true,110,0,21.805,46.977,47.122,47.967,47.981,47.983,82.816,82.816,43.71,20,20,72,same_worker,1,18699
yjit-off/puma-sleep-fibonacci-10ms/raptor-3r/repeat-1,yjit-off,false,puma-sleep-fibonacci-10ms,puma-sleep-fibonacci-test,puma/benchmarks/local/sleep_fibonacci_test + test/rackup/sleep_fibonacci,https://github.com/puma/puma/blob/main/benchmarks/local/sleep_fibonacci_test.rb,raptor-3r,3,raptor,3,,99,10,5.023,5.0,10,40,2.012,2.0,1,true,99,0,19.711,50.989,51.904,51.965,51.984,51.986,82.82,82.82,43.485,20,20,72,same_worker,0,15549
yjit-off/puma-sleep-fibonacci-50ms/raptor-3r/repeat-1,yjit-off,false,puma-sleep-fibonacci-50ms,puma-sleep-fibonacci-test,puma/benchmarks/local/sleep_fibonacci_test + test/rackup/sleep_fibonacci,https://github.com/puma/puma/blob/main/benchmarks/local/sleep_fibonacci_test.rb,raptor-3r,3,raptor,3,,56,10,5.081,5.0,10,23,2.063,2.0,1,true,56,0,11.022,91.005,92.029,92.295,92.359,92.366,82.82,82.82,43.4,20,20,73,same_worker,1,12307
yjit-off/puma-sleep-fibonacci-100ms/raptor-3r/repeat-1,yjit-off,false,puma-sleep-fibonacci-100ms,puma-sleep-fibonacci-test,puma/benchmarks/local/sleep_fibonacci_test + test/rackup/sleep_fibonacci,https://github.com/puma/puma/blob/main/benchmarks/local/sleep_fibonacci_test.rb,raptor-3r,3,raptor,3,,36,10,5.059,5.0,10,15,2.084,2.0,1,true,36,0,7.116,141.924,142.015,142.458,142.664,142.687,82.82,82.82,43.4,20,20,73,same_worker,0,4291
yjit-off/puma-sleep-fibonacci-200ms/raptor-3r/repeat-1,yjit-off,false,puma-sleep-fibonacci-200ms,puma-sleep-fibonacci-test,puma/benchmarks/local/sleep_fibonacci_test + test/rackup/sleep_fibonacci,https://github.com/puma/puma/blob/main/benchmarks/local/sleep_fibonacci_test.rb,raptor-3r,3,raptor,3,,21,10,5.033,5.0,10,10,2.377,2.0,1,true,21,0,4.173,241.764,242.003,242.017,242.02,242.021,82.82,82.82,43.5,20,20,72,same_worker,0,3888
yjit-off/puma-response-array-1kb/raptor-3r/repeat-2,yjit-off,false,puma-response-array-1kb,puma-response-time-wrk,puma/benchmarks/local/response_time_wrk,https://github.com/puma/puma/blob/main/benchmarks/local/response_time_wrk.rb,raptor-3r,3,raptor,3,,1000,1000,16.124,5.0,1000,1000,16.083,2.0,5,true,1000,0,62.021,40.993,41.986,42.455,4029.309,4033.41,29.738,29.738,3.32,20,20,228,same_worker,16,719324
yjit-off/puma-response-chunk-1kb/raptor-3r/repeat-2,yjit-off,false,puma-response-chunk-1kb,puma-response-time-wrk,puma/benchmarks/local/response_time_wrk,https://github.com/puma/puma/blob/main/benchmarks/local/response_time_wrk.rb,raptor-3r,3,raptor,3,,1000,1000,16.12,5.0,1000,1000,16.088,2.0,5,true,1000,0,62.036,40.995,41.982,42.396,4032.115,4034.943,29.797,29.797,2.715,20,20,228,same_worker,15,716310
yjit-off/puma-response-string-1kb/raptor-3r/repeat-2,yjit-off,false,puma-response-string-1kb,puma-response-time-wrk,puma/benchmarks/local/response_time_wrk,https://github.com/puma/puma/blob/main/benchmarks/local/response_time_wrk.rb,raptor-3r,3,raptor,3,,1000,1000,16.123,5.0,1000,1000,16.086,2.0,5,true,1000,0,62.025,41.0,41.985,42.268,4033.486,4035.755,30.023,30.023,2.58,20,20,228,same_worker,16,719303
yjit-off/puma-response-io-1kb/raptor-3r/repeat-2,yjit-off,false,puma-response-io-1kb,puma-response-time-wrk,puma/benchmarks/local/response_time_wrk,https://github.com/puma/puma/blob/main/benchmarks/local/response_time_wrk.rb,raptor-3r,3,raptor,3,,1000,1000,16.117,5.0,1000,1000,16.082,2.0,5,true,1000,0,62.047,40.996,41.96,42.272,4027.935,4029.664,30.145,30.145,2.5,20,20,228,same_worker,15,728126
yjit-off/puma-response-array-10kb/raptor-3r/repeat-2,yjit-off,false,puma-response-array-10kb,puma-response-time-wrk,puma/benchmarks/local/response_time_wrk,https://github.com/puma/puma/blob/main/benchmarks/local/response_time_wrk.rb,raptor-3r,3,raptor,3,,1000,1000,16.113,5.0,1000,1000,16.088,2.0,5,true,1000,0,62.061,40.988,41.962,42.109,4033.098,4069.122,30.164,30.164,2.5,20,20,227,same_worker,16,721313
yjit-off/puma-response-chunk-10kb/raptor-3r/repeat-2,yjit-off,false,puma-response-chunk-10kb,puma-response-time-wrk,puma/benchmarks/local/response_time_wrk,https://github.com/puma/puma/blob/main/benchmarks/local/response_time_wrk.rb,raptor-3r,3,raptor,3,,1000,1000,16.139,5.0,1000,1000,16.091,2.0,5,true,1000,0,61.96,41.0,41.975,42.257,4059.575,4065.309,30.18,30.18,2.5,20,20,228,same_worker,15,716309
yjit-off/puma-response-string-10kb/raptor-3r/repeat-2,yjit-off,false,puma-response-string-10kb,puma-response-time-wrk,puma/benchmarks/local/response_time_wrk,https://github.com/puma/puma/blob/main/benchmarks/local/response_time_wrk.rb,raptor-3r,3,raptor,3,,1000,1000,16.126,5.0,1000,1000,16.087,2.0,5,true,1000,0,62.012,40.997,41.985,42.372,4032.53,4038.209,30.188,30.188,2.49,20,20,228,same_worker,15,719988
yjit-off/puma-response-io-10kb/raptor-3r/repeat-2,yjit-off,false,puma-response-io-10kb,puma-response-time-wrk,puma/benchmarks/local/response_time_wrk,https://github.com/puma/puma/blob/main/benchmarks/local/response_time_wrk.rb,raptor-3r,3,raptor,3,,1000,1000,16.158,5.0,1000,1000,16.126,2.0,5,true,1000,0,61.887,40.992,41.944,42.115,4030.48,4062.132,31.227,31.227,2.5,20,20,228,same_worker,15,745876
yjit-off/puma-response-array-100kb/raptor-3r/repeat-2,yjit-off,false,puma-response-array-100kb,puma-response-time-wrk,puma/benchmarks/local/response_time_wrk,https://github.com/puma/puma/blob/main/benchmarks/local/response_time_wrk.rb,raptor-3r,3,raptor,3,,1000,1000,15.348,5.0,1000,1000,13.959,2.0,5,true,1000,0,65.154,40.985,41.979,42.405,3836.707,3917.061,31.227,31.227,2.61,20,20,216,same_worker,16,719302
yjit-off/puma-response-chunk-100kb/raptor-3r/repeat-2,yjit-off,false,puma-response-chunk-100kb,puma-response-time-wrk,puma/benchmarks/local/response_time_wrk,https://github.com/puma/puma/blob/main/benchmarks/local/response_time_wrk.rb,raptor-3r,3,raptor,3,,1000,1000,15.25,5.0,1000,1000,14.871,2.0,5,true,1000,0,65.575,40.982,41.976,42.124,3749.56,3793.465,31.227,31.227,2.775,20,20,215,same_worker,15,715222
yjit-off/puma-response-string-100kb/raptor-3r/repeat-2,yjit-off,false,puma-response-string-100kb,puma-response-time-wrk,puma/benchmarks/local/response_time_wrk,https://github.com/puma/puma/blob/main/benchmarks/local/response_time_wrk.rb,raptor-3r,3,raptor,3,,12074,1000,5.002,5.0,1000,4916,2.002,2.0,5,true,12074,0,2414.046,1.146,1.933,8.954,120.165,129.237,31.512,31.512,4.03,20,20,67,same_worker,184,8684139
yjit-off/puma-response-io-100kb/raptor-3r/repeat-2,yjit-off,false,puma-response-io-100kb,puma-response-time-wrk,puma/benchmarks/local/response_time_wrk,https://github.com/puma/puma/blob/main/benchmarks/local/response_time_wrk.rb,raptor-3r,3,raptor,3,,1000,1000,13.813,5.0,1000,1000,13.702,2.0,5,true,1000,0,72.396,41.109,42.227,43.163,3344.344,3350.91,41.91,41.91,4.8,20,20,193,same_worker,21,925731
yjit-off/puma-response-array-256kb/raptor-3r/repeat-2,yjit-off,false,puma-response-array-256kb,puma-response-time-wrk,puma/benchmarks/local/response_time_wrk,https://github.com/puma/puma/blob/main/benchmarks/local/response_time_wrk.rb,raptor-3r,3,raptor,3,,1000,1000,14.137,5.0,1000,1000,11.39,2.0,5,true,1000,0,70.737,41.937,42.439,43.184,3584.792,3867.039,41.91,41.91,4.99,20,20,199,same_worker,15,719297
yjit-off/puma-response-chunk-256kb/raptor-3r/repeat-2,yjit-off,false,puma-response-chunk-256kb,puma-response-time-wrk,puma/benchmarks/local/response_time_wrk,https://github.com/puma/puma/blob/main/benchmarks/local/response_time_wrk.rb,raptor-3r,3,raptor,3,,1000,1000,15.039,5.0,1000,1000,14.341,2.0,5,true,1000,0,66.495,41.936,42.304,43.01,3707.502,3750.761,38.684,38.684,5.16,20,20,212,same_worker,15,717748
yjit-off/puma-response-string-256kb/raptor-3r/repeat-2,yjit-off,false,puma-response-string-256kb,puma-response-time-wrk,puma/benchmarks/local/response_time_wrk,https://github.com/puma/puma/blob/main/benchmarks/local/response_time_wrk.rb,raptor-3r,3,raptor,3,,9367,1000,5.002,5.0,1000,3871,2.002,2.0,5,true,9367,0,1872.654,1.53,2.455,39.617,150.114,167.804,38.684,38.684,5.98,20,20,66,same_worker,145,6736575
yjit-off/puma-response-io-256kb/raptor-3r/repeat-2,yjit-off,false,puma-response-io-256kb,puma-response-time-wrk,puma/benchmarks/local/response_time_wrk,https://github.com/puma/puma/blob/main/benchmarks/local/response_time_wrk.rb,raptor-3r,3,raptor,3,,1000,1000,15.485,5.0,1000,1000,14.865,2.0,5,true,1000,0,64.58,41.975,42.951,43.217,3924.247,3968.791,49.188,49.188,6.525,20,20,218,same_worker,29,1236461
yjit-off/puma-response-array-512kb/raptor-3r/repeat-2,yjit-off,false,puma-response-array-512kb,puma-response-time-wrk,puma/benchmarks/local/response_time_wrk,https://github.com/puma/puma/blob/main/benchmarks/local/response_time_wrk.rb,raptor-3r,3,raptor,3,,1000,1000,15.048,5.0,1000,1000,15.237,2.0,5,true,1000,0,66.452,41.997,43.082,44.251,3688.456,3826.924,49.188,49.188,6.77,20,20,211,same_worker,16,717949
yjit-off/puma-response-chunk-512kb/raptor-3r/repeat-2,yjit-off,false,puma-response-chunk-512kb,puma-response-time-wrk,puma/benchmarks/local/response_time_wrk,https://github.com/puma/puma/blob/main/benchmarks/local/response_time_wrk.rb,raptor-3r,3,raptor,3,,1000,1000,14.671,5.0,1000,1000,15.711,2.0,5,true,1000,0,68.16,42.003,43.23,44.074,3534.257,3774.346,49.188,49.188,7.055,20,20,206,same_worker,16,716301
yjit-off/puma-response-string-512kb/raptor-3r/repeat-2,yjit-off,false,puma-response-string-512kb,puma-response-time-wrk,puma/benchmarks/local/response_time_wrk,https://github.com/puma/puma/blob/main/benchmarks/local/response_time_wrk.rb,raptor-3r,3,raptor,3,,6835,1000,5.094,5.0,1000,2761,2.003,2.0,5,true,6835,0,1341.827,2.042,3.194,11.181,219.752,241.479,49.188,49.188,7.59,20,20,66,same_worker,107,4915675
yjit-off/puma-response-io-512kb/raptor-3r/repeat-2,yjit-off,false,puma-response-io-512kb,puma-response-time-wrk,puma/benchmarks/local/response_time_wrk,https://github.com/puma/puma/blob/main/benchmarks/local/response_time_wrk.rb,raptor-3r,3,raptor,3,,1000,1000,15.691,5.0,1000,1000,15.561,2.0,5,true,1000,0,63.731,42.926,43.957,44.491,3881.561,3991.554,62.02,62.02,8.135,20,20,220,same_worker,43,1749421
yjit-off/puma-response-array-1024kb/raptor-3r/repeat-2,yjit-off,false,puma-response-array-1024kb,puma-response-time-wrk,puma/benchmarks/local/response_time_wrk,https://github.com/puma/puma/blob/main/benchmarks/local/response_time_wrk.rb,raptor-3r,3,raptor,3,,1000,1000,15.348,5.0,1000,1000,15.653,2.0,5,true,1000,0,65.154,43.781,44.955,46.065,3917.32,3978.941,62.02,62.02,8.705,20,20,215,same_worker,16,720247
yjit-off/puma-response-chunk-1024kb/raptor-3r/repeat-2,yjit-off,false,puma-response-chunk-1024kb,puma-response-time-wrk,puma/benchmarks/local/response_time_wrk,https://github.com/puma/puma/blob/main/benchmarks/local/response_time_wrk.rb,raptor-3r,3,raptor,3,,1000,1000,15.961,5.0,1000,1000,16.032,2.0,5,true,1000,0,62.652,43.846,44.963,45.971,3978.597,3987.122,62.02,62.02,9.255,20,20,223,same_worker,16,717453
yjit-off/puma-response-string-1024kb/raptor-3r/repeat-2,yjit-off,false,puma-response-string-1024kb,puma-response-time-wrk,puma/benchmarks/local/response_time_wrk,https://github.com/puma/puma/blob/main/benchmarks/local/response_time_wrk.rb,raptor-3r,3,raptor,3,,4624,1000,5.004,5.0,1000,1873,2.135,2.0,5,true,4624,0,924.033,3.004,5.243,18.387,326.781,333.489,62.246,62.246,9.72,20,20,63,same_worker,73,3325415
yjit-off/puma-response-io-1024kb/raptor-3r/repeat-2,yjit-off,false,puma-response-io-1024kb,puma-response-time-wrk,puma/benchmarks/local/response_time_wrk,https://github.com/puma/puma/blob/main/benchmarks/local/response_time_wrk.rb,raptor-3r,3,raptor,3,,1000,1000,16.086,5.0,1000,1000,16.446,2.0,5,true,1000,0,62.164,44.506,46.206,48.194,4062.35,4169.034,63.68,63.68,10.485,20,20,225,same_worker,73,2772698
yjit-off/puma-response-array-2048kb/raptor-3r/repeat-2,yjit-off,false,puma-response-array-2048kb,puma-response-time-wrk,puma/benchmarks/local/response_time_wrk,https://github.com/puma/puma/blob/main/benchmarks/local/response_time_wrk.rb,raptor-3r,3,raptor,3,,1000,1000,16.39,5.0,1000,1000,16.153,2.0,5,true,1000,0,61.013,46.915,48.218,49.948,4098.341,4244.107,63.68,63.68,11.6,20,20,228,same_worker,16,719313
yjit-off/puma-response-chunk-2048kb/raptor-3r/repeat-2,yjit-off,false,puma-response-chunk-2048kb,puma-response-time-wrk,puma/benchmarks/local/response_time_wrk,https://github.com/puma/puma/blob/main/benchmarks/local/response_time_wrk.rb,raptor-3r,3,raptor,3,,1000,1000,16.536,5.0,1000,1000,17.025,2.0,5,true,1000,0,60.473,46.853,48.519,51.166,4211.539,4288.014,63.68,63.68,12.77,20,20,230,same_worker,16,716302
yjit-off/puma-response-string-2048kb/raptor-3r/repeat-2,yjit-off,false,puma-response-string-2048kb,puma-response-time-wrk,puma/benchmarks/local/response_time_wrk,https://github.com/puma/puma/blob/main/benchmarks/local/response_time_wrk.rb,raptor-3r,3,raptor,3,,2923,1000,5.01,5.0,1000,1217,2.008,2.0,5,true,2923,0,583.489,4.991,6.729,15.595,521.629,531.366,67.688,67.688,13.135,20,20,61,same_worker,46,2101273
yjit-off/puma-response-io-2048kb/raptor-3r/repeat-2,yjit-off,false,puma-response-io-2048kb,puma-response-time-wrk,puma/benchmarks/local/response_time_wrk,https://github.com/puma/puma/blob/main/benchmarks/local/response_time_wrk.rb,raptor-3r,3,raptor,3,,1000,1000,17.946,5.0,1000,1000,17.84,2.0,5,true,1000,0,55.722,47.978,50.08,52.587,4439.152,4443.79,85.68,85.68,14.34,20,20,250,same_worker,139,4820473
yjit-off/puma-long-tail-fib-200ms-x6p0/raptor-3r/repeat-2,yjit-off,false,puma-long-tail-fib-200ms-x6p0,puma-long-tail-hey,puma/benchmarks/local/long_tail_hey + test/rackup/sleep_fibonacci,https://github.com/puma/puma/blob/main/benchmarks/local/long_tail_hey.rb,raptor-3r,3,raptor,3,,363,360,28.992,5.0,360,360,28.765,2.0,18,true,363,0,12.521,241.642,243.844,19599.398,24387.251,24387.356,85.98,85.98,23.29,20,20,398,same_worker,2,63423
yjit-off/puma-long-tail-fib-200ms-x4p0/raptor-3r/repeat-2,yjit-off,false,puma-long-tail-fib-200ms-x4p0,puma-long-tail-hey,puma/benchmarks/local/long_tail_hey + test/rackup/sleep_fibonacci,https://github.com/puma/puma/blob/main/benchmarks/local/long_tail_hey.rb,raptor-3r,3,raptor,3,,243,240,19.418,5.0,240,240,19.171,2.0,12,true,243,0,12.514,241.635,242.881,12803.15,14815.151,14815.202,86.012,86.012,31.12,20,20,267,same_worker,1,43618
yjit-off/puma-long-tail-fib-200ms-x3p0/raptor-3r/repeat-2,yjit-off,false,puma-long-tail-fib-200ms-x3p0,puma-long-tail-hey,puma/benchmarks/local/long_tail_hey + test/rackup/sleep_fibonacci,https://github.com/puma/puma/blob/main/benchmarks/local/long_tail_hey.rb,raptor-3r,3,raptor,3,,183,180,14.622,5.0,180,180,14.373,2.0,9,true,183,0,12.516,241.74,242.893,10023.539,10024.992,10025.195,86.031,86.031,36.3,20,20,201,same_worker,1,35193
yjit-off/puma-long-tail-fib-200ms-x2p0/raptor-3r/repeat-2,yjit-off,false,puma-long-tail-fib-200ms-x2p0,puma-long-tail-hey,puma/benchmarks/local/long_tail_hey + test/rackup/sleep_fibonacci,https://github.com/puma/puma/blob/main/benchmarks/local/long_tail_hey.rb,raptor-3r,3,raptor,3,,123,120,9.826,5.0,120,120,9.589,2.0,6,true,123,0,12.518,241.66,242.87,5230.508,5231.36,5231.46,86.039,86.039,39.685,20,20,136,same_worker,1,21702
yjit-off/puma-long-tail-fib-200ms-x1p5/raptor-3r/repeat-2,yjit-off,false,puma-long-tail-fib-200ms-x1p5,puma-long-tail-hey,puma/benchmarks/local/long_tail_hey + test/rackup/sleep_fibonacci,https://github.com/puma/puma/blob/main/benchmarks/local/long_tail_hey.rb,raptor-3r,3,raptor,3,,103,100,9.833,5.0,100,100,9.585,2.0,5,true,103,0,10.475,241.784,242.975,5134.582,5234.788,5234.831,86.043,86.043,42.19,20,20,137,same_worker,1,21500
yjit-off/puma-long-tail-fib-200ms-x1p0/raptor-3r/repeat-2,yjit-off,false,puma-long-tail-fib-200ms-x1p0,puma-long-tail-hey,puma/benchmarks/local/long_tail_hey + test/rackup/sleep_fibonacci,https://github.com/puma/puma/blob/main/benchmarks/local/long_tail_hey.rb,raptor-3r,3,raptor,3,,63,60,5.035,5.0,60,60,4.796,2.0,3,true,63,0,12.511,241.311,242.773,243.462,243.939,243.992,86.043,86.043,43.73,20,20,70,same_worker,0,11531
yjit-off/puma-long-tail-fib-200ms-x0p5/raptor-3r/repeat-2,yjit-off,false,puma-long-tail-fib-200ms-x0p5,puma-long-tail-hey,puma/benchmarks/local/long_tail_hey + test/rackup/sleep_fibonacci,https://github.com/puma/puma/blob/main/benchmarks/local/long_tail_hey.rb,raptor-3r,3,raptor,3,,42,40,5.034,5.0,40,40,4.789,2.0,2,true,42,0,8.344,241.508,242.183,242.378,242.427,242.433,86.051,86.051,44.66,20,20,71,same_worker,0,7008
yjit-off/puma-sleep-fibonacci-1ms/raptor-3r/repeat-2,yjit-off,false,puma-sleep-fibonacci-1ms,puma-sleep-fibonacci-test,puma/benchmarks/local/sleep_fibonacci_test + test/rackup/sleep_fibonacci,https://github.com/puma/puma/blob/main/benchmarks/local/sleep_fibonacci_test.rb,raptor-3r,3,raptor,3,,122,10,5.007,5.0,10,49,2.017,2.0,1,true,122,0,24.367,41.983,42.191,42.989,43.018,43.022,86.063,86.063,44.64,20,20,72,same_worker,0,20585
yjit-off/puma-sleep-fibonacci-5ms/raptor-3r/repeat-2,yjit-off,false,puma-sleep-fibonacci-5ms,puma-sleep-fibonacci-test,puma/benchmarks/local/sleep_fibonacci_test + test/rackup/sleep_fibonacci,https://github.com/puma/puma/blob/main/benchmarks/local/sleep_fibonacci_test.rb,raptor-3r,3,raptor,3,,109,10,5.004,5.0,10,45,2.025,2.0,1,true,109,0,21.784,46.978,47.902,48.004,48.036,48.04,86.063,86.063,44.36,20,20,72,same_worker,1,19357
yjit-off/puma-sleep-fibonacci-10ms/raptor-3r/repeat-2,yjit-off,false,puma-sleep-fibonacci-10ms,puma-sleep-fibonacci-test,puma/benchmarks/local/sleep_fibonacci_test + test/rackup/sleep_fibonacci,https://github.com/puma/puma/blob/main/benchmarks/local/sleep_fibonacci_test.rb,raptor-3r,3,raptor,3,,99,10,5.015,5.0,10,40,2.002,2.0,1,true,99,0,19.742,50.981,51.337,51.992,51.996,51.997,86.063,86.063,44.13,20,20,72,same_worker,0,17616
yjit-off/puma-sleep-fibonacci-50ms/raptor-3r/repeat-2,yjit-off,false,puma-sleep-fibonacci-50ms,puma-sleep-fibonacci-test,puma/benchmarks/local/sleep_fibonacci_test + test/rackup/sleep_fibonacci,https://github.com/puma/puma/blob/main/benchmarks/local/sleep_fibonacci_test.rb,raptor-3r,3,raptor,3,,56,10,5.082,5.0,10,23,2.066,2.0,1,true,56,0,11.02,91.019,92.024,92.46,92.923,92.974,86.063,86.063,44.0,20,20,73,same_worker,1,11103
yjit-off/puma-sleep-fibonacci-100ms/raptor-3r/repeat-2,yjit-off,false,puma-sleep-fibonacci-100ms,puma-sleep-fibonacci-test,puma/benchmarks/local/sleep_fibonacci_test + test/rackup/sleep_fibonacci,https://github.com/puma/puma/blob/main/benchmarks/local/sleep_fibonacci_test.rb,raptor-3r,3,raptor,3,,36,10,5.056,5.0,10,15,2.086,2.0,1,true,36,0,7.12,141.476,142.01,142.089,142.117,142.12,86.063,86.063,44.04,20,20,72,same_worker,0,6528
yjit-off/puma-sleep-fibonacci-200ms/raptor-3r/repeat-2,yjit-off,false,puma-sleep-fibonacci-200ms,puma-sleep-fibonacci-test,puma/benchmarks/local/sleep_fibonacci_test + test/rackup/sleep_fibonacci,https://github.com/puma/puma/blob/main/benchmarks/local/sleep_fibonacci_test.rb,raptor-3r,3,raptor,3,,21,10,5.029,5.0,10,10,2.378,2.0,1,true,21,0,4.176,240.995,241.987,242.069,242.088,242.09,86.063,86.063,44.145,20,20,72,same_worker,0,2183
yjit-off/puma-response-array-1kb/raptor-3r/repeat-3,yjit-off,false,puma-response-array-1kb,puma-response-time-wrk,puma/benchmarks/local/response_time_wrk,https://github.com/puma/puma/blob/main/benchmarks/local/response_time_wrk.rb,raptor-3r,3,raptor,3,,1000,1000,16.113,5.0,1000,1000,16.09,2.0,5,true,1000,0,62.062,40.989,41.931,42.239,4029.67,4031.557,28.195,28.195,3.305,20,20,227,same_worker,32,719375
yjit-off/puma-response-chunk-1kb/raptor-3r/repeat-3,yjit-off,false,puma-response-chunk-1kb,puma-response-time-wrk,puma/benchmarks/local/response_time_wrk,https://github.com/puma/puma/blob/main/benchmarks/local/response_time_wrk.rb,raptor-3r,3,raptor,3,,1000,1000,16.13,5.0,1000,1000,16.082,2.0,5,true,1000,0,61.997,40.997,41.967,42.334,4034.421,4035.992,28.211,28.211,2.78,20,20,227,same_worker,32,716372
yjit-off/puma-response-string-1kb/raptor-3r/repeat-3,yjit-off,false,puma-response-string-1kb,puma-response-time-wrk,puma/benchmarks/local/response_time_wrk,https://github.com/puma/puma/blob/main/benchmarks/local/response_time_wrk.rb,raptor-3r,3,raptor,3,,1000,1000,16.12,5.0,1000,1000,16.081,2.0,5,true,1000,0,62.036,40.994,41.971,42.269,4031.19,4035.299,28.223,28.223,2.595,20,20,227,same_worker,33,717842
yjit-off/puma-response-io-1kb/raptor-3r/repeat-3,yjit-off,false,puma-response-io-1kb,puma-response-time-wrk,puma/benchmarks/local/response_time_wrk,https://github.com/puma/puma/blob/main/benchmarks/local/response_time_wrk.rb,raptor-3r,3,raptor,3,,1000,1000,16.114,5.0,1000,1000,16.085,2.0,5,true,1000,0,62.059,40.989,41.946,42.425,4032.041,4033.649,28.246,28.246,2.55,20,20,228,same_worker,33,728530
yjit-off/puma-response-array-10kb/raptor-3r/repeat-3,yjit-off,false,puma-response-array-10kb,puma-response-time-wrk,puma/benchmarks/local/response_time_wrk,https://github.com/puma/puma/blob/main/benchmarks/local/response_time_wrk.rb,raptor-3r,3,raptor,3,,1000,1000,16.13,5.0,1000,1000,16.088,2.0,5,true,1000,0,61.997,40.994,41.971,42.668,4035.073,4066.365,28.266,28.266,2.5,20,20,227,same_worker,33,718265
yjit-off/puma-response-chunk-10kb/raptor-3r/repeat-3,yjit-off,false,puma-response-chunk-10kb,puma-response-time-wrk,puma/benchmarks/local/response_time_wrk,https://github.com/puma/puma/blob/main/benchmarks/local/response_time_wrk.rb,raptor-3r,3,raptor,3,,1000,1000,16.119,5.0,1000,1000,16.09,2.0,5,true,1000,0,62.037,40.998,41.954,42.269,4027.719,4030.111,28.266,28.266,2.5,20,20,227,same_worker,32,714680
yjit-off/puma-response-string-10kb/raptor-3r/repeat-3,yjit-off,false,puma-response-string-10kb,puma-response-time-wrk,puma/benchmarks/local/response_time_wrk,https://github.com/puma/puma/blob/main/benchmarks/local/response_time_wrk.rb,raptor-3r,3,raptor,3,,1000,1000,16.119,5.0,1000,1000,16.089,2.0,5,true,1000,0,62.039,40.991,41.954,42.29,4029.037,4030.235,28.281,28.281,2.5,20,20,228,same_worker,33,717632
yjit-off/puma-response-io-10kb/raptor-3r/repeat-3,yjit-off,false,puma-response-io-10kb,puma-response-time-wrk,puma/benchmarks/local/response_time_wrk,https://github.com/puma/puma/blob/main/benchmarks/local/response_time_wrk.rb,raptor-3r,3,raptor,3,,1000,1000,16.127,5.0,1000,1000,16.091,2.0,5,true,1000,0,62.007,40.993,41.956,42.326,4029.945,4032.543,28.484,28.484,2.5,20,20,227,same_worker,35,745389
yjit-off/puma-response-array-100kb/raptor-3r/repeat-3,yjit-off,false,puma-response-array-100kb,puma-response-time-wrk,puma/benchmarks/local/response_time_wrk,https://github.com/puma/puma/blob/main/benchmarks/local/response_time_wrk.rb,raptor-3r,3,raptor,3,,1000,1000,15.535,5.0,1000,1000,14.72,2.0,5,true,1000,0,64.37,40.984,41.973,42.259,3834.854,3911.591,28.602,28.602,2.655,20,20,219,same_worker,33,720763
yjit-off/puma-response-chunk-100kb/raptor-3r/repeat-3,yjit-off,false,puma-response-chunk-100kb,puma-response-time-wrk,puma/benchmarks/local/response_time_wrk,https://github.com/puma/puma/blob/main/benchmarks/local/response_time_wrk.rb,raptor-3r,3,raptor,3,,1000,1000,14.463,5.0,1000,1000,13.137,2.0,5,true,1000,0,69.141,40.979,41.979,42.291,3561.979,3833.733,28.695,28.695,2.83,20,20,204,same_worker,33,714440
yjit-off/puma-response-string-100kb/raptor-3r/repeat-3,yjit-off,false,puma-response-string-100kb,puma-response-time-wrk,puma/benchmarks/local/response_time_wrk,https://github.com/puma/puma/blob/main/benchmarks/local/response_time_wrk.rb,raptor-3r,3,raptor,3,,11878,1000,5.002,5.0,1000,4918,2.002,2.0,5,true,11878,0,2374.826,1.17,1.944,9.781,122.793,146.857,29.242,29.242,4.085,20,20,67,same_worker,400,8542827
yjit-off/puma-response-io-100kb/raptor-3r/repeat-3,yjit-off,false,puma-response-io-100kb,puma-response-time-wrk,puma/benchmarks/local/response_time_wrk,https://github.com/puma/puma/blob/main/benchmarks/local/response_time_wrk.rb,raptor-3r,3,raptor,3,,1000,1000,15.054,5.0,1000,1000,14.712,2.0,5,true,1000,0,66.426,40.988,41.988,42.909,3765.438,4010.991,34.223,34.223,4.8,20,20,212,same_worker,45,925403
yjit-off/puma-response-array-256kb/raptor-3r/repeat-3,yjit-off,false,puma-response-array-256kb,puma-response-time-wrk,puma/benchmarks/local/response_time_wrk,https://github.com/puma/puma/blob/main/benchmarks/local/response_time_wrk.rb,raptor-3r,3,raptor,3,,1000,1000,14.98,5.0,1000,1000,14.687,2.0,5,true,1000,0,66.755,41.947,42.402,43.079,3744.039,3858.389,34.223,34.223,4.95,20,20,211,same_worker,34,719379
yjit-off/puma-response-chunk-256kb/raptor-3r/repeat-3,yjit-off,false,puma-response-chunk-256kb,puma-response-time-wrk,puma/benchmarks/local/response_time_wrk,https://github.com/puma/puma/blob/main/benchmarks/local/response_time_wrk.rb,raptor-3r,3,raptor,3,,1000,1000,14.438,5.0,1000,1000,14.063,2.0,5,true,1000,0,69.261,41.949,42.45,43.528,3703.967,3739.396,34.223,34.223,5.115,20,20,202,same_worker,34,715497
yjit-off/puma-response-string-256kb/raptor-3r/repeat-3,yjit-off,false,puma-response-string-256kb,puma-response-time-wrk,puma/benchmarks/local/response_time_wrk,https://github.com/puma/puma/blob/main/benchmarks/local/response_time_wrk.rb,raptor-3r,3,raptor,3,,8744,1000,5.028,5.0,1000,3691,2.002,2.0,5,true,8744,0,1739.187,1.588,2.55,40.354,166.785,194.404,34.223,34.223,5.915,20,20,66,same_worker,303,6289157
yjit-off/puma-response-io-256kb/raptor-3r/repeat-3,yjit-off,false,puma-response-io-256kb,puma-response-time-wrk,puma/benchmarks/local/response_time_wrk,https://github.com/puma/puma/blob/main/benchmarks/local/response_time_wrk.rb,raptor-3r,3,raptor,3,,1000,1000,14.447,5.0,1000,1000,14.512,2.0,5,true,1000,0,69.221,41.973,42.91,43.241,3679.255,3801.369,39.863,39.863,6.47,20,20,202,same_worker,67,1238793
yjit-off/puma-response-array-512kb/raptor-3r/repeat-3,yjit-off,false,puma-response-array-512kb,puma-response-time-wrk,puma/benchmarks/local/response_time_wrk,https://github.com/puma/puma/blob/main/benchmarks/local/response_time_wrk.rb,raptor-3r,3,raptor,3,,1000,1000,15.117,5.0,1000,1000,15.853,2.0,5,true,1000,0,66.152,42.014,43.229,44.342,3764.138,3812.384,39.863,39.863,6.73,20,20,211,same_worker,34,719352
yjit-off/puma-response-chunk-512kb/raptor-3r/repeat-3,yjit-off,false,puma-response-chunk-512kb,puma-response-time-wrk,puma/benchmarks/local/response_time_wrk,https://github.com/puma/puma/blob/main/benchmarks/local/response_time_wrk.rb,raptor-3r,3,raptor,3,,1000,1000,14.984,5.0,1000,1000,14.898,2.0,5,true,1000,0,66.737,42.001,43.22,44.643,3881.447,3882.11,39.863,39.863,7.02,20,20,210,same_worker,35,716354
yjit-off/puma-response-string-512kb/raptor-3r/repeat-3,yjit-off,false,puma-response-string-512kb,puma-response-time-wrk,puma/benchmarks/local/response_time_wrk,https://github.com/puma/puma/blob/main/benchmarks/local/response_time_wrk.rb,raptor-3r,3,raptor,3,,6746,1000,5.001,5.0,1000,2653,2.005,2.0,5,true,6746,0,1348.852,2.048,3.199,57.747,215.576,231.457,40.078,40.078,7.545,20,20,65,same_worker,240,4849649
yjit-off/puma-response-io-512kb/raptor-3r/repeat-3,yjit-off,false,puma-response-io-512kb,puma-response-time-wrk,puma/benchmarks/local/response_time_wrk,https://github.com/puma/puma/blob/main/benchmarks/local/response_time_wrk.rb,raptor-3r,3,raptor,3,,1000,1000,15.781,5.0,1000,1000,16.278,2.0,5,true,1000,0,63.369,42.952,43.954,47.938,3910.776,4024.209,43.461,43.461,8.075,20,20,221,same_worker,102,1749900
yjit-off/puma-response-array-1024kb/raptor-3r/repeat-3,yjit-off,false,puma-response-array-1024kb,puma-response-time-wrk,puma/benchmarks/local/response_time_wrk,https://github.com/puma/puma/blob/main/benchmarks/local/response_time_wrk.rb,raptor-3r,3,raptor,3,,1000,1000,15.468,5.0,1000,1000,16.126,2.0,5,true,1000,0,64.648,43.908,45.037,47.209,3899.872,3937.679,43.461,43.461,8.62,20,20,216,same_worker,35,720300
yjit-off/puma-response-chunk-1024kb/raptor-3r/repeat-3,yjit-off,false,puma-response-chunk-1024kb,puma-response-time-wrk,puma/benchmarks/local/response_time_wrk,https://github.com/puma/puma/blob/main/benchmarks/local/response_time_wrk.rb,raptor-3r,3,raptor,3,,1000,1000,15.548,5.0,1000,1000,15.746,2.0,5,true,1000,0,64.316,43.922,45.061,48.004,4137.401,4144.059,43.461,43.461,9.23,20,20,217,same_worker,36,715249
yjit-off/puma-response-string-1024kb/raptor-3r/repeat-3,yjit-off,false,puma-response-string-1024kb,puma-response-time-wrk,puma/benchmarks/local/response_time_wrk,https://github.com/puma/puma/blob/main/benchmarks/local/response_time_wrk.rb,raptor-3r,3,raptor,3,,4562,1000,5.005,5.0,1000,1820,2.005,2.0,5,true,4562,0,911.421,3.008,5.241,16.168,331.979,341.359,45.652,45.652,9.635,20,20,63,same_worker,164,3279839
yjit-off/puma-response-io-1024kb/raptor-3r/repeat-3,yjit-off,false,puma-response-io-1024kb,puma-response-time-wrk,puma/benchmarks/local/response_time_wrk,https://github.com/puma/puma/blob/main/benchmarks/local/response_time_wrk.rb,raptor-3r,3,raptor,3,,1000,1000,16.101,5.0,1000,1000,16.199,2.0,5,true,1000,0,62.108,44.596,46.031,47.871,3951.77,4123.622,50.75,50.75,10.395,20,20,224,same_worker,157,2774421
yjit-off/puma-response-array-2048kb/raptor-3r/repeat-3,yjit-off,false,puma-response-array-2048kb,puma-response-time-wrk,puma/benchmarks/local/response_time_wrk,https://github.com/puma/puma/blob/main/benchmarks/local/response_time_wrk.rb,raptor-3r,3,raptor,3,,1000,1000,15.595,5.0,1000,1000,16.687,2.0,5,true,1000,0,64.123,46.88,48.42,50.237,3822.95,3890.469,47.875,47.875,11.58,20,20,215,same_worker,33,719381
yjit-off/puma-response-chunk-2048kb/raptor-3r/repeat-3,yjit-off,false,puma-response-chunk-2048kb,puma-response-time-wrk,puma/benchmarks/local/response_time_wrk,https://github.com/puma/puma/blob/main/benchmarks/local/response_time_wrk.rb,raptor-3r,3,raptor,3,,1000,1000,16.558,5.0,1000,1000,16.697,2.0,5,true,1000,0,60.395,46.904,48.83,50.622,4082.064,4087.985,47.875,47.875,12.73,20,20,229,same_worker,33,716380
yjit-off/puma-response-string-2048kb/raptor-3r/repeat-3,yjit-off,false,puma-response-string-2048kb,puma-response-time-wrk,puma/benchmarks/local/response_time_wrk,https://github.com/puma/puma/blob/main/benchmarks/local/response_time_wrk.rb,raptor-3r,3,raptor,3,,2773,1000,5.007,5.0,1000,1098,2.119,2.0,5,true,2773,0,553.869,5.274,7.443,17.193,541.032,562.274,53.887,53.887,13.11,20,20,60,same_worker,91,1991375
yjit-off/puma-response-io-2048kb/raptor-3r/repeat-3,yjit-off,false,puma-response-io-2048kb,puma-response-time-wrk,puma/benchmarks/local/response_time_wrk,https://github.com/puma/puma/blob/main/benchmarks/local/response_time_wrk.rb,raptor-3r,3,raptor,3,,1000,1000,17.267,5.0,1000,1000,18.137,2.0,5,true,1000,0,57.913,47.976,50.888,52.837,4153.392,4325.179,81.406,81.406,14.34,20,20,240,same_worker,130,4822983
yjit-off/puma-long-tail-fib-200ms-x6p0/raptor-3r/repeat-3,yjit-off,false,puma-long-tail-fib-200ms-x6p0,puma-long-tail-hey,puma/benchmarks/local/long_tail_hey + test/rackup/sleep_fibonacci,https://github.com/puma/puma/blob/main/benchmarks/local/long_tail_hey.rb,raptor-3r,3,raptor,3,,363,360,28.993,5.0,360,360,28.757,2.0,18,true,363,0,12.52,241.659,243.242,19589.324,24385.437,24388.819,81.699,81.699,23.265,20,20,399,same_worker,1,61199
yjit-off/puma-long-tail-fib-200ms-x4p0/raptor-3r/repeat-3,yjit-off,false,puma-long-tail-fib-200ms-x4p0,puma-long-tail-hey,puma/benchmarks/local/long_tail_hey + test/rackup/sleep_fibonacci,https://github.com/puma/puma/blob/main/benchmarks/local/long_tail_hey.rb,raptor-3r,3,raptor,3,,243,240,19.416,5.0,240,240,19.177,2.0,12,true,243,0,12.516,241.743,242.985,12799.402,14811.287,14811.298,81.742,81.742,31.085,20,20,268,same_worker,1,43717
yjit-off/puma-long-tail-fib-200ms-x3p0/raptor-3r/repeat-3,yjit-off,false,puma-long-tail-fib-200ms-x3p0,puma-long-tail-hey,puma/benchmarks/local/long_tail_hey + test/rackup/sleep_fibonacci,https://github.com/puma/puma/blob/main/benchmarks/local/long_tail_hey.rb,raptor-3r,3,raptor,3,,183,180,14.629,5.0,180,180,14.381,2.0,9,true,183,0,12.509,241.818,243.485,10027.35,10029.477,10029.822,81.746,81.746,36.27,20,20,200,same_worker,0,30295
yjit-off/puma-long-tail-fib-200ms-x2p0/raptor-3r/repeat-3,yjit-off,false,puma-long-tail-fib-200ms-x2p0,puma-long-tail-hey,puma/benchmarks/local/long_tail_hey + test/rackup/sleep_fibonacci,https://github.com/puma/puma/blob/main/benchmarks/local/long_tail_hey.rb,raptor-3r,3,raptor,3,,123,120,9.842,5.0,120,120,9.592,2.0,6,true,123,0,12.497,241.962,242.937,5239.191,5242.51,5242.937,81.754,81.754,39.66,20,20,135,same_worker,0,20729
yjit-off/puma-long-tail-fib-200ms-x1p5/raptor-3r/repeat-3,yjit-off,false,puma-long-tail-fib-200ms-x1p5,puma-long-tail-hey,puma/benchmarks/local/long_tail_hey + test/rackup/sleep_fibonacci,https://github.com/puma/puma/blob/main/benchmarks/local/long_tail_hey.rb,raptor-3r,3,raptor,3,,103,100,9.838,5.0,100,100,9.594,2.0,5,true,103,0,10.469,241.9,242.86,5137.678,5237.671,5237.687,81.77,81.77,42.145,20,20,135,same_worker,1,19877
yjit-off/puma-long-tail-fib-200ms-x1p0/raptor-3r/repeat-3,yjit-off,false,puma-long-tail-fib-200ms-x1p0,puma-long-tail-hey,puma/benchmarks/local/long_tail_hey + test/rackup/sleep_fibonacci,https://github.com/puma/puma/blob/main/benchmarks/local/long_tail_hey.rb,raptor-3r,3,raptor,3,,63,60,5.043,5.0,60,60,4.798,2.0,3,true,63,0,12.492,241.985,242.775,242.99,243.038,243.044,81.77,81.77,43.68,20,20,70,same_worker,0,11056
yjit-off/puma-long-tail-fib-200ms-x0p5/raptor-3r/repeat-3,yjit-off,false,puma-long-tail-fib-200ms-x0p5,puma-long-tail-hey,puma/benchmarks/local/long_tail_hey + test/rackup/sleep_fibonacci,https://github.com/puma/puma/blob/main/benchmarks/local/long_tail_hey.rb,raptor-3r,3,raptor,3,,42,40,5.039,5.0,40,40,4.797,2.0,2,true,42,0,8.335,241.942,242.282,242.404,242.409,242.409,81.77,81.77,44.6,20,20,70,same_worker,1,10010
yjit-off/puma-sleep-fibonacci-1ms/raptor-3r/repeat-3,yjit-off,false,puma-sleep-fibonacci-1ms,puma-sleep-fibonacci-test,puma/benchmarks/local/sleep_fibonacci_test + test/rackup/sleep_fibonacci,https://github.com/puma/puma/blob/main/benchmarks/local/sleep_fibonacci_test.rb,raptor-3r,3,raptor,3,,122,10,5.011,5.0,10,49,2.018,2.0,1,true,122,0,24.349,41.962,42.867,42.962,43.083,43.1,81.773,81.773,44.585,20,20,71,same_worker,0,20603
yjit-off/puma-sleep-fibonacci-5ms/raptor-3r/repeat-3,yjit-off,false,puma-sleep-fibonacci-5ms,puma-sleep-fibonacci-test,puma/benchmarks/local/sleep_fibonacci_test + test/rackup/sleep_fibonacci,https://github.com/puma/puma/blob/main/benchmarks/local/sleep_fibonacci_test.rb,raptor-3r,3,raptor,3,,110,10,5.035,5.0,10,45,2.023,2.0,1,true,110,0,21.849,46.957,47.061,47.473,47.528,47.532,81.824,81.824,44.31,20,20,71,same_worker,1,17431
yjit-off/puma-sleep-fibonacci-10ms/raptor-3r/repeat-3,yjit-off,false,puma-sleep-fibonacci-10ms,puma-sleep-fibonacci-test,puma/benchmarks/local/sleep_fibonacci_test + test/rackup/sleep_fibonacci,https://github.com/puma/puma/blob/main/benchmarks/local/sleep_fibonacci_test.rb,raptor-3r,3,raptor,3,,98,10,5.023,5.0,10,40,2.038,2.0,1,true,98,0,19.511,51.91,52.07,52.936,52.959,52.961,81.844,81.844,44.07,20,20,71,same_worker,0,16222
yjit-off/puma-sleep-fibonacci-50ms/raptor-3r/repeat-3,yjit-off,false,puma-sleep-fibonacci-50ms,puma-sleep-fibonacci-test,puma/benchmarks/local/sleep_fibonacci_test + test/rackup/sleep_fibonacci,https://github.com/puma/puma/blob/main/benchmarks/local/sleep_fibonacci_test.rb,raptor-3r,3,raptor,3,,55,10,5.004,5.0,10,23,2.069,2.0,1,true,55,0,10.992,91.921,92.912,92.972,92.98,92.981,81.871,81.871,44.0,20,20,71,same_worker,1,13359
yjit-off/puma-sleep-fibonacci-100ms/raptor-3r/repeat-3,yjit-off,false,puma-sleep-fibonacci-100ms,puma-sleep-fibonacci-test,puma/benchmarks/local/sleep_fibonacci_test + test/rackup/sleep_fibonacci,https://github.com/puma/puma/blob/main/benchmarks/local/sleep_fibonacci_test.rb,raptor-3r,3,raptor,3,,36,10,5.064,5.0,10,15,2.086,2.0,1,true,36,0,7.109,141.947,142.017,142.643,142.944,142.978,81.875,81.875,44.0,20,20,72,same_worker,0,6528
yjit-off/puma-sleep-fibonacci-200ms/raptor-3r/repeat-3,yjit-off,false,puma-sleep-fibonacci-200ms,puma-sleep-fibonacci-test,puma/benchmarks/local/sleep_fibonacci_test + test/rackup/sleep_fibonacci,https://github.com/puma/puma/blob/main/benchmarks/local/sleep_fibonacci_test.rb,raptor-3r,3,raptor,3,,21,10,5.038,5.0,10,10,2.378,2.0,1,true,21,0,4.169,241.936,242.055,242.061,242.062,242.063,81.875,81.875,44.1,20,20,71,same_worker,0,2183
yjit-off/puma-response-array-1kb/puma-1w-3t/repeat-1,yjit-off,false,puma-response-array-1kb,puma-response-time-wrk,puma/benchmarks/local/response_time_wrk,https://github.com/puma/puma/blob/main/benchmarks/local/response_time_wrk.rb,puma-1w-3t,3,puma,1,3,15332,1000,5.001,5.0,1000,6206,2.001,2.0,5,true,15332,0,3065.603,1.563,2.127,2.556,3.345,4.172,66.523,66.469,97.435,20,20,66,multiprocess_sample_only,,
yjit-off/puma-response-chunk-1kb/puma-1w-3t/repeat-1,yjit-off,false,puma-response-chunk-1kb,puma-response-time-wrk,puma/benchmarks/local/response_time_wrk,https://github.com/puma/puma/blob/main/benchmarks/local/response_time_wrk.rb,puma-1w-3t,3,puma,1,3,14892,1000,5.001,5.0,1000,6120,2.001,2.0,5,true,14892,0,2977.575,1.608,2.168,2.662,3.442,4.306,66.621,66.445,93.205,20,20,66,multiprocess_sample_only,,
yjit-off/puma-response-string-1kb/puma-1w-3t/repeat-1,yjit-off,false,puma-response-string-1kb,puma-response-time-wrk,puma/benchmarks/local/response_time_wrk,https://github.com/puma/puma/blob/main/benchmarks/local/response_time_wrk.rb,puma-1w-3t,3,puma,1,3,15234,1000,5.002,5.0,1000,6306,2.001,2.0,5,true,15234,0,3045.751,1.569,2.138,2.629,3.38,6.093,66.387,66.371,92.365,20,20,66,multiprocess_sample_only,,
yjit-off/puma-response-io-1kb/puma-1w-3t/repeat-1,yjit-off,false,puma-response-io-1kb,puma-response-time-wrk,puma/benchmarks/local/response_time_wrk,https://github.com/puma/puma/blob/main/benchmarks/local/response_time_wrk.rb,puma-1w-3t,3,puma,1,3,15106,1000,5.001,5.0,1000,6158,2.001,2.0,5,true,15106,0,3020.508,1.587,2.171,2.628,3.342,4.397,66.563,66.563,93.585,20,20,66,multiprocess_sample_only,,
yjit-off/puma-response-array-10kb/puma-1w-3t/repeat-1,yjit-off,false,puma-response-array-10kb,puma-response-time-wrk,puma/benchmarks/local/response_time_wrk,https://github.com/puma/puma/blob/main/benchmarks/local/response_time_wrk.rb,puma-1w-3t,3,puma,1,3,15123,1000,5.001,5.0,1000,6253,2.001,2.0,5,true,15123,0,3023.934,1.58,2.174,2.659,3.513,4.242,68.355,68.355,93.97,20,20,66,multiprocess_sample_only,,
yjit-off/puma-response-chunk-10kb/puma-1w-3t/repeat-1,yjit-off,false,puma-response-chunk-10kb,puma-response-time-wrk,puma/benchmarks/local/response_time_wrk,https://github.com/puma/puma/blob/main/benchmarks/local/response_time_wrk.rb,puma-1w-3t,3,puma,1,3,13225,1000,5.001,5.0,1000,5425,2.001,2.0,5,true,13225,0,2644.366,1.818,2.448,2.958,3.821,4.466,68.434,68.219,93.355,20,20,65,multiprocess_sample_only,,
yjit-off/puma-response-string-10kb/puma-1w-3t/repeat-1,yjit-off,false,puma-response-string-10kb,puma-response-time-wrk,puma/benchmarks/local/response_time_wrk,https://github.com/puma/puma/blob/main/benchmarks/local/response_time_wrk.rb,puma-1w-3t,3,puma,1,3,15096,1000,5.001,5.0,1000,6210,2.001,2.0,5,true,15096,0,3018.348,1.583,2.201,2.704,3.41,4.229,68.625,68.625,93.005,20,20,66,multiprocess_sample_only,,
yjit-off/puma-response-io-10kb/puma-1w-3t/repeat-1,yjit-off,false,puma-response-io-10kb,puma-response-time-wrk,puma/benchmarks/local/response_time_wrk,https://github.com/puma/puma/blob/main/benchmarks/local/response_time_wrk.rb,puma-1w-3t,3,puma,1,3,14730,1000,5.002,5.0,1000,6038,2.001,2.0,5,true,14730,0,2945.075,1.617,2.292,2.891,3.571,4.414,69.148,69.023,93.605,20,20,66,multiprocess_sample_only,,
yjit-off/puma-response-array-100kb/puma-1w-3t/repeat-1,yjit-off,false,puma-response-array-100kb,puma-response-time-wrk,puma/benchmarks/local/response_time_wrk,https://github.com/puma/puma/blob/main/benchmarks/local/response_time_wrk.rb,puma-1w-3t,3,puma,1,3,12259,1000,5.001,5.0,1000,5000,2.002,2.0,5,true,12259,0,2451.068,1.976,2.581,3.144,4.107,5.056,77.191,76.602,93.795,20,20,65,multiprocess_sample_only,,
yjit-off/puma-response-chunk-100kb/puma-1w-3t/repeat-1,yjit-off,false,puma-response-chunk-100kb,puma-response-time-wrk,puma/benchmarks/local/response_time_wrk,https://github.com/puma/puma/blob/main/benchmarks/local/response_time_wrk.rb,puma-1w-3t,3,puma,1,3,6196,1000,5.003,5.0,1000,2549,2.003,2.0,5,true,6196,0,1238.481,3.978,4.845,5.427,7.601,9.054,73.316,72.852,93.195,20,20,62,multiprocess_sample_only,,
yjit-off/puma-response-string-100kb/puma-1w-3t/repeat-1,yjit-off,false,puma-response-string-100kb,puma-response-time-wrk,puma/benchmarks/local/response_time_wrk,https://github.com/puma/puma/blob/main/benchmarks/local/response_time_wrk.rb,puma-1w-3t,3,puma,1,3,12241,1000,5.002,5.0,1000,5028,2.001,2.0,5,true,12241,0,2447.222,1.981,2.552,3.032,4.063,4.804,77.523,77.523,92.465,20,20,65,multiprocess_sample_only,,
yjit-off/puma-response-io-100kb/puma-1w-3t/repeat-1,yjit-off,false,puma-response-io-100kb,puma-response-time-wrk,puma/benchmarks/local/response_time_wrk,https://github.com/puma/puma/blob/main/benchmarks/local/response_time_wrk.rb,puma-1w-3t,3,puma,1,3,12116,1000,5.018,5.0,1000,4952,2.002,2.0,5,true,12116,0,2414.696,1.642,2.41,3.953,42.738,43.431,70.285,69.66,92.055,20,20,66,multiprocess_sample_only,,
yjit-off/puma-response-array-256kb/puma-1w-3t/repeat-1,yjit-off,false,puma-response-array-256kb,puma-response-time-wrk,puma/benchmarks/local/response_time_wrk,https://github.com/puma/puma/blob/main/benchmarks/local/response_time_wrk.rb,puma-1w-3t,3,puma,1,3,9205,1000,5.002,5.0,1000,3649,2.003,2.0,5,true,9205,0,1840.441,2.494,3.813,5.861,13.838,16.985,110.02,107.641,91.67,20,20,63,multiprocess_sample_only,,
yjit-off/puma-response-chunk-256kb/puma-1w-3t/repeat-1,yjit-off,false,puma-response-chunk-256kb,puma-response-time-wrk,puma/benchmarks/local/response_time_wrk,https://github.com/puma/puma/blob/main/benchmarks/local/response_time_wrk.rb,puma-1w-3t,3,puma,1,3,3370,1000,5.005,5.0,1000,1407,2.006,2.0,5,true,3370,0,673.327,7.424,8.944,9.581,12.187,14.216,82.383,81.293,91.065,20,20,56,multiprocess_sample_only,,
yjit-off/puma-response-string-256kb/puma-1w-3t/repeat-1,yjit-off,false,puma-response-string-256kb,puma-response-time-wrk,puma/benchmarks/local/response_time_wrk,https://github.com/puma/puma/blob/main/benchmarks/local/response_time_wrk.rb,puma-1w-3t,3,puma,1,3,9264,1000,5.002,5.0,1000,3756,2.002,2.0,5,true,9264,0,1852.164,2.47,3.878,5.636,13.53,14.304,76.34,75.965,89.84,20,20,63,multiprocess_sample_only,,
yjit-off/puma-response-io-256kb/puma-1w-3t/repeat-1,yjit-off,false,puma-response-io-256kb,puma-response-time-wrk,puma/benchmarks/local/response_time_wrk,https://github.com/puma/puma/blob/main/benchmarks/local/response_time_wrk.rb,puma-1w-3t,3,puma,1,3,9215,1000,5.002,5.0,1000,3780,2.002,2.0,5,true,9215,0,1842.283,2.527,3.522,5.129,15.526,18.024,76.031,76.031,88.495,20,20,63,multiprocess_sample_only,,
yjit-off/puma-response-array-512kb/puma-1w-3t/repeat-1,yjit-off,false,puma-response-array-512kb,puma-response-time-wrk,puma/benchmarks/local/response_time_wrk,https://github.com/puma/puma/blob/main/benchmarks/local/response_time_wrk.rb,puma-1w-3t,3,puma,1,3,6747,1000,5.002,5.0,1000,2619,2.002,2.0,5,true,6747,0,1348.772,3.404,5.024,14.968,16.608,17.181,125.719,118.902,88.005,20,20,62,multiprocess_sample_only,,
yjit-off/puma-response-chunk-512kb/puma-1w-3t/repeat-1,yjit-off,false,puma-response-chunk-512kb,puma-response-time-wrk,puma/benchmarks/local/response_time_wrk,https://github.com/puma/puma/blob/main/benchmarks/local/response_time_wrk.rb,puma-1w-3t,3,puma,1,3,1913,1000,5.011,5.0,1000,1000,2.512,2.0,5,true,1913,0,381.794,13.135,15.756,16.739,23.198,26.258,87.715,87.715,87.47,20,20,49,multiprocess_sample_only,,
yjit-off/puma-response-string-512kb/puma-1w-3t/repeat-1,yjit-off,false,puma-response-string-512kb,puma-response-time-wrk,puma/benchmarks/local/response_time_wrk,https://github.com/puma/puma/blob/main/benchmarks/local/response_time_wrk.rb,puma-1w-3t,3,puma,1,3,6946,1000,5.004,5.0,1000,2837,2.002,2.0,5,true,6946,0,1388.174,3.288,4.789,14.604,16.066,16.332,90.711,90.711,86.25,20,20,62,multiprocess_sample_only,,
yjit-off/puma-response-io-512kb/puma-1w-3t/repeat-1,yjit-off,false,puma-response-io-512kb,puma-response-time-wrk,puma/benchmarks/local/response_time_wrk,https://github.com/puma/puma/blob/main/benchmarks/local/response_time_wrk.rb,puma-1w-3t,3,puma,1,3,6823,1000,5.002,5.0,1000,2677,2.003,2.0,5,true,6823,0,1363.948,3.357,4.88,14.86,16.224,17.592,90.711,90.711,84.7,20,20,61,multiprocess_sample_only,,
yjit-off/puma-response-array-1024kb/puma-1w-3t/repeat-1,yjit-off,false,puma-response-array-1024kb,puma-response-time-wrk,puma/benchmarks/local/response_time_wrk,https://github.com/puma/puma/blob/main/benchmarks/local/response_time_wrk.rb,puma-1w-3t,3,puma,1,3,4237,1000,5.005,5.0,1000,1640,2.004,2.0,5,true,4237,0,846.606,5.567,7.632,18.11,19.994,21.148,137.406,133.91,83.855,20,20,58,multiprocess_sample_only,,
yjit-off/puma-response-chunk-1024kb/puma-1w-3t/repeat-1,yjit-off,false,puma-response-chunk-1024kb,puma-response-time-wrk,puma/benchmarks/local/response_time_wrk,https://github.com/puma/puma/blob/main/benchmarks/local/response_time_wrk.rb,puma-1w-3t,3,puma,1,3,1001,1000,5.02,5.0,1000,1000,4.56,2.0,5,true,1001,0,199.399,25.094,28.995,30.863,40.972,46.252,100.754,100.754,83.41,20,20,39,multiprocess_sample_only,,
yjit-off/puma-response-string-1024kb/puma-1w-3t/repeat-1,yjit-off,false,puma-response-string-1024kb,puma-response-time-wrk,puma/benchmarks/local/response_time_wrk,https://github.com/puma/puma/blob/main/benchmarks/local/response_time_wrk.rb,puma-1w-3t,3,puma,1,3,4228,1000,5.005,5.0,1000,1759,2.004,2.0,5,true,4228,0,844.775,5.436,8.076,19.109,23.187,24.239,105.363,105.363,82.075,20,20,58,multiprocess_sample_only,,
yjit-off/puma-response-io-1024kb/puma-1w-3t/repeat-1,yjit-off,false,puma-response-io-1024kb,puma-response-time-wrk,puma/benchmarks/local/response_time_wrk,https://github.com/puma/puma/blob/main/benchmarks/local/response_time_wrk.rb,puma-1w-3t,3,puma,1,3,4345,1000,5.005,5.0,1000,1775,2.004,2.0,5,true,4345,0,868.209,5.323,7.377,18.251,21.56,21.882,105.363,105.363,80.255,20,20,59,multiprocess_sample_only,,
yjit-off/puma-response-array-2048kb/puma-1w-3t/repeat-1,yjit-off,false,puma-response-array-2048kb,puma-response-time-wrk,puma/benchmarks/local/response_time_wrk,https://github.com/puma/puma/blob/main/benchmarks/local/response_time_wrk.rb,puma-1w-3t,3,puma,1,3,2374,1000,5.01,5.0,1000,1000,2.118,2.0,5,true,2374,0,473.876,10.443,12.475,13.72,18.347,24.066,119.082,117.699,79.495,20,20,52,multiprocess_sample_only,,
yjit-off/puma-response-chunk-2048kb/puma-1w-3t/repeat-1,yjit-off,false,puma-response-chunk-2048kb,puma-response-time-wrk,puma/benchmarks/local/response_time_wrk,https://github.com/puma/puma/blob/main/benchmarks/local/response_time_wrk.rb,puma-1w-3t,3,puma,1,3,1000,1000,9.179,5.0,1000,1000,8.574,2.0,5,true,1000,0,108.945,46.146,53.272,57.251,82.173,85.384,107.105,104.137,79.1,20,20,51,multiprocess_sample_only,,
yjit-off/puma-response-string-2048kb/puma-1w-3t/repeat-1,yjit-off,false,puma-response-string-2048kb,puma-response-time-wrk,puma/benchmarks/local/response_time_wrk,https://github.com/puma/puma/blob/main/benchmarks/local/response_time_wrk.rb,puma-1w-3t,3,puma,1,3,2565,1000,5.009,5.0,1000,1052,2.008,2.0,5,true,2565,0,512.106,9.589,11.327,12.12,20.079,20.535,110.078,110.078,77.97,20,20,53,multiprocess_sample_only,,
yjit-off/puma-response-io-2048kb/puma-1w-3t/repeat-1,yjit-off,false,puma-response-io-2048kb,puma-response-time-wrk,puma/benchmarks/local/response_time_wrk,https://github.com/puma/puma/blob/main/benchmarks/local/response_time_wrk.rb,puma-1w-3t,3,puma,1,3,2675,1000,5.007,5.0,1000,1048,2.007,2.0,5,true,2675,0,534.236,9.213,10.743,11.772,14.233,18.926,110.078,110.078,76.335,20,20,54,multiprocess_sample_only,,
yjit-off/puma-long-tail-fib-200ms-x6p0/puma-1w-3t/repeat-1,yjit-off,false,puma-long-tail-fib-200ms-x6p0,puma-long-tail-hey,puma/benchmarks/local/long_tail_hey + test/rackup/sleep_fibonacci,https://github.com/puma/puma/blob/main/benchmarks/local/long_tail_hey.rb,puma-1w-3t,3,puma,1,3,360,360,51.049,5.0,360,360,51.061,2.0,18,true,360,0,7.052,2556.271,2618.532,2631.834,2648.464,2649.539,126.727,126.727,82.11,20,20,702,multiprocess_sample_only,,
yjit-off/puma-long-tail-fib-200ms-x4p0/puma-1w-3t/repeat-1,yjit-off,false,puma-long-tail-fib-200ms-x4p0,puma-long-tail-hey,puma/benchmarks/local/long_tail_hey + test/rackup/sleep_fibonacci,https://github.com/puma/puma/blob/main/benchmarks/local/long_tail_hey.rb,puma-1w-3t,3,puma,1,3,240,240,34.038,5.0,240,240,34.049,2.0,12,true,240,0,7.051,1705.913,1753.47,1777.009,1789.124,1791.376,141.871,141.871,85.92,20,20,468,multiprocess_sample_only,,
yjit-off/puma-long-tail-fib-200ms-x3p0/puma-1w-3t/repeat-1,yjit-off,false,puma-long-tail-fib-200ms-x3p0,puma-long-tail-hey,puma/benchmarks/local/long_tail_hey + test/rackup/sleep_fibonacci,https://github.com/puma/puma/blob/main/benchmarks/local/long_tail_hey.rb,puma-1w-3t,3,puma,1,3,180,180,25.53,5.0,180,180,25.526,2.0,9,true,180,0,7.051,1279.024,1324.419,1341.101,1341.738,1341.799,141.875,141.875,87.805,20,20,351,multiprocess_sample_only,,
yjit-off/puma-long-tail-fib-200ms-x2p0/puma-1w-3t/repeat-1,yjit-off,false,puma-long-tail-fib-200ms-x2p0,puma-long-tail-hey,puma/benchmarks/local/long_tail_hey + test/rackup/sleep_fibonacci,https://github.com/puma/puma/blob/main/benchmarks/local/long_tail_hey.rb,puma-1w-3t,3,puma,1,3,120,120,17.019,5.0,120,120,17.024,2.0,6,true,120,0,7.051,850.362,877.427,889.16,891.409,891.635,142.199,142.199,88.83,20,20,235,multiprocess_sample_only,,
yjit-off/puma-long-tail-fib-200ms-x1p5/puma-1w-3t/repeat-1,yjit-off,false,puma-long-tail-fib-200ms-x1p5,puma-long-tail-hey,puma/benchmarks/local/long_tail_hey + test/rackup/sleep_fibonacci,https://github.com/puma/puma/blob/main/benchmarks/local/long_tail_hey.rb,puma-1w-3t,3,puma,1,3,100,100,14.175,5.0,100,100,14.196,2.0,5,true,100,0,7.055,765.449,861.826,866.926,873.233,873.934,142.266,142.266,89.525,20,20,196,multiprocess_sample_only,,
yjit-off/puma-long-tail-fib-200ms-x1p0/puma-1w-3t/repeat-1,yjit-off,false,puma-long-tail-fib-200ms-x1p0,puma-long-tail-hey,puma/benchmarks/local/long_tail_hey + test/rackup/sleep_fibonacci,https://github.com/puma/puma/blob/main/benchmarks/local/long_tail_hey.rb,puma-1w-3t,3,puma,1,3,60,60,8.5,5.0,60,60,8.504,2.0,3,true,60,0,7.059,425.165,440.648,448.406,449.269,449.365,142.266,142.266,89.935,20,20,118,multiprocess_sample_only,,
yjit-off/puma-long-tail-fib-200ms-x0p5/puma-1w-3t/repeat-1,yjit-off,false,puma-long-tail-fib-200ms-x0p5,puma-long-tail-hey,puma/benchmarks/local/long_tail_hey + test/rackup/sleep_fibonacci,https://github.com/puma/puma/blob/main/benchmarks/local/long_tail_hey.rb,puma-1w-3t,3,puma,1,3,40,40,5.67,5.0,40,40,5.667,2.0,2,true,40,0,7.055,282.977,292.875,301.241,302.263,302.376,142.266,142.266,90.175,20,20,79,multiprocess_sample_only,,
yjit-off/puma-sleep-fibonacci-1ms/puma-1w-3t/repeat-1,yjit-off,false,puma-sleep-fibonacci-1ms,puma-sleep-fibonacci-test,puma/benchmarks/local/sleep_fibonacci_test + test/rackup/sleep_fibonacci,https://github.com/puma/puma/blob/main/benchmarks/local/sleep_fibonacci_test.rb,puma-1w-3t,3,puma,1,3,3576,10,5.0,5.0,10,1437,2.001,2.0,1,true,3576,0,715.183,1.367,1.485,1.71,2.261,2.357,142.266,142.266,90.075,20,20,70,multiprocess_sample_only,,
yjit-off/puma-sleep-fibonacci-5ms/puma-1w-3t/repeat-1,yjit-off,false,puma-sleep-fibonacci-5ms,puma-sleep-fibonacci-test,puma/benchmarks/local/sleep_fibonacci_test + test/rackup/sleep_fibonacci,https://github.com/puma/puma/blob/main/benchmarks/local/sleep_fibonacci_test.rb,puma-1w-3t,3,puma,1,3,926,10,5.003,5.0,10,374,2.004,2.0,1,true,926,0,185.09,5.353,5.533,5.785,6.406,6.955,142.27,142.27,89.845,20,20,70,multiprocess_sample_only,,
yjit-off/puma-sleep-fibonacci-10ms/puma-1w-3t/repeat-1,yjit-off,false,puma-sleep-fibonacci-10ms,puma-sleep-fibonacci-test,puma/benchmarks/local/sleep_fibonacci_test + test/rackup/sleep_fibonacci,https://github.com/puma/puma/blob/main/benchmarks/local/sleep_fibonacci_test.rb,puma-1w-3t,3,puma,1,3,475,10,5.001,5.0,10,190,2.001,2.0,1,true,475,0,94.983,10.47,10.668,11.046,11.447,11.511,142.27,142.27,89.62,20,20,70,multiprocess_sample_only,,
yjit-off/puma-sleep-fibonacci-50ms/puma-1w-3t/repeat-1,yjit-off,false,puma-sleep-fibonacci-50ms,puma-sleep-fibonacci-test,puma/benchmarks/local/sleep_fibonacci_test + test/rackup/sleep_fibonacci,https://github.com/puma/puma/blob/main/benchmarks/local/sleep_fibonacci_test.rb,puma-1w-3t,3,puma,1,3,99,10,5.021,5.0,10,40,2.031,2.0,1,true,99,0,19.719,50.659,50.753,50.839,50.979,50.994,142.27,142.27,89.38,20,20,71,multiprocess_sample_only,,
yjit-off/puma-sleep-fibonacci-100ms/puma-1w-3t/repeat-1,yjit-off,false,puma-sleep-fibonacci-100ms,puma-sleep-fibonacci-test,puma/benchmarks/local/sleep_fibonacci_test + test/rackup/sleep_fibonacci,https://github.com/puma/puma/blob/main/benchmarks/local/sleep_fibonacci_test.rb,puma-1w-3t,3,puma,1,3,50,10,5.036,5.0,10,20,2.017,2.0,1,true,50,0,9.928,100.656,100.766,100.934,101.052,101.065,142.27,142.27,89.145,20,20,71,multiprocess_sample_only,,
yjit-off/puma-sleep-fibonacci-200ms/puma-1w-3t/repeat-1,yjit-off,false,puma-sleep-fibonacci-200ms,puma-sleep-fibonacci-test,puma/benchmarks/local/sleep_fibonacci_test + test/rackup/sleep_fibonacci,https://github.com/puma/puma/blob/main/benchmarks/local/sleep_fibonacci_test.rb,puma-1w-3t,3,puma,1,3,25,10,5.019,5.0,10,10,2.008,2.0,1,true,25,0,4.981,200.691,200.762,200.763,200.764,200.764,142.27,142.27,88.915,20,20,71,multiprocess_sample_only,,
yjit-off/puma-response-array-1kb/puma-1w-3t/repeat-2,yjit-off,false,puma-response-array-1kb,puma-response-time-wrk,puma/benchmarks/local/response_time_wrk,https://github.com/puma/puma/blob/main/benchmarks/local/response_time_wrk.rb,puma-1w-3t,3,puma,1,3,15268,1000,5.001,5.0,1000,6190,2.001,2.0,5,true,15268,0,3052.855,1.568,2.108,2.57,3.358,4.855,64.941,64.887,97.07,20,20,66,multiprocess_sample_only,,
yjit-off/puma-response-chunk-1kb/puma-1w-3t/repeat-2,yjit-off,false,puma-response-chunk-1kb,puma-response-time-wrk,puma/benchmarks/local/response_time_wrk,https://github.com/puma/puma/blob/main/benchmarks/local/response_time_wrk.rb,puma-1w-3t,3,puma,1,3,14897,1000,5.001,5.0,1000,6109,2.001,2.0,5,true,14897,0,2978.784,1.609,2.169,2.657,3.443,4.254,65.152,64.98,92.975,20,20,65,multiprocess_sample_only,,
yjit-off/puma-response-string-1kb/puma-1w-3t/repeat-2,yjit-off,false,puma-response-string-1kb,puma-response-time-wrk,puma/benchmarks/local/response_time_wrk,https://github.com/puma/puma/blob/main/benchmarks/local/response_time_wrk.rb,puma-1w-3t,3,puma,1,3,15276,1000,5.002,5.0,1000,6262,2.001,2.0,5,true,15276,0,3054.136,1.57,2.107,2.596,3.357,4.55,64.824,64.398,92.545,20,20,66,multiprocess_sample_only,,
yjit-off/puma-response-io-1kb/puma-1w-3t/repeat-2,yjit-off,false,puma-response-io-1kb,puma-response-time-wrk,puma/benchmarks/local/response_time_wrk,https://github.com/puma/puma/blob/main/benchmarks/local/response_time_wrk.rb,puma-1w-3t,3,puma,1,3,15001,1000,5.001,5.0,1000,6169,2.002,2.0,5,true,15001,0,2999.511,1.594,2.204,2.719,3.601,4.749,64.914,64.887,93.8,20,20,66,multiprocess_sample_only,,
yjit-off/puma-response-array-10kb/puma-1w-3t/repeat-2,yjit-off,false,puma-response-array-10kb,puma-response-time-wrk,puma/benchmarks/local/response_time_wrk,https://github.com/puma/puma/blob/main/benchmarks/local/response_time_wrk.rb,puma-1w-3t,3,puma,1,3,15081,1000,5.002,5.0,1000,6247,2.002,2.0,5,true,15081,0,3014.957,1.583,2.202,2.671,3.507,4.613,67.008,66.918,94.19,20,20,66,multiprocess_sample_only,,
yjit-off/puma-response-chunk-10kb/puma-1w-3t/repeat-2,yjit-off,false,puma-response-chunk-10kb,puma-response-time-wrk,puma/benchmarks/local/response_time_wrk,https://github.com/puma/puma/blob/main/benchmarks/local/response_time_wrk.rb,puma-1w-3t,3,puma,1,3,13156,1000,5.001,5.0,1000,5417,2.001,2.0,5,true,13156,0,2630.488,1.829,2.437,2.979,3.874,4.604,66.91,66.758,93.5,20,20,65,multiprocess_sample_only,,
yjit-off/puma-response-string-10kb/puma-1w-3t/repeat-2,yjit-off,false,puma-response-string-10kb,puma-response-time-wrk,puma/benchmarks/local/response_time_wrk,https://github.com/puma/puma/blob/main/benchmarks/local/response_time_wrk.rb,puma-1w-3t,3,puma,1,3,15048,1000,5.002,5.0,1000,6197,2.001,2.0,5,true,15048,0,3008.553,1.592,2.182,2.643,3.496,4.816,67.129,67.004,93.19,20,20,66,multiprocess_sample_only,,
yjit-off/puma-response-io-10kb/puma-1w-3t/repeat-2,yjit-off,false,puma-response-io-10kb,puma-response-time-wrk,puma/benchmarks/local/response_time_wrk,https://github.com/puma/puma/blob/main/benchmarks/local/response_time_wrk.rb,puma-1w-3t,3,puma,1,3,14701,1000,5.001,5.0,1000,6070,2.001,2.0,5,true,14701,0,2939.428,1.621,2.312,2.892,3.757,4.778,67.641,67.066,93.705,20,20,66,multiprocess_sample_only,,
yjit-off/puma-response-array-100kb/puma-1w-3t/repeat-2,yjit-off,false,puma-response-array-100kb,puma-response-time-wrk,puma/benchmarks/local/response_time_wrk,https://github.com/puma/puma/blob/main/benchmarks/local/response_time_wrk.rb,puma-1w-3t,3,puma,1,3,12265,1000,5.002,5.0,1000,4926,2.001,2.0,5,true,12265,0,2452.237,1.976,2.58,3.118,3.999,4.844,75.082,74.34,93.825,20,20,65,multiprocess_sample_only,,
yjit-off/puma-response-chunk-100kb/puma-1w-3t/repeat-2,yjit-off,false,puma-response-chunk-100kb,puma-response-time-wrk,puma/benchmarks/local/response_time_wrk,https://github.com/puma/puma/blob/main/benchmarks/local/response_time_wrk.rb,puma-1w-3t,3,puma,1,3,6198,1000,5.003,5.0,1000,2551,2.003,2.0,5,true,6198,0,1238.893,3.98,4.877,5.674,8.04,8.483,73.84,73.734,93.245,20,20,62,multiprocess_sample_only,,
yjit-off/puma-response-string-100kb/puma-1w-3t/repeat-2,yjit-off,false,puma-response-string-100kb,puma-response-time-wrk,puma/benchmarks/local/response_time_wrk,https://github.com/puma/puma/blob/main/benchmarks/local/response_time_wrk.rb,puma-1w-3t,3,puma,1,3,12204,1000,5.001,5.0,1000,4987,2.001,2.0,5,true,12204,0,2440.186,1.992,2.508,2.927,4.074,4.754,83.738,81.898,92.355,20,20,65,multiprocess_sample_only,,
yjit-off/puma-response-io-100kb/puma-1w-3t/repeat-2,yjit-off,false,puma-response-io-100kb,puma-response-time-wrk,puma/benchmarks/local/response_time_wrk,https://github.com/puma/puma/blob/main/benchmarks/local/response_time_wrk.rb,puma-1w-3t,3,puma,1,3,12092,1000,5.024,5.0,1000,4966,2.018,2.0,5,true,12092,0,2407.063,1.713,2.391,3.681,42.633,43.469,70.262,70.137,91.74,20,20,66,multiprocess_sample_only,,
yjit-off/puma-response-array-256kb/puma-1w-3t/repeat-2,yjit-off,false,puma-response-array-256kb,puma-response-time-wrk,puma/benchmarks/local/response_time_wrk,https://github.com/puma/puma/blob/main/benchmarks/local/response_time_wrk.rb,puma-1w-3t,3,puma,1,3,8834,1000,5.003,5.0,1000,3598,2.002,2.0,5,true,8834,0,1765.852,2.549,4.159,6.891,15.703,18.917,103.473,101.113,91.14,20,20,64,multiprocess_sample_only,,
yjit-off/puma-response-chunk-256kb/puma-1w-3t/repeat-2,yjit-off,false,puma-response-chunk-256kb,puma-response-time-wrk,puma/benchmarks/local/response_time_wrk,https://github.com/puma/puma/blob/main/benchmarks/local/response_time_wrk.rb,puma-1w-3t,3,puma,1,3,3353,1000,5.006,5.0,1000,1394,2.006,2.0,5,true,3353,0,669.818,7.447,8.953,9.73,13.123,17.074,79.191,78.719,90.385,20,20,56,multiprocess_sample_only,,
yjit-off/puma-response-string-256kb/puma-1w-3t/repeat-2,yjit-off,false,puma-response-string-256kb,puma-response-time-wrk,puma/benchmarks/local/response_time_wrk,https://github.com/puma/puma/blob/main/benchmarks/local/response_time_wrk.rb,puma-1w-3t,3,puma,1,3,8798,1000,5.002,5.0,1000,3627,2.002,2.0,5,true,8798,0,1758.941,2.569,4.001,7.86,15.72,16.962,76.109,76.047,89.055,20,20,63,multiprocess_sample_only,,
yjit-off/puma-response-io-256kb/puma-1w-3t/repeat-2,yjit-off,false,puma-response-io-256kb,puma-response-time-wrk,puma/benchmarks/local/response_time_wrk,https://github.com/puma/puma/blob/main/benchmarks/local/response_time_wrk.rb,puma-1w-3t,3,puma,1,3,8725,1000,5.007,5.0,1000,3625,2.002,2.0,5,true,8725,0,1742.61,2.598,4.103,7.821,15.456,17.834,76.297,75.922,87.53,20,20,63,multiprocess_sample_only,,
yjit-off/puma-response-array-512kb/puma-1w-3t/repeat-2,yjit-off,false,puma-response-array-512kb,puma-response-time-wrk,puma/benchmarks/local/response_time_wrk,https://github.com/puma/puma/blob/main/benchmarks/local/response_time_wrk.rb,puma-1w-3t,3,puma,1,3,6264,1000,5.003,5.0,1000,2645,2.015,2.0,5,true,6264,0,1252.104,3.537,6.374,16.293,18.715,19.76,136.629,133.199,86.735,20,20,60,multiprocess_sample_only,,
yjit-off/puma-response-chunk-512kb/puma-1w-3t/repeat-2,yjit-off,false,puma-response-chunk-512kb,puma-response-time-wrk,puma/benchmarks/local/response_time_wrk,https://github.com/puma/puma/blob/main/benchmarks/local/response_time_wrk.rb,puma-1w-3t,3,puma,1,3,1886,1000,5.009,5.0,1000,1000,2.498,2.0,5,true,1886,0,376.52,13.312,15.756,16.719,17.433,18.731,125.684,125.523,86.165,20,20,49,multiprocess_sample_only,,
yjit-off/puma-response-string-512kb/puma-1w-3t/repeat-2,yjit-off,false,puma-response-string-512kb,puma-response-time-wrk,puma/benchmarks/local/response_time_wrk,https://github.com/puma/puma/blob/main/benchmarks/local/response_time_wrk.rb,puma-1w-3t,3,puma,1,3,6717,1000,5.007,5.0,1000,2658,2.002,2.0,5,true,6717,0,1341.411,3.348,5.566,15.728,18.98,21.703,129.051,129.051,84.925,20,20,61,multiprocess_sample_only,,
yjit-off/puma-response-io-512kb/puma-1w-3t/repeat-2,yjit-off,false,puma-response-io-512kb,puma-response-time-wrk,puma/benchmarks/local/response_time_wrk,https://github.com/puma/puma/blob/main/benchmarks/local/response_time_wrk.rb,puma-1w-3t,3,puma,1,3,6566,1000,5.002,5.0,1000,2689,2.002,2.0,5,true,6566,0,1312.642,3.42,5.748,9.644,18.67,19.702,94.633,94.633,83.33,20,20,61,multiprocess_sample_only,,
yjit-off/puma-response-array-1024kb/puma-1w-3t/repeat-2,yjit-off,false,puma-response-array-1024kb,puma-response-time-wrk,puma/benchmarks/local/response_time_wrk,https://github.com/puma/puma/blob/main/benchmarks/local/response_time_wrk.rb,puma-1w-3t,3,puma,1,3,3996,1000,5.006,5.0,1000,1666,2.005,2.0,5,true,3996,0,798.295,5.814,8.39,20.246,24.781,25.901,108.332,107.023,82.455,20,20,57,multiprocess_sample_only,,
yjit-off/puma-response-chunk-1024kb/puma-1w-3t/repeat-2,yjit-off,false,puma-response-chunk-1024kb,puma-response-time-wrk,puma/benchmarks/local/response_time_wrk,https://github.com/puma/puma/blob/main/benchmarks/local/response_time_wrk.rb,puma-1w-3t,3,puma,1,3,1032,1000,5.017,5.0,1000,1000,4.556,2.0,5,true,1032,0,205.714,24.423,28.77,31.38,48.597,48.77,100.652,100.07,82.01,20,20,39,multiprocess_sample_only,,
yjit-off/puma-response-string-1024kb/puma-1w-3t/repeat-2,yjit-off,false,puma-response-string-1024kb,puma-response-time-wrk,puma/benchmarks/local/response_time_wrk,https://github.com/puma/puma/blob/main/benchmarks/local/response_time_wrk.rb,puma-1w-3t,3,puma,1,3,4180,1000,5.005,5.0,1000,1751,2.005,2.0,5,true,4180,0,835.151,5.501,8.244,20.168,23.98,25.101,97.93,97.93,80.79,20,20,57,multiprocess_sample_only,,
yjit-off/puma-response-io-1024kb/puma-1w-3t/repeat-2,yjit-off,false,puma-response-io-1024kb,puma-response-time-wrk,puma/benchmarks/local/response_time_wrk,https://github.com/puma/puma/blob/main/benchmarks/local/response_time_wrk.rb,puma-1w-3t,3,puma,1,3,4200,1000,5.004,5.0,1000,1753,2.007,2.0,5,true,4200,0,839.333,5.467,8.155,21.039,24.089,25.275,97.93,97.93,79.01,20,20,57,multiprocess_sample_only,,
yjit-off/puma-response-array-2048kb/puma-1w-3t/repeat-2,yjit-off,false,puma-response-array-2048kb,puma-response-time-wrk,puma/benchmarks/local/response_time_wrk,https://github.com/puma/puma/blob/main/benchmarks/local/response_time_wrk.rb,puma-1w-3t,3,puma,1,3,2398,1000,5.009,5.0,1000,1000,2.03,2.0,5,true,2398,0,478.771,10.269,12.352,13.629,19.59,22.962,107.949,104.047,78.535,20,20,53,multiprocess_sample_only,,
yjit-off/puma-response-chunk-2048kb/puma-1w-3t/repeat-2,yjit-off,false,puma-response-chunk-2048kb,puma-response-time-wrk,puma/benchmarks/local/response_time_wrk,https://github.com/puma/puma/blob/main/benchmarks/local/response_time_wrk.rb,puma-1w-3t,3,puma,1,3,1000,1000,9.226,5.0,1000,1000,8.767,2.0,5,true,1000,0,108.384,46.529,53.347,56.936,79.941,81.932,104.516,103.258,78.49,20,20,51,multiprocess_sample_only,,
yjit-off/puma-response-string-2048kb/puma-1w-3t/repeat-2,yjit-off,false,puma-response-string-2048kb,puma-response-time-wrk,puma/benchmarks/local/response_time_wrk,https://github.com/puma/puma/blob/main/benchmarks/local/response_time_wrk.rb,puma-1w-3t,3,puma,1,3,2537,1000,5.009,5.0,1000,1084,2.008,2.0,5,true,2537,0,506.482,9.692,11.655,12.729,18.885,20.508,101.074,101.074,77.46,20,20,53,multiprocess_sample_only,,
yjit-off/puma-response-io-2048kb/puma-1w-3t/repeat-2,yjit-off,false,puma-response-io-2048kb,puma-response-time-wrk,puma/benchmarks/local/response_time_wrk,https://github.com/puma/puma/blob/main/benchmarks/local/response_time_wrk.rb,puma-1w-3t,3,puma,1,3,2598,1000,5.009,5.0,1000,1105,2.008,2.0,5,true,2598,0,518.694,9.39,11.826,13.176,16.335,18.476,101.074,101.074,75.855,20,20,53,multiprocess_sample_only,,
yjit-off/puma-long-tail-fib-200ms-x6p0/puma-1w-3t/repeat-2,yjit-off,false,puma-long-tail-fib-200ms-x6p0,puma-long-tail-hey,puma/benchmarks/local/long_tail_hey + test/rackup/sleep_fibonacci,https://github.com/puma/puma/blob/main/benchmarks/local/long_tail_hey.rb,puma-1w-3t,3,puma,1,3,360,360,51.047,5.0,360,360,51.069,2.0,18,true,360,0,7.052,2550.334,2621.155,2639.867,2645.207,2647.215,121.582,121.582,81.75,20,20,701,multiprocess_sample_only,,
yjit-off/puma-long-tail-fib-200ms-x4p0/puma-1w-3t/repeat-2,yjit-off,false,puma-long-tail-fib-200ms-x4p0,puma-long-tail-hey,puma/benchmarks/local/long_tail_hey + test/rackup/sleep_fibonacci,https://github.com/puma/puma/blob/main/benchmarks/local/long_tail_hey.rb,puma-1w-3t,3,puma,1,3,240,240,34.04,5.0,240,240,34.042,2.0,12,true,240,0,7.051,1700.214,1761.689,1783.218,1789.36,1790.084,126.461,126.461,85.635,20,20,468,multiprocess_sample_only,,
yjit-off/puma-long-tail-fib-200ms-x3p0/puma-1w-3t/repeat-2,yjit-off,false,puma-long-tail-fib-200ms-x3p0,puma-long-tail-hey,puma/benchmarks/local/long_tail_hey + test/rackup/sleep_fibonacci,https://github.com/puma/puma/blob/main/benchmarks/local/long_tail_hey.rb,puma-1w-3t,3,puma,1,3,180,180,25.522,5.0,180,180,25.509,2.0,9,true,180,0,7.053,1266.26,1324.642,1338.883,1359.038,1360.932,126.535,126.535,87.545,20,20,351,multiprocess_sample_only,,
yjit-off/puma-long-tail-fib-200ms-x2p0/puma-1w-3t/repeat-2,yjit-off,false,puma-long-tail-fib-200ms-x2p0,puma-long-tail-hey,puma/benchmarks/local/long_tail_hey + test/rackup/sleep_fibonacci,https://github.com/puma/puma/blob/main/benchmarks/local/long_tail_hey.rb,puma-1w-3t,3,puma,1,3,120,120,17.029,5.0,120,120,17.011,2.0,6,true,120,0,7.047,845.917,898.808,903.806,910.122,910.9,126.668,126.668,88.6,20,20,235,multiprocess_sample_only,,
yjit-off/puma-long-tail-fib-200ms-x1p5/puma-1w-3t/repeat-2,yjit-off,false,puma-long-tail-fib-200ms-x1p5,puma-long-tail-hey,puma/benchmarks/local/long_tail_hey + test/rackup/sleep_fibonacci,https://github.com/puma/puma/blob/main/benchmarks/local/long_tail_hey.rb,puma-1w-3t,3,puma,1,3,100,100,14.18,5.0,100,100,14.177,2.0,5,true,100,0,7.052,717.981,837.786,860.495,860.55,860.556,126.668,126.668,89.295,20,20,196,multiprocess_sample_only,,
yjit-off/puma-long-tail-fib-200ms-x1p0/puma-1w-3t/repeat-2,yjit-off,false,puma-long-tail-fib-200ms-x1p0,puma-long-tail-hey,puma/benchmarks/local/long_tail_hey + test/rackup/sleep_fibonacci,https://github.com/puma/puma/blob/main/benchmarks/local/long_tail_hey.rb,puma-1w-3t,3,puma,1,3,60,60,8.517,5.0,60,60,8.505,2.0,3,true,60,0,7.044,424.361,448.979,459.99,471.968,473.299,126.672,126.672,89.715,20,20,119,multiprocess_sample_only,,
yjit-off/puma-long-tail-fib-200ms-x0p5/puma-1w-3t/repeat-2,yjit-off,false,puma-long-tail-fib-200ms-x0p5,puma-long-tail-hey,puma/benchmarks/local/long_tail_hey + test/rackup/sleep_fibonacci,https://github.com/puma/puma/blob/main/benchmarks/local/long_tail_hey.rb,puma-1w-3t,3,puma,1,3,40,40,5.668,5.0,40,40,5.671,2.0,2,true,40,0,7.058,282.758,293.917,296.817,297.681,297.777,126.672,126.672,89.96,20,20,79,multiprocess_sample_only,,
yjit-off/puma-sleep-fibonacci-1ms/puma-1w-3t/repeat-2,yjit-off,false,puma-sleep-fibonacci-1ms,puma-sleep-fibonacci-test,puma/benchmarks/local/sleep_fibonacci_test + test/rackup/sleep_fibonacci,https://github.com/puma/puma/blob/main/benchmarks/local/sleep_fibonacci_test.rb,puma-1w-3t,3,puma,1,3,3562,10,5.0,5.0,10,1419,2.001,2.0,1,true,3562,0,712.366,1.372,1.505,1.799,2.373,2.676,118.004,118.004,89.855,20,20,70,multiprocess_sample_only,,
yjit-off/puma-sleep-fibonacci-5ms/puma-1w-3t/repeat-2,yjit-off,false,puma-sleep-fibonacci-5ms,puma-sleep-fibonacci-test,puma/benchmarks/local/sleep_fibonacci_test + test/rackup/sleep_fibonacci,https://github.com/puma/puma/blob/main/benchmarks/local/sleep_fibonacci_test.rb,puma-1w-3t,3,puma,1,3,923,10,5.001,5.0,10,371,2.0,2.0,1,true,923,0,184.556,5.358,5.603,5.936,6.468,6.472,120.754,120.754,89.64,20,20,70,multiprocess_sample_only,,
yjit-off/puma-sleep-fibonacci-10ms/puma-1w-3t/repeat-2,yjit-off,false,puma-sleep-fibonacci-10ms,puma-sleep-fibonacci-test,puma/benchmarks/local/sleep_fibonacci_test + test/rackup/sleep_fibonacci,https://github.com/puma/puma/blob/main/benchmarks/local/sleep_fibonacci_test.rb,puma-1w-3t,3,puma,1,3,474,10,5.001,5.0,10,191,2.011,2.0,1,true,474,0,94.784,10.49,10.687,11.106,11.623,11.677,122.129,122.129,89.41,20,20,70,multiprocess_sample_only,,
yjit-off/puma-sleep-fibonacci-50ms/puma-1w-3t/repeat-2,yjit-off,false,puma-sleep-fibonacci-50ms,puma-sleep-fibonacci-test,puma/benchmarks/local/sleep_fibonacci_test + test/rackup/sleep_fibonacci,https://github.com/puma/puma/blob/main/benchmarks/local/sleep_fibonacci_test.rb,puma-1w-3t,3,puma,1,3,99,10,5.023,5.0,10,40,2.031,2.0,1,true,99,0,19.711,50.671,50.837,51.078,51.398,51.433,122.133,122.133,89.17,20,20,71,multiprocess_sample_only,,
yjit-off/puma-sleep-fibonacci-100ms/puma-1w-3t/repeat-2,yjit-off,false,puma-sleep-fibonacci-100ms,puma-sleep-fibonacci-test,puma/benchmarks/local/sleep_fibonacci_test + test/rackup/sleep_fibonacci,https://github.com/puma/puma/blob/main/benchmarks/local/sleep_fibonacci_test.rb,puma-1w-3t,3,puma,1,3,50,10,5.036,5.0,10,20,2.016,2.0,1,true,50,0,9.929,100.661,100.74,100.812,100.869,100.875,122.133,122.133,88.935,20,20,71,multiprocess_sample_only,,
yjit-off/puma-sleep-fibonacci-200ms/puma-1w-3t/repeat-2,yjit-off,false,puma-sleep-fibonacci-200ms,puma-sleep-fibonacci-test,puma/benchmarks/local/sleep_fibonacci_test + test/rackup/sleep_fibonacci,https://github.com/puma/puma/blob/main/benchmarks/local/sleep_fibonacci_test.rb,puma-1w-3t,3,puma,1,3,25,10,5.019,5.0,10,10,2.008,2.0,1,true,25,0,4.981,200.666,200.823,200.883,200.894,200.895,122.133,122.133,88.695,20,20,70,multiprocess_sample_only,,
yjit-off/puma-response-array-1kb/puma-1w-3t/repeat-3,yjit-off,false,puma-response-array-1kb,puma-response-time-wrk,puma/benchmarks/local/response_time_wrk,https://github.com/puma/puma/blob/main/benchmarks/local/response_time_wrk.rb,puma-1w-3t,3,puma,1,3,15211,1000,5.002,5.0,1000,6193,2.001,2.0,5,true,15211,0,3041.187,1.576,2.118,2.586,3.39,4.011,66.367,66.242,97.1,20,20,66,multiprocess_sample_only,,
yjit-off/puma-response-chunk-1kb/puma-1w-3t/repeat-3,yjit-off,false,puma-response-chunk-1kb,puma-response-time-wrk,puma/benchmarks/local/response_time_wrk,https://github.com/puma/puma/blob/main/benchmarks/local/response_time_wrk.rb,puma-1w-3t,3,puma,1,3,14849,1000,5.001,5.0,1000,6076,2.001,2.0,5,true,14849,0,2969.013,1.614,2.177,2.666,3.329,4.642,66.574,66.574,92.765,20,20,65,multiprocess_sample_only,,
yjit-off/puma-response-string-1kb/puma-1w-3t/repeat-3,yjit-off,false,puma-response-string-1kb,puma-response-time-wrk,puma/benchmarks/local/response_time_wrk,https://github.com/puma/puma/blob/main/benchmarks/local/response_time_wrk.rb,puma-1w-3t,3,puma,1,3,15236,1000,5.001,5.0,1000,6259,2.001,2.0,5,true,15236,0,3046.335,1.571,2.14,2.634,3.455,4.703,66.457,66.426,92.22,20,20,66,multiprocess_sample_only,,
yjit-off/puma-response-io-1kb/puma-1w-3t/repeat-3,yjit-off,false,puma-response-io-1kb,puma-response-time-wrk,puma/benchmarks/local/response_time_wrk,https://github.com/puma/puma/blob/main/benchmarks/local/response_time_wrk.rb,puma-1w-3t,3,puma,1,3,14962,1000,5.002,5.0,1000,6165,2.001,2.0,5,true,14962,0,2991.481,1.601,2.202,2.7,3.5,5.243,66.77,66.77,93.345,20,20,66,multiprocess_sample_only,,
yjit-off/puma-response-array-10kb/puma-1w-3t/repeat-3,yjit-off,false,puma-response-array-10kb,puma-response-time-wrk,puma/benchmarks/local/response_time_wrk,https://github.com/puma/puma/blob/main/benchmarks/local/response_time_wrk.rb,puma-1w-3t,3,puma,1,3,15112,1000,5.001,5.0,1000,6210,2.001,2.0,5,true,15112,0,3021.643,1.588,2.153,2.618,3.462,4.637,68.348,68.348,93.665,20,20,65,multiprocess_sample_only,,
yjit-off/puma-response-chunk-10kb/puma-1w-3t/repeat-3,yjit-off,false,puma-response-chunk-10kb,puma-response-time-wrk,puma/benchmarks/local/response_time_wrk,https://github.com/puma/puma/blob/main/benchmarks/local/response_time_wrk.rb,puma-1w-3t,3,puma,1,3,13112,1000,5.001,5.0,1000,5385,2.002,2.0,5,true,13112,0,2621.773,1.835,2.45,2.999,3.993,4.861,68.254,68.254,93.17,20,20,65,multiprocess_sample_only,,
yjit-off/puma-response-string-10kb/puma-1w-3t/repeat-3,yjit-off,false,puma-response-string-10kb,puma-response-time-wrk,puma/benchmarks/local/response_time_wrk,https://github.com/puma/puma/blob/main/benchmarks/local/response_time_wrk.rb,puma-1w-3t,3,puma,1,3,15010,1000,5.001,5.0,1000,6160,2.001,2.0,5,true,15010,0,3001.236,1.59,2.204,2.659,3.35,3.971,68.441,68.441,92.835,20,20,65,multiprocess_sample_only,,
yjit-off/puma-response-io-10kb/puma-1w-3t/repeat-3,yjit-off,false,puma-response-io-10kb,puma-response-time-wrk,puma/benchmarks/local/response_time_wrk,https://github.com/puma/puma/blob/main/benchmarks/local/response_time_wrk.rb,puma-1w-3t,3,puma,1,3,14779,1000,5.002,5.0,1000,6061,2.001,2.0,5,true,14779,0,2954.8,1.614,2.255,2.78,3.616,4.256,69.289,69.289,93.505,20,20,66,multiprocess_sample_only,,
yjit-off/puma-response-array-100kb/puma-1w-3t/repeat-3,yjit-off,false,puma-response-array-100kb,puma-response-time-wrk,puma/benchmarks/local/response_time_wrk,https://github.com/puma/puma/blob/main/benchmarks/local/response_time_wrk.rb,puma-1w-3t,3,puma,1,3,12179,1000,5.001,5.0,1000,4982,2.002,2.0,5,true,12179,0,2435.167,1.985,2.621,3.184,4.108,4.871,77.234,75.852,93.655,20,20,65,multiprocess_sample_only,,
yjit-off/puma-response-chunk-100kb/puma-1w-3t/repeat-3,yjit-off,false,puma-response-chunk-100kb,puma-response-time-wrk,puma/benchmarks/local/response_time_wrk,https://github.com/puma/puma/blob/main/benchmarks/local/response_time_wrk.rb,puma-1w-3t,3,puma,1,3,6201,1000,5.002,5.0,1000,2560,2.004,2.0,5,true,6201,0,1239.594,3.984,4.891,5.748,7.584,8.258,73.945,73.012,93.035,20,20,62,multiprocess_sample_only,,
yjit-off/puma-response-string-100kb/puma-1w-3t/repeat-3,yjit-off,false,puma-response-string-100kb,puma-response-time-wrk,puma/benchmarks/local/response_time_wrk,https://github.com/puma/puma/blob/main/benchmarks/local/response_time_wrk.rb,puma-1w-3t,3,puma,1,3,12188,1000,5.001,5.0,1000,4993,2.002,2.0,5,true,12188,0,2436.942,1.995,2.529,3.008,3.903,4.768,79.66,79.66,92.3,20,20,65,multiprocess_sample_only,,
yjit-off/puma-response-io-100kb/puma-1w-3t/repeat-3,yjit-off,false,puma-response-io-100kb,puma-response-time-wrk,puma/benchmarks/local/response_time_wrk,https://github.com/puma/puma/blob/main/benchmarks/local/response_time_wrk.rb,puma-1w-3t,3,puma,1,3,12022,1000,5.002,5.0,1000,5007,2.038,2.0,5,true,12022,0,2403.552,1.875,2.56,3.507,42.882,44.057,70.594,70.469,91.8,20,20,65,multiprocess_sample_only,,
yjit-off/puma-response-array-256kb/puma-1w-3t/repeat-3,yjit-off,false,puma-response-array-256kb,puma-response-time-wrk,puma/benchmarks/local/response_time_wrk,https://github.com/puma/puma/blob/main/benchmarks/local/response_time_wrk.rb,puma-1w-3t,3,puma,1,3,8906,1000,5.002,5.0,1000,3619,2.002,2.0,5,true,8906,0,1780.589,2.546,3.973,7.255,16.433,17.816,107.711,104.988,91.3,20,20,63,multiprocess_sample_only,,
yjit-off/puma-response-chunk-256kb/puma-1w-3t/repeat-3,yjit-off,false,puma-response-chunk-256kb,puma-response-time-wrk,puma/benchmarks/local/response_time_wrk,https://github.com/puma/puma/blob/main/benchmarks/local/response_time_wrk.rb,puma-1w-3t,3,puma,1,3,3342,1000,5.005,5.0,1000,1398,2.005,2.0,5,true,3342,0,667.677,7.452,8.959,9.9,13.062,15.181,82.586,81.363,90.65,20,20,56,multiprocess_sample_only,,
yjit-off/puma-response-string-256kb/puma-1w-3t/repeat-3,yjit-off,false,puma-response-string-256kb,puma-response-time-wrk,puma/benchmarks/local/response_time_wrk,https://github.com/puma/puma/blob/main/benchmarks/local/response_time_wrk.rb,puma-1w-3t,3,puma,1,3,8915,1000,5.002,5.0,1000,3688,2.002,2.0,5,true,8915,0,1782.32,2.544,3.87,7.191,16.937,18.13,73.949,73.512,89.345,20,20,63,multiprocess_sample_only,,
yjit-off/puma-response-io-256kb/puma-1w-3t/repeat-3,yjit-off,false,puma-response-io-256kb,puma-response-time-wrk,puma/benchmarks/local/response_time_wrk,https://github.com/puma/puma/blob/main/benchmarks/local/response_time_wrk.rb,puma-1w-3t,3,puma,1,3,8799,1000,5.002,5.0,1000,3676,2.002,2.0,5,true,8799,0,1759.009,2.591,3.87,7.444,16.87,17.512,73.824,73.824,87.825,20,20,63,multiprocess_sample_only,,
yjit-off/puma-response-array-512kb/puma-1w-3t/repeat-3,yjit-off,false,puma-response-array-512kb,puma-response-time-wrk,puma/benchmarks/local/response_time_wrk,https://github.com/puma/puma/blob/main/benchmarks/local/response_time_wrk.rb,puma-1w-3t,3,puma,1,3,6447,1000,5.002,5.0,1000,2575,2.003,2.0,5,true,6447,0,1288.815,3.506,5.417,17.03,19.314,19.94,135.035,133.766,87.115,20,20,61,multiprocess_sample_only,,
yjit-off/puma-response-chunk-512kb/puma-1w-3t/repeat-3,yjit-off,false,puma-response-chunk-512kb,puma-response-time-wrk,puma/benchmarks/local/response_time_wrk,https://github.com/puma/puma/blob/main/benchmarks/local/response_time_wrk.rb,puma-1w-3t,3,puma,1,3,1865,1000,5.009,5.0,1000,1000,2.57,2.0,5,true,1865,0,372.3,13.524,15.761,16.993,18.203,25.633,117.879,117.262,86.57,20,20,49,multiprocess_sample_only,,
yjit-off/puma-response-string-512kb/puma-1w-3t/repeat-3,yjit-off,false,puma-response-string-512kb,puma-response-time-wrk,puma/benchmarks/local/response_time_wrk,https://github.com/puma/puma/blob/main/benchmarks/local/response_time_wrk.rb,puma-1w-3t,3,puma,1,3,6623,1000,5.003,5.0,1000,2644,2.002,2.0,5,true,6623,0,1323.895,3.421,5.244,16.815,19.196,21.351,118.27,118.27,85.27,20,20,62,multiprocess_sample_only,,
yjit-off/puma-response-io-512kb/puma-1w-3t/repeat-3,yjit-off,false,puma-response-io-512kb,puma-response-time-wrk,puma/benchmarks/local/response_time_wrk,https://github.com/puma/puma/blob/main/benchmarks/local/response_time_wrk.rb,puma-1w-3t,3,puma,1,3,6658,1000,5.002,5.0,1000,2569,2.003,2.0,5,true,6658,0,1330.993,3.341,5.397,17.004,18.88,212.568,118.27,118.27,83.645,20,20,60,multiprocess_sample_only,,
yjit-off/puma-response-array-1024kb/puma-1w-3t/repeat-3,yjit-off,false,puma-response-array-1024kb,puma-response-time-wrk,puma/benchmarks/local/response_time_wrk,https://github.com/puma/puma/blob/main/benchmarks/local/response_time_wrk.rb,puma-1w-3t,3,puma,1,3,4247,1000,5.004,5.0,1000,1715,2.004,2.0,5,true,4247,0,848.639,5.376,8.33,20.395,22.557,25.973,137.137,131.602,82.845,20,20,59,multiprocess_sample_only,,
yjit-off/puma-response-chunk-1024kb/puma-1w-3t/repeat-3,yjit-off,false,puma-response-chunk-1024kb,puma-response-time-wrk,puma/benchmarks/local/response_time_wrk,https://github.com/puma/puma/blob/main/benchmarks/local/response_time_wrk.rb,puma-1w-3t,3,puma,1,3,1048,1000,5.015,5.0,1000,1000,4.447,2.0,5,true,1048,0,208.964,23.86,28.65,30.199,44.903,45.223,88.102,86.543,82.5,20,20,40,multiprocess_sample_only,,
yjit-off/puma-response-string-1024kb/puma-1w-3t/repeat-3,yjit-off,false,puma-response-string-1024kb,puma-response-time-wrk,puma/benchmarks/local/response_time_wrk,https://github.com/puma/puma/blob/main/benchmarks/local/response_time_wrk.rb,puma-1w-3t,3,puma,1,3,4361,1000,5.005,5.0,1000,1775,2.006,2.0,5,true,4361,0,871.393,5.232,7.958,20.069,22.075,24.392,87.398,87.398,81.205,20,20,58,multiprocess_sample_only,,
yjit-off/puma-response-io-1024kb/puma-1w-3t/repeat-3,yjit-off,false,puma-response-io-1024kb,puma-response-time-wrk,puma/benchmarks/local/response_time_wrk,https://github.com/puma/puma/blob/main/benchmarks/local/response_time_wrk.rb,puma-1w-3t,3,puma,1,3,4362,1000,5.004,5.0,1000,1735,2.005,2.0,5,true,4362,0,871.687,5.212,7.748,20.719,25.012,26.633,87.398,87.398,79.42,20,20,57,multiprocess_sample_only,,
yjit-off/puma-response-array-2048kb/puma-1w-3t/repeat-3,yjit-off,false,puma-response-array-2048kb,puma-response-time-wrk,puma/benchmarks/local/response_time_wrk,https://github.com/puma/puma/blob/main/benchmarks/local/response_time_wrk.rb,puma-1w-3t,3,puma,1,3,2508,1000,5.009,5.0,1000,1024,2.006,2.0,5,true,2508,0,500.709,9.85,11.812,12.705,15.425,20.195,120.16,117.016,78.695,20,20,53,multiprocess_sample_only,,
yjit-off/puma-response-chunk-2048kb/puma-1w-3t/repeat-3,yjit-off,false,puma-response-chunk-2048kb,puma-response-time-wrk,puma/benchmarks/local/response_time_wrk,https://github.com/puma/puma/blob/main/benchmarks/local/response_time_wrk.rb,puma-1w-3t,3,puma,1,3,1000,1000,8.879,5.0,1000,1000,8.418,2.0,5,true,1000,0,112.629,43.742,52.493,55.664,67.55,71.025,91.23,88.789,78.65,20,20,50,multiprocess_sample_only,,
yjit-off/puma-response-string-2048kb/puma-1w-3t/repeat-3,yjit-off,false,puma-response-string-2048kb,puma-response-time-wrk,puma/benchmarks/local/response_time_wrk,https://github.com/puma/puma/blob/main/benchmarks/local/response_time_wrk.rb,puma-1w-3t,3,puma,1,3,2644,1000,5.007,5.0,1000,1096,2.008,2.0,5,true,2644,0,528.074,9.243,11.288,12.894,17.644,18.53,90.848,90.848,77.62,20,20,53,multiprocess_sample_only,,
yjit-off/puma-response-io-2048kb/puma-1w-3t/repeat-3,yjit-off,false,puma-response-io-2048kb,puma-response-time-wrk,puma/benchmarks/local/response_time_wrk,https://github.com/puma/puma/blob/main/benchmarks/local/response_time_wrk.rb,puma-1w-3t,3,puma,1,3,2855,1000,5.007,5.0,1000,1146,2.008,2.0,5,true,2855,0,570.163,8.631,10.038,10.993,15.038,16.918,90.852,90.852,75.975,20,20,54,multiprocess_sample_only,,
yjit-off/puma-long-tail-fib-200ms-x6p0/puma-1w-3t/repeat-3,yjit-off,false,puma-long-tail-fib-200ms-x6p0,puma-long-tail-hey,puma/benchmarks/local/long_tail_hey + test/rackup/sleep_fibonacci,https://github.com/puma/puma/blob/main/benchmarks/local/long_tail_hey.rb,puma-1w-3t,3,puma,1,3,360,360,51.0,5.0,360,360,50.985,2.0,18,true,360,0,7.059,2546.236,2606.668,2634.202,2658.606,2667.995,106.434,106.434,81.895,20,20,710,multiprocess_sample_only,,
yjit-off/puma-long-tail-fib-200ms-x4p0/puma-1w-3t/repeat-3,yjit-off,false,puma-long-tail-fib-200ms-x4p0,puma-long-tail-hey,puma/benchmarks/local/long_tail_hey + test/rackup/sleep_fibonacci,https://github.com/puma/puma/blob/main/benchmarks/local/long_tail_hey.rb,puma-1w-3t,3,puma,1,3,240,240,33.989,5.0,240,240,34.01,2.0,12,true,240,0,7.061,1697.495,1748.441,1780.142,1792.46,1794.462,114.855,114.855,85.76,20,20,473,multiprocess_sample_only,,
yjit-off/puma-long-tail-fib-200ms-x3p0/puma-1w-3t/repeat-3,yjit-off,false,puma-long-tail-fib-200ms-x3p0,puma-long-tail-hey,puma/benchmarks/local/long_tail_hey + test/rackup/sleep_fibonacci,https://github.com/puma/puma/blob/main/benchmarks/local/long_tail_hey.rb,puma-1w-3t,3,puma,1,3,180,180,25.492,5.0,180,180,25.492,2.0,9,true,180,0,7.061,1268.661,1313.313,1328.295,1352.437,1356.575,115.055,115.055,87.655,20,20,356,multiprocess_sample_only,,
yjit-off/puma-long-tail-fib-200ms-x2p0/puma-1w-3t/repeat-3,yjit-off,false,puma-long-tail-fib-200ms-x2p0,puma-long-tail-hey,puma/benchmarks/local/long_tail_hey + test/rackup/sleep_fibonacci,https://github.com/puma/puma/blob/main/benchmarks/local/long_tail_hey.rb,puma-1w-3t,3,puma,1,3,120,120,16.992,5.0,120,120,16.987,2.0,6,true,120,0,7.062,848.727,895.909,900.149,906.494,907.311,115.121,115.121,88.695,20,20,238,multiprocess_sample_only,,
yjit-off/puma-long-tail-fib-200ms-x1p5/puma-1w-3t/repeat-3,yjit-off,false,puma-long-tail-fib-200ms-x1p5,puma-long-tail-hey,puma/benchmarks/local/long_tail_hey + test/rackup/sleep_fibonacci,https://github.com/puma/puma/blob/main/benchmarks/local/long_tail_hey.rb,puma-1w-3t,3,puma,1,3,100,100,14.165,5.0,100,100,14.178,2.0,5,true,100,0,7.06,765.848,844.303,855.452,858.597,858.947,115.184,115.184,89.39,20,20,198,multiprocess_sample_only,,
yjit-off/puma-long-tail-fib-200ms-x1p0/puma-1w-3t/repeat-3,yjit-off,false,puma-long-tail-fib-200ms-x1p0,puma-long-tail-hey,puma/benchmarks/local/long_tail_hey + test/rackup/sleep_fibonacci,https://github.com/puma/puma/blob/main/benchmarks/local/long_tail_hey.rb,puma-1w-3t,3,puma,1,3,60,60,8.498,5.0,60,60,8.505,2.0,3,true,60,0,7.06,423.142,447.4,450.868,452.827,453.045,115.188,115.188,89.815,20,20,118,multiprocess_sample_only,,
yjit-off/puma-long-tail-fib-200ms-x0p5/puma-1w-3t/repeat-3,yjit-off,false,puma-long-tail-fib-200ms-x0p5,puma-long-tail-hey,puma/benchmarks/local/long_tail_hey + test/rackup/sleep_fibonacci,https://github.com/puma/puma/blob/main/benchmarks/local/long_tail_hey.rb,puma-1w-3t,3,puma,1,3,40,40,5.668,5.0,40,40,5.666,2.0,2,true,40,0,7.057,283.23,295.867,299.003,300.277,300.419,115.188,115.188,90.06,20,20,79,multiprocess_sample_only,,
yjit-off/puma-sleep-fibonacci-1ms/puma-1w-3t/repeat-3,yjit-off,false,puma-sleep-fibonacci-1ms,puma-sleep-fibonacci-test,puma/benchmarks/local/sleep_fibonacci_test + test/rackup/sleep_fibonacci,https://github.com/puma/puma/blob/main/benchmarks/local/sleep_fibonacci_test.rb,puma-1w-3t,3,puma,1,3,3574,10,5.001,5.0,10,1431,2.001,2.0,1,true,3574,0,714.728,1.365,1.51,1.782,2.399,2.679,128.547,128.547,89.96,20,20,70,multiprocess_sample_only,,
yjit-off/puma-sleep-fibonacci-5ms/puma-1w-3t/repeat-3,yjit-off,false,puma-sleep-fibonacci-5ms,puma-sleep-fibonacci-test,puma/benchmarks/local/sleep_fibonacci_test + test/rackup/sleep_fibonacci,https://github.com/puma/puma/blob/main/benchmarks/local/sleep_fibonacci_test.rb,puma-1w-3t,3,puma,1,3,932,10,5.003,5.0,10,372,2.001,2.0,1,true,932,0,186.301,5.325,5.48,5.729,6.32,6.376,129.676,129.676,89.735,20,20,70,multiprocess_sample_only,,
yjit-off/puma-sleep-fibonacci-10ms/puma-1w-3t/repeat-3,yjit-off,false,puma-sleep-fibonacci-10ms,puma-sleep-fibonacci-test,puma/benchmarks/local/sleep_fibonacci_test + test/rackup/sleep_fibonacci,https://github.com/puma/puma/blob/main/benchmarks/local/sleep_fibonacci_test.rb,puma-1w-3t,3,puma,1,3,480,10,5.001,5.0,10,193,2.009,2.0,1,true,480,0,95.975,10.371,10.526,10.641,11.892,12.153,133.738,129.863,89.51,20,20,70,multiprocess_sample_only,,
yjit-off/puma-sleep-fibonacci-50ms/puma-1w-3t/repeat-3,yjit-off,false,puma-sleep-fibonacci-50ms,puma-sleep-fibonacci-test,puma/benchmarks/local/sleep_fibonacci_test + test/rackup/sleep_fibonacci,https://github.com/puma/puma/blob/main/benchmarks/local/sleep_fibonacci_test.rb,puma-1w-3t,3,puma,1,3,99,10,5.018,5.0,10,40,2.029,2.0,1,true,99,0,19.73,50.609,50.861,51.019,51.136,51.149,129.926,129.926,89.27,20,20,71,multiprocess_sample_only,,
yjit-off/puma-sleep-fibonacci-100ms/puma-1w-3t/repeat-3,yjit-off,false,puma-sleep-fibonacci-100ms,puma-sleep-fibonacci-test,puma/benchmarks/local/sleep_fibonacci_test + test/rackup/sleep_fibonacci,https://github.com/puma/puma/blob/main/benchmarks/local/sleep_fibonacci_test.rb,puma-1w-3t,3,puma,1,3,50,10,5.038,5.0,10,20,2.016,2.0,1,true,50,0,9.926,100.636,101.008,101.122,101.142,101.144,129.93,129.93,89.035,20,20,71,multiprocess_sample_only,,
yjit-off/puma-sleep-fibonacci-200ms/puma-1w-3t/repeat-3,yjit-off,false,puma-sleep-fibonacci-200ms,puma-sleep-fibonacci-test,puma/benchmarks/local/sleep_fibonacci_test + test/rackup/sleep_fibonacci,https://github.com/puma/puma/blob/main/benchmarks/local/sleep_fibonacci_test.rb,puma-1w-3t,3,puma,1,3,25,10,5.02,5.0,10,10,2.008,2.0,1,true,25,0,4.98,200.677,201.003,201.077,201.095,201.097,129.93,129.93,88.805,20,20,71,multiprocess_sample_only,,
yjit-on/puma-response-array-1kb/raptor-3r/repeat-1,yjit-on,true,puma-response-array-1kb,puma-response-time-wrk,puma/benchmarks/local/response_time_wrk,https://github.com/puma/puma/blob/main/benchmarks/local/response_time_wrk.rb,raptor-3r,3,raptor,3,,1000,1000,16.129,5.0,1000,1000,16.153,2.0,5,true,1000,0,62.0,40.995,41.972,42.368,4029.986,4033.805,29.59,29.59,3.78,20,20,226,same_worker,28,719284
yjit-on/puma-response-chunk-1kb/raptor-3r/repeat-1,yjit-on,true,puma-response-chunk-1kb,puma-response-time-wrk,puma/benchmarks/local/response_time_wrk,https://github.com/puma/puma/blob/main/benchmarks/local/response_time_wrk.rb,raptor-3r,3,raptor,3,,1000,1000,16.144,5.0,1000,1000,16.122,2.0,5,true,1000,0,61.943,40.998,41.975,42.409,4035.705,4037.748,29.82,29.82,3.08,20,20,225,same_worker,27,716245
yjit-on/puma-response-string-1kb/raptor-3r/repeat-1,yjit-on,true,puma-response-string-1kb,puma-response-time-wrk,puma/benchmarks/local/response_time_wrk,https://github.com/puma/puma/blob/main/benchmarks/local/response_time_wrk.rb,raptor-3r,3,raptor,3,,1000,1000,16.133,5.0,1000,1000,16.12,2.0,5,true,1000,0,61.985,40.991,41.973,42.357,4033.868,4039.1,30.105,30.105,2.885,20,20,225,same_worker,28,719038
yjit-on/puma-response-io-1kb/raptor-3r/repeat-1,yjit-on,true,puma-response-io-1kb,puma-response-time-wrk,puma/benchmarks/local/response_time_wrk,https://github.com/puma/puma/blob/main/benchmarks/local/response_time_wrk.rb,raptor-3r,3,raptor,3,,1000,1000,16.143,5.0,1000,1000,16.138,2.0,5,true,1000,0,61.947,40.999,41.971,42.68,4034.863,4035.427,30.242,30.242,2.8,20,20,225,same_worker,29,726261
yjit-on/puma-response-array-10kb/raptor-3r/repeat-1,yjit-on,true,puma-response-array-10kb,puma-response-time-wrk,puma/benchmarks/local/response_time_wrk,https://github.com/puma/puma/blob/main/benchmarks/local/response_time_wrk.rb,raptor-3r,3,raptor,3,,1000,1000,16.188,5.0,1000,1000,16.128,2.0,5,true,1000,0,61.773,40.998,41.98,42.389,4038.488,4064.782,30.285,30.285,2.8,20,20,226,same_worker,28,718323
yjit-on/puma-response-chunk-10kb/raptor-3r/repeat-1,yjit-on,true,puma-response-chunk-10kb,puma-response-time-wrk,puma/benchmarks/local/response_time_wrk,https://github.com/puma/puma/blob/main/benchmarks/local/response_time_wrk.rb,raptor-3r,3,raptor,3,,1000,1000,16.15,5.0,1000,1000,16.121,2.0,5,true,1000,0,61.921,41.002,41.985,42.44,4035.875,4038.236,30.285,30.285,2.795,20,20,225,same_worker,29,716237
yjit-on/puma-response-string-10kb/raptor-3r/repeat-1,yjit-on,true,puma-response-string-10kb,puma-response-time-wrk,puma/benchmarks/local/response_time_wrk,https://github.com/puma/puma/blob/main/benchmarks/local/response_time_wrk.rb,raptor-3r,3,raptor,3,,1000,1000,16.144,5.0,1000,1000,16.112,2.0,5,true,1000,0,61.944,40.999,41.998,42.512,4035.321,4036.715,30.352,30.352,2.7,20,20,225,same_worker,30,718370
yjit-on/puma-response-io-10kb/raptor-3r/repeat-1,yjit-on,true,puma-response-io-10kb,puma-response-time-wrk,puma/benchmarks/local/response_time_wrk,https://github.com/puma/puma/blob/main/benchmarks/local/response_time_wrk.rb,raptor-3r,3,raptor,3,,1000,1000,16.149,5.0,1000,1000,16.133,2.0,5,true,1000,0,61.925,40.996,41.975,42.49,4037.821,4038.893,30.957,30.957,2.73,20,20,225,same_worker,32,745239
yjit-on/puma-response-array-100kb/raptor-3r/repeat-1,yjit-on,true,puma-response-array-100kb,puma-response-time-wrk,puma/benchmarks/local/response_time_wrk,https://github.com/puma/puma/blob/main/benchmarks/local/response_time_wrk.rb,raptor-3r,3,raptor,3,,1000,1000,14.266,5.0,1000,1000,12.477,2.0,5,true,1000,0,70.098,40.982,41.984,42.848,3402.434,3604.592,30.957,30.957,2.9,20,20,199,same_worker,31,719249
yjit-on/puma-response-chunk-100kb/raptor-3r/repeat-1,yjit-on,true,puma-response-chunk-100kb,puma-response-time-wrk,puma/benchmarks/local/response_time_wrk,https://github.com/puma/puma/blob/main/benchmarks/local/response_time_wrk.rb,raptor-3r,3,raptor,3,,1000,1000,14.479,5.0,1000,1000,12.035,2.0,5,true,1000,0,69.064,40.993,41.989,42.915,3521.371,3655.071,30.969,30.969,3.08,20,20,202,same_worker,30,715234
yjit-on/puma-response-string-100kb/raptor-3r/repeat-1,yjit-on,true,puma-response-string-100kb,puma-response-time-wrk,puma/benchmarks/local/response_time_wrk,https://github.com/puma/puma/blob/main/benchmarks/local/response_time_wrk.rb,raptor-3r,3,raptor,3,,11304,1000,5.003,5.0,1000,4839,2.002,2.0,5,true,11304,0,2259.245,1.253,2.098,8.147,131.282,145.728,31.281,31.281,4.295,20,20,67,same_worker,373,8125677
yjit-on/puma-response-io-100kb/raptor-3r/repeat-1,yjit-on,true,puma-response-io-100kb,puma-response-time-wrk,puma/benchmarks/local/response_time_wrk,https://github.com/puma/puma/blob/main/benchmarks/local/response_time_wrk.rb,raptor-3r,3,raptor,3,,1000,1000,14.086,5.0,1000,1000,12.214,2.0,5,true,1000,0,70.993,41.129,42.2,43.146,3425.763,3428.296,35.934,35.934,5.0,20,20,196,same_worker,47,925249
yjit-on/puma-response-array-256kb/raptor-3r/repeat-1,yjit-on,true,puma-response-array-256kb,puma-response-time-wrk,puma/benchmarks/local/response_time_wrk,https://github.com/puma/puma/blob/main/benchmarks/local/response_time_wrk.rb,raptor-3r,3,raptor,3,,1000,1000,10.592,5.0,1000,1000,11.897,2.0,5,true,1000,0,94.409,41.792,42.934,44.902,3390.037,3438.047,35.934,35.934,5.17,20,20,148,same_worker,37,720208
yjit-on/puma-response-chunk-256kb/raptor-3r/repeat-1,yjit-on,true,puma-response-chunk-256kb,puma-response-time-wrk,puma/benchmarks/local/response_time_wrk,https://github.com/puma/puma/blob/main/benchmarks/local/response_time_wrk.rb,raptor-3r,3,raptor,3,,1000,1000,10.618,5.0,1000,1000,9.785,2.0,5,true,1000,0,94.18,41.893,42.906,43.959,3360.085,3442.537,35.934,35.934,5.455,20,20,148,same_worker,36,716316
yjit-on/puma-response-string-256kb/raptor-3r/repeat-1,yjit-on,true,puma-response-string-256kb,puma-response-time-wrk,puma/benchmarks/local/response_time_wrk,https://github.com/puma/puma/blob/main/benchmarks/local/response_time_wrk.rb,raptor-3r,3,raptor,3,,8450,1000,5.002,5.0,1000,3390,2.002,2.0,5,true,8450,0,1689.217,1.623,2.653,32.796,167.202,188.151,35.934,35.934,6.285,20,20,66,same_worker,335,6075157
yjit-on/puma-response-io-256kb/raptor-3r/repeat-1,yjit-on,true,puma-response-io-256kb,puma-response-time-wrk,puma/benchmarks/local/response_time_wrk,https://github.com/puma/puma/blob/main/benchmarks/local/response_time_wrk.rb,raptor-3r,3,raptor,3,,1000,1000,12.555,5.0,1000,1000,13.166,2.0,5,true,1000,0,79.65,41.959,42.92,43.824,3190.187,3963.697,41.617,41.617,6.84,20,20,176,same_worker,52,1238422
yjit-on/puma-response-array-512kb/raptor-3r/repeat-1,yjit-on,true,puma-response-array-512kb,puma-response-time-wrk,puma/benchmarks/local/response_time_wrk,https://github.com/puma/puma/blob/main/benchmarks/local/response_time_wrk.rb,raptor-3r,3,raptor,3,,1000,1000,13.472,5.0,1000,1000,13.988,2.0,5,true,1000,0,74.227,41.985,43.186,45.012,3227.691,3522.649,41.617,41.617,7.145,20,20,188,same_worker,28,719237
yjit-on/puma-response-chunk-512kb/raptor-3r/repeat-1,yjit-on,true,puma-response-chunk-512kb,puma-response-time-wrk,puma/benchmarks/local/response_time_wrk,https://github.com/puma/puma/blob/main/benchmarks/local/response_time_wrk.rb,raptor-3r,3,raptor,3,,1000,1000,13.69,5.0,1000,1000,14.913,2.0,5,true,1000,0,73.044,42.041,43.387,44.582,3692.152,3777.397,41.617,41.617,7.37,20,20,190,same_worker,29,716243
yjit-on/puma-response-string-512kb/raptor-3r/repeat-1,yjit-on,true,puma-response-string-512kb,puma-response-time-wrk,puma/benchmarks/local/response_time_wrk,https://github.com/puma/puma/blob/main/benchmarks/local/response_time_wrk.rb,raptor-3r,3,raptor,3,,6355,1000,5.005,5.0,1000,2682,2.004,2.0,5,true,6355,0,1269.776,2.103,3.54,52.053,232.197,249.116,41.902,41.902,7.905,20,20,65,same_worker,188,4570209
yjit-on/puma-response-io-512kb/raptor-3r/repeat-1,yjit-on,true,puma-response-io-512kb,puma-response-time-wrk,puma/benchmarks/local/response_time_wrk,https://github.com/puma/puma/blob/main/benchmarks/local/response_time_wrk.rb,raptor-3r,3,raptor,3,,1000,1000,14.8,5.0,1000,1000,15.359,2.0,5,true,1000,0,67.565,42.905,43.95,51.475,3540.052,3671.407,47.387,47.387,8.465,20,20,206,same_worker,85,1749243
yjit-on/puma-response-array-1024kb/raptor-3r/repeat-1,yjit-on,true,puma-response-array-1024kb,puma-response-time-wrk,puma/benchmarks/local/response_time_wrk,https://github.com/puma/puma/blob/main/benchmarks/local/response_time_wrk.rb,raptor-3r,3,raptor,3,,1000,1000,14.672,5.0,1000,1000,15.401,2.0,5,true,1000,0,68.157,43.519,44.915,55.002,3615.183,3695.442,47.387,47.387,8.975,20,20,203,same_worker,31,720518
yjit-on/puma-response-chunk-1024kb/raptor-3r/repeat-1,yjit-on,true,puma-response-chunk-1024kb,puma-response-time-wrk,puma/benchmarks/local/response_time_wrk,https://github.com/puma/puma/blob/main/benchmarks/local/response_time_wrk.rb,raptor-3r,3,raptor,3,,1000,1000,14.642,5.0,1000,1000,15.152,2.0,5,true,1000,0,68.296,43.737,44.963,47.896,3460.704,3518.852,47.387,47.387,9.525,20,20,204,same_worker,31,715960
yjit-on/puma-response-string-1024kb/raptor-3r/repeat-1,yjit-on,true,puma-response-string-1024kb,puma-response-time-wrk,puma/benchmarks/local/response_time_wrk,https://github.com/puma/puma/blob/main/benchmarks/local/response_time_wrk.rb,raptor-3r,3,raptor,3,,4281,1000,5.004,5.0,1000,1735,2.005,2.0,5,true,4281,0,855.485,3.092,5.962,20.103,351.988,367.863,48.949,48.949,9.91,20,20,62,same_worker,138,3080123
yjit-on/puma-response-io-1024kb/raptor-3r/repeat-1,yjit-on,true,puma-response-io-1024kb,puma-response-time-wrk,puma/benchmarks/local/response_time_wrk,https://github.com/puma/puma/blob/main/benchmarks/local/response_time_wrk.rb,raptor-3r,3,raptor,3,,1000,1000,15.427,5.0,1000,1000,15.901,2.0,5,true,1000,0,64.821,44.006,45.946,47.543,3900.861,3990.994,54.863,54.328,10.655,20,20,215,same_worker,132,2774542
yjit-on/puma-response-array-2048kb/raptor-3r/repeat-1,yjit-on,true,puma-response-array-2048kb,puma-response-time-wrk,puma/benchmarks/local/response_time_wrk,https://github.com/puma/puma/blob/main/benchmarks/local/response_time_wrk.rb,raptor-3r,3,raptor,3,,1000,1000,15.89,5.0,1000,1000,15.868,2.0,5,true,1000,0,62.932,45.954,47.884,51.06,3908.84,4013.424,54.328,54.328,11.685,20,20,221,same_worker,28,719243
yjit-on/puma-response-chunk-2048kb/raptor-3r/repeat-1,yjit-on,true,puma-response-chunk-2048kb,puma-response-time-wrk,puma/benchmarks/local/response_time_wrk,https://github.com/puma/puma/blob/main/benchmarks/local/response_time_wrk.rb,raptor-3r,3,raptor,3,,1000,1000,14.498,5.0,1000,1000,15.528,2.0,5,true,1000,0,68.975,45.933,48.351,52.837,3264.57,3266.189,54.328,54.328,12.795,20,20,201,same_worker,28,716243
yjit-on/puma-response-string-2048kb/raptor-3r/repeat-1,yjit-on,true,puma-response-string-2048kb,puma-response-time-wrk,puma/benchmarks/local/response_time_wrk,https://github.com/puma/puma/blob/main/benchmarks/local/response_time_wrk.rb,raptor-3r,3,raptor,3,,2737,1000,5.009,5.0,1000,1161,2.059,2.0,5,true,2737,0,546.446,5.411,7.299,13.345,555.543,576.067,60.34,60.34,13.13,20,20,60,same_worker,78,1965947
yjit-on/puma-response-io-2048kb/raptor-3r/repeat-1,yjit-on,true,puma-response-io-2048kb,puma-response-time-wrk,puma/benchmarks/local/response_time_wrk,https://github.com/puma/puma/blob/main/benchmarks/local/response_time_wrk.rb,raptor-3r,3,raptor,3,,1000,1000,17.004,5.0,1000,1000,17.435,2.0,5,true,1000,0,58.811,47.885,50.719,54.301,4244.706,4308.218,69.039,69.039,14.295,20,20,235,same_worker,260,4821323
yjit-on/puma-long-tail-fib-200ms-x6p0/raptor-3r/repeat-1,yjit-on,true,puma-long-tail-fib-200ms-x6p0,puma-long-tail-hey,puma/benchmarks/local/long_tail_hey + test/rackup/sleep_fibonacci,https://github.com/puma/puma/blob/main/benchmarks/local/long_tail_hey.rb,raptor-3r,3,raptor,3,,363,360,28.999,5.0,360,360,28.755,2.0,18,true,363,0,12.517,241.713,242.935,19605.383,24397.682,24397.739,69.445,69.445,23.64,20,20,396,same_worker,2,64641
yjit-on/puma-long-tail-fib-200ms-x4p0/raptor-3r/repeat-1,yjit-on,true,puma-long-tail-fib-200ms-x4p0,puma-long-tail-hey,puma/benchmarks/local/long_tail_hey + test/rackup/sleep_fibonacci,https://github.com/puma/puma/blob/main/benchmarks/local/long_tail_hey.rb,raptor-3r,3,raptor,3,,243,240,19.423,5.0,240,240,19.177,2.0,12,true,243,0,12.511,241.828,242.978,12812.263,14825.663,14825.789,69.48,69.48,31.805,20,20,265,same_worker,2,42941
yjit-on/puma-long-tail-fib-200ms-x3p0/raptor-3r/repeat-1,yjit-on,true,puma-long-tail-fib-200ms-x3p0,puma-long-tail-hey,puma/benchmarks/local/long_tail_hey + test/rackup/sleep_fibonacci,https://github.com/puma/puma/blob/main/benchmarks/local/long_tail_hey.rb,raptor-3r,3,raptor,3,,183,180,14.627,5.0,180,180,14.382,2.0,9,true,183,0,12.511,241.779,242.686,10027.934,10030.728,10030.762,69.488,69.488,37.175,20,20,200,same_worker,1,35456
yjit-on/puma-long-tail-fib-200ms-x2p0/raptor-3r/repeat-1,yjit-on,true,puma-long-tail-fib-200ms-x2p0,puma-long-tail-hey,puma/benchmarks/local/long_tail_hey + test/rackup/sleep_fibonacci,https://github.com/puma/puma/blob/main/benchmarks/local/long_tail_hey.rb,raptor-3r,3,raptor,3,,123,120,9.832,5.0,120,120,9.587,2.0,6,true,123,0,12.51,241.795,242.801,5237.281,5238.149,5238.183,69.488,69.488,40.67,20,20,135,same_worker,1,23700
yjit-on/puma-long-tail-fib-200ms-x1p5/raptor-3r/repeat-1,yjit-on,true,puma-long-tail-fib-200ms-x1p5,puma-long-tail-hey,puma/benchmarks/local/long_tail_hey + test/rackup/sleep_fibonacci,https://github.com/puma/puma/blob/main/benchmarks/local/long_tail_hey.rb,raptor-3r,3,raptor,3,,103,100,9.827,5.0,100,100,9.58,2.0,5,true,103,0,10.481,241.718,242.525,5132.08,5232.532,5232.609,69.488,69.488,43.24,20,20,136,same_worker,0,16261
yjit-on/puma-long-tail-fib-200ms-x1p0/raptor-3r/repeat-1,yjit-on,true,puma-long-tail-fib-200ms-x1p0,puma-long-tail-hey,puma/benchmarks/local/long_tail_hey + test/rackup/sleep_fibonacci,https://github.com/puma/puma/blob/main/benchmarks/local/long_tail_hey.rb,raptor-3r,3,raptor,3,,63,60,5.034,5.0,60,60,4.793,2.0,3,true,63,0,12.516,241.661,242.413,242.586,242.667,242.676,69.488,69.488,44.82,20,20,70,same_worker,0,10018
yjit-on/puma-long-tail-fib-200ms-x0p5/raptor-3r/repeat-1,yjit-on,true,puma-long-tail-fib-200ms-x0p5,puma-long-tail-hey,puma/benchmarks/local/long_tail_hey + test/rackup/sleep_fibonacci,https://github.com/puma/puma/blob/main/benchmarks/local/long_tail_hey.rb,raptor-3r,3,raptor,3,,42,40,5.039,5.0,40,40,4.788,2.0,2,true,42,0,8.336,241.923,242.247,242.262,242.264,242.264,69.488,69.488,45.795,20,20,71,same_worker,1,8894
yjit-on/puma-sleep-fibonacci-1ms/raptor-3r/repeat-1,yjit-on,true,puma-sleep-fibonacci-1ms,puma-sleep-fibonacci-test,puma/benchmarks/local/sleep_fibonacci_test + test/rackup/sleep_fibonacci,https://github.com/puma/puma/blob/main/benchmarks/local/sleep_fibonacci_test.rb,raptor-3r,3,raptor,3,,122,10,5.011,5.0,10,49,2.019,2.0,1,true,122,0,24.348,41.967,42.561,42.976,43.004,43.007,69.539,69.539,45.765,20,20,71,same_worker,1,22771
yjit-on/puma-sleep-fibonacci-5ms/raptor-3r/repeat-1,yjit-on,true,puma-sleep-fibonacci-5ms,puma-sleep-fibonacci-test,puma/benchmarks/local/sleep_fibonacci_test + test/rackup/sleep_fibonacci,https://github.com/puma/puma/blob/main/benchmarks/local/sleep_fibonacci_test.rb,raptor-3r,3,raptor,3,,112,10,5.006,5.0,10,45,2.029,2.0,1,true,112,0,22.374,45.931,46.052,46.965,46.984,46.986,69.539,69.539,45.475,20,20,71,same_worker,1,20651
yjit-on/puma-sleep-fibonacci-10ms/raptor-3r/repeat-1,yjit-on,true,puma-sleep-fibonacci-10ms,puma-sleep-fibonacci-test,puma/benchmarks/local/sleep_fibonacci_test + test/rackup/sleep_fibonacci,https://github.com/puma/puma/blob/main/benchmarks/local/sleep_fibonacci_test.rb,raptor-3r,3,raptor,3,,99,10,5.037,5.0,10,40,2.015,2.0,1,true,99,0,19.654,50.99,51.99,52.931,53.117,53.137,69.547,69.547,45.24,20,20,72,same_worker,1,18057
yjit-on/puma-sleep-fibonacci-50ms/raptor-3r/repeat-1,yjit-on,true,puma-sleep-fibonacci-50ms,puma-sleep-fibonacci-test,puma/benchmarks/local/sleep_fibonacci_test + test/rackup/sleep_fibonacci,https://github.com/puma/puma/blob/main/benchmarks/local/sleep_fibonacci_test.rb,raptor-3r,3,raptor,3,,55,10,5.005,5.0,10,23,2.069,2.0,1,true,55,0,10.989,91.941,92.08,92.981,92.988,92.989,69.551,69.551,45.1,20,20,71,same_worker,0,9874
yjit-on/puma-sleep-fibonacci-100ms/raptor-3r/repeat-1,yjit-on,true,puma-sleep-fibonacci-100ms,puma-sleep-fibonacci-test,puma/benchmarks/local/sleep_fibonacci_test + test/rackup/sleep_fibonacci,https://github.com/puma/puma/blob/main/benchmarks/local/sleep_fibonacci_test.rb,raptor-3r,3,raptor,3,,36,10,5.067,5.0,10,15,2.077,2.0,1,true,36,0,7.105,141.949,142.034,142.647,142.933,142.965,69.555,69.555,45.175,20,20,72,same_worker,1,5881
yjit-on/puma-sleep-fibonacci-200ms/raptor-3r/repeat-1,yjit-on,true,puma-sleep-fibonacci-200ms,puma-sleep-fibonacci-test,puma/benchmarks/local/sleep_fibonacci_test + test/rackup/sleep_fibonacci,https://github.com/puma/puma/blob/main/benchmarks/local/sleep_fibonacci_test.rb,raptor-3r,3,raptor,3,,21,10,5.036,5.0,10,10,2.378,2.0,1,true,21,0,4.17,241.927,242.009,242.318,242.388,242.396,69.555,69.555,45.25,20,20,71,same_worker,0,3888
yjit-on/puma-response-array-1kb/raptor-3r/repeat-2,yjit-on,true,puma-response-array-1kb,puma-response-time-wrk,puma/benchmarks/local/response_time_wrk,https://github.com/puma/puma/blob/main/benchmarks/local/response_time_wrk.rb,raptor-3r,3,raptor,3,,1000,1000,16.125,5.0,1000,1000,16.14,2.0,5,true,1000,0,62.017,40.989,41.963,42.275,4032.929,4033.288,29.75,29.75,3.755,20,20,226,same_worker,26,718471
yjit-on/puma-response-chunk-1kb/raptor-3r/repeat-2,yjit-on,true,puma-response-chunk-1kb,puma-response-time-wrk,puma/benchmarks/local/response_time_wrk,https://github.com/puma/puma/blob/main/benchmarks/local/response_time_wrk.rb,raptor-3r,3,raptor,3,,1000,1000,16.117,5.0,1000,1000,16.115,2.0,5,true,1000,0,62.048,40.988,41.966,42.327,4029.156,4030.052,29.902,29.902,2.975,20,20,226,same_worker,27,716286
yjit-on/puma-response-string-1kb/raptor-3r/repeat-2,yjit-on,true,puma-response-string-1kb,puma-response-time-wrk,puma/benchmarks/local/response_time_wrk,https://github.com/puma/puma/blob/main/benchmarks/local/response_time_wrk.rb,raptor-3r,3,raptor,3,,1000,1000,16.131,5.0,1000,1000,16.107,2.0,5,true,1000,0,61.991,40.99,41.985,42.564,4033.349,4033.597,30.117,30.117,2.78,20,20,226,same_worker,28,720412
yjit-on/puma-response-io-1kb/raptor-3r/repeat-2,yjit-on,true,puma-response-io-1kb,puma-response-time-wrk,puma/benchmarks/local/response_time_wrk,https://github.com/puma/puma/blob/main/benchmarks/local/response_time_wrk.rb,raptor-3r,3,raptor,3,,1000,1000,16.123,5.0,1000,1000,16.095,2.0,5,true,1000,0,62.021,40.988,41.981,42.313,4032.899,4034.381,30.367,30.367,2.69,20,20,226,same_worker,29,727249
yjit-on/puma-response-array-10kb/raptor-3r/repeat-2,yjit-on,true,puma-response-array-10kb,puma-response-time-wrk,puma/benchmarks/local/response_time_wrk,https://github.com/puma/puma/blob/main/benchmarks/local/response_time_wrk.rb,raptor-3r,3,raptor,3,,1000,1000,16.119,5.0,1000,1000,16.089,2.0,5,true,1000,0,62.039,40.988,41.98,42.418,4031.299,4032.381,30.402,30.402,2.6,20,20,227,same_worker,28,719249
yjit-on/puma-response-chunk-10kb/raptor-3r/repeat-2,yjit-on,true,puma-response-chunk-10kb,puma-response-time-wrk,puma/benchmarks/local/response_time_wrk,https://github.com/puma/puma/blob/main/benchmarks/local/response_time_wrk.rb,raptor-3r,3,raptor,3,,1000,1000,16.125,5.0,1000,1000,16.088,2.0,5,true,1000,0,62.014,40.993,41.968,42.51,4074.42,4106.011,30.422,30.422,2.58,20,20,227,same_worker,29,716249
yjit-on/puma-response-string-10kb/raptor-3r/repeat-2,yjit-on,true,puma-response-string-10kb,puma-response-time-wrk,puma/benchmarks/local/response_time_wrk,https://github.com/puma/puma/blob/main/benchmarks/local/response_time_wrk.rb,raptor-3r,3,raptor,3,,1000,1000,16.125,5.0,1000,1000,16.094,2.0,5,true,1000,0,62.015,40.991,41.979,42.344,4032.789,4034.026,30.453,30.453,2.5,20,20,227,same_worker,29,720471
yjit-on/puma-response-io-10kb/raptor-3r/repeat-2,yjit-on,true,puma-response-io-10kb,puma-response-time-wrk,puma/benchmarks/local/response_time_wrk,https://github.com/puma/puma/blob/main/benchmarks/local/response_time_wrk.rb,raptor-3r,3,raptor,3,,1000,1000,16.127,5.0,1000,1000,16.086,2.0,5,true,1000,0,62.009,41.0,41.971,42.152,4035.419,4036.456,31.055,31.055,2.5,20,20,228,same_worker,31,745249
yjit-on/puma-response-array-100kb/raptor-3r/repeat-2,yjit-on,true,puma-response-array-100kb,puma-response-time-wrk,puma/benchmarks/local/response_time_wrk,https://github.com/puma/puma/blob/main/benchmarks/local/response_time_wrk.rb,raptor-3r,3,raptor,3,,1000,1000,15.137,5.0,1000,1000,12.488,2.0,5,true,1000,0,66.064,40.978,41.978,42.986,3756.543,3761.126,31.168,31.168,2.61,20,20,213,same_worker,30,719032
yjit-on/puma-response-chunk-100kb/raptor-3r/repeat-2,yjit-on,true,puma-response-chunk-100kb,puma-response-time-wrk,puma/benchmarks/local/response_time_wrk,https://github.com/puma/puma/blob/main/benchmarks/local/response_time_wrk.rb,raptor-3r,3,raptor,3,,1000,1000,15.123,5.0,1000,1000,14.3,2.0,5,true,1000,0,66.123,40.981,41.988,42.313,3722.457,3762.661,31.195,31.195,2.775,20,20,212,same_worker,30,714960
yjit-on/puma-response-string-100kb/raptor-3r/repeat-2,yjit-on,true,puma-response-string-100kb,puma-response-time-wrk,puma/benchmarks/local/response_time_wrk,https://github.com/puma/puma/blob/main/benchmarks/local/response_time_wrk.rb,raptor-3r,3,raptor,3,,11733,1000,5.002,5.0,1000,4892,2.001,2.0,5,true,11733,0,2345.728,1.215,1.981,4.831,126.301,134.034,31.531,31.531,3.95,20,20,67,same_worker,389,8438350
yjit-on/puma-response-io-100kb/raptor-3r/repeat-2,yjit-on,true,puma-response-io-100kb,puma-response-time-wrk,puma/benchmarks/local/response_time_wrk,https://github.com/puma/puma/blob/main/benchmarks/local/response_time_wrk.rb,raptor-3r,3,raptor,3,,1000,1000,14.843,5.0,1000,1000,14.03,2.0,5,true,1000,0,67.371,40.989,41.992,42.719,3599.704,3646.084,36.039,36.039,4.6,20,20,208,same_worker,48,923788
yjit-on/puma-response-array-256kb/raptor-3r/repeat-2,yjit-on,true,puma-response-array-256kb,puma-response-time-wrk,puma/benchmarks/local/response_time_wrk,https://github.com/puma/puma/blob/main/benchmarks/local/response_time_wrk.rb,raptor-3r,3,raptor,3,,1000,1000,13.581,5.0,1000,1000,9.971,2.0,5,true,1000,0,73.63,41.838,42.734,43.212,3270.42,3409.501,36.039,36.039,4.845,20,20,190,same_worker,36,719513
yjit-on/puma-response-chunk-256kb/raptor-3r/repeat-2,yjit-on,true,puma-response-chunk-256kb,puma-response-time-wrk,puma/benchmarks/local/response_time_wrk,https://github.com/puma/puma/blob/main/benchmarks/local/response_time_wrk.rb,raptor-3r,3,raptor,3,,1000,1000,13.202,5.0,1000,1000,13.278,2.0,5,true,1000,0,75.748,41.911,42.542,43.837,3251.661,3499.376,36.039,36.039,5.015,20,20,185,same_worker,37,717470
yjit-on/puma-response-string-256kb/raptor-3r/repeat-2,yjit-on,true,puma-response-string-256kb,puma-response-time-wrk,puma/benchmarks/local/response_time_wrk,https://github.com/puma/puma/blob/main/benchmarks/local/response_time_wrk.rb,raptor-3r,3,raptor,3,,8643,1000,5.003,5.0,1000,3684,2.025,2.0,5,true,8643,0,1727.719,1.562,2.595,38.55,165.783,205.782,36.516,36.516,5.79,20,20,66,same_worker,346,6213462
yjit-on/puma-response-io-256kb/raptor-3r/repeat-2,yjit-on,true,puma-response-io-256kb,puma-response-time-wrk,puma/benchmarks/local/response_time_wrk,https://github.com/puma/puma/blob/main/benchmarks/local/response_time_wrk.rb,raptor-3r,3,raptor,3,,1000,1000,13.75,5.0,1000,1000,13.905,2.0,5,true,1000,0,72.729,41.963,42.956,44.928,3804.863,3918.33,41.258,40.758,6.33,20,20,192,same_worker,52,1237237
yjit-on/puma-response-array-512kb/raptor-3r/repeat-2,yjit-on,true,puma-response-array-512kb,puma-response-time-wrk,puma/benchmarks/local/response_time_wrk,https://github.com/puma/puma/blob/main/benchmarks/local/response_time_wrk.rb,raptor-3r,3,raptor,3,,1000,1000,15.166,5.0,1000,1000,14.745,2.0,5,true,1000,0,65.935,41.985,43.022,44.294,3639.22,3856.375,40.758,40.758,6.575,20,20,213,same_worker,27,720012
yjit-on/puma-response-chunk-512kb/raptor-3r/repeat-2,yjit-on,true,puma-response-chunk-512kb,puma-response-time-wrk,puma/benchmarks/local/response_time_wrk,https://github.com/puma/puma/blob/main/benchmarks/local/response_time_wrk.rb,raptor-3r,3,raptor,3,,1000,1000,14.939,5.0,1000,1000,15.25,2.0,5,true,1000,0,66.937,41.991,43.057,44.019,3777.242,3927.11,40.758,40.758,6.835,20,20,209,same_worker,28,715064
yjit-on/puma-response-string-512kb/raptor-3r/repeat-2,yjit-on,true,puma-response-string-512kb,puma-response-time-wrk,puma/benchmarks/local/response_time_wrk,https://github.com/puma/puma/blob/main/benchmarks/local/response_time_wrk.rb,raptor-3r,3,raptor,3,,6483,1000,5.004,5.0,1000,2723,2.025,2.0,5,true,6483,0,1295.632,2.071,3.523,19.465,230.638,265.228,41.32,41.32,7.31,20,20,65,same_worker,191,4662980
yjit-on/puma-response-io-512kb/raptor-3r/repeat-2,yjit-on,true,puma-response-io-512kb,puma-response-time-wrk,puma/benchmarks/local/response_time_wrk,https://github.com/puma/puma/blob/main/benchmarks/local/response_time_wrk.rb,raptor-3r,3,raptor,3,,1000,1000,15.633,5.0,1000,1000,15.443,2.0,5,true,1000,0,63.968,42.759,43.924,46.659,4018.941,4025.391,47.879,47.879,7.775,20,20,218,same_worker,86,1748076
yjit-on/puma-response-array-1024kb/raptor-3r/repeat-2,yjit-on,true,puma-response-array-1024kb,puma-response-time-wrk,puma/benchmarks/local/response_time_wrk,https://github.com/puma/puma/blob/main/benchmarks/local/response_time_wrk.rb,raptor-3r,3,raptor,3,,1000,1000,14.954,5.0,1000,1000,14.964,2.0,5,true,1000,0,66.872,43.397,44.849,47.183,3712.87,3769.433,47.879,47.879,8.3,20,20,208,same_worker,30,719249
yjit-on/puma-response-chunk-1024kb/raptor-3r/repeat-2,yjit-on,true,puma-response-chunk-1024kb,puma-response-time-wrk,puma/benchmarks/local/response_time_wrk,https://github.com/puma/puma/blob/main/benchmarks/local/response_time_wrk.rb,raptor-3r,3,raptor,3,,1000,1000,13.565,5.0,1000,1000,15.463,2.0,5,true,1000,0,73.719,43.064,44.933,46.744,3338.486,3544.7,47.879,47.879,8.895,20,20,188,same_worker,31,716243
yjit-on/puma-response-string-1024kb/raptor-3r/repeat-2,yjit-on,true,puma-response-string-1024kb,puma-response-time-wrk,puma/benchmarks/local/response_time_wrk,https://github.com/puma/puma/blob/main/benchmarks/local/response_time_wrk.rb,raptor-3r,3,raptor,3,,4384,1000,5.004,5.0,1000,1769,2.004,2.0,5,true,4384,0,876.052,3.016,5.739,20.268,338.659,358.298,48.82,48.82,9.24,20,20,62,same_worker,141,3152480
yjit-on/puma-response-io-1024kb/raptor-3r/repeat-2,yjit-on,true,puma-response-io-1024kb,puma-response-time-wrk,puma/benchmarks/local/response_time_wrk,https://github.com/puma/puma/blob/main/benchmarks/local/response_time_wrk.rb,raptor-3r,3,raptor,3,,1000,1000,14.663,5.0,1000,1000,15.153,2.0,5,true,1000,0,68.199,44.036,46.051,47.933,3606.0,3808.855,56.16,56.16,9.98,20,20,203,same_worker,133,2773249
yjit-on/puma-response-array-2048kb/raptor-3r/repeat-2,yjit-on,true,puma-response-array-2048kb,puma-response-time-wrk,puma/benchmarks/local/response_time_wrk,https://github.com/puma/puma/blob/main/benchmarks/local/response_time_wrk.rb,raptor-3r,3,raptor,3,,1000,1000,15.359,5.0,1000,1000,15.992,2.0,5,true,1000,0,65.108,45.949,47.844,50.005,3796.512,3851.063,56.16,56.16,11.03,20,20,212,same_worker,28,717614
yjit-on/puma-response-chunk-2048kb/raptor-3r/repeat-2,yjit-on,true,puma-response-chunk-2048kb,puma-response-time-wrk,puma/benchmarks/local/response_time_wrk,https://github.com/puma/puma/blob/main/benchmarks/local/response_time_wrk.rb,raptor-3r,3,raptor,3,,1000,1000,15.727,5.0,1000,1000,16.007,2.0,5,true,1000,0,63.586,45.973,48.033,50.976,3939.123,4047.645,56.16,56.16,12.125,20,20,217,same_worker,28,716237
yjit-on/puma-response-string-2048kb/raptor-3r/repeat-2,yjit-on,true,puma-response-string-2048kb,puma-response-time-wrk,puma/benchmarks/local/response_time_wrk,https://github.com/puma/puma/blob/main/benchmarks/local/response_time_wrk.rb,raptor-3r,3,raptor,3,,2687,1000,5.01,5.0,1000,1182,2.024,2.0,5,true,2687,0,536.347,5.469,7.61,13.968,561.299,572.337,62.172,62.172,12.5,20,20,60,same_worker,77,1931032
yjit-on/puma-response-io-2048kb/raptor-3r/repeat-2,yjit-on,true,puma-response-io-2048kb,puma-response-time-wrk,puma/benchmarks/local/response_time_wrk,https://github.com/puma/puma/blob/main/benchmarks/local/response_time_wrk.rb,raptor-3r,3,raptor,3,,1000,1000,17.033,5.0,1000,1000,17.638,2.0,5,true,1000,0,58.711,47.952,50.758,56.301,4186.839,4260.037,69.488,69.488,13.67,20,20,236,same_worker,263,4820585
yjit-on/puma-long-tail-fib-200ms-x6p0/raptor-3r/repeat-2,yjit-on,true,puma-long-tail-fib-200ms-x6p0,puma-long-tail-hey,puma/benchmarks/local/long_tail_hey + test/rackup/sleep_fibonacci,https://github.com/puma/puma/blob/main/benchmarks/local/long_tail_hey.rb,raptor-3r,3,raptor,3,,363,360,28.988,5.0,360,360,28.755,2.0,18,true,363,0,12.522,241.536,243.02,19595.442,24383.101,24383.16,69.813,69.813,22.84,20,20,400,same_worker,3,64542
yjit-on/puma-long-tail-fib-200ms-x4p0/raptor-3r/repeat-2,yjit-on,true,puma-long-tail-fib-200ms-x4p0,puma-long-tail-hey,puma/benchmarks/local/long_tail_hey + test/rackup/sleep_fibonacci,https://github.com/puma/puma/blob/main/benchmarks/local/long_tail_hey.rb,raptor-3r,3,raptor,3,,243,240,19.408,5.0,240,240,19.159,2.0,12,true,243,0,12.521,241.583,242.892,12799.594,14810.512,14810.687,69.828,69.828,30.84,20,20,269,same_worker,2,43115
yjit-on/puma-long-tail-fib-200ms-x3p0/raptor-3r/repeat-2,yjit-on,true,puma-long-tail-fib-200ms-x3p0,puma-long-tail-hey,puma/benchmarks/local/long_tail_hey + test/rackup/sleep_fibonacci,https://github.com/puma/puma/blob/main/benchmarks/local/long_tail_hey.rb,raptor-3r,3,raptor,3,,183,180,14.614,5.0,180,180,14.372,2.0,9,true,183,0,12.522,241.384,242.954,10020.599,10020.657,10020.657,69.844,69.844,36.125,20,20,203,same_worker,1,31113
yjit-on/puma-long-tail-fib-200ms-x2p0/raptor-3r/repeat-2,yjit-on,true,puma-long-tail-fib-200ms-x2p0,puma-long-tail-hey,puma/benchmarks/local/long_tail_hey + test/rackup/sleep_fibonacci,https://github.com/puma/puma/blob/main/benchmarks/local/long_tail_hey.rb,raptor-3r,3,raptor,3,,123,120,9.831,5.0,120,120,9.581,2.0,6,true,123,0,12.511,241.72,242.845,5233.066,5233.432,5233.469,69.852,69.852,39.575,20,20,137,same_worker,1,21822
yjit-on/puma-long-tail-fib-200ms-x1p5/raptor-3r/repeat-2,yjit-on,true,puma-long-tail-fib-200ms-x1p5,puma-long-tail-hey,puma/benchmarks/local/long_tail_hey + test/rackup/sleep_fibonacci,https://github.com/puma/puma/blob/main/benchmarks/local/long_tail_hey.rb,raptor-3r,3,raptor,3,,103,100,9.823,5.0,100,100,9.579,2.0,5,true,103,0,10.486,241.46,242.64,5131.551,5231.673,5231.713,69.852,69.852,42.13,20,20,137,same_worker,1,17612
yjit-on/puma-long-tail-fib-200ms-x1p0/raptor-3r/repeat-2,yjit-on,true,puma-long-tail-fib-200ms-x1p0,puma-long-tail-hey,puma/benchmarks/local/long_tail_hey + test/rackup/sleep_fibonacci,https://github.com/puma/puma/blob/main/benchmarks/local/long_tail_hey.rb,raptor-3r,3,raptor,3,,63,60,5.033,5.0,60,60,4.788,2.0,3,true,63,0,12.517,241.352,242.39,242.599,242.609,242.61,69.859,69.859,43.685,20,20,70,same_worker,1,12669
yjit-on/puma-long-tail-fib-200ms-x0p5/raptor-3r/repeat-2,yjit-on,true,puma-long-tail-fib-200ms-x0p5,puma-long-tail-hey,puma/benchmarks/local/long_tail_hey + test/rackup/sleep_fibonacci,https://github.com/puma/puma/blob/main/benchmarks/local/long_tail_hey.rb,raptor-3r,3,raptor,3,,42,40,5.028,5.0,40,40,4.784,2.0,2,true,42,0,8.353,241.013,242.142,242.245,242.301,242.307,69.859,69.859,44.645,20,20,71,same_worker,0,7984
yjit-on/puma-sleep-fibonacci-1ms/raptor-3r/repeat-2,yjit-on,true,puma-sleep-fibonacci-1ms,puma-sleep-fibonacci-test,puma/benchmarks/local/sleep_fibonacci_test + test/rackup/sleep_fibonacci,https://github.com/puma/puma/blob/main/benchmarks/local/sleep_fibonacci_test.rb,raptor-3r,3,raptor,3,,122,10,5.012,5.0,10,49,2.019,2.0,1,true,122,0,24.342,41.981,42.975,43.086,43.154,43.16,69.914,69.914,44.625,20,20,72,same_worker,1,23278
yjit-on/puma-sleep-fibonacci-5ms/raptor-3r/repeat-2,yjit-on,true,puma-sleep-fibonacci-5ms,puma-sleep-fibonacci-test,puma/benchmarks/local/sleep_fibonacci_test + test/rackup/sleep_fibonacci,https://github.com/puma/puma/blob/main/benchmarks/local/sleep_fibonacci_test.rb,raptor-3r,3,raptor,3,,113,10,5.025,5.0,10,45,2.027,2.0,1,true,113,0,22.489,45.058,46.17,46.916,46.958,46.958,69.941,69.941,44.35,20,20,72,same_worker,1,20964
yjit-on/puma-sleep-fibonacci-10ms/raptor-3r/repeat-2,yjit-on,true,puma-sleep-fibonacci-10ms,puma-sleep-fibonacci-test,puma/benchmarks/local/sleep_fibonacci_test + test/rackup/sleep_fibonacci,https://github.com/puma/puma/blob/main/benchmarks/local/sleep_fibonacci_test.rb,raptor-3r,3,raptor,3,,99,10,5.019,5.0,10,40,2.003,2.0,1,true,99,0,19.726,50.979,51.945,52.06,52.066,52.067,69.973,69.973,44.135,20,20,72,same_worker,0,17616
yjit-on/puma-sleep-fibonacci-50ms/raptor-3r/repeat-2,yjit-on,true,puma-sleep-fibonacci-50ms,puma-sleep-fibonacci-test,puma/benchmarks/local/sleep_fibonacci_test + test/rackup/sleep_fibonacci,https://github.com/puma/puma/blob/main/benchmarks/local/sleep_fibonacci_test.rb,raptor-3r,3,raptor,3,,56,10,5.08,5.0,10,23,2.058,2.0,1,true,56,0,11.024,91.014,92.015,92.046,92.05,92.051,69.973,69.973,44.0,20,20,73,same_worker,0,9970
yjit-on/puma-sleep-fibonacci-100ms/raptor-3r/repeat-2,yjit-on,true,puma-sleep-fibonacci-100ms,puma-sleep-fibonacci-test,puma/benchmarks/local/sleep_fibonacci_test + test/rackup/sleep_fibonacci,https://github.com/puma/puma/blob/main/benchmarks/local/sleep_fibonacci_test.rb,raptor-3r,3,raptor,3,,36,10,5.065,5.0,10,15,2.08,2.0,1,true,36,0,7.107,141.965,142.024,142.653,142.94,142.972,69.973,69.973,44.095,20,20,73,same_worker,0,6528
yjit-on/puma-sleep-fibonacci-200ms/raptor-3r/repeat-2,yjit-on,true,puma-sleep-fibonacci-200ms,puma-sleep-fibonacci-test,puma/benchmarks/local/sleep_fibonacci_test + test/rackup/sleep_fibonacci,https://github.com/puma/puma/blob/main/benchmarks/local/sleep_fibonacci_test.rb,raptor-3r,3,raptor,3,,21,10,5.034,5.0,10,10,2.375,2.0,1,true,21,0,4.172,241.947,241.997,242.016,242.02,242.021,69.973,69.973,44.17,20,20,72,same_worker,1,4104
yjit-on/puma-response-array-1kb/raptor-3r/repeat-3,yjit-on,true,puma-response-array-1kb,puma-response-time-wrk,puma/benchmarks/local/response_time_wrk,https://github.com/puma/puma/blob/main/benchmarks/local/response_time_wrk.rb,raptor-3r,3,raptor,3,,1000,1000,16.123,5.0,1000,1000,16.14,2.0,5,true,1000,0,62.023,40.994,41.964,42.282,4034.17,4034.931,29.664,29.664,3.615,20,20,228,same_worker,29,719288
yjit-on/puma-response-chunk-1kb/raptor-3r/repeat-3,yjit-on,true,puma-response-chunk-1kb,puma-response-time-wrk,puma/benchmarks/local/response_time_wrk,https://github.com/puma/puma/blob/main/benchmarks/local/response_time_wrk.rb,raptor-3r,3,raptor,3,,1000,1000,16.136,5.0,1000,1000,16.103,2.0,5,true,1000,0,61.975,41.0,41.983,42.546,4033.193,4039.928,29.805,29.805,2.77,20,20,228,same_worker,30,716256
yjit-on/puma-response-string-1kb/raptor-3r/repeat-3,yjit-on,true,puma-response-string-1kb,puma-response-time-wrk,puma/benchmarks/local/response_time_wrk,https://github.com/puma/puma/blob/main/benchmarks/local/response_time_wrk.rb,raptor-3r,3,raptor,3,,1000,1000,16.117,5.0,1000,1000,16.09,2.0,5,true,1000,0,62.045,40.993,41.981,42.159,4027.6,4029.631,29.914,29.914,2.555,20,20,228,same_worker,30,719730
yjit-on/puma-response-io-1kb/raptor-3r/repeat-3,yjit-on,true,puma-response-io-1kb,puma-response-time-wrk,puma/benchmarks/local/response_time_wrk,https://github.com/puma/puma/blob/main/benchmarks/local/response_time_wrk.rb,raptor-3r,3,raptor,3,,1000,1000,16.111,5.0,1000,1000,16.091,2.0,5,true,1000,0,62.071,40.992,41.969,42.236,4030.205,4032.459,30.285,30.285,2.485,20,20,228,same_worker,31,727243
yjit-on/puma-response-array-10kb/raptor-3r/repeat-3,yjit-on,true,puma-response-array-10kb,puma-response-time-wrk,puma/benchmarks/local/response_time_wrk,https://github.com/puma/puma/blob/main/benchmarks/local/response_time_wrk.rb,raptor-3r,3,raptor,3,,1000,1000,16.116,5.0,1000,1000,16.084,2.0,5,true,1000,0,62.049,40.99,41.956,42.372,4028.663,4030.087,30.336,30.336,2.4,20,20,228,same_worker,31,719249
yjit-on/puma-response-chunk-10kb/raptor-3r/repeat-3,yjit-on,true,puma-response-chunk-10kb,puma-response-time-wrk,puma/benchmarks/local/response_time_wrk,https://github.com/puma/puma/blob/main/benchmarks/local/response_time_wrk.rb,raptor-3r,3,raptor,3,,1000,1000,16.165,5.0,1000,1000,16.129,2.0,5,true,1000,0,61.861,40.989,41.971,42.228,4029.133,4069.38,30.34,30.34,2.4,20,20,228,same_worker,32,715540
yjit-on/puma-response-string-10kb/raptor-3r/repeat-3,yjit-on,true,puma-response-string-10kb,puma-response-time-wrk,puma/benchmarks/local/response_time_wrk,https://github.com/puma/puma/blob/main/benchmarks/local/response_time_wrk.rb,raptor-3r,3,raptor,3,,1000,1000,16.12,5.0,1000,1000,16.085,2.0,5,true,1000,0,62.034,40.987,41.981,42.257,4032.482,4033.053,30.352,30.352,2.385,20,20,228,same_worker,32,719243
yjit-on/puma-response-io-10kb/raptor-3r/repeat-3,yjit-on,true,puma-response-io-10kb,puma-response-time-wrk,puma/benchmarks/local/response_time_wrk,https://github.com/puma/puma/blob/main/benchmarks/local/response_time_wrk.rb,raptor-3r,3,raptor,3,,1000,1000,16.156,5.0,1000,1000,16.08,2.0,5,true,1000,0,61.896,40.993,41.979,42.185,4029.651,4065.88,30.648,30.648,2.385,20,20,228,same_worker,33,745674
yjit-on/puma-response-array-100kb/raptor-3r/repeat-3,yjit-on,true,puma-response-array-100kb,puma-response-time-wrk,puma/benchmarks/local/response_time_wrk,https://github.com/puma/puma/blob/main/benchmarks/local/response_time_wrk.rb,raptor-3r,3,raptor,3,,1000,1000,15.288,5.0,1000,1000,14.98,2.0,5,true,1000,0,65.409,40.98,41.978,42.237,3789.492,3876.309,30.738,30.738,2.495,20,20,216,same_worker,33,719237
yjit-on/puma-response-chunk-100kb/raptor-3r/repeat-3,yjit-on,true,puma-response-chunk-100kb,puma-response-time-wrk,puma/benchmarks/local/response_time_wrk,https://github.com/puma/puma/blob/main/benchmarks/local/response_time_wrk.rb,raptor-3r,3,raptor,3,,1000,1000,15.421,5.0,1000,1000,12.995,2.0,5,true,1000,0,64.848,40.983,41.981,42.924,3909.172,3910.615,30.777,30.777,2.655,20,20,217,same_worker,33,717944
yjit-on/puma-response-string-100kb/raptor-3r/repeat-3,yjit-on,true,puma-response-string-100kb,puma-response-time-wrk,puma/benchmarks/local/response_time_wrk,https://github.com/puma/puma/blob/main/benchmarks/local/response_time_wrk.rb,raptor-3r,3,raptor,3,,11781,1000,5.002,5.0,1000,4861,2.002,2.0,5,true,11781,0,2355.395,1.227,1.957,6.964,124.413,131.487,31.281,31.281,3.845,20,20,67,same_worker,435,8469951
yjit-on/puma-response-io-100kb/raptor-3r/repeat-3,yjit-on,true,puma-response-io-100kb,puma-response-time-wrk,puma/benchmarks/local/response_time_wrk,https://github.com/puma/puma/blob/main/benchmarks/local/response_time_wrk.rb,raptor-3r,3,raptor,3,,1000,1000,15.518,5.0,1000,1000,14.851,2.0,5,true,1000,0,64.439,40.987,41.983,42.955,3883.197,3988.13,34.082,34.082,4.5,20,20,219,same_worker,53,925225
yjit-on/puma-response-array-256kb/raptor-3r/repeat-3,yjit-on,true,puma-response-array-256kb,puma-response-time-wrk,puma/benchmarks/local/response_time_wrk,https://github.com/puma/puma/blob/main/benchmarks/local/response_time_wrk.rb,raptor-3r,3,raptor,3,,1000,1000,12.757,5.0,1000,1000,12.427,2.0,5,true,1000,0,78.388,41.619,42.185,43.493,3258.455,3292.041,34.082,34.082,4.665,20,20,180,same_worker,41,720410
yjit-on/puma-response-chunk-256kb/raptor-3r/repeat-3,yjit-on,true,puma-response-chunk-256kb,puma-response-time-wrk,puma/benchmarks/local/response_time_wrk,https://github.com/puma/puma/blob/main/benchmarks/local/response_time_wrk.rb,raptor-3r,3,raptor,3,,1000,1000,12.846,5.0,1000,1000,11.415,2.0,5,true,1000,0,77.844,41.92,42.602,43.234,3437.503,3821.133,34.082,34.082,4.87,20,20,181,same_worker,41,717576
yjit-on/puma-response-string-256kb/raptor-3r/repeat-3,yjit-on,true,puma-response-string-256kb,puma-response-time-wrk,puma/benchmarks/local/response_time_wrk,https://github.com/puma/puma/blob/main/benchmarks/local/response_time_wrk.rb,raptor-3r,3,raptor,3,,9083,1000,5.004,5.0,1000,3709,2.002,2.0,5,true,9083,0,1815.038,1.503,2.51,40.688,161.378,202.351,34.555,34.555,5.69,20,20,66,same_worker,318,6532250
yjit-on/puma-response-io-256kb/raptor-3r/repeat-3,yjit-on,true,puma-response-io-256kb,puma-response-time-wrk,puma/benchmarks/local/response_time_wrk,https://github.com/puma/puma/blob/main/benchmarks/local/response_time_wrk.rb,raptor-3r,3,raptor,3,,1000,1000,14.088,5.0,1000,1000,14.116,2.0,5,true,1000,0,70.982,41.961,42.772,45.12,3589.173,3833.079,40.656,40.648,6.205,20,20,198,same_worker,60,1236123
yjit-on/puma-response-array-512kb/raptor-3r/repeat-3,yjit-on,true,puma-response-array-512kb,puma-response-time-wrk,puma/benchmarks/local/response_time_wrk,https://github.com/puma/puma/blob/main/benchmarks/local/response_time_wrk.rb,raptor-3r,3,raptor,3,,1000,1000,14.322,5.0,1000,1000,15.38,2.0,5,true,1000,0,69.823,41.978,43.043,44.396,3709.113,3797.517,40.648,40.648,6.45,20,20,201,same_worker,32,718288
yjit-on/puma-response-chunk-512kb/raptor-3r/repeat-3,yjit-on,true,puma-response-chunk-512kb,puma-response-time-wrk,puma/benchmarks/local/response_time_wrk,https://github.com/puma/puma/blob/main/benchmarks/local/response_time_wrk.rb,raptor-3r,3,raptor,3,,1000,1000,14.953,5.0,1000,1000,15.497,2.0,5,true,1000,0,66.877,41.987,43.06,44.018,3794.156,3939.834,40.648,40.648,6.695,20,20,209,same_worker,31,716657
yjit-on/puma-response-string-512kb/raptor-3r/repeat-3,yjit-on,true,puma-response-string-512kb,puma-response-time-wrk,puma/benchmarks/local/response_time_wrk,https://github.com/puma/puma/blob/main/benchmarks/local/response_time_wrk.rb,raptor-3r,3,raptor,3,,6326,1000,5.003,5.0,1000,2671,2.005,2.0,5,true,6326,0,1264.326,2.118,3.683,21.403,225.189,264.75,40.762,40.762,7.23,20,20,64,same_worker,214,4551077
yjit-on/puma-response-io-512kb/raptor-3r/repeat-3,yjit-on,true,puma-response-io-512kb,puma-response-time-wrk,puma/benchmarks/local/response_time_wrk,https://github.com/puma/puma/blob/main/benchmarks/local/response_time_wrk.rb,raptor-3r,3,raptor,3,,1000,1000,14.658,5.0,1000,1000,15.933,2.0,5,true,1000,0,68.224,42.765,43.889,44.892,3622.423,3849.239,45.359,45.215,7.765,20,20,206,same_worker,101,1748636
yjit-on/puma-response-array-1024kb/raptor-3r/repeat-3,yjit-on,true,puma-response-array-1024kb,puma-response-time-wrk,puma/benchmarks/local/response_time_wrk,https://github.com/puma/puma/blob/main/benchmarks/local/response_time_wrk.rb,raptor-3r,3,raptor,3,,1000,1000,15.309,5.0,1000,1000,14.897,2.0,5,true,1000,0,65.32,43.077,44.873,53.93,3803.488,4059.288,45.215,45.215,8.285,20,20,214,same_worker,35,719231
yjit-on/puma-response-chunk-1024kb/raptor-3r/repeat-3,yjit-on,true,puma-response-chunk-1024kb,puma-response-time-wrk,puma/benchmarks/local/response_time_wrk,https://github.com/puma/puma/blob/main/benchmarks/local/response_time_wrk.rb,raptor-3r,3,raptor,3,,1000,1000,15.276,5.0,1000,1000,14.662,2.0,5,true,1000,0,65.464,43.579,44.945,47.775,3852.424,3946.796,45.215,45.215,8.84,20,20,213,same_worker,35,717651
yjit-on/puma-response-string-1024kb/raptor-3r/repeat-3,yjit-on,true,puma-response-string-1024kb,puma-response-time-wrk,puma/benchmarks/local/response_time_wrk,https://github.com/puma/puma/blob/main/benchmarks/local/response_time_wrk.rb,raptor-3r,3,raptor,3,,4325,1000,5.004,5.0,1000,1827,2.006,2.0,5,true,4325,0,864.252,3.05,5.78,21.934,352.104,371.095,48.012,48.012,9.22,20,20,63,same_worker,161,3108143
yjit-on/puma-response-io-1024kb/raptor-3r/repeat-3,yjit-on,true,puma-response-io-1024kb,puma-response-time-wrk,puma/benchmarks/local/response_time_wrk,https://github.com/puma/puma/blob/main/benchmarks/local/response_time_wrk.rb,raptor-3r,3,raptor,3,,1000,1000,15.489,5.0,1000,1000,15.951,2.0,5,true,1000,0,64.563,43.999,45.73,47.185,3891.076,4021.183,54.063,53.926,9.945,20,20,216,same_worker,143,2774328
yjit-on/puma-response-array-2048kb/raptor-3r/repeat-3,yjit-on,true,puma-response-array-2048kb,puma-response-time-wrk,puma/benchmarks/local/response_time_wrk,https://github.com/puma/puma/blob/main/benchmarks/local/response_time_wrk.rb,raptor-3r,3,raptor,3,,1000,1000,15.303,5.0,1000,1000,16.054,2.0,5,true,1000,0,65.348,45.924,47.425,51.098,3751.999,3930.509,53.926,53.926,10.985,20,20,212,same_worker,30,719243
yjit-on/puma-response-chunk-2048kb/raptor-3r/repeat-3,yjit-on,true,puma-response-chunk-2048kb,puma-response-time-wrk,puma/benchmarks/local/response_time_wrk,https://github.com/puma/puma/blob/main/benchmarks/local/response_time_wrk.rb,raptor-3r,3,raptor,3,,1000,1000,15.664,5.0,1000,1000,16.911,2.0,5,true,1000,0,63.841,45.973,47.992,50.052,3889.09,4134.059,53.926,53.926,11.995,20,20,217,same_worker,31,716251
yjit-on/puma-response-string-2048kb/raptor-3r/repeat-3,yjit-on,true,puma-response-string-2048kb,puma-response-time-wrk,puma/benchmarks/local/response_time_wrk,https://github.com/puma/puma/blob/main/benchmarks/local/response_time_wrk.rb,raptor-3r,3,raptor,3,,2711,1000,5.008,5.0,1000,1177,2.037,2.0,5,true,2711,0,541.358,5.364,7.656,21.027,561.512,606.029,59.941,59.941,12.35,20,20,59,same_worker,85,1949554
yjit-on/puma-response-io-2048kb/raptor-3r/repeat-3,yjit-on,true,puma-response-io-2048kb,puma-response-time-wrk,puma/benchmarks/local/response_time_wrk,https://github.com/puma/puma/blob/main/benchmarks/local/response_time_wrk.rb,raptor-3r,3,raptor,3,,1000,1000,16.921,5.0,1000,1000,17.745,2.0,5,true,1000,0,59.1,47.933,50.184,52.508,4135.41,4210.401,88.781,88.781,13.49,20,20,234,same_worker,115,4821249
yjit-on/puma-long-tail-fib-200ms-x6p0/raptor-3r/repeat-3,yjit-on,true,puma-long-tail-fib-200ms-x6p0,puma-long-tail-hey,puma/benchmarks/local/long_tail_hey + test/rackup/sleep_fibonacci,https://github.com/puma/puma/blob/main/benchmarks/local/long_tail_hey.rb,raptor-3r,3,raptor,3,,363,360,28.993,5.0,360,360,28.758,2.0,18,true,363,0,12.52,241.67,242.935,19600.691,24391.449,24391.786,89.262,89.262,22.625,20,20,401,same_worker,1,61888
yjit-on/puma-long-tail-fib-200ms-x4p0/raptor-3r/repeat-3,yjit-on,true,puma-long-tail-fib-200ms-x4p0,puma-long-tail-hey,puma/benchmarks/local/long_tail_hey + test/rackup/sleep_fibonacci,https://github.com/puma/puma/blob/main/benchmarks/local/long_tail_hey.rb,raptor-3r,3,raptor,3,,243,240,19.406,5.0,240,240,19.173,2.0,12,true,243,0,12.522,241.496,242.668,12795.986,14807.769,14807.844,89.285,89.285,30.585,20,20,268,same_worker,1,44428
yjit-on/puma-long-tail-fib-200ms-x3p0/raptor-3r/repeat-3,yjit-on,true,puma-long-tail-fib-200ms-x3p0,puma-long-tail-hey,puma/benchmarks/local/long_tail_hey + test/rackup/sleep_fibonacci,https://github.com/puma/puma/blob/main/benchmarks/local/long_tail_hey.rb,raptor-3r,3,raptor,3,,183,180,14.619,5.0,180,180,14.366,2.0,9,true,183,0,12.518,241.633,242.664,10018.907,10019.281,10019.356,89.293,89.293,35.84,20,20,202,same_worker,0,33063
yjit-on/puma-long-tail-fib-200ms-x2p0/raptor-3r/repeat-3,yjit-on,true,puma-long-tail-fib-200ms-x2p0,puma-long-tail-hey,puma/benchmarks/local/long_tail_hey + test/rackup/sleep_fibonacci,https://github.com/puma/puma/blob/main/benchmarks/local/long_tail_hey.rb,raptor-3r,3,raptor,3,,123,120,9.827,5.0,120,120,9.582,2.0,6,true,123,0,12.517,241.654,242.871,5232.8,5233.008,5233.022,89.297,89.297,39.275,20,20,135,same_worker,0,21186
yjit-on/puma-long-tail-fib-200ms-x1p5/raptor-3r/repeat-3,yjit-on,true,puma-long-tail-fib-200ms-x1p5,puma-long-tail-hey,puma/benchmarks/local/long_tail_hey + test/rackup/sleep_fibonacci,https://github.com/puma/puma/blob/main/benchmarks/local/long_tail_hey.rb,raptor-3r,3,raptor,3,,103,100,9.827,5.0,100,100,9.576,2.0,5,true,103,0,10.482,241.709,242.446,5131.561,5231.704,5231.746,89.305,89.305,41.82,20,20,136,same_worker,0,16425
yjit-on/puma-long-tail-fib-200ms-x1p0/raptor-3r/repeat-3,yjit-on,true,puma-long-tail-fib-200ms-x1p0,puma-long-tail-hey,puma/benchmarks/local/long_tail_hey + test/rackup/sleep_fibonacci,https://github.com/puma/puma/blob/main/benchmarks/local/long_tail_hey.rb,raptor-3r,3,raptor,3,,63,60,5.036,5.0,60,60,4.795,2.0,3,true,63,0,12.51,241.705,242.662,242.916,242.955,242.96,89.305,89.305,43.38,20,20,70,same_worker,1,13616
yjit-on/puma-long-tail-fib-200ms-x0p5/raptor-3r/repeat-3,yjit-on,true,puma-long-tail-fib-200ms-x0p5,puma-long-tail-hey,puma/benchmarks/local/long_tail_hey + test/rackup/sleep_fibonacci,https://github.com/puma/puma/blob/main/benchmarks/local/long_tail_hey.rb,raptor-3r,3,raptor,3,,42,40,5.031,5.0,40,40,4.793,2.0,2,true,42,0,8.348,241.221,242.194,242.241,242.254,242.256,89.305,89.305,44.32,20,20,71,same_worker,0,7984
yjit-on/puma-sleep-fibonacci-1ms/raptor-3r/repeat-3,yjit-on,true,puma-sleep-fibonacci-1ms,puma-sleep-fibonacci-test,puma/benchmarks/local/sleep_fibonacci_test + test/rackup/sleep_fibonacci,https://github.com/puma/puma/blob/main/benchmarks/local/sleep_fibonacci_test.rb,raptor-3r,3,raptor,3,,122,10,5.01,5.0,10,49,2.019,2.0,1,true,122,0,24.352,41.979,42.123,42.982,43.111,43.129,89.324,89.324,44.305,20,20,72,same_worker,0,21673
yjit-on/puma-sleep-fibonacci-5ms/raptor-3r/repeat-3,yjit-on,true,puma-sleep-fibonacci-5ms,puma-sleep-fibonacci-test,puma/benchmarks/local/sleep_fibonacci_test + test/rackup/sleep_fibonacci,https://github.com/puma/puma/blob/main/benchmarks/local/sleep_fibonacci_test.rb,raptor-3r,3,raptor,3,,114,10,5.033,5.0,10,45,2.02,2.0,1,true,114,0,22.652,44.994,45.99,46.023,46.275,46.307,89.359,89.359,44.03,20,20,72,same_worker,0,20265
yjit-on/puma-sleep-fibonacci-10ms/raptor-3r/repeat-3,yjit-on,true,puma-sleep-fibonacci-10ms,puma-sleep-fibonacci-test,puma/benchmarks/local/sleep_fibonacci_test + test/rackup/sleep_fibonacci,https://github.com/puma/puma/blob/main/benchmarks/local/sleep_fibonacci_test.rb,raptor-3r,3,raptor,3,,99,10,5.023,5.0,10,40,2.005,2.0,1,true,99,0,19.71,50.983,51.989,52.032,52.108,52.116,89.375,89.375,43.805,20,20,72,same_worker,1,17664
yjit-on/puma-sleep-fibonacci-50ms/raptor-3r/repeat-3,yjit-on,true,puma-sleep-fibonacci-50ms,puma-sleep-fibonacci-test,puma/benchmarks/local/sleep_fibonacci_test + test/rackup/sleep_fibonacci,https://github.com/puma/puma/blob/main/benchmarks/local/sleep_fibonacci_test.rb,raptor-3r,3,raptor,3,,56,10,5.084,5.0,10,23,2.063,2.0,1,true,56,0,11.015,91.147,92.012,92.039,92.043,92.043,89.387,89.387,43.7,20,20,72,same_worker,0,10048
yjit-on/puma-sleep-fibonacci-100ms/raptor-3r/repeat-3,yjit-on,true,puma-sleep-fibonacci-100ms,puma-sleep-fibonacci-test,puma/benchmarks/local/sleep_fibonacci_test + test/rackup/sleep_fibonacci,https://github.com/puma/puma/blob/main/benchmarks/local/sleep_fibonacci_test.rb,raptor-3r,3,raptor,3,,36,10,5.06,5.0,10,15,2.086,2.0,1,true,36,0,7.115,141.908,142.126,143.106,143.48,143.522,89.391,89.391,43.765,20,20,72,same_worker,0,6528
yjit-on/puma-sleep-fibonacci-200ms/raptor-3r/repeat-3,yjit-on,true,puma-sleep-fibonacci-200ms,puma-sleep-fibonacci-test,puma/benchmarks/local/sleep_fibonacci_test + test/rackup/sleep_fibonacci,https://github.com/puma/puma/blob/main/benchmarks/local/sleep_fibonacci_test.rb,raptor-3r,3,raptor,3,,21,10,5.03,5.0,10,10,2.378,2.0,1,true,21,0,4.175,241.008,242.03,242.051,242.055,242.056,89.391,89.391,43.855,20,20,72,same_worker,0,3888
yjit-on/puma-response-array-1kb/puma-1w-3t/repeat-1,yjit-on,true,puma-response-array-1kb,puma-response-time-wrk,puma/benchmarks/local/response_time_wrk,https://github.com/puma/puma/blob/main/benchmarks/local/response_time_wrk.rb,puma-1w-3t,3,puma,1,3,15658,1000,5.001,5.0,1000,6128,2.001,2.0,5,true,15658,0,3130.914,1.538,1.997,2.416,3.329,9.098,68.594,68.594,84.235,20,20,65,multiprocess_sample_only,,
yjit-on/puma-response-chunk-1kb/puma-1w-3t/repeat-1,yjit-on,true,puma-response-chunk-1kb,puma-response-time-wrk,puma/benchmarks/local/response_time_wrk,https://github.com/puma/puma/blob/main/benchmarks/local/response_time_wrk.rb,puma-1w-3t,3,puma,1,3,15165,1000,5.001,5.0,1000,6226,2.001,2.0,5,true,15165,0,3032.414,1.591,2.052,2.44,3.318,5.093,68.852,68.793,80.02,20,20,65,multiprocess_sample_only,,
yjit-on/puma-response-string-1kb/puma-1w-3t/repeat-1,yjit-on,true,puma-response-string-1kb,puma-response-time-wrk,puma/benchmarks/local/response_time_wrk,https://github.com/puma/puma/blob/main/benchmarks/local/response_time_wrk.rb,puma-1w-3t,3,puma,1,3,15658,1000,5.001,5.0,1000,6417,2.001,2.0,5,true,15658,0,3130.906,1.54,1.996,2.397,3.231,4.003,68.828,68.828,79.065,20,20,65,multiprocess_sample_only,,
yjit-on/puma-response-io-1kb/puma-1w-3t/repeat-1,yjit-on,true,puma-response-io-1kb,puma-response-time-wrk,puma/benchmarks/local/response_time_wrk,https://github.com/puma/puma/blob/main/benchmarks/local/response_time_wrk.rb,puma-1w-3t,3,puma,1,3,15448,1000,5.001,5.0,1000,6345,2.001,2.0,5,true,15448,0,3088.89,1.557,2.052,2.546,3.196,3.774,68.992,68.992,79.73,20,20,65,multiprocess_sample_only,,
yjit-on/puma-response-array-10kb/puma-1w-3t/repeat-1,yjit-on,true,puma-response-array-10kb,puma-response-time-wrk,puma/benchmarks/local/response_time_wrk,https://github.com/puma/puma/blob/main/benchmarks/local/response_time_wrk.rb,puma-1w-3t,3,puma,1,3,15587,1000,5.001,5.0,1000,6340,2.001,2.0,5,true,15587,0,3116.817,1.545,2.015,2.498,3.501,5.43,71.156,70.652,79.825,20,20,65,multiprocess_sample_only,,
yjit-on/puma-response-chunk-10kb/puma-1w-3t/repeat-1,yjit-on,true,puma-response-chunk-10kb,puma-response-time-wrk,puma/benchmarks/local/response_time_wrk,https://github.com/puma/puma/blob/main/benchmarks/local/response_time_wrk.rb,puma-1w-3t,3,puma,1,3,13556,1000,5.001,5.0,1000,5560,2.001,2.0,5,true,13556,0,2710.579,1.782,2.301,2.7,3.625,4.114,70.555,70.555,79.33,20,20,65,multiprocess_sample_only,,
yjit-on/puma-response-string-10kb/puma-1w-3t/repeat-1,yjit-on,true,puma-response-string-10kb,puma-response-time-wrk,puma/benchmarks/local/response_time_wrk,https://github.com/puma/puma/blob/main/benchmarks/local/response_time_wrk.rb,puma-1w-3t,3,puma,1,3,15543,1000,5.001,5.0,1000,6404,2.001,2.0,5,true,15543,0,3107.926,1.546,2.032,2.514,3.244,3.916,70.918,70.891,78.975,20,20,65,multiprocess_sample_only,,
yjit-on/puma-response-io-10kb/puma-1w-3t/repeat-1,yjit-on,true,puma-response-io-10kb,puma-response-time-wrk,puma/benchmarks/local/response_time_wrk,https://github.com/puma/puma/blob/main/benchmarks/local/response_time_wrk.rb,puma-1w-3t,3,puma,1,3,15373,1000,5.001,5.0,1000,6268,2.001,2.0,5,true,15373,0,3073.797,1.563,2.042,2.592,3.409,4.139,71.867,71.828,79.375,20,20,65,multiprocess_sample_only,,
yjit-on/puma-response-array-100kb/puma-1w-3t/repeat-1,yjit-on,true,puma-response-array-100kb,puma-response-time-wrk,puma/benchmarks/local/response_time_wrk,https://github.com/puma/puma/blob/main/benchmarks/local/response_time_wrk.rb,puma-1w-3t,3,puma,1,3,12475,1000,5.001,5.0,1000,5210,2.001,2.0,5,true,12475,0,2494.284,1.952,2.411,2.683,3.562,4.163,86.512,85.348,79.22,20,20,65,multiprocess_sample_only,,
yjit-on/puma-response-chunk-100kb/puma-1w-3t/repeat-1,yjit-on,true,puma-response-chunk-100kb,puma-response-time-wrk,puma/benchmarks/local/response_time_wrk,https://github.com/puma/puma/blob/main/benchmarks/local/response_time_wrk.rb,puma-1w-3t,3,puma,1,3,6553,1000,5.003,5.0,1000,2705,2.003,2.0,5,true,6553,0,1309.835,3.788,4.574,5.02,6.983,8.63,77.805,77.668,78.465,20,20,62,multiprocess_sample_only,,
yjit-on/puma-response-string-100kb/puma-1w-3t/repeat-1,yjit-on,true,puma-response-string-100kb,puma-response-time-wrk,puma/benchmarks/local/response_time_wrk,https://github.com/puma/puma/blob/main/benchmarks/local/response_time_wrk.rb,puma-1w-3t,3,puma,1,3,12687,1000,5.002,5.0,1000,5163,2.001,2.0,5,true,12687,0,2536.336,1.912,2.369,2.677,3.71,4.884,85.109,84.395,77.85,20,20,65,multiprocess_sample_only,,
yjit-on/puma-response-io-100kb/puma-1w-3t/repeat-1,yjit-on,true,puma-response-io-100kb,puma-response-time-wrk,puma/benchmarks/local/response_time_wrk,https://github.com/puma/puma/blob/main/benchmarks/local/response_time_wrk.rb,puma-1w-3t,3,puma,1,3,12416,1000,5.002,5.0,1000,5069,2.001,2.0,5,true,12416,0,2482.115,1.903,2.382,2.811,42.518,43.378,74.625,74.125,77.33,20,20,65,multiprocess_sample_only,,
yjit-on/puma-response-array-256kb/puma-1w-3t/repeat-1,yjit-on,true,puma-response-array-256kb,puma-response-time-wrk,puma/benchmarks/local/response_time_wrk,https://github.com/puma/puma/blob/main/benchmarks/local/response_time_wrk.rb,puma-1w-3t,3,puma,1,3,9252,1000,5.002,5.0,1000,3704,2.002,2.0,5,true,9252,0,1849.546,2.454,3.691,5.943,19.73,20.716,103.629,100.273,76.8,20,20,63,multiprocess_sample_only,,
yjit-on/puma-response-chunk-256kb/puma-1w-3t/repeat-1,yjit-on,true,puma-response-chunk-256kb,puma-response-time-wrk,puma/benchmarks/local/response_time_wrk,https://github.com/puma/puma/blob/main/benchmarks/local/response_time_wrk.rb,puma-1w-3t,3,puma,1,3,3543,1000,5.006,5.0,1000,1467,2.005,2.0,5,true,3543,0,707.721,7.064,8.329,9.026,12.565,14.069,81.75,80.156,76.34,20,20,57,multiprocess_sample_only,,
yjit-on/puma-response-string-256kb/puma-1w-3t/repeat-1,yjit-on,true,puma-response-string-256kb,puma-response-time-wrk,puma/benchmarks/local/response_time_wrk,https://github.com/puma/puma/blob/main/benchmarks/local/response_time_wrk.rb,puma-1w-3t,3,puma,1,3,9464,1000,5.002,5.0,1000,3943,2.002,2.0,5,true,9464,0,1892.052,2.414,3.434,5.57,19.66,21.219,78.805,78.68,75.465,20,20,63,multiprocess_sample_only,,
yjit-on/puma-response-io-256kb/puma-1w-3t/repeat-1,yjit-on,true,puma-response-io-256kb,puma-response-time-wrk,puma/benchmarks/local/response_time_wrk,https://github.com/puma/puma/blob/main/benchmarks/local/response_time_wrk.rb,puma-1w-3t,3,puma,1,3,9277,1000,5.003,5.0,1000,3837,2.002,2.0,5,true,9277,0,1854.376,2.434,3.785,6.121,19.083,21.132,78.68,78.68,74.515,20,20,63,multiprocess_sample_only,,
yjit-on/puma-response-array-512kb/puma-1w-3t/repeat-1,yjit-on,true,puma-response-array-512kb,puma-response-time-wrk,puma/benchmarks/local/response_time_wrk,https://github.com/puma/puma/blob/main/benchmarks/local/response_time_wrk.rb,puma-1w-3t,3,puma,1,3,6713,1000,5.002,5.0,1000,2784,2.002,2.0,5,true,6713,0,1342.06,3.322,5.109,20.429,22.154,23.83,120.891,117.516,73.95,20,20,61,multiprocess_sample_only,,
yjit-on/puma-response-chunk-512kb/puma-1w-3t/repeat-1,yjit-on,true,puma-response-chunk-512kb,puma-response-time-wrk,puma/benchmarks/local/response_time_wrk,https://github.com/puma/puma/blob/main/benchmarks/local/response_time_wrk.rb,puma-1w-3t,3,puma,1,3,2034,1000,5.009,5.0,1000,1000,2.338,2.0,5,true,2034,0,406.079,12.297,14.54,15.843,20.784,24.147,84.785,84.281,73.43,20,20,50,multiprocess_sample_only,,
yjit-on/puma-response-string-512kb/puma-1w-3t/repeat-1,yjit-on,true,puma-response-string-512kb,puma-response-time-wrk,puma/benchmarks/local/response_time_wrk,https://github.com/puma/puma/blob/main/benchmarks/local/response_time_wrk.rb,puma-1w-3t,3,puma,1,3,6949,1000,5.018,5.0,1000,2813,2.002,2.0,5,true,6949,0,1384.788,3.218,4.772,20.079,21.451,21.745,81.859,81.859,72.47,20,20,61,multiprocess_sample_only,,
yjit-on/puma-response-io-512kb/puma-1w-3t/repeat-1,yjit-on,true,puma-response-io-512kb,puma-response-time-wrk,puma/benchmarks/local/response_time_wrk,https://github.com/puma/puma/blob/main/benchmarks/local/response_time_wrk.rb,puma-1w-3t,3,puma,1,3,6710,1000,5.002,5.0,1000,2715,2.002,2.0,5,true,6710,0,1341.416,3.327,4.885,20.177,22.89,210.985,82.066,82.066,71.145,20,20,61,multiprocess_sample_only,,
yjit-on/puma-response-array-1024kb/puma-1w-3t/repeat-1,yjit-on,true,puma-response-array-1024kb,puma-response-time-wrk,puma/benchmarks/local/response_time_wrk,https://github.com/puma/puma/blob/main/benchmarks/local/response_time_wrk.rb,puma-1w-3t,3,puma,1,3,4241,1000,5.004,5.0,1000,1745,2.004,2.0,5,true,4241,0,847.515,5.387,8.114,23.83,26.476,29.782,136.031,131.824,70.275,20,20,57,multiprocess_sample_only,,
yjit-on/puma-response-chunk-1024kb/puma-1w-3t/repeat-1,yjit-on,true,puma-response-chunk-1024kb,puma-response-time-wrk,puma/benchmarks/local/response_time_wrk,https://github.com/puma/puma/blob/main/benchmarks/local/response_time_wrk.rb,puma-1w-3t,3,puma,1,3,1079,1000,5.018,5.0,1000,1000,4.709,2.0,5,true,1079,0,215.005,23.15,27.56,29.952,42.293,42.602,89.609,87.602,69.95,20,20,40,multiprocess_sample_only,,
yjit-on/puma-response-string-1024kb/puma-1w-3t/repeat-1,yjit-on,true,puma-response-string-1024kb,puma-response-time-wrk,puma/benchmarks/local/response_time_wrk,https://github.com/puma/puma/blob/main/benchmarks/local/response_time_wrk.rb,puma-1w-3t,3,puma,1,3,4354,1000,5.004,5.0,1000,1808,2.003,2.0,5,true,4354,0,870.033,5.145,7.913,24.598,28.283,33.562,88.664,88.664,68.945,20,20,57,multiprocess_sample_only,,
yjit-on/puma-response-io-1024kb/puma-1w-3t/repeat-1,yjit-on,true,puma-response-io-1024kb,puma-response-time-wrk,puma/benchmarks/local/response_time_wrk,https://github.com/puma/puma/blob/main/benchmarks/local/response_time_wrk.rb,puma-1w-3t,3,puma,1,3,4358,1000,5.004,5.0,1000,1806,2.004,2.0,5,true,4358,0,870.899,5.105,7.37,23.844,26.289,218.833,88.727,88.727,67.485,20,20,58,multiprocess_sample_only,,
yjit-on/puma-response-array-2048kb/puma-1w-3t/repeat-1,yjit-on,true,puma-response-array-2048kb,puma-response-time-wrk,puma/benchmarks/local/response_time_wrk,https://github.com/puma/puma/blob/main/benchmarks/local/response_time_wrk.rb,puma-1w-3t,3,puma,1,3,2471,1000,5.007,5.0,1000,1012,2.009,2.0,5,true,2471,0,493.527,10.027,11.713,12.794,14.925,18.09,108.766,105.863,66.965,20,20,53,multiprocess_sample_only,,
yjit-on/puma-response-chunk-2048kb/puma-1w-3t/repeat-1,yjit-on,true,puma-response-chunk-2048kb,puma-response-time-wrk,puma/benchmarks/local/response_time_wrk,https://github.com/puma/puma/blob/main/benchmarks/local/response_time_wrk.rb,puma-1w-3t,3,puma,1,3,1000,1000,8.682,5.0,1000,1000,8.189,2.0,5,true,1000,0,115.183,42.994,51.234,53.407,55.769,72.743,91.219,89.867,66.9,20,20,51,multiprocess_sample_only,,
yjit-on/puma-response-string-2048kb/puma-1w-3t/repeat-1,yjit-on,true,puma-response-string-2048kb,puma-response-time-wrk,puma/benchmarks/local/response_time_wrk,https://github.com/puma/puma/blob/main/benchmarks/local/response_time_wrk.rb,puma-1w-3t,3,puma,1,3,2716,1000,5.009,5.0,1000,1165,2.007,2.0,5,true,2716,0,542.207,9.081,10.695,11.576,12.1,16.637,94.684,94.684,66.1,20,20,54,multiprocess_sample_only,,
yjit-on/puma-response-io-2048kb/puma-1w-3t/repeat-1,yjit-on,true,puma-response-io-2048kb,puma-response-time-wrk,puma/benchmarks/local/response_time_wrk,https://github.com/puma/puma/blob/main/benchmarks/local/response_time_wrk.rb,puma-1w-3t,3,puma,1,3,2794,1000,5.007,5.0,1000,1155,2.008,2.0,5,true,2794,0,557.989,8.772,10.541,11.405,15.628,18.587,94.684,94.684,64.755,20,20,54,multiprocess_sample_only,,
yjit-on/puma-long-tail-fib-200ms-x6p0/puma-1w-3t/repeat-1,yjit-on,true,puma-long-tail-fib-200ms-x6p0,puma-long-tail-hey,puma/benchmarks/local/long_tail_hey + test/rackup/sleep_fibonacci,https://github.com/puma/puma/blob/main/benchmarks/local/long_tail_hey.rb,puma-1w-3t,3,puma,1,3,360,360,51.145,5.0,360,360,51.141,2.0,18,true,360,0,7.039,2558.874,2588.18,2598.603,2605.951,2607.66,113.152,113.152,73.885,20,20,704,multiprocess_sample_only,,
yjit-on/puma-long-tail-fib-200ms-x4p0/puma-1w-3t/repeat-1,yjit-on,true,puma-long-tail-fib-200ms-x4p0,puma-long-tail-hey,puma/benchmarks/local/long_tail_hey + test/rackup/sleep_fibonacci,https://github.com/puma/puma/blob/main/benchmarks/local/long_tail_hey.rb,puma-1w-3t,3,puma,1,3,240,240,34.094,5.0,240,240,34.098,2.0,12,true,240,0,7.039,1703.422,1732.907,1739.407,1747.33,1749.382,118.68,118.68,79.62,20,20,469,multiprocess_sample_only,,
yjit-on/puma-long-tail-fib-200ms-x3p0/puma-1w-3t/repeat-1,yjit-on,true,puma-long-tail-fib-200ms-x3p0,puma-long-tail-hey,puma/benchmarks/local/long_tail_hey + test/rackup/sleep_fibonacci,https://github.com/puma/puma/blob/main/benchmarks/local/long_tail_hey.rb,puma-1w-3t,3,puma,1,3,180,180,25.568,5.0,180,180,25.579,2.0,9,true,180,0,7.04,1275.975,1300.218,1310.838,1316.411,1317.241,118.766,118.766,82.415,20,20,352,multiprocess_sample_only,,
yjit-on/puma-long-tail-fib-200ms-x2p0/puma-1w-3t/repeat-1,yjit-on,true,puma-long-tail-fib-200ms-x2p0,puma-long-tail-hey,puma/benchmarks/local/long_tail_hey + test/rackup/sleep_fibonacci,https://github.com/puma/puma/blob/main/benchmarks/local/long_tail_hey.rb,puma-1w-3t,3,puma,1,3,120,120,17.042,5.0,120,120,17.047,2.0,6,true,120,0,7.041,851.045,874.569,879.16,882.228,882.626,113.301,113.301,83.95,20,20,236,multiprocess_sample_only,,
yjit-on/puma-long-tail-fib-200ms-x1p5/puma-1w-3t/repeat-1,yjit-on,true,puma-long-tail-fib-200ms-x1p5,puma-long-tail-hey,puma/benchmarks/local/long_tail_hey + test/rackup/sleep_fibonacci,https://github.com/puma/puma/blob/main/benchmarks/local/long_tail_hey.rb,puma-1w-3t,3,puma,1,3,100,100,14.223,5.0,100,100,14.208,2.0,5,true,100,0,7.031,799.444,854.009,858.393,860.35,860.567,116.41,116.41,84.975,20,20,196,multiprocess_sample_only,,
yjit-on/puma-long-tail-fib-200ms-x1p0/puma-1w-3t/repeat-1,yjit-on,true,puma-long-tail-fib-200ms-x1p0,puma-long-tail-hey,puma/benchmarks/local/long_tail_hey + test/rackup/sleep_fibonacci,https://github.com/puma/puma/blob/main/benchmarks/local/long_tail_hey.rb,puma-1w-3t,3,puma,1,3,60,60,8.522,5.0,60,60,8.523,2.0,3,true,60,0,7.04,426.248,438.736,442.032,442.807,442.893,116.414,116.414,85.595,20,20,118,multiprocess_sample_only,,
yjit-on/puma-long-tail-fib-200ms-x0p5/puma-1w-3t/repeat-1,yjit-on,true,puma-long-tail-fib-200ms-x0p5,puma-long-tail-hey,puma/benchmarks/local/long_tail_hey + test/rackup/sleep_fibonacci,https://github.com/puma/puma/blob/main/benchmarks/local/long_tail_hey.rb,puma-1w-3t,3,puma,1,3,40,40,5.683,5.0,40,40,5.679,2.0,2,true,40,0,7.038,283.9,287.066,289.433,290.035,290.102,116.477,116.477,85.96,20,20,80,multiprocess_sample_only,,
yjit-on/puma-sleep-fibonacci-1ms/puma-1w-3t/repeat-1,yjit-on,true,puma-sleep-fibonacci-1ms,puma-sleep-fibonacci-test,puma/benchmarks/local/sleep_fibonacci_test + test/rackup/sleep_fibonacci,https://github.com/puma/puma/blob/main/benchmarks/local/sleep_fibonacci_test.rb,puma-1w-3t,3,puma,1,3,1896,10,5.001,5.0,10,763,2.002,2.0,1,true,1896,0,379.157,2.621,2.974,3.217,3.727,3.823,117.102,117.102,85.65,20,20,71,multiprocess_sample_only,,
yjit-on/puma-sleep-fibonacci-5ms/puma-1w-3t/repeat-1,yjit-on,true,puma-sleep-fibonacci-5ms,puma-sleep-fibonacci-test,puma/benchmarks/local/sleep_fibonacci_test + test/rackup/sleep_fibonacci,https://github.com/puma/puma/blob/main/benchmarks/local/sleep_fibonacci_test.rb,puma-1w-3t,3,puma,1,3,556,10,5.007,5.0,10,225,2.007,2.0,1,true,556,0,111.034,8.962,9.707,10.083,10.7,10.724,117.102,117.102,85.09,20,20,71,multiprocess_sample_only,,
yjit-on/puma-sleep-fibonacci-10ms/puma-1w-3t/repeat-1,yjit-on,true,puma-sleep-fibonacci-10ms,puma-sleep-fibonacci-test,puma/benchmarks/local/sleep_fibonacci_test + test/rackup/sleep_fibonacci,https://github.com/puma/puma/blob/main/benchmarks/local/sleep_fibonacci_test.rb,puma-1w-3t,3,puma,1,3,382,10,5.012,5.0,10,151,2.011,2.0,1,true,382,0,76.22,13.125,13.674,13.971,14.124,14.16,117.102,117.102,84.685,20,20,71,multiprocess_sample_only,,
yjit-on/puma-sleep-fibonacci-50ms/puma-1w-3t/repeat-1,yjit-on,true,puma-sleep-fibonacci-50ms,puma-sleep-fibonacci-test,puma/benchmarks/local/sleep_fibonacci_test + test/rackup/sleep_fibonacci,https://github.com/puma/puma/blob/main/benchmarks/local/sleep_fibonacci_test.rb,puma-1w-3t,3,puma,1,3,99,10,5.004,5.0,10,40,2.025,2.0,1,true,99,0,19.783,50.48,50.613,50.993,51.684,51.761,117.102,117.102,84.45,20,20,71,multiprocess_sample_only,,
yjit-on/puma-sleep-fibonacci-100ms/puma-1w-3t/repeat-1,yjit-on,true,puma-sleep-fibonacci-100ms,puma-sleep-fibonacci-test,puma/benchmarks/local/sleep_fibonacci_test + test/rackup/sleep_fibonacci,https://github.com/puma/puma/blob/main/benchmarks/local/sleep_fibonacci_test.rb,puma-1w-3t,3,puma,1,3,50,10,5.032,5.0,10,20,2.013,2.0,1,true,50,0,9.936,100.563,100.696,101.293,101.493,101.515,117.102,117.102,84.27,20,20,71,multiprocess_sample_only,,
yjit-on/puma-sleep-fibonacci-200ms/puma-1w-3t/repeat-1,yjit-on,true,puma-sleep-fibonacci-200ms,puma-sleep-fibonacci-test,puma/benchmarks/local/sleep_fibonacci_test + test/rackup/sleep_fibonacci,https://github.com/puma/puma/blob/main/benchmarks/local/sleep_fibonacci_test.rb,puma-1w-3t,3,puma,1,3,25,10,5.016,5.0,10,10,2.007,2.0,1,true,25,0,4.984,200.559,200.635,200.756,200.79,200.794,117.105,117.105,84.11,20,20,71,multiprocess_sample_only,,
yjit-on/puma-response-array-1kb/puma-1w-3t/repeat-2,yjit-on,true,puma-response-array-1kb,puma-response-time-wrk,puma/benchmarks/local/response_time_wrk,https://github.com/puma/puma/blob/main/benchmarks/local/response_time_wrk.rb,puma-1w-3t,3,puma,1,3,15506,1000,5.001,5.0,1000,6119,2.001,2.0,5,true,15506,0,3100.361,1.552,2.019,2.497,3.307,8.479,68.895,68.816,83.61,20,20,65,multiprocess_sample_only,,
yjit-on/puma-response-chunk-1kb/puma-1w-3t/repeat-2,yjit-on,true,puma-response-chunk-1kb,puma-response-time-wrk,puma/benchmarks/local/response_time_wrk,https://github.com/puma/puma/blob/main/benchmarks/local/response_time_wrk.rb,puma-1w-3t,3,puma,1,3,15327,1000,5.001,5.0,1000,6205,2.001,2.0,5,true,15327,0,3064.616,1.575,2.014,2.448,3.196,4.438,69.059,69.059,79.21,20,20,65,multiprocess_sample_only,,
yjit-on/puma-response-string-1kb/puma-1w-3t/repeat-2,yjit-on,true,puma-response-string-1kb,puma-response-time-wrk,puma/benchmarks/local/response_time_wrk,https://github.com/puma/puma/blob/main/benchmarks/local/response_time_wrk.rb,puma-1w-3t,3,puma,1,3,15720,1000,5.001,5.0,1000,6414,2.001,2.0,5,true,15720,0,3143.436,1.533,1.991,2.365,3.083,3.398,69.457,69.355,78.385,20,20,65,multiprocess_sample_only,,
yjit-on/puma-response-io-1kb/puma-1w-3t/repeat-2,yjit-on,true,puma-response-io-1kb,puma-response-time-wrk,puma/benchmarks/local/response_time_wrk,https://github.com/puma/puma/blob/main/benchmarks/local/response_time_wrk.rb,puma-1w-3t,3,puma,1,3,15336,1000,5.001,5.0,1000,6261,2.001,2.0,5,true,15336,0,3066.483,1.571,2.074,2.546,3.364,4.481,69.781,69.781,79.175,20,20,65,multiprocess_sample_only,,
yjit-on/puma-response-array-10kb/puma-1w-3t/repeat-2,yjit-on,true,puma-response-array-10kb,puma-response-time-wrk,puma/benchmarks/local/response_time_wrk,https://github.com/puma/puma/blob/main/benchmarks/local/response_time_wrk.rb,puma-1w-3t,3,puma,1,3,15447,1000,5.001,5.0,1000,6311,2.001,2.0,5,true,15447,0,3088.591,1.555,2.052,2.598,3.331,4.15,71.094,71.094,79.325,20,20,65,multiprocess_sample_only,,
yjit-on/puma-response-chunk-10kb/puma-1w-3t/repeat-2,yjit-on,true,puma-response-chunk-10kb,puma-response-time-wrk,puma/benchmarks/local/response_time_wrk,https://github.com/puma/puma/blob/main/benchmarks/local/response_time_wrk.rb,puma-1w-3t,3,puma,1,3,13526,1000,5.001,5.0,1000,5544,2.001,2.0,5,true,13526,0,2704.468,1.785,2.295,2.744,3.797,5.214,71.254,71.254,78.84,20,20,65,multiprocess_sample_only,,
yjit-on/puma-response-string-10kb/puma-1w-3t/repeat-2,yjit-on,true,puma-response-string-10kb,puma-response-time-wrk,puma/benchmarks/local/response_time_wrk,https://github.com/puma/puma/blob/main/benchmarks/local/response_time_wrk.rb,puma-1w-3t,3,puma,1,3,15563,1000,5.001,5.0,1000,6359,2.001,2.0,5,true,15563,0,3111.945,1.544,2.036,2.516,3.178,4.178,71.34,71.34,78.495,20,20,65,multiprocess_sample_only,,
yjit-on/puma-response-io-10kb/puma-1w-3t/repeat-2,yjit-on,true,puma-response-io-10kb,puma-response-time-wrk,puma/benchmarks/local/response_time_wrk,https://github.com/puma/puma/blob/main/benchmarks/local/response_time_wrk.rb,puma-1w-3t,3,puma,1,3,15226,1000,5.001,5.0,1000,6301,2.001,2.0,5,true,15226,0,3044.554,1.578,2.11,2.633,3.3,4.063,72.191,72.191,78.97,20,20,65,multiprocess_sample_only,,
yjit-on/puma-response-array-100kb/puma-1w-3t/repeat-2,yjit-on,true,puma-response-array-100kb,puma-response-time-wrk,puma/benchmarks/local/response_time_wrk,https://github.com/puma/puma/blob/main/benchmarks/local/response_time_wrk.rb,puma-1w-3t,3,puma,1,3,12503,1000,5.002,5.0,1000,5083,2.003,2.0,5,true,12503,0,2499.79,1.938,2.433,2.89,4.25,5.303,98.031,98.031,78.845,20,20,65,multiprocess_sample_only,,
yjit-on/puma-response-chunk-100kb/puma-1w-3t/repeat-2,yjit-on,true,puma-response-chunk-100kb,puma-response-time-wrk,puma/benchmarks/local/response_time_wrk,https://github.com/puma/puma/blob/main/benchmarks/local/response_time_wrk.rb,puma-1w-3t,3,puma,1,3,6420,1000,5.003,5.0,1000,2683,2.003,2.0,5,true,6420,0,1283.11,3.857,4.635,5.129,7.117,9.737,84.902,84.902,78.255,20,20,62,multiprocess_sample_only,,
yjit-on/puma-response-string-100kb/puma-1w-3t/repeat-2,yjit-on,true,puma-response-string-100kb,puma-response-time-wrk,puma/benchmarks/local/response_time_wrk,https://github.com/puma/puma/blob/main/benchmarks/local/response_time_wrk.rb,puma-1w-3t,3,puma,1,3,12593,1000,5.001,5.0,1000,5075,2.001,2.0,5,true,12593,0,2517.879,1.929,2.396,2.744,3.715,4.32,100.082,97.668,77.585,20,20,65,multiprocess_sample_only,,
yjit-on/puma-response-io-100kb/puma-1w-3t/repeat-2,yjit-on,true,puma-response-io-100kb,puma-response-time-wrk,puma/benchmarks/local/response_time_wrk,https://github.com/puma/puma/blob/main/benchmarks/local/response_time_wrk.rb,puma-1w-3t,3,puma,1,3,12440,1000,5.001,5.0,1000,5105,2.029,2.0,5,true,12440,0,2487.268,1.87,2.372,2.788,42.215,43.392,78.711,78.586,76.975,20,20,65,multiprocess_sample_only,,
yjit-on/puma-response-array-256kb/puma-1w-3t/repeat-2,yjit-on,true,puma-response-array-256kb,puma-response-time-wrk,puma/benchmarks/local/response_time_wrk,https://github.com/puma/puma/blob/main/benchmarks/local/response_time_wrk.rb,puma-1w-3t,3,puma,1,3,9091,1000,5.002,5.0,1000,3745,2.002,2.0,5,true,9091,0,1817.412,2.473,3.768,6.709,20.964,24.783,106.098,104.094,76.425,20,20,63,multiprocess_sample_only,,
yjit-on/puma-response-chunk-256kb/puma-1w-3t/repeat-2,yjit-on,true,puma-response-chunk-256kb,puma-response-time-wrk,puma/benchmarks/local/response_time_wrk,https://github.com/puma/puma/blob/main/benchmarks/local/response_time_wrk.rb,puma-1w-3t,3,puma,1,3,3501,1000,5.006,5.0,1000,1446,2.005,2.0,5,true,3501,0,699.409,7.096,8.464,9.283,12.337,14.089,89.98,89.066,75.945,20,20,57,multiprocess_sample_only,,
yjit-on/puma-response-string-256kb/puma-1w-3t/repeat-2,yjit-on,true,puma-response-string-256kb,puma-response-time-wrk,puma/benchmarks/local/response_time_wrk,https://github.com/puma/puma/blob/main/benchmarks/local/response_time_wrk.rb,puma-1w-3t,3,puma,1,3,9204,1000,5.002,5.0,1000,3856,2.002,2.0,5,true,9204,0,1840.092,2.461,3.57,5.827,21.501,23.981,92.125,86.898,75.0,20,20,63,multiprocess_sample_only,,
yjit-on/puma-response-io-256kb/puma-1w-3t/repeat-2,yjit-on,true,puma-response-io-256kb,puma-response-time-wrk,puma/benchmarks/local/response_time_wrk,https://github.com/puma/puma/blob/main/benchmarks/local/response_time_wrk.rb,puma-1w-3t,3,puma,1,3,8617,1000,5.003,5.0,1000,3700,2.005,2.0,5,true,8617,0,1722.538,2.569,3.999,8.697,21.81,23.096,87.211,87.211,73.845,20,20,62,multiprocess_sample_only,,
yjit-on/puma-response-array-512kb/puma-1w-3t/repeat-2,yjit-on,true,puma-response-array-512kb,puma-response-time-wrk,puma/benchmarks/local/response_time_wrk,https://github.com/puma/puma/blob/main/benchmarks/local/response_time_wrk.rb,puma-1w-3t,3,puma,1,3,6458,1000,5.005,5.0,1000,2713,2.003,2.0,5,true,6458,0,1290.313,3.397,5.664,21.693,24.008,25.019,128.965,122.434,73.135,20,20,60,multiprocess_sample_only,,
yjit-on/puma-response-chunk-512kb/puma-1w-3t/repeat-2,yjit-on,true,puma-response-chunk-512kb,puma-response-time-wrk,puma/benchmarks/local/response_time_wrk,https://github.com/puma/puma/blob/main/benchmarks/local/response_time_wrk.rb,puma-1w-3t,3,puma,1,3,2015,1000,5.01,5.0,1000,1000,2.557,2.0,5,true,2015,0,402.172,12.451,14.82,15.981,20.314,20.646,93.816,93.816,72.58,20,20,50,multiprocess_sample_only,,
yjit-on/puma-response-string-512kb/puma-1w-3t/repeat-2,yjit-on,true,puma-response-string-512kb,puma-response-time-wrk,puma/benchmarks/local/response_time_wrk,https://github.com/puma/puma/blob/main/benchmarks/local/response_time_wrk.rb,puma-1w-3t,3,puma,1,3,6764,1000,5.003,5.0,1000,2832,2.003,2.0,5,true,6764,0,1352.097,3.27,5.017,21.733,23.403,27.063,98.047,97.984,71.595,20,20,62,multiprocess_sample_only,,
yjit-on/puma-response-io-512kb/puma-1w-3t/repeat-2,yjit-on,true,puma-response-io-512kb,puma-response-time-wrk,puma/benchmarks/local/response_time_wrk,https://github.com/puma/puma/blob/main/benchmarks/local/response_time_wrk.rb,puma-1w-3t,3,puma,1,3,6672,1000,5.003,5.0,1000,2620,2.003,2.0,5,true,6672,0,1333.615,3.298,5.124,21.319,23.011,209.689,98.395,98.395,70.265,20,20,61,multiprocess_sample_only,,
yjit-on/puma-response-array-1024kb/puma-1w-3t/repeat-2,yjit-on,true,puma-response-array-1024kb,puma-response-time-wrk,puma/benchmarks/local/response_time_wrk,https://github.com/puma/puma/blob/main/benchmarks/local/response_time_wrk.rb,puma-1w-3t,3,puma,1,3,4182,1000,5.004,5.0,1000,1693,2.004,2.0,5,true,4182,0,835.719,5.339,8.57,25.504,27.381,27.846,128.602,124.668,69.36,20,20,56,multiprocess_sample_only,,
yjit-on/puma-response-chunk-1024kb/puma-1w-3t/repeat-2,yjit-on,true,puma-response-chunk-1024kb,puma-response-time-wrk,puma/benchmarks/local/response_time_wrk,https://github.com/puma/puma/blob/main/benchmarks/local/response_time_wrk.rb,puma-1w-3t,3,puma,1,3,1082,1000,5.02,5.0,1000,1000,4.344,2.0,5,true,1082,0,215.518,23.102,27.776,29.494,34.046,39.079,94.996,92.52,69.095,20,20,41,multiprocess_sample_only,,
yjit-on/puma-response-string-1024kb/puma-1w-3t/repeat-2,yjit-on,true,puma-response-string-1024kb,puma-response-time-wrk,puma/benchmarks/local/response_time_wrk,https://github.com/puma/puma/blob/main/benchmarks/local/response_time_wrk.rb,puma-1w-3t,3,puma,1,3,4311,1000,5.005,5.0,1000,1771,2.006,2.0,5,true,4311,0,861.338,5.168,7.543,25.132,27.687,27.96,96.223,96.223,68.105,20,20,58,multiprocess_sample_only,,
yjit-on/puma-response-io-1024kb/puma-1w-3t/repeat-2,yjit-on,true,puma-response-io-1024kb,puma-response-time-wrk,puma/benchmarks/local/response_time_wrk,https://github.com/puma/puma/blob/main/benchmarks/local/response_time_wrk.rb,puma-1w-3t,3,puma,1,3,4458,1000,5.005,5.0,1000,1802,2.017,2.0,5,true,4458,0,890.778,5.003,7.409,24.838,26.985,27.163,96.535,96.535,66.665,20,20,58,multiprocess_sample_only,,
yjit-on/puma-response-array-2048kb/puma-1w-3t/repeat-2,yjit-on,true,puma-response-array-2048kb,puma-response-time-wrk,puma/benchmarks/local/response_time_wrk,https://github.com/puma/puma/blob/main/benchmarks/local/response_time_wrk.rb,puma-1w-3t,3,puma,1,3,2504,1000,5.007,5.0,1000,1000,2.043,2.0,5,true,2504,0,500.107,9.842,11.836,13.082,18.563,20.755,100.063,93.426,66.24,20,20,53,multiprocess_sample_only,,
yjit-on/puma-response-chunk-2048kb/puma-1w-3t/repeat-2,yjit-on,true,puma-response-chunk-2048kb,puma-response-time-wrk,puma/benchmarks/local/response_time_wrk,https://github.com/puma/puma/blob/main/benchmarks/local/response_time_wrk.rb,puma-1w-3t,3,puma,1,3,1000,1000,8.835,5.0,1000,1000,8.326,2.0,5,true,1000,0,113.186,43.857,52.455,55.995,84.565,90.511,96.152,95.953,66.395,20,20,50,multiprocess_sample_only,,
yjit-on/puma-response-string-2048kb/puma-1w-3t/repeat-2,yjit-on,true,puma-response-string-2048kb,puma-response-time-wrk,puma/benchmarks/local/response_time_wrk,https://github.com/puma/puma/blob/main/benchmarks/local/response_time_wrk.rb,puma-1w-3t,3,puma,1,3,2683,1000,5.008,5.0,1000,1095,2.008,2.0,5,true,2683,0,535.748,9.229,10.614,11.405,16.003,18.385,99.77,99.707,65.56,20,20,53,multiprocess_sample_only,,
yjit-on/puma-response-io-2048kb/puma-1w-3t/repeat-2,yjit-on,true,puma-response-io-2048kb,puma-response-time-wrk,puma/benchmarks/local/response_time_wrk,https://github.com/puma/puma/blob/main/benchmarks/local/response_time_wrk.rb,puma-1w-3t,3,puma,1,3,2770,1000,5.009,5.0,1000,1186,2.007,2.0,5,true,2770,0,553.032,8.952,10.28,11.511,16.134,17.609,100.082,100.082,64.235,20,20,54,multiprocess_sample_only,,
yjit-on/puma-long-tail-fib-200ms-x6p0/puma-1w-3t/repeat-2,yjit-on,true,puma-long-tail-fib-200ms-x6p0,puma-long-tail-hey,puma/benchmarks/local/long_tail_hey + test/rackup/sleep_fibonacci,https://github.com/puma/puma/blob/main/benchmarks/local/long_tail_hey.rb,puma-1w-3t,3,puma,1,3,360,360,51.15,5.0,360,360,51.144,2.0,18,true,360,0,7.038,2554.762,2597.553,2615.414,2621.038,2621.358,119.848,119.848,73.49,20,20,704,multiprocess_sample_only,,
yjit-on/puma-long-tail-fib-200ms-x4p0/puma-1w-3t/repeat-2,yjit-on,true,puma-long-tail-fib-200ms-x4p0,puma-long-tail-hey,puma/benchmarks/local/long_tail_hey + test/rackup/sleep_fibonacci,https://github.com/puma/puma/blob/main/benchmarks/local/long_tail_hey.rb,puma-1w-3t,3,puma,1,3,240,240,34.105,5.0,240,240,34.127,2.0,12,true,240,0,7.037,1705.048,1740.632,1756.832,1763.131,1763.864,123.668,123.668,79.295,20,20,469,multiprocess_sample_only,,
yjit-on/puma-long-tail-fib-200ms-x3p0/puma-1w-3t/repeat-2,yjit-on,true,puma-long-tail-fib-200ms-x3p0,puma-long-tail-hey,puma/benchmarks/local/long_tail_hey + test/rackup/sleep_fibonacci,https://github.com/puma/puma/blob/main/benchmarks/local/long_tail_hey.rb,puma-1w-3t,3,puma,1,3,180,180,25.577,5.0,180,180,25.58,2.0,9,true,180,0,7.038,1278.514,1311.232,1320.813,1327.946,1328.842,123.004,121.32,82.13,20,20,352,multiprocess_sample_only,,
yjit-on/puma-long-tail-fib-200ms-x2p0/puma-1w-3t/repeat-2,yjit-on,true,puma-long-tail-fib-200ms-x2p0,puma-long-tail-hey,puma/benchmarks/local/long_tail_hey + test/rackup/sleep_fibonacci,https://github.com/puma/puma/blob/main/benchmarks/local/long_tail_hey.rb,puma-1w-3t,3,puma,1,3,120,120,17.05,5.0,120,120,17.045,2.0,6,true,120,0,7.038,852.54,877.127,884.163,885.678,885.769,117.91,117.91,83.71,20,20,235,multiprocess_sample_only,,
yjit-on/puma-long-tail-fib-200ms-x1p5/puma-1w-3t/repeat-2,yjit-on,true,puma-long-tail-fib-200ms-x1p5,puma-long-tail-hey,puma/benchmarks/local/long_tail_hey + test/rackup/sleep_fibonacci,https://github.com/puma/puma/blob/main/benchmarks/local/long_tail_hey.rb,puma-1w-3t,3,puma,1,3,100,100,14.214,5.0,100,100,14.199,2.0,5,true,100,0,7.035,801.298,844.303,853.375,855.809,856.079,123.656,123.656,84.75,20,20,198,multiprocess_sample_only,,
yjit-on/puma-long-tail-fib-200ms-x1p0/puma-1w-3t/repeat-2,yjit-on,true,puma-long-tail-fib-200ms-x1p0,puma-long-tail-hey,puma/benchmarks/local/long_tail_hey + test/rackup/sleep_fibonacci,https://github.com/puma/puma/blob/main/benchmarks/local/long_tail_hey.rb,puma-1w-3t,3,puma,1,3,60,60,8.526,5.0,60,60,8.53,2.0,3,true,60,0,7.038,425.954,440.588,444.883,447.139,447.39,127.211,127.211,85.365,20,20,119,multiprocess_sample_only,,
yjit-on/puma-long-tail-fib-200ms-x0p5/puma-1w-3t/repeat-2,yjit-on,true,puma-long-tail-fib-200ms-x0p5,puma-long-tail-hey,puma/benchmarks/local/long_tail_hey + test/rackup/sleep_fibonacci,https://github.com/puma/puma/blob/main/benchmarks/local/long_tail_hey.rb,puma-1w-3t,3,puma,1,3,40,40,5.68,5.0,40,40,5.675,2.0,2,true,40,0,7.042,284.0,291.322,294.517,295.451,295.555,127.211,127.211,85.745,20,20,80,multiprocess_sample_only,,
yjit-on/puma-sleep-fibonacci-1ms/puma-1w-3t/repeat-2,yjit-on,true,puma-sleep-fibonacci-1ms,puma-sleep-fibonacci-test,puma/benchmarks/local/sleep_fibonacci_test + test/rackup/sleep_fibonacci,https://github.com/puma/puma/blob/main/benchmarks/local/sleep_fibonacci_test.rb,puma-1w-3t,3,puma,1,3,1932,10,5.002,5.0,10,763,2.001,2.0,1,true,1932,0,386.221,2.521,2.959,3.166,3.574,3.593,131.848,131.848,85.42,20,20,71,multiprocess_sample_only,,
yjit-on/puma-sleep-fibonacci-5ms/puma-1w-3t/repeat-2,yjit-on,true,puma-sleep-fibonacci-5ms,puma-sleep-fibonacci-test,puma/benchmarks/local/sleep_fibonacci_test + test/rackup/sleep_fibonacci,https://github.com/puma/puma/blob/main/benchmarks/local/sleep_fibonacci_test.rb,puma-1w-3t,3,puma,1,3,563,10,5.004,5.0,10,228,2.001,2.0,1,true,563,0,112.501,8.815,9.696,10.049,10.546,10.605,131.848,131.848,84.875,20,20,71,multiprocess_sample_only,,
yjit-on/puma-sleep-fibonacci-10ms/puma-1w-3t/repeat-2,yjit-on,true,puma-sleep-fibonacci-10ms,puma-sleep-fibonacci-test,puma/benchmarks/local/sleep_fibonacci_test + test/rackup/sleep_fibonacci,https://github.com/puma/puma/blob/main/benchmarks/local/sleep_fibonacci_test.rb,puma-1w-3t,3,puma,1,3,383,10,5.01,5.0,10,155,2.006,2.0,1,true,383,0,76.45,13.094,13.599,13.777,13.881,13.901,133.66,133.66,84.485,20,20,71,multiprocess_sample_only,,
yjit-on/puma-sleep-fibonacci-50ms/puma-1w-3t/repeat-2,yjit-on,true,puma-sleep-fibonacci-50ms,puma-sleep-fibonacci-test,puma/benchmarks/local/sleep_fibonacci_test + test/rackup/sleep_fibonacci,https://github.com/puma/puma/blob/main/benchmarks/local/sleep_fibonacci_test.rb,puma-1w-3t,3,puma,1,3,100,10,5.048,5.0,10,40,2.022,2.0,1,true,100,0,19.809,50.456,50.532,50.791,50.889,50.9,133.66,133.66,84.255,20,20,71,multiprocess_sample_only,,
yjit-on/puma-sleep-fibonacci-100ms/puma-1w-3t/repeat-2,yjit-on,true,puma-sleep-fibonacci-100ms,puma-sleep-fibonacci-test,puma/benchmarks/local/sleep_fibonacci_test + test/rackup/sleep_fibonacci,https://github.com/puma/puma/blob/main/benchmarks/local/sleep_fibonacci_test.rb,puma-1w-3t,3,puma,1,3,50,10,5.029,5.0,10,20,2.009,2.0,1,true,50,0,9.942,100.517,100.583,100.979,101.172,101.193,133.66,133.66,84.085,20,20,71,multiprocess_sample_only,,
yjit-on/puma-sleep-fibonacci-200ms/puma-1w-3t/repeat-2,yjit-on,true,puma-sleep-fibonacci-200ms,puma-sleep-fibonacci-test,puma/benchmarks/local/sleep_fibonacci_test + test/rackup/sleep_fibonacci,https://github.com/puma/puma/blob/main/benchmarks/local/sleep_fibonacci_test.rb,puma-1w-3t,3,puma,1,3,25,10,5.013,5.0,10,10,2.006,2.0,1,true,25,0,4.987,200.456,200.567,200.596,200.604,200.604,133.66,133.66,83.925,20,20,72,multiprocess_sample_only,,
yjit-on/puma-response-array-1kb/puma-1w-3t/repeat-3,yjit-on,true,puma-response-array-1kb,puma-response-time-wrk,puma/benchmarks/local/response_time_wrk,https://github.com/puma/puma/blob/main/benchmarks/local/response_time_wrk.rb,puma-1w-3t,3,puma,1,3,15704,1000,5.001,5.0,1000,6134,2.001,2.0,5,true,15704,0,3140.122,1.538,1.967,2.466,3.356,6.845,70.234,70.234,82.73,20,20,65,multiprocess_sample_only,,
yjit-on/puma-response-chunk-1kb/puma-1w-3t/repeat-3,yjit-on,true,puma-response-chunk-1kb,puma-response-time-wrk,puma/benchmarks/local/response_time_wrk,https://github.com/puma/puma/blob/main/benchmarks/local/response_time_wrk.rb,puma-1w-3t,3,puma,1,3,15256,1000,5.001,5.0,1000,6164,2.001,2.0,5,true,15256,0,3050.338,1.582,2.027,2.445,3.378,4.694,70.723,69.949,79.125,20,20,66,multiprocess_sample_only,,
yjit-on/puma-response-string-1kb/puma-1w-3t/repeat-3,yjit-on,true,puma-response-string-1kb,puma-response-time-wrk,puma/benchmarks/local/response_time_wrk,https://github.com/puma/puma/blob/main/benchmarks/local/response_time_wrk.rb,puma-1w-3t,3,puma,1,3,15577,1000,5.001,5.0,1000,6380,2.001,2.0,5,true,15577,0,3114.893,1.548,2.006,2.364,3.089,3.868,70.227,70.109,78.21,20,20,65,multiprocess_sample_only,,
yjit-on/puma-response-io-1kb/puma-1w-3t/repeat-3,yjit-on,true,puma-response-io-1kb,puma-response-time-wrk,puma/benchmarks/local/response_time_wrk,https://github.com/puma/puma/blob/main/benchmarks/local/response_time_wrk.rb,puma-1w-3t,3,puma,1,3,15457,1000,5.001,5.0,1000,6297,2.001,2.0,5,true,15457,0,3090.553,1.56,2.035,2.529,3.329,3.945,70.285,70.277,78.985,20,20,65,multiprocess_sample_only,,
yjit-on/puma-response-array-10kb/puma-1w-3t/repeat-3,yjit-on,true,puma-response-array-10kb,puma-response-time-wrk,puma/benchmarks/local/response_time_wrk,https://github.com/puma/puma/blob/main/benchmarks/local/response_time_wrk.rb,puma-1w-3t,3,puma,1,3,15578,1000,5.001,5.0,1000,6379,2.001,2.0,5,true,15578,0,3114.952,1.548,2.003,2.419,3.155,4.089,71.977,71.977,79.12,20,20,65,multiprocess_sample_only,,
yjit-on/puma-response-chunk-10kb/puma-1w-3t/repeat-3,yjit-on,true,puma-response-chunk-10kb,puma-response-time-wrk,puma/benchmarks/local/response_time_wrk,https://github.com/puma/puma/blob/main/benchmarks/local/response_time_wrk.rb,puma-1w-3t,3,puma,1,3,13468,1000,5.001,5.0,1000,5529,2.001,2.0,5,true,13468,0,2692.925,1.8,2.283,2.743,3.757,4.487,72.168,72.168,78.69,20,20,65,multiprocess_sample_only,,
yjit-on/puma-response-string-10kb/puma-1w-3t/repeat-3,yjit-on,true,puma-response-string-10kb,puma-response-time-wrk,puma/benchmarks/local/response_time_wrk,https://github.com/puma/puma/blob/main/benchmarks/local/response_time_wrk.rb,puma-1w-3t,3,puma,1,3,15451,1000,5.001,5.0,1000,6315,2.001,2.0,5,true,15451,0,3089.624,1.557,2.055,2.484,3.384,4.446,72.398,72.398,78.45,20,20,65,multiprocess_sample_only,,
yjit-on/puma-response-io-10kb/puma-1w-3t/repeat-3,yjit-on,true,puma-response-io-10kb,puma-response-time-wrk,puma/benchmarks/local/response_time_wrk,https://github.com/puma/puma/blob/main/benchmarks/local/response_time_wrk.rb,puma-1w-3t,3,puma,1,3,15377,1000,5.002,5.0,1000,6286,2.001,2.0,5,true,15377,0,3074.418,1.565,2.051,2.537,3.216,3.95,73.195,73.195,78.91,20,20,66,multiprocess_sample_only,,
yjit-on/puma-response-array-100kb/puma-1w-3t/repeat-3,yjit-on,true,puma-response-array-100kb,puma-response-time-wrk,puma/benchmarks/local/response_time_wrk,https://github.com/puma/puma/blob/main/benchmarks/local/response_time_wrk.rb,puma-1w-3t,3,puma,1,3,12710,1000,5.002,5.0,1000,5096,2.001,2.0,5,true,12710,0,2541.214,1.914,2.4,2.77,3.846,4.337,80.66,80.191,78.74,20,20,65,multiprocess_sample_only,,
yjit-on/puma-response-chunk-100kb/puma-1w-3t/repeat-3,yjit-on,true,puma-response-chunk-100kb,puma-response-time-wrk,puma/benchmarks/local/response_time_wrk,https://github.com/puma/puma/blob/main/benchmarks/local/response_time_wrk.rb,puma-1w-3t,3,puma,1,3,6412,1000,5.003,5.0,1000,2676,2.003,2.0,5,true,6412,0,1281.739,3.863,4.658,5.112,7.194,8.284,78.645,76.957,78.255,20,20,62,multiprocess_sample_only,,
yjit-on/puma-response-string-100kb/puma-1w-3t/repeat-3,yjit-on,true,puma-response-string-100kb,puma-response-time-wrk,puma/benchmarks/local/response_time_wrk,https://github.com/puma/puma/blob/main/benchmarks/local/response_time_wrk.rb,puma-1w-3t,3,puma,1,3,12575,1000,5.001,5.0,1000,5209,2.001,2.0,5,true,12575,0,2514.254,1.929,2.444,2.857,3.722,5.245,81.016,80.305,77.735,20,20,64,multiprocess_sample_only,,
yjit-on/puma-response-io-100kb/puma-1w-3t/repeat-3,yjit-on,true,puma-response-io-100kb,puma-response-time-wrk,puma/benchmarks/local/response_time_wrk,https://github.com/puma/puma/blob/main/benchmarks/local/response_time_wrk.rb,puma-1w-3t,3,puma,1,3,12474,1000,5.001,5.0,1000,5038,2.016,2.0,5,true,12474,0,2494.205,1.768,2.357,3.478,42.781,43.879,75.313,74.418,77.385,20,20,65,multiprocess_sample_only,,
yjit-on/puma-response-array-256kb/puma-1w-3t/repeat-3,yjit-on,true,puma-response-array-256kb,puma-response-time-wrk,puma/benchmarks/local/response_time_wrk,https://github.com/puma/puma/blob/main/benchmarks/local/response_time_wrk.rb,puma-1w-3t,3,puma,1,3,9382,1000,5.002,5.0,1000,3818,2.002,2.0,5,true,9382,0,1875.621,2.414,3.63,5.239,21.909,22.556,103.926,100.582,76.995,20,20,63,multiprocess_sample_only,,
yjit-on/puma-response-chunk-256kb/puma-1w-3t/repeat-3,yjit-on,true,puma-response-chunk-256kb,puma-response-time-wrk,puma/benchmarks/local/response_time_wrk,https://github.com/puma/puma/blob/main/benchmarks/local/response_time_wrk.rb,puma-1w-3t,3,puma,1,3,3534,1000,5.006,5.0,1000,1480,2.005,2.0,5,true,3534,0,705.979,7.061,8.355,9.169,11.534,13.602,83.059,82.059,76.53,20,20,57,multiprocess_sample_only,,
yjit-on/puma-response-string-256kb/puma-1w-3t/repeat-3,yjit-on,true,puma-response-string-256kb,puma-response-time-wrk,puma/benchmarks/local/response_time_wrk,https://github.com/puma/puma/blob/main/benchmarks/local/response_time_wrk.rb,puma-1w-3t,3,puma,1,3,9389,1000,5.002,5.0,1000,3886,2.002,2.0,5,true,9389,0,1876.996,2.401,3.568,5.346,22.15,25.041,79.281,78.906,75.57,20,20,63,multiprocess_sample_only,,
yjit-on/puma-response-io-256kb/puma-1w-3t/repeat-3,yjit-on,true,puma-response-io-256kb,puma-response-time-wrk,puma/benchmarks/local/response_time_wrk,https://github.com/puma/puma/blob/main/benchmarks/local/response_time_wrk.rb,puma-1w-3t,3,puma,1,3,9143,1000,5.003,5.0,1000,3694,2.001,2.0,5,true,9143,0,1827.628,2.451,3.82,5.81,21.846,23.624,79.332,79.332,74.47,20,20,63,multiprocess_sample_only,,
yjit-on/puma-response-array-512kb/puma-1w-3t/repeat-3,yjit-on,true,puma-response-array-512kb,puma-response-time-wrk,puma/benchmarks/local/response_time_wrk,https://github.com/puma/puma/blob/main/benchmarks/local/response_time_wrk.rb,puma-1w-3t,3,puma,1,3,6845,1000,5.002,5.0,1000,2731,2.002,2.0,5,true,6845,0,1368.464,3.234,4.956,22.317,23.566,24.211,120.973,117.43,73.79,20,20,61,multiprocess_sample_only,,
yjit-on/puma-response-chunk-512kb/puma-1w-3t/repeat-3,yjit-on,true,puma-response-chunk-512kb,puma-response-time-wrk,puma/benchmarks/local/response_time_wrk,https://github.com/puma/puma/blob/main/benchmarks/local/response_time_wrk.rb,puma-1w-3t,3,puma,1,3,2045,1000,5.01,5.0,1000,1000,2.369,2.0,5,true,2045,0,408.22,12.193,14.769,16.232,20.811,23.398,85.793,84.766,73.405,20,20,50,multiprocess_sample_only,,
yjit-on/puma-response-string-512kb/puma-1w-3t/repeat-3,yjit-on,true,puma-response-string-512kb,puma-response-time-wrk,puma/benchmarks/local/response_time_wrk,https://github.com/puma/puma/blob/main/benchmarks/local/response_time_wrk.rb,puma-1w-3t,3,puma,1,3,6810,1000,5.002,5.0,1000,2750,2.002,2.0,5,true,6810,0,1361.344,3.252,4.809,22.868,24.691,25.072,82.09,82.09,72.45,20,20,62,multiprocess_sample_only,,
yjit-on/puma-response-io-512kb/puma-1w-3t/repeat-3,yjit-on,true,puma-response-io-512kb,puma-response-time-wrk,puma/benchmarks/local/response_time_wrk,https://github.com/puma/puma/blob/main/benchmarks/local/response_time_wrk.rb,puma-1w-3t,3,puma,1,3,6625,1000,5.003,5.0,1000,2606,2.002,2.0,5,true,6625,0,1324.229,3.251,5.151,22.793,26.904,214.239,82.176,82.176,71.1,20,20,61,multiprocess_sample_only,,
yjit-on/puma-response-array-1024kb/puma-1w-3t/repeat-3,yjit-on,true,puma-response-array-1024kb,puma-response-time-wrk,puma/benchmarks/local/response_time_wrk,https://github.com/puma/puma/blob/main/benchmarks/local/response_time_wrk.rb,puma-1w-3t,3,puma,1,3,4072,1000,5.004,5.0,1000,1693,2.004,2.0,5,true,4072,0,813.715,5.528,8.115,28.083,30.394,30.903,121.777,121.363,70.21,20,20,57,multiprocess_sample_only,,
yjit-on/puma-response-chunk-1024kb/puma-1w-3t/repeat-3,yjit-on,true,puma-response-chunk-1024kb,puma-response-time-wrk,puma/benchmarks/local/response_time_wrk,https://github.com/puma/puma/blob/main/benchmarks/local/response_time_wrk.rb,puma-1w-3t,3,puma,1,3,1057,1000,5.019,5.0,1000,1000,4.539,2.0,5,true,1057,0,210.584,23.794,27.764,29.669,31.39,47.782,86.684,85.805,69.885,20,20,40,multiprocess_sample_only,,
yjit-on/puma-response-string-1024kb/puma-1w-3t/repeat-3,yjit-on,true,puma-response-string-1024kb,puma-response-time-wrk,puma/benchmarks/local/response_time_wrk,https://github.com/puma/puma/blob/main/benchmarks/local/response_time_wrk.rb,puma-1w-3t,3,puma,1,3,4265,1000,5.007,5.0,1000,1761,2.004,2.0,5,true,4265,0,851.874,5.194,8.155,27.141,28.98,29.85,87.801,87.801,68.885,20,20,58,multiprocess_sample_only,,
yjit-on/puma-response-io-1024kb/puma-1w-3t/repeat-3,yjit-on,true,puma-response-io-1024kb,puma-response-time-wrk,puma/benchmarks/local/response_time_wrk,https://github.com/puma/puma/blob/main/benchmarks/local/response_time_wrk.rb,puma-1w-3t,3,puma,1,3,4276,1000,5.008,5.0,1000,1760,2.005,2.0,5,true,4276,0,853.833,5.155,8.014,27.081,29.017,29.872,87.801,87.801,67.4,20,20,58,multiprocess_sample_only,,
yjit-on/puma-response-array-2048kb/puma-1w-3t/repeat-3,yjit-on,true,puma-response-array-2048kb,puma-response-time-wrk,puma/benchmarks/local/response_time_wrk,https://github.com/puma/puma/blob/main/benchmarks/local/response_time_wrk.rb,puma-1w-3t,3,puma,1,3,2382,1000,5.008,5.0,1000,1000,2.048,2.0,5,true,2382,0,475.674,10.439,12.036,12.799,19.959,20.981,101.77,97.734,66.965,20,20,52,multiprocess_sample_only,,
yjit-on/puma-response-chunk-2048kb/puma-1w-3t/repeat-3,yjit-on,true,puma-response-chunk-2048kb,puma-response-time-wrk,puma/benchmarks/local/response_time_wrk,https://github.com/puma/puma/blob/main/benchmarks/local/response_time_wrk.rb,puma-1w-3t,3,puma,1,3,1000,1000,8.813,5.0,1000,1000,8.328,2.0,5,true,1000,0,113.469,44.053,50.989,54.077,86.939,87.549,89.996,88.859,66.995,20,20,51,multiprocess_sample_only,,
yjit-on/puma-response-string-2048kb/puma-1w-3t/repeat-3,yjit-on,true,puma-response-string-2048kb,puma-response-time-wrk,puma/benchmarks/local/response_time_wrk,https://github.com/puma/puma/blob/main/benchmarks/local/response_time_wrk.rb,puma-1w-3t,3,puma,1,3,2589,1000,5.009,5.0,1000,1031,2.007,2.0,5,true,2589,0,516.919,9.587,11.228,12.282,15.825,17.512,90.863,90.863,66.1,20,20,53,multiprocess_sample_only,,
yjit-on/puma-response-io-2048kb/puma-1w-3t/repeat-3,yjit-on,true,puma-response-io-2048kb,puma-response-time-wrk,puma/benchmarks/local/response_time_wrk,https://github.com/puma/puma/blob/main/benchmarks/local/response_time_wrk.rb,puma-1w-3t,3,puma,1,3,2754,1000,5.01,5.0,1000,1112,2.007,2.0,5,true,2754,0,549.671,8.897,10.516,12.01,16.634,17.971,90.863,90.863,64.735,20,20,54,multiprocess_sample_only,,
yjit-on/puma-long-tail-fib-200ms-x6p0/puma-1w-3t/repeat-3,yjit-on,true,puma-long-tail-fib-200ms-x6p0,puma-long-tail-hey,puma/benchmarks/local/long_tail_hey + test/rackup/sleep_fibonacci,https://github.com/puma/puma/blob/main/benchmarks/local/long_tail_hey.rb,puma-1w-3t,3,puma,1,3,360,360,51.155,5.0,360,360,51.139,2.0,18,true,360,0,7.037,2585.466,2637.354,2662.023,2676.133,2681.211,108.824,108.824,73.855,20,20,701,multiprocess_sample_only,,
yjit-on/puma-long-tail-fib-200ms-x4p0/puma-1w-3t/repeat-3,yjit-on,true,puma-long-tail-fib-200ms-x4p0,puma-long-tail-hey,puma/benchmarks/local/long_tail_hey + test/rackup/sleep_fibonacci,https://github.com/puma/puma/blob/main/benchmarks/local/long_tail_hey.rb,puma-1w-3t,3,puma,1,3,240,240,34.102,5.0,240,240,34.137,2.0,12,true,240,0,7.038,1713.837,1774.377,1786.512,1795.446,1797.506,111.324,111.324,79.59,20,20,467,multiprocess_sample_only,,
yjit-on/puma-long-tail-fib-200ms-x3p0/puma-1w-3t/repeat-3,yjit-on,true,puma-long-tail-fib-200ms-x3p0,puma-long-tail-hey,puma/benchmarks/local/long_tail_hey + test/rackup/sleep_fibonacci,https://github.com/puma/puma/blob/main/benchmarks/local/long_tail_hey.rb,puma-1w-3t,3,puma,1,3,180,180,25.589,5.0,180,180,25.575,2.0,9,true,180,0,7.034,1284.774,1334.021,1341.136,1343.91,1344.463,111.699,111.699,82.385,20,20,350,multiprocess_sample_only,,
yjit-on/puma-long-tail-fib-200ms-x2p0/puma-1w-3t/repeat-3,yjit-on,true,puma-long-tail-fib-200ms-x2p0,puma-long-tail-hey,puma/benchmarks/local/long_tail_hey + test/rackup/sleep_fibonacci,https://github.com/puma/puma/blob/main/benchmarks/local/long_tail_hey.rb,puma-1w-3t,3,puma,1,3,120,120,17.049,5.0,120,120,17.063,2.0,6,true,120,0,7.039,860.307,894.952,900.15,910.945,912.38,111.887,111.887,83.915,20,20,235,multiprocess_sample_only,,
yjit-on/puma-long-tail-fib-200ms-x1p5/puma-1w-3t/repeat-3,yjit-on,true,puma-long-tail-fib-200ms-x1p5,puma-long-tail-hey,puma/benchmarks/local/long_tail_hey + test/rackup/sleep_fibonacci,https://github.com/puma/puma/blob/main/benchmarks/local/long_tail_hey.rb,puma-1w-3t,3,puma,1,3,100,100,14.21,5.0,100,100,14.215,2.0,5,true,100,0,7.037,744.197,851.333,866.925,869.671,869.976,111.949,111.949,84.95,20,20,196,multiprocess_sample_only,,
yjit-on/puma-long-tail-fib-200ms-x1p0/puma-1w-3t/repeat-3,yjit-on,true,puma-long-tail-fib-200ms-x1p0,puma-long-tail-hey,puma/benchmarks/local/long_tail_hey + test/rackup/sleep_fibonacci,https://github.com/puma/puma/blob/main/benchmarks/local/long_tail_hey.rb,puma-1w-3t,3,puma,1,3,60,60,8.528,5.0,60,60,8.532,2.0,3,true,60,0,7.036,424.109,450.269,455.327,456.982,457.166,111.949,111.949,85.57,20,20,118,multiprocess_sample_only,,
yjit-on/puma-long-tail-fib-200ms-x0p5/puma-1w-3t/repeat-3,yjit-on,true,puma-long-tail-fib-200ms-x0p5,puma-long-tail-hey,puma/benchmarks/local/long_tail_hey + test/rackup/sleep_fibonacci,https://github.com/puma/puma/blob/main/benchmarks/local/long_tail_hey.rb,puma-1w-3t,3,puma,1,3,40,40,5.689,5.0,40,40,5.68,2.0,2,true,40,0,7.031,284.812,296.75,298.861,299.662,299.751,111.949,111.949,85.94,20,20,80,multiprocess_sample_only,,
yjit-on/puma-sleep-fibonacci-1ms/puma-1w-3t/repeat-3,yjit-on,true,puma-sleep-fibonacci-1ms,puma-sleep-fibonacci-test,puma/benchmarks/local/sleep_fibonacci_test + test/rackup/sleep_fibonacci,https://github.com/puma/puma/blob/main/benchmarks/local/sleep_fibonacci_test.rb,puma-1w-3t,3,puma,1,3,1998,10,5.001,5.0,10,775,2.002,2.0,1,true,1998,0,399.524,2.467,2.801,3.122,3.54,3.697,111.949,111.949,85.615,20,20,71,multiprocess_sample_only,,
yjit-on/puma-sleep-fibonacci-5ms/puma-1w-3t/repeat-3,yjit-on,true,puma-sleep-fibonacci-5ms,puma-sleep-fibonacci-test,puma/benchmarks/local/sleep_fibonacci_test + test/rackup/sleep_fibonacci,https://github.com/puma/puma/blob/main/benchmarks/local/sleep_fibonacci_test.rb,puma-1w-3t,3,puma,1,3,558,10,5.002,5.0,10,223,2.007,2.0,1,true,558,0,111.558,8.962,9.886,10.447,10.637,10.724,111.949,111.949,85.07,20,20,71,multiprocess_sample_only,,
yjit-on/puma-sleep-fibonacci-10ms/puma-1w-3t/repeat-3,yjit-on,true,puma-sleep-fibonacci-10ms,puma-sleep-fibonacci-test,puma/benchmarks/local/sleep_fibonacci_test + test/rackup/sleep_fibonacci,https://github.com/puma/puma/blob/main/benchmarks/local/sleep_fibonacci_test.rb,puma-1w-3t,3,puma,1,3,385,10,5.01,5.0,10,152,2.002,2.0,1,true,385,0,76.844,13.099,13.553,13.81,14.185,14.262,111.949,111.949,84.675,20,20,71,multiprocess_sample_only,,
yjit-on/puma-sleep-fibonacci-50ms/puma-1w-3t/repeat-3,yjit-on,true,puma-sleep-fibonacci-50ms,puma-sleep-fibonacci-test,puma/benchmarks/local/sleep_fibonacci_test + test/rackup/sleep_fibonacci,https://github.com/puma/puma/blob/main/benchmarks/local/sleep_fibonacci_test.rb,puma-1w-3t,3,puma,1,3,100,10,5.045,5.0,10,40,2.016,2.0,1,true,100,0,19.82,50.403,50.551,50.695,50.849,50.866,111.949,111.949,84.445,20,20,72,multiprocess_sample_only,,
yjit-on/puma-sleep-fibonacci-100ms/puma-1w-3t/repeat-3,yjit-on,true,puma-sleep-fibonacci-100ms,puma-sleep-fibonacci-test,puma/benchmarks/local/sleep_fibonacci_test + test/rackup/sleep_fibonacci,https://github.com/puma/puma/blob/main/benchmarks/local/sleep_fibonacci_test.rb,puma-1w-3t,3,puma,1,3,50,10,5.026,5.0,10,20,2.013,2.0,1,true,50,0,9.949,100.458,100.536,100.588,100.599,100.601,111.953,111.953,84.265,20,20,71,multiprocess_sample_only,,
yjit-on/puma-sleep-fibonacci-200ms/puma-1w-3t/repeat-3,yjit-on,true,puma-sleep-fibonacci-200ms,puma-sleep-fibonacci-test,puma/benchmarks/local/sleep_fibonacci_test + test/rackup/sleep_fibonacci,https://github.com/puma/puma/blob/main/benchmarks/local/sleep_fibonacci_test.rb,puma-1w-3t,3,puma,1,3,25,10,5.016,5.0,10,10,2.007,2.0,1,true,25,0,4.984,200.541,200.768,201.316,201.465,201.482,111.953,111.953,84.105,20,20,71,multiprocess_sample_only,,
