run_id,runtime,yjit,scenario,scenario_family,benchmark_source,benchmark_source_url,server,server_capacity,adapter,workers,threads,requests,target_requests,duration_s,min_duration_s,target_warmup_requests,warmup_requests,warmup_duration_s,warmup_min_duration_s,concurrency,keep_alive,completed,errors,achieved_rps,p50_ms,p95_ms,p99_ms,p999_ms,max_ms,rss_mb_peak,rss_mb_end,cpu_pct_avg,target_sample_count,sample_count,raw_sample_count,gc_delta_scope,gc_count_delta,total_allocated_objects_delta
yjit-off/puma-response-array-1kb/raptor-3r/repeat-1,yjit-off,false,puma-response-array-1kb,puma-response-time-wrk,puma/benchmarks/local/response_time_wrk,https://github.com/puma/puma/blob/main/benchmarks/local/response_time_wrk.rb,raptor-3r,3,raptor,3,,1000,1000,16.127,5.0,1000,1000,16.116,2.0,5,true,1000,0,62.008,40.985,41.957,42.127,4029.141,4029.278,29.832,29.832,2.955,20,20,234,same_worker,15,718705
yjit-off/puma-response-chunk-1kb/raptor-3r/repeat-1,yjit-off,false,puma-response-chunk-1kb,puma-response-time-wrk,puma/benchmarks/local/response_time_wrk,https://github.com/puma/puma/blob/main/benchmarks/local/response_time_wrk.rb,raptor-3r,3,raptor,3,,1000,1000,16.129,5.0,1000,1000,16.107,2.0,5,true,1000,0,62.0,40.988,41.982,42.863,4033.006,4037.486,30.258,30.258,2.445,20,20,234,same_worker,15,714488
yjit-off/puma-response-string-1kb/raptor-3r/repeat-1,yjit-off,false,puma-response-string-1kb,puma-response-time-wrk,puma/benchmarks/local/response_time_wrk,https://github.com/puma/puma/blob/main/benchmarks/local/response_time_wrk.rb,raptor-3r,3,raptor,3,,1000,1000,16.119,5.0,1000,1000,16.104,2.0,5,true,1000,0,62.038,40.986,41.963,42.295,4028.742,4032.482,30.258,30.258,2.3,20,20,234,same_worker,15,719306
yjit-off/puma-response-io-1kb/raptor-3r/repeat-1,yjit-off,false,puma-response-io-1kb,puma-response-time-wrk,puma/benchmarks/local/response_time_wrk,https://github.com/puma/puma/blob/main/benchmarks/local/response_time_wrk.rb,raptor-3r,3,raptor,3,,1000,1000,16.115,5.0,1000,1000,16.114,2.0,5,true,1000,0,62.053,40.988,41.972,42.277,4029.722,4030.831,30.316,30.316,2.3,20,20,234,same_worker,14,727305
yjit-off/puma-response-array-10kb/raptor-3r/repeat-1,yjit-off,false,puma-response-array-10kb,puma-response-time-wrk,puma/benchmarks/local/response_time_wrk,https://github.com/puma/puma/blob/main/benchmarks/local/response_time_wrk.rb,raptor-3r,3,raptor,3,,1000,1000,16.113,5.0,1000,1000,16.144,2.0,5,true,1000,0,62.063,40.98,41.978,42.175,4029.33,4029.848,30.316,30.316,2.265,20,20,234,same_worker,14,719309
yjit-off/puma-response-chunk-10kb/raptor-3r/repeat-1,yjit-off,false,puma-response-chunk-10kb,puma-response-time-wrk,puma/benchmarks/local/response_time_wrk,https://github.com/puma/puma/blob/main/benchmarks/local/response_time_wrk.rb,raptor-3r,3,raptor,3,,1000,1000,16.11,5.0,1000,1000,16.101,2.0,5,true,1000,0,62.075,40.984,41.953,42.1,4025.286,4028.897,30.445,30.445,2.2,20,20,234,same_worker,14,716300
yjit-off/puma-response-string-10kb/raptor-3r/repeat-1,yjit-off,false,puma-response-string-10kb,puma-response-time-wrk,puma/benchmarks/local/response_time_wrk,https://github.com/puma/puma/blob/main/benchmarks/local/response_time_wrk.rb,raptor-3r,3,raptor,3,,1000,1000,16.115,5.0,1000,1000,16.107,2.0,5,true,1000,0,62.052,40.987,41.924,42.283,4028.678,4031.276,30.445,30.445,2.2,20,20,235,same_worker,14,717779
yjit-off/puma-response-io-10kb/raptor-3r/repeat-1,yjit-off,false,puma-response-io-10kb,puma-response-time-wrk,puma/benchmarks/local/response_time_wrk,https://github.com/puma/puma/blob/main/benchmarks/local/response_time_wrk.rb,raptor-3r,3,raptor,3,,1000,1000,16.124,5.0,1000,1000,16.107,2.0,5,true,1000,0,62.021,40.992,41.97,42.44,4034.882,4035.817,31.516,31.516,2.2,20,20,235,same_worker,14,746700
yjit-off/puma-response-array-100kb/raptor-3r/repeat-1,yjit-off,false,puma-response-array-100kb,puma-response-time-wrk,puma/benchmarks/local/response_time_wrk,https://github.com/puma/puma/blob/main/benchmarks/local/response_time_wrk.rb,raptor-3r,3,raptor,3,,1000,1000,14.098,5.0,1000,1000,14.745,2.0,5,true,1000,0,70.934,40.97,41.966,42.814,3588.922,3589.168,31.574,31.574,2.3,20,20,205,same_worker,14,720872
yjit-off/puma-response-chunk-100kb/raptor-3r/repeat-1,yjit-off,false,puma-response-chunk-100kb,puma-response-time-wrk,puma/benchmarks/local/response_time_wrk,https://github.com/puma/puma/blob/main/benchmarks/local/response_time_wrk.rb,raptor-3r,3,raptor,3,,1000,1000,15.016,5.0,1000,1000,15.468,2.0,5,true,1000,0,66.594,40.978,41.969,42.417,3791.925,3871.359,31.574,31.574,2.4,20,20,219,same_worker,14,713934
yjit-off/puma-response-string-100kb/raptor-3r/repeat-1,yjit-off,false,puma-response-string-100kb,puma-response-time-wrk,puma/benchmarks/local/response_time_wrk,https://github.com/puma/puma/blob/main/benchmarks/local/response_time_wrk.rb,raptor-3r,3,raptor,3,,15287,1000,5.002,5.0,1000,6212,2.001,2.0,5,true,15287,0,3056.193,0.921,1.528,4.438,97.807,115.185,31.738,31.738,3.55,20,20,71,same_worker,219,10991061
yjit-off/puma-response-io-100kb/raptor-3r/repeat-1,yjit-off,false,puma-response-io-100kb,puma-response-time-wrk,puma/benchmarks/local/response_time_wrk,https://github.com/puma/puma/blob/main/benchmarks/local/response_time_wrk.rb,raptor-3r,3,raptor,3,,1000,1000,15.148,5.0,1000,1000,14.354,2.0,5,true,1000,0,66.015,40.977,41.978,42.839,3755.373,3874.15,41.512,41.512,4.2,20,20,221,same_worker,19,925325
yjit-off/puma-response-array-256kb/raptor-3r/repeat-1,yjit-off,false,puma-response-array-256kb,puma-response-time-wrk,puma/benchmarks/local/response_time_wrk,https://github.com/puma/puma/blob/main/benchmarks/local/response_time_wrk.rb,raptor-3r,3,raptor,3,,1000,1000,8.677,5.0,1000,1000,8.046,2.0,5,true,1000,0,115.241,40.958,42.015,42.85,2626.022,2897.475,41.523,41.523,4.3,20,20,127,same_worker,15,720138
yjit-off/puma-response-chunk-256kb/raptor-3r/repeat-1,yjit-off,false,puma-response-chunk-256kb,puma-response-time-wrk,puma/benchmarks/local/response_time_wrk,https://github.com/puma/puma/blob/main/benchmarks/local/response_time_wrk.rb,raptor-3r,3,raptor,3,,1000,1000,10.918,5.0,1000,1000,11.225,2.0,5,true,1000,0,91.593,40.99,42.034,42.933,2841.316,3127.033,41.523,41.523,4.415,20,20,159,same_worker,15,717408
yjit-off/puma-response-string-256kb/raptor-3r/repeat-1,yjit-off,false,puma-response-string-256kb,puma-response-time-wrk,puma/benchmarks/local/response_time_wrk,https://github.com/puma/puma/blob/main/benchmarks/local/response_time_wrk.rb,raptor-3r,3,raptor,3,,10899,1000,5.002,5.0,1000,4270,2.003,2.0,5,true,10899,0,2179.029,1.294,1.958,36.408,131.177,161.222,41.523,41.523,5.2,20,20,70,same_worker,159,7838813
yjit-off/puma-response-io-256kb/raptor-3r/repeat-1,yjit-off,false,puma-response-io-256kb,puma-response-time-wrk,puma/benchmarks/local/response_time_wrk,https://github.com/puma/puma/blob/main/benchmarks/local/response_time_wrk.rb,raptor-3r,3,raptor,3,,1000,1000,11.122,5.0,1000,1000,12.51,2.0,5,true,1000,0,89.916,41.199,42.257,43.052,2311.022,2908.875,53.645,53.645,5.72,20,20,162,same_worker,27,1236531
yjit-off/puma-response-array-512kb/raptor-3r/repeat-1,yjit-off,false,puma-response-array-512kb,puma-response-time-wrk,puma/benchmarks/local/response_time_wrk,https://github.com/puma/puma/blob/main/benchmarks/local/response_time_wrk.rb,raptor-3r,3,raptor,3,,1000,1000,12.507,5.0,1000,1000,11.696,2.0,5,true,1000,0,79.953,41.941,42.844,43.333,3478.89,3479.674,53.645,53.645,5.895,20,20,182,same_worker,15,719303
yjit-off/puma-response-chunk-512kb/raptor-3r/repeat-1,yjit-off,false,puma-response-chunk-512kb,puma-response-time-wrk,puma/benchmarks/local/response_time_wrk,https://github.com/puma/puma/blob/main/benchmarks/local/response_time_wrk.rb,raptor-3r,3,raptor,3,,1000,1000,12.692,5.0,1000,1000,13.481,2.0,5,true,1000,0,78.792,41.932,42.758,43.354,3322.912,3357.556,53.645,53.645,6.065,20,20,185,same_worker,14,716049
yjit-off/puma-response-string-512kb/raptor-3r/repeat-1,yjit-off,false,puma-response-string-512kb,puma-response-time-wrk,puma/benchmarks/local/response_time_wrk,https://github.com/puma/puma/blob/main/benchmarks/local/response_time_wrk.rb,raptor-3r,3,raptor,3,,7154,1000,5.003,5.0,1000,2974,2.003,2.0,5,true,7154,0,1429.818,1.795,3.094,40.462,204.536,273.741,53.645,53.645,6.545,20,20,68,same_worker,104,5143537
yjit-off/puma-response-io-512kb/raptor-3r/repeat-1,yjit-off,false,puma-response-io-512kb,puma-response-time-wrk,puma/benchmarks/local/response_time_wrk,https://github.com/puma/puma/blob/main/benchmarks/local/response_time_wrk.rb,raptor-3r,3,raptor,3,,1000,1000,14.334,5.0,1000,1000,14.111,2.0,5,true,1000,0,69.765,41.978,43.086,44.171,3552.326,3758.562,59.832,58.609,6.985,20,20,209,same_worker,40,1748621
yjit-off/puma-response-array-1024kb/raptor-3r/repeat-1,yjit-off,false,puma-response-array-1024kb,puma-response-time-wrk,puma/benchmarks/local/response_time_wrk,https://github.com/puma/puma/blob/main/benchmarks/local/response_time_wrk.rb,raptor-3r,3,raptor,3,,1000,1000,13.281,5.0,1000,1000,14.348,2.0,5,true,1000,0,75.294,42.126,43.942,45.465,3258.466,3373.163,58.609,58.609,7.335,20,20,193,same_worker,14,719289
yjit-off/puma-response-chunk-1024kb/raptor-3r/repeat-1,yjit-off,false,puma-response-chunk-1024kb,puma-response-time-wrk,puma/benchmarks/local/response_time_wrk,https://github.com/puma/puma/blob/main/benchmarks/local/response_time_wrk.rb,raptor-3r,3,raptor,3,,1000,1000,13.256,5.0,1000,1000,13.898,2.0,5,true,1000,0,75.436,42.578,43.999,45.602,3336.709,3607.274,58.609,58.609,7.705,20,20,193,same_worker,15,716309
yjit-off/puma-response-string-1024kb/raptor-3r/repeat-1,yjit-off,false,puma-response-string-1024kb,puma-response-time-wrk,puma/benchmarks/local/response_time_wrk,https://github.com/puma/puma/blob/main/benchmarks/local/response_time_wrk.rb,raptor-3r,3,raptor,3,,4855,1000,5.004,5.0,1000,1974,2.004,2.0,5,true,4855,0,970.209,2.818,5.125,12.695,308.494,324.465,58.609,58.609,8.06,20,20,66,same_worker,71,3491175
yjit-off/puma-response-io-1024kb/raptor-3r/repeat-1,yjit-off,false,puma-response-io-1024kb,puma-response-time-wrk,puma/benchmarks/local/response_time_wrk,https://github.com/puma/puma/blob/main/benchmarks/local/response_time_wrk.rb,raptor-3r,3,raptor,3,,1000,1000,15.442,5.0,1000,1000,15.106,2.0,5,true,1000,0,64.759,43.112,44.966,46.81,3851.95,3884.799,71.098,71.098,8.63,20,20,225,same_worker,67,2772936
yjit-off/puma-response-array-2048kb/raptor-3r/repeat-1,yjit-off,false,puma-response-array-2048kb,puma-response-time-wrk,puma/benchmarks/local/response_time_wrk,https://github.com/puma/puma/blob/main/benchmarks/local/response_time_wrk.rb,raptor-3r,3,raptor,3,,1000,1000,14.191,5.0,1000,1000,14.578,2.0,5,true,1000,0,70.469,44.138,47.028,49.765,3465.619,3478.888,71.098,71.098,9.365,20,20,206,same_worker,15,719295
yjit-off/puma-response-chunk-2048kb/raptor-3r/repeat-1,yjit-off,false,puma-response-chunk-2048kb,puma-response-time-wrk,puma/benchmarks/local/response_time_wrk,https://github.com/puma/puma/blob/main/benchmarks/local/response_time_wrk.rb,raptor-3r,3,raptor,3,,1000,1000,14.609,5.0,1000,1000,15.752,2.0,5,true,1000,0,68.451,44.248,47.903,51.598,3645.358,3719.448,71.098,71.098,10.08,20,20,211,same_worker,15,715322
yjit-off/puma-response-string-2048kb/raptor-3r/repeat-1,yjit-off,false,puma-response-string-2048kb,puma-response-time-wrk,puma/benchmarks/local/response_time_wrk,https://github.com/puma/puma/blob/main/benchmarks/local/response_time_wrk.rb,raptor-3r,3,raptor,3,,3046,1000,5.007,5.0,1000,1310,2.006,2.0,5,true,3046,0,608.396,4.838,6.342,13.131,493.627,502.991,73.027,73.027,10.445,20,20,63,same_worker,45,2190873
yjit-off/puma-response-io-2048kb/raptor-3r/repeat-1,yjit-off,false,puma-response-io-2048kb,puma-response-time-wrk,puma/benchmarks/local/response_time_wrk,https://github.com/puma/puma/blob/main/benchmarks/local/response_time_wrk.rb,raptor-3r,3,raptor,3,,1000,1000,15.982,5.0,1000,1000,16.904,2.0,5,true,1000,0,62.572,45.995,49.313,52.213,3901.623,4073.242,85.957,84.57,11.41,20,20,231,same_worker,116,4822508
yjit-off/puma-long-tail-fib-200ms-x6p0/raptor-3r/repeat-1,yjit-off,false,puma-long-tail-fib-200ms-x6p0,puma-long-tail-hey,puma/benchmarks/local/long_tail_hey + test/rackup/sleep_fibonacci,https://github.com/puma/puma/blob/main/benchmarks/local/long_tail_hey.rb,raptor-3r,3,raptor,3,,363,360,29.016,5.0,360,360,28.78,2.0,18,true,363,0,12.51,241.823,243.421,19619.936,24414.675,24415.232,84.996,84.996,21.1,20,20,414,same_worker,2,65408
yjit-off/puma-long-tail-fib-200ms-x4p0/raptor-3r/repeat-1,yjit-off,false,puma-long-tail-fib-200ms-x4p0,puma-long-tail-hey,puma/benchmarks/local/long_tail_hey + test/rackup/sleep_fibonacci,https://github.com/puma/puma/blob/main/benchmarks/local/long_tail_hey.rb,raptor-3r,3,raptor,3,,243,240,19.426,5.0,240,240,19.185,2.0,12,true,243,0,12.509,241.884,242.849,12813.965,14829.458,14829.684,85.105,85.105,29.6,20,20,278,same_worker,1,42897
yjit-off/puma-long-tail-fib-200ms-x3p0/raptor-3r/repeat-1,yjit-off,false,puma-long-tail-fib-200ms-x3p0,puma-long-tail-hey,puma/benchmarks/local/long_tail_hey + test/rackup/sleep_fibonacci,https://github.com/puma/puma/blob/main/benchmarks/local/long_tail_hey.rb,raptor-3r,3,raptor,3,,183,180,14.63,5.0,180,180,14.39,2.0,9,true,183,0,12.509,241.877,242.921,10024.18,10032.336,10033.915,85.137,85.137,35.175,20,20,209,same_worker,0,31797
yjit-off/puma-long-tail-fib-200ms-x2p0/raptor-3r/repeat-1,yjit-off,false,puma-long-tail-fib-200ms-x2p0,puma-long-tail-hey,puma/benchmarks/local/long_tail_hey + test/rackup/sleep_fibonacci,https://github.com/puma/puma/blob/main/benchmarks/local/long_tail_hey.rb,raptor-3r,3,raptor,3,,123,120,9.834,5.0,120,120,9.595,2.0,6,true,123,0,12.508,241.846,243.077,5230.056,5230.329,5230.367,85.137,85.137,38.805,20,20,141,same_worker,0,22740
yjit-off/puma-long-tail-fib-200ms-x1p5/raptor-3r/repeat-1,yjit-off,false,puma-long-tail-fib-200ms-x1p5,puma-long-tail-hey,puma/benchmarks/local/long_tail_hey + test/rackup/sleep_fibonacci,https://github.com/puma/puma/blob/main/benchmarks/local/long_tail_hey.rb,raptor-3r,3,raptor,3,,103,100,9.835,5.0,100,100,9.592,2.0,5,true,103,0,10.473,241.908,242.872,5134.091,5235.561,5235.749,85.145,85.145,41.48,20,20,142,same_worker,0,15543
yjit-off/puma-long-tail-fib-200ms-x1p0/raptor-3r/repeat-1,yjit-off,false,puma-long-tail-fib-200ms-x1p0,puma-long-tail-hey,puma/benchmarks/local/long_tail_hey + test/rackup/sleep_fibonacci,https://github.com/puma/puma/blob/main/benchmarks/local/long_tail_hey.rb,raptor-3r,3,raptor,3,,63,60,5.034,5.0,60,60,4.799,2.0,3,true,63,0,12.515,241.618,242.209,242.445,242.709,242.738,85.27,85.27,43.105,20,20,73,same_worker,0,11158
yjit-off/puma-long-tail-fib-200ms-x0p5/raptor-3r/repeat-1,yjit-off,false,puma-long-tail-fib-200ms-x0p5,puma-long-tail-hey,puma/benchmarks/local/long_tail_hey + test/rackup/sleep_fibonacci,https://github.com/puma/puma/blob/main/benchmarks/local/long_tail_hey.rb,raptor-3r,3,raptor,3,,42,40,5.042,5.0,40,40,4.797,2.0,2,true,42,0,8.331,241.928,242.774,243.002,243.108,243.12,85.277,85.277,44.1,20,20,74,same_worker,1,9061
yjit-off/puma-sleep-fibonacci-1ms/raptor-3r/repeat-1,yjit-off,false,puma-sleep-fibonacci-1ms,puma-sleep-fibonacci-test,puma/benchmarks/local/sleep_fibonacci_test + test/rackup/sleep_fibonacci,https://github.com/puma/puma/blob/main/benchmarks/local/sleep_fibonacci_test.rb,raptor-3r,3,raptor,3,,122,10,5.007,5.0,10,49,2.018,2.0,1,true,122,0,24.366,41.975,42.176,43.006,43.049,43.054,85.277,85.277,44.09,20,20,74,same_worker,0,21673
yjit-off/puma-sleep-fibonacci-5ms/raptor-3r/repeat-1,yjit-off,false,puma-sleep-fibonacci-5ms,puma-sleep-fibonacci-test,puma/benchmarks/local/sleep_fibonacci_test + test/rackup/sleep_fibonacci,https://github.com/puma/puma/blob/main/benchmarks/local/sleep_fibonacci_test.rb,raptor-3r,3,raptor,3,,110,10,5.033,5.0,10,44,2.025,2.0,1,true,110,0,21.856,46.966,47.158,48.027,48.045,48.047,85.332,85.332,43.785,20,20,75,same_worker,1,19733
yjit-off/puma-sleep-fibonacci-10ms/raptor-3r/repeat-1,yjit-off,false,puma-sleep-fibonacci-10ms,puma-sleep-fibonacci-test,puma/benchmarks/local/sleep_fibonacci_test + test/rackup/sleep_fibonacci,https://github.com/puma/puma/blob/main/benchmarks/local/sleep_fibonacci_test.rb,raptor-3r,3,raptor,3,,98,10,5.022,5.0,10,40,2.03,2.0,1,true,98,0,19.514,51.764,52.189,52.942,53.0,53.007,85.332,85.332,43.545,20,20,74,same_worker,0,15555
yjit-off/puma-sleep-fibonacci-50ms/raptor-3r/repeat-1,yjit-off,false,puma-sleep-fibonacci-50ms,puma-sleep-fibonacci-test,puma/benchmarks/local/sleep_fibonacci_test + test/rackup/sleep_fibonacci,https://github.com/puma/puma/blob/main/benchmarks/local/sleep_fibonacci_test.rb,raptor-3r,3,raptor,3,,55,10,5.013,5.0,10,23,2.073,2.0,1,true,55,0,10.972,91.946,92.933,92.963,92.965,92.965,85.332,85.332,43.435,20,20,74,same_worker,0,9872
yjit-off/puma-sleep-fibonacci-100ms/raptor-3r/repeat-1,yjit-off,false,puma-sleep-fibonacci-100ms,puma-sleep-fibonacci-test,puma/benchmarks/local/sleep_fibonacci_test + test/rackup/sleep_fibonacci,https://github.com/puma/puma/blob/main/benchmarks/local/sleep_fibonacci_test.rb,raptor-3r,3,raptor,3,,36,10,5.058,5.0,10,15,2.086,2.0,1,true,36,0,7.118,141.873,142.003,142.654,142.962,142.996,85.336,85.336,43.5,20,20,75,same_worker,0,6540
yjit-off/puma-sleep-fibonacci-200ms/raptor-3r/repeat-1,yjit-off,false,puma-sleep-fibonacci-200ms,puma-sleep-fibonacci-test,puma/benchmarks/local/sleep_fibonacci_test + test/rackup/sleep_fibonacci,https://github.com/puma/puma/blob/main/benchmarks/local/sleep_fibonacci_test.rb,raptor-3r,3,raptor,3,,21,10,5.045,5.0,10,10,2.377,2.0,1,true,21,0,4.163,241.974,242.9,243.094,243.138,243.143,85.336,85.336,43.585,20,20,75,same_worker,0,3816
yjit-off/puma-response-array-1kb/raptor-3r/repeat-2,yjit-off,false,puma-response-array-1kb,puma-response-time-wrk,puma/benchmarks/local/response_time_wrk,https://github.com/puma/puma/blob/main/benchmarks/local/response_time_wrk.rb,raptor-3r,3,raptor,3,,1000,1000,16.119,5.0,1000,1000,16.096,2.0,5,true,1000,0,62.038,40.986,41.967,42.362,4029.035,4031.363,29.762,29.762,2.945,20,20,235,same_worker,15,717618
yjit-off/puma-response-chunk-1kb/raptor-3r/repeat-2,yjit-off,false,puma-response-chunk-1kb,puma-response-time-wrk,puma/benchmarks/local/response_time_wrk,https://github.com/puma/puma/blob/main/benchmarks/local/response_time_wrk.rb,raptor-3r,3,raptor,3,,1000,1000,16.116,5.0,1000,1000,16.099,2.0,5,true,1000,0,62.05,40.985,41.972,42.367,4029.802,4030.905,29.852,29.852,2.39,20,20,235,same_worker,15,716320
yjit-off/puma-response-string-1kb/raptor-3r/repeat-2,yjit-off,false,puma-response-string-1kb,puma-response-time-wrk,puma/benchmarks/local/response_time_wrk,https://github.com/puma/puma/blob/main/benchmarks/local/response_time_wrk.rb,raptor-3r,3,raptor,3,,1000,1000,16.112,5.0,1000,1000,16.095,2.0,5,true,1000,0,62.065,40.984,41.965,42.23,4030.271,4034.132,29.973,29.973,2.29,20,20,235,same_worker,15,718541
yjit-off/puma-response-io-1kb/raptor-3r/repeat-2,yjit-off,false,puma-response-io-1kb,puma-response-time-wrk,puma/benchmarks/local/response_time_wrk,https://github.com/puma/puma/blob/main/benchmarks/local/response_time_wrk.rb,raptor-3r,3,raptor,3,,1000,1000,16.112,5.0,1000,1000,16.103,2.0,5,true,1000,0,62.066,40.986,41.97,42.189,4028.997,4029.896,30.191,30.191,2.205,20,20,235,same_worker,15,725752
yjit-off/puma-response-array-10kb/raptor-3r/repeat-2,yjit-off,false,puma-response-array-10kb,puma-response-time-wrk,puma/benchmarks/local/response_time_wrk,https://github.com/puma/puma/blob/main/benchmarks/local/response_time_wrk.rb,raptor-3r,3,raptor,3,,1000,1000,16.105,5.0,1000,1000,16.092,2.0,5,true,1000,0,62.091,40.983,41.957,42.267,4027.75,4028.921,30.219,30.219,2.2,20,20,235,same_worker,15,718820
yjit-off/puma-response-chunk-10kb/raptor-3r/repeat-2,yjit-off,false,puma-response-chunk-10kb,puma-response-time-wrk,puma/benchmarks/local/response_time_wrk,https://github.com/puma/puma/blob/main/benchmarks/local/response_time_wrk.rb,raptor-3r,3,raptor,3,,1000,1000,16.097,5.0,1000,1000,16.097,2.0,5,true,1000,0,62.124,40.981,41.951,42.16,4024.334,4066.771,30.223,30.223,2.2,20,20,235,same_worker,15,715735
yjit-off/puma-response-string-10kb/raptor-3r/repeat-2,yjit-off,false,puma-response-string-10kb,puma-response-time-wrk,puma/benchmarks/local/response_time_wrk,https://github.com/puma/puma/blob/main/benchmarks/local/response_time_wrk.rb,raptor-3r,3,raptor,3,,1000,1000,16.115,5.0,1000,1000,16.094,2.0,5,true,1000,0,62.054,40.988,41.946,42.282,4031.814,4032.216,30.223,30.223,2.2,20,20,235,same_worker,15,717968
yjit-off/puma-response-io-10kb/raptor-3r/repeat-2,yjit-off,false,puma-response-io-10kb,puma-response-time-wrk,puma/benchmarks/local/response_time_wrk,https://github.com/puma/puma/blob/main/benchmarks/local/response_time_wrk.rb,raptor-3r,3,raptor,3,,1000,1000,16.112,5.0,1000,1000,16.101,2.0,5,true,1000,0,62.066,40.984,41.945,42.184,4027.757,4028.805,31.203,31.203,2.2,20,20,235,same_worker,15,745303
yjit-off/puma-response-array-100kb/raptor-3r/repeat-2,yjit-off,false,puma-response-array-100kb,puma-response-time-wrk,puma/benchmarks/local/response_time_wrk,https://github.com/puma/puma/blob/main/benchmarks/local/response_time_wrk.rb,raptor-3r,3,raptor,3,,1000,1000,15.479,5.0,1000,1000,14.971,2.0,5,true,1000,0,64.604,40.974,41.965,42.173,3831.46,3950.952,31.219,31.219,2.255,20,20,226,same_worker,16,719307
yjit-off/puma-response-chunk-100kb/raptor-3r/repeat-2,yjit-off,false,puma-response-chunk-100kb,puma-response-time-wrk,puma/benchmarks/local/response_time_wrk,https://github.com/puma/puma/blob/main/benchmarks/local/response_time_wrk.rb,raptor-3r,3,raptor,3,,1000,1000,15.201,5.0,1000,1000,14.112,2.0,5,true,1000,0,65.785,40.977,41.973,42.31,3829.349,3830.323,31.219,31.219,2.3,20,20,222,same_worker,15,717654
yjit-off/puma-response-string-100kb/raptor-3r/repeat-2,yjit-off,false,puma-response-string-100kb,puma-response-time-wrk,puma/benchmarks/local/response_time_wrk,https://github.com/puma/puma/blob/main/benchmarks/local/response_time_wrk.rb,raptor-3r,3,raptor,3,,15094,1000,5.001,5.0,1000,6083,2.002,2.0,5,true,15094,0,3018.126,0.938,1.547,4.057,99.486,105.317,31.477,31.477,3.5,20,20,71,same_worker,229,10854099
yjit-off/puma-response-io-100kb/raptor-3r/repeat-2,yjit-off,false,puma-response-io-100kb,puma-response-time-wrk,puma/benchmarks/local/response_time_wrk,https://github.com/puma/puma/blob/main/benchmarks/local/response_time_wrk.rb,raptor-3r,3,raptor,3,,1000,1000,15.462,5.0,1000,1000,14.194,2.0,5,true,1000,0,64.675,40.979,41.98,42.76,3838.373,3876.501,38.883,38.883,4.1,20,20,226,same_worker,20,925329
yjit-off/puma-response-array-256kb/raptor-3r/repeat-2,yjit-off,false,puma-response-array-256kb,puma-response-time-wrk,puma/benchmarks/local/response_time_wrk,https://github.com/puma/puma/blob/main/benchmarks/local/response_time_wrk.rb,raptor-3r,3,raptor,3,,1001,1000,8.227,5.0,1000,1000,8.778,2.0,5,true,1001,0,121.669,40.898,42.021,43.263,2428.334,3151.635,38.883,38.883,4.255,20,20,120,same_worker,17,720862
yjit-off/puma-response-chunk-256kb/raptor-3r/repeat-2,yjit-off,false,puma-response-chunk-256kb,puma-response-time-wrk,puma/benchmarks/local/response_time_wrk,https://github.com/puma/puma/blob/main/benchmarks/local/response_time_wrk.rb,raptor-3r,3,raptor,3,,1000,1000,8.783,5.0,1000,1000,8.271,2.0,5,true,1000,0,113.861,40.949,42.018,42.938,2589.65,2882.871,38.883,38.883,4.4,20,20,129,same_worker,16,715805
yjit-off/puma-response-string-256kb/raptor-3r/repeat-2,yjit-off,false,puma-response-string-256kb,puma-response-time-wrk,puma/benchmarks/local/response_time_wrk,https://github.com/puma/puma/blob/main/benchmarks/local/response_time_wrk.rb,raptor-3r,3,raptor,3,,10773,1000,5.016,5.0,1000,4282,2.002,2.0,5,true,10773,0,2147.646,1.282,1.973,41.487,135.953,209.737,38.883,38.883,5.175,20,20,71,same_worker,175,7748301
yjit-off/puma-response-io-256kb/raptor-3r/repeat-2,yjit-off,false,puma-response-io-256kb,puma-response-time-wrk,puma/benchmarks/local/response_time_wrk,https://github.com/puma/puma/blob/main/benchmarks/local/response_time_wrk.rb,raptor-3r,3,raptor,3,,1000,1000,12.827,5.0,1000,1000,11.838,2.0,5,true,1000,0,77.959,41.717,42.742,43.302,3408.968,3452.63,54.695,54.695,5.7,20,20,187,same_worker,28,1238137
yjit-off/puma-response-array-512kb/raptor-3r/repeat-2,yjit-off,false,puma-response-array-512kb,puma-response-time-wrk,puma/benchmarks/local/response_time_wrk,https://github.com/puma/puma/blob/main/benchmarks/local/response_time_wrk.rb,raptor-3r,3,raptor,3,,1000,1000,11.488,5.0,1000,1000,10.673,2.0,5,true,1000,0,87.049,41.927,42.733,43.814,3173.753,3406.567,54.695,54.695,5.875,20,20,168,same_worker,16,719915
yjit-off/puma-response-chunk-512kb/raptor-3r/repeat-2,yjit-off,false,puma-response-chunk-512kb,puma-response-time-wrk,puma/benchmarks/local/response_time_wrk,https://github.com/puma/puma/blob/main/benchmarks/local/response_time_wrk.rb,raptor-3r,3,raptor,3,,1000,1000,10.664,5.0,1000,1000,12.385,2.0,5,true,1000,0,93.769,41.863,42.643,43.439,2424.27,2769.197,54.695,54.695,6.075,20,20,156,same_worker,16,716521
yjit-off/puma-response-string-512kb/raptor-3r/repeat-2,yjit-off,false,puma-response-string-512kb,puma-response-time-wrk,puma/benchmarks/local/response_time_wrk,https://github.com/puma/puma/blob/main/benchmarks/local/response_time_wrk.rb,raptor-3r,3,raptor,3,,7371,1000,5.002,5.0,1000,3015,2.005,2.0,5,true,7371,0,1473.514,1.813,2.882,43.74,204.595,236.914,54.695,54.695,6.57,20,20,68,same_worker,119,5301433
yjit-off/puma-response-io-512kb/raptor-3r/repeat-2,yjit-off,false,puma-response-io-512kb,puma-response-time-wrk,puma/benchmarks/local/response_time_wrk,https://github.com/puma/puma/blob/main/benchmarks/local/response_time_wrk.rb,raptor-3r,3,raptor,3,,1000,1000,13.675,5.0,1000,1000,14.997,2.0,5,true,1000,0,73.128,41.976,43.086,44.058,3230.879,3584.819,59.219,58.887,7.035,20,20,199,same_worker,42,1750571
yjit-off/puma-response-array-1024kb/raptor-3r/repeat-2,yjit-off,false,puma-response-array-1024kb,puma-response-time-wrk,puma/benchmarks/local/response_time_wrk,https://github.com/puma/puma/blob/main/benchmarks/local/response_time_wrk.rb,raptor-3r,3,raptor,3,,1000,1000,13.693,5.0,1000,1000,13.698,2.0,5,true,1000,0,73.028,42.675,43.969,48.39,3199.596,3292.368,58.887,58.887,7.355,20,20,199,same_worker,17,721043
yjit-off/puma-response-chunk-1024kb/raptor-3r/repeat-2,yjit-off,false,puma-response-chunk-1024kb,puma-response-time-wrk,puma/benchmarks/local/response_time_wrk,https://github.com/puma/puma/blob/main/benchmarks/local/response_time_wrk.rb,raptor-3r,3,raptor,3,,1000,1000,12.814,5.0,1000,1000,12.764,2.0,5,true,1000,0,78.042,42.677,44.109,46.729,3201.424,3244.422,58.887,58.887,7.735,20,20,187,same_worker,16,714914
yjit-off/puma-response-string-1024kb/raptor-3r/repeat-2,yjit-off,false,puma-response-string-1024kb,puma-response-time-wrk,puma/benchmarks/local/response_time_wrk,https://github.com/puma/puma/blob/main/benchmarks/local/response_time_wrk.rb,raptor-3r,3,raptor,3,,4712,1000,5.004,5.0,1000,1924,2.004,2.0,5,true,4712,0,941.584,2.87,5.11,14.357,312.399,326.516,60.367,60.367,8.105,20,20,66,same_worker,78,3388837
yjit-off/puma-response-io-1024kb/raptor-3r/repeat-2,yjit-off,false,puma-response-io-1024kb,puma-response-time-wrk,puma/benchmarks/local/response_time_wrk,https://github.com/puma/puma/blob/main/benchmarks/local/response_time_wrk.rb,raptor-3r,3,raptor,3,,1000,1000,14.516,5.0,1000,1000,14.961,2.0,5,true,1000,0,68.89,43.103,45.047,49.321,3517.419,3517.867,70.27,70.27,8.71,20,20,211,same_worker,70,2773529
yjit-off/puma-response-array-2048kb/raptor-3r/repeat-2,yjit-off,false,puma-response-array-2048kb,puma-response-time-wrk,puma/benchmarks/local/response_time_wrk,https://github.com/puma/puma/blob/main/benchmarks/local/response_time_wrk.rb,raptor-3r,3,raptor,3,,1000,1000,13.815,5.0,1000,1000,14.371,2.0,5,true,1000,0,72.384,43.98,47.199,49.702,3272.132,3514.794,70.27,70.27,9.475,20,20,200,same_worker,17,718297
yjit-off/puma-response-chunk-2048kb/raptor-3r/repeat-2,yjit-off,false,puma-response-chunk-2048kb,puma-response-time-wrk,puma/benchmarks/local/response_time_wrk,https://github.com/puma/puma/blob/main/benchmarks/local/response_time_wrk.rb,raptor-3r,3,raptor,3,,1000,1000,13.874,5.0,1000,1000,15.141,2.0,5,true,1000,0,72.078,43.999,46.522,49.074,3658.694,3660.799,70.27,70.27,10.2,20,20,201,same_worker,17,714454
yjit-off/puma-response-string-2048kb/raptor-3r/repeat-2,yjit-off,false,puma-response-string-2048kb,puma-response-time-wrk,puma/benchmarks/local/response_time_wrk,https://github.com/puma/puma/blob/main/benchmarks/local/response_time_wrk.rb,raptor-3r,3,raptor,3,,2905,1000,5.008,5.0,1000,1260,2.007,2.0,5,true,2905,0,580.12,5.069,6.932,13.411,520.143,532.624,72.273,72.273,10.55,20,20,63,same_worker,48,2089299
yjit-off/puma-response-io-2048kb/raptor-3r/repeat-2,yjit-off,false,puma-response-io-2048kb,puma-response-time-wrk,puma/benchmarks/local/response_time_wrk,https://github.com/puma/puma/blob/main/benchmarks/local/response_time_wrk.rb,raptor-3r,3,raptor,3,,1000,1000,15.902,5.0,1000,1000,16.438,2.0,5,true,1000,0,62.884,45.954,49.509,52.29,3998.79,4099.86,83.688,83.688,11.5,20,20,230,same_worker,134,4823337
yjit-off/puma-long-tail-fib-200ms-x6p0/raptor-3r/repeat-2,yjit-off,false,puma-long-tail-fib-200ms-x6p0,puma-long-tail-hey,puma/benchmarks/local/long_tail_hey + test/rackup/sleep_fibonacci,https://github.com/puma/puma/blob/main/benchmarks/local/long_tail_hey.rb,raptor-3r,3,raptor,3,,363,360,29.023,5.0,360,360,28.78,2.0,18,true,363,0,12.507,241.89,243.237,19620.096,24410.155,24410.257,80.723,80.723,21.355,20,20,414,same_worker,2,64453
yjit-off/puma-long-tail-fib-200ms-x4p0/raptor-3r/repeat-2,yjit-off,false,puma-long-tail-fib-200ms-x4p0,puma-long-tail-hey,puma/benchmarks/local/long_tail_hey + test/rackup/sleep_fibonacci,https://github.com/puma/puma/blob/main/benchmarks/local/long_tail_hey.rb,raptor-3r,3,raptor,3,,243,240,19.427,5.0,240,240,19.19,2.0,12,true,243,0,12.508,241.838,243.174,12813.698,14829.369,14829.922,80.75,80.75,29.99,20,20,278,same_worker,1,44150
yjit-off/puma-long-tail-fib-200ms-x3p0/raptor-3r/repeat-2,yjit-off,false,puma-long-tail-fib-200ms-x3p0,puma-long-tail-hey,puma/benchmarks/local/long_tail_hey + test/rackup/sleep_fibonacci,https://github.com/puma/puma/blob/main/benchmarks/local/long_tail_hey.rb,raptor-3r,3,raptor,3,,183,180,14.629,5.0,180,180,14.393,2.0,9,true,183,0,12.51,241.849,242.885,10026.276,10030.097,10030.192,80.773,80.773,35.645,20,20,209,same_worker,0,30272
yjit-off/puma-long-tail-fib-200ms-x2p0/raptor-3r/repeat-2,yjit-off,false,puma-long-tail-fib-200ms-x2p0,puma-long-tail-hey,puma/benchmarks/local/long_tail_hey + test/rackup/sleep_fibonacci,https://github.com/puma/puma/blob/main/benchmarks/local/long_tail_hey.rb,raptor-3r,3,raptor,3,,123,120,9.833,5.0,120,120,9.595,2.0,6,true,123,0,12.509,241.818,242.584,5234.826,5236.24,5236.43,80.777,80.777,39.32,20,20,141,same_worker,0,23683
yjit-off/puma-long-tail-fib-200ms-x1p5/raptor-3r/repeat-2,yjit-off,false,puma-long-tail-fib-200ms-x1p5,puma-long-tail-hey,puma/benchmarks/local/long_tail_hey + test/rackup/sleep_fibonacci,https://github.com/puma/puma/blob/main/benchmarks/local/long_tail_hey.rb,raptor-3r,3,raptor,3,,103,100,9.832,5.0,100,100,9.592,2.0,5,true,103,0,10.476,241.815,242.94,5134.053,5235.438,5235.619,80.781,80.781,42.02,20,20,142,same_worker,0,18039
yjit-off/puma-long-tail-fib-200ms-x1p0/raptor-3r/repeat-2,yjit-off,false,puma-long-tail-fib-200ms-x1p0,puma-long-tail-hey,puma/benchmarks/local/long_tail_hey + test/rackup/sleep_fibonacci,https://github.com/puma/puma/blob/main/benchmarks/local/long_tail_hey.rb,raptor-3r,3,raptor,3,,63,60,5.041,5.0,60,60,4.795,2.0,3,true,63,0,12.499,241.879,242.632,243.546,244.693,244.82,80.785,80.785,43.67,20,20,73,same_worker,0,9813
yjit-off/puma-long-tail-fib-200ms-x0p5/raptor-3r/repeat-2,yjit-off,false,puma-long-tail-fib-200ms-x0p5,puma-long-tail-hey,puma/benchmarks/local/long_tail_hey + test/rackup/sleep_fibonacci,https://github.com/puma/puma/blob/main/benchmarks/local/long_tail_hey.rb,raptor-3r,3,raptor,3,,42,40,5.041,5.0,40,40,4.799,2.0,2,true,42,0,8.332,241.892,242.555,242.764,242.85,242.859,80.785,80.785,44.68,20,20,74,same_worker,0,5960
yjit-off/puma-sleep-fibonacci-1ms/raptor-3r/repeat-2,yjit-off,false,puma-sleep-fibonacci-1ms,puma-sleep-fibonacci-test,puma/benchmarks/local/sleep_fibonacci_test + test/rackup/sleep_fibonacci,https://github.com/puma/puma/blob/main/benchmarks/local/sleep_fibonacci_test.rb,raptor-3r,3,raptor,3,,122,10,5.005,5.0,10,49,2.018,2.0,1,true,122,0,24.377,41.963,42.089,42.958,42.989,42.993,80.789,80.789,44.655,20,20,74,same_worker,0,21601
yjit-off/puma-sleep-fibonacci-5ms/raptor-3r/repeat-2,yjit-off,false,puma-sleep-fibonacci-5ms,puma-sleep-fibonacci-test,puma/benchmarks/local/sleep_fibonacci_test + test/rackup/sleep_fibonacci,https://github.com/puma/puma/blob/main/benchmarks/local/sleep_fibonacci_test.rb,raptor-3r,3,raptor,3,,110,10,5.04,5.0,10,44,2.028,2.0,1,true,110,0,21.826,46.963,47.145,47.92,48.014,48.017,80.797,80.797,44.35,20,20,75,same_worker,1,19769
yjit-off/puma-sleep-fibonacci-10ms/raptor-3r/repeat-2,yjit-off,false,puma-sleep-fibonacci-10ms,puma-sleep-fibonacci-test,puma/benchmarks/local/sleep_fibonacci_test + test/rackup/sleep_fibonacci,https://github.com/puma/puma/blob/main/benchmarks/local/sleep_fibonacci_test.rb,raptor-3r,3,raptor,3,,98,10,5.022,5.0,10,40,2.033,2.0,1,true,98,0,19.516,51.825,52.198,52.982,53.005,53.008,80.797,80.797,44.095,20,20,74,same_worker,1,17558
yjit-off/puma-sleep-fibonacci-50ms/raptor-3r/repeat-2,yjit-off,false,puma-sleep-fibonacci-50ms,puma-sleep-fibonacci-test,puma/benchmarks/local/sleep_fibonacci_test + test/rackup/sleep_fibonacci,https://github.com/puma/puma/blob/main/benchmarks/local/sleep_fibonacci_test.rb,raptor-3r,3,raptor,3,,55,10,5.009,5.0,10,23,2.071,2.0,1,true,55,0,10.98,91.938,92.233,92.804,92.838,92.842,80.797,80.797,44.0,20,20,74,same_worker,0,9872
yjit-off/puma-sleep-fibonacci-100ms/raptor-3r/repeat-2,yjit-off,false,puma-sleep-fibonacci-100ms,puma-sleep-fibonacci-test,puma/benchmarks/local/sleep_fibonacci_test + test/rackup/sleep_fibonacci,https://github.com/puma/puma/blob/main/benchmarks/local/sleep_fibonacci_test.rb,raptor-3r,3,raptor,3,,36,10,5.065,5.0,10,15,2.087,2.0,1,true,36,0,7.108,141.928,142.145,142.668,142.889,142.913,80.797,80.797,44.0,20,20,75,same_worker,0,6528
yjit-off/puma-sleep-fibonacci-200ms/raptor-3r/repeat-2,yjit-off,false,puma-sleep-fibonacci-200ms,puma-sleep-fibonacci-test,puma/benchmarks/local/sleep_fibonacci_test + test/rackup/sleep_fibonacci,https://github.com/puma/puma/blob/main/benchmarks/local/sleep_fibonacci_test.rb,raptor-3r,3,raptor,3,,21,10,5.037,5.0,10,10,2.38,2.0,1,true,21,0,4.169,241.881,242.285,242.31,242.316,242.317,80.797,80.797,44.105,20,20,75,same_worker,0,2219
yjit-off/puma-response-array-1kb/raptor-3r/repeat-3,yjit-off,false,puma-response-array-1kb,puma-response-time-wrk,puma/benchmarks/local/response_time_wrk,https://github.com/puma/puma/blob/main/benchmarks/local/response_time_wrk.rb,raptor-3r,3,raptor,3,,1000,1000,16.112,5.0,1000,1000,16.097,2.0,5,true,1000,0,62.066,40.983,41.962,42.207,4028.967,4029.339,28.336,28.336,3.005,20,20,235,same_worker,33,718523
yjit-off/puma-response-chunk-1kb/raptor-3r/repeat-3,yjit-off,false,puma-response-chunk-1kb,puma-response-time-wrk,puma/benchmarks/local/response_time_wrk,https://github.com/puma/puma/blob/main/benchmarks/local/response_time_wrk.rb,raptor-3r,3,raptor,3,,1000,1000,16.115,5.0,1000,1000,16.101,2.0,5,true,1000,0,62.054,40.984,41.954,42.34,4031.13,4031.227,28.344,28.344,2.485,20,20,235,same_worker,32,716386
yjit-off/puma-response-string-1kb/raptor-3r/repeat-3,yjit-off,false,puma-response-string-1kb,puma-response-time-wrk,puma/benchmarks/local/response_time_wrk,https://github.com/puma/puma/blob/main/benchmarks/local/response_time_wrk.rb,raptor-3r,3,raptor,3,,1000,1000,16.118,5.0,1000,1000,16.102,2.0,5,true,1000,0,62.044,40.989,41.968,42.246,4030.125,4030.599,28.344,28.344,2.365,20,20,235,same_worker,32,719359
yjit-off/puma-response-io-1kb/raptor-3r/repeat-3,yjit-off,false,puma-response-io-1kb,puma-response-time-wrk,puma/benchmarks/local/response_time_wrk,https://github.com/puma/puma/blob/main/benchmarks/local/response_time_wrk.rb,raptor-3r,3,raptor,3,,1000,1000,16.111,5.0,1000,1000,16.105,2.0,5,true,1000,0,62.068,40.988,41.976,42.41,4029.777,4033.27,28.387,28.387,2.3,20,20,235,same_worker,33,726809
yjit-off/puma-response-array-10kb/raptor-3r/repeat-3,yjit-off,false,puma-response-array-10kb,puma-response-time-wrk,puma/benchmarks/local/response_time_wrk,https://github.com/puma/puma/blob/main/benchmarks/local/response_time_wrk.rb,raptor-3r,3,raptor,3,,1000,1000,16.114,5.0,1000,1000,16.106,2.0,5,true,1000,0,62.057,40.985,41.941,42.375,4032.83,4035.183,28.395,28.395,2.3,20,20,235,same_worker,33,718229
yjit-off/puma-response-chunk-10kb/raptor-3r/repeat-3,yjit-off,false,puma-response-chunk-10kb,puma-response-time-wrk,puma/benchmarks/local/response_time_wrk,https://github.com/puma/puma/blob/main/benchmarks/local/response_time_wrk.rb,raptor-3r,3,raptor,3,,1000,1000,16.106,5.0,1000,1000,16.107,2.0,5,true,1000,0,62.089,40.982,41.955,42.277,4027.702,4032.483,28.398,28.398,2.3,20,20,235,same_worker,33,716377
yjit-off/puma-response-string-10kb/raptor-3r/repeat-3,yjit-off,false,puma-response-string-10kb,puma-response-time-wrk,puma/benchmarks/local/response_time_wrk,https://github.com/puma/puma/blob/main/benchmarks/local/response_time_wrk.rb,raptor-3r,3,raptor,3,,1000,1000,16.115,5.0,1000,1000,16.102,2.0,5,true,1000,0,62.055,40.985,41.947,42.321,4031.095,4031.982,28.418,28.418,2.3,20,20,235,same_worker,33,719657
yjit-off/puma-response-io-10kb/raptor-3r/repeat-3,yjit-off,false,puma-response-io-10kb,puma-response-time-wrk,puma/benchmarks/local/response_time_wrk,https://github.com/puma/puma/blob/main/benchmarks/local/response_time_wrk.rb,raptor-3r,3,raptor,3,,1000,1000,16.115,5.0,1000,1000,16.098,2.0,5,true,1000,0,62.054,40.985,41.96,42.282,4027.184,4028.306,28.996,28.996,2.3,20,20,235,same_worker,34,744418
yjit-off/puma-response-array-100kb/raptor-3r/repeat-3,yjit-off,false,puma-response-array-100kb,puma-response-time-wrk,puma/benchmarks/local/response_time_wrk,https://github.com/puma/puma/blob/main/benchmarks/local/response_time_wrk.rb,raptor-3r,3,raptor,3,,1000,1000,15.404,5.0,1000,1000,14.141,2.0,5,true,1000,0,64.919,40.975,41.962,42.155,3867.841,3906.228,28.996,28.996,2.38,20,20,225,same_worker,33,719376
yjit-off/puma-response-chunk-100kb/raptor-3r/repeat-3,yjit-off,false,puma-response-chunk-100kb,puma-response-time-wrk,puma/benchmarks/local/response_time_wrk,https://github.com/puma/puma/blob/main/benchmarks/local/response_time_wrk.rb,raptor-3r,3,raptor,3,,1000,1000,15.414,5.0,1000,1000,15.229,2.0,5,true,1000,0,64.876,40.978,41.972,42.387,3798.046,3872.996,28.996,28.996,2.45,20,20,225,same_worker,33,716377
yjit-off/puma-response-string-100kb/raptor-3r/repeat-3,yjit-off,false,puma-response-string-100kb,puma-response-time-wrk,puma/benchmarks/local/response_time_wrk,https://github.com/puma/puma/blob/main/benchmarks/local/response_time_wrk.rb,raptor-3r,3,raptor,3,,14837,1000,5.001,5.0,1000,6135,2.001,2.0,5,true,14837,0,2966.565,0.956,1.578,4.153,99.716,105.344,29.402,29.402,3.64,20,20,71,same_worker,501,10672272
yjit-off/puma-response-io-100kb/raptor-3r/repeat-3,yjit-off,false,puma-response-io-100kb,puma-response-time-wrk,puma/benchmarks/local/response_time_wrk,https://github.com/puma/puma/blob/main/benchmarks/local/response_time_wrk.rb,raptor-3r,3,raptor,3,,1000,1000,15.168,5.0,1000,1000,15.238,2.0,5,true,1000,0,65.927,40.983,41.987,42.763,3752.143,3759.199,34.027,34.027,4.28,20,20,221,same_worker,46,925425
yjit-off/puma-response-array-256kb/raptor-3r/repeat-3,yjit-off,false,puma-response-array-256kb,puma-response-time-wrk,puma/benchmarks/local/response_time_wrk,https://github.com/puma/puma/blob/main/benchmarks/local/response_time_wrk.rb,raptor-3r,3,raptor,3,,1000,1000,8.591,5.0,1000,1000,8.093,2.0,5,true,1000,0,116.396,40.944,42.025,42.962,2608.129,2800.733,34.027,34.027,4.36,20,20,126,same_worker,35,720523
yjit-off/puma-response-chunk-256kb/raptor-3r/repeat-3,yjit-off,false,puma-response-chunk-256kb,puma-response-time-wrk,puma/benchmarks/local/response_time_wrk,https://github.com/puma/puma/blob/main/benchmarks/local/response_time_wrk.rb,raptor-3r,3,raptor,3,,1001,1000,8.922,5.0,1000,1000,10.018,2.0,5,true,1001,0,112.195,40.937,42.006,43.003,2276.949,2315.135,34.027,34.027,4.53,20,20,131,same_worker,34,716066
yjit-off/puma-response-string-256kb/raptor-3r/repeat-3,yjit-off,false,puma-response-string-256kb,puma-response-time-wrk,puma/benchmarks/local/response_time_wrk,https://github.com/puma/puma/blob/main/benchmarks/local/response_time_wrk.rb,raptor-3r,3,raptor,3,,9635,1000,5.002,5.0,1000,4170,2.003,2.0,5,true,9635,0,1926.177,1.387,2.29,41.623,151.428,208.976,34.336,34.336,5.275,20,20,70,same_worker,337,6930275
yjit-off/puma-response-io-256kb/raptor-3r/repeat-3,yjit-off,false,puma-response-io-256kb,puma-response-time-wrk,puma/benchmarks/local/response_time_wrk,https://github.com/puma/puma/blob/main/benchmarks/local/response_time_wrk.rb,raptor-3r,3,raptor,3,,1000,1000,11.481,5.0,1000,1000,12.27,2.0,5,true,1000,0,87.104,41.722,42.734,43.444,2929.822,3048.956,40.238,40.238,5.765,20,20,168,same_worker,66,1237506
yjit-off/puma-response-array-512kb/raptor-3r/repeat-3,yjit-off,false,puma-response-array-512kb,puma-response-time-wrk,puma/benchmarks/local/response_time_wrk,https://github.com/puma/puma/blob/main/benchmarks/local/response_time_wrk.rb,raptor-3r,3,raptor,3,,1000,1000,11.509,5.0,1000,1000,12.563,2.0,5,true,1000,0,86.888,41.936,42.985,44.271,3241.966,3531.744,40.238,40.238,5.93,20,20,168,same_worker,36,720171
yjit-off/puma-response-chunk-512kb/raptor-3r/repeat-3,yjit-off,false,puma-response-chunk-512kb,puma-response-time-wrk,puma/benchmarks/local/response_time_wrk,https://github.com/puma/puma/blob/main/benchmarks/local/response_time_wrk.rb,raptor-3r,3,raptor,3,,1000,1000,10.789,5.0,1000,1000,12.115,2.0,5,true,1000,0,92.688,41.926,42.948,43.605,2932.22,2991.121,40.238,40.238,6.14,20,20,157,same_worker,35,717307
yjit-off/puma-response-string-512kb/raptor-3r/repeat-3,yjit-off,false,puma-response-string-512kb,puma-response-time-wrk,puma/benchmarks/local/response_time_wrk,https://github.com/puma/puma/blob/main/benchmarks/local/response_time_wrk.rb,raptor-3r,3,raptor,3,,7118,1000,5.074,5.0,1000,2967,2.003,2.0,5,true,7118,0,1402.822,1.854,3.021,18.577,208.257,238.02,40.238,40.238,6.65,20,20,70,same_worker,254,5120216
yjit-off/puma-response-io-512kb/raptor-3r/repeat-3,yjit-off,false,puma-response-io-512kb,puma-response-time-wrk,puma/benchmarks/local/response_time_wrk,https://github.com/puma/puma/blob/main/benchmarks/local/response_time_wrk.rb,raptor-3r,3,raptor,3,,1000,1000,12.444,5.0,1000,1000,14.508,2.0,5,true,1000,0,80.359,41.981,43.6,44.95,3317.451,3351.791,45.172,45.172,7.13,20,20,181,same_worker,103,1749249
yjit-off/puma-response-array-1024kb/raptor-3r/repeat-3,yjit-off,false,puma-response-array-1024kb,puma-response-time-wrk,puma/benchmarks/local/response_time_wrk,https://github.com/puma/puma/blob/main/benchmarks/local/response_time_wrk.rb,raptor-3r,3,raptor,3,,1000,1000,12.685,5.0,1000,1000,14.208,2.0,5,true,1000,0,78.831,42.706,44.588,46.557,2823.663,3214.492,45.172,45.172,7.515,20,20,184,same_worker,36,717981
yjit-off/puma-response-chunk-1024kb/raptor-3r/repeat-3,yjit-off,false,puma-response-chunk-1024kb,puma-response-time-wrk,puma/benchmarks/local/response_time_wrk,https://github.com/puma/puma/blob/main/benchmarks/local/response_time_wrk.rb,raptor-3r,3,raptor,3,,1000,1000,12.81,5.0,1000,1000,14.043,2.0,5,true,1000,0,78.064,42.671,44.162,45.84,2911.632,3219.089,45.172,45.172,7.87,20,20,186,same_worker,36,714801
yjit-off/puma-response-string-1024kb/raptor-3r/repeat-3,yjit-off,false,puma-response-string-1024kb,puma-response-time-wrk,puma/benchmarks/local/response_time_wrk,https://github.com/puma/puma/blob/main/benchmarks/local/response_time_wrk.rb,raptor-3r,3,raptor,3,,4826,1000,5.004,5.0,1000,2005,2.004,2.0,5,true,4826,0,964.412,2.826,4.966,14.839,317.022,322.25,46.641,46.641,8.265,20,20,65,same_worker,176,3468926
yjit-off/puma-response-io-1024kb/raptor-3r/repeat-3,yjit-off,false,puma-response-io-1024kb,puma-response-time-wrk,puma/benchmarks/local/response_time_wrk,https://github.com/puma/puma/blob/main/benchmarks/local/response_time_wrk.rb,raptor-3r,3,raptor,3,,1000,1000,14.379,5.0,1000,1000,15.189,2.0,5,true,1000,0,69.544,43.561,45.965,47.368,3637.486,3787.699,52.133,52.133,8.92,20,20,209,same_worker,158,2774859
yjit-off/puma-response-array-2048kb/raptor-3r/repeat-3,yjit-off,false,puma-response-array-2048kb,puma-response-time-wrk,puma/benchmarks/local/response_time_wrk,https://github.com/puma/puma/blob/main/benchmarks/local/response_time_wrk.rb,raptor-3r,3,raptor,3,,1000,1000,14.647,5.0,1000,1000,13.932,2.0,5,true,1000,0,68.272,44.033,46.359,48.038,3779.382,3885.754,52.133,52.133,9.685,20,20,213,same_worker,32,719356
yjit-off/puma-response-chunk-2048kb/raptor-3r/repeat-3,yjit-off,false,puma-response-chunk-2048kb,puma-response-time-wrk,puma/benchmarks/local/response_time_wrk,https://github.com/puma/puma/blob/main/benchmarks/local/response_time_wrk.rb,raptor-3r,3,raptor,3,,1000,1000,13.526,5.0,1000,1000,14.536,2.0,5,true,1000,0,73.934,44.0,47.699,50.087,3142.631,3151.321,52.133,52.133,10.455,20,20,195,same_worker,32,714817
yjit-off/puma-response-string-2048kb/raptor-3r/repeat-3,yjit-off,false,puma-response-string-2048kb,puma-response-time-wrk,puma/benchmarks/local/response_time_wrk,https://github.com/puma/puma/blob/main/benchmarks/local/response_time_wrk.rb,raptor-3r,3,raptor,3,,3020,1000,5.007,5.0,1000,1281,2.007,2.0,5,true,3020,0,603.206,4.886,6.578,13.218,489.621,497.295,58.145,58.145,10.795,20,20,63,same_worker,99,2170913
yjit-off/puma-response-io-2048kb/raptor-3r/repeat-3,yjit-off,false,puma-response-io-2048kb,puma-response-time-wrk,puma/benchmarks/local/response_time_wrk,https://github.com/puma/puma/blob/main/benchmarks/local/response_time_wrk.rb,raptor-3r,3,raptor,3,,1000,1000,16.292,5.0,1000,1000,17.156,2.0,5,true,1000,0,61.381,46.002,50.321,56.729,4000.385,4205.545,82.387,82.387,11.82,20,20,236,same_worker,221,4823365
yjit-off/puma-long-tail-fib-200ms-x6p0/raptor-3r/repeat-3,yjit-off,false,puma-long-tail-fib-200ms-x6p0,puma-long-tail-hey,puma/benchmarks/local/long_tail_hey + test/rackup/sleep_fibonacci,https://github.com/puma/puma/blob/main/benchmarks/local/long_tail_hey.rb,raptor-3r,3,raptor,3,,363,360,29.026,5.0,360,360,28.785,2.0,18,true,363,0,12.506,241.902,243.036,19627.576,24426.801,24428.249,82.676,82.676,21.63,20,20,414,same_worker,2,65249
yjit-off/puma-long-tail-fib-200ms-x4p0/raptor-3r/repeat-3,yjit-off,false,puma-long-tail-fib-200ms-x4p0,puma-long-tail-hey,puma/benchmarks/local/long_tail_hey + test/rackup/sleep_fibonacci,https://github.com/puma/puma/blob/main/benchmarks/local/long_tail_hey.rb,raptor-3r,3,raptor,3,,243,240,19.427,5.0,240,240,19.187,2.0,12,true,243,0,12.509,241.864,242.975,12811.088,14824.306,14824.39,82.711,82.711,30.19,20,20,278,same_worker,1,45975
yjit-off/puma-long-tail-fib-200ms-x3p0/raptor-3r/repeat-3,yjit-off,false,puma-long-tail-fib-200ms-x3p0,puma-long-tail-hey,puma/benchmarks/local/long_tail_hey + test/rackup/sleep_fibonacci,https://github.com/puma/puma/blob/main/benchmarks/local/long_tail_hey.rb,raptor-3r,3,raptor,3,,183,180,14.627,5.0,180,180,14.389,2.0,9,true,183,0,12.511,241.832,242.823,10028.779,10029.187,10029.248,82.738,82.738,35.82,20,20,210,same_worker,1,32447
yjit-off/puma-long-tail-fib-200ms-x2p0/raptor-3r/repeat-3,yjit-off,false,puma-long-tail-fib-200ms-x2p0,puma-long-tail-hey,puma/benchmarks/local/long_tail_hey + test/rackup/sleep_fibonacci,https://github.com/puma/puma/blob/main/benchmarks/local/long_tail_hey.rb,raptor-3r,3,raptor,3,,123,120,9.838,5.0,120,120,9.597,2.0,6,true,123,0,12.503,241.874,242.64,5234.457,5236.031,5236.231,82.738,82.738,39.46,20,20,142,same_worker,1,22731
yjit-off/puma-long-tail-fib-200ms-x1p5/raptor-3r/repeat-3,yjit-off,false,puma-long-tail-fib-200ms-x1p5,puma-long-tail-hey,puma/benchmarks/local/long_tail_hey + test/rackup/sleep_fibonacci,https://github.com/puma/puma/blob/main/benchmarks/local/long_tail_hey.rb,raptor-3r,3,raptor,3,,103,100,9.839,5.0,100,100,9.595,2.0,5,true,103,0,10.469,241.939,242.827,5136.468,5238.398,5238.633,82.742,82.742,42.155,20,20,142,same_worker,0,17400
yjit-off/puma-long-tail-fib-200ms-x1p0/raptor-3r/repeat-3,yjit-off,false,puma-long-tail-fib-200ms-x1p0,puma-long-tail-hey,puma/benchmarks/local/long_tail_hey + test/rackup/sleep_fibonacci,https://github.com/puma/puma/blob/main/benchmarks/local/long_tail_hey.rb,raptor-3r,3,raptor,3,,63,60,5.038,5.0,60,60,4.799,2.0,3,true,63,0,12.505,241.713,242.579,243.474,244.215,244.297,82.742,82.742,43.8,20,20,73,same_worker,0,10032
yjit-off/puma-long-tail-fib-200ms-x0p5/raptor-3r/repeat-3,yjit-off,false,puma-long-tail-fib-200ms-x0p5,puma-long-tail-hey,puma/benchmarks/local/long_tail_hey + test/rackup/sleep_fibonacci,https://github.com/puma/puma/blob/main/benchmarks/local/long_tail_hey.rb,raptor-3r,3,raptor,3,,42,40,5.036,5.0,40,40,4.795,2.0,2,true,42,0,8.34,241.73,242.252,242.264,242.266,242.266,82.742,82.742,44.8,20,20,74,same_worker,0,7990
yjit-off/puma-sleep-fibonacci-1ms/raptor-3r/repeat-3,yjit-off,false,puma-sleep-fibonacci-1ms,puma-sleep-fibonacci-test,puma/benchmarks/local/sleep_fibonacci_test + test/rackup/sleep_fibonacci,https://github.com/puma/puma/blob/main/benchmarks/local/sleep_fibonacci_test.rb,raptor-3r,3,raptor,3,,122,10,5.007,5.0,10,49,2.018,2.0,1,true,122,0,24.366,41.97,42.203,42.983,43.039,43.044,82.746,82.746,44.775,20,20,74,same_worker,1,22755
yjit-off/puma-sleep-fibonacci-5ms/raptor-3r/repeat-3,yjit-off,false,puma-sleep-fibonacci-5ms,puma-sleep-fibonacci-test,puma/benchmarks/local/sleep_fibonacci_test + test/rackup/sleep_fibonacci,https://github.com/puma/puma/blob/main/benchmarks/local/sleep_fibonacci_test.rb,raptor-3r,3,raptor,3,,109,10,5.001,5.0,10,44,2.027,2.0,1,true,109,0,21.794,46.977,47.976,48.053,48.379,48.418,82.754,82.754,44.47,20,20,74,same_worker,0,19331
yjit-off/puma-sleep-fibonacci-10ms/raptor-3r/repeat-3,yjit-off,false,puma-sleep-fibonacci-10ms,puma-sleep-fibonacci-test,puma/benchmarks/local/sleep_fibonacci_test + test/rackup/sleep_fibonacci,https://github.com/puma/puma/blob/main/benchmarks/local/sleep_fibonacci_test.rb,raptor-3r,3,raptor,3,,98,10,5.011,5.0,10,40,2.036,2.0,1,true,98,0,19.557,51.75,52.075,52.206,52.215,52.216,82.813,82.813,44.22,20,20,74,same_worker,1,15269
yjit-off/puma-sleep-fibonacci-50ms/raptor-3r/repeat-3,yjit-off,false,puma-sleep-fibonacci-50ms,puma-sleep-fibonacci-test,puma/benchmarks/local/sleep_fibonacci_test + test/rackup/sleep_fibonacci,https://github.com/puma/puma/blob/main/benchmarks/local/sleep_fibonacci_test.rb,raptor-3r,3,raptor,3,,55,10,5.01,5.0,10,23,2.069,2.0,1,true,55,0,10.978,91.943,92.233,92.804,92.925,92.938,82.824,82.824,44.1,20,20,74,same_worker,0,12139
yjit-off/puma-sleep-fibonacci-100ms/raptor-3r/repeat-3,yjit-off,false,puma-sleep-fibonacci-100ms,puma-sleep-fibonacci-test,puma/benchmarks/local/sleep_fibonacci_test + test/rackup/sleep_fibonacci,https://github.com/puma/puma/blob/main/benchmarks/local/sleep_fibonacci_test.rb,raptor-3r,3,raptor,3,,36,10,5.068,5.0,10,15,2.088,2.0,1,true,36,0,7.104,141.932,142.613,142.969,142.975,142.976,82.836,82.836,44.105,20,20,75,same_worker,0,6528
yjit-off/puma-sleep-fibonacci-200ms/raptor-3r/repeat-3,yjit-off,false,puma-sleep-fibonacci-200ms,puma-sleep-fibonacci-test,puma/benchmarks/local/sleep_fibonacci_test + test/rackup/sleep_fibonacci,https://github.com/puma/puma/blob/main/benchmarks/local/sleep_fibonacci_test.rb,raptor-3r,3,raptor,3,,21,10,5.039,5.0,10,10,2.378,2.0,1,true,21,0,4.168,241.946,242.022,242.054,242.061,242.061,82.844,82.844,44.23,20,20,75,same_worker,0,2279
yjit-off/puma-response-array-1kb/puma-1w-3t/repeat-1,yjit-off,false,puma-response-array-1kb,puma-response-time-wrk,puma/benchmarks/local/response_time_wrk,https://github.com/puma/puma/blob/main/benchmarks/local/response_time_wrk.rb,puma-1w-3t,3,puma,1,3,21158,1000,5.001,5.0,1000,8289,2.001,2.0,5,true,21158,0,4231.004,1.119,1.607,1.896,2.462,4.207,65.59,65.59,92.445,20,20,70,multiprocess_sample_only,,
yjit-off/puma-response-chunk-1kb/puma-1w-3t/repeat-1,yjit-off,false,puma-response-chunk-1kb,puma-response-time-wrk,puma/benchmarks/local/response_time_wrk,https://github.com/puma/puma/blob/main/benchmarks/local/response_time_wrk.rb,puma-1w-3t,3,puma,1,3,20665,1000,5.001,5.0,1000,8439,2.001,2.0,5,true,20665,0,4132.256,1.148,1.628,1.956,2.403,3.51,65.949,65.949,89.075,20,20,70,multiprocess_sample_only,,
yjit-off/puma-response-string-1kb/puma-1w-3t/repeat-1,yjit-off,false,puma-response-string-1kb,puma-response-time-wrk,puma/benchmarks/local/response_time_wrk,https://github.com/puma/puma/blob/main/benchmarks/local/response_time_wrk.rb,puma-1w-3t,3,puma,1,3,21198,1000,5.001,5.0,1000,8346,2.001,2.0,5,true,21198,0,4238.716,1.118,1.62,1.914,2.434,2.879,66.004,66.004,88.44,20,20,70,multiprocess_sample_only,,
yjit-off/puma-response-io-1kb/puma-1w-3t/repeat-1,yjit-off,false,puma-response-io-1kb,puma-response-time-wrk,puma/benchmarks/local/response_time_wrk,https://github.com/puma/puma/blob/main/benchmarks/local/response_time_wrk.rb,puma-1w-3t,3,puma,1,3,20628,1000,5.001,5.0,1000,8525,2.001,2.0,5,true,20628,0,4124.76,1.145,1.7,2.041,2.539,3.862,66.531,66.531,89.4,20,20,70,multiprocess_sample_only,,
yjit-off/puma-response-array-10kb/puma-1w-3t/repeat-1,yjit-off,false,puma-response-array-10kb,puma-response-time-wrk,puma/benchmarks/local/response_time_wrk,https://github.com/puma/puma/blob/main/benchmarks/local/response_time_wrk.rb,puma-1w-3t,3,puma,1,3,20612,1000,5.001,5.0,1000,8386,2.001,2.0,5,true,20612,0,4121.724,1.147,1.688,2.036,2.603,3.957,68.055,67.891,89.805,20,20,70,multiprocess_sample_only,,
yjit-off/puma-response-chunk-10kb/puma-1w-3t/repeat-1,yjit-off,false,puma-response-chunk-10kb,puma-response-time-wrk,puma/benchmarks/local/response_time_wrk,https://github.com/puma/puma/blob/main/benchmarks/local/response_time_wrk.rb,puma-1w-3t,3,puma,1,3,17749,1000,5.001,5.0,1000,7239,2.001,2.0,5,true,17749,0,3548.938,1.345,1.916,2.287,2.805,3.489,68.023,67.945,89.045,20,20,70,multiprocess_sample_only,,
yjit-off/puma-response-string-10kb/puma-1w-3t/repeat-1,yjit-off,false,puma-response-string-10kb,puma-response-time-wrk,puma/benchmarks/local/response_time_wrk,https://github.com/puma/puma/blob/main/benchmarks/local/response_time_wrk.rb,puma-1w-3t,3,puma,1,3,20518,1000,5.001,5.0,1000,8084,2.001,2.0,5,true,20518,0,4102.862,1.149,1.705,2.085,2.669,3.5,68.715,68.684,88.655,20,20,70,multiprocess_sample_only,,
yjit-off/puma-response-io-10kb/puma-1w-3t/repeat-1,yjit-off,false,puma-response-io-10kb,puma-response-time-wrk,puma/benchmarks/local/response_time_wrk,https://github.com/puma/puma/blob/main/benchmarks/local/response_time_wrk.rb,puma-1w-3t,3,puma,1,3,20257,1000,5.001,5.0,1000,8276,2.001,2.0,5,true,20257,0,4050.578,1.167,1.74,2.154,2.767,4.458,69.488,69.488,89.065,20,20,70,multiprocess_sample_only,,
yjit-off/puma-response-array-100kb/puma-1w-3t/repeat-1,yjit-off,false,puma-response-array-100kb,puma-response-time-wrk,puma/benchmarks/local/response_time_wrk,https://github.com/puma/puma/blob/main/benchmarks/local/response_time_wrk.rb,puma-1w-3t,3,puma,1,3,15576,1000,5.001,5.0,1000,6260,2.001,2.0,5,true,15576,0,3114.49,1.549,2.039,2.346,3.108,4.052,78.496,77.172,89.195,20,20,69,multiprocess_sample_only,,
yjit-off/puma-response-chunk-100kb/puma-1w-3t/repeat-1,yjit-off,false,puma-response-chunk-100kb,puma-response-time-wrk,puma/benchmarks/local/response_time_wrk,https://github.com/puma/puma/blob/main/benchmarks/local/response_time_wrk.rb,puma-1w-3t,3,puma,1,3,7669,1000,5.002,5.0,1000,3192,2.002,2.0,5,true,7669,0,1533.098,3.203,3.95,4.374,5.884,7.252,73.895,72.871,88.095,20,20,66,multiprocess_sample_only,,
yjit-off/puma-response-string-100kb/puma-1w-3t/repeat-1,yjit-off,false,puma-response-string-100kb,puma-response-time-wrk,puma/benchmarks/local/response_time_wrk,https://github.com/puma/puma/blob/main/benchmarks/local/response_time_wrk.rb,puma-1w-3t,3,puma,1,3,15634,1000,5.001,5.0,1000,6402,2.001,2.0,5,true,15634,0,3125.962,1.54,2.053,2.411,3.213,3.821,78.297,76.777,87.16,20,20,69,multiprocess_sample_only,,
yjit-off/puma-response-io-100kb/puma-1w-3t/repeat-1,yjit-off,false,puma-response-io-100kb,puma-response-time-wrk,puma/benchmarks/local/response_time_wrk,https://github.com/puma/puma/blob/main/benchmarks/local/response_time_wrk.rb,puma-1w-3t,3,puma,1,3,15332,1000,5.018,5.0,1000,6101,2.028,2.0,5,true,15332,0,3055.551,0.967,1.772,41.103,42.37,43.179,68.445,68.445,86.41,20,20,71,multiprocess_sample_only,,
yjit-off/puma-response-array-256kb/puma-1w-3t/repeat-1,yjit-off,false,puma-response-array-256kb,puma-response-time-wrk,puma/benchmarks/local/response_time_wrk,https://github.com/puma/puma/blob/main/benchmarks/local/response_time_wrk.rb,puma-1w-3t,3,puma,1,3,10495,1000,5.003,5.0,1000,4238,2.002,2.0,5,true,10495,0,2097.68,2.18,3.472,4.645,12.266,13.969,101.859,98.52,86.02,20,20,68,multiprocess_sample_only,,
yjit-off/puma-response-chunk-256kb/puma-1w-3t/repeat-1,yjit-off,false,puma-response-chunk-256kb,puma-response-time-wrk,puma/benchmarks/local/response_time_wrk,https://github.com/puma/puma/blob/main/benchmarks/local/response_time_wrk.rb,puma-1w-3t,3,puma,1,3,4239,1000,5.004,5.0,1000,1744,2.005,2.0,5,true,4239,0,847.083,5.842,6.993,7.547,10.76,11.729,77.961,76.273,85.12,20,20,61,multiprocess_sample_only,,
yjit-off/puma-response-string-256kb/puma-1w-3t/repeat-1,yjit-off,false,puma-response-string-256kb,puma-response-time-wrk,puma/benchmarks/local/response_time_wrk,https://github.com/puma/puma/blob/main/benchmarks/local/response_time_wrk.rb,puma-1w-3t,3,puma,1,3,10499,1000,5.002,5.0,1000,4360,2.002,2.0,5,true,10499,0,2099.125,2.169,3.334,4.732,12.603,13.089,73.641,73.641,83.735,20,20,67,multiprocess_sample_only,,
yjit-off/puma-response-io-256kb/puma-1w-3t/repeat-1,yjit-off,false,puma-response-io-256kb,puma-response-time-wrk,puma/benchmarks/local/response_time_wrk,https://github.com/puma/puma/blob/main/benchmarks/local/response_time_wrk.rb,puma-1w-3t,3,puma,1,3,10591,1000,5.002,5.0,1000,4249,2.001,2.0,5,true,10591,0,2117.307,2.15,3.239,4.425,12.927,44.8,73.641,73.641,82.33,20,20,67,multiprocess_sample_only,,
yjit-off/puma-response-array-512kb/puma-1w-3t/repeat-1,yjit-off,false,puma-response-array-512kb,puma-response-time-wrk,puma/benchmarks/local/response_time_wrk,https://github.com/puma/puma/blob/main/benchmarks/local/response_time_wrk.rb,puma-1w-3t,3,puma,1,3,7338,1000,5.002,5.0,1000,2949,2.002,2.0,5,true,7338,0,1467.011,3.043,5.174,14.272,16.086,18.219,119.605,111.172,81.95,20,20,65,multiprocess_sample_only,,
yjit-off/puma-response-chunk-512kb/puma-1w-3t/repeat-1,yjit-off,false,puma-response-chunk-512kb,puma-response-time-wrk,puma/benchmarks/local/response_time_wrk,https://github.com/puma/puma/blob/main/benchmarks/local/response_time_wrk.rb,puma-1w-3t,3,puma,1,3,2435,1000,5.006,5.0,1000,1000,2.01,2.0,5,true,2435,0,486.398,10.265,11.861,12.797,18.699,19.552,79.02,78.023,81.425,20,20,54,multiprocess_sample_only,,
yjit-off/puma-response-string-512kb/puma-1w-3t/repeat-1,yjit-off,false,puma-response-string-512kb,puma-response-time-wrk,puma/benchmarks/local/response_time_wrk,https://github.com/puma/puma/blob/main/benchmarks/local/response_time_wrk.rb,puma-1w-3t,3,puma,1,3,7530,1000,5.002,5.0,1000,3105,2.009,2.0,5,true,7530,0,1505.326,2.966,4.818,14.143,15.594,16.202,75.43,75.43,80.25,20,20,65,multiprocess_sample_only,,
yjit-off/puma-response-io-512kb/puma-1w-3t/repeat-1,yjit-off,false,puma-response-io-512kb,puma-response-time-wrk,puma/benchmarks/local/response_time_wrk,https://github.com/puma/puma/blob/main/benchmarks/local/response_time_wrk.rb,puma-1w-3t,3,puma,1,3,7521,1000,5.002,5.0,1000,2989,2.003,2.0,5,true,7521,0,1503.579,2.949,4.812,14.166,15.61,16.312,75.434,75.434,78.7,20,20,65,multiprocess_sample_only,,
yjit-off/puma-response-array-1024kb/puma-1w-3t/repeat-1,yjit-off,false,puma-response-array-1024kb,puma-response-time-wrk,puma/benchmarks/local/response_time_wrk,https://github.com/puma/puma/blob/main/benchmarks/local/response_time_wrk.rb,puma-1w-3t,3,puma,1,3,4626,1000,5.004,5.0,1000,1870,2.004,2.0,5,true,4626,0,924.375,5.051,7.057,17.3,19.849,20.688,117.719,115.715,78.125,20,20,62,multiprocess_sample_only,,
yjit-off/puma-response-chunk-1024kb/puma-1w-3t/repeat-1,yjit-off,false,puma-response-chunk-1024kb,puma-response-time-wrk,puma/benchmarks/local/response_time_wrk,https://github.com/puma/puma/blob/main/benchmarks/local/response_time_wrk.rb,puma-1w-3t,3,puma,1,3,1314,1000,5.015,5.0,1000,1000,3.712,2.0,5,true,1314,0,262.003,18.838,22.092,23.48,34.961,36.588,80.055,80.047,77.675,20,20,44,multiprocess_sample_only,,
yjit-off/puma-response-string-1024kb/puma-1w-3t/repeat-1,yjit-off,false,puma-response-string-1024kb,puma-response-time-wrk,puma/benchmarks/local/response_time_wrk,https://github.com/puma/puma/blob/main/benchmarks/local/response_time_wrk.rb,puma-1w-3t,3,puma,1,3,4784,1000,5.003,5.0,1000,1989,2.005,2.0,5,true,4784,0,956.139,4.718,7.345,17.956,20.076,20.87,78.781,78.781,76.58,20,20,61,multiprocess_sample_only,,
yjit-off/puma-response-io-1024kb/puma-1w-3t/repeat-1,yjit-off,false,puma-response-io-1024kb,puma-response-time-wrk,puma/benchmarks/local/response_time_wrk,https://github.com/puma/puma/blob/main/benchmarks/local/response_time_wrk.rb,puma-1w-3t,3,puma,1,3,4941,1000,5.004,5.0,1000,2061,2.008,2.0,5,true,4941,0,987.381,4.554,7.173,17.66,20.319,23.518,78.785,78.785,74.965,20,20,62,multiprocess_sample_only,,
yjit-off/puma-response-array-2048kb/puma-1w-3t/repeat-1,yjit-off,false,puma-response-array-2048kb,puma-response-time-wrk,puma/benchmarks/local/response_time_wrk,https://github.com/puma/puma/blob/main/benchmarks/local/response_time_wrk.rb,puma-1w-3t,3,puma,1,3,2901,1000,5.008,5.0,1000,1210,2.006,2.0,5,true,2901,0,579.325,8.343,13.385,15.802,17.587,19.334,131.625,96.297,75.03,20,20,67,multiprocess_sample_only,,
yjit-off/puma-response-chunk-2048kb/puma-1w-3t/repeat-1,yjit-off,false,puma-response-chunk-2048kb,puma-response-time-wrk,puma/benchmarks/local/response_time_wrk,https://github.com/puma/puma/blob/main/benchmarks/local/response_time_wrk.rb,puma-1w-3t,3,puma,1,3,1000,1000,7.053,5.0,1000,1000,6.571,2.0,5,true,1000,0,141.774,35.008,39.704,41.751,69.88,70.911,82.859,82.672,74.795,20,20,47,multiprocess_sample_only,,
yjit-off/puma-response-string-2048kb/puma-1w-3t/repeat-1,yjit-off,false,puma-response-string-2048kb,puma-response-time-wrk,puma/benchmarks/local/response_time_wrk,https://github.com/puma/puma/blob/main/benchmarks/local/response_time_wrk.rb,puma-1w-3t,3,puma,1,3,3074,1000,5.006,5.0,1000,1289,2.006,2.0,5,true,3074,0,614.116,7.991,9.571,10.364,14.856,16.151,84.984,84.984,73.75,20,20,57,multiprocess_sample_only,,
yjit-off/puma-response-io-2048kb/puma-1w-3t/repeat-1,yjit-off,false,puma-response-io-2048kb,puma-response-time-wrk,puma/benchmarks/local/response_time_wrk,https://github.com/puma/puma/blob/main/benchmarks/local/response_time_wrk.rb,puma-1w-3t,3,puma,1,3,3311,1000,5.006,5.0,1000,1410,2.005,2.0,5,true,3311,0,661.433,7.41,8.915,9.64,11.831,14.309,84.984,84.984,72.28,20,20,59,multiprocess_sample_only,,
yjit-off/puma-long-tail-fib-200ms-x6p0/puma-1w-3t/repeat-1,yjit-off,false,puma-long-tail-fib-200ms-x6p0,puma-long-tail-hey,puma/benchmarks/local/long_tail_hey + test/rackup/sleep_fibonacci,https://github.com/puma/puma/blob/main/benchmarks/local/long_tail_hey.rb,puma-1w-3t,3,puma,1,3,360,360,50.996,5.0,360,360,51.053,2.0,18,true,360,0,7.059,2549.045,2565.278,2567.284,2569.286,2569.293,105.254,105.254,79.295,20,20,734,multiprocess_sample_only,,
yjit-off/puma-long-tail-fib-200ms-x4p0/puma-1w-3t/repeat-1,yjit-off,false,puma-long-tail-fib-200ms-x4p0,puma-long-tail-hey,puma/benchmarks/local/long_tail_hey + test/rackup/sleep_fibonacci,https://github.com/puma/puma/blob/main/benchmarks/local/long_tail_hey.rb,puma-1w-3t,3,puma,1,3,240,240,34.004,5.0,240,240,34.04,2.0,12,true,240,0,7.058,1699.395,1714.461,1717.816,1719.584,1719.934,105.57,105.57,83.73,20,20,490,multiprocess_sample_only,,
yjit-off/puma-long-tail-fib-200ms-x3p0/puma-1w-3t/repeat-1,yjit-off,false,puma-long-tail-fib-200ms-x3p0,puma-long-tail-hey,puma/benchmarks/local/long_tail_hey + test/rackup/sleep_fibonacci,https://github.com/puma/puma/blob/main/benchmarks/local/long_tail_hey.rb,puma-1w-3t,3,puma,1,3,180,180,25.502,5.0,180,180,25.547,2.0,9,true,180,0,7.058,1274.553,1289.865,1297.478,1302.038,1302.238,105.707,105.707,85.9,20,20,368,multiprocess_sample_only,,
yjit-off/puma-long-tail-fib-200ms-x2p0/puma-1w-3t/repeat-1,yjit-off,false,puma-long-tail-fib-200ms-x2p0,puma-long-tail-hey,puma/benchmarks/local/long_tail_hey + test/rackup/sleep_fibonacci,https://github.com/puma/puma/blob/main/benchmarks/local/long_tail_hey.rb,puma-1w-3t,3,puma,1,3,120,120,16.988,5.0,120,120,17.033,2.0,6,true,120,0,7.064,848.423,860.268,867.077,868.998,869.073,105.773,105.773,87.075,20,20,246,multiprocess_sample_only,,
yjit-off/puma-long-tail-fib-200ms-x1p5/puma-1w-3t/repeat-1,yjit-off,false,puma-long-tail-fib-200ms-x1p5,puma-long-tail-hey,puma/benchmarks/local/long_tail_hey + test/rackup/sleep_fibonacci,https://github.com/puma/puma/blob/main/benchmarks/local/long_tail_hey.rb,puma-1w-3t,3,puma,1,3,100,100,14.164,5.0,100,100,14.198,2.0,5,true,100,0,7.06,817.681,852.355,854.078,854.658,854.722,105.773,105.773,87.855,20,20,205,multiprocess_sample_only,,
yjit-off/puma-long-tail-fib-200ms-x1p0/puma-1w-3t/repeat-1,yjit-off,false,puma-long-tail-fib-200ms-x1p0,puma-long-tail-hey,puma/benchmarks/local/long_tail_hey + test/rackup/sleep_fibonacci,https://github.com/puma/puma/blob/main/benchmarks/local/long_tail_hey.rb,puma-1w-3t,3,puma,1,3,60,60,8.501,5.0,60,60,8.51,2.0,3,true,60,0,7.058,424.961,431.645,433.213,433.721,433.778,105.777,105.777,88.33,20,20,124,multiprocess_sample_only,,
yjit-off/puma-long-tail-fib-200ms-x0p5/puma-1w-3t/repeat-1,yjit-off,false,puma-long-tail-fib-200ms-x0p5,puma-long-tail-hey,puma/benchmarks/local/long_tail_hey + test/rackup/sleep_fibonacci,https://github.com/puma/puma/blob/main/benchmarks/local/long_tail_hey.rb,puma-1w-3t,3,puma,1,3,40,40,5.657,5.0,40,40,5.661,2.0,2,true,40,0,7.071,282.726,284.649,285.674,286.215,286.275,105.777,105.777,88.615,20,20,83,multiprocess_sample_only,,
yjit-off/puma-sleep-fibonacci-1ms/puma-1w-3t/repeat-1,yjit-off,false,puma-sleep-fibonacci-1ms,puma-sleep-fibonacci-test,puma/benchmarks/local/sleep_fibonacci_test + test/rackup/sleep_fibonacci,https://github.com/puma/puma/blob/main/benchmarks/local/sleep_fibonacci_test.rb,puma-1w-3t,3,puma,1,3,3754,10,5.001,5.0,10,1510,2.001,2.0,1,true,3754,0,750.695,1.262,1.498,1.78,2.229,2.428,113.523,113.523,88.49,20,20,73,multiprocess_sample_only,,
yjit-off/puma-sleep-fibonacci-5ms/puma-1w-3t/repeat-1,yjit-off,false,puma-sleep-fibonacci-5ms,puma-sleep-fibonacci-test,puma/benchmarks/local/sleep_fibonacci_test + test/rackup/sleep_fibonacci,https://github.com/puma/puma/blob/main/benchmarks/local/sleep_fibonacci_test.rb,puma-1w-3t,3,puma,1,3,953,10,5.001,5.0,10,383,2.001,2.0,1,true,953,0,190.551,5.207,5.362,5.587,6.166,6.241,113.586,113.586,88.26,20,20,74,multiprocess_sample_only,,
yjit-off/puma-sleep-fibonacci-10ms/puma-1w-3t/repeat-1,yjit-off,false,puma-sleep-fibonacci-10ms,puma-sleep-fibonacci-test,puma/benchmarks/local/sleep_fibonacci_test + test/rackup/sleep_fibonacci,https://github.com/puma/puma/blob/main/benchmarks/local/sleep_fibonacci_test.rb,puma-1w-3t,3,puma,1,3,486,10,5.0,5.0,10,195,2.01,2.0,1,true,486,0,97.194,10.238,10.461,10.597,11.165,11.621,113.586,113.586,88.045,20,20,74,multiprocess_sample_only,,
yjit-off/puma-sleep-fibonacci-50ms/puma-1w-3t/repeat-1,yjit-off,false,puma-sleep-fibonacci-50ms,puma-sleep-fibonacci-test,puma/benchmarks/local/sleep_fibonacci_test + test/rackup/sleep_fibonacci,https://github.com/puma/puma/blob/main/benchmarks/local/sleep_fibonacci_test.rb,puma-1w-3t,3,puma,1,3,99,10,5.009,5.0,10,40,2.027,2.0,1,true,99,0,19.763,50.525,50.769,51.259,51.357,51.368,113.648,113.648,87.81,20,20,74,multiprocess_sample_only,,
yjit-off/puma-sleep-fibonacci-100ms/puma-1w-3t/repeat-1,yjit-off,false,puma-sleep-fibonacci-100ms,puma-sleep-fibonacci-test,puma/benchmarks/local/sleep_fibonacci_test + test/rackup/sleep_fibonacci,https://github.com/puma/puma/blob/main/benchmarks/local/sleep_fibonacci_test.rb,puma-1w-3t,3,puma,1,3,50,10,5.033,5.0,10,20,2.011,2.0,1,true,50,0,9.934,100.598,100.775,100.859,100.887,100.89,113.648,113.648,87.585,20,20,74,multiprocess_sample_only,,
yjit-off/puma-sleep-fibonacci-200ms/puma-1w-3t/repeat-1,yjit-off,false,puma-sleep-fibonacci-200ms,puma-sleep-fibonacci-test,puma/benchmarks/local/sleep_fibonacci_test + test/rackup/sleep_fibonacci,https://github.com/puma/puma/blob/main/benchmarks/local/sleep_fibonacci_test.rb,puma-1w-3t,3,puma,1,3,25,10,5.02,5.0,10,10,2.009,2.0,1,true,25,0,4.98,200.666,201.007,201.485,201.615,201.63,113.652,113.652,87.365,20,20,74,multiprocess_sample_only,,
yjit-off/puma-response-array-1kb/puma-1w-3t/repeat-2,yjit-off,false,puma-response-array-1kb,puma-response-time-wrk,puma/benchmarks/local/response_time_wrk,https://github.com/puma/puma/blob/main/benchmarks/local/response_time_wrk.rb,puma-1w-3t,3,puma,1,3,21036,1000,5.001,5.0,1000,8320,2.001,2.0,5,true,21036,0,4206.527,1.126,1.61,1.929,2.363,2.969,65.336,65.336,93.065,20,20,70,multiprocess_sample_only,,
yjit-off/puma-response-chunk-1kb/puma-1w-3t/repeat-2,yjit-off,false,puma-response-chunk-1kb,puma-response-time-wrk,puma/benchmarks/local/response_time_wrk,https://github.com/puma/puma/blob/main/benchmarks/local/response_time_wrk.rb,puma-1w-3t,3,puma,1,3,20709,1000,5.001,5.0,1000,8510,2.001,2.0,5,true,20709,0,4140.819,1.145,1.618,1.971,2.604,3.37,65.801,65.801,89.21,20,20,70,multiprocess_sample_only,,
yjit-off/puma-response-string-1kb/puma-1w-3t/repeat-2,yjit-off,false,puma-response-string-1kb,puma-response-time-wrk,puma/benchmarks/local/response_time_wrk,https://github.com/puma/puma/blob/main/benchmarks/local/response_time_wrk.rb,puma-1w-3t,3,puma,1,3,21159,1000,5.001,5.0,1000,8484,2.001,2.0,5,true,21159,0,4231.237,1.119,1.614,1.98,2.524,3.38,65.887,65.656,88.475,20,20,70,multiprocess_sample_only,,
yjit-off/puma-response-io-1kb/puma-1w-3t/repeat-2,yjit-off,false,puma-response-io-1kb,puma-response-time-wrk,puma/benchmarks/local/response_time_wrk,https://github.com/puma/puma/blob/main/benchmarks/local/response_time_wrk.rb,puma-1w-3t,3,puma,1,3,20677,1000,5.001,5.0,1000,8529,2.002,2.0,5,true,20677,0,4134.618,1.143,1.679,2.076,2.667,4.039,66.063,66.063,89.39,20,20,70,multiprocess_sample_only,,
yjit-off/puma-response-array-10kb/puma-1w-3t/repeat-2,yjit-off,false,puma-response-array-10kb,puma-response-time-wrk,puma/benchmarks/local/response_time_wrk,https://github.com/puma/puma/blob/main/benchmarks/local/response_time_wrk.rb,puma-1w-3t,3,puma,1,3,20760,1000,5.001,5.0,1000,8288,2.002,2.0,5,true,20760,0,4151.335,1.14,1.665,2.046,2.657,3.414,67.578,67.578,89.795,20,20,70,multiprocess_sample_only,,
yjit-off/puma-response-chunk-10kb/puma-1w-3t/repeat-2,yjit-off,false,puma-response-chunk-10kb,puma-response-time-wrk,puma/benchmarks/local/response_time_wrk,https://github.com/puma/puma/blob/main/benchmarks/local/response_time_wrk.rb,puma-1w-3t,3,puma,1,3,17864,1000,5.001,5.0,1000,7331,2.001,2.0,5,true,17864,0,3572.188,1.339,1.889,2.296,2.968,4.661,67.734,67.688,89.045,20,20,70,multiprocess_sample_only,,
yjit-off/puma-response-string-10kb/puma-1w-3t/repeat-2,yjit-off,false,puma-response-string-10kb,puma-response-time-wrk,puma/benchmarks/local/response_time_wrk,https://github.com/puma/puma/blob/main/benchmarks/local/response_time_wrk.rb,puma-1w-3t,3,puma,1,3,20761,1000,5.001,5.0,1000,8372,2.001,2.0,5,true,20761,0,4151.057,1.138,1.643,2.001,2.737,4.662,68.383,68.336,88.57,20,20,70,multiprocess_sample_only,,
yjit-off/puma-response-io-10kb/puma-1w-3t/repeat-2,yjit-off,false,puma-response-io-10kb,puma-response-time-wrk,puma/benchmarks/local/response_time_wrk,https://github.com/puma/puma/blob/main/benchmarks/local/response_time_wrk.rb,puma-1w-3t,3,puma,1,3,20400,1000,5.001,5.0,1000,8354,2.001,2.0,5,true,20400,0,4078.953,1.164,1.667,2.044,2.586,3.243,69.465,69.031,89.115,20,20,70,multiprocess_sample_only,,
yjit-off/puma-response-array-100kb/puma-1w-3t/repeat-2,yjit-off,false,puma-response-array-100kb,puma-response-time-wrk,puma/benchmarks/local/response_time_wrk,https://github.com/puma/puma/blob/main/benchmarks/local/response_time_wrk.rb,puma-1w-3t,3,puma,1,3,15679,1000,5.001,5.0,1000,6383,2.001,2.0,5,true,15679,0,3135.019,1.535,2.051,2.393,3.185,4.0,78.004,77.09,89.34,20,20,70,multiprocess_sample_only,,
yjit-off/puma-response-chunk-100kb/puma-1w-3t/repeat-2,yjit-off,false,puma-response-chunk-100kb,puma-response-time-wrk,puma/benchmarks/local/response_time_wrk,https://github.com/puma/puma/blob/main/benchmarks/local/response_time_wrk.rb,puma-1w-3t,3,puma,1,3,7774,1000,5.002,5.0,1000,3186,2.003,2.0,5,true,7774,0,1554.055,3.152,3.925,4.375,5.803,6.393,73.512,72.973,88.095,20,20,66,multiprocess_sample_only,,
yjit-off/puma-response-string-100kb/puma-1w-3t/repeat-2,yjit-off,false,puma-response-string-100kb,puma-response-time-wrk,puma/benchmarks/local/response_time_wrk,https://github.com/puma/puma/blob/main/benchmarks/local/response_time_wrk.rb,puma-1w-3t,3,puma,1,3,15688,1000,5.001,5.0,1000,6302,2.001,2.0,5,true,15688,0,3136.857,1.529,2.041,2.36,3.136,3.934,77.805,76.688,87.135,20,20,69,multiprocess_sample_only,,
yjit-off/puma-response-io-100kb/puma-1w-3t/repeat-2,yjit-off,false,puma-response-io-100kb,puma-response-time-wrk,puma/benchmarks/local/response_time_wrk,https://github.com/puma/puma/blob/main/benchmarks/local/response_time_wrk.rb,puma-1w-3t,3,puma,1,3,14846,1000,5.032,5.0,1000,6058,2.015,2.0,5,true,14846,0,2950.585,0.834,1.719,41.187,42.382,43.043,67.578,67.578,86.305,20,20,71,multiprocess_sample_only,,
yjit-off/puma-response-array-256kb/puma-1w-3t/repeat-2,yjit-off,false,puma-response-array-256kb,puma-response-time-wrk,puma/benchmarks/local/response_time_wrk,https://github.com/puma/puma/blob/main/benchmarks/local/response_time_wrk.rb,puma-1w-3t,3,puma,1,3,10195,1000,5.002,5.0,1000,4151,2.002,2.0,5,true,10195,0,2038.369,2.206,3.661,5.201,13.729,14.24,99.078,95.273,85.705,20,20,67,multiprocess_sample_only,,
yjit-off/puma-response-chunk-256kb/puma-1w-3t/repeat-2,yjit-off,false,puma-response-chunk-256kb,puma-response-time-wrk,puma/benchmarks/local/response_time_wrk,https://github.com/puma/puma/blob/main/benchmarks/local/response_time_wrk.rb,puma-1w-3t,3,puma,1,3,4181,1000,5.005,5.0,1000,1757,2.004,2.0,5,true,4181,0,835.429,5.937,7.007,7.558,9.852,12.145,77.469,75.953,84.765,20,20,61,multiprocess_sample_only,,
yjit-off/puma-response-string-256kb/puma-1w-3t/repeat-2,yjit-off,false,puma-response-string-256kb,puma-response-time-wrk,puma/benchmarks/local/response_time_wrk,https://github.com/puma/puma/blob/main/benchmarks/local/response_time_wrk.rb,puma-1w-3t,3,puma,1,3,10560,1000,5.001,5.0,1000,4329,2.002,2.0,5,true,10560,0,2111.435,2.123,3.456,4.909,13.925,14.961,71.398,71.398,83.36,20,20,67,multiprocess_sample_only,,
yjit-off/puma-response-io-256kb/puma-1w-3t/repeat-2,yjit-off,false,puma-response-io-256kb,puma-response-time-wrk,puma/benchmarks/local/response_time_wrk,https://github.com/puma/puma/blob/main/benchmarks/local/response_time_wrk.rb,puma-1w-3t,3,puma,1,3,10332,1000,5.003,5.0,1000,4193,2.001,2.0,5,true,10332,0,2065.21,2.16,3.589,4.988,14.305,16.303,71.398,71.398,81.88,20,20,67,multiprocess_sample_only,,
yjit-off/puma-response-array-512kb/puma-1w-3t/repeat-2,yjit-off,false,puma-response-array-512kb,puma-response-time-wrk,puma/benchmarks/local/response_time_wrk,https://github.com/puma/puma/blob/main/benchmarks/local/response_time_wrk.rb,puma-1w-3t,3,puma,1,3,7248,1000,5.01,5.0,1000,2856,2.002,2.0,5,true,7248,0,1446.62,3.049,5.215,15.126,16.952,17.441,116.984,107.898,81.33,20,20,65,multiprocess_sample_only,,
yjit-off/puma-response-chunk-512kb/puma-1w-3t/repeat-2,yjit-off,false,puma-response-chunk-512kb,puma-response-time-wrk,puma/benchmarks/local/response_time_wrk,https://github.com/puma/puma/blob/main/benchmarks/local/response_time_wrk.rb,puma-1w-3t,3,puma,1,3,2418,1000,5.007,5.0,1000,1017,2.009,2.0,5,true,2418,0,482.92,10.244,12.121,13.085,18.224,20.679,81.473,81.473,80.73,20,20,54,multiprocess_sample_only,,
yjit-off/puma-response-string-512kb/puma-1w-3t/repeat-2,yjit-off,false,puma-response-string-512kb,puma-response-time-wrk,puma/benchmarks/local/response_time_wrk,https://github.com/puma/puma/blob/main/benchmarks/local/response_time_wrk.rb,puma-1w-3t,3,puma,1,3,7253,1000,5.003,5.0,1000,2940,2.002,2.0,5,true,7253,0,1449.709,3.016,5.588,15.509,17.565,19.702,73.234,73.234,79.475,20,20,65,multiprocess_sample_only,,
yjit-off/puma-response-io-512kb/puma-1w-3t/repeat-2,yjit-off,false,puma-response-io-512kb,puma-response-time-wrk,puma/benchmarks/local/response_time_wrk,https://github.com/puma/puma/blob/main/benchmarks/local/response_time_wrk.rb,puma-1w-3t,3,puma,1,3,7274,1000,5.003,5.0,1000,2979,2.002,2.0,5,true,7274,0,1453.954,3.012,5.194,15.481,17.025,207.765,73.238,73.238,77.87,20,20,65,multiprocess_sample_only,,
yjit-off/puma-response-array-1024kb/puma-1w-3t/repeat-2,yjit-off,false,puma-response-array-1024kb,puma-response-time-wrk,puma/benchmarks/local/response_time_wrk,https://github.com/puma/puma/blob/main/benchmarks/local/response_time_wrk.rb,puma-1w-3t,3,puma,1,3,4584,1000,5.004,5.0,1000,1796,2.003,2.0,5,true,4584,0,916.151,4.985,7.482,18.945,21.967,26.958,115.16,112.758,77.225,20,20,61,multiprocess_sample_only,,
yjit-off/puma-response-chunk-1024kb/puma-1w-3t/repeat-2,yjit-off,false,puma-response-chunk-1024kb,puma-response-time-wrk,puma/benchmarks/local/response_time_wrk,https://github.com/puma/puma/blob/main/benchmarks/local/response_time_wrk.rb,puma-1w-3t,3,puma,1,3,1302,1000,5.013,5.0,1000,1000,3.685,2.0,5,true,1302,0,259.715,19.262,21.934,23.058,34.723,35.104,88.262,86.625,76.8,20,20,44,multiprocess_sample_only,,
yjit-off/puma-response-string-1024kb/puma-1w-3t/repeat-2,yjit-off,false,puma-response-string-1024kb,puma-response-time-wrk,puma/benchmarks/local/response_time_wrk,https://github.com/puma/puma/blob/main/benchmarks/local/response_time_wrk.rb,puma-1w-3t,3,puma,1,3,4903,1000,5.004,5.0,1000,1998,2.004,2.0,5,true,4903,0,979.881,4.639,6.783,18.392,21.338,21.668,80.789,80.789,75.75,20,20,62,multiprocess_sample_only,,
yjit-off/puma-response-io-1024kb/puma-1w-3t/repeat-2,yjit-off,false,puma-response-io-1024kb,puma-response-time-wrk,puma/benchmarks/local/response_time_wrk,https://github.com/puma/puma/blob/main/benchmarks/local/response_time_wrk.rb,puma-1w-3t,3,puma,1,3,5064,1000,5.007,5.0,1000,2058,2.005,2.0,5,true,5064,0,1011.373,4.437,6.765,18.444,20.708,26.808,80.793,80.793,74.175,20,20,63,multiprocess_sample_only,,
yjit-off/puma-response-array-2048kb/puma-1w-3t/repeat-2,yjit-off,false,puma-response-array-2048kb,puma-response-time-wrk,puma/benchmarks/local/response_time_wrk,https://github.com/puma/puma/blob/main/benchmarks/local/response_time_wrk.rb,puma-1w-3t,3,puma,1,3,2845,1000,5.006,5.0,1000,1098,2.009,2.0,5,true,2845,0,568.317,8.659,12.987,15.438,17.203,19.045,111.582,97.734,74.24,20,20,64,multiprocess_sample_only,,
yjit-off/puma-response-chunk-2048kb/puma-1w-3t/repeat-2,yjit-off,false,puma-response-chunk-2048kb,puma-response-time-wrk,puma/benchmarks/local/response_time_wrk,https://github.com/puma/puma/blob/main/benchmarks/local/response_time_wrk.rb,puma-1w-3t,3,puma,1,3,1000,1000,7.037,5.0,1000,1000,6.644,2.0,5,true,1000,0,142.111,34.629,40.103,42.281,65.26,67.476,86.184,82.195,73.99,20,20,47,multiprocess_sample_only,,
yjit-off/puma-response-string-2048kb/puma-1w-3t/repeat-2,yjit-off,false,puma-response-string-2048kb,puma-response-time-wrk,puma/benchmarks/local/response_time_wrk,https://github.com/puma/puma/blob/main/benchmarks/local/response_time_wrk.rb,puma-1w-3t,3,puma,1,3,3007,1000,5.007,5.0,1000,1223,2.007,2.0,5,true,3007,0,600.563,8.227,9.503,10.269,14.903,16.65,84.203,84.203,72.97,20,20,57,multiprocess_sample_only,,
yjit-off/puma-response-io-2048kb/puma-1w-3t/repeat-2,yjit-off,false,puma-response-io-2048kb,puma-response-time-wrk,puma/benchmarks/local/response_time_wrk,https://github.com/puma/puma/blob/main/benchmarks/local/response_time_wrk.rb,puma-1w-3t,3,puma,1,3,3155,1000,5.009,5.0,1000,1272,2.007,2.0,5,true,3155,0,629.882,7.787,9.234,10.126,15.027,15.444,84.203,84.203,71.49,20,20,58,multiprocess_sample_only,,
yjit-off/puma-long-tail-fib-200ms-x6p0/puma-1w-3t/repeat-2,yjit-off,false,puma-long-tail-fib-200ms-x6p0,puma-long-tail-hey,puma/benchmarks/local/long_tail_hey + test/rackup/sleep_fibonacci,https://github.com/puma/puma/blob/main/benchmarks/local/long_tail_hey.rb,puma-1w-3t,3,puma,1,3,360,360,51.027,5.0,360,360,51.122,2.0,18,true,360,0,7.055,2550.801,2594.286,2605.108,2609.943,2611.924,100.363,100.363,78.715,20,20,735,multiprocess_sample_only,,
yjit-off/puma-long-tail-fib-200ms-x4p0/puma-1w-3t/repeat-2,yjit-off,false,puma-long-tail-fib-200ms-x4p0,puma-long-tail-hey,puma/benchmarks/local/long_tail_hey + test/rackup/sleep_fibonacci,https://github.com/puma/puma/blob/main/benchmarks/local/long_tail_hey.rb,puma-1w-3t,3,puma,1,3,240,240,34.019,5.0,240,240,34.061,2.0,12,true,240,0,7.055,1697.977,1735.55,1749.268,1753.451,1753.625,102.184,102.184,83.25,20,20,491,multiprocess_sample_only,,
yjit-off/puma-long-tail-fib-200ms-x3p0/puma-1w-3t/repeat-2,yjit-off,false,puma-long-tail-fib-200ms-x3p0,puma-long-tail-hey,puma/benchmarks/local/long_tail_hey + test/rackup/sleep_fibonacci,https://github.com/puma/puma/blob/main/benchmarks/local/long_tail_hey.rb,puma-1w-3t,3,puma,1,3,180,180,25.516,5.0,180,180,25.549,2.0,9,true,180,0,7.054,1274.122,1311.568,1320.205,1324.834,1325.387,102.563,102.563,85.48,20,20,368,multiprocess_sample_only,,
yjit-off/puma-long-tail-fib-200ms-x2p0/puma-1w-3t/repeat-2,yjit-off,false,puma-long-tail-fib-200ms-x2p0,puma-long-tail-hey,puma/benchmarks/local/long_tail_hey + test/rackup/sleep_fibonacci,https://github.com/puma/puma/blob/main/benchmarks/local/long_tail_hey.rb,puma-1w-3t,3,puma,1,3,120,120,17.043,5.0,120,120,17.035,2.0,6,true,120,0,7.041,850.594,876.096,882.965,888.322,889.015,102.629,102.629,86.695,20,20,246,multiprocess_sample_only,,
yjit-off/puma-long-tail-fib-200ms-x1p5/puma-1w-3t/repeat-2,yjit-off,false,puma-long-tail-fib-200ms-x1p5,puma-long-tail-hey,puma/benchmarks/local/long_tail_hey + test/rackup/sleep_fibonacci,https://github.com/puma/puma/blob/main/benchmarks/local/long_tail_hey.rb,puma-1w-3t,3,puma,1,3,100,100,14.183,5.0,100,100,14.24,2.0,5,true,100,0,7.051,727.792,844.452,855.324,858.111,858.42,102.762,102.762,87.49,20,20,206,multiprocess_sample_only,,
yjit-off/puma-long-tail-fib-200ms-x1p0/puma-1w-3t/repeat-2,yjit-off,false,puma-long-tail-fib-200ms-x1p0,puma-long-tail-hey,puma/benchmarks/local/long_tail_hey + test/rackup/sleep_fibonacci,https://github.com/puma/puma/blob/main/benchmarks/local/long_tail_hey.rb,puma-1w-3t,3,puma,1,3,60,60,8.498,5.0,60,60,8.523,2.0,3,true,60,0,7.061,424.465,434.435,437.395,438.314,438.416,102.766,102.766,87.975,20,20,124,multiprocess_sample_only,,
yjit-off/puma-long-tail-fib-200ms-x0p5/puma-1w-3t/repeat-2,yjit-off,false,puma-long-tail-fib-200ms-x0p5,puma-long-tail-hey,puma/benchmarks/local/long_tail_hey + test/rackup/sleep_fibonacci,https://github.com/puma/puma/blob/main/benchmarks/local/long_tail_hey.rb,puma-1w-3t,3,puma,1,3,40,40,5.659,5.0,40,40,5.658,2.0,2,true,40,0,7.069,282.868,287.363,287.699,287.826,287.84,102.766,102.766,88.26,20,20,83,multiprocess_sample_only,,
yjit-off/puma-sleep-fibonacci-1ms/puma-1w-3t/repeat-2,yjit-off,false,puma-sleep-fibonacci-1ms,puma-sleep-fibonacci-test,puma/benchmarks/local/sleep_fibonacci_test + test/rackup/sleep_fibonacci,https://github.com/puma/puma/blob/main/benchmarks/local/sleep_fibonacci_test.rb,puma-1w-3t,3,puma,1,3,3757,10,5.001,5.0,10,1508,2.001,2.0,1,true,3757,0,751.257,1.258,1.499,1.681,2.501,2.689,102.766,102.766,88.15,20,20,73,multiprocess_sample_only,,
yjit-off/puma-sleep-fibonacci-5ms/puma-1w-3t/repeat-2,yjit-off,false,puma-sleep-fibonacci-5ms,puma-sleep-fibonacci-test,puma/benchmarks/local/sleep_fibonacci_test + test/rackup/sleep_fibonacci,https://github.com/puma/puma/blob/main/benchmarks/local/sleep_fibonacci_test.rb,puma-1w-3t,3,puma,1,3,952,10,5.003,5.0,10,380,2.0,2.0,1,true,952,0,190.28,5.208,5.374,5.623,6.45,6.597,102.766,102.766,87.93,20,20,74,multiprocess_sample_only,,
yjit-off/puma-sleep-fibonacci-10ms/puma-1w-3t/repeat-2,yjit-off,false,puma-sleep-fibonacci-10ms,puma-sleep-fibonacci-test,puma/benchmarks/local/sleep_fibonacci_test + test/rackup/sleep_fibonacci,https://github.com/puma/puma/blob/main/benchmarks/local/sleep_fibonacci_test.rb,puma-1w-3t,3,puma,1,3,485,10,5.004,5.0,10,193,2.001,2.0,1,true,485,0,96.927,10.265,10.462,10.77,11.519,11.571,102.766,102.766,87.705,20,20,74,multiprocess_sample_only,,
yjit-off/puma-sleep-fibonacci-50ms/puma-1w-3t/repeat-2,yjit-off,false,puma-sleep-fibonacci-50ms,puma-sleep-fibonacci-test,puma/benchmarks/local/sleep_fibonacci_test + test/rackup/sleep_fibonacci,https://github.com/puma/puma/blob/main/benchmarks/local/sleep_fibonacci_test.rb,puma-1w-3t,3,puma,1,3,99,10,5.007,5.0,10,40,2.022,2.0,1,true,99,0,19.774,50.497,50.793,50.881,51.28,51.324,102.766,102.766,87.48,20,20,74,multiprocess_sample_only,,
yjit-off/puma-sleep-fibonacci-100ms/puma-1w-3t/repeat-2,yjit-off,false,puma-sleep-fibonacci-100ms,puma-sleep-fibonacci-test,puma/benchmarks/local/sleep_fibonacci_test + test/rackup/sleep_fibonacci,https://github.com/puma/puma/blob/main/benchmarks/local/sleep_fibonacci_test.rb,puma-1w-3t,3,puma,1,3,50,10,5.032,5.0,10,20,2.014,2.0,1,true,50,0,9.936,100.546,100.884,100.9,100.909,100.91,102.766,102.766,87.26,20,20,74,multiprocess_sample_only,,
yjit-off/puma-sleep-fibonacci-200ms/puma-1w-3t/repeat-2,yjit-off,false,puma-sleep-fibonacci-200ms,puma-sleep-fibonacci-test,puma/benchmarks/local/sleep_fibonacci_test + test/rackup/sleep_fibonacci,https://github.com/puma/puma/blob/main/benchmarks/local/sleep_fibonacci_test.rb,puma-1w-3t,3,puma,1,3,25,10,5.018,5.0,10,10,2.008,2.0,1,true,25,0,4.982,200.607,200.843,200.873,200.882,200.883,102.766,102.766,87.05,20,20,74,multiprocess_sample_only,,
yjit-off/puma-response-array-1kb/puma-1w-3t/repeat-3,yjit-off,false,puma-response-array-1kb,puma-response-time-wrk,puma/benchmarks/local/response_time_wrk,https://github.com/puma/puma/blob/main/benchmarks/local/response_time_wrk.rb,puma-1w-3t,3,puma,1,3,20848,1000,5.001,5.0,1000,8409,2.001,2.0,5,true,20848,0,4169.055,1.134,1.649,1.999,3.244,4.579,65.035,65.0,92.66,20,20,70,multiprocess_sample_only,,
yjit-off/puma-response-chunk-1kb/puma-1w-3t/repeat-3,yjit-off,false,puma-response-chunk-1kb,puma-response-time-wrk,puma/benchmarks/local/response_time_wrk,https://github.com/puma/puma/blob/main/benchmarks/local/response_time_wrk.rb,puma-1w-3t,3,puma,1,3,20189,1000,5.001,5.0,1000,8105,2.001,2.0,5,true,20189,0,4036.924,1.169,1.705,2.092,2.979,3.965,65.145,65.145,88.385,20,20,70,multiprocess_sample_only,,
yjit-off/puma-response-string-1kb/puma-1w-3t/repeat-3,yjit-off,false,puma-response-string-1kb,puma-response-time-wrk,puma/benchmarks/local/response_time_wrk,https://github.com/puma/puma/blob/main/benchmarks/local/response_time_wrk.rb,puma-1w-3t,3,puma,1,3,21076,1000,5.001,5.0,1000,8390,2.001,2.0,5,true,21076,0,4214.474,1.123,1.624,1.952,2.545,4.312,65.414,64.891,87.82,20,20,70,multiprocess_sample_only,,
yjit-off/puma-response-io-1kb/puma-1w-3t/repeat-3,yjit-off,false,puma-response-io-1kb,puma-response-time-wrk,puma/benchmarks/local/response_time_wrk,https://github.com/puma/puma/blob/main/benchmarks/local/response_time_wrk.rb,puma-1w-3t,3,puma,1,3,20448,1000,5.001,5.0,1000,8215,2.001,2.0,5,true,20448,0,4088.812,1.158,1.686,2.07,2.603,3.552,65.188,65.188,88.83,20,20,70,multiprocess_sample_only,,
yjit-off/puma-response-array-10kb/puma-1w-3t/repeat-3,yjit-off,false,puma-response-array-10kb,puma-response-time-wrk,puma/benchmarks/local/response_time_wrk,https://github.com/puma/puma/blob/main/benchmarks/local/response_time_wrk.rb,puma-1w-3t,3,puma,1,3,20458,1000,5.001,5.0,1000,8430,2.001,2.0,5,true,20458,0,4090.986,1.157,1.664,2.047,2.667,4.072,66.988,66.922,89.295,20,20,70,multiprocess_sample_only,,
yjit-off/puma-response-chunk-10kb/puma-1w-3t/repeat-3,yjit-off,false,puma-response-chunk-10kb,puma-response-time-wrk,puma/benchmarks/local/response_time_wrk,https://github.com/puma/puma/blob/main/benchmarks/local/response_time_wrk.rb,puma-1w-3t,3,puma,1,3,17608,1000,5.002,5.0,1000,7039,2.001,2.0,5,true,17608,0,3520.228,1.36,1.878,2.275,2.794,4.103,66.648,66.648,88.575,20,20,70,multiprocess_sample_only,,
yjit-off/puma-response-string-10kb/puma-1w-3t/repeat-3,yjit-off,false,puma-response-string-10kb,puma-response-time-wrk,puma/benchmarks/local/response_time_wrk,https://github.com/puma/puma/blob/main/benchmarks/local/response_time_wrk.rb,puma-1w-3t,3,puma,1,3,20342,1000,5.001,5.0,1000,8086,2.001,2.0,5,true,20342,0,4067.632,1.161,1.686,2.152,2.743,4.063,68.457,68.457,88.15,20,20,70,multiprocess_sample_only,,
yjit-off/puma-response-io-10kb/puma-1w-3t/repeat-3,yjit-off,false,puma-response-io-10kb,puma-response-time-wrk,puma/benchmarks/local/response_time_wrk,https://github.com/puma/puma/blob/main/benchmarks/local/response_time_wrk.rb,puma-1w-3t,3,puma,1,3,20051,1000,5.001,5.0,1000,8241,2.001,2.0,5,true,20051,0,4009.515,1.18,1.702,2.2,2.838,3.98,69.301,68.859,88.605,20,20,70,multiprocess_sample_only,,
yjit-off/puma-response-array-100kb/puma-1w-3t/repeat-3,yjit-off,false,puma-response-array-100kb,puma-response-time-wrk,puma/benchmarks/local/response_time_wrk,https://github.com/puma/puma/blob/main/benchmarks/local/response_time_wrk.rb,puma-1w-3t,3,puma,1,3,15479,1000,5.001,5.0,1000,6312,2.001,2.0,5,true,15479,0,3095.035,1.553,2.086,2.443,3.154,5.463,78.988,77.316,88.895,20,20,69,multiprocess_sample_only,,
yjit-off/puma-response-chunk-100kb/puma-1w-3t/repeat-3,yjit-off,false,puma-response-chunk-100kb,puma-response-time-wrk,puma/benchmarks/local/response_time_wrk,https://github.com/puma/puma/blob/main/benchmarks/local/response_time_wrk.rb,puma-1w-3t,3,puma,1,3,7712,1000,5.002,5.0,1000,3202,2.002,2.0,5,true,7712,0,1541.817,3.179,3.949,4.503,5.699,7.035,72.406,71.664,87.78,20,20,66,multiprocess_sample_only,,
yjit-off/puma-response-string-100kb/puma-1w-3t/repeat-3,yjit-off,false,puma-response-string-100kb,puma-response-time-wrk,puma/benchmarks/local/response_time_wrk,https://github.com/puma/puma/blob/main/benchmarks/local/response_time_wrk.rb,puma-1w-3t,3,puma,1,3,15564,1000,5.001,5.0,1000,6387,2.001,2.0,5,true,15564,0,3112.059,1.543,2.048,2.394,3.103,3.958,78.273,75.809,86.87,20,20,69,multiprocess_sample_only,,
yjit-off/puma-response-io-100kb/puma-1w-3t/repeat-3,yjit-off,false,puma-response-io-100kb,puma-response-time-wrk,puma/benchmarks/local/response_time_wrk,https://github.com/puma/puma/blob/main/benchmarks/local/response_time_wrk.rb,puma-1w-3t,3,puma,1,3,15169,1000,5.031,5.0,1000,6130,2.041,2.0,5,true,15169,0,3015.346,1.042,1.815,41.061,42.243,43.346,68.438,67.813,86.08,20,20,71,multiprocess_sample_only,,
yjit-off/puma-response-array-256kb/puma-1w-3t/repeat-3,yjit-off,false,puma-response-array-256kb,puma-response-time-wrk,puma/benchmarks/local/response_time_wrk,https://github.com/puma/puma/blob/main/benchmarks/local/response_time_wrk.rb,puma-1w-3t,3,puma,1,3,10602,1000,5.001,5.0,1000,4265,2.001,2.0,5,true,10602,0,2119.84,2.171,3.146,4.25,14.204,16.164,111.105,106.57,85.695,20,20,67,multiprocess_sample_only,,
yjit-off/puma-response-chunk-256kb/puma-1w-3t/repeat-3,yjit-off,false,puma-response-chunk-256kb,puma-response-time-wrk,puma/benchmarks/local/response_time_wrk,https://github.com/puma/puma/blob/main/benchmarks/local/response_time_wrk.rb,puma-1w-3t,3,puma,1,3,4173,1000,5.005,5.0,1000,1709,2.004,2.0,5,true,4173,0,833.78,5.916,7.071,7.698,10.77,11.651,78.746,77.801,84.81,20,20,61,multiprocess_sample_only,,
yjit-off/puma-response-string-256kb/puma-1w-3t/repeat-3,yjit-off,false,puma-response-string-256kb,puma-response-time-wrk,puma/benchmarks/local/response_time_wrk,https://github.com/puma/puma/blob/main/benchmarks/local/response_time_wrk.rb,puma-1w-3t,3,puma,1,3,10736,1000,5.001,5.0,1000,4435,2.002,2.0,5,true,10736,0,2146.591,2.136,3.086,4.092,14.391,15.004,74.281,73.844,83.485,20,20,67,multiprocess_sample_only,,
yjit-off/puma-response-io-256kb/puma-1w-3t/repeat-3,yjit-off,false,puma-response-io-256kb,puma-response-time-wrk,puma/benchmarks/local/response_time_wrk,https://github.com/puma/puma/blob/main/benchmarks/local/response_time_wrk.rb,puma-1w-3t,3,puma,1,3,10797,1000,5.002,5.0,1000,4488,2.002,2.0,5,true,10797,0,2158.59,2.113,3.123,4.058,14.198,44.043,74.094,73.781,82.185,20,20,67,multiprocess_sample_only,,
yjit-off/puma-response-array-512kb/puma-1w-3t/repeat-3,yjit-off,false,puma-response-array-512kb,puma-response-time-wrk,puma/benchmarks/local/response_time_wrk,https://github.com/puma/puma/blob/main/benchmarks/local/response_time_wrk.rb,puma-1w-3t,3,puma,1,3,7556,1000,5.003,5.0,1000,2951,2.002,2.0,5,true,7556,0,1510.378,3.017,4.232,16.109,17.513,17.947,121.539,120.496,81.9,20,20,66,multiprocess_sample_only,,
yjit-off/puma-response-chunk-512kb/puma-1w-3t/repeat-3,yjit-off,false,puma-response-chunk-512kb,puma-response-time-wrk,puma/benchmarks/local/response_time_wrk,https://github.com/puma/puma/blob/main/benchmarks/local/response_time_wrk.rb,puma-1w-3t,3,puma,1,3,2384,1000,5.006,5.0,1000,1000,2.079,2.0,5,true,2384,0,476.185,10.455,12.165,12.844,18.574,20.718,84.188,84.164,81.385,20,20,54,multiprocess_sample_only,,
yjit-off/puma-response-string-512kb/puma-1w-3t/repeat-3,yjit-off,false,puma-response-string-512kb,puma-response-time-wrk,puma/benchmarks/local/response_time_wrk,https://github.com/puma/puma/blob/main/benchmarks/local/response_time_wrk.rb,puma-1w-3t,3,puma,1,3,7631,1000,5.002,5.0,1000,3180,2.002,2.0,5,true,7631,0,1525.563,2.952,4.217,16.228,17.213,17.855,84.328,84.328,80.23,20,20,65,multiprocess_sample_only,,
yjit-off/puma-response-io-512kb/puma-1w-3t/repeat-3,yjit-off,false,puma-response-io-512kb,puma-response-time-wrk,puma/benchmarks/local/response_time_wrk,https://github.com/puma/puma/blob/main/benchmarks/local/response_time_wrk.rb,puma-1w-3t,3,puma,1,3,7720,1000,5.01,5.0,1000,3122,2.002,2.0,5,true,7720,0,1541.057,2.909,4.16,16.36,17.335,207.232,84.332,84.332,78.74,20,20,65,multiprocess_sample_only,,
yjit-off/puma-response-array-1024kb/puma-1w-3t/repeat-3,yjit-off,false,puma-response-array-1024kb,puma-response-time-wrk,puma/benchmarks/local/response_time_wrk,https://github.com/puma/puma/blob/main/benchmarks/local/response_time_wrk.rb,puma-1w-3t,3,puma,1,3,4809,1000,5.003,5.0,1000,1993,2.005,2.0,5,true,4809,0,961.136,4.822,6.349,19.047,20.493,22.129,105.063,103.402,78.335,20,20,62,multiprocess_sample_only,,
yjit-off/puma-response-chunk-1024kb/puma-1w-3t/repeat-3,yjit-off,false,puma-response-chunk-1024kb,puma-response-time-wrk,puma/benchmarks/local/response_time_wrk,https://github.com/puma/puma/blob/main/benchmarks/local/response_time_wrk.rb,puma-1w-3t,3,puma,1,3,1304,1000,5.018,5.0,1000,1000,3.877,2.0,5,true,1304,0,259.876,19.187,21.94,22.928,31.969,33.592,86.633,85.238,77.91,20,20,45,multiprocess_sample_only,,
yjit-off/puma-response-string-1024kb/puma-1w-3t/repeat-3,yjit-off,false,puma-response-string-1024kb,puma-response-time-wrk,puma/benchmarks/local/response_time_wrk,https://github.com/puma/puma/blob/main/benchmarks/local/response_time_wrk.rb,puma-1w-3t,3,puma,1,3,4941,1000,5.004,5.0,1000,2050,2.003,2.0,5,true,4941,0,987.409,4.62,6.398,19.01,20.226,21.311,86.367,86.367,76.8,20,20,62,multiprocess_sample_only,,
yjit-off/puma-response-io-1024kb/puma-1w-3t/repeat-3,yjit-off,false,puma-response-io-1024kb,puma-response-time-wrk,puma/benchmarks/local/response_time_wrk,https://github.com/puma/puma/blob/main/benchmarks/local/response_time_wrk.rb,puma-1w-3t,3,puma,1,3,5139,1000,5.005,5.0,1000,2094,2.018,2.0,5,true,5139,0,1026.86,4.408,5.906,18.864,19.3,19.567,86.371,86.371,75.195,20,20,62,multiprocess_sample_only,,
yjit-off/puma-response-array-2048kb/puma-1w-3t/repeat-3,yjit-off,false,puma-response-array-2048kb,puma-response-time-wrk,puma/benchmarks/local/response_time_wrk,https://github.com/puma/puma/blob/main/benchmarks/local/response_time_wrk.rb,puma-1w-3t,3,puma,1,3,2983,1000,5.007,5.0,1000,1185,2.006,2.0,5,true,2983,0,595.784,8.246,12.029,14.204,16.341,16.714,127.594,98.367,75.055,20,20,64,multiprocess_sample_only,,
yjit-off/puma-response-chunk-2048kb/puma-1w-3t/repeat-3,yjit-off,false,puma-response-chunk-2048kb,puma-response-time-wrk,puma/benchmarks/local/response_time_wrk,https://github.com/puma/puma/blob/main/benchmarks/local/response_time_wrk.rb,puma-1w-3t,3,puma,1,3,1000,1000,7.127,5.0,1000,1000,6.716,2.0,5,true,1000,0,140.312,35.153,40.578,43.824,68.422,72.869,89.512,88.684,74.735,20,20,47,multiprocess_sample_only,,
yjit-off/puma-response-string-2048kb/puma-1w-3t/repeat-3,yjit-off,false,puma-response-string-2048kb,puma-response-time-wrk,puma/benchmarks/local/response_time_wrk,https://github.com/puma/puma/blob/main/benchmarks/local/response_time_wrk.rb,puma-1w-3t,3,puma,1,3,3036,1000,5.006,5.0,1000,1291,2.008,2.0,5,true,3036,0,606.516,8.112,9.426,10.421,23.017,24.729,89.988,89.988,73.71,20,20,57,multiprocess_sample_only,,
yjit-off/puma-response-io-2048kb/puma-1w-3t/repeat-3,yjit-off,false,puma-response-io-2048kb,puma-response-time-wrk,puma/benchmarks/local/response_time_wrk,https://github.com/puma/puma/blob/main/benchmarks/local/response_time_wrk.rb,puma-1w-3t,3,puma,1,3,3276,1000,5.008,5.0,1000,1344,2.006,2.0,5,true,3276,0,654.126,7.488,8.812,9.767,22.145,22.262,89.992,89.992,72.21,20,20,58,multiprocess_sample_only,,
yjit-off/puma-long-tail-fib-200ms-x6p0/puma-1w-3t/repeat-3,yjit-off,false,puma-long-tail-fib-200ms-x6p0,puma-long-tail-hey,puma/benchmarks/local/long_tail_hey + test/rackup/sleep_fibonacci,https://github.com/puma/puma/blob/main/benchmarks/local/long_tail_hey.rb,puma-1w-3t,3,puma,1,3,360,360,50.995,5.0,360,360,51.079,2.0,18,true,360,0,7.059,2549.457,2566.987,2570.105,2572.057,2572.58,110.68,110.68,79.235,20,20,735,multiprocess_sample_only,,
yjit-off/puma-long-tail-fib-200ms-x4p0/puma-1w-3t/repeat-3,yjit-off,false,puma-long-tail-fib-200ms-x4p0,puma-long-tail-hey,puma/benchmarks/local/long_tail_hey + test/rackup/sleep_fibonacci,https://github.com/puma/puma/blob/main/benchmarks/local/long_tail_hey.rb,puma-1w-3t,3,puma,1,3,240,240,34.001,5.0,240,240,34.044,2.0,12,true,240,0,7.059,1699.549,1715.448,1721.089,1724.855,1725.673,111.121,111.121,83.665,20,20,490,multiprocess_sample_only,,
yjit-off/puma-long-tail-fib-200ms-x3p0/puma-1w-3t/repeat-3,yjit-off,false,puma-long-tail-fib-200ms-x3p0,puma-long-tail-hey,puma/benchmarks/local/long_tail_hey + test/rackup/sleep_fibonacci,https://github.com/puma/puma/blob/main/benchmarks/local/long_tail_hey.rb,puma-1w-3t,3,puma,1,3,180,180,25.495,5.0,180,180,25.517,2.0,9,true,180,0,7.06,1274.513,1288.193,1293.923,1295.087,1295.335,113.578,113.578,85.83,20,20,368,multiprocess_sample_only,,
yjit-off/puma-long-tail-fib-200ms-x2p0/puma-1w-3t/repeat-3,yjit-off,false,puma-long-tail-fib-200ms-x2p0,puma-long-tail-hey,puma/benchmarks/local/long_tail_hey + test/rackup/sleep_fibonacci,https://github.com/puma/puma/blob/main/benchmarks/local/long_tail_hey.rb,puma-1w-3t,3,puma,1,3,120,120,16.995,5.0,120,120,17.017,2.0,6,true,120,0,7.061,849.19,860.938,862.541,862.986,863.038,113.578,113.578,87.015,20,20,246,multiprocess_sample_only,,
yjit-off/puma-long-tail-fib-200ms-x1p5/puma-1w-3t/repeat-3,yjit-off,false,puma-long-tail-fib-200ms-x1p5,puma-long-tail-hey,puma/benchmarks/local/long_tail_hey + test/rackup/sleep_fibonacci,https://github.com/puma/puma/blob/main/benchmarks/local/long_tail_hey.rb,puma-1w-3t,3,puma,1,3,100,100,14.221,5.0,100,100,14.17,2.0,5,true,100,0,7.032,810.711,850.956,857.323,858.267,858.371,113.645,113.645,87.805,20,20,206,multiprocess_sample_only,,
yjit-off/puma-long-tail-fib-200ms-x1p0/puma-1w-3t/repeat-3,yjit-off,false,puma-long-tail-fib-200ms-x1p0,puma-long-tail-hey,puma/benchmarks/local/long_tail_hey + test/rackup/sleep_fibonacci,https://github.com/puma/puma/blob/main/benchmarks/local/long_tail_hey.rb,puma-1w-3t,3,puma,1,3,60,60,8.498,5.0,60,60,8.517,2.0,3,true,60,0,7.06,424.853,431.634,433.199,433.863,433.937,113.836,113.836,88.27,20,20,124,multiprocess_sample_only,,
yjit-off/puma-long-tail-fib-200ms-x0p5/puma-1w-3t/repeat-3,yjit-off,false,puma-long-tail-fib-200ms-x0p5,puma-long-tail-hey,puma/benchmarks/local/long_tail_hey + test/rackup/sleep_fibonacci,https://github.com/puma/puma/blob/main/benchmarks/local/long_tail_hey.rb,puma-1w-3t,3,puma,1,3,40,40,5.661,5.0,40,40,5.655,2.0,2,true,40,0,7.066,282.902,284.51,290.012,293.059,293.398,113.836,113.836,88.55,20,20,83,multiprocess_sample_only,,
yjit-off/puma-sleep-fibonacci-1ms/puma-1w-3t/repeat-3,yjit-off,false,puma-sleep-fibonacci-1ms,puma-sleep-fibonacci-test,puma/benchmarks/local/sleep_fibonacci_test + test/rackup/sleep_fibonacci,https://github.com/puma/puma/blob/main/benchmarks/local/sleep_fibonacci_test.rb,puma-1w-3t,3,puma,1,3,3775,10,5.001,5.0,10,1494,2.0,2.0,1,true,3775,0,754.84,1.254,1.486,1.719,2.225,2.555,116.988,116.988,88.44,20,20,73,multiprocess_sample_only,,
yjit-off/puma-sleep-fibonacci-5ms/puma-1w-3t/repeat-3,yjit-off,false,puma-sleep-fibonacci-5ms,puma-sleep-fibonacci-test,puma/benchmarks/local/sleep_fibonacci_test + test/rackup/sleep_fibonacci,https://github.com/puma/puma/blob/main/benchmarks/local/sleep_fibonacci_test.rb,puma-1w-3t,3,puma,1,3,951,10,5.003,5.0,10,383,2.005,2.0,1,true,951,0,190.1,5.212,5.417,5.712,6.3,6.34,116.988,116.988,88.205,20,20,74,multiprocess_sample_only,,
yjit-off/puma-sleep-fibonacci-10ms/puma-1w-3t/repeat-3,yjit-off,false,puma-sleep-fibonacci-10ms,puma-sleep-fibonacci-test,puma/benchmarks/local/sleep_fibonacci_test + test/rackup/sleep_fibonacci,https://github.com/puma/puma/blob/main/benchmarks/local/sleep_fibonacci_test.rb,puma-1w-3t,3,puma,1,3,485,10,5.007,5.0,10,193,2.006,2.0,1,true,485,0,96.863,10.273,10.508,10.65,11.237,11.608,116.988,116.988,87.98,20,20,74,multiprocess_sample_only,,
yjit-off/puma-sleep-fibonacci-50ms/puma-1w-3t/repeat-3,yjit-off,false,puma-sleep-fibonacci-50ms,puma-sleep-fibonacci-test,puma/benchmarks/local/sleep_fibonacci_test + test/rackup/sleep_fibonacci,https://github.com/puma/puma/blob/main/benchmarks/local/sleep_fibonacci_test.rb,puma-1w-3t,3,puma,1,3,99,10,5.002,5.0,10,40,2.029,2.0,1,true,99,0,19.792,50.469,50.674,50.706,50.748,50.752,116.988,116.988,87.755,20,20,74,multiprocess_sample_only,,
yjit-off/puma-sleep-fibonacci-100ms/puma-1w-3t/repeat-3,yjit-off,false,puma-sleep-fibonacci-100ms,puma-sleep-fibonacci-test,puma/benchmarks/local/sleep_fibonacci_test + test/rackup/sleep_fibonacci,https://github.com/puma/puma/blob/main/benchmarks/local/sleep_fibonacci_test.rb,puma-1w-3t,3,puma,1,3,50,10,5.036,5.0,10,20,2.015,2.0,1,true,50,0,9.929,100.613,100.791,100.875,100.923,100.929,116.988,116.988,87.53,20,20,74,multiprocess_sample_only,,
yjit-off/puma-sleep-fibonacci-200ms/puma-1w-3t/repeat-3,yjit-off,false,puma-sleep-fibonacci-200ms,puma-sleep-fibonacci-test,puma/benchmarks/local/sleep_fibonacci_test + test/rackup/sleep_fibonacci,https://github.com/puma/puma/blob/main/benchmarks/local/sleep_fibonacci_test.rb,puma-1w-3t,3,puma,1,3,25,10,5.019,5.0,10,10,2.01,2.0,1,true,25,0,4.981,200.719,200.951,200.999,201.004,201.004,116.992,116.992,87.315,20,20,74,multiprocess_sample_only,,
yjit-on/puma-response-array-1kb/raptor-3r/repeat-1,yjit-on,true,puma-response-array-1kb,puma-response-time-wrk,puma/benchmarks/local/response_time_wrk,https://github.com/puma/puma/blob/main/benchmarks/local/response_time_wrk.rb,raptor-3r,3,raptor,3,,1000,1000,16.122,5.0,1000,1000,16.133,2.0,5,true,1000,0,62.027,40.989,41.973,42.283,4028.528,4029.014,29.438,29.438,3.07,20,20,235,same_worker,32,719876
yjit-on/puma-response-chunk-1kb/raptor-3r/repeat-1,yjit-on,true,puma-response-chunk-1kb,puma-response-time-wrk,puma/benchmarks/local/response_time_wrk,https://github.com/puma/puma/blob/main/benchmarks/local/response_time_wrk.rb,raptor-3r,3,raptor,3,,1000,1000,16.112,5.0,1000,1000,16.11,2.0,5,true,1000,0,62.065,40.984,41.96,42.247,4028.982,4029.081,29.719,29.719,2.395,20,20,235,same_worker,33,716256
yjit-on/puma-response-string-1kb/raptor-3r/repeat-1,yjit-on,true,puma-response-string-1kb,puma-response-time-wrk,puma/benchmarks/local/response_time_wrk,https://github.com/puma/puma/blob/main/benchmarks/local/response_time_wrk.rb,raptor-3r,3,raptor,3,,1000,1000,16.109,5.0,1000,1000,16.097,2.0,5,true,1000,0,62.078,40.984,41.973,42.242,4029.338,4029.48,29.875,29.875,2.21,20,20,235,same_worker,33,718361
yjit-on/puma-response-io-1kb/raptor-3r/repeat-1,yjit-on,true,puma-response-io-1kb,puma-response-time-wrk,puma/benchmarks/local/response_time_wrk,https://github.com/puma/puma/blob/main/benchmarks/local/response_time_wrk.rb,raptor-3r,3,raptor,3,,1000,1000,16.111,5.0,1000,1000,16.092,2.0,5,true,1000,0,62.068,40.983,41.961,42.073,4026.95,4027.047,30.0,30.0,2.19,20,20,235,same_worker,34,727253
yjit-on/puma-response-array-10kb/raptor-3r/repeat-1,yjit-on,true,puma-response-array-10kb,puma-response-time-wrk,puma/benchmarks/local/response_time_wrk,https://github.com/puma/puma/blob/main/benchmarks/local/response_time_wrk.rb,raptor-3r,3,raptor,3,,1000,1000,16.118,5.0,1000,1000,16.1,2.0,5,true,1000,0,62.043,40.987,41.985,42.525,4029.879,4035.117,30.047,30.047,2.1,20,20,235,same_worker,34,719243
yjit-on/puma-response-chunk-10kb/raptor-3r/repeat-1,yjit-on,true,puma-response-chunk-10kb,puma-response-time-wrk,puma/benchmarks/local/response_time_wrk,https://github.com/puma/puma/blob/main/benchmarks/local/response_time_wrk.rb,raptor-3r,3,raptor,3,,1000,1000,16.107,5.0,1000,1000,16.088,2.0,5,true,1000,0,62.083,40.987,41.967,42.245,4026.783,4028.892,30.051,30.051,2.1,20,20,235,same_worker,34,716243
yjit-on/puma-response-string-10kb/raptor-3r/repeat-1,yjit-on,true,puma-response-string-10kb,puma-response-time-wrk,puma/benchmarks/local/response_time_wrk,https://github.com/puma/puma/blob/main/benchmarks/local/response_time_wrk.rb,raptor-3r,3,raptor,3,,1000,1000,16.114,5.0,1000,1000,16.091,2.0,5,true,1000,0,62.058,40.986,41.952,42.253,4029.678,4031.004,30.066,30.066,2.095,20,20,235,same_worker,35,719243
yjit-on/puma-response-io-10kb/raptor-3r/repeat-1,yjit-on,true,puma-response-io-10kb,puma-response-time-wrk,puma/benchmarks/local/response_time_wrk,https://github.com/puma/puma/blob/main/benchmarks/local/response_time_wrk.rb,raptor-3r,3,raptor,3,,1000,1000,16.116,5.0,1000,1000,16.087,2.0,5,true,1000,0,62.048,40.986,41.965,42.271,4029.718,4030.047,30.332,30.332,2.1,20,20,235,same_worker,36,743735
yjit-on/puma-response-array-100kb/raptor-3r/repeat-1,yjit-on,true,puma-response-array-100kb,puma-response-time-wrk,puma/benchmarks/local/response_time_wrk,https://github.com/puma/puma/blob/main/benchmarks/local/response_time_wrk.rb,raptor-3r,3,raptor,3,,1000,1000,15.002,5.0,1000,1000,14.91,2.0,5,true,1000,0,66.657,40.972,41.955,42.15,3871.369,3980.427,30.363,30.363,2.115,20,20,219,same_worker,36,719544
yjit-on/puma-response-chunk-100kb/raptor-3r/repeat-1,yjit-on,true,puma-response-chunk-100kb,puma-response-time-wrk,puma/benchmarks/local/response_time_wrk,https://github.com/puma/puma/blob/main/benchmarks/local/response_time_wrk.rb,raptor-3r,3,raptor,3,,1000,1000,14.849,5.0,1000,1000,15.179,2.0,5,true,1000,0,67.345,40.976,41.978,42.21,3790.771,3830.1,30.461,30.461,2.2,20,20,217,same_worker,36,715948
yjit-on/puma-response-string-100kb/raptor-3r/repeat-1,yjit-on,true,puma-response-string-100kb,puma-response-time-wrk,puma/benchmarks/local/response_time_wrk,https://github.com/puma/puma/blob/main/benchmarks/local/response_time_wrk.rb,raptor-3r,3,raptor,3,,14459,1000,5.001,5.0,1000,5764,2.001,2.0,5,true,14459,0,2891.049,0.974,1.653,4.222,103.291,107.965,30.996,30.996,3.295,20,20,71,same_worker,592,10398590
yjit-on/puma-response-io-100kb/raptor-3r/repeat-1,yjit-on,true,puma-response-io-100kb,puma-response-time-wrk,puma/benchmarks/local/response_time_wrk,https://github.com/puma/puma/blob/main/benchmarks/local/response_time_wrk.rb,raptor-3r,3,raptor,3,,1000,1000,15.028,5.0,1000,1000,14.94,2.0,5,true,1000,0,66.54,40.979,41.986,42.311,3712.728,3790.304,34.699,34.699,3.895,20,20,219,same_worker,61,925249
yjit-on/puma-response-array-256kb/raptor-3r/repeat-1,yjit-on,true,puma-response-array-256kb,puma-response-time-wrk,puma/benchmarks/local/response_time_wrk,https://github.com/puma/puma/blob/main/benchmarks/local/response_time_wrk.rb,raptor-3r,3,raptor,3,,1000,1000,10.284,5.0,1000,1000,9.688,2.0,5,true,1000,0,97.237,40.962,41.989,42.902,3001.514,3369.477,34.699,34.699,3.955,20,20,150,same_worker,46,720687
yjit-on/puma-response-chunk-256kb/raptor-3r/repeat-1,yjit-on,true,puma-response-chunk-256kb,puma-response-time-wrk,puma/benchmarks/local/response_time_wrk,https://github.com/puma/puma/blob/main/benchmarks/local/response_time_wrk.rb,raptor-3r,3,raptor,3,,1001,1000,8.57,5.0,1000,1000,8.515,2.0,5,true,1001,0,116.809,40.916,41.993,42.758,2182.192,2183.622,34.699,34.699,4.1,20,20,125,same_worker,32,716962
yjit-on/puma-response-string-256kb/raptor-3r/repeat-1,yjit-on,true,puma-response-string-256kb,puma-response-time-wrk,puma/benchmarks/local/response_time_wrk,https://github.com/puma/puma/blob/main/benchmarks/local/response_time_wrk.rb,raptor-3r,3,raptor,3,,9611,1000,5.004,5.0,1000,4090,2.002,2.0,5,true,9611,0,1920.779,1.392,2.286,41.854,144.421,208.836,35.281,35.281,4.77,20,20,70,same_worker,335,6910764
yjit-on/puma-response-io-256kb/raptor-3r/repeat-1,yjit-on,true,puma-response-io-256kb,puma-response-time-wrk,puma/benchmarks/local/response_time_wrk,https://github.com/puma/puma/blob/main/benchmarks/local/response_time_wrk.rb,raptor-3r,3,raptor,3,,1001,1000,8.651,5.0,1000,1000,9.731,2.0,5,true,1001,0,115.704,40.976,42.304,43.7,2784.915,2902.771,40.902,40.125,5.235,20,20,127,same_worker,71,1238483
yjit-on/puma-response-array-512kb/raptor-3r/repeat-1,yjit-on,true,puma-response-array-512kb,puma-response-time-wrk,puma/benchmarks/local/response_time_wrk,https://github.com/puma/puma/blob/main/benchmarks/local/response_time_wrk.rb,raptor-3r,3,raptor,3,,1000,1000,11.026,5.0,1000,1000,8.12,2.0,5,true,1000,0,90.693,41.817,42.769,44.32,2452.951,3109.245,40.145,40.145,5.47,20,20,161,same_worker,38,719912
yjit-on/puma-response-chunk-512kb/raptor-3r/repeat-1,yjit-on,true,puma-response-chunk-512kb,puma-response-time-wrk,puma/benchmarks/local/response_time_wrk,https://github.com/puma/puma/blob/main/benchmarks/local/response_time_wrk.rb,raptor-3r,3,raptor,3,,1000,1000,9.016,5.0,1000,1000,11.79,2.0,5,true,1000,0,110.913,41.692,42.631,44.042,2055.24,2534.416,40.145,40.145,5.66,20,20,132,same_worker,38,714782
yjit-on/puma-response-string-512kb/raptor-3r/repeat-1,yjit-on,true,puma-response-string-512kb,puma-response-time-wrk,puma/benchmarks/local/response_time_wrk,https://github.com/puma/puma/blob/main/benchmarks/local/response_time_wrk.rb,raptor-3r,3,raptor,3,,7040,1000,5.125,5.0,1000,2827,2.003,2.0,5,true,7040,0,1373.736,1.846,3.121,40.322,209.434,227.237,40.887,40.887,6.16,20,20,69,same_worker,286,5060722
yjit-on/puma-response-io-512kb/raptor-3r/repeat-1,yjit-on,true,puma-response-io-512kb,puma-response-time-wrk,puma/benchmarks/local/response_time_wrk,https://github.com/puma/puma/blob/main/benchmarks/local/response_time_wrk.rb,raptor-3r,3,raptor,3,,1000,1000,13.874,5.0,1000,1000,13.96,2.0,5,true,1000,0,72.075,41.965,43.005,45.367,3528.051,3557.706,45.848,45.848,6.565,20,20,202,same_worker,92,1749243
yjit-on/puma-response-array-1024kb/raptor-3r/repeat-1,yjit-on,true,puma-response-array-1024kb,puma-response-time-wrk,puma/benchmarks/local/response_time_wrk,https://github.com/puma/puma/blob/main/benchmarks/local/response_time_wrk.rb,raptor-3r,3,raptor,3,,1001,1000,11.796,5.0,1000,1000,12.995,2.0,5,true,1001,0,84.863,41.994,43.825,47.129,2857.751,2890.648,45.848,45.848,6.945,20,20,171,same_worker,33,719977
yjit-on/puma-response-chunk-1024kb/raptor-3r/repeat-1,yjit-on,true,puma-response-chunk-1024kb,puma-response-time-wrk,puma/benchmarks/local/response_time_wrk,https://github.com/puma/puma/blob/main/benchmarks/local/response_time_wrk.rb,raptor-3r,3,raptor,3,,1000,1000,9.993,5.0,1000,1000,12.065,2.0,5,true,1000,0,100.072,41.962,43.967,46.107,2494.261,2674.951,45.848,45.848,7.33,20,20,145,same_worker,33,715833
yjit-on/puma-response-string-1024kb/raptor-3r/repeat-1,yjit-on,true,puma-response-string-1024kb,puma-response-time-wrk,puma/benchmarks/local/response_time_wrk,https://github.com/puma/puma/blob/main/benchmarks/local/response_time_wrk.rb,raptor-3r,3,raptor,3,,4562,1000,5.004,5.0,1000,1864,2.004,2.0,5,true,4562,0,911.685,2.884,5.285,19.547,328.19,347.025,48.852,48.852,7.73,20,20,66,same_worker,157,3279843
yjit-on/puma-response-io-1024kb/raptor-3r/repeat-1,yjit-on,true,puma-response-io-1024kb,puma-response-time-wrk,puma/benchmarks/local/response_time_wrk,https://github.com/puma/puma/blob/main/benchmarks/local/response_time_wrk.rb,raptor-3r,3,raptor,3,,1000,1000,14.276,5.0,1000,1000,14.804,2.0,5,true,1000,0,70.05,43.033,44.969,47.097,3571.919,3763.07,53.902,53.328,8.305,20,20,207,same_worker,158,2773249
yjit-on/puma-response-array-2048kb/raptor-3r/repeat-1,yjit-on,true,puma-response-array-2048kb,puma-response-time-wrk,puma/benchmarks/local/response_time_wrk,https://github.com/puma/puma/blob/main/benchmarks/local/response_time_wrk.rb,raptor-3r,3,raptor,3,,1000,1000,12.704,5.0,1000,1000,13.651,2.0,5,true,1000,0,78.713,43.895,46.116,47.85,3444.965,3585.89,53.328,53.328,9.07,20,20,184,same_worker,32,719243
yjit-on/puma-response-chunk-2048kb/raptor-3r/repeat-1,yjit-on,true,puma-response-chunk-2048kb,puma-response-time-wrk,puma/benchmarks/local/response_time_wrk,https://github.com/puma/puma/blob/main/benchmarks/local/response_time_wrk.rb,raptor-3r,3,raptor,3,,1000,1000,12.672,5.0,1000,1000,14.217,2.0,5,true,1000,0,78.915,43.934,46.669,50.044,2941.994,3031.133,53.328,53.328,9.795,20,20,183,same_worker,33,716249
yjit-on/puma-response-string-2048kb/raptor-3r/repeat-1,yjit-on,true,puma-response-string-2048kb,puma-response-time-wrk,puma/benchmarks/local/response_time_wrk,https://github.com/puma/puma/blob/main/benchmarks/local/response_time_wrk.rb,raptor-3r,3,raptor,3,,2909,1000,5.008,5.0,1000,1200,2.023,2.0,5,true,2909,0,580.84,4.993,6.852,12.999,526.633,535.462,59.34,59.34,10.12,20,20,63,same_worker,99,2092382
yjit-on/puma-response-io-2048kb/raptor-3r/repeat-1,yjit-on,true,puma-response-io-2048kb,puma-response-time-wrk,puma/benchmarks/local/response_time_wrk,https://github.com/puma/puma/blob/main/benchmarks/local/response_time_wrk.rb,raptor-3r,3,raptor,3,,1000,1000,15.259,5.0,1000,1000,16.192,2.0,5,true,1000,0,65.535,45.729,48.871,58.467,3795.7,3848.877,87.0,87.0,11.08,20,20,221,same_worker,238,4822157
yjit-on/puma-long-tail-fib-200ms-x6p0/raptor-3r/repeat-1,yjit-on,true,puma-long-tail-fib-200ms-x6p0,puma-long-tail-hey,puma/benchmarks/local/long_tail_hey + test/rackup/sleep_fibonacci,https://github.com/puma/puma/blob/main/benchmarks/local/long_tail_hey.rb,raptor-3r,3,raptor,3,,363,360,28.997,5.0,360,360,28.784,2.0,18,true,363,0,12.518,241.682,242.838,19605.542,24398.156,24398.159,87.473,87.473,21.185,20,20,414,same_worker,1,66339
yjit-on/puma-long-tail-fib-200ms-x4p0/raptor-3r/repeat-1,yjit-on,true,puma-long-tail-fib-200ms-x4p0,puma-long-tail-hey,puma/benchmarks/local/long_tail_hey + test/rackup/sleep_fibonacci,https://github.com/puma/puma/blob/main/benchmarks/local/long_tail_hey.rb,raptor-3r,3,raptor,3,,243,240,19.432,5.0,240,240,19.184,2.0,12,true,243,0,12.505,241.923,242.829,12817.016,14830.375,14830.665,87.52,87.52,29.995,20,20,278,same_worker,1,44574
yjit-on/puma-long-tail-fib-200ms-x3p0/raptor-3r/repeat-1,yjit-on,true,puma-long-tail-fib-200ms-x3p0,puma-long-tail-hey,puma/benchmarks/local/long_tail_hey + test/rackup/sleep_fibonacci,https://github.com/puma/puma/blob/main/benchmarks/local/long_tail_hey.rb,raptor-3r,3,raptor,3,,183,180,14.624,5.0,180,180,14.385,2.0,9,true,183,0,12.513,241.68,242.736,10022.303,10023.079,10023.171,87.523,87.523,35.78,20,20,209,same_worker,0,31216
yjit-on/puma-long-tail-fib-200ms-x2p0/raptor-3r/repeat-1,yjit-on,true,puma-long-tail-fib-200ms-x2p0,puma-long-tail-hey,puma/benchmarks/local/long_tail_hey + test/rackup/sleep_fibonacci,https://github.com/puma/puma/blob/main/benchmarks/local/long_tail_hey.rb,raptor-3r,3,raptor,3,,123,120,9.831,5.0,120,120,9.591,2.0,6,true,123,0,12.512,241.684,242.758,5233.586,5233.695,5233.701,87.531,87.531,39.53,20,20,141,same_worker,0,22720
yjit-on/puma-long-tail-fib-200ms-x1p5/raptor-3r/repeat-1,yjit-on,true,puma-long-tail-fib-200ms-x1p5,puma-long-tail-hey,puma/benchmarks/local/long_tail_hey + test/rackup/sleep_fibonacci,https://github.com/puma/puma/blob/main/benchmarks/local/long_tail_hey.rb,raptor-3r,3,raptor,3,,103,100,9.827,5.0,100,100,9.587,2.0,5,true,103,0,10.482,241.679,242.626,5132.442,5232.28,5232.286,87.547,87.547,42.29,20,20,142,same_worker,0,15935
yjit-on/puma-long-tail-fib-200ms-x1p0/raptor-3r/repeat-1,yjit-on,true,puma-long-tail-fib-200ms-x1p0,puma-long-tail-hey,puma/benchmarks/local/long_tail_hey + test/rackup/sleep_fibonacci,https://github.com/puma/puma/blob/main/benchmarks/local/long_tail_hey.rb,raptor-3r,3,raptor,3,,63,60,5.037,5.0,60,60,4.8,2.0,3,true,63,0,12.508,241.78,242.374,242.57,242.785,242.809,87.551,87.551,43.97,20,20,73,same_worker,0,10507
yjit-on/puma-long-tail-fib-200ms-x0p5/raptor-3r/repeat-1,yjit-on,true,puma-long-tail-fib-200ms-x0p5,puma-long-tail-hey,puma/benchmarks/local/long_tail_hey + test/rackup/sleep_fibonacci,https://github.com/puma/puma/blob/main/benchmarks/local/long_tail_hey.rb,raptor-3r,3,raptor,3,,42,40,5.034,5.0,40,40,4.793,2.0,2,true,42,0,8.343,241.702,242.315,242.591,242.746,242.763,87.555,87.555,45.0,20,20,74,same_worker,1,8666
yjit-on/puma-sleep-fibonacci-1ms/raptor-3r/repeat-1,yjit-on,true,puma-sleep-fibonacci-1ms,puma-sleep-fibonacci-test,puma/benchmarks/local/sleep_fibonacci_test + test/rackup/sleep_fibonacci,https://github.com/puma/puma/blob/main/benchmarks/local/sleep_fibonacci_test.rb,raptor-3r,3,raptor,3,,122,10,5.009,5.0,10,49,2.019,2.0,1,true,122,0,24.357,41.978,42.185,43.005,43.024,43.026,87.582,87.582,44.985,20,20,74,same_worker,0,21568
yjit-on/puma-sleep-fibonacci-5ms/raptor-3r/repeat-1,yjit-on,true,puma-sleep-fibonacci-5ms,puma-sleep-fibonacci-test,puma/benchmarks/local/sleep_fibonacci_test + test/rackup/sleep_fibonacci,https://github.com/puma/puma/blob/main/benchmarks/local/sleep_fibonacci_test.rb,raptor-3r,3,raptor,3,,112,10,5.039,5.0,10,45,2.029,2.0,1,true,112,0,22.227,45.976,46.805,46.985,46.994,46.995,87.609,87.609,44.675,20,20,75,same_worker,1,18939
yjit-on/puma-sleep-fibonacci-10ms/raptor-3r/repeat-1,yjit-on,true,puma-sleep-fibonacci-10ms,puma-sleep-fibonacci-test,puma/benchmarks/local/sleep_fibonacci_test + test/rackup/sleep_fibonacci,https://github.com/puma/puma/blob/main/benchmarks/local/sleep_fibonacci_test.rb,raptor-3r,3,raptor,3,,98,10,5.007,5.0,10,40,2.038,2.0,1,true,98,0,19.573,51.661,52.051,52.145,52.902,52.986,87.633,87.633,44.43,20,20,74,same_worker,0,15477
yjit-on/puma-sleep-fibonacci-50ms/raptor-3r/repeat-1,yjit-on,true,puma-sleep-fibonacci-50ms,puma-sleep-fibonacci-test,puma/benchmarks/local/sleep_fibonacci_test + test/rackup/sleep_fibonacci,https://github.com/puma/puma/blob/main/benchmarks/local/sleep_fibonacci_test.rb,raptor-3r,3,raptor,3,,55,10,5.016,5.0,10,23,2.069,2.0,1,true,55,0,10.965,91.923,92.943,92.966,92.976,92.977,87.656,87.656,44.3,20,20,74,same_worker,0,9908
yjit-on/puma-sleep-fibonacci-100ms/raptor-3r/repeat-1,yjit-on,true,puma-sleep-fibonacci-100ms,puma-sleep-fibonacci-test,puma/benchmarks/local/sleep_fibonacci_test + test/rackup/sleep_fibonacci,https://github.com/puma/puma/blob/main/benchmarks/local/sleep_fibonacci_test.rb,raptor-3r,3,raptor,3,,36,10,5.059,5.0,10,15,2.085,2.0,1,true,36,0,7.116,141.812,142.047,142.153,142.194,142.199,87.656,87.656,44.375,20,20,75,same_worker,0,4201
yjit-on/puma-sleep-fibonacci-200ms/raptor-3r/repeat-1,yjit-on,true,puma-sleep-fibonacci-200ms,puma-sleep-fibonacci-test,puma/benchmarks/local/sleep_fibonacci_test + test/rackup/sleep_fibonacci,https://github.com/puma/puma/blob/main/benchmarks/local/sleep_fibonacci_test.rb,raptor-3r,3,raptor,3,,21,10,5.041,5.0,10,10,2.379,2.0,1,true,21,0,4.166,241.976,242.373,242.518,242.55,242.554,87.66,87.66,44.46,20,20,75,same_worker,0,2231
yjit-on/puma-response-array-1kb/raptor-3r/repeat-2,yjit-on,true,puma-response-array-1kb,puma-response-time-wrk,puma/benchmarks/local/response_time_wrk,https://github.com/puma/puma/blob/main/benchmarks/local/response_time_wrk.rb,raptor-3r,3,raptor,3,,1000,1000,16.113,5.0,1000,1000,16.099,2.0,5,true,1000,0,62.061,40.986,41.975,42.078,4029.079,4029.439,29.449,29.449,3.07,20,20,235,same_worker,33,719314
yjit-on/puma-response-chunk-1kb/raptor-3r/repeat-2,yjit-on,true,puma-response-chunk-1kb,puma-response-time-wrk,puma/benchmarks/local/response_time_wrk,https://github.com/puma/puma/blob/main/benchmarks/local/response_time_wrk.rb,raptor-3r,3,raptor,3,,1000,1000,16.115,5.0,1000,1000,16.105,2.0,5,true,1000,0,62.052,40.985,41.969,42.159,4028.631,4029.4,29.898,29.898,2.385,20,20,235,same_worker,32,716257
yjit-on/puma-response-string-1kb/raptor-3r/repeat-2,yjit-on,true,puma-response-string-1kb,puma-response-time-wrk,puma/benchmarks/local/response_time_wrk,https://github.com/puma/puma/blob/main/benchmarks/local/response_time_wrk.rb,raptor-3r,3,raptor,3,,1000,1000,16.106,5.0,1000,1000,16.105,2.0,5,true,1000,0,62.09,40.986,41.962,42.178,4026.968,4032.077,30.055,30.055,2.2,20,20,235,same_worker,34,719243
yjit-on/puma-response-io-1kb/raptor-3r/repeat-2,yjit-on,true,puma-response-io-1kb,puma-response-time-wrk,puma/benchmarks/local/response_time_wrk,https://github.com/puma/puma/blob/main/benchmarks/local/response_time_wrk.rb,raptor-3r,3,raptor,3,,1000,1000,16.117,5.0,1000,1000,16.097,2.0,5,true,1000,0,62.046,40.981,41.976,42.357,4028.714,4029.161,30.195,30.195,2.19,20,20,235,same_worker,34,726746
yjit-on/puma-response-array-10kb/raptor-3r/repeat-2,yjit-on,true,puma-response-array-10kb,puma-response-time-wrk,puma/benchmarks/local/response_time_wrk,https://github.com/puma/puma/blob/main/benchmarks/local/response_time_wrk.rb,raptor-3r,3,raptor,3,,1000,1000,16.114,5.0,1000,1000,16.111,2.0,5,true,1000,0,62.06,40.983,41.973,42.346,4028.3,4028.741,30.242,30.242,2.1,20,20,235,same_worker,33,719243
yjit-on/puma-response-chunk-10kb/raptor-3r/repeat-2,yjit-on,true,puma-response-chunk-10kb,puma-response-time-wrk,puma/benchmarks/local/response_time_wrk,https://github.com/puma/puma/blob/main/benchmarks/local/response_time_wrk.rb,raptor-3r,3,raptor,3,,1000,1000,16.115,5.0,1000,1000,16.101,2.0,5,true,1000,0,62.053,40.986,41.972,42.344,4029.083,4031.489,30.242,30.242,2.1,20,20,235,same_worker,34,716243
yjit-on/puma-response-string-10kb/raptor-3r/repeat-2,yjit-on,true,puma-response-string-10kb,puma-response-time-wrk,puma/benchmarks/local/response_time_wrk,https://github.com/puma/puma/blob/main/benchmarks/local/response_time_wrk.rb,raptor-3r,3,raptor,3,,1000,1000,16.111,5.0,1000,1000,16.101,2.0,5,true,1000,0,62.068,40.984,41.972,42.294,4026.78,4029.528,30.258,30.258,2.1,20,20,235,same_worker,35,719248
yjit-on/puma-response-io-10kb/raptor-3r/repeat-2,yjit-on,true,puma-response-io-10kb,puma-response-time-wrk,puma/benchmarks/local/response_time_wrk,https://github.com/puma/puma/blob/main/benchmarks/local/response_time_wrk.rb,raptor-3r,3,raptor,3,,1000,1000,16.11,5.0,1000,1000,16.136,2.0,5,true,1000,0,62.073,40.988,41.977,42.299,4028.772,4032.327,30.75,30.75,2.1,20,20,235,same_worker,37,745267
yjit-on/puma-response-array-100kb/raptor-3r/repeat-2,yjit-on,true,puma-response-array-100kb,puma-response-time-wrk,puma/benchmarks/local/response_time_wrk,https://github.com/puma/puma/blob/main/benchmarks/local/response_time_wrk.rb,raptor-3r,3,raptor,3,,1000,1000,15.372,5.0,1000,1000,15.218,2.0,5,true,1000,0,65.055,40.975,41.974,42.462,3828.034,3831.303,30.785,30.785,2.17,20,20,224,same_worker,36,719237
yjit-on/puma-response-chunk-100kb/raptor-3r/repeat-2,yjit-on,true,puma-response-chunk-100kb,puma-response-time-wrk,puma/benchmarks/local/response_time_wrk,https://github.com/puma/puma/blob/main/benchmarks/local/response_time_wrk.rb,raptor-3r,3,raptor,3,,1000,1000,15.325,5.0,1000,1000,14.04,2.0,5,true,1000,0,65.254,40.976,41.968,42.145,3790.927,3867.604,30.805,30.805,2.22,20,20,224,same_worker,36,715590
yjit-on/puma-response-string-100kb/raptor-3r/repeat-2,yjit-on,true,puma-response-string-100kb,puma-response-time-wrk,puma/benchmarks/local/response_time_wrk,https://github.com/puma/puma/blob/main/benchmarks/local/response_time_wrk.rb,raptor-3r,3,raptor,3,,14691,1000,5.002,5.0,1000,5997,2.001,2.0,5,true,14691,0,2936.964,0.956,1.625,4.866,100.127,103.438,31.242,31.242,3.33,20,20,71,same_worker,614,10563957
yjit-on/puma-response-io-100kb/raptor-3r/repeat-2,yjit-on,true,puma-response-io-100kb,puma-response-time-wrk,puma/benchmarks/local/response_time_wrk,https://github.com/puma/puma/blob/main/benchmarks/local/response_time_wrk.rb,raptor-3r,3,raptor,3,,1000,1000,14.671,5.0,1000,1000,14.903,2.0,5,true,1000,0,68.163,40.979,41.971,42.631,3560.543,3586.812,36.332,36.332,3.9,20,20,214,same_worker,44,925172
yjit-on/puma-response-array-256kb/raptor-3r/repeat-2,yjit-on,true,puma-response-array-256kb,puma-response-time-wrk,puma/benchmarks/local/response_time_wrk,https://github.com/puma/puma/blob/main/benchmarks/local/response_time_wrk.rb,raptor-3r,3,raptor,3,,1000,1000,8.152,5.0,1000,1000,8.674,2.0,5,true,1000,0,122.667,40.937,42.003,42.971,2585.033,2871.621,36.332,36.332,4.005,20,20,119,same_worker,33,719657
yjit-on/puma-response-chunk-256kb/raptor-3r/repeat-2,yjit-on,true,puma-response-chunk-256kb,puma-response-time-wrk,puma/benchmarks/local/response_time_wrk,https://github.com/puma/puma/blob/main/benchmarks/local/response_time_wrk.rb,raptor-3r,3,raptor,3,,1000,1000,8.704,5.0,1000,1000,9.33,2.0,5,true,1000,0,114.893,40.932,42.003,42.722,2339.748,2675.123,36.332,36.332,4.185,20,20,127,same_worker,33,714977
yjit-on/puma-response-string-256kb/raptor-3r/repeat-2,yjit-on,true,puma-response-string-256kb,puma-response-time-wrk,puma/benchmarks/local/response_time_wrk,https://github.com/puma/puma/blob/main/benchmarks/local/response_time_wrk.rb,raptor-3r,3,raptor,3,,9758,1000,5.002,5.0,1000,4065,2.002,2.0,5,true,9758,0,1950.929,1.344,2.258,41.641,149.779,209.951,36.332,36.332,4.85,20,20,69,same_worker,353,7018348
yjit-on/puma-response-io-256kb/raptor-3r/repeat-2,yjit-on,true,puma-response-io-256kb,puma-response-time-wrk,puma/benchmarks/local/response_time_wrk,https://github.com/puma/puma/blob/main/benchmarks/local/response_time_wrk.rb,raptor-3r,3,raptor,3,,1000,1000,11.383,5.0,1000,1000,10.286,2.0,5,true,1000,0,87.849,41.098,42.277,43.038,3040.275,3473.012,40.793,40.793,5.31,20,20,166,same_worker,74,1237880
yjit-on/puma-response-array-512kb/raptor-3r/repeat-2,yjit-on,true,puma-response-array-512kb,puma-response-time-wrk,puma/benchmarks/local/response_time_wrk,https://github.com/puma/puma/blob/main/benchmarks/local/response_time_wrk.rb,raptor-3r,3,raptor,3,,1000,1000,11.973,5.0,1000,1000,10.141,2.0,5,true,1000,0,83.519,41.892,42.919,44.223,3239.392,3242.866,40.797,40.797,5.55,20,20,175,same_worker,40,719676
yjit-on/puma-response-chunk-512kb/raptor-3r/repeat-2,yjit-on,true,puma-response-chunk-512kb,puma-response-time-wrk,puma/benchmarks/local/response_time_wrk,https://github.com/puma/puma/blob/main/benchmarks/local/response_time_wrk.rb,raptor-3r,3,raptor,3,,1000,1000,10.931,5.0,1000,1000,11.23,2.0,5,true,1000,0,91.483,41.879,42.956,43.993,3114.503,3474.021,40.797,40.797,5.735,20,20,159,same_worker,40,714886
yjit-on/puma-response-string-512kb/raptor-3r/repeat-2,yjit-on,true,puma-response-string-512kb,puma-response-time-wrk,puma/benchmarks/local/response_time_wrk,https://github.com/puma/puma/blob/main/benchmarks/local/response_time_wrk.rb,raptor-3r,3,raptor,3,,6935,1000,5.003,5.0,1000,2780,2.003,2.0,5,true,6935,0,1386.237,1.874,3.259,19.709,212.993,238.372,40.797,40.797,6.195,20,20,68,same_worker,295,4984545
yjit-on/puma-response-io-512kb/raptor-3r/repeat-2,yjit-on,true,puma-response-io-512kb,puma-response-time-wrk,puma/benchmarks/local/response_time_wrk,https://github.com/puma/puma/blob/main/benchmarks/local/response_time_wrk.rb,raptor-3r,3,raptor,3,,1000,1000,13.522,5.0,1000,1000,11.981,2.0,5,true,1000,0,73.952,41.979,43.438,44.979,3426.405,3502.007,47.316,44.824,6.645,20,20,197,same_worker,91,1749249
yjit-on/puma-response-array-1024kb/raptor-3r/repeat-2,yjit-on,true,puma-response-array-1024kb,puma-response-time-wrk,puma/benchmarks/local/response_time_wrk,https://github.com/puma/puma/blob/main/benchmarks/local/response_time_wrk.rb,raptor-3r,3,raptor,3,,1000,1000,11.666,5.0,1000,1000,12.617,2.0,5,true,1000,0,85.721,42.134,44.201,46.89,2893.323,2910.069,44.824,44.824,7.01,20,20,169,same_worker,33,718419
yjit-on/puma-response-chunk-1024kb/raptor-3r/repeat-2,yjit-on,true,puma-response-chunk-1024kb,puma-response-time-wrk,puma/benchmarks/local/response_time_wrk,https://github.com/puma/puma/blob/main/benchmarks/local/response_time_wrk.rb,raptor-3r,3,raptor,3,,1001,1000,10.819,5.0,1000,1000,12.457,2.0,5,true,1001,0,92.527,41.983,44.123,46.251,3111.796,3322.665,44.824,44.824,7.445,20,20,157,same_worker,33,715075
yjit-on/puma-response-string-1024kb/raptor-3r/repeat-2,yjit-on,true,puma-response-string-1024kb,puma-response-time-wrk,puma/benchmarks/local/response_time_wrk,https://github.com/puma/puma/blob/main/benchmarks/local/response_time_wrk.rb,raptor-3r,3,raptor,3,,4499,1000,5.021,5.0,1000,1865,2.017,2.0,5,true,4499,0,896.079,2.894,5.671,20.443,334.145,346.569,47.289,47.289,7.78,20,20,66,same_worker,156,3235597
yjit-on/puma-response-io-1024kb/raptor-3r/repeat-2,yjit-on,true,puma-response-io-1024kb,puma-response-time-wrk,puma/benchmarks/local/response_time_wrk,https://github.com/puma/puma/blob/main/benchmarks/local/response_time_wrk.rb,raptor-3r,3,raptor,3,,1000,1000,14.868,5.0,1000,1000,15.634,2.0,5,true,1000,0,67.26,43.385,45.966,50.107,3617.214,3627.098,52.891,51.938,8.39,20,20,216,same_worker,159,2773305
yjit-on/puma-response-array-2048kb/raptor-3r/repeat-2,yjit-on,true,puma-response-array-2048kb,puma-response-time-wrk,puma/benchmarks/local/response_time_wrk,https://github.com/puma/puma/blob/main/benchmarks/local/response_time_wrk.rb,raptor-3r,3,raptor,3,,1000,1000,13.123,5.0,1000,1000,13.341,2.0,5,true,1000,0,76.2,43.95,47.653,49.517,3212.484,3454.458,51.945,51.945,9.155,20,20,189,same_worker,32,718262
yjit-on/puma-response-chunk-2048kb/raptor-3r/repeat-2,yjit-on,true,puma-response-chunk-2048kb,puma-response-time-wrk,puma/benchmarks/local/response_time_wrk,https://github.com/puma/puma/blob/main/benchmarks/local/response_time_wrk.rb,raptor-3r,3,raptor,3,,1000,1000,13.258,5.0,1000,1000,14.663,2.0,5,true,1000,0,75.424,43.955,47.398,50.725,3164.071,3402.396,51.945,51.945,9.945,20,20,192,same_worker,33,716243
yjit-on/puma-response-string-2048kb/raptor-3r/repeat-2,yjit-on,true,puma-response-string-2048kb,puma-response-time-wrk,puma/benchmarks/local/response_time_wrk,https://github.com/puma/puma/blob/main/benchmarks/local/response_time_wrk.rb,raptor-3r,3,raptor,3,,2772,1000,5.007,5.0,1000,1226,2.007,2.0,5,true,2772,0,553.657,5.167,7.563,24.286,548.654,553.016,57.957,57.957,10.255,20,20,62,same_worker,94,1992731
yjit-on/puma-response-io-2048kb/raptor-3r/repeat-2,yjit-on,true,puma-response-io-2048kb,puma-response-time-wrk,puma/benchmarks/local/response_time_wrk,https://github.com/puma/puma/blob/main/benchmarks/local/response_time_wrk.rb,raptor-3r,3,raptor,3,,1000,1000,16.045,5.0,1000,1000,16.605,2.0,5,true,1000,0,62.325,45.775,50.922,57.264,3932.834,4261.209,65.168,65.168,11.21,20,20,232,same_worker,302,4820426
yjit-on/puma-long-tail-fib-200ms-x6p0/raptor-3r/repeat-2,yjit-on,true,puma-long-tail-fib-200ms-x6p0,puma-long-tail-hey,puma/benchmarks/local/long_tail_hey + test/rackup/sleep_fibonacci,https://github.com/puma/puma/blob/main/benchmarks/local/long_tail_hey.rb,raptor-3r,3,raptor,3,,363,360,29.01,5.0,360,360,28.776,2.0,18,true,363,0,12.513,241.828,242.867,19616.579,24412.543,24414.121,65.586,65.586,21.225,20,20,414,same_worker,2,62950
yjit-on/puma-long-tail-fib-200ms-x4p0/raptor-3r/repeat-2,yjit-on,true,puma-long-tail-fib-200ms-x4p0,puma-long-tail-hey,puma/benchmarks/local/long_tail_hey + test/rackup/sleep_fibonacci,https://github.com/puma/puma/blob/main/benchmarks/local/long_tail_hey.rb,raptor-3r,3,raptor,3,,243,240,19.42,5.0,240,240,19.177,2.0,12,true,243,0,12.513,241.873,242.977,12803.05,14821.463,14823.162,65.59,65.59,29.96,20,20,278,same_worker,2,43775
yjit-on/puma-long-tail-fib-200ms-x3p0/raptor-3r/repeat-2,yjit-on,true,puma-long-tail-fib-200ms-x3p0,puma-long-tail-hey,puma/benchmarks/local/long_tail_hey + test/rackup/sleep_fibonacci,https://github.com/puma/puma/blob/main/benchmarks/local/long_tail_hey.rb,raptor-3r,3,raptor,3,,183,180,14.627,5.0,180,180,14.393,2.0,9,true,183,0,12.511,241.809,242.989,10026.927,10027.229,10027.28,65.59,65.59,35.67,20,20,209,same_worker,2,33820
yjit-on/puma-long-tail-fib-200ms-x2p0/raptor-3r/repeat-2,yjit-on,true,puma-long-tail-fib-200ms-x2p0,puma-long-tail-hey,puma/benchmarks/local/long_tail_hey + test/rackup/sleep_fibonacci,https://github.com/puma/puma/blob/main/benchmarks/local/long_tail_hey.rb,raptor-3r,3,raptor,3,,123,120,9.832,5.0,120,120,9.591,2.0,6,true,123,0,12.51,241.782,242.581,5236.046,5238.031,5238.3,65.598,65.598,39.4,20,20,141,same_worker,1,22924
yjit-on/puma-long-tail-fib-200ms-x1p5/raptor-3r/repeat-2,yjit-on,true,puma-long-tail-fib-200ms-x1p5,puma-long-tail-hey,puma/benchmarks/local/long_tail_hey + test/rackup/sleep_fibonacci,https://github.com/puma/puma/blob/main/benchmarks/local/long_tail_hey.rb,raptor-3r,3,raptor,3,,103,100,9.83,5.0,100,100,9.59,2.0,5,true,103,0,10.478,241.782,242.426,5136.058,5236.163,5236.191,65.598,65.598,42.125,20,20,142,same_worker,1,19880
yjit-on/puma-long-tail-fib-200ms-x1p0/raptor-3r/repeat-2,yjit-on,true,puma-long-tail-fib-200ms-x1p0,puma-long-tail-hey,puma/benchmarks/local/long_tail_hey + test/rackup/sleep_fibonacci,https://github.com/puma/puma/blob/main/benchmarks/local/long_tail_hey.rb,raptor-3r,3,raptor,3,,63,60,5.035,5.0,60,60,4.794,2.0,3,true,63,0,12.513,241.678,242.572,242.738,242.781,242.786,65.598,65.598,43.805,20,20,73,same_worker,0,10038
yjit-on/puma-long-tail-fib-200ms-x0p5/raptor-3r/repeat-2,yjit-on,true,puma-long-tail-fib-200ms-x0p5,puma-long-tail-hey,puma/benchmarks/local/long_tail_hey + test/rackup/sleep_fibonacci,https://github.com/puma/puma/blob/main/benchmarks/local/long_tail_hey.rb,raptor-3r,3,raptor,3,,42,40,5.038,5.0,40,40,4.795,2.0,2,true,42,0,8.337,241.859,242.298,242.875,243.148,243.178,65.598,65.598,44.825,20,20,74,same_worker,1,8762
yjit-on/puma-sleep-fibonacci-1ms/raptor-3r/repeat-2,yjit-on,true,puma-sleep-fibonacci-1ms,puma-sleep-fibonacci-test,puma/benchmarks/local/sleep_fibonacci_test + test/rackup/sleep_fibonacci,https://github.com/puma/puma/blob/main/benchmarks/local/sleep_fibonacci_test.rb,raptor-3r,3,raptor,3,,122,10,5.012,5.0,10,49,2.02,2.0,1,true,122,0,24.341,41.969,42.911,43.007,43.725,43.824,65.609,65.609,44.81,20,20,74,same_worker,1,21440
yjit-on/puma-sleep-fibonacci-5ms/raptor-3r/repeat-2,yjit-on,true,puma-sleep-fibonacci-5ms,puma-sleep-fibonacci-test,puma/benchmarks/local/sleep_fibonacci_test + test/rackup/sleep_fibonacci,https://github.com/puma/puma/blob/main/benchmarks/local/sleep_fibonacci_test.rb,raptor-3r,3,raptor,3,,112,10,5.044,5.0,10,45,2.031,2.0,1,true,112,0,22.205,45.981,46.962,47.245,47.363,47.374,65.648,65.648,44.51,20,20,75,same_worker,0,19841
yjit-on/puma-sleep-fibonacci-10ms/raptor-3r/repeat-2,yjit-on,true,puma-sleep-fibonacci-10ms,puma-sleep-fibonacci-test,puma/benchmarks/local/sleep_fibonacci_test + test/rackup/sleep_fibonacci,https://github.com/puma/puma/blob/main/benchmarks/local/sleep_fibonacci_test.rb,raptor-3r,3,raptor,3,,98,10,5.016,5.0,10,40,2.038,2.0,1,true,98,0,19.537,51.764,52.147,52.316,52.9,52.965,65.66,65.66,44.26,20,20,74,same_worker,0,17440
yjit-on/puma-sleep-fibonacci-50ms/raptor-3r/repeat-2,yjit-on,true,puma-sleep-fibonacci-50ms,puma-sleep-fibonacci-test,puma/benchmarks/local/sleep_fibonacci_test + test/rackup/sleep_fibonacci,https://github.com/puma/puma/blob/main/benchmarks/local/sleep_fibonacci_test.rb,raptor-3r,3,raptor,3,,55,10,5.015,5.0,10,23,2.07,2.0,1,true,55,0,10.968,91.949,92.228,92.722,92.859,92.874,65.664,65.664,44.2,20,20,74,same_worker,0,8375
yjit-on/puma-sleep-fibonacci-100ms/raptor-3r/repeat-2,yjit-on,true,puma-sleep-fibonacci-100ms,puma-sleep-fibonacci-test,puma/benchmarks/local/sleep_fibonacci_test + test/rackup/sleep_fibonacci,https://github.com/puma/puma/blob/main/benchmarks/local/sleep_fibonacci_test.rb,raptor-3r,3,raptor,3,,36,10,5.053,5.0,10,15,2.082,2.0,1,true,36,0,7.124,141.034,142.206,142.796,142.904,142.916,65.668,65.668,44.2,20,20,74,same_worker,1,8145
yjit-on/puma-sleep-fibonacci-200ms/raptor-3r/repeat-2,yjit-on,true,puma-sleep-fibonacci-200ms,puma-sleep-fibonacci-test,puma/benchmarks/local/sleep_fibonacci_test + test/rackup/sleep_fibonacci,https://github.com/puma/puma/blob/main/benchmarks/local/sleep_fibonacci_test.rb,raptor-3r,3,raptor,3,,21,10,5.038,5.0,10,10,2.379,2.0,1,true,21,0,4.168,241.893,242.05,242.148,242.169,242.172,65.668,65.668,44.3,20,20,74,same_worker,0,3888
yjit-on/puma-response-array-1kb/raptor-3r/repeat-3,yjit-on,true,puma-response-array-1kb,puma-response-time-wrk,puma/benchmarks/local/response_time_wrk,https://github.com/puma/puma/blob/main/benchmarks/local/response_time_wrk.rb,raptor-3r,3,raptor,3,,1000,1000,16.132,5.0,1000,1000,16.153,2.0,5,true,1000,0,61.99,40.99,41.957,42.397,4038.3,4039.211,29.566,29.566,3.24,20,20,235,same_worker,34,717519
yjit-on/puma-response-chunk-1kb/raptor-3r/repeat-3,yjit-on,true,puma-response-chunk-1kb,puma-response-time-wrk,puma/benchmarks/local/response_time_wrk,https://github.com/puma/puma/blob/main/benchmarks/local/response_time_wrk.rb,raptor-3r,3,raptor,3,,1000,1000,16.119,5.0,1000,1000,16.121,2.0,5,true,1000,0,62.04,40.983,41.983,42.176,4026.498,4030.864,29.746,29.746,2.58,20,20,235,same_worker,33,715113
yjit-on/puma-response-string-1kb/raptor-3r/repeat-3,yjit-on,true,puma-response-string-1kb,puma-response-time-wrk,puma/benchmarks/local/response_time_wrk,https://github.com/puma/puma/blob/main/benchmarks/local/response_time_wrk.rb,raptor-3r,3,raptor,3,,1000,1000,16.115,5.0,1000,1000,16.112,2.0,5,true,1000,0,62.052,40.986,41.902,42.17,4027.03,4031.52,29.992,29.992,2.385,20,20,235,same_worker,33,718095
yjit-on/puma-response-io-1kb/raptor-3r/repeat-3,yjit-on,true,puma-response-io-1kb,puma-response-time-wrk,puma/benchmarks/local/response_time_wrk,https://github.com/puma/puma/blob/main/benchmarks/local/response_time_wrk.rb,raptor-3r,3,raptor,3,,1000,1000,16.126,5.0,1000,1000,16.116,2.0,5,true,1000,0,62.012,40.987,41.985,42.332,4028.173,4031.817,30.074,30.074,2.3,20,20,235,same_worker,33,727239
yjit-on/puma-response-array-10kb/raptor-3r/repeat-3,yjit-on,true,puma-response-array-10kb,puma-response-time-wrk,puma/benchmarks/local/response_time_wrk,https://github.com/puma/puma/blob/main/benchmarks/local/response_time_wrk.rb,raptor-3r,3,raptor,3,,1000,1000,16.159,5.0,1000,1000,16.107,2.0,5,true,1000,0,61.883,40.984,41.977,42.283,4036.524,4068.208,30.164,30.164,2.3,20,20,235,same_worker,34,719243
yjit-on/puma-response-chunk-10kb/raptor-3r/repeat-3,yjit-on,true,puma-response-chunk-10kb,puma-response-time-wrk,puma/benchmarks/local/response_time_wrk,https://github.com/puma/puma/blob/main/benchmarks/local/response_time_wrk.rb,raptor-3r,3,raptor,3,,1000,1000,16.118,5.0,1000,1000,16.098,2.0,5,true,1000,0,62.043,40.989,41.964,42.338,4035.209,4038.536,30.172,30.172,2.2,20,20,235,same_worker,35,715413
yjit-on/puma-response-string-10kb/raptor-3r/repeat-3,yjit-on,true,puma-response-string-10kb,puma-response-time-wrk,puma/benchmarks/local/response_time_wrk,https://github.com/puma/puma/blob/main/benchmarks/local/response_time_wrk.rb,raptor-3r,3,raptor,3,,1000,1000,16.112,5.0,1000,1000,16.098,2.0,5,true,1000,0,62.066,40.983,41.977,42.284,4030.987,4032.202,30.188,30.188,2.2,20,20,235,same_worker,35,719249
yjit-on/puma-response-io-10kb/raptor-3r/repeat-3,yjit-on,true,puma-response-io-10kb,puma-response-time-wrk,puma/benchmarks/local/response_time_wrk,https://github.com/puma/puma/blob/main/benchmarks/local/response_time_wrk.rb,raptor-3r,3,raptor,3,,1000,1000,16.12,5.0,1000,1000,16.095,2.0,5,true,1000,0,62.033,40.986,41.963,42.27,4033.26,4035.622,30.676,30.676,2.2,20,20,235,same_worker,36,744257
yjit-on/puma-response-array-100kb/raptor-3r/repeat-3,yjit-on,true,puma-response-array-100kb,puma-response-time-wrk,puma/benchmarks/local/response_time_wrk,https://github.com/puma/puma/blob/main/benchmarks/local/response_time_wrk.rb,raptor-3r,3,raptor,3,,1000,1000,15.282,5.0,1000,1000,14.885,2.0,5,true,1000,0,65.436,40.975,41.976,42.926,3746.744,3789.161,30.789,30.789,2.275,20,20,223,same_worker,36,720712
yjit-on/puma-response-chunk-100kb/raptor-3r/repeat-3,yjit-on,true,puma-response-chunk-100kb,puma-response-time-wrk,puma/benchmarks/local/response_time_wrk,https://github.com/puma/puma/blob/main/benchmarks/local/response_time_wrk.rb,raptor-3r,3,raptor,3,,1000,1000,14.815,5.0,1000,1000,15.271,2.0,5,true,1000,0,67.499,40.977,41.973,42.704,3540.876,3679.132,30.789,30.789,2.3,20,20,216,same_worker,36,716249
yjit-on/puma-response-string-100kb/raptor-3r/repeat-3,yjit-on,true,puma-response-string-100kb,puma-response-time-wrk,puma/benchmarks/local/response_time_wrk,https://github.com/puma/puma/blob/main/benchmarks/local/response_time_wrk.rb,raptor-3r,3,raptor,3,,14670,1000,5.004,5.0,1000,6019,2.001,2.0,5,true,14670,0,2931.546,0.963,1.602,8.895,98.158,105.695,31.082,31.082,3.43,20,20,71,same_worker,612,10551100
yjit-on/puma-response-io-100kb/raptor-3r/repeat-3,yjit-on,true,puma-response-io-100kb,puma-response-time-wrk,puma/benchmarks/local/response_time_wrk,https://github.com/puma/puma/blob/main/benchmarks/local/response_time_wrk.rb,raptor-3r,3,raptor,3,,1000,1000,14.962,5.0,1000,1000,13.966,2.0,5,true,1000,0,66.837,40.98,41.971,42.378,3675.793,3754.761,34.762,34.762,4.0,20,20,218,same_worker,44,925249
yjit-on/puma-response-array-256kb/raptor-3r/repeat-3,yjit-on,true,puma-response-array-256kb,puma-response-time-wrk,puma/benchmarks/local/response_time_wrk,https://github.com/puma/puma/blob/main/benchmarks/local/response_time_wrk.rb,raptor-3r,3,raptor,3,,1002,1000,5.826,5.0,1000,1000,9.455,2.0,5,true,1002,0,171.99,1.703,42.015,43.806,1798.626,2613.223,34.773,34.773,4.125,20,20,85,same_worker,33,719057
yjit-on/puma-response-chunk-256kb/raptor-3r/repeat-3,yjit-on,true,puma-response-chunk-256kb,puma-response-time-wrk,puma/benchmarks/local/response_time_wrk,https://github.com/puma/puma/blob/main/benchmarks/local/response_time_wrk.rb,raptor-3r,3,raptor,3,,1000,1000,9.245,5.0,1000,1000,8.261,2.0,5,true,1000,0,108.167,40.96,42.129,43.138,2339.759,2761.704,34.773,34.773,4.3,20,20,135,same_worker,34,716237
yjit-on/puma-response-string-256kb/raptor-3r/repeat-3,yjit-on,true,puma-response-string-256kb,puma-response-time-wrk,puma/benchmarks/local/response_time_wrk,https://github.com/puma/puma/blob/main/benchmarks/local/response_time_wrk.rb,raptor-3r,3,raptor,3,,9743,1000,5.002,5.0,1000,3959,2.002,2.0,5,true,9743,0,1947.648,1.355,2.288,42.391,144.132,205.805,34.809,34.809,4.99,20,20,70,same_worker,354,7004100
yjit-on/puma-response-io-256kb/raptor-3r/repeat-3,yjit-on,true,puma-response-io-256kb,puma-response-time-wrk,puma/benchmarks/local/response_time_wrk,https://github.com/puma/puma/blob/main/benchmarks/local/response_time_wrk.rb,raptor-3r,3,raptor,3,,1000,1000,10.497,5.0,1000,1000,11.715,2.0,5,true,1000,0,95.266,41.22,42.634,43.728,2827.046,2863.165,40.91,40.91,5.485,20,20,153,same_worker,74,1237243
yjit-on/puma-response-array-512kb/raptor-3r/repeat-3,yjit-on,true,puma-response-array-512kb,puma-response-time-wrk,puma/benchmarks/local/response_time_wrk,https://github.com/puma/puma/blob/main/benchmarks/local/response_time_wrk.rb,raptor-3r,3,raptor,3,,1000,1000,11.337,5.0,1000,1000,11.55,2.0,5,true,1000,0,88.21,41.885,42.804,44.133,2682.714,3038.637,40.91,40.91,5.67,20,20,165,same_worker,39,718371
yjit-on/puma-response-chunk-512kb/raptor-3r/repeat-3,yjit-on,true,puma-response-chunk-512kb,puma-response-time-wrk,puma/benchmarks/local/response_time_wrk,https://github.com/puma/puma/blob/main/benchmarks/local/response_time_wrk.rb,raptor-3r,3,raptor,3,,1000,1000,10.739,5.0,1000,1000,11.192,2.0,5,true,1000,0,93.115,41.794,42.859,44.852,2365.43,2783.863,40.91,40.91,5.88,20,20,156,same_worker,40,716175
yjit-on/puma-response-string-512kb/raptor-3r/repeat-3,yjit-on,true,puma-response-string-512kb,puma-response-time-wrk,puma/benchmarks/local/response_time_wrk,https://github.com/puma/puma/blob/main/benchmarks/local/response_time_wrk.rb,raptor-3r,3,raptor,3,,6876,1000,5.003,5.0,1000,2891,2.091,2.0,5,true,6876,0,1374.36,1.857,3.22,55.695,208.206,228.275,40.91,40.91,6.35,20,20,67,same_worker,293,4944659
yjit-on/puma-response-io-512kb/raptor-3r/repeat-3,yjit-on,true,puma-response-io-512kb,puma-response-time-wrk,puma/benchmarks/local/response_time_wrk,https://github.com/puma/puma/blob/main/benchmarks/local/response_time_wrk.rb,raptor-3r,3,raptor,3,,1000,1000,13.02,5.0,1000,1000,13.613,2.0,5,true,1000,0,76.803,41.968,43.242,45.097,3224.502,3391.691,46.73,46.012,6.77,20,20,190,same_worker,93,1748301
yjit-on/puma-response-array-1024kb/raptor-3r/repeat-3,yjit-on,true,puma-response-array-1024kb,puma-response-time-wrk,puma/benchmarks/local/response_time_wrk,https://github.com/puma/puma/blob/main/benchmarks/local/response_time_wrk.rb,raptor-3r,3,raptor,3,,1000,1000,11.746,5.0,1000,1000,13.677,2.0,5,true,1000,0,85.134,42.091,44.079,52.074,3320.297,3369.366,46.012,46.012,7.11,20,20,170,same_worker,33,719237
yjit-on/puma-response-chunk-1024kb/raptor-3r/repeat-3,yjit-on,true,puma-response-chunk-1024kb,puma-response-time-wrk,puma/benchmarks/local/response_time_wrk,https://github.com/puma/puma/blob/main/benchmarks/local/response_time_wrk.rb,raptor-3r,3,raptor,3,,1000,1000,11.613,5.0,1000,1000,13.56,2.0,5,true,1000,0,86.108,42.115,44.079,45.335,3130.09,3250.742,46.012,46.012,7.47,20,20,169,same_worker,33,717753
yjit-on/puma-response-string-1024kb/raptor-3r/repeat-3,yjit-on,true,puma-response-string-1024kb,puma-response-time-wrk,puma/benchmarks/local/response_time_wrk,https://github.com/puma/puma/blob/main/benchmarks/local/response_time_wrk.rb,raptor-3r,3,raptor,3,,4414,1000,5.005,5.0,1000,1871,2.004,2.0,5,true,4414,0,881.909,2.943,5.674,22.383,339.754,356.004,48.754,48.754,7.84,20,20,65,same_worker,152,3174082
yjit-on/puma-response-io-1024kb/raptor-3r/repeat-3,yjit-on,true,puma-response-io-1024kb,puma-response-time-wrk,puma/benchmarks/local/response_time_wrk,https://github.com/puma/puma/blob/main/benchmarks/local/response_time_wrk.rb,raptor-3r,3,raptor,3,,1000,1000,14.797,5.0,1000,1000,14.868,2.0,5,true,1000,0,67.582,43.117,45.789,47.932,3582.956,3701.879,54.102,53.703,8.405,20,20,214,same_worker,158,2773243
yjit-on/puma-response-array-2048kb/raptor-3r/repeat-3,yjit-on,true,puma-response-array-2048kb,puma-response-time-wrk,puma/benchmarks/local/response_time_wrk,https://github.com/puma/puma/blob/main/benchmarks/local/response_time_wrk.rb,raptor-3r,3,raptor,3,,1000,1000,11.674,5.0,1000,1000,13.695,2.0,5,true,1000,0,85.662,43.715,47.75,49.678,3034.667,3057.955,50.762,50.762,9.21,20,20,167,same_worker,33,719249
yjit-on/puma-response-chunk-2048kb/raptor-3r/repeat-3,yjit-on,true,puma-response-chunk-2048kb,puma-response-time-wrk,puma/benchmarks/local/response_time_wrk,https://github.com/puma/puma/blob/main/benchmarks/local/response_time_wrk.rb,raptor-3r,3,raptor,3,,1000,1000,12.551,5.0,1000,1000,13.893,2.0,5,true,1000,0,79.672,43.895,46.981,49.146,2825.604,3289.794,50.762,50.762,9.985,20,20,181,same_worker,33,716237
yjit-on/puma-response-string-2048kb/raptor-3r/repeat-3,yjit-on,true,puma-response-string-2048kb,puma-response-time-wrk,puma/benchmarks/local/response_time_wrk,https://github.com/puma/puma/blob/main/benchmarks/local/response_time_wrk.rb,raptor-3r,3,raptor,3,,2780,1000,5.008,5.0,1000,1187,2.019,2.0,5,true,2780,0,555.157,5.247,7.237,14.087,541.893,547.171,56.773,56.773,10.32,20,20,63,same_worker,95,1998809
yjit-on/puma-response-io-2048kb/raptor-3r/repeat-3,yjit-on,true,puma-response-io-2048kb,puma-response-time-wrk,puma/benchmarks/local/response_time_wrk,https://github.com/puma/puma/blob/main/benchmarks/local/response_time_wrk.rb,raptor-3r,3,raptor,3,,1000,1000,15.229,5.0,1000,1000,16.173,2.0,5,true,1000,0,65.664,45.867,50.666,52.965,3826.97,3848.915,84.504,84.273,11.38,20,20,220,same_worker,115,4821231
yjit-on/puma-long-tail-fib-200ms-x6p0/raptor-3r/repeat-3,yjit-on,true,puma-long-tail-fib-200ms-x6p0,puma-long-tail-hey,puma/benchmarks/local/long_tail_hey + test/rackup/sleep_fibonacci,https://github.com/puma/puma/blob/main/benchmarks/local/long_tail_hey.rb,raptor-3r,3,raptor,3,,363,360,29.007,5.0,360,360,28.777,2.0,18,true,363,0,12.514,241.755,243.159,19611.865,24406.756,24406.817,84.695,84.695,21.395,20,20,414,same_worker,1,62768
yjit-on/puma-long-tail-fib-200ms-x4p0/raptor-3r/repeat-3,yjit-on,true,puma-long-tail-fib-200ms-x4p0,puma-long-tail-hey,puma/benchmarks/local/long_tail_hey + test/rackup/sleep_fibonacci,https://github.com/puma/puma/blob/main/benchmarks/local/long_tail_hey.rb,raptor-3r,3,raptor,3,,243,240,19.412,5.0,240,240,19.188,2.0,12,true,243,0,12.518,241.665,242.865,12802.338,14813.081,14813.118,84.723,84.723,30.155,20,20,277,same_worker,1,41506
yjit-on/puma-long-tail-fib-200ms-x3p0/raptor-3r/repeat-3,yjit-on,true,puma-long-tail-fib-200ms-x3p0,puma-long-tail-hey,puma/benchmarks/local/long_tail_hey + test/rackup/sleep_fibonacci,https://github.com/puma/puma/blob/main/benchmarks/local/long_tail_hey.rb,raptor-3r,3,raptor,3,,183,180,14.629,5.0,180,180,14.387,2.0,9,true,183,0,12.51,241.839,242.893,10026.141,10028.902,10028.955,84.738,84.738,35.88,20,20,209,same_worker,1,32831
yjit-on/puma-long-tail-fib-200ms-x2p0/raptor-3r/repeat-3,yjit-on,true,puma-long-tail-fib-200ms-x2p0,puma-long-tail-hey,puma/benchmarks/local/long_tail_hey + test/rackup/sleep_fibonacci,https://github.com/puma/puma/blob/main/benchmarks/local/long_tail_hey.rb,raptor-3r,3,raptor,3,,123,120,9.831,5.0,120,120,9.594,2.0,6,true,123,0,12.512,241.655,242.645,5234.161,5234.558,5234.608,84.738,84.738,39.6,20,20,141,same_worker,0,21759
yjit-on/puma-long-tail-fib-200ms-x1p5/raptor-3r/repeat-3,yjit-on,true,puma-long-tail-fib-200ms-x1p5,puma-long-tail-hey,puma/benchmarks/local/long_tail_hey + test/rackup/sleep_fibonacci,https://github.com/puma/puma/blob/main/benchmarks/local/long_tail_hey.rb,raptor-3r,3,raptor,3,,103,100,9.831,5.0,100,100,9.587,2.0,5,true,103,0,10.477,241.778,242.461,5134.889,5234.874,5234.894,84.742,84.742,42.325,20,20,142,same_worker,0,18502
yjit-on/puma-long-tail-fib-200ms-x1p0/raptor-3r/repeat-3,yjit-on,true,puma-long-tail-fib-200ms-x1p0,puma-long-tail-hey,puma/benchmarks/local/long_tail_hey + test/rackup/sleep_fibonacci,https://github.com/puma/puma/blob/main/benchmarks/local/long_tail_hey.rb,raptor-3r,3,raptor,3,,63,60,5.037,5.0,60,60,4.796,2.0,3,true,63,0,12.507,241.823,242.495,242.779,243.01,243.036,84.758,84.758,44.005,20,20,73,same_worker,1,11205
yjit-on/puma-long-tail-fib-200ms-x0p5/raptor-3r/repeat-3,yjit-on,true,puma-long-tail-fib-200ms-x0p5,puma-long-tail-hey,puma/benchmarks/local/long_tail_hey + test/rackup/sleep_fibonacci,https://github.com/puma/puma/blob/main/benchmarks/local/long_tail_hey.rb,raptor-3r,3,raptor,3,,42,40,5.037,5.0,40,40,4.794,2.0,2,true,42,0,8.339,241.822,242.471,242.594,242.66,242.668,84.773,84.773,45.025,20,20,73,same_worker,0,9374
yjit-on/puma-sleep-fibonacci-1ms/raptor-3r/repeat-3,yjit-on,true,puma-sleep-fibonacci-1ms,puma-sleep-fibonacci-test,puma/benchmarks/local/sleep_fibonacci_test + test/rackup/sleep_fibonacci,https://github.com/puma/puma/blob/main/benchmarks/local/sleep_fibonacci_test.rb,raptor-3r,3,raptor,3,,122,10,5.02,5.0,10,49,2.02,2.0,1,true,122,0,24.302,41.991,42.98,43.129,43.658,43.728,84.816,84.816,45.01,20,20,74,same_worker,1,22967
yjit-on/puma-sleep-fibonacci-5ms/raptor-3r/repeat-3,yjit-on,true,puma-sleep-fibonacci-5ms,puma-sleep-fibonacci-test,puma/benchmarks/local/sleep_fibonacci_test + test/rackup/sleep_fibonacci,https://github.com/puma/puma/blob/main/benchmarks/local/sleep_fibonacci_test.rb,raptor-3r,3,raptor,3,,112,10,5.038,5.0,10,45,2.03,2.0,1,true,112,0,22.232,45.957,46.929,47.057,48.122,48.254,84.855,84.855,44.71,20,20,74,same_worker,0,18549
yjit-on/puma-sleep-fibonacci-10ms/raptor-3r/repeat-3,yjit-on,true,puma-sleep-fibonacci-10ms,puma-sleep-fibonacci-test,puma/benchmarks/local/sleep_fibonacci_test + test/rackup/sleep_fibonacci,https://github.com/puma/puma/blob/main/benchmarks/local/sleep_fibonacci_test.rb,raptor-3r,3,raptor,3,,98,10,5.031,5.0,10,40,2.038,2.0,1,true,98,0,19.48,51.904,52.248,52.965,52.97,52.971,84.875,84.875,44.46,20,20,74,same_worker,1,16550
yjit-on/puma-sleep-fibonacci-50ms/raptor-3r/repeat-3,yjit-on,true,puma-sleep-fibonacci-50ms,puma-sleep-fibonacci-test,puma/benchmarks/local/sleep_fibonacci_test + test/rackup/sleep_fibonacci,https://github.com/puma/puma/blob/main/benchmarks/local/sleep_fibonacci_test.rb,raptor-3r,3,raptor,3,,55,10,5.009,5.0,10,23,2.075,2.0,1,true,55,0,10.98,91.938,92.174,92.608,92.89,92.921,84.875,84.875,44.4,20,20,74,same_worker,0,9872
yjit-on/puma-sleep-fibonacci-100ms/raptor-3r/repeat-3,yjit-on,true,puma-sleep-fibonacci-100ms,puma-sleep-fibonacci-test,puma/benchmarks/local/sleep_fibonacci_test + test/rackup/sleep_fibonacci,https://github.com/puma/puma/blob/main/benchmarks/local/sleep_fibonacci_test.rb,raptor-3r,3,raptor,3,,36,10,5.058,5.0,10,15,2.089,2.0,1,true,36,0,7.117,141.893,142.119,142.688,142.908,142.932,84.875,84.875,44.4,20,20,75,same_worker,0,5325
yjit-on/puma-sleep-fibonacci-200ms/raptor-3r/repeat-3,yjit-on,true,puma-sleep-fibonacci-200ms,puma-sleep-fibonacci-test,puma/benchmarks/local/sleep_fibonacci_test + test/rackup/sleep_fibonacci,https://github.com/puma/puma/blob/main/benchmarks/local/sleep_fibonacci_test.rb,raptor-3r,3,raptor,3,,21,10,5.038,5.0,10,10,2.38,2.0,1,true,21,0,4.168,241.944,242.366,242.477,242.502,242.505,84.875,84.875,44.5,20,20,74,same_worker,0,3900
yjit-on/puma-response-array-1kb/puma-1w-3t/repeat-1,yjit-on,true,puma-response-array-1kb,puma-response-time-wrk,puma/benchmarks/local/response_time_wrk,https://github.com/puma/puma/blob/main/benchmarks/local/response_time_wrk.rb,puma-1w-3t,3,puma,1,3,21264,1000,5.001,5.0,1000,8203,2.001,2.0,5,true,21264,0,4252.039,1.114,1.539,1.895,2.655,4.61,69.262,69.262,76.3,20,20,70,multiprocess_sample_only,,
yjit-on/puma-response-chunk-1kb/puma-1w-3t/repeat-1,yjit-on,true,puma-response-chunk-1kb,puma-response-time-wrk,puma/benchmarks/local/response_time_wrk,https://github.com/puma/puma/blob/main/benchmarks/local/response_time_wrk.rb,puma-1w-3t,3,puma,1,3,20619,1000,5.001,5.0,1000,8051,2.001,2.0,5,true,20619,0,4123.101,1.147,1.622,1.994,2.545,3.017,69.613,69.434,72.38,20,20,70,multiprocess_sample_only,,
yjit-on/puma-response-string-1kb/puma-1w-3t/repeat-1,yjit-on,true,puma-response-string-1kb,puma-response-time-wrk,puma/benchmarks/local/response_time_wrk,https://github.com/puma/puma/blob/main/benchmarks/local/response_time_wrk.rb,puma-1w-3t,3,puma,1,3,21140,1000,5.001,5.0,1000,8295,2.001,2.0,5,true,21140,0,4227.163,1.119,1.572,1.934,2.448,3.491,69.645,69.645,71.53,20,20,70,multiprocess_sample_only,,
yjit-on/puma-response-io-1kb/puma-1w-3t/repeat-1,yjit-on,true,puma-response-io-1kb,puma-response-time-wrk,puma/benchmarks/local/response_time_wrk,https://github.com/puma/puma/blob/main/benchmarks/local/response_time_wrk.rb,puma-1w-3t,3,puma,1,3,21021,1000,5.001,5.0,1000,8367,2.001,2.0,5,true,21021,0,4203.438,1.121,1.618,1.996,2.65,3.294,69.918,69.918,72.2,20,20,70,multiprocess_sample_only,,
yjit-on/puma-response-array-10kb/puma-1w-3t/repeat-1,yjit-on,true,puma-response-array-10kb,puma-response-time-wrk,puma/benchmarks/local/response_time_wrk,https://github.com/puma/puma/blob/main/benchmarks/local/response_time_wrk.rb,puma-1w-3t,3,puma,1,3,20416,1000,5.001,5.0,1000,8084,2.001,2.0,5,true,20416,0,4082.292,1.157,1.651,2.05,2.55,3.605,71.047,70.992,72.47,20,20,70,multiprocess_sample_only,,
yjit-on/puma-response-chunk-10kb/puma-1w-3t/repeat-1,yjit-on,true,puma-response-chunk-10kb,puma-response-time-wrk,puma/benchmarks/local/response_time_wrk,https://github.com/puma/puma/blob/main/benchmarks/local/response_time_wrk.rb,puma-1w-3t,3,puma,1,3,17490,1000,5.001,5.0,1000,7110,2.001,2.0,5,true,17490,0,3497.401,1.366,1.851,2.275,3.023,3.541,71.355,71.355,71.9,20,20,69,multiprocess_sample_only,,
yjit-on/puma-response-string-10kb/puma-1w-3t/repeat-1,yjit-on,true,puma-response-string-10kb,puma-response-time-wrk,puma/benchmarks/local/response_time_wrk,https://github.com/puma/puma/blob/main/benchmarks/local/response_time_wrk.rb,puma-1w-3t,3,puma,1,3,20600,1000,5.001,5.0,1000,8063,2.001,2.0,5,true,20600,0,4119.266,1.149,1.609,2.025,2.451,3.438,71.543,71.48,71.57,20,20,70,multiprocess_sample_only,,
yjit-on/puma-response-io-10kb/puma-1w-3t/repeat-1,yjit-on,true,puma-response-io-10kb,puma-response-time-wrk,puma/benchmarks/local/response_time_wrk,https://github.com/puma/puma/blob/main/benchmarks/local/response_time_wrk.rb,puma-1w-3t,3,puma,1,3,20583,1000,5.001,5.0,1000,8259,2.001,2.0,5,true,20583,0,4115.984,1.15,1.645,2.052,2.568,3.737,72.266,72.266,71.815,20,20,70,multiprocess_sample_only,,
yjit-on/puma-response-array-100kb/puma-1w-3t/repeat-1,yjit-on,true,puma-response-array-100kb,puma-response-time-wrk,puma/benchmarks/local/response_time_wrk,https://github.com/puma/puma/blob/main/benchmarks/local/response_time_wrk.rb,puma-1w-3t,3,puma,1,3,15647,1000,5.001,5.0,1000,6192,2.001,2.0,5,true,15647,0,3128.73,1.538,2.019,2.361,3.049,4.076,80.328,79.324,71.835,20,20,69,multiprocess_sample_only,,
yjit-on/puma-response-chunk-100kb/puma-1w-3t/repeat-1,yjit-on,true,puma-response-chunk-100kb,puma-response-time-wrk,puma/benchmarks/local/response_time_wrk,https://github.com/puma/puma/blob/main/benchmarks/local/response_time_wrk.rb,puma-1w-3t,3,puma,1,3,7794,1000,5.003,5.0,1000,3285,2.003,2.0,5,true,7794,0,1557.928,3.138,3.928,4.398,5.574,6.72,76.059,75.492,71.105,20,20,66,multiprocess_sample_only,,
yjit-on/puma-response-string-100kb/puma-1w-3t/repeat-1,yjit-on,true,puma-response-string-100kb,puma-response-time-wrk,puma/benchmarks/local/response_time_wrk,https://github.com/puma/puma/blob/main/benchmarks/local/response_time_wrk.rb,puma-1w-3t,3,puma,1,3,15674,1000,5.001,5.0,1000,6238,2.001,2.0,5,true,15674,0,3134.179,1.531,2.04,2.347,3.067,3.67,79.707,79.305,70.43,20,20,69,multiprocess_sample_only,,
yjit-on/puma-response-io-100kb/puma-1w-3t/repeat-1,yjit-on,true,puma-response-io-100kb,puma-response-time-wrk,puma/benchmarks/local/response_time_wrk,https://github.com/puma/puma/blob/main/benchmarks/local/response_time_wrk.rb,puma-1w-3t,3,puma,1,3,14861,1000,5.037,5.0,1000,6276,2.04,2.0,5,true,14861,0,2950.283,0.871,1.722,41.141,42.224,43.143,74.297,74.297,69.87,20,20,71,multiprocess_sample_only,,
yjit-on/puma-response-array-256kb/puma-1w-3t/repeat-1,yjit-on,true,puma-response-array-256kb,puma-response-time-wrk,puma/benchmarks/local/response_time_wrk,https://github.com/puma/puma/blob/main/benchmarks/local/response_time_wrk.rb,puma-1w-3t,3,puma,1,3,9762,1000,5.002,5.0,1000,4096,2.002,2.0,5,true,9762,0,1951.797,2.253,3.8,5.985,19.681,20.636,103.703,102.387,69.295,20,20,66,multiprocess_sample_only,,
yjit-on/puma-response-chunk-256kb/puma-1w-3t/repeat-1,yjit-on,true,puma-response-chunk-256kb,puma-response-time-wrk,puma/benchmarks/local/response_time_wrk,https://github.com/puma/puma/blob/main/benchmarks/local/response_time_wrk.rb,puma-1w-3t,3,puma,1,3,4205,1000,5.005,5.0,1000,1737,2.005,2.0,5,true,4205,0,840.12,5.871,7.082,7.856,10.905,11.935,95.207,94.828,68.65,20,20,61,multiprocess_sample_only,,
yjit-on/puma-response-string-256kb/puma-1w-3t/repeat-1,yjit-on,true,puma-response-string-256kb,puma-response-time-wrk,puma/benchmarks/local/response_time_wrk,https://github.com/puma/puma/blob/main/benchmarks/local/response_time_wrk.rb,puma-1w-3t,3,puma,1,3,9783,1000,5.001,5.0,1000,4053,2.02,2.0,5,true,9783,0,1956.028,2.213,3.83,6.483,19.982,21.257,93.035,92.66,67.465,20,20,66,multiprocess_sample_only,,
yjit-on/puma-response-io-256kb/puma-1w-3t/repeat-1,yjit-on,true,puma-response-io-256kb,puma-response-time-wrk,puma/benchmarks/local/response_time_wrk,https://github.com/puma/puma/blob/main/benchmarks/local/response_time_wrk.rb,puma-1w-3t,3,puma,1,3,9665,1000,5.002,5.0,1000,3982,2.001,2.0,5,true,9665,0,1932.383,2.237,3.825,6.432,19.756,43.612,92.535,92.535,66.095,20,20,66,multiprocess_sample_only,,
yjit-on/puma-response-array-512kb/puma-1w-3t/repeat-1,yjit-on,true,puma-response-array-512kb,puma-response-time-wrk,puma/benchmarks/local/response_time_wrk,https://github.com/puma/puma/blob/main/benchmarks/local/response_time_wrk.rb,puma-1w-3t,3,puma,1,3,6807,1000,5.002,5.0,1000,2758,2.005,2.0,5,true,6807,0,1360.774,3.105,5.705,21.2,23.297,210.549,116.633,115.5,65.525,20,20,63,multiprocess_sample_only,,
yjit-on/puma-response-chunk-512kb/puma-1w-3t/repeat-1,yjit-on,true,puma-response-chunk-512kb,puma-response-time-wrk,puma/benchmarks/local/response_time_wrk,https://github.com/puma/puma/blob/main/benchmarks/local/response_time_wrk.rb,puma-1w-3t,3,puma,1,3,2410,1000,5.008,5.0,1000,1000,2.02,2.0,5,true,2410,0,481.241,10.342,12.041,12.769,19.425,20.78,95.324,94.328,65.14,20,20,54,multiprocess_sample_only,,
yjit-on/puma-response-string-512kb/puma-1w-3t/repeat-1,yjit-on,true,puma-response-string-512kb,puma-response-time-wrk,puma/benchmarks/local/response_time_wrk,https://github.com/puma/puma/blob/main/benchmarks/local/response_time_wrk.rb,puma-1w-3t,3,puma,1,3,6949,1000,5.002,5.0,1000,2741,2.003,2.0,5,true,6949,0,1389.165,3.079,5.695,21.396,23.151,24.233,92.664,92.664,64.135,20,20,64,multiprocess_sample_only,,
yjit-on/puma-response-io-512kb/puma-1w-3t/repeat-1,yjit-on,true,puma-response-io-512kb,puma-response-time-wrk,puma/benchmarks/local/response_time_wrk,https://github.com/puma/puma/blob/main/benchmarks/local/response_time_wrk.rb,puma-1w-3t,3,puma,1,3,6938,1000,5.002,5.0,1000,2796,2.005,2.0,5,true,6938,0,1386.909,3.018,5.638,21.117,23.511,213.485,92.766,92.766,62.82,20,20,64,multiprocess_sample_only,,
yjit-on/puma-response-array-1024kb/puma-1w-3t/repeat-1,yjit-on,true,puma-response-array-1024kb,puma-response-time-wrk,puma/benchmarks/local/response_time_wrk,https://github.com/puma/puma/blob/main/benchmarks/local/response_time_wrk.rb,puma-1w-3t,3,puma,1,3,4352,1000,5.005,5.0,1000,1756,2.005,2.0,5,true,4352,0,869.604,5.13,8.27,24.847,27.691,30.527,124.188,120.398,62.245,20,20,60,multiprocess_sample_only,,
yjit-on/puma-response-chunk-1024kb/puma-1w-3t/repeat-1,yjit-on,true,puma-response-chunk-1024kb,puma-response-time-wrk,puma/benchmarks/local/response_time_wrk,https://github.com/puma/puma/blob/main/benchmarks/local/response_time_wrk.rb,puma-1w-3t,3,puma,1,3,1308,1000,5.017,5.0,1000,1000,3.883,2.0,5,true,1308,0,260.722,19.1,21.862,23.512,31.484,35.344,100.82,100.82,62.025,20,20,44,multiprocess_sample_only,,
yjit-on/puma-response-string-1024kb/puma-1w-3t/repeat-1,yjit-on,true,puma-response-string-1024kb,puma-response-time-wrk,puma/benchmarks/local/response_time_wrk,https://github.com/puma/puma/blob/main/benchmarks/local/response_time_wrk.rb,puma-1w-3t,3,puma,1,3,4480,1000,5.005,5.0,1000,1873,2.004,2.0,5,true,4480,0,895.161,4.885,8.288,24.863,27.747,29.363,96.801,96.801,61.22,20,20,60,multiprocess_sample_only,,
yjit-on/puma-response-io-1024kb/puma-1w-3t/repeat-1,yjit-on,true,puma-response-io-1024kb,puma-response-time-wrk,puma/benchmarks/local/response_time_wrk,https://github.com/puma/puma/blob/main/benchmarks/local/response_time_wrk.rb,puma-1w-3t,3,puma,1,3,4729,1000,5.003,5.0,1000,1950,2.004,2.0,5,true,4729,0,945.158,4.589,7.917,24.866,27.759,28.327,96.801,96.801,59.95,20,20,61,multiprocess_sample_only,,
yjit-on/puma-response-array-2048kb/puma-1w-3t/repeat-1,yjit-on,true,puma-response-array-2048kb,puma-response-time-wrk,puma/benchmarks/local/response_time_wrk,https://github.com/puma/puma/blob/main/benchmarks/local/response_time_wrk.rb,puma-1w-3t,3,puma,1,3,2828,1000,5.007,5.0,1000,1135,2.007,2.0,5,true,2828,0,564.829,8.664,10.778,11.81,16.333,18.832,118.574,110.953,59.675,20,20,56,multiprocess_sample_only,,
yjit-on/puma-response-chunk-2048kb/puma-1w-3t/repeat-1,yjit-on,true,puma-response-chunk-2048kb,puma-response-time-wrk,puma/benchmarks/local/response_time_wrk,https://github.com/puma/puma/blob/main/benchmarks/local/response_time_wrk.rb,puma-1w-3t,3,puma,1,3,1000,1000,7.412,5.0,1000,1000,6.961,2.0,5,true,1000,0,134.921,36.986,41.171,42.844,49.528,71.171,109.125,106.195,59.54,20,20,48,multiprocess_sample_only,,
yjit-on/puma-response-string-2048kb/puma-1w-3t/repeat-1,yjit-on,true,puma-response-string-2048kb,puma-response-time-wrk,puma/benchmarks/local/response_time_wrk,https://github.com/puma/puma/blob/main/benchmarks/local/response_time_wrk.rb,puma-1w-3t,3,puma,1,3,2846,1000,5.008,5.0,1000,1133,2.006,2.0,5,true,2846,0,568.343,8.65,10.602,11.847,16.748,17.739,102.086,102.086,58.87,20,20,56,multiprocess_sample_only,,
yjit-on/puma-response-io-2048kb/puma-1w-3t/repeat-1,yjit-on,true,puma-response-io-2048kb,puma-response-time-wrk,puma/benchmarks/local/response_time_wrk,https://github.com/puma/puma/blob/main/benchmarks/local/response_time_wrk.rb,puma-1w-3t,3,puma,1,3,3147,1000,5.007,5.0,1000,1151,2.007,2.0,5,true,3147,0,628.557,7.869,9.454,10.634,13.537,14.665,102.086,102.086,57.72,20,20,57,multiprocess_sample_only,,
yjit-on/puma-long-tail-fib-200ms-x6p0/puma-1w-3t/repeat-1,yjit-on,true,puma-long-tail-fib-200ms-x6p0,puma-long-tail-hey,puma/benchmarks/local/long_tail_hey + test/rackup/sleep_fibonacci,https://github.com/puma/puma/blob/main/benchmarks/local/long_tail_hey.rb,puma-1w-3t,3,puma,1,3,360,360,51.228,5.0,360,360,51.233,2.0,18,true,360,0,7.027,2560.633,2583.433,2593.482,2609.68,2610.286,122.301,122.301,68.785,20,20,734,multiprocess_sample_only,,
yjit-on/puma-long-tail-fib-200ms-x4p0/puma-1w-3t/repeat-1,yjit-on,true,puma-long-tail-fib-200ms-x4p0,puma-long-tail-hey,puma/benchmarks/local/long_tail_hey + test/rackup/sleep_fibonacci,https://github.com/puma/puma/blob/main/benchmarks/local/long_tail_hey.rb,puma-1w-3t,3,puma,1,3,240,240,34.15,5.0,240,240,34.147,2.0,12,true,240,0,7.028,1706.725,1722.671,1731.928,1735.575,1735.671,123.379,123.379,75.56,20,20,490,multiprocess_sample_only,,
yjit-on/puma-long-tail-fib-200ms-x3p0/puma-1w-3t/repeat-1,yjit-on,true,puma-long-tail-fib-200ms-x3p0,puma-long-tail-hey,puma/benchmarks/local/long_tail_hey + test/rackup/sleep_fibonacci,https://github.com/puma/puma/blob/main/benchmarks/local/long_tail_hey.rb,puma-1w-3t,3,puma,1,3,180,180,25.588,5.0,180,180,25.598,2.0,9,true,180,0,7.035,1278.445,1290.276,1293.755,1296.257,1296.552,123.441,123.441,78.875,20,20,368,multiprocess_sample_only,,
yjit-on/puma-long-tail-fib-200ms-x2p0/puma-1w-3t/repeat-1,yjit-on,true,puma-long-tail-fib-200ms-x2p0,puma-long-tail-hey,puma/benchmarks/local/long_tail_hey + test/rackup/sleep_fibonacci,https://github.com/puma/puma/blob/main/benchmarks/local/long_tail_hey.rb,puma-1w-3t,3,puma,1,3,120,120,17.068,5.0,120,120,17.064,2.0,6,true,120,0,7.031,852.642,864.795,879.867,886.085,886.469,123.441,123.441,80.675,20,20,246,multiprocess_sample_only,,
yjit-on/puma-long-tail-fib-200ms-x1p5/puma-1w-3t/repeat-1,yjit-on,true,puma-long-tail-fib-200ms-x1p5,puma-long-tail-hey,puma/benchmarks/local/long_tail_hey + test/rackup/sleep_fibonacci,https://github.com/puma/puma/blob/main/benchmarks/local/long_tail_hey.rb,puma-1w-3t,3,puma,1,3,100,100,14.231,5.0,100,100,14.265,2.0,5,true,100,0,7.027,816.082,851.88,858.682,858.735,858.741,123.508,123.508,81.88,20,20,205,multiprocess_sample_only,,
yjit-on/puma-long-tail-fib-200ms-x1p0/puma-1w-3t/repeat-1,yjit-on,true,puma-long-tail-fib-200ms-x1p0,puma-long-tail-hey,puma/benchmarks/local/long_tail_hey + test/rackup/sleep_fibonacci,https://github.com/puma/puma/blob/main/benchmarks/local/long_tail_hey.rb,puma-1w-3t,3,puma,1,3,60,60,8.535,5.0,60,60,8.535,2.0,3,true,60,0,7.03,426.115,432.575,433.641,433.705,433.712,123.508,123.508,82.6,20,20,124,multiprocess_sample_only,,
yjit-on/puma-long-tail-fib-200ms-x0p5/puma-1w-3t/repeat-1,yjit-on,true,puma-long-tail-fib-200ms-x0p5,puma-long-tail-hey,puma/benchmarks/local/long_tail_hey + test/rackup/sleep_fibonacci,https://github.com/puma/puma/blob/main/benchmarks/local/long_tail_hey.rb,puma-1w-3t,3,puma,1,3,40,40,5.702,5.0,40,40,5.699,2.0,2,true,40,0,7.016,284.953,287.751,288.515,288.713,288.735,123.508,123.508,83.03,20,20,83,multiprocess_sample_only,,
yjit-on/puma-sleep-fibonacci-1ms/puma-1w-3t/repeat-1,yjit-on,true,puma-sleep-fibonacci-1ms,puma-sleep-fibonacci-test,puma/benchmarks/local/sleep_fibonacci_test + test/rackup/sleep_fibonacci,https://github.com/puma/puma/blob/main/benchmarks/local/sleep_fibonacci_test.rb,puma-1w-3t,3,puma,1,3,1464,10,5.002,5.0,10,579,2.002,2.0,1,true,1464,0,292.698,3.43,3.586,3.971,4.471,5.019,123.512,123.512,82.65,20,20,74,multiprocess_sample_only,,
yjit-on/puma-sleep-fibonacci-5ms/puma-1w-3t/repeat-1,yjit-on,true,puma-sleep-fibonacci-5ms,puma-sleep-fibonacci-test,puma/benchmarks/local/sleep_fibonacci_test + test/rackup/sleep_fibonacci,https://github.com/puma/puma/blob/main/benchmarks/local/sleep_fibonacci_test.rb,puma-1w-3t,3,puma,1,3,442,10,5.002,5.0,10,175,2.008,2.0,1,true,442,0,88.367,11.332,11.603,11.727,12.016,12.122,115.273,115.273,81.99,20,20,74,multiprocess_sample_only,,
yjit-on/puma-sleep-fibonacci-10ms/puma-1w-3t/repeat-1,yjit-on,true,puma-sleep-fibonacci-10ms,puma-sleep-fibonacci-test,puma/benchmarks/local/sleep_fibonacci_test + test/rackup/sleep_fibonacci,https://github.com/puma/puma/blob/main/benchmarks/local/sleep_fibonacci_test.rb,puma-1w-3t,3,puma,1,3,337,10,5.007,5.0,10,134,2.012,2.0,1,true,337,0,67.31,14.855,15.089,15.272,15.903,16.14,115.273,115.273,81.505,20,20,74,multiprocess_sample_only,,
yjit-on/puma-sleep-fibonacci-50ms/puma-1w-3t/repeat-1,yjit-on,true,puma-sleep-fibonacci-50ms,puma-sleep-fibonacci-test,puma/benchmarks/local/sleep_fibonacci_test + test/rackup/sleep_fibonacci,https://github.com/puma/puma/blob/main/benchmarks/local/sleep_fibonacci_test.rb,puma-1w-3t,3,puma,1,3,100,10,5.048,5.0,10,40,2.027,2.0,1,true,100,0,19.809,50.432,50.57,50.693,50.961,50.991,115.273,115.273,81.275,20,20,74,multiprocess_sample_only,,
yjit-on/puma-sleep-fibonacci-100ms/puma-1w-3t/repeat-1,yjit-on,true,puma-sleep-fibonacci-100ms,puma-sleep-fibonacci-test,puma/benchmarks/local/sleep_fibonacci_test + test/rackup/sleep_fibonacci,https://github.com/puma/puma/blob/main/benchmarks/local/sleep_fibonacci_test.rb,puma-1w-3t,3,puma,1,3,50,10,5.03,5.0,10,20,2.015,2.0,1,true,50,0,9.939,100.54,100.746,100.767,100.783,100.784,115.273,115.273,81.135,20,20,74,multiprocess_sample_only,,
yjit-on/puma-sleep-fibonacci-200ms/puma-1w-3t/repeat-1,yjit-on,true,puma-sleep-fibonacci-200ms,puma-sleep-fibonacci-test,puma/benchmarks/local/sleep_fibonacci_test + test/rackup/sleep_fibonacci,https://github.com/puma/puma/blob/main/benchmarks/local/sleep_fibonacci_test.rb,puma-1w-3t,3,puma,1,3,25,10,5.018,5.0,10,10,2.008,2.0,1,true,25,0,4.982,200.579,200.896,201.067,201.106,201.11,115.277,115.277,80.995,20,20,74,multiprocess_sample_only,,
yjit-on/puma-response-array-1kb/puma-1w-3t/repeat-2,yjit-on,true,puma-response-array-1kb,puma-response-time-wrk,puma/benchmarks/local/response_time_wrk,https://github.com/puma/puma/blob/main/benchmarks/local/response_time_wrk.rb,puma-1w-3t,3,puma,1,3,20655,1000,5.001,5.0,1000,8002,2.001,2.0,5,true,20655,0,4130.424,1.147,1.574,1.945,2.435,5.236,69.941,69.941,76.225,20,20,70,multiprocess_sample_only,,
yjit-on/puma-response-chunk-1kb/puma-1w-3t/repeat-2,yjit-on,true,puma-response-chunk-1kb,puma-response-time-wrk,puma/benchmarks/local/response_time_wrk,https://github.com/puma/puma/blob/main/benchmarks/local/response_time_wrk.rb,puma-1w-3t,3,puma,1,3,20548,1000,5.001,5.0,1000,8091,2.001,2.0,5,true,20548,0,4108.951,1.154,1.602,1.956,2.489,3.247,70.07,70.07,72.345,20,20,70,multiprocess_sample_only,,
yjit-on/puma-response-string-1kb/puma-1w-3t/repeat-2,yjit-on,true,puma-response-string-1kb,puma-response-time-wrk,puma/benchmarks/local/response_time_wrk,https://github.com/puma/puma/blob/main/benchmarks/local/response_time_wrk.rb,puma-1w-3t,3,puma,1,3,20833,1000,5.001,5.0,1000,8241,2.001,2.0,5,true,20833,0,4165.906,1.137,1.582,1.928,2.398,3.164,70.25,70.25,71.51,20,20,70,multiprocess_sample_only,,
yjit-on/puma-response-io-1kb/puma-1w-3t/repeat-2,yjit-on,true,puma-response-io-1kb,puma-response-time-wrk,puma/benchmarks/local/response_time_wrk,https://github.com/puma/puma/blob/main/benchmarks/local/response_time_wrk.rb,puma-1w-3t,3,puma,1,3,20987,1000,5.001,5.0,1000,8321,2.001,2.0,5,true,20987,0,4196.61,1.126,1.587,1.941,2.41,3.498,70.504,70.504,72.17,20,20,70,multiprocess_sample_only,,
yjit-on/puma-response-array-10kb/puma-1w-3t/repeat-2,yjit-on,true,puma-response-array-10kb,puma-response-time-wrk,puma/benchmarks/local/response_time_wrk,https://github.com/puma/puma/blob/main/benchmarks/local/response_time_wrk.rb,puma-1w-3t,3,puma,1,3,20524,1000,5.001,5.0,1000,8112,2.001,2.0,5,true,20524,0,4103.841,1.154,1.616,1.983,2.489,3.849,71.977,71.977,72.39,20,20,70,multiprocess_sample_only,,
yjit-on/puma-response-chunk-10kb/puma-1w-3t/repeat-2,yjit-on,true,puma-response-chunk-10kb,puma-response-time-wrk,puma/benchmarks/local/response_time_wrk,https://github.com/puma/puma/blob/main/benchmarks/local/response_time_wrk.rb,puma-1w-3t,3,puma,1,3,17531,1000,5.001,5.0,1000,7013,2.001,2.0,5,true,17531,0,3505.611,1.365,1.862,2.214,2.863,3.379,72.117,72.117,71.88,20,20,69,multiprocess_sample_only,,
yjit-on/puma-response-string-10kb/puma-1w-3t/repeat-2,yjit-on,true,puma-response-string-10kb,puma-response-time-wrk,puma/benchmarks/local/response_time_wrk,https://github.com/puma/puma/blob/main/benchmarks/local/response_time_wrk.rb,puma-1w-3t,3,puma,1,3,20465,1000,5.001,5.0,1000,8420,2.001,2.0,5,true,20465,0,4092.283,1.157,1.628,2.041,2.607,3.691,72.664,72.211,71.595,20,20,70,multiprocess_sample_only,,
yjit-on/puma-response-io-10kb/puma-1w-3t/repeat-2,yjit-on,true,puma-response-io-10kb,puma-response-time-wrk,puma/benchmarks/local/response_time_wrk,https://github.com/puma/puma/blob/main/benchmarks/local/response_time_wrk.rb,puma-1w-3t,3,puma,1,3,20447,1000,5.001,5.0,1000,8153,2.001,2.0,5,true,20447,0,4088.708,1.159,1.628,2.055,2.617,3.832,73.723,73.43,71.99,20,20,70,multiprocess_sample_only,,
yjit-on/puma-response-array-100kb/puma-1w-3t/repeat-2,yjit-on,true,puma-response-array-100kb,puma-response-time-wrk,puma/benchmarks/local/response_time_wrk,https://github.com/puma/puma/blob/main/benchmarks/local/response_time_wrk.rb,puma-1w-3t,3,puma,1,3,15841,1000,5.001,5.0,1000,6178,2.001,2.0,5,true,15841,0,3167.539,1.517,1.997,2.276,2.86,4.008,82.676,82.145,71.975,20,20,69,multiprocess_sample_only,,
yjit-on/puma-response-chunk-100kb/puma-1w-3t/repeat-2,yjit-on,true,puma-response-chunk-100kb,puma-response-time-wrk,puma/benchmarks/local/response_time_wrk,https://github.com/puma/puma/blob/main/benchmarks/local/response_time_wrk.rb,puma-1w-3t,3,puma,1,3,7799,1000,5.002,5.0,1000,3224,2.003,2.0,5,true,7799,0,1559.182,3.135,3.939,4.329,5.716,7.292,78.063,77.805,71.23,20,20,66,multiprocess_sample_only,,
yjit-on/puma-response-string-100kb/puma-1w-3t/repeat-2,yjit-on,true,puma-response-string-100kb,puma-response-time-wrk,puma/benchmarks/local/response_time_wrk,https://github.com/puma/puma/blob/main/benchmarks/local/response_time_wrk.rb,puma-1w-3t,3,puma,1,3,15573,1000,5.001,5.0,1000,6325,2.001,2.0,5,true,15573,0,3113.793,1.541,2.042,2.334,3.052,4.349,82.438,82.09,70.545,20,20,69,multiprocess_sample_only,,
yjit-on/puma-response-io-100kb/puma-1w-3t/repeat-2,yjit-on,true,puma-response-io-100kb,puma-response-time-wrk,puma/benchmarks/local/response_time_wrk,https://github.com/puma/puma/blob/main/benchmarks/local/response_time_wrk.rb,puma-1w-3t,3,puma,1,3,15249,1000,5.034,5.0,1000,6152,2.034,2.0,5,true,15249,0,3029.494,1.068,1.796,40.924,42.309,42.984,74.313,74.313,70.045,20,20,71,multiprocess_sample_only,,
yjit-on/puma-response-array-256kb/puma-1w-3t/repeat-2,yjit-on,true,puma-response-array-256kb,puma-response-time-wrk,puma/benchmarks/local/response_time_wrk,https://github.com/puma/puma/blob/main/benchmarks/local/response_time_wrk.rb,puma-1w-3t,3,puma,1,3,9967,1000,5.002,5.0,1000,4124,2.003,2.0,5,true,9967,0,1992.77,2.215,3.654,5.274,21.005,21.816,104.355,101.641,69.615,20,20,65,multiprocess_sample_only,,
yjit-on/puma-response-chunk-256kb/puma-1w-3t/repeat-2,yjit-on,true,puma-response-chunk-256kb,puma-response-time-wrk,puma/benchmarks/local/response_time_wrk,https://github.com/puma/puma/blob/main/benchmarks/local/response_time_wrk.rb,puma-1w-3t,3,puma,1,3,4172,1000,5.005,5.0,1000,1773,2.005,2.0,5,true,4172,0,833.644,5.932,7.134,7.93,10.902,12.423,81.668,80.793,68.97,20,20,61,multiprocess_sample_only,,
yjit-on/puma-response-string-256kb/puma-1w-3t/repeat-2,yjit-on,true,puma-response-string-256kb,puma-response-time-wrk,puma/benchmarks/local/response_time_wrk,https://github.com/puma/puma/blob/main/benchmarks/local/response_time_wrk.rb,puma-1w-3t,3,puma,1,3,10166,1000,5.002,5.0,1000,4072,2.001,2.0,5,true,10166,0,2032.256,2.153,3.623,5.019,20.271,22.069,75.434,75.434,67.82,20,20,66,multiprocess_sample_only,,
yjit-on/puma-response-io-256kb/puma-1w-3t/repeat-2,yjit-on,true,puma-response-io-256kb,puma-response-time-wrk,puma/benchmarks/local/response_time_wrk,https://github.com/puma/puma/blob/main/benchmarks/local/response_time_wrk.rb,puma-1w-3t,3,puma,1,3,10203,1000,5.003,5.0,1000,3979,2.002,2.0,5,true,10203,0,2039.436,2.155,3.58,5.569,20.586,44.538,75.434,75.434,66.605,20,20,66,multiprocess_sample_only,,
yjit-on/puma-response-array-512kb/puma-1w-3t/repeat-2,yjit-on,true,puma-response-array-512kb,puma-response-time-wrk,puma/benchmarks/local/response_time_wrk,https://github.com/puma/puma/blob/main/benchmarks/local/response_time_wrk.rb,puma-1w-3t,3,puma,1,3,6870,1000,5.002,5.0,1000,2790,2.002,2.0,5,true,6870,0,1373.351,3.123,5.425,22.182,24.067,28.832,121.508,116.469,66.06,20,20,63,multiprocess_sample_only,,
yjit-on/puma-response-chunk-512kb/puma-1w-3t/repeat-2,yjit-on,true,puma-response-chunk-512kb,puma-response-time-wrk,puma/benchmarks/local/response_time_wrk,https://github.com/puma/puma/blob/main/benchmarks/local/response_time_wrk.rb,puma-1w-3t,3,puma,1,3,2397,1000,5.009,5.0,1000,1000,2.038,2.0,5,true,2397,0,478.543,10.379,12.14,12.762,15.88,20.743,84.301,84.301,65.645,20,20,54,multiprocess_sample_only,,
yjit-on/puma-response-string-512kb/puma-1w-3t/repeat-2,yjit-on,true,puma-response-string-512kb,puma-response-time-wrk,puma/benchmarks/local/response_time_wrk,https://github.com/puma/puma/blob/main/benchmarks/local/response_time_wrk.rb,puma-1w-3t,3,puma,1,3,7124,1000,5.002,5.0,1000,2898,2.002,2.0,5,true,7124,0,1424.181,3.031,4.91,22.155,23.316,23.703,80.473,80.473,64.685,20,20,65,multiprocess_sample_only,,
yjit-on/puma-response-io-512kb/puma-1w-3t/repeat-2,yjit-on,true,puma-response-io-512kb,puma-response-time-wrk,puma/benchmarks/local/response_time_wrk,https://github.com/puma/puma/blob/main/benchmarks/local/response_time_wrk.rb,puma-1w-3t,3,puma,1,3,7186,1000,5.002,5.0,1000,2933,2.004,2.0,5,true,7186,0,1436.49,2.979,5.079,21.887,23.463,24.063,80.547,80.547,63.425,20,20,64,multiprocess_sample_only,,
yjit-on/puma-response-array-1024kb/puma-1w-3t/repeat-2,yjit-on,true,puma-response-array-1024kb,puma-response-time-wrk,puma/benchmarks/local/response_time_wrk,https://github.com/puma/puma/blob/main/benchmarks/local/response_time_wrk.rb,puma-1w-3t,3,puma,1,3,4571,1000,5.007,5.0,1000,1830,2.004,2.0,5,true,4571,0,913.006,4.871,7.405,25.702,28.014,29.623,121.957,118.609,62.95,20,20,61,multiprocess_sample_only,,
yjit-on/puma-response-chunk-1024kb/puma-1w-3t/repeat-2,yjit-on,true,puma-response-chunk-1024kb,puma-response-time-wrk,puma/benchmarks/local/response_time_wrk,https://github.com/puma/puma/blob/main/benchmarks/local/response_time_wrk.rb,puma-1w-3t,3,puma,1,3,1315,1000,5.017,5.0,1000,1000,3.741,2.0,5,true,1315,0,262.09,18.811,22.056,27.963,33.045,35.773,85.16,85.094,62.66,20,20,45,multiprocess_sample_only,,
yjit-on/puma-response-string-1024kb/puma-1w-3t/repeat-2,yjit-on,true,puma-response-string-1024kb,puma-response-time-wrk,puma/benchmarks/local/response_time_wrk,https://github.com/puma/puma/blob/main/benchmarks/local/response_time_wrk.rb,puma-1w-3t,3,puma,1,3,4638,1000,5.004,5.0,1000,1929,2.004,2.0,5,true,4638,0,926.875,4.727,7.496,25.101,27.814,30.807,84.117,84.117,61.84,20,20,59,multiprocess_sample_only,,
yjit-on/puma-response-io-1024kb/puma-1w-3t/repeat-2,yjit-on,true,puma-response-io-1024kb,puma-response-time-wrk,puma/benchmarks/local/response_time_wrk,https://github.com/puma/puma/blob/main/benchmarks/local/response_time_wrk.rb,puma-1w-3t,3,puma,1,3,4830,1000,5.004,5.0,1000,1969,2.004,2.0,5,true,4830,0,965.18,4.517,7.041,24.975,26.822,27.29,84.117,84.117,60.575,20,20,62,multiprocess_sample_only,,
yjit-on/puma-response-array-2048kb/puma-1w-3t/repeat-2,yjit-on,true,puma-response-array-2048kb,puma-response-time-wrk,puma/benchmarks/local/response_time_wrk,https://github.com/puma/puma/blob/main/benchmarks/local/response_time_wrk.rb,puma-1w-3t,3,puma,1,3,2704,1000,5.008,5.0,1000,1061,2.007,2.0,5,true,2704,0,539.934,9.251,10.744,11.271,14.095,17.509,100.906,94.203,60.63,20,20,56,multiprocess_sample_only,,
yjit-on/puma-response-chunk-2048kb/puma-1w-3t/repeat-2,yjit-on,true,puma-response-chunk-2048kb,puma-response-time-wrk,puma/benchmarks/local/response_time_wrk,https://github.com/puma/puma/blob/main/benchmarks/local/response_time_wrk.rb,puma-1w-3t,3,puma,1,3,1000,1000,7.199,5.0,1000,1000,7.041,2.0,5,true,1000,0,138.909,35.907,40.392,41.968,63.885,65.101,89.191,88.809,60.485,20,20,46,multiprocess_sample_only,,
yjit-on/puma-response-string-2048kb/puma-1w-3t/repeat-2,yjit-on,true,puma-response-string-2048kb,puma-response-time-wrk,puma/benchmarks/local/response_time_wrk,https://github.com/puma/puma/blob/main/benchmarks/local/response_time_wrk.rb,puma-1w-3t,3,puma,1,3,2861,1000,5.006,5.0,1000,1180,2.008,2.0,5,true,2861,0,571.552,8.685,10.071,11.391,16.243,19.539,90.813,90.813,59.79,20,20,56,multiprocess_sample_only,,
yjit-on/puma-response-io-2048kb/puma-1w-3t/repeat-2,yjit-on,true,puma-response-io-2048kb,puma-response-time-wrk,puma/benchmarks/local/response_time_wrk,https://github.com/puma/puma/blob/main/benchmarks/local/response_time_wrk.rb,puma-1w-3t,3,puma,1,3,3027,1000,5.008,5.0,1000,1279,2.007,2.0,5,true,3027,0,604.387,8.201,9.933,10.739,13.745,15.723,90.813,90.813,58.64,20,20,57,multiprocess_sample_only,,
yjit-on/puma-long-tail-fib-200ms-x6p0/puma-1w-3t/repeat-2,yjit-on,true,puma-long-tail-fib-200ms-x6p0,puma-long-tail-hey,puma/benchmarks/local/long_tail_hey + test/rackup/sleep_fibonacci,https://github.com/puma/puma/blob/main/benchmarks/local/long_tail_hey.rb,puma-1w-3t,3,puma,1,3,360,360,51.195,5.0,360,360,51.217,2.0,18,true,360,0,7.032,2558.334,2576.213,2580.454,2586.985,2588.193,109.66,109.66,69.45,20,20,734,multiprocess_sample_only,,
yjit-on/puma-long-tail-fib-200ms-x4p0/puma-1w-3t/repeat-2,yjit-on,true,puma-long-tail-fib-200ms-x4p0,puma-long-tail-hey,puma/benchmarks/local/long_tail_hey + test/rackup/sleep_fibonacci,https://github.com/puma/puma/blob/main/benchmarks/local/long_tail_hey.rb,puma-1w-3t,3,puma,1,3,240,240,34.131,5.0,240,240,34.14,2.0,12,true,240,0,7.032,1706.249,1717.329,1721.541,1727.322,1728.954,109.977,109.977,76.095,20,20,491,multiprocess_sample_only,,
yjit-on/puma-long-tail-fib-200ms-x3p0/puma-1w-3t/repeat-2,yjit-on,true,puma-long-tail-fib-200ms-x3p0,puma-long-tail-hey,puma/benchmarks/local/long_tail_hey + test/rackup/sleep_fibonacci,https://github.com/puma/puma/blob/main/benchmarks/local/long_tail_hey.rb,puma-1w-3t,3,puma,1,3,180,180,25.596,5.0,180,180,25.598,2.0,9,true,180,0,7.032,1279.886,1289.311,1293.359,1295.946,1296.129,110.102,110.102,79.33,20,20,368,multiprocess_sample_only,,
yjit-on/puma-long-tail-fib-200ms-x2p0/puma-1w-3t/repeat-2,yjit-on,true,puma-long-tail-fib-200ms-x2p0,puma-long-tail-hey,puma/benchmarks/local/long_tail_hey + test/rackup/sleep_fibonacci,https://github.com/puma/puma/blob/main/benchmarks/local/long_tail_hey.rb,puma-1w-3t,3,puma,1,3,120,120,17.066,5.0,120,120,17.066,2.0,6,true,120,0,7.032,852.319,862.66,865.179,866.159,866.288,110.102,110.102,81.105,20,20,246,multiprocess_sample_only,,
yjit-on/puma-long-tail-fib-200ms-x1p5/puma-1w-3t/repeat-2,yjit-on,true,puma-long-tail-fib-200ms-x1p5,puma-long-tail-hey,puma/benchmarks/local/long_tail_hey + test/rackup/sleep_fibonacci,https://github.com/puma/puma/blob/main/benchmarks/local/long_tail_hey.rb,puma-1w-3t,3,puma,1,3,100,100,14.264,5.0,100,100,14.264,2.0,5,true,100,0,7.011,836.928,853.057,855.297,856.124,856.216,110.164,110.164,82.275,20,20,206,multiprocess_sample_only,,
yjit-on/puma-long-tail-fib-200ms-x1p0/puma-1w-3t/repeat-2,yjit-on,true,puma-long-tail-fib-200ms-x1p0,puma-long-tail-hey,puma/benchmarks/local/long_tail_hey + test/rackup/sleep_fibonacci,https://github.com/puma/puma/blob/main/benchmarks/local/long_tail_hey.rb,puma-1w-3t,3,puma,1,3,60,60,8.532,5.0,60,60,8.534,2.0,3,true,60,0,7.032,425.835,432.525,436.378,436.799,436.845,110.164,110.164,82.98,20,20,124,multiprocess_sample_only,,
yjit-on/puma-long-tail-fib-200ms-x0p5/puma-1w-3t/repeat-2,yjit-on,true,puma-long-tail-fib-200ms-x0p5,puma-long-tail-hey,puma/benchmarks/local/long_tail_hey + test/rackup/sleep_fibonacci,https://github.com/puma/puma/blob/main/benchmarks/local/long_tail_hey.rb,puma-1w-3t,3,puma,1,3,40,40,5.703,5.0,40,40,5.697,2.0,2,true,40,0,7.014,285.271,287.281,289.734,290.631,290.73,110.164,110.164,83.4,20,20,84,multiprocess_sample_only,,
yjit-on/puma-sleep-fibonacci-1ms/puma-1w-3t/repeat-2,yjit-on,true,puma-sleep-fibonacci-1ms,puma-sleep-fibonacci-test,puma/benchmarks/local/sleep_fibonacci_test + test/rackup/sleep_fibonacci,https://github.com/puma/puma/blob/main/benchmarks/local/sleep_fibonacci_test.rb,puma-1w-3t,3,puma,1,3,1461,10,5.003,5.0,10,580,2.001,2.0,1,true,1461,0,292.029,3.431,3.556,3.74,4.438,4.678,110.164,110.164,83.0,20,20,74,multiprocess_sample_only,,
yjit-on/puma-sleep-fibonacci-5ms/puma-1w-3t/repeat-2,yjit-on,true,puma-sleep-fibonacci-5ms,puma-sleep-fibonacci-test,puma/benchmarks/local/sleep_fibonacci_test + test/rackup/sleep_fibonacci,https://github.com/puma/puma/blob/main/benchmarks/local/sleep_fibonacci_test.rb,puma-1w-3t,3,puma,1,3,438,10,5.011,5.0,10,174,2.009,2.0,1,true,438,0,87.41,11.416,11.693,11.839,12.521,12.572,110.164,110.164,82.335,20,20,74,multiprocess_sample_only,,
yjit-on/puma-sleep-fibonacci-10ms/puma-1w-3t/repeat-2,yjit-on,true,puma-sleep-fibonacci-10ms,puma-sleep-fibonacci-test,puma/benchmarks/local/sleep_fibonacci_test + test/rackup/sleep_fibonacci,https://github.com/puma/puma/blob/main/benchmarks/local/sleep_fibonacci_test.rb,puma-1w-3t,3,puma,1,3,335,10,5.004,5.0,10,134,2.012,2.0,1,true,335,0,66.944,14.914,15.224,15.298,16.009,16.35,110.164,110.164,81.84,20,20,74,multiprocess_sample_only,,
yjit-on/puma-sleep-fibonacci-50ms/puma-1w-3t/repeat-2,yjit-on,true,puma-sleep-fibonacci-50ms,puma-sleep-fibonacci-test,puma/benchmarks/local/sleep_fibonacci_test + test/rackup/sleep_fibonacci,https://github.com/puma/puma/blob/main/benchmarks/local/sleep_fibonacci_test.rb,puma-1w-3t,3,puma,1,3,100,10,5.043,5.0,10,40,2.018,2.0,1,true,100,0,19.83,50.384,50.514,50.658,50.747,50.757,110.164,110.164,81.605,20,20,74,multiprocess_sample_only,,
yjit-on/puma-sleep-fibonacci-100ms/puma-1w-3t/repeat-2,yjit-on,true,puma-sleep-fibonacci-100ms,puma-sleep-fibonacci-test,puma/benchmarks/local/sleep_fibonacci_test + test/rackup/sleep_fibonacci,https://github.com/puma/puma/blob/main/benchmarks/local/sleep_fibonacci_test.rb,puma-1w-3t,3,puma,1,3,50,10,5.032,5.0,10,20,2.012,2.0,1,true,50,0,9.935,100.555,100.748,100.938,101.013,101.022,110.164,110.164,81.465,20,20,74,multiprocess_sample_only,,
yjit-on/puma-sleep-fibonacci-200ms/puma-1w-3t/repeat-2,yjit-on,true,puma-sleep-fibonacci-200ms,puma-sleep-fibonacci-test,puma/benchmarks/local/sleep_fibonacci_test + test/rackup/sleep_fibonacci,https://github.com/puma/puma/blob/main/benchmarks/local/sleep_fibonacci_test.rb,puma-1w-3t,3,puma,1,3,25,10,5.016,5.0,10,10,2.008,2.0,1,true,25,0,4.984,200.553,200.747,200.795,200.807,200.808,110.164,110.164,81.33,20,20,74,multiprocess_sample_only,,
yjit-on/puma-response-array-1kb/puma-1w-3t/repeat-3,yjit-on,true,puma-response-array-1kb,puma-response-time-wrk,puma/benchmarks/local/response_time_wrk,https://github.com/puma/puma/blob/main/benchmarks/local/response_time_wrk.rb,puma-1w-3t,3,puma,1,3,20839,1000,5.001,5.0,1000,8193,2.001,2.0,5,true,20839,0,4167.024,1.136,1.566,1.885,2.431,7.958,70.547,70.535,75.05,20,20,70,multiprocess_sample_only,,
yjit-on/puma-response-chunk-1kb/puma-1w-3t/repeat-3,yjit-on,true,puma-response-chunk-1kb,puma-response-time-wrk,puma/benchmarks/local/response_time_wrk,https://github.com/puma/puma/blob/main/benchmarks/local/response_time_wrk.rb,puma-1w-3t,3,puma,1,3,20665,1000,5.001,5.0,1000,8179,2.001,2.0,5,true,20665,0,4132.362,1.147,1.586,1.925,2.508,3.377,70.809,70.793,71.65,20,20,70,multiprocess_sample_only,,
yjit-on/puma-response-string-1kb/puma-1w-3t/repeat-3,yjit-on,true,puma-response-string-1kb,puma-response-time-wrk,puma/benchmarks/local/response_time_wrk,https://github.com/puma/puma/blob/main/benchmarks/local/response_time_wrk.rb,puma-1w-3t,3,puma,1,3,21034,1000,5.001,5.0,1000,8289,2.001,2.0,5,true,21034,0,4206.119,1.129,1.557,1.89,2.348,3.428,71.039,71.039,70.955,20,20,70,multiprocess_sample_only,,
yjit-on/puma-response-io-1kb/puma-1w-3t/repeat-3,yjit-on,true,puma-response-io-1kb,puma-response-time-wrk,puma/benchmarks/local/response_time_wrk,https://github.com/puma/puma/blob/main/benchmarks/local/response_time_wrk.rb,puma-1w-3t,3,puma,1,3,20947,1000,5.001,5.0,1000,8252,2.001,2.0,5,true,20947,0,4188.816,1.127,1.601,1.953,2.52,3.389,71.254,71.254,71.65,20,20,70,multiprocess_sample_only,,
yjit-on/puma-response-array-10kb/puma-1w-3t/repeat-3,yjit-on,true,puma-response-array-10kb,puma-response-time-wrk,puma/benchmarks/local/response_time_wrk,https://github.com/puma/puma/blob/main/benchmarks/local/response_time_wrk.rb,puma-1w-3t,3,puma,1,3,20715,1000,5.001,5.0,1000,8331,2.001,2.0,5,true,20715,0,4142.212,1.144,1.583,1.939,2.359,3.205,72.793,72.793,71.905,20,20,70,multiprocess_sample_only,,
yjit-on/puma-response-chunk-10kb/puma-1w-3t/repeat-3,yjit-on,true,puma-response-chunk-10kb,puma-response-time-wrk,puma/benchmarks/local/response_time_wrk,https://github.com/puma/puma/blob/main/benchmarks/local/response_time_wrk.rb,puma-1w-3t,3,puma,1,3,17431,1000,5.001,5.0,1000,7002,2.001,2.0,5,true,17431,0,3485.506,1.374,1.869,2.225,2.782,3.33,73.008,73.008,71.48,20,20,69,multiprocess_sample_only,,
yjit-on/puma-response-string-10kb/puma-1w-3t/repeat-3,yjit-on,true,puma-response-string-10kb,puma-response-time-wrk,puma/benchmarks/local/response_time_wrk,https://github.com/puma/puma/blob/main/benchmarks/local/response_time_wrk.rb,puma-1w-3t,3,puma,1,3,20423,1000,5.001,5.0,1000,8237,2.001,2.0,5,true,20423,0,4083.847,1.153,1.652,2.028,2.714,5.686,73.074,73.074,71.295,20,20,70,multiprocess_sample_only,,
yjit-on/puma-response-io-10kb/puma-1w-3t/repeat-3,yjit-on,true,puma-response-io-10kb,puma-response-time-wrk,puma/benchmarks/local/response_time_wrk,https://github.com/puma/puma/blob/main/benchmarks/local/response_time_wrk.rb,puma-1w-3t,3,puma,1,3,20550,1000,5.001,5.0,1000,8158,2.001,2.0,5,true,20550,0,4109.434,1.149,1.631,2.074,2.684,4.225,73.855,73.855,71.645,20,20,70,multiprocess_sample_only,,
yjit-on/puma-response-array-100kb/puma-1w-3t/repeat-3,yjit-on,true,puma-response-array-100kb,puma-response-time-wrk,puma/benchmarks/local/response_time_wrk,https://github.com/puma/puma/blob/main/benchmarks/local/response_time_wrk.rb,puma-1w-3t,3,puma,1,3,15600,1000,5.001,5.0,1000,6213,2.001,2.0,5,true,15600,0,3119.274,1.542,2.044,2.456,2.984,3.895,84.184,83.277,71.8,20,20,69,multiprocess_sample_only,,
yjit-on/puma-response-chunk-100kb/puma-1w-3t/repeat-3,yjit-on,true,puma-response-chunk-100kb,puma-response-time-wrk,puma/benchmarks/local/response_time_wrk,https://github.com/puma/puma/blob/main/benchmarks/local/response_time_wrk.rb,puma-1w-3t,3,puma,1,3,7799,1000,5.002,5.0,1000,3197,2.002,2.0,5,true,7799,0,1559.064,3.148,3.873,4.306,5.483,7.169,79.008,78.563,71.205,20,20,66,multiprocess_sample_only,,
yjit-on/puma-response-string-100kb/puma-1w-3t/repeat-3,yjit-on,true,puma-response-string-100kb,puma-response-time-wrk,puma/benchmarks/local/response_time_wrk,https://github.com/puma/puma/blob/main/benchmarks/local/response_time_wrk.rb,puma-1w-3t,3,puma,1,3,15693,1000,5.001,5.0,1000,6357,2.001,2.0,5,true,15693,0,3137.747,1.531,2.048,2.429,3.105,4.08,83.988,83.57,70.57,20,20,69,multiprocess_sample_only,,
yjit-on/puma-response-io-100kb/puma-1w-3t/repeat-3,yjit-on,true,puma-response-io-100kb,puma-response-time-wrk,puma/benchmarks/local/response_time_wrk,https://github.com/puma/puma/blob/main/benchmarks/local/response_time_wrk.rb,puma-1w-3t,3,puma,1,3,14981,1000,5.037,5.0,1000,6043,2.028,2.0,5,true,14981,0,2974.179,0.946,1.775,41.107,42.346,43.692,77.094,77.094,70.02,20,20,71,multiprocess_sample_only,,
yjit-on/puma-response-array-256kb/puma-1w-3t/repeat-3,yjit-on,true,puma-response-array-256kb,puma-response-time-wrk,puma/benchmarks/local/response_time_wrk,https://github.com/puma/puma/blob/main/benchmarks/local/response_time_wrk.rb,puma-1w-3t,3,puma,1,3,9993,1000,5.003,5.0,1000,4145,2.02,2.0,5,true,9993,0,1997.581,2.226,3.513,5.054,21.691,22.55,116.297,116.172,69.4,20,20,66,multiprocess_sample_only,,
yjit-on/puma-response-chunk-256kb/puma-1w-3t/repeat-3,yjit-on,true,puma-response-chunk-256kb,puma-response-time-wrk,puma/benchmarks/local/response_time_wrk,https://github.com/puma/puma/blob/main/benchmarks/local/response_time_wrk.rb,puma-1w-3t,3,puma,1,3,4214,1000,5.005,5.0,1000,1744,2.005,2.0,5,true,4214,0,841.963,5.852,7.002,7.663,11.298,13.513,86.387,85.449,68.655,20,20,61,multiprocess_sample_only,,
yjit-on/puma-response-string-256kb/puma-1w-3t/repeat-3,yjit-on,true,puma-response-string-256kb,puma-response-time-wrk,puma/benchmarks/local/response_time_wrk,https://github.com/puma/puma/blob/main/benchmarks/local/response_time_wrk.rb,puma-1w-3t,3,puma,1,3,10053,1000,5.002,5.0,1000,4251,2.003,2.0,5,true,10053,0,2009.84,2.162,3.638,5.592,21.714,22.249,79.566,79.191,67.515,20,20,66,multiprocess_sample_only,,
yjit-on/puma-response-io-256kb/puma-1w-3t/repeat-3,yjit-on,true,puma-response-io-256kb,puma-response-time-wrk,puma/benchmarks/local/response_time_wrk,https://github.com/puma/puma/blob/main/benchmarks/local/response_time_wrk.rb,puma-1w-3t,3,puma,1,3,10328,1000,5.015,5.0,1000,4103,2.006,2.0,5,true,10328,0,2059.322,2.123,3.532,4.773,20.787,44.182,79.441,79.441,66.235,20,20,67,multiprocess_sample_only,,
yjit-on/puma-response-array-512kb/puma-1w-3t/repeat-3,yjit-on,true,puma-response-array-512kb,puma-response-time-wrk,puma/benchmarks/local/response_time_wrk,https://github.com/puma/puma/blob/main/benchmarks/local/response_time_wrk.rb,puma-1w-3t,3,puma,1,3,7101,1000,5.022,5.0,1000,2733,2.002,2.0,5,true,7101,0,1413.905,3.062,5.103,22.519,25.297,26.053,130.492,128.16,65.845,20,20,65,multiprocess_sample_only,,
yjit-on/puma-response-chunk-512kb/puma-1w-3t/repeat-3,yjit-on,true,puma-response-chunk-512kb,puma-response-time-wrk,puma/benchmarks/local/response_time_wrk,https://github.com/puma/puma/blob/main/benchmarks/local/response_time_wrk.rb,puma-1w-3t,3,puma,1,3,2379,1000,5.007,5.0,1000,1000,2.035,2.0,5,true,2379,0,475.107,10.516,12.076,12.795,19.177,20.367,90.773,89.93,65.48,20,20,54,multiprocess_sample_only,,
yjit-on/puma-response-string-512kb/puma-1w-3t/repeat-3,yjit-on,true,puma-response-string-512kb,puma-response-time-wrk,puma/benchmarks/local/response_time_wrk,https://github.com/puma/puma/blob/main/benchmarks/local/response_time_wrk.rb,puma-1w-3t,3,puma,1,3,7166,1000,5.002,5.0,1000,2855,2.004,2.0,5,true,7166,0,1432.627,2.996,4.988,23.005,24.506,26.546,86.773,86.773,64.53,20,20,65,multiprocess_sample_only,,
yjit-on/puma-response-io-512kb/puma-1w-3t/repeat-3,yjit-on,true,puma-response-io-512kb,puma-response-time-wrk,puma/benchmarks/local/response_time_wrk,https://github.com/puma/puma/blob/main/benchmarks/local/response_time_wrk.rb,puma-1w-3t,3,puma,1,3,7075,1000,5.019,5.0,1000,2893,2.002,2.0,5,true,7075,0,1409.687,3.014,5.007,23.332,24.954,213.775,86.863,86.863,63.215,20,20,65,multiprocess_sample_only,,
yjit-on/puma-response-array-1024kb/puma-1w-3t/repeat-3,yjit-on,true,puma-response-array-1024kb,puma-response-time-wrk,puma/benchmarks/local/response_time_wrk,https://github.com/puma/puma/blob/main/benchmarks/local/response_time_wrk.rb,puma-1w-3t,3,puma,1,3,4476,1000,5.006,5.0,1000,1787,2.003,2.0,5,true,4476,0,894.065,4.978,7.608,26.277,28.443,28.753,125.527,122.852,62.66,20,20,61,multiprocess_sample_only,,
yjit-on/puma-response-chunk-1024kb/puma-1w-3t/repeat-3,yjit-on,true,puma-response-chunk-1024kb,puma-response-time-wrk,puma/benchmarks/local/response_time_wrk,https://github.com/puma/puma/blob/main/benchmarks/local/response_time_wrk.rb,puma-1w-3t,3,puma,1,3,1310,1000,5.016,5.0,1000,1000,3.814,2.0,5,true,1310,0,261.18,18.975,21.922,23.138,31.883,35.495,92.055,91.922,62.43,20,20,44,multiprocess_sample_only,,
yjit-on/puma-response-string-1024kb/puma-1w-3t/repeat-3,yjit-on,true,puma-response-string-1024kb,puma-response-time-wrk,puma/benchmarks/local/response_time_wrk,https://github.com/puma/puma/blob/main/benchmarks/local/response_time_wrk.rb,puma-1w-3t,3,puma,1,3,4604,1000,5.004,5.0,1000,1864,2.004,2.0,5,true,4604,0,920.064,4.685,7.989,26.41,28.66,29.057,87.488,87.488,61.605,20,20,61,multiprocess_sample_only,,
yjit-on/puma-response-io-1024kb/puma-1w-3t/repeat-3,yjit-on,true,puma-response-io-1024kb,puma-response-time-wrk,puma/benchmarks/local/response_time_wrk,https://github.com/puma/puma/blob/main/benchmarks/local/response_time_wrk.rb,puma-1w-3t,3,puma,1,3,4750,1000,5.004,5.0,1000,1988,2.005,2.0,5,true,4750,0,949.275,4.515,7.678,26.549,28.702,29.936,87.488,87.488,60.3,20,20,61,multiprocess_sample_only,,
yjit-on/puma-response-array-2048kb/puma-1w-3t/repeat-3,yjit-on,true,puma-response-array-2048kb,puma-response-time-wrk,puma/benchmarks/local/response_time_wrk,https://github.com/puma/puma/blob/main/benchmarks/local/response_time_wrk.rb,puma-1w-3t,3,puma,1,3,2706,1000,5.008,5.0,1000,1110,2.007,2.0,5,true,2706,0,540.334,9.155,10.886,11.479,16.271,17.791,120.082,102.754,60.15,20,20,55,multiprocess_sample_only,,
yjit-on/puma-response-chunk-2048kb/puma-1w-3t/repeat-3,yjit-on,true,puma-response-chunk-2048kb,puma-response-time-wrk,puma/benchmarks/local/response_time_wrk,https://github.com/puma/puma/blob/main/benchmarks/local/response_time_wrk.rb,puma-1w-3t,3,puma,1,3,1000,1000,7.322,5.0,1000,1000,6.888,2.0,5,true,1000,0,136.581,36.352,41.518,43.172,70.783,71.442,97.758,95.793,60.215,20,20,47,multiprocess_sample_only,,
yjit-on/puma-response-string-2048kb/puma-1w-3t/repeat-3,yjit-on,true,puma-response-string-2048kb,puma-response-time-wrk,puma/benchmarks/local/response_time_wrk,https://github.com/puma/puma/blob/main/benchmarks/local/response_time_wrk.rb,puma-1w-3t,3,puma,1,3,2897,1000,5.007,5.0,1000,1192,2.007,2.0,5,true,2897,0,578.601,8.41,10.405,11.289,15.34,15.982,95.406,95.406,59.615,20,20,56,multiprocess_sample_only,,
yjit-on/puma-response-io-2048kb/puma-1w-3t/repeat-3,yjit-on,true,puma-response-io-2048kb,puma-response-time-wrk,puma/benchmarks/local/response_time_wrk,https://github.com/puma/puma/blob/main/benchmarks/local/response_time_wrk.rb,puma-1w-3t,3,puma,1,3,3133,1000,5.007,5.0,1000,1263,2.006,2.0,5,true,3133,0,625.712,7.891,9.427,10.256,13.709,16.325,95.406,95.406,58.475,20,20,57,multiprocess_sample_only,,
yjit-on/puma-long-tail-fib-200ms-x6p0/puma-1w-3t/repeat-3,yjit-on,true,puma-long-tail-fib-200ms-x6p0,puma-long-tail-hey,puma/benchmarks/local/long_tail_hey + test/rackup/sleep_fibonacci,https://github.com/puma/puma/blob/main/benchmarks/local/long_tail_hey.rb,puma-1w-3t,3,puma,1,3,360,360,51.192,5.0,360,360,51.207,2.0,18,true,360,0,7.032,2558.846,2573.66,2581.401,2585.884,2585.983,111.156,111.156,69.335,20,20,735,multiprocess_sample_only,,
yjit-on/puma-long-tail-fib-200ms-x4p0/puma-1w-3t/repeat-3,yjit-on,true,puma-long-tail-fib-200ms-x4p0,puma-long-tail-hey,puma/benchmarks/local/long_tail_hey + test/rackup/sleep_fibonacci,https://github.com/puma/puma/blob/main/benchmarks/local/long_tail_hey.rb,puma-1w-3t,3,puma,1,3,240,240,34.121,5.0,240,240,34.125,2.0,12,true,240,0,7.034,1704.954,1721.317,1725.524,1728.577,1729.064,120.18,120.18,75.995,20,20,490,multiprocess_sample_only,,
yjit-on/puma-long-tail-fib-200ms-x3p0/puma-1w-3t/repeat-3,yjit-on,true,puma-long-tail-fib-200ms-x3p0,puma-long-tail-hey,puma/benchmarks/local/long_tail_hey + test/rackup/sleep_fibonacci,https://github.com/puma/puma/blob/main/benchmarks/local/long_tail_hey.rb,puma-1w-3t,3,puma,1,3,180,180,25.6,5.0,180,180,25.598,2.0,9,true,180,0,7.031,1279.635,1290.942,1297.759,1299.87,1300.188,120.621,120.621,79.255,20,20,368,multiprocess_sample_only,,
yjit-on/puma-long-tail-fib-200ms-x2p0/puma-1w-3t/repeat-3,yjit-on,true,puma-long-tail-fib-200ms-x2p0,puma-long-tail-hey,puma/benchmarks/local/long_tail_hey + test/rackup/sleep_fibonacci,https://github.com/puma/puma/blob/main/benchmarks/local/long_tail_hey.rb,puma-1w-3t,3,puma,1,3,120,120,17.066,5.0,120,120,17.061,2.0,6,true,120,0,7.032,853.143,862.675,864.705,864.995,865.031,120.684,120.684,81.035,20,20,246,multiprocess_sample_only,,
yjit-on/puma-long-tail-fib-200ms-x1p5/puma-1w-3t/repeat-3,yjit-on,true,puma-long-tail-fib-200ms-x1p5,puma-long-tail-hey,puma/benchmarks/local/long_tail_hey + test/rackup/sleep_fibonacci,https://github.com/puma/puma/blob/main/benchmarks/local/long_tail_hey.rb,puma-1w-3t,3,puma,1,3,100,100,14.26,5.0,100,100,14.239,2.0,5,true,100,0,7.013,813.756,854.423,859.785,860.169,860.212,120.875,120.875,82.215,20,20,205,multiprocess_sample_only,,
yjit-on/puma-long-tail-fib-200ms-x1p0/puma-1w-3t/repeat-3,yjit-on,true,puma-long-tail-fib-200ms-x1p0,puma-long-tail-hey,puma/benchmarks/local/long_tail_hey + test/rackup/sleep_fibonacci,https://github.com/puma/puma/blob/main/benchmarks/local/long_tail_hey.rb,puma-1w-3t,3,puma,1,3,60,60,8.529,5.0,60,60,8.531,2.0,3,true,60,0,7.035,426.063,432.794,434.171,435.613,435.774,120.875,120.875,82.925,20,20,124,multiprocess_sample_only,,
yjit-on/puma-long-tail-fib-200ms-x0p5/puma-1w-3t/repeat-3,yjit-on,true,puma-long-tail-fib-200ms-x0p5,puma-long-tail-hey,puma/benchmarks/local/long_tail_hey + test/rackup/sleep_fibonacci,https://github.com/puma/puma/blob/main/benchmarks/local/long_tail_hey.rb,puma-1w-3t,3,puma,1,3,40,40,5.697,5.0,40,40,5.693,2.0,2,true,40,0,7.021,285.075,287.736,289.025,289.486,289.538,120.879,120.879,83.345,20,20,83,multiprocess_sample_only,,
yjit-on/puma-sleep-fibonacci-1ms/puma-1w-3t/repeat-3,yjit-on,true,puma-sleep-fibonacci-1ms,puma-sleep-fibonacci-test,puma/benchmarks/local/sleep_fibonacci_test + test/rackup/sleep_fibonacci,https://github.com/puma/puma/blob/main/benchmarks/local/sleep_fibonacci_test.rb,puma-1w-3t,3,puma,1,3,1463,10,5.001,5.0,10,581,2.002,2.0,1,true,1463,0,292.519,3.428,3.572,3.877,4.647,4.816,121.211,121.211,82.96,20,20,74,multiprocess_sample_only,,
yjit-on/puma-sleep-fibonacci-5ms/puma-1w-3t/repeat-3,yjit-on,true,puma-sleep-fibonacci-5ms,puma-sleep-fibonacci-test,puma/benchmarks/local/sleep_fibonacci_test + test/rackup/sleep_fibonacci,https://github.com/puma/puma/blob/main/benchmarks/local/sleep_fibonacci_test.rb,puma-1w-3t,3,puma,1,3,441,10,5.009,5.0,10,174,2.009,2.0,1,true,441,0,88.043,11.365,11.661,11.757,11.912,11.95,123.777,123.777,82.29,20,20,74,multiprocess_sample_only,,
yjit-on/puma-sleep-fibonacci-10ms/puma-1w-3t/repeat-3,yjit-on,true,puma-sleep-fibonacci-10ms,puma-sleep-fibonacci-test,puma/benchmarks/local/sleep_fibonacci_test + test/rackup/sleep_fibonacci,https://github.com/puma/puma/blob/main/benchmarks/local/sleep_fibonacci_test.rb,puma-1w-3t,3,puma,1,3,338,10,5.013,5.0,10,134,2.005,2.0,1,true,338,0,67.423,14.823,15.093,15.23,15.541,15.656,124.652,124.652,81.8,20,20,74,multiprocess_sample_only,,
yjit-on/puma-sleep-fibonacci-50ms/puma-1w-3t/repeat-3,yjit-on,true,puma-sleep-fibonacci-50ms,puma-sleep-fibonacci-test,puma/benchmarks/local/sleep_fibonacci_test + test/rackup/sleep_fibonacci,https://github.com/puma/puma/blob/main/benchmarks/local/sleep_fibonacci_test.rb,puma-1w-3t,3,puma,1,3,100,10,5.047,5.0,10,40,2.016,2.0,1,true,100,0,19.813,50.41,50.686,50.792,50.823,50.827,124.715,124.715,81.57,20,20,74,multiprocess_sample_only,,
yjit-on/puma-sleep-fibonacci-100ms/puma-1w-3t/repeat-3,yjit-on,true,puma-sleep-fibonacci-100ms,puma-sleep-fibonacci-test,puma/benchmarks/local/sleep_fibonacci_test + test/rackup/sleep_fibonacci,https://github.com/puma/puma/blob/main/benchmarks/local/sleep_fibonacci_test.rb,puma-1w-3t,3,puma,1,3,50,10,5.031,5.0,10,20,2.016,2.0,1,true,50,0,9.938,100.537,100.876,100.975,101.042,101.049,124.715,124.715,81.43,20,20,74,multiprocess_sample_only,,
yjit-on/puma-sleep-fibonacci-200ms/puma-1w-3t/repeat-3,yjit-on,true,puma-sleep-fibonacci-200ms,puma-sleep-fibonacci-test,puma/benchmarks/local/sleep_fibonacci_test + test/rackup/sleep_fibonacci,https://github.com/puma/puma/blob/main/benchmarks/local/sleep_fibonacci_test.rb,puma-1w-3t,3,puma,1,3,25,10,5.019,5.0,10,10,2.008,2.0,1,true,25,0,4.981,200.58,201.084,201.43,201.52,201.529,124.715,124.715,81.29,20,20,74,multiprocess_sample_only,,
